obs_date,bpi_value,bci_value,bsi_value,bhsi_value,provenance_tag,source_url
2012-08-01,954.0,1181.0,1047.0,570.0,verified_real_mendeley_cc_by_4.0,https://doi.org/10.17632/t76ckh2ygg.1
2012-08-02,931.0,1178.0,1032.0,558.0,verified_real_mendeley_cc_by_4.0,https://doi.org/10.17632/t76ckh2ygg.1
2012-08-03,910.0,1200.0,1023.0,552.0,verified_real_mendeley_cc_by_4.0,https://doi.org/10.17632/t76ckh2ygg.1
2012-08-06,890.0,1214.0,1010.0,544.0,verified_real_mendeley_cc_by_4.0,https://doi.org/10.17632/t76ckh2ygg.1
2012-08-07,868.0,1237.0,995.0,539.0,verified_real_mendeley_cc_by_4.0,https://doi.org/10.17632/t76ckh2ygg.1
2012-08-08,840.0,1204.0,982.0,538.0,verified_real_mendeley_cc_by_4.0,https://doi.org/10.17632/t76ckh2ygg.1
2012-08-09,823.0,1192.0,966.0,535.0,verified_real_mendeley_cc_by_4.0,https://doi.org/10.17632/t76ckh2ygg.1
2012-08-10,814.0,1169.0,946.0,531.0,verified_real_mendeley_cc_by_4.0,https://doi.org/10.17632/t76ckh2ygg.1
2012-08-13,804.0,1158.0,906.0,523.0,verified_real_mendeley_cc_by_4.0,https://doi.org/10.17632/t76ckh2ygg.1
2012-08-14,803.0,1147.0,886.0,512.0,verified_real_mendeley_cc_by_4.0,https://doi.org/10.17632/t76ckh2ygg.1
2012-08-15,801.0,1120.0,877.0,506.0,verified_real_mendeley_cc_by_4.0,https://doi.org/10.17632/t76ckh2ygg.1
2012-08-16,801.0,1105.0,865.0,502.0,verified_real_mendeley_cc_by_4.0,https://doi.org/10.17632/t76ckh2ygg.1
2012-08-17,806.0,1095.0,856.0,496.0,verified_real_mendeley_cc_by_4.0,https://doi.org/10.17632/t76ckh2ygg.1
2012-08-20,819.0,1087.0,847.0,490.0,verified_real_mendeley_cc_by_4.0,https://doi.org/10.17632/t76ckh2ygg.1
2012-08-21,833.0,1082.0,841.0,485.0,verified_real_mendeley_cc_by_4.0,https://doi.org/10.17632/t76ckh2ygg.1
2012-08-22,843.0,1091.0,838.0,481.0,verified_real_mendeley_cc_by_4.0,https://doi.org/10.17632/t76ckh2ygg.1
2012-08-23,840.0,1103.0,833.0,477.0,verified_real_mendeley_cc_by_4.0,https://doi.org/10.17632/t76ckh2ygg.1
2012-08-24,828.0,1124.0,833.0,474.0,verified_real_mendeley_cc_by_4.0,https://doi.org/10.17632/t76ckh2ygg.1
2012-08-28,812.0,1182.0,845.0,472.0,verified_real_mendeley_cc_by_4.0,https://doi.org/10.17632/t76ckh2ygg.1
2012-08-29,788.0,1177.0,853.0,466.0,verified_real_mendeley_cc_by_4.0,https://doi.org/10.17632/t76ckh2ygg.1
2012-08-30,758.0,1169.0,857.0,463.0,verified_real_mendeley_cc_by_4.0,https://doi.org/10.17632/t76ckh2ygg.1
2012-08-31,735.0,1172.0,858.0,459.0,verified_real_mendeley_cc_by_4.0,https://doi.org/10.17632/t76ckh2ygg.1
2012-09-03,714.0,1180.0,855.0,458.0,verified_real_mendeley_cc_by_4.0,https://doi.org/10.17632/t76ckh2ygg.1
2012-09-04,686.0,1186.0,857.0,456.0,verified_real_mendeley_cc_by_4.0,https://doi.org/10.17632/t76ckh2ygg.1
2012-09-05,647.0,1188.0,852.0,455.0,verified_real_mendeley_cc_by_4.0,https://doi.org/10.17632/t76ckh2ygg.1
2012-09-06,617.0,1186.0,849.0,457.0,verified_real_mendeley_cc_by_4.0,https://doi.org/10.17632/t76ckh2ygg.1
2012-09-07,599.0,1186.0,845.0,458.0,verified_real_mendeley_cc_by_4.0,https://doi.org/10.17632/t76ckh2ygg.1
2012-09-10,582.0,1188.0,837.0,461.0,verified_real_mendeley_cc_by_4.0,https://doi.org/10.17632/t76ckh2ygg.1
2012-09-11,566.0,1187.0,832.0,466.0,verified_real_mendeley_cc_by_4.0,https://doi.org/10.17632/t76ckh2ygg.1
2012-09-12,545.0,1186.0,827.0,471.0,verified_real_mendeley_cc_by_4.0,https://doi.org/10.17632/t76ckh2ygg.1
2012-09-13,527.0,1198.0,821.0,475.0,verified_real_mendeley_cc_by_4.0,https://doi.org/10.17632/t76ckh2ygg.1
2012-09-14,502.0,1204.0,825.0,477.0,verified_real_mendeley_cc_by_4.0,https://doi.org/10.17632/t76ckh2ygg.1
2012-09-17,483.0,1219.0,828.0,479.0,verified_real_mendeley_cc_by_4.0,https://doi.org/10.17632/t76ckh2ygg.1
2012-09-18,474.0,1326.0,834.0,480.0,verified_real_mendeley_cc_by_4.0,https://doi.org/10.17632/t76ckh2ygg.1
2012-09-19,468.0,1421.0,839.0,480.0,verified_real_mendeley_cc_by_4.0,https://doi.org/10.17632/t76ckh2ygg.1
2012-09-20,468.0,1531.0,843.0,482.0,verified_real_mendeley_cc_by_4.0,https://doi.org/10.17632/t76ckh2ygg.1
2012-09-21,467.0,1584.0,845.0,484.0,verified_real_mendeley_cc_by_4.0,https://doi.org/10.17632/t76ckh2ygg.1
2012-09-24,461.0,1578.0,850.0,486.0,verified_real_mendeley_cc_by_4.0,https://doi.org/10.17632/t76ckh2ygg.1
2012-09-25,441.0,1568.0,847.0,483.0,verified_real_mendeley_cc_by_4.0,https://doi.org/10.17632/t76ckh2ygg.1
2012-09-26,426.0,1549.0,847.0,479.0,verified_real_mendeley_cc_by_4.0,https://doi.org/10.17632/t76ckh2ygg.1
2012-09-27,418.0,1548.0,847.0,476.0,verified_real_mendeley_cc_by_4.0,https://doi.org/10.17632/t76ckh2ygg.1
2012-09-28,425.0,1621.0,844.0,472.0,verified_real_mendeley_cc_by_4.0,https://doi.org/10.17632/t76ckh2ygg.1
2012-10-01,439.0,1660.0,836.0,467.0,verified_real_mendeley_cc_by_4.0,https://doi.org/10.17632/t76ckh2ygg.1
2012-10-02,463.0,1676.0,830.0,454.0,verified_real_mendeley_cc_by_4.0,https://doi.org/10.17632/t76ckh2ygg.1
2012-10-03,496.0,1738.0,825.0,448.0,verified_real_mendeley_cc_by_4.0,https://doi.org/10.17632/t76ckh2ygg.1
2012-10-04,544.0,1873.0,818.0,445.0,verified_real_mendeley_cc_by_4.0,https://doi.org/10.17632/t76ckh2ygg.1
2012-10-05,598.0,1932.0,810.0,444.0,verified_real_mendeley_cc_by_4.0,https://doi.org/10.17632/t76ckh2ygg.1
2012-10-08,647.0,1921.0,802.0,444.0,verified_real_mendeley_cc_by_4.0,https://doi.org/10.17632/t76ckh2ygg.1
2012-10-09,712.0,1829.0,795.0,442.0,verified_real_mendeley_cc_by_4.0,https://doi.org/10.17632/t76ckh2ygg.1
2012-10-10,784.0,1775.0,791.0,442.0,verified_real_mendeley_cc_by_4.0,https://doi.org/10.17632/t76ckh2ygg.1
2012-10-11,843.0,1833.0,789.0,444.0,verified_real_mendeley_cc_by_4.0,https://doi.org/10.17632/t76ckh2ygg.1
2012-10-12,871.0,1914.0,787.0,444.0,verified_real_mendeley_cc_by_4.0,https://doi.org/10.17632/t76ckh2ygg.1
2012-10-15,885.0,1960.0,783.0,444.0,verified_real_mendeley_cc_by_4.0,https://doi.org/10.17632/t76ckh2ygg.1
2012-10-16,904.0,2103.0,776.0,443.0,verified_real_mendeley_cc_by_4.0,https://doi.org/10.17632/t76ckh2ygg.1
2012-10-17,904.0,2162.0,768.0,443.0,verified_real_mendeley_cc_by_4.0,https://doi.org/10.17632/t76ckh2ygg.1
2012-10-18,895.0,2135.0,754.0,444.0,verified_real_mendeley_cc_by_4.0,https://doi.org/10.17632/t76ckh2ygg.1
2012-10-19,879.0,2217.0,746.0,445.0,verified_real_mendeley_cc_by_4.0,https://doi.org/10.17632/t76ckh2ygg.1
2012-10-22,861.0,2332.0,740.0,445.0,verified_real_mendeley_cc_by_4.0,https://doi.org/10.17632/t76ckh2ygg.1
2012-10-23,843.0,2587.0,732.0,442.0,verified_real_mendeley_cc_by_4.0,https://doi.org/10.17632/t76ckh2ygg.1
2012-10-24,825.0,2530.0,721.0,440.0,verified_real_mendeley_cc_by_4.0,https://doi.org/10.17632/t76ckh2ygg.1
2012-10-25,811.0,2432.0,716.0,437.0,verified_real_mendeley_cc_by_4.0,https://doi.org/10.17632/t76ckh2ygg.1
2012-10-26,804.0,2451.0,712.0,434.0,verified_real_mendeley_cc_by_4.0,https://doi.org/10.17632/t76ckh2ygg.1
2012-10-29,799.0,2460.0,706.0,432.0,verified_real_mendeley_cc_by_4.0,https://doi.org/10.17632/t76ckh2ygg.1
2012-10-30,792.0,2458.0,699.0,430.0,verified_real_mendeley_cc_by_4.0,https://doi.org/10.17632/t76ckh2ygg.1
2012-10-31,782.0,2419.0,693.0,429.0,verified_real_mendeley_cc_by_4.0,https://doi.org/10.17632/t76ckh2ygg.1
2012-11-01,770.0,2355.0,689.0,426.0,verified_real_mendeley_cc_by_4.0,https://doi.org/10.17632/t76ckh2ygg.1
2012-11-02,766.0,2304.0,678.0,422.0,verified_real_mendeley_cc_by_4.0,https://doi.org/10.17632/t76ckh2ygg.1
2012-11-05,757.0,2261.0,671.0,419.0,verified_real_mendeley_cc_by_4.0,https://doi.org/10.17632/t76ckh2ygg.1
2012-11-06,747.0,2186.0,669.0,416.0,verified_real_mendeley_cc_by_4.0,https://doi.org/10.17632/t76ckh2ygg.1
2012-11-07,737.0,2098.0,662.0,412.0,verified_real_mendeley_cc_by_4.0,https://doi.org/10.17632/t76ckh2ygg.1
2012-11-08,726.0,2119.0,654.0,409.0,verified_real_mendeley_cc_by_4.0,https://doi.org/10.17632/t76ckh2ygg.1
2012-11-09,722.0,2203.0,647.0,407.0,verified_real_mendeley_cc_by_4.0,https://doi.org/10.17632/t76ckh2ygg.1
2012-11-12,720.0,2283.0,644.0,405.0,verified_real_mendeley_cc_by_4.0,https://doi.org/10.17632/t76ckh2ygg.1
2012-11-13,732.0,2327.0,649.0,405.0,verified_real_mendeley_cc_by_4.0,https://doi.org/10.17632/t76ckh2ygg.1
2012-11-14,774.0,2375.0,652.0,402.0,verified_real_mendeley_cc_by_4.0,https://doi.org/10.17632/t76ckh2ygg.1
2012-11-15,846.0,2350.0,653.0,403.0,verified_real_mendeley_cc_by_4.0,https://doi.org/10.17632/t76ckh2ygg.1
2012-11-16,886.0,2347.0,655.0,405.0,verified_real_mendeley_cc_by_4.0,https://doi.org/10.17632/t76ckh2ygg.1
2012-11-19,902.0,2369.0,664.0,407.0,verified_real_mendeley_cc_by_4.0,https://doi.org/10.17632/t76ckh2ygg.1
2012-11-20,933.0,2367.0,674.0,409.0,verified_real_mendeley_cc_by_4.0,https://doi.org/10.17632/t76ckh2ygg.1
2012-11-21,963.0,2335.0,687.0,416.0,verified_real_mendeley_cc_by_4.0,https://doi.org/10.17632/t76ckh2ygg.1
2012-11-22,991.0,2318.0,695.0,424.0,verified_real_mendeley_cc_by_4.0,https://doi.org/10.17632/t76ckh2ygg.1
2012-11-23,1013.0,2288.0,706.0,431.0,verified_real_mendeley_cc_by_4.0,https://doi.org/10.17632/t76ckh2ygg.1
2012-11-26,1021.0,2277.0,716.0,434.0,verified_real_mendeley_cc_by_4.0,https://doi.org/10.17632/t76ckh2ygg.1
2012-11-27,1023.0,2275.0,724.0,438.0,verified_real_mendeley_cc_by_4.0,https://doi.org/10.17632/t76ckh2ygg.1
2012-11-28,1009.0,2275.0,732.0,442.0,verified_real_mendeley_cc_by_4.0,https://doi.org/10.17632/t76ckh2ygg.1
2012-11-29,994.0,2241.0,742.0,446.0,verified_real_mendeley_cc_by_4.0,https://doi.org/10.17632/t76ckh2ygg.1
2012-11-30,980.0,2199.0,751.0,448.0,verified_real_mendeley_cc_by_4.0,https://doi.org/10.17632/t76ckh2ygg.1
2012-12-03,973.0,2166.0,760.0,448.0,verified_real_mendeley_cc_by_4.0,https://doi.org/10.17632/t76ckh2ygg.1
2012-12-04,962.0,2095.0,766.0,447.0,verified_real_mendeley_cc_by_4.0,https://doi.org/10.17632/t76ckh2ygg.1
2012-12-05,949.0,2000.0,772.0,446.0,verified_real_mendeley_cc_by_4.0,https://doi.org/10.17632/t76ckh2ygg.1
2012-12-06,940.0,1897.0,771.0,446.0,verified_real_mendeley_cc_by_4.0,https://doi.org/10.17632/t76ckh2ygg.1
2012-12-07,936.0,1832.0,768.0,447.0,verified_real_mendeley_cc_by_4.0,https://doi.org/10.17632/t76ckh2ygg.1
2012-12-10,928.0,1762.0,765.0,447.0,verified_real_mendeley_cc_by_4.0,https://doi.org/10.17632/t76ckh2ygg.1
2012-12-11,914.0,1652.0,760.0,447.0,verified_real_mendeley_cc_by_4.0,https://doi.org/10.17632/t76ckh2ygg.1
2012-12-12,894.0,1446.0,751.0,444.0,verified_real_mendeley_cc_by_4.0,https://doi.org/10.17632/t76ckh2ygg.1
2012-12-13,871.0,1407.0,751.0,443.0,verified_real_mendeley_cc_by_4.0,https://doi.org/10.17632/t76ckh2ygg.1
2012-12-14,839.0,1440.0,748.0,443.0,verified_real_mendeley_cc_by_4.0,https://doi.org/10.17632/t76ckh2ygg.1
2012-12-17,815.0,1403.0,746.0,444.0,verified_real_mendeley_cc_by_4.0,https://doi.org/10.17632/t76ckh2ygg.1
2012-12-18,793.0,1315.0,745.0,444.0,verified_real_mendeley_cc_by_4.0,https://doi.org/10.17632/t76ckh2ygg.1
2012-12-19,765.0,1233.0,742.0,444.0,verified_real_mendeley_cc_by_4.0,https://doi.org/10.17632/t76ckh2ygg.1
2012-12-20,734.0,1226.0,738.0,445.0,verified_real_mendeley_cc_by_4.0,https://doi.org/10.17632/t76ckh2ygg.1
2012-12-21,710.0,1228.0,738.0,446.0,verified_real_mendeley_cc_by_4.0,https://doi.org/10.17632/t76ckh2ygg.1
2012-12-24,699.0,1235.0,735.0,447.0,verified_real_mendeley_cc_by_4.0,https://doi.org/10.17632/t76ckh2ygg.1
2013-01-02,685.0,1237.0,732.0,446.0,verified_real_mendeley_cc_by_4.0,https://doi.org/10.17632/t76ckh2ygg.1
2013-01-03,675.0,1254.0,737.0,447.0,verified_real_mendeley_cc_by_4.0,https://doi.org/10.17632/t76ckh2ygg.1
2013-01-04,670.0,1285.0,739.0,446.0,verified_real_mendeley_cc_by_4.0,https://doi.org/10.17632/t76ckh2ygg.1
2013-01-07,670.0,1319.0,739.0,443.0,verified_real_mendeley_cc_by_4.0,https://doi.org/10.17632/t76ckh2ygg.1
2013-01-08,682.0,1386.0,739.0,442.0,verified_real_mendeley_cc_by_4.0,https://doi.org/10.17632/t76ckh2ygg.1
2013-01-09,717.0,1384.0,740.0,443.0,verified_real_mendeley_cc_by_4.0,https://doi.org/10.17632/t76ckh2ygg.1
2013-01-10,754.0,1367.0,741.0,443.0,verified_real_mendeley_cc_by_4.0,https://doi.org/10.17632/t76ckh2ygg.1
2013-01-11,772.0,1367.0,743.0,448.0,verified_real_mendeley_cc_by_4.0,https://doi.org/10.17632/t76ckh2ygg.1
2013-01-14,774.0,1370.0,745.0,451.0,verified_real_mendeley_cc_by_4.0,https://doi.org/10.17632/t76ckh2ygg.1
2013-01-15,768.0,1365.0,743.0,454.0,verified_real_mendeley_cc_by_4.0,https://doi.org/10.17632/t76ckh2ygg.1
2013-01-16,754.0,1431.0,740.0,457.0,verified_real_mendeley_cc_by_4.0,https://doi.org/10.17632/t76ckh2ygg.1
2013-01-17,743.0,1573.0,738.0,464.0,verified_real_mendeley_cc_by_4.0,https://doi.org/10.17632/t76ckh2ygg.1
2013-01-18,740.0,1605.0,735.0,470.0,verified_real_mendeley_cc_by_4.0,https://doi.org/10.17632/t76ckh2ygg.1
2013-01-21,736.0,1604.0,730.0,474.0,verified_real_mendeley_cc_by_4.0,https://doi.org/10.17632/t76ckh2ygg.1
2013-01-22,729.0,1577.0,728.0,477.0,verified_real_mendeley_cc_by_4.0,https://doi.org/10.17632/t76ckh2ygg.1
2013-01-23,727.0,1564.0,721.0,478.0,verified_real_mendeley_cc_by_4.0,https://doi.org/10.17632/t76ckh2ygg.1
2013-01-24,723.0,1541.0,713.0,478.0,verified_real_mendeley_cc_by_4.0,https://doi.org/10.17632/t76ckh2ygg.1
2013-01-25,718.0,1520.0,712.0,475.0,verified_real_mendeley_cc_by_4.0,https://doi.org/10.17632/t76ckh2ygg.1
2013-01-28,713.0,1507.0,711.0,472.0,verified_real_mendeley_cc_by_4.0,https://doi.org/10.17632/t76ckh2ygg.1
2013-01-29,703.0,1491.0,710.0,467.0,verified_real_mendeley_cc_by_4.0,https://doi.org/10.17632/t76ckh2ygg.1
2013-01-30,690.0,1477.0,695.0,461.0,verified_real_mendeley_cc_by_4.0,https://doi.org/10.17632/t76ckh2ygg.1
2013-01-31,677.0,1468.0,688.0,455.0,verified_real_mendeley_cc_by_4.0,https://doi.org/10.17632/t76ckh2ygg.1
2013-02-01,664.0,1454.0,684.0,449.0,verified_real_mendeley_cc_by_4.0,https://doi.org/10.17632/t76ckh2ygg.1
2013-02-04,653.0,1461.0,682.0,444.0,verified_real_mendeley_cc_by_4.0,https://doi.org/10.17632/t76ckh2ygg.1
2013-02-05,651.0,1466.0,681.0,438.0,verified_real_mendeley_cc_by_4.0,https://doi.org/10.17632/t76ckh2ygg.1
2013-02-06,657.0,1484.0,677.0,431.0,verified_real_mendeley_cc_by_4.0,https://doi.org/10.17632/t76ckh2ygg.1
2013-02-07,695.0,1481.0,674.0,425.0,verified_real_mendeley_cc_by_4.0,https://doi.org/10.17632/t76ckh2ygg.1
2013-02-08,723.0,1461.0,671.0,421.0,verified_real_mendeley_cc_by_4.0,https://doi.org/10.17632/t76ckh2ygg.1
2013-02-11,737.0,1453.0,669.0,418.0,verified_real_mendeley_cc_by_4.0,https://doi.org/10.17632/t76ckh2ygg.1
2013-02-12,749.0,1448.0,666.0,417.0,verified_real_mendeley_cc_by_4.0,https://doi.org/10.17632/t76ckh2ygg.1
2013-02-13,782.0,1448.0,668.0,414.0,verified_real_mendeley_cc_by_4.0,https://doi.org/10.17632/t76ckh2ygg.1
2013-02-14,808.0,1429.0,664.0,412.0,verified_real_mendeley_cc_by_4.0,https://doi.org/10.17632/t76ckh2ygg.1
2013-02-15,832.0,1434.0,667.0,412.0,verified_real_mendeley_cc_by_4.0,https://doi.org/10.17632/t76ckh2ygg.1
2013-02-18,845.0,1408.0,672.0,411.0,verified_real_mendeley_cc_by_4.0,https://doi.org/10.17632/t76ckh2ygg.1
2013-02-19,859.0,1377.0,679.0,411.0,verified_real_mendeley_cc_by_4.0,https://doi.org/10.17632/t76ckh2ygg.1
2013-02-20,875.0,1355.0,687.0,410.0,verified_real_mendeley_cc_by_4.0,https://doi.org/10.17632/t76ckh2ygg.1
2013-02-21,892.0,1344.0,695.0,411.0,verified_real_mendeley_cc_by_4.0,https://doi.org/10.17632/t76ckh2ygg.1
2013-02-22,909.0,1335.0,705.0,412.0,verified_real_mendeley_cc_by_4.0,https://doi.org/10.17632/t76ckh2ygg.1
2013-02-25,922.0,1323.0,717.0,414.0,verified_real_mendeley_cc_by_4.0,https://doi.org/10.17632/t76ckh2ygg.1
2013-02-26,939.0,1291.0,724.0,419.0,verified_real_mendeley_cc_by_4.0,https://doi.org/10.17632/t76ckh2ygg.1
2013-02-27,961.0,1264.0,734.0,426.0,verified_real_mendeley_cc_by_4.0,https://doi.org/10.17632/t76ckh2ygg.1
2013-02-28,990.0,1249.0,745.0,436.0,verified_real_mendeley_cc_by_4.0,https://doi.org/10.17632/t76ckh2ygg.1
2013-03-01,1036.0,1243.0,764.0,447.0,verified_real_mendeley_cc_by_4.0,https://doi.org/10.17632/t76ckh2ygg.1
2013-03-04,1058.0,1239.0,781.0,454.0,verified_real_mendeley_cc_by_4.0,https://doi.org/10.17632/t76ckh2ygg.1
2013-03-05,1080.0,1246.0,801.0,466.0,verified_real_mendeley_cc_by_4.0,https://doi.org/10.17632/t76ckh2ygg.1
2013-03-06,1090.0,1251.0,818.0,472.0,verified_real_mendeley_cc_by_4.0,https://doi.org/10.17632/t76ckh2ygg.1
2013-03-07,1112.0,1260.0,837.0,478.0,verified_real_mendeley_cc_by_4.0,https://doi.org/10.17632/t76ckh2ygg.1
2013-03-08,1124.0,1262.0,852.0,483.0,verified_real_mendeley_cc_by_4.0,https://doi.org/10.17632/t76ckh2ygg.1
2013-03-11,1128.0,1260.0,864.0,485.0,verified_real_mendeley_cc_by_4.0,https://doi.org/10.17632/t76ckh2ygg.1
2013-03-12,1131.0,1314.0,876.0,486.0,verified_real_mendeley_cc_by_4.0,https://doi.org/10.17632/t76ckh2ygg.1
2013-03-13,1138.0,1314.0,889.0,490.0,verified_real_mendeley_cc_by_4.0,https://doi.org/10.17632/t76ckh2ygg.1
2013-03-14,1147.0,1302.0,903.0,494.0,verified_real_mendeley_cc_by_4.0,https://doi.org/10.17632/t76ckh2ygg.1
2013-03-15,1162.0,1299.0,913.0,506.0,verified_real_mendeley_cc_by_4.0,https://doi.org/10.17632/t76ckh2ygg.1
2013-03-18,1172.0,1295.0,925.0,513.0,verified_real_mendeley_cc_by_4.0,https://doi.org/10.17632/t76ckh2ygg.1
2013-03-19,1184.0,1290.0,937.0,522.0,verified_real_mendeley_cc_by_4.0,https://doi.org/10.17632/t76ckh2ygg.1
2013-03-20,1190.0,1294.0,950.0,532.0,verified_real_mendeley_cc_by_4.0,https://doi.org/10.17632/t76ckh2ygg.1
2013-03-21,1202.0,1290.0,959.0,539.0,verified_real_mendeley_cc_by_4.0,https://doi.org/10.17632/t76ckh2ygg.1
2013-03-22,1208.0,1284.0,968.0,542.0,verified_real_mendeley_cc_by_4.0,https://doi.org/10.17632/t76ckh2ygg.1
2013-03-25,1210.0,1284.0,978.0,543.0,verified_real_mendeley_cc_by_4.0,https://doi.org/10.17632/t76ckh2ygg.1
2013-03-26,1204.0,1275.0,981.0,545.0,verified_real_mendeley_cc_by_4.0,https://doi.org/10.17632/t76ckh2ygg.1
2013-03-27,1191.0,1258.0,977.0,547.0,verified_real_mendeley_cc_by_4.0,https://doi.org/10.17632/t76ckh2ygg.1
2013-03-28,1176.0,1249.0,965.0,547.0,verified_real_mendeley_cc_by_4.0,https://doi.org/10.17632/t76ckh2ygg.1
2013-04-02,1155.0,1229.0,944.0,543.0,verified_real_mendeley_cc_by_4.0,https://doi.org/10.17632/t76ckh2ygg.1
2013-04-03,1129.0,1209.0,933.0,537.0,verified_real_mendeley_cc_by_4.0,https://doi.org/10.17632/t76ckh2ygg.1
2013-04-04,1106.0,1209.0,924.0,529.0,verified_real_mendeley_cc_by_4.0,https://doi.org/10.17632/t76ckh2ygg.1
2013-04-05,1094.0,1215.0,915.0,525.0,verified_real_mendeley_cc_by_4.0,https://doi.org/10.17632/t76ckh2ygg.1
2013-04-08,1084.0,1223.0,912.0,523.0,verified_real_mendeley_cc_by_4.0,https://doi.org/10.17632/t76ckh2ygg.1
2013-04-09,1077.0,1236.0,907.0,518.0,verified_real_mendeley_cc_by_4.0,https://doi.org/10.17632/t76ckh2ygg.1
2013-04-10,1080.0,1250.0,902.0,518.0,verified_real_mendeley_cc_by_4.0,https://doi.org/10.17632/t76ckh2ygg.1
2013-04-11,1095.0,1257.0,900.0,521.0,verified_real_mendeley_cc_by_4.0,https://doi.org/10.17632/t76ckh2ygg.1
2013-04-12,1112.0,1265.0,901.0,526.0,verified_real_mendeley_cc_by_4.0,https://doi.org/10.17632/t76ckh2ygg.1
2013-04-15,1125.0,1257.0,902.0,528.0,verified_real_mendeley_cc_by_4.0,https://doi.org/10.17632/t76ckh2ygg.1
2013-04-16,1143.0,1251.0,902.0,531.0,verified_real_mendeley_cc_by_4.0,https://doi.org/10.17632/t76ckh2ygg.1
2013-04-17,1167.0,1245.0,900.0,537.0,verified_real_mendeley_cc_by_4.0,https://doi.org/10.17632/t76ckh2ygg.1
2013-04-18,1180.0,1238.0,899.0,538.0,verified_real_mendeley_cc_by_4.0,https://doi.org/10.17632/t76ckh2ygg.1
2013-04-19,1196.0,1234.0,898.0,539.0,verified_real_mendeley_cc_by_4.0,https://doi.org/10.17632/t76ckh2ygg.1
2013-04-22,1202.0,1230.0,902.0,540.0,verified_real_mendeley_cc_by_4.0,https://doi.org/10.17632/t76ckh2ygg.1
2013-04-23,1193.0,1220.0,902.0,540.0,verified_real_mendeley_cc_by_4.0,https://doi.org/10.17632/t76ckh2ygg.1
2013-04-24,1165.0,1214.0,903.0,543.0,verified_real_mendeley_cc_by_4.0,https://doi.org/10.17632/t76ckh2ygg.1
2013-04-25,1121.0,1220.0,905.0,544.0,verified_real_mendeley_cc_by_4.0,https://doi.org/10.17632/t76ckh2ygg.1
2013-04-26,1082.0,1246.0,904.0,545.0,verified_real_mendeley_cc_by_4.0,https://doi.org/10.17632/t76ckh2ygg.1
2013-04-29,1058.0,1260.0,900.0,545.0,verified_real_mendeley_cc_by_4.0,https://doi.org/10.17632/t76ckh2ygg.1
2013-04-30,1028.0,1273.0,895.0,544.0,verified_real_mendeley_cc_by_4.0,https://doi.org/10.17632/t76ckh2ygg.1
2013-05-01,1018.0,1279.0,888.0,545.0,verified_real_mendeley_cc_by_4.0,https://doi.org/10.17632/t76ckh2ygg.1
2013-05-02,1010.0,1322.0,884.0,546.0,verified_real_mendeley_cc_by_4.0,https://doi.org/10.17632/t76ckh2ygg.1
2013-05-03,1006.0,1344.0,880.0,546.0,verified_real_mendeley_cc_by_4.0,https://doi.org/10.17632/t76ckh2ygg.1
2013-05-07,999.0,1393.0,876.0,546.0,verified_real_mendeley_cc_by_4.0,https://doi.org/10.17632/t76ckh2ygg.1
2013-05-08,995.0,1408.0,874.0,548.0,verified_real_mendeley_cc_by_4.0,https://doi.org/10.17632/t76ckh2ygg.1
2013-05-09,995.0,1398.0,872.0,551.0,verified_real_mendeley_cc_by_4.0,https://doi.org/10.17632/t76ckh2ygg.1
2013-05-10,994.0,1382.0,869.0,551.0,verified_real_mendeley_cc_by_4.0,https://doi.org/10.17632/t76ckh2ygg.1
2013-05-13,993.0,1370.0,866.0,553.0,verified_real_mendeley_cc_by_4.0,https://doi.org/10.17632/t76ckh2ygg.1
2013-05-14,988.0,1360.0,861.0,555.0,verified_real_mendeley_cc_by_4.0,https://doi.org/10.17632/t76ckh2ygg.1
2013-05-15,974.0,1338.0,857.0,555.0,verified_real_mendeley_cc_by_4.0,https://doi.org/10.17632/t76ckh2ygg.1
2013-05-16,951.0,1334.0,854.0,554.0,verified_real_mendeley_cc_by_4.0,https://doi.org/10.17632/t76ckh2ygg.1
2013-05-17,930.0,1326.0,853.0,553.0,verified_real_mendeley_cc_by_4.0,https://doi.org/10.17632/t76ckh2ygg.1
2013-05-20,917.0,1317.0,851.0,555.0,verified_real_mendeley_cc_by_4.0,https://doi.org/10.17632/t76ckh2ygg.1
2013-05-21,899.0,1321.0,852.0,554.0,verified_real_mendeley_cc_by_4.0,https://doi.org/10.17632/t76ckh2ygg.1
2013-05-22,880.0,1333.0,851.0,552.0,verified_real_mendeley_cc_by_4.0,https://doi.org/10.17632/t76ckh2ygg.1
2013-05-23,863.0,1339.0,853.0,551.0,verified_real_mendeley_cc_by_4.0,https://doi.org/10.17632/t76ckh2ygg.1
2013-05-24,854.0,1350.0,855.0,546.0,verified_real_mendeley_cc_by_4.0,https://doi.org/10.17632/t76ckh2ygg.1
2013-05-28,838.0,1346.0,857.0,545.0,verified_real_mendeley_cc_by_4.0,https://doi.org/10.17632/t76ckh2ygg.1
2013-05-29,821.0,1348.0,858.0,543.0,verified_real_mendeley_cc_by_4.0,https://doi.org/10.17632/t76ckh2ygg.1
2013-05-30,806.0,1339.0,859.0,537.0,verified_real_mendeley_cc_by_4.0,https://doi.org/10.17632/t76ckh2ygg.1
2013-05-31,795.0,1336.0,865.0,533.0,verified_real_mendeley_cc_by_4.0,https://doi.org/10.17632/t76ckh2ygg.1
2013-06-03,786.0,1333.0,871.0,529.0,verified_real_mendeley_cc_by_4.0,https://doi.org/10.17632/t76ckh2ygg.1
2013-06-04,776.0,1338.0,873.0,526.0,verified_real_mendeley_cc_by_4.0,https://doi.org/10.17632/t76ckh2ygg.1
2013-06-05,768.0,1335.0,877.0,521.0,verified_real_mendeley_cc_by_4.0,https://doi.org/10.17632/t76ckh2ygg.1
2013-06-06,764.0,1344.0,880.0,521.0,verified_real_mendeley_cc_by_4.0,https://doi.org/10.17632/t76ckh2ygg.1
2013-06-07,764.0,1352.0,885.0,524.0,verified_real_mendeley_cc_by_4.0,https://doi.org/10.17632/t76ckh2ygg.1
2013-06-10,766.0,1359.0,889.0,525.0,verified_real_mendeley_cc_by_4.0,https://doi.org/10.17632/t76ckh2ygg.1
2013-06-11,777.0,1379.0,890.0,525.0,verified_real_mendeley_cc_by_4.0,https://doi.org/10.17632/t76ckh2ygg.1
2013-06-12,808.0,1427.0,892.0,525.0,verified_real_mendeley_cc_by_4.0,https://doi.org/10.17632/t76ckh2ygg.1
2013-06-13,833.0,1484.0,895.0,528.0,verified_real_mendeley_cc_by_4.0,https://doi.org/10.17632/t76ckh2ygg.1
2013-06-14,859.0,1537.0,895.0,533.0,verified_real_mendeley_cc_by_4.0,https://doi.org/10.17632/t76ckh2ygg.1
2013-06-17,878.0,1588.0,900.0,539.0,verified_real_mendeley_cc_by_4.0,https://doi.org/10.17632/t76ckh2ygg.1
2013-06-18,892.0,1674.0,900.0,544.0,verified_real_mendeley_cc_by_4.0,https://doi.org/10.17632/t76ckh2ygg.1
2013-06-19,909.0,1757.0,903.0,547.0,verified_real_mendeley_cc_by_4.0,https://doi.org/10.17632/t76ckh2ygg.1
2013-06-20,920.0,1792.0,909.0,548.0,verified_real_mendeley_cc_by_4.0,https://doi.org/10.17632/t76ckh2ygg.1
2013-06-21,927.0,1822.0,916.0,552.0,verified_real_mendeley_cc_by_4.0,https://doi.org/10.17632/t76ckh2ygg.1
2013-06-24,937.0,1912.0,923.0,552.0,verified_real_mendeley_cc_by_4.0,https://doi.org/10.17632/t76ckh2ygg.1
2013-06-25,959.0,1959.0,930.0,552.0,verified_real_mendeley_cc_by_4.0,https://doi.org/10.17632/t76ckh2ygg.1
2013-06-26,976.0,2061.0,937.0,554.0,verified_real_mendeley_cc_by_4.0,https://doi.org/10.17632/t76ckh2ygg.1
2013-06-27,994.0,2120.0,944.0,558.0,verified_real_mendeley_cc_by_4.0,https://doi.org/10.17632/t76ckh2ygg.1
2013-06-28,1007.0,2165.0,950.0,564.0,verified_real_mendeley_cc_by_4.0,https://doi.org/10.17632/t76ckh2ygg.1
2013-07-01,1014.0,2176.0,954.0,566.0,verified_real_mendeley_cc_by_4.0,https://doi.org/10.17632/t76ckh2ygg.1
2013-07-02,1016.0,2134.0,954.0,569.0,verified_real_mendeley_cc_by_4.0,https://doi.org/10.17632/t76ckh2ygg.1
2013-07-03,1017.0,2020.0,952.0,569.0,verified_real_mendeley_cc_by_4.0,https://doi.org/10.17632/t76ckh2ygg.1
2013-07-04,1012.0,1936.0,943.0,568.0,verified_real_mendeley_cc_by_4.0,https://doi.org/10.17632/t76ckh2ygg.1
2013-07-05,1008.0,1929.0,932.0,568.0,verified_real_mendeley_cc_by_4.0,https://doi.org/10.17632/t76ckh2ygg.1
2013-07-08,1002.0,1977.0,924.0,568.0,verified_real_mendeley_cc_by_4.0,https://doi.org/10.17632/t76ckh2ygg.1
2013-07-09,1006.0,2012.0,920.0,566.0,verified_real_mendeley_cc_by_4.0,https://doi.org/10.17632/t76ckh2ygg.1
2013-07-10,1024.0,2037.0,911.0,564.0,verified_real_mendeley_cc_by_4.0,https://doi.org/10.17632/t76ckh2ygg.1
2013-07-11,1062.0,2047.0,904.0,561.0,verified_real_mendeley_cc_by_4.0,https://doi.org/10.17632/t76ckh2ygg.1
2013-07-12,1097.0,2058.0,901.0,561.0,verified_real_mendeley_cc_by_4.0,https://doi.org/10.17632/t76ckh2ygg.1
2013-07-15,1118.0,2052.0,897.0,560.0,verified_real_mendeley_cc_by_4.0,https://doi.org/10.17632/t76ckh2ygg.1
2013-07-16,1136.0,2044.0,894.0,559.0,verified_real_mendeley_cc_by_4.0,https://doi.org/10.17632/t76ckh2ygg.1
2013-07-17,1153.0,2034.0,895.0,556.0,verified_real_mendeley_cc_by_4.0,https://doi.org/10.17632/t76ckh2ygg.1
2013-07-18,1165.0,2006.0,894.0,550.0,verified_real_mendeley_cc_by_4.0,https://doi.org/10.17632/t76ckh2ygg.1
2013-07-19,1172.0,1987.0,897.0,544.0,verified_real_mendeley_cc_by_4.0,https://doi.org/10.17632/t76ckh2ygg.1
2013-07-22,1170.0,1978.0,898.0,541.0,verified_real_mendeley_cc_by_4.0,https://doi.org/10.17632/t76ckh2ygg.1
2013-07-23,1159.0,1956.0,902.0,539.0,verified_real_mendeley_cc_by_4.0,https://doi.org/10.17632/t76ckh2ygg.1
2013-07-24,1145.0,1936.0,907.0,539.0,verified_real_mendeley_cc_by_4.0,https://doi.org/10.17632/t76ckh2ygg.1
2013-07-25,1123.0,1890.0,914.0,535.0,verified_real_mendeley_cc_by_4.0,https://doi.org/10.17632/t76ckh2ygg.1
2013-07-26,1104.0,1873.0,917.0,534.0,verified_real_mendeley_cc_by_4.0,https://doi.org/10.17632/t76ckh2ygg.1
2013-07-29,1090.0,1864.0,917.0,534.0,verified_real_mendeley_cc_by_4.0,https://doi.org/10.17632/t76ckh2ygg.1
2013-07-30,1075.0,1856.0,919.0,532.0,verified_real_mendeley_cc_by_4.0,https://doi.org/10.17632/t76ckh2ygg.1
2013-07-31,1057.0,1881.0,916.0,531.0,verified_real_mendeley_cc_by_4.0,https://doi.org/10.17632/t76ckh2ygg.1
2013-08-01,1041.0,1935.0,912.0,530.0,verified_real_mendeley_cc_by_4.0,https://doi.org/10.17632/t76ckh2ygg.1
2013-08-02,1021.0,1950.0,909.0,529.0,verified_real_mendeley_cc_by_4.0,https://doi.org/10.17632/t76ckh2ygg.1
2013-08-05,1009.0,1939.0,908.0,527.0,verified_real_mendeley_cc_by_4.0,https://doi.org/10.17632/t76ckh2ygg.1
2013-08-06,992.0,1907.0,908.0,526.0,verified_real_mendeley_cc_by_4.0,https://doi.org/10.17632/t76ckh2ygg.1
2013-08-07,977.0,1853.0,907.0,525.0,verified_real_mendeley_cc_by_4.0,https://doi.org/10.17632/t76ckh2ygg.1
2013-08-08,962.0,1829.0,911.0,522.0,verified_real_mendeley_cc_by_4.0,https://doi.org/10.17632/t76ckh2ygg.1
2013-08-09,948.0,1813.0,913.0,521.0,verified_real_mendeley_cc_by_4.0,https://doi.org/10.17632/t76ckh2ygg.1
2013-08-12,940.0,1805.0,911.0,518.0,verified_real_mendeley_cc_by_4.0,https://doi.org/10.17632/t76ckh2ygg.1
2013-08-13,933.0,1846.0,910.0,516.0,verified_real_mendeley_cc_by_4.0,https://doi.org/10.17632/t76ckh2ygg.1
2013-08-14,928.0,2021.0,909.0,518.0,verified_real_mendeley_cc_by_4.0,https://doi.org/10.17632/t76ckh2ygg.1
2013-08-15,926.0,2099.0,910.0,517.0,verified_real_mendeley_cc_by_4.0,https://doi.org/10.17632/t76ckh2ygg.1
2013-08-16,923.0,2112.0,913.0,517.0,verified_real_mendeley_cc_by_4.0,https://doi.org/10.17632/t76ckh2ygg.1
2013-08-19,917.0,2140.0,916.0,519.0,verified_real_mendeley_cc_by_4.0,https://doi.org/10.17632/t76ckh2ygg.1
2013-08-20,912.0,2218.0,917.0,520.0,verified_real_mendeley_cc_by_4.0,https://doi.org/10.17632/t76ckh2ygg.1
2013-08-21,905.0,2268.0,919.0,522.0,verified_real_mendeley_cc_by_4.0,https://doi.org/10.17632/t76ckh2ygg.1
2013-08-22,904.0,2284.0,920.0,525.0,verified_real_mendeley_cc_by_4.0,https://doi.org/10.17632/t76ckh2ygg.1
2013-08-23,903.0,2312.0,925.0,528.0,verified_real_mendeley_cc_by_4.0,https://doi.org/10.17632/t76ckh2ygg.1
2013-08-27,904.0,2335.0,927.0,531.0,verified_real_mendeley_cc_by_4.0,https://doi.org/10.17632/t76ckh2ygg.1
2013-08-28,901.0,2284.0,929.0,531.0,verified_real_mendeley_cc_by_4.0,https://doi.org/10.17632/t76ckh2ygg.1
2013-08-29,904.0,2256.0,934.0,530.0,verified_real_mendeley_cc_by_4.0,https://doi.org/10.17632/t76ckh2ygg.1
2013-08-30,907.0,2243.0,937.0,531.0,verified_real_mendeley_cc_by_4.0,https://doi.org/10.17632/t76ckh2ygg.1
2013-09-02,912.0,2263.0,939.0,534.0,verified_real_mendeley_cc_by_4.0,https://doi.org/10.17632/t76ckh2ygg.1
2013-09-03,921.0,2344.0,939.0,534.0,verified_real_mendeley_cc_by_4.0,https://doi.org/10.17632/t76ckh2ygg.1
2013-09-04,933.0,2445.0,939.0,535.0,verified_real_mendeley_cc_by_4.0,https://doi.org/10.17632/t76ckh2ygg.1
2013-09-05,961.0,2660.0,943.0,534.0,verified_real_mendeley_cc_by_4.0,https://doi.org/10.17632/t76ckh2ygg.1
2013-09-06,1020.0,2799.0,952.0,537.0,verified_real_mendeley_cc_by_4.0,https://doi.org/10.17632/t76ckh2ygg.1
2013-09-09,1105.0,3113.0,959.0,540.0,verified_real_mendeley_cc_by_4.0,https://doi.org/10.17632/t76ckh2ygg.1
2013-09-10,1186.0,3255.0,965.0,542.0,verified_real_mendeley_cc_by_4.0,https://doi.org/10.17632/t76ckh2ygg.1
2013-09-11,1241.0,3431.0,958.0,543.0,verified_real_mendeley_cc_by_4.0,https://doi.org/10.17632/t76ckh2ygg.1
2013-09-12,1278.0,3397.0,954.0,545.0,verified_real_mendeley_cc_by_4.0,https://doi.org/10.17632/t76ckh2ygg.1
2013-09-13,1306.0,3446.0,946.0,544.0,verified_real_mendeley_cc_by_4.0,https://doi.org/10.17632/t76ckh2ygg.1
2013-09-16,1321.0,3480.0,940.0,547.0,verified_real_mendeley_cc_by_4.0,https://doi.org/10.17632/t76ckh2ygg.1
2013-09-17,1349.0,3691.0,936.0,548.0,verified_real_mendeley_cc_by_4.0,https://doi.org/10.17632/t76ckh2ygg.1
2013-09-18,1385.0,3838.0,934.0,549.0,verified_real_mendeley_cc_by_4.0,https://doi.org/10.17632/t76ckh2ygg.1
2013-09-19,1415.0,3924.0,942.0,554.0,verified_real_mendeley_cc_by_4.0,https://doi.org/10.17632/t76ckh2ygg.1
2013-09-20,1453.0,4018.0,951.0,558.0,verified_real_mendeley_cc_by_4.0,https://doi.org/10.17632/t76ckh2ygg.1
2013-09-23,1509.0,4111.0,964.0,561.0,verified_real_mendeley_cc_by_4.0,https://doi.org/10.17632/t76ckh2ygg.1
2013-09-24,1602.0,4253.0,971.0,567.0,verified_real_mendeley_cc_by_4.0,https://doi.org/10.17632/t76ckh2ygg.1
2013-09-25,1745.0,4329.0,986.0,576.0,verified_real_mendeley_cc_by_4.0,https://doi.org/10.17632/t76ckh2ygg.1
2013-09-26,1794.0,4193.0,1012.0,585.0,verified_real_mendeley_cc_by_4.0,https://doi.org/10.17632/t76ckh2ygg.1
2013-09-27,1800.0,3967.0,1046.0,594.0,verified_real_mendeley_cc_by_4.0,https://doi.org/10.17632/t76ckh2ygg.1
2013-09-30,1795.0,3853.0,1069.0,597.0,verified_real_mendeley_cc_by_4.0,https://doi.org/10.17632/t76ckh2ygg.1
2013-10-01,1786.0,3816.0,1079.0,597.0,verified_real_mendeley_cc_by_4.0,https://doi.org/10.17632/t76ckh2ygg.1
2013-10-02,1813.0,3810.0,1087.0,599.0,verified_real_mendeley_cc_by_4.0,https://doi.org/10.17632/t76ckh2ygg.1
2013-10-03,1862.0,3878.0,1093.0,602.0,verified_real_mendeley_cc_by_4.0,https://doi.org/10.17632/t76ckh2ygg.1
2013-10-04,1914.0,3943.0,1101.0,609.0,verified_real_mendeley_cc_by_4.0,https://doi.org/10.17632/t76ckh2ygg.1
2013-10-07,1947.0,4020.0,1113.0,618.0,verified_real_mendeley_cc_by_4.0,https://doi.org/10.17632/t76ckh2ygg.1
2013-10-08,1989.0,4085.0,1127.0,622.0,verified_real_mendeley_cc_by_4.0,https://doi.org/10.17632/t76ckh2ygg.1
2013-10-09,2016.0,3959.0,1145.0,629.0,verified_real_mendeley_cc_by_4.0,https://doi.org/10.17632/t76ckh2ygg.1
2013-10-10,2027.0,3621.0,1162.0,630.0,verified_real_mendeley_cc_by_4.0,https://doi.org/10.17632/t76ckh2ygg.1
2013-10-11,2024.0,3527.0,1175.0,632.0,verified_real_mendeley_cc_by_4.0,https://doi.org/10.17632/t76ckh2ygg.1
2013-10-14,2020.0,3455.0,1182.0,634.0,verified_real_mendeley_cc_by_4.0,https://doi.org/10.17632/t76ckh2ygg.1
2013-10-15,2021.0,3469.0,1185.0,637.0,verified_real_mendeley_cc_by_4.0,https://doi.org/10.17632/t76ckh2ygg.1
2013-10-16,2030.0,3478.0,1186.0,634.0,verified_real_mendeley_cc_by_4.0,https://doi.org/10.17632/t76ckh2ygg.1
2013-10-17,2059.0,3451.0,1199.0,632.0,verified_real_mendeley_cc_by_4.0,https://doi.org/10.17632/t76ckh2ygg.1
2013-10-18,2060.0,3264.0,1206.0,634.0,verified_real_mendeley_cc_by_4.0,https://doi.org/10.17632/t76ckh2ygg.1
2013-10-21,2054.0,3200.0,1213.0,635.0,verified_real_mendeley_cc_by_4.0,https://doi.org/10.17632/t76ckh2ygg.1
2013-10-22,2038.0,3110.0,1221.0,636.0,verified_real_mendeley_cc_by_4.0,https://doi.org/10.17632/t76ckh2ygg.1
2013-10-23,2010.0,2943.0,1228.0,639.0,verified_real_mendeley_cc_by_4.0,https://doi.org/10.17632/t76ckh2ygg.1
2013-10-24,1959.0,2775.0,1243.0,644.0,verified_real_mendeley_cc_by_4.0,https://doi.org/10.17632/t76ckh2ygg.1
2013-10-25,1904.0,2681.0,1252.0,649.0,verified_real_mendeley_cc_by_4.0,https://doi.org/10.17632/t76ckh2ygg.1
2013-10-28,1855.0,2526.0,1258.0,653.0,verified_real_mendeley_cc_by_4.0,https://doi.org/10.17632/t76ckh2ygg.1
2013-10-29,1790.0,2340.0,1260.0,656.0,verified_real_mendeley_cc_by_4.0,https://doi.org/10.17632/t76ckh2ygg.1
2013-10-30,1716.0,2164.0,1266.0,660.0,verified_real_mendeley_cc_by_4.0,https://doi.org/10.17632/t76ckh2ygg.1
2013-10-31,1667.0,2245.0,1268.0,665.0,verified_real_mendeley_cc_by_4.0,https://doi.org/10.17632/t76ckh2ygg.1
2013-11-01,1631.0,2316.0,1269.0,669.0,verified_real_mendeley_cc_by_4.0,https://doi.org/10.17632/t76ckh2ygg.1
2013-11-04,1612.0,2400.0,1273.0,673.0,verified_real_mendeley_cc_by_4.0,https://doi.org/10.17632/t76ckh2ygg.1
2013-11-05,1617.0,2553.0,1280.0,678.0,verified_real_mendeley_cc_by_4.0,https://doi.org/10.17632/t76ckh2ygg.1
2013-11-06,1614.0,2554.0,1285.0,681.0,verified_real_mendeley_cc_by_4.0,https://doi.org/10.17632/t76ckh2ygg.1
2013-11-07,1594.0,2533.0,1291.0,685.0,verified_real_mendeley_cc_by_4.0,https://doi.org/10.17632/t76ckh2ygg.1
2013-11-08,1565.0,2514.0,1305.0,690.0,verified_real_mendeley_cc_by_4.0,https://doi.org/10.17632/t76ckh2ygg.1
2013-11-11,1542.0,2506.0,1315.0,692.0,verified_real_mendeley_cc_by_4.0,https://doi.org/10.17632/t76ckh2ygg.1
2013-11-12,1510.0,2473.0,1320.0,693.0,verified_real_mendeley_cc_by_4.0,https://doi.org/10.17632/t76ckh2ygg.1
2013-11-13,1474.0,2455.0,1321.0,696.0,verified_real_mendeley_cc_by_4.0,https://doi.org/10.17632/t76ckh2ygg.1
2013-11-14,1438.0,2397.0,1325.0,699.0,verified_real_mendeley_cc_by_4.0,https://doi.org/10.17632/t76ckh2ygg.1
2013-11-15,1409.0,2377.0,1339.0,703.0,verified_real_mendeley_cc_by_4.0,https://doi.org/10.17632/t76ckh2ygg.1
2013-11-18,1382.0,2366.0,1354.0,705.0,verified_real_mendeley_cc_by_4.0,https://doi.org/10.17632/t76ckh2ygg.1
2013-11-19,1353.0,2366.0,1360.0,708.0,verified_real_mendeley_cc_by_4.0,https://doi.org/10.17632/t76ckh2ygg.1
2013-11-20,1346.0,2511.0,1363.0,715.0,verified_real_mendeley_cc_by_4.0,https://doi.org/10.17632/t76ckh2ygg.1
2013-11-21,1345.0,2447.0,1371.0,721.0,verified_real_mendeley_cc_by_4.0,https://doi.org/10.17632/t76ckh2ygg.1
2013-11-22,1362.0,2390.0,1378.0,728.0,verified_real_mendeley_cc_by_4.0,https://doi.org/10.17632/t76ckh2ygg.1
2013-11-25,1387.0,2391.0,1393.0,732.0,verified_real_mendeley_cc_by_4.0,https://doi.org/10.17632/t76ckh2ygg.1
2013-11-26,1427.0,2399.0,1404.0,737.0,verified_real_mendeley_cc_by_4.0,https://doi.org/10.17632/t76ckh2ygg.1
2013-11-27,1510.0,2496.0,1418.0,745.0,verified_real_mendeley_cc_by_4.0,https://doi.org/10.17632/t76ckh2ygg.1
2013-11-28,1613.0,2848.0,1441.0,757.0,verified_real_mendeley_cc_by_4.0,https://doi.org/10.17632/t76ckh2ygg.1
2013-11-29,1665.0,3089.0,1458.0,764.0,verified_real_mendeley_cc_by_4.0,https://doi.org/10.17632/t76ckh2ygg.1
2013-12-02,1695.0,3194.0,1475.0,771.0,verified_real_mendeley_cc_by_4.0,https://doi.org/10.17632/t76ckh2ygg.1
2013-12-03,1741.0,3316.0,1488.0,776.0,verified_real_mendeley_cc_by_4.0,https://doi.org/10.17632/t76ckh2ygg.1
2013-12-04,1795.0,3481.0,1507.0,782.0,verified_real_mendeley_cc_by_4.0,https://doi.org/10.17632/t76ckh2ygg.1
2013-12-05,1867.0,3843.0,1522.0,786.0,verified_real_mendeley_cc_by_4.0,https://doi.org/10.17632/t76ckh2ygg.1
2013-12-06,1923.0,3842.0,1531.0,789.0,verified_real_mendeley_cc_by_4.0,https://doi.org/10.17632/t76ckh2ygg.1
2013-12-09,1955.0,3831.0,1552.0,792.0,verified_real_mendeley_cc_by_4.0,https://doi.org/10.17632/t76ckh2ygg.1
2013-12-10,1997.0,4011.0,1557.0,796.0,verified_real_mendeley_cc_by_4.0,https://doi.org/10.17632/t76ckh2ygg.1
2013-12-11,2050.0,4210.0,1554.0,803.0,verified_real_mendeley_cc_by_4.0,https://doi.org/10.17632/t76ckh2ygg.1
2013-12-12,2085.0,4291.0,1560.0,810.0,verified_real_mendeley_cc_by_4.0,https://doi.org/10.17632/t76ckh2ygg.1
2013-12-13,2096.0,4246.0,1562.0,814.0,verified_real_mendeley_cc_by_4.0,https://doi.org/10.17632/t76ckh2ygg.1
2013-12-16,2082.0,4065.0,1553.0,817.0,verified_real_mendeley_cc_by_4.0,https://doi.org/10.17632/t76ckh2ygg.1
2013-12-17,2025.0,3818.0,1546.0,821.0,verified_real_mendeley_cc_by_4.0,https://doi.org/10.17632/t76ckh2ygg.1
2013-12-18,1946.0,3638.0,1541.0,820.0,verified_real_mendeley_cc_by_4.0,https://doi.org/10.17632/t76ckh2ygg.1
2013-12-19,1883.0,3596.0,1517.0,818.0,verified_real_mendeley_cc_by_4.0,https://doi.org/10.17632/t76ckh2ygg.1
2013-12-20,1858.0,3875.0,1499.0,811.0,verified_real_mendeley_cc_by_4.0,https://doi.org/10.17632/t76ckh2ygg.1
2013-12-23,1835.0,3996.0,1482.0,805.0,verified_real_mendeley_cc_by_4.0,https://doi.org/10.17632/t76ckh2ygg.1
2013-12-24,1825.0,4078.0,1468.0,801.0,verified_real_mendeley_cc_by_4.0,https://doi.org/10.17632/t76ckh2ygg.1
2014-01-02,1780.0,3733.0,1453.0,773.0,verified_real_mendeley_cc_by_4.0,https://doi.org/10.17632/t76ckh2ygg.1
2014-01-03,1750.0,3531.0,1330.0,763.0,verified_real_mendeley_cc_by_4.0,https://doi.org/10.17632/t76ckh2ygg.1
2014-01-06,1724.0,3287.0,1276.0,750.0,verified_real_mendeley_cc_by_4.0,https://doi.org/10.17632/t76ckh2ygg.1
2014-01-07,1692.0,3017.0,1239.0,744.0,verified_real_mendeley_cc_by_4.0,https://doi.org/10.17632/t76ckh2ygg.1
2014-01-08,1672.0,2818.0,1204.0,741.0,verified_real_mendeley_cc_by_4.0,https://doi.org/10.17632/t76ckh2ygg.1
2014-01-09,1645.0,2500.0,1191.0,735.0,verified_real_mendeley_cc_by_4.0,https://doi.org/10.17632/t76ckh2ygg.1
2014-01-10,1621.0,2101.0,1188.0,730.0,verified_real_mendeley_cc_by_4.0,https://doi.org/10.17632/t76ckh2ygg.1
2014-01-13,1598.0,1857.0,1190.0,726.0,verified_real_mendeley_cc_by_4.0,https://doi.org/10.17632/t76ckh2ygg.1
2014-01-14,1580.0,1832.0,1191.0,725.0,verified_real_mendeley_cc_by_4.0,https://doi.org/10.17632/t76ckh2ygg.1
2014-01-15,1572.0,1862.0,1189.0,724.0,verified_real_mendeley_cc_by_4.0,https://doi.org/10.17632/t76ckh2ygg.1
2014-01-16,1570.0,1929.0,1182.0,722.0,verified_real_mendeley_cc_by_4.0,https://doi.org/10.17632/t76ckh2ygg.1
2014-01-17,1564.0,2026.0,1175.0,719.0,verified_real_mendeley_cc_by_4.0,https://doi.org/10.17632/t76ckh2ygg.1
2014-01-20,1552.0,2082.0,1165.0,719.0,verified_real_mendeley_cc_by_4.0,https://doi.org/10.17632/t76ckh2ygg.1
2014-01-21,1530.0,1973.0,1154.0,715.0,verified_real_mendeley_cc_by_4.0,https://doi.org/10.17632/t76ckh2ygg.1
2014-01-22,1496.0,1880.0,1141.0,715.0,verified_real_mendeley_cc_by_4.0,https://doi.org/10.17632/t76ckh2ygg.1
2014-01-23,1468.0,1775.0,1130.0,715.0,verified_real_mendeley_cc_by_4.0,https://doi.org/10.17632/t76ckh2ygg.1
2014-01-24,1437.0,1723.0,1121.0,712.0,verified_real_mendeley_cc_by_4.0,https://doi.org/10.17632/t76ckh2ygg.1
2014-01-27,1413.0,1673.0,1112.0,708.0,verified_real_mendeley_cc_by_4.0,https://doi.org/10.17632/t76ckh2ygg.1
2014-01-28,1387.0,1577.0,1098.0,705.0,verified_real_mendeley_cc_by_4.0,https://doi.org/10.17632/t76ckh2ygg.1
2014-01-29,1369.0,1531.0,1079.0,700.0,verified_real_mendeley_cc_by_4.0,https://doi.org/10.17632/t76ckh2ygg.1
2014-01-30,1347.0,1527.0,1056.0,691.0,verified_real_mendeley_cc_by_4.0,https://doi.org/10.17632/t76ckh2ygg.1
2014-01-31,1337.0,1524.0,1018.0,684.0,verified_real_mendeley_cc_by_4.0,https://doi.org/10.17632/t76ckh2ygg.1
2014-02-03,1326.0,1516.0,996.0,682.0,verified_real_mendeley_cc_by_4.0,https://doi.org/10.17632/t76ckh2ygg.1
2014-02-04,1313.0,1513.0,975.0,681.0,verified_real_mendeley_cc_by_4.0,https://doi.org/10.17632/t76ckh2ygg.1
2014-02-05,1307.0,1544.0,961.0,677.0,verified_real_mendeley_cc_by_4.0,https://doi.org/10.17632/t76ckh2ygg.1
2014-02-06,1307.0,1575.0,948.0,676.0,verified_real_mendeley_cc_by_4.0,https://doi.org/10.17632/t76ckh2ygg.1
2014-02-07,1304.0,1588.0,937.0,674.0,verified_real_mendeley_cc_by_4.0,https://doi.org/10.17632/t76ckh2ygg.1
2014-02-10,1305.0,1611.0,929.0,669.0,verified_real_mendeley_cc_by_4.0,https://doi.org/10.17632/t76ckh2ygg.1
2014-02-11,1322.0,1581.0,929.0,667.0,verified_real_mendeley_cc_by_4.0,https://doi.org/10.17632/t76ckh2ygg.1
2014-02-12,1324.0,1548.0,928.0,665.0,verified_real_mendeley_cc_by_4.0,https://doi.org/10.17632/t76ckh2ygg.1
2014-02-13,1313.0,1557.0,938.0,668.0,verified_real_mendeley_cc_by_4.0,https://doi.org/10.17632/t76ckh2ygg.1
2014-02-14,1311.0,1554.0,965.0,671.0,verified_real_mendeley_cc_by_4.0,https://doi.org/10.17632/t76ckh2ygg.1
2014-02-17,1308.0,1625.0,998.0,676.0,verified_real_mendeley_cc_by_4.0,https://doi.org/10.17632/t76ckh2ygg.1
2014-02-18,1298.0,1667.0,1026.0,677.0,verified_real_mendeley_cc_by_4.0,https://doi.org/10.17632/t76ckh2ygg.1
2014-02-19,1282.0,1690.0,1049.0,678.0,verified_real_mendeley_cc_by_4.0,https://doi.org/10.17632/t76ckh2ygg.1
2014-02-20,1261.0,1680.0,1068.0,676.0,verified_real_mendeley_cc_by_4.0,https://doi.org/10.17632/t76ckh2ygg.1
2014-02-21,1244.0,1701.0,1087.0,677.0,verified_real_mendeley_cc_by_4.0,https://doi.org/10.17632/t76ckh2ygg.1
2014-02-24,1222.0,1707.0,1098.0,679.0,verified_real_mendeley_cc_by_4.0,https://doi.org/10.17632/t76ckh2ygg.1
2014-02-25,1187.0,1775.0,1096.0,679.0,verified_real_mendeley_cc_by_4.0,https://doi.org/10.17632/t76ckh2ygg.1
2014-02-26,1154.0,1912.0,1096.0,674.0,verified_real_mendeley_cc_by_4.0,https://doi.org/10.17632/t76ckh2ygg.1
2014-02-27,1123.0,2049.0,1097.0,673.0,verified_real_mendeley_cc_by_4.0,https://doi.org/10.17632/t76ckh2ygg.1
2014-02-28,1099.0,2084.0,1100.0,669.0,verified_real_mendeley_cc_by_4.0,https://doi.org/10.17632/t76ckh2ygg.1
2014-03-03,1080.0,2180.0,1103.0,666.0,verified_real_mendeley_cc_by_4.0,https://doi.org/10.17632/t76ckh2ygg.1
2014-03-04,1062.0,2326.0,1107.0,662.0,verified_real_mendeley_cc_by_4.0,https://doi.org/10.17632/t76ckh2ygg.1
2014-03-05,1053.0,2596.0,1115.0,661.0,verified_real_mendeley_cc_by_4.0,https://doi.org/10.17632/t76ckh2ygg.1
2014-03-06,1056.0,2830.0,1116.0,663.0,verified_real_mendeley_cc_by_4.0,https://doi.org/10.17632/t76ckh2ygg.1
2014-03-07,1075.0,2980.0,1122.0,663.0,verified_real_mendeley_cc_by_4.0,https://doi.org/10.17632/t76ckh2ygg.1
2014-03-10,1088.0,3023.0,1131.0,663.0,verified_real_mendeley_cc_by_4.0,https://doi.org/10.17632/t76ckh2ygg.1
2014-03-11,1104.0,3045.0,1137.0,666.0,verified_real_mendeley_cc_by_4.0,https://doi.org/10.17632/t76ckh2ygg.1
2014-03-12,1102.0,2600.0,1149.0,668.0,verified_real_mendeley_cc_by_4.0,https://doi.org/10.17632/t76ckh2ygg.1
2014-03-13,1106.0,2654.0,1159.0,668.0,verified_real_mendeley_cc_by_4.0,https://doi.org/10.17632/t76ckh2ygg.1
2014-03-14,1113.0,2677.0,1173.0,671.0,verified_real_mendeley_cc_by_4.0,https://doi.org/10.17632/t76ckh2ygg.1
2014-03-17,1116.0,2691.0,1183.0,671.0,verified_real_mendeley_cc_by_4.0,https://doi.org/10.17632/t76ckh2ygg.1
2014-03-18,1118.0,2818.0,1191.0,668.0,verified_real_mendeley_cc_by_4.0,https://doi.org/10.17632/t76ckh2ygg.1
2014-03-19,1120.0,2982.0,1198.0,667.0,verified_real_mendeley_cc_by_4.0,https://doi.org/10.17632/t76ckh2ygg.1
2014-03-20,1120.0,3129.0,1200.0,671.0,verified_real_mendeley_cc_by_4.0,https://doi.org/10.17632/t76ckh2ygg.1
2014-03-21,1112.0,3036.0,1205.0,674.0,verified_real_mendeley_cc_by_4.0,https://doi.org/10.17632/t76ckh2ygg.1
2014-03-24,1107.0,3055.0,1209.0,676.0,verified_real_mendeley_cc_by_4.0,https://doi.org/10.17632/t76ckh2ygg.1
2014-03-25,1088.0,2993.0,1207.0,676.0,verified_real_mendeley_cc_by_4.0,https://doi.org/10.17632/t76ckh2ygg.1
2014-03-26,1062.0,2761.0,1201.0,672.0,verified_real_mendeley_cc_by_4.0,https://doi.org/10.17632/t76ckh2ygg.1
2014-03-27,1018.0,2579.0,1180.0,659.0,verified_real_mendeley_cc_by_4.0,https://doi.org/10.17632/t76ckh2ygg.1
2014-03-28,978.0,2557.0,1139.0,649.0,verified_real_mendeley_cc_by_4.0,https://doi.org/10.17632/t76ckh2ygg.1
2014-03-31,942.0,2573.0,1115.0,642.0,verified_real_mendeley_cc_by_4.0,https://doi.org/10.17632/t76ckh2ygg.1
2014-04-01,897.0,2505.0,1090.0,632.0,verified_real_mendeley_cc_by_4.0,https://doi.org/10.17632/t76ckh2ygg.1
2014-04-02,867.0,2418.0,1068.0,621.0,verified_real_mendeley_cc_by_4.0,https://doi.org/10.17632/t76ckh2ygg.1
2014-04-03,836.0,2343.0,1047.0,610.0,verified_real_mendeley_cc_by_4.0,https://doi.org/10.17632/t76ckh2ygg.1
2014-04-04,822.0,2306.0,1025.0,598.0,verified_real_mendeley_cc_by_4.0,https://doi.org/10.17632/t76ckh2ygg.1
2014-04-07,812.0,2293.0,1003.0,588.0,verified_real_mendeley_cc_by_4.0,https://doi.org/10.17632/t76ckh2ygg.1
2014-04-08,801.0,2029.0,982.0,580.0,verified_real_mendeley_cc_by_4.0,https://doi.org/10.17632/t76ckh2ygg.1
2014-04-09,794.0,1946.0,965.0,571.0,verified_real_mendeley_cc_by_4.0,https://doi.org/10.17632/t76ckh2ygg.1
2014-04-10,787.0,1865.0,949.0,562.0,verified_real_mendeley_cc_by_4.0,https://doi.org/10.17632/t76ckh2ygg.1
2014-04-11,782.0,1789.0,936.0,556.0,verified_real_mendeley_cc_by_4.0,https://doi.org/10.17632/t76ckh2ygg.1
2014-04-14,778.0,1765.0,927.0,549.0,verified_real_mendeley_cc_by_4.0,https://doi.org/10.17632/t76ckh2ygg.1
2014-04-15,777.0,1724.0,921.0,543.0,verified_real_mendeley_cc_by_4.0,https://doi.org/10.17632/t76ckh2ygg.1
2014-04-16,792.0,1613.0,916.0,536.0,verified_real_mendeley_cc_by_4.0,https://doi.org/10.17632/t76ckh2ygg.1
2014-04-17,812.0,1591.0,909.0,533.0,verified_real_mendeley_cc_by_4.0,https://doi.org/10.17632/t76ckh2ygg.1
2014-04-22,828.0,1616.0,908.0,528.0,verified_real_mendeley_cc_by_4.0,https://doi.org/10.17632/t76ckh2ygg.1
2014-04-23,840.0,1674.0,909.0,524.0,verified_real_mendeley_cc_by_4.0,https://doi.org/10.17632/t76ckh2ygg.1
2014-04-24,852.0,1692.0,911.0,520.0,verified_real_mendeley_cc_by_4.0,https://doi.org/10.17632/t76ckh2ygg.1
2014-04-25,864.0,1696.0,909.0,517.0,verified_real_mendeley_cc_by_4.0,https://doi.org/10.17632/t76ckh2ygg.1
2014-04-28,868.0,1668.0,912.0,517.0,verified_real_mendeley_cc_by_4.0,https://doi.org/10.17632/t76ckh2ygg.1
2014-04-29,872.0,1613.0,916.0,515.0,verified_real_mendeley_cc_by_4.0,https://doi.org/10.17632/t76ckh2ygg.1
2014-04-30,871.0,1600.0,922.0,513.0,verified_real_mendeley_cc_by_4.0,https://doi.org/10.17632/t76ckh2ygg.1
2014-05-01,871.0,1716.0,919.0,514.0,verified_real_mendeley_cc_by_4.0,https://doi.org/10.17632/t76ckh2ygg.1
2014-05-02,865.0,1829.0,915.0,510.0,verified_real_mendeley_cc_by_4.0,https://doi.org/10.17632/t76ckh2ygg.1
2014-05-06,866.0,1691.0,915.0,510.0,verified_real_mendeley_cc_by_4.0,https://doi.org/10.17632/t76ckh2ygg.1
2014-05-07,869.0,1681.0,917.0,509.0,verified_real_mendeley_cc_by_4.0,https://doi.org/10.17632/t76ckh2ygg.1
2014-05-08,879.0,1613.0,920.0,508.0,verified_real_mendeley_cc_by_4.0,https://doi.org/10.17632/t76ckh2ygg.1
2014-05-09,898.0,1541.0,918.0,506.0,verified_real_mendeley_cc_by_4.0,https://doi.org/10.17632/t76ckh2ygg.1
2014-05-12,910.0,1483.0,909.0,504.0,verified_real_mendeley_cc_by_4.0,https://doi.org/10.17632/t76ckh2ygg.1
2014-05-13,933.0,1453.0,905.0,502.0,verified_real_mendeley_cc_by_4.0,https://doi.org/10.17632/t76ckh2ygg.1
2014-05-14,969.0,1496.0,904.0,497.0,verified_real_mendeley_cc_by_4.0,https://doi.org/10.17632/t76ckh2ygg.1
2014-05-15,1016.0,1546.0,904.0,490.0,verified_real_mendeley_cc_by_4.0,https://doi.org/10.17632/t76ckh2ygg.1
2014-05-16,1041.0,1530.0,901.0,485.0,verified_real_mendeley_cc_by_4.0,https://doi.org/10.17632/t76ckh2ygg.1
2014-05-19,1054.0,1494.0,899.0,483.0,verified_real_mendeley_cc_by_4.0,https://doi.org/10.17632/t76ckh2ygg.1
2014-05-20,1061.0,1431.0,896.0,482.0,verified_real_mendeley_cc_by_4.0,https://doi.org/10.17632/t76ckh2ygg.1
2014-05-21,1056.0,1354.0,891.0,480.0,verified_real_mendeley_cc_by_4.0,https://doi.org/10.17632/t76ckh2ygg.1
2014-05-22,1028.0,1302.0,884.0,480.0,verified_real_mendeley_cc_by_4.0,https://doi.org/10.17632/t76ckh2ygg.1
2014-05-23,1001.0,1358.0,872.0,480.0,verified_real_mendeley_cc_by_4.0,https://doi.org/10.17632/t76ckh2ygg.1
2014-05-27,971.0,1457.0,866.0,481.0,verified_real_mendeley_cc_by_4.0,https://doi.org/10.17632/t76ckh2ygg.1
2014-05-28,940.0,1405.0,855.0,481.0,verified_real_mendeley_cc_by_4.0,https://doi.org/10.17632/t76ckh2ygg.1
2014-05-29,904.0,1379.0,846.0,484.0,verified_real_mendeley_cc_by_4.0,https://doi.org/10.17632/t76ckh2ygg.1
2014-05-30,872.0,1395.0,839.0,485.0,verified_real_mendeley_cc_by_4.0,https://doi.org/10.17632/t76ckh2ygg.1
2014-06-02,846.0,1429.0,830.0,485.0,verified_real_mendeley_cc_by_4.0,https://doi.org/10.17632/t76ckh2ygg.1
2014-06-03,816.0,1545.0,829.0,485.0,verified_real_mendeley_cc_by_4.0,https://doi.org/10.17632/t76ckh2ygg.1
2014-06-04,786.0,1604.0,829.0,484.0,verified_real_mendeley_cc_by_4.0,https://doi.org/10.17632/t76ckh2ygg.1
2014-06-05,758.0,1689.0,821.0,482.0,verified_real_mendeley_cc_by_4.0,https://doi.org/10.17632/t76ckh2ygg.1
2014-06-06,727.0,1793.0,811.0,481.0,verified_real_mendeley_cc_by_4.0,https://doi.org/10.17632/t76ckh2ygg.1
2014-06-09,713.0,1846.0,802.0,478.0,verified_real_mendeley_cc_by_4.0,https://doi.org/10.17632/t76ckh2ygg.1
2014-06-10,699.0,1903.0,797.0,475.0,verified_real_mendeley_cc_by_4.0,https://doi.org/10.17632/t76ckh2ygg.1
2014-06-11,678.0,1864.0,787.0,469.0,verified_real_mendeley_cc_by_4.0,https://doi.org/10.17632/t76ckh2ygg.1
2014-06-12,635.0,1792.0,774.0,465.0,verified_real_mendeley_cc_by_4.0,https://doi.org/10.17632/t76ckh2ygg.1
2014-06-13,582.0,1730.0,760.0,459.0,verified_real_mendeley_cc_by_4.0,https://doi.org/10.17632/t76ckh2ygg.1
2014-06-16,542.0,1695.0,748.0,450.0,verified_real_mendeley_cc_by_4.0,https://doi.org/10.17632/t76ckh2ygg.1
2014-06-17,514.0,1676.0,740.0,446.0,verified_real_mendeley_cc_by_4.0,https://doi.org/10.17632/t76ckh2ygg.1
2014-06-18,492.0,1767.0,724.0,443.0,verified_real_mendeley_cc_by_4.0,https://doi.org/10.17632/t76ckh2ygg.1
2014-06-19,474.0,1919.0,715.0,442.0,verified_real_mendeley_cc_by_4.0,https://doi.org/10.17632/t76ckh2ygg.1
2014-06-20,461.0,1950.0,708.0,441.0,verified_real_mendeley_cc_by_4.0,https://doi.org/10.17632/t76ckh2ygg.1
2014-06-23,452.0,1896.0,704.0,440.0,verified_real_mendeley_cc_by_4.0,https://doi.org/10.17632/t76ckh2ygg.1
2014-06-24,446.0,1848.0,701.0,438.0,verified_real_mendeley_cc_by_4.0,https://doi.org/10.17632/t76ckh2ygg.1
2014-06-25,433.0,1799.0,694.0,433.0,verified_real_mendeley_cc_by_4.0,https://doi.org/10.17632/t76ckh2ygg.1
2014-06-26,423.0,1748.0,687.0,427.0,verified_real_mendeley_cc_by_4.0,https://doi.org/10.17632/t76ckh2ygg.1
2014-06-27,419.0,1773.0,679.0,420.0,verified_real_mendeley_cc_by_4.0,https://doi.org/10.17632/t76ckh2ygg.1
2014-06-30,423.0,1871.0,678.0,413.0,verified_real_mendeley_cc_by_4.0,https://doi.org/10.17632/t76ckh2ygg.1
2014-07-01,446.0,2045.0,675.0,409.0,verified_real_mendeley_cc_by_4.0,https://doi.org/10.17632/t76ckh2ygg.1
2014-07-02,485.0,1999.0,676.0,408.0,verified_real_mendeley_cc_by_4.0,https://doi.org/10.17632/t76ckh2ygg.1
2014-07-03,557.0,1935.0,677.0,404.0,verified_real_mendeley_cc_by_4.0,https://doi.org/10.17632/t76ckh2ygg.1
2014-07-04,640.0,1864.0,680.0,403.0,verified_real_mendeley_cc_by_4.0,https://doi.org/10.17632/t76ckh2ygg.1
2014-07-07,680.0,1808.0,682.0,402.0,verified_real_mendeley_cc_by_4.0,https://doi.org/10.17632/t76ckh2ygg.1
2014-07-08,704.0,1755.0,686.0,400.0,verified_real_mendeley_cc_by_4.0,https://doi.org/10.17632/t76ckh2ygg.1
2014-07-09,710.0,1648.0,687.0,397.0,verified_real_mendeley_cc_by_4.0,https://doi.org/10.17632/t76ckh2ygg.1
2014-07-10,702.0,1523.0,684.0,393.0,verified_real_mendeley_cc_by_4.0,https://doi.org/10.17632/t76ckh2ygg.1
2014-07-11,679.0,1465.0,681.0,390.0,verified_real_mendeley_cc_by_4.0,https://doi.org/10.17632/t76ckh2ygg.1
2014-07-14,666.0,1422.0,679.0,385.0,verified_real_mendeley_cc_by_4.0,https://doi.org/10.17632/t76ckh2ygg.1
2014-07-15,644.0,1377.0,675.0,380.0,verified_real_mendeley_cc_by_4.0,https://doi.org/10.17632/t76ckh2ygg.1
2014-07-16,621.0,1289.0,671.0,377.0,verified_real_mendeley_cc_by_4.0,https://doi.org/10.17632/t76ckh2ygg.1
2014-07-17,603.0,1248.0,666.0,373.0,verified_real_mendeley_cc_by_4.0,https://doi.org/10.17632/t76ckh2ygg.1
2014-07-18,586.0,1235.0,660.0,372.0,verified_real_mendeley_cc_by_4.0,https://doi.org/10.17632/t76ckh2ygg.1
2014-07-21,576.0,1194.0,659.0,369.0,verified_real_mendeley_cc_by_4.0,https://doi.org/10.17632/t76ckh2ygg.1
2014-07-22,576.0,1191.0,659.0,364.0,verified_real_mendeley_cc_by_4.0,https://doi.org/10.17632/t76ckh2ygg.1
2014-07-23,584.0,1198.0,661.0,361.0,verified_real_mendeley_cc_by_4.0,https://doi.org/10.17632/t76ckh2ygg.1
2014-07-24,596.0,1201.0,661.0,358.0,verified_real_mendeley_cc_by_4.0,https://doi.org/10.17632/t76ckh2ygg.1
2014-07-25,606.0,1193.0,666.0,357.0,verified_real_mendeley_cc_by_4.0,https://doi.org/10.17632/t76ckh2ygg.1
2014-07-28,616.0,1187.0,679.0,358.0,verified_real_mendeley_cc_by_4.0,https://doi.org/10.17632/t76ckh2ygg.1
2014-07-29,624.0,1195.0,684.0,357.0,verified_real_mendeley_cc_by_4.0,https://doi.org/10.17632/t76ckh2ygg.1
2014-07-30,625.0,1200.0,688.0,356.0,verified_real_mendeley_cc_by_4.0,https://doi.org/10.17632/t76ckh2ygg.1
2014-07-31,619.0,1195.0,704.0,355.0,verified_real_mendeley_cc_by_4.0,https://doi.org/10.17632/t76ckh2ygg.1
2014-08-01,611.0,1176.0,716.0,357.0,verified_real_mendeley_cc_by_4.0,https://doi.org/10.17632/t76ckh2ygg.1
2014-08-04,610.0,1178.0,728.0,356.0,verified_real_mendeley_cc_by_4.0,https://doi.org/10.17632/t76ckh2ygg.1
2014-08-05,609.0,1163.0,740.0,357.0,verified_real_mendeley_cc_by_4.0,https://doi.org/10.17632/t76ckh2ygg.1
2014-08-06,609.0,1153.0,753.0,358.0,verified_real_mendeley_cc_by_4.0,https://doi.org/10.17632/t76ckh2ygg.1
2014-08-07,616.0,1150.0,767.0,360.0,verified_real_mendeley_cc_by_4.0,https://doi.org/10.17632/t76ckh2ygg.1
2014-08-08,624.0,1166.0,785.0,363.0,verified_real_mendeley_cc_by_4.0,https://doi.org/10.17632/t76ckh2ygg.1
2014-08-11,634.0,1197.0,804.0,366.0,verified_real_mendeley_cc_by_4.0,https://doi.org/10.17632/t76ckh2ygg.1
2014-08-12,651.0,1350.0,819.0,370.0,verified_real_mendeley_cc_by_4.0,https://doi.org/10.17632/t76ckh2ygg.1
2014-08-13,674.0,1546.0,829.0,373.0,verified_real_mendeley_cc_by_4.0,https://doi.org/10.17632/t76ckh2ygg.1
2014-08-14,739.0,1882.0,845.0,376.0,verified_real_mendeley_cc_by_4.0,https://doi.org/10.17632/t76ckh2ygg.1
2014-08-15,803.0,2151.0,861.0,382.0,verified_real_mendeley_cc_by_4.0,https://doi.org/10.17632/t76ckh2ygg.1
2014-08-18,836.0,2254.0,877.0,387.0,verified_real_mendeley_cc_by_4.0,https://doi.org/10.17632/t76ckh2ygg.1
2014-08-19,837.0,2256.0,889.0,394.0,verified_real_mendeley_cc_by_4.0,https://doi.org/10.17632/t76ckh2ygg.1
2014-08-20,828.0,2380.0,902.0,399.0,verified_real_mendeley_cc_by_4.0,https://doi.org/10.17632/t76ckh2ygg.1
2014-08-21,818.0,2578.0,912.0,406.0,verified_real_mendeley_cc_by_4.0,https://doi.org/10.17632/t76ckh2ygg.1
2014-08-22,812.0,2535.0,925.0,413.0,verified_real_mendeley_cc_by_4.0,https://doi.org/10.17632/t76ckh2ygg.1
2014-08-26,808.0,2430.0,937.0,420.0,verified_real_mendeley_cc_by_4.0,https://doi.org/10.17632/t76ckh2ygg.1
2014-08-27,811.0,2366.0,944.0,427.0,verified_real_mendeley_cc_by_4.0,https://doi.org/10.17632/t76ckh2ygg.1
2014-08-28,842.0,2551.0,952.0,437.0,verified_real_mendeley_cc_by_4.0,https://doi.org/10.17632/t76ckh2ygg.1
2014-08-29,871.0,2627.0,963.0,442.0,verified_real_mendeley_cc_by_4.0,https://doi.org/10.17632/t76ckh2ygg.1
2014-09-01,888.0,2606.0,970.0,450.0,verified_real_mendeley_cc_by_4.0,https://doi.org/10.17632/t76ckh2ygg.1
2014-09-02,903.0,2568.0,977.0,456.0,verified_real_mendeley_cc_by_4.0,https://doi.org/10.17632/t76ckh2ygg.1
2014-09-03,919.0,2489.0,983.0,462.0,verified_real_mendeley_cc_by_4.0,https://doi.org/10.17632/t76ckh2ygg.1
2014-09-04,927.0,2464.0,988.0,466.0,verified_real_mendeley_cc_by_4.0,https://doi.org/10.17632/t76ckh2ygg.1
2014-09-05,931.0,2483.0,993.0,469.0,verified_real_mendeley_cc_by_4.0,https://doi.org/10.17632/t76ckh2ygg.1
2014-09-08,940.0,2519.0,997.0,472.0,verified_real_mendeley_cc_by_4.0,https://doi.org/10.17632/t76ckh2ygg.1
2014-09-09,940.0,2596.0,995.0,472.0,verified_real_mendeley_cc_by_4.0,https://doi.org/10.17632/t76ckh2ygg.1
2014-09-10,916.0,2602.0,1001.0,474.0,verified_real_mendeley_cc_by_4.0,https://doi.org/10.17632/t76ckh2ygg.1
2014-09-11,895.0,2570.0,1003.0,476.0,verified_real_mendeley_cc_by_4.0,https://doi.org/10.17632/t76ckh2ygg.1
2014-09-12,875.0,2546.0,1000.0,477.0,verified_real_mendeley_cc_by_4.0,https://doi.org/10.17632/t76ckh2ygg.1
2014-09-15,860.0,2523.0,1006.0,479.0,verified_real_mendeley_cc_by_4.0,https://doi.org/10.17632/t76ckh2ygg.1
2014-09-16,843.0,2442.0,1016.0,484.0,verified_real_mendeley_cc_by_4.0,https://doi.org/10.17632/t76ckh2ygg.1
2014-09-17,829.0,2342.0,1028.0,488.0,verified_real_mendeley_cc_by_4.0,https://doi.org/10.17632/t76ckh2ygg.1
2014-09-18,819.0,2192.0,1031.0,494.0,verified_real_mendeley_cc_by_4.0,https://doi.org/10.17632/t76ckh2ygg.1
2014-09-19,814.0,2112.0,1030.0,498.0,verified_real_mendeley_cc_by_4.0,https://doi.org/10.17632/t76ckh2ygg.1
2014-09-22,809.0,2118.0,1029.0,505.0,verified_real_mendeley_cc_by_4.0,https://doi.org/10.17632/t76ckh2ygg.1
2014-09-23,800.0,2077.0,1032.0,513.0,verified_real_mendeley_cc_by_4.0,https://doi.org/10.17632/t76ckh2ygg.1
2014-09-24,798.0,1967.0,1041.0,521.0,verified_real_mendeley_cc_by_4.0,https://doi.org/10.17632/t76ckh2ygg.1
2014-09-25,799.0,1837.0,1045.0,525.0,verified_real_mendeley_cc_by_4.0,https://doi.org/10.17632/t76ckh2ygg.1
2014-09-26,807.0,1852.0,1046.0,526.0,verified_real_mendeley_cc_by_4.0,https://doi.org/10.17632/t76ckh2ygg.1
2014-09-29,812.0,1922.0,1053.0,528.0,verified_real_mendeley_cc_by_4.0,https://doi.org/10.17632/t76ckh2ygg.1
2014-09-30,826.0,1915.0,1054.0,529.0,verified_real_mendeley_cc_by_4.0,https://doi.org/10.17632/t76ckh2ygg.1
2014-10-01,854.0,1853.0,1051.0,531.0,verified_real_mendeley_cc_by_4.0,https://doi.org/10.17632/t76ckh2ygg.1
2014-10-02,878.0,1788.0,1045.0,531.0,verified_real_mendeley_cc_by_4.0,https://doi.org/10.17632/t76ckh2ygg.1
2014-10-03,887.0,1758.0,1033.0,530.0,verified_real_mendeley_cc_by_4.0,https://doi.org/10.17632/t76ckh2ygg.1
2014-10-06,889.0,1735.0,1028.0,530.0,verified_real_mendeley_cc_by_4.0,https://doi.org/10.17632/t76ckh2ygg.1
2014-10-07,884.0,1698.0,1017.0,528.0,verified_real_mendeley_cc_by_4.0,https://doi.org/10.17632/t76ckh2ygg.1
2014-10-08,869.0,1632.0,1007.0,523.0,verified_real_mendeley_cc_by_4.0,https://doi.org/10.17632/t76ckh2ygg.1
2014-10-09,864.0,1580.0,993.0,520.0,verified_real_mendeley_cc_by_4.0,https://doi.org/10.17632/t76ckh2ygg.1
2014-10-10,865.0,1544.0,980.0,516.0,verified_real_mendeley_cc_by_4.0,https://doi.org/10.17632/t76ckh2ygg.1
2014-10-13,868.0,1521.0,970.0,513.0,verified_real_mendeley_cc_by_4.0,https://doi.org/10.17632/t76ckh2ygg.1
2014-10-14,885.0,1485.0,959.0,510.0,verified_real_mendeley_cc_by_4.0,https://doi.org/10.17632/t76ckh2ygg.1
2014-10-15,909.0,1376.0,952.0,506.0,verified_real_mendeley_cc_by_4.0,https://doi.org/10.17632/t76ckh2ygg.1
2014-10-16,940.0,1315.0,944.0,503.0,verified_real_mendeley_cc_by_4.0,https://doi.org/10.17632/t76ckh2ygg.1
2014-10-17,966.0,1362.0,933.0,501.0,verified_real_mendeley_cc_by_4.0,https://doi.org/10.17632/t76ckh2ygg.1
2014-10-20,995.0,1512.0,923.0,498.0,verified_real_mendeley_cc_by_4.0,https://doi.org/10.17632/t76ckh2ygg.1
2014-10-21,1032.0,2003.0,916.0,498.0,verified_real_mendeley_cc_by_4.0,https://doi.org/10.17632/t76ckh2ygg.1
2014-10-22,1066.0,2186.0,911.0,496.0,verified_real_mendeley_cc_by_4.0,https://doi.org/10.17632/t76ckh2ygg.1
2014-10-23,1099.0,2258.0,907.0,491.0,verified_real_mendeley_cc_by_4.0,https://doi.org/10.17632/t76ckh2ygg.1
2014-10-24,1121.0,2422.0,906.0,489.0,verified_real_mendeley_cc_by_4.0,https://doi.org/10.17632/t76ckh2ygg.1
2014-10-27,1137.0,2852.0,900.0,485.0,verified_real_mendeley_cc_by_4.0,https://doi.org/10.17632/t76ckh2ygg.1
2014-10-28,1172.0,3436.0,899.0,481.0,verified_real_mendeley_cc_by_4.0,https://doi.org/10.17632/t76ckh2ygg.1
2014-10-29,1202.0,3560.0,898.0,476.0,verified_real_mendeley_cc_by_4.0,https://doi.org/10.17632/t76ckh2ygg.1
2014-10-30,1222.0,3534.0,896.0,472.0,verified_real_mendeley_cc_by_4.0,https://doi.org/10.17632/t76ckh2ygg.1
2014-10-31,1233.0,3552.0,891.0,467.0,verified_real_mendeley_cc_by_4.0,https://doi.org/10.17632/t76ckh2ygg.1
2014-11-03,1241.0,3640.0,892.0,463.0,verified_real_mendeley_cc_by_4.0,https://doi.org/10.17632/t76ckh2ygg.1
2014-11-04,1238.0,3781.0,889.0,458.0,verified_real_mendeley_cc_by_4.0,https://doi.org/10.17632/t76ckh2ygg.1
2014-11-05,1224.0,3702.0,888.0,457.0,verified_real_mendeley_cc_by_4.0,https://doi.org/10.17632/t76ckh2ygg.1
2014-11-06,1205.0,3612.0,888.0,455.0,verified_real_mendeley_cc_by_4.0,https://doi.org/10.17632/t76ckh2ygg.1
2014-11-07,1183.0,3661.0,886.0,454.0,verified_real_mendeley_cc_by_4.0,https://doi.org/10.17632/t76ckh2ygg.1
2014-11-10,1168.0,3613.0,881.0,451.0,verified_real_mendeley_cc_by_4.0,https://doi.org/10.17632/t76ckh2ygg.1
2014-11-11,1150.0,3419.0,879.0,451.0,verified_real_mendeley_cc_by_4.0,https://doi.org/10.17632/t76ckh2ygg.1
2014-11-12,1133.0,3229.0,876.0,451.0,verified_real_mendeley_cc_by_4.0,https://doi.org/10.17632/t76ckh2ygg.1
2014-11-13,1112.0,2972.0,873.0,451.0,verified_real_mendeley_cc_by_4.0,https://doi.org/10.17632/t76ckh2ygg.1
2014-11-14,1089.0,2931.0,873.0,450.0,verified_real_mendeley_cc_by_4.0,https://doi.org/10.17632/t76ckh2ygg.1
2014-11-17,1069.0,2971.0,875.0,451.0,verified_real_mendeley_cc_by_4.0,https://doi.org/10.17632/t76ckh2ygg.1
2014-11-18,1061.0,3106.0,875.0,453.0,verified_real_mendeley_cc_by_4.0,https://doi.org/10.17632/t76ckh2ygg.1
2014-11-19,1055.0,3127.0,881.0,455.0,verified_real_mendeley_cc_by_4.0,https://doi.org/10.17632/t76ckh2ygg.1
2014-11-20,1053.0,3130.0,904.0,457.0,verified_real_mendeley_cc_by_4.0,https://doi.org/10.17632/t76ckh2ygg.1
2014-11-21,1055.0,3038.0,926.0,462.0,verified_real_mendeley_cc_by_4.0,https://doi.org/10.17632/t76ckh2ygg.1
2014-11-24,1059.0,2975.0,942.0,469.0,verified_real_mendeley_cc_by_4.0,https://doi.org/10.17632/t76ckh2ygg.1
2014-11-25,1064.0,2963.0,956.0,476.0,verified_real_mendeley_cc_by_4.0,https://doi.org/10.17632/t76ckh2ygg.1
2014-11-26,1073.0,2612.0,970.0,482.0,verified_real_mendeley_cc_by_4.0,https://doi.org/10.17632/t76ckh2ygg.1
2014-11-27,1099.0,2347.0,980.0,487.0,verified_real_mendeley_cc_by_4.0,https://doi.org/10.17632/t76ckh2ygg.1
2014-11-28,1120.0,2151.0,984.0,491.0,verified_real_mendeley_cc_by_4.0,https://doi.org/10.17632/t76ckh2ygg.1
2014-12-01,1124.0,2025.0,986.0,492.0,verified_real_mendeley_cc_by_4.0,https://doi.org/10.17632/t76ckh2ygg.1
2014-12-02,1119.0,1898.0,989.0,495.0,verified_real_mendeley_cc_by_4.0,https://doi.org/10.17632/t76ckh2ygg.1
2014-12-03,1108.0,1677.0,987.0,498.0,verified_real_mendeley_cc_by_4.0,https://doi.org/10.17632/t76ckh2ygg.1
2014-12-04,1097.0,1452.0,984.0,498.0,verified_real_mendeley_cc_by_4.0,https://doi.org/10.17632/t76ckh2ygg.1
2014-12-05,1088.0,1282.0,980.0,499.0,verified_real_mendeley_cc_by_4.0,https://doi.org/10.17632/t76ckh2ygg.1
2014-12-08,1081.0,1165.0,971.0,497.0,verified_real_mendeley_cc_by_4.0,https://doi.org/10.17632/t76ckh2ygg.1
2014-12-09,1066.0,1075.0,969.0,497.0,verified_real_mendeley_cc_by_4.0,https://doi.org/10.17632/t76ckh2ygg.1
2014-12-10,1047.0,979.0,966.0,494.0,verified_real_mendeley_cc_by_4.0,https://doi.org/10.17632/t76ckh2ygg.1
2014-12-11,1026.0,879.0,960.0,492.0,verified_real_mendeley_cc_by_4.0,https://doi.org/10.17632/t76ckh2ygg.1
2014-12-12,1001.0,763.0,953.0,493.0,verified_real_mendeley_cc_by_4.0,https://doi.org/10.17632/t76ckh2ygg.1
2014-12-15,980.0,659.0,950.0,493.0,verified_real_mendeley_cc_by_4.0,https://doi.org/10.17632/t76ckh2ygg.1
2014-12-16,961.0,617.0,947.0,495.0,verified_real_mendeley_cc_by_4.0,https://doi.org/10.17632/t76ckh2ygg.1
2014-12-17,945.0,571.0,942.0,496.0,verified_real_mendeley_cc_by_4.0,https://doi.org/10.17632/t76ckh2ygg.1
2014-12-18,929.0,517.0,932.0,496.0,verified_real_mendeley_cc_by_4.0,https://doi.org/10.17632/t76ckh2ygg.1
2014-12-19,907.0,488.0,925.0,497.0,verified_real_mendeley_cc_by_4.0,https://doi.org/10.17632/t76ckh2ygg.1
2014-12-22,891.0,480.0,917.0,495.0,verified_real_mendeley_cc_by_4.0,https://doi.org/10.17632/t76ckh2ygg.1
2014-12-23,872.0,472.0,906.0,495.0,verified_real_mendeley_cc_by_4.0,https://doi.org/10.17632/t76ckh2ygg.1
2014-12-24,856.0,474.0,897.0,495.0,verified_real_mendeley_cc_by_4.0,https://doi.org/10.17632/t76ckh2ygg.1
2015-01-02,827.0,456.0,887.0,488.0,verified_real_mendeley_cc_by_4.0,https://doi.org/10.17632/t76ckh2ygg.1
2015-01-05,811.0,442.0,884.0,482.0,verified_real_mendeley_cc_by_4.0,https://doi.org/10.17632/t76ckh2ygg.1
2015-01-06,794.0,432.0,873.0,479.0,verified_real_mendeley_cc_by_4.0,https://doi.org/10.17632/t76ckh2ygg.1
2015-01-07,780.0,397.0,861.0,466.0,verified_real_mendeley_cc_by_4.0,https://doi.org/10.17632/t76ckh2ygg.1
2015-01-08,776.0,335.0,843.0,455.0,verified_real_mendeley_cc_by_4.0,https://doi.org/10.17632/t76ckh2ygg.1
2015-01-09,764.0,311.0,820.0,446.0,verified_real_mendeley_cc_by_4.0,https://doi.org/10.17632/t76ckh2ygg.1
2015-01-12,762.0,373.0,800.0,441.0,verified_real_mendeley_cc_by_4.0,https://doi.org/10.17632/t76ckh2ygg.1
2015-01-13,766.0,537.0,778.0,435.0,verified_real_mendeley_cc_by_4.0,https://doi.org/10.17632/t76ckh2ygg.1
2015-01-14,766.0,557.0,763.0,429.0,verified_real_mendeley_cc_by_4.0,https://doi.org/10.17632/t76ckh2ygg.1
2015-01-15,766.0,585.0,752.0,425.0,verified_real_mendeley_cc_by_4.0,https://doi.org/10.17632/t76ckh2ygg.1
2015-01-16,759.0,620.0,735.0,418.0,verified_real_mendeley_cc_by_4.0,https://doi.org/10.17632/t76ckh2ygg.1
2015-01-19,751.0,662.0,716.0,415.0,verified_real_mendeley_cc_by_4.0,https://doi.org/10.17632/t76ckh2ygg.1
2015-01-20,741.0,752.0,699.0,410.0,verified_real_mendeley_cc_by_4.0,https://doi.org/10.17632/t76ckh2ygg.1
2015-01-21,725.0,971.0,684.0,402.0,verified_real_mendeley_cc_by_4.0,https://doi.org/10.17632/t76ckh2ygg.1
2015-01-22,704.0,965.0,673.0,392.0,verified_real_mendeley_cc_by_4.0,https://doi.org/10.17632/t76ckh2ygg.1
2015-01-23,685.0,887.0,659.0,380.0,verified_real_mendeley_cc_by_4.0,https://doi.org/10.17632/t76ckh2ygg.1
2015-01-26,669.0,857.0,650.0,373.0,verified_real_mendeley_cc_by_4.0,https://doi.org/10.17632/t76ckh2ygg.1
2015-01-27,648.0,831.0,642.0,364.0,verified_real_mendeley_cc_by_4.0,https://doi.org/10.17632/t76ckh2ygg.1
2015-01-28,620.0,785.0,632.0,356.0,verified_real_mendeley_cc_by_4.0,https://doi.org/10.17632/t76ckh2ygg.1
2015-01-29,550.0,725.0,618.0,348.0,verified_real_mendeley_cc_by_4.0,https://doi.org/10.17632/t76ckh2ygg.1
2015-01-30,508.0,679.0,599.0,340.0,verified_real_mendeley_cc_by_4.0,https://doi.org/10.17632/t76ckh2ygg.1
2015-02-02,480.0,665.0,585.0,332.0,verified_real_mendeley_cc_by_4.0,https://doi.org/10.17632/t76ckh2ygg.1
2015-02-03,454.0,663.0,567.0,326.0,verified_real_mendeley_cc_by_4.0,https://doi.org/10.17632/t76ckh2ygg.1
2015-02-04,437.0,669.0,556.0,321.0,verified_real_mendeley_cc_by_4.0,https://doi.org/10.17632/t76ckh2ygg.1
2015-02-05,428.0,680.0,545.0,309.0,verified_real_mendeley_cc_by_4.0,https://doi.org/10.17632/t76ckh2ygg.1
2015-02-06,430.0,689.0,538.0,301.0,verified_real_mendeley_cc_by_4.0,https://doi.org/10.17632/t76ckh2ygg.1
2015-02-09,434.0,687.0,530.0,295.0,verified_real_mendeley_cc_by_4.0,https://doi.org/10.17632/t76ckh2ygg.1
2015-02-10,446.0,711.0,523.0,289.0,verified_real_mendeley_cc_by_4.0,https://doi.org/10.17632/t76ckh2ygg.1
2015-02-11,469.0,700.0,516.0,281.0,verified_real_mendeley_cc_by_4.0,https://doi.org/10.17632/t76ckh2ygg.1
2015-02-12,489.0,652.0,508.0,273.0,verified_real_mendeley_cc_by_4.0,https://doi.org/10.17632/t76ckh2ygg.1
2015-02-13,499.0,630.0,496.0,268.0,verified_real_mendeley_cc_by_4.0,https://doi.org/10.17632/t76ckh2ygg.1
2015-02-16,505.0,614.0,486.0,263.0,verified_real_mendeley_cc_by_4.0,https://doi.org/10.17632/t76ckh2ygg.1
2015-02-17,508.0,589.0,480.0,261.0,verified_real_mendeley_cc_by_4.0,https://doi.org/10.17632/t76ckh2ygg.1
2015-02-18,514.0,564.0,480.0,260.0,verified_real_mendeley_cc_by_4.0,https://doi.org/10.17632/t76ckh2ygg.1
2015-02-19,516.0,539.0,478.0,267.0,verified_real_mendeley_cc_by_4.0,https://doi.org/10.17632/t76ckh2ygg.1
2015-02-20,514.0,542.0,483.0,270.0,verified_real_mendeley_cc_by_4.0,https://doi.org/10.17632/t76ckh2ygg.1
2015-02-23,512.0,543.0,490.0,266.0,verified_real_mendeley_cc_by_4.0,https://doi.org/10.17632/t76ckh2ygg.1
2015-02-24,514.0,534.0,492.0,274.0,verified_real_mendeley_cc_by_4.0,https://doi.org/10.17632/t76ckh2ygg.1
2015-02-25,519.0,529.0,490.0,289.0,verified_real_mendeley_cc_by_4.0,https://doi.org/10.17632/t76ckh2ygg.1
2015-02-26,531.0,525.0,496.0,300.0,verified_real_mendeley_cc_by_4.0,https://doi.org/10.17632/t76ckh2ygg.1
2015-02-27,540.0,521.0,506.0,308.0,verified_real_mendeley_cc_by_4.0,https://doi.org/10.17632/t76ckh2ygg.1
2015-03-02,551.0,516.0,515.0,318.0,verified_real_mendeley_cc_by_4.0,https://doi.org/10.17632/t76ckh2ygg.1
2015-03-03,564.0,490.0,528.0,327.0,verified_real_mendeley_cc_by_4.0,https://doi.org/10.17632/t76ckh2ygg.1
2015-03-04,576.0,478.0,541.0,338.0,verified_real_mendeley_cc_by_4.0,https://doi.org/10.17632/t76ckh2ygg.1
2015-03-05,583.0,464.0,550.0,348.0,verified_real_mendeley_cc_by_4.0,https://doi.org/10.17632/t76ckh2ygg.1
2015-03-06,587.0,470.0,560.0,352.0,verified_real_mendeley_cc_by_4.0,https://doi.org/10.17632/t76ckh2ygg.1
2015-03-09,590.0,468.0,566.0,356.0,verified_real_mendeley_cc_by_4.0,https://doi.org/10.17632/t76ckh2ygg.1
2015-03-10,591.0,457.0,573.0,357.0,verified_real_mendeley_cc_by_4.0,https://doi.org/10.17632/t76ckh2ygg.1
2015-03-11,588.0,431.0,580.0,361.0,verified_real_mendeley_cc_by_4.0,https://doi.org/10.17632/t76ckh2ygg.1
2015-03-12,586.0,394.0,589.0,364.0,verified_real_mendeley_cc_by_4.0,https://doi.org/10.17632/t76ckh2ygg.1
2015-03-13,585.0,378.0,596.0,368.0,verified_real_mendeley_cc_by_4.0,https://doi.org/10.17632/t76ckh2ygg.1
2015-03-16,588.0,372.0,606.0,370.0,verified_real_mendeley_cc_by_4.0,https://doi.org/10.17632/t76ckh2ygg.1
2015-03-17,595.0,366.0,611.0,375.0,verified_real_mendeley_cc_by_4.0,https://doi.org/10.17632/t76ckh2ygg.1
2015-03-18,604.0,357.0,616.0,378.0,verified_real_mendeley_cc_by_4.0,https://doi.org/10.17632/t76ckh2ygg.1
2015-03-19,613.0,407.0,623.0,383.0,verified_real_mendeley_cc_by_4.0,https://doi.org/10.17632/t76ckh2ygg.1
2015-03-20,617.0,423.0,627.0,384.0,verified_real_mendeley_cc_by_4.0,https://doi.org/10.17632/t76ckh2ygg.1
2015-03-23,617.0,435.0,635.0,386.0,verified_real_mendeley_cc_by_4.0,https://doi.org/10.17632/t76ckh2ygg.1
2015-03-24,609.0,448.0,640.0,388.0,verified_real_mendeley_cc_by_4.0,https://doi.org/10.17632/t76ckh2ygg.1
2015-03-25,602.0,455.0,645.0,390.0,verified_real_mendeley_cc_by_4.0,https://doi.org/10.17632/t76ckh2ygg.1
2015-03-26,599.0,456.0,648.0,390.0,verified_real_mendeley_cc_by_4.0,https://doi.org/10.17632/t76ckh2ygg.1
2015-03-27,597.0,456.0,648.0,390.0,verified_real_mendeley_cc_by_4.0,https://doi.org/10.17632/t76ckh2ygg.1
2015-03-30,600.0,460.0,647.0,393.0,verified_real_mendeley_cc_by_4.0,https://doi.org/10.17632/t76ckh2ygg.1
2015-03-31,598.0,475.0,649.0,392.0,verified_real_mendeley_cc_by_4.0,https://doi.org/10.17632/t76ckh2ygg.1
2015-04-01,596.0,463.0,650.0,389.0,verified_real_mendeley_cc_by_4.0,https://doi.org/10.17632/t76ckh2ygg.1
2015-04-02,589.0,454.0,646.0,386.0,verified_real_mendeley_cc_by_4.0,https://doi.org/10.17632/t76ckh2ygg.1
2015-04-07,584.0,448.0,636.0,385.0,verified_real_mendeley_cc_by_4.0,https://doi.org/10.17632/t76ckh2ygg.1
2015-04-08,585.0,450.0,631.0,382.0,verified_real_mendeley_cc_by_4.0,https://doi.org/10.17632/t76ckh2ygg.1
2015-04-09,591.0,461.0,624.0,379.0,verified_real_mendeley_cc_by_4.0,https://doi.org/10.17632/t76ckh2ygg.1
2015-04-10,600.0,466.0,617.0,373.0,verified_real_mendeley_cc_by_4.0,https://doi.org/10.17632/t76ckh2ygg.1
2015-04-13,609.0,460.0,613.0,369.0,verified_real_mendeley_cc_by_4.0,https://doi.org/10.17632/t76ckh2ygg.1
2015-04-14,619.0,470.0,609.0,366.0,verified_real_mendeley_cc_by_4.0,https://doi.org/10.17632/t76ckh2ygg.1
2015-04-15,626.0,494.0,608.0,362.0,verified_real_mendeley_cc_by_4.0,https://doi.org/10.17632/t76ckh2ygg.1
2015-04-16,636.0,521.0,608.0,360.0,verified_real_mendeley_cc_by_4.0,https://doi.org/10.17632/t76ckh2ygg.1
2015-04-17,642.0,532.0,612.0,358.0,verified_real_mendeley_cc_by_4.0,https://doi.org/10.17632/t76ckh2ygg.1
2015-04-20,646.0,537.0,619.0,357.0,verified_real_mendeley_cc_by_4.0,https://doi.org/10.17632/t76ckh2ygg.1
2015-04-21,659.0,549.0,618.0,355.0,verified_real_mendeley_cc_by_4.0,https://doi.org/10.17632/t76ckh2ygg.1
2015-04-22,669.0,544.0,619.0,355.0,verified_real_mendeley_cc_by_4.0,https://doi.org/10.17632/t76ckh2ygg.1
2015-04-23,680.0,543.0,620.0,351.0,verified_real_mendeley_cc_by_4.0,https://doi.org/10.17632/t76ckh2ygg.1
2015-04-24,685.0,545.0,621.0,348.0,verified_real_mendeley_cc_by_4.0,https://doi.org/10.17632/t76ckh2ygg.1
2015-04-27,687.0,546.0,624.0,347.0,verified_real_mendeley_cc_by_4.0,https://doi.org/10.17632/t76ckh2ygg.1
2015-04-28,685.0,551.0,626.0,346.0,verified_real_mendeley_cc_by_4.0,https://doi.org/10.17632/t76ckh2ygg.1
2015-04-29,673.0,558.0,628.0,345.0,verified_real_mendeley_cc_by_4.0,https://doi.org/10.17632/t76ckh2ygg.1
2015-04-30,658.0,565.0,627.0,343.0,verified_real_mendeley_cc_by_4.0,https://doi.org/10.17632/t76ckh2ygg.1
2015-05-01,647.0,574.0,625.0,340.0,verified_real_mendeley_cc_by_4.0,https://doi.org/10.17632/t76ckh2ygg.1
2015-05-05,633.0,571.0,621.0,335.0,verified_real_mendeley_cc_by_4.0,https://doi.org/10.17632/t76ckh2ygg.1
2015-05-06,618.0,574.0,618.0,332.0,verified_real_mendeley_cc_by_4.0,https://doi.org/10.17632/t76ckh2ygg.1
2015-05-07,603.0,594.0,618.0,331.0,verified_real_mendeley_cc_by_4.0,https://doi.org/10.17632/t76ckh2ygg.1
2015-05-08,594.0,616.0,618.0,329.0,verified_real_mendeley_cc_by_4.0,https://doi.org/10.17632/t76ckh2ygg.1
2015-05-11,586.0,660.0,618.0,328.0,verified_real_mendeley_cc_by_4.0,https://doi.org/10.17632/t76ckh2ygg.1
2015-05-12,583.0,731.0,617.0,327.0,verified_real_mendeley_cc_by_4.0,https://doi.org/10.17632/t76ckh2ygg.1
2015-05-13,584.0,942.0,619.0,326.0,verified_real_mendeley_cc_by_4.0,https://doi.org/10.17632/t76ckh2ygg.1
2015-05-14,580.0,972.0,624.0,326.0,verified_real_mendeley_cc_by_4.0,https://doi.org/10.17632/t76ckh2ygg.1
2015-05-15,579.0,954.0,626.0,327.0,verified_real_mendeley_cc_by_4.0,https://doi.org/10.17632/t76ckh2ygg.1
2015-05-18,578.0,950.0,628.0,326.0,verified_real_mendeley_cc_by_4.0,https://doi.org/10.17632/t76ckh2ygg.1
2015-05-19,574.0,923.0,626.0,325.0,verified_real_mendeley_cc_by_4.0,https://doi.org/10.17632/t76ckh2ygg.1
2015-05-20,565.0,889.0,625.0,326.0,verified_real_mendeley_cc_by_4.0,https://doi.org/10.17632/t76ckh2ygg.1
2015-05-21,556.0,844.0,623.0,327.0,verified_real_mendeley_cc_by_4.0,https://doi.org/10.17632/t76ckh2ygg.1
2015-05-22,549.0,816.0,624.0,327.0,verified_real_mendeley_cc_by_4.0,https://doi.org/10.17632/t76ckh2ygg.1
2015-05-26,540.0,806.0,627.0,327.0,verified_real_mendeley_cc_by_4.0,https://doi.org/10.17632/t76ckh2ygg.1
2015-05-27,530.0,823.0,631.0,327.0,verified_real_mendeley_cc_by_4.0,https://doi.org/10.17632/t76ckh2ygg.1
2015-05-28,525.0,817.0,635.0,328.0,verified_real_mendeley_cc_by_4.0,https://doi.org/10.17632/t76ckh2ygg.1
2015-05-29,524.0,810.0,642.0,331.0,verified_real_mendeley_cc_by_4.0,https://doi.org/10.17632/t76ckh2ygg.1
2015-06-01,522.0,804.0,647.0,332.0,verified_real_mendeley_cc_by_4.0,https://doi.org/10.17632/t76ckh2ygg.1
2015-06-02,528.0,821.0,652.0,332.0,verified_real_mendeley_cc_by_4.0,https://doi.org/10.17632/t76ckh2ygg.1
2015-06-03,544.0,821.0,653.0,332.0,verified_real_mendeley_cc_by_4.0,https://doi.org/10.17632/t76ckh2ygg.1
2015-06-04,570.0,818.0,654.0,333.0,verified_real_mendeley_cc_by_4.0,https://doi.org/10.17632/t76ckh2ygg.1
2015-06-05,596.0,865.0,654.0,332.0,verified_real_mendeley_cc_by_4.0,https://doi.org/10.17632/t76ckh2ygg.1
2015-06-08,608.0,856.0,656.0,331.0,verified_real_mendeley_cc_by_4.0,https://doi.org/10.17632/t76ckh2ygg.1
2015-06-09,630.0,834.0,655.0,331.0,verified_real_mendeley_cc_by_4.0,https://doi.org/10.17632/t76ckh2ygg.1
2015-06-10,662.0,816.0,654.0,333.0,verified_real_mendeley_cc_by_4.0,https://doi.org/10.17632/t76ckh2ygg.1
2015-06-11,696.0,810.0,661.0,336.0,verified_real_mendeley_cc_by_4.0,https://doi.org/10.17632/t76ckh2ygg.1
2015-06-12,719.0,820.0,669.0,338.0,verified_real_mendeley_cc_by_4.0,https://doi.org/10.17632/t76ckh2ygg.1
2015-06-15,742.0,840.0,678.0,341.0,verified_real_mendeley_cc_by_4.0,https://doi.org/10.17632/t76ckh2ygg.1
2015-06-16,772.0,904.0,685.0,345.0,verified_real_mendeley_cc_by_4.0,https://doi.org/10.17632/t76ckh2ygg.1
2015-06-17,817.0,1045.0,695.0,349.0,verified_real_mendeley_cc_by_4.0,https://doi.org/10.17632/t76ckh2ygg.1
2015-06-18,847.0,1234.0,706.0,351.0,verified_real_mendeley_cc_by_4.0,https://doi.org/10.17632/t76ckh2ygg.1
2015-06-19,851.0,1241.0,715.0,355.0,verified_real_mendeley_cc_by_4.0,https://doi.org/10.17632/t76ckh2ygg.1
2015-06-22,845.0,1248.0,721.0,355.0,verified_real_mendeley_cc_by_4.0,https://doi.org/10.17632/t76ckh2ygg.1
2015-06-23,834.0,1300.0,722.0,358.0,verified_real_mendeley_cc_by_4.0,https://doi.org/10.17632/t76ckh2ygg.1
2015-06-24,829.0,1428.0,721.0,359.0,verified_real_mendeley_cc_by_4.0,https://doi.org/10.17632/t76ckh2ygg.1
2015-06-25,827.0,1432.0,723.0,361.0,verified_real_mendeley_cc_by_4.0,https://doi.org/10.17632/t76ckh2ygg.1
2015-06-26,833.0,1393.0,723.0,362.0,verified_real_mendeley_cc_by_4.0,https://doi.org/10.17632/t76ckh2ygg.1
2015-06-29,838.0,1346.0,723.0,361.0,verified_real_mendeley_cc_by_4.0,https://doi.org/10.17632/t76ckh2ygg.1
2015-06-30,845.0,1292.0,722.0,361.0,verified_real_mendeley_cc_by_4.0,https://doi.org/10.17632/t76ckh2ygg.1
2015-07-01,858.0,1251.0,715.0,360.0,verified_real_mendeley_cc_by_4.0,https://doi.org/10.17632/t76ckh2ygg.1
2015-07-02,883.0,1226.0,713.0,360.0,verified_real_mendeley_cc_by_4.0,https://doi.org/10.17632/t76ckh2ygg.1
2015-07-03,908.0,1249.0,712.0,361.0,verified_real_mendeley_cc_by_4.0,https://doi.org/10.17632/t76ckh2ygg.1
2015-07-06,927.0,1266.0,716.0,362.0,verified_real_mendeley_cc_by_4.0,https://doi.org/10.17632/t76ckh2ygg.1
2015-07-07,945.0,1285.0,723.0,367.0,verified_real_mendeley_cc_by_4.0,https://doi.org/10.17632/t76ckh2ygg.1
2015-07-08,973.0,1278.0,742.0,373.0,verified_real_mendeley_cc_by_4.0,https://doi.org/10.17632/t76ckh2ygg.1
2015-07-09,1016.0,1279.0,750.0,377.0,verified_real_mendeley_cc_by_4.0,https://doi.org/10.17632/t76ckh2ygg.1
2015-07-10,1052.0,1318.0,759.0,384.0,verified_real_mendeley_cc_by_4.0,https://doi.org/10.17632/t76ckh2ygg.1
2015-07-13,1076.0,1389.0,767.0,391.0,verified_real_mendeley_cc_by_4.0,https://doi.org/10.17632/t76ckh2ygg.1
2015-07-14,1096.0,1394.0,774.0,399.0,verified_real_mendeley_cc_by_4.0,https://doi.org/10.17632/t76ckh2ygg.1
2015-07-15,1122.0,1462.0,784.0,409.0,verified_real_mendeley_cc_by_4.0,https://doi.org/10.17632/t76ckh2ygg.1
2015-07-16,1149.0,1611.0,801.0,417.0,verified_real_mendeley_cc_by_4.0,https://doi.org/10.17632/t76ckh2ygg.1
2015-07-17,1162.0,1712.0,823.0,427.0,verified_real_mendeley_cc_by_4.0,https://doi.org/10.17632/t76ckh2ygg.1
2015-07-20,1170.0,1763.0,846.0,431.0,verified_real_mendeley_cc_by_4.0,https://doi.org/10.17632/t76ckh2ygg.1
2015-07-21,1179.0,1935.0,862.0,432.0,verified_real_mendeley_cc_by_4.0,https://doi.org/10.17632/t76ckh2ygg.1
2015-07-22,1179.0,1952.0,875.0,433.0,verified_real_mendeley_cc_by_4.0,https://doi.org/10.17632/t76ckh2ygg.1
2015-07-23,1161.0,1924.0,889.0,431.0,verified_real_mendeley_cc_by_4.0,https://doi.org/10.17632/t76ckh2ygg.1
2015-07-24,1137.0,1896.0,896.0,428.0,verified_real_mendeley_cc_by_4.0,https://doi.org/10.17632/t76ckh2ygg.1
2015-07-27,1115.0,1935.0,899.0,427.0,verified_real_mendeley_cc_by_4.0,https://doi.org/10.17632/t76ckh2ygg.1
2015-07-28,1095.0,1990.0,903.0,425.0,verified_real_mendeley_cc_by_4.0,https://doi.org/10.17632/t76ckh2ygg.1
2015-07-29,1069.0,2103.0,903.0,423.0,verified_real_mendeley_cc_by_4.0,https://doi.org/10.17632/t76ckh2ygg.1
2015-07-30,1044.0,2116.0,898.0,422.0,verified_real_mendeley_cc_by_4.0,https://doi.org/10.17632/t76ckh2ygg.1
2015-07-31,1023.0,2209.0,892.0,423.0,verified_real_mendeley_cc_by_4.0,https://doi.org/10.17632/t76ckh2ygg.1
2015-08-03,1006.0,2308.0,899.0,424.0,verified_real_mendeley_cc_by_4.0,https://doi.org/10.17632/t76ckh2ygg.1
2015-08-04,1001.0,2512.0,900.0,425.0,verified_real_mendeley_cc_by_4.0,https://doi.org/10.17632/t76ckh2ygg.1
2015-08-05,1005.0,2604.0,899.0,427.0,verified_real_mendeley_cc_by_4.0,https://doi.org/10.17632/t76ckh2ygg.1
2015-08-06,1013.0,2514.0,901.0,432.0,verified_real_mendeley_cc_by_4.0,https://doi.org/10.17632/t76ckh2ygg.1
2015-08-07,1021.0,2512.0,904.0,438.0,verified_real_mendeley_cc_by_4.0,https://doi.org/10.17632/t76ckh2ygg.1
2015-08-10,1028.0,2499.0,904.0,443.0,verified_real_mendeley_cc_by_4.0,https://doi.org/10.17632/t76ckh2ygg.1
2015-08-11,1043.0,2367.0,901.0,446.0,verified_real_mendeley_cc_by_4.0,https://doi.org/10.17632/t76ckh2ygg.1
2015-08-12,1053.0,2107.0,900.0,447.0,verified_real_mendeley_cc_by_4.0,https://doi.org/10.17632/t76ckh2ygg.1
2015-08-13,1054.0,1875.0,899.0,448.0,verified_real_mendeley_cc_by_4.0,https://doi.org/10.17632/t76ckh2ygg.1
2015-08-14,1057.0,1884.0,901.0,449.0,verified_real_mendeley_cc_by_4.0,https://doi.org/10.17632/t76ckh2ygg.1
2015-08-17,1057.0,1913.0,905.0,449.0,verified_real_mendeley_cc_by_4.0,https://doi.org/10.17632/t76ckh2ygg.1
2015-08-18,1052.0,1838.0,908.0,449.0,verified_real_mendeley_cc_by_4.0,https://doi.org/10.17632/t76ckh2ygg.1
2015-08-19,1049.0,1773.0,915.0,453.0,verified_real_mendeley_cc_by_4.0,https://doi.org/10.17632/t76ckh2ygg.1
2015-08-20,1052.0,1679.0,920.0,460.0,verified_real_mendeley_cc_by_4.0,https://doi.org/10.17632/t76ckh2ygg.1
2015-08-21,1054.0,1559.0,924.0,464.0,verified_real_mendeley_cc_by_4.0,https://doi.org/10.17632/t76ckh2ygg.1
2015-08-24,1052.0,1403.0,930.0,469.0,verified_real_mendeley_cc_by_4.0,https://doi.org/10.17632/t76ckh2ygg.1
2015-08-25,1047.0,1248.0,933.0,473.0,verified_real_mendeley_cc_by_4.0,https://doi.org/10.17632/t76ckh2ygg.1
2015-08-26,1031.0,1089.0,934.0,477.0,verified_real_mendeley_cc_by_4.0,https://doi.org/10.17632/t76ckh2ygg.1
2015-08-27,1000.0,1051.0,933.0,479.0,verified_real_mendeley_cc_by_4.0,https://doi.org/10.17632/t76ckh2ygg.1
2015-08-28,974.0,1071.0,931.0,480.0,verified_real_mendeley_cc_by_4.0,https://doi.org/10.17632/t76ckh2ygg.1
2015-09-01,949.0,1176.0,925.0,480.0,verified_real_mendeley_cc_by_4.0,https://doi.org/10.17632/t76ckh2ygg.1
2015-09-02,912.0,1194.0,912.0,481.0,verified_real_mendeley_cc_by_4.0,https://doi.org/10.17632/t76ckh2ygg.1
2015-09-03,870.0,1195.0,896.0,483.0,verified_real_mendeley_cc_by_4.0,https://doi.org/10.17632/t76ckh2ygg.1
2015-09-04,837.0,1187.0,882.0,485.0,verified_real_mendeley_cc_by_4.0,https://doi.org/10.17632/t76ckh2ygg.1
2015-09-07,812.0,1243.0,870.0,482.0,verified_real_mendeley_cc_by_4.0,https://doi.org/10.17632/t76ckh2ygg.1
2015-09-08,793.0,1286.0,857.0,477.0,verified_real_mendeley_cc_by_4.0,https://doi.org/10.17632/t76ckh2ygg.1
2015-09-09,776.0,1256.0,848.0,472.0,verified_real_mendeley_cc_by_4.0,https://doi.org/10.17632/t76ckh2ygg.1
2015-09-10,751.0,1202.0,838.0,468.0,verified_real_mendeley_cc_by_4.0,https://doi.org/10.17632/t76ckh2ygg.1
2015-09-11,735.0,1198.0,824.0,460.0,verified_real_mendeley_cc_by_4.0,https://doi.org/10.17632/t76ckh2ygg.1
2015-09-14,723.0,1185.0,810.0,452.0,verified_real_mendeley_cc_by_4.0,https://doi.org/10.17632/t76ckh2ygg.1
2015-09-15,720.0,1196.0,799.0,445.0,verified_real_mendeley_cc_by_4.0,https://doi.org/10.17632/t76ckh2ygg.1
2015-09-16,716.0,1264.0,789.0,439.0,verified_real_mendeley_cc_by_4.0,https://doi.org/10.17632/t76ckh2ygg.1
2015-09-17,727.0,1637.0,783.0,431.0,verified_real_mendeley_cc_by_4.0,https://doi.org/10.17632/t76ckh2ygg.1
2015-09-18,753.0,1995.0,772.0,426.0,verified_real_mendeley_cc_by_4.0,https://doi.org/10.17632/t76ckh2ygg.1
2015-09-21,769.0,2096.0,762.0,421.0,verified_real_mendeley_cc_by_4.0,https://doi.org/10.17632/t76ckh2ygg.1
2015-09-22,769.0,1873.0,757.0,417.0,verified_real_mendeley_cc_by_4.0,https://doi.org/10.17632/t76ckh2ygg.1
2015-09-23,761.0,1872.0,749.0,414.0,verified_real_mendeley_cc_by_4.0,https://doi.org/10.17632/t76ckh2ygg.1
2015-09-24,751.0,1911.0,742.0,411.0,verified_real_mendeley_cc_by_4.0,https://doi.org/10.17632/t76ckh2ygg.1
2015-09-25,744.0,2024.0,738.0,408.0,verified_real_mendeley_cc_by_4.0,https://doi.org/10.17632/t76ckh2ygg.1
2015-09-28,738.0,2075.0,733.0,402.0,verified_real_mendeley_cc_by_4.0,https://doi.org/10.17632/t76ckh2ygg.1
2015-09-29,725.0,2031.0,724.0,400.0,verified_real_mendeley_cc_by_4.0,https://doi.org/10.17632/t76ckh2ygg.1
2015-09-30,712.0,1936.0,713.0,398.0,verified_real_mendeley_cc_by_4.0,https://doi.org/10.17632/t76ckh2ygg.1
2015-10-01,704.0,1911.0,703.0,396.0,verified_real_mendeley_cc_by_4.0,https://doi.org/10.17632/t76ckh2ygg.1
2015-10-02,701.0,1931.0,695.0,392.0,verified_real_mendeley_cc_by_4.0,https://doi.org/10.17632/t76ckh2ygg.1
2015-10-05,699.0,1901.0,691.0,390.0,verified_real_mendeley_cc_by_4.0,https://doi.org/10.17632/t76ckh2ygg.1
2015-10-06,700.0,1860.0,688.0,386.0,verified_real_mendeley_cc_by_4.0,https://doi.org/10.17632/t76ckh2ygg.1
2015-10-07,709.0,1742.0,681.0,384.0,verified_real_mendeley_cc_by_4.0,https://doi.org/10.17632/t76ckh2ygg.1
2015-10-08,736.0,1598.0,676.0,382.0,verified_real_mendeley_cc_by_4.0,https://doi.org/10.17632/t76ckh2ygg.1
2015-10-09,761.0,1549.0,672.0,380.0,verified_real_mendeley_cc_by_4.0,https://doi.org/10.17632/t76ckh2ygg.1
2015-10-12,768.0,1551.0,669.0,380.0,verified_real_mendeley_cc_by_4.0,https://doi.org/10.17632/t76ckh2ygg.1
2015-10-13,770.0,1531.0,666.0,379.0,verified_real_mendeley_cc_by_4.0,https://doi.org/10.17632/t76ckh2ygg.1
2015-10-14,761.0,1457.0,664.0,379.0,verified_real_mendeley_cc_by_4.0,https://doi.org/10.17632/t76ckh2ygg.1
2015-10-15,742.0,1368.0,662.0,378.0,verified_real_mendeley_cc_by_4.0,https://doi.org/10.17632/t76ckh2ygg.1
2015-10-16,722.0,1318.0,661.0,376.0,verified_real_mendeley_cc_by_4.0,https://doi.org/10.17632/t76ckh2ygg.1
2015-10-19,710.0,1312.0,658.0,371.0,verified_real_mendeley_cc_by_4.0,https://doi.org/10.17632/t76ckh2ygg.1
2015-10-20,701.0,1399.0,656.0,368.0,verified_real_mendeley_cc_by_4.0,https://doi.org/10.17632/t76ckh2ygg.1
2015-10-21,693.0,1483.0,654.0,366.0,verified_real_mendeley_cc_by_4.0,https://doi.org/10.17632/t76ckh2ygg.1
2015-10-22,685.0,1512.0,652.0,365.0,verified_real_mendeley_cc_by_4.0,https://doi.org/10.17632/t76ckh2ygg.1
2015-10-23,683.0,1461.0,649.0,362.0,verified_real_mendeley_cc_by_4.0,https://doi.org/10.17632/t76ckh2ygg.1
2015-10-26,681.0,1403.0,648.0,360.0,verified_real_mendeley_cc_by_4.0,https://doi.org/10.17632/t76ckh2ygg.1
2015-10-27,686.0,1307.0,646.0,356.0,verified_real_mendeley_cc_by_4.0,https://doi.org/10.17632/t76ckh2ygg.1
2015-10-28,687.0,1275.0,645.0,354.0,verified_real_mendeley_cc_by_4.0,https://doi.org/10.17632/t76ckh2ygg.1
2015-10-29,682.0,1254.0,643.0,351.0,verified_real_mendeley_cc_by_4.0,https://doi.org/10.17632/t76ckh2ygg.1
2015-10-30,675.0,1229.0,633.0,349.0,verified_real_mendeley_cc_by_4.0,https://doi.org/10.17632/t76ckh2ygg.1
2015-11-02,665.0,1184.0,629.0,347.0,verified_real_mendeley_cc_by_4.0,https://doi.org/10.17632/t76ckh2ygg.1
2015-11-03,653.0,1099.0,620.0,339.0,verified_real_mendeley_cc_by_4.0,https://doi.org/10.17632/t76ckh2ygg.1
2015-11-04,636.0,1043.0,609.0,333.0,verified_real_mendeley_cc_by_4.0,https://doi.org/10.17632/t76ckh2ygg.1
2015-11-05,618.0,1002.0,596.0,328.0,verified_real_mendeley_cc_by_4.0,https://doi.org/10.17632/t76ckh2ygg.1
2015-11-06,603.0,1003.0,584.0,323.0,verified_real_mendeley_cc_by_4.0,https://doi.org/10.17632/t76ckh2ygg.1
2015-11-09,589.0,1021.0,571.0,319.0,verified_real_mendeley_cc_by_4.0,https://doi.org/10.17632/t76ckh2ygg.1
2015-11-10,575.0,1018.0,562.0,316.0,verified_real_mendeley_cc_by_4.0,https://doi.org/10.17632/t76ckh2ygg.1
2015-11-11,555.0,946.0,554.0,311.0,verified_real_mendeley_cc_by_4.0,https://doi.org/10.17632/t76ckh2ygg.1
2015-11-12,534.0,881.0,543.0,307.0,verified_real_mendeley_cc_by_4.0,https://doi.org/10.17632/t76ckh2ygg.1
2015-11-13,514.0,809.0,533.0,304.0,verified_real_mendeley_cc_by_4.0,https://doi.org/10.17632/t76ckh2ygg.1
2015-11-16,500.0,770.0,523.0,302.0,verified_real_mendeley_cc_by_4.0,https://doi.org/10.17632/t76ckh2ygg.1
2015-11-17,487.0,733.0,516.0,296.0,verified_real_mendeley_cc_by_4.0,https://doi.org/10.17632/t76ckh2ygg.1
2015-11-18,477.0,671.0,504.0,292.0,verified_real_mendeley_cc_by_4.0,https://doi.org/10.17632/t76ckh2ygg.1
2015-11-19,468.0,619.0,491.0,290.0,verified_real_mendeley_cc_by_4.0,https://doi.org/10.17632/t76ckh2ygg.1
2015-11-20,463.0,606.0,479.0,288.0,verified_real_mendeley_cc_by_4.0,https://doi.org/10.17632/t76ckh2ygg.1
2015-11-23,461.0,698.0,472.0,286.0,verified_real_mendeley_cc_by_4.0,https://doi.org/10.17632/t76ckh2ygg.1
2015-11-24,460.0,731.0,469.0,285.0,verified_real_mendeley_cc_by_4.0,https://doi.org/10.17632/t76ckh2ygg.1
2015-11-25,463.0,807.0,467.0,285.0,verified_real_mendeley_cc_by_4.0,https://doi.org/10.17632/t76ckh2ygg.1
2015-11-26,459.0,898.0,467.0,284.0,verified_real_mendeley_cc_by_4.0,https://doi.org/10.17632/t76ckh2ygg.1
2015-11-27,456.0,989.0,467.0,283.0,verified_real_mendeley_cc_by_4.0,https://doi.org/10.17632/t76ckh2ygg.1
2015-11-30,453.0,1007.0,467.0,285.0,verified_real_mendeley_cc_by_4.0,https://doi.org/10.17632/t76ckh2ygg.1
2015-12-01,450.0,1046.0,469.0,286.0,verified_real_mendeley_cc_by_4.0,https://doi.org/10.17632/t76ckh2ygg.1
2015-12-02,446.0,1001.0,471.0,286.0,verified_real_mendeley_cc_by_4.0,https://doi.org/10.17632/t76ckh2ygg.1
2015-12-03,438.0,931.0,472.0,286.0,verified_real_mendeley_cc_by_4.0,https://doi.org/10.17632/t76ckh2ygg.1
2015-12-04,433.0,890.0,470.0,286.0,verified_real_mendeley_cc_by_4.0,https://doi.org/10.17632/t76ckh2ygg.1
2015-12-07,426.0,852.0,469.0,286.0,verified_real_mendeley_cc_by_4.0,https://doi.org/10.17632/t76ckh2ygg.1
2015-12-08,420.0,870.0,465.0,286.0,verified_real_mendeley_cc_by_4.0,https://doi.org/10.17632/t76ckh2ygg.1
2015-12-09,412.0,857.0,461.0,286.0,verified_real_mendeley_cc_by_4.0,https://doi.org/10.17632/t76ckh2ygg.1
2015-12-10,408.0,824.0,460.0,285.0,verified_real_mendeley_cc_by_4.0,https://doi.org/10.17632/t76ckh2ygg.1
2015-12-11,410.0,779.0,455.0,282.0,verified_real_mendeley_cc_by_4.0,https://doi.org/10.17632/t76ckh2ygg.1
2015-12-14,410.0,722.0,451.0,279.0,verified_real_mendeley_cc_by_4.0,https://doi.org/10.17632/t76ckh2ygg.1
2015-12-15,411.0,623.0,450.0,276.0,verified_real_mendeley_cc_by_4.0,https://doi.org/10.17632/t76ckh2ygg.1
2015-12-16,415.0,549.0,449.0,275.0,verified_real_mendeley_cc_by_4.0,https://doi.org/10.17632/t76ckh2ygg.1
2015-12-17,421.0,524.0,448.0,274.0,verified_real_mendeley_cc_by_4.0,https://doi.org/10.17632/t76ckh2ygg.1
2015-12-18,426.0,524.0,448.0,273.0,verified_real_mendeley_cc_by_4.0,https://doi.org/10.17632/t76ckh2ygg.1
2015-12-21,433.0,512.0,449.0,273.0,verified_real_mendeley_cc_by_4.0,https://doi.org/10.17632/t76ckh2ygg.1
2015-12-22,445.0,485.0,449.0,271.0,verified_real_mendeley_cc_by_4.0,https://doi.org/10.17632/t76ckh2ygg.1
2015-12-23,457.0,469.0,449.0,270.0,verified_real_mendeley_cc_by_4.0,https://doi.org/10.17632/t76ckh2ygg.1
2015-12-24,462.0,470.0,450.0,270.0,verified_real_mendeley_cc_by_4.0,https://doi.org/10.17632/t76ckh2ygg.1
2016-01-04,464.0,472.0,450.0,267.0,verified_real_mendeley_cc_by_4.0,https://doi.org/10.17632/t76ckh2ygg.1
2016-01-05,466.0,462.0,449.0,266.0,verified_real_mendeley_cc_by_4.0,https://doi.org/10.17632/t76ckh2ygg.1
2016-01-06,464.0,467.0,445.0,263.0,verified_real_mendeley_cc_by_4.0,https://doi.org/10.17632/t76ckh2ygg.1
2016-01-07,450.0,399.0,442.0,259.0,verified_real_mendeley_cc_by_4.0,https://doi.org/10.17632/t76ckh2ygg.1
2016-01-08,434.0,343.0,436.0,256.0,verified_real_mendeley_cc_by_4.0,https://doi.org/10.17632/t76ckh2ygg.1
2016-01-11,420.0,314.0,430.0,251.0,verified_real_mendeley_cc_by_4.0,https://doi.org/10.17632/t76ckh2ygg.1
2016-01-12,411.0,266.0,422.0,250.0,verified_real_mendeley_cc_by_4.0,https://doi.org/10.17632/t76ckh2ygg.1
2016-01-13,399.0,245.0,416.0,250.0,verified_real_mendeley_cc_by_4.0,https://doi.org/10.17632/t76ckh2ygg.1
2016-01-14,388.0,225.0,412.0,247.0,verified_real_mendeley_cc_by_4.0,https://doi.org/10.17632/t76ckh2ygg.1
2016-01-15,381.0,198.0,402.0,245.0,verified_real_mendeley_cc_by_4.0,https://doi.org/10.17632/t76ckh2ygg.1
2016-01-18,375.0,197.0,394.0,243.0,verified_real_mendeley_cc_by_4.0,https://doi.org/10.17632/t76ckh2ygg.1
2016-01-19,369.0,185.0,388.0,240.0,verified_real_mendeley_cc_by_4.0,https://doi.org/10.17632/t76ckh2ygg.1
2016-01-20,360.0,186.0,381.0,238.0,verified_real_mendeley_cc_by_4.0,https://doi.org/10.17632/t76ckh2ygg.1
2016-01-21,346.0,206.0,372.0,237.0,verified_real_mendeley_cc_by_4.0,https://doi.org/10.17632/t76ckh2ygg.1
2016-01-22,334.0,229.0,366.0,233.0,verified_real_mendeley_cc_by_4.0,https://doi.org/10.17632/t76ckh2ygg.1
2016-01-25,325.0,254.0,358.0,231.0,verified_real_mendeley_cc_by_4.0,https://doi.org/10.17632/t76ckh2ygg.1
2016-01-26,312.0,242.0,350.0,229.0,verified_real_mendeley_cc_by_4.0,https://doi.org/10.17632/t76ckh2ygg.1
2016-01-27,303.0,235.0,338.0,225.0,verified_real_mendeley_cc_by_4.0,https://doi.org/10.17632/t76ckh2ygg.1
2016-01-28,293.0,216.0,327.0,222.0,verified_real_mendeley_cc_by_4.0,https://doi.org/10.17632/t76ckh2ygg.1
2016-01-29,287.0,211.0,316.0,219.0,verified_real_mendeley_cc_by_4.0,https://doi.org/10.17632/t76ckh2ygg.1
2016-02-01,282.0,217.0,304.0,216.0,verified_real_mendeley_cc_by_4.0,https://doi.org/10.17632/t76ckh2ygg.1
2016-02-02,282.0,217.0,299.0,212.0,verified_real_mendeley_cc_by_4.0,https://doi.org/10.17632/t76ckh2ygg.1
2016-02-03,284.0,209.0,289.0,203.0,verified_real_mendeley_cc_by_4.0,https://doi.org/10.17632/t76ckh2ygg.1
2016-02-04,289.0,208.0,280.0,197.0,verified_real_mendeley_cc_by_4.0,https://doi.org/10.17632/t76ckh2ygg.1
2016-02-05,295.0,212.0,271.0,194.0,verified_real_mendeley_cc_by_4.0,https://doi.org/10.17632/t76ckh2ygg.1
2016-02-08,298.0,207.0,262.0,190.0,verified_real_mendeley_cc_by_4.0,https://doi.org/10.17632/t76ckh2ygg.1
2016-02-09,297.0,207.0,255.0,188.0,verified_real_mendeley_cc_by_4.0,https://doi.org/10.17632/t76ckh2ygg.1
2016-02-10,301.0,208.0,250.0,186.0,verified_real_mendeley_cc_by_4.0,https://doi.org/10.17632/t76ckh2ygg.1
2016-02-11,312.0,206.0,247.0,184.0,verified_real_mendeley_cc_by_4.0,https://doi.org/10.17632/t76ckh2ygg.1
2016-02-12,324.0,199.0,244.0,183.0,verified_real_mendeley_cc_by_4.0,https://doi.org/10.17632/t76ckh2ygg.1
2016-02-15,334.0,204.0,243.0,183.0,verified_real_mendeley_cc_by_4.0,https://doi.org/10.17632/t76ckh2ygg.1
2016-02-16,346.0,223.0,247.0,184.0,verified_real_mendeley_cc_by_4.0,https://doi.org/10.17632/t76ckh2ygg.1
2016-02-17,357.0,223.0,252.0,186.0,verified_real_mendeley_cc_by_4.0,https://doi.org/10.17632/t76ckh2ygg.1
2016-02-18,358.0,220.0,259.0,193.0,verified_real_mendeley_cc_by_4.0,https://doi.org/10.17632/t76ckh2ygg.1
2016-02-19,355.0,207.0,270.0,198.0,verified_real_mendeley_cc_by_4.0,https://doi.org/10.17632/t76ckh2ygg.1
2016-02-22,350.0,197.0,286.0,200.0,verified_real_mendeley_cc_by_4.0,https://doi.org/10.17632/t76ckh2ygg.1
2016-02-23,346.0,189.0,298.0,203.0,verified_real_mendeley_cc_by_4.0,https://doi.org/10.17632/t76ckh2ygg.1
2016-02-24,346.0,186.0,310.0,206.0,verified_real_mendeley_cc_by_4.0,https://doi.org/10.17632/t76ckh2ygg.1
2016-02-25,346.0,182.0,321.0,209.0,verified_real_mendeley_cc_by_4.0,https://doi.org/10.17632/t76ckh2ygg.1
2016-02-26,352.0,177.0,328.0,212.0,verified_real_mendeley_cc_by_4.0,https://doi.org/10.17632/t76ckh2ygg.1
2016-02-29,354.0,174.0,333.0,214.0,verified_real_mendeley_cc_by_4.0,https://doi.org/10.17632/t76ckh2ygg.1
2016-03-01,357.0,174.0,339.0,217.0,verified_real_mendeley_cc_by_4.0,https://doi.org/10.17632/t76ckh2ygg.1
2016-03-02,364.0,171.0,345.0,220.0,verified_real_mendeley_cc_by_4.0,https://doi.org/10.17632/t76ckh2ygg.1
2016-03-03,374.0,166.0,350.0,227.0,verified_real_mendeley_cc_by_4.0,https://doi.org/10.17632/t76ckh2ygg.1
2016-03-04,386.0,164.0,363.0,232.0,verified_real_mendeley_cc_by_4.0,https://doi.org/10.17632/t76ckh2ygg.1
2016-03-07,397.0,161.0,371.0,237.0,verified_real_mendeley_cc_by_4.0,https://doi.org/10.17632/t76ckh2ygg.1
2016-03-08,422.0,180.0,377.0,240.0,verified_real_mendeley_cc_by_4.0,https://doi.org/10.17632/t76ckh2ygg.1
2016-03-09,447.0,178.0,386.0,243.0,verified_real_mendeley_cc_by_4.0,https://doi.org/10.17632/t76ckh2ygg.1
2016-03-10,466.0,178.0,399.0,246.0,verified_real_mendeley_cc_by_4.0,https://doi.org/10.17632/t76ckh2ygg.1
2016-03-11,477.0,176.0,412.0,249.0,verified_real_mendeley_cc_by_4.0,https://doi.org/10.17632/t76ckh2ygg.1
2016-03-14,481.0,179.0,420.0,252.0,verified_real_mendeley_cc_by_4.0,https://doi.org/10.17632/t76ckh2ygg.1
2016-03-15,481.0,186.0,427.0,255.0,verified_real_mendeley_cc_by_4.0,https://doi.org/10.17632/t76ckh2ygg.1
2016-03-16,474.0,172.0,432.0,257.0,verified_real_mendeley_cc_by_4.0,https://doi.org/10.17632/t76ckh2ygg.1
2016-03-17,467.0,178.0,439.0,258.0,verified_real_mendeley_cc_by_4.0,https://doi.org/10.17632/t76ckh2ygg.1
2016-03-18,463.0,197.0,445.0,260.0,verified_real_mendeley_cc_by_4.0,https://doi.org/10.17632/t76ckh2ygg.1
2016-03-21,459.0,197.0,449.0,262.0,verified_real_mendeley_cc_by_4.0,https://doi.org/10.17632/t76ckh2ygg.1
2016-03-22,455.0,186.0,460.0,264.0,verified_real_mendeley_cc_by_4.0,https://doi.org/10.17632/t76ckh2ygg.1
2016-03-23,458.0,196.0,464.0,266.0,verified_real_mendeley_cc_by_4.0,https://doi.org/10.17632/t76ckh2ygg.1
2016-03-24,466.0,203.0,468.0,268.0,verified_real_mendeley_cc_by_4.0,https://doi.org/10.17632/t76ckh2ygg.1
2016-03-29,471.0,207.0,473.0,270.0,verified_real_mendeley_cc_by_4.0,https://doi.org/10.17632/t76ckh2ygg.1
2016-03-30,484.0,210.0,474.0,271.0,verified_real_mendeley_cc_by_4.0,https://doi.org/10.17632/t76ckh2ygg.1
2016-03-31,501.0,270.0,475.0,272.0,verified_real_mendeley_cc_by_4.0,https://doi.org/10.17632/t76ckh2ygg.1
2016-04-01,535.0,345.0,476.0,272.0,verified_real_mendeley_cc_by_4.0,https://doi.org/10.17632/t76ckh2ygg.1
2016-04-04,563.0,424.0,476.0,274.0,verified_real_mendeley_cc_by_4.0,https://doi.org/10.17632/t76ckh2ygg.1
2016-04-05,596.0,466.0,479.0,275.0,verified_real_mendeley_cc_by_4.0,https://doi.org/10.17632/t76ckh2ygg.1
2016-04-06,619.0,477.0,479.0,278.0,verified_real_mendeley_cc_by_4.0,https://doi.org/10.17632/t76ckh2ygg.1
2016-04-07,627.0,562.0,482.0,280.0,verified_real_mendeley_cc_by_4.0,https://doi.org/10.17632/t76ckh2ygg.1
2016-04-08,643.0,656.0,485.0,286.0,verified_real_mendeley_cc_by_4.0,https://doi.org/10.17632/t76ckh2ygg.1
2016-04-11,654.0,733.0,488.0,288.0,verified_real_mendeley_cc_by_4.0,https://doi.org/10.17632/t76ckh2ygg.1
2016-04-12,666.0,744.0,492.0,290.0,verified_real_mendeley_cc_by_4.0,https://doi.org/10.17632/t76ckh2ygg.1
2016-04-13,678.0,744.0,498.0,296.0,verified_real_mendeley_cc_by_4.0,https://doi.org/10.17632/t76ckh2ygg.1
2016-04-14,700.0,831.0,506.0,309.0,verified_real_mendeley_cc_by_4.0,https://doi.org/10.17632/t76ckh2ygg.1
2016-04-15,727.0,949.0,514.0,321.0,verified_real_mendeley_cc_by_4.0,https://doi.org/10.17632/t76ckh2ygg.1
2016-04-18,740.0,1030.0,525.0,328.0,verified_real_mendeley_cc_by_4.0,https://doi.org/10.17632/t76ckh2ygg.1
2016-04-19,746.0,1065.0,529.0,334.0,verified_real_mendeley_cc_by_4.0,https://doi.org/10.17632/t76ckh2ygg.1
2016-04-20,747.0,1022.0,534.0,342.0,verified_real_mendeley_cc_by_4.0,https://doi.org/10.17632/t76ckh2ygg.1
2016-04-21,743.0,1004.0,543.0,348.0,verified_real_mendeley_cc_by_4.0,https://doi.org/10.17632/t76ckh2ygg.1
2016-04-22,736.0,1085.0,551.0,354.0,verified_real_mendeley_cc_by_4.0,https://doi.org/10.17632/t76ckh2ygg.1
2016-04-25,727.0,1087.0,558.0,356.0,verified_real_mendeley_cc_by_4.0,https://doi.org/10.17632/t76ckh2ygg.1
2016-04-26,718.0,1135.0,562.0,358.0,verified_real_mendeley_cc_by_4.0,https://doi.org/10.17632/t76ckh2ygg.1
2016-04-27,704.0,1160.0,564.0,362.0,verified_real_mendeley_cc_by_4.0,https://doi.org/10.17632/t76ckh2ygg.1
2016-04-28,685.0,1137.0,573.0,365.0,verified_real_mendeley_cc_by_4.0,https://doi.org/10.17632/t76ckh2ygg.1
2016-04-29,667.0,1117.0,578.0,367.0,verified_real_mendeley_cc_by_4.0,https://doi.org/10.17632/t76ckh2ygg.1
2016-05-03,640.0,1055.0,582.0,368.0,verified_real_mendeley_cc_by_4.0,https://doi.org/10.17632/t76ckh2ygg.1
2016-05-04,621.0,954.0,583.0,365.0,verified_real_mendeley_cc_by_4.0,https://doi.org/10.17632/t76ckh2ygg.1
2016-05-05,607.0,915.0,583.0,365.0,verified_real_mendeley_cc_by_4.0,https://doi.org/10.17632/t76ckh2ygg.1
2016-05-06,591.0,892.0,582.0,359.0,verified_real_mendeley_cc_by_4.0,https://doi.org/10.17632/t76ckh2ygg.1
2016-05-09,584.0,837.0,578.0,355.0,verified_real_mendeley_cc_by_4.0,https://doi.org/10.17632/t76ckh2ygg.1
2016-05-10,581.0,752.0,575.0,352.0,verified_real_mendeley_cc_by_4.0,https://doi.org/10.17632/t76ckh2ygg.1
2016-05-11,583.0,713.0,567.0,349.0,verified_real_mendeley_cc_by_4.0,https://doi.org/10.17632/t76ckh2ygg.1
2016-05-12,589.0,724.0,560.0,347.0,verified_real_mendeley_cc_by_4.0,https://doi.org/10.17632/t76ckh2ygg.1
2016-05-13,597.0,798.0,555.0,347.0,verified_real_mendeley_cc_by_4.0,https://doi.org/10.17632/t76ckh2ygg.1
2016-05-16,598.0,854.0,553.0,347.0,verified_real_mendeley_cc_by_4.0,https://doi.org/10.17632/t76ckh2ygg.1
2016-05-17,604.0,988.0,552.0,345.0,verified_real_mendeley_cc_by_4.0,https://doi.org/10.17632/t76ckh2ygg.1
2016-05-18,611.0,954.0,552.0,342.0,verified_real_mendeley_cc_by_4.0,https://doi.org/10.17632/t76ckh2ygg.1
2016-05-19,617.0,906.0,553.0,342.0,verified_real_mendeley_cc_by_4.0,https://doi.org/10.17632/t76ckh2ygg.1
2016-05-20,614.0,870.0,558.0,343.0,verified_real_mendeley_cc_by_4.0,https://doi.org/10.17632/t76ckh2ygg.1
2016-05-23,611.0,870.0,562.0,344.0,verified_real_mendeley_cc_by_4.0,https://doi.org/10.17632/t76ckh2ygg.1
2016-05-24,608.0,848.0,565.0,345.0,verified_real_mendeley_cc_by_4.0,https://doi.org/10.17632/t76ckh2ygg.1
2016-05-25,596.0,799.0,568.0,346.0,verified_real_mendeley_cc_by_4.0,https://doi.org/10.17632/t76ckh2ygg.1
2016-05-26,586.0,793.0,571.0,347.0,verified_real_mendeley_cc_by_4.0,https://doi.org/10.17632/t76ckh2ygg.1
2016-05-27,582.0,830.0,575.0,347.0,verified_real_mendeley_cc_by_4.0,https://doi.org/10.17632/t76ckh2ygg.1
2016-05-31,574.0,854.0,579.0,351.0,verified_real_mendeley_cc_by_4.0,https://doi.org/10.17632/t76ckh2ygg.1
2016-06-01,568.0,861.0,580.0,355.0,verified_real_mendeley_cc_by_4.0,https://doi.org/10.17632/t76ckh2ygg.1
2016-06-02,560.0,854.0,578.0,354.0,verified_real_mendeley_cc_by_4.0,https://doi.org/10.17632/t76ckh2ygg.1
2016-06-03,550.0,913.0,575.0,349.0,verified_real_mendeley_cc_by_4.0,https://doi.org/10.17632/t76ckh2ygg.1
2016-06-06,544.0,922.0,574.0,345.0,verified_real_mendeley_cc_by_4.0,https://doi.org/10.17632/t76ckh2ygg.1
2016-06-07,542.0,920.0,570.0,344.0,verified_real_mendeley_cc_by_4.0,https://doi.org/10.17632/t76ckh2ygg.1
2016-06-08,540.0,973.0,567.0,338.0,verified_real_mendeley_cc_by_4.0,https://doi.org/10.17632/t76ckh2ygg.1
2016-06-09,543.0,995.0,564.0,332.0,verified_real_mendeley_cc_by_4.0,https://doi.org/10.17632/t76ckh2ygg.1
2016-06-10,543.0,1006.0,560.0,327.0,verified_real_mendeley_cc_by_4.0,https://doi.org/10.17632/t76ckh2ygg.1
2016-06-13,542.0,1014.0,557.0,322.0,verified_real_mendeley_cc_by_4.0,https://doi.org/10.17632/t76ckh2ygg.1
2016-06-14,543.0,1018.0,554.0,317.0,verified_real_mendeley_cc_by_4.0,https://doi.org/10.17632/t76ckh2ygg.1
2016-06-15,545.0,1000.0,552.0,315.0,verified_real_mendeley_cc_by_4.0,https://doi.org/10.17632/t76ckh2ygg.1
2016-06-16,545.0,976.0,552.0,314.0,verified_real_mendeley_cc_by_4.0,https://doi.org/10.17632/t76ckh2ygg.1
2016-06-17,546.0,927.0,554.0,311.0,verified_real_mendeley_cc_by_4.0,https://doi.org/10.17632/t76ckh2ygg.1
2016-06-20,546.0,897.0,555.0,312.0,verified_real_mendeley_cc_by_4.0,https://doi.org/10.17632/t76ckh2ygg.1
2016-06-21,548.0,873.0,559.0,315.0,verified_real_mendeley_cc_by_4.0,https://doi.org/10.17632/t76ckh2ygg.1
2016-06-22,556.0,878.0,563.0,318.0,verified_real_mendeley_cc_by_4.0,https://doi.org/10.17632/t76ckh2ygg.1
2016-06-23,569.0,897.0,570.0,322.0,verified_real_mendeley_cc_by_4.0,https://doi.org/10.17632/t76ckh2ygg.1
2016-06-24,585.0,913.0,577.0,329.0,verified_real_mendeley_cc_by_4.0,https://doi.org/10.17632/t76ckh2ygg.1
2016-06-27,601.0,919.0,583.0,331.0,verified_real_mendeley_cc_by_4.0,https://doi.org/10.17632/t76ckh2ygg.1
2016-06-28,618.0,936.0,587.0,336.0,verified_real_mendeley_cc_by_4.0,https://doi.org/10.17632/t76ckh2ygg.1
2016-06-29,634.0,955.0,593.0,338.0,verified_real_mendeley_cc_by_4.0,https://doi.org/10.17632/t76ckh2ygg.1
2016-06-30,662.0,996.0,606.0,342.0,verified_real_mendeley_cc_by_4.0,https://doi.org/10.17632/t76ckh2ygg.1
2016-07-01,691.0,1030.0,619.0,344.0,verified_real_mendeley_cc_by_4.0,https://doi.org/10.17632/t76ckh2ygg.1
2016-07-04,710.0,1049.0,627.0,347.0,verified_real_mendeley_cc_by_4.0,https://doi.org/10.17632/t76ckh2ygg.1
2016-07-05,735.0,1034.0,633.0,349.0,verified_real_mendeley_cc_by_4.0,https://doi.org/10.17632/t76ckh2ygg.1
2016-07-06,755.0,1019.0,637.0,349.0,verified_real_mendeley_cc_by_4.0,https://doi.org/10.17632/t76ckh2ygg.1
2016-07-07,779.0,1008.0,639.0,352.0,verified_real_mendeley_cc_by_4.0,https://doi.org/10.17632/t76ckh2ygg.1
2016-07-08,792.0,1002.0,644.0,354.0,verified_real_mendeley_cc_by_4.0,https://doi.org/10.17632/t76ckh2ygg.1
2016-07-11,799.0,991.0,647.0,356.0,verified_real_mendeley_cc_by_4.0,https://doi.org/10.17632/t76ckh2ygg.1
2016-07-12,809.0,987.0,651.0,358.0,verified_real_mendeley_cc_by_4.0,https://doi.org/10.17632/t76ckh2ygg.1
2016-07-13,819.0,1010.0,666.0,360.0,verified_real_mendeley_cc_by_4.0,https://doi.org/10.17632/t76ckh2ygg.1
2016-07-14,842.0,1020.0,679.0,361.0,verified_real_mendeley_cc_by_4.0,https://doi.org/10.17632/t76ckh2ygg.1
2016-07-15,863.0,1023.0,686.0,363.0,verified_real_mendeley_cc_by_4.0,https://doi.org/10.17632/t76ckh2ygg.1
2016-07-18,874.0,1016.0,693.0,366.0,verified_real_mendeley_cc_by_4.0,https://doi.org/10.17632/t76ckh2ygg.1
2016-07-19,879.0,986.0,697.0,371.0,verified_real_mendeley_cc_by_4.0,https://doi.org/10.17632/t76ckh2ygg.1
2016-07-20,872.0,937.0,700.0,376.0,verified_real_mendeley_cc_by_4.0,https://doi.org/10.17632/t76ckh2ygg.1
2016-07-21,850.0,906.0,702.0,379.0,verified_real_mendeley_cc_by_4.0,https://doi.org/10.17632/t76ckh2ygg.1
2016-07-22,827.0,895.0,701.0,383.0,verified_real_mendeley_cc_by_4.0,https://doi.org/10.17632/t76ckh2ygg.1
2016-07-25,806.0,877.0,698.0,386.0,verified_real_mendeley_cc_by_4.0,https://doi.org/10.17632/t76ckh2ygg.1
2016-07-26,784.0,841.0,697.0,390.0,verified_real_mendeley_cc_by_4.0,https://doi.org/10.17632/t76ckh2ygg.1
2016-07-27,752.0,803.0,690.0,392.0,verified_real_mendeley_cc_by_4.0,https://doi.org/10.17632/t76ckh2ygg.1
2016-07-28,719.0,780.0,684.0,396.0,verified_real_mendeley_cc_by_4.0,https://doi.org/10.17632/t76ckh2ygg.1
2016-07-29,692.0,768.0,676.0,399.0,verified_real_mendeley_cc_by_4.0,https://doi.org/10.17632/t76ckh2ygg.1
2016-08-01,673.0,757.0,671.0,401.0,verified_real_mendeley_cc_by_4.0,https://doi.org/10.17632/t76ckh2ygg.1
2016-08-02,658.0,757.0,667.0,400.0,verified_real_mendeley_cc_by_4.0,https://doi.org/10.17632/t76ckh2ygg.1
2016-08-03,648.0,758.0,663.0,397.0,verified_real_mendeley_cc_by_4.0,https://doi.org/10.17632/t76ckh2ygg.1
2016-08-04,641.0,759.0,660.0,395.0,verified_real_mendeley_cc_by_4.0,https://doi.org/10.17632/t76ckh2ygg.1
2016-08-05,640.0,770.0,654.0,394.0,verified_real_mendeley_cc_by_4.0,https://doi.org/10.17632/t76ckh2ygg.1
2016-08-08,638.0,777.0,647.0,392.0,verified_real_mendeley_cc_by_4.0,https://doi.org/10.17632/t76ckh2ygg.1
2016-08-09,642.0,770.0,645.0,389.0,verified_real_mendeley_cc_by_4.0,https://doi.org/10.17632/t76ckh2ygg.1
2016-08-10,659.0,795.0,642.0,391.0,verified_real_mendeley_cc_by_4.0,https://doi.org/10.17632/t76ckh2ygg.1
2016-08-11,687.0,833.0,639.0,394.0,verified_real_mendeley_cc_by_4.0,https://doi.org/10.17632/t76ckh2ygg.1
2016-08-12,703.0,891.0,640.0,396.0,verified_real_mendeley_cc_by_4.0,https://doi.org/10.17632/t76ckh2ygg.1
2016-08-15,713.0,920.0,643.0,399.0,verified_real_mendeley_cc_by_4.0,https://doi.org/10.17632/t76ckh2ygg.1
2016-08-16,721.0,926.0,646.0,403.0,verified_real_mendeley_cc_by_4.0,https://doi.org/10.17632/t76ckh2ygg.1
2016-08-17,726.0,885.0,652.0,405.0,verified_real_mendeley_cc_by_4.0,https://doi.org/10.17632/t76ckh2ygg.1
2016-08-18,727.0,852.0,666.0,407.0,verified_real_mendeley_cc_by_4.0,https://doi.org/10.17632/t76ckh2ygg.1
2016-08-19,727.0,843.0,677.0,412.0,verified_real_mendeley_cc_by_4.0,https://doi.org/10.17632/t76ckh2ygg.1
2016-08-22,721.0,848.0,686.0,416.0,verified_real_mendeley_cc_by_4.0,https://doi.org/10.17632/t76ckh2ygg.1
2016-08-23,714.0,861.0,694.0,420.0,verified_real_mendeley_cc_by_4.0,https://doi.org/10.17632/t76ckh2ygg.1
2016-08-24,706.0,910.0,702.0,425.0,verified_real_mendeley_cc_by_4.0,https://doi.org/10.17632/t76ckh2ygg.1
2016-08-25,700.0,974.0,712.0,428.0,verified_real_mendeley_cc_by_4.0,https://doi.org/10.17632/t76ckh2ygg.1
2016-08-26,687.0,1001.0,715.0,431.0,verified_real_mendeley_cc_by_4.0,https://doi.org/10.17632/t76ckh2ygg.1
2016-08-30,674.0,986.0,719.0,432.0,verified_real_mendeley_cc_by_4.0,https://doi.org/10.17632/t76ckh2ygg.1
2016-08-31,660.0,978.0,721.0,432.0,verified_real_mendeley_cc_by_4.0,https://doi.org/10.17632/t76ckh2ygg.1
2016-09-01,652.0,1002.0,723.0,433.0,verified_real_mendeley_cc_by_4.0,https://doi.org/10.17632/t76ckh2ygg.1
2016-09-02,644.0,1054.0,721.0,432.0,verified_real_mendeley_cc_by_4.0,https://doi.org/10.17632/t76ckh2ygg.1
2016-09-05,640.0,1079.0,718.0,429.0,verified_real_mendeley_cc_by_4.0,https://doi.org/10.17632/t76ckh2ygg.1
2016-09-06,641.0,1182.0,714.0,425.0,verified_real_mendeley_cc_by_4.0,https://doi.org/10.17632/t76ckh2ygg.1
2016-09-07,648.0,1371.0,702.0,422.0,verified_real_mendeley_cc_by_4.0,https://doi.org/10.17632/t76ckh2ygg.1
2016-09-08,655.0,1478.0,694.0,420.0,verified_real_mendeley_cc_by_4.0,https://doi.org/10.17632/t76ckh2ygg.1
2016-09-09,658.0,1566.0,688.0,419.0,verified_real_mendeley_cc_by_4.0,https://doi.org/10.17632/t76ckh2ygg.1
2016-09-12,659.0,1581.0,681.0,417.0,verified_real_mendeley_cc_by_4.0,https://doi.org/10.17632/t76ckh2ygg.1
2016-09-13,656.0,1607.0,671.0,415.0,verified_real_mendeley_cc_by_4.0,https://doi.org/10.17632/t76ckh2ygg.1
2016-09-14,649.0,1444.0,665.0,415.0,verified_real_mendeley_cc_by_4.0,https://doi.org/10.17632/t76ckh2ygg.1
2016-09-15,645.0,1487.0,661.0,415.0,verified_real_mendeley_cc_by_4.0,https://doi.org/10.17632/t76ckh2ygg.1
2016-09-16,646.0,1680.0,660.0,415.0,verified_real_mendeley_cc_by_4.0,https://doi.org/10.17632/t76ckh2ygg.1
2016-09-19,650.0,1853.0,661.0,416.0,verified_real_mendeley_cc_by_4.0,https://doi.org/10.17632/t76ckh2ygg.1
2016-09-20,657.0,1964.0,660.0,417.0,verified_real_mendeley_cc_by_4.0,https://doi.org/10.17632/t76ckh2ygg.1
2016-09-21,673.0,2118.0,662.0,418.0,verified_real_mendeley_cc_by_4.0,https://doi.org/10.17632/t76ckh2ygg.1
2016-09-22,700.0,2389.0,688.0,420.0,verified_real_mendeley_cc_by_4.0,https://doi.org/10.17632/t76ckh2ygg.1
2016-09-23,722.0,2383.0,671.0,421.0,verified_real_mendeley_cc_by_4.0,https://doi.org/10.17632/t76ckh2ygg.1
2016-09-26,739.0,2325.0,673.0,422.0,verified_real_mendeley_cc_by_4.0,https://doi.org/10.17632/t76ckh2ygg.1
2016-09-27,750.0,2298.0,674.0,422.0,verified_real_mendeley_cc_by_4.0,https://doi.org/10.17632/t76ckh2ygg.1
2016-09-28,751.0,2196.0,676.0,422.0,verified_real_mendeley_cc_by_4.0,https://doi.org/10.17632/t76ckh2ygg.1
2016-09-29,741.0,2067.0,676.0,422.0,verified_real_mendeley_cc_by_4.0,https://doi.org/10.17632/t76ckh2ygg.1
2016-09-30,726.0,2008.0,679.0,421.0,verified_real_mendeley_cc_by_4.0,https://doi.org/10.17632/t76ckh2ygg.1
2016-10-03,713.0,1971.0,681.0,419.0,verified_real_mendeley_cc_by_4.0,https://doi.org/10.17632/t76ckh2ygg.1
2016-10-04,705.0,1970.0,681.0,417.0,verified_real_mendeley_cc_by_4.0,https://doi.org/10.17632/t76ckh2ygg.1
2016-10-05,699.0,2012.0,680.0,415.0,verified_real_mendeley_cc_by_4.0,https://doi.org/10.17632/t76ckh2ygg.1
2016-10-06,704.0,2218.0,678.0,413.0,verified_real_mendeley_cc_by_4.0,https://doi.org/10.17632/t76ckh2ygg.1
2016-10-07,717.0,2245.0,677.0,411.0,verified_real_mendeley_cc_by_4.0,https://doi.org/10.17632/t76ckh2ygg.1
2016-10-10,729.0,2235.0,677.0,410.0,verified_real_mendeley_cc_by_4.0,https://doi.org/10.17632/t76ckh2ygg.1
2016-10-11,745.0,2235.0,676.0,409.0,verified_real_mendeley_cc_by_4.0,https://doi.org/10.17632/t76ckh2ygg.1
2016-10-12,763.0,2154.0,674.0,408.0,verified_real_mendeley_cc_by_4.0,https://doi.org/10.17632/t76ckh2ygg.1
2016-10-13,790.0,2018.0,673.0,410.0,verified_real_mendeley_cc_by_4.0,https://doi.org/10.17632/t76ckh2ygg.1
2016-10-14,819.0,2018.0,674.0,411.0,verified_real_mendeley_cc_by_4.0,https://doi.org/10.17632/t76ckh2ygg.1
2016-10-17,838.0,2003.0,676.0,413.0,verified_real_mendeley_cc_by_4.0,https://doi.org/10.17632/t76ckh2ygg.1
2016-10-18,860.0,1950.0,678.0,417.0,verified_real_mendeley_cc_by_4.0,https://doi.org/10.17632/t76ckh2ygg.1
2016-10-19,885.0,1826.0,682.0,421.0,verified_real_mendeley_cc_by_4.0,https://doi.org/10.17632/t76ckh2ygg.1
2016-10-20,905.0,1637.0,691.0,424.0,verified_real_mendeley_cc_by_4.0,https://doi.org/10.17632/t76ckh2ygg.1
2016-10-21,915.0,1575.0,700.0,427.0,verified_real_mendeley_cc_by_4.0,https://doi.org/10.17632/t76ckh2ygg.1
2016-10-24,923.0,1471.0,705.0,428.0,verified_real_mendeley_cc_by_4.0,https://doi.org/10.17632/t76ckh2ygg.1
2016-10-25,925.0,1348.0,710.0,430.0,verified_real_mendeley_cc_by_4.0,https://doi.org/10.17632/t76ckh2ygg.1
2016-10-26,925.0,1275.0,714.0,430.0,verified_real_mendeley_cc_by_4.0,https://doi.org/10.17632/t76ckh2ygg.1
2016-10-27,921.0,1248.0,719.0,432.0,verified_real_mendeley_cc_by_4.0,https://doi.org/10.17632/t76ckh2ygg.1
2016-10-28,913.0,1417.0,722.0,433.0,verified_real_mendeley_cc_by_4.0,https://doi.org/10.17632/t76ckh2ygg.1
2016-10-31,905.0,1534.0,722.0,435.0,verified_real_mendeley_cc_by_4.0,https://doi.org/10.17632/t76ckh2ygg.1
2016-11-01,895.0,1443.0,721.0,436.0,verified_real_mendeley_cc_by_4.0,https://doi.org/10.17632/t76ckh2ygg.1
2016-11-02,885.0,1451.0,718.0,434.0,verified_real_mendeley_cc_by_4.0,https://doi.org/10.17632/t76ckh2ygg.1
2016-11-03,886.0,1544.0,718.0,434.0,verified_real_mendeley_cc_by_4.0,https://doi.org/10.17632/t76ckh2ygg.1
2016-11-04,885.0,1593.0,716.0,433.0,verified_real_mendeley_cc_by_4.0,https://doi.org/10.17632/t76ckh2ygg.1
2016-11-07,889.0,1636.0,712.0,431.0,verified_real_mendeley_cc_by_4.0,https://doi.org/10.17632/t76ckh2ygg.1
2016-11-08,903.0,1786.0,708.0,431.0,verified_real_mendeley_cc_by_4.0,https://doi.org/10.17632/t76ckh2ygg.1
2016-11-09,927.0,1954.0,703.0,429.0,verified_real_mendeley_cc_by_4.0,https://doi.org/10.17632/t76ckh2ygg.1
2016-11-10,956.0,2010.0,703.0,430.0,verified_real_mendeley_cc_by_4.0,https://doi.org/10.17632/t76ckh2ygg.1
2016-11-11,1011.0,2303.0,705.0,428.0,verified_real_mendeley_cc_by_4.0,https://doi.org/10.17632/t76ckh2ygg.1
2016-11-14,1058.0,2338.0,707.0,433.0,verified_real_mendeley_cc_by_4.0,https://doi.org/10.17632/t76ckh2ygg.1
2016-11-15,1162.0,2282.0,713.0,436.0,verified_real_mendeley_cc_by_4.0,https://doi.org/10.17632/t76ckh2ygg.1
2016-11-16,1263.0,2441.0,722.0,443.0,verified_real_mendeley_cc_by_4.0,https://doi.org/10.17632/t76ckh2ygg.1
2016-11-17,1353.0,2731.0,748.0,454.0,verified_real_mendeley_cc_by_4.0,https://doi.org/10.17632/t76ckh2ygg.1
2016-11-18,1388.0,2752.0,809.0,466.0,verified_real_mendeley_cc_by_4.0,https://doi.org/10.17632/t76ckh2ygg.1
2016-11-21,1387.0,2638.0,835.0,477.0,verified_real_mendeley_cc_by_4.0,https://doi.org/10.17632/t76ckh2ygg.1
2016-11-22,1382.0,2598.0,852.0,485.0,verified_real_mendeley_cc_by_4.0,https://doi.org/10.17632/t76ckh2ygg.1
2016-11-23,1387.0,2507.0,874.0,501.0,verified_real_mendeley_cc_by_4.0,https://doi.org/10.17632/t76ckh2ygg.1
2016-11-24,1385.0,2374.0,897.0,512.0,verified_real_mendeley_cc_by_4.0,https://doi.org/10.17632/t76ckh2ygg.1
2016-11-25,1389.0,2263.0,908.0,520.0,verified_real_mendeley_cc_by_4.0,https://doi.org/10.17632/t76ckh2ygg.1
2016-11-28,1400.0,2260.0,904.0,527.0,verified_real_mendeley_cc_by_4.0,https://doi.org/10.17632/t76ckh2ygg.1
2016-11-29,1424.0,2304.0,908.0,532.0,verified_real_mendeley_cc_by_4.0,https://doi.org/10.17632/t76ckh2ygg.1
2016-11-30,1465.0,2263.0,912.0,537.0,verified_real_mendeley_cc_by_4.0,https://doi.org/10.17632/t76ckh2ygg.1
2016-12-01,1486.0,2206.0,917.0,541.0,verified_real_mendeley_cc_by_4.0,https://doi.org/10.17632/t76ckh2ygg.1
2016-12-02,1508.0,2193.0,921.0,543.0,verified_real_mendeley_cc_by_4.0,https://doi.org/10.17632/t76ckh2ygg.1
2016-12-05,1541.0,2137.0,929.0,548.0,verified_real_mendeley_cc_by_4.0,https://doi.org/10.17632/t76ckh2ygg.1
2016-12-06,1563.0,2067.0,934.0,552.0,verified_real_mendeley_cc_by_4.0,https://doi.org/10.17632/t76ckh2ygg.1
2016-12-07,1565.0,1935.0,941.0,557.0,verified_real_mendeley_cc_by_4.0,https://doi.org/10.17632/t76ckh2ygg.1
2016-12-08,1547.0,1724.0,957.0,562.0,verified_real_mendeley_cc_by_4.0,https://doi.org/10.17632/t76ckh2ygg.1
2016-12-09,1508.0,1575.0,966.0,567.0,verified_real_mendeley_cc_by_4.0,https://doi.org/10.17632/t76ckh2ygg.1
2016-12-12,1469.0,1464.0,968.0,576.0,verified_real_mendeley_cc_by_4.0,https://doi.org/10.17632/t76ckh2ygg.1
2016-12-13,1419.0,1404.0,972.0,584.0,verified_real_mendeley_cc_by_4.0,https://doi.org/10.17632/t76ckh2ygg.1
2016-12-14,1332.0,1169.0,975.0,590.0,verified_real_mendeley_cc_by_4.0,https://doi.org/10.17632/t76ckh2ygg.1
2016-12-15,1234.0,1058.0,968.0,596.0,verified_real_mendeley_cc_by_4.0,https://doi.org/10.17632/t76ckh2ygg.1
2016-12-16,1126.0,1048.0,960.0,600.0,verified_real_mendeley_cc_by_4.0,https://doi.org/10.17632/t76ckh2ygg.1
2016-12-19,1037.0,1039.0,953.0,605.0,verified_real_mendeley_cc_by_4.0,https://doi.org/10.17632/t76ckh2ygg.1
2016-12-20,976.0,1044.0,941.0,605.0,verified_real_mendeley_cc_by_4.0,https://doi.org/10.17632/t76ckh2ygg.1
2016-12-21,905.0,1144.0,926.0,604.0,verified_real_mendeley_cc_by_4.0,https://doi.org/10.17632/t76ckh2ygg.1
2016-12-22,866.0,1219.0,914.0,601.0,verified_real_mendeley_cc_by_4.0,https://doi.org/10.17632/t76ckh2ygg.1
2016-12-23,852.0,1385.0,903.0,597.0,verified_real_mendeley_cc_by_4.0,https://doi.org/10.17632/t76ckh2ygg.1
2017-01-03,811.0,1538.0,843.0,559.0,verified_real_mendeley_cc_by_4.0,https://doi.org/10.17632/t76ckh2ygg.1
2017-01-04,807.0,1674.0,820.0,539.0,verified_real_mendeley_cc_by_4.0,https://doi.org/10.17632/t76ckh2ygg.1
2017-01-05,837.0,1759.0,795.0,521.0,verified_real_mendeley_cc_by_4.0,https://doi.org/10.17632/t76ckh2ygg.1
2017-01-06,892.0,1658.0,783.0,508.0,verified_real_mendeley_cc_by_4.0,https://doi.org/10.17632/t76ckh2ygg.1
2017-01-09,927.0,1598.0,772.0,498.0,verified_real_mendeley_cc_by_4.0,https://doi.org/10.17632/t76ckh2ygg.1
2017-01-10,973.0,1470.0,766.0,489.0,verified_real_mendeley_cc_by_4.0,https://doi.org/10.17632/t76ckh2ygg.1
2017-01-11,1021.0,1326.0,758.0,477.0,verified_real_mendeley_cc_by_4.0,https://doi.org/10.17632/t76ckh2ygg.1
2017-01-12,1038.0,1294.0,748.0,466.0,verified_real_mendeley_cc_by_4.0,https://doi.org/10.17632/t76ckh2ygg.1
2017-01-13,1042.0,1383.0,739.0,459.0,verified_real_mendeley_cc_by_4.0,https://doi.org/10.17632/t76ckh2ygg.1
2017-01-16,1039.0,1468.0,733.0,455.0,verified_real_mendeley_cc_by_4.0,https://doi.org/10.17632/t76ckh2ygg.1
2017-01-17,1019.0,1509.0,730.0,451.0,verified_real_mendeley_cc_by_4.0,https://doi.org/10.17632/t76ckh2ygg.1
2017-01-18,998.0,1673.0,725.0,448.0,verified_real_mendeley_cc_by_4.0,https://doi.org/10.17632/t76ckh2ygg.1
2017-01-19,981.0,1665.0,722.0,446.0,verified_real_mendeley_cc_by_4.0,https://doi.org/10.17632/t76ckh2ygg.1
2017-01-20,970.0,1610.0,718.0,441.0,verified_real_mendeley_cc_by_4.0,https://doi.org/10.17632/t76ckh2ygg.1
2017-01-23,962.0,1579.0,714.0,437.0,verified_real_mendeley_cc_by_4.0,https://doi.org/10.17632/t76ckh2ygg.1
2017-01-24,964.0,1466.0,708.0,432.0,verified_real_mendeley_cc_by_4.0,https://doi.org/10.17632/t76ckh2ygg.1
2017-01-25,972.0,1369.0,702.0,428.0,verified_real_mendeley_cc_by_4.0,https://doi.org/10.17632/t76ckh2ygg.1
2017-01-26,973.0,1287.0,696.0,424.0,verified_real_mendeley_cc_by_4.0,https://doi.org/10.17632/t76ckh2ygg.1
2017-01-27,968.0,1239.0,692.0,419.0,verified_real_mendeley_cc_by_4.0,https://doi.org/10.17632/t76ckh2ygg.1
2017-01-30,964.0,1205.0,688.0,415.0,verified_real_mendeley_cc_by_4.0,https://doi.org/10.17632/t76ckh2ygg.1
2017-01-31,951.0,1167.0,679.0,402.0,verified_real_mendeley_cc_by_4.0,https://doi.org/10.17632/t76ckh2ygg.1
2017-02-01,933.0,1122.0,674.0,395.0,verified_real_mendeley_cc_by_4.0,https://doi.org/10.17632/t76ckh2ygg.1
2017-02-02,926.0,1064.0,670.0,386.0,verified_real_mendeley_cc_by_4.0,https://doi.org/10.17632/t76ckh2ygg.1
2017-02-03,922.0,981.0,667.0,382.0,verified_real_mendeley_cc_by_4.0,https://doi.org/10.17632/t76ckh2ygg.1
2017-02-06,922.0,911.0,665.0,377.0,verified_real_mendeley_cc_by_4.0,https://doi.org/10.17632/t76ckh2ygg.1
2017-02-07,931.0,803.0,663.0,375.0,verified_real_mendeley_cc_by_4.0,https://doi.org/10.17632/t76ckh2ygg.1
2017-02-08,934.0,725.0,665.0,378.0,verified_real_mendeley_cc_by_4.0,https://doi.org/10.17632/t76ckh2ygg.1
2017-02-09,940.0,728.0,668.0,377.0,verified_real_mendeley_cc_by_4.0,https://doi.org/10.17632/t76ckh2ygg.1
2017-02-10,943.0,687.0,672.0,377.0,verified_real_mendeley_cc_by_4.0,https://doi.org/10.17632/t76ckh2ygg.1
2017-02-13,944.0,609.0,676.0,376.0,verified_real_mendeley_cc_by_4.0,https://doi.org/10.17632/t76ckh2ygg.1
2017-02-14,939.0,567.0,681.0,379.0,verified_real_mendeley_cc_by_4.0,https://doi.org/10.17632/t76ckh2ygg.1
2017-02-15,933.0,556.0,689.0,382.0,verified_real_mendeley_cc_by_4.0,https://doi.org/10.17632/t76ckh2ygg.1
2017-02-16,923.0,620.0,707.0,387.0,verified_real_mendeley_cc_by_4.0,https://doi.org/10.17632/t76ckh2ygg.1
2017-02-17,917.0,739.0,729.0,391.0,verified_real_mendeley_cc_by_4.0,https://doi.org/10.17632/t76ckh2ygg.1
2017-02-20,909.0,791.0,747.0,396.0,verified_real_mendeley_cc_by_4.0,https://doi.org/10.17632/t76ckh2ygg.1
2017-02-21,906.0,856.0,764.0,402.0,verified_real_mendeley_cc_by_4.0,https://doi.org/10.17632/t76ckh2ygg.1
2017-02-22,908.0,951.0,783.0,410.0,verified_real_mendeley_cc_by_4.0,https://doi.org/10.17632/t76ckh2ygg.1
2017-02-23,927.0,1134.0,797.0,420.0,verified_real_mendeley_cc_by_4.0,https://doi.org/10.17632/t76ckh2ygg.1
2017-02-24,947.0,1165.0,809.0,428.0,verified_real_mendeley_cc_by_4.0,https://doi.org/10.17632/t76ckh2ygg.1
2017-02-27,966.0,1151.0,817.0,436.0,verified_real_mendeley_cc_by_4.0,https://doi.org/10.17632/t76ckh2ygg.1
2017-02-28,995.0,1021.0,825.0,444.0,verified_real_mendeley_cc_by_4.0,https://doi.org/10.17632/t76ckh2ygg.1
2017-03-01,1041.0,994.0,833.0,451.0,verified_real_mendeley_cc_by_4.0,https://doi.org/10.17632/t76ckh2ygg.1
2017-03-02,1084.0,1097.0,840.0,457.0,verified_real_mendeley_cc_by_4.0,https://doi.org/10.17632/t76ckh2ygg.1
2017-03-03,1118.0,1227.0,846.0,462.0,verified_real_mendeley_cc_by_4.0,https://doi.org/10.17632/t76ckh2ygg.1
2017-03-06,1154.0,1345.0,852.0,468.0,verified_real_mendeley_cc_by_4.0,https://doi.org/10.17632/t76ckh2ygg.1
2017-03-07,1194.0,1556.0,861.0,477.0,verified_real_mendeley_cc_by_4.0,https://doi.org/10.17632/t76ckh2ygg.1
2017-03-08,1220.0,1578.0,868.0,485.0,verified_real_mendeley_cc_by_4.0,https://doi.org/10.17632/t76ckh2ygg.1
2017-03-09,1220.0,1678.0,872.0,491.0,verified_real_mendeley_cc_by_4.0,https://doi.org/10.17632/t76ckh2ygg.1
2017-03-10,1211.0,1789.0,874.0,495.0,verified_real_mendeley_cc_by_4.0,https://doi.org/10.17632/t76ckh2ygg.1
2017-03-13,1207.0,1843.0,875.0,499.0,verified_real_mendeley_cc_by_4.0,https://doi.org/10.17632/t76ckh2ygg.1
2017-03-14,1185.0,1929.0,877.0,502.0,verified_real_mendeley_cc_by_4.0,https://doi.org/10.17632/t76ckh2ygg.1
2017-03-15,1150.0,2136.0,877.0,505.0,verified_real_mendeley_cc_by_4.0,https://doi.org/10.17632/t76ckh2ygg.1
2017-03-16,1129.0,2265.0,877.0,508.0,verified_real_mendeley_cc_by_4.0,https://doi.org/10.17632/t76ckh2ygg.1
2017-03-17,1108.0,2413.0,879.0,508.0,verified_real_mendeley_cc_by_4.0,https://doi.org/10.17632/t76ckh2ygg.1
2017-03-20,1103.0,2466.0,884.0,510.0,verified_real_mendeley_cc_by_4.0,https://doi.org/10.17632/t76ckh2ygg.1
2017-03-21,1101.0,2441.0,886.0,512.0,verified_real_mendeley_cc_by_4.0,https://doi.org/10.17632/t76ckh2ygg.1
2017-03-22,1119.0,2378.0,888.0,516.0,verified_real_mendeley_cc_by_4.0,https://doi.org/10.17632/t76ckh2ygg.1
2017-03-23,1170.0,2345.0,892.0,521.0,verified_real_mendeley_cc_by_4.0,https://doi.org/10.17632/t76ckh2ygg.1
2017-03-24,1218.0,2482.0,896.0,526.0,verified_real_mendeley_cc_by_4.0,https://doi.org/10.17632/t76ckh2ygg.1
2017-03-27,1253.0,2620.0,895.0,530.0,verified_real_mendeley_cc_by_4.0,https://doi.org/10.17632/t76ckh2ygg.1
2017-03-28,1306.0,2765.0,893.0,535.0,verified_real_mendeley_cc_by_4.0,https://doi.org/10.17632/t76ckh2ygg.1
2017-03-29,1346.0,2755.0,885.0,538.0,verified_real_mendeley_cc_by_4.0,https://doi.org/10.17632/t76ckh2ygg.1
2017-03-30,1366.0,2690.0,882.0,539.0,verified_real_mendeley_cc_by_4.0,https://doi.org/10.17632/t76ckh2ygg.1
2017-03-31,1374.0,2597.0,881.0,540.0,verified_real_mendeley_cc_by_4.0,https://doi.org/10.17632/t76ckh2ygg.1
2017-04-03,1379.0,2518.0,882.0,541.0,verified_real_mendeley_cc_by_4.0,https://doi.org/10.17632/t76ckh2ygg.1
2017-04-04,1377.0,2382.0,881.0,542.0,verified_real_mendeley_cc_by_4.0,https://doi.org/10.17632/t76ckh2ygg.1
2017-04-05,1371.0,2229.0,880.0,543.0,verified_real_mendeley_cc_by_4.0,https://doi.org/10.17632/t76ckh2ygg.1
2017-04-06,1387.0,2184.0,882.0,545.0,verified_real_mendeley_cc_by_4.0,https://doi.org/10.17632/t76ckh2ygg.1
2017-04-07,1427.0,2173.0,886.0,547.0,verified_real_mendeley_cc_by_4.0,https://doi.org/10.17632/t76ckh2ygg.1
2017-04-10,1466.0,2165.0,888.0,549.0,verified_real_mendeley_cc_by_4.0,https://doi.org/10.17632/t76ckh2ygg.1
2017-04-11,1533.0,2227.0,891.0,552.0,verified_real_mendeley_cc_by_4.0,https://doi.org/10.17632/t76ckh2ygg.1
2017-04-12,1583.0,2252.0,893.0,554.0,verified_real_mendeley_cc_by_4.0,https://doi.org/10.17632/t76ckh2ygg.1
2017-04-13,1611.0,2249.0,899.0,560.0,verified_real_mendeley_cc_by_4.0,https://doi.org/10.17632/t76ckh2ygg.1
2017-04-18,1621.0,2220.0,898.0,563.0,verified_real_mendeley_cc_by_4.0,https://doi.org/10.17632/t76ckh2ygg.1
2017-04-19,1612.0,2130.0,900.0,568.0,verified_real_mendeley_cc_by_4.0,https://doi.org/10.17632/t76ckh2ygg.1
2017-04-20,1553.0,1991.0,899.0,572.0,verified_real_mendeley_cc_by_4.0,https://doi.org/10.17632/t76ckh2ygg.1
2017-04-21,1494.0,1830.0,895.0,575.0,verified_real_mendeley_cc_by_4.0,https://doi.org/10.17632/t76ckh2ygg.1
2017-04-24,1429.0,1780.0,892.0,577.0,verified_real_mendeley_cc_by_4.0,https://doi.org/10.17632/t76ckh2ygg.1
2017-04-25,1371.0,1767.0,887.0,577.0,verified_real_mendeley_cc_by_4.0,https://doi.org/10.17632/t76ckh2ygg.1
2017-04-26,1320.0,1790.0,881.0,576.0,verified_real_mendeley_cc_by_4.0,https://doi.org/10.17632/t76ckh2ygg.1
2017-04-27,1260.0,1798.0,870.0,569.0,verified_real_mendeley_cc_by_4.0,https://doi.org/10.17632/t76ckh2ygg.1
2017-04-28,1187.0,1779.0,861.0,559.0,verified_real_mendeley_cc_by_4.0,https://doi.org/10.17632/t76ckh2ygg.1
2017-05-02,1140.0,1668.0,849.0,550.0,verified_real_mendeley_cc_by_4.0,https://doi.org/10.17632/t76ckh2ygg.1
2017-05-03,1096.0,1542.0,835.0,540.0,verified_real_mendeley_cc_by_4.0,https://doi.org/10.17632/t76ckh2ygg.1
2017-05-04,1048.0,1458.0,822.0,532.0,verified_real_mendeley_cc_by_4.0,https://doi.org/10.17632/t76ckh2ygg.1
2017-05-05,1023.0,1480.0,811.0,523.0,verified_real_mendeley_cc_by_4.0,https://doi.org/10.17632/t76ckh2ygg.1
2017-05-08,1009.0,1571.0,799.0,517.0,verified_real_mendeley_cc_by_4.0,https://doi.org/10.17632/t76ckh2ygg.1
2017-05-09,1007.0,1635.0,794.0,512.0,verified_real_mendeley_cc_by_4.0,https://doi.org/10.17632/t76ckh2ygg.1
2017-05-10,1011.0,1645.0,790.0,510.0,verified_real_mendeley_cc_by_4.0,https://doi.org/10.17632/t76ckh2ygg.1
2017-05-11,1006.0,1695.0,787.0,510.0,verified_real_mendeley_cc_by_4.0,https://doi.org/10.17632/t76ckh2ygg.1
2017-05-12,992.0,1725.0,784.0,509.0,verified_real_mendeley_cc_by_4.0,https://doi.org/10.17632/t76ckh2ygg.1
2017-05-15,978.0,1661.0,782.0,508.0,verified_real_mendeley_cc_by_4.0,https://doi.org/10.17632/t76ckh2ygg.1
2017-05-16,956.0,1632.0,778.0,507.0,verified_real_mendeley_cc_by_4.0,https://doi.org/10.17632/t76ckh2ygg.1
2017-05-17,925.0,1590.0,771.0,505.0,verified_real_mendeley_cc_by_4.0,https://doi.org/10.17632/t76ckh2ygg.1
2017-05-18,894.0,1638.0,764.0,504.0,verified_real_mendeley_cc_by_4.0,https://doi.org/10.17632/t76ckh2ygg.1
2017-05-19,870.0,1668.0,759.0,502.0,verified_real_mendeley_cc_by_4.0,https://doi.org/10.17632/t76ckh2ygg.1
2017-05-22,854.0,1704.0,753.0,496.0,verified_real_mendeley_cc_by_4.0,https://doi.org/10.17632/t76ckh2ygg.1
2017-05-23,850.0,1706.0,746.0,486.0,verified_real_mendeley_cc_by_4.0,https://doi.org/10.17632/t76ckh2ygg.1
2017-05-24,849.0,1654.0,737.0,478.0,verified_real_mendeley_cc_by_4.0,https://doi.org/10.17632/t76ckh2ygg.1
2017-05-25,848.0,1595.0,728.0,473.0,verified_real_mendeley_cc_by_4.0,https://doi.org/10.17632/t76ckh2ygg.1
2017-05-26,845.0,1591.0,721.0,469.0,verified_real_mendeley_cc_by_4.0,https://doi.org/10.17632/t76ckh2ygg.1
2017-05-30,842.0,1564.0,712.0,461.0,verified_real_mendeley_cc_by_4.0,https://doi.org/10.17632/t76ckh2ygg.1
2017-05-31,829.0,1511.0,698.0,455.0,verified_real_mendeley_cc_by_4.0,https://doi.org/10.17632/t76ckh2ygg.1
2017-06-01,810.0,1430.0,685.0,449.0,verified_real_mendeley_cc_by_4.0,https://doi.org/10.17632/t76ckh2ygg.1
2017-06-02,792.0,1374.0,674.0,446.0,verified_real_mendeley_cc_by_4.0,https://doi.org/10.17632/t76ckh2ygg.1
2017-06-05,789.0,1353.0,666.0,441.0,verified_real_mendeley_cc_by_4.0,https://doi.org/10.17632/t76ckh2ygg.1
2017-06-06,783.0,1366.0,658.0,434.0,verified_real_mendeley_cc_by_4.0,https://doi.org/10.17632/t76ckh2ygg.1
2017-06-07,783.0,1379.0,652.0,429.0,verified_real_mendeley_cc_by_4.0,https://doi.org/10.17632/t76ckh2ygg.1
2017-06-08,793.0,1381.0,649.0,425.0,verified_real_mendeley_cc_by_4.0,https://doi.org/10.17632/t76ckh2ygg.1
2017-06-09,813.0,1438.0,654.0,425.0,verified_real_mendeley_cc_by_4.0,https://doi.org/10.17632/t76ckh2ygg.1
2017-06-12,833.0,1481.0,658.0,424.0,verified_real_mendeley_cc_by_4.0,https://doi.org/10.17632/t76ckh2ygg.1
2017-06-13,865.0,1442.0,665.0,424.0,verified_real_mendeley_cc_by_4.0,https://doi.org/10.17632/t76ckh2ygg.1
2017-06-14,903.0,1362.0,679.0,427.0,verified_real_mendeley_cc_by_4.0,https://doi.org/10.17632/t76ckh2ygg.1
2017-06-15,938.0,1277.0,690.0,431.0,verified_real_mendeley_cc_by_4.0,https://doi.org/10.17632/t76ckh2ygg.1
2017-06-16,964.0,1213.0,701.0,435.0,verified_real_mendeley_cc_by_4.0,https://doi.org/10.17632/t76ckh2ygg.1
2017-06-19,984.0,1169.0,708.0,437.0,verified_real_mendeley_cc_by_4.0,https://doi.org/10.17632/t76ckh2ygg.1
2017-06-20,1017.0,1110.0,717.0,441.0,verified_real_mendeley_cc_by_4.0,https://doi.org/10.17632/t76ckh2ygg.1
2017-06-21,1070.0,1020.0,724.0,445.0,verified_real_mendeley_cc_by_4.0,https://doi.org/10.17632/t76ckh2ygg.1
2017-06-22,1109.0,993.0,734.0,447.0,verified_real_mendeley_cc_by_4.0,https://doi.org/10.17632/t76ckh2ygg.1
2017-06-23,1138.0,987.0,744.0,451.0,verified_real_mendeley_cc_by_4.0,https://doi.org/10.17632/t76ckh2ygg.1
2017-06-26,1145.0,1005.0,750.0,454.0,verified_real_mendeley_cc_by_4.0,https://doi.org/10.17632/t76ckh2ygg.1
2017-06-27,1151.0,1066.0,757.0,458.0,verified_real_mendeley_cc_by_4.0,https://doi.org/10.17632/t76ckh2ygg.1
2017-06-28,1150.0,1170.0,761.0,459.0,verified_real_mendeley_cc_by_4.0,https://doi.org/10.17632/t76ckh2ygg.1
2017-06-29,1119.0,1146.0,758.0,464.0,verified_real_mendeley_cc_by_4.0,https://doi.org/10.17632/t76ckh2ygg.1
2017-06-30,1091.0,1086.0,754.0,467.0,verified_real_mendeley_cc_by_4.0,https://doi.org/10.17632/t76ckh2ygg.1
2017-07-03,1068.0,1032.0,751.0,468.0,verified_real_mendeley_cc_by_4.0,https://doi.org/10.17632/t76ckh2ygg.1
2017-07-04,1062.0,997.0,747.0,470.0,verified_real_mendeley_cc_by_4.0,https://doi.org/10.17632/t76ckh2ygg.1
2017-07-05,1060.0,901.0,742.0,470.0,verified_real_mendeley_cc_by_4.0,https://doi.org/10.17632/t76ckh2ygg.1
2017-07-06,1063.0,818.0,735.0,470.0,verified_real_mendeley_cc_by_4.0,https://doi.org/10.17632/t76ckh2ygg.1
2017-07-07,1062.0,753.0,732.0,471.0,verified_real_mendeley_cc_by_4.0,https://doi.org/10.17632/t76ckh2ygg.1
2017-07-10,1061.0,730.0,729.0,474.0,verified_real_mendeley_cc_by_4.0,https://doi.org/10.17632/t76ckh2ygg.1
2017-07-11,1069.0,755.0,733.0,477.0,verified_real_mendeley_cc_by_4.0,https://doi.org/10.17632/t76ckh2ygg.1
2017-07-12,1098.0,846.0,744.0,480.0,verified_real_mendeley_cc_by_4.0,https://doi.org/10.17632/t76ckh2ygg.1
2017-07-13,1141.0,928.0,758.0,484.0,verified_real_mendeley_cc_by_4.0,https://doi.org/10.17632/t76ckh2ygg.1
2017-07-14,1173.0,933.0,769.0,486.0,verified_real_mendeley_cc_by_4.0,https://doi.org/10.17632/t76ckh2ygg.1
2017-07-17,1202.0,933.0,776.0,489.0,verified_real_mendeley_cc_by_4.0,https://doi.org/10.17632/t76ckh2ygg.1
2017-07-18,1226.0,984.0,786.0,492.0,verified_real_mendeley_cc_by_4.0,https://doi.org/10.17632/t76ckh2ygg.1
2017-07-19,1252.0,1028.0,798.0,495.0,verified_real_mendeley_cc_by_4.0,https://doi.org/10.17632/t76ckh2ygg.1
2017-07-20,1260.0,1093.0,807.0,497.0,verified_real_mendeley_cc_by_4.0,https://doi.org/10.17632/t76ckh2ygg.1
2017-07-21,1258.0,1154.0,812.0,499.0,verified_real_mendeley_cc_by_4.0,https://doi.org/10.17632/t76ckh2ygg.1
2017-07-24,1248.0,1171.0,814.0,500.0,verified_real_mendeley_cc_by_4.0,https://doi.org/10.17632/t76ckh2ygg.1
2017-07-25,1225.0,1221.0,813.0,500.0,verified_real_mendeley_cc_by_4.0,https://doi.org/10.17632/t76ckh2ygg.1
2017-07-26,1192.0,1206.0,807.0,500.0,verified_real_mendeley_cc_by_4.0,https://doi.org/10.17632/t76ckh2ygg.1
2017-07-27,1146.0,1138.0,798.0,500.0,verified_real_mendeley_cc_by_4.0,https://doi.org/10.17632/t76ckh2ygg.1
2017-07-28,1109.0,1139.0,789.0,498.0,verified_real_mendeley_cc_by_4.0,https://doi.org/10.17632/t76ckh2ygg.1
2017-07-31,1095.0,1225.0,783.0,496.0,verified_real_mendeley_cc_by_4.0,https://doi.org/10.17632/t76ckh2ygg.1
2017-08-01,1098.0,1331.0,779.0,492.0,verified_real_mendeley_cc_by_4.0,https://doi.org/10.17632/t76ckh2ygg.1
2017-08-02,1118.0,1475.0,772.0,488.0,verified_real_mendeley_cc_by_4.0,https://doi.org/10.17632/t76ckh2ygg.1
2017-08-03,1143.0,1602.0,767.0,482.0,verified_real_mendeley_cc_by_4.0,https://doi.org/10.17632/t76ckh2ygg.1
2017-08-04,1153.0,1637.0,764.0,478.0,verified_real_mendeley_cc_by_4.0,https://doi.org/10.17632/t76ckh2ygg.1
2017-08-07,1158.0,1655.0,762.0,475.0,verified_real_mendeley_cc_by_4.0,https://doi.org/10.17632/t76ckh2ygg.1
2017-08-08,1170.0,1659.0,759.0,472.0,verified_real_mendeley_cc_by_4.0,https://doi.org/10.17632/t76ckh2ygg.1
2017-08-09,1192.0,1702.0,756.0,467.0,verified_real_mendeley_cc_by_4.0,https://doi.org/10.17632/t76ckh2ygg.1
2017-08-10,1228.0,1837.0,756.0,466.0,verified_real_mendeley_cc_by_4.0,https://doi.org/10.17632/t76ckh2ygg.1
2017-08-11,1256.0,2013.0,759.0,466.0,verified_real_mendeley_cc_by_4.0,https://doi.org/10.17632/t76ckh2ygg.1
2017-08-14,1272.0,2093.0,760.0,465.0,verified_real_mendeley_cc_by_4.0,https://doi.org/10.17632/t76ckh2ygg.1
2017-08-15,1289.0,2155.0,765.0,464.0,verified_real_mendeley_cc_by_4.0,https://doi.org/10.17632/t76ckh2ygg.1
2017-08-16,1310.0,2324.0,776.0,464.0,verified_real_mendeley_cc_by_4.0,https://doi.org/10.17632/t76ckh2ygg.1
2017-08-17,1336.0,2542.0,791.0,465.0,verified_real_mendeley_cc_by_4.0,https://doi.org/10.17632/t76ckh2ygg.1
2017-08-18,1345.0,2574.0,806.0,465.0,verified_real_mendeley_cc_by_4.0,https://doi.org/10.17632/t76ckh2ygg.1
2017-08-21,1349.0,2584.0,817.0,466.0,verified_real_mendeley_cc_by_4.0,https://doi.org/10.17632/t76ckh2ygg.1
2017-08-22,1345.0,2489.0,824.0,468.0,verified_real_mendeley_cc_by_4.0,https://doi.org/10.17632/t76ckh2ygg.1
2017-08-23,1311.0,2382.0,833.0,470.0,verified_real_mendeley_cc_by_4.0,https://doi.org/10.17632/t76ckh2ygg.1
2017-08-24,1259.0,2333.0,840.0,473.0,verified_real_mendeley_cc_by_4.0,https://doi.org/10.17632/t76ckh2ygg.1
2017-08-25,1235.0,2406.0,845.0,474.0,verified_real_mendeley_cc_by_4.0,https://doi.org/10.17632/t76ckh2ygg.1
2017-08-29,1215.0,2381.0,848.0,477.0,verified_real_mendeley_cc_by_4.0,https://doi.org/10.17632/t76ckh2ygg.1
2017-08-30,1195.0,2282.0,851.0,482.0,verified_real_mendeley_cc_by_4.0,https://doi.org/10.17632/t76ckh2ygg.1
2017-08-31,1189.0,2293.0,853.0,486.0,verified_real_mendeley_cc_by_4.0,https://doi.org/10.17632/t76ckh2ygg.1
2017-09-01,1198.0,2264.0,856.0,486.0,verified_real_mendeley_cc_by_4.0,https://doi.org/10.17632/t76ckh2ygg.1
2017-09-04,1227.0,2243.0,860.0,487.0,verified_real_mendeley_cc_by_4.0,https://doi.org/10.17632/t76ckh2ygg.1
2017-09-05,1275.0,2313.0,863.0,491.0,verified_real_mendeley_cc_by_4.0,https://doi.org/10.17632/t76ckh2ygg.1
2017-09-06,1314.0,2438.0,868.0,494.0,verified_real_mendeley_cc_by_4.0,https://doi.org/10.17632/t76ckh2ygg.1
2017-09-07,1351.0,2614.0,875.0,499.0,verified_real_mendeley_cc_by_4.0,https://doi.org/10.17632/t76ckh2ygg.1
2017-09-08,1375.0,2767.0,888.0,504.0,verified_real_mendeley_cc_by_4.0,https://doi.org/10.17632/t76ckh2ygg.1
2017-09-11,1394.0,2813.0,898.0,509.0,verified_real_mendeley_cc_by_4.0,https://doi.org/10.17632/t76ckh2ygg.1
2017-09-12,1429.0,2724.0,908.0,513.0,verified_real_mendeley_cc_by_4.0,https://doi.org/10.17632/t76ckh2ygg.1
2017-09-13,1464.0,2628.0,923.0,520.0,verified_real_mendeley_cc_by_4.0,https://doi.org/10.17632/t76ckh2ygg.1
2017-09-14,1499.0,2642.0,950.0,529.0,verified_real_mendeley_cc_by_4.0,https://doi.org/10.17632/t76ckh2ygg.1
2017-09-15,1521.0,2685.0,977.0,536.0,verified_real_mendeley_cc_by_4.0,https://doi.org/10.17632/t76ckh2ygg.1
2017-09-18,1529.0,2681.0,997.0,551.0,verified_real_mendeley_cc_by_4.0,https://doi.org/10.17632/t76ckh2ygg.1
2017-09-19,1536.0,2723.0,1017.0,562.0,verified_real_mendeley_cc_by_4.0,https://doi.org/10.17632/t76ckh2ygg.1
2017-09-20,1531.0,2861.0,1033.0,576.0,verified_real_mendeley_cc_by_4.0,https://doi.org/10.17632/t76ckh2ygg.1
2017-09-21,1514.0,2948.0,1050.0,586.0,verified_real_mendeley_cc_by_4.0,https://doi.org/10.17632/t76ckh2ygg.1
2017-09-22,1493.0,3147.0,1061.0,596.0,verified_real_mendeley_cc_by_4.0,https://doi.org/10.17632/t76ckh2ygg.1
2017-09-25,1474.0,3173.0,1068.0,602.0,verified_real_mendeley_cc_by_4.0,https://doi.org/10.17632/t76ckh2ygg.1
2017-09-26,1446.0,3101.0,1065.0,607.0,verified_real_mendeley_cc_by_4.0,https://doi.org/10.17632/t76ckh2ygg.1
2017-09-27,1406.0,2942.0,1054.0,613.0,verified_real_mendeley_cc_by_4.0,https://doi.org/10.17632/t76ckh2ygg.1
2017-09-28,1352.0,2824.0,1041.0,616.0,verified_real_mendeley_cc_by_4.0,https://doi.org/10.17632/t76ckh2ygg.1
2017-09-29,1308.0,2738.0,1021.0,616.0,verified_real_mendeley_cc_by_4.0,https://doi.org/10.17632/t76ckh2ygg.1
2017-10-02,1268.0,2671.0,1006.0,614.0,verified_real_mendeley_cc_by_4.0,https://doi.org/10.17632/t76ckh2ygg.1
2017-10-03,1247.0,2618.0,984.0,612.0,verified_real_mendeley_cc_by_4.0,https://doi.org/10.17632/t76ckh2ygg.1
2017-10-04,1276.0,2667.0,968.0,609.0,verified_real_mendeley_cc_by_4.0,https://doi.org/10.17632/t76ckh2ygg.1
2017-10-05,1345.0,2888.0,965.0,607.0,verified_real_mendeley_cc_by_4.0,https://doi.org/10.17632/t76ckh2ygg.1
2017-10-06,1406.0,2929.0,971.0,610.0,verified_real_mendeley_cc_by_4.0,https://doi.org/10.17632/t76ckh2ygg.1
2017-10-09,1438.0,2906.0,978.0,613.0,verified_real_mendeley_cc_by_4.0,https://doi.org/10.17632/t76ckh2ygg.1
2017-10-10,1465.0,2894.0,996.0,618.0,verified_real_mendeley_cc_by_4.0,https://doi.org/10.17632/t76ckh2ygg.1
2017-10-11,1504.0,2882.0,1020.0,623.0,verified_real_mendeley_cc_by_4.0,https://doi.org/10.17632/t76ckh2ygg.1
2017-10-12,1556.0,2859.0,1050.0,635.0,verified_real_mendeley_cc_by_4.0,https://doi.org/10.17632/t76ckh2ygg.1
2017-10-13,1606.0,2871.0,1069.0,649.0,verified_real_mendeley_cc_by_4.0,https://doi.org/10.17632/t76ckh2ygg.1
2017-10-16,1637.0,2980.0,1082.0,656.0,verified_real_mendeley_cc_by_4.0,https://doi.org/10.17632/t76ckh2ygg.1
2017-10-17,1651.0,3079.0,1094.0,663.0,verified_real_mendeley_cc_by_4.0,https://doi.org/10.17632/t76ckh2ygg.1
2017-10-18,1646.0,3134.0,1105.0,666.0,verified_real_mendeley_cc_by_4.0,https://doi.org/10.17632/t76ckh2ygg.1
2017-10-19,1648.0,3186.0,1116.0,673.0,verified_real_mendeley_cc_by_4.0,https://doi.org/10.17632/t76ckh2ygg.1
2017-10-20,1643.0,3145.0,1126.0,679.0,verified_real_mendeley_cc_by_4.0,https://doi.org/10.17632/t76ckh2ygg.1
2017-10-23,1642.0,3187.0,1128.0,683.0,verified_real_mendeley_cc_by_4.0,https://doi.org/10.17632/t76ckh2ygg.1
2017-10-24,1626.0,3202.0,1130.0,687.0,verified_real_mendeley_cc_by_4.0,https://doi.org/10.17632/t76ckh2ygg.1
2017-10-25,1592.0,3202.0,1129.0,690.0,verified_real_mendeley_cc_by_4.0,https://doi.org/10.17632/t76ckh2ygg.1
2017-10-26,1553.0,3182.0,1117.0,688.0,verified_real_mendeley_cc_by_4.0,https://doi.org/10.17632/t76ckh2ygg.1
2017-10-27,1517.0,3220.0,1100.0,687.0,verified_real_mendeley_cc_by_4.0,https://doi.org/10.17632/t76ckh2ygg.1
2017-10-30,1498.0,3217.0,1081.0,685.0,verified_real_mendeley_cc_by_4.0,https://doi.org/10.17632/t76ckh2ygg.1
2017-10-31,1492.0,3219.0,1060.0,679.0,verified_real_mendeley_cc_by_4.0,https://doi.org/10.17632/t76ckh2ygg.1
2017-11-01,1503.0,3137.0,1043.0,673.0,verified_real_mendeley_cc_by_4.0,https://doi.org/10.17632/t76ckh2ygg.1
2017-11-02,1539.0,3059.0,1027.0,668.0,verified_real_mendeley_cc_by_4.0,https://doi.org/10.17632/t76ckh2ygg.1
2017-11-03,1562.0,3036.0,1014.0,664.0,verified_real_mendeley_cc_by_4.0,https://doi.org/10.17632/t76ckh2ygg.1
2017-11-06,1567.0,3044.0,1001.0,661.0,verified_real_mendeley_cc_by_4.0,https://doi.org/10.17632/t76ckh2ygg.1
2017-11-07,1558.0,3101.0,988.0,658.0,verified_real_mendeley_cc_by_4.0,https://doi.org/10.17632/t76ckh2ygg.1
2017-11-08,1515.0,3259.0,961.0,654.0,verified_real_mendeley_cc_by_4.0,https://doi.org/10.17632/t76ckh2ygg.1
2017-11-09,1468.0,3349.0,936.0,648.0,verified_real_mendeley_cc_by_4.0,https://doi.org/10.17632/t76ckh2ygg.1
2017-11-10,1418.0,3360.0,912.0,644.0,verified_real_mendeley_cc_by_4.0,https://doi.org/10.17632/t76ckh2ygg.1
2017-11-13,1387.0,3351.0,888.0,642.0,verified_real_mendeley_cc_by_4.0,https://doi.org/10.17632/t76ckh2ygg.1
2017-11-14,1346.0,3209.0,872.0,640.0,verified_real_mendeley_cc_by_4.0,https://doi.org/10.17632/t76ckh2ygg.1
2017-11-15,1320.0,3108.0,858.0,637.0,verified_real_mendeley_cc_by_4.0,https://doi.org/10.17632/t76ckh2ygg.1
2017-11-16,1298.0,3084.0,849.0,634.0,verified_real_mendeley_cc_by_4.0,https://doi.org/10.17632/t76ckh2ygg.1
2017-11-17,1285.0,3153.0,845.0,630.0,verified_real_mendeley_cc_by_4.0,https://doi.org/10.17632/t76ckh2ygg.1
2017-11-20,1280.0,3214.0,850.0,628.0,verified_real_mendeley_cc_by_4.0,https://doi.org/10.17632/t76ckh2ygg.1
2017-11-21,1275.0,3255.0,856.0,625.0,verified_real_mendeley_cc_by_4.0,https://doi.org/10.17632/t76ckh2ygg.1
2017-11-22,1281.0,3298.0,875.0,624.0,verified_real_mendeley_cc_by_4.0,https://doi.org/10.17632/t76ckh2ygg.1
2017-11-23,1284.0,3420.0,899.0,622.0,verified_real_mendeley_cc_by_4.0,https://doi.org/10.17632/t76ckh2ygg.1
2017-11-24,1295.0,3453.0,914.0,620.0,verified_real_mendeley_cc_by_4.0,https://doi.org/10.17632/t76ckh2ygg.1
2017-11-27,1299.0,3540.0,923.0,619.0,verified_real_mendeley_cc_by_4.0,https://doi.org/10.17632/t76ckh2ygg.1
2017-11-28,1320.0,3659.0,929.0,620.0,verified_real_mendeley_cc_by_4.0,https://doi.org/10.17632/t76ckh2ygg.1
2017-11-29,1368.0,3740.0,936.0,622.0,verified_real_mendeley_cc_by_4.0,https://doi.org/10.17632/t76ckh2ygg.1
2017-11-30,1433.0,3848.0,941.0,623.0,verified_real_mendeley_cc_by_4.0,https://doi.org/10.17632/t76ckh2ygg.1
2017-12-01,1494.0,4025.0,944.0,626.0,verified_real_mendeley_cc_by_4.0,https://doi.org/10.17632/t76ckh2ygg.1
2017-12-04,1559.0,4129.0,944.0,626.0,verified_real_mendeley_cc_by_4.0,https://doi.org/10.17632/t76ckh2ygg.1
2017-12-05,1571.0,4115.0,944.0,628.0,verified_real_mendeley_cc_by_4.0,https://doi.org/10.17632/t76ckh2ygg.1
2017-12-06,1563.0,4126.0,945.0,629.0,verified_real_mendeley_cc_by_4.0,https://doi.org/10.17632/t76ckh2ygg.1
2017-12-07,1564.0,4147.0,944.0,630.0,verified_real_mendeley_cc_by_4.0,https://doi.org/10.17632/t76ckh2ygg.1
2017-12-08,1588.0,4193.0,943.0,631.0,verified_real_mendeley_cc_by_4.0,https://doi.org/10.17632/t76ckh2ygg.1
2017-12-11,1624.0,4272.0,939.0,632.0,verified_real_mendeley_cc_by_4.0,https://doi.org/10.17632/t76ckh2ygg.1
2017-12-12,1672.0,4293.0,942.0,633.0,verified_real_mendeley_cc_by_4.0,https://doi.org/10.17632/t76ckh2ygg.1
2017-12-13,1718.0,4211.0,943.0,633.0,verified_real_mendeley_cc_by_4.0,https://doi.org/10.17632/t76ckh2ygg.1
2017-12-14,1714.0,3936.0,944.0,635.0,verified_real_mendeley_cc_by_4.0,https://doi.org/10.17632/t76ckh2ygg.1
2017-12-15,1677.0,3777.0,942.0,636.0,verified_real_mendeley_cc_by_4.0,https://doi.org/10.17632/t76ckh2ygg.1
2017-12-18,1643.0,3656.0,943.0,637.0,verified_real_mendeley_cc_by_4.0,https://doi.org/10.17632/t76ckh2ygg.1
2017-12-19,1593.0,3510.0,938.0,636.0,verified_real_mendeley_cc_by_4.0,https://doi.org/10.17632/t76ckh2ygg.1
2017-12-20,1546.0,3216.0,933.0,632.0,verified_real_mendeley_cc_by_4.0,https://doi.org/10.17632/t76ckh2ygg.1
2017-12-21,1445.0,3115.0,925.0,627.0,verified_real_mendeley_cc_by_4.0,https://doi.org/10.17632/t76ckh2ygg.1
2017-12-22,1395.0,2830.0,914.0,625.0,verified_real_mendeley_cc_by_4.0,https://doi.org/10.17632/t76ckh2ygg.1
2018-01-02,1340.0,2281.0,901.0,612.0,verified_real_mendeley_cc_by_4.0,https://doi.org/10.17632/t76ckh2ygg.1
2018-01-03,1332.0,2426.0,894.0,607.0,verified_real_mendeley_cc_by_4.0,https://doi.org/10.17632/t76ckh2ygg.1
2018-01-04,1365.0,2715.0,884.0,604.0,verified_real_mendeley_cc_by_4.0,https://doi.org/10.17632/t76ckh2ygg.1
2018-01-05,1400.0,2791.0,884.0,600.0,verified_real_mendeley_cc_by_4.0,https://doi.org/10.17632/t76ckh2ygg.1
2018-01-08,1424.0,2826.0,886.0,594.0,verified_real_mendeley_cc_by_4.0,https://doi.org/10.17632/t76ckh2ygg.1
2018-01-09,1428.0,2820.0,889.0,592.0,verified_real_mendeley_cc_by_4.0,https://doi.org/10.17632/t76ckh2ygg.1
2018-01-10,1404.0,2677.0,898.0,589.0,verified_real_mendeley_cc_by_4.0,https://doi.org/10.17632/t76ckh2ygg.1
2018-01-11,1371.0,2384.0,902.0,587.0,verified_real_mendeley_cc_by_4.0,https://doi.org/10.17632/t76ckh2ygg.1
2018-01-12,1348.0,2296.0,907.0,587.0,verified_real_mendeley_cc_by_4.0,https://doi.org/10.17632/t76ckh2ygg.1
2018-01-15,1340.0,2231.0,908.0,585.0,verified_real_mendeley_cc_by_4.0,https://doi.org/10.17632/t76ckh2ygg.1
2018-01-16,1329.0,2010.0,910.0,583.0,verified_real_mendeley_cc_by_4.0,https://doi.org/10.17632/t76ckh2ygg.1
2018-01-17,1317.0,1743.0,910.0,581.0,verified_real_mendeley_cc_by_4.0,https://doi.org/10.17632/t76ckh2ygg.1
2018-01-18,1311.0,1611.0,910.0,580.0,verified_real_mendeley_cc_by_4.0,https://doi.org/10.17632/t76ckh2ygg.1
2018-01-19,1333.0,1493.0,911.0,584.0,verified_real_mendeley_cc_by_4.0,https://doi.org/10.17632/t76ckh2ygg.1
2018-01-22,1362.0,1445.0,913.0,585.0,verified_real_mendeley_cc_by_4.0,https://doi.org/10.17632/t76ckh2ygg.1
2018-01-23,1404.0,1525.0,911.0,586.0,verified_real_mendeley_cc_by_4.0,https://doi.org/10.17632/t76ckh2ygg.1
2018-01-24,1456.0,1676.0,908.0,584.0,verified_real_mendeley_cc_by_4.0,https://doi.org/10.17632/t76ckh2ygg.1
2018-01-25,1481.0,1752.0,904.0,581.0,verified_real_mendeley_cc_by_4.0,https://doi.org/10.17632/t76ckh2ygg.1
2018-01-26,1492.0,1772.0,900.0,577.0,verified_real_mendeley_cc_by_4.0,https://doi.org/10.17632/t76ckh2ygg.1
2018-01-29,1485.0,1784.0,895.0,573.0,verified_real_mendeley_cc_by_4.0,https://doi.org/10.17632/t76ckh2ygg.1
2018-01-30,1450.0,1748.0,889.0,566.0,verified_real_mendeley_cc_by_4.0,https://doi.org/10.17632/t76ckh2ygg.1
2018-01-31,1411.0,1613.0,884.0,558.0,verified_real_mendeley_cc_by_4.0,https://doi.org/10.17632/t76ckh2ygg.1
2018-02-01,1378.0,1528.0,877.0,552.0,verified_real_mendeley_cc_by_4.0,https://doi.org/10.17632/t76ckh2ygg.1
2018-02-02,1359.0,1470.0,872.0,547.0,verified_real_mendeley_cc_by_4.0,https://doi.org/10.17632/t76ckh2ygg.1
2018-02-05,1339.0,1433.0,865.0,543.0,verified_real_mendeley_cc_by_4.0,https://doi.org/10.17632/t76ckh2ygg.1
2018-02-06,1316.0,1519.0,857.0,538.0,verified_real_mendeley_cc_by_4.0,https://doi.org/10.17632/t76ckh2ygg.1
2018-02-07,1293.0,1578.0,844.0,532.0,verified_real_mendeley_cc_by_4.0,https://doi.org/10.17632/t76ckh2ygg.1
2018-02-08,1263.0,1662.0,833.0,529.0,verified_real_mendeley_cc_by_4.0,https://doi.org/10.17632/t76ckh2ygg.1
2018-02-09,1250.0,1790.0,825.0,526.0,verified_real_mendeley_cc_by_4.0,https://doi.org/10.17632/t76ckh2ygg.1
2018-02-12,1237.0,1824.0,819.0,520.0,verified_real_mendeley_cc_by_4.0,https://doi.org/10.17632/t76ckh2ygg.1
2018-02-13,1228.0,1793.0,817.0,518.0,verified_real_mendeley_cc_by_4.0,https://doi.org/10.17632/t76ckh2ygg.1
2018-02-14,1231.0,1721.0,823.0,516.0,verified_real_mendeley_cc_by_4.0,https://doi.org/10.17632/t76ckh2ygg.1
2018-02-15,1251.0,1663.0,832.0,515.0,verified_real_mendeley_cc_by_4.0,https://doi.org/10.17632/t76ckh2ygg.1
2018-02-16,1273.0,1608.0,837.0,515.0,verified_real_mendeley_cc_by_4.0,https://doi.org/10.17632/t76ckh2ygg.1
2018-02-19,1294.0,1597.0,840.0,517.0,verified_real_mendeley_cc_by_4.0,https://doi.org/10.17632/t76ckh2ygg.1
2018-02-20,1333.0,1678.0,847.0,519.0,verified_real_mendeley_cc_by_4.0,https://doi.org/10.17632/t76ckh2ygg.1
2018-02-21,1388.0,1717.0,856.0,522.0,verified_real_mendeley_cc_by_4.0,https://doi.org/10.17632/t76ckh2ygg.1
2018-02-22,1438.0,1725.0,871.0,529.0,verified_real_mendeley_cc_by_4.0,https://doi.org/10.17632/t76ckh2ygg.1
2018-02-23,1481.0,1722.0,892.0,534.0,verified_real_mendeley_cc_by_4.0,https://doi.org/10.17632/t76ckh2ygg.1
2018-02-26,1504.0,1680.0,919.0,538.0,verified_real_mendeley_cc_by_4.0,https://doi.org/10.17632/t76ckh2ygg.1
2018-02-27,1513.0,1595.0,948.0,545.0,verified_real_mendeley_cc_by_4.0,https://doi.org/10.17632/t76ckh2ygg.1
2018-02-28,1513.0,1560.0,973.0,557.0,verified_real_mendeley_cc_by_4.0,https://doi.org/10.17632/t76ckh2ygg.1
2018-03-01,1505.0,1568.0,992.0,579.0,verified_real_mendeley_cc_by_4.0,https://doi.org/10.17632/t76ckh2ygg.1
2018-03-02,1500.0,1592.0,1004.0,586.0,verified_real_mendeley_cc_by_4.0,https://doi.org/10.17632/t76ckh2ygg.1
2018-03-05,1502.0,1597.0,1006.0,590.0,verified_real_mendeley_cc_by_4.0,https://doi.org/10.17632/t76ckh2ygg.1
2018-03-06,1528.0,1587.0,1013.0,595.0,verified_real_mendeley_cc_by_4.0,https://doi.org/10.17632/t76ckh2ygg.1
2018-03-07,1553.0,1495.0,1020.0,599.0,verified_real_mendeley_cc_by_4.0,https://doi.org/10.17632/t76ckh2ygg.1
2018-03-08,1590.0,1489.0,1026.0,607.0,verified_real_mendeley_cc_by_4.0,https://doi.org/10.17632/t76ckh2ygg.1
2018-03-09,1615.0,1479.0,1032.0,611.0,verified_real_mendeley_cc_by_4.0,https://doi.org/10.17632/t76ckh2ygg.1
2018-03-12,1624.0,1425.0,1040.0,615.0,verified_real_mendeley_cc_by_4.0,https://doi.org/10.17632/t76ckh2ygg.1
2018-03-13,1623.0,1362.0,1049.0,617.0,verified_real_mendeley_cc_by_4.0,https://doi.org/10.17632/t76ckh2ygg.1
2018-03-14,1623.0,1312.0,1061.0,622.0,verified_real_mendeley_cc_by_4.0,https://doi.org/10.17632/t76ckh2ygg.1
2018-03-15,1619.0,1238.0,1077.0,626.0,verified_real_mendeley_cc_by_4.0,https://doi.org/10.17632/t76ckh2ygg.1
2018-03-16,1618.0,1203.0,1091.0,627.0,verified_real_mendeley_cc_by_4.0,https://doi.org/10.17632/t76ckh2ygg.1
2018-03-19,1621.0,1171.0,1099.0,629.0,verified_real_mendeley_cc_by_4.0,https://doi.org/10.17632/t76ckh2ygg.1
2018-03-20,1615.0,1112.0,1109.0,630.0,verified_real_mendeley_cc_by_4.0,https://doi.org/10.17632/t76ckh2ygg.1
2018-03-21,1606.0,1109.0,1117.0,634.0,verified_real_mendeley_cc_by_4.0,https://doi.org/10.17632/t76ckh2ygg.1
2018-03-22,1593.0,1129.0,1122.0,639.0,verified_real_mendeley_cc_by_4.0,https://doi.org/10.17632/t76ckh2ygg.1
2018-03-23,1587.0,1157.0,1121.0,641.0,verified_real_mendeley_cc_by_4.0,https://doi.org/10.17632/t76ckh2ygg.1
2018-03-26,1575.0,1197.0,1116.0,645.0,verified_real_mendeley_cc_by_4.0,https://doi.org/10.17632/t76ckh2ygg.1
2018-03-27,1552.0,1191.0,1106.0,648.0,verified_real_mendeley_cc_by_4.0,https://doi.org/10.17632/t76ckh2ygg.1
2018-03-28,1520.0,1065.0,1093.0,650.0,verified_real_mendeley_cc_by_4.0,https://doi.org/10.17632/t76ckh2ygg.1
2018-03-29,1495.0,1010.0,1080.0,652.0,verified_real_mendeley_cc_by_4.0,https://doi.org/10.17632/t76ckh2ygg.1
2018-04-03,1455.0,924.0,1067.0,650.0,verified_real_mendeley_cc_by_4.0,https://doi.org/10.17632/t76ckh2ygg.1
2018-04-04,1397.0,841.0,1056.0,648.0,verified_real_mendeley_cc_by_4.0,https://doi.org/10.17632/t76ckh2ygg.1
2018-04-05,1343.0,809.0,1042.0,644.0,verified_real_mendeley_cc_by_4.0,https://doi.org/10.17632/t76ckh2ygg.1
2018-04-06,1317.0,824.0,1032.0,643.0,verified_real_mendeley_cc_by_4.0,https://doi.org/10.17632/t76ckh2ygg.1
2018-04-09,1315.0,854.0,1024.0,638.0,verified_real_mendeley_cc_by_4.0,https://doi.org/10.17632/t76ckh2ygg.1
2018-04-10,1319.0,930.0,1016.0,636.0,verified_real_mendeley_cc_by_4.0,https://doi.org/10.17632/t76ckh2ygg.1
2018-04-11,1325.0,940.0,1014.0,634.0,verified_real_mendeley_cc_by_4.0,https://doi.org/10.17632/t76ckh2ygg.1
2018-04-12,1335.0,982.0,1014.0,630.0,verified_real_mendeley_cc_by_4.0,https://doi.org/10.17632/t76ckh2ygg.1
2018-04-13,1351.0,1038.0,1013.0,628.0,verified_real_mendeley_cc_by_4.0,https://doi.org/10.17632/t76ckh2ygg.1
2018-04-16,1359.0,1061.0,1016.0,626.0,verified_real_mendeley_cc_by_4.0,https://doi.org/10.17632/t76ckh2ygg.1
2018-04-17,1353.0,1152.0,1018.0,626.0,verified_real_mendeley_cc_by_4.0,https://doi.org/10.17632/t76ckh2ygg.1
2018-04-18,1329.0,1402.0,1022.0,626.0,verified_real_mendeley_cc_by_4.0,https://doi.org/10.17632/t76ckh2ygg.1
2018-04-19,1306.0,1668.0,1022.0,623.0,verified_real_mendeley_cc_by_4.0,https://doi.org/10.17632/t76ckh2ygg.1
2018-04-20,1289.0,1915.0,1025.0,621.0,verified_real_mendeley_cc_by_4.0,https://doi.org/10.17632/t76ckh2ygg.1
2018-04-23,1281.0,2009.0,1027.0,621.0,verified_real_mendeley_cc_by_4.0,https://doi.org/10.17632/t76ckh2ygg.1
2018-04-24,1269.0,2130.0,1030.0,617.0,verified_real_mendeley_cc_by_4.0,https://doi.org/10.17632/t76ckh2ygg.1
2018-04-25,1264.0,2314.0,1037.0,614.0,verified_real_mendeley_cc_by_4.0,https://doi.org/10.17632/t76ckh2ygg.1
2018-04-26,1272.0,2306.0,1040.0,610.0,verified_real_mendeley_cc_by_4.0,https://doi.org/10.17632/t76ckh2ygg.1
2018-04-27,1275.0,2251.0,1042.0,605.0,verified_real_mendeley_cc_by_4.0,https://doi.org/10.17632/t76ckh2ygg.1
2018-04-30,1276.0,2173.0,1045.0,603.0,verified_real_mendeley_cc_by_4.0,https://doi.org/10.17632/t76ckh2ygg.1
2018-05-01,1271.0,2136.0,1043.0,601.0,verified_real_mendeley_cc_by_4.0,https://doi.org/10.17632/t76ckh2ygg.1
2018-05-02,1271.0,2197.0,1043.0,597.0,verified_real_mendeley_cc_by_4.0,https://doi.org/10.17632/t76ckh2ygg.1
2018-05-03,1266.0,2308.0,1047.0,591.0,verified_real_mendeley_cc_by_4.0,https://doi.org/10.17632/t76ckh2ygg.1
2018-05-04,1265.0,2337.0,1050.0,589.0,verified_real_mendeley_cc_by_4.0,https://doi.org/10.17632/t76ckh2ygg.1
2018-05-08,1257.0,2482.0,1051.0,585.0,verified_real_mendeley_cc_by_4.0,https://doi.org/10.17632/t76ckh2ygg.1
2018-05-09,1253.0,2616.0,1048.0,585.0,verified_real_mendeley_cc_by_4.0,https://doi.org/10.17632/t76ckh2ygg.1
2018-05-10,1246.0,2565.0,1052.0,584.0,verified_real_mendeley_cc_by_4.0,https://doi.org/10.17632/t76ckh2ygg.1
2018-05-11,1245.0,2630.0,1053.0,584.0,verified_real_mendeley_cc_by_4.0,https://doi.org/10.17632/t76ckh2ygg.1
2018-05-14,1240.0,2635.0,1055.0,585.0,verified_real_mendeley_cc_by_4.0,https://doi.org/10.17632/t76ckh2ygg.1
2018-05-15,1237.0,2602.0,1053.0,586.0,verified_real_mendeley_cc_by_4.0,https://doi.org/10.17632/t76ckh2ygg.1
2018-05-16,1237.0,2407.0,1056.0,587.0,verified_real_mendeley_cc_by_4.0,https://doi.org/10.17632/t76ckh2ygg.1
2018-05-17,1239.0,2106.0,1064.0,589.0,verified_real_mendeley_cc_by_4.0,https://doi.org/10.17632/t76ckh2ygg.1
2018-05-18,1241.0,2053.0,1069.0,590.0,verified_real_mendeley_cc_by_4.0,https://doi.org/10.17632/t76ckh2ygg.1
2018-05-21,1243.0,1957.0,1071.0,591.0,verified_real_mendeley_cc_by_4.0,https://doi.org/10.17632/t76ckh2ygg.1
2018-05-22,1239.0,1854.0,1074.0,590.0,verified_real_mendeley_cc_by_4.0,https://doi.org/10.17632/t76ckh2ygg.1
2018-05-23,1222.0,1759.0,1074.0,591.0,verified_real_mendeley_cc_by_4.0,https://doi.org/10.17632/t76ckh2ygg.1
2018-05-24,1202.0,1551.0,1074.0,590.0,verified_real_mendeley_cc_by_4.0,https://doi.org/10.17632/t76ckh2ygg.1
2018-05-25,1187.0,1395.0,1071.0,587.0,verified_real_mendeley_cc_by_4.0,https://doi.org/10.17632/t76ckh2ygg.1
2018-05-29,1163.0,1324.0,1068.0,586.0,verified_real_mendeley_cc_by_4.0,https://doi.org/10.17632/t76ckh2ygg.1
2018-05-30,1149.0,1276.0,1064.0,584.0,verified_real_mendeley_cc_by_4.0,https://doi.org/10.17632/t76ckh2ygg.1
2018-05-31,1160.0,1401.0,1063.0,583.0,verified_real_mendeley_cc_by_4.0,https://doi.org/10.17632/t76ckh2ygg.1
2018-06-01,1192.0,1602.0,1061.0,583.0,verified_real_mendeley_cc_by_4.0,https://doi.org/10.17632/t76ckh2ygg.1
2018-06-04,1217.0,1712.0,1061.0,583.0,verified_real_mendeley_cc_by_4.0,https://doi.org/10.17632/t76ckh2ygg.1
2018-06-05,1250.0,1835.0,1065.0,584.0,verified_real_mendeley_cc_by_4.0,https://doi.org/10.17632/t76ckh2ygg.1
2018-06-06,1290.0,2088.0,1065.0,583.0,verified_real_mendeley_cc_by_4.0,https://doi.org/10.17632/t76ckh2ygg.1
2018-06-07,1344.0,2220.0,1072.0,583.0,verified_real_mendeley_cc_by_4.0,https://doi.org/10.17632/t76ckh2ygg.1
2018-06-08,1418.0,2151.0,1075.0,584.0,verified_real_mendeley_cc_by_4.0,https://doi.org/10.17632/t76ckh2ygg.1
2018-06-11,1451.0,2091.0,1078.0,586.0,verified_real_mendeley_cc_by_4.0,https://doi.org/10.17632/t76ckh2ygg.1
2018-06-12,1474.0,2068.0,1084.0,588.0,verified_real_mendeley_cc_by_4.0,https://doi.org/10.17632/t76ckh2ygg.1
2018-06-13,1488.0,2091.0,1088.0,591.0,verified_real_mendeley_cc_by_4.0,https://doi.org/10.17632/t76ckh2ygg.1
2018-06-14,1498.0,2184.0,1089.0,592.0,verified_real_mendeley_cc_by_4.0,https://doi.org/10.17632/t76ckh2ygg.1
2018-06-15,1495.0,2223.0,1091.0,593.0,verified_real_mendeley_cc_by_4.0,https://doi.org/10.17632/t76ckh2ygg.1
2018-06-18,1482.0,2228.0,1092.0,595.0,verified_real_mendeley_cc_by_4.0,https://doi.org/10.17632/t76ckh2ygg.1
2018-06-19,1458.0,2187.0,1093.0,594.0,verified_real_mendeley_cc_by_4.0,https://doi.org/10.17632/t76ckh2ygg.1
2018-06-20,1419.0,2090.0,1094.0,593.0,verified_real_mendeley_cc_by_4.0,https://doi.org/10.17632/t76ckh2ygg.1
2018-06-21,1382.0,2038.0,1094.0,592.0,verified_real_mendeley_cc_by_4.0,https://doi.org/10.17632/t76ckh2ygg.1
2018-06-22,1355.0,2011.0,1092.0,593.0,verified_real_mendeley_cc_by_4.0,https://doi.org/10.17632/t76ckh2ygg.1
2018-06-25,1339.0,2001.0,1085.0,592.0,verified_real_mendeley_cc_by_4.0,https://doi.org/10.17632/t76ckh2ygg.1
2018-06-26,1321.0,1986.0,1078.0,589.0,verified_real_mendeley_cc_by_4.0,https://doi.org/10.17632/t76ckh2ygg.1
2018-06-27,1324.0,1942.0,1067.0,585.0,verified_real_mendeley_cc_by_4.0,https://doi.org/10.17632/t76ckh2ygg.1
2018-06-28,1331.0,2025.0,1055.0,583.0,verified_real_mendeley_cc_by_4.0,https://doi.org/10.17632/t76ckh2ygg.1
2018-06-29,1336.0,2170.0,1042.0,581.0,verified_real_mendeley_cc_by_4.0,https://doi.org/10.17632/t76ckh2ygg.1
2018-07-02,1338.0,2304.0,1034.0,575.0,verified_real_mendeley_cc_by_4.0,https://doi.org/10.17632/t76ckh2ygg.1
2018-07-03,1336.0,2478.0,1025.0,571.0,verified_real_mendeley_cc_by_4.0,https://doi.org/10.17632/t76ckh2ygg.1
2018-07-04,1334.0,2743.0,1017.0,569.0,verified_real_mendeley_cc_by_4.0,https://doi.org/10.17632/t76ckh2ygg.1
2018-07-05,1339.0,3013.0,1005.0,565.0,verified_real_mendeley_cc_by_4.0,https://doi.org/10.17632/t76ckh2ygg.1
2018-07-06,1347.0,3086.0,999.0,563.0,verified_real_mendeley_cc_by_4.0,https://doi.org/10.17632/t76ckh2ygg.1
2018-07-09,1367.0,3016.0,997.0,562.0,verified_real_mendeley_cc_by_4.0,https://doi.org/10.17632/t76ckh2ygg.1
2018-07-10,1431.0,2792.0,994.0,560.0,verified_real_mendeley_cc_by_4.0,https://doi.org/10.17632/t76ckh2ygg.1
2018-07-11,1498.0,2793.0,992.0,558.0,verified_real_mendeley_cc_by_4.0,https://doi.org/10.17632/t76ckh2ygg.1
2018-07-12,1517.0,3041.0,994.0,558.0,verified_real_mendeley_cc_by_4.0,https://doi.org/10.17632/t76ckh2ygg.1
2018-07-13,1527.0,3156.0,995.0,559.0,verified_real_mendeley_cc_by_4.0,https://doi.org/10.17632/t76ckh2ygg.1
2018-07-16,1529.0,3238.0,998.0,559.0,verified_real_mendeley_cc_by_4.0,https://doi.org/10.17632/t76ckh2ygg.1
2018-07-17,1530.0,3335.0,1003.0,561.0,verified_real_mendeley_cc_by_4.0,https://doi.org/10.17632/t76ckh2ygg.1
2018-07-18,1529.0,3230.0,1008.0,561.0,verified_real_mendeley_cc_by_4.0,https://doi.org/10.17632/t76ckh2ygg.1
2018-07-19,1538.0,3130.0,1016.0,561.0,verified_real_mendeley_cc_by_4.0,https://doi.org/10.17632/t76ckh2ygg.1
2018-07-20,1557.0,3205.0,1023.0,560.0,verified_real_mendeley_cc_by_4.0,https://doi.org/10.17632/t76ckh2ygg.1
2018-07-23,1566.0,3304.0,1028.0,560.0,verified_real_mendeley_cc_by_4.0,https://doi.org/10.17632/t76ckh2ygg.1
2018-07-24,1581.0,3461.0,1030.0,559.0,verified_real_mendeley_cc_by_4.0,https://doi.org/10.17632/t76ckh2ygg.1
2018-07-25,1588.0,3462.0,1033.0,556.0,verified_real_mendeley_cc_by_4.0,https://doi.org/10.17632/t76ckh2ygg.1
2018-07-26,1583.0,3303.0,1034.0,554.0,verified_real_mendeley_cc_by_4.0,https://doi.org/10.17632/t76ckh2ygg.1
2018-07-27,1588.0,3197.0,1035.0,553.0,verified_real_mendeley_cc_by_4.0,https://doi.org/10.17632/t76ckh2ygg.1
2018-07-30,1587.0,3280.0,1035.0,551.0,verified_real_mendeley_cc_by_4.0,https://doi.org/10.17632/t76ckh2ygg.1
2018-07-31,1570.0,3471.0,1035.0,549.0,verified_real_mendeley_cc_by_4.0,https://doi.org/10.17632/t76ckh2ygg.1
2018-08-01,1539.0,3515.0,1036.0,547.0,verified_real_mendeley_cc_by_4.0,https://doi.org/10.17632/t76ckh2ygg.1
2018-08-02,1491.0,3534.0,1032.0,544.0,verified_real_mendeley_cc_by_4.0,https://doi.org/10.17632/t76ckh2ygg.1
2018-08-03,1447.0,3632.0,1030.0,543.0,verified_real_mendeley_cc_by_4.0,https://doi.org/10.17632/t76ckh2ygg.1
2018-08-06,1420.0,3654.0,1030.0,542.0,verified_real_mendeley_cc_by_4.0,https://doi.org/10.17632/t76ckh2ygg.1
2018-08-07,1386.0,3550.0,1032.0,541.0,verified_real_mendeley_cc_by_4.0,https://doi.org/10.17632/t76ckh2ygg.1
2018-08-08,1365.0,3483.0,1035.0,541.0,verified_real_mendeley_cc_by_4.0,https://doi.org/10.17632/t76ckh2ygg.1
2018-08-09,1349.0,3472.0,1036.0,543.0,verified_real_mendeley_cc_by_4.0,https://doi.org/10.17632/t76ckh2ygg.1
2018-08-10,1339.0,3480.0,1039.0,542.0,verified_real_mendeley_cc_by_4.0,https://doi.org/10.17632/t76ckh2ygg.1
2018-08-13,1339.0,3536.0,1040.0,543.0,verified_real_mendeley_cc_by_4.0,https://doi.org/10.17632/t76ckh2ygg.1
2018-08-14,1362.0,3587.0,1042.0,543.0,verified_real_mendeley_cc_by_4.0,https://doi.org/10.17632/t76ckh2ygg.1
2018-08-15,1403.0,3560.0,1045.0,543.0,verified_real_mendeley_cc_by_4.0,https://doi.org/10.17632/t76ckh2ygg.1
2018-08-16,1447.0,3476.0,1050.0,544.0,verified_real_mendeley_cc_by_4.0,https://doi.org/10.17632/t76ckh2ygg.1
2018-08-17,1485.0,3454.0,1056.0,545.0,verified_real_mendeley_cc_by_4.0,https://doi.org/10.17632/t76ckh2ygg.1
2018-08-20,1506.0,3424.0,1062.0,543.0,verified_real_mendeley_cc_by_4.0,https://doi.org/10.17632/t76ckh2ygg.1
2018-08-21,1530.0,3426.0,1069.0,543.0,verified_real_mendeley_cc_by_4.0,https://doi.org/10.17632/t76ckh2ygg.1
2018-08-22,1560.0,3371.0,1078.0,548.0,verified_real_mendeley_cc_by_4.0,https://doi.org/10.17632/t76ckh2ygg.1
2018-08-23,1607.0,3232.0,1087.0,547.0,verified_real_mendeley_cc_by_4.0,https://doi.org/10.17632/t76ckh2ygg.1
2018-08-24,1630.0,3164.0,1095.0,551.0,verified_real_mendeley_cc_by_4.0,https://doi.org/10.17632/t76ckh2ygg.1
2018-08-28,1643.0,3088.0,1110.0,554.0,verified_real_mendeley_cc_by_4.0,https://doi.org/10.17632/t76ckh2ygg.1
2018-08-29,1639.0,2994.0,1121.0,556.0,verified_real_mendeley_cc_by_4.0,https://doi.org/10.17632/t76ckh2ygg.1
2018-08-30,1608.0,2826.0,1128.0,559.0,verified_real_mendeley_cc_by_4.0,https://doi.org/10.17632/t76ckh2ygg.1
2018-08-31,1571.0,2732.0,1132.0,562.0,verified_real_mendeley_cc_by_4.0,https://doi.org/10.17632/t76ckh2ygg.1
2018-09-03,1540.0,2672.0,1133.0,563.0,verified_real_mendeley_cc_by_4.0,https://doi.org/10.17632/t76ckh2ygg.1
2018-09-04,1517.0,2535.0,1135.0,564.0,verified_real_mendeley_cc_by_4.0,https://doi.org/10.17632/t76ckh2ygg.1
2018-09-05,1504.0,2410.0,1135.0,565.0,verified_real_mendeley_cc_by_4.0,https://doi.org/10.17632/t76ckh2ygg.1
2018-09-06,1516.0,2424.0,1135.0,565.0,verified_real_mendeley_cc_by_4.0,https://doi.org/10.17632/t76ckh2ygg.1
2018-09-07,1528.0,2411.0,1134.0,568.0,verified_real_mendeley_cc_by_4.0,https://doi.org/10.17632/t76ckh2ygg.1
2018-09-10,1544.0,2363.0,1136.0,569.0,verified_real_mendeley_cc_by_4.0,https://doi.org/10.17632/t76ckh2ygg.1
2018-09-11,1556.0,2191.0,1135.0,572.0,verified_real_mendeley_cc_by_4.0,https://doi.org/10.17632/t76ckh2ygg.1
2018-09-12,1550.0,2074.0,1134.0,576.0,verified_real_mendeley_cc_by_4.0,https://doi.org/10.17632/t76ckh2ygg.1
2018-09-13,1534.0,1980.0,1132.0,581.0,verified_real_mendeley_cc_by_4.0,https://doi.org/10.17632/t76ckh2ygg.1
2018-09-14,1523.0,1900.0,1134.0,588.0,verified_real_mendeley_cc_by_4.0,https://doi.org/10.17632/t76ckh2ygg.1
2018-09-17,1518.0,1853.0,1138.0,596.0,verified_real_mendeley_cc_by_4.0,https://doi.org/10.17632/t76ckh2ygg.1
2018-09-18,1525.0,1826.0,1151.0,600.0,verified_real_mendeley_cc_by_4.0,https://doi.org/10.17632/t76ckh2ygg.1
2018-09-19,1530.0,1850.0,1159.0,604.0,verified_real_mendeley_cc_by_4.0,https://doi.org/10.17632/t76ckh2ygg.1
2018-09-20,1557.0,1838.0,1169.0,612.0,verified_real_mendeley_cc_by_4.0,https://doi.org/10.17632/t76ckh2ygg.1
2018-09-21,1586.0,1840.0,1175.0,617.0,verified_real_mendeley_cc_by_4.0,https://doi.org/10.17632/t76ckh2ygg.1
2018-09-24,1609.0,1864.0,1185.0,622.0,verified_real_mendeley_cc_by_4.0,https://doi.org/10.17632/t76ckh2ygg.1
2018-09-25,1639.0,1868.0,1190.0,622.0,verified_real_mendeley_cc_by_4.0,https://doi.org/10.17632/t76ckh2ygg.1
2018-09-26,1677.0,1910.0,1194.0,626.0,verified_real_mendeley_cc_by_4.0,https://doi.org/10.17632/t76ckh2ygg.1
2018-09-27,1689.0,1949.0,1195.0,627.0,verified_real_mendeley_cc_by_4.0,https://doi.org/10.17632/t76ckh2ygg.1
2018-09-28,1695.0,2000.0,1194.0,629.0,verified_real_mendeley_cc_by_4.0,https://doi.org/10.17632/t76ckh2ygg.1
2018-10-01,1692.0,2061.0,1193.0,630.0,verified_real_mendeley_cc_by_4.0,https://doi.org/10.17632/t76ckh2ygg.1
2018-10-02,1678.0,2148.0,1189.0,631.0,verified_real_mendeley_cc_by_4.0,https://doi.org/10.17632/t76ckh2ygg.1
2018-10-03,1679.0,2199.0,1190.0,633.0,verified_real_mendeley_cc_by_4.0,https://doi.org/10.17632/t76ckh2ygg.1
2018-10-04,1706.0,2148.0,1192.0,634.0,verified_real_mendeley_cc_by_4.0,https://doi.org/10.17632/t76ckh2ygg.1
2018-10-05,1727.0,2081.0,1197.0,637.0,verified_real_mendeley_cc_by_4.0,https://doi.org/10.17632/t76ckh2ygg.1
2018-10-08,1749.0,2042.0,1201.0,639.0,verified_real_mendeley_cc_by_4.0,https://doi.org/10.17632/t76ckh2ygg.1
2018-10-09,1747.0,1961.0,1203.0,643.0,verified_real_mendeley_cc_by_4.0,https://doi.org/10.17632/t76ckh2ygg.1
2018-10-10,1749.0,1949.0,1205.0,647.0,verified_real_mendeley_cc_by_4.0,https://doi.org/10.17632/t76ckh2ygg.1
2018-10-11,1763.0,2005.0,1207.0,652.0,verified_real_mendeley_cc_by_4.0,https://doi.org/10.17632/t76ckh2ygg.1
2018-10-12,1775.0,2169.0,1204.0,657.0,verified_real_mendeley_cc_by_4.0,https://doi.org/10.17632/t76ckh2ygg.1
2018-10-15,1779.0,2189.0,1200.0,661.0,verified_real_mendeley_cc_by_4.0,https://doi.org/10.17632/t76ckh2ygg.1
2018-10-16,1793.0,2164.0,1196.0,663.0,verified_real_mendeley_cc_by_4.0,https://doi.org/10.17632/t76ckh2ygg.1
2018-10-17,1796.0,2106.0,1192.0,665.0,verified_real_mendeley_cc_by_4.0,https://doi.org/10.17632/t76ckh2ygg.1
2018-10-18,1789.0,2176.0,1181.0,668.0,verified_real_mendeley_cc_by_4.0,https://doi.org/10.17632/t76ckh2ygg.1
2018-10-19,1775.0,2230.0,1170.0,670.0,verified_real_mendeley_cc_by_4.0,https://doi.org/10.17632/t76ckh2ygg.1
2018-10-22,1756.0,2296.0,1163.0,671.0,verified_real_mendeley_cc_by_4.0,https://doi.org/10.17632/t76ckh2ygg.1
2018-10-23,1715.0,2363.0,1156.0,673.0,verified_real_mendeley_cc_by_4.0,https://doi.org/10.17632/t76ckh2ygg.1
2018-10-24,1669.0,2388.0,1144.0,675.0,verified_real_mendeley_cc_by_4.0,https://doi.org/10.17632/t76ckh2ygg.1
2018-10-25,1622.0,2353.0,1132.0,676.0,verified_real_mendeley_cc_by_4.0,https://doi.org/10.17632/t76ckh2ygg.1
2018-10-26,1583.0,2526.0,1117.0,675.0,verified_real_mendeley_cc_by_4.0,https://doi.org/10.17632/t76ckh2ygg.1
2018-10-29,1556.0,2607.0,1106.0,675.0,verified_real_mendeley_cc_by_4.0,https://doi.org/10.17632/t76ckh2ygg.1
2018-10-30,1530.0,2630.0,1087.0,675.0,verified_real_mendeley_cc_by_4.0,https://doi.org/10.17632/t76ckh2ygg.1
2018-10-31,1524.0,2596.0,1073.0,671.0,verified_real_mendeley_cc_by_4.0,https://doi.org/10.17632/t76ckh2ygg.1
2018-11-01,1526.0,2530.0,1061.0,668.0,verified_real_mendeley_cc_by_4.0,https://doi.org/10.17632/t76ckh2ygg.1
2018-11-02,1530.0,2502.0,1051.0,666.0,verified_real_mendeley_cc_by_4.0,https://doi.org/10.17632/t76ckh2ygg.1
2018-11-05,1531.0,2397.0,1041.0,665.0,verified_real_mendeley_cc_by_4.0,https://doi.org/10.17632/t76ckh2ygg.1
2018-11-06,1528.0,2296.0,1033.0,663.0,verified_real_mendeley_cc_by_4.0,https://doi.org/10.17632/t76ckh2ygg.1
2018-11-07,1511.0,1968.0,1021.0,660.0,verified_real_mendeley_cc_by_4.0,https://doi.org/10.17632/t76ckh2ygg.1
2018-11-08,1496.0,1747.0,1013.0,658.0,verified_real_mendeley_cc_by_4.0,https://doi.org/10.17632/t76ckh2ygg.1
2018-11-09,1495.0,1461.0,1003.0,656.0,verified_real_mendeley_cc_by_4.0,https://doi.org/10.17632/t76ckh2ygg.1
2018-11-12,1496.0,1398.0,994.0,654.0,verified_real_mendeley_cc_by_4.0,https://doi.org/10.17632/t76ckh2ygg.1
2018-11-13,1498.0,1153.0,986.0,653.0,verified_real_mendeley_cc_by_4.0,https://doi.org/10.17632/t76ckh2ygg.1
2018-11-14,1484.0,940.0,982.0,652.0,verified_real_mendeley_cc_by_4.0,https://doi.org/10.17632/t76ckh2ygg.1
2018-11-15,1466.0,1007.0,970.0,649.0,verified_real_mendeley_cc_by_4.0,https://doi.org/10.17632/t76ckh2ygg.1
2018-11-16,1453.0,1057.0,969.0,646.0,verified_real_mendeley_cc_by_4.0,https://doi.org/10.17632/t76ckh2ygg.1
2018-11-19,1437.0,1050.0,964.0,645.0,verified_real_mendeley_cc_by_4.0,https://doi.org/10.17632/t76ckh2ygg.1
2018-11-20,1416.0,1002.0,963.0,644.0,verified_real_mendeley_cc_by_4.0,https://doi.org/10.17632/t76ckh2ygg.1
2018-11-21,1393.0,1056.0,959.0,642.0,verified_real_mendeley_cc_by_4.0,https://doi.org/10.17632/t76ckh2ygg.1
2018-11-22,1378.0,1089.0,956.0,638.0,verified_real_mendeley_cc_by_4.0,https://doi.org/10.17632/t76ckh2ygg.1
2018-11-23,1376.0,1358.0,952.0,635.0,verified_real_mendeley_cc_by_4.0,https://doi.org/10.17632/t76ckh2ygg.1
2018-11-26,1389.0,1789.0,947.0,633.0,verified_real_mendeley_cc_by_4.0,https://doi.org/10.17632/t76ckh2ygg.1
2018-11-27,1416.0,2170.0,943.0,631.0,verified_real_mendeley_cc_by_4.0,https://doi.org/10.17632/t76ckh2ygg.1
2018-11-28,1444.0,2121.0,942.0,629.0,verified_real_mendeley_cc_by_4.0,https://doi.org/10.17632/t76ckh2ygg.1
2018-11-29,1455.0,1950.0,945.0,628.0,verified_real_mendeley_cc_by_4.0,https://doi.org/10.17632/t76ckh2ygg.1
2018-11-30,1463.0,1755.0,944.0,626.0,verified_real_mendeley_cc_by_4.0,https://doi.org/10.17632/t76ckh2ygg.1
2018-12-03,1469.0,1638.0,945.0,626.0,verified_real_mendeley_cc_by_4.0,https://doi.org/10.17632/t76ckh2ygg.1
2018-12-04,1474.0,1739.0,949.0,625.0,verified_real_mendeley_cc_by_4.0,https://doi.org/10.17632/t76ckh2ygg.1
2018-12-05,1472.0,1925.0,950.0,625.0,verified_real_mendeley_cc_by_4.0,https://doi.org/10.17632/t76ckh2ygg.1
2018-12-06,1473.0,2080.0,951.0,625.0,verified_real_mendeley_cc_by_4.0,https://doi.org/10.17632/t76ckh2ygg.1
2018-12-07,1469.0,2197.0,953.0,625.0,verified_real_mendeley_cc_by_4.0,https://doi.org/10.17632/t76ckh2ygg.1
2018-12-10,1464.0,2244.0,955.0,624.0,verified_real_mendeley_cc_by_4.0,https://doi.org/10.17632/t76ckh2ygg.1
2018-12-11,1454.0,2183.0,958.0,623.0,verified_real_mendeley_cc_by_4.0,https://doi.org/10.17632/t76ckh2ygg.1
2018-12-12,1445.0,2153.0,963.0,622.0,verified_real_mendeley_cc_by_4.0,https://doi.org/10.17632/t76ckh2ygg.1
2018-12-13,1459.0,2180.0,968.0,621.0,verified_real_mendeley_cc_by_4.0,https://doi.org/10.17632/t76ckh2ygg.1
2018-12-14,1478.0,2383.0,974.0,617.0,verified_real_mendeley_cc_by_4.0,https://doi.org/10.17632/t76ckh2ygg.1
2018-12-17,1490.0,2433.0,978.0,614.0,verified_real_mendeley_cc_by_4.0,https://doi.org/10.17632/t76ckh2ygg.1
2018-12-18,1494.0,2393.0,977.0,611.0,verified_real_mendeley_cc_by_4.0,https://doi.org/10.17632/t76ckh2ygg.1
2018-12-19,1492.0,2264.0,979.0,607.0,verified_real_mendeley_cc_by_4.0,https://doi.org/10.17632/t76ckh2ygg.1
2018-12-20,1473.0,2071.0,979.0,602.0,verified_real_mendeley_cc_by_4.0,https://doi.org/10.17632/t76ckh2ygg.1
2018-12-21,1437.0,1913.0,977.0,597.0,verified_real_mendeley_cc_by_4.0,https://doi.org/10.17632/t76ckh2ygg.1
2018-12-24,1421.0,1905.0,975.0,596.0,verified_real_mendeley_cc_by_4.0,https://doi.org/10.17632/t76ckh2ygg.1
2019-01-02,1391.0,1987.0,967.0,588.0,verified_real_mendeley_cc_by_4.0,https://doi.org/10.17632/t76ckh2ygg.1
2019-01-03,1365.0,1963.0,958.0,578.0,verified_real_mendeley_cc_by_4.0,https://doi.org/10.17632/t76ckh2ygg.1
2019-01-04,1331.0,2003.0,946.0,571.0,verified_real_mendeley_cc_by_4.0,https://doi.org/10.17632/t76ckh2ygg.1
2019-01-07,1300.0,2016.0,933.0,563.0,verified_real_mendeley_cc_by_4.0,https://doi.org/10.17632/t76ckh2ygg.1
2019-01-08,1257.0,2117.0,918.0,556.0,verified_real_mendeley_cc_by_4.0,https://doi.org/10.17632/t76ckh2ygg.1
2019-01-09,1218.0,2078.0,893.0,546.0,verified_real_mendeley_cc_by_4.0,https://doi.org/10.17632/t76ckh2ygg.1
2019-01-10,1170.0,1987.0,870.0,536.0,verified_real_mendeley_cc_by_4.0,https://doi.org/10.17632/t76ckh2ygg.1
2019-01-11,1137.0,1966.0,842.0,524.0,verified_real_mendeley_cc_by_4.0,https://doi.org/10.17632/t76ckh2ygg.1
2019-01-14,1118.0,1952.0,814.0,511.0,verified_real_mendeley_cc_by_4.0,https://doi.org/10.17632/t76ckh2ygg.1
2019-01-15,1104.0,1831.0,785.0,499.0,verified_real_mendeley_cc_by_4.0,https://doi.org/10.17632/t76ckh2ygg.1
2019-01-16,1079.0,1748.0,755.0,483.0,verified_real_mendeley_cc_by_4.0,https://doi.org/10.17632/t76ckh2ygg.1
2019-01-17,1045.0,1868.0,729.0,466.0,verified_real_mendeley_cc_by_4.0,https://doi.org/10.17632/t76ckh2ygg.1
2019-01-18,1018.0,2037.0,701.0,451.0,verified_real_mendeley_cc_by_4.0,https://doi.org/10.17632/t76ckh2ygg.1
2019-01-21,991.0,2024.0,680.0,442.0,verified_real_mendeley_cc_by_4.0,https://doi.org/10.17632/t76ckh2ygg.1
2019-01-22,950.0,1892.0,660.0,432.0,verified_real_mendeley_cc_by_4.0,https://doi.org/10.17632/t76ckh2ygg.1
2019-01-23,893.0,1775.0,638.0,423.0,verified_real_mendeley_cc_by_4.0,https://doi.org/10.17632/t76ckh2ygg.1
2019-01-24,828.0,1726.0,607.0,409.0,verified_real_mendeley_cc_by_4.0,https://doi.org/10.17632/t76ckh2ygg.1
2019-01-25,748.0,1730.0,576.0,395.0,verified_real_mendeley_cc_by_4.0,https://doi.org/10.17632/t76ckh2ygg.1
2019-01-28,687.0,1631.0,552.0,384.0,verified_real_mendeley_cc_by_4.0,https://doi.org/10.17632/t76ckh2ygg.1
2019-01-29,644.0,1508.0,526.0,368.0,verified_real_mendeley_cc_by_4.0,https://doi.org/10.17632/t76ckh2ygg.1
2019-01-30,612.0,1295.0,498.0,347.0,verified_real_mendeley_cc_by_4.0,https://doi.org/10.17632/t76ckh2ygg.1
2019-01-31,574.0,1116.0,472.0,328.0,verified_real_mendeley_cc_by_4.0,https://doi.org/10.17632/t76ckh2ygg.1
2019-02-01,560.0,1014.0,450.0,311.0,verified_real_mendeley_cc_by_4.0,https://doi.org/10.17632/t76ckh2ygg.1
2019-02-04,552.0,984.0,438.0,301.0,verified_real_mendeley_cc_by_4.0,https://doi.org/10.17632/t76ckh2ygg.1
2019-02-05,553.0,972.0,423.0,294.0,verified_real_mendeley_cc_by_4.0,https://doi.org/10.17632/t76ckh2ygg.1
2019-02-06,553.0,929.0,415.0,294.0,verified_real_mendeley_cc_by_4.0,https://doi.org/10.17632/t76ckh2ygg.1
2019-02-07,561.0,846.0,414.0,290.0,verified_real_mendeley_cc_by_4.0,https://doi.org/10.17632/t76ckh2ygg.1
2019-02-08,574.0,792.0,415.0,290.0,verified_real_mendeley_cc_by_4.0,https://doi.org/10.17632/t76ckh2ygg.1
2019-02-11,586.0,736.0,429.0,292.0,verified_real_mendeley_cc_by_4.0,https://doi.org/10.17632/t76ckh2ygg.1
2019-02-12,600.0,711.0,454.0,296.0,verified_real_mendeley_cc_by_4.0,https://doi.org/10.17632/t76ckh2ygg.1
2019-02-13,611.0,707.0,478.0,302.0,verified_real_mendeley_cc_by_4.0,https://doi.org/10.17632/t76ckh2ygg.1
2019-02-14,619.0,729.0,526.0,311.0,verified_real_mendeley_cc_by_4.0,https://doi.org/10.17632/t76ckh2ygg.1
2019-02-15,624.0,727.0,560.0,315.0,verified_real_mendeley_cc_by_4.0,https://doi.org/10.17632/t76ckh2ygg.1
2019-02-18,628.0,713.0,594.0,322.0,verified_real_mendeley_cc_by_4.0,https://doi.org/10.17632/t76ckh2ygg.1
2019-02-19,639.0,650.0,625.0,335.0,verified_real_mendeley_cc_by_4.0,https://doi.org/10.17632/t76ckh2ygg.1
2019-02-20,649.0,578.0,649.0,345.0,verified_real_mendeley_cc_by_4.0,https://doi.org/10.17632/t76ckh2ygg.1
2019-02-21,657.0,570.0,686.0,353.0,verified_real_mendeley_cc_by_4.0,https://doi.org/10.17632/t76ckh2ygg.1
2019-02-22,666.0,545.0,707.0,359.0,verified_real_mendeley_cc_by_4.0,https://doi.org/10.17632/t76ckh2ygg.1
2019-02-25,685.0,520.0,721.0,366.0,verified_real_mendeley_cc_by_4.0,https://doi.org/10.17632/t76ckh2ygg.1
2019-02-26,713.0,522.0,729.0,372.0,verified_real_mendeley_cc_by_4.0,https://doi.org/10.17632/t76ckh2ygg.1
2019-02-27,752.0,500.0,738.0,382.0,verified_real_mendeley_cc_by_4.0,https://doi.org/10.17632/t76ckh2ygg.1
2019-02-28,813.0,459.0,749.0,388.0,verified_real_mendeley_cc_by_4.0,https://doi.org/10.17632/t76ckh2ygg.1
2019-03-01,863.0,383.0,759.0,393.0,verified_real_mendeley_cc_by_4.0,https://doi.org/10.17632/t76ckh2ygg.1
2019-03-04,900.0,355.0,767.0,397.0,verified_real_mendeley_cc_by_4.0,https://doi.org/10.17632/t76ckh2ygg.1
2019-03-05,924.0,299.0,776.0,407.0,verified_real_mendeley_cc_by_4.0,https://doi.org/10.17632/t76ckh2ygg.1
2019-03-06,938.0,270.0,783.0,413.0,verified_real_mendeley_cc_by_4.0,https://doi.org/10.17632/t76ckh2ygg.1
2019-03-07,926.0,236.0,790.0,418.0,verified_real_mendeley_cc_by_4.0,https://doi.org/10.17632/t76ckh2ygg.1
2019-03-08,894.0,235.0,790.0,421.0,verified_real_mendeley_cc_by_4.0,https://doi.org/10.17632/t76ckh2ygg.1
2019-03-11,866.0,250.0,790.0,424.0,verified_real_mendeley_cc_by_4.0,https://doi.org/10.17632/t76ckh2ygg.1
2019-03-12,839.0,278.0,789.0,429.0,verified_real_mendeley_cc_by_4.0,https://doi.org/10.17632/t76ckh2ygg.1
2019-03-13,823.0,327.0,789.0,430.0,verified_real_mendeley_cc_by_4.0,https://doi.org/10.17632/t76ckh2ygg.1
2019-03-14,841.0,403.0,786.0,434.0,verified_real_mendeley_cc_by_4.0,https://doi.org/10.17632/t76ckh2ygg.1
2019-03-15,883.0,520.0,786.0,437.0,verified_real_mendeley_cc_by_4.0,https://doi.org/10.17632/t76ckh2ygg.1
2019-03-18,905.0,476.0,787.0,440.0,verified_real_mendeley_cc_by_4.0,https://doi.org/10.17632/t76ckh2ygg.1
2019-03-19,922.0,421.0,789.0,443.0,verified_real_mendeley_cc_by_4.0,https://doi.org/10.17632/t76ckh2ygg.1
2019-03-20,962.0,399.0,796.0,446.0,verified_real_mendeley_cc_by_4.0,https://doi.org/10.17632/t76ckh2ygg.1
2019-03-21,1009.0,288.0,813.0,449.0,verified_real_mendeley_cc_by_4.0,https://doi.org/10.17632/t76ckh2ygg.1
2019-03-22,1027.0,251.0,826.0,455.0,verified_real_mendeley_cc_by_4.0,https://doi.org/10.17632/t76ckh2ygg.1
2019-03-25,1036.0,230.0,830.0,458.0,verified_real_mendeley_cc_by_4.0,https://doi.org/10.17632/t76ckh2ygg.1
2019-03-26,1053.0,190.0,833.0,463.0,verified_real_mendeley_cc_by_4.0,https://doi.org/10.17632/t76ckh2ygg.1
2019-03-27,1056.0,178.0,831.0,466.0,verified_real_mendeley_cc_by_4.0,https://doi.org/10.17632/t76ckh2ygg.1
2019-03-28,1087.0,167.0,823.0,467.0,verified_real_mendeley_cc_by_4.0,https://doi.org/10.17632/t76ckh2ygg.1
2019-03-29,1102.0,150.0,813.0,464.0,verified_real_mendeley_cc_by_4.0,https://doi.org/10.17632/t76ckh2ygg.1
2019-04-01,1110.0,122.0,807.0,461.0,verified_real_mendeley_cc_by_4.0,https://doi.org/10.17632/t76ckh2ygg.1
2019-04-02,1120.0,92.0,795.0,455.0,verified_real_mendeley_cc_by_4.0,https://doi.org/10.17632/t76ckh2ygg.1
2019-04-03,1127.0,104.0,775.0,448.0,verified_real_mendeley_cc_by_4.0,https://doi.org/10.17632/t76ckh2ygg.1
2019-04-04,1124.0,210.0,757.0,437.0,verified_real_mendeley_cc_by_4.0,https://doi.org/10.17632/t76ckh2ygg.1
2019-04-05,1114.0,276.0,742.0,432.0,verified_real_mendeley_cc_by_4.0,https://doi.org/10.17632/t76ckh2ygg.1
2019-04-08,1101.0,312.0,733.0,425.0,verified_real_mendeley_cc_by_4.0,https://doi.org/10.17632/t76ckh2ygg.1
2019-04-09,1085.0,375.0,726.0,419.0,verified_real_mendeley_cc_by_4.0,https://doi.org/10.17632/t76ckh2ygg.1
2019-04-10,1074.0,428.0,718.0,411.0,verified_real_mendeley_cc_by_4.0,https://doi.org/10.17632/t76ckh2ygg.1
2019-04-11,1071.0,423.0,715.0,406.0,verified_real_mendeley_cc_by_4.0,https://doi.org/10.17632/t76ckh2ygg.1
2019-04-12,1073.0,418.0,711.0,403.0,verified_real_mendeley_cc_by_4.0,https://doi.org/10.17632/t76ckh2ygg.1
2019-04-15,1092.0,445.0,714.0,399.0,verified_real_mendeley_cc_by_4.0,https://doi.org/10.17632/t76ckh2ygg.1
2019-04-16,1119.0,459.0,718.0,397.0,verified_real_mendeley_cc_by_4.0,https://doi.org/10.17632/t76ckh2ygg.1
2019-04-17,1147.0,463.0,726.0,394.0,verified_real_mendeley_cc_by_4.0,https://doi.org/10.17632/t76ckh2ygg.1
2019-04-18,1162.0,490.0,732.0,390.0,verified_real_mendeley_cc_by_4.0,https://doi.org/10.17632/t76ckh2ygg.1
2019-04-23,1171.0,572.0,751.0,391.0,verified_real_mendeley_cc_by_4.0,https://doi.org/10.17632/t76ckh2ygg.1
2019-04-24,1177.0,648.0,773.0,392.0,verified_real_mendeley_cc_by_4.0,https://doi.org/10.17632/t76ckh2ygg.1
2019-04-25,1182.0,691.0,781.0,391.0,verified_real_mendeley_cc_by_4.0,https://doi.org/10.17632/t76ckh2ygg.1
2019-04-26,1186.0,783.0,780.0,389.0,verified_real_mendeley_cc_by_4.0,https://doi.org/10.17632/t76ckh2ygg.1
2019-04-29,1189.0,884.0,777.0,386.0,verified_real_mendeley_cc_by_4.0,https://doi.org/10.17632/t76ckh2ygg.1
2019-04-30,1188.0,1276.0,768.0,384.0,verified_real_mendeley_cc_by_4.0,https://doi.org/10.17632/t76ckh2ygg.1
2019-05-01,1187.0,1389.0,763.0,386.0,verified_real_mendeley_cc_by_4.0,https://doi.org/10.17632/t76ckh2ygg.1
2019-05-02,1189.0,1420.0,755.0,384.0,verified_real_mendeley_cc_by_4.0,https://doi.org/10.17632/t76ckh2ygg.1
2019-05-03,1190.0,1290.0,752.0,382.0,verified_real_mendeley_cc_by_4.0,https://doi.org/10.17632/t76ckh2ygg.1
2019-05-07,1189.0,1119.0,761.0,382.0,verified_real_mendeley_cc_by_4.0,https://doi.org/10.17632/t76ckh2ygg.1
2019-05-08,1188.0,1159.0,770.0,382.0,verified_real_mendeley_cc_by_4.0,https://doi.org/10.17632/t76ckh2ygg.1
2019-05-09,1193.0,1270.0,776.0,382.0,verified_real_mendeley_cc_by_4.0,https://doi.org/10.17632/t76ckh2ygg.1
2019-05-10,1198.0,1371.0,779.0,382.0,verified_real_mendeley_cc_by_4.0,https://doi.org/10.17632/t76ckh2ygg.1
2019-05-13,1211.0,1405.0,782.0,382.0,verified_real_mendeley_cc_by_4.0,https://doi.org/10.17632/t76ckh2ygg.1
2019-05-14,1229.0,1462.0,783.0,381.0,verified_real_mendeley_cc_by_4.0,https://doi.org/10.17632/t76ckh2ygg.1
2019-05-15,1243.0,1417.0,784.0,381.0,verified_real_mendeley_cc_by_4.0,https://doi.org/10.17632/t76ckh2ygg.1
2019-05-16,1252.0,1428.0,783.0,383.0,verified_real_mendeley_cc_by_4.0,https://doi.org/10.17632/t76ckh2ygg.1
2019-05-17,1255.0,1463.0,780.0,385.0,verified_real_mendeley_cc_by_4.0,https://doi.org/10.17632/t76ckh2ygg.1
2019-05-20,1256.0,1470.0,778.0,386.0,verified_real_mendeley_cc_by_4.0,https://doi.org/10.17632/t76ckh2ygg.1
2019-05-21,1258.0,1501.0,777.0,388.0,verified_real_mendeley_cc_by_4.0,https://doi.org/10.17632/t76ckh2ygg.1
2019-05-22,1268.0,1537.0,778.0,389.0,verified_real_mendeley_cc_by_4.0,https://doi.org/10.17632/t76ckh2ygg.1
2019-05-23,1287.0,1558.0,779.0,391.0,verified_real_mendeley_cc_by_4.0,https://doi.org/10.17632/t76ckh2ygg.1
2019-05-24,1304.0,1545.0,778.0,393.0,verified_real_mendeley_cc_by_4.0,https://doi.org/10.17632/t76ckh2ygg.1
2019-05-28,1322.0,1585.0,771.0,394.0,verified_real_mendeley_cc_by_4.0,https://doi.org/10.17632/t76ckh2ygg.1
2019-05-29,1337.0,1659.0,763.0,395.0,verified_real_mendeley_cc_by_4.0,https://doi.org/10.17632/t76ckh2ygg.1
2019-05-30,1340.0,1623.0,756.0,397.0,verified_real_mendeley_cc_by_4.0,https://doi.org/10.17632/t76ckh2ygg.1
2019-05-31,1335.0,1620.0,752.0,398.0,verified_real_mendeley_cc_by_4.0,https://doi.org/10.17632/t76ckh2ygg.1
2019-06-03,1325.0,1650.0,748.0,401.0,verified_real_mendeley_cc_by_4.0,https://doi.org/10.17632/t76ckh2ygg.1
2019-06-04,1304.0,1739.0,739.0,403.0,verified_real_mendeley_cc_by_4.0,https://doi.org/10.17632/t76ckh2ygg.1
2019-06-05,1285.0,1806.0,731.0,405.0,verified_real_mendeley_cc_by_4.0,https://doi.org/10.17632/t76ckh2ygg.1
2019-06-06,1246.0,1826.0,726.0,408.0,verified_real_mendeley_cc_by_4.0,https://doi.org/10.17632/t76ckh2ygg.1
2019-06-07,1213.0,1862.0,719.0,412.0,verified_real_mendeley_cc_by_4.0,https://doi.org/10.17632/t76ckh2ygg.1
2019-06-10,1187.0,1848.0,717.0,411.0,verified_real_mendeley_cc_by_4.0,https://doi.org/10.17632/t76ckh2ygg.1
2019-06-11,1166.0,1798.0,714.0,414.0,verified_real_mendeley_cc_by_4.0,https://doi.org/10.17632/t76ckh2ygg.1
2019-06-12,1149.0,1746.0,712.0,416.0,verified_real_mendeley_cc_by_4.0,https://doi.org/10.17632/t76ckh2ygg.1
2019-06-13,1137.0,1718.0,710.0,419.0,verified_real_mendeley_cc_by_4.0,https://doi.org/10.17632/t76ckh2ygg.1
2019-06-14,1131.0,1800.0,716.0,420.0,verified_real_mendeley_cc_by_4.0,https://doi.org/10.17632/t76ckh2ygg.1
2019-06-17,1125.0,1826.0,720.0,422.0,verified_real_mendeley_cc_by_4.0,https://doi.org/10.17632/t76ckh2ygg.1
2019-06-18,1117.0,1956.0,728.0,428.0,verified_real_mendeley_cc_by_4.0,https://doi.org/10.17632/t76ckh2ygg.1
2019-06-19,1110.0,2051.0,736.0,432.0,verified_real_mendeley_cc_by_4.0,https://doi.org/10.17632/t76ckh2ygg.1
2019-06-20,1101.0,2080.0,743.0,437.0,verified_real_mendeley_cc_by_4.0,https://doi.org/10.17632/t76ckh2ygg.1
2019-06-21,1096.0,2278.0,751.0,440.0,verified_real_mendeley_cc_by_4.0,https://doi.org/10.17632/t76ckh2ygg.1
2019-06-24,1111.0,2363.0,756.0,442.0,verified_real_mendeley_cc_by_4.0,https://doi.org/10.17632/t76ckh2ygg.1
2019-06-25,1150.0,2389.0,765.0,442.0,verified_real_mendeley_cc_by_4.0,https://doi.org/10.17632/t76ckh2ygg.1
2019-06-26,1191.0,2440.0,774.0,442.0,verified_real_mendeley_cc_by_4.0,https://doi.org/10.17632/t76ckh2ygg.1
2019-06-27,1243.0,2465.0,783.0,443.0,verified_real_mendeley_cc_by_4.0,https://doi.org/10.17632/t76ckh2ygg.1
2019-06-28,1286.0,2488.0,787.0,442.0,verified_real_mendeley_cc_by_4.0,https://doi.org/10.17632/t76ckh2ygg.1
2019-07-01,1317.0,2557.0,792.0,441.0,verified_real_mendeley_cc_by_4.0,https://doi.org/10.17632/t76ckh2ygg.1
2019-07-02,1370.0,2717.0,796.0,439.0,verified_real_mendeley_cc_by_4.0,https://doi.org/10.17632/t76ckh2ygg.1
2019-07-03,1433.0,2939.0,803.0,440.0,verified_real_mendeley_cc_by_4.0,https://doi.org/10.17632/t76ckh2ygg.1
2019-07-04,1569.0,3298.0,814.0,443.0,verified_real_mendeley_cc_by_4.0,https://doi.org/10.17632/t76ckh2ygg.1
2019-07-05,1665.0,3346.0,820.0,448.0,verified_real_mendeley_cc_by_4.0,https://doi.org/10.17632/t76ckh2ygg.1
2019-07-08,1695.0,3260.0,829.0,454.0,verified_real_mendeley_cc_by_4.0,https://doi.org/10.17632/t76ckh2ygg.1
2019-07-09,1739.0,3343.0,835.0,458.0,verified_real_mendeley_cc_by_4.0,https://doi.org/10.17632/t76ckh2ygg.1
2019-07-10,1791.0,3361.0,845.0,463.0,verified_real_mendeley_cc_by_4.0,https://doi.org/10.17632/t76ckh2ygg.1
2019-07-11,1881.0,3416.0,860.0,468.0,verified_real_mendeley_cc_by_4.0,https://doi.org/10.17632/t76ckh2ygg.1
2019-07-12,1945.0,3541.0,879.0,472.0,verified_real_mendeley_cc_by_4.0,https://doi.org/10.17632/t76ckh2ygg.1
2019-07-15,1992.0,3724.0,888.0,472.0,verified_real_mendeley_cc_by_4.0,https://doi.org/10.17632/t76ckh2ygg.1
2019-07-16,2052.0,3968.0,905.0,477.0,verified_real_mendeley_cc_by_4.0,https://doi.org/10.17632/t76ckh2ygg.1
2019-07-17,2085.0,4095.0,928.0,481.0,verified_real_mendeley_cc_by_4.0,https://doi.org/10.17632/t76ckh2ygg.1
2019-07-18,2134.0,4256.0,953.0,486.0,verified_real_mendeley_cc_by_4.0,https://doi.org/10.17632/t76ckh2ygg.1
2019-07-19,2170.0,4379.0,982.0,492.0,verified_real_mendeley_cc_by_4.0,https://doi.org/10.17632/t76ckh2ygg.1
2019-07-22,2201.0,4438.0,1002.0,497.0,verified_real_mendeley_cc_by_4.0,https://doi.org/10.17632/t76ckh2ygg.1
2019-07-23,2219.0,4315.0,1017.0,503.0,verified_real_mendeley_cc_by_4.0,https://doi.org/10.17632/t76ckh2ygg.1
2019-07-24,2209.0,3808.0,1019.0,506.0,verified_real_mendeley_cc_by_4.0,https://doi.org/10.17632/t76ckh2ygg.1
2019-07-25,2180.0,3609.0,1012.0,512.0,verified_real_mendeley_cc_by_4.0,https://doi.org/10.17632/t76ckh2ygg.1
2019-07-26,2109.0,3647.0,1005.0,515.0,verified_real_mendeley_cc_by_4.0,https://doi.org/10.17632/t76ckh2ygg.1
2019-07-29,2050.0,3660.0,996.0,516.0,verified_real_mendeley_cc_by_4.0,https://doi.org/10.17632/t76ckh2ygg.1
2019-07-30,1969.0,3664.0,988.0,516.0,verified_real_mendeley_cc_by_4.0,https://doi.org/10.17632/t76ckh2ygg.1
2019-07-31,1891.0,3657.0,982.0,516.0,verified_real_mendeley_cc_by_4.0,https://doi.org/10.17632/t76ckh2ygg.1
2019-08-01,1805.25,3593.65,968.31,513.31,synthetic_bridge,generated by forecast_v2/build_bridge.py (NOT market data)
2019-08-02,1731.32,3516.82,953.13,509.15,synthetic_bridge,generated by forecast_v2/build_bridge.py (NOT market data)
2019-08-05,1671.47,3432.92,940.53,502.22,synthetic_bridge,generated by forecast_v2/build_bridge.py (NOT market data)
2019-08-06,1620.3,3317.09,924.56,491.71,synthetic_bridge,generated by forecast_v2/build_bridge.py (NOT market data)
2019-08-07,1574.02,3216.66,912.39,480.89,synthetic_bridge,generated by forecast_v2/build_bridge.py (NOT market data)
2019-08-08,1525.11,3133.78,898.34,472.67,synthetic_bridge,generated by forecast_v2/build_bridge.py (NOT market data)
2019-08-09,1472.11,3032.41,887.79,465.4,synthetic_bridge,generated by forecast_v2/build_bridge.py (NOT market data)
2019-08-12,1421.34,2937.54,878.82,460.03,synthetic_bridge,generated by forecast_v2/build_bridge.py (NOT market data)
2019-08-13,1365.4,2807.79,872.49,451.54,synthetic_bridge,generated by forecast_v2/build_bridge.py (NOT market data)
2019-08-14,1317.05,2726.16,863.07,445.95,synthetic_bridge,generated by forecast_v2/build_bridge.py (NOT market data)
2019-08-15,1277.78,2660.03,851.7,441.55,synthetic_bridge,generated by forecast_v2/build_bridge.py (NOT market data)
2019-08-16,1239.87,2598.66,843.08,435.85,synthetic_bridge,generated by forecast_v2/build_bridge.py (NOT market data)
2019-08-19,1200.83,2585.76,830.74,431.35,synthetic_bridge,generated by forecast_v2/build_bridge.py (NOT market data)
2019-08-20,1166.26,2612.91,818.43,427.2,synthetic_bridge,generated by forecast_v2/build_bridge.py (NOT market data)
2019-08-21,1129.27,2587.18,807.92,423.41,synthetic_bridge,generated by forecast_v2/build_bridge.py (NOT market data)
2019-08-22,1103.05,2528.39,800.02,419.16,synthetic_bridge,generated by forecast_v2/build_bridge.py (NOT market data)
2019-08-23,1073.09,2445.14,793.77,416.05,synthetic_bridge,generated by forecast_v2/build_bridge.py (NOT market data)
2019-08-26,1046.97,2337.89,787.35,413.26,synthetic_bridge,generated by forecast_v2/build_bridge.py (NOT market data)
2019-08-27,1022.4,2272.83,785.95,409.21,synthetic_bridge,generated by forecast_v2/build_bridge.py (NOT market data)
2019-08-28,1000.33,2221.02,783.4,407.03,synthetic_bridge,generated by forecast_v2/build_bridge.py (NOT market data)
2019-08-29,985.89,2181.66,778.02,403.58,synthetic_bridge,generated by forecast_v2/build_bridge.py (NOT market data)
2019-08-30,990.55,2268.97,771.07,401.39,synthetic_bridge,generated by forecast_v2/build_bridge.py (NOT market data)
2019-09-02,1008.22,2321.06,765.77,399.92,synthetic_bridge,generated by forecast_v2/build_bridge.py (NOT market data)
2019-09-03,1025.65,2335.4,769.08,401.77,synthetic_bridge,generated by forecast_v2/build_bridge.py (NOT market data)
2019-09-04,1051.35,2356.81,773.3,403.26,synthetic_bridge,generated by forecast_v2/build_bridge.py (NOT market data)
2019-09-05,1090.69,2375.66,781.4,404.37,synthetic_bridge,generated by forecast_v2/build_bridge.py (NOT market data)
2019-09-06,1156.17,2421.57,785.01,408.04,synthetic_bridge,generated by forecast_v2/build_bridge.py (NOT market data)
2019-09-09,1255.75,2429.21,795.46,414.12,synthetic_bridge,generated by forecast_v2/build_bridge.py (NOT market data)
2019-09-10,1284.53,2319.3,814.93,420.37,synthetic_bridge,generated by forecast_v2/build_bridge.py (NOT market data)
2019-09-11,1279.73,2164.27,840.7,426.71,synthetic_bridge,generated by forecast_v2/build_bridge.py (NOT market data)
2019-09-12,1265.06,2075.72,857.25,428.74,synthetic_bridge,generated by forecast_v2/build_bridge.py (NOT market data)
2019-09-13,1246.24,2032.51,862.94,428.61,synthetic_bridge,generated by forecast_v2/build_bridge.py (NOT market data)
2019-09-16,1251.61,2008.25,866.65,429.87,synthetic_bridge,generated by forecast_v2/build_bridge.py (NOT market data)
2019-09-17,1271.08,2024.21,868.4,431.76,synthetic_bridge,generated by forecast_v2/build_bridge.py (NOT market data)
2019-09-18,1291.4,2038.7,871.4,436.4,synthetic_bridge,generated by forecast_v2/build_bridge.py (NOT market data)
2019-09-19,1297.88,2058.95,877.21,442.31,synthetic_bridge,generated by forecast_v2/build_bridge.py (NOT market data)
2019-09-20,1309.54,2072.34,884.18,444.47,synthetic_bridge,generated by forecast_v2/build_bridge.py (NOT market data)
2019-09-23,1310.55,1989.04,893.84,448.61,synthetic_bridge,generated by forecast_v2/build_bridge.py (NOT market data)
2019-09-24,1300.76,1802.25,902.22,448.3,synthetic_bridge,generated by forecast_v2/build_bridge.py (NOT market data)
2019-09-25,1282.01,1741.2,907.01,448.57,synthetic_bridge,generated by forecast_v2/build_bridge.py (NOT market data)
2019-09-26,1263.02,1693.67,906.79,448.72,synthetic_bridge,generated by forecast_v2/build_bridge.py (NOT market data)
2019-09-27,1247.68,1689.97,903.26,449.47,synthetic_bridge,generated by forecast_v2/build_bridge.py (NOT market data)
2019-09-30,1247.25,1664.56,903.27,453.08,synthetic_bridge,generated by forecast_v2/build_bridge.py (NOT market data)
2019-10-01,1249.07,1655.48,899.73,454.23,synthetic_bridge,generated by forecast_v2/build_bridge.py (NOT market data)
2019-10-02,1246.84,1665.4,899.17,455.27,synthetic_bridge,generated by forecast_v2/build_bridge.py (NOT market data)
2019-10-03,1251.17,1657.77,894.8,452.62,synthetic_bridge,generated by forecast_v2/build_bridge.py (NOT market data)
2019-10-04,1262.07,1684.8,889.83,452.96,synthetic_bridge,generated by forecast_v2/build_bridge.py (NOT market data)
2019-10-07,1254.05,1709.17,882.8,451.13,synthetic_bridge,generated by forecast_v2/build_bridge.py (NOT market data)
2019-10-08,1242.36,1743.42,874.58,450.07,synthetic_bridge,generated by forecast_v2/build_bridge.py (NOT market data)
2019-10-09,1224.88,1785.33,866.7,448.36,synthetic_bridge,generated by forecast_v2/build_bridge.py (NOT market data)
2019-10-10,1200.36,1848.28,857.0,446.74,synthetic_bridge,generated by forecast_v2/build_bridge.py (NOT market data)
2019-10-11,1187.5,1878.51,851.29,445.93,synthetic_bridge,generated by forecast_v2/build_bridge.py (NOT market data)
2019-10-14,1193.52,1820.84,846.62,444.5,synthetic_bridge,generated by forecast_v2/build_bridge.py (NOT market data)
2019-10-15,1195.48,1750.6,844.38,444.59,synthetic_bridge,generated by forecast_v2/build_bridge.py (NOT market data)
2019-10-16,1198.24,1705.56,841.68,444.06,synthetic_bridge,generated by forecast_v2/build_bridge.py (NOT market data)
2019-10-17,1184.74,1627.18,837.85,445.01,synthetic_bridge,generated by forecast_v2/build_bridge.py (NOT market data)
2019-10-18,1174.35,1607.94,834.26,446.03,synthetic_bridge,generated by forecast_v2/build_bridge.py (NOT market data)
2019-10-21,1172.34,1645.71,830.92,447.79,synthetic_bridge,generated by forecast_v2/build_bridge.py (NOT market data)
2019-10-22,1169.22,1771.48,824.38,449.6,synthetic_bridge,generated by forecast_v2/build_bridge.py (NOT market data)
2019-10-23,1161.08,1777.73,817.44,450.75,synthetic_bridge,generated by forecast_v2/build_bridge.py (NOT market data)
2019-10-24,1159.73,1746.7,810.77,450.59,synthetic_bridge,generated by forecast_v2/build_bridge.py (NOT market data)
2019-10-25,1151.47,1689.51,804.38,450.49,synthetic_bridge,generated by forecast_v2/build_bridge.py (NOT market data)
2019-10-28,1137.17,1735.7,793.55,451.12,synthetic_bridge,generated by forecast_v2/build_bridge.py (NOT market data)
2019-10-29,1120.07,1791.02,790.47,452.24,synthetic_bridge,generated by forecast_v2/build_bridge.py (NOT market data)
2019-10-30,1102.99,1860.42,786.24,452.1,synthetic_bridge,generated by forecast_v2/build_bridge.py (NOT market data)
2019-10-31,1082.93,1895.16,783.25,452.69,synthetic_bridge,generated by forecast_v2/build_bridge.py (NOT market data)
2019-11-01,1071.39,1898.76,779.89,454.04,synthetic_bridge,generated by forecast_v2/build_bridge.py (NOT market data)
2019-11-04,1061.0,1910.8,780.58,455.24,synthetic_bridge,generated by forecast_v2/build_bridge.py (NOT market data)
2019-11-05,1053.84,1917.07,779.04,456.46,synthetic_bridge,generated by forecast_v2/build_bridge.py (NOT market data)
2019-11-06,1043.0,1861.68,777.82,455.13,synthetic_bridge,generated by forecast_v2/build_bridge.py (NOT market data)
2019-11-07,1040.06,1825.49,779.39,453.02,synthetic_bridge,generated by forecast_v2/build_bridge.py (NOT market data)
2019-11-08,1037.81,1802.21,779.54,452.73,synthetic_bridge,generated by forecast_v2/build_bridge.py (NOT market data)
2019-11-11,1038.39,1805.96,779.11,454.25,synthetic_bridge,generated by forecast_v2/build_bridge.py (NOT market data)
2019-11-12,1043.89,1858.16,777.25,453.29,synthetic_bridge,generated by forecast_v2/build_bridge.py (NOT market data)
2019-11-13,1052.95,1924.91,775.64,453.29,synthetic_bridge,generated by forecast_v2/build_bridge.py (NOT market data)
2019-11-14,1079.96,2078.78,777.53,451.7,synthetic_bridge,generated by forecast_v2/build_bridge.py (NOT market data)
2019-11-15,1141.15,2169.06,783.68,453.58,synthetic_bridge,generated by forecast_v2/build_bridge.py (NOT market data)
2019-11-18,1229.8,2389.62,788.23,455.52,synthetic_bridge,generated by forecast_v2/build_bridge.py (NOT market data)
2019-11-19,1311.29,2471.18,791.96,456.63,synthetic_bridge,generated by forecast_v2/build_bridge.py (NOT market data)
2019-11-20,1360.79,2572.79,784.94,456.91,synthetic_bridge,generated by forecast_v2/build_bridge.py (NOT market data)
2019-11-21,1387.41,2513.2,780.34,458.0,synthetic_bridge,generated by forecast_v2/build_bridge.py (NOT market data)
2019-11-22,1401.46,2514.3,772.38,456.52,synthetic_bridge,generated by forecast_v2/build_bridge.py (NOT market data)
2019-11-25,1399.33,2503.68,765.96,458.35,synthetic_bridge,generated by forecast_v2/build_bridge.py (NOT market data)
2019-11-26,1409.23,2618.23,761.07,458.4,synthetic_bridge,generated by forecast_v2/build_bridge.py (NOT market data)
2019-11-27,1394.31,2793.31,759.74,460.87,synthetic_bridge,generated by forecast_v2/build_bridge.py (NOT market data)
2019-11-28,1367.85,2670.55,754.38,462.51,synthetic_bridge,generated by forecast_v2/build_bridge.py (NOT market data)
2019-11-29,1324.42,2590.98,751.09,467.08,synthetic_bridge,generated by forecast_v2/build_bridge.py (NOT market data)
2019-12-02,1278.4,2589.1,749.24,469.82,synthetic_bridge,generated by forecast_v2/build_bridge.py (NOT market data)
2019-12-03,1234.98,2618.63,745.16,471.59,synthetic_bridge,generated by forecast_v2/build_bridge.py (NOT market data)
2019-12-04,1182.87,2794.1,747.67,473.12,synthetic_bridge,generated by forecast_v2/build_bridge.py (NOT market data)
2019-12-05,1129.68,2860.19,750.49,473.41,synthetic_bridge,generated by forecast_v2/build_bridge.py (NOT market data)
2019-12-06,1079.69,2967.06,745.43,472.46,synthetic_bridge,generated by forecast_v2/build_bridge.py (NOT market data)
2019-12-09,1026.7,3100.3,738.04,472.24,synthetic_bridge,generated by forecast_v2/build_bridge.py (NOT market data)
2019-12-10,999.42,3138.73,731.18,469.81,synthetic_bridge,generated by forecast_v2/build_bridge.py (NOT market data)
2019-12-11,973.67,3179.27,727.74,467.21,synthetic_bridge,generated by forecast_v2/build_bridge.py (NOT market data)
2019-12-12,939.75,3058.0,719.58,461.55,synthetic_bridge,generated by forecast_v2/build_bridge.py (NOT market data)
2019-12-13,877.02,2886.89,708.67,457.83,synthetic_bridge,generated by forecast_v2/build_bridge.py (NOT market data)
2019-12-16,802.39,2738.41,696.96,452.14,synthetic_bridge,generated by forecast_v2/build_bridge.py (NOT market data)
2019-12-17,747.54,2638.57,687.3,443.57,synthetic_bridge,generated by forecast_v2/build_bridge.py (NOT market data)
2019-12-18,710.88,2568.11,681.62,440.09,synthetic_bridge,generated by forecast_v2/build_bridge.py (NOT market data)
2019-12-19,683.91,2667.23,668.93,437.76,synthetic_bridge,generated by forecast_v2/build_bridge.py (NOT market data)
2019-12-20,663.67,2853.77,663.17,437.6,synthetic_bridge,generated by forecast_v2/build_bridge.py (NOT market data)
2019-12-23,651.43,2854.96,659.72,437.65,synthetic_bridge,generated by forecast_v2/build_bridge.py (NOT market data)
2019-12-24,645.65,2731.78,659.54,437.92,synthetic_bridge,generated by forecast_v2/build_bridge.py (NOT market data)
2019-12-25,644.82,2621.2,660.76,437.42,synthetic_bridge,generated by forecast_v2/build_bridge.py (NOT market data)
2019-12-26,644.22,2523.73,662.08,437.95,synthetic_bridge,generated by forecast_v2/build_bridge.py (NOT market data)
2019-12-27,650.3,2353.26,663.16,436.53,synthetic_bridge,generated by forecast_v2/build_bridge.py (NOT market data)
2019-12-30,656.76,2203.78,666.69,436.47,synthetic_bridge,generated by forecast_v2/build_bridge.py (NOT market data)
2019-12-31,670.35,2015.39,669.55,434.06,synthetic_bridge,generated by forecast_v2/build_bridge.py (NOT market data)
2020-01-01,680.26,1938.96,673.83,434.18,synthetic_bridge,generated by forecast_v2/build_bridge.py (NOT market data)
2020-01-02,684.31,1886.52,677.38,433.15,synthetic_bridge,generated by forecast_v2/build_bridge.py (NOT market data)
2020-01-03,686.24,1833.06,672.64,433.45,synthetic_bridge,generated by forecast_v2/build_bridge.py (NOT market data)
2020-01-06,684.97,1753.7,674.43,433.81,synthetic_bridge,generated by forecast_v2/build_bridge.py (NOT market data)
2020-01-07,681.45,1618.82,670.94,426.68,synthetic_bridge,generated by forecast_v2/build_bridge.py (NOT market data)
2020-01-08,672.49,1530.45,665.31,422.1,synthetic_bridge,generated by forecast_v2/build_bridge.py (NOT market data)
2020-01-09,662.27,1467.02,657.5,418.83,synthetic_bridge,generated by forecast_v2/build_bridge.py (NOT market data)
2020-01-10,655.17,1467.24,650.81,415.59,synthetic_bridge,generated by forecast_v2/build_bridge.py (NOT market data)
2020-01-13,649.14,1493.48,643.03,413.7,synthetic_bridge,generated by forecast_v2/build_bridge.py (NOT market data)
2020-01-14,643.1,1489.37,639.82,413.16,synthetic_bridge,generated by forecast_v2/build_bridge.py (NOT market data)
2020-01-15,630.25,1384.53,637.85,410.05,synthetic_bridge,generated by forecast_v2/build_bridge.py (NOT market data)
2020-01-16,616.07,1291.01,632.47,408.32,synthetic_bridge,generated by forecast_v2/build_bridge.py (NOT market data)
2020-01-17,602.89,1188.56,628.31,407.99,synthetic_bridge,generated by forecast_v2/build_bridge.py (NOT market data)
2020-01-20,596.71,1136.05,624.22,409.09,synthetic_bridge,generated by forecast_v2/build_bridge.py (NOT market data)
2020-01-21,591.8,1087.61,623.82,404.8,synthetic_bridge,generated by forecast_v2/build_bridge.py (NOT market data)
2020-01-22,590.63,1002.54,617.4,403.31,synthetic_bridge,generated by forecast_v2/build_bridge.py (NOT market data)
2020-01-23,590.82,932.76,609.75,404.66,synthetic_bridge,generated by forecast_v2/build_bridge.py (NOT market data)
2020-01-24,592.88,889.68,607.81,402.93,synthetic_bridge,generated by forecast_v2/build_bridge.py (NOT market data)
2020-01-27,601.15,1077.49,606.49,402.02,synthetic_bridge,generated by forecast_v2/build_bridge.py (NOT market data)
2020-01-28,616.9,1383.52,606.01,402.13,synthetic_bridge,generated by forecast_v2/build_bridge.py (NOT market data)
2020-01-29,638.45,1648.41,607.31,402.68,synthetic_bridge,generated by forecast_v2/build_bridge.py (NOT market data)
2020-01-30,660.74,1594.21,611.32,403.67,synthetic_bridge,generated by forecast_v2/build_bridge.py (NOT market data)
2020-01-31,675.61,1455.53,618.71,405.53,synthetic_bridge,generated by forecast_v2/build_bridge.py (NOT market data)
2020-02-03,689.04,1304.67,624.08,406.98,synthetic_bridge,generated by forecast_v2/build_bridge.py (NOT market data)
2020-02-04,701.47,1216.47,631.22,409.97,synthetic_bridge,generated by forecast_v2/build_bridge.py (NOT market data)
2020-02-05,713.43,1293.56,640.73,412.49,synthetic_bridge,generated by forecast_v2/build_bridge.py (NOT market data)
2020-02-06,721.93,1435.63,648.48,415.8,synthetic_bridge,generated by forecast_v2/build_bridge.py (NOT market data)
2020-02-07,731.78,1554.35,656.4,419.22,synthetic_bridge,generated by forecast_v2/build_bridge.py (NOT market data)
2020-02-10,738.99,1643.2,665.13,422.71,synthetic_bridge,generated by forecast_v2/build_bridge.py (NOT market data)
2020-02-11,745.47,1677.87,673.9,425.56,synthetic_bridge,generated by forecast_v2/build_bridge.py (NOT market data)
2020-02-12,749.14,1630.45,683.38,428.41,synthetic_bridge,generated by forecast_v2/build_bridge.py (NOT market data)
2020-02-13,753.05,1606.05,694.25,431.24,synthetic_bridge,generated by forecast_v2/build_bridge.py (NOT market data)
2020-02-14,768.82,1624.39,705.06,434.03,synthetic_bridge,generated by forecast_v2/build_bridge.py (NOT market data)
2020-02-17,787.15,1773.61,716.49,434.66,synthetic_bridge,generated by forecast_v2/build_bridge.py (NOT market data)
2020-02-18,801.55,1807.02,726.29,435.9,synthetic_bridge,generated by forecast_v2/build_bridge.py (NOT market data)
2020-02-19,811.28,1772.06,732.14,437.05,synthetic_bridge,generated by forecast_v2/build_bridge.py (NOT market data)
2020-02-20,817.29,1671.17,739.99,437.36,synthetic_bridge,generated by forecast_v2/build_bridge.py (NOT market data)
2020-02-21,813.48,1524.54,746.06,436.82,synthetic_bridge,generated by forecast_v2/build_bridge.py (NOT market data)
2020-02-24,830.61,1520.11,748.96,439.38,synthetic_bridge,generated by forecast_v2/build_bridge.py (NOT market data)
2020-02-25,849.3,1689.19,750.77,441.41,synthetic_bridge,generated by forecast_v2/build_bridge.py (NOT market data)
2020-02-26,863.74,1891.31,751.64,442.71,synthetic_bridge,generated by forecast_v2/build_bridge.py (NOT market data)
2020-02-27,883.32,2067.82,752.71,445.37,synthetic_bridge,generated by forecast_v2/build_bridge.py (NOT market data)
2020-02-28,909.67,2375.05,756.79,451.04,synthetic_bridge,generated by forecast_v2/build_bridge.py (NOT market data)
2020-03-02,927.35,2383.87,759.52,456.14,synthetic_bridge,generated by forecast_v2/build_bridge.py (NOT market data)
2020-03-03,926.62,2504.97,760.14,459.65,synthetic_bridge,generated by forecast_v2/build_bridge.py (NOT market data)
2020-03-04,919.96,2635.53,759.57,461.57,synthetic_bridge,generated by forecast_v2/build_bridge.py (NOT market data)
2020-03-05,917.54,2676.0,758.64,463.77,synthetic_bridge,generated by forecast_v2/build_bridge.py (NOT market data)
2020-03-06,901.53,2758.29,759.06,465.3,synthetic_bridge,generated by forecast_v2/build_bridge.py (NOT market data)
2020-03-09,875.72,3005.89,758.13,467.06,synthetic_bridge,generated by forecast_v2/build_bridge.py (NOT market data)
2020-03-10,860.78,3133.26,757.56,469.02,synthetic_bridge,generated by forecast_v2/build_bridge.py (NOT market data)
2020-03-11,846.06,3277.65,759.03,468.37,synthetic_bridge,generated by forecast_v2/build_bridge.py (NOT market data)
2020-03-12,843.84,3285.84,763.33,469.74,synthetic_bridge,generated by forecast_v2/build_bridge.py (NOT market data)
2020-03-13,844.17,3188.81,765.24,471.24,synthetic_bridge,generated by forecast_v2/build_bridge.py (NOT market data)
2020-03-16,860.08,3045.83,767.34,474.69,synthetic_bridge,generated by forecast_v2/build_bridge.py (NOT market data)
2020-03-17,901.49,2946.54,771.31,479.14,synthetic_bridge,generated by forecast_v2/build_bridge.py (NOT market data)
2020-03-18,940.38,3061.58,775.39,483.63,synthetic_bridge,generated by forecast_v2/build_bridge.py (NOT market data)
2020-03-19,968.67,3172.69,775.18,487.22,synthetic_bridge,generated by forecast_v2/build_bridge.py (NOT market data)
2020-03-20,1010.09,3285.64,774.12,491.71,synthetic_bridge,generated by forecast_v2/build_bridge.py (NOT market data)
2020-03-23,1040.31,3210.66,767.82,494.32,synthetic_bridge,generated by forecast_v2/build_bridge.py (NOT market data)
2020-03-24,1063.77,3141.7,779.91,498.21,synthetic_bridge,generated by forecast_v2/build_bridge.py (NOT market data)
2020-03-25,1076.11,3105.24,792.72,500.71,synthetic_bridge,generated by forecast_v2/build_bridge.py (NOT market data)
2020-03-26,1090.45,3083.61,817.17,504.22,synthetic_bridge,generated by forecast_v2/build_bridge.py (NOT market data)
2020-03-27,1093.99,3139.54,846.01,506.47,synthetic_bridge,generated by forecast_v2/build_bridge.py (NOT market data)
2020-03-30,1100.05,3113.92,865.54,508.07,synthetic_bridge,generated by forecast_v2/build_bridge.py (NOT market data)
2020-03-31,1097.37,3137.45,878.02,509.88,synthetic_bridge,generated by forecast_v2/build_bridge.py (NOT market data)
2020-04-01,1107.41,3187.62,886.35,512.65,synthetic_bridge,generated by forecast_v2/build_bridge.py (NOT market data)
2020-04-02,1138.82,3201.85,894.38,515.63,synthetic_bridge,generated by forecast_v2/build_bridge.py (NOT market data)
2020-04-03,1183.14,3236.16,899.3,517.16,synthetic_bridge,generated by forecast_v2/build_bridge.py (NOT market data)
2020-04-06,1222.67,3323.79,901.23,519.8,synthetic_bridge,generated by forecast_v2/build_bridge.py (NOT market data)
2020-04-07,1263.82,3345.82,899.36,519.42,synthetic_bridge,generated by forecast_v2/build_bridge.py (NOT market data)
2020-04-08,1260.51,3270.08,896.69,520.26,synthetic_bridge,generated by forecast_v2/build_bridge.py (NOT market data)
2020-04-09,1240.5,3214.85,894.28,519.85,synthetic_bridge,generated by forecast_v2/build_bridge.py (NOT market data)
2020-04-10,1227.4,3168.17,889.37,519.09,synthetic_bridge,generated by forecast_v2/build_bridge.py (NOT market data)
2020-04-13,1232.03,3141.06,884.01,518.02,synthetic_bridge,generated by forecast_v2/build_bridge.py (NOT market data)
2020-04-14,1245.37,3138.21,875.48,516.69,synthetic_bridge,generated by forecast_v2/build_bridge.py (NOT market data)
2020-04-15,1267.04,3092.39,873.22,515.15,synthetic_bridge,generated by forecast_v2/build_bridge.py (NOT market data)
2020-04-16,1286.13,2974.55,868.85,512.61,synthetic_bridge,generated by forecast_v2/build_bridge.py (NOT market data)
2020-04-17,1267.11,2727.44,864.29,511.56,synthetic_bridge,generated by forecast_v2/build_bridge.py (NOT market data)
2020-04-20,1224.11,2570.25,856.85,509.58,synthetic_bridge,generated by forecast_v2/build_bridge.py (NOT market data)
2020-04-21,1184.45,2446.27,852.1,507.51,synthetic_bridge,generated by forecast_v2/build_bridge.py (NOT market data)
2020-04-22,1173.65,2376.24,841.92,505.11,synthetic_bridge,generated by forecast_v2/build_bridge.py (NOT market data)
2020-04-23,1160.26,2392.98,832.73,506.22,synthetic_bridge,generated by forecast_v2/build_bridge.py (NOT market data)
2020-04-24,1141.73,2475.08,822.79,506.74,synthetic_bridge,generated by forecast_v2/build_bridge.py (NOT market data)
2020-04-27,1127.41,2438.99,813.02,508.09,synthetic_bridge,generated by forecast_v2/build_bridge.py (NOT market data)
2020-04-28,1126.78,2510.01,807.67,511.91,synthetic_bridge,generated by forecast_v2/build_bridge.py (NOT market data)
2020-04-29,1132.19,2715.19,810.42,513.44,synthetic_bridge,generated by forecast_v2/build_bridge.py (NOT market data)
2020-04-30,1127.79,2831.72,819.02,517.63,synthetic_bridge,generated by forecast_v2/build_bridge.py (NOT market data)
2020-05-01,1121.5,2859.64,829.28,514.84,synthetic_bridge,generated by forecast_v2/build_bridge.py (NOT market data)
2020-05-04,1118.11,3076.34,833.31,509.03,synthetic_bridge,generated by forecast_v2/build_bridge.py (NOT market data)
2020-05-05,1107.42,3039.14,835.19,503.84,synthetic_bridge,generated by forecast_v2/build_bridge.py (NOT market data)
2020-05-06,1080.8,2932.64,838.71,495.78,synthetic_bridge,generated by forecast_v2/build_bridge.py (NOT market data)
2020-05-07,1049.63,2830.29,836.28,487.22,synthetic_bridge,generated by forecast_v2/build_bridge.py (NOT market data)
2020-05-08,1021.35,2830.82,830.84,481.52,synthetic_bridge,generated by forecast_v2/build_bridge.py (NOT market data)
2020-05-11,995.92,2854.53,827.05,475.2,synthetic_bridge,generated by forecast_v2/build_bridge.py (NOT market data)
2020-05-12,966.11,2958.53,820.28,469.35,synthetic_bridge,generated by forecast_v2/build_bridge.py (NOT market data)
2020-05-13,938.35,2919.05,809.69,465.06,synthetic_bridge,generated by forecast_v2/build_bridge.py (NOT market data)
2020-05-14,915.32,2988.49,798.97,463.34,synthetic_bridge,generated by forecast_v2/build_bridge.py (NOT market data)
2020-05-15,896.96,3061.96,800.58,461.93,synthetic_bridge,generated by forecast_v2/build_bridge.py (NOT market data)
2020-05-18,890.25,3267.29,797.37,460.83,synthetic_bridge,generated by forecast_v2/build_bridge.py (NOT market data)
2020-05-19,892.3,3318.16,792.94,461.09,synthetic_bridge,generated by forecast_v2/build_bridge.py (NOT market data)
2020-05-20,898.45,3136.66,791.69,464.81,synthetic_bridge,generated by forecast_v2/build_bridge.py (NOT market data)
2020-05-21,896.41,2972.32,791.18,461.52,synthetic_bridge,generated by forecast_v2/build_bridge.py (NOT market data)
2020-05-22,900.93,2890.26,791.29,459.82,synthetic_bridge,generated by forecast_v2/build_bridge.py (NOT market data)
2020-05-25,912.79,2777.58,793.45,462.36,synthetic_bridge,generated by forecast_v2/build_bridge.py (NOT market data)
2020-05-26,936.45,2605.86,796.05,459.92,synthetic_bridge,generated by forecast_v2/build_bridge.py (NOT market data)
2020-05-27,947.33,2504.8,798.18,461.86,synthetic_bridge,generated by forecast_v2/build_bridge.py (NOT market data)
2020-05-28,953.38,2404.27,805.93,462.95,synthetic_bridge,generated by forecast_v2/build_bridge.py (NOT market data)
2020-05-29,949.96,2295.17,811.11,463.34,synthetic_bridge,generated by forecast_v2/build_bridge.py (NOT market data)
2020-06-01,931.06,2135.76,813.66,464.7,synthetic_bridge,generated by forecast_v2/build_bridge.py (NOT market data)
2020-06-02,908.95,2038.72,814.32,466.17,synthetic_bridge,generated by forecast_v2/build_bridge.py (NOT market data)
2020-06-03,890.67,1971.75,813.07,466.08,synthetic_bridge,generated by forecast_v2/build_bridge.py (NOT market data)
2020-06-04,877.42,1852.05,812.78,466.1,synthetic_bridge,generated by forecast_v2/build_bridge.py (NOT market data)
2020-06-05,870.4,1745.54,811.28,466.22,synthetic_bridge,generated by forecast_v2/build_bridge.py (NOT market data)
2020-06-08,878.29,1743.05,810.01,465.61,synthetic_bridge,generated by forecast_v2/build_bridge.py (NOT market data)
2020-06-09,886.52,1722.76,808.24,467.57,synthetic_bridge,generated by forecast_v2/build_bridge.py (NOT market data)
2020-06-10,897.29,1678.79,808.82,467.95,synthetic_bridge,generated by forecast_v2/build_bridge.py (NOT market data)
2020-06-11,905.81,1548.63,807.43,470.04,synthetic_bridge,generated by forecast_v2/build_bridge.py (NOT market data)
2020-06-12,903.83,1460.2,806.21,473.0,synthetic_bridge,generated by forecast_v2/build_bridge.py (NOT market data)
2020-06-15,896.0,1390.49,804.41,476.81,synthetic_bridge,generated by forecast_v2/build_bridge.py (NOT market data)
2020-06-16,891.15,1332.67,805.58,482.26,synthetic_bridge,generated by forecast_v2/build_bridge.py (NOT market data)
2020-06-17,889.93,1299.65,808.25,488.51,synthetic_bridge,generated by forecast_v2/build_bridge.py (NOT market data)
2020-06-18,895.89,1281.9,817.35,491.44,synthetic_bridge,generated by forecast_v2/build_bridge.py (NOT market data)
2020-06-19,896.67,1244.0,823.04,495.24,synthetic_bridge,generated by forecast_v2/build_bridge.py (NOT market data)
2020-06-22,898.24,1212.04,824.96,498.65,synthetic_bridge,generated by forecast_v2/build_bridge.py (NOT market data)
2020-06-23,902.5,1116.09,830.54,501.7,synthetic_bridge,generated by forecast_v2/build_bridge.py (NOT market data)
2020-06-24,907.52,977.36,839.74,505.18,synthetic_bridge,generated by forecast_v2/build_bridge.py (NOT market data)
2020-06-25,911.97,957.37,846.04,507.44,synthetic_bridge,generated by forecast_v2/build_bridge.py (NOT market data)
2020-06-26,916.25,919.27,849.5,509.36,synthetic_bridge,generated by forecast_v2/build_bridge.py (NOT market data)
2020-06-29,915.91,878.81,853.33,509.25,synthetic_bridge,generated by forecast_v2/build_bridge.py (NOT market data)
2020-06-30,905.76,842.65,854.36,510.61,synthetic_bridge,generated by forecast_v2/build_bridge.py (NOT market data)
2020-07-01,893.34,751.85,855.05,510.0,synthetic_bridge,generated by forecast_v2/build_bridge.py (NOT market data)
2020-07-02,884.76,685.53,853.04,507.46,synthetic_bridge,generated by forecast_v2/build_bridge.py (NOT market data)
2020-07-03,869.63,660.92,850.81,506.5,synthetic_bridge,generated by forecast_v2/build_bridge.py (NOT market data)
2020-07-06,862.28,648.0,847.63,504.56,synthetic_bridge,generated by forecast_v2/build_bridge.py (NOT market data)
2020-07-07,874.08,724.52,846.75,503.4,synthetic_bridge,generated by forecast_v2/build_bridge.py (NOT market data)
2020-07-08,902.07,843.14,845.02,503.04,synthetic_bridge,generated by forecast_v2/build_bridge.py (NOT market data)
2020-07-09,924.83,915.13,844.85,502.63,synthetic_bridge,generated by forecast_v2/build_bridge.py (NOT market data)
2020-07-10,953.48,994.13,847.82,503.04,synthetic_bridge,generated by forecast_v2/build_bridge.py (NOT market data)
2020-07-13,987.04,1144.19,847.5,501.69,synthetic_bridge,generated by forecast_v2/build_bridge.py (NOT market data)
2020-07-14,1030.57,1227.34,852.66,501.16,synthetic_bridge,generated by forecast_v2/build_bridge.py (NOT market data)
2020-07-15,1088.3,1197.03,854.46,501.46,synthetic_bridge,generated by forecast_v2/build_bridge.py (NOT market data)
2020-07-16,1112.91,1170.08,856.04,502.54,synthetic_bridge,generated by forecast_v2/build_bridge.py (NOT market data)
2020-07-17,1128.21,1163.26,859.74,503.53,synthetic_bridge,generated by forecast_v2/build_bridge.py (NOT market data)
2020-07-20,1133.08,1255.71,860.09,502.61,synthetic_bridge,generated by forecast_v2/build_bridge.py (NOT market data)
2020-07-21,1127.33,1214.92,855.83,503.31,synthetic_bridge,generated by forecast_v2/build_bridge.py (NOT market data)
2020-07-22,1116.96,1163.55,857.72,503.04,synthetic_bridge,generated by forecast_v2/build_bridge.py (NOT market data)
2020-07-23,1110.45,1172.6,859.46,502.41,synthetic_bridge,generated by forecast_v2/build_bridge.py (NOT market data)
2020-07-24,1102.49,1179.61,857.47,502.63,synthetic_bridge,generated by forecast_v2/build_bridge.py (NOT market data)
2020-07-27,1089.17,1183.25,852.98,502.43,synthetic_bridge,generated by forecast_v2/build_bridge.py (NOT market data)
2020-07-28,1070.47,1170.07,848.59,502.92,synthetic_bridge,generated by forecast_v2/build_bridge.py (NOT market data)
2020-07-29,1048.8,1145.22,845.65,500.57,synthetic_bridge,generated by forecast_v2/build_bridge.py (NOT market data)
2020-07-30,1038.34,1126.93,833.29,496.63,synthetic_bridge,generated by forecast_v2/build_bridge.py (NOT market data)
2020-07-31,1021.64,1112.72,825.26,493.52,synthetic_bridge,generated by forecast_v2/build_bridge.py (NOT market data)
2020-08-03,1004.37,1082.71,822.96,490.13,synthetic_bridge,generated by forecast_v2/build_bridge.py (NOT market data)
2020-08-04,987.92,1046.14,814.16,485.35,synthetic_bridge,generated by forecast_v2/build_bridge.py (NOT market data)
2020-08-05,970.96,1064.25,803.98,481.61,synthetic_bridge,generated by forecast_v2/build_bridge.py (NOT market data)
2020-08-06,964.13,1114.51,795.0,478.96,synthetic_bridge,generated by forecast_v2/build_bridge.py (NOT market data)
2020-08-07,960.59,1162.8,790.98,476.27,synthetic_bridge,generated by forecast_v2/build_bridge.py (NOT market data)
2020-08-10,976.19,1192.27,796.85,475.91,synthetic_bridge,generated by forecast_v2/build_bridge.py (NOT market data)
2020-08-11,1031.94,1223.2,800.26,472.03,synthetic_bridge,generated by forecast_v2/build_bridge.py (NOT market data)
2020-08-12,1127.15,1215.8,801.21,472.89,synthetic_bridge,generated by forecast_v2/build_bridge.py (NOT market data)
2020-08-13,1178.16,1219.29,803.39,474.91,synthetic_bridge,generated by forecast_v2/build_bridge.py (NOT market data)
2020-08-14,1195.44,1235.51,814.07,476.9,synthetic_bridge,generated by forecast_v2/build_bridge.py (NOT market data)
2020-08-17,1230.78,1238.9,825.73,478.83,synthetic_bridge,generated by forecast_v2/build_bridge.py (NOT market data)
2020-08-18,1300.18,1234.38,836.58,484.92,synthetic_bridge,generated by forecast_v2/build_bridge.py (NOT market data)
2020-08-19,1292.63,1186.98,855.78,491.18,synthetic_bridge,generated by forecast_v2/build_bridge.py (NOT market data)
2020-08-20,1258.0,1121.68,880.33,496.84,synthetic_bridge,generated by forecast_v2/build_bridge.py (NOT market data)
2020-08-21,1222.5,1090.94,893.82,496.78,synthetic_bridge,generated by forecast_v2/build_bridge.py (NOT market data)
2020-08-24,1190.36,1083.29,895.14,493.88,synthetic_bridge,generated by forecast_v2/build_bridge.py (NOT market data)
2020-08-25,1187.09,1085.65,894.21,492.46,synthetic_bridge,generated by forecast_v2/build_bridge.py (NOT market data)
2020-08-26,1201.72,1109.97,891.3,491.67,synthetic_bridge,generated by forecast_v2/build_bridge.py (NOT market data)
2020-08-27,1220.39,1133.73,889.97,494.01,synthetic_bridge,generated by forecast_v2/build_bridge.py (NOT market data)
2020-08-28,1228.2,1160.8,891.92,497.86,synthetic_bridge,generated by forecast_v2/build_bridge.py (NOT market data)
2020-08-31,1242.35,1184.05,895.49,497.62,synthetic_bridge,generated by forecast_v2/build_bridge.py (NOT market data)
2020-09-01,1247.18,1151.39,902.22,499.78,synthetic_bridge,generated by forecast_v2/build_bridge.py (NOT market data)
2020-09-02,1241.99,1056.67,908.08,497.18,synthetic_bridge,generated by forecast_v2/build_bridge.py (NOT market data)
2020-09-03,1228.15,1033.72,910.74,495.45,synthetic_bridge,generated by forecast_v2/build_bridge.py (NOT market data)
2020-09-04,1213.81,1017.9,908.72,493.78,synthetic_bridge,generated by forecast_v2/build_bridge.py (NOT market data)
2020-09-07,1202.63,1027.96,903.7,492.93,synthetic_bridge,generated by forecast_v2/build_bridge.py (NOT market data)
2020-09-08,1196.37,1036.87,897.31,487.51,synthetic_bridge,generated by forecast_v2/build_bridge.py (NOT market data)
2020-09-09,1201.96,1035.08,900.09,482.99,synthetic_bridge,generated by forecast_v2/build_bridge.py (NOT market data)
2020-09-10,1191.23,985.0,898.38,481.63,synthetic_bridge,generated by forecast_v2/build_bridge.py (NOT market data)
2020-09-11,1176.77,972.14,896.75,479.58,synthetic_bridge,generated by forecast_v2/build_bridge.py (NOT market data)
2020-09-14,1157.1,951.59,895.94,477.6,synthetic_bridge,generated by forecast_v2/build_bridge.py (NOT market data)
2020-09-15,1131.36,907.4,894.48,477.2,synthetic_bridge,generated by forecast_v2/build_bridge.py (NOT market data)
2020-09-16,1098.53,834.68,890.4,471.56,synthetic_bridge,generated by forecast_v2/build_bridge.py (NOT market data)
2020-09-17,1054.15,790.4,887.74,463.03,synthetic_bridge,generated by forecast_v2/build_bridge.py (NOT market data)
2020-09-18,1010.37,764.41,879.58,454.19,synthetic_bridge,generated by forecast_v2/build_bridge.py (NOT market data)
2020-09-21,972.9,774.35,868.59,448.09,synthetic_bridge,generated by forecast_v2/build_bridge.py (NOT market data)
2020-09-22,942.2,797.46,859.48,441.33,synthetic_bridge,generated by forecast_v2/build_bridge.py (NOT market data)
2020-09-23,910.71,847.19,848.05,434.9,synthetic_bridge,generated by forecast_v2/build_bridge.py (NOT market data)
2020-09-24,883.58,858.15,833.38,429.99,synthetic_bridge,generated by forecast_v2/build_bridge.py (NOT market data)
2020-09-25,862.6,902.76,819.26,427.61,synthetic_bridge,generated by forecast_v2/build_bridge.py (NOT market data)
2020-09-28,847.17,950.78,818.41,425.68,synthetic_bridge,generated by forecast_v2/build_bridge.py (NOT market data)
2020-09-29,843.5,1042.83,813.22,424.2,synthetic_bridge,generated by forecast_v2/build_bridge.py (NOT market data)
2020-09-30,848.58,1088.3,807.32,424.16,synthetic_bridge,generated by forecast_v2/build_bridge.py (NOT market data)
2020-10-01,857.82,1056.75,805.14,427.49,synthetic_bridge,generated by forecast_v2/build_bridge.py (NOT market data)
2020-10-02,867.53,1061.88,804.7,432.14,synthetic_bridge,generated by forecast_v2/build_bridge.py (NOT market data)
2020-10-05,876.61,1062.44,802.33,436.08,synthetic_bridge,generated by forecast_v2/build_bridge.py (NOT market data)
2020-10-06,892.58,1012.19,797.95,438.3,synthetic_bridge,generated by forecast_v2/build_bridge.py (NOT market data)
2020-10-07,904.14,906.84,795.91,438.8,synthetic_bridge,generated by forecast_v2/build_bridge.py (NOT market data)
2020-10-08,907.75,813.51,794.32,439.52,synthetic_bridge,generated by forecast_v2/build_bridge.py (NOT market data)
2020-10-09,912.89,825.82,795.76,440.42,synthetic_bridge,generated by forecast_v2/build_bridge.py (NOT market data)
2020-10-12,915.29,848.15,799.26,440.49,synthetic_bridge,generated by forecast_v2/build_bridge.py (NOT market data)
2020-10-13,913.23,824.52,802.08,440.69,synthetic_bridge,generated by forecast_v2/build_bridge.py (NOT market data)
2020-10-14,912.85,805.14,808.59,444.93,synthetic_bridge,generated by forecast_v2/build_bridge.py (NOT market data)
2020-10-15,917.14,812.97,809.19,447.44,synthetic_bridge,generated by forecast_v2/build_bridge.py (NOT market data)
2020-10-16,917.9,823.94,807.89,448.71,synthetic_bridge,generated by forecast_v2/build_bridge.py (NOT market data)
2020-10-19,925.69,823.01,811.93,448.68,synthetic_bridge,generated by forecast_v2/build_bridge.py (NOT market data)
2020-10-20,951.95,858.53,813.67,454.21,synthetic_bridge,generated by forecast_v2/build_bridge.py (NOT market data)
2020-10-21,993.73,910.94,814.51,460.59,synthetic_bridge,generated by forecast_v2/build_bridge.py (NOT market data)
2020-10-22,1017.75,986.65,819.9,465.37,synthetic_bridge,generated by forecast_v2/build_bridge.py (NOT market data)
2020-10-23,1032.59,1030.43,827.21,471.0,synthetic_bridge,generated by forecast_v2/build_bridge.py (NOT market data)
2020-10-26,1044.03,1047.88,833.9,477.49,synthetic_bridge,generated by forecast_v2/build_bridge.py (NOT market data)
2020-10-27,1050.57,1011.08,843.88,481.28,synthetic_bridge,generated by forecast_v2/build_bridge.py (NOT market data)
2020-10-28,1050.79,982.62,863.64,484.76,synthetic_bridge,generated by forecast_v2/build_bridge.py (NOT market data)
2020-10-29,1049.15,981.67,878.84,491.52,synthetic_bridge,generated by forecast_v2/build_bridge.py (NOT market data)
2020-10-30,1038.53,997.14,890.78,496.77,synthetic_bridge,generated by forecast_v2/build_bridge.py (NOT market data)
2020-11-02,1026.33,1022.1,900.75,501.71,synthetic_bridge,generated by forecast_v2/build_bridge.py (NOT market data)
2020-11-03,1012.71,1090.11,910.07,507.53,synthetic_bridge,generated by forecast_v2/build_bridge.py (NOT market data)
2020-11-04,1002.08,1176.28,921.37,510.65,synthetic_bridge,generated by forecast_v2/build_bridge.py (NOT market data)
2020-11-05,981.62,1217.02,923.0,513.49,synthetic_bridge,generated by forecast_v2/build_bridge.py (NOT market data)
2020-11-06,961.48,1205.38,925.45,513.69,synthetic_bridge,generated by forecast_v2/build_bridge.py (NOT market data)
2020-11-09,940.31,1201.44,924.92,512.51,synthetic_bridge,generated by forecast_v2/build_bridge.py (NOT market data)
2020-11-10,928.17,1236.56,924.08,512.36,synthetic_bridge,generated by forecast_v2/build_bridge.py (NOT market data)
2020-11-11,916.46,1306.03,917.94,509.72,synthetic_bridge,generated by forecast_v2/build_bridge.py (NOT market data)
2020-11-12,910.87,1341.2,910.46,504.66,synthetic_bridge,generated by forecast_v2/build_bridge.py (NOT market data)
2020-11-13,901.65,1294.21,896.77,499.95,synthetic_bridge,generated by forecast_v2/build_bridge.py (NOT market data)
2020-11-16,903.69,1107.11,881.98,497.14,synthetic_bridge,generated by forecast_v2/build_bridge.py (NOT market data)
2020-11-17,902.55,1065.09,863.9,492.51,synthetic_bridge,generated by forecast_v2/build_bridge.py (NOT market data)
2020-11-18,929.07,1017.21,842.44,485.9,synthetic_bridge,generated by forecast_v2/build_bridge.py (NOT market data)
2020-11-19,942.79,924.29,821.29,476.35,synthetic_bridge,generated by forecast_v2/build_bridge.py (NOT market data)
2020-11-20,951.4,759.14,805.98,467.86,synthetic_bridge,generated by forecast_v2/build_bridge.py (NOT market data)
2020-11-23,962.01,591.22,786.51,457.2,synthetic_bridge,generated by forecast_v2/build_bridge.py (NOT market data)
2020-11-24,970.24,688.14,760.97,446.46,synthetic_bridge,generated by forecast_v2/build_bridge.py (NOT market data)
2020-11-25,969.44,883.59,739.06,432.6,synthetic_bridge,generated by forecast_v2/build_bridge.py (NOT market data)
2020-11-26,947.87,847.91,719.62,425.22,synthetic_bridge,generated by forecast_v2/build_bridge.py (NOT market data)
2020-11-27,922.84,840.61,706.3,416.42,synthetic_bridge,generated by forecast_v2/build_bridge.py (NOT market data)
2020-11-30,899.83,948.24,696.76,409.56,synthetic_bridge,generated by forecast_v2/build_bridge.py (NOT market data)
2020-12-01,879.22,1042.86,687.09,400.98,synthetic_bridge,generated by forecast_v2/build_bridge.py (NOT market data)
2020-12-02,867.23,1009.55,682.32,395.89,synthetic_bridge,generated by forecast_v2/build_bridge.py (NOT market data)
2020-12-03,862.55,987.94,677.23,392.83,synthetic_bridge,generated by forecast_v2/build_bridge.py (NOT market data)
2020-12-04,874.01,1048.92,679.56,388.96,synthetic_bridge,generated by forecast_v2/build_bridge.py (NOT market data)
2020-12-07,893.66,1083.18,683.46,387.3,synthetic_bridge,generated by forecast_v2/build_bridge.py (NOT market data)
2020-12-08,915.77,1095.83,691.74,384.87,synthetic_bridge,generated by forecast_v2/build_bridge.py (NOT market data)
2020-12-09,928.59,1164.39,698.62,381.71,synthetic_bridge,generated by forecast_v2/build_bridge.py (NOT market data)
2020-12-10,937.29,1364.92,718.43,383.69,synthetic_bridge,generated by forecast_v2/build_bridge.py (NOT market data)
2020-12-11,943.91,1550.37,741.47,385.87,synthetic_bridge,generated by forecast_v2/build_bridge.py (NOT market data)
2020-12-14,955.6,1640.65,759.81,388.7,synthetic_bridge,generated by forecast_v2/build_bridge.py (NOT market data)
2020-12-15,973.21,1678.65,778.05,390.52,synthetic_bridge,generated by forecast_v2/build_bridge.py (NOT market data)
2020-12-16,995.01,1700.13,795.21,394.32,synthetic_bridge,generated by forecast_v2/build_bridge.py (NOT market data)
2020-12-17,1018.83,1708.11,813.53,398.18,synthetic_bridge,generated by forecast_v2/build_bridge.py (NOT market data)
2020-12-18,1037.99,1702.89,833.34,402.99,synthetic_bridge,generated by forecast_v2/build_bridge.py (NOT market data)
2020-12-21,1060.98,1665.58,846.66,410.67,synthetic_bridge,generated by forecast_v2/build_bridge.py (NOT market data)
2020-12-22,1088.39,1631.1,862.79,420.24,synthetic_bridge,generated by forecast_v2/build_bridge.py (NOT market data)
2020-12-23,1122.06,1610.51,879.36,432.66,synthetic_bridge,generated by forecast_v2/build_bridge.py (NOT market data)
2020-12-24,1172.97,1600.84,904.64,445.87,synthetic_bridge,generated by forecast_v2/build_bridge.py (NOT market data)
2020-12-25,1194.36,1593.36,926.63,454.81,synthetic_bridge,generated by forecast_v2/build_bridge.py (NOT market data)
2020-12-28,1213.56,1599.76,951.15,468.43,synthetic_bridge,generated by forecast_v2/build_bridge.py (NOT market data)
2020-12-29,1217.32,1603.3,970.92,475.59,synthetic_bridge,generated by forecast_v2/build_bridge.py (NOT market data)
2020-12-30,1232.83,1611.65,991.81,482.31,synthetic_bridge,generated by forecast_v2/build_bridge.py (NOT market data)
2020-12-31,1235.75,1610.7,1006.65,487.56,synthetic_bridge,generated by forecast_v2/build_bridge.py (NOT market data)
2021-01-01,1228.84,1604.32,1016.69,489.32,synthetic_bridge,generated by forecast_v2/build_bridge.py (NOT market data)
2021-01-04,1220.22,1668.85,1025.54,489.66,synthetic_bridge,generated by forecast_v2/build_bridge.py (NOT market data)
2021-01-05,1215.51,1663.71,1034.44,492.62,synthetic_bridge,generated by forecast_v2/build_bridge.py (NOT market data)
2021-01-06,1212.61,1642.73,1043.44,495.19,synthetic_bridge,generated by forecast_v2/build_bridge.py (NOT market data)
2021-01-07,1215.73,1632.94,1046.84,505.38,synthetic_bridge,generated by forecast_v2/build_bridge.py (NOT market data)
2021-01-08,1213.32,1621.78,1051.68,510.11,synthetic_bridge,generated by forecast_v2/build_bridge.py (NOT market data)
2021-01-11,1212.77,1609.33,1055.71,516.43,synthetic_bridge,generated by forecast_v2/build_bridge.py (NOT market data)
2021-01-12,1209.49,1577.51,1053.56,515.98,synthetic_bridge,generated by forecast_v2/build_bridge.py (NOT market data)
2021-01-13,1214.41,1584.84,1052.13,515.5,synthetic_bridge,generated by forecast_v2/build_bridge.py (NOT market data)
2021-01-14,1211.82,1673.68,1049.04,515.03,synthetic_bridge,generated by forecast_v2/build_bridge.py (NOT market data)
2021-01-15,1229.19,2149.04,1048.75,511.03,synthetic_bridge,generated by forecast_v2/build_bridge.py (NOT market data)
2021-01-18,1267.46,2599.2,1038.69,509.43,synthetic_bridge,generated by forecast_v2/build_bridge.py (NOT market data)
2021-01-19,1285.25,2707.23,1027.82,506.6,synthetic_bridge,generated by forecast_v2/build_bridge.py (NOT market data)
2021-01-20,1273.66,2393.26,1021.69,504.03,synthetic_bridge,generated by forecast_v2/build_bridge.py (NOT market data)
2021-01-21,1247.26,2366.14,1009.71,501.81,synthetic_bridge,generated by forecast_v2/build_bridge.py (NOT market data)
2021-01-22,1217.22,2389.71,997.63,498.84,synthetic_bridge,generated by forecast_v2/build_bridge.py (NOT market data)
2021-01-25,1192.27,2503.37,988.43,495.23,synthetic_bridge,generated by forecast_v2/build_bridge.py (NOT market data)
2021-01-26,1169.44,2536.19,976.98,487.45,synthetic_bridge,generated by forecast_v2/build_bridge.py (NOT market data)
2021-01-27,1136.4,2451.12,959.55,484.15,synthetic_bridge,generated by forecast_v2/build_bridge.py (NOT market data)
2021-01-28,1104.58,2306.51,939.18,480.53,synthetic_bridge,generated by forecast_v2/build_bridge.py (NOT market data)
2021-01-29,1081.78,2248.49,920.08,476.67,synthetic_bridge,generated by forecast_v2/build_bridge.py (NOT market data)
2021-02-01,1067.78,2244.86,903.72,470.26,synthetic_bridge,generated by forecast_v2/build_bridge.py (NOT market data)
2021-02-02,1056.24,2183.92,892.74,466.21,synthetic_bridge,generated by forecast_v2/build_bridge.py (NOT market data)
2021-02-03,1050.04,2112.23,883.26,459.76,synthetic_bridge,generated by forecast_v2/build_bridge.py (NOT market data)
2021-02-04,1056.42,1956.44,868.93,455.76,synthetic_bridge,generated by forecast_v2/build_bridge.py (NOT market data)
2021-02-05,1089.72,1776.78,857.55,451.84,synthetic_bridge,generated by forecast_v2/build_bridge.py (NOT market data)
2021-02-08,1119.63,1707.81,847.84,448.01,synthetic_bridge,generated by forecast_v2/build_bridge.py (NOT market data)
2021-02-09,1122.56,1697.9,839.76,446.65,synthetic_bridge,generated by forecast_v2/build_bridge.py (NOT market data)
2021-02-10,1115.51,1668.17,834.06,442.65,synthetic_bridge,generated by forecast_v2/build_bridge.py (NOT market data)
2021-02-11,1100.24,1628.29,818.18,439.91,synthetic_bridge,generated by forecast_v2/build_bridge.py (NOT market data)
2021-02-12,1076.9,1563.71,810.69,437.45,synthetic_bridge,generated by forecast_v2/build_bridge.py (NOT market data)
2021-02-15,1049.3,1448.09,797.15,427.34,synthetic_bridge,generated by forecast_v2/build_bridge.py (NOT market data)
2021-02-16,1014.36,1372.38,781.28,419.67,synthetic_bridge,generated by forecast_v2/build_bridge.py (NOT market data)
2021-02-17,978.8,1317.73,763.19,413.36,synthetic_bridge,generated by forecast_v2/build_bridge.py (NOT market data)
2021-02-18,949.55,1319.44,746.77,407.12,synthetic_bridge,generated by forecast_v2/build_bridge.py (NOT market data)
2021-02-19,923.53,1344.23,729.49,402.26,synthetic_bridge,generated by forecast_v2/build_bridge.py (NOT market data)
2021-02-22,899.11,1341.51,717.83,398.78,synthetic_bridge,generated by forecast_v2/build_bridge.py (NOT market data)
2021-02-23,866.79,1247.79,707.94,392.94,synthetic_bridge,generated by forecast_v2/build_bridge.py (NOT market data)
2021-02-24,834.3,1164.04,694.71,388.57,synthetic_bridge,generated by forecast_v2/build_bridge.py (NOT market data)
2021-02-25,804.65,1072.11,683.31,385.66,synthetic_bridge,generated by forecast_v2/build_bridge.py (NOT market data)
2021-02-26,785.55,1025.15,672.45,384.24,synthetic_bridge,generated by forecast_v2/build_bridge.py (NOT market data)
2021-03-01,769.02,981.82,666.0,377.94,synthetic_bridge,generated by forecast_v2/build_bridge.py (NOT market data)
2021-03-02,758.11,905.4,653.59,374.43,synthetic_bridge,generated by forecast_v2/build_bridge.py (NOT market data)
2021-03-03,749.53,842.75,640.37,373.72,synthetic_bridge,generated by forecast_v2/build_bridge.py (NOT market data)
2021-03-04,748.02,833.96,628.92,373.24,synthetic_bridge,generated by forecast_v2/build_bridge.py (NOT market data)
2021-03-05,751.97,972.09,624.52,372.99,synthetic_bridge,generated by forecast_v2/build_bridge.py (NOT market data)
2021-03-08,758.03,1029.38,625.88,374.26,synthetic_bridge,generated by forecast_v2/build_bridge.py (NOT market data)
2021-03-09,771.07,1147.69,629.0,377.06,synthetic_bridge,generated by forecast_v2/build_bridge.py (NOT market data)
2021-03-10,772.57,1287.72,635.2,378.72,synthetic_bridge,generated by forecast_v2/build_bridge.py (NOT market data)
2021-03-11,774.99,1352.16,639.26,381.85,synthetic_bridge,generated by forecast_v2/build_bridge.py (NOT market data)
2021-03-12,773.36,1360.61,645.35,383.23,synthetic_bridge,generated by forecast_v2/build_bridge.py (NOT market data)
2021-03-15,779.59,1359.21,644.35,383.87,synthetic_bridge,generated by forecast_v2/build_bridge.py (NOT market data)
2021-03-16,780.24,1353.69,646.95,385.49,synthetic_bridge,generated by forecast_v2/build_bridge.py (NOT market data)
2021-03-17,779.55,1322.2,654.1,387.01,synthetic_bridge,generated by forecast_v2/build_bridge.py (NOT market data)
2021-03-18,778.16,1278.75,656.14,387.62,synthetic_bridge,generated by forecast_v2/build_bridge.py (NOT market data)
2021-03-19,775.28,1300.03,656.87,389.13,synthetic_bridge,generated by forecast_v2/build_bridge.py (NOT market data)
2021-03-22,779.56,1359.35,658.33,391.55,synthetic_bridge,generated by forecast_v2/build_bridge.py (NOT market data)
2021-03-23,785.76,1415.48,663.67,393.91,synthetic_bridge,generated by forecast_v2/build_bridge.py (NOT market data)
2021-03-24,807.16,1448.17,677.18,398.16,synthetic_bridge,generated by forecast_v2/build_bridge.py (NOT market data)
2021-03-25,861.89,1482.31,688.49,399.38,synthetic_bridge,generated by forecast_v2/build_bridge.py (NOT market data)
2021-03-26,950.34,1469.88,697.51,404.5,synthetic_bridge,generated by forecast_v2/build_bridge.py (NOT market data)
2021-03-29,1002.22,1470.64,707.37,410.54,synthetic_bridge,generated by forecast_v2/build_bridge.py (NOT market data)
2021-03-30,1025.5,1486.71,724.56,416.47,synthetic_bridge,generated by forecast_v2/build_bridge.py (NOT market data)
2021-03-31,1064.28,1487.29,742.54,422.24,synthetic_bridge,generated by forecast_v2/build_bridge.py (NOT market data)
2021-04-01,1100.18,1468.7,763.43,433.03,synthetic_bridge,generated by forecast_v2/build_bridge.py (NOT market data)
2021-04-02,1131.95,1459.51,778.23,444.67,synthetic_bridge,generated by forecast_v2/build_bridge.py (NOT market data)
2021-04-05,1155.02,1442.14,795.76,454.98,synthetic_bridge,generated by forecast_v2/build_bridge.py (NOT market data)
2021-04-06,1160.47,1436.81,811.44,460.73,synthetic_bridge,generated by forecast_v2/build_bridge.py (NOT market data)
2021-04-07,1157.8,1437.21,824.05,467.18,synthetic_bridge,generated by forecast_v2/build_bridge.py (NOT market data)
2021-04-08,1136.2,1438.82,835.85,473.26,synthetic_bridge,generated by forecast_v2/build_bridge.py (NOT market data)
2021-04-09,1116.06,1430.3,841.49,478.81,synthetic_bridge,generated by forecast_v2/build_bridge.py (NOT market data)
2021-04-12,1100.0,1458.54,846.01,484.69,synthetic_bridge,generated by forecast_v2/build_bridge.py (NOT market data)
2021-04-13,1093.72,1494.46,851.11,488.31,synthetic_bridge,generated by forecast_v2/build_bridge.py (NOT market data)
2021-04-14,1097.54,1515.15,854.61,492.55,synthetic_bridge,generated by forecast_v2/build_bridge.py (NOT market data)
2021-04-15,1102.22,1501.9,854.47,496.14,synthetic_bridge,generated by forecast_v2/build_bridge.py (NOT market data)
2021-04-16,1109.42,1540.31,846.84,497.93,synthetic_bridge,generated by forecast_v2/build_bridge.py (NOT market data)
2021-04-19,1115.17,1611.37,837.52,499.28,synthetic_bridge,generated by forecast_v2/build_bridge.py (NOT market data)
2021-04-20,1111.56,1574.22,828.9,501.52,synthetic_bridge,generated by forecast_v2/build_bridge.py (NOT market data)
2021-04-21,1101.72,1568.54,823.31,502.21,synthetic_bridge,generated by forecast_v2/build_bridge.py (NOT market data)
2021-04-22,1088.01,1594.5,817.54,505.19,synthetic_bridge,generated by forecast_v2/build_bridge.py (NOT market data)
2021-04-23,1065.57,1676.73,806.2,506.69,synthetic_bridge,generated by forecast_v2/build_bridge.py (NOT market data)
2021-04-26,1045.16,1736.08,795.95,508.03,synthetic_bridge,generated by forecast_v2/build_bridge.py (NOT market data)
2021-04-27,1009.01,1748.52,789.02,510.49,synthetic_bridge,generated by forecast_v2/build_bridge.py (NOT market data)
2021-04-28,978.52,1775.06,779.98,514.08,synthetic_bridge,generated by forecast_v2/build_bridge.py (NOT market data)
2021-04-29,954.52,1753.07,776.48,511.33,synthetic_bridge,generated by forecast_v2/build_bridge.py (NOT market data)
2021-04-30,935.38,1697.0,772.0,513.56,synthetic_bridge,generated by forecast_v2/build_bridge.py (NOT market data)
2021-05-03,920.28,1639.99,768.74,514.52,synthetic_bridge,generated by forecast_v2/build_bridge.py (NOT market data)
2021-05-04,909.95,1606.76,765.65,516.7,synthetic_bridge,generated by forecast_v2/build_bridge.py (NOT market data)
2021-05-05,905.09,1677.06,771.36,516.44,synthetic_bridge,generated by forecast_v2/build_bridge.py (NOT market data)
2021-05-06,900.8,1694.57,775.01,517.45,synthetic_bridge,generated by forecast_v2/build_bridge.py (NOT market data)
2021-05-07,895.35,1807.59,783.05,523.39,synthetic_bridge,generated by forecast_v2/build_bridge.py (NOT market data)
2021-05-10,871.24,1594.46,785.53,518.62,synthetic_bridge,generated by forecast_v2/build_bridge.py (NOT market data)
2021-05-11,845.2,1387.75,782.12,515.66,synthetic_bridge,generated by forecast_v2/build_bridge.py (NOT market data)
2021-05-12,823.54,1280.3,777.72,508.39,synthetic_bridge,generated by forecast_v2/build_bridge.py (NOT market data)
2021-05-13,813.01,1090.95,768.89,508.98,synthetic_bridge,generated by forecast_v2/build_bridge.py (NOT market data)
2021-05-14,796.52,1013.69,762.83,511.33,synthetic_bridge,generated by forecast_v2/build_bridge.py (NOT market data)
2021-05-17,781.89,939.97,760.31,507.07,synthetic_bridge,generated by forecast_v2/build_bridge.py (NOT market data)
2021-05-18,775.23,835.73,746.34,504.71,synthetic_bridge,generated by forecast_v2/build_bridge.py (NOT market data)
2021-05-19,770.56,841.53,735.83,502.21,synthetic_bridge,generated by forecast_v2/build_bridge.py (NOT market data)
2021-05-20,765.81,800.65,728.94,497.54,synthetic_bridge,generated by forecast_v2/build_bridge.py (NOT market data)
2021-05-21,754.71,816.34,720.09,494.88,synthetic_bridge,generated by forecast_v2/build_bridge.py (NOT market data)
2021-05-24,732.91,917.17,707.39,494.26,synthetic_bridge,generated by forecast_v2/build_bridge.py (NOT market data)
2021-05-25,715.2,1033.21,700.42,487.35,synthetic_bridge,generated by forecast_v2/build_bridge.py (NOT market data)
2021-05-26,703.91,1159.12,689.63,484.66,synthetic_bridge,generated by forecast_v2/build_bridge.py (NOT market data)
2021-05-27,683.89,1114.46,678.89,482.02,synthetic_bridge,generated by forecast_v2/build_bridge.py (NOT market data)
2021-05-28,672.64,1091.12,660.42,475.23,synthetic_bridge,generated by forecast_v2/build_bridge.py (NOT market data)
2021-05-31,659.2,1011.0,643.97,470.65,synthetic_bridge,generated by forecast_v2/build_bridge.py (NOT market data)
2021-06-01,654.89,996.24,627.63,466.2,synthetic_bridge,generated by forecast_v2/build_bridge.py (NOT market data)
2021-06-02,653.07,1034.17,609.38,461.89,synthetic_bridge,generated by forecast_v2/build_bridge.py (NOT market data)
2021-06-03,663.19,1043.79,605.41,455.59,synthetic_bridge,generated by forecast_v2/build_bridge.py (NOT market data)
2021-06-04,678.45,1014.47,591.44,438.65,synthetic_bridge,generated by forecast_v2/build_bridge.py (NOT market data)
2021-06-07,701.32,1019.06,579.61,428.36,synthetic_bridge,generated by forecast_v2/build_bridge.py (NOT market data)
2021-06-08,716.22,1058.4,575.27,423.1,synthetic_bridge,generated by forecast_v2/build_bridge.py (NOT market data)
2021-06-09,731.12,1063.87,575.46,417.37,synthetic_bridge,generated by forecast_v2/build_bridge.py (NOT market data)
2021-06-10,742.92,1107.82,578.09,413.66,synthetic_bridge,generated by forecast_v2/build_bridge.py (NOT market data)
2021-06-11,749.4,1177.74,583.35,410.66,synthetic_bridge,generated by forecast_v2/build_bridge.py (NOT market data)
2021-06-14,757.35,1312.73,592.03,410.8,synthetic_bridge,generated by forecast_v2/build_bridge.py (NOT market data)
2021-06-15,770.86,1431.08,597.87,413.5,synthetic_bridge,generated by forecast_v2/build_bridge.py (NOT market data)
2021-06-16,793.9,1506.84,607.07,415.49,synthetic_bridge,generated by forecast_v2/build_bridge.py (NOT market data)
2021-06-17,811.07,1527.72,618.32,417.86,synthetic_bridge,generated by forecast_v2/build_bridge.py (NOT market data)
2021-06-18,829.57,1537.54,628.17,422.41,synthetic_bridge,generated by forecast_v2/build_bridge.py (NOT market data)
2021-06-21,833.89,1311.77,641.47,426.49,synthetic_bridge,generated by forecast_v2/build_bridge.py (NOT market data)
2021-06-22,842.37,1340.19,653.72,429.39,synthetic_bridge,generated by forecast_v2/build_bridge.py (NOT market data)
2021-06-23,853.0,1354.33,668.23,434.27,synthetic_bridge,generated by forecast_v2/build_bridge.py (NOT market data)
2021-06-24,860.47,1364.39,680.4,437.19,synthetic_bridge,generated by forecast_v2/build_bridge.py (NOT market data)
2021-06-25,867.09,1432.07,691.29,438.11,synthetic_bridge,generated by forecast_v2/build_bridge.py (NOT market data)
2021-06-28,873.62,1518.3,701.44,440.28,synthetic_bridge,generated by forecast_v2/build_bridge.py (NOT market data)
2021-06-29,878.46,1594.81,708.46,445.69,synthetic_bridge,generated by forecast_v2/build_bridge.py (NOT market data)
2021-06-30,876.8,1547.44,717.04,450.34,synthetic_bridge,generated by forecast_v2/build_bridge.py (NOT market data)
2021-07-01,877.3,1556.7,724.79,454.22,synthetic_bridge,generated by forecast_v2/build_bridge.py (NOT market data)
2021-07-02,866.48,1524.44,728.69,456.62,synthetic_bridge,generated by forecast_v2/build_bridge.py (NOT market data)
2021-07-05,849.89,1405.76,729.9,456.19,synthetic_bridge,generated by forecast_v2/build_bridge.py (NOT market data)
2021-07-06,818.75,1313.75,721.68,449.5,synthetic_bridge,generated by forecast_v2/build_bridge.py (NOT market data)
2021-07-07,794.18,1247.16,714.73,446.43,synthetic_bridge,generated by forecast_v2/build_bridge.py (NOT market data)
2021-07-08,772.13,1256.44,706.15,444.1,synthetic_bridge,generated by forecast_v2/build_bridge.py (NOT market data)
2021-07-09,761.24,1307.88,698.19,442.3,synthetic_bridge,generated by forecast_v2/build_bridge.py (NOT market data)
2021-07-12,755.54,1358.93,694.93,440.19,synthetic_bridge,generated by forecast_v2/build_bridge.py (NOT market data)
2021-07-13,768.23,1385.66,700.94,440.12,synthetic_bridge,generated by forecast_v2/build_bridge.py (NOT market data)
2021-07-14,814.83,1414.58,704.99,437.06,synthetic_bridge,generated by forecast_v2/build_bridge.py (NOT market data)
2021-07-15,894.97,1400.39,707.34,438.49,synthetic_bridge,generated by forecast_v2/build_bridge.py (NOT market data)
2021-07-16,942.16,1399.3,711.26,441.16,synthetic_bridge,generated by forecast_v2/build_bridge.py (NOT market data)
2021-07-19,963.76,1412.99,723.18,443.98,synthetic_bridge,generated by forecast_v2/build_bridge.py (NOT market data)
2021-07-20,1000.8,1412.16,736.44,446.95,synthetic_bridge,generated by forecast_v2/build_bridge.py (NOT market data)
2021-07-21,1035.78,1393.43,753.13,455.5,synthetic_bridge,generated by forecast_v2/build_bridge.py (NOT market data)
2021-07-22,1067.27,1383.94,764.32,465.18,synthetic_bridge,generated by forecast_v2/build_bridge.py (NOT market data)
2021-07-23,1090.83,1366.98,778.69,473.71,synthetic_bridge,generated by forecast_v2/build_bridge.py (NOT market data)
2021-07-26,1097.83,1361.7,791.69,477.73,synthetic_bridge,generated by forecast_v2/build_bridge.py (NOT market data)
2021-07-27,1097.19,1362.09,802.12,482.73,synthetic_bridge,generated by forecast_v2/build_bridge.py (NOT market data)
2021-07-28,1078.55,1363.87,812.14,487.56,synthetic_bridge,generated by forecast_v2/build_bridge.py (NOT market data)
2021-07-29,1058.51,1345.32,823.93,492.18,synthetic_bridge,generated by forecast_v2/build_bridge.py (NOT market data)
2021-07-30,1039.55,1322.11,834.11,494.38,synthetic_bridge,generated by forecast_v2/build_bridge.py (NOT market data)
2021-08-02,1028.25,1304.58,843.82,494.17,synthetic_bridge,generated by forecast_v2/build_bridge.py (NOT market data)
2021-08-03,1013.08,1264.39,849.74,492.69,synthetic_bridge,generated by forecast_v2/build_bridge.py (NOT market data)
2021-08-04,996.27,1210.04,855.27,491.07,synthetic_bridge,generated by forecast_v2/build_bridge.py (NOT market data)
2021-08-05,1000.95,1230.26,864.14,487.28,synthetic_bridge,generated by forecast_v2/build_bridge.py (NOT market data)
2021-08-06,1050.75,1326.08,868.23,486.37,synthetic_bridge,generated by forecast_v2/build_bridge.py (NOT market data)
2021-08-09,1136.54,1289.89,875.8,488.76,synthetic_bridge,generated by forecast_v2/build_bridge.py (NOT market data)
2021-08-10,1297.14,1246.85,881.74,486.86,synthetic_bridge,generated by forecast_v2/build_bridge.py (NOT market data)
2021-08-11,1479.82,1202.63,888.57,487.88,synthetic_bridge,generated by forecast_v2/build_bridge.py (NOT market data)
2021-08-12,1557.69,1169.99,892.86,488.28,synthetic_bridge,generated by forecast_v2/build_bridge.py (NOT market data)
2021-08-13,1594.19,1140.31,898.56,486.91,synthetic_bridge,generated by forecast_v2/build_bridge.py (NOT market data)
2021-08-16,1586.19,1076.07,899.12,483.78,synthetic_bridge,generated by forecast_v2/build_bridge.py (NOT market data)
2021-08-17,1544.82,1000.35,893.37,478.97,synthetic_bridge,generated by forecast_v2/build_bridge.py (NOT market data)
2021-08-18,1470.34,969.18,886.75,474.96,synthetic_bridge,generated by forecast_v2/build_bridge.py (NOT market data)
2021-08-19,1418.83,948.42,880.7,468.17,synthetic_bridge,generated by forecast_v2/build_bridge.py (NOT market data)
2021-08-20,1350.04,926.5,871.49,461.11,synthetic_bridge,generated by forecast_v2/build_bridge.py (NOT market data)
2021-08-23,1281.99,875.39,861.92,456.3,synthetic_bridge,generated by forecast_v2/build_bridge.py (NOT market data)
2021-08-24,1227.3,856.14,850.9,450.14,synthetic_bridge,generated by forecast_v2/build_bridge.py (NOT market data)
2021-08-25,1177.55,856.38,838.6,447.53,synthetic_bridge,generated by forecast_v2/build_bridge.py (NOT market data)
2021-08-26,1144.51,837.15,832.81,442.48,synthetic_bridge,generated by forecast_v2/build_bridge.py (NOT market data)
2021-08-27,1133.39,844.6,828.43,435.08,synthetic_bridge,generated by forecast_v2/build_bridge.py (NOT market data)
2021-08-30,1139.38,859.37,826.79,430.21,synthetic_bridge,generated by forecast_v2/build_bridge.py (NOT market data)
2021-08-31,1153.95,871.34,822.89,425.46,synthetic_bridge,generated by forecast_v2/build_bridge.py (NOT market data)
2021-09-01,1165.0,875.17,825.48,423.24,synthetic_bridge,generated by forecast_v2/build_bridge.py (NOT market data)
2021-09-02,1176.13,880.29,838.14,423.52,synthetic_bridge,generated by forecast_v2/build_bridge.py (NOT market data)
2021-09-03,1183.56,930.23,837.06,423.91,synthetic_bridge,generated by forecast_v2/build_bridge.py (NOT market data)
2021-09-06,1178.62,937.0,836.21,425.09,synthetic_bridge,generated by forecast_v2/build_bridge.py (NOT market data)
2021-09-07,1177.92,916.02,840.75,425.33,synthetic_bridge,generated by forecast_v2/build_bridge.py (NOT market data)
2021-09-08,1190.0,878.19,836.91,422.87,synthetic_bridge,generated by forecast_v2/build_bridge.py (NOT market data)
2021-09-09,1191.31,825.19,833.99,420.52,synthetic_bridge,generated by forecast_v2/build_bridge.py (NOT market data)
2021-09-10,1192.0,722.03,835.97,418.07,synthetic_bridge,generated by forecast_v2/build_bridge.py (NOT market data)
2021-09-13,1198.83,646.05,837.2,418.55,synthetic_bridge,generated by forecast_v2/build_bridge.py (NOT market data)
2021-09-14,1209.61,627.37,837.7,418.86,synthetic_bridge,generated by forecast_v2/build_bridge.py (NOT market data)
2021-09-15,1216.17,639.24,839.42,418.98,synthetic_bridge,generated by forecast_v2/build_bridge.py (NOT market data)
2021-09-16,1227.54,636.75,842.42,420.42,synthetic_bridge,generated by forecast_v2/build_bridge.py (NOT market data)
2021-09-17,1252.25,615.04,842.99,418.56,synthetic_bridge,generated by forecast_v2/build_bridge.py (NOT market data)
2021-09-20,1276.0,606.73,843.08,418.06,synthetic_bridge,generated by forecast_v2/build_bridge.py (NOT market data)
2021-09-21,1279.38,620.52,844.63,418.94,synthetic_bridge,generated by forecast_v2/build_bridge.py (NOT market data)
2021-09-22,1273.99,635.93,843.92,414.98,synthetic_bridge,generated by forecast_v2/build_bridge.py (NOT market data)
2021-09-23,1268.33,634.97,841.01,414.02,synthetic_bridge,generated by forecast_v2/build_bridge.py (NOT market data)
2021-09-24,1251.73,654.58,832.26,409.81,synthetic_bridge,generated by forecast_v2/build_bridge.py (NOT market data)
2021-09-27,1203.26,570.12,825.25,403.98,synthetic_bridge,generated by forecast_v2/build_bridge.py (NOT market data)
2021-09-28,1150.73,500.13,812.6,399.67,synthetic_bridge,generated by forecast_v2/build_bridge.py (NOT market data)
2021-09-29,1105.11,468.2,800.04,392.23,synthetic_bridge,generated by forecast_v2/build_bridge.py (NOT market data)
2021-09-30,1074.31,406.35,783.97,391.09,synthetic_bridge,generated by forecast_v2/build_bridge.py (NOT market data)
2021-10-01,1037.27,384.38,771.95,391.55,synthetic_bridge,generated by forecast_v2/build_bridge.py (NOT market data)
2021-10-04,1007.48,364.8,756.66,389.26,synthetic_bridge,generated by forecast_v2/build_bridge.py (NOT market data)
2021-10-05,976.1,356.58,745.55,388.12,synthetic_bridge,generated by forecast_v2/build_bridge.py (NOT market data)
2021-10-06,952.41,361.34,734.81,384.9,synthetic_bridge,generated by forecast_v2/build_bridge.py (NOT market data)
2021-10-07,928.29,366.23,722.61,383.89,synthetic_bridge,generated by forecast_v2/build_bridge.py (NOT market data)
2021-10-08,910.06,379.53,713.04,383.11,synthetic_bridge,generated by forecast_v2/build_bridge.py (NOT market data)
2021-10-11,879.67,376.65,703.81,377.22,synthetic_bridge,generated by forecast_v2/build_bridge.py (NOT market data)
2021-10-12,864.53,376.55,701.06,372.54,synthetic_bridge,generated by forecast_v2/build_bridge.py (NOT market data)
2021-10-13,849.55,379.58,692.78,370.56,synthetic_bridge,generated by forecast_v2/build_bridge.py (NOT market data)
2021-10-14,838.73,359.83,684.52,361.19,synthetic_bridge,generated by forecast_v2/build_bridge.py (NOT market data)
2021-10-15,839.44,313.42,672.22,353.74,synthetic_bridge,generated by forecast_v2/build_bridge.py (NOT market data)
2021-10-18,832.08,300.92,656.61,348.17,synthetic_bridge,generated by forecast_v2/build_bridge.py (NOT market data)
2021-10-19,836.13,373.89,644.04,346.05,synthetic_bridge,generated by forecast_v2/build_bridge.py (NOT market data)
2021-10-20,847.26,480.09,630.44,343.41,synthetic_bridge,generated by forecast_v2/build_bridge.py (NOT market data)
2021-10-21,850.27,463.01,622.55,340.98,synthetic_bridge,generated by forecast_v2/build_bridge.py (NOT market data)
2021-10-22,852.96,478.43,618.15,340.34,synthetic_bridge,generated by forecast_v2/build_bridge.py (NOT market data)
2021-10-25,849.0,509.29,609.4,337.6,synthetic_bridge,generated by forecast_v2/build_bridge.py (NOT market data)
2021-10-26,843.19,550.41,599.27,338.22,synthetic_bridge,generated by forecast_v2/build_bridge.py (NOT market data)
2021-10-27,835.51,635.61,590.86,337.38,synthetic_bridge,generated by forecast_v2/build_bridge.py (NOT market data)
2021-10-28,821.86,816.13,584.33,334.11,synthetic_bridge,generated by forecast_v2/build_bridge.py (NOT market data)
2021-10-29,802.53,811.03,581.39,329.19,synthetic_bridge,generated by forecast_v2/build_bridge.py (NOT market data)
2021-11-01,785.93,751.67,575.99,322.6,synthetic_bridge,generated by forecast_v2/build_bridge.py (NOT market data)
2021-11-02,772.96,738.43,566.98,318.39,synthetic_bridge,generated by forecast_v2/build_bridge.py (NOT market data)
2021-11-03,769.86,740.7,555.79,313.91,synthetic_bridge,generated by forecast_v2/build_bridge.py (NOT market data)
2021-11-04,781.39,741.24,550.92,310.95,synthetic_bridge,generated by forecast_v2/build_bridge.py (NOT market data)
2021-11-05,794.19,703.81,548.44,308.65,synthetic_bridge,generated by forecast_v2/build_bridge.py (NOT market data)
2021-11-08,815.03,704.89,547.73,309.7,synthetic_bridge,generated by forecast_v2/build_bridge.py (NOT market data)
2021-11-09,831.13,705.73,548.7,309.9,synthetic_bridge,generated by forecast_v2/build_bridge.py (NOT market data)
2021-11-10,839.75,687.18,552.46,311.01,synthetic_bridge,generated by forecast_v2/build_bridge.py (NOT market data)
2021-11-11,843.75,664.87,558.22,311.92,synthetic_bridge,generated by forecast_v2/build_bridge.py (NOT market data)
2021-11-12,848.62,649.25,566.81,315.07,synthetic_bridge,generated by forecast_v2/build_bridge.py (NOT market data)
2021-11-15,851.63,621.93,578.62,318.33,synthetic_bridge,generated by forecast_v2/build_bridge.py (NOT market data)
2021-11-16,856.42,614.5,590.27,320.59,synthetic_bridge,generated by forecast_v2/build_bridge.py (NOT market data)
2021-11-17,863.5,608.99,599.44,323.81,synthetic_bridge,generated by forecast_v2/build_bridge.py (NOT market data)
2021-11-18,865.89,589.37,610.35,326.89,synthetic_bridge,generated by forecast_v2/build_bridge.py (NOT market data)
2021-11-19,866.74,599.66,620.69,331.85,synthetic_bridge,generated by forecast_v2/build_bridge.py (NOT market data)
2021-11-22,865.48,623.2,629.78,337.6,synthetic_bridge,generated by forecast_v2/build_bridge.py (NOT market data)
2021-11-23,868.09,651.99,635.8,341.98,synthetic_bridge,generated by forecast_v2/build_bridge.py (NOT market data)
2021-11-24,867.44,688.36,639.74,347.6,synthetic_bridge,generated by forecast_v2/build_bridge.py (NOT market data)
2021-11-25,860.71,698.47,640.92,352.81,synthetic_bridge,generated by forecast_v2/build_bridge.py (NOT market data)
2021-11-26,848.9,636.63,640.38,357.57,synthetic_bridge,generated by forecast_v2/build_bridge.py (NOT market data)
2021-11-29,841.01,615.86,639.85,362.41,synthetic_bridge,generated by forecast_v2/build_bridge.py (NOT market data)
2021-11-30,824.69,575.26,639.3,365.05,synthetic_bridge,generated by forecast_v2/build_bridge.py (NOT market data)
2021-12-01,813.78,581.36,645.85,370.98,synthetic_bridge,generated by forecast_v2/build_bridge.py (NOT market data)
2021-12-02,817.54,667.66,649.65,378.5,synthetic_bridge,generated by forecast_v2/build_bridge.py (NOT market data)
2021-12-03,825.66,677.14,653.36,384.41,synthetic_bridge,generated by forecast_v2/build_bridge.py (NOT market data)
2021-12-06,834.05,668.31,655.52,390.34,synthetic_bridge,generated by forecast_v2/build_bridge.py (NOT market data)
2021-12-07,853.92,595.93,658.89,396.38,synthetic_bridge,generated by forecast_v2/build_bridge.py (NOT market data)
2021-12-08,890.66,586.53,663.27,401.79,synthetic_bridge,generated by forecast_v2/build_bridge.py (NOT market data)
2021-12-09,926.69,656.96,667.82,406.52,synthetic_bridge,generated by forecast_v2/build_bridge.py (NOT market data)
2021-12-10,956.29,746.63,672.45,410.63,synthetic_bridge,generated by forecast_v2/build_bridge.py (NOT market data)
2021-12-13,988.41,830.99,677.81,415.89,synthetic_bridge,generated by forecast_v2/build_bridge.py (NOT market data)
2021-12-14,1024.19,974.71,686.17,424.07,synthetic_bridge,generated by forecast_v2/build_bridge.py (NOT market data)
2021-12-15,1047.66,999.94,693.39,431.54,synthetic_bridge,generated by forecast_v2/build_bridge.py (NOT market data)
2021-12-16,1048.13,1073.93,698.56,437.39,synthetic_bridge,generated by forecast_v2/build_bridge.py (NOT market data)
2021-12-17,1040.24,1154.78,702.35,441.56,synthetic_bridge,generated by forecast_v2/build_bridge.py (NOT market data)
2021-12-20,1036.15,1198.02,705.48,445.83,synthetic_bridge,generated by forecast_v2/build_bridge.py (NOT market data)
2021-12-21,1016.2,1261.24,709.48,449.26,synthetic_bridge,generated by forecast_v2/build_bridge.py (NOT market data)
2021-12-22,985.04,1403.13,711.88,452.71,synthetic_bridge,generated by forecast_v2/build_bridge.py (NOT market data)
2021-12-23,966.14,1492.28,714.28,456.17,synthetic_bridge,generated by forecast_v2/build_bridge.py (NOT market data)
2021-12-24,947.58,1591.85,718.29,456.92,synthetic_bridge,generated by forecast_v2/build_bridge.py (NOT market data)
2021-12-27,943.15,1626.39,724.73,459.47,synthetic_bridge,generated by forecast_v2/build_bridge.py (NOT market data)
2021-12-28,941.64,1607.7,728.67,462.01,synthetic_bridge,generated by forecast_v2/build_bridge.py (NOT market data)
2021-12-29,957.55,1563.3,732.57,466.33,synthetic_bridge,generated by forecast_v2/build_bridge.py (NOT market data)
2021-12-30,956.88,1553.4,738.1,469.22,synthetic_bridge,generated by forecast_v2/build_bridge.py (NOT market data)
2021-12-31,952.57,1542.45,734.53,470.99,synthetic_bridge,generated by forecast_v2/build_bridge.py (NOT market data)
2022-01-03,944.21,1445.98,733.71,475.93,synthetic_bridge,generated by forecast_v2/build_bridge.py (NOT market data)
2022-01-04,932.37,1395.07,739.26,478.46,synthetic_bridge,generated by forecast_v2/build_bridge.py (NOT market data)
2022-01-05,918.93,1487.24,744.0,481.84,synthetic_bridge,generated by forecast_v2/build_bridge.py (NOT market data)
2022-01-06,904.93,1476.01,748.07,480.34,synthetic_bridge,generated by forecast_v2/build_bridge.py (NOT market data)
2022-01-07,892.29,1530.85,748.95,479.35,synthetic_bridge,generated by forecast_v2/build_bridge.py (NOT market data)
2022-01-10,874.54,1555.88,747.93,481.5,synthetic_bridge,generated by forecast_v2/build_bridge.py (NOT market data)
2022-01-11,851.48,1517.33,756.88,482.71,synthetic_bridge,generated by forecast_v2/build_bridge.py (NOT market data)
2022-01-12,830.46,1484.25,761.05,482.98,synthetic_bridge,generated by forecast_v2/build_bridge.py (NOT market data)
2022-01-13,798.91,1397.08,764.43,482.28,synthetic_bridge,generated by forecast_v2/build_bridge.py (NOT market data)
2022-01-14,778.06,1260.54,764.36,476.69,synthetic_bridge,generated by forecast_v2/build_bridge.py (NOT market data)
2022-01-17,764.17,1208.6,763.46,475.39,synthetic_bridge,generated by forecast_v2/build_bridge.py (NOT market data)
2022-01-18,748.39,1179.75,761.74,466.58,synthetic_bridge,generated by forecast_v2/build_bridge.py (NOT market data)
2022-01-19,744.64,1109.78,756.57,460.75,synthetic_bridge,generated by forecast_v2/build_bridge.py (NOT market data)
2022-01-20,746.58,1000.92,753.21,456.54,synthetic_bridge,generated by forecast_v2/build_bridge.py (NOT market data)
2022-01-21,755.48,954.48,743.76,452.63,synthetic_bridge,generated by forecast_v2/build_bridge.py (NOT market data)
2022-01-24,770.03,976.45,736.11,450.28,synthetic_bridge,generated by forecast_v2/build_bridge.py (NOT market data)
2022-01-25,787.54,1085.09,731.55,450.79,synthetic_bridge,generated by forecast_v2/build_bridge.py (NOT market data)
2022-01-26,795.91,1170.0,731.35,451.5,synthetic_bridge,generated by forecast_v2/build_bridge.py (NOT market data)
2022-01-27,810.9,1362.19,732.8,449.79,synthetic_bridge,generated by forecast_v2/build_bridge.py (NOT market data)
2022-01-28,830.64,1549.74,733.17,447.79,synthetic_bridge,generated by forecast_v2/build_bridge.py (NOT market data)
2022-01-31,847.35,1559.57,734.71,447.6,synthetic_bridge,generated by forecast_v2/build_bridge.py (NOT market data)
2022-02-01,859.02,1601.54,734.8,449.94,synthetic_bridge,generated by forecast_v2/build_bridge.py (NOT market data)
2022-02-02,867.23,1659.42,733.36,452.44,synthetic_bridge,generated by forecast_v2/build_bridge.py (NOT market data)
2022-02-03,873.5,1676.21,733.47,453.85,synthetic_bridge,generated by forecast_v2/build_bridge.py (NOT market data)
2022-02-04,879.74,1713.98,734.78,456.69,synthetic_bridge,generated by forecast_v2/build_bridge.py (NOT market data)
2022-02-07,891.04,1753.52,738.13,458.52,synthetic_bridge,generated by forecast_v2/build_bridge.py (NOT market data)
2022-02-08,908.28,1773.1,741.58,461.62,synthetic_bridge,generated by forecast_v2/build_bridge.py (NOT market data)
2022-02-09,923.57,1752.2,743.18,464.8,synthetic_bridge,generated by forecast_v2/build_bridge.py (NOT market data)
2022-02-10,939.02,1790.46,739.03,466.83,synthetic_bridge,generated by forecast_v2/build_bridge.py (NOT market data)
2022-02-11,951.8,1865.79,733.9,468.87,synthetic_bridge,generated by forecast_v2/build_bridge.py (NOT market data)
2022-02-14,955.47,1815.99,729.68,472.09,synthetic_bridge,generated by forecast_v2/build_bridge.py (NOT market data)
2022-02-15,952.95,1803.1,728.33,474.08,synthetic_bridge,generated by forecast_v2/build_bridge.py (NOT market data)
2022-02-16,946.53,1826.95,726.92,478.42,synthetic_bridge,generated by forecast_v2/build_bridge.py (NOT market data)
2022-02-17,932.09,1915.28,720.57,481.49,synthetic_bridge,generated by forecast_v2/build_bridge.py (NOT market data)
2022-02-18,919.1,1977.42,715.15,484.5,synthetic_bridge,generated by forecast_v2/build_bridge.py (NOT market data)
2022-02-21,891.96,1986.26,712.65,488.65,synthetic_bridge,generated by forecast_v2/build_bridge.py (NOT market data)
2022-02-22,869.48,2011.32,708.16,493.92,synthetic_bridge,generated by forecast_v2/build_bridge.py (NOT market data)
2022-02-23,852.49,1981.65,708.62,493.12,synthetic_bridge,generated by forecast_v2/build_bridge.py (NOT market data)
2022-02-24,839.61,1913.89,708.11,497.12,synthetic_bridge,generated by forecast_v2/build_bridge.py (NOT market data)
2022-02-25,830.13,1845.56,708.64,499.87,synthetic_bridge,generated by forecast_v2/build_bridge.py (NOT market data)
2022-02-28,822.8,1797.71,708.45,500.24,synthetic_bridge,generated by forecast_v2/build_bridge.py (NOT market data)
2022-03-01,813.78,1903.59,707.31,499.23,synthetic_bridge,generated by forecast_v2/build_bridge.py (NOT market data)
2022-03-02,804.54,1972.07,701.9,496.82,synthetic_bridge,generated by forecast_v2/build_bridge.py (NOT market data)
2022-03-03,790.91,2069.8,697.85,496.85,synthetic_bridge,generated by forecast_v2/build_bridge.py (NOT market data)
2022-03-04,788.3,2219.25,696.16,496.42,synthetic_bridge,generated by forecast_v2/build_bridge.py (NOT market data)
2022-03-07,785.81,2246.94,696.07,492.88,synthetic_bridge,generated by forecast_v2/build_bridge.py (NOT market data)
2022-03-08,785.97,2191.66,699.27,492.99,synthetic_bridge,generated by forecast_v2/build_bridge.py (NOT market data)
2022-03-09,793.97,2086.41,709.27,492.96,synthetic_bridge,generated by forecast_v2/build_bridge.py (NOT market data)
2022-03-10,813.11,2000.1,721.81,493.78,synthetic_bridge,generated by forecast_v2/build_bridge.py (NOT market data)
2022-03-11,833.58,1919.64,730.77,495.48,synthetic_bridge,generated by forecast_v2/build_bridge.py (NOT market data)
2022-03-14,853.28,1893.65,737.83,499.02,synthetic_bridge,generated by forecast_v2/build_bridge.py (NOT market data)
2022-03-15,884.65,1977.25,748.25,502.45,synthetic_bridge,generated by forecast_v2/build_bridge.py (NOT market data)
2022-03-16,926.29,2010.16,760.24,506.74,synthetic_bridge,generated by forecast_v2/build_bridge.py (NOT market data)
2022-03-17,963.92,2005.76,777.32,514.77,synthetic_bridge,generated by forecast_v2/build_bridge.py (NOT market data)
2022-03-18,995.87,1988.23,799.43,520.67,synthetic_bridge,generated by forecast_v2/build_bridge.py (NOT market data)
2022-03-21,1013.18,1926.09,826.48,525.36,synthetic_bridge,generated by forecast_v2/build_bridge.py (NOT market data)
2022-03-22,1019.84,1816.29,854.72,532.72,synthetic_bridge,generated by forecast_v2/build_bridge.py (NOT market data)
2022-03-23,1019.39,1765.77,878.59,544.66,synthetic_bridge,generated by forecast_v2/build_bridge.py (NOT market data)
2022-03-24,1012.75,1765.45,896.2,565.97,synthetic_bridge,generated by forecast_v2/build_bridge.py (NOT market data)
2022-03-25,1007.59,1783.62,906.59,572.04,synthetic_bridge,generated by forecast_v2/build_bridge.py (NOT market data)
2022-03-28,1006.8,1780.42,907.12,574.73,synthetic_bridge,generated by forecast_v2/build_bridge.py (NOT market data)
2022-03-29,1010.13,1784.58,930.97,579.59,synthetic_bridge,generated by forecast_v2/build_bridge.py (NOT market data)
2022-03-30,1010.18,1838.54,957.71,581.87,synthetic_bridge,generated by forecast_v2/build_bridge.py (NOT market data)
2022-03-31,1016.06,1852.24,972.98,582.34,synthetic_bridge,generated by forecast_v2/build_bridge.py (NOT market data)
2022-04-01,1015.94,1893.38,981.34,582.07,synthetic_bridge,generated by forecast_v2/build_bridge.py (NOT market data)
2022-04-04,1028.72,1947.88,985.64,582.88,synthetic_bridge,generated by forecast_v2/build_bridge.py (NOT market data)
2022-04-05,1062.19,1980.37,989.75,583.88,synthetic_bridge,generated by forecast_v2/build_bridge.py (NOT market data)
2022-04-06,1108.08,2025.66,990.82,583.23,synthetic_bridge,generated by forecast_v2/build_bridge.py (NOT market data)
2022-04-07,1149.62,2104.77,989.02,583.85,synthetic_bridge,generated by forecast_v2/build_bridge.py (NOT market data)
2022-04-08,1192.66,2142.37,983.37,581.16,synthetic_bridge,generated by forecast_v2/build_bridge.py (NOT market data)
2022-04-11,1193.48,2116.47,977.12,579.94,synthetic_bridge,generated by forecast_v2/build_bridge.py (NOT market data)
2022-04-12,1178.04,2102.59,971.39,577.42,synthetic_bridge,generated by forecast_v2/build_bridge.py (NOT market data)
2022-04-13,1168.74,2093.29,963.15,574.61,synthetic_bridge,generated by forecast_v2/build_bridge.py (NOT market data)
2022-04-14,1176.02,2096.1,954.6,571.54,synthetic_bridge,generated by forecast_v2/build_bridge.py (NOT market data)
2022-04-15,1191.42,2114.6,942.8,568.27,synthetic_bridge,generated by forecast_v2/build_bridge.py (NOT market data)
2022-04-18,1214.69,2103.54,937.89,564.85,synthetic_bridge,generated by forecast_v2/build_bridge.py (NOT market data)
2022-04-19,1235.41,2042.17,930.82,560.42,synthetic_bridge,generated by forecast_v2/build_bridge.py (NOT market data)
2022-04-20,1219.41,1889.5,923.66,557.68,synthetic_bridge,generated by forecast_v2/build_bridge.py (NOT market data)
2022-04-21,1180.14,1796.37,913.54,553.99,synthetic_bridge,generated by forecast_v2/build_bridge.py (NOT market data)
2022-04-22,1143.87,1724.5,906.39,550.27,synthetic_bridge,generated by forecast_v2/build_bridge.py (NOT market data)
2022-04-25,1097.71,1643.6,893.59,544.84,synthetic_bridge,generated by forecast_v2/build_bridge.py (NOT market data)
2022-04-26,1055.27,1496.52,881.08,536.93,synthetic_bridge,generated by forecast_v2/build_bridge.py (NOT market data)
2022-04-27,1003.71,1414.83,871.36,529.47,synthetic_bridge,generated by forecast_v2/build_bridge.py (NOT market data)
2022-04-28,964.76,1381.92,859.57,520.56,synthetic_bridge,generated by forecast_v2/build_bridge.py (NOT market data)
2022-04-29,929.78,1369.65,845.34,515.01,synthetic_bridge,generated by forecast_v2/build_bridge.py (NOT market data)
2022-05-02,887.93,1362.19,837.66,508.34,synthetic_bridge,generated by forecast_v2/build_bridge.py (NOT market data)
2022-05-03,833.69,1356.1,824.37,503.13,synthetic_bridge,generated by forecast_v2/build_bridge.py (NOT market data)
2022-05-04,793.22,1348.75,814.23,501.42,synthetic_bridge,generated by forecast_v2/build_bridge.py (NOT market data)
2022-05-05,769.96,1345.54,804.25,498.87,synthetic_bridge,generated by forecast_v2/build_bridge.py (NOT market data)
2022-05-06,749.54,1345.82,791.54,498.8,synthetic_bridge,generated by forecast_v2/build_bridge.py (NOT market data)
2022-05-09,731.71,1343.45,782.7,501.19,synthetic_bridge,generated by forecast_v2/build_bridge.py (NOT market data)
2022-05-10,708.46,1341.69,774.8,503.85,synthetic_bridge,generated by forecast_v2/build_bridge.py (NOT market data)
2022-05-11,689.98,1355.08,766.85,505.73,synthetic_bridge,generated by forecast_v2/build_bridge.py (NOT market data)
2022-05-12,662.94,1361.94,769.04,505.79,synthetic_bridge,generated by forecast_v2/build_bridge.py (NOT market data)
2022-05-13,644.35,1379.15,770.95,506.18,synthetic_bridge,generated by forecast_v2/build_bridge.py (NOT market data)
2022-05-16,639.67,1500.55,776.27,505.85,synthetic_bridge,generated by forecast_v2/build_bridge.py (NOT market data)
2022-05-17,639.6,1607.23,781.2,504.78,synthetic_bridge,generated by forecast_v2/build_bridge.py (NOT market data)
2022-05-18,648.26,1728.8,785.68,506.13,synthetic_bridge,generated by forecast_v2/build_bridge.py (NOT market data)
2022-05-19,655.92,1783.33,788.74,507.73,synthetic_bridge,generated by forecast_v2/build_bridge.py (NOT market data)
2022-05-20,656.65,1769.47,794.97,509.57,synthetic_bridge,generated by forecast_v2/build_bridge.py (NOT market data)
2022-05-23,637.07,1750.47,794.0,506.37,synthetic_bridge,generated by forecast_v2/build_bridge.py (NOT market data)
2022-05-24,624.3,1721.54,796.12,502.34,synthetic_bridge,generated by forecast_v2/build_bridge.py (NOT market data)
2022-05-25,621.64,1713.11,798.47,499.57,synthetic_bridge,generated by forecast_v2/build_bridge.py (NOT market data)
2022-05-26,615.04,1657.11,803.98,499.84,synthetic_bridge,generated by forecast_v2/build_bridge.py (NOT market data)
2022-05-27,613.9,1709.6,809.84,501.57,synthetic_bridge,generated by forecast_v2/build_bridge.py (NOT market data)
2022-05-30,618.35,1842.06,819.47,505.75,synthetic_bridge,generated by forecast_v2/build_bridge.py (NOT market data)
2022-05-31,635.2,2144.9,825.34,512.86,synthetic_bridge,generated by forecast_v2/build_bridge.py (NOT market data)
2022-06-01,653.84,2160.38,830.43,518.14,synthetic_bridge,generated by forecast_v2/build_bridge.py (NOT market data)
2022-06-02,672.96,2099.04,832.51,523.75,synthetic_bridge,generated by forecast_v2/build_bridge.py (NOT market data)
2022-06-03,699.84,1835.49,835.67,529.66,synthetic_bridge,generated by forecast_v2/build_bridge.py (NOT market data)
2022-06-06,739.28,1766.43,839.71,534.7,synthetic_bridge,generated by forecast_v2/build_bridge.py (NOT market data)
2022-06-07,776.97,1931.32,843.44,538.84,synthetic_bridge,generated by forecast_v2/build_bridge.py (NOT market data)
2022-06-08,808.17,2141.04,846.71,542.06,synthetic_bridge,generated by forecast_v2/build_bridge.py (NOT market data)
2022-06-09,840.43,2324.2,850.38,546.65,synthetic_bridge,generated by forecast_v2/build_bridge.py (NOT market data)
2022-06-10,874.98,2659.39,857.29,554.85,synthetic_bridge,generated by forecast_v2/build_bridge.py (NOT market data)
2022-06-13,898.39,2662.15,862.29,561.89,synthetic_bridge,generated by forecast_v2/build_bridge.py (NOT market data)
2022-06-14,901.56,2790.98,864.29,566.56,synthetic_bridge,generated by forecast_v2/build_bridge.py (NOT market data)
2022-06-15,897.1,2930.79,864.22,568.86,synthetic_bridge,generated by forecast_v2/build_bridge.py (NOT market data)
2022-06-16,895.64,2970.62,863.04,571.09,synthetic_bridge,generated by forecast_v2/build_bridge.py (NOT market data)
2022-06-17,880.29,3056.87,862.72,572.09,synthetic_bridge,generated by forecast_v2/build_bridge.py (NOT market data)
2022-06-20,855.05,3325.61,860.28,572.99,synthetic_bridge,generated by forecast_v2/build_bridge.py (NOT market data)
2022-06-21,840.31,3460.33,857.73,573.79,synthetic_bridge,generated by forecast_v2/build_bridge.py (NOT market data)
2022-06-22,825.79,3612.95,857.05,571.13,synthetic_bridge,generated by forecast_v2/build_bridge.py (NOT market data)
2022-06-23,823.52,3614.74,859.22,570.7,synthetic_bridge,generated by forecast_v2/build_bridge.py (NOT market data)
2022-06-24,820.43,3613.53,862.29,571.24,synthetic_bridge,generated by forecast_v2/build_bridge.py (NOT market data)
2022-06-27,826.01,3731.13,863.32,572.57,synthetic_bridge,generated by forecast_v2/build_bridge.py (NOT market data)
2022-06-28,832.92,3700.41,870.38,574.07,synthetic_bridge,generated by forecast_v2/build_bridge.py (NOT market data)
2022-06-29,841.29,3634.4,894.13,575.52,synthetic_bridge,generated by forecast_v2/build_bridge.py (NOT market data)
2022-06-30,850.64,3457.82,916.34,580.94,synthetic_bridge,generated by forecast_v2/build_bridge.py (NOT market data)
2022-07-01,860.11,3318.57,932.05,588.64,synthetic_bridge,generated by forecast_v2/build_bridge.py (NOT market data)
2022-07-04,868.96,3239.5,945.15,596.08,synthetic_bridge,generated by forecast_v2/build_bridge.py (NOT market data)
2022-07-05,879.81,2799.91,957.51,601.96,synthetic_bridge,generated by forecast_v2/build_bridge.py (NOT market data)
2022-07-06,903.61,2470.59,965.12,606.25,synthetic_bridge,generated by forecast_v2/build_bridge.py (NOT market data)
2022-07-07,922.43,2228.71,966.07,608.92,synthetic_bridge,generated by forecast_v2/build_bridge.py (NOT market data)
2022-07-08,926.44,2070.03,964.41,607.51,synthetic_bridge,generated by forecast_v2/build_bridge.py (NOT market data)
2022-07-11,922.43,1918.03,963.16,608.28,synthetic_bridge,generated by forecast_v2/build_bridge.py (NOT market data)
2022-07-12,913.14,1678.44,956.54,608.72,synthetic_bridge,generated by forecast_v2/build_bridge.py (NOT market data)
2022-07-13,903.75,1442.73,948.63,605.21,synthetic_bridge,generated by forecast_v2/build_bridge.py (NOT market data)
2022-07-14,896.1,1268.31,939.54,602.74,synthetic_bridge,generated by forecast_v2/build_bridge.py (NOT market data)
2022-07-15,890.36,1151.02,925.59,596.5,synthetic_bridge,generated by forecast_v2/build_bridge.py (NOT market data)
2022-07-18,878.34,1063.49,918.39,592.61,synthetic_bridge,generated by forecast_v2/build_bridge.py (NOT market data)
2022-07-19,863.46,971.99,910.3,585.13,synthetic_bridge,generated by forecast_v2/build_bridge.py (NOT market data)
2022-07-20,847.43,877.75,899.54,578.91,synthetic_bridge,generated by forecast_v2/build_bridge.py (NOT market data)
2022-07-21,828.64,768.07,888.13,576.3,synthetic_bridge,generated by forecast_v2/build_bridge.py (NOT market data)
2022-07-22,813.75,670.54,880.78,572.59,synthetic_bridge,generated by forecast_v2/build_bridge.py (NOT market data)
2022-07-25,809.5,554.09,869.34,568.01,synthetic_bridge,generated by forecast_v2/build_bridge.py (NOT market data)
2022-07-26,808.46,532.77,858.52,563.25,synthetic_bridge,generated by forecast_v2/build_bridge.py (NOT market data)
2022-07-27,811.08,445.15,848.62,559.59,synthetic_bridge,generated by forecast_v2/build_bridge.py (NOT market data)
2022-07-28,806.49,370.03,842.32,555.99,synthetic_bridge,generated by forecast_v2/build_bridge.py (NOT market data)
2022-07-29,801.01,406.45,829.44,550.74,synthetic_bridge,generated by forecast_v2/build_bridge.py (NOT market data)
2022-08-01,799.3,438.37,826.46,545.65,synthetic_bridge,generated by forecast_v2/build_bridge.py (NOT market data)
2022-08-02,796.63,447.52,820.47,542.44,synthetic_bridge,generated by forecast_v2/build_bridge.py (NOT market data)
2022-08-03,791.52,438.89,818.31,539.44,synthetic_bridge,generated by forecast_v2/build_bridge.py (NOT market data)
2022-08-04,785.5,475.5,813.97,535.81,synthetic_bridge,generated by forecast_v2/build_bridge.py (NOT market data)
2022-08-05,784.15,503.84,810.88,530.73,synthetic_bridge,generated by forecast_v2/build_bridge.py (NOT market data)
2022-08-08,790.34,644.93,807.28,526.73,synthetic_bridge,generated by forecast_v2/build_bridge.py (NOT market data)
2022-08-09,805.29,828.11,803.16,523.78,synthetic_bridge,generated by forecast_v2/build_bridge.py (NOT market data)
2022-08-10,827.17,989.25,799.98,521.0,synthetic_bridge,generated by forecast_v2/build_bridge.py (NOT market data)
2022-08-11,849.33,966.37,799.47,518.38,synthetic_bridge,generated by forecast_v2/build_bridge.py (NOT market data)
2022-08-12,861.39,892.29,802.61,516.8,synthetic_bridge,generated by forecast_v2/build_bridge.py (NOT market data)
2022-08-15,870.87,808.65,802.44,514.49,synthetic_bridge,generated by forecast_v2/build_bridge.py (NOT market data)
2022-08-16,878.72,762.14,803.95,513.94,synthetic_bridge,generated by forecast_v2/build_bridge.py (NOT market data)
2022-08-17,885.74,819.01,808.03,512.6,synthetic_bridge,generated by forecast_v2/build_bridge.py (NOT market data)
2022-08-18,888.32,918.25,809.52,512.1,synthetic_bridge,generated by forecast_v2/build_bridge.py (NOT market data)
2022-08-19,892.51,1004.04,810.97,511.61,synthetic_bridge,generated by forecast_v2/build_bridge.py (NOT market data)
2022-08-22,893.5,1071.6,813.22,511.12,synthetic_bridge,generated by forecast_v2/build_bridge.py (NOT market data)
2022-08-23,889.6,1167.51,817.58,516.1,synthetic_bridge,generated by forecast_v2/build_bridge.py (NOT market data)
2022-08-24,884.93,1199.53,823.14,521.14,synthetic_bridge,generated by forecast_v2/build_bridge.py (NOT market data)
2022-08-25,881.46,1181.05,831.14,525.68,synthetic_bridge,generated by forecast_v2/build_bridge.py (NOT market data)
2022-08-26,879.0,1163.21,839.08,528.39,synthetic_bridge,generated by forecast_v2/build_bridge.py (NOT market data)
2022-08-29,859.57,1142.28,840.39,526.99,synthetic_bridge,generated by forecast_v2/build_bridge.py (NOT market data)
2022-08-30,844.38,1119.54,840.07,523.74,synthetic_bridge,generated by forecast_v2/build_bridge.py (NOT market data)
2022-08-31,840.49,1145.69,837.12,518.56,synthetic_bridge,generated by forecast_v2/build_bridge.py (NOT market data)
2022-09-01,852.53,1219.43,841.65,512.77,synthetic_bridge,generated by forecast_v2/build_bridge.py (NOT market data)
2022-09-02,903.14,1342.87,842.69,510.19,synthetic_bridge,generated by forecast_v2/build_bridge.py (NOT market data)
2022-09-05,986.34,1320.22,847.91,510.92,synthetic_bridge,generated by forecast_v2/build_bridge.py (NOT market data)
2022-09-06,1136.33,1283.98,852.39,507.49,synthetic_bridge,generated by forecast_v2/build_bridge.py (NOT market data)
2022-09-07,1306.81,1242.3,858.69,507.49,synthetic_bridge,generated by forecast_v2/build_bridge.py (NOT market data)
2022-09-08,1385.39,1210.28,863.0,507.14,synthetic_bridge,generated by forecast_v2/build_bridge.py (NOT market data)
2022-09-09,1426.74,1180.16,869.06,505.18,synthetic_bridge,generated by forecast_v2/build_bridge.py (NOT market data)
2022-09-12,1427.37,1113.54,870.47,501.61,synthetic_bridge,generated by forecast_v2/build_bridge.py (NOT market data)
2022-09-13,1396.91,1034.74,865.99,496.45,synthetic_bridge,generated by forecast_v2/build_bridge.py (NOT market data)
2022-09-14,1335.42,1001.92,860.77,492.26,synthetic_bridge,generated by forecast_v2/build_bridge.py (NOT market data)
2022-09-15,1293.86,979.85,856.17,485.25,synthetic_bridge,generated by forecast_v2/build_bridge.py (NOT market data)
2022-09-16,1235.81,956.63,848.53,478.04,synthetic_bridge,generated by forecast_v2/build_bridge.py (NOT market data)
2022-09-19,1177.75,903.33,840.54,473.19,synthetic_bridge,generated by forecast_v2/build_bridge.py (NOT market data)
2022-09-20,1131.42,882.98,831.1,466.97,synthetic_bridge,generated by forecast_v2/build_bridge.py (NOT market data)
2022-09-21,1100.38,856.86,825.98,461.19,synthetic_bridge,generated by forecast_v2/build_bridge.py (NOT market data)
2022-09-22,1090.03,862.3,822.34,453.28,synthetic_bridge,generated by forecast_v2/build_bridge.py (NOT market data)
2022-09-23,1096.08,875.36,821.43,447.9,synthetic_bridge,generated by forecast_v2/build_bridge.py (NOT market data)
2022-09-26,1111.06,886.58,817.85,442.64,synthetic_bridge,generated by forecast_v2/build_bridge.py (NOT market data)
2022-09-27,1122.78,889.27,820.8,440.03,synthetic_bridge,generated by forecast_v2/build_bridge.py (NOT market data)
2022-09-28,1134.79,893.5,833.66,440.09,synthetic_bridge,generated by forecast_v2/build_bridge.py (NOT market data)
2022-09-29,1143.12,908.6,836.68,437.81,synthetic_bridge,generated by forecast_v2/build_bridge.py (NOT market data)
2022-09-30,1138.55,921.55,838.56,435.64,synthetic_bridge,generated by forecast_v2/build_bridge.py (NOT market data)
2022-10-03,1121.22,926.72,855.11,433.6,synthetic_bridge,generated by forecast_v2/build_bridge.py (NOT market data)
2022-10-04,1100.49,920.79,866.62,435.32,synthetic_bridge,generated by forecast_v2/build_bridge.py (NOT market data)
2022-10-05,1092.67,931.31,877.96,433.42,synthetic_bridge,generated by forecast_v2/build_bridge.py (NOT market data)
2022-10-06,1085.09,928.31,889.11,434.02,synthetic_bridge,generated by forecast_v2/build_bridge.py (NOT market data)
2022-10-07,1079.54,929.19,901.23,434.64,synthetic_bridge,generated by forecast_v2/build_bridge.py (NOT market data)
2022-10-10,1086.58,935.7,914.28,436.49,synthetic_bridge,generated by forecast_v2/build_bridge.py (NOT market data)
2022-10-11,1095.37,957.8,931.77,439.53,synthetic_bridge,generated by forecast_v2/build_bridge.py (NOT market data)
2022-10-12,1107.49,992.4,950.01,442.53,synthetic_bridge,generated by forecast_v2/build_bridge.py (NOT market data)
2022-10-13,1131.46,1129.04,963.03,446.67,synthetic_bridge,generated by forecast_v2/build_bridge.py (NOT market data)
2022-10-14,1165.08,1302.15,969.72,449.51,synthetic_bridge,generated by forecast_v2/build_bridge.py (NOT market data)
2022-10-17,1269.69,1592.47,982.98,452.24,synthetic_bridge,generated by forecast_v2/build_bridge.py (NOT market data)
2022-10-18,1369.3,1822.09,995.66,458.46,synthetic_bridge,generated by forecast_v2/build_bridge.py (NOT market data)
2022-10-19,1412.17,1904.77,1007.63,463.28,synthetic_bridge,generated by forecast_v2/build_bridge.py (NOT market data)
2022-10-20,1472.24,1862.32,1020.27,467.65,synthetic_bridge,generated by forecast_v2/build_bridge.py (NOT market data)
2022-10-21,1522.09,1802.37,1037.59,474.74,synthetic_bridge,generated by forecast_v2/build_bridge.py (NOT market data)
2022-10-24,1556.24,1813.04,1067.66,484.0,synthetic_bridge,generated by forecast_v2/build_bridge.py (NOT market data)
2022-10-25,1564.65,1840.93,1096.32,491.22,synthetic_bridge,generated by forecast_v2/build_bridge.py (NOT market data)
2022-10-26,1552.53,1832.19,1114.85,505.05,synthetic_bridge,generated by forecast_v2/build_bridge.py (NOT market data)
2022-10-27,1533.94,1852.58,1131.17,514.63,synthetic_bridge,generated by forecast_v2/build_bridge.py (NOT market data)
2022-10-28,1500.52,1936.38,1140.78,526.23,synthetic_bridge,generated by forecast_v2/build_bridge.py (NOT market data)
2022-10-31,1454.94,1983.01,1149.31,533.35,synthetic_bridge,generated by forecast_v2/build_bridge.py (NOT market data)
2022-11-01,1406.63,2101.91,1149.27,539.64,synthetic_bridge,generated by forecast_v2/build_bridge.py (NOT market data)
2022-11-02,1362.0,2101.68,1143.35,541.57,synthetic_bridge,generated by forecast_v2/build_bridge.py (NOT market data)
2022-11-03,1311.4,2035.13,1125.64,541.97,synthetic_bridge,generated by forecast_v2/build_bridge.py (NOT market data)
2022-11-04,1252.81,1912.62,1099.05,542.73,synthetic_bridge,generated by forecast_v2/build_bridge.py (NOT market data)
2022-11-07,1185.12,1819.41,1070.49,540.4,synthetic_bridge,generated by forecast_v2/build_bridge.py (NOT market data)
2022-11-08,1129.67,1749.36,1035.28,535.18,synthetic_bridge,generated by forecast_v2/build_bridge.py (NOT market data)
2022-11-09,1080.78,1693.59,1006.02,528.15,synthetic_bridge,generated by forecast_v2/build_bridge.py (NOT market data)
2022-11-10,1050.77,1648.5,970.81,521.17,synthetic_bridge,generated by forecast_v2/build_bridge.py (NOT market data)
2022-11-11,1064.66,1668.76,942.8,513.5,synthetic_bridge,generated by forecast_v2/build_bridge.py (NOT market data)
2022-11-14,1112.47,1796.01,928.51,506.9,synthetic_bridge,generated by forecast_v2/build_bridge.py (NOT market data)
2022-11-15,1153.3,1809.15,923.63,504.71,synthetic_bridge,generated by forecast_v2/build_bridge.py (NOT market data)
2022-11-16,1169.73,1781.74,920.22,502.69,synthetic_bridge,generated by forecast_v2/build_bridge.py (NOT market data)
2022-11-17,1181.5,1761.15,927.48,502.48,synthetic_bridge,generated by forecast_v2/build_bridge.py (NOT market data)
2022-11-18,1184.67,1753.93,930.17,505.23,synthetic_bridge,generated by forecast_v2/build_bridge.py (NOT market data)
2022-11-21,1187.65,1737.07,929.91,506.06,synthetic_bridge,generated by forecast_v2/build_bridge.py (NOT market data)
2022-11-22,1181.65,1716.26,929.97,503.7,synthetic_bridge,generated by forecast_v2/build_bridge.py (NOT market data)
2022-11-23,1170.89,1703.53,930.78,499.94,synthetic_bridge,generated by forecast_v2/build_bridge.py (NOT market data)
2022-11-24,1152.0,1679.35,924.75,497.45,synthetic_bridge,generated by forecast_v2/build_bridge.py (NOT market data)
2022-11-25,1126.76,1645.73,912.33,495.22,synthetic_bridge,generated by forecast_v2/build_bridge.py (NOT market data)
2022-11-28,1100.7,1623.78,892.79,491.35,synthetic_bridge,generated by forecast_v2/build_bridge.py (NOT market data)
2022-11-29,1070.39,1588.6,865.58,484.12,synthetic_bridge,generated by forecast_v2/build_bridge.py (NOT market data)
2022-11-30,1036.99,1554.61,848.33,475.4,synthetic_bridge,generated by forecast_v2/build_bridge.py (NOT market data)
2022-12-01,1008.01,1547.41,833.59,465.25,synthetic_bridge,generated by forecast_v2/build_bridge.py (NOT market data)
2022-12-02,990.59,1548.54,819.57,458.97,synthetic_bridge,generated by forecast_v2/build_bridge.py (NOT market data)
2022-12-05,976.26,1552.56,811.63,454.76,synthetic_bridge,generated by forecast_v2/build_bridge.py (NOT market data)
2022-12-06,965.76,1563.05,802.56,448.23,synthetic_bridge,generated by forecast_v2/build_bridge.py (NOT market data)
2022-12-07,965.14,1574.77,794.15,446.36,synthetic_bridge,generated by forecast_v2/build_bridge.py (NOT market data)
2022-12-08,975.89,1577.56,789.01,447.32,synthetic_bridge,generated by forecast_v2/build_bridge.py (NOT market data)
2022-12-09,988.77,1581.61,787.04,450.19,synthetic_bridge,generated by forecast_v2/build_bridge.py (NOT market data)
2022-12-12,998.22,1565.72,785.54,450.68,synthetic_bridge,generated by forecast_v2/build_bridge.py (NOT market data)
2022-12-13,1012.07,1552.68,783.56,452.19,synthetic_bridge,generated by forecast_v2/build_bridge.py (NOT market data)
2022-12-14,1031.03,1540.1,780.19,456.41,synthetic_bridge,generated by forecast_v2/build_bridge.py (NOT market data)
2022-12-15,1039.89,1526.78,778.0,456.47,synthetic_bridge,generated by forecast_v2/build_bridge.py (NOT market data)
2022-12-16,1051.02,1517.66,776.05,456.64,synthetic_bridge,generated by forecast_v2/build_bridge.py (NOT market data)
2022-12-19,1056.73,1558.8,776.67,459.38,synthetic_bridge,generated by forecast_v2/build_bridge.py (NOT market data)
2022-12-20,1059.7,1577.68,777.37,461.48,synthetic_bridge,generated by forecast_v2/build_bridge.py (NOT market data)
2022-12-21,1054.27,1631.62,777.81,463.46,synthetic_bridge,generated by forecast_v2/build_bridge.py (NOT market data)
2022-12-22,1048.29,1646.19,779.79,466.98,synthetic_bridge,generated by forecast_v2/build_bridge.py (NOT market data)
2022-12-23,1044.84,1629.9,781.25,471.12,synthetic_bridge,generated by forecast_v2/build_bridge.py (NOT market data)
2022-12-26,1039.33,1606.88,781.2,472.49,synthetic_bridge,generated by forecast_v2/build_bridge.py (NOT market data)
2022-12-27,1033.57,1589.29,780.63,475.33,synthetic_bridge,generated by forecast_v2/build_bridge.py (NOT market data)
2022-12-28,1023.84,1574.45,777.81,477.91,synthetic_bridge,generated by forecast_v2/build_bridge.py (NOT market data)
2022-12-29,1005.29,1546.01,775.53,478.52,synthetic_bridge,generated by forecast_v2/build_bridge.py (NOT market data)
2022-12-30,978.18,1538.75,773.86,478.07,synthetic_bridge,generated by forecast_v2/build_bridge.py (NOT market data)
2023-01-02,954.04,1527.12,773.79,477.47,synthetic_bridge,generated by forecast_v2/build_bridge.py (NOT market data)
2023-01-03,939.01,1514.57,772.67,479.34,synthetic_bridge,generated by forecast_v2/build_bridge.py (NOT market data)
2023-01-04,919.68,1517.17,774.19,478.52,synthetic_bridge,generated by forecast_v2/build_bridge.py (NOT market data)
2023-01-05,900.11,1528.98,773.84,476.77,synthetic_bridge,generated by forecast_v2/build_bridge.py (NOT market data)
2023-01-06,883.33,1533.73,776.23,475.88,synthetic_bridge,generated by forecast_v2/build_bridge.py (NOT market data)
2023-01-09,875.4,1544.04,778.63,471.53,synthetic_bridge,generated by forecast_v2/build_bridge.py (NOT market data)
2023-01-10,860.82,1536.99,781.08,470.7,synthetic_bridge,generated by forecast_v2/build_bridge.py (NOT market data)
2023-01-11,845.69,1536.75,782.67,469.04,synthetic_bridge,generated by forecast_v2/build_bridge.py (NOT market data)
2023-01-12,833.05,1523.97,784.35,463.98,synthetic_bridge,generated by forecast_v2/build_bridge.py (NOT market data)
2023-01-13,824.94,1518.16,790.68,460.74,synthetic_bridge,generated by forecast_v2/build_bridge.py (NOT market data)
2023-01-16,819.27,1512.52,797.09,457.61,synthetic_bridge,generated by forecast_v2/build_bridge.py (NOT market data)
2023-01-17,822.78,1529.2,798.4,451.82,synthetic_bridge,generated by forecast_v2/build_bridge.py (NOT market data)
2023-01-18,829.41,1644.98,800.99,448.84,synthetic_bridge,generated by forecast_v2/build_bridge.py (NOT market data)
2023-01-19,835.86,1749.45,803.75,447.55,synthetic_bridge,generated by forecast_v2/build_bridge.py (NOT market data)
2023-01-20,839.69,1783.32,806.34,447.99,synthetic_bridge,generated by forecast_v2/build_bridge.py (NOT market data)
2023-01-23,848.45,1719.59,807.5,446.22,synthetic_bridge,generated by forecast_v2/build_bridge.py (NOT market data)
2023-01-24,855.14,1646.82,810.96,445.81,synthetic_bridge,generated by forecast_v2/build_bridge.py (NOT market data)
2023-01-25,868.86,1530.12,812.89,442.96,synthetic_bridge,generated by forecast_v2/build_bridge.py (NOT market data)
2023-01-26,876.05,1489.97,815.76,442.61,synthetic_bridge,generated by forecast_v2/build_bridge.py (NOT market data)
2023-01-27,874.41,1463.99,817.0,440.94,synthetic_bridge,generated by forecast_v2/build_bridge.py (NOT market data)
2023-01-30,869.36,1434.26,807.68,440.44,synthetic_bridge,generated by forecast_v2/build_bridge.py (NOT market data)
2023-01-31,859.91,1381.94,805.72,439.83,synthetic_bridge,generated by forecast_v2/build_bridge.py (NOT market data)
2023-02-01,847.62,1283.76,797.06,431.48,synthetic_bridge,generated by forecast_v2/build_bridge.py (NOT market data)
2023-02-02,828.78,1220.72,785.62,425.6,synthetic_bridge,generated by forecast_v2/build_bridge.py (NOT market data)
2023-02-03,808.8,1176.41,771.49,420.93,synthetic_bridge,generated by forecast_v2/build_bridge.py (NOT market data)
2023-02-06,793.07,1182.5,758.65,416.24,synthetic_bridge,generated by forecast_v2/build_bridge.py (NOT market data)
2023-02-07,779.05,1209.34,744.58,412.83,synthetic_bridge,generated by forecast_v2/build_bridge.py (NOT market data)
2023-02-08,765.44,1211.42,735.88,410.75,synthetic_bridge,generated by forecast_v2/build_bridge.py (NOT market data)
2023-02-09,744.19,1130.96,728.68,406.1,synthetic_bridge,generated by forecast_v2/build_bridge.py (NOT market data)
2023-02-10,721.89,1058.87,717.73,402.83,synthetic_bridge,generated by forecast_v2/build_bridge.py (NOT market data)
2023-02-13,701.26,978.66,708.33,400.96,synthetic_bridge,generated by forecast_v2/build_bridge.py (NOT market data)
2023-02-14,689.19,938.96,699.19,400.52,synthetic_bridge,generated by forecast_v2/build_bridge.py (NOT market data)
2023-02-15,680.09,981.64,689.1,401.08,synthetic_bridge,generated by forecast_v2/build_bridge.py (NOT market data)
2023-02-16,671.89,1064.38,686.53,403.83,synthetic_bridge,generated by forecast_v2/build_bridge.py (NOT market data)
2023-02-17,666.51,1083.34,686.51,406.96,synthetic_bridge,generated by forecast_v2/build_bridge.py (NOT market data)
2023-02-20,664.65,1058.85,689.73,410.07,synthetic_bridge,generated by forecast_v2/build_bridge.py (NOT market data)
2023-02-21,665.9,1039.12,694.37,412.16,synthetic_bridge,generated by forecast_v2/build_bridge.py (NOT market data)
2023-02-22,655.75,1019.59,695.05,411.41,synthetic_bridge,generated by forecast_v2/build_bridge.py (NOT market data)
2023-02-23,649.62,999.5,695.65,409.63,synthetic_bridge,generated by forecast_v2/build_bridge.py (NOT market data)
2023-02-24,652.71,1023.68,695.12,406.79,synthetic_bridge,generated by forecast_v2/build_bridge.py (NOT market data)
2023-02-27,668.64,1091.06,701.73,403.85,synthetic_bridge,generated by forecast_v2/build_bridge.py (NOT market data)
2023-02-28,715.51,1203.73,706.25,403.79,synthetic_bridge,generated by forecast_v2/build_bridge.py (NOT market data)
2023-03-01,789.33,1186.05,714.95,406.67,synthetic_bridge,generated by forecast_v2/build_bridge.py (NOT market data)
2023-03-02,918.43,1156.38,723.62,406.51,synthetic_bridge,generated by forecast_v2/build_bridge.py (NOT market data)
2023-03-03,1066.51,1121.88,734.34,409.32,synthetic_bridge,generated by forecast_v2/build_bridge.py (NOT market data)
2023-03-06,1141.35,1096.15,743.75,412.04,synthetic_bridge,generated by forecast_v2/build_bridge.py (NOT market data)
2023-03-07,1186.22,1072.15,755.01,413.6,synthetic_bridge,generated by forecast_v2/build_bridge.py (NOT market data)
2023-03-08,1197.3,1014.85,762.45,413.92,synthetic_bridge,generated by forecast_v2/build_bridge.py (NOT market data)
2023-03-09,1181.81,946.12,764.81,412.95,synthetic_bridge,generated by forecast_v2/build_bridge.py (NOT market data)
2023-03-10,1139.15,919.15,766.51,412.78,synthetic_bridge,generated by forecast_v2/build_bridge.py (NOT market data)
2023-03-13,1112.52,901.92,768.7,410.2,synthetic_bridge,generated by forecast_v2/build_bridge.py (NOT market data)
2023-03-14,1070.78,883.5,768.02,407.36,synthetic_bridge,generated by forecast_v2/build_bridge.py (NOT market data)
2023-03-15,1028.03,837.05,766.83,406.43,synthetic_bridge,generated by forecast_v2/build_bridge.py (NOT market data)
2023-03-16,989.11,802.15,757.23,402.96,synthetic_bridge,generated by forecast_v2/build_bridge.py (NOT market data)
2023-03-17,959.09,770.88,751.18,402.94,synthetic_bridge,generated by forecast_v2/build_bridge.py (NOT market data)
2023-03-20,947.74,745.23,753.14,403.71,synthetic_bridge,generated by forecast_v2/build_bridge.py (NOT market data)
2023-03-21,938.56,721.27,750.87,416.25,synthetic_bridge,generated by forecast_v2/build_bridge.py (NOT market data)
2023-03-22,928.7,736.18,759.06,422.15,synthetic_bridge,generated by forecast_v2/build_bridge.py (NOT market data)
2023-03-23,923.81,749.03,770.39,416.75,synthetic_bridge,generated by forecast_v2/build_bridge.py (NOT market data)
2023-03-24,929.2,748.06,773.95,430.13,synthetic_bridge,generated by forecast_v2/build_bridge.py (NOT market data)
2023-03-27,941.7,752.65,771.47,454.45,synthetic_bridge,generated by forecast_v2/build_bridge.py (NOT market data)
2023-03-28,967.67,758.66,781.93,472.33,synthetic_bridge,generated by forecast_v2/build_bridge.py (NOT market data)
2023-03-29,988.2,764.59,798.86,485.35,synthetic_bridge,generated by forecast_v2/build_bridge.py (NOT market data)
2023-03-30,1011.92,768.93,814.22,501.42,synthetic_bridge,generated by forecast_v2/build_bridge.py (NOT market data)
2023-03-31,1038.5,741.4,835.78,515.72,synthetic_bridge,generated by forecast_v2/build_bridge.py (NOT market data)
2023-04-03,1062.18,734.62,857.03,532.93,synthetic_bridge,generated by forecast_v2/build_bridge.py (NOT market data)
2023-04-04,1075.46,724.59,871.48,548.22,synthetic_bridge,generated by forecast_v2/build_bridge.py (NOT market data)
2023-04-05,1082.08,746.0,886.97,553.68,synthetic_bridge,generated by forecast_v2/build_bridge.py (NOT market data)
2023-04-06,1085.9,754.92,895.46,558.8,synthetic_bridge,generated by forecast_v2/build_bridge.py (NOT market data)
2023-04-07,1085.26,749.0,904.89,558.88,synthetic_bridge,generated by forecast_v2/build_bridge.py (NOT market data)
2023-04-10,1076.71,717.66,913.67,563.36,synthetic_bridge,generated by forecast_v2/build_bridge.py (NOT market data)
2023-04-11,1069.69,666.76,924.94,565.93,synthetic_bridge,generated by forecast_v2/build_bridge.py (NOT market data)
2023-04-12,1064.36,650.73,932.39,569.73,synthetic_bridge,generated by forecast_v2/build_bridge.py (NOT market data)
2023-04-13,1066.28,651.96,943.92,570.12,synthetic_bridge,generated by forecast_v2/build_bridge.py (NOT market data)
2023-04-14,1101.63,745.74,950.85,568.8,synthetic_bridge,generated by forecast_v2/build_bridge.py (NOT market data)
2023-04-17,1130.31,760.44,954.83,575.93,synthetic_bridge,generated by forecast_v2/build_bridge.py (NOT market data)
2023-04-18,1221.93,748.47,961.73,579.38,synthetic_bridge,generated by forecast_v2/build_bridge.py (NOT market data)
2023-04-19,1311.58,810.64,970.55,587.13,synthetic_bridge,generated by forecast_v2/build_bridge.py (NOT market data)
2023-04-20,1389.7,918.44,1000.77,599.17,synthetic_bridge,generated by forecast_v2/build_bridge.py (NOT market data)
2023-04-21,1410.47,936.2,1075.73,611.71,synthetic_bridge,generated by forecast_v2/build_bridge.py (NOT market data)
2023-04-24,1394.17,907.07,1101.54,622.05,synthetic_bridge,generated by forecast_v2/build_bridge.py (NOT market data)
2023-04-25,1373.5,902.82,1113.62,627.65,synthetic_bridge,generated by forecast_v2/build_bridge.py (NOT market data)
2023-04-26,1362.25,880.42,1130.58,642.77,synthetic_bridge,generated by forecast_v2/build_bridge.py (NOT market data)
2023-04-27,1343.6,842.62,1147.08,650.53,synthetic_bridge,generated by forecast_v2/build_bridge.py (NOT market data)
2023-04-28,1330.46,812.16,1146.68,653.7,synthetic_bridge,generated by forecast_v2/build_bridge.py (NOT market data)
2023-05-01,1323.75,820.57,1126.47,654.94,synthetic_bridge,generated by forecast_v2/build_bridge.py (NOT market data)
2023-05-02,1328.93,846.45,1115.82,653.15,synthetic_bridge,generated by forecast_v2/build_bridge.py (NOT market data)
2023-05-03,1349.18,840.94,1104.71,650.93,synthetic_bridge,generated by forecast_v2/build_bridge.py (NOT market data)
2023-05-04,1350.12,828.98,1094.48,647.15,synthetic_bridge,generated by forecast_v2/build_bridge.py (NOT market data)
2023-05-05,1351.41,833.34,1082.84,640.75,synthetic_bridge,generated by forecast_v2/build_bridge.py (NOT market data)
2023-05-08,1361.89,821.07,1075.74,637.74,synthetic_bridge,generated by forecast_v2/build_bridge.py (NOT market data)
2023-05-09,1361.93,802.99,1065.03,633.41,synthetic_bridge,generated by forecast_v2/build_bridge.py (NOT market data)
2023-05-10,1344.28,760.22,1056.56,630.11,synthetic_bridge,generated by forecast_v2/build_bridge.py (NOT market data)
2023-05-11,1309.95,685.42,1058.03,626.71,synthetic_bridge,generated by forecast_v2/build_bridge.py (NOT market data)
2023-05-12,1259.14,634.58,1051.5,623.24,synthetic_bridge,generated by forecast_v2/build_bridge.py (NOT market data)
2023-05-15,1217.81,592.45,1047.21,615.07,synthetic_bridge,generated by forecast_v2/build_bridge.py (NOT market data)
2023-05-16,1179.66,573.89,1039.19,613.67,synthetic_bridge,generated by forecast_v2/build_bridge.py (NOT market data)
2023-05-17,1152.1,564.48,1034.9,614.95,synthetic_bridge,generated by forecast_v2/build_bridge.py (NOT market data)
2023-05-18,1143.25,576.44,1029.23,615.04,synthetic_bridge,generated by forecast_v2/build_bridge.py (NOT market data)
2023-05-19,1149.95,599.14,1028.28,616.13,synthetic_bridge,generated by forecast_v2/build_bridge.py (NOT market data)
2023-05-22,1166.22,620.95,1026.79,622.29,synthetic_bridge,generated by forecast_v2/build_bridge.py (NOT market data)
2023-05-23,1184.93,636.53,1023.27,618.46,synthetic_bridge,generated by forecast_v2/build_bridge.py (NOT market data)
2023-05-24,1207.04,660.06,1016.26,619.98,synthetic_bridge,generated by forecast_v2/build_bridge.py (NOT market data)
2023-05-25,1227.71,685.25,1012.86,615.77,synthetic_bridge,generated by forecast_v2/build_bridge.py (NOT market data)
2023-05-26,1271.23,726.61,1021.38,615.17,synthetic_bridge,generated by forecast_v2/build_bridge.py (NOT market data)
2023-05-29,1315.29,763.17,1029.58,610.95,synthetic_bridge,generated by forecast_v2/build_bridge.py (NOT market data)
2023-05-30,1338.51,788.49,1029.2,608.54,synthetic_bridge,generated by forecast_v2/build_bridge.py (NOT market data)
2023-05-31,1371.07,787.66,1025.42,604.4,synthetic_bridge,generated by forecast_v2/build_bridge.py (NOT market data)
2023-06-01,1392.06,786.22,1018.36,596.89,synthetic_bridge,generated by forecast_v2/build_bridge.py (NOT market data)
2023-06-02,1418.22,787.51,1008.14,594.61,synthetic_bridge,generated by forecast_v2/build_bridge.py (NOT market data)
2023-06-05,1422.33,792.53,1002.7,590.63,synthetic_bridge,generated by forecast_v2/build_bridge.py (NOT market data)
2023-06-06,1414.36,793.39,994.12,586.67,synthetic_bridge,generated by forecast_v2/build_bridge.py (NOT market data)
2023-06-07,1410.83,799.72,987.09,582.74,synthetic_bridge,generated by forecast_v2/build_bridge.py (NOT market data)
2023-06-08,1406.64,828.09,996.54,578.82,synthetic_bridge,generated by forecast_v2/build_bridge.py (NOT market data)
2023-06-09,1423.98,845.86,1002.46,573.34,synthetic_bridge,generated by forecast_v2/build_bridge.py (NOT market data)
2023-06-12,1436.82,857.62,999.18,569.52,synthetic_bridge,generated by forecast_v2/build_bridge.py (NOT market data)
2023-06-13,1432.39,916.29,1000.09,561.55,synthetic_bridge,generated by forecast_v2/build_bridge.py (NOT market data)
2023-06-14,1419.5,1079.43,1017.58,560.11,synthetic_bridge,generated by forecast_v2/build_bridge.py (NOT market data)
2023-06-15,1404.01,1232.35,1037.04,558.0,synthetic_bridge,generated by forecast_v2/build_bridge.py (NOT market data)
2023-06-16,1387.18,1320.87,1036.7,552.56,synthetic_bridge,generated by forecast_v2/build_bridge.py (NOT market data)
2023-06-19,1369.88,1501.85,1023.9,545.37,synthetic_bridge,generated by forecast_v2/build_bridge.py (NOT market data)
2023-06-20,1352.04,1697.2,1008.21,536.58,synthetic_bridge,generated by forecast_v2/build_bridge.py (NOT market data)
2023-06-21,1330.38,2179.25,984.8,529.09,synthetic_bridge,generated by forecast_v2/build_bridge.py (NOT market data)
2023-06-22,1304.73,2175.92,966.28,526.99,synthetic_bridge,generated by forecast_v2/build_bridge.py (NOT market data)
2023-06-23,1282.8,2128.68,944.08,519.34,synthetic_bridge,generated by forecast_v2/build_bridge.py (NOT market data)
2023-06-26,1261.94,1879.51,928.9,511.92,synthetic_bridge,generated by forecast_v2/build_bridge.py (NOT market data)
2023-06-27,1239.04,1596.38,928.81,507.23,synthetic_bridge,generated by forecast_v2/build_bridge.py (NOT market data)
2023-06-28,1217.62,1629.56,928.54,502.68,synthetic_bridge,generated by forecast_v2/build_bridge.py (NOT market data)
2023-06-29,1204.26,1766.68,924.74,498.18,synthetic_bridge,generated by forecast_v2/build_bridge.py (NOT market data)
2023-06-30,1192.4,1889.37,917.65,493.77,synthetic_bridge,generated by forecast_v2/build_bridge.py (NOT market data)
2023-07-03,1189.63,1918.23,910.9,489.5,synthetic_bridge,generated by forecast_v2/build_bridge.py (NOT market data)
2023-07-04,1192.6,1977.27,902.23,484.13,synthetic_bridge,generated by forecast_v2/build_bridge.py (NOT market data)
2023-07-05,1192.24,1897.87,894.01,480.22,synthetic_bridge,generated by forecast_v2/build_bridge.py (NOT market data)
2023-07-06,1187.49,1894.59,884.02,479.01,synthetic_bridge,generated by forecast_v2/build_bridge.py (NOT market data)
2023-07-07,1177.49,1923.23,872.32,477.94,synthetic_bridge,generated by forecast_v2/build_bridge.py (NOT market data)
2023-07-10,1166.08,1914.68,862.31,475.77,synthetic_bridge,generated by forecast_v2/build_bridge.py (NOT market data)
2023-07-11,1156.07,1937.17,853.92,475.0,synthetic_bridge,generated by forecast_v2/build_bridge.py (NOT market data)
2023-07-12,1148.96,1959.26,858.27,474.14,synthetic_bridge,generated by forecast_v2/build_bridge.py (NOT market data)
2023-07-13,1138.45,1971.11,863.33,472.33,synthetic_bridge,generated by forecast_v2/build_bridge.py (NOT market data)
2023-07-14,1135.85,1983.16,880.96,471.71,synthetic_bridge,generated by forecast_v2/build_bridge.py (NOT market data)
2023-07-17,1129.28,2040.59,903.06,470.12,synthetic_bridge,generated by forecast_v2/build_bridge.py (NOT market data)
2023-07-18,1129.3,2044.08,915.34,468.33,synthetic_bridge,generated by forecast_v2/build_bridge.py (NOT market data)
2023-07-19,1123.06,2078.44,920.95,467.07,synthetic_bridge,generated by forecast_v2/build_bridge.py (NOT market data)
2023-07-20,1131.54,2129.75,923.0,467.13,synthetic_bridge,generated by forecast_v2/build_bridge.py (NOT market data)
2023-07-21,1162.85,2156.79,925.56,467.74,synthetic_bridge,generated by forecast_v2/build_bridge.py (NOT market data)
2023-07-24,1207.69,2197.39,925.73,467.44,synthetic_bridge,generated by forecast_v2/build_bridge.py (NOT market data)
2023-07-25,1247.74,2274.79,923.59,468.49,synthetic_bridge,generated by forecast_v2/build_bridge.py (NOT market data)
2023-07-26,1289.38,2307.86,918.26,467.14,synthetic_bridge,generated by forecast_v2/build_bridge.py (NOT market data)
2023-07-27,1285.52,2273.26,912.73,467.18,synthetic_bridge,generated by forecast_v2/build_bridge.py (NOT market data)
2023-07-28,1264.51,2252.29,907.99,466.35,synthetic_bridge,generated by forecast_v2/build_bridge.py (NOT market data)
2023-07-31,1250.46,2236.82,901.18,465.42,synthetic_bridge,generated by forecast_v2/build_bridge.py (NOT market data)
2023-08-01,1254.45,2234.81,894.28,464.4,synthetic_bridge,generated by forecast_v2/build_bridge.py (NOT market data)
2023-08-02,1267.27,2249.92,884.52,463.3,synthetic_bridge,generated by forecast_v2/build_bridge.py (NOT market data)
2023-08-03,1288.61,2233.94,881.37,462.15,synthetic_bridge,generated by forecast_v2/build_bridge.py (NOT market data)
2023-08-04,1307.35,2165.0,876.32,460.22,synthetic_bridge,generated by forecast_v2/build_bridge.py (NOT market data)
2023-08-07,1287.43,1999.93,871.28,459.72,synthetic_bridge,generated by forecast_v2/build_bridge.py (NOT market data)
2023-08-08,1243.27,1898.53,863.5,458.46,synthetic_bridge,generated by forecast_v2/build_bridge.py (NOT market data)
2023-08-09,1202.59,1820.03,858.58,457.18,synthetic_bridge,generated by forecast_v2/build_bridge.py (NOT market data)
2023-08-10,1153.67,1777.7,856.25,452.85,synthetic_bridge,generated by forecast_v2/build_bridge.py (NOT market data)
2023-08-11,1101.99,1725.35,852.28,446.39,synthetic_bridge,generated by forecast_v2/build_bridge.py (NOT market data)
2023-08-14,1058.96,1715.77,849.86,441.72,synthetic_bridge,generated by forecast_v2/build_bridge.py (NOT market data)
2023-08-15,1017.74,1696.47,842.74,437.76,synthetic_bridge,generated by forecast_v2/build_bridge.py (NOT market data)
2023-08-16,970.85,1744.35,827.23,432.87,synthetic_bridge,generated by forecast_v2/build_bridge.py (NOT market data)
2023-08-17,930.71,1860.74,814.97,425.12,synthetic_bridge,generated by forecast_v2/build_bridge.py (NOT market data)
2023-08-18,896.46,1974.64,805.02,420.37,synthetic_bridge,generated by forecast_v2/build_bridge.py (NOT market data)
2023-08-21,871.19,1987.64,797.98,414.27,synthetic_bridge,generated by forecast_v2/build_bridge.py (NOT market data)
2023-08-22,852.48,2057.12,792.28,409.34,synthetic_bridge,generated by forecast_v2/build_bridge.py (NOT market data)
2023-08-23,836.59,2170.86,788.56,404.36,synthetic_bridge,generated by forecast_v2/build_bridge.py (NOT market data)
2023-08-24,829.31,2394.71,788.82,401.75,synthetic_bridge,generated by forecast_v2/build_bridge.py (NOT market data)
2023-08-25,832.6,2576.9,785.15,401.44,synthetic_bridge,generated by forecast_v2/build_bridge.py (NOT market data)
2023-08-28,849.25,2674.63,785.97,400.34,synthetic_bridge,generated by forecast_v2/build_bridge.py (NOT market data)
2023-08-29,861.53,2671.48,789.69,399.65,synthetic_bridge,generated by forecast_v2/build_bridge.py (NOT market data)
2023-08-30,876.29,2648.27,791.98,401.13,synthetic_bridge,generated by forecast_v2/build_bridge.py (NOT market data)
2023-08-31,876.64,2225.29,799.02,402.3,synthetic_bridge,generated by forecast_v2/build_bridge.py (NOT market data)
2023-09-01,881.59,2239.45,805.09,402.53,synthetic_bridge,generated by forecast_v2/build_bridge.py (NOT market data)
2023-09-04,888.79,2229.79,814.26,404.78,synthetic_bridge,generated by forecast_v2/build_bridge.py (NOT market data)
2023-09-05,892.61,2214.09,820.87,405.39,synthetic_bridge,generated by forecast_v2/build_bridge.py (NOT market data)
2023-09-06,895.46,2291.43,826.26,404.33,synthetic_bridge,generated by forecast_v2/build_bridge.py (NOT market data)
2023-09-07,898.19,2396.43,831.06,404.59,synthetic_bridge,generated by forecast_v2/build_bridge.py (NOT market data)
2023-09-08,907.51,2406.79,833.52,405.92,synthetic_bridge,generated by forecast_v2/build_bridge.py (NOT market data)
2023-09-11,916.71,2767.87,838.77,409.7,synthetic_bridge,generated by forecast_v2/build_bridge.py (NOT market data)
2023-09-12,918.97,2871.82,840.29,409.36,synthetic_bridge,generated by forecast_v2/build_bridge.py (NOT market data)
2023-09-13,916.43,2929.04,847.55,410.34,synthetic_bridge,generated by forecast_v2/build_bridge.py (NOT market data)
2023-09-14,902.96,2976.61,850.96,411.56,synthetic_bridge,generated by forecast_v2/build_bridge.py (NOT market data)
2023-09-15,891.53,2976.12,854.52,413.1,synthetic_bridge,generated by forecast_v2/build_bridge.py (NOT market data)
2023-09-18,886.6,2932.93,855.67,412.71,synthetic_bridge,generated by forecast_v2/build_bridge.py (NOT market data)
2023-09-19,883.57,2882.3,853.11,412.5,synthetic_bridge,generated by forecast_v2/build_bridge.py (NOT market data)
2023-09-20,888.21,2856.96,849.53,415.63,synthetic_bridge,generated by forecast_v2/build_bridge.py (NOT market data)
2023-09-21,885.59,2898.88,850.17,414.65,synthetic_bridge,generated by forecast_v2/build_bridge.py (NOT market data)
2023-09-22,883.09,2776.33,849.71,411.69,synthetic_bridge,generated by forecast_v2/build_bridge.py (NOT market data)
2023-09-25,873.26,2675.92,842.94,408.85,synthetic_bridge,generated by forecast_v2/build_bridge.py (NOT market data)
2023-09-26,866.55,2597.32,828.62,408.26,synthetic_bridge,generated by forecast_v2/build_bridge.py (NOT market data)
2023-09-27,868.92,2568.11,821.19,405.64,synthetic_bridge,generated by forecast_v2/build_bridge.py (NOT market data)
2023-09-28,878.88,2591.15,811.46,403.13,synthetic_bridge,generated by forecast_v2/build_bridge.py (NOT market data)
2023-09-29,893.36,2580.28,802.05,397.53,synthetic_bridge,generated by forecast_v2/build_bridge.py (NOT market data)
2023-10-02,907.8,2509.58,796.87,394.19,synthetic_bridge,generated by forecast_v2/build_bridge.py (NOT market data)
2023-10-03,923.57,2527.45,791.96,392.03,synthetic_bridge,generated by forecast_v2/build_bridge.py (NOT market data)
2023-10-04,934.59,2619.06,791.21,388.89,synthetic_bridge,generated by forecast_v2/build_bridge.py (NOT market data)
2023-10-05,949.78,2722.56,791.95,387.99,synthetic_bridge,generated by forecast_v2/build_bridge.py (NOT market data)
2023-10-06,958.58,2738.6,798.04,387.17,synthetic_bridge,generated by forecast_v2/build_bridge.py (NOT market data)
2023-10-09,965.6,2756.5,792.06,387.1,synthetic_bridge,generated by forecast_v2/build_bridge.py (NOT market data)
2023-10-10,985.2,2978.51,790.05,385.53,synthetic_bridge,generated by forecast_v2/build_bridge.py (NOT market data)
2023-10-11,999.18,3053.02,788.87,385.08,synthetic_bridge,generated by forecast_v2/build_bridge.py (NOT market data)
2023-10-12,1012.23,3080.9,789.34,386.24,synthetic_bridge,generated by forecast_v2/build_bridge.py (NOT market data)
2023-10-13,998.62,2781.79,788.86,376.08,synthetic_bridge,generated by forecast_v2/build_bridge.py (NOT market data)
2023-10-16,988.14,2594.15,728.67,374.74,synthetic_bridge,generated by forecast_v2/build_bridge.py (NOT market data)
2023-10-17,976.19,2382.17,705.51,371.88,synthetic_bridge,generated by forecast_v2/build_bridge.py (NOT market data)
2023-10-18,958.48,2159.41,691.19,372.43,synthetic_bridge,generated by forecast_v2/build_bridge.py (NOT market data)
2023-10-19,946.43,1995.37,677.49,374.39,synthetic_bridge,generated by forecast_v2/build_bridge.py (NOT market data)
2023-10-20,930.09,1754.4,675.86,374.71,synthetic_bridge,generated by forecast_v2/build_bridge.py (NOT market data)
2023-10-23,915.67,1464.61,679.71,375.41,synthetic_bridge,generated by forecast_v2/build_bridge.py (NOT market data)
2023-10-24,902.39,1290.03,686.26,376.52,synthetic_bridge,generated by forecast_v2/build_bridge.py (NOT market data)
2023-10-25,892.7,1272.3,692.11,379.09,synthetic_bridge,generated by forecast_v2/build_bridge.py (NOT market data)
2023-10-26,889.46,1295.27,696.12,381.6,synthetic_bridge,generated by forecast_v2/build_bridge.py (NOT market data)
2023-10-27,890.33,1345.14,697.09,383.5,synthetic_bridge,generated by forecast_v2/build_bridge.py (NOT market data)
2023-10-30,889.49,1416.25,697.98,384.81,synthetic_bridge,generated by forecast_v2/build_bridge.py (NOT market data)
2023-10-31,885.65,1458.21,697.02,387.69,synthetic_bridge,generated by forecast_v2/build_bridge.py (NOT market data)
2023-11-01,876.37,1383.69,695.42,388.36,synthetic_bridge,generated by forecast_v2/build_bridge.py (NOT market data)
2023-11-02,860.39,1320.46,692.56,391.19,synthetic_bridge,generated by forecast_v2/build_bridge.py (NOT market data)
2023-11-03,848.07,1249.44,690.89,394.0,synthetic_bridge,generated by forecast_v2/build_bridge.py (NOT market data)
2023-11-06,834.24,1216.64,690.45,395.13,synthetic_bridge,generated by forecast_v2/build_bridge.py (NOT market data)
2023-11-07,822.22,1160.92,692.14,398.36,synthetic_bridge,generated by forecast_v2/build_bridge.py (NOT market data)
2023-11-08,812.03,1080.85,695.42,401.03,synthetic_bridge,generated by forecast_v2/build_bridge.py (NOT market data)
2023-11-09,793.58,1013.02,697.35,403.72,synthetic_bridge,generated by forecast_v2/build_bridge.py (NOT market data)
2023-11-10,770.14,1011.18,698.77,407.39,synthetic_bridge,generated by forecast_v2/build_bridge.py (NOT market data)
2023-11-13,752.66,1018.81,704.33,411.22,synthetic_bridge,generated by forecast_v2/build_bridge.py (NOT market data)
2023-11-14,748.51,1031.99,707.12,415.08,synthetic_bridge,generated by forecast_v2/build_bridge.py (NOT market data)
2023-11-15,740.8,1042.0,709.98,417.11,synthetic_bridge,generated by forecast_v2/build_bridge.py (NOT market data)
2023-11-16,737.35,1065.29,720.7,421.01,synthetic_bridge,generated by forecast_v2/build_bridge.py (NOT market data)
2023-11-17,739.47,1100.87,728.51,423.01,synthetic_bridge,generated by forecast_v2/build_bridge.py (NOT market data)
2023-11-20,747.32,1139.22,734.32,423.08,synthetic_bridge,generated by forecast_v2/build_bridge.py (NOT market data)
2023-11-21,768.87,1206.21,740.09,425.04,synthetic_bridge,generated by forecast_v2/build_bridge.py (NOT market data)
2023-11-22,816.86,1212.57,746.81,428.91,synthetic_bridge,generated by forecast_v2/build_bridge.py (NOT market data)
2023-11-23,867.41,1205.0,753.45,431.77,synthetic_bridge,generated by forecast_v2/build_bridge.py (NOT market data)
2023-11-24,895.74,1212.04,760.99,439.48,synthetic_bridge,generated by forecast_v2/build_bridge.py (NOT market data)
2023-11-27,904.63,1221.52,768.33,445.16,synthetic_bridge,generated by forecast_v2/build_bridge.py (NOT market data)
2023-11-28,903.16,1223.61,771.26,450.73,synthetic_bridge,generated by forecast_v2/build_bridge.py (NOT market data)
2023-11-29,891.36,1289.48,772.83,456.16,synthetic_bridge,generated by forecast_v2/build_bridge.py (NOT market data)
2023-11-30,882.45,1423.99,775.11,465.45,synthetic_bridge,generated by forecast_v2/build_bridge.py (NOT market data)
2023-12-01,882.67,1457.62,776.01,473.56,synthetic_bridge,generated by forecast_v2/build_bridge.py (NOT market data)
2023-12-04,881.44,1459.71,774.45,479.45,synthetic_bridge,generated by forecast_v2/build_bridge.py (NOT market data)
2023-12-05,876.45,1437.21,775.78,484.13,synthetic_bridge,generated by forecast_v2/build_bridge.py (NOT market data)
2023-12-06,888.03,1510.12,785.18,485.91,synthetic_bridge,generated by forecast_v2/build_bridge.py (NOT market data)
2023-12-07,905.51,1547.78,794.31,488.85,synthetic_bridge,generated by forecast_v2/build_bridge.py (NOT market data)
2023-12-08,924.76,1560.31,807.13,489.51,synthetic_bridge,generated by forecast_v2/build_bridge.py (NOT market data)
2023-12-11,934.4,1652.16,817.47,487.71,synthetic_bridge,generated by forecast_v2/build_bridge.py (NOT market data)
2023-12-12,940.37,1927.7,841.67,491.4,synthetic_bridge,generated by forecast_v2/build_bridge.py (NOT market data)
2023-12-13,944.62,2178.02,868.55,494.55,synthetic_bridge,generated by forecast_v2/build_bridge.py (NOT market data)
2023-12-14,948.63,2310.27,878.94,494.66,synthetic_bridge,generated by forecast_v2/build_bridge.py (NOT market data)
2023-12-15,952.06,2598.32,878.54,493.1,synthetic_bridge,generated by forecast_v2/build_bridge.py (NOT market data)
2023-12-18,954.72,2904.19,875.37,489.93,synthetic_bridge,generated by forecast_v2/build_bridge.py (NOT market data)
2023-12-19,953.99,3729.06,865.02,487.79,synthetic_bridge,generated by forecast_v2/build_bridge.py (NOT market data)
2023-12-20,949.9,3711.39,858.45,490.47,synthetic_bridge,generated by forecast_v2/build_bridge.py (NOT market data)
2023-12-21,947.62,3603.98,848.04,487.84,synthetic_bridge,generated by forecast_v2/build_bridge.py (NOT market data)
2023-12-22,945.12,3153.94,843.33,485.18,synthetic_bridge,generated by forecast_v2/build_bridge.py (NOT market data)
2023-12-25,940.26,2653.75,851.91,484.89,synthetic_bridge,generated by forecast_v2/build_bridge.py (NOT market data)
2023-12-26,935.61,2682.89,860.04,484.53,synthetic_bridge,generated by forecast_v2/build_bridge.py (NOT market data)
2023-12-27,936.31,2880.42,864.55,484.0,synthetic_bridge,generated by forecast_v2/build_bridge.py (NOT market data)
2023-12-28,937.48,3050.59,865.53,483.34,synthetic_bridge,generated by forecast_v2/build_bridge.py (NOT market data)
2023-12-29,945.23,3067.4,866.37,482.6,synthetic_bridge,generated by forecast_v2/build_bridge.py (NOT market data)
2024-01-01,957.11,3131.76,864.88,480.52,synthetic_bridge,generated by forecast_v2/build_bridge.py (NOT market data)
2024-01-02,965.93,2977.8,863.34,479.67,synthetic_bridge,generated by forecast_v2/build_bridge.py (NOT market data)
2024-01-03,970.78,2945.17,859.58,481.29,synthetic_bridge,generated by forecast_v2/build_bridge.py (NOT market data)
2024-01-04,978.18,2945.99,859.84,481.04,synthetic_bridge,generated by forecast_v2/build_bridge.py (NOT market data)
2024-01-05,1003.34,2805.83,861.4,484.93,synthetic_bridge,generated by forecast_v2/build_bridge.py (NOT market data)
2024-01-08,1030.32,2734.84,863.62,486.14,synthetic_bridge,generated by forecast_v2/build_bridge.py (NOT market data)
2024-01-09,1065.24,2881.94,861.96,487.35,synthetic_bridge,generated by forecast_v2/build_bridge.py (NOT market data)
2024-01-10,1105.15,3146.13,859.27,485.87,synthetic_bridge,generated by forecast_v2/build_bridge.py (NOT market data)
2024-01-11,1121.81,3250.89,855.35,483.44,synthetic_bridge,generated by forecast_v2/build_bridge.py (NOT market data)
2024-01-12,1125.61,3238.84,851.03,480.08,synthetic_bridge,generated by forecast_v2/build_bridge.py (NOT market data)
2024-01-15,1114.25,3205.7,845.39,476.59,synthetic_bridge,generated by forecast_v2/build_bridge.py (NOT market data)
2024-01-16,1081.0,3084.94,838.47,470.5,synthetic_bridge,generated by forecast_v2/build_bridge.py (NOT market data)
2024-01-17,1044.79,2795.21,832.23,463.5,synthetic_bridge,generated by forecast_v2/build_bridge.py (NOT market data)
2024-01-18,1013.56,2602.16,823.91,458.12,synthetic_bridge,generated by forecast_v2/build_bridge.py (NOT market data)
2024-01-19,993.45,2463.18,817.39,453.54,synthetic_bridge,generated by forecast_v2/build_bridge.py (NOT market data)
2024-01-22,973.5,2365.46,808.99,449.79,synthetic_bridge,generated by forecast_v2/build_bridge.py (NOT market data)
2024-01-23,952.37,2472.72,799.76,445.22,synthetic_bridge,generated by forecast_v2/build_bridge.py (NOT market data)
2024-01-24,932.29,2533.53,786.06,439.89,synthetic_bridge,generated by forecast_v2/build_bridge.py (NOT market data)
2024-01-25,908.16,2631.09,774.53,437.12,synthetic_bridge,generated by forecast_v2/build_bridge.py (NOT market data)
2024-01-26,897.23,2792.68,766.13,434.45,synthetic_bridge,generated by forecast_v2/build_bridge.py (NOT market data)
2024-01-29,887.1,2801.99,759.94,429.43,synthetic_bridge,generated by forecast_v2/build_bridge.py (NOT market data)
2024-01-30,880.5,2710.49,757.8,427.86,synthetic_bridge,generated by forecast_v2/build_bridge.py (NOT market data)
2024-01-31,883.05,2560.4,763.39,426.43,synthetic_bridge,generated by forecast_v2/build_bridge.py (NOT market data)
2024-02-01,898.21,2436.55,772.01,425.97,synthetic_bridge,generated by forecast_v2/build_bridge.py (NOT market data)
2024-02-02,901.25,2321.03,774.83,428.02,synthetic_bridge,generated by forecast_v2/build_bridge.py (NOT market data)
2024-02-05,902.65,2173.75,777.68,430.62,synthetic_bridge,generated by forecast_v2/build_bridge.py (NOT market data)
2024-02-06,904.93,2072.38,784.45,432.33,synthetic_bridge,generated by forecast_v2/build_bridge.py (NOT market data)
2024-02-07,901.5,2022.67,793.36,434.47,synthetic_bridge,generated by forecast_v2/build_bridge.py (NOT market data)
2024-02-08,893.06,2045.65,803.33,436.84,synthetic_bridge,generated by forecast_v2/build_bridge.py (NOT market data)
2024-02-09,890.94,2012.91,813.13,440.51,synthetic_bridge,generated by forecast_v2/build_bridge.py (NOT market data)
2024-02-12,893.97,1979.06,826.4,446.86,synthetic_bridge,generated by forecast_v2/build_bridge.py (NOT market data)
2024-02-13,894.08,1949.19,836.62,450.4,synthetic_bridge,generated by forecast_v2/build_bridge.py (NOT market data)
2024-02-14,907.08,1976.1,846.34,452.44,synthetic_bridge,generated by forecast_v2/build_bridge.py (NOT market data)
2024-02-15,936.74,1962.27,850.32,454.3,synthetic_bridge,generated by forecast_v2/build_bridge.py (NOT market data)
2024-02-16,983.03,1941.62,853.8,457.33,synthetic_bridge,generated by forecast_v2/build_bridge.py (NOT market data)
2024-02-19,1028.46,2039.32,855.49,457.4,synthetic_bridge,generated by forecast_v2/build_bridge.py (NOT market data)
2024-02-20,1048.58,2003.55,859.33,457.27,synthetic_bridge,generated by forecast_v2/build_bridge.py (NOT market data)
2024-02-21,1084.77,1937.57,858.75,458.33,synthetic_bridge,generated by forecast_v2/build_bridge.py (NOT market data)
2024-02-22,1136.69,1882.14,857.75,461.96,synthetic_bridge,generated by forecast_v2/build_bridge.py (NOT market data)
2024-02-23,1190.14,1855.65,866.82,466.76,synthetic_bridge,generated by forecast_v2/build_bridge.py (NOT market data)
2024-02-26,1222.62,1866.42,876.68,469.94,synthetic_bridge,generated by forecast_v2/build_bridge.py (NOT market data)
2024-02-27,1253.0,1899.68,887.25,474.26,synthetic_bridge,generated by forecast_v2/build_bridge.py (NOT market data)
2024-02-28,1292.96,2030.88,894.54,479.7,synthetic_bridge,generated by forecast_v2/build_bridge.py (NOT market data)
2024-02-29,1355.34,2330.15,905.08,484.84,synthetic_bridge,generated by forecast_v2/build_bridge.py (NOT market data)
2024-03-01,1389.74,2725.7,916.16,486.89,synthetic_bridge,generated by forecast_v2/build_bridge.py (NOT market data)
2024-03-04,1413.18,2817.19,924.62,490.2,synthetic_bridge,generated by forecast_v2/build_bridge.py (NOT market data)
2024-03-05,1416.38,2599.79,930.85,496.25,synthetic_bridge,generated by forecast_v2/build_bridge.py (NOT market data)
2024-03-06,1410.49,2314.44,938.96,500.91,synthetic_bridge,generated by forecast_v2/build_bridge.py (NOT market data)
2024-03-07,1394.51,2201.96,945.8,507.37,synthetic_bridge,generated by forecast_v2/build_bridge.py (NOT market data)
2024-03-08,1373.13,2051.59,948.77,512.16,synthetic_bridge,generated by forecast_v2/build_bridge.py (NOT market data)
2024-03-11,1344.16,1860.41,944.54,515.34,synthetic_bridge,generated by forecast_v2/build_bridge.py (NOT market data)
2024-03-12,1301.9,1754.91,941.3,518.88,synthetic_bridge,generated by forecast_v2/build_bridge.py (NOT market data)
2024-03-13,1266.0,1723.53,935.18,518.52,synthetic_bridge,generated by forecast_v2/build_bridge.py (NOT market data)
2024-03-14,1225.13,1691.4,924.36,519.53,synthetic_bridge,generated by forecast_v2/build_bridge.py (NOT market data)
2024-03-15,1188.93,1694.6,914.26,519.86,synthetic_bridge,generated by forecast_v2/build_bridge.py (NOT market data)
2024-03-18,1135.97,1625.84,902.11,512.22,synthetic_bridge,generated by forecast_v2/build_bridge.py (NOT market data)
2024-03-19,1102.7,1571.74,896.29,505.2,synthetic_bridge,generated by forecast_v2/build_bridge.py (NOT market data)
2024-03-20,1069.82,1532.55,881.81,501.0,synthetic_bridge,generated by forecast_v2/build_bridge.py (NOT market data)
2024-03-21,1042.7,1405.51,866.09,486.11,synthetic_bridge,generated by forecast_v2/build_bridge.py (NOT market data)
2024-03-22,1030.45,1184.7,844.36,473.31,synthetic_bridge,generated by forecast_v2/build_bridge.py (NOT market data)
2024-03-25,1008.84,1101.07,817.92,462.65,synthetic_bridge,generated by forecast_v2/build_bridge.py (NOT market data)
2024-03-26,1001.64,1324.83,794.98,456.25,synthetic_bridge,generated by forecast_v2/build_bridge.py (NOT market data)
2024-03-27,1003.22,1701.11,770.65,448.94,synthetic_bridge,generated by forecast_v2/build_bridge.py (NOT market data)
2024-03-28,996.52,1625.09,753.43,441.75,synthetic_bridge,generated by forecast_v2/build_bridge.py (NOT market data)
2024-03-29,989.96,1642.93,740.51,436.81,synthetic_bridge,generated by forecast_v2/build_bridge.py (NOT market data)
2024-04-01,975.86,1703.57,722.45,429.1,synthetic_bridge,generated by forecast_v2/build_bridge.py (NOT market data)
2024-04-02,983.2,1672.35,710.49,420.58,synthetic_bridge,generated by forecast_v2/build_bridge.py (NOT market data)
2024-04-03,990.88,1638.62,700.52,413.94,synthetic_bridge,generated by forecast_v2/build_bridge.py (NOT market data)
2024-04-04,986.94,1649.2,693.06,409.55,synthetic_bridge,generated by forecast_v2/build_bridge.py (NOT market data)
2024-04-05,979.79,1658.18,685.63,401.17,synthetic_bridge,generated by forecast_v2/build_bridge.py (NOT market data)
2024-04-08,976.09,1618.9,678.36,396.31,synthetic_bridge,generated by forecast_v2/build_bridge.py (NOT market data)
2024-04-09,965.98,1629.76,667.84,389.26,synthetic_bridge,generated by forecast_v2/build_bridge.py (NOT market data)
2024-04-10,932.87,1385.85,660.1,381.4,synthetic_bridge,generated by forecast_v2/build_bridge.py (NOT market data)
2024-04-11,897.38,1187.23,649.07,375.66,synthetic_bridge,generated by forecast_v2/build_bridge.py (NOT market data)
2024-04-12,867.56,1085.93,639.16,367.56,synthetic_bridge,generated by forecast_v2/build_bridge.py (NOT market data)
2024-04-15,849.38,921.47,627.31,365.9,synthetic_bridge,generated by forecast_v2/build_bridge.py (NOT market data)
2024-04-16,826.14,852.85,619.39,366.16,synthetic_bridge,generated by forecast_v2/build_bridge.py (NOT market data)
2024-04-17,806.01,789.27,615.31,362.45,synthetic_bridge,generated by forecast_v2/build_bridge.py (NOT market data)
2024-04-18,795.18,701.65,603.0,360.62,synthetic_bridge,generated by forecast_v2/build_bridge.py (NOT market data)
2024-04-19,787.32,707.18,594.38,359.16,synthetic_bridge,generated by forecast_v2/build_bridge.py (NOT market data)
2024-04-22,780.22,673.88,589.43,356.55,synthetic_bridge,generated by forecast_v2/build_bridge.py (NOT market data)
2024-04-23,767.37,688.5,583.52,355.75,synthetic_bridge,generated by forecast_v2/build_bridge.py (NOT market data)
2024-04-24,744.24,775.5,575.01,356.74,synthetic_bridge,generated by forecast_v2/build_bridge.py (NOT market data)
2024-04-25,725.73,876.14,571.58,353.45,synthetic_bridge,generated by forecast_v2/build_bridge.py (NOT market data)
2024-04-26,714.08,986.01,565.4,353.45,synthetic_bridge,generated by forecast_v2/build_bridge.py (NOT market data)
2024-04-29,693.82,951.24,559.52,353.67,synthetic_bridge,generated by forecast_v2/build_bridge.py (NOT market data)
2024-04-30,682.62,934.65,547.42,350.99,synthetic_bridge,generated by forecast_v2/build_bridge.py (NOT market data)
2024-05-01,676.39,921.75,544.72,350.02,synthetic_bridge,generated by forecast_v2/build_bridge.py (NOT market data)
2024-05-02,677.05,908.91,543.88,347.54,synthetic_bridge,generated by forecast_v2/build_bridge.py (NOT market data)
2024-05-03,687.17,858.5,540.73,347.18,synthetic_bridge,generated by forecast_v2/build_bridge.py (NOT market data)
2024-05-06,717.64,795.5,539.94,347.01,synthetic_bridge,generated by forecast_v2/build_bridge.py (NOT market data)
2024-05-07,748.54,780.11,540.99,347.15,synthetic_bridge,generated by forecast_v2/build_bridge.py (NOT market data)
2024-05-08,763.23,791.26,543.64,349.5,synthetic_bridge,generated by forecast_v2/build_bridge.py (NOT market data)
2024-05-09,773.77,791.77,547.0,351.28,synthetic_bridge,generated by forecast_v2/build_bridge.py (NOT market data)
2024-05-10,773.64,764.21,551.82,354.31,synthetic_bridge,generated by forecast_v2/build_bridge.py (NOT market data)
2024-05-13,763.27,728.26,557.17,356.68,synthetic_bridge,generated by forecast_v2/build_bridge.py (NOT market data)
2024-05-14,751.64,712.9,563.82,358.37,synthetic_bridge,generated by forecast_v2/build_bridge.py (NOT market data)
2024-05-15,748.24,721.73,569.13,357.37,synthetic_bridge,generated by forecast_v2/build_bridge.py (NOT market data)
2024-05-16,748.0,783.09,575.59,358.45,synthetic_bridge,generated by forecast_v2/build_bridge.py (NOT market data)
2024-05-17,748.86,844.26,582.3,360.65,synthetic_bridge,generated by forecast_v2/build_bridge.py (NOT market data)
2024-05-20,749.72,874.51,589.21,363.97,synthetic_bridge,generated by forecast_v2/build_bridge.py (NOT market data)
2024-05-21,757.17,857.71,595.35,365.36,synthetic_bridge,generated by forecast_v2/build_bridge.py (NOT market data)
2024-05-22,764.64,835.82,603.43,367.83,synthetic_bridge,generated by forecast_v2/build_bridge.py (NOT market data)
2024-05-23,780.01,790.29,610.65,368.27,synthetic_bridge,generated by forecast_v2/build_bridge.py (NOT market data)
2024-05-24,790.79,783.06,618.85,370.79,synthetic_bridge,generated by forecast_v2/build_bridge.py (NOT market data)
2024-05-27,794.43,782.7,626.08,372.25,synthetic_bridge,generated by forecast_v2/build_bridge.py (NOT market data)
2024-05-28,795.41,779.8,625.35,374.75,synthetic_bridge,generated by forecast_v2/build_bridge.py (NOT market data)
2024-05-29,792.49,763.84,630.4,377.2,synthetic_bridge,generated by forecast_v2/build_bridge.py (NOT market data)
2024-05-30,789.85,752.75,633.93,380.24,synthetic_bridge,generated by forecast_v2/build_bridge.py (NOT market data)
2024-05-31,784.91,753.88,635.61,383.2,synthetic_bridge,generated by forecast_v2/build_bridge.py (NOT market data)
2024-06-03,777.31,749.38,638.03,386.81,synthetic_bridge,generated by forecast_v2/build_bridge.py (NOT market data)
2024-06-04,768.16,739.08,642.22,388.39,synthetic_bridge,generated by forecast_v2/build_bridge.py (NOT market data)
2024-06-05,768.38,733.96,639.44,388.86,synthetic_bridge,generated by forecast_v2/build_bridge.py (NOT market data)
2024-06-06,764.77,732.08,640.21,390.09,synthetic_bridge,generated by forecast_v2/build_bridge.py (NOT market data)
2024-06-07,761.13,720.02,645.7,391.2,synthetic_bridge,generated by forecast_v2/build_bridge.py (NOT market data)
2024-06-10,758.28,703.38,646.31,391.26,synthetic_bridge,generated by forecast_v2/build_bridge.py (NOT market data)
2024-06-11,754.99,723.53,645.87,392.21,synthetic_bridge,generated by forecast_v2/build_bridge.py (NOT market data)
2024-06-12,759.43,766.11,646.39,394.09,synthetic_bridge,generated by forecast_v2/build_bridge.py (NOT market data)
2024-06-13,766.32,808.12,650.94,395.96,synthetic_bridge,generated by forecast_v2/build_bridge.py (NOT market data)
2024-06-14,788.45,837.64,663.71,399.79,synthetic_bridge,generated by forecast_v2/build_bridge.py (NOT market data)
2024-06-17,843.49,868.6,674.53,400.65,synthetic_bridge,generated by forecast_v2/build_bridge.py (NOT market data)
2024-06-18,931.92,872.46,683.29,405.49,synthetic_bridge,generated by forecast_v2/build_bridge.py (NOT market data)
2024-06-19,984.83,884.03,693.03,411.33,synthetic_bridge,generated by forecast_v2/build_bridge.py (NOT market data)
2024-06-20,1009.76,904.87,710.1,417.12,synthetic_bridge,generated by forecast_v2/build_bridge.py (NOT market data)
2024-06-21,1050.01,916.34,728.08,422.83,synthetic_bridge,generated by forecast_v2/build_bridge.py (NOT market data)
2024-06-24,1087.48,915.78,749.03,433.61,synthetic_bridge,generated by forecast_v2/build_bridge.py (NOT market data)
2024-06-25,1120.9,920.77,764.1,445.29,synthetic_bridge,generated by forecast_v2/build_bridge.py (NOT market data)
2024-06-26,1145.7,920.31,781.95,455.69,synthetic_bridge,generated by forecast_v2/build_bridge.py (NOT market data)
2024-06-27,1152.96,927.26,798.04,461.55,synthetic_bridge,generated by forecast_v2/build_bridge.py (NOT market data)
2024-06-28,1156.16,934.36,809.56,472.65,synthetic_bridge,generated by forecast_v2/build_bridge.py (NOT market data)
2024-07-01,1151.33,946.14,817.85,483.94,synthetic_bridge,generated by forecast_v2/build_bridge.py (NOT market data)
2024-07-02,1148.35,981.33,828.15,492.05,synthetic_bridge,generated by forecast_v2/build_bridge.py (NOT market data)
2024-07-03,1147.94,1018.33,835.46,501.18,synthetic_bridge,generated by forecast_v2/build_bridge.py (NOT market data)
2024-07-04,1143.89,1042.54,841.02,508.11,synthetic_bridge,generated by forecast_v2/build_bridge.py (NOT market data)
2024-07-05,1142.36,1072.48,846.46,511.51,synthetic_bridge,generated by forecast_v2/build_bridge.py (NOT market data)
2024-07-08,1154.27,1066.21,856.79,515.99,synthetic_bridge,generated by forecast_v2/build_bridge.py (NOT market data)
2024-07-09,1152.58,1056.71,864.12,519.36,synthetic_bridge,generated by forecast_v2/build_bridge.py (NOT market data)
2024-07-10,1139.22,1075.23,879.94,525.62,synthetic_bridge,generated by forecast_v2/build_bridge.py (NOT market data)
2024-07-11,1133.46,1084.81,910.21,530.98,synthetic_bridge,generated by forecast_v2/build_bridge.py (NOT market data)
2024-07-12,1126.63,1145.8,944.63,537.09,synthetic_bridge,generated by forecast_v2/build_bridge.py (NOT market data)
2024-07-15,1113.59,1185.89,972.73,539.25,synthetic_bridge,generated by forecast_v2/build_bridge.py (NOT market data)
2024-07-16,1095.36,1211.47,994.5,540.69,synthetic_bridge,generated by forecast_v2/build_bridge.py (NOT market data)
2024-07-17,1072.94,1212.26,1010.95,539.11,synthetic_bridge,generated by forecast_v2/build_bridge.py (NOT market data)
2024-07-18,1054.13,1234.62,1025.98,539.37,synthetic_bridge,generated by forecast_v2/build_bridge.py (NOT market data)
2024-07-19,1031.38,1245.35,1032.17,539.93,synthetic_bridge,generated by forecast_v2/build_bridge.py (NOT market data)
2024-07-22,998.09,1300.8,1025.14,538.45,synthetic_bridge,generated by forecast_v2/build_bridge.py (NOT market data)
2024-07-23,967.14,1406.25,1019.3,532.66,synthetic_bridge,generated by forecast_v2/build_bridge.py (NOT market data)
2024-07-24,938.59,1510.27,1013.86,529.79,synthetic_bridge,generated by forecast_v2/build_bridge.py (NOT market data)
2024-07-25,916.64,1536.85,1009.89,524.37,synthetic_bridge,generated by forecast_v2/build_bridge.py (NOT market data)
2024-07-26,899.55,1606.53,1005.65,519.63,synthetic_bridge,generated by forecast_v2/build_bridge.py (NOT market data)
2024-07-29,885.85,1653.19,1002.15,516.56,synthetic_bridge,generated by forecast_v2/build_bridge.py (NOT market data)
2024-07-30,870.26,1640.51,1001.16,509.61,synthetic_bridge,generated by forecast_v2/build_bridge.py (NOT market data)
2024-07-31,858.88,1637.83,995.8,505.46,synthetic_bridge,generated by forecast_v2/build_bridge.py (NOT market data)
2024-08-01,852.67,1634.54,987.64,502.41,synthetic_bridge,generated by forecast_v2/build_bridge.py (NOT market data)
2024-08-02,845.79,1627.34,982.31,497.71,synthetic_bridge,generated by forecast_v2/build_bridge.py (NOT market data)
2024-08-05,836.24,1646.24,972.18,494.2,synthetic_bridge,generated by forecast_v2/build_bridge.py (NOT market data)
2024-08-06,827.83,1688.56,961.56,490.95,synthetic_bridge,generated by forecast_v2/build_bridge.py (NOT market data)
2024-08-07,815.82,1695.15,952.54,487.92,synthetic_bridge,generated by forecast_v2/build_bridge.py (NOT market data)
2024-08-08,809.88,1678.2,946.09,484.19,synthetic_bridge,generated by forecast_v2/build_bridge.py (NOT market data)
2024-08-09,799.72,1643.0,941.06,481.57,synthetic_bridge,generated by forecast_v2/build_bridge.py (NOT market data)
2024-08-12,791.08,1589.47,935.34,479.13,synthetic_bridge,generated by forecast_v2/build_bridge.py (NOT market data)
2024-08-13,782.49,1562.74,935.08,475.02,synthetic_bridge,generated by forecast_v2/build_bridge.py (NOT market data)
2024-08-14,774.83,1543.74,933.01,472.91,synthetic_bridge,generated by forecast_v2/build_bridge.py (NOT market data)
2024-08-15,772.29,1532.28,927.12,469.12,synthetic_bridge,generated by forecast_v2/build_bridge.py (NOT market data)
2024-08-16,770.78,1562.86,922.56,466.4,synthetic_bridge,generated by forecast_v2/build_bridge.py (NOT market data)
2024-08-19,771.15,1706.43,918.29,467.44,synthetic_bridge,generated by forecast_v2/build_bridge.py (NOT market data)
2024-08-20,774.2,1765.96,916.33,465.86,synthetic_bridge,generated by forecast_v2/build_bridge.py (NOT market data)
2024-08-21,776.51,1768.93,916.62,465.3,synthetic_bridge,generated by forecast_v2/build_bridge.py (NOT market data)
2024-08-22,776.34,1783.5,917.1,466.64,synthetic_bridge,generated by forecast_v2/build_bridge.py (NOT market data)
2024-08-23,777.01,1838.81,915.74,467.15,synthetic_bridge,generated by forecast_v2/build_bridge.py (NOT market data)
2024-08-26,775.94,1869.55,915.53,468.63,synthetic_bridge,generated by forecast_v2/build_bridge.py (NOT market data)
2024-08-27,762.72,1815.22,913.94,468.97,synthetic_bridge,generated by forecast_v2/build_bridge.py (NOT market data)
2024-08-28,749.87,1797.54,909.04,468.29,synthetic_bridge,generated by forecast_v2/build_bridge.py (NOT market data)
2024-08-29,749.9,1857.24,906.84,469.86,synthetic_bridge,generated by forecast_v2/build_bridge.py (NOT market data)
2024-08-30,762.44,1936.93,905.62,468.58,synthetic_bridge,generated by forecast_v2/build_bridge.py (NOT market data)
2024-09-02,776.62,2113.05,903.74,469.58,synthetic_bridge,generated by forecast_v2/build_bridge.py (NOT market data)
2024-09-03,790.46,2131.1,906.65,470.48,synthetic_bridge,generated by forecast_v2/build_bridge.py (NOT market data)
2024-09-04,805.29,2215.65,910.72,469.78,synthetic_bridge,generated by forecast_v2/build_bridge.py (NOT market data)
2024-09-05,822.56,2326.43,913.24,470.42,synthetic_bridge,generated by forecast_v2/build_bridge.py (NOT market data)
2024-09-06,833.84,2358.36,918.76,470.88,synthetic_bridge,generated by forecast_v2/build_bridge.py (NOT market data)
2024-09-09,835.51,2536.65,922.74,472.65,synthetic_bridge,generated by forecast_v2/build_bridge.py (NOT market data)
2024-09-10,825.16,3053.9,927.92,474.2,synthetic_bridge,generated by forecast_v2/build_bridge.py (NOT market data)
2024-09-11,814.81,3584.2,928.86,473.25,synthetic_bridge,generated by forecast_v2/build_bridge.py (NOT market data)
2024-09-12,807.8,4045.53,931.98,472.85,synthetic_bridge,generated by forecast_v2/build_bridge.py (NOT market data)
2024-09-13,806.19,4159.1,933.67,473.78,synthetic_bridge,generated by forecast_v2/build_bridge.py (NOT market data)
2024-09-16,801.88,4312.01,935.82,471.46,synthetic_bridge,generated by forecast_v2/build_bridge.py (NOT market data)
2024-09-17,801.9,4573.66,941.19,469.77,synthetic_bridge,generated by forecast_v2/build_bridge.py (NOT market data)
2024-09-18,810.11,4443.08,942.55,467.19,synthetic_bridge,generated by forecast_v2/build_bridge.py (NOT market data)
2024-09-19,815.01,4224.95,942.68,463.74,synthetic_bridge,generated by forecast_v2/build_bridge.py (NOT market data)
2024-09-20,818.45,3973.65,943.45,462.52,synthetic_bridge,generated by forecast_v2/build_bridge.py (NOT market data)
2024-09-23,817.87,3808.14,939.49,461.23,synthetic_bridge,generated by forecast_v2/build_bridge.py (NOT market data)
2024-09-24,820.37,3821.84,937.19,458.33,synthetic_bridge,generated by forecast_v2/build_bridge.py (NOT market data)
2024-09-25,822.35,3862.46,936.42,455.35,synthetic_bridge,generated by forecast_v2/build_bridge.py (NOT market data)
2024-09-26,822.23,3946.17,935.79,452.79,synthetic_bridge,generated by forecast_v2/build_bridge.py (NOT market data)
2024-09-27,825.02,3922.03,935.12,449.86,synthetic_bridge,generated by forecast_v2/build_bridge.py (NOT market data)
2024-09-30,831.31,3857.82,929.63,447.23,synthetic_bridge,generated by forecast_v2/build_bridge.py (NOT market data)
2024-10-01,832.45,3713.52,928.89,446.96,synthetic_bridge,generated by forecast_v2/build_bridge.py (NOT market data)
2024-10-02,835.45,3511.89,928.91,444.91,synthetic_bridge,generated by forecast_v2/build_bridge.py (NOT market data)
2024-10-03,835.02,3407.49,930.91,442.81,synthetic_bridge,generated by forecast_v2/build_bridge.py (NOT market data)
2024-10-04,836.45,3576.13,923.89,443.31,synthetic_bridge,generated by forecast_v2/build_bridge.py (NOT market data)
2024-10-07,832.57,3728.48,916.13,439.52,synthetic_bridge,generated by forecast_v2/build_bridge.py (NOT market data)
2024-10-08,835.65,3369.43,912.64,439.25,synthetic_bridge,generated by forecast_v2/build_bridge.py (NOT market data)
2024-10-09,840.71,3275.91,911.37,438.19,synthetic_bridge,generated by forecast_v2/build_bridge.py (NOT market data)
2024-10-10,852.5,3076.82,911.27,437.21,synthetic_bridge,generated by forecast_v2/build_bridge.py (NOT market data)
2024-10-11,872.87,2880.23,906.39,435.43,synthetic_bridge,generated by forecast_v2/build_bridge.py (NOT market data)
2024-10-14,886.11,2719.46,894.82,433.72,synthetic_bridge,generated by forecast_v2/build_bridge.py (NOT market data)
2024-10-15,909.72,2617.63,888.42,432.08,synthetic_bridge,generated by forecast_v2/build_bridge.py (NOT market data)
2024-10-16,945.54,2650.84,885.15,427.91,synthetic_bridge,generated by forecast_v2/build_bridge.py (NOT market data)
2024-10-17,991.35,2695.89,882.99,422.08,synthetic_bridge,generated by forecast_v2/build_bridge.py (NOT market data)
2024-10-18,1014.64,2625.82,877.98,418.06,synthetic_bridge,generated by forecast_v2/build_bridge.py (NOT market data)
2024-10-21,1025.17,2524.25,874.01,416.68,synthetic_bridge,generated by forecast_v2/build_bridge.py (NOT market data)
2024-10-22,1028.94,2381.77,869.12,416.18,synthetic_bridge,generated by forecast_v2/build_bridge.py (NOT market data)
2024-10-23,1020.38,2222.16,862.32,414.83,synthetic_bridge,generated by forecast_v2/build_bridge.py (NOT market data)
2024-10-24,1006.46,2037.39,861.02,415.48,synthetic_bridge,generated by forecast_v2/build_bridge.py (NOT market data)
2024-10-25,977.9,1878.99,857.76,416.37,synthetic_bridge,generated by forecast_v2/build_bridge.py (NOT market data)
2024-10-28,940.27,1844.58,853.4,418.31,synthetic_bridge,generated by forecast_v2/build_bridge.py (NOT market data)
2024-10-29,908.4,1830.02,853.74,420.39,synthetic_bridge,generated by forecast_v2/build_bridge.py (NOT market data)
2024-10-30,892.55,1824.47,850.56,422.37,synthetic_bridge,generated by forecast_v2/build_bridge.py (NOT market data)
2024-10-31,872.75,1813.63,847.11,422.47,synthetic_bridge,generated by forecast_v2/build_bridge.py (NOT market data)
2024-11-01,858.58,1826.41,852.75,424.39,synthetic_bridge,generated by forecast_v2/build_bridge.py (NOT market data)
2024-11-04,851.62,1859.89,854.74,424.32,synthetic_bridge,generated by forecast_v2/build_bridge.py (NOT market data)
2024-11-05,851.9,1897.19,854.3,422.29,synthetic_bridge,generated by forecast_v2/build_bridge.py (NOT market data)
2024-11-06,868.2,1980.66,853.82,422.14,synthetic_bridge,generated by forecast_v2/build_bridge.py (NOT market data)
2024-11-07,914.36,1963.88,854.52,423.89,synthetic_bridge,generated by forecast_v2/build_bridge.py (NOT market data)
2024-11-08,963.12,1925.53,855.24,424.67,synthetic_bridge,generated by forecast_v2/build_bridge.py (NOT market data)
2024-11-11,987.12,1911.49,857.13,430.25,synthetic_bridge,generated by forecast_v2/build_bridge.py (NOT market data)
2024-11-12,989.95,1901.9,858.98,433.86,synthetic_bridge,generated by forecast_v2/build_bridge.py (NOT market data)
2024-11-13,981.86,1881.5,856.14,437.42,synthetic_bridge,generated by forecast_v2/build_bridge.py (NOT market data)
2024-11-14,963.04,1958.8,852.07,440.91,synthetic_bridge,generated by forecast_v2/build_bridge.py (NOT market data)
2024-11-15,947.87,2137.67,849.09,448.19,synthetic_bridge,generated by forecast_v2/build_bridge.py (NOT market data)
2024-11-18,942.91,2163.11,844.88,454.38,synthetic_bridge,generated by forecast_v2/build_bridge.py (NOT market data)
2024-11-19,936.72,2142.13,838.33,458.52,synthetic_bridge,generated by forecast_v2/build_bridge.py (NOT market data)
2024-11-20,926.85,2086.32,835.2,461.58,synthetic_bridge,generated by forecast_v2/build_bridge.py (NOT market data)
2024-11-21,923.59,2049.96,826.32,462.62,synthetic_bridge,generated by forecast_v2/build_bridge.py (NOT market data)
2024-11-22,915.39,2036.24,823.66,458.92,synthetic_bridge,generated by forecast_v2/build_bridge.py (NOT market data)
2024-11-25,910.81,2026.38,813.34,452.77,synthetic_bridge,generated by forecast_v2/build_bridge.py (NOT market data)
2024-11-26,929.5,2013.89,803.96,448.1,synthetic_bridge,generated by forecast_v2/build_bridge.py (NOT market data)
2024-11-27,959.55,2034.71,796.07,444.99,synthetic_bridge,generated by forecast_v2/build_bridge.py (NOT market data)
2024-11-28,989.94,2050.26,792.39,445.62,synthetic_bridge,generated by forecast_v2/build_bridge.py (NOT market data)
2024-11-29,1009.23,2069.14,793.24,448.3,synthetic_bridge,generated by forecast_v2/build_bridge.py (NOT market data)
2024-12-02,1031.41,2079.96,796.84,447.87,synthetic_bridge,generated by forecast_v2/build_bridge.py (NOT market data)
2024-12-03,1043.87,1993.36,804.27,450.13,synthetic_bridge,generated by forecast_v2/build_bridge.py (NOT market data)
2024-12-04,1046.49,1803.5,811.64,448.5,synthetic_bridge,generated by forecast_v2/build_bridge.py (NOT market data)
2024-12-05,1040.77,1740.19,816.65,447.96,synthetic_bridge,generated by forecast_v2/build_bridge.py (NOT market data)
2024-12-06,1033.91,1691.0,817.85,447.7,synthetic_bridge,generated by forecast_v2/build_bridge.py (NOT market data)
2024-12-09,1029.35,1686.07,816.58,448.37,synthetic_bridge,generated by forecast_v2/build_bridge.py (NOT market data)
2024-12-10,1028.84,1679.93,814.2,444.99,synthetic_bridge,generated by forecast_v2/build_bridge.py (NOT market data)
2024-12-11,1038.5,1657.32,820.28,442.5,synthetic_bridge,generated by forecast_v2/build_bridge.py (NOT market data)
2024-12-12,1034.08,1559.24,822.36,442.96,synthetic_bridge,generated by forecast_v2/build_bridge.py (NOT market data)
2024-12-13,1026.38,1522.02,824.56,442.83,synthetic_bridge,generated by forecast_v2/build_bridge.py (NOT market data)
2024-12-16,1014.03,1474.05,827.55,442.78,synthetic_bridge,generated by forecast_v2/build_bridge.py (NOT market data)
2024-12-17,996.17,1391.16,829.95,444.21,synthetic_bridge,generated by forecast_v2/build_bridge.py (NOT market data)
2024-12-18,967.52,1309.66,837.81,447.08,synthetic_bridge,generated by forecast_v2/build_bridge.py (NOT market data)
2024-12-19,937.73,1264.93,841.63,449.98,synthetic_bridge,generated by forecast_v2/build_bridge.py (NOT market data)
2024-12-20,911.82,1192.81,843.49,452.2,synthetic_bridge,generated by forecast_v2/build_bridge.py (NOT market data)
2024-12-23,875.59,1148.69,843.91,454.95,synthetic_bridge,generated by forecast_v2/build_bridge.py (NOT market data)
2024-12-24,833.19,1138.33,844.25,455.98,synthetic_bridge,generated by forecast_v2/build_bridge.py (NOT market data)
2024-12-25,800.36,1156.23,841.2,456.73,synthetic_bridge,generated by forecast_v2/build_bridge.py (NOT market data)
2024-12-26,782.34,1167.45,835.36,456.44,synthetic_bridge,generated by forecast_v2/build_bridge.py (NOT market data)
2024-12-27,762.16,1181.07,828.76,455.33,synthetic_bridge,generated by forecast_v2/build_bridge.py (NOT market data)
2024-12-30,758.76,1189.6,820.75,455.87,synthetic_bridge,generated by forecast_v2/build_bridge.py (NOT market data)
2024-12-31,758.11,1233.38,816.0,456.49,synthetic_bridge,generated by forecast_v2/build_bridge.py (NOT market data)
2025-01-01,761.23,1257.88,811.75,456.39,synthetic_bridge,generated by forecast_v2/build_bridge.py (NOT market data)
2025-01-02,762.48,1307.65,807.99,456.44,synthetic_bridge,generated by forecast_v2/build_bridge.py (NOT market data)
2025-01-03,766.22,1325.14,806.51,458.32,synthetic_bridge,generated by forecast_v2/build_bridge.py (NOT market data)
2025-01-06,773.07,1318.63,805.41,461.17,synthetic_bridge,generated by forecast_v2/build_bridge.py (NOT market data)
2025-01-07,779.07,1306.28,803.69,461.62,synthetic_bridge,generated by forecast_v2/build_bridge.py (NOT market data)
2025-01-08,784.93,1297.78,802.23,463.86,synthetic_bridge,generated by forecast_v2/build_bridge.py (NOT market data)
2025-01-09,787.41,1291.34,799.11,466.19,synthetic_bridge,generated by forecast_v2/build_bridge.py (NOT market data)
2025-01-10,782.45,1273.66,797.1,466.91,synthetic_bridge,generated by forecast_v2/build_bridge.py (NOT market data)
2025-01-13,769.98,1273.39,796.14,466.83,synthetic_bridge,generated by forecast_v2/build_bridge.py (NOT market data)
2025-01-14,758.95,1269.52,797.16,466.81,synthetic_bridge,generated by forecast_v2/build_bridge.py (NOT market data)
2025-01-15,754.45,1264.85,797.31,469.37,synthetic_bridge,generated by forecast_v2/build_bridge.py (NOT market data)
2025-01-16,745.86,1272.86,800.36,469.41,synthetic_bridge,generated by forecast_v2/build_bridge.py (NOT market data)
2025-01-17,736.49,1288.68,801.59,468.64,synthetic_bridge,generated by forecast_v2/build_bridge.py (NOT market data)
2025-01-20,728.88,1298.64,805.7,468.75,synthetic_bridge,generated by forecast_v2/build_bridge.py (NOT market data)
2025-01-21,726.71,1325.53,799.81,468.7,synthetic_bridge,generated by forecast_v2/build_bridge.py (NOT market data)
2025-01-22,725.62,1377.71,796.05,468.98,synthetic_bridge,generated by forecast_v2/build_bridge.py (NOT market data)
2025-01-23,734.36,1414.68,795.6,467.72,synthetic_bridge,generated by forecast_v2/build_bridge.py (NOT market data)
2025-01-24,755.4,1439.72,790.57,466.66,synthetic_bridge,generated by forecast_v2/build_bridge.py (NOT market data)
2025-01-27,792.24,1451.82,787.06,464.95,synthetic_bridge,generated by forecast_v2/build_bridge.py (NOT market data)
2025-01-28,827.38,1462.64,787.22,465.85,synthetic_bridge,generated by forecast_v2/build_bridge.py (NOT market data)
2025-01-29,851.82,1459.95,786.56,466.03,synthetic_bridge,generated by forecast_v2/build_bridge.py (NOT market data)
2025-01-30,873.31,1455.09,786.82,466.32,synthetic_bridge,generated by forecast_v2/build_bridge.py (NOT market data)
2025-01-31,893.11,1448.5,790.6,464.99,synthetic_bridge,generated by forecast_v2/build_bridge.py (NOT market data)
2025-02-03,908.02,1429.02,792.54,461.18,synthetic_bridge,generated by forecast_v2/build_bridge.py (NOT market data)
2025-02-04,918.0,1416.11,797.92,457.38,synthetic_bridge,generated by forecast_v2/build_bridge.py (NOT market data)
2025-02-05,920.0,1410.56,801.34,456.09,synthetic_bridge,generated by forecast_v2/build_bridge.py (NOT market data)
2025-02-06,914.15,1395.91,807.24,455.62,synthetic_bridge,generated by forecast_v2/build_bridge.py (NOT market data)
2025-02-07,905.41,1382.9,813.82,456.78,synthetic_bridge,generated by forecast_v2/build_bridge.py (NOT market data)
2025-02-10,890.06,1351.52,821.96,454.47,synthetic_bridge,generated by forecast_v2/build_bridge.py (NOT market data)
2025-02-11,877.02,1341.27,826.23,454.66,synthetic_bridge,generated by forecast_v2/build_bridge.py (NOT market data)
2025-02-12,868.09,1337.1,827.57,455.62,synthetic_bridge,generated by forecast_v2/build_bridge.py (NOT market data)
2025-02-13,858.55,1333.85,830.53,454.8,synthetic_bridge,generated by forecast_v2/build_bridge.py (NOT market data)
2025-02-14,846.86,1354.48,828.82,454.78,synthetic_bridge,generated by forecast_v2/build_bridge.py (NOT market data)
2025-02-17,837.06,1395.94,826.11,454.71,synthetic_bridge,generated by forecast_v2/build_bridge.py (NOT market data)
2025-02-18,824.31,1408.8,824.27,454.6,synthetic_bridge,generated by forecast_v2/build_bridge.py (NOT market data)
2025-02-19,808.91,1348.76,815.95,452.62,synthetic_bridge,generated by forecast_v2/build_bridge.py (NOT market data)
2025-02-20,783.69,1151.04,811.36,450.86,synthetic_bridge,generated by forecast_v2/build_bridge.py (NOT market data)
2025-02-21,755.96,1122.63,802.38,449.43,synthetic_bridge,generated by forecast_v2/build_bridge.py (NOT market data)
2025-02-24,733.3,1133.0,793.42,447.32,synthetic_bridge,generated by forecast_v2/build_bridge.py (NOT market data)
2025-02-25,720.4,1194.88,787.16,444.48,synthetic_bridge,generated by forecast_v2/build_bridge.py (NOT market data)
2025-02-26,713.19,1224.01,780.09,438.06,synthetic_bridge,generated by forecast_v2/build_bridge.py (NOT market data)
2025-02-27,702.75,1199.25,769.2,435.95,synthetic_bridge,generated by forecast_v2/build_bridge.py (NOT market data)
2025-02-28,694.9,1145.71,756.83,433.86,synthetic_bridge,generated by forecast_v2/build_bridge.py (NOT market data)
2025-03-03,693.69,1134.88,746.29,431.92,synthetic_bridge,generated by forecast_v2/build_bridge.py (NOT market data)
2025-03-04,698.54,1151.75,738.67,428.01,synthetic_bridge,generated by forecast_v2/build_bridge.py (NOT market data)
2025-03-05,705.09,1139.15,736.03,426.55,synthetic_bridge,generated by forecast_v2/build_bridge.py (NOT market data)
2025-03-06,715.06,1120.14,735.11,423.16,synthetic_bridge,generated by forecast_v2/build_bridge.py (NOT market data)
2025-03-07,733.45,1054.78,730.47,422.24,synthetic_bridge,generated by forecast_v2/build_bridge.py (NOT market data)
2025-03-10,770.78,973.75,728.46,421.55,synthetic_bridge,generated by forecast_v2/build_bridge.py (NOT market data)
2025-03-11,806.16,951.27,727.93,421.06,synthetic_bridge,generated by forecast_v2/build_bridge.py (NOT market data)
2025-03-12,822.1,961.03,728.79,422.98,synthetic_bridge,generated by forecast_v2/build_bridge.py (NOT market data)
2025-03-13,832.05,957.65,729.87,423.91,synthetic_bridge,generated by forecast_v2/build_bridge.py (NOT market data)
2025-03-14,829.38,920.35,732.17,426.06,synthetic_bridge,generated by forecast_v2/build_bridge.py (NOT market data)
2025-03-17,815.09,873.24,734.53,427.14,synthetic_bridge,generated by forecast_v2/build_bridge.py (NOT market data)
2025-03-18,799.2,851.04,738.01,427.11,synthetic_bridge,generated by forecast_v2/build_bridge.py (NOT market data)
2025-03-19,791.98,857.72,739.24,423.67,synthetic_bridge,generated by forecast_v2/build_bridge.py (NOT market data)
2025-03-20,784.13,864.22,741.42,423.69,synthetic_bridge,generated by forecast_v2/build_bridge.py (NOT market data)
2025-03-21,789.73,894.18,743.87,422.52,synthetic_bridge,generated by forecast_v2/build_bridge.py (NOT market data)
2025-03-24,812.4,905.89,742.33,421.38,synthetic_bridge,generated by forecast_v2/build_bridge.py (NOT market data)
2025-03-25,851.95,913.97,741.57,421.55,synthetic_bridge,generated by forecast_v2/build_bridge.py (NOT market data)
2025-03-26,892.83,975.99,740.64,419.5,synthetic_bridge,generated by forecast_v2/build_bridge.py (NOT market data)
2025-03-27,913.48,974.54,742.41,417.91,synthetic_bridge,generated by forecast_v2/build_bridge.py (NOT market data)
2025-03-28,949.59,958.0,741.35,417.85,synthetic_bridge,generated by forecast_v2/build_bridge.py (NOT market data)
2025-03-31,1000.74,945.81,740.82,420.58,synthetic_bridge,generated by forecast_v2/build_bridge.py (NOT market data)
2025-04-01,1054.3,947.49,749.78,424.78,synthetic_bridge,generated by forecast_v2/build_bridge.py (NOT market data)
2025-04-02,1090.05,968.1,760.12,427.87,synthetic_bridge,generated by forecast_v2/build_bridge.py (NOT market data)
2025-04-03,1124.4,1000.83,771.72,432.34,synthetic_bridge,generated by forecast_v2/build_bridge.py (NOT market data)
2025-04-04,1167.73,1086.61,781.01,438.13,synthetic_bridge,generated by forecast_v2/build_bridge.py (NOT market data)
2025-04-07,1231.76,1265.94,793.61,443.92,synthetic_bridge,generated by forecast_v2/build_bridge.py (NOT market data)
2025-04-08,1270.74,1503.38,807.09,447.09,synthetic_bridge,generated by forecast_v2/build_bridge.py (NOT market data)
2025-04-09,1268.49,1515.84,817.9,452.72,synthetic_bridge,generated by forecast_v2/build_bridge.py (NOT market data)
2025-04-10,1249.84,1525.46,824.82,453.08,synthetic_bridge,generated by forecast_v2/build_bridge.py (NOT market data)
2025-04-11,1223.04,1588.59,825.54,457.13,synthetic_bridge,generated by forecast_v2/build_bridge.py (NOT market data)
2025-04-14,1204.8,1742.85,823.55,458.43,synthetic_bridge,generated by forecast_v2/build_bridge.py (NOT market data)
2025-04-15,1190.91,1742.84,824.64,460.84,synthetic_bridge,generated by forecast_v2/build_bridge.py (NOT market data)
2025-04-16,1188.59,1688.91,823.1,461.79,synthetic_bridge,generated by forecast_v2/build_bridge.py (NOT market data)
2025-04-17,1184.87,1625.35,821.3,460.04,synthetic_bridge,generated by forecast_v2/build_bridge.py (NOT market data)
2025-04-18,1188.01,1725.22,817.5,456.73,synthetic_bridge,generated by forecast_v2/build_bridge.py (NOT market data)
2025-04-21,1198.47,1964.27,804.9,454.44,synthetic_bridge,generated by forecast_v2/build_bridge.py (NOT market data)
2025-04-22,1206.03,2086.71,796.58,453.18,synthetic_bridge,generated by forecast_v2/build_bridge.py (NOT market data)
2025-04-23,1203.31,2183.48,790.27,452.97,synthetic_bridge,generated by forecast_v2/build_bridge.py (NOT market data)
2025-04-24,1195.52,2179.19,782.53,451.44,synthetic_bridge,generated by forecast_v2/build_bridge.py (NOT market data)
2025-04-25,1179.59,2190.74,771.16,449.73,synthetic_bridge,generated by forecast_v2/build_bridge.py (NOT market data)
2025-04-28,1156.31,1947.45,764.21,450.03,synthetic_bridge,generated by forecast_v2/build_bridge.py (NOT market data)
2025-04-29,1138.72,1986.58,759.42,450.2,synthetic_bridge,generated by forecast_v2/build_bridge.py (NOT market data)
2025-04-30,1130.52,2224.9,757.97,450.24,synthetic_bridge,generated by forecast_v2/build_bridge.py (NOT market data)
2025-05-01,1128.07,2430.48,758.73,451.27,synthetic_bridge,generated by forecast_v2/build_bridge.py (NOT market data)
2025-05-02,1131.19,2547.35,757.11,452.21,synthetic_bridge,generated by forecast_v2/build_bridge.py (NOT market data)
2025-05-05,1149.89,2712.72,758.9,453.09,synthetic_bridge,generated by forecast_v2/build_bridge.py (NOT market data)
2025-05-06,1186.94,3017.3,788.12,454.99,synthetic_bridge,generated by forecast_v2/build_bridge.py (NOT market data)
2025-05-07,1214.57,2962.23,767.75,455.76,synthetic_bridge,generated by forecast_v2/build_bridge.py (NOT market data)
2025-05-08,1232.66,2841.65,769.2,456.47,synthetic_bridge,generated by forecast_v2/build_bridge.py (NOT market data)
2025-05-09,1239.69,2761.35,769.4,456.05,synthetic_bridge,generated by forecast_v2/build_bridge.py (NOT market data)
2025-05-12,1229.42,2595.07,770.64,455.58,synthetic_bridge,generated by forecast_v2/build_bridge.py (NOT market data)
2025-05-13,1200.94,2403.99,769.47,455.07,synthetic_bridge,generated by forecast_v2/build_bridge.py (NOT market data)
2025-05-14,1164.81,2301.26,771.61,453.44,synthetic_bridge,generated by forecast_v2/build_bridge.py (NOT market data)
2025-05-15,1132.8,2228.49,772.51,450.71,synthetic_bridge,generated by forecast_v2/build_bridge.py (NOT market data)
2025-05-16,1109.76,2199.54,771.07,447.98,synthetic_bridge,generated by forecast_v2/build_bridge.py (NOT market data)
2025-05-19,1101.83,2183.36,766.57,450.8,synthetic_bridge,generated by forecast_v2/build_bridge.py (NOT market data)
2025-05-20,1092.36,2097.58,769.9,462.54,synthetic_bridge,generated by forecast_v2/build_bridge.py (NOT market data)
2025-05-21,1098.39,1918.8,783.16,466.28,synthetic_bridge,generated by forecast_v2/build_bridge.py (NOT market data)
2025-05-22,1115.58,1802.99,797.66,474.47,synthetic_bridge,generated by forecast_v2/build_bridge.py (NOT market data)
2025-05-23,1131.91,1677.28,835.76,484.59,synthetic_bridge,generated by forecast_v2/build_bridge.py (NOT market data)
2025-05-26,1152.82,1621.47,893.71,497.07,synthetic_bridge,generated by forecast_v2/build_bridge.py (NOT market data)
2025-05-27,1168.24,1613.95,948.16,511.93,synthetic_bridge,generated by forecast_v2/build_bridge.py (NOT market data)
2025-05-28,1177.9,1665.56,1048.67,530.92,synthetic_bridge,generated by forecast_v2/build_bridge.py (NOT market data)
2025-05-29,1181.46,1661.0,1118.87,540.38,synthetic_bridge,generated by forecast_v2/build_bridge.py (NOT market data)
2025-05-30,1182.53,1627.85,1186.24,554.03,synthetic_bridge,generated by forecast_v2/build_bridge.py (NOT market data)
2025-06-02,1195.97,1482.5,1244.43,577.02,synthetic_bridge,generated by forecast_v2/build_bridge.py (NOT market data)
2025-06-03,1206.43,1317.74,1285.33,593.7,synthetic_bridge,generated by forecast_v2/build_bridge.py (NOT market data)
2025-06-04,1212.02,1300.83,1348.47,605.8,synthetic_bridge,generated by forecast_v2/build_bridge.py (NOT market data)
2025-06-05,1218.38,1246.08,1376.37,613.35,synthetic_bridge,generated by forecast_v2/build_bridge.py (NOT market data)
2025-06-06,1241.77,1191.9,1387.53,621.56,synthetic_bridge,generated by forecast_v2/build_bridge.py (NOT market data)
2025-06-09,1279.74,1200.36,1384.62,627.02,synthetic_bridge,generated by forecast_v2/build_bridge.py (NOT market data)
2025-06-10,1335.11,1153.73,1381.56,638.2,synthetic_bridge,generated by forecast_v2/build_bridge.py (NOT market data)
2025-06-11,1426.05,1063.08,1380.33,641.66,synthetic_bridge,generated by forecast_v2/build_bridge.py (NOT market data)
2025-06-12,1493.17,891.18,1375.49,642.61,synthetic_bridge,generated by forecast_v2/build_bridge.py (NOT market data)
2025-06-13,1533.48,831.7,1365.5,641.19,synthetic_bridge,generated by forecast_v2/build_bridge.py (NOT market data)
2025-06-16,1548.06,706.72,1356.01,648.69,synthetic_bridge,generated by forecast_v2/build_bridge.py (NOT market data)
2025-06-17,1547.12,652.25,1350.49,649.95,synthetic_bridge,generated by forecast_v2/build_bridge.py (NOT market data)
2025-06-18,1522.8,658.76,1336.22,647.32,synthetic_bridge,generated by forecast_v2/build_bridge.py (NOT market data)
2025-06-19,1496.69,665.05,1318.8,641.16,synthetic_bridge,generated by forecast_v2/build_bridge.py (NOT market data)
2025-06-20,1472.65,726.64,1298.06,632.41,synthetic_bridge,generated by forecast_v2/build_bridge.py (NOT market data)
2025-06-23,1457.63,847.95,1260.59,624.29,synthetic_bridge,generated by forecast_v2/build_bridge.py (NOT market data)
2025-06-24,1441.13,922.16,1229.4,616.46,synthetic_bridge,generated by forecast_v2/build_bridge.py (NOT market data)
2025-06-25,1416.2,985.7,1200.88,609.21,synthetic_bridge,generated by forecast_v2/build_bridge.py (NOT market data)
2025-06-26,1388.41,1003.42,1170.1,599.85,synthetic_bridge,generated by forecast_v2/build_bridge.py (NOT market data)
2025-06-27,1354.53,1027.81,1134.18,590.04,synthetic_bridge,generated by forecast_v2/build_bridge.py (NOT market data)
2025-06-30,1315.13,930.12,1105.45,582.77,synthetic_bridge,generated by forecast_v2/build_bridge.py (NOT market data)
2025-07-01,1284.5,965.08,1080.54,575.31,synthetic_bridge,generated by forecast_v2/build_bridge.py (NOT market data)
2025-07-02,1266.04,1098.53,1061.11,567.8,synthetic_bridge,generated by forecast_v2/build_bridge.py (NOT market data)
2025-07-03,1255.11,1218.88,1045.44,561.7,synthetic_bridge,generated by forecast_v2/build_bridge.py (NOT market data)
2025-07-04,1251.08,1296.84,1027.24,555.7,synthetic_bridge,generated by forecast_v2/build_bridge.py (NOT market data)
2025-07-07,1264.67,1401.26,1014.37,549.85,synthetic_bridge,generated by forecast_v2/build_bridge.py (NOT market data)
2025-07-08,1298.52,1580.75,1038.32,545.5,synthetic_bridge,generated by forecast_v2/build_bridge.py (NOT market data)
2025-07-09,1322.02,1573.36,997.5,540.05,synthetic_bridge,generated by forecast_v2/build_bridge.py (NOT market data)
2025-07-10,1335.19,1529.67,986.09,534.8,synthetic_bridge,generated by forecast_v2/build_bridge.py (NOT market data)
2025-07-11,1336.53,1506.02,973.75,528.53,synthetic_bridge,generated by forecast_v2/build_bridge.py (NOT market data)
2025-07-14,1319.53,1433.55,963.36,522.51,synthetic_bridge,generated by forecast_v2/build_bridge.py (NOT market data)
2025-07-15,1283.44,1344.73,950.62,516.75,synthetic_bridge,generated by forecast_v2/build_bridge.py (NOT market data)
2025-07-16,1244.48,1242.08,939.67,512.89,synthetic_bridge,generated by forecast_v2/build_bridge.py (NOT market data)
2025-07-17,1191.16,1142.51,926.84,508.78,synthetic_bridge,generated by forecast_v2/build_bridge.py (NOT market data)
2025-07-18,1129.94,1054.43,918.4,505.76,synthetic_bridge,generated by forecast_v2/build_bridge.py (NOT market data)
2025-07-21,1084.62,1094.3,908.18,503.88,synthetic_bridge,generated by forecast_v2/build_bridge.py (NOT market data)
2025-07-22,1049.07,1130.23,898.0,501.58,synthetic_bridge,generated by forecast_v2/build_bridge.py (NOT market data)
2025-07-23,1026.06,1173.44,890.59,499.59,synthetic_bridge,generated by forecast_v2/build_bridge.py (NOT market data)
2025-07-24,1019.86,1250.9,885.91,498.58,synthetic_bridge,generated by forecast_v2/build_bridge.py (NOT market data)
2025-07-25,1010.03,1253.37,880.44,496.33,synthetic_bridge,generated by forecast_v2/build_bridge.py (NOT market data)
2025-07-28,991.0,1244.58,876.22,495.06,synthetic_bridge,generated by forecast_v2/build_bridge.py (NOT market data)
2025-07-29,967.8,1236.73,877.93,494.74,synthetic_bridge,generated by forecast_v2/build_bridge.py (NOT market data)
2025-07-30,949.62,1234.46,877.36,492.5,synthetic_bridge,generated by forecast_v2/build_bridge.py (NOT market data)
2025-07-31,927.03,1220.04,873.93,489.82,synthetic_bridge,generated by forecast_v2/build_bridge.py (NOT market data)
2025-08-01,903.05,1213.28,868.37,488.81,synthetic_bridge,generated by forecast_v2/build_bridge.py (NOT market data)
2025-08-04,880.06,1187.01,865.31,488.03,synthetic_bridge,generated by forecast_v2/build_bridge.py (NOT market data)
2025-08-05,862.28,1179.98,869.24,488.16,synthetic_bridge,generated by forecast_v2/build_bridge.py (NOT market data)
2025-08-06,846.53,1177.83,874.15,487.11,synthetic_bridge,generated by forecast_v2/build_bridge.py (NOT market data)
2025-08-07,830.28,1181.47,873.57,486.97,synthetic_bridge,generated by forecast_v2/build_bridge.py (NOT market data)
2025-08-08,828.22,1257.97,871.45,489.75,synthetic_bridge,generated by forecast_v2/build_bridge.py (NOT market data)
2025-08-11,830.41,1229.31,872.91,491.98,synthetic_bridge,generated by forecast_v2/build_bridge.py (NOT market data)
2025-08-12,844.14,1203.91,874.04,495.02,synthetic_bridge,generated by forecast_v2/build_bridge.py (NOT market data)
2025-08-13,863.1,1208.01,880.5,496.13,synthetic_bridge,generated by forecast_v2/build_bridge.py (NOT market data)
2025-08-14,879.05,1204.32,890.13,496.59,synthetic_bridge,generated by forecast_v2/build_bridge.py (NOT market data)
2025-08-15,892.28,1203.24,903.89,497.96,synthetic_bridge,generated by forecast_v2/build_bridge.py (NOT market data)
2025-08-18,917.93,1224.98,905.19,497.53,synthetic_bridge,generated by forecast_v2/build_bridge.py (NOT market data)
2025-08-19,938.19,1214.17,908.88,499.59,synthetic_bridge,generated by forecast_v2/build_bridge.py (NOT market data)
2025-08-20,958.77,1214.8,912.06,495.53,synthetic_bridge,generated by forecast_v2/build_bridge.py (NOT market data)
2025-08-21,969.56,1223.34,914.71,492.55,synthetic_bridge,generated by forecast_v2/build_bridge.py (NOT market data)
2025-08-22,974.83,1230.32,919.73,492.11,synthetic_bridge,generated by forecast_v2/build_bridge.py (NOT market data)
2025-08-25,973.34,1246.67,922.69,491.4,synthetic_bridge,generated by forecast_v2/build_bridge.py (NOT market data)
2025-08-26,956.84,1267.62,925.09,490.42,synthetic_bridge,generated by forecast_v2/build_bridge.py (NOT market data)
2025-08-27,935.64,1288.37,922.54,487.77,synthetic_bridge,generated by forecast_v2/build_bridge.py (NOT market data)
2025-08-28,920.04,1313.33,918.09,483.5,synthetic_bridge,generated by forecast_v2/build_bridge.py (NOT market data)
2025-08-29,900.3,1310.3,910.38,476.25,synthetic_bridge,generated by forecast_v2/build_bridge.py (NOT market data)
2025-09-01,879.44,1320.67,903.95,471.75,synthetic_bridge,generated by forecast_v2/build_bridge.py (NOT market data)
2025-09-02,859.01,1369.93,901.79,470.04,synthetic_bridge,generated by forecast_v2/build_bridge.py (NOT market data)
2025-09-03,847.66,1423.22,899.56,466.86,synthetic_bridge,generated by forecast_v2/build_bridge.py (NOT market data)
2025-09-04,838.22,1526.42,897.32,465.09,synthetic_bridge,generated by forecast_v2/build_bridge.py (NOT market data)
2025-09-05,836.39,1690.32,893.67,463.33,synthetic_bridge,generated by forecast_v2/build_bridge.py (NOT market data)
2025-09-08,840.66,2170.41,894.45,461.59,synthetic_bridge,generated by forecast_v2/build_bridge.py (NOT market data)
2025-09-09,837.88,2224.65,899.6,461.3,synthetic_bridge,generated by forecast_v2/build_bridge.py (NOT market data)
2025-09-10,839.5,2164.9,900.42,462.47,synthetic_bridge,generated by forecast_v2/build_bridge.py (NOT market data)
2025-09-11,841.12,2135.97,901.27,460.82,synthetic_bridge,generated by forecast_v2/build_bridge.py (NOT market data)
2025-09-12,826.13,2079.95,904.01,460.61,synthetic_bridge,generated by forecast_v2/build_bridge.py (NOT market data)
2025-09-15,799.73,2039.16,905.94,461.59,synthetic_bridge,generated by forecast_v2/build_bridge.py (NOT market data)
2025-09-16,790.7,2093.65,906.18,460.91,synthetic_bridge,generated by forecast_v2/build_bridge.py (NOT market data)
2025-09-17,784.15,2059.81,904.95,462.45,synthetic_bridge,generated by forecast_v2/build_bridge.py (NOT market data)
2025-09-18,777.09,1959.25,904.48,466.09,synthetic_bridge,generated by forecast_v2/build_bridge.py (NOT market data)
2025-09-19,778.64,1953.0,903.41,468.98,synthetic_bridge,generated by forecast_v2/build_bridge.py (NOT market data)
2025-09-22,789.75,1912.88,903.75,468.17,synthetic_bridge,generated by forecast_v2/build_bridge.py (NOT market data)
2025-09-23,813.9,1880.36,905.42,468.48,synthetic_bridge,generated by forecast_v2/build_bridge.py (NOT market data)
2025-09-24,850.46,1924.58,906.24,471.8,synthetic_bridge,generated by forecast_v2/build_bridge.py (NOT market data)
2025-09-25,880.62,2013.41,909.29,474.21,synthetic_bridge,generated by forecast_v2/build_bridge.py (NOT market data)
2025-09-26,908.83,2141.53,914.44,478.57,synthetic_bridge,generated by forecast_v2/build_bridge.py (NOT market data)
2025-09-29,927.49,2246.7,925.77,482.91,synthetic_bridge,generated by forecast_v2/build_bridge.py (NOT market data)
2025-09-30,941.91,2261.41,933.7,487.18,synthetic_bridge,generated by forecast_v2/build_bridge.py (NOT market data)
2025-10-01,966.27,2166.81,941.33,490.41,synthetic_bridge,generated by forecast_v2/build_bridge.py (NOT market data)
2025-10-02,989.71,2068.67,953.76,496.38,synthetic_bridge,generated by forecast_v2/build_bridge.py (NOT market data)
2025-10-03,1012.17,2059.23,978.03,504.08,synthetic_bridge,generated by forecast_v2/build_bridge.py (NOT market data)
2025-10-06,1024.88,2072.92,1001.5,509.64,synthetic_bridge,generated by forecast_v2/build_bridge.py (NOT market data)
2025-10-07,1027.29,2050.39,1016.91,522.54,synthetic_bridge,generated by forecast_v2/build_bridge.py (NOT market data)
2025-10-08,1028.34,2063.19,1031.45,531.25,synthetic_bridge,generated by forecast_v2/build_bridge.py (NOT market data)
2025-10-09,1020.87,2147.65,1041.04,542.41,synthetic_bridge,generated by forecast_v2/build_bridge.py (NOT market data)
2025-10-10,1005.18,2191.5,1050.78,549.36,synthetic_bridge,generated by forecast_v2/build_bridge.py (NOT market data)
2025-10-13,992.72,2197.63,1056.6,558.07,synthetic_bridge,generated by forecast_v2/build_bridge.py (NOT market data)
2025-10-14,983.81,2316.7,1070.73,563.07,synthetic_bridge,generated by forecast_v2/build_bridge.py (NOT market data)
2025-10-15,974.54,2353.42,1079.17,568.26,synthetic_bridge,generated by forecast_v2/build_bridge.py (NOT market data)
2025-10-16,963.81,2514.61,1091.4,577.65,synthetic_bridge,generated by forecast_v2/build_bridge.py (NOT market data)
2025-10-17,954.63,2619.07,1101.42,583.29,synthetic_bridge,generated by forecast_v2/build_bridge.py (NOT market data)
2025-10-20,944.23,2630.91,1107.94,589.43,synthetic_bridge,generated by forecast_v2/build_bridge.py (NOT market data)
2025-10-21,937.78,2849.19,1114.29,592.04,synthetic_bridge,generated by forecast_v2/build_bridge.py (NOT market data)
2025-10-22,948.82,2916.87,1114.78,592.6,synthetic_bridge,generated by forecast_v2/build_bridge.py (NOT market data)
2025-10-23,980.32,2905.71,1119.98,589.89,synthetic_bridge,generated by forecast_v2/build_bridge.py (NOT market data)
2025-10-24,1013.02,2921.27,1124.07,586.74,synthetic_bridge,generated by forecast_v2/build_bridge.py (NOT market data)
2025-10-27,1054.19,2902.92,1127.15,584.53,synthetic_bridge,generated by forecast_v2/build_bridge.py (NOT market data)
2025-10-28,1086.39,2880.7,1122.2,579.37,synthetic_bridge,generated by forecast_v2/build_bridge.py (NOT market data)
2025-10-29,1106.94,2909.92,1118.02,573.98,synthetic_bridge,generated by forecast_v2/build_bridge.py (NOT market data)
2025-10-30,1144.33,3038.0,1111.83,567.11,synthetic_bridge,generated by forecast_v2/build_bridge.py (NOT market data)
2025-10-31,1188.01,3226.51,1109.28,563.96,synthetic_bridge,generated by forecast_v2/build_bridge.py (NOT market data)
2025-11-03,1289.28,3550.82,1111.61,563.18,synthetic_bridge,generated by forecast_v2/build_bridge.py (NOT market data)
2025-11-04,1353.56,3526.99,1106.46,564.68,synthetic_bridge,generated by forecast_v2/build_bridge.py (NOT market data)
2025-11-05,1360.66,3360.76,1104.76,567.12,synthetic_bridge,generated by forecast_v2/build_bridge.py (NOT market data)
2025-11-06,1376.36,3370.25,1098.42,566.74,synthetic_bridge,generated by forecast_v2/build_bridge.py (NOT market data)
2025-11-07,1395.78,3313.45,1096.75,567.29,synthetic_bridge,generated by forecast_v2/build_bridge.py (NOT market data)
2025-11-10,1441.83,3293.39,1100.79,567.54,synthetic_bridge,generated by forecast_v2/build_bridge.py (NOT market data)
2025-11-11,1462.01,3166.84,1108.09,583.64,synthetic_bridge,generated by forecast_v2/build_bridge.py (NOT market data)
2025-11-12,1492.31,2887.82,1128.59,589.31,synthetic_bridge,generated by forecast_v2/build_bridge.py (NOT market data)
2025-11-13,1525.71,2698.07,1149.93,600.09,synthetic_bridge,generated by forecast_v2/build_bridge.py (NOT market data)
2025-11-14,1548.2,2494.75,1203.02,612.77,synthetic_bridge,generated by forecast_v2/build_bridge.py (NOT market data)
2025-11-17,1567.99,2393.38,1282.43,627.84,synthetic_bridge,generated by forecast_v2/build_bridge.py (NOT market data)
2025-11-18,1574.62,2362.92,1353.79,645.09,synthetic_bridge,generated by forecast_v2/build_bridge.py (NOT market data)
2025-11-19,1569.48,2418.39,1487.42,666.64,synthetic_bridge,generated by forecast_v2/build_bridge.py (NOT market data)
2025-11-20,1554.11,2391.53,1574.18,675.27,synthetic_bridge,generated by forecast_v2/build_bridge.py (NOT market data)
2025-11-21,1534.64,2323.69,1653.37,688.26,synthetic_bridge,generated by forecast_v2/build_bridge.py (NOT market data)
2025-11-24,1531.1,2097.73,1716.41,711.89,synthetic_bridge,generated by forecast_v2/build_bridge.py (NOT market data)
2025-11-25,1523.94,1848.1,1752.88,726.82,synthetic_bridge,generated by forecast_v2/build_bridge.py (NOT market data)
2025-11-26,1511.27,1808.09,1817.15,735.4,synthetic_bridge,generated by forecast_v2/build_bridge.py (NOT market data)
2025-11-27,1500.36,1716.38,1831.9,737.92,synthetic_bridge,generated by forecast_v2/build_bridge.py (NOT market data)
2025-11-28,1511.03,1626.92,1823.48,740.82,synthetic_bridge,generated by forecast_v2/build_bridge.py (NOT market data)
2025-12-01,1539.58,1623.65,1796.49,740.17,synthetic_bridge,generated by forecast_v2/build_bridge.py (NOT market data)
2025-12-02,1588.79,1546.5,1769.68,746.03,synthetic_bridge,generated by forecast_v2/build_bridge.py (NOT market data)
2025-12-03,1679.46,1412.25,1745.73,742.73,synthetic_bridge,generated by forecast_v2/build_bridge.py (NOT market data)
2025-12-04,1741.12,1173.4,1717.89,736.59,synthetic_bridge,generated by forecast_v2/build_bridge.py (NOT market data)
2025-12-05,1771.22,1085.53,1684.53,727.88,synthetic_bridge,generated by forecast_v2/build_bridge.py (NOT market data)
2025-12-08,1771.91,914.47,1652.82,729.42,synthetic_bridge,generated by forecast_v2/build_bridge.py (NOT market data)
2025-12-09,1751.24,828.21,1616.64,722.99,synthetic_bridge,generated by forecast_v2/build_bridge.py (NOT market data)
2025-12-10,1685.67,826.7,1571.4,706.1,synthetic_bridge,generated by forecast_v2/build_bridge.py (NOT market data)
2025-12-11,1611.71,895.55,1524.04,691.66,synthetic_bridge,generated by forecast_v2/build_bridge.py (NOT market data)
2025-12-12,1536.3,960.0,1479.94,679.45,synthetic_bridge,generated by forecast_v2/build_bridge.py (NOT market data)
2025-12-15,1450.6,997.01,1439.4,665.34,synthetic_bridge,generated by forecast_v2/build_bridge.py (NOT market data)
2025-12-16,1376.48,1117.07,1394.3,651.0,synthetic_bridge,generated by forecast_v2/build_bridge.py (NOT market data)
2025-12-17,1317.57,1120.56,1353.71,637.16,synthetic_bridge,generated by forecast_v2/build_bridge.py (NOT market data)
2025-12-18,1273.89,1089.73,1312.26,618.78,synthetic_bridge,generated by forecast_v2/build_bridge.py (NOT market data)
2025-12-19,1239.55,1073.81,1272.34,601.95,synthetic_bridge,generated by forecast_v2/build_bridge.py (NOT market data)
2025-12-22,1221.75,1001.28,1230.85,584.13,synthetic_bridge,generated by forecast_v2/build_bridge.py (NOT market data)
2025-12-23,1213.84,939.35,1191.64,568.25,synthetic_bridge,generated by forecast_v2/build_bridge.py (NOT market data)
2025-12-24,1198.73,887.84,1154.73,553.04,synthetic_bridge,generated by forecast_v2/build_bridge.py (NOT market data)
2025-12-25,1177.57,860.17,1123.31,537.27,synthetic_bridge,generated by forecast_v2/build_bridge.py (NOT market data)
2025-12-26,1158.81,842.62,1093.91,523.56,synthetic_bridge,generated by forecast_v2/build_bridge.py (NOT market data)
2025-12-29,1130.37,822.56,1058.64,499.41,synthetic_bridge,generated by forecast_v2/build_bridge.py (NOT market data)
2025-12-30,1097.34,797.7,1031.68,483.78,synthetic_bridge,generated by forecast_v2/build_bridge.py (NOT market data)
2025-12-31,1078.58,763.61,1008.05,466.57,synthetic_bridge,generated by forecast_v2/build_bridge.py (NOT market data)
2026-01-01,1064.44,711.37,987.58,456.23,synthetic_bridge,generated by forecast_v2/build_bridge.py (NOT market data)
2026-01-02,1055.92,668.38,970.1,445.36,synthetic_bridge,generated by forecast_v2/build_bridge.py (NOT market data)
2026-01-05,1058.53,596.96,954.02,438.65,synthetic_bridge,generated by forecast_v2/build_bridge.py (NOT market data)
2026-01-06,1054.95,547.25,944.93,438.26,synthetic_bridge,generated by forecast_v2/build_bridge.py (NOT market data)
2026-01-07,1055.39,559.18,938.27,433.61,synthetic_bridge,generated by forecast_v2/build_bridge.py (NOT market data)
2026-01-08,1062.06,554.65,932.35,435.88,synthetic_bridge,generated by forecast_v2/build_bridge.py (NOT market data)
2026-01-09,1066.0,528.59,926.63,435.99,synthetic_bridge,generated by forecast_v2/build_bridge.py (NOT market data)
2026-01-12,1064.03,486.37,923.7,437.7,synthetic_bridge,generated by forecast_v2/build_bridge.py (NOT market data)
2026-01-13,1058.25,443.67,918.5,438.76,synthetic_bridge,generated by forecast_v2/build_bridge.py (NOT market data)
2026-01-14,1040.39,397.0,912.61,439.98,synthetic_bridge,generated by forecast_v2/build_bridge.py (NOT market data)
2026-01-15,1006.8,393.43,905.29,439.74,synthetic_bridge,generated by forecast_v2/build_bridge.py (NOT market data)
2026-01-16,978.39,412.24,897.56,438.84,synthetic_bridge,generated by forecast_v2/build_bridge.py (NOT market data)
2026-01-19,951.53,465.6,886.54,437.24,synthetic_bridge,generated by forecast_v2/build_bridge.py (NOT market data)
2026-01-20,913.36,485.73,869.45,436.75,synthetic_bridge,generated by forecast_v2/build_bridge.py (NOT market data)
2026-01-21,871.15,498.96,850.21,437.35,synthetic_bridge,generated by forecast_v2/build_bridge.py (NOT market data)
2026-01-22,839.05,508.3,833.61,438.11,synthetic_bridge,generated by forecast_v2/build_bridge.py (NOT market data)
2026-01-23,816.06,545.61,819.62,434.53,synthetic_bridge,generated by forecast_v2/build_bridge.py (NOT market data)
2026-01-26,800.1,578.06,805.4,429.39,synthetic_bridge,generated by forecast_v2/build_bridge.py (NOT market data)
2026-01-27,787.03,577.49,795.65,424.52,synthetic_bridge,generated by forecast_v2/build_bridge.py (NOT market data)
2026-01-28,766.52,564.96,785.61,420.82,synthetic_bridge,generated by forecast_v2/build_bridge.py (NOT market data)
2026-01-29,755.8,575.6,772.48,413.78,synthetic_bridge,generated by forecast_v2/build_bridge.py (NOT market data)
2026-01-30,749.76,581.94,760.01,407.05,synthetic_bridge,generated by forecast_v2/build_bridge.py (NOT market data)
2026-02-02,753.58,600.21,751.0,401.5,synthetic_bridge,generated by forecast_v2/build_bridge.py (NOT market data)
2026-02-03,756.77,648.0,743.52,397.13,synthetic_bridge,generated by forecast_v2/build_bridge.py (NOT market data)
2026-02-04,776.25,832.05,740.36,391.2,synthetic_bridge,generated by forecast_v2/build_bridge.py (NOT market data)
2026-02-05,811.49,1011.11,732.82,388.23,synthetic_bridge,generated by forecast_v2/build_bridge.py (NOT market data)
2026-02-06,837.14,1129.0,731.36,383.9,synthetic_bridge,generated by forecast_v2/build_bridge.py (NOT market data)
2026-02-09,865.21,1109.96,734.64,382.98,synthetic_bridge,generated by forecast_v2/build_bridge.py (NOT market data)
2026-02-10,894.64,1098.58,738.17,383.98,synthetic_bridge,generated by forecast_v2/build_bridge.py (NOT market data)
2026-02-11,931.81,1173.61,749.91,384.19,synthetic_bridge,generated by forecast_v2/build_bridge.py (NOT market data)
2026-02-12,969.81,1216.2,763.03,386.69,synthetic_bridge,generated by forecast_v2/build_bridge.py (NOT market data)
2026-02-13,1004.61,1232.9,780.18,388.17,synthetic_bridge,generated by forecast_v2/build_bridge.py (NOT market data)
2026-02-16,1024.1,1311.54,794.83,388.52,synthetic_bridge,generated by forecast_v2/build_bridge.py (NOT market data)
2026-02-17,1034.99,1538.3,823.16,393.7,synthetic_bridge,generated by forecast_v2/build_bridge.py (NOT market data)
2026-02-18,1040.9,1747.46,854.15,398.66,synthetic_bridge,generated by forecast_v2/build_bridge.py (NOT market data)
2026-02-19,1044.34,1863.75,868.73,401.3,synthetic_bridge,generated by forecast_v2/build_bridge.py (NOT market data)
2026-02-20,1045.75,2107.73,872.26,402.57,synthetic_bridge,generated by forecast_v2/build_bridge.py (NOT market data)
2026-02-23,1045.55,2369.02,872.58,402.45,synthetic_bridge,generated by forecast_v2/build_bridge.py (NOT market data)
2026-02-24,1041.36,3041.88,865.25,403.06,synthetic_bridge,generated by forecast_v2/build_bridge.py (NOT market data)
2026-02-25,1033.32,3032.58,861.24,407.54,synthetic_bridge,generated by forecast_v2/build_bridge.py (NOT market data)
2026-02-26,1027.38,2956.15,852.98,407.48,synthetic_bridge,generated by forecast_v2/build_bridge.py (NOT market data)
2026-02-27,1021.51,2598.85,850.14,407.27,synthetic_bridge,generated by forecast_v2/build_bridge.py (NOT market data)
2026-03-02,1013.28,2197.18,860.47,408.92,synthetic_bridge,generated by forecast_v2/build_bridge.py (NOT market data)
2026-03-03,1005.54,2232.12,870.14,410.42,synthetic_bridge,generated by forecast_v2/build_bridge.py (NOT market data)
2026-03-04,1003.78,2408.11,875.99,411.68,synthetic_bridge,generated by forecast_v2/build_bridge.py (NOT market data)
2026-03-05,1002.69,2562.58,878.13,412.73,synthetic_bridge,generated by forecast_v2/build_bridge.py (NOT market data)
2026-03-06,1008.75,2588.75,879.99,413.64,synthetic_bridge,generated by forecast_v2/build_bridge.py (NOT market data)
2026-03-09,1005.24,2771.61,877.35,408.89,synthetic_bridge,generated by forecast_v2/build_bridge.py (NOT market data)
2026-03-10,1006.4,2786.62,877.89,405.3,synthetic_bridge,generated by forecast_v2/build_bridge.py (NOT market data)
2026-03-11,1011.48,2754.04,874.26,405.43,synthetic_bridge,generated by forecast_v2/build_bridge.py (NOT market data)
2026-03-12,1013.64,2873.26,871.9,399.9,synthetic_bridge,generated by forecast_v2/build_bridge.py (NOT market data)
2026-03-13,1021.84,2896.25,869.06,394.61,synthetic_bridge,generated by forecast_v2/build_bridge.py (NOT market data)
2026-03-16,1022.12,2884.37,864.42,390.45,synthetic_bridge,generated by forecast_v2/build_bridge.py (NOT market data)
2026-03-17,1018.71,2861.73,861.02,386.25,synthetic_bridge,generated by forecast_v2/build_bridge.py (NOT market data)
2026-03-18,1017.78,2827.04,857.28,382.0,synthetic_bridge,generated by forecast_v2/build_bridge.py (NOT market data)
2026-03-19,1017.89,2732.47,854.78,381.32,synthetic_bridge,generated by forecast_v2/build_bridge.py (NOT market data)
2026-03-20,1013.78,2624.97,855.11,381.78,synthetic_bridge,generated by forecast_v2/build_bridge.py (NOT market data)
2026-03-23,1011.33,2455.42,858.28,379.72,synthetic_bridge,generated by forecast_v2/build_bridge.py (NOT market data)
2026-03-24,1007.0,2342.27,859.66,382.48,synthetic_bridge,generated by forecast_v2/build_bridge.py (NOT market data)
2026-03-25,1006.46,2249.66,865.47,387.63,synthetic_bridge,generated by forecast_v2/build_bridge.py (NOT market data)
2026-03-26,1017.03,2235.05,871.06,392.7,synthetic_bridge,generated by forecast_v2/build_bridge.py (NOT market data)
2026-03-27,1036.66,2257.04,881.05,398.91,synthetic_bridge,generated by forecast_v2/build_bridge.py (NOT market data)
2026-03-30,1061.44,2271.24,890.76,408.75,synthetic_bridge,generated by forecast_v2/build_bridge.py (NOT market data)
2026-03-31,1085.64,2260.28,898.59,412.22,synthetic_bridge,generated by forecast_v2/build_bridge.py (NOT market data)
2026-04-01,1110.88,2276.17,903.0,419.3,synthetic_bridge,generated by forecast_v2/build_bridge.py (NOT market data)
2026-04-02,1133.35,2296.13,910.13,422.47,synthetic_bridge,generated by forecast_v2/build_bridge.py (NOT market data)
2026-04-03,1176.05,2367.33,927.58,428.0,synthetic_bridge,generated by forecast_v2/build_bridge.py (NOT market data)
2026-04-06,1218.81,2419.18,944.41,430.84,synthetic_bridge,generated by forecast_v2/build_bridge.py (NOT market data)
2026-04-07,1255.35,2650.26,954.31,438.33,synthetic_bridge,generated by forecast_v2/build_bridge.py (NOT market data)
2026-04-08,1270.13,2827.89,967.22,445.27,synthetic_bridge,generated by forecast_v2/build_bridge.py (NOT market data)
2026-04-09,1289.78,3250.53,979.63,448.99,synthetic_bridge,generated by forecast_v2/build_bridge.py (NOT market data)
2026-04-10,1304.24,3107.21,990.69,450.86,synthetic_bridge,generated by forecast_v2/build_bridge.py (NOT market data)
2026-04-13,1311.19,2913.13,1000.84,455.9,synthetic_bridge,generated by forecast_v2/build_bridge.py (NOT market data)
2026-04-14,1295.24,2759.78,1015.7,461.51,synthetic_bridge,generated by forecast_v2/build_bridge.py (NOT market data)
2026-04-15,1276.81,2723.2,1026.36,466.31,synthetic_bridge,generated by forecast_v2/build_bridge.py (NOT market data)
2026-04-16,1256.89,2619.16,1032.96,470.34,synthetic_bridge,generated by forecast_v2/build_bridge.py (NOT market data)
2026-04-17,1218.0,2435.51,1037.54,473.59,synthetic_bridge,generated by forecast_v2/build_bridge.py (NOT market data)
2026-04-20,1183.74,2387.19,1040.34,476.13,synthetic_bridge,generated by forecast_v2/build_bridge.py (NOT market data)
2026-04-21,1162.43,2468.75,1043.41,476.64,synthetic_bridge,generated by forecast_v2/build_bridge.py (NOT market data)
2026-04-22,1134.07,2509.18,1045.16,482.08,synthetic_bridge,generated by forecast_v2/build_bridge.py (NOT market data)
2026-04-23,1110.79,2497.64,1040.42,486.96,synthetic_bridge,generated by forecast_v2/build_bridge.py (NOT market data)
2026-04-24,1084.71,2445.01,1029.53,484.51,synthetic_bridge,generated by forecast_v2/build_bridge.py (NOT market data)
2026-04-27,1055.96,2579.63,1016.41,476.27,synthetic_bridge,generated by forecast_v2/build_bridge.py (NOT market data)
2026-04-28,1036.06,2569.24,1006.58,469.24,synthetic_bridge,generated by forecast_v2/build_bridge.py (NOT market data)
2026-04-29,1024.73,2527.21,991.4,466.19,synthetic_bridge,generated by forecast_v2/build_bridge.py (NOT market data)
2026-04-30,1014.14,2634.45,978.12,456.3,synthetic_bridge,generated by forecast_v2/build_bridge.py (NOT market data)
2026-05-01,1013.54,2653.92,965.06,446.49,synthetic_bridge,generated by forecast_v2/build_bridge.py (NOT market data)
2026-05-04,1007.74,2641.99,950.63,438.17,synthetic_bridge,generated by forecast_v2/build_bridge.py (NOT market data)
2026-05-05,1000.45,2621.39,938.32,429.99,synthetic_bridge,generated by forecast_v2/build_bridge.py (NOT market data)
2026-05-06,995.03,2561.42,926.69,427.07,synthetic_bridge,generated by forecast_v2/build_bridge.py (NOT market data)
2026-05-07,989.6,2507.42,916.36,426.01,synthetic_bridge,generated by forecast_v2/build_bridge.py (NOT market data)
2026-05-08,985.93,2599.06,917.17,423.8,synthetic_bridge,generated by forecast_v2/build_bridge.py (NOT market data)
2026-05-11,980.23,2603.61,915.84,423.23,synthetic_bridge,generated by forecast_v2/build_bridge.py (NOT market data)
2026-05-12,971.35,2746.2,920.12,427.12,synthetic_bridge,generated by forecast_v2/build_bridge.py (NOT market data)
2026-05-13,962.3,2832.41,924.44,429.46,synthetic_bridge,generated by forecast_v2/build_bridge.py (NOT market data)
2026-05-14,951.08,2823.6,927.58,433.01,synthetic_bridge,generated by forecast_v2/build_bridge.py (NOT market data)
2026-05-15,943.28,3038.72,932.02,434.73,synthetic_bridge,generated by forecast_v2/build_bridge.py (NOT market data)
2026-05-18,952.77,3094.72,932.74,435.58,synthetic_bridge,generated by forecast_v2/build_bridge.py (NOT market data)
2026-05-19,982.75,3069.61,938.4,434.56,synthetic_bridge,generated by forecast_v2/build_bridge.py (NOT market data)
2026-05-20,1014.03,3075.16,943.98,433.64,synthetic_bridge,generated by forecast_v2/build_bridge.py (NOT market data)
2026-05-21,1053.98,3046.94,949.46,433.77,synthetic_bridge,generated by forecast_v2/build_bridge.py (NOT market data)
2026-05-22,1085.26,3016.33,948.77,431.98,synthetic_bridge,generated by forecast_v2/build_bridge.py (NOT market data)
2026-05-25,1105.23,3040.84,949.22,430.24,synthetic_bridge,generated by forecast_v2/build_bridge.py (NOT market data)
2026-05-26,1142.36,3169.45,948.37,427.56,synthetic_bridge,generated by forecast_v2/build_bridge.py (NOT market data)
2026-05-27,1186.09,3361.54,950.97,427.82,synthetic_bridge,generated by forecast_v2/build_bridge.py (NOT market data)
2026-05-28,1287.62,3695.3,958.05,430.0,synthetic_bridge,generated by forecast_v2/build_bridge.py (NOT market data)
2026-05-29,1352.51,3667.18,958.92,434.04,synthetic_bridge,generated by forecast_v2/build_bridge.py (NOT market data)
2026-06-01,1360.49,3491.79,962.94,438.93,synthetic_bridge,generated by forecast_v2/build_bridge.py (NOT market data)
2026-06-02,1377.22,3499.6,963.03,441.71,synthetic_bridge,generated by forecast_v2/build_bridge.py (NOT market data)
2026-06-03,1397.78,3439.05,967.25,445.29,synthetic_bridge,generated by forecast_v2/build_bridge.py (NOT market data)
2026-06-04,1394.26,3316.53,972.22,449.01,synthetic_bridge,generated by forecast_v2/build_bridge.py (NOT market data)
2026-06-05,1367.51,3152.25,970.54,450.93,synthetic_bridge,generated by forecast_v2/build_bridge.py (NOT market data)
2026-06-08,1338.33,2849.82,967.91,450.18,synthetic_bridge,generated by forecast_v2/build_bridge.py (NOT market data)
2026-06-09,1253.26,2719.87,961.66,448.62,synthetic_bridge,generated by forecast_v2/build_bridge.py (NOT market data)
2026-06-10,1205.51,2436.23,951.31,449.2,synthetic_bridge,generated by forecast_v2/build_bridge.py (NOT market data)
2026-06-11,1150.67,1938.07,937.86,441.4,synthetic_bridge,generated by forecast_v2/build_bridge.py (NOT market data)
2026-06-12,1134.71,2040.12,929.79,439.04,synthetic_bridge,generated by forecast_v2/build_bridge.py (NOT market data)
2026-06-15,1152.46,2262.4,917.88,437.83,synthetic_bridge,generated by forecast_v2/build_bridge.py (NOT market data)
2026-06-16,1170.92,2302.85,915.74,435.59,synthetic_bridge,generated by forecast_v2/build_bridge.py (NOT market data)
2026-06-17,1179.5,2307.05,915.07,431.64,synthetic_bridge,generated by forecast_v2/build_bridge.py (NOT market data)
2026-06-18,1171.26,2276.73,914.9,430.37,synthetic_bridge,generated by forecast_v2/build_bridge.py (NOT market data)
2026-06-19,1140.39,2137.05,920.43,428.2,synthetic_bridge,generated by forecast_v2/build_bridge.py (NOT market data)
2026-06-22,1103.14,1882.74,920.38,426.6,synthetic_bridge,generated by forecast_v2/build_bridge.py (NOT market data)
2026-06-23,1075.08,1796.62,921.03,426.33,synthetic_bridge,generated by forecast_v2/build_bridge.py (NOT market data)
2026-06-24,1060.08,1732.2,917.39,424.51,synthetic_bridge,generated by forecast_v2/build_bridge.py (NOT market data)
2026-06-25,1043.66,1550.16,914.66,422.62,synthetic_bridge,generated by forecast_v2/build_bridge.py (NOT market data)
2026-06-26,1027.43,1337.49,909.9,420.71,synthetic_bridge,generated by forecast_v2/build_bridge.py (NOT market data)
2026-06-29,1016.79,1233.09,905.21,419.51,synthetic_bridge,generated by forecast_v2/build_bridge.py (NOT market data)
2026-06-30,1028.6,1142.56,901.65,421.93,synthetic_bridge,generated by forecast_v2/build_bridge.py (NOT market data)
2026-07-01,1046.13,1107.88,899.24,422.17,synthetic_bridge,generated by forecast_v2/build_bridge.py (NOT market data)
2026-07-02,1073.67,1173.12,893.06,422.43,synthetic_bridge,generated by forecast_v2/build_bridge.py (NOT market data)
2026-07-03,1119.87,1373.77,894.49,423.55,synthetic_bridge,generated by forecast_v2/build_bridge.py (NOT market data)
2026-07-06,1180.97,1616.25,896.14,425.67,synthetic_bridge,generated by forecast_v2/build_bridge.py (NOT market data)
2026-07-07,1226.75,1752.62,899.47,427.95,synthetic_bridge,generated by forecast_v2/build_bridge.py (NOT market data)
2026-07-08,1272.72,1892.34,906.37,431.03,synthetic_bridge,generated by forecast_v2/build_bridge.py (NOT market data)
2026-07-09,1317.77,2157.36,909.67,432.56,synthetic_bridge,generated by forecast_v2/build_bridge.py (NOT market data)
2026-07-10,1369.68,2287.57,918.19,434.7,synthetic_bridge,generated by forecast_v2/build_bridge.py (NOT market data)
2026-07-13,1435.08,2203.1,922.29,437.36,synthetic_bridge,generated by forecast_v2/build_bridge.py (NOT market data)
2026-07-14,1452.96,2125.37,925.31,440.44,synthetic_bridge,generated by forecast_v2/build_bridge.py (NOT market data)
2026-07-15,1456.51,2084.92,929.75,443.14,synthetic_bridge,generated by forecast_v2/build_bridge.py (NOT market data)
2026-07-16,1448.32,2090.56,931.32,446.19,synthetic_bridge,generated by forecast_v2/build_bridge.py (NOT market data)
2026-07-17,1434.62,2164.82,929.26,447.3,synthetic_bridge,generated by forecast_v2/build_bridge.py (NOT market data)
2026-07-20,1407.94,2183.26,927.11,448.02,synthetic_bridge,generated by forecast_v2/build_bridge.py (NOT market data)
2026-07-21,1372.33,2166.87,923.3,449.13,synthetic_bridge,generated by forecast_v2/build_bridge.py (NOT market data)
2026-07-22,1327.86,2105.63,918.84,447.64,synthetic_bridge,generated by forecast_v2/build_bridge.py (NOT market data)
2026-07-23,1271.81,1992.13,913.87,445.88,synthetic_bridge,generated by forecast_v2/build_bridge.py (NOT market data)
2026-07-24,1220.1,1924.19,907.72,443.93,synthetic_bridge,generated by forecast_v2/build_bridge.py (NOT market data)
2026-07-27,1179.71,1881.94,899.73,443.32,synthetic_bridge,generated by forecast_v2/build_bridge.py (NOT market data)
2026-07-28,1151.08,1857.02,887.64,441.1,synthetic_bridge,generated by forecast_v2/build_bridge.py (NOT market data)
2026-07-29,1122.65,1828.47,875.74,437.35,synthetic_bridge,generated by forecast_v2/build_bridge.py (NOT market data)
2026-07-30,1113.68,1774.36,860.92,432.88,synthetic_bridge,generated by forecast_v2/build_bridge.py (NOT market data)
2026-07-31,1109.18,1836.99,845.74,429.97,synthetic_bridge,generated by forecast_v2/build_bridge.py (NOT market data)
2026-08-03,1132.94,1887.07,844.28,432.06,synthetic_bridge,generated by forecast_v2/build_bridge.py (NOT market data)
2026-08-04,1134.64,1899.66,842.41,430.51,synthetic_bridge,generated by forecast_v2/build_bridge.py (NOT market data)
2026-08-05,1139.47,1911.01,845.2,433.89,synthetic_bridge,generated by forecast_v2/build_bridge.py (NOT market data)
2026-08-06,1134.31,1909.71,846.53,432.2,synthetic_bridge,generated by forecast_v2/build_bridge.py (NOT market data)
2026-08-07,1143.93,1906.76,851.41,431.18,synthetic_bridge,generated by forecast_v2/build_bridge.py (NOT market data)
2026-08-10,1144.06,1891.04,853.29,430.04,synthetic_bridge,generated by forecast_v2/build_bridge.py (NOT market data)
2026-08-11,1136.73,1869.09,853.32,426.86,synthetic_bridge,generated by forecast_v2/build_bridge.py (NOT market data)
2026-08-12,1128.92,1929.46,854.4,423.43,synthetic_bridge,generated by forecast_v2/build_bridge.py (NOT market data)
2026-08-13,1125.43,1909.39,857.31,423.15,synthetic_bridge,generated by forecast_v2/build_bridge.py (NOT market data)
2026-08-14,1124.06,1872.35,861.89,423.32,synthetic_bridge,generated by forecast_v2/build_bridge.py (NOT market data)
2026-08-17,1128.61,1849.46,863.22,430.66,synthetic_bridge,generated by forecast_v2/build_bridge.py (NOT market data)
2026-08-18,1128.28,1826.33,866.97,433.93,synthetic_bridge,generated by forecast_v2/build_bridge.py (NOT market data)
2026-08-19,1129.89,1802.96,871.09,439.09,synthetic_bridge,generated by forecast_v2/build_bridge.py (NOT market data)
2026-08-20,1125.79,1793.24,876.41,445.2,synthetic_bridge,generated by forecast_v2/build_bridge.py (NOT market data)
2026-08-21,1127.47,1773.36,878.24,448.87,synthetic_bridge,generated by forecast_v2/build_bridge.py (NOT market data)
2026-08-24,1123.57,1751.72,880.25,449.3,synthetic_bridge,generated by forecast_v2/build_bridge.py (NOT market data)
2026-08-25,1116.13,1739.2,883.31,448.18,synthetic_bridge,generated by forecast_v2/build_bridge.py (NOT market data)
2026-08-26,1101.64,1715.31,880.16,447.99,synthetic_bridge,generated by forecast_v2/build_bridge.py (NOT market data)
2026-08-27,1081.27,1681.65,870.97,447.89,synthetic_bridge,generated by forecast_v2/build_bridge.py (NOT market data)
2026-08-28,1059.8,1659.73,855.03,446.23,synthetic_bridge,generated by forecast_v2/build_bridge.py (NOT market data)
2026-08-31,1033.77,1624.18,831.66,441.42,synthetic_bridge,generated by forecast_v2/build_bridge.py (NOT market data)
2026-09-01,982.8,1461.77,816.65,438.63,synthetic_bridge,generated by forecast_v2/build_bridge.py (NOT market data)
2026-09-02,932.65,1390.23,799.65,430.8,synthetic_bridge,generated by forecast_v2/build_bridge.py (NOT market data)
2026-09-03,888.72,1400.5,779.45,426.78,synthetic_bridge,generated by forecast_v2/build_bridge.py (NOT market data)
2026-09-04,860.95,1503.76,759.75,420.51,synthetic_bridge,generated by forecast_v2/build_bridge.py (NOT market data)
2026-09-07,843.76,1483.32,745.95,416.09,synthetic_bridge,generated by forecast_v2/build_bridge.py (NOT market data)
2026-09-08,840.55,1425.41,732.47,411.2,synthetic_bridge,generated by forecast_v2/build_bridge.py (NOT market data)
2026-09-09,840.47,1364.88,721.38,404.81,synthetic_bridge,generated by forecast_v2/build_bridge.py (NOT market data)
2026-09-10,845.39,1301.52,711.47,400.39,synthetic_bridge,generated by forecast_v2/build_bridge.py (NOT market data)
2026-09-11,858.36,1254.47,697.7,395.7,synthetic_bridge,generated by forecast_v2/build_bridge.py (NOT market data)
2026-09-14,884.65,1225.97,690.67,392.9,synthetic_bridge,generated by forecast_v2/build_bridge.py (NOT market data)
2026-09-15,911.6,1247.3,686.17,391.91,synthetic_bridge,generated by forecast_v2/build_bridge.py (NOT market data)
