obs_date,index_code,bpi_value,tc_avg_usd_day,source_url,provenance_tag
2019-01-01,BPI,1613.08,14517.72,https://www.balticexchange.com/ (simulated demo series),synthetic_calibrated_demo
2019-01-02,BPI,1598.38,14385.43,https://www.balticexchange.com/ (simulated demo series),synthetic_calibrated_demo
2019-01-03,BPI,1563.37,14070.31,https://www.balticexchange.com/ (simulated demo series),synthetic_calibrated_demo
2019-01-04,BPI,1548.43,13935.83,https://www.balticexchange.com/ (simulated demo series),synthetic_calibrated_demo
2019-01-07,BPI,1474.71,13272.35,https://www.balticexchange.com/ (simulated demo series),synthetic_calibrated_demo
2019-01-08,BPI,1405.72,12651.49,https://www.balticexchange.com/ (simulated demo series),synthetic_calibrated_demo
2019-01-09,BPI,1407.94,12671.47,https://www.balticexchange.com/ (simulated demo series),synthetic_calibrated_demo
2019-01-10,BPI,1424.55,12820.93,https://www.balticexchange.com/ (simulated demo series),synthetic_calibrated_demo
2019-01-11,BPI,1432.15,12889.36,https://www.balticexchange.com/ (simulated demo series),synthetic_calibrated_demo
2019-01-14,BPI,1381.09,12429.82,https://www.balticexchange.com/ (simulated demo series),synthetic_calibrated_demo
2019-01-15,BPI,1397.97,12581.76,https://www.balticexchange.com/ (simulated demo series),synthetic_calibrated_demo
2019-01-16,BPI,1448.61,13037.45,https://www.balticexchange.com/ (simulated demo series),synthetic_calibrated_demo
2019-01-17,BPI,1414.54,12730.84,https://www.balticexchange.com/ (simulated demo series),synthetic_calibrated_demo
2019-01-18,BPI,1442.78,12985.0,https://www.balticexchange.com/ (simulated demo series),synthetic_calibrated_demo
2019-01-21,BPI,1543.64,13892.79,https://www.balticexchange.com/ (simulated demo series),synthetic_calibrated_demo
2019-01-22,BPI,1611.51,14503.63,https://www.balticexchange.com/ (simulated demo series),synthetic_calibrated_demo
2019-01-23,BPI,1622.81,14605.27,https://www.balticexchange.com/ (simulated demo series),synthetic_calibrated_demo
2019-01-24,BPI,1625.96,14633.6,https://www.balticexchange.com/ (simulated demo series),synthetic_calibrated_demo
2019-01-25,BPI,1646.09,14814.8,https://www.balticexchange.com/ (simulated demo series),synthetic_calibrated_demo
2019-01-28,BPI,1637.43,14736.9,https://www.balticexchange.com/ (simulated demo series),synthetic_calibrated_demo
2019-01-29,BPI,1634.29,14708.6,https://www.balticexchange.com/ (simulated demo series),synthetic_calibrated_demo
2019-01-30,BPI,1624.75,14622.74,https://www.balticexchange.com/ (simulated demo series),synthetic_calibrated_demo
2019-01-31,BPI,1662.02,14958.19,https://www.balticexchange.com/ (simulated demo series),synthetic_calibrated_demo
2019-02-01,BPI,1690.63,15215.63,https://www.balticexchange.com/ (simulated demo series),synthetic_calibrated_demo
2019-02-04,BPI,1832.1,16488.93,https://www.balticexchange.com/ (simulated demo series),synthetic_calibrated_demo
2019-02-05,BPI,1874.07,16866.59,https://www.balticexchange.com/ (simulated demo series),synthetic_calibrated_demo
2019-02-06,BPI,1934.07,17406.64,https://www.balticexchange.com/ (simulated demo series),synthetic_calibrated_demo
2019-02-07,BPI,1933.52,17401.68,https://www.balticexchange.com/ (simulated demo series),synthetic_calibrated_demo
2019-02-08,BPI,1870.67,16836.07,https://www.balticexchange.com/ (simulated demo series),synthetic_calibrated_demo
2019-02-11,BPI,1810.35,16293.15,https://www.balticexchange.com/ (simulated demo series),synthetic_calibrated_demo
2019-02-12,BPI,1794.41,16149.7,https://www.balticexchange.com/ (simulated demo series),synthetic_calibrated_demo
2019-02-13,BPI,1756.36,15807.24,https://www.balticexchange.com/ (simulated demo series),synthetic_calibrated_demo
2019-02-14,BPI,1706.59,15359.33,https://www.balticexchange.com/ (simulated demo series),synthetic_calibrated_demo
2019-02-15,BPI,1815.36,16338.24,https://www.balticexchange.com/ (simulated demo series),synthetic_calibrated_demo
2019-02-18,BPI,1801.49,16213.44,https://www.balticexchange.com/ (simulated demo series),synthetic_calibrated_demo
2019-02-19,BPI,1831.45,16483.06,https://www.balticexchange.com/ (simulated demo series),synthetic_calibrated_demo
2019-02-20,BPI,1911.28,17201.48,https://www.balticexchange.com/ (simulated demo series),synthetic_calibrated_demo
2019-02-21,BPI,1943.39,17490.5,https://www.balticexchange.com/ (simulated demo series),synthetic_calibrated_demo
2019-02-22,BPI,1997.2,17974.81,https://www.balticexchange.com/ (simulated demo series),synthetic_calibrated_demo
2019-02-25,BPI,1907.5,17167.46,https://www.balticexchange.com/ (simulated demo series),synthetic_calibrated_demo
2019-02-26,BPI,1825.58,16430.26,https://www.balticexchange.com/ (simulated demo series),synthetic_calibrated_demo
2019-02-27,BPI,1843.79,16594.07,https://www.balticexchange.com/ (simulated demo series),synthetic_calibrated_demo
2019-02-28,BPI,1872.78,16855.03,https://www.balticexchange.com/ (simulated demo series),synthetic_calibrated_demo
2019-03-01,BPI,1832.67,16494.05,https://www.balticexchange.com/ (simulated demo series),synthetic_calibrated_demo
2019-03-04,BPI,1919.63,17276.64,https://www.balticexchange.com/ (simulated demo series),synthetic_calibrated_demo
2019-03-05,BPI,1853.44,16680.94,https://www.balticexchange.com/ (simulated demo series),synthetic_calibrated_demo
2019-03-06,BPI,1856.71,16710.4,https://www.balticexchange.com/ (simulated demo series),synthetic_calibrated_demo
2019-03-07,BPI,1819.54,16375.86,https://www.balticexchange.com/ (simulated demo series),synthetic_calibrated_demo
2019-03-08,BPI,1815.58,16340.18,https://www.balticexchange.com/ (simulated demo series),synthetic_calibrated_demo
2019-03-11,BPI,1694.34,15249.03,https://www.balticexchange.com/ (simulated demo series),synthetic_calibrated_demo
2019-03-12,BPI,1742.32,15680.92,https://www.balticexchange.com/ (simulated demo series),synthetic_calibrated_demo
2019-03-13,BPI,1688.67,15198.01,https://www.balticexchange.com/ (simulated demo series),synthetic_calibrated_demo
2019-03-14,BPI,1678.7,15108.33,https://www.balticexchange.com/ (simulated demo series),synthetic_calibrated_demo
2019-03-15,BPI,1713.51,15421.63,https://www.balticexchange.com/ (simulated demo series),synthetic_calibrated_demo
2019-03-18,BPI,1774.96,15974.67,https://www.balticexchange.com/ (simulated demo series),synthetic_calibrated_demo
2019-03-19,BPI,1861.33,16751.97,https://www.balticexchange.com/ (simulated demo series),synthetic_calibrated_demo
2019-03-20,BPI,1825.95,16433.51,https://www.balticexchange.com/ (simulated demo series),synthetic_calibrated_demo
2019-03-21,BPI,1911.55,17203.96,https://www.balticexchange.com/ (simulated demo series),synthetic_calibrated_demo
2019-03-22,BPI,1965.43,17688.85,https://www.balticexchange.com/ (simulated demo series),synthetic_calibrated_demo
2019-03-25,BPI,1978.7,17808.3,https://www.balticexchange.com/ (simulated demo series),synthetic_calibrated_demo
2019-03-26,BPI,1986.22,17875.96,https://www.balticexchange.com/ (simulated demo series),synthetic_calibrated_demo
2019-03-27,BPI,2018.16,18163.46,https://www.balticexchange.com/ (simulated demo series),synthetic_calibrated_demo
2019-03-28,BPI,1937.14,17434.23,https://www.balticexchange.com/ (simulated demo series),synthetic_calibrated_demo
2019-03-29,BPI,1941.46,17473.16,https://www.balticexchange.com/ (simulated demo series),synthetic_calibrated_demo
2019-04-01,BPI,1853.96,16685.64,https://www.balticexchange.com/ (simulated demo series),synthetic_calibrated_demo
2019-04-02,BPI,1837.08,16533.73,https://www.balticexchange.com/ (simulated demo series),synthetic_calibrated_demo
2019-04-03,BPI,1825.74,16431.62,https://www.balticexchange.com/ (simulated demo series),synthetic_calibrated_demo
2019-04-04,BPI,1856.2,16705.84,https://www.balticexchange.com/ (simulated demo series),synthetic_calibrated_demo
2019-04-05,BPI,1896.95,17072.58,https://www.balticexchange.com/ (simulated demo series),synthetic_calibrated_demo
2019-04-08,BPI,1982.12,17839.06,https://www.balticexchange.com/ (simulated demo series),synthetic_calibrated_demo
2019-04-09,BPI,1968.62,17717.54,https://www.balticexchange.com/ (simulated demo series),synthetic_calibrated_demo
2019-04-10,BPI,1962.85,17665.67,https://www.balticexchange.com/ (simulated demo series),synthetic_calibrated_demo
2019-04-11,BPI,1973.02,17757.22,https://www.balticexchange.com/ (simulated demo series),synthetic_calibrated_demo
2019-04-12,BPI,1908.85,17179.66,https://www.balticexchange.com/ (simulated demo series),synthetic_calibrated_demo
2019-04-15,BPI,1880.5,16924.49,https://www.balticexchange.com/ (simulated demo series),synthetic_calibrated_demo
2019-04-16,BPI,1923.53,17311.74,https://www.balticexchange.com/ (simulated demo series),synthetic_calibrated_demo
2019-04-17,BPI,1954.09,17586.84,https://www.balticexchange.com/ (simulated demo series),synthetic_calibrated_demo
2019-04-18,BPI,1943.21,17488.9,https://www.balticexchange.com/ (simulated demo series),synthetic_calibrated_demo
2019-04-19,BPI,2002.18,18019.6,https://www.balticexchange.com/ (simulated demo series),synthetic_calibrated_demo
2019-04-22,BPI,1939.27,17453.42,https://www.balticexchange.com/ (simulated demo series),synthetic_calibrated_demo
2019-04-23,BPI,1941.17,17470.49,https://www.balticexchange.com/ (simulated demo series),synthetic_calibrated_demo
2019-04-24,BPI,1992.63,17933.7,https://www.balticexchange.com/ (simulated demo series),synthetic_calibrated_demo
2019-04-25,BPI,2051.46,18463.15,https://www.balticexchange.com/ (simulated demo series),synthetic_calibrated_demo
2019-04-26,BPI,2115.43,19038.87,https://www.balticexchange.com/ (simulated demo series),synthetic_calibrated_demo
2019-04-29,BPI,2069.64,18626.78,https://www.balticexchange.com/ (simulated demo series),synthetic_calibrated_demo
2019-04-30,BPI,2026.42,18237.81,https://www.balticexchange.com/ (simulated demo series),synthetic_calibrated_demo
2019-05-01,BPI,2024.88,18223.96,https://www.balticexchange.com/ (simulated demo series),synthetic_calibrated_demo
2019-05-02,BPI,2026.66,18239.94,https://www.balticexchange.com/ (simulated demo series),synthetic_calibrated_demo
2019-05-03,BPI,2036.04,18324.38,https://www.balticexchange.com/ (simulated demo series),synthetic_calibrated_demo
2019-05-06,BPI,2072.02,18648.17,https://www.balticexchange.com/ (simulated demo series),synthetic_calibrated_demo
2019-05-07,BPI,2096.13,18865.18,https://www.balticexchange.com/ (simulated demo series),synthetic_calibrated_demo
2019-05-08,BPI,1968.99,17720.88,https://www.balticexchange.com/ (simulated demo series),synthetic_calibrated_demo
2019-05-09,BPI,2037.82,18340.35,https://www.balticexchange.com/ (simulated demo series),synthetic_calibrated_demo
2019-05-10,BPI,2076.49,18688.43,https://www.balticexchange.com/ (simulated demo series),synthetic_calibrated_demo
2019-05-13,BPI,2087.38,18786.39,https://www.balticexchange.com/ (simulated demo series),synthetic_calibrated_demo
2019-05-14,BPI,2003.78,18034.06,https://www.balticexchange.com/ (simulated demo series),synthetic_calibrated_demo
2019-05-15,BPI,2021.29,18191.58,https://www.balticexchange.com/ (simulated demo series),synthetic_calibrated_demo
2019-05-16,BPI,1978.53,17806.76,https://www.balticexchange.com/ (simulated demo series),synthetic_calibrated_demo
2019-05-17,BPI,1969.53,17725.76,https://www.balticexchange.com/ (simulated demo series),synthetic_calibrated_demo
2019-05-20,BPI,2035.18,18316.58,https://www.balticexchange.com/ (simulated demo series),synthetic_calibrated_demo
2019-05-21,BPI,1960.04,17640.35,https://www.balticexchange.com/ (simulated demo series),synthetic_calibrated_demo
2019-05-22,BPI,1986.46,17878.11,https://www.balticexchange.com/ (simulated demo series),synthetic_calibrated_demo
2019-05-23,BPI,1895.98,17063.81,https://www.balticexchange.com/ (simulated demo series),synthetic_calibrated_demo
2019-05-24,BPI,1888.4,16995.57,https://www.balticexchange.com/ (simulated demo series),synthetic_calibrated_demo
2019-05-27,BPI,1844.53,16600.73,https://www.balticexchange.com/ (simulated demo series),synthetic_calibrated_demo
2019-05-28,BPI,1875.15,16876.35,https://www.balticexchange.com/ (simulated demo series),synthetic_calibrated_demo
2019-05-29,BPI,1856.24,16706.15,https://www.balticexchange.com/ (simulated demo series),synthetic_calibrated_demo
2019-05-30,BPI,1832.27,16490.45,https://www.balticexchange.com/ (simulated demo series),synthetic_calibrated_demo
2019-05-31,BPI,1884.63,16961.65,https://www.balticexchange.com/ (simulated demo series),synthetic_calibrated_demo
2019-06-03,BPI,1895.26,17057.37,https://www.balticexchange.com/ (simulated demo series),synthetic_calibrated_demo
2019-06-04,BPI,1809.57,16286.09,https://www.balticexchange.com/ (simulated demo series),synthetic_calibrated_demo
2019-06-05,BPI,1782.37,16041.33,https://www.balticexchange.com/ (simulated demo series),synthetic_calibrated_demo
2019-06-06,BPI,1761.82,15856.38,https://www.balticexchange.com/ (simulated demo series),synthetic_calibrated_demo
2019-06-07,BPI,1703.18,15328.62,https://www.balticexchange.com/ (simulated demo series),synthetic_calibrated_demo
2019-06-10,BPI,1702.5,15322.46,https://www.balticexchange.com/ (simulated demo series),synthetic_calibrated_demo
2019-06-11,BPI,1669.29,15023.61,https://www.balticexchange.com/ (simulated demo series),synthetic_calibrated_demo
2019-06-12,BPI,1670.46,15034.11,https://www.balticexchange.com/ (simulated demo series),synthetic_calibrated_demo
2019-06-13,BPI,1713.42,15420.79,https://www.balticexchange.com/ (simulated demo series),synthetic_calibrated_demo
2019-06-14,BPI,1739.25,15653.21,https://www.balticexchange.com/ (simulated demo series),synthetic_calibrated_demo
2019-06-17,BPI,1893.88,17044.9,https://www.balticexchange.com/ (simulated demo series),synthetic_calibrated_demo
2019-06-18,BPI,1850.25,16652.21,https://www.balticexchange.com/ (simulated demo series),synthetic_calibrated_demo
2019-06-19,BPI,1773.6,15962.42,https://www.balticexchange.com/ (simulated demo series),synthetic_calibrated_demo
2019-06-20,BPI,1753.3,15779.71,https://www.balticexchange.com/ (simulated demo series),synthetic_calibrated_demo
2019-06-21,BPI,1830.06,16470.53,https://www.balticexchange.com/ (simulated demo series),synthetic_calibrated_demo
2019-06-24,BPI,1968.04,17712.4,https://www.balticexchange.com/ (simulated demo series),synthetic_calibrated_demo
2019-06-25,BPI,1967.33,17705.98,https://www.balticexchange.com/ (simulated demo series),synthetic_calibrated_demo
2019-06-26,BPI,1961.18,17650.63,https://www.balticexchange.com/ (simulated demo series),synthetic_calibrated_demo
2019-06-27,BPI,1935.64,17420.76,https://www.balticexchange.com/ (simulated demo series),synthetic_calibrated_demo
2019-06-28,BPI,1976.28,17786.49,https://www.balticexchange.com/ (simulated demo series),synthetic_calibrated_demo
2019-07-01,BPI,1941.88,17476.92,https://www.balticexchange.com/ (simulated demo series),synthetic_calibrated_demo
2019-07-02,BPI,1897.6,17078.4,https://www.balticexchange.com/ (simulated demo series),synthetic_calibrated_demo
2019-07-03,BPI,1891.07,17019.61,https://www.balticexchange.com/ (simulated demo series),synthetic_calibrated_demo
2019-07-04,BPI,1829.14,16462.25,https://www.balticexchange.com/ (simulated demo series),synthetic_calibrated_demo
2019-07-05,BPI,1873.37,16860.37,https://www.balticexchange.com/ (simulated demo series),synthetic_calibrated_demo
2019-07-08,BPI,1760.34,15843.06,https://www.balticexchange.com/ (simulated demo series),synthetic_calibrated_demo
2019-07-09,BPI,1765.51,15889.61,https://www.balticexchange.com/ (simulated demo series),synthetic_calibrated_demo
2019-07-10,BPI,1739.27,15653.46,https://www.balticexchange.com/ (simulated demo series),synthetic_calibrated_demo
2019-07-11,BPI,1779.93,16019.39,https://www.balticexchange.com/ (simulated demo series),synthetic_calibrated_demo
2019-07-12,BPI,1771.28,15941.55,https://www.balticexchange.com/ (simulated demo series),synthetic_calibrated_demo
2019-07-15,BPI,1812.64,16313.75,https://www.balticexchange.com/ (simulated demo series),synthetic_calibrated_demo
2019-07-16,BPI,1786.74,16080.63,https://www.balticexchange.com/ (simulated demo series),synthetic_calibrated_demo
2019-07-17,BPI,1770.76,15936.85,https://www.balticexchange.com/ (simulated demo series),synthetic_calibrated_demo
2019-07-18,BPI,1815.02,16335.15,https://www.balticexchange.com/ (simulated demo series),synthetic_calibrated_demo
2019-07-19,BPI,1859.01,16731.1,https://www.balticexchange.com/ (simulated demo series),synthetic_calibrated_demo
2019-07-22,BPI,1826.92,16442.3,https://www.balticexchange.com/ (simulated demo series),synthetic_calibrated_demo
2019-07-23,BPI,1839.4,16554.57,https://www.balticexchange.com/ (simulated demo series),synthetic_calibrated_demo
2019-07-24,BPI,1872.61,16853.5,https://www.balticexchange.com/ (simulated demo series),synthetic_calibrated_demo
2019-07-25,BPI,1886.56,16979.03,https://www.balticexchange.com/ (simulated demo series),synthetic_calibrated_demo
2019-07-26,BPI,1851.77,16665.94,https://www.balticexchange.com/ (simulated demo series),synthetic_calibrated_demo
2019-07-29,BPI,1768.63,15917.64,https://www.balticexchange.com/ (simulated demo series),synthetic_calibrated_demo
2019-07-30,BPI,1810.63,16295.71,https://www.balticexchange.com/ (simulated demo series),synthetic_calibrated_demo
2019-07-31,BPI,1747.53,15727.8,https://www.balticexchange.com/ (simulated demo series),synthetic_calibrated_demo
2019-08-01,BPI,1780.33,16023.01,https://www.balticexchange.com/ (simulated demo series),synthetic_calibrated_demo
2019-08-02,BPI,1743.0,15687.0,https://www.balticexchange.com/ (simulated demo series),synthetic_calibrated_demo
2019-08-05,BPI,1689.56,15206.05,https://www.balticexchange.com/ (simulated demo series),synthetic_calibrated_demo
2019-08-06,BPI,1734.01,15606.08,https://www.balticexchange.com/ (simulated demo series),synthetic_calibrated_demo
2019-08-07,BPI,1707.88,15370.89,https://www.balticexchange.com/ (simulated demo series),synthetic_calibrated_demo
2019-08-08,BPI,1718.36,15465.26,https://www.balticexchange.com/ (simulated demo series),synthetic_calibrated_demo
2019-08-09,BPI,1707.85,15370.68,https://www.balticexchange.com/ (simulated demo series),synthetic_calibrated_demo
2019-08-12,BPI,1735.85,15622.62,https://www.balticexchange.com/ (simulated demo series),synthetic_calibrated_demo
2019-08-13,BPI,1694.97,15254.73,https://www.balticexchange.com/ (simulated demo series),synthetic_calibrated_demo
2019-08-14,BPI,1708.87,15379.8,https://www.balticexchange.com/ (simulated demo series),synthetic_calibrated_demo
2019-08-15,BPI,1703.53,15331.77,https://www.balticexchange.com/ (simulated demo series),synthetic_calibrated_demo
2019-08-16,BPI,1731.7,15585.3,https://www.balticexchange.com/ (simulated demo series),synthetic_calibrated_demo
2019-08-19,BPI,1695.99,15263.93,https://www.balticexchange.com/ (simulated demo series),synthetic_calibrated_demo
2019-08-20,BPI,1709.18,15382.6,https://www.balticexchange.com/ (simulated demo series),synthetic_calibrated_demo
2019-08-21,BPI,1712.6,15413.39,https://www.balticexchange.com/ (simulated demo series),synthetic_calibrated_demo
2019-08-22,BPI,1708.17,15373.52,https://www.balticexchange.com/ (simulated demo series),synthetic_calibrated_demo
2019-08-23,BPI,1709.42,15384.75,https://www.balticexchange.com/ (simulated demo series),synthetic_calibrated_demo
2019-08-26,BPI,1680.48,15124.32,https://www.balticexchange.com/ (simulated demo series),synthetic_calibrated_demo
2019-08-27,BPI,1630.31,14672.75,https://www.balticexchange.com/ (simulated demo series),synthetic_calibrated_demo
2019-08-28,BPI,1611.32,14501.91,https://www.balticexchange.com/ (simulated demo series),synthetic_calibrated_demo
2019-08-29,BPI,1593.56,14342.01,https://www.balticexchange.com/ (simulated demo series),synthetic_calibrated_demo
2019-08-30,BPI,1531.2,13780.79,https://www.balticexchange.com/ (simulated demo series),synthetic_calibrated_demo
2019-09-02,BPI,1600.84,14407.54,https://www.balticexchange.com/ (simulated demo series),synthetic_calibrated_demo
2019-09-03,BPI,1615.04,14535.36,https://www.balticexchange.com/ (simulated demo series),synthetic_calibrated_demo
2019-09-04,BPI,1586.41,14277.71,https://www.balticexchange.com/ (simulated demo series),synthetic_calibrated_demo
2019-09-05,BPI,1620.04,14580.32,https://www.balticexchange.com/ (simulated demo series),synthetic_calibrated_demo
2019-09-06,BPI,1652.09,14868.79,https://www.balticexchange.com/ (simulated demo series),synthetic_calibrated_demo
2019-09-09,BPI,1616.0,14544.01,https://www.balticexchange.com/ (simulated demo series),synthetic_calibrated_demo
2019-09-10,BPI,1633.66,14702.95,https://www.balticexchange.com/ (simulated demo series),synthetic_calibrated_demo
2019-09-11,BPI,1645.71,14811.35,https://www.balticexchange.com/ (simulated demo series),synthetic_calibrated_demo
2019-09-12,BPI,1653.47,14881.27,https://www.balticexchange.com/ (simulated demo series),synthetic_calibrated_demo
2019-09-13,BPI,1644.09,14796.79,https://www.balticexchange.com/ (simulated demo series),synthetic_calibrated_demo
2019-09-16,BPI,1505.38,13548.38,https://www.balticexchange.com/ (simulated demo series),synthetic_calibrated_demo
2019-09-17,BPI,1475.71,13281.41,https://www.balticexchange.com/ (simulated demo series),synthetic_calibrated_demo
2019-09-18,BPI,1470.09,13230.81,https://www.balticexchange.com/ (simulated demo series),synthetic_calibrated_demo
2019-09-19,BPI,1459.32,13133.84,https://www.balticexchange.com/ (simulated demo series),synthetic_calibrated_demo
2019-09-20,BPI,1481.04,13329.39,https://www.balticexchange.com/ (simulated demo series),synthetic_calibrated_demo
2019-09-23,BPI,1545.04,13905.34,https://www.balticexchange.com/ (simulated demo series),synthetic_calibrated_demo
2019-09-24,BPI,1579.1,14211.87,https://www.balticexchange.com/ (simulated demo series),synthetic_calibrated_demo
2019-09-25,BPI,1555.53,13999.75,https://www.balticexchange.com/ (simulated demo series),synthetic_calibrated_demo
2019-09-26,BPI,1548.3,13934.66,https://www.balticexchange.com/ (simulated demo series),synthetic_calibrated_demo
2019-09-27,BPI,1590.59,14315.35,https://www.balticexchange.com/ (simulated demo series),synthetic_calibrated_demo
2019-09-30,BPI,1543.35,13890.11,https://www.balticexchange.com/ (simulated demo series),synthetic_calibrated_demo
2019-10-01,BPI,1561.58,14054.26,https://www.balticexchange.com/ (simulated demo series),synthetic_calibrated_demo
2019-10-02,BPI,1609.43,14484.87,https://www.balticexchange.com/ (simulated demo series),synthetic_calibrated_demo
2019-10-03,BPI,1586.73,14280.54,https://www.balticexchange.com/ (simulated demo series),synthetic_calibrated_demo
2019-10-04,BPI,1608.37,14475.36,https://www.balticexchange.com/ (simulated demo series),synthetic_calibrated_demo
2019-10-07,BPI,1587.57,14288.12,https://www.balticexchange.com/ (simulated demo series),synthetic_calibrated_demo
2019-10-08,BPI,1522.66,13703.92,https://www.balticexchange.com/ (simulated demo series),synthetic_calibrated_demo
2019-10-09,BPI,1517.53,13657.81,https://www.balticexchange.com/ (simulated demo series),synthetic_calibrated_demo
2019-10-10,BPI,1458.35,13125.18,https://www.balticexchange.com/ (simulated demo series),synthetic_calibrated_demo
2019-10-11,BPI,1463.5,13171.52,https://www.balticexchange.com/ (simulated demo series),synthetic_calibrated_demo
2019-10-14,BPI,1427.59,12848.34,https://www.balticexchange.com/ (simulated demo series),synthetic_calibrated_demo
2019-10-15,BPI,1481.37,13332.36,https://www.balticexchange.com/ (simulated demo series),synthetic_calibrated_demo
2019-10-16,BPI,1513.58,13622.22,https://www.balticexchange.com/ (simulated demo series),synthetic_calibrated_demo
2019-10-17,BPI,1564.62,14081.6,https://www.balticexchange.com/ (simulated demo series),synthetic_calibrated_demo
2019-10-18,BPI,1528.2,13753.78,https://www.balticexchange.com/ (simulated demo series),synthetic_calibrated_demo
2019-10-21,BPI,1498.77,13488.89,https://www.balticexchange.com/ (simulated demo series),synthetic_calibrated_demo
2019-10-22,BPI,1535.06,13815.5,https://www.balticexchange.com/ (simulated demo series),synthetic_calibrated_demo
2019-10-23,BPI,1526.29,13736.59,https://www.balticexchange.com/ (simulated demo series),synthetic_calibrated_demo
2019-10-24,BPI,1544.49,13900.37,https://www.balticexchange.com/ (simulated demo series),synthetic_calibrated_demo
2019-10-25,BPI,1571.33,14141.99,https://www.balticexchange.com/ (simulated demo series),synthetic_calibrated_demo
2019-10-28,BPI,1560.23,14042.09,https://www.balticexchange.com/ (simulated demo series),synthetic_calibrated_demo
2019-10-29,BPI,1590.12,14311.1,https://www.balticexchange.com/ (simulated demo series),synthetic_calibrated_demo
2019-10-30,BPI,1607.72,14469.49,https://www.balticexchange.com/ (simulated demo series),synthetic_calibrated_demo
2019-10-31,BPI,1543.78,13894.01,https://www.balticexchange.com/ (simulated demo series),synthetic_calibrated_demo
2019-11-01,BPI,1546.58,13919.19,https://www.balticexchange.com/ (simulated demo series),synthetic_calibrated_demo
2019-11-04,BPI,1529.82,13768.38,https://www.balticexchange.com/ (simulated demo series),synthetic_calibrated_demo
2019-11-05,BPI,1524.25,13718.24,https://www.balticexchange.com/ (simulated demo series),synthetic_calibrated_demo
2019-11-06,BPI,1476.17,13285.52,https://www.balticexchange.com/ (simulated demo series),synthetic_calibrated_demo
2019-11-07,BPI,1469.23,13223.04,https://www.balticexchange.com/ (simulated demo series),synthetic_calibrated_demo
2019-11-08,BPI,1443.2,12988.77,https://www.balticexchange.com/ (simulated demo series),synthetic_calibrated_demo
2019-11-11,BPI,1456.7,13110.28,https://www.balticexchange.com/ (simulated demo series),synthetic_calibrated_demo
2019-11-12,BPI,1456.44,13107.99,https://www.balticexchange.com/ (simulated demo series),synthetic_calibrated_demo
2019-11-13,BPI,1471.85,13246.66,https://www.balticexchange.com/ (simulated demo series),synthetic_calibrated_demo
2019-11-14,BPI,1441.25,12971.27,https://www.balticexchange.com/ (simulated demo series),synthetic_calibrated_demo
2019-11-15,BPI,1461.11,13150.03,https://www.balticexchange.com/ (simulated demo series),synthetic_calibrated_demo
2019-11-18,BPI,1389.29,12503.61,https://www.balticexchange.com/ (simulated demo series),synthetic_calibrated_demo
2019-11-19,BPI,1353.48,12181.33,https://www.balticexchange.com/ (simulated demo series),synthetic_calibrated_demo
2019-11-20,BPI,1352.44,12171.93,https://www.balticexchange.com/ (simulated demo series),synthetic_calibrated_demo
2019-11-21,BPI,1394.96,12554.64,https://www.balticexchange.com/ (simulated demo series),synthetic_calibrated_demo
2019-11-22,BPI,1418.2,12763.81,https://www.balticexchange.com/ (simulated demo series),synthetic_calibrated_demo
2019-11-25,BPI,1478.28,13304.48,https://www.balticexchange.com/ (simulated demo series),synthetic_calibrated_demo
2019-11-26,BPI,1452.55,13072.96,https://www.balticexchange.com/ (simulated demo series),synthetic_calibrated_demo
2019-11-27,BPI,1433.11,12898.03,https://www.balticexchange.com/ (simulated demo series),synthetic_calibrated_demo
2019-11-28,BPI,1462.98,13166.83,https://www.balticexchange.com/ (simulated demo series),synthetic_calibrated_demo
2019-11-29,BPI,1501.56,13514.07,https://www.balticexchange.com/ (simulated demo series),synthetic_calibrated_demo
2019-12-02,BPI,1511.81,13606.33,https://www.balticexchange.com/ (simulated demo series),synthetic_calibrated_demo
2019-12-03,BPI,1495.12,13456.12,https://www.balticexchange.com/ (simulated demo series),synthetic_calibrated_demo
2019-12-04,BPI,1482.25,13340.26,https://www.balticexchange.com/ (simulated demo series),synthetic_calibrated_demo
2019-12-05,BPI,1524.74,13722.65,https://www.balticexchange.com/ (simulated demo series),synthetic_calibrated_demo
2019-12-06,BPI,1513.75,13623.75,https://www.balticexchange.com/ (simulated demo series),synthetic_calibrated_demo
2019-12-09,BPI,1497.17,13474.54,https://www.balticexchange.com/ (simulated demo series),synthetic_calibrated_demo
2019-12-10,BPI,1536.55,13828.95,https://www.balticexchange.com/ (simulated demo series),synthetic_calibrated_demo
2019-12-11,BPI,1561.81,14056.31,https://www.balticexchange.com/ (simulated demo series),synthetic_calibrated_demo
2019-12-12,BPI,1577.49,14197.41,https://www.balticexchange.com/ (simulated demo series),synthetic_calibrated_demo
2019-12-13,BPI,1575.52,14179.65,https://www.balticexchange.com/ (simulated demo series),synthetic_calibrated_demo
2019-12-16,BPI,1598.94,14390.5,https://www.balticexchange.com/ (simulated demo series),synthetic_calibrated_demo
2019-12-17,BPI,1612.0,14508.0,https://www.balticexchange.com/ (simulated demo series),synthetic_calibrated_demo
2019-12-18,BPI,1566.43,14097.91,https://www.balticexchange.com/ (simulated demo series),synthetic_calibrated_demo
2019-12-19,BPI,1563.17,14068.51,https://www.balticexchange.com/ (simulated demo series),synthetic_calibrated_demo
2019-12-20,BPI,1519.6,13676.43,https://www.balticexchange.com/ (simulated demo series),synthetic_calibrated_demo
2019-12-23,BPI,1537.14,13834.3,https://www.balticexchange.com/ (simulated demo series),synthetic_calibrated_demo
2019-12-24,BPI,1641.26,14771.35,https://www.balticexchange.com/ (simulated demo series),synthetic_calibrated_demo
2019-12-25,BPI,1628.09,14652.85,https://www.balticexchange.com/ (simulated demo series),synthetic_calibrated_demo
2019-12-26,BPI,1652.87,14875.8,https://www.balticexchange.com/ (simulated demo series),synthetic_calibrated_demo
2019-12-27,BPI,1659.65,14936.89,https://www.balticexchange.com/ (simulated demo series),synthetic_calibrated_demo
2019-12-30,BPI,1702.87,15325.8,https://www.balticexchange.com/ (simulated demo series),synthetic_calibrated_demo
2019-12-31,BPI,1620.56,14585.07,https://www.balticexchange.com/ (simulated demo series),synthetic_calibrated_demo
2020-01-01,BPI,1563.48,14071.33,https://www.balticexchange.com/ (simulated demo series),synthetic_calibrated_demo
2020-01-02,BPI,1575.49,14179.43,https://www.balticexchange.com/ (simulated demo series),synthetic_calibrated_demo
2020-01-03,BPI,1540.13,13861.19,https://www.balticexchange.com/ (simulated demo series),synthetic_calibrated_demo
2020-01-06,BPI,1514.69,13632.18,https://www.balticexchange.com/ (simulated demo series),synthetic_calibrated_demo
2020-01-07,BPI,1523.07,13707.66,https://www.balticexchange.com/ (simulated demo series),synthetic_calibrated_demo
2020-01-08,BPI,1573.04,14157.36,https://www.balticexchange.com/ (simulated demo series),synthetic_calibrated_demo
2020-01-09,BPI,1533.17,13798.51,https://www.balticexchange.com/ (simulated demo series),synthetic_calibrated_demo
2020-01-10,BPI,1518.84,13669.58,https://www.balticexchange.com/ (simulated demo series),synthetic_calibrated_demo
2020-01-13,BPI,1694.93,15254.33,https://www.balticexchange.com/ (simulated demo series),synthetic_calibrated_demo
2020-01-14,BPI,1645.3,14807.69,https://www.balticexchange.com/ (simulated demo series),synthetic_calibrated_demo
2020-01-15,BPI,1616.01,14544.09,https://www.balticexchange.com/ (simulated demo series),synthetic_calibrated_demo
2020-01-16,BPI,1565.97,14093.72,https://www.balticexchange.com/ (simulated demo series),synthetic_calibrated_demo
2020-01-17,BPI,1554.94,13994.44,https://www.balticexchange.com/ (simulated demo series),synthetic_calibrated_demo
2020-01-20,BPI,1517.58,13658.26,https://www.balticexchange.com/ (simulated demo series),synthetic_calibrated_demo
2020-01-21,BPI,1514.08,13626.75,https://www.balticexchange.com/ (simulated demo series),synthetic_calibrated_demo
2020-01-22,BPI,1468.94,13220.45,https://www.balticexchange.com/ (simulated demo series),synthetic_calibrated_demo
2020-01-23,BPI,1433.71,12903.35,https://www.balticexchange.com/ (simulated demo series),synthetic_calibrated_demo
2020-01-24,BPI,1445.73,13011.59,https://www.balticexchange.com/ (simulated demo series),synthetic_calibrated_demo
2020-01-27,BPI,1398.01,12582.08,https://www.balticexchange.com/ (simulated demo series),synthetic_calibrated_demo
2020-01-28,BPI,1387.83,12490.5,https://www.balticexchange.com/ (simulated demo series),synthetic_calibrated_demo
2020-01-29,BPI,1404.09,12636.81,https://www.balticexchange.com/ (simulated demo series),synthetic_calibrated_demo
2020-01-30,BPI,1374.09,12366.82,https://www.balticexchange.com/ (simulated demo series),synthetic_calibrated_demo
2020-01-31,BPI,1415.92,12743.3,https://www.balticexchange.com/ (simulated demo series),synthetic_calibrated_demo
2020-02-03,BPI,1367.76,12309.88,https://www.balticexchange.com/ (simulated demo series),synthetic_calibrated_demo
2020-02-04,BPI,1333.17,11998.53,https://www.balticexchange.com/ (simulated demo series),synthetic_calibrated_demo
2020-02-05,BPI,1371.73,12345.57,https://www.balticexchange.com/ (simulated demo series),synthetic_calibrated_demo
2020-02-06,BPI,1424.02,12816.2,https://www.balticexchange.com/ (simulated demo series),synthetic_calibrated_demo
2020-02-07,BPI,1448.84,13039.53,https://www.balticexchange.com/ (simulated demo series),synthetic_calibrated_demo
2020-02-10,BPI,1431.83,12886.44,https://www.balticexchange.com/ (simulated demo series),synthetic_calibrated_demo
2020-02-11,BPI,1464.58,13181.26,https://www.balticexchange.com/ (simulated demo series),synthetic_calibrated_demo
2020-02-12,BPI,1489.02,13401.14,https://www.balticexchange.com/ (simulated demo series),synthetic_calibrated_demo
2020-02-13,BPI,1492.1,13428.92,https://www.balticexchange.com/ (simulated demo series),synthetic_calibrated_demo
2020-02-14,BPI,1528.25,13754.24,https://www.balticexchange.com/ (simulated demo series),synthetic_calibrated_demo
2020-02-17,BPI,1499.32,13493.84,https://www.balticexchange.com/ (simulated demo series),synthetic_calibrated_demo
2020-02-18,BPI,1420.27,12782.43,https://www.balticexchange.com/ (simulated demo series),synthetic_calibrated_demo
2020-02-19,BPI,1410.83,12697.46,https://www.balticexchange.com/ (simulated demo series),synthetic_calibrated_demo
2020-02-20,BPI,1424.79,12823.08,https://www.balticexchange.com/ (simulated demo series),synthetic_calibrated_demo
2020-02-21,BPI,1439.53,12955.75,https://www.balticexchange.com/ (simulated demo series),synthetic_calibrated_demo
2020-02-24,BPI,1475.11,13276.0,https://www.balticexchange.com/ (simulated demo series),synthetic_calibrated_demo
2020-02-25,BPI,1462.45,13162.06,https://www.balticexchange.com/ (simulated demo series),synthetic_calibrated_demo
2020-02-26,BPI,1424.36,12819.2,https://www.balticexchange.com/ (simulated demo series),synthetic_calibrated_demo
2020-02-27,BPI,1435.99,12923.94,https://www.balticexchange.com/ (simulated demo series),synthetic_calibrated_demo
2020-02-28,BPI,1460.68,13146.15,https://www.balticexchange.com/ (simulated demo series),synthetic_calibrated_demo
2020-03-02,BPI,1299.55,11695.91,https://www.balticexchange.com/ (simulated demo series),synthetic_calibrated_demo
2020-03-03,BPI,1285.35,11568.16,https://www.balticexchange.com/ (simulated demo series),synthetic_calibrated_demo
2020-03-04,BPI,1289.22,11602.97,https://www.balticexchange.com/ (simulated demo series),synthetic_calibrated_demo
2020-03-05,BPI,1279.99,11519.89,https://www.balticexchange.com/ (simulated demo series),synthetic_calibrated_demo
2020-03-06,BPI,1287.64,11588.75,https://www.balticexchange.com/ (simulated demo series),synthetic_calibrated_demo
2020-03-09,BPI,1301.1,11709.91,https://www.balticexchange.com/ (simulated demo series),synthetic_calibrated_demo
2020-03-10,BPI,1328.17,11953.53,https://www.balticexchange.com/ (simulated demo series),synthetic_calibrated_demo
2020-03-11,BPI,1341.91,12077.21,https://www.balticexchange.com/ (simulated demo series),synthetic_calibrated_demo
2020-03-12,BPI,1370.75,12336.78,https://www.balticexchange.com/ (simulated demo series),synthetic_calibrated_demo
2020-03-13,BPI,1382.87,12445.82,https://www.balticexchange.com/ (simulated demo series),synthetic_calibrated_demo
2020-03-16,BPI,1297.64,11678.72,https://www.balticexchange.com/ (simulated demo series),synthetic_calibrated_demo
2020-03-17,BPI,1244.68,11202.11,https://www.balticexchange.com/ (simulated demo series),synthetic_calibrated_demo
2020-03-18,BPI,1258.77,11328.93,https://www.balticexchange.com/ (simulated demo series),synthetic_calibrated_demo
2020-03-19,BPI,1311.59,11804.27,https://www.balticexchange.com/ (simulated demo series),synthetic_calibrated_demo
2020-03-20,BPI,1292.38,11631.45,https://www.balticexchange.com/ (simulated demo series),synthetic_calibrated_demo
2020-03-23,BPI,1325.09,11925.8,https://www.balticexchange.com/ (simulated demo series),synthetic_calibrated_demo
2020-03-24,BPI,1359.45,12235.07,https://www.balticexchange.com/ (simulated demo series),synthetic_calibrated_demo
2020-03-25,BPI,1327.71,11949.43,https://www.balticexchange.com/ (simulated demo series),synthetic_calibrated_demo
2020-03-26,BPI,1314.81,11833.26,https://www.balticexchange.com/ (simulated demo series),synthetic_calibrated_demo
2020-03-27,BPI,1374.53,12370.79,https://www.balticexchange.com/ (simulated demo series),synthetic_calibrated_demo
2020-03-30,BPI,1416.29,12746.63,https://www.balticexchange.com/ (simulated demo series),synthetic_calibrated_demo
2020-03-31,BPI,1422.67,12803.99,https://www.balticexchange.com/ (simulated demo series),synthetic_calibrated_demo
2020-04-01,BPI,1349.43,12144.84,https://www.balticexchange.com/ (simulated demo series),synthetic_calibrated_demo
2020-04-02,BPI,1366.26,12296.3,https://www.balticexchange.com/ (simulated demo series),synthetic_calibrated_demo
2020-04-03,BPI,1362.0,12257.97,https://www.balticexchange.com/ (simulated demo series),synthetic_calibrated_demo
2020-04-06,BPI,1328.64,11957.76,https://www.balticexchange.com/ (simulated demo series),synthetic_calibrated_demo
2020-04-07,BPI,1325.13,11926.13,https://www.balticexchange.com/ (simulated demo series),synthetic_calibrated_demo
2020-04-08,BPI,1322.22,11900.0,https://www.balticexchange.com/ (simulated demo series),synthetic_calibrated_demo
2020-04-09,BPI,1316.73,11850.57,https://www.balticexchange.com/ (simulated demo series),synthetic_calibrated_demo
2020-04-10,BPI,1307.31,11765.81,https://www.balticexchange.com/ (simulated demo series),synthetic_calibrated_demo
2020-04-13,BPI,1261.3,11351.66,https://www.balticexchange.com/ (simulated demo series),synthetic_calibrated_demo
2020-04-14,BPI,1264.08,11376.71,https://www.balticexchange.com/ (simulated demo series),synthetic_calibrated_demo
2020-04-15,BPI,1260.02,11340.21,https://www.balticexchange.com/ (simulated demo series),synthetic_calibrated_demo
2020-04-16,BPI,1214.53,10930.74,https://www.balticexchange.com/ (simulated demo series),synthetic_calibrated_demo
2020-04-17,BPI,1166.64,10499.76,https://www.balticexchange.com/ (simulated demo series),synthetic_calibrated_demo
2020-04-20,BPI,1180.04,10620.37,https://www.balticexchange.com/ (simulated demo series),synthetic_calibrated_demo
2020-04-21,BPI,1146.86,10321.77,https://www.balticexchange.com/ (simulated demo series),synthetic_calibrated_demo
2020-04-22,BPI,1168.45,10516.05,https://www.balticexchange.com/ (simulated demo series),synthetic_calibrated_demo
2020-04-23,BPI,1210.64,10895.78,https://www.balticexchange.com/ (simulated demo series),synthetic_calibrated_demo
2020-04-24,BPI,1187.31,10685.82,https://www.balticexchange.com/ (simulated demo series),synthetic_calibrated_demo
2020-04-27,BPI,1145.2,10306.77,https://www.balticexchange.com/ (simulated demo series),synthetic_calibrated_demo
2020-04-28,BPI,1171.95,10547.55,https://www.balticexchange.com/ (simulated demo series),synthetic_calibrated_demo
2020-04-29,BPI,1198.61,10787.46,https://www.balticexchange.com/ (simulated demo series),synthetic_calibrated_demo
2020-04-30,BPI,1244.01,11196.09,https://www.balticexchange.com/ (simulated demo series),synthetic_calibrated_demo
2020-05-01,BPI,1271.46,11443.12,https://www.balticexchange.com/ (simulated demo series),synthetic_calibrated_demo
2020-05-04,BPI,1220.27,10982.47,https://www.balticexchange.com/ (simulated demo series),synthetic_calibrated_demo
2020-05-05,BPI,1213.81,10924.33,https://www.balticexchange.com/ (simulated demo series),synthetic_calibrated_demo
2020-05-06,BPI,1277.46,11497.17,https://www.balticexchange.com/ (simulated demo series),synthetic_calibrated_demo
2020-05-07,BPI,1309.88,11788.95,https://www.balticexchange.com/ (simulated demo series),synthetic_calibrated_demo
2020-05-08,BPI,1315.38,11838.4,https://www.balticexchange.com/ (simulated demo series),synthetic_calibrated_demo
2020-05-11,BPI,1273.26,11459.33,https://www.balticexchange.com/ (simulated demo series),synthetic_calibrated_demo
2020-05-12,BPI,1262.72,11364.48,https://www.balticexchange.com/ (simulated demo series),synthetic_calibrated_demo
2020-05-13,BPI,1281.98,11537.78,https://www.balticexchange.com/ (simulated demo series),synthetic_calibrated_demo
2020-05-14,BPI,1259.69,11337.22,https://www.balticexchange.com/ (simulated demo series),synthetic_calibrated_demo
2020-05-15,BPI,1223.6,11012.41,https://www.balticexchange.com/ (simulated demo series),synthetic_calibrated_demo
2020-05-18,BPI,1201.85,10816.62,https://www.balticexchange.com/ (simulated demo series),synthetic_calibrated_demo
2020-05-19,BPI,1210.98,10898.85,https://www.balticexchange.com/ (simulated demo series),synthetic_calibrated_demo
2020-05-20,BPI,1195.48,10759.28,https://www.balticexchange.com/ (simulated demo series),synthetic_calibrated_demo
2020-05-21,BPI,1217.25,10955.22,https://www.balticexchange.com/ (simulated demo series),synthetic_calibrated_demo
2020-05-22,BPI,1202.63,10823.63,https://www.balticexchange.com/ (simulated demo series),synthetic_calibrated_demo
2020-05-25,BPI,1266.09,11394.77,https://www.balticexchange.com/ (simulated demo series),synthetic_calibrated_demo
2020-05-26,BPI,1240.19,11161.75,https://www.balticexchange.com/ (simulated demo series),synthetic_calibrated_demo
2020-05-27,BPI,1242.8,11185.24,https://www.balticexchange.com/ (simulated demo series),synthetic_calibrated_demo
2020-05-28,BPI,1228.0,11051.99,https://www.balticexchange.com/ (simulated demo series),synthetic_calibrated_demo
2020-05-29,BPI,1221.78,10996.03,https://www.balticexchange.com/ (simulated demo series),synthetic_calibrated_demo
2020-06-01,BPI,1263.55,11371.94,https://www.balticexchange.com/ (simulated demo series),synthetic_calibrated_demo
2020-06-02,BPI,1254.46,11290.16,https://www.balticexchange.com/ (simulated demo series),synthetic_calibrated_demo
2020-06-03,BPI,1227.87,11050.86,https://www.balticexchange.com/ (simulated demo series),synthetic_calibrated_demo
2020-06-04,BPI,1239.96,11159.65,https://www.balticexchange.com/ (simulated demo series),synthetic_calibrated_demo
2020-06-05,BPI,1278.34,11505.08,https://www.balticexchange.com/ (simulated demo series),synthetic_calibrated_demo
2020-06-08,BPI,1265.2,11386.81,https://www.balticexchange.com/ (simulated demo series),synthetic_calibrated_demo
2020-06-09,BPI,1300.51,11704.6,https://www.balticexchange.com/ (simulated demo series),synthetic_calibrated_demo
2020-06-10,BPI,1365.09,12285.8,https://www.balticexchange.com/ (simulated demo series),synthetic_calibrated_demo
2020-06-11,BPI,1332.99,11996.93,https://www.balticexchange.com/ (simulated demo series),synthetic_calibrated_demo
2020-06-12,BPI,1395.81,12562.26,https://www.balticexchange.com/ (simulated demo series),synthetic_calibrated_demo
2020-06-15,BPI,1387.53,12487.78,https://www.balticexchange.com/ (simulated demo series),synthetic_calibrated_demo
2020-06-16,BPI,1337.29,12035.64,https://www.balticexchange.com/ (simulated demo series),synthetic_calibrated_demo
2020-06-17,BPI,1278.32,11504.87,https://www.balticexchange.com/ (simulated demo series),synthetic_calibrated_demo
2020-06-18,BPI,1299.14,11692.22,https://www.balticexchange.com/ (simulated demo series),synthetic_calibrated_demo
2020-06-19,BPI,1291.3,11621.73,https://www.balticexchange.com/ (simulated demo series),synthetic_calibrated_demo
2020-06-22,BPI,1298.06,11682.5,https://www.balticexchange.com/ (simulated demo series),synthetic_calibrated_demo
2020-06-23,BPI,1296.4,11667.57,https://www.balticexchange.com/ (simulated demo series),synthetic_calibrated_demo
2020-06-24,BPI,1340.34,12063.06,https://www.balticexchange.com/ (simulated demo series),synthetic_calibrated_demo
2020-06-25,BPI,1402.08,12618.73,https://www.balticexchange.com/ (simulated demo series),synthetic_calibrated_demo
2020-06-26,BPI,1402.2,12619.79,https://www.balticexchange.com/ (simulated demo series),synthetic_calibrated_demo
2020-06-29,BPI,1447.38,13026.39,https://www.balticexchange.com/ (simulated demo series),synthetic_calibrated_demo
2020-06-30,BPI,1462.27,13160.47,https://www.balticexchange.com/ (simulated demo series),synthetic_calibrated_demo
2020-07-01,BPI,1493.26,13439.34,https://www.balticexchange.com/ (simulated demo series),synthetic_calibrated_demo
2020-07-02,BPI,1504.23,13538.05,https://www.balticexchange.com/ (simulated demo series),synthetic_calibrated_demo
2020-07-03,BPI,1527.39,13746.53,https://www.balticexchange.com/ (simulated demo series),synthetic_calibrated_demo
2020-07-06,BPI,1499.13,13492.15,https://www.balticexchange.com/ (simulated demo series),synthetic_calibrated_demo
2020-07-07,BPI,1466.65,13199.86,https://www.balticexchange.com/ (simulated demo series),synthetic_calibrated_demo
2020-07-08,BPI,1487.58,13388.21,https://www.balticexchange.com/ (simulated demo series),synthetic_calibrated_demo
2020-07-09,BPI,1521.46,13693.11,https://www.balticexchange.com/ (simulated demo series),synthetic_calibrated_demo
2020-07-10,BPI,1537.76,13839.88,https://www.balticexchange.com/ (simulated demo series),synthetic_calibrated_demo
2020-07-13,BPI,1573.29,14159.65,https://www.balticexchange.com/ (simulated demo series),synthetic_calibrated_demo
2020-07-14,BPI,1557.69,14019.19,https://www.balticexchange.com/ (simulated demo series),synthetic_calibrated_demo
2020-07-15,BPI,1564.52,14080.69,https://www.balticexchange.com/ (simulated demo series),synthetic_calibrated_demo
2020-07-16,BPI,1589.73,14307.61,https://www.balticexchange.com/ (simulated demo series),synthetic_calibrated_demo
2020-07-17,BPI,1548.88,13939.89,https://www.balticexchange.com/ (simulated demo series),synthetic_calibrated_demo
2020-07-20,BPI,1510.1,13590.88,https://www.balticexchange.com/ (simulated demo series),synthetic_calibrated_demo
2020-07-21,BPI,1553.25,13979.28,https://www.balticexchange.com/ (simulated demo series),synthetic_calibrated_demo
2020-07-22,BPI,1566.24,14096.17,https://www.balticexchange.com/ (simulated demo series),synthetic_calibrated_demo
2020-07-23,BPI,1581.54,14233.88,https://www.balticexchange.com/ (simulated demo series),synthetic_calibrated_demo
2020-07-24,BPI,1581.12,14230.06,https://www.balticexchange.com/ (simulated demo series),synthetic_calibrated_demo
2020-07-27,BPI,1582.82,14245.42,https://www.balticexchange.com/ (simulated demo series),synthetic_calibrated_demo
2020-07-28,BPI,1612.66,14513.91,https://www.balticexchange.com/ (simulated demo series),synthetic_calibrated_demo
2020-07-29,BPI,1627.64,14648.79,https://www.balticexchange.com/ (simulated demo series),synthetic_calibrated_demo
2020-07-30,BPI,1648.96,14840.65,https://www.balticexchange.com/ (simulated demo series),synthetic_calibrated_demo
2020-07-31,BPI,1617.2,14554.77,https://www.balticexchange.com/ (simulated demo series),synthetic_calibrated_demo
2020-08-03,BPI,1695.2,15256.8,https://www.balticexchange.com/ (simulated demo series),synthetic_calibrated_demo
2020-08-04,BPI,1718.99,15470.95,https://www.balticexchange.com/ (simulated demo series),synthetic_calibrated_demo
2020-08-05,BPI,1677.36,15096.27,https://www.balticexchange.com/ (simulated demo series),synthetic_calibrated_demo
2020-08-06,BPI,1663.11,14967.97,https://www.balticexchange.com/ (simulated demo series),synthetic_calibrated_demo
2020-08-07,BPI,1625.01,14625.06,https://www.balticexchange.com/ (simulated demo series),synthetic_calibrated_demo
2020-08-10,BPI,1620.06,14580.56,https://www.balticexchange.com/ (simulated demo series),synthetic_calibrated_demo
2020-08-11,BPI,1637.79,14740.1,https://www.balticexchange.com/ (simulated demo series),synthetic_calibrated_demo
2020-08-12,BPI,1662.88,14965.88,https://www.balticexchange.com/ (simulated demo series),synthetic_calibrated_demo
2020-08-13,BPI,1657.64,14918.72,https://www.balticexchange.com/ (simulated demo series),synthetic_calibrated_demo
2020-08-14,BPI,1631.75,14685.76,https://www.balticexchange.com/ (simulated demo series),synthetic_calibrated_demo
2020-08-17,BPI,1601.49,14413.37,https://www.balticexchange.com/ (simulated demo series),synthetic_calibrated_demo
2020-08-18,BPI,1630.15,14671.33,https://www.balticexchange.com/ (simulated demo series),synthetic_calibrated_demo
2020-08-19,BPI,1607.0,14463.02,https://www.balticexchange.com/ (simulated demo series),synthetic_calibrated_demo
2020-08-20,BPI,1635.75,14721.78,https://www.balticexchange.com/ (simulated demo series),synthetic_calibrated_demo
2020-08-21,BPI,1611.17,14500.53,https://www.balticexchange.com/ (simulated demo series),synthetic_calibrated_demo
2020-08-24,BPI,1632.75,14694.77,https://www.balticexchange.com/ (simulated demo series),synthetic_calibrated_demo
2020-08-25,BPI,1648.25,14834.22,https://www.balticexchange.com/ (simulated demo series),synthetic_calibrated_demo
2020-08-26,BPI,1644.58,14801.18,https://www.balticexchange.com/ (simulated demo series),synthetic_calibrated_demo
2020-08-27,BPI,1702.3,15320.72,https://www.balticexchange.com/ (simulated demo series),synthetic_calibrated_demo
2020-08-28,BPI,1663.8,14974.19,https://www.balticexchange.com/ (simulated demo series),synthetic_calibrated_demo
2020-08-31,BPI,1671.99,15047.92,https://www.balticexchange.com/ (simulated demo series),synthetic_calibrated_demo
2020-09-01,BPI,1565.93,14093.4,https://www.balticexchange.com/ (simulated demo series),synthetic_calibrated_demo
2020-09-02,BPI,1572.49,14152.43,https://www.balticexchange.com/ (simulated demo series),synthetic_calibrated_demo
2020-09-03,BPI,1551.01,13959.06,https://www.balticexchange.com/ (simulated demo series),synthetic_calibrated_demo
2020-09-04,BPI,1570.71,14136.38,https://www.balticexchange.com/ (simulated demo series),synthetic_calibrated_demo
2020-09-07,BPI,1521.84,13696.55,https://www.balticexchange.com/ (simulated demo series),synthetic_calibrated_demo
2020-09-08,BPI,1562.41,14061.67,https://www.balticexchange.com/ (simulated demo series),synthetic_calibrated_demo
2020-09-09,BPI,1558.04,14022.32,https://www.balticexchange.com/ (simulated demo series),synthetic_calibrated_demo
2020-09-10,BPI,1531.73,13785.56,https://www.balticexchange.com/ (simulated demo series),synthetic_calibrated_demo
2020-09-11,BPI,1529.98,13769.86,https://www.balticexchange.com/ (simulated demo series),synthetic_calibrated_demo
2020-09-14,BPI,1525.44,13728.99,https://www.balticexchange.com/ (simulated demo series),synthetic_calibrated_demo
2020-09-15,BPI,1535.6,13820.36,https://www.balticexchange.com/ (simulated demo series),synthetic_calibrated_demo
2020-09-16,BPI,1497.31,13475.82,https://www.balticexchange.com/ (simulated demo series),synthetic_calibrated_demo
2020-09-17,BPI,1449.25,13043.24,https://www.balticexchange.com/ (simulated demo series),synthetic_calibrated_demo
2020-09-18,BPI,1434.06,12906.57,https://www.balticexchange.com/ (simulated demo series),synthetic_calibrated_demo
2020-09-21,BPI,1441.0,12968.98,https://www.balticexchange.com/ (simulated demo series),synthetic_calibrated_demo
2020-09-22,BPI,1491.17,13420.53,https://www.balticexchange.com/ (simulated demo series),synthetic_calibrated_demo
2020-09-23,BPI,1541.9,13877.1,https://www.balticexchange.com/ (simulated demo series),synthetic_calibrated_demo
2020-09-24,BPI,1559.18,14032.63,https://www.balticexchange.com/ (simulated demo series),synthetic_calibrated_demo
2020-09-25,BPI,1531.17,13780.55,https://www.balticexchange.com/ (simulated demo series),synthetic_calibrated_demo
2020-09-28,BPI,1534.37,13809.3,https://www.balticexchange.com/ (simulated demo series),synthetic_calibrated_demo
2020-09-29,BPI,1498.53,13486.74,https://www.balticexchange.com/ (simulated demo series),synthetic_calibrated_demo
2020-09-30,BPI,1464.67,13182.06,https://www.balticexchange.com/ (simulated demo series),synthetic_calibrated_demo
2020-10-01,BPI,1463.61,13172.51,https://www.balticexchange.com/ (simulated demo series),synthetic_calibrated_demo
2020-10-02,BPI,1498.66,13487.92,https://www.balticexchange.com/ (simulated demo series),synthetic_calibrated_demo
2020-10-05,BPI,1585.24,14267.17,https://www.balticexchange.com/ (simulated demo series),synthetic_calibrated_demo
2020-10-06,BPI,1581.99,14237.93,https://www.balticexchange.com/ (simulated demo series),synthetic_calibrated_demo
2020-10-07,BPI,1521.59,13694.33,https://www.balticexchange.com/ (simulated demo series),synthetic_calibrated_demo
2020-10-08,BPI,1488.74,13398.68,https://www.balticexchange.com/ (simulated demo series),synthetic_calibrated_demo
2020-10-09,BPI,1479.83,13318.47,https://www.balticexchange.com/ (simulated demo series),synthetic_calibrated_demo
2020-10-12,BPI,1434.21,12907.9,https://www.balticexchange.com/ (simulated demo series),synthetic_calibrated_demo
2020-10-13,BPI,1436.72,12930.52,https://www.balticexchange.com/ (simulated demo series),synthetic_calibrated_demo
2020-10-14,BPI,1428.65,12857.88,https://www.balticexchange.com/ (simulated demo series),synthetic_calibrated_demo
2020-10-15,BPI,1465.18,13186.66,https://www.balticexchange.com/ (simulated demo series),synthetic_calibrated_demo
2020-10-16,BPI,1499.21,13492.85,https://www.balticexchange.com/ (simulated demo series),synthetic_calibrated_demo
2020-10-19,BPI,1400.91,12608.18,https://www.balticexchange.com/ (simulated demo series),synthetic_calibrated_demo
2020-10-20,BPI,1367.85,12310.69,https://www.balticexchange.com/ (simulated demo series),synthetic_calibrated_demo
2020-10-21,BPI,1363.96,12275.62,https://www.balticexchange.com/ (simulated demo series),synthetic_calibrated_demo
2020-10-22,BPI,1346.96,12122.65,https://www.balticexchange.com/ (simulated demo series),synthetic_calibrated_demo
2020-10-23,BPI,1349.36,12144.28,https://www.balticexchange.com/ (simulated demo series),synthetic_calibrated_demo
2020-10-26,BPI,1312.02,11808.19,https://www.balticexchange.com/ (simulated demo series),synthetic_calibrated_demo
2020-10-27,BPI,1310.61,11795.51,https://www.balticexchange.com/ (simulated demo series),synthetic_calibrated_demo
2020-10-28,BPI,1357.41,12216.65,https://www.balticexchange.com/ (simulated demo series),synthetic_calibrated_demo
2020-10-29,BPI,1350.45,12154.09,https://www.balticexchange.com/ (simulated demo series),synthetic_calibrated_demo
2020-10-30,BPI,1341.05,12069.49,https://www.balticexchange.com/ (simulated demo series),synthetic_calibrated_demo
2020-11-02,BPI,1326.32,11936.87,https://www.balticexchange.com/ (simulated demo series),synthetic_calibrated_demo
2020-11-03,BPI,1351.99,12167.88,https://www.balticexchange.com/ (simulated demo series),synthetic_calibrated_demo
2020-11-04,BPI,1363.15,12268.33,https://www.balticexchange.com/ (simulated demo series),synthetic_calibrated_demo
2020-11-05,BPI,1342.15,12079.35,https://www.balticexchange.com/ (simulated demo series),synthetic_calibrated_demo
2020-11-06,BPI,1335.8,12022.18,https://www.balticexchange.com/ (simulated demo series),synthetic_calibrated_demo
2020-11-09,BPI,1299.94,11699.44,https://www.balticexchange.com/ (simulated demo series),synthetic_calibrated_demo
2020-11-10,BPI,1293.17,11638.5,https://www.balticexchange.com/ (simulated demo series),synthetic_calibrated_demo
2020-11-11,BPI,1297.42,11676.77,https://www.balticexchange.com/ (simulated demo series),synthetic_calibrated_demo
2020-11-12,BPI,1257.59,11318.29,https://www.balticexchange.com/ (simulated demo series),synthetic_calibrated_demo
2020-11-13,BPI,1289.52,11605.71,https://www.balticexchange.com/ (simulated demo series),synthetic_calibrated_demo
2020-11-16,BPI,1264.42,11379.8,https://www.balticexchange.com/ (simulated demo series),synthetic_calibrated_demo
2020-11-17,BPI,1268.68,11418.16,https://www.balticexchange.com/ (simulated demo series),synthetic_calibrated_demo
2020-11-18,BPI,1246.93,11222.38,https://www.balticexchange.com/ (simulated demo series),synthetic_calibrated_demo
2020-11-19,BPI,1250.27,11252.43,https://www.balticexchange.com/ (simulated demo series),synthetic_calibrated_demo
2020-11-20,BPI,1222.92,11006.24,https://www.balticexchange.com/ (simulated demo series),synthetic_calibrated_demo
2020-11-23,BPI,1293.13,11638.2,https://www.balticexchange.com/ (simulated demo series),synthetic_calibrated_demo
2020-11-24,BPI,1295.79,11662.13,https://www.balticexchange.com/ (simulated demo series),synthetic_calibrated_demo
2020-11-25,BPI,1314.28,11828.51,https://www.balticexchange.com/ (simulated demo series),synthetic_calibrated_demo
2020-11-26,BPI,1339.94,12059.46,https://www.balticexchange.com/ (simulated demo series),synthetic_calibrated_demo
2020-11-27,BPI,1330.37,11973.35,https://www.balticexchange.com/ (simulated demo series),synthetic_calibrated_demo
2020-11-30,BPI,1325.08,11925.68,https://www.balticexchange.com/ (simulated demo series),synthetic_calibrated_demo
2020-12-01,BPI,1348.06,12132.57,https://www.balticexchange.com/ (simulated demo series),synthetic_calibrated_demo
2020-12-02,BPI,1341.29,12071.64,https://www.balticexchange.com/ (simulated demo series),synthetic_calibrated_demo
2020-12-03,BPI,1290.11,11610.96,https://www.balticexchange.com/ (simulated demo series),synthetic_calibrated_demo
2020-12-04,BPI,1314.9,11834.07,https://www.balticexchange.com/ (simulated demo series),synthetic_calibrated_demo
2020-12-07,BPI,1241.58,11174.22,https://www.balticexchange.com/ (simulated demo series),synthetic_calibrated_demo
2020-12-08,BPI,1268.8,11419.21,https://www.balticexchange.com/ (simulated demo series),synthetic_calibrated_demo
2020-12-09,BPI,1262.91,11366.19,https://www.balticexchange.com/ (simulated demo series),synthetic_calibrated_demo
2020-12-10,BPI,1312.21,11809.91,https://www.balticexchange.com/ (simulated demo series),synthetic_calibrated_demo
2020-12-11,BPI,1323.81,11914.29,https://www.balticexchange.com/ (simulated demo series),synthetic_calibrated_demo
2020-12-14,BPI,1315.31,11837.8,https://www.balticexchange.com/ (simulated demo series),synthetic_calibrated_demo
2020-12-15,BPI,1332.07,11988.62,https://www.balticexchange.com/ (simulated demo series),synthetic_calibrated_demo
2020-12-16,BPI,1346.14,12115.28,https://www.balticexchange.com/ (simulated demo series),synthetic_calibrated_demo
2020-12-17,BPI,1386.76,12480.85,https://www.balticexchange.com/ (simulated demo series),synthetic_calibrated_demo
2020-12-18,BPI,1356.37,12207.3,https://www.balticexchange.com/ (simulated demo series),synthetic_calibrated_demo
2020-12-21,BPI,1335.52,12019.69,https://www.balticexchange.com/ (simulated demo series),synthetic_calibrated_demo
2020-12-22,BPI,1348.42,12135.82,https://www.balticexchange.com/ (simulated demo series),synthetic_calibrated_demo
2020-12-23,BPI,1300.41,11703.71,https://www.balticexchange.com/ (simulated demo series),synthetic_calibrated_demo
2020-12-24,BPI,1337.39,12036.53,https://www.balticexchange.com/ (simulated demo series),synthetic_calibrated_demo
2020-12-25,BPI,1290.91,11618.15,https://www.balticexchange.com/ (simulated demo series),synthetic_calibrated_demo
2020-12-28,BPI,1294.84,11653.53,https://www.balticexchange.com/ (simulated demo series),synthetic_calibrated_demo
2020-12-29,BPI,1294.86,11653.75,https://www.balticexchange.com/ (simulated demo series),synthetic_calibrated_demo
2020-12-30,BPI,1296.06,11664.53,https://www.balticexchange.com/ (simulated demo series),synthetic_calibrated_demo
2020-12-31,BPI,1293.96,11645.65,https://www.balticexchange.com/ (simulated demo series),synthetic_calibrated_demo
2021-01-01,BPI,1289.84,11608.52,https://www.balticexchange.com/ (simulated demo series),synthetic_calibrated_demo
2021-01-04,BPI,1273.06,11457.58,https://www.balticexchange.com/ (simulated demo series),synthetic_calibrated_demo
2021-01-05,BPI,1240.88,11167.93,https://www.balticexchange.com/ (simulated demo series),synthetic_calibrated_demo
2021-01-06,BPI,1243.64,11192.76,https://www.balticexchange.com/ (simulated demo series),synthetic_calibrated_demo
2021-01-07,BPI,1270.41,11433.68,https://www.balticexchange.com/ (simulated demo series),synthetic_calibrated_demo
2021-01-08,BPI,1260.29,11342.63,https://www.balticexchange.com/ (simulated demo series),synthetic_calibrated_demo
2021-01-11,BPI,1226.45,11038.09,https://www.balticexchange.com/ (simulated demo series),synthetic_calibrated_demo
2021-01-12,BPI,1288.41,11595.65,https://www.balticexchange.com/ (simulated demo series),synthetic_calibrated_demo
2021-01-13,BPI,1339.85,12058.63,https://www.balticexchange.com/ (simulated demo series),synthetic_calibrated_demo
2021-01-14,BPI,1364.71,12282.42,https://www.balticexchange.com/ (simulated demo series),synthetic_calibrated_demo
2021-01-15,BPI,1376.84,12391.53,https://www.balticexchange.com/ (simulated demo series),synthetic_calibrated_demo
2021-01-18,BPI,1372.74,12354.62,https://www.balticexchange.com/ (simulated demo series),synthetic_calibrated_demo
2021-01-19,BPI,1375.37,12378.29,https://www.balticexchange.com/ (simulated demo series),synthetic_calibrated_demo
2021-01-20,BPI,1382.5,12442.54,https://www.balticexchange.com/ (simulated demo series),synthetic_calibrated_demo
2021-01-21,BPI,1356.75,12210.73,https://www.balticexchange.com/ (simulated demo series),synthetic_calibrated_demo
2021-01-22,BPI,1355.69,12201.24,https://www.balticexchange.com/ (simulated demo series),synthetic_calibrated_demo
2021-01-25,BPI,1394.67,12552.01,https://www.balticexchange.com/ (simulated demo series),synthetic_calibrated_demo
2021-01-26,BPI,1406.83,12661.45,https://www.balticexchange.com/ (simulated demo series),synthetic_calibrated_demo
2021-01-27,BPI,1419.68,12777.09,https://www.balticexchange.com/ (simulated demo series),synthetic_calibrated_demo
2021-01-28,BPI,1449.64,13046.72,https://www.balticexchange.com/ (simulated demo series),synthetic_calibrated_demo
2021-01-29,BPI,1455.36,13098.21,https://www.balticexchange.com/ (simulated demo series),synthetic_calibrated_demo
2021-02-01,BPI,1480.95,13328.59,https://www.balticexchange.com/ (simulated demo series),synthetic_calibrated_demo
2021-02-02,BPI,1403.09,12627.82,https://www.balticexchange.com/ (simulated demo series),synthetic_calibrated_demo
2021-02-03,BPI,1397.01,12573.08,https://www.balticexchange.com/ (simulated demo series),synthetic_calibrated_demo
2021-02-04,BPI,1338.37,12045.32,https://www.balticexchange.com/ (simulated demo series),synthetic_calibrated_demo
2021-02-05,BPI,1277.48,11497.3,https://www.balticexchange.com/ (simulated demo series),synthetic_calibrated_demo
2021-02-08,BPI,1303.67,11733.04,https://www.balticexchange.com/ (simulated demo series),synthetic_calibrated_demo
2021-02-09,BPI,1369.33,12323.94,https://www.balticexchange.com/ (simulated demo series),synthetic_calibrated_demo
2021-02-10,BPI,1386.57,12479.11,https://www.balticexchange.com/ (simulated demo series),synthetic_calibrated_demo
2021-02-11,BPI,1405.09,12645.79,https://www.balticexchange.com/ (simulated demo series),synthetic_calibrated_demo
2021-02-12,BPI,1380.11,12421.01,https://www.balticexchange.com/ (simulated demo series),synthetic_calibrated_demo
2021-02-15,BPI,1436.82,12931.35,https://www.balticexchange.com/ (simulated demo series),synthetic_calibrated_demo
2021-02-16,BPI,1459.8,13138.17,https://www.balticexchange.com/ (simulated demo series),synthetic_calibrated_demo
2021-02-17,BPI,1464.92,13184.29,https://www.balticexchange.com/ (simulated demo series),synthetic_calibrated_demo
2021-02-18,BPI,1435.07,12915.65,https://www.balticexchange.com/ (simulated demo series),synthetic_calibrated_demo
2021-02-19,BPI,1443.2,12988.83,https://www.balticexchange.com/ (simulated demo series),synthetic_calibrated_demo
2021-02-22,BPI,1471.54,13243.83,https://www.balticexchange.com/ (simulated demo series),synthetic_calibrated_demo
2021-02-23,BPI,1486.2,13375.79,https://www.balticexchange.com/ (simulated demo series),synthetic_calibrated_demo
2021-02-24,BPI,1500.55,13504.99,https://www.balticexchange.com/ (simulated demo series),synthetic_calibrated_demo
2021-02-25,BPI,1513.38,13620.44,https://www.balticexchange.com/ (simulated demo series),synthetic_calibrated_demo
2021-02-26,BPI,1512.69,13614.19,https://www.balticexchange.com/ (simulated demo series),synthetic_calibrated_demo
2021-03-01,BPI,1460.12,13141.04,https://www.balticexchange.com/ (simulated demo series),synthetic_calibrated_demo
2021-03-02,BPI,1453.31,13079.8,https://www.balticexchange.com/ (simulated demo series),synthetic_calibrated_demo
2021-03-03,BPI,1404.46,12640.15,https://www.balticexchange.com/ (simulated demo series),synthetic_calibrated_demo
2021-03-04,BPI,1399.02,12591.14,https://www.balticexchange.com/ (simulated demo series),synthetic_calibrated_demo
2021-03-05,BPI,1369.58,12326.19,https://www.balticexchange.com/ (simulated demo series),synthetic_calibrated_demo
2021-03-08,BPI,1408.97,12680.75,https://www.balticexchange.com/ (simulated demo series),synthetic_calibrated_demo
2021-03-09,BPI,1524.55,13720.93,https://www.balticexchange.com/ (simulated demo series),synthetic_calibrated_demo
2021-03-10,BPI,1548.53,13936.8,https://www.balticexchange.com/ (simulated demo series),synthetic_calibrated_demo
2021-03-11,BPI,1571.25,14141.22,https://www.balticexchange.com/ (simulated demo series),synthetic_calibrated_demo
2021-03-12,BPI,1577.12,14194.11,https://www.balticexchange.com/ (simulated demo series),synthetic_calibrated_demo
2021-03-15,BPI,1506.12,13555.06,https://www.balticexchange.com/ (simulated demo series),synthetic_calibrated_demo
2021-03-16,BPI,1482.68,13344.1,https://www.balticexchange.com/ (simulated demo series),synthetic_calibrated_demo
2021-03-17,BPI,1508.08,13572.7,https://www.balticexchange.com/ (simulated demo series),synthetic_calibrated_demo
2021-03-18,BPI,1504.54,13540.86,https://www.balticexchange.com/ (simulated demo series),synthetic_calibrated_demo
2021-03-19,BPI,1509.96,13589.6,https://www.balticexchange.com/ (simulated demo series),synthetic_calibrated_demo
2021-03-22,BPI,1483.33,13349.97,https://www.balticexchange.com/ (simulated demo series),synthetic_calibrated_demo
2021-03-23,BPI,1525.86,13732.74,https://www.balticexchange.com/ (simulated demo series),synthetic_calibrated_demo
2021-03-24,BPI,1493.84,13444.55,https://www.balticexchange.com/ (simulated demo series),synthetic_calibrated_demo
2021-03-25,BPI,1533.1,13797.93,https://www.balticexchange.com/ (simulated demo series),synthetic_calibrated_demo
2021-03-26,BPI,1480.09,13320.77,https://www.balticexchange.com/ (simulated demo series),synthetic_calibrated_demo
2021-03-29,BPI,1453.03,13077.27,https://www.balticexchange.com/ (simulated demo series),synthetic_calibrated_demo
2021-03-30,BPI,1366.0,12294.0,https://www.balticexchange.com/ (simulated demo series),synthetic_calibrated_demo
2021-03-31,BPI,1371.88,12346.94,https://www.balticexchange.com/ (simulated demo series),synthetic_calibrated_demo
2021-04-01,BPI,1360.24,12242.17,https://www.balticexchange.com/ (simulated demo series),synthetic_calibrated_demo
2021-04-02,BPI,1382.89,12446.02,https://www.balticexchange.com/ (simulated demo series),synthetic_calibrated_demo
2021-04-05,BPI,1306.4,11757.62,https://www.balticexchange.com/ (simulated demo series),synthetic_calibrated_demo
2021-04-06,BPI,1294.28,11648.53,https://www.balticexchange.com/ (simulated demo series),synthetic_calibrated_demo
2021-04-07,BPI,1286.48,11578.32,https://www.balticexchange.com/ (simulated demo series),synthetic_calibrated_demo
2021-04-08,BPI,1321.82,11896.39,https://www.balticexchange.com/ (simulated demo series),synthetic_calibrated_demo
2021-04-09,BPI,1363.36,12270.21,https://www.balticexchange.com/ (simulated demo series),synthetic_calibrated_demo
2021-04-12,BPI,1453.18,13078.65,https://www.balticexchange.com/ (simulated demo series),synthetic_calibrated_demo
2021-04-13,BPI,1509.65,13586.84,https://www.balticexchange.com/ (simulated demo series),synthetic_calibrated_demo
2021-04-14,BPI,1471.0,13239.01,https://www.balticexchange.com/ (simulated demo series),synthetic_calibrated_demo
2021-04-15,BPI,1468.92,13220.3,https://www.balticexchange.com/ (simulated demo series),synthetic_calibrated_demo
2021-04-16,BPI,1440.63,12965.71,https://www.balticexchange.com/ (simulated demo series),synthetic_calibrated_demo
2021-04-19,BPI,1392.61,12533.48,https://www.balticexchange.com/ (simulated demo series),synthetic_calibrated_demo
2021-04-20,BPI,1379.66,12416.92,https://www.balticexchange.com/ (simulated demo series),synthetic_calibrated_demo
2021-04-21,BPI,1350.77,12156.89,https://www.balticexchange.com/ (simulated demo series),synthetic_calibrated_demo
2021-04-22,BPI,1405.31,12647.76,https://www.balticexchange.com/ (simulated demo series),synthetic_calibrated_demo
2021-04-23,BPI,1393.54,12541.9,https://www.balticexchange.com/ (simulated demo series),synthetic_calibrated_demo
2021-04-26,BPI,1344.78,12103.06,https://www.balticexchange.com/ (simulated demo series),synthetic_calibrated_demo
2021-04-27,BPI,1409.76,12687.8,https://www.balticexchange.com/ (simulated demo series),synthetic_calibrated_demo
2021-04-28,BPI,1430.38,12873.4,https://www.balticexchange.com/ (simulated demo series),synthetic_calibrated_demo
2021-04-29,BPI,1510.44,13593.96,https://www.balticexchange.com/ (simulated demo series),synthetic_calibrated_demo
2021-04-30,BPI,1454.06,13086.53,https://www.balticexchange.com/ (simulated demo series),synthetic_calibrated_demo
2021-05-03,BPI,1493.87,13444.79,https://www.balticexchange.com/ (simulated demo series),synthetic_calibrated_demo
2021-05-04,BPI,1445.35,13008.18,https://www.balticexchange.com/ (simulated demo series),synthetic_calibrated_demo
2021-05-05,BPI,1454.87,13093.87,https://www.balticexchange.com/ (simulated demo series),synthetic_calibrated_demo
2021-05-06,BPI,1463.93,13175.36,https://www.balticexchange.com/ (simulated demo series),synthetic_calibrated_demo
2021-05-07,BPI,1488.39,13395.52,https://www.balticexchange.com/ (simulated demo series),synthetic_calibrated_demo
2021-05-10,BPI,1483.25,13349.27,https://www.balticexchange.com/ (simulated demo series),synthetic_calibrated_demo
2021-05-11,BPI,1536.99,13832.91,https://www.balticexchange.com/ (simulated demo series),synthetic_calibrated_demo
2021-05-12,BPI,1612.26,14510.37,https://www.balticexchange.com/ (simulated demo series),synthetic_calibrated_demo
2021-05-13,BPI,1621.39,14592.51,https://www.balticexchange.com/ (simulated demo series),synthetic_calibrated_demo
2021-05-14,BPI,1648.13,14833.18,https://www.balticexchange.com/ (simulated demo series),synthetic_calibrated_demo
2021-05-17,BPI,1673.7,15063.26,https://www.balticexchange.com/ (simulated demo series),synthetic_calibrated_demo
2021-05-18,BPI,1600.9,14408.13,https://www.balticexchange.com/ (simulated demo series),synthetic_calibrated_demo
2021-05-19,BPI,1616.84,14551.6,https://www.balticexchange.com/ (simulated demo series),synthetic_calibrated_demo
2021-05-20,BPI,1612.81,14515.3,https://www.balticexchange.com/ (simulated demo series),synthetic_calibrated_demo
2021-05-21,BPI,1608.26,14474.34,https://www.balticexchange.com/ (simulated demo series),synthetic_calibrated_demo
2021-05-24,BPI,1553.31,13979.82,https://www.balticexchange.com/ (simulated demo series),synthetic_calibrated_demo
2021-05-25,BPI,1582.32,14240.84,https://www.balticexchange.com/ (simulated demo series),synthetic_calibrated_demo
2021-05-26,BPI,1568.75,14118.75,https://www.balticexchange.com/ (simulated demo series),synthetic_calibrated_demo
2021-05-27,BPI,1547.5,13927.53,https://www.balticexchange.com/ (simulated demo series),synthetic_calibrated_demo
2021-05-28,BPI,1595.34,14358.04,https://www.balticexchange.com/ (simulated demo series),synthetic_calibrated_demo
2021-05-31,BPI,1578.19,14203.69,https://www.balticexchange.com/ (simulated demo series),synthetic_calibrated_demo
2021-06-01,BPI,1656.73,14910.56,https://www.balticexchange.com/ (simulated demo series),synthetic_calibrated_demo
2021-06-02,BPI,1648.98,14840.85,https://www.balticexchange.com/ (simulated demo series),synthetic_calibrated_demo
2021-06-03,BPI,1687.66,15188.95,https://www.balticexchange.com/ (simulated demo series),synthetic_calibrated_demo
2021-06-04,BPI,1697.55,15277.93,https://www.balticexchange.com/ (simulated demo series),synthetic_calibrated_demo
2021-06-07,BPI,1598.26,14384.37,https://www.balticexchange.com/ (simulated demo series),synthetic_calibrated_demo
2021-06-08,BPI,1603.2,14428.81,https://www.balticexchange.com/ (simulated demo series),synthetic_calibrated_demo
2021-06-09,BPI,1624.2,14617.82,https://www.balticexchange.com/ (simulated demo series),synthetic_calibrated_demo
2021-06-10,BPI,1625.57,14630.14,https://www.balticexchange.com/ (simulated demo series),synthetic_calibrated_demo
2021-06-11,BPI,1637.81,14740.32,https://www.balticexchange.com/ (simulated demo series),synthetic_calibrated_demo
2021-06-14,BPI,1640.26,14762.31,https://www.balticexchange.com/ (simulated demo series),synthetic_calibrated_demo
2021-06-15,BPI,1629.46,14665.13,https://www.balticexchange.com/ (simulated demo series),synthetic_calibrated_demo
2021-06-16,BPI,1602.61,14423.45,https://www.balticexchange.com/ (simulated demo series),synthetic_calibrated_demo
2021-06-17,BPI,1587.18,14284.65,https://www.balticexchange.com/ (simulated demo series),synthetic_calibrated_demo
2021-06-18,BPI,1638.92,14750.28,https://www.balticexchange.com/ (simulated demo series),synthetic_calibrated_demo
2021-06-21,BPI,1728.04,15552.33,https://www.balticexchange.com/ (simulated demo series),synthetic_calibrated_demo
2021-06-22,BPI,1685.47,15169.19,https://www.balticexchange.com/ (simulated demo series),synthetic_calibrated_demo
2021-06-23,BPI,1679.74,15117.69,https://www.balticexchange.com/ (simulated demo series),synthetic_calibrated_demo
2021-06-24,BPI,1690.57,15215.13,https://www.balticexchange.com/ (simulated demo series),synthetic_calibrated_demo
2021-06-25,BPI,1572.57,14153.09,https://www.balticexchange.com/ (simulated demo series),synthetic_calibrated_demo
2021-06-28,BPI,1549.97,13949.69,https://www.balticexchange.com/ (simulated demo series),synthetic_calibrated_demo
2021-06-29,BPI,1475.2,13276.84,https://www.balticexchange.com/ (simulated demo series),synthetic_calibrated_demo
2021-06-30,BPI,1479.24,13313.14,https://www.balticexchange.com/ (simulated demo series),synthetic_calibrated_demo
2021-07-01,BPI,1452.9,13076.13,https://www.balticexchange.com/ (simulated demo series),synthetic_calibrated_demo
2021-07-02,BPI,1460.17,13141.56,https://www.balticexchange.com/ (simulated demo series),synthetic_calibrated_demo
2021-07-05,BPI,1598.06,14382.54,https://www.balticexchange.com/ (simulated demo series),synthetic_calibrated_demo
2021-07-06,BPI,1613.14,14518.3,https://www.balticexchange.com/ (simulated demo series),synthetic_calibrated_demo
2021-07-07,BPI,1515.89,13643.02,https://www.balticexchange.com/ (simulated demo series),synthetic_calibrated_demo
2021-07-08,BPI,1562.21,14059.86,https://www.balticexchange.com/ (simulated demo series),synthetic_calibrated_demo
2021-07-09,BPI,1551.96,13967.62,https://www.balticexchange.com/ (simulated demo series),synthetic_calibrated_demo
2021-07-12,BPI,1517.89,13660.97,https://www.balticexchange.com/ (simulated demo series),synthetic_calibrated_demo
2021-07-13,BPI,1470.3,13232.72,https://www.balticexchange.com/ (simulated demo series),synthetic_calibrated_demo
2021-07-14,BPI,1399.78,12598.02,https://www.balticexchange.com/ (simulated demo series),synthetic_calibrated_demo
2021-07-15,BPI,1398.81,12589.3,https://www.balticexchange.com/ (simulated demo series),synthetic_calibrated_demo
2021-07-16,BPI,1474.93,13274.33,https://www.balticexchange.com/ (simulated demo series),synthetic_calibrated_demo
2021-07-19,BPI,1405.3,12647.7,https://www.balticexchange.com/ (simulated demo series),synthetic_calibrated_demo
2021-07-20,BPI,1413.9,12725.12,https://www.balticexchange.com/ (simulated demo series),synthetic_calibrated_demo
2021-07-21,BPI,1477.65,13298.85,https://www.balticexchange.com/ (simulated demo series),synthetic_calibrated_demo
2021-07-22,BPI,1469.97,13229.76,https://www.balticexchange.com/ (simulated demo series),synthetic_calibrated_demo
2021-07-23,BPI,1476.93,13292.37,https://www.balticexchange.com/ (simulated demo series),synthetic_calibrated_demo
2021-07-26,BPI,1562.22,14059.99,https://www.balticexchange.com/ (simulated demo series),synthetic_calibrated_demo
2021-07-27,BPI,1556.83,14011.49,https://www.balticexchange.com/ (simulated demo series),synthetic_calibrated_demo
2021-07-28,BPI,1559.17,14032.49,https://www.balticexchange.com/ (simulated demo series),synthetic_calibrated_demo
2021-07-29,BPI,1562.61,14063.53,https://www.balticexchange.com/ (simulated demo series),synthetic_calibrated_demo
2021-07-30,BPI,1628.79,14659.14,https://www.balticexchange.com/ (simulated demo series),synthetic_calibrated_demo
2021-08-02,BPI,1563.4,14070.63,https://www.balticexchange.com/ (simulated demo series),synthetic_calibrated_demo
2021-08-03,BPI,1519.03,13671.31,https://www.balticexchange.com/ (simulated demo series),synthetic_calibrated_demo
2021-08-04,BPI,1497.93,13481.4,https://www.balticexchange.com/ (simulated demo series),synthetic_calibrated_demo
2021-08-05,BPI,1471.12,13240.07,https://www.balticexchange.com/ (simulated demo series),synthetic_calibrated_demo
2021-08-06,BPI,1460.67,13146.07,https://www.balticexchange.com/ (simulated demo series),synthetic_calibrated_demo
2021-08-09,BPI,1446.78,13021.0,https://www.balticexchange.com/ (simulated demo series),synthetic_calibrated_demo
2021-08-10,BPI,1396.0,12564.01,https://www.balticexchange.com/ (simulated demo series),synthetic_calibrated_demo
2021-08-11,BPI,1385.92,12473.28,https://www.balticexchange.com/ (simulated demo series),synthetic_calibrated_demo
2021-08-12,BPI,1428.0,12851.98,https://www.balticexchange.com/ (simulated demo series),synthetic_calibrated_demo
2021-08-13,BPI,1452.45,13072.05,https://www.balticexchange.com/ (simulated demo series),synthetic_calibrated_demo
2021-08-16,BPI,1484.39,13359.5,https://www.balticexchange.com/ (simulated demo series),synthetic_calibrated_demo
2021-08-17,BPI,1504.84,13543.53,https://www.balticexchange.com/ (simulated demo series),synthetic_calibrated_demo
2021-08-18,BPI,1464.95,13184.54,https://www.balticexchange.com/ (simulated demo series),synthetic_calibrated_demo
2021-08-19,BPI,1478.19,13303.72,https://www.balticexchange.com/ (simulated demo series),synthetic_calibrated_demo
2021-08-20,BPI,1462.27,13160.42,https://www.balticexchange.com/ (simulated demo series),synthetic_calibrated_demo
2021-08-23,BPI,1533.23,13799.04,https://www.balticexchange.com/ (simulated demo series),synthetic_calibrated_demo
2021-08-24,BPI,1516.65,13649.81,https://www.balticexchange.com/ (simulated demo series),synthetic_calibrated_demo
2021-08-25,BPI,1480.06,13320.51,https://www.balticexchange.com/ (simulated demo series),synthetic_calibrated_demo
2021-08-26,BPI,1484.54,13360.82,https://www.balticexchange.com/ (simulated demo series),synthetic_calibrated_demo
2021-08-27,BPI,1489.59,13406.3,https://www.balticexchange.com/ (simulated demo series),synthetic_calibrated_demo
2021-08-30,BPI,1504.11,13537.03,https://www.balticexchange.com/ (simulated demo series),synthetic_calibrated_demo
2021-08-31,BPI,1500.23,13502.03,https://www.balticexchange.com/ (simulated demo series),synthetic_calibrated_demo
2021-09-01,BPI,1513.62,13622.54,https://www.balticexchange.com/ (simulated demo series),synthetic_calibrated_demo
2021-09-02,BPI,1446.49,13018.42,https://www.balticexchange.com/ (simulated demo series),synthetic_calibrated_demo
2021-09-03,BPI,1468.86,13219.78,https://www.balticexchange.com/ (simulated demo series),synthetic_calibrated_demo
2021-09-06,BPI,1482.32,13340.86,https://www.balticexchange.com/ (simulated demo series),synthetic_calibrated_demo
2021-09-07,BPI,1439.39,12954.51,https://www.balticexchange.com/ (simulated demo series),synthetic_calibrated_demo
2021-09-08,BPI,1438.96,12950.63,https://www.balticexchange.com/ (simulated demo series),synthetic_calibrated_demo
2021-09-09,BPI,1500.87,13507.84,https://www.balticexchange.com/ (simulated demo series),synthetic_calibrated_demo
2021-09-10,BPI,1481.48,13333.3,https://www.balticexchange.com/ (simulated demo series),synthetic_calibrated_demo
2021-09-13,BPI,1485.49,13369.42,https://www.balticexchange.com/ (simulated demo series),synthetic_calibrated_demo
2021-09-14,BPI,1509.84,13588.53,https://www.balticexchange.com/ (simulated demo series),synthetic_calibrated_demo
2021-09-15,BPI,1525.72,13731.47,https://www.balticexchange.com/ (simulated demo series),synthetic_calibrated_demo
2021-09-16,BPI,1484.37,13359.33,https://www.balticexchange.com/ (simulated demo series),synthetic_calibrated_demo
2021-09-17,BPI,1464.61,13181.53,https://www.balticexchange.com/ (simulated demo series),synthetic_calibrated_demo
2021-09-20,BPI,1462.29,13160.59,https://www.balticexchange.com/ (simulated demo series),synthetic_calibrated_demo
2021-09-21,BPI,1484.66,13361.98,https://www.balticexchange.com/ (simulated demo series),synthetic_calibrated_demo
2021-09-22,BPI,1553.18,13978.6,https://www.balticexchange.com/ (simulated demo series),synthetic_calibrated_demo
2021-09-23,BPI,1614.29,14528.6,https://www.balticexchange.com/ (simulated demo series),synthetic_calibrated_demo
2021-09-24,BPI,1680.73,15126.6,https://www.balticexchange.com/ (simulated demo series),synthetic_calibrated_demo
2021-09-27,BPI,1698.86,15289.74,https://www.balticexchange.com/ (simulated demo series),synthetic_calibrated_demo
2021-09-28,BPI,1715.53,15439.77,https://www.balticexchange.com/ (simulated demo series),synthetic_calibrated_demo
2021-09-29,BPI,1720.76,15486.83,https://www.balticexchange.com/ (simulated demo series),synthetic_calibrated_demo
2021-09-30,BPI,1642.92,14786.29,https://www.balticexchange.com/ (simulated demo series),synthetic_calibrated_demo
2021-10-01,BPI,1618.95,14570.52,https://www.balticexchange.com/ (simulated demo series),synthetic_calibrated_demo
2021-10-04,BPI,1615.61,14540.47,https://www.balticexchange.com/ (simulated demo series),synthetic_calibrated_demo
2021-10-05,BPI,1642.28,14780.5,https://www.balticexchange.com/ (simulated demo series),synthetic_calibrated_demo
2021-10-06,BPI,1683.59,15152.29,https://www.balticexchange.com/ (simulated demo series),synthetic_calibrated_demo
2021-10-07,BPI,1667.17,15004.57,https://www.balticexchange.com/ (simulated demo series),synthetic_calibrated_demo
2021-10-08,BPI,1688.22,15193.98,https://www.balticexchange.com/ (simulated demo series),synthetic_calibrated_demo
2021-10-11,BPI,1688.8,15199.24,https://www.balticexchange.com/ (simulated demo series),synthetic_calibrated_demo
2021-10-12,BPI,1770.34,15933.04,https://www.balticexchange.com/ (simulated demo series),synthetic_calibrated_demo
2021-10-13,BPI,1762.47,15862.27,https://www.balticexchange.com/ (simulated demo series),synthetic_calibrated_demo
2021-10-14,BPI,1718.09,15462.85,https://www.balticexchange.com/ (simulated demo series),synthetic_calibrated_demo
2021-10-15,BPI,1710.81,15397.32,https://www.balticexchange.com/ (simulated demo series),synthetic_calibrated_demo
2021-10-18,BPI,1714.43,15429.85,https://www.balticexchange.com/ (simulated demo series),synthetic_calibrated_demo
2021-10-19,BPI,1648.63,14837.67,https://www.balticexchange.com/ (simulated demo series),synthetic_calibrated_demo
2021-10-20,BPI,1634.13,14707.14,https://www.balticexchange.com/ (simulated demo series),synthetic_calibrated_demo
2021-10-21,BPI,1615.48,14539.34,https://www.balticexchange.com/ (simulated demo series),synthetic_calibrated_demo
2021-10-22,BPI,1595.52,14359.66,https://www.balticexchange.com/ (simulated demo series),synthetic_calibrated_demo
2021-10-25,BPI,1620.07,14580.63,https://www.balticexchange.com/ (simulated demo series),synthetic_calibrated_demo
2021-10-26,BPI,1609.19,14482.68,https://www.balticexchange.com/ (simulated demo series),synthetic_calibrated_demo
2021-10-27,BPI,1546.43,13917.91,https://www.balticexchange.com/ (simulated demo series),synthetic_calibrated_demo
2021-10-28,BPI,1576.33,14186.99,https://www.balticexchange.com/ (simulated demo series),synthetic_calibrated_demo
2021-10-29,BPI,1577.07,14193.62,https://www.balticexchange.com/ (simulated demo series),synthetic_calibrated_demo
2021-11-01,BPI,1525.56,13730.08,https://www.balticexchange.com/ (simulated demo series),synthetic_calibrated_demo
2021-11-02,BPI,1521.31,13691.81,https://www.balticexchange.com/ (simulated demo series),synthetic_calibrated_demo
2021-11-03,BPI,1551.61,13964.48,https://www.balticexchange.com/ (simulated demo series),synthetic_calibrated_demo
2021-11-04,BPI,1599.42,14394.82,https://www.balticexchange.com/ (simulated demo series),synthetic_calibrated_demo
2021-11-05,BPI,1543.11,13887.98,https://www.balticexchange.com/ (simulated demo series),synthetic_calibrated_demo
2021-11-08,BPI,1477.63,13298.63,https://www.balticexchange.com/ (simulated demo series),synthetic_calibrated_demo
2021-11-09,BPI,1502.41,13521.69,https://www.balticexchange.com/ (simulated demo series),synthetic_calibrated_demo
2021-11-10,BPI,1499.65,13496.87,https://www.balticexchange.com/ (simulated demo series),synthetic_calibrated_demo
2021-11-11,BPI,1526.77,13740.97,https://www.balticexchange.com/ (simulated demo series),synthetic_calibrated_demo
2021-11-12,BPI,1555.82,14002.38,https://www.balticexchange.com/ (simulated demo series),synthetic_calibrated_demo
2021-11-15,BPI,1506.42,13557.78,https://www.balticexchange.com/ (simulated demo series),synthetic_calibrated_demo
2021-11-16,BPI,1492.38,13431.4,https://www.balticexchange.com/ (simulated demo series),synthetic_calibrated_demo
2021-11-17,BPI,1526.07,13734.63,https://www.balticexchange.com/ (simulated demo series),synthetic_calibrated_demo
2021-11-18,BPI,1527.14,13744.24,https://www.balticexchange.com/ (simulated demo series),synthetic_calibrated_demo
2021-11-19,BPI,1593.36,14340.27,https://www.balticexchange.com/ (simulated demo series),synthetic_calibrated_demo
2021-11-22,BPI,1590.09,14310.83,https://www.balticexchange.com/ (simulated demo series),synthetic_calibrated_demo
2021-11-23,BPI,1624.89,14623.97,https://www.balticexchange.com/ (simulated demo series),synthetic_calibrated_demo
2021-11-24,BPI,1562.75,14064.71,https://www.balticexchange.com/ (simulated demo series),synthetic_calibrated_demo
2021-11-25,BPI,1553.0,13977.04,https://www.balticexchange.com/ (simulated demo series),synthetic_calibrated_demo
2021-11-26,BPI,1600.21,14401.86,https://www.balticexchange.com/ (simulated demo series),synthetic_calibrated_demo
2021-11-29,BPI,1532.68,13794.08,https://www.balticexchange.com/ (simulated demo series),synthetic_calibrated_demo
2021-11-30,BPI,1545.23,13907.04,https://www.balticexchange.com/ (simulated demo series),synthetic_calibrated_demo
2021-12-01,BPI,1494.28,13448.53,https://www.balticexchange.com/ (simulated demo series),synthetic_calibrated_demo
2021-12-02,BPI,1532.93,13796.41,https://www.balticexchange.com/ (simulated demo series),synthetic_calibrated_demo
2021-12-03,BPI,1609.62,14486.58,https://www.balticexchange.com/ (simulated demo series),synthetic_calibrated_demo
2021-12-06,BPI,1571.17,14140.51,https://www.balticexchange.com/ (simulated demo series),synthetic_calibrated_demo
2021-12-07,BPI,1563.45,14071.04,https://www.balticexchange.com/ (simulated demo series),synthetic_calibrated_demo
2021-12-08,BPI,1594.24,14348.2,https://www.balticexchange.com/ (simulated demo series),synthetic_calibrated_demo
2021-12-09,BPI,1564.51,14080.58,https://www.balticexchange.com/ (simulated demo series),synthetic_calibrated_demo
2021-12-10,BPI,1574.91,14174.21,https://www.balticexchange.com/ (simulated demo series),synthetic_calibrated_demo
2021-12-13,BPI,1555.49,13999.39,https://www.balticexchange.com/ (simulated demo series),synthetic_calibrated_demo
2021-12-14,BPI,1527.42,13746.79,https://www.balticexchange.com/ (simulated demo series),synthetic_calibrated_demo
2021-12-15,BPI,1614.64,14531.79,https://www.balticexchange.com/ (simulated demo series),synthetic_calibrated_demo
2021-12-16,BPI,1660.41,14943.72,https://www.balticexchange.com/ (simulated demo series),synthetic_calibrated_demo
2021-12-17,BPI,1696.62,15269.54,https://www.balticexchange.com/ (simulated demo series),synthetic_calibrated_demo
2021-12-20,BPI,1724.74,15522.66,https://www.balticexchange.com/ (simulated demo series),synthetic_calibrated_demo
2021-12-21,BPI,1706.59,15359.29,https://www.balticexchange.com/ (simulated demo series),synthetic_calibrated_demo
2021-12-22,BPI,1757.26,15815.34,https://www.balticexchange.com/ (simulated demo series),synthetic_calibrated_demo
2021-12-23,BPI,1749.62,15746.6,https://www.balticexchange.com/ (simulated demo series),synthetic_calibrated_demo
2021-12-24,BPI,1791.68,16125.09,https://www.balticexchange.com/ (simulated demo series),synthetic_calibrated_demo
2021-12-27,BPI,1814.05,16326.48,https://www.balticexchange.com/ (simulated demo series),synthetic_calibrated_demo
2021-12-28,BPI,1831.46,16483.12,https://www.balticexchange.com/ (simulated demo series),synthetic_calibrated_demo
2021-12-29,BPI,1862.76,16764.8,https://www.balticexchange.com/ (simulated demo series),synthetic_calibrated_demo
2021-12-30,BPI,1797.75,16179.71,https://www.balticexchange.com/ (simulated demo series),synthetic_calibrated_demo
2021-12-31,BPI,1762.64,15863.77,https://www.balticexchange.com/ (simulated demo series),synthetic_calibrated_demo
2022-01-03,BPI,1843.0,16587.01,https://www.balticexchange.com/ (simulated demo series),synthetic_calibrated_demo
2022-01-04,BPI,1752.63,15773.64,https://www.balticexchange.com/ (simulated demo series),synthetic_calibrated_demo
2022-01-05,BPI,1803.05,16227.47,https://www.balticexchange.com/ (simulated demo series),synthetic_calibrated_demo
2022-01-06,BPI,1808.13,16273.14,https://www.balticexchange.com/ (simulated demo series),synthetic_calibrated_demo
2022-01-07,BPI,1850.89,16658.05,https://www.balticexchange.com/ (simulated demo series),synthetic_calibrated_demo
2022-01-10,BPI,1736.74,15630.69,https://www.balticexchange.com/ (simulated demo series),synthetic_calibrated_demo
2022-01-11,BPI,1723.48,15511.3,https://www.balticexchange.com/ (simulated demo series),synthetic_calibrated_demo
2022-01-12,BPI,1739.29,15653.57,https://www.balticexchange.com/ (simulated demo series),synthetic_calibrated_demo
2022-01-13,BPI,1732.51,15592.56,https://www.balticexchange.com/ (simulated demo series),synthetic_calibrated_demo
2022-01-14,BPI,1755.64,15800.76,https://www.balticexchange.com/ (simulated demo series),synthetic_calibrated_demo
2022-01-17,BPI,1756.35,15807.12,https://www.balticexchange.com/ (simulated demo series),synthetic_calibrated_demo
2022-01-18,BPI,1752.44,15771.92,https://www.balticexchange.com/ (simulated demo series),synthetic_calibrated_demo
2022-01-19,BPI,1795.28,16157.49,https://www.balticexchange.com/ (simulated demo series),synthetic_calibrated_demo
2022-01-20,BPI,1835.82,16522.41,https://www.balticexchange.com/ (simulated demo series),synthetic_calibrated_demo
2022-01-21,BPI,1893.08,17037.71,https://www.balticexchange.com/ (simulated demo series),synthetic_calibrated_demo
2022-01-24,BPI,1784.01,16056.08,https://www.balticexchange.com/ (simulated demo series),synthetic_calibrated_demo
2022-01-25,BPI,1682.96,15146.64,https://www.balticexchange.com/ (simulated demo series),synthetic_calibrated_demo
2022-01-26,BPI,1664.87,14983.79,https://www.balticexchange.com/ (simulated demo series),synthetic_calibrated_demo
2022-01-27,BPI,1590.77,14316.94,https://www.balticexchange.com/ (simulated demo series),synthetic_calibrated_demo
2022-01-28,BPI,1674.43,15069.85,https://www.balticexchange.com/ (simulated demo series),synthetic_calibrated_demo
2022-01-31,BPI,1636.28,14726.5,https://www.balticexchange.com/ (simulated demo series),synthetic_calibrated_demo
2022-02-01,BPI,1741.14,15670.24,https://www.balticexchange.com/ (simulated demo series),synthetic_calibrated_demo
2022-02-02,BPI,1779.88,16018.94,https://www.balticexchange.com/ (simulated demo series),synthetic_calibrated_demo
2022-02-03,BPI,1718.81,15469.3,https://www.balticexchange.com/ (simulated demo series),synthetic_calibrated_demo
2022-02-04,BPI,1698.44,15285.94,https://www.balticexchange.com/ (simulated demo series),synthetic_calibrated_demo
2022-02-07,BPI,1625.49,14629.39,https://www.balticexchange.com/ (simulated demo series),synthetic_calibrated_demo
2022-02-08,BPI,1602.74,14424.62,https://www.balticexchange.com/ (simulated demo series),synthetic_calibrated_demo
2022-02-09,BPI,1602.89,14425.99,https://www.balticexchange.com/ (simulated demo series),synthetic_calibrated_demo
2022-02-10,BPI,1597.99,14381.89,https://www.balticexchange.com/ (simulated demo series),synthetic_calibrated_demo
2022-02-11,BPI,1594.35,14349.12,https://www.balticexchange.com/ (simulated demo series),synthetic_calibrated_demo
2022-02-14,BPI,1581.94,14237.44,https://www.balticexchange.com/ (simulated demo series),synthetic_calibrated_demo
2022-02-15,BPI,1566.13,14095.14,https://www.balticexchange.com/ (simulated demo series),synthetic_calibrated_demo
2022-02-16,BPI,1590.43,14313.83,https://www.balticexchange.com/ (simulated demo series),synthetic_calibrated_demo
2022-02-17,BPI,1629.5,14665.52,https://www.balticexchange.com/ (simulated demo series),synthetic_calibrated_demo
2022-02-18,BPI,1595.56,14360.06,https://www.balticexchange.com/ (simulated demo series),synthetic_calibrated_demo
2022-02-21,BPI,1501.8,13516.19,https://www.balticexchange.com/ (simulated demo series),synthetic_calibrated_demo
2022-02-22,BPI,1522.98,13706.86,https://www.balticexchange.com/ (simulated demo series),synthetic_calibrated_demo
2022-02-23,BPI,1533.78,13804.03,https://www.balticexchange.com/ (simulated demo series),synthetic_calibrated_demo
2022-02-24,BPI,1492.1,13428.93,https://www.balticexchange.com/ (simulated demo series),synthetic_calibrated_demo
2022-02-25,BPI,1450.61,13055.52,https://www.balticexchange.com/ (simulated demo series),synthetic_calibrated_demo
2022-02-28,BPI,1484.06,13356.51,https://www.balticexchange.com/ (simulated demo series),synthetic_calibrated_demo
2022-03-01,BPI,1555.68,14001.1,https://www.balticexchange.com/ (simulated demo series),synthetic_calibrated_demo
2022-03-02,BPI,1595.44,14358.94,https://www.balticexchange.com/ (simulated demo series),synthetic_calibrated_demo
2022-03-03,BPI,1629.55,14665.93,https://www.balticexchange.com/ (simulated demo series),synthetic_calibrated_demo
2022-03-04,BPI,1593.93,14345.36,https://www.balticexchange.com/ (simulated demo series),synthetic_calibrated_demo
2022-03-07,BPI,1604.14,14437.3,https://www.balticexchange.com/ (simulated demo series),synthetic_calibrated_demo
2022-03-08,BPI,1574.43,14169.87,https://www.balticexchange.com/ (simulated demo series),synthetic_calibrated_demo
2022-03-09,BPI,1503.93,13535.35,https://www.balticexchange.com/ (simulated demo series),synthetic_calibrated_demo
2022-03-10,BPI,1519.68,13677.08,https://www.balticexchange.com/ (simulated demo series),synthetic_calibrated_demo
2022-03-11,BPI,1568.35,14115.15,https://www.balticexchange.com/ (simulated demo series),synthetic_calibrated_demo
2022-03-14,BPI,1589.95,14309.59,https://www.balticexchange.com/ (simulated demo series),synthetic_calibrated_demo
2022-03-15,BPI,1609.76,14487.87,https://www.balticexchange.com/ (simulated demo series),synthetic_calibrated_demo
2022-03-16,BPI,1630.84,14677.58,https://www.balticexchange.com/ (simulated demo series),synthetic_calibrated_demo
2022-03-17,BPI,1639.0,14751.04,https://www.balticexchange.com/ (simulated demo series),synthetic_calibrated_demo
2022-03-18,BPI,1587.52,14287.72,https://www.balticexchange.com/ (simulated demo series),synthetic_calibrated_demo
2022-03-21,BPI,1627.25,14645.22,https://www.balticexchange.com/ (simulated demo series),synthetic_calibrated_demo
2022-03-22,BPI,1625.76,14631.87,https://www.balticexchange.com/ (simulated demo series),synthetic_calibrated_demo
2022-03-23,BPI,1661.24,14951.14,https://www.balticexchange.com/ (simulated demo series),synthetic_calibrated_demo
2022-03-24,BPI,1599.74,14397.67,https://www.balticexchange.com/ (simulated demo series),synthetic_calibrated_demo
2022-03-25,BPI,1533.21,13798.9,https://www.balticexchange.com/ (simulated demo series),synthetic_calibrated_demo
2022-03-28,BPI,1619.57,14576.13,https://www.balticexchange.com/ (simulated demo series),synthetic_calibrated_demo
2022-03-29,BPI,1593.5,14341.5,https://www.balticexchange.com/ (simulated demo series),synthetic_calibrated_demo
2022-03-30,BPI,1616.41,14547.66,https://www.balticexchange.com/ (simulated demo series),synthetic_calibrated_demo
2022-03-31,BPI,1696.04,15264.38,https://www.balticexchange.com/ (simulated demo series),synthetic_calibrated_demo
2022-04-01,BPI,1692.46,15232.18,https://www.balticexchange.com/ (simulated demo series),synthetic_calibrated_demo
2022-04-04,BPI,1706.08,15354.7,https://www.balticexchange.com/ (simulated demo series),synthetic_calibrated_demo
2022-04-05,BPI,1807.72,16269.5,https://www.balticexchange.com/ (simulated demo series),synthetic_calibrated_demo
2022-04-06,BPI,1838.3,16544.68,https://www.balticexchange.com/ (simulated demo series),synthetic_calibrated_demo
2022-04-07,BPI,1982.27,17840.4,https://www.balticexchange.com/ (simulated demo series),synthetic_calibrated_demo
2022-04-08,BPI,2005.43,18048.83,https://www.balticexchange.com/ (simulated demo series),synthetic_calibrated_demo
2022-04-11,BPI,1956.0,17604.0,https://www.balticexchange.com/ (simulated demo series),synthetic_calibrated_demo
2022-04-12,BPI,2017.42,18156.81,https://www.balticexchange.com/ (simulated demo series),synthetic_calibrated_demo
2022-04-13,BPI,2069.76,18627.8,https://www.balticexchange.com/ (simulated demo series),synthetic_calibrated_demo
2022-04-14,BPI,2113.23,19019.11,https://www.balticexchange.com/ (simulated demo series),synthetic_calibrated_demo
2022-04-15,BPI,2212.27,19910.4,https://www.balticexchange.com/ (simulated demo series),synthetic_calibrated_demo
2022-04-18,BPI,2255.63,20300.66,https://www.balticexchange.com/ (simulated demo series),synthetic_calibrated_demo
2022-04-19,BPI,2145.1,19305.9,https://www.balticexchange.com/ (simulated demo series),synthetic_calibrated_demo
2022-04-20,BPI,2122.11,19099.02,https://www.balticexchange.com/ (simulated demo series),synthetic_calibrated_demo
2022-04-21,BPI,2196.08,19764.72,https://www.balticexchange.com/ (simulated demo series),synthetic_calibrated_demo
2022-04-22,BPI,2227.83,20050.5,https://www.balticexchange.com/ (simulated demo series),synthetic_calibrated_demo
2022-04-25,BPI,2219.84,19978.59,https://www.balticexchange.com/ (simulated demo series),synthetic_calibrated_demo
2022-04-26,BPI,2219.68,19977.11,https://www.balticexchange.com/ (simulated demo series),synthetic_calibrated_demo
2022-04-27,BPI,2255.44,20298.98,https://www.balticexchange.com/ (simulated demo series),synthetic_calibrated_demo
2022-04-28,BPI,2338.02,21042.21,https://www.balticexchange.com/ (simulated demo series),synthetic_calibrated_demo
2022-04-29,BPI,2276.89,20492.04,https://www.balticexchange.com/ (simulated demo series),synthetic_calibrated_demo
2022-05-02,BPI,2393.66,21542.9,https://www.balticexchange.com/ (simulated demo series),synthetic_calibrated_demo
2022-05-03,BPI,2384.3,21458.71,https://www.balticexchange.com/ (simulated demo series),synthetic_calibrated_demo
2022-05-04,BPI,2318.06,20862.55,https://www.balticexchange.com/ (simulated demo series),synthetic_calibrated_demo
2022-05-05,BPI,2249.74,20247.65,https://www.balticexchange.com/ (simulated demo series),synthetic_calibrated_demo
2022-05-06,BPI,2260.24,20342.13,https://www.balticexchange.com/ (simulated demo series),synthetic_calibrated_demo
2022-05-09,BPI,2190.59,19715.3,https://www.balticexchange.com/ (simulated demo series),synthetic_calibrated_demo
2022-05-10,BPI,2257.55,20317.98,https://www.balticexchange.com/ (simulated demo series),synthetic_calibrated_demo
2022-05-11,BPI,2251.3,20261.68,https://www.balticexchange.com/ (simulated demo series),synthetic_calibrated_demo
2022-05-12,BPI,2167.59,19508.32,https://www.balticexchange.com/ (simulated demo series),synthetic_calibrated_demo
2022-05-13,BPI,2181.34,19632.06,https://www.balticexchange.com/ (simulated demo series),synthetic_calibrated_demo
2022-05-16,BPI,2118.59,19067.28,https://www.balticexchange.com/ (simulated demo series),synthetic_calibrated_demo
2022-05-17,BPI,2190.82,19717.35,https://www.balticexchange.com/ (simulated demo series),synthetic_calibrated_demo
2022-05-18,BPI,2234.53,20110.73,https://www.balticexchange.com/ (simulated demo series),synthetic_calibrated_demo
2022-05-19,BPI,2255.7,20301.28,https://www.balticexchange.com/ (simulated demo series),synthetic_calibrated_demo
2022-05-20,BPI,2240.39,20163.53,https://www.balticexchange.com/ (simulated demo series),synthetic_calibrated_demo
2022-05-23,BPI,2225.19,20026.69,https://www.balticexchange.com/ (simulated demo series),synthetic_calibrated_demo
2022-05-24,BPI,2184.7,19662.29,https://www.balticexchange.com/ (simulated demo series),synthetic_calibrated_demo
2022-05-25,BPI,2213.58,19922.25,https://www.balticexchange.com/ (simulated demo series),synthetic_calibrated_demo
2022-05-26,BPI,2204.92,19844.32,https://www.balticexchange.com/ (simulated demo series),synthetic_calibrated_demo
2022-05-27,BPI,2278.7,20508.29,https://www.balticexchange.com/ (simulated demo series),synthetic_calibrated_demo
2022-05-30,BPI,2365.8,21292.18,https://www.balticexchange.com/ (simulated demo series),synthetic_calibrated_demo
2022-05-31,BPI,2302.88,20725.91,https://www.balticexchange.com/ (simulated demo series),synthetic_calibrated_demo
2022-06-01,BPI,2355.16,21196.48,https://www.balticexchange.com/ (simulated demo series),synthetic_calibrated_demo
2022-06-02,BPI,2396.16,21565.48,https://www.balticexchange.com/ (simulated demo series),synthetic_calibrated_demo
2022-06-03,BPI,2478.45,22306.01,https://www.balticexchange.com/ (simulated demo series),synthetic_calibrated_demo
2022-06-06,BPI,2176.94,19592.44,https://www.balticexchange.com/ (simulated demo series),synthetic_calibrated_demo
2022-06-07,BPI,2206.62,19859.54,https://www.balticexchange.com/ (simulated demo series),synthetic_calibrated_demo
2022-06-08,BPI,2122.35,19101.15,https://www.balticexchange.com/ (simulated demo series),synthetic_calibrated_demo
2022-06-09,BPI,2157.07,19413.6,https://www.balticexchange.com/ (simulated demo series),synthetic_calibrated_demo
2022-06-10,BPI,2169.99,19529.91,https://www.balticexchange.com/ (simulated demo series),synthetic_calibrated_demo
2022-06-13,BPI,2174.57,19571.09,https://www.balticexchange.com/ (simulated demo series),synthetic_calibrated_demo
2022-06-14,BPI,2215.76,19941.84,https://www.balticexchange.com/ (simulated demo series),synthetic_calibrated_demo
2022-06-15,BPI,2261.78,20355.99,https://www.balticexchange.com/ (simulated demo series),synthetic_calibrated_demo
2022-06-16,BPI,2244.7,20202.34,https://www.balticexchange.com/ (simulated demo series),synthetic_calibrated_demo
2022-06-17,BPI,2212.34,19911.02,https://www.balticexchange.com/ (simulated demo series),synthetic_calibrated_demo
2022-06-20,BPI,2130.33,19172.96,https://www.balticexchange.com/ (simulated demo series),synthetic_calibrated_demo
2022-06-21,BPI,2052.55,18472.97,https://www.balticexchange.com/ (simulated demo series),synthetic_calibrated_demo
2022-06-22,BPI,2075.38,18678.39,https://www.balticexchange.com/ (simulated demo series),synthetic_calibrated_demo
2022-06-23,BPI,2153.89,19384.98,https://www.balticexchange.com/ (simulated demo series),synthetic_calibrated_demo
2022-06-24,BPI,2171.42,19542.78,https://www.balticexchange.com/ (simulated demo series),synthetic_calibrated_demo
2022-06-27,BPI,2179.28,19613.54,https://www.balticexchange.com/ (simulated demo series),synthetic_calibrated_demo
2022-06-28,BPI,2127.63,19148.65,https://www.balticexchange.com/ (simulated demo series),synthetic_calibrated_demo
2022-06-29,BPI,2089.67,18807.03,https://www.balticexchange.com/ (simulated demo series),synthetic_calibrated_demo
2022-06-30,BPI,2078.23,18704.1,https://www.balticexchange.com/ (simulated demo series),synthetic_calibrated_demo
2022-07-01,BPI,2107.65,18968.84,https://www.balticexchange.com/ (simulated demo series),synthetic_calibrated_demo
2022-07-04,BPI,1979.34,17814.07,https://www.balticexchange.com/ (simulated demo series),synthetic_calibrated_demo
2022-07-05,BPI,1997.34,17976.05,https://www.balticexchange.com/ (simulated demo series),synthetic_calibrated_demo
2022-07-06,BPI,2008.66,18077.91,https://www.balticexchange.com/ (simulated demo series),synthetic_calibrated_demo
2022-07-07,BPI,1979.81,17818.33,https://www.balticexchange.com/ (simulated demo series),synthetic_calibrated_demo
2022-07-08,BPI,1953.97,17585.72,https://www.balticexchange.com/ (simulated demo series),synthetic_calibrated_demo
2022-07-11,BPI,1896.1,17064.9,https://www.balticexchange.com/ (simulated demo series),synthetic_calibrated_demo
2022-07-12,BPI,1853.85,16684.61,https://www.balticexchange.com/ (simulated demo series),synthetic_calibrated_demo
2022-07-13,BPI,1857.03,16713.28,https://www.balticexchange.com/ (simulated demo series),synthetic_calibrated_demo
2022-07-14,BPI,1841.4,16572.59,https://www.balticexchange.com/ (simulated demo series),synthetic_calibrated_demo
2022-07-15,BPI,1836.22,16525.94,https://www.balticexchange.com/ (simulated demo series),synthetic_calibrated_demo
2022-07-18,BPI,1767.85,15910.64,https://www.balticexchange.com/ (simulated demo series),synthetic_calibrated_demo
2022-07-19,BPI,1778.11,16002.98,https://www.balticexchange.com/ (simulated demo series),synthetic_calibrated_demo
2022-07-20,BPI,1761.68,15855.13,https://www.balticexchange.com/ (simulated demo series),synthetic_calibrated_demo
2022-07-21,BPI,1764.35,15879.14,https://www.balticexchange.com/ (simulated demo series),synthetic_calibrated_demo
2022-07-22,BPI,1818.08,16362.68,https://www.balticexchange.com/ (simulated demo series),synthetic_calibrated_demo
2022-07-25,BPI,1875.62,16880.6,https://www.balticexchange.com/ (simulated demo series),synthetic_calibrated_demo
2022-07-26,BPI,1891.22,17021.0,https://www.balticexchange.com/ (simulated demo series),synthetic_calibrated_demo
2022-07-27,BPI,1881.16,16930.47,https://www.balticexchange.com/ (simulated demo series),synthetic_calibrated_demo
2022-07-28,BPI,1873.86,16864.78,https://www.balticexchange.com/ (simulated demo series),synthetic_calibrated_demo
2022-07-29,BPI,1819.05,16371.49,https://www.balticexchange.com/ (simulated demo series),synthetic_calibrated_demo
2022-08-01,BPI,1712.65,15413.86,https://www.balticexchange.com/ (simulated demo series),synthetic_calibrated_demo
2022-08-02,BPI,1690.34,15213.07,https://www.balticexchange.com/ (simulated demo series),synthetic_calibrated_demo
2022-08-03,BPI,1631.12,14680.05,https://www.balticexchange.com/ (simulated demo series),synthetic_calibrated_demo
2022-08-04,BPI,1635.17,14716.51,https://www.balticexchange.com/ (simulated demo series),synthetic_calibrated_demo
2022-08-05,BPI,1641.48,14773.33,https://www.balticexchange.com/ (simulated demo series),synthetic_calibrated_demo
2022-08-08,BPI,1595.58,14360.26,https://www.balticexchange.com/ (simulated demo series),synthetic_calibrated_demo
2022-08-09,BPI,1641.16,14770.42,https://www.balticexchange.com/ (simulated demo series),synthetic_calibrated_demo
2022-08-10,BPI,1607.21,14464.93,https://www.balticexchange.com/ (simulated demo series),synthetic_calibrated_demo
2022-08-11,BPI,1559.01,14031.06,https://www.balticexchange.com/ (simulated demo series),synthetic_calibrated_demo
2022-08-12,BPI,1672.33,15050.93,https://www.balticexchange.com/ (simulated demo series),synthetic_calibrated_demo
2022-08-15,BPI,1711.25,15401.25,https://www.balticexchange.com/ (simulated demo series),synthetic_calibrated_demo
2022-08-16,BPI,1635.68,14721.14,https://www.balticexchange.com/ (simulated demo series),synthetic_calibrated_demo
2022-08-17,BPI,1580.6,14225.42,https://www.balticexchange.com/ (simulated demo series),synthetic_calibrated_demo
2022-08-18,BPI,1565.55,14089.93,https://www.balticexchange.com/ (simulated demo series),synthetic_calibrated_demo
2022-08-19,BPI,1640.26,14762.33,https://www.balticexchange.com/ (simulated demo series),synthetic_calibrated_demo
2022-08-22,BPI,1653.57,14882.15,https://www.balticexchange.com/ (simulated demo series),synthetic_calibrated_demo
2022-08-23,BPI,1658.11,14922.96,https://www.balticexchange.com/ (simulated demo series),synthetic_calibrated_demo
2022-08-24,BPI,1642.7,14784.28,https://www.balticexchange.com/ (simulated demo series),synthetic_calibrated_demo
2022-08-25,BPI,1698.12,15283.09,https://www.balticexchange.com/ (simulated demo series),synthetic_calibrated_demo
2022-08-26,BPI,1720.93,15488.35,https://www.balticexchange.com/ (simulated demo series),synthetic_calibrated_demo
2022-08-29,BPI,1774.98,15974.78,https://www.balticexchange.com/ (simulated demo series),synthetic_calibrated_demo
2022-08-30,BPI,1829.73,16467.55,https://www.balticexchange.com/ (simulated demo series),synthetic_calibrated_demo
2022-08-31,BPI,1908.57,17177.15,https://www.balticexchange.com/ (simulated demo series),synthetic_calibrated_demo
2022-09-01,BPI,1890.06,17010.56,https://www.balticexchange.com/ (simulated demo series),synthetic_calibrated_demo
2022-09-02,BPI,1797.16,16174.43,https://www.balticexchange.com/ (simulated demo series),synthetic_calibrated_demo
2022-09-05,BPI,1745.62,15710.57,https://www.balticexchange.com/ (simulated demo series),synthetic_calibrated_demo
2022-09-06,BPI,1757.19,15814.73,https://www.balticexchange.com/ (simulated demo series),synthetic_calibrated_demo
2022-09-07,BPI,1710.75,15396.74,https://www.balticexchange.com/ (simulated demo series),synthetic_calibrated_demo
2022-09-08,BPI,1679.19,15112.67,https://www.balticexchange.com/ (simulated demo series),synthetic_calibrated_demo
2022-09-09,BPI,1662.64,14963.79,https://www.balticexchange.com/ (simulated demo series),synthetic_calibrated_demo
2022-09-12,BPI,1794.32,16148.9,https://www.balticexchange.com/ (simulated demo series),synthetic_calibrated_demo
2022-09-13,BPI,1787.96,16091.65,https://www.balticexchange.com/ (simulated demo series),synthetic_calibrated_demo
2022-09-14,BPI,1743.92,15695.27,https://www.balticexchange.com/ (simulated demo series),synthetic_calibrated_demo
2022-09-15,BPI,1726.26,15536.35,https://www.balticexchange.com/ (simulated demo series),synthetic_calibrated_demo
2022-09-16,BPI,1673.95,15065.55,https://www.balticexchange.com/ (simulated demo series),synthetic_calibrated_demo
2022-09-19,BPI,1574.72,14172.48,https://www.balticexchange.com/ (simulated demo series),synthetic_calibrated_demo
2022-09-20,BPI,1513.04,13617.34,https://www.balticexchange.com/ (simulated demo series),synthetic_calibrated_demo
2022-09-21,BPI,1513.76,13623.83,https://www.balticexchange.com/ (simulated demo series),synthetic_calibrated_demo
2022-09-22,BPI,1523.1,13707.92,https://www.balticexchange.com/ (simulated demo series),synthetic_calibrated_demo
2022-09-23,BPI,1503.07,13527.6,https://www.balticexchange.com/ (simulated demo series),synthetic_calibrated_demo
2022-09-26,BPI,1652.91,14876.23,https://www.balticexchange.com/ (simulated demo series),synthetic_calibrated_demo
2022-09-27,BPI,1639.75,14757.78,https://www.balticexchange.com/ (simulated demo series),synthetic_calibrated_demo
2022-09-28,BPI,1729.67,15566.99,https://www.balticexchange.com/ (simulated demo series),synthetic_calibrated_demo
2022-09-29,BPI,1802.09,16218.81,https://www.balticexchange.com/ (simulated demo series),synthetic_calibrated_demo
2022-09-30,BPI,1808.93,16280.35,https://www.balticexchange.com/ (simulated demo series),synthetic_calibrated_demo
2022-10-03,BPI,1898.09,17082.78,https://www.balticexchange.com/ (simulated demo series),synthetic_calibrated_demo
2022-10-04,BPI,1871.63,16844.63,https://www.balticexchange.com/ (simulated demo series),synthetic_calibrated_demo
2022-10-05,BPI,1887.34,16986.04,https://www.balticexchange.com/ (simulated demo series),synthetic_calibrated_demo
2022-10-06,BPI,1889.02,17001.22,https://www.balticexchange.com/ (simulated demo series),synthetic_calibrated_demo
2022-10-07,BPI,1940.32,17462.92,https://www.balticexchange.com/ (simulated demo series),synthetic_calibrated_demo
2022-10-10,BPI,1898.3,17084.69,https://www.balticexchange.com/ (simulated demo series),synthetic_calibrated_demo
2022-10-11,BPI,1871.88,16846.93,https://www.balticexchange.com/ (simulated demo series),synthetic_calibrated_demo
2022-10-12,BPI,1883.67,16953.02,https://www.balticexchange.com/ (simulated demo series),synthetic_calibrated_demo
2022-10-13,BPI,1799.09,16191.82,https://www.balticexchange.com/ (simulated demo series),synthetic_calibrated_demo
2022-10-14,BPI,1830.1,16470.91,https://www.balticexchange.com/ (simulated demo series),synthetic_calibrated_demo
2022-10-17,BPI,1890.34,17013.02,https://www.balticexchange.com/ (simulated demo series),synthetic_calibrated_demo
2022-10-18,BPI,1822.04,16398.34,https://www.balticexchange.com/ (simulated demo series),synthetic_calibrated_demo
2022-10-19,BPI,1776.81,15991.3,https://www.balticexchange.com/ (simulated demo series),synthetic_calibrated_demo
2022-10-20,BPI,1728.11,15552.99,https://www.balticexchange.com/ (simulated demo series),synthetic_calibrated_demo
2022-10-21,BPI,1717.15,15454.32,https://www.balticexchange.com/ (simulated demo series),synthetic_calibrated_demo
2022-10-24,BPI,1724.09,15516.8,https://www.balticexchange.com/ (simulated demo series),synthetic_calibrated_demo
2022-10-25,BPI,1673.35,15060.14,https://www.balticexchange.com/ (simulated demo series),synthetic_calibrated_demo
2022-10-26,BPI,1630.34,14673.05,https://www.balticexchange.com/ (simulated demo series),synthetic_calibrated_demo
2022-10-27,BPI,1628.25,14654.27,https://www.balticexchange.com/ (simulated demo series),synthetic_calibrated_demo
2022-10-28,BPI,1668.72,15018.5,https://www.balticexchange.com/ (simulated demo series),synthetic_calibrated_demo
2022-10-31,BPI,1669.06,15021.52,https://www.balticexchange.com/ (simulated demo series),synthetic_calibrated_demo
2022-11-01,BPI,1690.86,15217.78,https://www.balticexchange.com/ (simulated demo series),synthetic_calibrated_demo
2022-11-02,BPI,1709.98,15389.85,https://www.balticexchange.com/ (simulated demo series),synthetic_calibrated_demo
2022-11-03,BPI,1720.67,15486.0,https://www.balticexchange.com/ (simulated demo series),synthetic_calibrated_demo
2022-11-04,BPI,1705.81,15352.33,https://www.balticexchange.com/ (simulated demo series),synthetic_calibrated_demo
2022-11-07,BPI,1735.96,15623.64,https://www.balticexchange.com/ (simulated demo series),synthetic_calibrated_demo
2022-11-08,BPI,1795.9,16163.11,https://www.balticexchange.com/ (simulated demo series),synthetic_calibrated_demo
2022-11-09,BPI,1810.63,16295.64,https://www.balticexchange.com/ (simulated demo series),synthetic_calibrated_demo
2022-11-10,BPI,1806.5,16258.51,https://www.balticexchange.com/ (simulated demo series),synthetic_calibrated_demo
2022-11-11,BPI,1850.47,16654.26,https://www.balticexchange.com/ (simulated demo series),synthetic_calibrated_demo
2022-11-14,BPI,1796.21,16165.9,https://www.balticexchange.com/ (simulated demo series),synthetic_calibrated_demo
2022-11-15,BPI,1810.57,16295.11,https://www.balticexchange.com/ (simulated demo series),synthetic_calibrated_demo
2022-11-16,BPI,1774.12,15967.04,https://www.balticexchange.com/ (simulated demo series),synthetic_calibrated_demo
2022-11-17,BPI,1733.9,15605.09,https://www.balticexchange.com/ (simulated demo series),synthetic_calibrated_demo
2022-11-18,BPI,1717.64,15458.77,https://www.balticexchange.com/ (simulated demo series),synthetic_calibrated_demo
2022-11-21,BPI,1656.72,14910.45,https://www.balticexchange.com/ (simulated demo series),synthetic_calibrated_demo
2022-11-22,BPI,1627.53,14647.77,https://www.balticexchange.com/ (simulated demo series),synthetic_calibrated_demo
2022-11-23,BPI,1632.09,14688.8,https://www.balticexchange.com/ (simulated demo series),synthetic_calibrated_demo
2022-11-24,BPI,1647.67,14829.07,https://www.balticexchange.com/ (simulated demo series),synthetic_calibrated_demo
2022-11-25,BPI,1730.59,15575.27,https://www.balticexchange.com/ (simulated demo series),synthetic_calibrated_demo
2022-11-28,BPI,1737.35,15636.17,https://www.balticexchange.com/ (simulated demo series),synthetic_calibrated_demo
2022-11-29,BPI,1726.22,15535.96,https://www.balticexchange.com/ (simulated demo series),synthetic_calibrated_demo
2022-11-30,BPI,1740.29,15662.57,https://www.balticexchange.com/ (simulated demo series),synthetic_calibrated_demo
2022-12-01,BPI,1717.41,15456.72,https://www.balticexchange.com/ (simulated demo series),synthetic_calibrated_demo
2022-12-02,BPI,1695.92,15263.27,https://www.balticexchange.com/ (simulated demo series),synthetic_calibrated_demo
2022-12-05,BPI,1802.55,16222.99,https://www.balticexchange.com/ (simulated demo series),synthetic_calibrated_demo
2022-12-06,BPI,1727.19,15544.69,https://www.balticexchange.com/ (simulated demo series),synthetic_calibrated_demo
2022-12-07,BPI,1625.93,14633.4,https://www.balticexchange.com/ (simulated demo series),synthetic_calibrated_demo
2022-12-08,BPI,1601.62,14414.59,https://www.balticexchange.com/ (simulated demo series),synthetic_calibrated_demo
2022-12-09,BPI,1603.13,14428.2,https://www.balticexchange.com/ (simulated demo series),synthetic_calibrated_demo
2022-12-12,BPI,1580.42,14223.78,https://www.balticexchange.com/ (simulated demo series),synthetic_calibrated_demo
2022-12-13,BPI,1613.55,14521.96,https://www.balticexchange.com/ (simulated demo series),synthetic_calibrated_demo
2022-12-14,BPI,1644.42,14799.82,https://www.balticexchange.com/ (simulated demo series),synthetic_calibrated_demo
2022-12-15,BPI,1623.68,14613.12,https://www.balticexchange.com/ (simulated demo series),synthetic_calibrated_demo
2022-12-16,BPI,1668.4,15015.59,https://www.balticexchange.com/ (simulated demo series),synthetic_calibrated_demo
2022-12-19,BPI,1644.32,14798.91,https://www.balticexchange.com/ (simulated demo series),synthetic_calibrated_demo
2022-12-20,BPI,1578.53,14206.77,https://www.balticexchange.com/ (simulated demo series),synthetic_calibrated_demo
2022-12-21,BPI,1621.79,14596.15,https://www.balticexchange.com/ (simulated demo series),synthetic_calibrated_demo
2022-12-22,BPI,1598.64,14387.79,https://www.balticexchange.com/ (simulated demo series),synthetic_calibrated_demo
2022-12-23,BPI,1658.01,14922.13,https://www.balticexchange.com/ (simulated demo series),synthetic_calibrated_demo
2022-12-26,BPI,1633.1,14697.86,https://www.balticexchange.com/ (simulated demo series),synthetic_calibrated_demo
2022-12-27,BPI,1605.03,14445.26,https://www.balticexchange.com/ (simulated demo series),synthetic_calibrated_demo
2022-12-28,BPI,1569.75,14127.74,https://www.balticexchange.com/ (simulated demo series),synthetic_calibrated_demo
2022-12-29,BPI,1507.56,13568.02,https://www.balticexchange.com/ (simulated demo series),synthetic_calibrated_demo
2022-12-30,BPI,1567.08,14103.71,https://www.balticexchange.com/ (simulated demo series),synthetic_calibrated_demo
2023-01-02,BPI,1593.08,14337.69,https://www.balticexchange.com/ (simulated demo series),synthetic_calibrated_demo
2023-01-03,BPI,1599.0,14390.99,https://www.balticexchange.com/ (simulated demo series),synthetic_calibrated_demo
2023-01-04,BPI,1614.7,14532.27,https://www.balticexchange.com/ (simulated demo series),synthetic_calibrated_demo
2023-01-05,BPI,1609.47,14485.25,https://www.balticexchange.com/ (simulated demo series),synthetic_calibrated_demo
2023-01-06,BPI,1637.34,14736.07,https://www.balticexchange.com/ (simulated demo series),synthetic_calibrated_demo
2023-01-09,BPI,1612.56,14513.04,https://www.balticexchange.com/ (simulated demo series),synthetic_calibrated_demo
2023-01-10,BPI,1611.88,14506.88,https://www.balticexchange.com/ (simulated demo series),synthetic_calibrated_demo
2023-01-11,BPI,1582.96,14246.63,https://www.balticexchange.com/ (simulated demo series),synthetic_calibrated_demo
2023-01-12,BPI,1552.24,13970.17,https://www.balticexchange.com/ (simulated demo series),synthetic_calibrated_demo
2023-01-13,BPI,1501.4,13512.6,https://www.balticexchange.com/ (simulated demo series),synthetic_calibrated_demo
2023-01-16,BPI,1478.37,13305.37,https://www.balticexchange.com/ (simulated demo series),synthetic_calibrated_demo
2023-01-17,BPI,1482.0,13337.97,https://www.balticexchange.com/ (simulated demo series),synthetic_calibrated_demo
2023-01-18,BPI,1469.53,13225.8,https://www.balticexchange.com/ (simulated demo series),synthetic_calibrated_demo
2023-01-19,BPI,1465.97,13193.71,https://www.balticexchange.com/ (simulated demo series),synthetic_calibrated_demo
2023-01-20,BPI,1476.62,13289.62,https://www.balticexchange.com/ (simulated demo series),synthetic_calibrated_demo
2023-01-23,BPI,1538.61,13847.48,https://www.balticexchange.com/ (simulated demo series),synthetic_calibrated_demo
2023-01-24,BPI,1619.47,14575.22,https://www.balticexchange.com/ (simulated demo series),synthetic_calibrated_demo
2023-01-25,BPI,1631.35,14682.17,https://www.balticexchange.com/ (simulated demo series),synthetic_calibrated_demo
2023-01-26,BPI,1630.78,14677.04,https://www.balticexchange.com/ (simulated demo series),synthetic_calibrated_demo
2023-01-27,BPI,1683.65,15152.89,https://www.balticexchange.com/ (simulated demo series),synthetic_calibrated_demo
2023-01-30,BPI,1663.2,14968.84,https://www.balticexchange.com/ (simulated demo series),synthetic_calibrated_demo
2023-01-31,BPI,1705.12,15346.1,https://www.balticexchange.com/ (simulated demo series),synthetic_calibrated_demo
2023-02-01,BPI,1711.95,15407.57,https://www.balticexchange.com/ (simulated demo series),synthetic_calibrated_demo
2023-02-02,BPI,1746.62,15719.58,https://www.balticexchange.com/ (simulated demo series),synthetic_calibrated_demo
2023-02-03,BPI,1825.15,16426.36,https://www.balticexchange.com/ (simulated demo series),synthetic_calibrated_demo
2023-02-06,BPI,1783.34,16050.1,https://www.balticexchange.com/ (simulated demo series),synthetic_calibrated_demo
2023-02-07,BPI,1779.63,16016.65,https://www.balticexchange.com/ (simulated demo series),synthetic_calibrated_demo
2023-02-08,BPI,1849.79,16648.09,https://www.balticexchange.com/ (simulated demo series),synthetic_calibrated_demo
2023-02-09,BPI,1842.57,16583.17,https://www.balticexchange.com/ (simulated demo series),synthetic_calibrated_demo
2023-02-10,BPI,1835.49,16519.38,https://www.balticexchange.com/ (simulated demo series),synthetic_calibrated_demo
2023-02-13,BPI,1832.54,16492.89,https://www.balticexchange.com/ (simulated demo series),synthetic_calibrated_demo
2023-02-14,BPI,1861.6,16754.4,https://www.balticexchange.com/ (simulated demo series),synthetic_calibrated_demo
2023-02-15,BPI,1879.25,16913.25,https://www.balticexchange.com/ (simulated demo series),synthetic_calibrated_demo
2023-02-16,BPI,1808.48,16276.34,https://www.balticexchange.com/ (simulated demo series),synthetic_calibrated_demo
2023-02-17,BPI,1798.88,16189.92,https://www.balticexchange.com/ (simulated demo series),synthetic_calibrated_demo
2023-02-20,BPI,1737.71,15639.35,https://www.balticexchange.com/ (simulated demo series),synthetic_calibrated_demo
2023-02-21,BPI,1760.1,15840.86,https://www.balticexchange.com/ (simulated demo series),synthetic_calibrated_demo
2023-02-22,BPI,1808.5,16276.49,https://www.balticexchange.com/ (simulated demo series),synthetic_calibrated_demo
2023-02-23,BPI,1870.3,16832.7,https://www.balticexchange.com/ (simulated demo series),synthetic_calibrated_demo
2023-02-24,BPI,1787.53,16087.74,https://www.balticexchange.com/ (simulated demo series),synthetic_calibrated_demo
2023-02-27,BPI,1836.82,16531.4,https://www.balticexchange.com/ (simulated demo series),synthetic_calibrated_demo
2023-02-28,BPI,1793.12,16138.12,https://www.balticexchange.com/ (simulated demo series),synthetic_calibrated_demo
2023-03-01,BPI,1845.35,16608.11,https://www.balticexchange.com/ (simulated demo series),synthetic_calibrated_demo
2023-03-02,BPI,1904.37,17139.34,https://www.balticexchange.com/ (simulated demo series),synthetic_calibrated_demo
2023-03-03,BPI,1853.29,16679.6,https://www.balticexchange.com/ (simulated demo series),synthetic_calibrated_demo
2023-03-06,BPI,1878.57,16907.13,https://www.balticexchange.com/ (simulated demo series),synthetic_calibrated_demo
2023-03-07,BPI,1883.49,16951.44,https://www.balticexchange.com/ (simulated demo series),synthetic_calibrated_demo
2023-03-08,BPI,1816.32,16346.86,https://www.balticexchange.com/ (simulated demo series),synthetic_calibrated_demo
2023-03-09,BPI,1861.6,16754.42,https://www.balticexchange.com/ (simulated demo series),synthetic_calibrated_demo
2023-03-10,BPI,1866.29,16796.59,https://www.balticexchange.com/ (simulated demo series),synthetic_calibrated_demo
2023-03-13,BPI,1830.15,16471.37,https://www.balticexchange.com/ (simulated demo series),synthetic_calibrated_demo
2023-03-14,BPI,1879.96,16919.62,https://www.balticexchange.com/ (simulated demo series),synthetic_calibrated_demo
2023-03-15,BPI,1907.59,17168.35,https://www.balticexchange.com/ (simulated demo series),synthetic_calibrated_demo
2023-03-16,BPI,1822.74,16404.64,https://www.balticexchange.com/ (simulated demo series),synthetic_calibrated_demo
2023-03-17,BPI,1826.69,16440.19,https://www.balticexchange.com/ (simulated demo series),synthetic_calibrated_demo
2023-03-20,BPI,1804.08,16236.68,https://www.balticexchange.com/ (simulated demo series),synthetic_calibrated_demo
2023-03-21,BPI,1780.97,16028.75,https://www.balticexchange.com/ (simulated demo series),synthetic_calibrated_demo
2023-03-22,BPI,1764.31,15878.76,https://www.balticexchange.com/ (simulated demo series),synthetic_calibrated_demo
2023-03-23,BPI,1781.75,16035.77,https://www.balticexchange.com/ (simulated demo series),synthetic_calibrated_demo
2023-03-24,BPI,1804.46,16240.18,https://www.balticexchange.com/ (simulated demo series),synthetic_calibrated_demo
2023-03-27,BPI,1884.74,16962.69,https://www.balticexchange.com/ (simulated demo series),synthetic_calibrated_demo
2023-03-28,BPI,1922.1,17298.89,https://www.balticexchange.com/ (simulated demo series),synthetic_calibrated_demo
2023-03-29,BPI,1916.4,17247.64,https://www.balticexchange.com/ (simulated demo series),synthetic_calibrated_demo
2023-03-30,BPI,1949.66,17546.93,https://www.balticexchange.com/ (simulated demo series),synthetic_calibrated_demo
2023-03-31,BPI,1860.81,16747.29,https://www.balticexchange.com/ (simulated demo series),synthetic_calibrated_demo
2023-04-03,BPI,1662.13,14959.18,https://www.balticexchange.com/ (simulated demo series),synthetic_calibrated_demo
2023-04-04,BPI,1619.27,14573.39,https://www.balticexchange.com/ (simulated demo series),synthetic_calibrated_demo
2023-04-05,BPI,1651.35,14862.12,https://www.balticexchange.com/ (simulated demo series),synthetic_calibrated_demo
2023-04-06,BPI,1665.96,14993.6,https://www.balticexchange.com/ (simulated demo series),synthetic_calibrated_demo
2023-04-07,BPI,1677.07,15093.64,https://www.balticexchange.com/ (simulated demo series),synthetic_calibrated_demo
2023-04-10,BPI,1565.46,14089.18,https://www.balticexchange.com/ (simulated demo series),synthetic_calibrated_demo
2023-04-11,BPI,1576.68,14190.08,https://www.balticexchange.com/ (simulated demo series),synthetic_calibrated_demo
2023-04-12,BPI,1530.73,13776.6,https://www.balticexchange.com/ (simulated demo series),synthetic_calibrated_demo
2023-04-13,BPI,1574.95,14174.53,https://www.balticexchange.com/ (simulated demo series),synthetic_calibrated_demo
2023-04-14,BPI,1543.09,13887.84,https://www.balticexchange.com/ (simulated demo series),synthetic_calibrated_demo
2023-04-17,BPI,1426.24,12836.17,https://www.balticexchange.com/ (simulated demo series),synthetic_calibrated_demo
2023-04-18,BPI,1468.05,13212.42,https://www.balticexchange.com/ (simulated demo series),synthetic_calibrated_demo
2023-04-19,BPI,1430.15,12871.39,https://www.balticexchange.com/ (simulated demo series),synthetic_calibrated_demo
2023-04-20,BPI,1416.4,12747.56,https://www.balticexchange.com/ (simulated demo series),synthetic_calibrated_demo
2023-04-21,BPI,1455.07,13095.63,https://www.balticexchange.com/ (simulated demo series),synthetic_calibrated_demo
2023-04-24,BPI,1544.86,13903.73,https://www.balticexchange.com/ (simulated demo series),synthetic_calibrated_demo
2023-04-25,BPI,1543.51,13891.59,https://www.balticexchange.com/ (simulated demo series),synthetic_calibrated_demo
2023-04-26,BPI,1547.32,13925.85,https://www.balticexchange.com/ (simulated demo series),synthetic_calibrated_demo
2023-04-27,BPI,1522.35,13701.14,https://www.balticexchange.com/ (simulated demo series),synthetic_calibrated_demo
2023-04-28,BPI,1529.32,13763.84,https://www.balticexchange.com/ (simulated demo series),synthetic_calibrated_demo
2023-05-01,BPI,1613.54,14521.86,https://www.balticexchange.com/ (simulated demo series),synthetic_calibrated_demo
2023-05-02,BPI,1646.86,14821.77,https://www.balticexchange.com/ (simulated demo series),synthetic_calibrated_demo
2023-05-03,BPI,1642.37,14781.37,https://www.balticexchange.com/ (simulated demo series),synthetic_calibrated_demo
2023-05-04,BPI,1685.99,15173.93,https://www.balticexchange.com/ (simulated demo series),synthetic_calibrated_demo
2023-05-05,BPI,1731.84,15586.53,https://www.balticexchange.com/ (simulated demo series),synthetic_calibrated_demo
2023-05-08,BPI,1769.51,15925.61,https://www.balticexchange.com/ (simulated demo series),synthetic_calibrated_demo
2023-05-09,BPI,1700.13,15301.18,https://www.balticexchange.com/ (simulated demo series),synthetic_calibrated_demo
2023-05-10,BPI,1651.58,14864.19,https://www.balticexchange.com/ (simulated demo series),synthetic_calibrated_demo
2023-05-11,BPI,1572.87,14155.8,https://www.balticexchange.com/ (simulated demo series),synthetic_calibrated_demo
2023-05-12,BPI,1572.96,14156.66,https://www.balticexchange.com/ (simulated demo series),synthetic_calibrated_demo
2023-05-15,BPI,1673.61,15062.45,https://www.balticexchange.com/ (simulated demo series),synthetic_calibrated_demo
2023-05-16,BPI,1650.06,14850.58,https://www.balticexchange.com/ (simulated demo series),synthetic_calibrated_demo
2023-05-17,BPI,1626.85,14641.66,https://www.balticexchange.com/ (simulated demo series),synthetic_calibrated_demo
2023-05-18,BPI,1656.17,14905.52,https://www.balticexchange.com/ (simulated demo series),synthetic_calibrated_demo
2023-05-19,BPI,1602.84,14425.52,https://www.balticexchange.com/ (simulated demo series),synthetic_calibrated_demo
2023-05-22,BPI,1620.7,14586.33,https://www.balticexchange.com/ (simulated demo series),synthetic_calibrated_demo
2023-05-23,BPI,1682.5,15142.51,https://www.balticexchange.com/ (simulated demo series),synthetic_calibrated_demo
2023-05-24,BPI,1663.23,14969.05,https://www.balticexchange.com/ (simulated demo series),synthetic_calibrated_demo
2023-05-25,BPI,1655.27,14897.41,https://www.balticexchange.com/ (simulated demo series),synthetic_calibrated_demo
2023-05-26,BPI,1600.63,14405.71,https://www.balticexchange.com/ (simulated demo series),synthetic_calibrated_demo
2023-05-29,BPI,1582.31,14240.77,https://www.balticexchange.com/ (simulated demo series),synthetic_calibrated_demo
2023-05-30,BPI,1546.45,13918.03,https://www.balticexchange.com/ (simulated demo series),synthetic_calibrated_demo
2023-05-31,BPI,1572.27,14150.43,https://www.balticexchange.com/ (simulated demo series),synthetic_calibrated_demo
2023-06-01,BPI,1517.34,13656.1,https://www.balticexchange.com/ (simulated demo series),synthetic_calibrated_demo
2023-06-02,BPI,1507.31,13565.79,https://www.balticexchange.com/ (simulated demo series),synthetic_calibrated_demo
2023-06-05,BPI,1497.15,13474.38,https://www.balticexchange.com/ (simulated demo series),synthetic_calibrated_demo
2023-06-06,BPI,1514.04,13626.36,https://www.balticexchange.com/ (simulated demo series),synthetic_calibrated_demo
2023-06-07,BPI,1516.95,13652.53,https://www.balticexchange.com/ (simulated demo series),synthetic_calibrated_demo
2023-06-08,BPI,1573.2,14158.8,https://www.balticexchange.com/ (simulated demo series),synthetic_calibrated_demo
2023-06-09,BPI,1568.56,14117.03,https://www.balticexchange.com/ (simulated demo series),synthetic_calibrated_demo
2023-06-12,BPI,1617.6,14558.39,https://www.balticexchange.com/ (simulated demo series),synthetic_calibrated_demo
2023-06-13,BPI,1639.54,14755.82,https://www.balticexchange.com/ (simulated demo series),synthetic_calibrated_demo
2023-06-14,BPI,1621.53,14593.75,https://www.balticexchange.com/ (simulated demo series),synthetic_calibrated_demo
2023-06-15,BPI,1642.32,14780.92,https://www.balticexchange.com/ (simulated demo series),synthetic_calibrated_demo
2023-06-16,BPI,1624.67,14622.01,https://www.balticexchange.com/ (simulated demo series),synthetic_calibrated_demo
2023-06-19,BPI,1677.13,15094.18,https://www.balticexchange.com/ (simulated demo series),synthetic_calibrated_demo
2023-06-20,BPI,1662.21,14959.88,https://www.balticexchange.com/ (simulated demo series),synthetic_calibrated_demo
2023-06-21,BPI,1620.91,14588.2,https://www.balticexchange.com/ (simulated demo series),synthetic_calibrated_demo
2023-06-22,BPI,1618.38,14565.38,https://www.balticexchange.com/ (simulated demo series),synthetic_calibrated_demo
2023-06-23,BPI,1640.53,14764.76,https://www.balticexchange.com/ (simulated demo series),synthetic_calibrated_demo
2023-06-26,BPI,1570.58,14135.25,https://www.balticexchange.com/ (simulated demo series),synthetic_calibrated_demo
2023-06-27,BPI,1575.77,14181.91,https://www.balticexchange.com/ (simulated demo series),synthetic_calibrated_demo
2023-06-28,BPI,1550.25,13952.23,https://www.balticexchange.com/ (simulated demo series),synthetic_calibrated_demo
2023-06-29,BPI,1530.32,13772.87,https://www.balticexchange.com/ (simulated demo series),synthetic_calibrated_demo
2023-06-30,BPI,1570.74,14136.7,https://www.balticexchange.com/ (simulated demo series),synthetic_calibrated_demo
2023-07-03,BPI,1568.66,14117.98,https://www.balticexchange.com/ (simulated demo series),synthetic_calibrated_demo
2023-07-04,BPI,1574.13,14167.21,https://www.balticexchange.com/ (simulated demo series),synthetic_calibrated_demo
2023-07-05,BPI,1557.64,14018.76,https://www.balticexchange.com/ (simulated demo series),synthetic_calibrated_demo
2023-07-06,BPI,1600.74,14406.69,https://www.balticexchange.com/ (simulated demo series),synthetic_calibrated_demo
2023-07-07,BPI,1711.51,15403.63,https://www.balticexchange.com/ (simulated demo series),synthetic_calibrated_demo
2023-07-10,BPI,1788.5,16096.54,https://www.balticexchange.com/ (simulated demo series),synthetic_calibrated_demo
2023-07-11,BPI,1758.45,15826.04,https://www.balticexchange.com/ (simulated demo series),synthetic_calibrated_demo
2023-07-12,BPI,1760.71,15846.35,https://www.balticexchange.com/ (simulated demo series),synthetic_calibrated_demo
2023-07-13,BPI,1685.87,15172.86,https://www.balticexchange.com/ (simulated demo series),synthetic_calibrated_demo
2023-07-14,BPI,1726.87,15541.86,https://www.balticexchange.com/ (simulated demo series),synthetic_calibrated_demo
2023-07-17,BPI,1720.83,15487.46,https://www.balticexchange.com/ (simulated demo series),synthetic_calibrated_demo
2023-07-18,BPI,1740.56,15665.02,https://www.balticexchange.com/ (simulated demo series),synthetic_calibrated_demo
2023-07-19,BPI,1716.1,15444.89,https://www.balticexchange.com/ (simulated demo series),synthetic_calibrated_demo
2023-07-20,BPI,1731.91,15587.17,https://www.balticexchange.com/ (simulated demo series),synthetic_calibrated_demo
2023-07-21,BPI,1741.21,15670.92,https://www.balticexchange.com/ (simulated demo series),synthetic_calibrated_demo
2023-07-24,BPI,1800.43,16203.83,https://www.balticexchange.com/ (simulated demo series),synthetic_calibrated_demo
2023-07-25,BPI,1804.41,16239.66,https://www.balticexchange.com/ (simulated demo series),synthetic_calibrated_demo
2023-07-26,BPI,1817.46,16357.12,https://www.balticexchange.com/ (simulated demo series),synthetic_calibrated_demo
2023-07-27,BPI,1814.26,16328.35,https://www.balticexchange.com/ (simulated demo series),synthetic_calibrated_demo
2023-07-28,BPI,1784.37,16059.32,https://www.balticexchange.com/ (simulated demo series),synthetic_calibrated_demo
2023-07-31,BPI,1780.86,16027.77,https://www.balticexchange.com/ (simulated demo series),synthetic_calibrated_demo
2023-08-01,BPI,1794.05,16146.48,https://www.balticexchange.com/ (simulated demo series),synthetic_calibrated_demo
2023-08-02,BPI,1812.13,16309.2,https://www.balticexchange.com/ (simulated demo series),synthetic_calibrated_demo
2023-08-03,BPI,1761.29,15851.63,https://www.balticexchange.com/ (simulated demo series),synthetic_calibrated_demo
2023-08-04,BPI,1743.4,15690.64,https://www.balticexchange.com/ (simulated demo series),synthetic_calibrated_demo
2023-08-07,BPI,1629.63,14666.63,https://www.balticexchange.com/ (simulated demo series),synthetic_calibrated_demo
2023-08-08,BPI,1704.59,15341.28,https://www.balticexchange.com/ (simulated demo series),synthetic_calibrated_demo
2023-08-09,BPI,1747.12,15724.09,https://www.balticexchange.com/ (simulated demo series),synthetic_calibrated_demo
2023-08-10,BPI,1713.57,15422.16,https://www.balticexchange.com/ (simulated demo series),synthetic_calibrated_demo
2023-08-11,BPI,1689.81,15208.26,https://www.balticexchange.com/ (simulated demo series),synthetic_calibrated_demo
2023-08-14,BPI,1615.99,14543.88,https://www.balticexchange.com/ (simulated demo series),synthetic_calibrated_demo
2023-08-15,BPI,1546.2,13915.81,https://www.balticexchange.com/ (simulated demo series),synthetic_calibrated_demo
2023-08-16,BPI,1575.56,14180.03,https://www.balticexchange.com/ (simulated demo series),synthetic_calibrated_demo
2023-08-17,BPI,1470.34,13233.02,https://www.balticexchange.com/ (simulated demo series),synthetic_calibrated_demo
2023-08-18,BPI,1467.58,13208.18,https://www.balticexchange.com/ (simulated demo series),synthetic_calibrated_demo
2023-08-21,BPI,1567.63,14108.65,https://www.balticexchange.com/ (simulated demo series),synthetic_calibrated_demo
2023-08-22,BPI,1533.82,13804.35,https://www.balticexchange.com/ (simulated demo series),synthetic_calibrated_demo
2023-08-23,BPI,1542.35,13881.15,https://www.balticexchange.com/ (simulated demo series),synthetic_calibrated_demo
2023-08-24,BPI,1591.83,14326.47,https://www.balticexchange.com/ (simulated demo series),synthetic_calibrated_demo
2023-08-25,BPI,1581.77,14235.93,https://www.balticexchange.com/ (simulated demo series),synthetic_calibrated_demo
2023-08-28,BPI,1559.07,14031.59,https://www.balticexchange.com/ (simulated demo series),synthetic_calibrated_demo
2023-08-29,BPI,1553.42,13980.8,https://www.balticexchange.com/ (simulated demo series),synthetic_calibrated_demo
2023-08-30,BPI,1587.16,14284.45,https://www.balticexchange.com/ (simulated demo series),synthetic_calibrated_demo
2023-08-31,BPI,1626.57,14639.16,https://www.balticexchange.com/ (simulated demo series),synthetic_calibrated_demo
2023-09-01,BPI,1623.26,14609.32,https://www.balticexchange.com/ (simulated demo series),synthetic_calibrated_demo
2023-09-04,BPI,1667.26,15005.38,https://www.balticexchange.com/ (simulated demo series),synthetic_calibrated_demo
2023-09-05,BPI,1674.67,15072.04,https://www.balticexchange.com/ (simulated demo series),synthetic_calibrated_demo
2023-09-06,BPI,1747.28,15725.5,https://www.balticexchange.com/ (simulated demo series),synthetic_calibrated_demo
2023-09-07,BPI,1682.52,15142.69,https://www.balticexchange.com/ (simulated demo series),synthetic_calibrated_demo
2023-09-08,BPI,1597.12,14374.07,https://www.balticexchange.com/ (simulated demo series),synthetic_calibrated_demo
2023-09-11,BPI,1547.18,13924.64,https://www.balticexchange.com/ (simulated demo series),synthetic_calibrated_demo
2023-09-12,BPI,1526.82,13741.36,https://www.balticexchange.com/ (simulated demo series),synthetic_calibrated_demo
2023-09-13,BPI,1545.34,13908.04,https://www.balticexchange.com/ (simulated demo series),synthetic_calibrated_demo
2023-09-14,BPI,1459.18,13132.65,https://www.balticexchange.com/ (simulated demo series),synthetic_calibrated_demo
2023-09-15,BPI,1452.59,13073.28,https://www.balticexchange.com/ (simulated demo series),synthetic_calibrated_demo
2023-09-18,BPI,1452.08,13068.75,https://www.balticexchange.com/ (simulated demo series),synthetic_calibrated_demo
2023-09-19,BPI,1456.84,13111.6,https://www.balticexchange.com/ (simulated demo series),synthetic_calibrated_demo
2023-09-20,BPI,1462.96,13166.66,https://www.balticexchange.com/ (simulated demo series),synthetic_calibrated_demo
2023-09-21,BPI,1513.08,13617.73,https://www.balticexchange.com/ (simulated demo series),synthetic_calibrated_demo
2023-09-22,BPI,1527.22,13745.02,https://www.balticexchange.com/ (simulated demo series),synthetic_calibrated_demo
2023-09-25,BPI,1489.36,13404.25,https://www.balticexchange.com/ (simulated demo series),synthetic_calibrated_demo
2023-09-26,BPI,1465.22,13186.98,https://www.balticexchange.com/ (simulated demo series),synthetic_calibrated_demo
2023-09-27,BPI,1445.74,13011.62,https://www.balticexchange.com/ (simulated demo series),synthetic_calibrated_demo
2023-09-28,BPI,1440.34,12963.07,https://www.balticexchange.com/ (simulated demo series),synthetic_calibrated_demo
2023-09-29,BPI,1418.49,12766.45,https://www.balticexchange.com/ (simulated demo series),synthetic_calibrated_demo
2023-10-02,BPI,1389.71,12507.41,https://www.balticexchange.com/ (simulated demo series),synthetic_calibrated_demo
2023-10-03,BPI,1391.78,12526.02,https://www.balticexchange.com/ (simulated demo series),synthetic_calibrated_demo
2023-10-04,BPI,1350.4,12153.62,https://www.balticexchange.com/ (simulated demo series),synthetic_calibrated_demo
2023-10-05,BPI,1345.34,12108.06,https://www.balticexchange.com/ (simulated demo series),synthetic_calibrated_demo
2023-10-06,BPI,1333.36,12000.28,https://www.balticexchange.com/ (simulated demo series),synthetic_calibrated_demo
2023-10-09,BPI,1328.45,11956.05,https://www.balticexchange.com/ (simulated demo series),synthetic_calibrated_demo
2023-10-10,BPI,1342.87,12085.81,https://www.balticexchange.com/ (simulated demo series),synthetic_calibrated_demo
2023-10-11,BPI,1323.86,11914.78,https://www.balticexchange.com/ (simulated demo series),synthetic_calibrated_demo
2023-10-12,BPI,1361.58,12254.25,https://www.balticexchange.com/ (simulated demo series),synthetic_calibrated_demo
2023-10-13,BPI,1435.47,12919.2,https://www.balticexchange.com/ (simulated demo series),synthetic_calibrated_demo
2023-10-16,BPI,1443.19,12988.72,https://www.balticexchange.com/ (simulated demo series),synthetic_calibrated_demo
2023-10-17,BPI,1454.11,13086.98,https://www.balticexchange.com/ (simulated demo series),synthetic_calibrated_demo
2023-10-18,BPI,1463.82,13174.37,https://www.balticexchange.com/ (simulated demo series),synthetic_calibrated_demo
2023-10-19,BPI,1478.66,13307.93,https://www.balticexchange.com/ (simulated demo series),synthetic_calibrated_demo
2023-10-20,BPI,1519.83,13678.49,https://www.balticexchange.com/ (simulated demo series),synthetic_calibrated_demo
2023-10-23,BPI,1586.03,14274.27,https://www.balticexchange.com/ (simulated demo series),synthetic_calibrated_demo
2023-10-24,BPI,1583.02,14247.15,https://www.balticexchange.com/ (simulated demo series),synthetic_calibrated_demo
2023-10-25,BPI,1575.58,14180.25,https://www.balticexchange.com/ (simulated demo series),synthetic_calibrated_demo
2023-10-26,BPI,1551.41,13962.7,https://www.balticexchange.com/ (simulated demo series),synthetic_calibrated_demo
2023-10-27,BPI,1574.85,14173.68,https://www.balticexchange.com/ (simulated demo series),synthetic_calibrated_demo
2023-10-30,BPI,1561.13,14050.13,https://www.balticexchange.com/ (simulated demo series),synthetic_calibrated_demo
2023-10-31,BPI,1581.88,14236.91,https://www.balticexchange.com/ (simulated demo series),synthetic_calibrated_demo
2023-11-01,BPI,1564.95,14084.52,https://www.balticexchange.com/ (simulated demo series),synthetic_calibrated_demo
2023-11-02,BPI,1509.23,13583.07,https://www.balticexchange.com/ (simulated demo series),synthetic_calibrated_demo
2023-11-03,BPI,1566.89,14102.02,https://www.balticexchange.com/ (simulated demo series),synthetic_calibrated_demo
2023-11-06,BPI,1548.45,13936.04,https://www.balticexchange.com/ (simulated demo series),synthetic_calibrated_demo
2023-11-07,BPI,1572.43,14151.85,https://www.balticexchange.com/ (simulated demo series),synthetic_calibrated_demo
2023-11-08,BPI,1561.57,14054.11,https://www.balticexchange.com/ (simulated demo series),synthetic_calibrated_demo
2023-11-09,BPI,1537.2,13834.82,https://www.balticexchange.com/ (simulated demo series),synthetic_calibrated_demo
2023-11-10,BPI,1553.47,13981.27,https://www.balticexchange.com/ (simulated demo series),synthetic_calibrated_demo
2023-11-13,BPI,1533.13,13798.19,https://www.balticexchange.com/ (simulated demo series),synthetic_calibrated_demo
2023-11-14,BPI,1533.69,13803.17,https://www.balticexchange.com/ (simulated demo series),synthetic_calibrated_demo
2023-11-15,BPI,1557.63,14018.66,https://www.balticexchange.com/ (simulated demo series),synthetic_calibrated_demo
2023-11-16,BPI,1597.39,14376.5,https://www.balticexchange.com/ (simulated demo series),synthetic_calibrated_demo
2023-11-17,BPI,1555.22,13997.0,https://www.balticexchange.com/ (simulated demo series),synthetic_calibrated_demo
2023-11-20,BPI,1439.55,12955.95,https://www.balticexchange.com/ (simulated demo series),synthetic_calibrated_demo
2023-11-21,BPI,1446.03,13014.26,https://www.balticexchange.com/ (simulated demo series),synthetic_calibrated_demo
2023-11-22,BPI,1479.23,13313.05,https://www.balticexchange.com/ (simulated demo series),synthetic_calibrated_demo
2023-11-23,BPI,1483.14,13348.3,https://www.balticexchange.com/ (simulated demo series),synthetic_calibrated_demo
2023-11-24,BPI,1472.8,13255.18,https://www.balticexchange.com/ (simulated demo series),synthetic_calibrated_demo
2023-11-27,BPI,1533.47,13801.25,https://www.balticexchange.com/ (simulated demo series),synthetic_calibrated_demo
2023-11-28,BPI,1478.53,13306.77,https://www.balticexchange.com/ (simulated demo series),synthetic_calibrated_demo
2023-11-29,BPI,1421.76,12795.88,https://www.balticexchange.com/ (simulated demo series),synthetic_calibrated_demo
2023-11-30,BPI,1457.94,13121.43,https://www.balticexchange.com/ (simulated demo series),synthetic_calibrated_demo
2023-12-01,BPI,1506.97,13562.76,https://www.balticexchange.com/ (simulated demo series),synthetic_calibrated_demo
2023-12-04,BPI,1474.68,13272.14,https://www.balticexchange.com/ (simulated demo series),synthetic_calibrated_demo
2023-12-05,BPI,1441.66,12974.91,https://www.balticexchange.com/ (simulated demo series),synthetic_calibrated_demo
2023-12-06,BPI,1401.1,12609.93,https://www.balticexchange.com/ (simulated demo series),synthetic_calibrated_demo
2023-12-07,BPI,1369.72,12327.49,https://www.balticexchange.com/ (simulated demo series),synthetic_calibrated_demo
2023-12-08,BPI,1371.61,12344.46,https://www.balticexchange.com/ (simulated demo series),synthetic_calibrated_demo
2023-12-11,BPI,1388.56,12497.07,https://www.balticexchange.com/ (simulated demo series),synthetic_calibrated_demo
2023-12-12,BPI,1403.18,12628.6,https://www.balticexchange.com/ (simulated demo series),synthetic_calibrated_demo
2023-12-13,BPI,1421.65,12794.84,https://www.balticexchange.com/ (simulated demo series),synthetic_calibrated_demo
2023-12-14,BPI,1519.49,13675.38,https://www.balticexchange.com/ (simulated demo series),synthetic_calibrated_demo
2023-12-15,BPI,1543.48,13891.33,https://www.balticexchange.com/ (simulated demo series),synthetic_calibrated_demo
2023-12-18,BPI,1456.96,13112.65,https://www.balticexchange.com/ (simulated demo series),synthetic_calibrated_demo
2023-12-19,BPI,1489.35,13404.12,https://www.balticexchange.com/ (simulated demo series),synthetic_calibrated_demo
2023-12-20,BPI,1472.2,13249.84,https://www.balticexchange.com/ (simulated demo series),synthetic_calibrated_demo
2023-12-21,BPI,1412.48,12712.35,https://www.balticexchange.com/ (simulated demo series),synthetic_calibrated_demo
2023-12-22,BPI,1409.7,12687.32,https://www.balticexchange.com/ (simulated demo series),synthetic_calibrated_demo
2023-12-25,BPI,1356.47,12208.19,https://www.balticexchange.com/ (simulated demo series),synthetic_calibrated_demo
2023-12-26,BPI,1372.28,12350.5,https://www.balticexchange.com/ (simulated demo series),synthetic_calibrated_demo
2023-12-27,BPI,1394.67,12552.01,https://www.balticexchange.com/ (simulated demo series),synthetic_calibrated_demo
2023-12-28,BPI,1399.82,12598.36,https://www.balticexchange.com/ (simulated demo series),synthetic_calibrated_demo
2023-12-29,BPI,1428.38,12855.38,https://www.balticexchange.com/ (simulated demo series),synthetic_calibrated_demo
2024-01-01,BPI,1438.35,12945.17,https://www.balticexchange.com/ (simulated demo series),synthetic_calibrated_demo
2024-01-02,BPI,1445.32,13007.92,https://www.balticexchange.com/ (simulated demo series),synthetic_calibrated_demo
2024-01-03,BPI,1449.01,13041.1,https://www.balticexchange.com/ (simulated demo series),synthetic_calibrated_demo
2024-01-04,BPI,1444.88,13003.94,https://www.balticexchange.com/ (simulated demo series),synthetic_calibrated_demo
2024-01-05,BPI,1407.69,12669.25,https://www.balticexchange.com/ (simulated demo series),synthetic_calibrated_demo
2024-01-08,BPI,1387.51,12487.63,https://www.balticexchange.com/ (simulated demo series),synthetic_calibrated_demo
2024-01-09,BPI,1439.69,12957.21,https://www.balticexchange.com/ (simulated demo series),synthetic_calibrated_demo
2024-01-10,BPI,1450.43,13053.9,https://www.balticexchange.com/ (simulated demo series),synthetic_calibrated_demo
2024-01-11,BPI,1478.09,13302.84,https://www.balticexchange.com/ (simulated demo series),synthetic_calibrated_demo
2024-01-12,BPI,1493.46,13441.16,https://www.balticexchange.com/ (simulated demo series),synthetic_calibrated_demo
2024-01-15,BPI,1444.63,13001.63,https://www.balticexchange.com/ (simulated demo series),synthetic_calibrated_demo
2024-01-16,BPI,1458.56,13127.03,https://www.balticexchange.com/ (simulated demo series),synthetic_calibrated_demo
2024-01-17,BPI,1493.68,13443.15,https://www.balticexchange.com/ (simulated demo series),synthetic_calibrated_demo
2024-01-18,BPI,1518.68,13668.14,https://www.balticexchange.com/ (simulated demo series),synthetic_calibrated_demo
2024-01-19,BPI,1480.47,13324.21,https://www.balticexchange.com/ (simulated demo series),synthetic_calibrated_demo
2024-01-22,BPI,1397.88,12580.94,https://www.balticexchange.com/ (simulated demo series),synthetic_calibrated_demo
2024-01-23,BPI,1398.94,12590.43,https://www.balticexchange.com/ (simulated demo series),synthetic_calibrated_demo
2024-01-24,BPI,1465.14,13186.23,https://www.balticexchange.com/ (simulated demo series),synthetic_calibrated_demo
2024-01-25,BPI,1457.89,13121.02,https://www.balticexchange.com/ (simulated demo series),synthetic_calibrated_demo
2024-01-26,BPI,1420.35,12783.14,https://www.balticexchange.com/ (simulated demo series),synthetic_calibrated_demo
2024-01-29,BPI,1387.89,12491.0,https://www.balticexchange.com/ (simulated demo series),synthetic_calibrated_demo
2024-01-30,BPI,1432.38,12891.42,https://www.balticexchange.com/ (simulated demo series),synthetic_calibrated_demo
2024-01-31,BPI,1416.61,12749.53,https://www.balticexchange.com/ (simulated demo series),synthetic_calibrated_demo
2024-02-01,BPI,1387.2,12484.78,https://www.balticexchange.com/ (simulated demo series),synthetic_calibrated_demo
2024-02-02,BPI,1386.24,12476.16,https://www.balticexchange.com/ (simulated demo series),synthetic_calibrated_demo
2024-02-05,BPI,1378.29,12404.63,https://www.balticexchange.com/ (simulated demo series),synthetic_calibrated_demo
2024-02-06,BPI,1331.94,11987.45,https://www.balticexchange.com/ (simulated demo series),synthetic_calibrated_demo
2024-02-07,BPI,1291.58,11624.25,https://www.balticexchange.com/ (simulated demo series),synthetic_calibrated_demo
2024-02-08,BPI,1261.58,11354.18,https://www.balticexchange.com/ (simulated demo series),synthetic_calibrated_demo
2024-02-09,BPI,1235.54,11119.88,https://www.balticexchange.com/ (simulated demo series),synthetic_calibrated_demo
2024-02-12,BPI,1236.64,11129.79,https://www.balticexchange.com/ (simulated demo series),synthetic_calibrated_demo
2024-02-13,BPI,1284.46,11560.12,https://www.balticexchange.com/ (simulated demo series),synthetic_calibrated_demo
2024-02-14,BPI,1261.51,11353.62,https://www.balticexchange.com/ (simulated demo series),synthetic_calibrated_demo
2024-02-15,BPI,1235.12,11116.12,https://www.balticexchange.com/ (simulated demo series),synthetic_calibrated_demo
2024-02-16,BPI,1213.88,10924.89,https://www.balticexchange.com/ (simulated demo series),synthetic_calibrated_demo
2024-02-19,BPI,1219.68,10977.09,https://www.balticexchange.com/ (simulated demo series),synthetic_calibrated_demo
2024-02-20,BPI,1187.94,10691.5,https://www.balticexchange.com/ (simulated demo series),synthetic_calibrated_demo
2024-02-21,BPI,1189.69,10707.25,https://www.balticexchange.com/ (simulated demo series),synthetic_calibrated_demo
2024-02-22,BPI,1203.81,10834.29,https://www.balticexchange.com/ (simulated demo series),synthetic_calibrated_demo
2024-02-23,BPI,1230.71,11076.37,https://www.balticexchange.com/ (simulated demo series),synthetic_calibrated_demo
2024-02-26,BPI,1377.03,12393.25,https://www.balticexchange.com/ (simulated demo series),synthetic_calibrated_demo
2024-02-27,BPI,1388.72,12498.5,https://www.balticexchange.com/ (simulated demo series),synthetic_calibrated_demo
2024-02-28,BPI,1382.98,12446.84,https://www.balticexchange.com/ (simulated demo series),synthetic_calibrated_demo
2024-02-29,BPI,1366.89,12302.0,https://www.balticexchange.com/ (simulated demo series),synthetic_calibrated_demo
2024-03-01,BPI,1349.58,12146.22,https://www.balticexchange.com/ (simulated demo series),synthetic_calibrated_demo
2024-03-04,BPI,1385.61,12470.53,https://www.balticexchange.com/ (simulated demo series),synthetic_calibrated_demo
2024-03-05,BPI,1424.78,12823.04,https://www.balticexchange.com/ (simulated demo series),synthetic_calibrated_demo
2024-03-06,BPI,1402.66,12623.97,https://www.balticexchange.com/ (simulated demo series),synthetic_calibrated_demo
2024-03-07,BPI,1379.07,12411.66,https://www.balticexchange.com/ (simulated demo series),synthetic_calibrated_demo
2024-03-08,BPI,1391.84,12526.55,https://www.balticexchange.com/ (simulated demo series),synthetic_calibrated_demo
2024-03-11,BPI,1418.47,12766.25,https://www.balticexchange.com/ (simulated demo series),synthetic_calibrated_demo
2024-03-12,BPI,1433.89,12905.03,https://www.balticexchange.com/ (simulated demo series),synthetic_calibrated_demo
2024-03-13,BPI,1433.51,12901.63,https://www.balticexchange.com/ (simulated demo series),synthetic_calibrated_demo
2024-03-14,BPI,1382.89,12446.05,https://www.balticexchange.com/ (simulated demo series),synthetic_calibrated_demo
2024-03-15,BPI,1392.02,12528.21,https://www.balticexchange.com/ (simulated demo series),synthetic_calibrated_demo
2024-03-18,BPI,1386.42,12477.77,https://www.balticexchange.com/ (simulated demo series),synthetic_calibrated_demo
2024-03-19,BPI,1368.98,12320.82,https://www.balticexchange.com/ (simulated demo series),synthetic_calibrated_demo
2024-03-20,BPI,1431.11,12879.98,https://www.balticexchange.com/ (simulated demo series),synthetic_calibrated_demo
2024-03-21,BPI,1468.29,13214.58,https://www.balticexchange.com/ (simulated demo series),synthetic_calibrated_demo
2024-03-22,BPI,1484.24,13358.16,https://www.balticexchange.com/ (simulated demo series),synthetic_calibrated_demo
2024-03-25,BPI,1580.19,14221.69,https://www.balticexchange.com/ (simulated demo series),synthetic_calibrated_demo
2024-03-26,BPI,1530.1,13770.87,https://www.balticexchange.com/ (simulated demo series),synthetic_calibrated_demo
2024-03-27,BPI,1495.42,13458.82,https://www.balticexchange.com/ (simulated demo series),synthetic_calibrated_demo
2024-03-28,BPI,1529.9,13769.14,https://www.balticexchange.com/ (simulated demo series),synthetic_calibrated_demo
2024-03-29,BPI,1517.73,13659.54,https://www.balticexchange.com/ (simulated demo series),synthetic_calibrated_demo
2024-04-01,BPI,1517.92,13661.28,https://www.balticexchange.com/ (simulated demo series),synthetic_calibrated_demo
2024-04-02,BPI,1539.99,13859.92,https://www.balticexchange.com/ (simulated demo series),synthetic_calibrated_demo
2024-04-03,BPI,1485.16,13366.44,https://www.balticexchange.com/ (simulated demo series),synthetic_calibrated_demo
2024-04-04,BPI,1497.15,13474.37,https://www.balticexchange.com/ (simulated demo series),synthetic_calibrated_demo
2024-04-05,BPI,1470.78,13237.04,https://www.balticexchange.com/ (simulated demo series),synthetic_calibrated_demo
2024-04-08,BPI,1428.87,12859.8,https://www.balticexchange.com/ (simulated demo series),synthetic_calibrated_demo
2024-04-09,BPI,1440.34,12963.07,https://www.balticexchange.com/ (simulated demo series),synthetic_calibrated_demo
2024-04-10,BPI,1431.12,12880.08,https://www.balticexchange.com/ (simulated demo series),synthetic_calibrated_demo
2024-04-11,BPI,1395.03,12555.27,https://www.balticexchange.com/ (simulated demo series),synthetic_calibrated_demo
2024-04-12,BPI,1430.7,12876.28,https://www.balticexchange.com/ (simulated demo series),synthetic_calibrated_demo
2024-04-15,BPI,1421.97,12797.77,https://www.balticexchange.com/ (simulated demo series),synthetic_calibrated_demo
2024-04-16,BPI,1443.12,12988.09,https://www.balticexchange.com/ (simulated demo series),synthetic_calibrated_demo
2024-04-17,BPI,1388.1,12492.91,https://www.balticexchange.com/ (simulated demo series),synthetic_calibrated_demo
2024-04-18,BPI,1379.71,12417.36,https://www.balticexchange.com/ (simulated demo series),synthetic_calibrated_demo
2024-04-19,BPI,1454.31,13088.81,https://www.balticexchange.com/ (simulated demo series),synthetic_calibrated_demo
2024-04-22,BPI,1470.65,13235.87,https://www.balticexchange.com/ (simulated demo series),synthetic_calibrated_demo
2024-04-23,BPI,1473.73,13263.57,https://www.balticexchange.com/ (simulated demo series),synthetic_calibrated_demo
2024-04-24,BPI,1454.94,13094.45,https://www.balticexchange.com/ (simulated demo series),synthetic_calibrated_demo
2024-04-25,BPI,1490.43,13413.85,https://www.balticexchange.com/ (simulated demo series),synthetic_calibrated_demo
2024-04-26,BPI,1484.58,13361.26,https://www.balticexchange.com/ (simulated demo series),synthetic_calibrated_demo
2024-04-29,BPI,1463.76,13173.88,https://www.balticexchange.com/ (simulated demo series),synthetic_calibrated_demo
2024-04-30,BPI,1417.13,12754.15,https://www.balticexchange.com/ (simulated demo series),synthetic_calibrated_demo
2024-05-01,BPI,1400.0,12600.01,https://www.balticexchange.com/ (simulated demo series),synthetic_calibrated_demo
2024-05-02,BPI,1406.59,12659.29,https://www.balticexchange.com/ (simulated demo series),synthetic_calibrated_demo
2024-05-03,BPI,1494.85,13453.64,https://www.balticexchange.com/ (simulated demo series),synthetic_calibrated_demo
2024-05-06,BPI,1551.25,13961.27,https://www.balticexchange.com/ (simulated demo series),synthetic_calibrated_demo
2024-05-07,BPI,1564.14,14077.3,https://www.balticexchange.com/ (simulated demo series),synthetic_calibrated_demo
2024-05-08,BPI,1563.23,14069.03,https://www.balticexchange.com/ (simulated demo series),synthetic_calibrated_demo
2024-05-09,BPI,1599.88,14398.95,https://www.balticexchange.com/ (simulated demo series),synthetic_calibrated_demo
2024-05-10,BPI,1611.85,14506.64,https://www.balticexchange.com/ (simulated demo series),synthetic_calibrated_demo
2024-05-13,BPI,1599.4,14394.58,https://www.balticexchange.com/ (simulated demo series),synthetic_calibrated_demo
2024-05-14,BPI,1656.17,14905.57,https://www.balticexchange.com/ (simulated demo series),synthetic_calibrated_demo
2024-05-15,BPI,1604.97,14444.73,https://www.balticexchange.com/ (simulated demo series),synthetic_calibrated_demo
2024-05-16,BPI,1612.47,14512.22,https://www.balticexchange.com/ (simulated demo series),synthetic_calibrated_demo
2024-05-17,BPI,1636.86,14731.7,https://www.balticexchange.com/ (simulated demo series),synthetic_calibrated_demo
2024-05-20,BPI,1512.86,13615.72,https://www.balticexchange.com/ (simulated demo series),synthetic_calibrated_demo
2024-05-21,BPI,1566.23,14096.06,https://www.balticexchange.com/ (simulated demo series),synthetic_calibrated_demo
2024-05-22,BPI,1618.27,14564.46,https://www.balticexchange.com/ (simulated demo series),synthetic_calibrated_demo
2024-05-23,BPI,1611.13,14500.13,https://www.balticexchange.com/ (simulated demo series),synthetic_calibrated_demo
2024-05-24,BPI,1576.94,14192.43,https://www.balticexchange.com/ (simulated demo series),synthetic_calibrated_demo
2024-05-27,BPI,1619.99,14579.95,https://www.balticexchange.com/ (simulated demo series),synthetic_calibrated_demo
2024-05-28,BPI,1628.55,14656.95,https://www.balticexchange.com/ (simulated demo series),synthetic_calibrated_demo
2024-05-29,BPI,1569.52,14125.7,https://www.balticexchange.com/ (simulated demo series),synthetic_calibrated_demo
2024-05-30,BPI,1549.48,13945.28,https://www.balticexchange.com/ (simulated demo series),synthetic_calibrated_demo
2024-05-31,BPI,1532.19,13789.68,https://www.balticexchange.com/ (simulated demo series),synthetic_calibrated_demo
2024-06-03,BPI,1559.12,14032.04,https://www.balticexchange.com/ (simulated demo series),synthetic_calibrated_demo
2024-06-04,BPI,1584.72,14262.49,https://www.balticexchange.com/ (simulated demo series),synthetic_calibrated_demo
2024-06-05,BPI,1572.21,14149.89,https://www.balticexchange.com/ (simulated demo series),synthetic_calibrated_demo
2024-06-06,BPI,1511.77,13605.96,https://www.balticexchange.com/ (simulated demo series),synthetic_calibrated_demo
2024-06-07,BPI,1570.23,14132.07,https://www.balticexchange.com/ (simulated demo series),synthetic_calibrated_demo
2024-06-10,BPI,1580.46,14224.14,https://www.balticexchange.com/ (simulated demo series),synthetic_calibrated_demo
2024-06-11,BPI,1556.55,14008.91,https://www.balticexchange.com/ (simulated demo series),synthetic_calibrated_demo
2024-06-12,BPI,1498.29,13484.6,https://www.balticexchange.com/ (simulated demo series),synthetic_calibrated_demo
2024-06-13,BPI,1560.56,14045.03,https://www.balticexchange.com/ (simulated demo series),synthetic_calibrated_demo
2024-06-14,BPI,1487.52,13387.64,https://www.balticexchange.com/ (simulated demo series),synthetic_calibrated_demo
2024-06-17,BPI,1485.71,13371.4,https://www.balticexchange.com/ (simulated demo series),synthetic_calibrated_demo
2024-06-18,BPI,1522.61,13703.52,https://www.balticexchange.com/ (simulated demo series),synthetic_calibrated_demo
2024-06-19,BPI,1565.9,14093.13,https://www.balticexchange.com/ (simulated demo series),synthetic_calibrated_demo
2024-06-20,BPI,1560.76,14046.86,https://www.balticexchange.com/ (simulated demo series),synthetic_calibrated_demo
2024-06-21,BPI,1620.2,14581.77,https://www.balticexchange.com/ (simulated demo series),synthetic_calibrated_demo
2024-06-24,BPI,1627.47,14647.26,https://www.balticexchange.com/ (simulated demo series),synthetic_calibrated_demo
2024-06-25,BPI,1647.24,14825.18,https://www.balticexchange.com/ (simulated demo series),synthetic_calibrated_demo
2024-06-26,BPI,1618.01,14562.06,https://www.balticexchange.com/ (simulated demo series),synthetic_calibrated_demo
2024-06-27,BPI,1663.8,14974.23,https://www.balticexchange.com/ (simulated demo series),synthetic_calibrated_demo
2024-06-28,BPI,1627.46,14647.14,https://www.balticexchange.com/ (simulated demo series),synthetic_calibrated_demo
2024-07-01,BPI,1556.09,14004.79,https://www.balticexchange.com/ (simulated demo series),synthetic_calibrated_demo
2024-07-02,BPI,1625.86,14632.78,https://www.balticexchange.com/ (simulated demo series),synthetic_calibrated_demo
2024-07-03,BPI,1656.9,14912.12,https://www.balticexchange.com/ (simulated demo series),synthetic_calibrated_demo
2024-07-04,BPI,1680.2,15121.76,https://www.balticexchange.com/ (simulated demo series),synthetic_calibrated_demo
2024-07-05,BPI,1663.55,14971.98,https://www.balticexchange.com/ (simulated demo series),synthetic_calibrated_demo
2024-07-08,BPI,1582.63,14243.68,https://www.balticexchange.com/ (simulated demo series),synthetic_calibrated_demo
2024-07-09,BPI,1610.17,14491.57,https://www.balticexchange.com/ (simulated demo series),synthetic_calibrated_demo
2024-07-10,BPI,1590.79,14317.07,https://www.balticexchange.com/ (simulated demo series),synthetic_calibrated_demo
2024-07-11,BPI,1585.88,14272.89,https://www.balticexchange.com/ (simulated demo series),synthetic_calibrated_demo
2024-07-12,BPI,1612.83,14515.43,https://www.balticexchange.com/ (simulated demo series),synthetic_calibrated_demo
2024-07-15,BPI,1666.57,14999.12,https://www.balticexchange.com/ (simulated demo series),synthetic_calibrated_demo
2024-07-16,BPI,1632.21,14689.92,https://www.balticexchange.com/ (simulated demo series),synthetic_calibrated_demo
2024-07-17,BPI,1617.46,14557.12,https://www.balticexchange.com/ (simulated demo series),synthetic_calibrated_demo
2024-07-18,BPI,1639.18,14752.64,https://www.balticexchange.com/ (simulated demo series),synthetic_calibrated_demo
2024-07-19,BPI,1578.89,14210.05,https://www.balticexchange.com/ (simulated demo series),synthetic_calibrated_demo
2024-07-22,BPI,1631.62,14684.54,https://www.balticexchange.com/ (simulated demo series),synthetic_calibrated_demo
2024-07-23,BPI,1674.47,15070.19,https://www.balticexchange.com/ (simulated demo series),synthetic_calibrated_demo
2024-07-24,BPI,1674.46,15070.16,https://www.balticexchange.com/ (simulated demo series),synthetic_calibrated_demo
2024-07-25,BPI,1711.86,15406.73,https://www.balticexchange.com/ (simulated demo series),synthetic_calibrated_demo
2024-07-26,BPI,1674.91,15074.19,https://www.balticexchange.com/ (simulated demo series),synthetic_calibrated_demo
2024-07-29,BPI,1563.26,14069.38,https://www.balticexchange.com/ (simulated demo series),synthetic_calibrated_demo
2024-07-30,BPI,1560.59,14045.31,https://www.balticexchange.com/ (simulated demo series),synthetic_calibrated_demo
2024-07-31,BPI,1551.78,13966.05,https://www.balticexchange.com/ (simulated demo series),synthetic_calibrated_demo
2024-08-01,BPI,1568.38,14115.39,https://www.balticexchange.com/ (simulated demo series),synthetic_calibrated_demo
2024-08-02,BPI,1579.38,14214.45,https://www.balticexchange.com/ (simulated demo series),synthetic_calibrated_demo
2024-08-05,BPI,1522.84,13705.58,https://www.balticexchange.com/ (simulated demo series),synthetic_calibrated_demo
2024-08-06,BPI,1544.97,13904.71,https://www.balticexchange.com/ (simulated demo series),synthetic_calibrated_demo
2024-08-07,BPI,1495.44,13458.96,https://www.balticexchange.com/ (simulated demo series),synthetic_calibrated_demo
2024-08-08,BPI,1484.37,13359.29,https://www.balticexchange.com/ (simulated demo series),synthetic_calibrated_demo
2024-08-09,BPI,1466.94,13202.48,https://www.balticexchange.com/ (simulated demo series),synthetic_calibrated_demo
2024-08-12,BPI,1307.81,11770.28,https://www.balticexchange.com/ (simulated demo series),synthetic_calibrated_demo
2024-08-13,BPI,1310.77,11796.94,https://www.balticexchange.com/ (simulated demo series),synthetic_calibrated_demo
2024-08-14,BPI,1340.48,12064.33,https://www.balticexchange.com/ (simulated demo series),synthetic_calibrated_demo
2024-08-15,BPI,1330.08,11970.68,https://www.balticexchange.com/ (simulated demo series),synthetic_calibrated_demo
2024-08-16,BPI,1304.61,11741.49,https://www.balticexchange.com/ (simulated demo series),synthetic_calibrated_demo
2024-08-19,BPI,1274.51,11470.59,https://www.balticexchange.com/ (simulated demo series),synthetic_calibrated_demo
2024-08-20,BPI,1275.18,11476.66,https://www.balticexchange.com/ (simulated demo series),synthetic_calibrated_demo
2024-08-21,BPI,1280.46,11524.14,https://www.balticexchange.com/ (simulated demo series),synthetic_calibrated_demo
2024-08-22,BPI,1322.56,11903.0,https://www.balticexchange.com/ (simulated demo series),synthetic_calibrated_demo
2024-08-23,BPI,1277.64,11498.77,https://www.balticexchange.com/ (simulated demo series),synthetic_calibrated_demo
2024-08-26,BPI,1226.72,11040.46,https://www.balticexchange.com/ (simulated demo series),synthetic_calibrated_demo
2024-08-27,BPI,1233.61,11102.46,https://www.balticexchange.com/ (simulated demo series),synthetic_calibrated_demo
2024-08-28,BPI,1291.07,11619.65,https://www.balticexchange.com/ (simulated demo series),synthetic_calibrated_demo
2024-08-29,BPI,1308.48,11776.31,https://www.balticexchange.com/ (simulated demo series),synthetic_calibrated_demo
2024-08-30,BPI,1344.95,12104.51,https://www.balticexchange.com/ (simulated demo series),synthetic_calibrated_demo
2024-09-02,BPI,1370.79,12337.13,https://www.balticexchange.com/ (simulated demo series),synthetic_calibrated_demo
2024-09-03,BPI,1396.02,12564.18,https://www.balticexchange.com/ (simulated demo series),synthetic_calibrated_demo
2024-09-04,BPI,1356.72,12210.51,https://www.balticexchange.com/ (simulated demo series),synthetic_calibrated_demo
2024-09-05,BPI,1360.95,12248.54,https://www.balticexchange.com/ (simulated demo series),synthetic_calibrated_demo
2024-09-06,BPI,1377.03,12393.27,https://www.balticexchange.com/ (simulated demo series),synthetic_calibrated_demo
2024-09-09,BPI,1469.98,13229.82,https://www.balticexchange.com/ (simulated demo series),synthetic_calibrated_demo
2024-09-10,BPI,1511.67,13605.03,https://www.balticexchange.com/ (simulated demo series),synthetic_calibrated_demo
2024-09-11,BPI,1456.67,13110.03,https://www.balticexchange.com/ (simulated demo series),synthetic_calibrated_demo
2024-09-12,BPI,1421.67,12795.06,https://www.balticexchange.com/ (simulated demo series),synthetic_calibrated_demo
2024-09-13,BPI,1435.3,12917.71,https://www.balticexchange.com/ (simulated demo series),synthetic_calibrated_demo
2024-09-16,BPI,1389.23,12503.04,https://www.balticexchange.com/ (simulated demo series),synthetic_calibrated_demo
2024-09-17,BPI,1403.15,12628.35,https://www.balticexchange.com/ (simulated demo series),synthetic_calibrated_demo
2024-09-18,BPI,1405.86,12652.72,https://www.balticexchange.com/ (simulated demo series),synthetic_calibrated_demo
2024-09-19,BPI,1342.13,12079.18,https://www.balticexchange.com/ (simulated demo series),synthetic_calibrated_demo
2024-09-20,BPI,1348.74,12138.63,https://www.balticexchange.com/ (simulated demo series),synthetic_calibrated_demo
2024-09-23,BPI,1436.8,12931.22,https://www.balticexchange.com/ (simulated demo series),synthetic_calibrated_demo
2024-09-24,BPI,1401.51,12613.58,https://www.balticexchange.com/ (simulated demo series),synthetic_calibrated_demo
2024-09-25,BPI,1432.75,12894.79,https://www.balticexchange.com/ (simulated demo series),synthetic_calibrated_demo
2024-09-26,BPI,1428.67,12858.03,https://www.balticexchange.com/ (simulated demo series),synthetic_calibrated_demo
2024-09-27,BPI,1383.17,12448.53,https://www.balticexchange.com/ (simulated demo series),synthetic_calibrated_demo
2024-09-30,BPI,1430.76,12876.81,https://www.balticexchange.com/ (simulated demo series),synthetic_calibrated_demo
2024-10-01,BPI,1422.99,12806.87,https://www.balticexchange.com/ (simulated demo series),synthetic_calibrated_demo
2024-10-02,BPI,1456.52,13108.67,https://www.balticexchange.com/ (simulated demo series),synthetic_calibrated_demo
2024-10-03,BPI,1426.33,12836.94,https://www.balticexchange.com/ (simulated demo series),synthetic_calibrated_demo
2024-10-04,BPI,1408.2,12673.78,https://www.balticexchange.com/ (simulated demo series),synthetic_calibrated_demo
2024-10-07,BPI,1332.51,11992.56,https://www.balticexchange.com/ (simulated demo series),synthetic_calibrated_demo
2024-10-08,BPI,1344.69,12102.21,https://www.balticexchange.com/ (simulated demo series),synthetic_calibrated_demo
2024-10-09,BPI,1333.22,11999.0,https://www.balticexchange.com/ (simulated demo series),synthetic_calibrated_demo
2024-10-10,BPI,1341.4,12072.57,https://www.balticexchange.com/ (simulated demo series),synthetic_calibrated_demo
2024-10-11,BPI,1351.14,12160.26,https://www.balticexchange.com/ (simulated demo series),synthetic_calibrated_demo
2024-10-14,BPI,1367.45,12307.03,https://www.balticexchange.com/ (simulated demo series),synthetic_calibrated_demo
2024-10-15,BPI,1360.71,12246.4,https://www.balticexchange.com/ (simulated demo series),synthetic_calibrated_demo
2024-10-16,BPI,1355.87,12202.79,https://www.balticexchange.com/ (simulated demo series),synthetic_calibrated_demo
2024-10-17,BPI,1356.92,12212.31,https://www.balticexchange.com/ (simulated demo series),synthetic_calibrated_demo
2024-10-18,BPI,1337.13,12034.17,https://www.balticexchange.com/ (simulated demo series),synthetic_calibrated_demo
2024-10-21,BPI,1321.36,11892.22,https://www.balticexchange.com/ (simulated demo series),synthetic_calibrated_demo
2024-10-22,BPI,1322.08,11898.69,https://www.balticexchange.com/ (simulated demo series),synthetic_calibrated_demo
2024-10-23,BPI,1372.0,12348.02,https://www.balticexchange.com/ (simulated demo series),synthetic_calibrated_demo
2024-10-24,BPI,1336.97,12032.77,https://www.balticexchange.com/ (simulated demo series),synthetic_calibrated_demo
2024-10-25,BPI,1342.56,12083.06,https://www.balticexchange.com/ (simulated demo series),synthetic_calibrated_demo
2024-10-28,BPI,1305.7,11751.32,https://www.balticexchange.com/ (simulated demo series),synthetic_calibrated_demo
2024-10-29,BPI,1293.85,11644.69,https://www.balticexchange.com/ (simulated demo series),synthetic_calibrated_demo
2024-10-30,BPI,1265.46,11389.13,https://www.balticexchange.com/ (simulated demo series),synthetic_calibrated_demo
2024-10-31,BPI,1272.68,11454.12,https://www.balticexchange.com/ (simulated demo series),synthetic_calibrated_demo
2024-11-01,BPI,1321.34,11892.02,https://www.balticexchange.com/ (simulated demo series),synthetic_calibrated_demo
2024-11-04,BPI,1310.4,11793.56,https://www.balticexchange.com/ (simulated demo series),synthetic_calibrated_demo
2024-11-05,BPI,1280.66,11525.91,https://www.balticexchange.com/ (simulated demo series),synthetic_calibrated_demo
2024-11-06,BPI,1270.13,11431.2,https://www.balticexchange.com/ (simulated demo series),synthetic_calibrated_demo
2024-11-07,BPI,1273.39,11460.54,https://www.balticexchange.com/ (simulated demo series),synthetic_calibrated_demo
2024-11-08,BPI,1322.29,11900.64,https://www.balticexchange.com/ (simulated demo series),synthetic_calibrated_demo
2024-11-11,BPI,1365.84,12292.56,https://www.balticexchange.com/ (simulated demo series),synthetic_calibrated_demo
2024-11-12,BPI,1356.98,12212.81,https://www.balticexchange.com/ (simulated demo series),synthetic_calibrated_demo
2024-11-13,BPI,1428.22,12853.96,https://www.balticexchange.com/ (simulated demo series),synthetic_calibrated_demo
2024-11-14,BPI,1437.8,12940.22,https://www.balticexchange.com/ (simulated demo series),synthetic_calibrated_demo
2024-11-15,BPI,1459.27,13133.39,https://www.balticexchange.com/ (simulated demo series),synthetic_calibrated_demo
2024-11-18,BPI,1406.56,12659.0,https://www.balticexchange.com/ (simulated demo series),synthetic_calibrated_demo
2024-11-19,BPI,1383.65,12452.89,https://www.balticexchange.com/ (simulated demo series),synthetic_calibrated_demo
2024-11-20,BPI,1383.36,12450.26,https://www.balticexchange.com/ (simulated demo series),synthetic_calibrated_demo
2024-11-21,BPI,1335.06,12015.55,https://www.balticexchange.com/ (simulated demo series),synthetic_calibrated_demo
2024-11-22,BPI,1340.03,12060.23,https://www.balticexchange.com/ (simulated demo series),synthetic_calibrated_demo
2024-11-25,BPI,1362.64,12263.78,https://www.balticexchange.com/ (simulated demo series),synthetic_calibrated_demo
2024-11-26,BPI,1321.39,11892.55,https://www.balticexchange.com/ (simulated demo series),synthetic_calibrated_demo
2024-11-27,BPI,1316.45,11848.02,https://www.balticexchange.com/ (simulated demo series),synthetic_calibrated_demo
2024-11-28,BPI,1347.73,12129.61,https://www.balticexchange.com/ (simulated demo series),synthetic_calibrated_demo
2024-11-29,BPI,1371.44,12342.92,https://www.balticexchange.com/ (simulated demo series),synthetic_calibrated_demo
2024-12-02,BPI,1418.02,12762.2,https://www.balticexchange.com/ (simulated demo series),synthetic_calibrated_demo
2024-12-03,BPI,1449.37,13044.3,https://www.balticexchange.com/ (simulated demo series),synthetic_calibrated_demo
2024-12-04,BPI,1467.68,13209.11,https://www.balticexchange.com/ (simulated demo series),synthetic_calibrated_demo
2024-12-05,BPI,1489.36,13404.28,https://www.balticexchange.com/ (simulated demo series),synthetic_calibrated_demo
2024-12-06,BPI,1533.52,13801.67,https://www.balticexchange.com/ (simulated demo series),synthetic_calibrated_demo
2024-12-09,BPI,1518.91,13670.19,https://www.balticexchange.com/ (simulated demo series),synthetic_calibrated_demo
2024-12-10,BPI,1573.16,14158.45,https://www.balticexchange.com/ (simulated demo series),synthetic_calibrated_demo
2024-12-11,BPI,1541.53,13873.75,https://www.balticexchange.com/ (simulated demo series),synthetic_calibrated_demo
2024-12-12,BPI,1539.57,13856.15,https://www.balticexchange.com/ (simulated demo series),synthetic_calibrated_demo
2024-12-13,BPI,1492.01,13428.11,https://www.balticexchange.com/ (simulated demo series),synthetic_calibrated_demo
2024-12-16,BPI,1494.77,13452.95,https://www.balticexchange.com/ (simulated demo series),synthetic_calibrated_demo
2024-12-17,BPI,1525.32,13727.89,https://www.balticexchange.com/ (simulated demo series),synthetic_calibrated_demo
2024-12-18,BPI,1499.79,13498.07,https://www.balticexchange.com/ (simulated demo series),synthetic_calibrated_demo
2024-12-19,BPI,1499.02,13491.18,https://www.balticexchange.com/ (simulated demo series),synthetic_calibrated_demo
2024-12-20,BPI,1480.4,13323.59,https://www.balticexchange.com/ (simulated demo series),synthetic_calibrated_demo
2024-12-23,BPI,1490.0,13409.98,https://www.balticexchange.com/ (simulated demo series),synthetic_calibrated_demo
2024-12-24,BPI,1444.43,12999.84,https://www.balticexchange.com/ (simulated demo series),synthetic_calibrated_demo
2024-12-25,BPI,1474.89,13274.04,https://www.balticexchange.com/ (simulated demo series),synthetic_calibrated_demo
2024-12-26,BPI,1489.45,13405.08,https://www.balticexchange.com/ (simulated demo series),synthetic_calibrated_demo
2024-12-27,BPI,1478.75,13308.72,https://www.balticexchange.com/ (simulated demo series),synthetic_calibrated_demo
2024-12-30,BPI,1527.3,13745.69,https://www.balticexchange.com/ (simulated demo series),synthetic_calibrated_demo
2024-12-31,BPI,1585.4,14268.6,https://www.balticexchange.com/ (simulated demo series),synthetic_calibrated_demo
2025-01-01,BPI,1577.23,14195.03,https://www.balticexchange.com/ (simulated demo series),synthetic_calibrated_demo
2025-01-02,BPI,1565.72,14091.51,https://www.balticexchange.com/ (simulated demo series),synthetic_calibrated_demo
2025-01-03,BPI,1587.54,14287.9,https://www.balticexchange.com/ (simulated demo series),synthetic_calibrated_demo
2025-01-06,BPI,1547.73,13929.54,https://www.balticexchange.com/ (simulated demo series),synthetic_calibrated_demo
2025-01-07,BPI,1541.41,13872.69,https://www.balticexchange.com/ (simulated demo series),synthetic_calibrated_demo
2025-01-08,BPI,1529.84,13768.56,https://www.balticexchange.com/ (simulated demo series),synthetic_calibrated_demo
2025-01-09,BPI,1493.99,13445.89,https://www.balticexchange.com/ (simulated demo series),synthetic_calibrated_demo
2025-01-10,BPI,1447.12,13024.09,https://www.balticexchange.com/ (simulated demo series),synthetic_calibrated_demo
2025-01-13,BPI,1565.4,14088.61,https://www.balticexchange.com/ (simulated demo series),synthetic_calibrated_demo
2025-01-14,BPI,1590.13,14311.16,https://www.balticexchange.com/ (simulated demo series),synthetic_calibrated_demo
2025-01-15,BPI,1601.07,14409.62,https://www.balticexchange.com/ (simulated demo series),synthetic_calibrated_demo
2025-01-16,BPI,1540.26,13862.36,https://www.balticexchange.com/ (simulated demo series),synthetic_calibrated_demo
2025-01-17,BPI,1512.62,13613.59,https://www.balticexchange.com/ (simulated demo series),synthetic_calibrated_demo
2025-01-20,BPI,1451.95,13067.51,https://www.balticexchange.com/ (simulated demo series),synthetic_calibrated_demo
2025-01-21,BPI,1505.74,13551.64,https://www.balticexchange.com/ (simulated demo series),synthetic_calibrated_demo
2025-01-22,BPI,1543.28,13889.54,https://www.balticexchange.com/ (simulated demo series),synthetic_calibrated_demo
2025-01-23,BPI,1492.85,13435.64,https://www.balticexchange.com/ (simulated demo series),synthetic_calibrated_demo
2025-01-24,BPI,1489.06,13401.5,https://www.balticexchange.com/ (simulated demo series),synthetic_calibrated_demo
2025-01-27,BPI,1502.95,13526.58,https://www.balticexchange.com/ (simulated demo series),synthetic_calibrated_demo
2025-01-28,BPI,1557.42,14016.74,https://www.balticexchange.com/ (simulated demo series),synthetic_calibrated_demo
2025-01-29,BPI,1529.74,13767.69,https://www.balticexchange.com/ (simulated demo series),synthetic_calibrated_demo
2025-01-30,BPI,1575.17,14176.5,https://www.balticexchange.com/ (simulated demo series),synthetic_calibrated_demo
2025-01-31,BPI,1559.99,14039.95,https://www.balticexchange.com/ (simulated demo series),synthetic_calibrated_demo
2025-02-03,BPI,1612.85,14515.68,https://www.balticexchange.com/ (simulated demo series),synthetic_calibrated_demo
2025-02-04,BPI,1572.68,14154.12,https://www.balticexchange.com/ (simulated demo series),synthetic_calibrated_demo
2025-02-05,BPI,1520.38,13683.45,https://www.balticexchange.com/ (simulated demo series),synthetic_calibrated_demo
2025-02-06,BPI,1556.44,14008.0,https://www.balticexchange.com/ (simulated demo series),synthetic_calibrated_demo
2025-02-07,BPI,1575.65,14180.81,https://www.balticexchange.com/ (simulated demo series),synthetic_calibrated_demo
2025-02-10,BPI,1586.84,14281.57,https://www.balticexchange.com/ (simulated demo series),synthetic_calibrated_demo
2025-02-11,BPI,1628.46,14656.18,https://www.balticexchange.com/ (simulated demo series),synthetic_calibrated_demo
2025-02-12,BPI,1634.77,14712.95,https://www.balticexchange.com/ (simulated demo series),synthetic_calibrated_demo
2025-02-13,BPI,1633.38,14700.45,https://www.balticexchange.com/ (simulated demo series),synthetic_calibrated_demo
2025-02-14,BPI,1565.33,14087.98,https://www.balticexchange.com/ (simulated demo series),synthetic_calibrated_demo
2025-02-17,BPI,1553.55,13981.99,https://www.balticexchange.com/ (simulated demo series),synthetic_calibrated_demo
2025-02-18,BPI,1543.38,13890.44,https://www.balticexchange.com/ (simulated demo series),synthetic_calibrated_demo
2025-02-19,BPI,1577.96,14201.66,https://www.balticexchange.com/ (simulated demo series),synthetic_calibrated_demo
2025-02-20,BPI,1560.07,14040.62,https://www.balticexchange.com/ (simulated demo series),synthetic_calibrated_demo
2025-02-21,BPI,1560.91,14048.21,https://www.balticexchange.com/ (simulated demo series),synthetic_calibrated_demo
2025-02-24,BPI,1581.9,14237.11,https://www.balticexchange.com/ (simulated demo series),synthetic_calibrated_demo
2025-02-25,BPI,1650.42,14853.78,https://www.balticexchange.com/ (simulated demo series),synthetic_calibrated_demo
2025-02-26,BPI,1698.56,15287.0,https://www.balticexchange.com/ (simulated demo series),synthetic_calibrated_demo
2025-02-27,BPI,1668.48,15016.34,https://www.balticexchange.com/ (simulated demo series),synthetic_calibrated_demo
2025-02-28,BPI,1722.4,15501.63,https://www.balticexchange.com/ (simulated demo series),synthetic_calibrated_demo
2025-03-03,BPI,1565.79,14092.15,https://www.balticexchange.com/ (simulated demo series),synthetic_calibrated_demo
2025-03-04,BPI,1597.48,14377.31,https://www.balticexchange.com/ (simulated demo series),synthetic_calibrated_demo
2025-03-05,BPI,1595.16,14356.47,https://www.balticexchange.com/ (simulated demo series),synthetic_calibrated_demo
2025-03-06,BPI,1604.07,14436.65,https://www.balticexchange.com/ (simulated demo series),synthetic_calibrated_demo
2025-03-07,BPI,1592.47,14332.22,https://www.balticexchange.com/ (simulated demo series),synthetic_calibrated_demo
2025-03-10,BPI,1671.93,15047.35,https://www.balticexchange.com/ (simulated demo series),synthetic_calibrated_demo
2025-03-11,BPI,1677.42,15096.74,https://www.balticexchange.com/ (simulated demo series),synthetic_calibrated_demo
2025-03-12,BPI,1648.8,14839.22,https://www.balticexchange.com/ (simulated demo series),synthetic_calibrated_demo
2025-03-13,BPI,1632.97,14696.74,https://www.balticexchange.com/ (simulated demo series),synthetic_calibrated_demo
2025-03-14,BPI,1662.71,14964.4,https://www.balticexchange.com/ (simulated demo series),synthetic_calibrated_demo
2025-03-17,BPI,1657.17,14914.52,https://www.balticexchange.com/ (simulated demo series),synthetic_calibrated_demo
2025-03-18,BPI,1657.54,14917.86,https://www.balticexchange.com/ (simulated demo series),synthetic_calibrated_demo
2025-03-19,BPI,1679.41,15114.72,https://www.balticexchange.com/ (simulated demo series),synthetic_calibrated_demo
2025-03-20,BPI,1715.53,15439.78,https://www.balticexchange.com/ (simulated demo series),synthetic_calibrated_demo
2025-03-21,BPI,1759.21,15832.91,https://www.balticexchange.com/ (simulated demo series),synthetic_calibrated_demo
2025-03-24,BPI,1737.97,15641.74,https://www.balticexchange.com/ (simulated demo series),synthetic_calibrated_demo
2025-03-25,BPI,1766.75,15900.71,https://www.balticexchange.com/ (simulated demo series),synthetic_calibrated_demo
2025-03-26,BPI,1759.95,15839.53,https://www.balticexchange.com/ (simulated demo series),synthetic_calibrated_demo
2025-03-27,BPI,1741.99,15677.87,https://www.balticexchange.com/ (simulated demo series),synthetic_calibrated_demo
2025-03-28,BPI,1794.67,16151.99,https://www.balticexchange.com/ (simulated demo series),synthetic_calibrated_demo
2025-03-31,BPI,1700.31,15302.82,https://www.balticexchange.com/ (simulated demo series),synthetic_calibrated_demo
2025-04-01,BPI,1740.89,15668.03,https://www.balticexchange.com/ (simulated demo series),synthetic_calibrated_demo
2025-04-02,BPI,1752.09,15768.82,https://www.balticexchange.com/ (simulated demo series),synthetic_calibrated_demo
2025-04-03,BPI,1823.76,16413.84,https://www.balticexchange.com/ (simulated demo series),synthetic_calibrated_demo
2025-04-04,BPI,1833.72,16503.46,https://www.balticexchange.com/ (simulated demo series),synthetic_calibrated_demo
2025-04-07,BPI,1970.9,17738.11,https://www.balticexchange.com/ (simulated demo series),synthetic_calibrated_demo
2025-04-08,BPI,2006.34,18057.05,https://www.balticexchange.com/ (simulated demo series),synthetic_calibrated_demo
2025-04-09,BPI,1957.89,17620.99,https://www.balticexchange.com/ (simulated demo series),synthetic_calibrated_demo
2025-04-10,BPI,1897.32,17075.92,https://www.balticexchange.com/ (simulated demo series),synthetic_calibrated_demo
2025-04-11,BPI,1950.35,17553.17,https://www.balticexchange.com/ (simulated demo series),synthetic_calibrated_demo
2025-04-14,BPI,1932.12,17389.1,https://www.balticexchange.com/ (simulated demo series),synthetic_calibrated_demo
2025-04-15,BPI,1968.92,17720.24,https://www.balticexchange.com/ (simulated demo series),synthetic_calibrated_demo
2025-04-16,BPI,2027.8,18250.16,https://www.balticexchange.com/ (simulated demo series),synthetic_calibrated_demo
2025-04-17,BPI,1995.74,17961.69,https://www.balticexchange.com/ (simulated demo series),synthetic_calibrated_demo
2025-04-18,BPI,2024.69,18222.21,https://www.balticexchange.com/ (simulated demo series),synthetic_calibrated_demo
2025-04-21,BPI,1825.0,16424.96,https://www.balticexchange.com/ (simulated demo series),synthetic_calibrated_demo
2025-04-22,BPI,1879.39,16914.55,https://www.balticexchange.com/ (simulated demo series),synthetic_calibrated_demo
2025-04-23,BPI,1874.7,16872.28,https://www.balticexchange.com/ (simulated demo series),synthetic_calibrated_demo
2025-04-24,BPI,1836.08,16524.72,https://www.balticexchange.com/ (simulated demo series),synthetic_calibrated_demo
2025-04-25,BPI,1813.08,16317.72,https://www.balticexchange.com/ (simulated demo series),synthetic_calibrated_demo
2025-04-28,BPI,1933.68,17403.08,https://www.balticexchange.com/ (simulated demo series),synthetic_calibrated_demo
2025-04-29,BPI,1970.84,17737.6,https://www.balticexchange.com/ (simulated demo series),synthetic_calibrated_demo
2025-04-30,BPI,2080.81,18727.33,https://www.balticexchange.com/ (simulated demo series),synthetic_calibrated_demo
2025-05-01,BPI,2103.39,18930.48,https://www.balticexchange.com/ (simulated demo series),synthetic_calibrated_demo
2025-05-02,BPI,2106.01,18954.05,https://www.balticexchange.com/ (simulated demo series),synthetic_calibrated_demo
2025-05-05,BPI,2103.95,18935.53,https://www.balticexchange.com/ (simulated demo series),synthetic_calibrated_demo
2025-05-06,BPI,2079.63,18716.68,https://www.balticexchange.com/ (simulated demo series),synthetic_calibrated_demo
2025-05-07,BPI,2019.53,18175.73,https://www.balticexchange.com/ (simulated demo series),synthetic_calibrated_demo
2025-05-08,BPI,2017.39,18156.55,https://www.balticexchange.com/ (simulated demo series),synthetic_calibrated_demo
2025-05-09,BPI,1989.12,17902.08,https://www.balticexchange.com/ (simulated demo series),synthetic_calibrated_demo
2025-05-12,BPI,1859.1,16731.88,https://www.balticexchange.com/ (simulated demo series),synthetic_calibrated_demo
2025-05-13,BPI,1908.71,17178.39,https://www.balticexchange.com/ (simulated demo series),synthetic_calibrated_demo
2025-05-14,BPI,1903.19,17128.7,https://www.balticexchange.com/ (simulated demo series),synthetic_calibrated_demo
2025-05-15,BPI,1898.54,17086.82,https://www.balticexchange.com/ (simulated demo series),synthetic_calibrated_demo
2025-05-16,BPI,1918.51,17266.62,https://www.balticexchange.com/ (simulated demo series),synthetic_calibrated_demo
2025-05-19,BPI,1985.81,17872.25,https://www.balticexchange.com/ (simulated demo series),synthetic_calibrated_demo
2025-05-20,BPI,1971.65,17744.86,https://www.balticexchange.com/ (simulated demo series),synthetic_calibrated_demo
2025-05-21,BPI,1944.14,17497.28,https://www.balticexchange.com/ (simulated demo series),synthetic_calibrated_demo
2025-05-22,BPI,1978.5,17806.46,https://www.balticexchange.com/ (simulated demo series),synthetic_calibrated_demo
2025-05-23,BPI,1924.02,17316.18,https://www.balticexchange.com/ (simulated demo series),synthetic_calibrated_demo
2025-05-26,BPI,1838.54,16546.88,https://www.balticexchange.com/ (simulated demo series),synthetic_calibrated_demo
2025-05-27,BPI,1850.06,16650.56,https://www.balticexchange.com/ (simulated demo series),synthetic_calibrated_demo
2025-05-28,BPI,1821.91,16397.17,https://www.balticexchange.com/ (simulated demo series),synthetic_calibrated_demo
2025-05-29,BPI,1831.83,16486.43,https://www.balticexchange.com/ (simulated demo series),synthetic_calibrated_demo
2025-05-30,BPI,1824.69,16422.25,https://www.balticexchange.com/ (simulated demo series),synthetic_calibrated_demo
2025-06-02,BPI,1847.36,16626.27,https://www.balticexchange.com/ (simulated demo series),synthetic_calibrated_demo
2025-06-03,BPI,1827.2,16444.77,https://www.balticexchange.com/ (simulated demo series),synthetic_calibrated_demo
2025-06-04,BPI,1787.68,16089.1,https://www.balticexchange.com/ (simulated demo series),synthetic_calibrated_demo
2025-06-05,BPI,1715.03,15435.25,https://www.balticexchange.com/ (simulated demo series),synthetic_calibrated_demo
2025-06-06,BPI,1676.3,15086.72,https://www.balticexchange.com/ (simulated demo series),synthetic_calibrated_demo
2025-06-09,BPI,1676.3,15086.66,https://www.balticexchange.com/ (simulated demo series),synthetic_calibrated_demo
2025-06-10,BPI,1712.5,15412.47,https://www.balticexchange.com/ (simulated demo series),synthetic_calibrated_demo
2025-06-11,BPI,1747.81,15730.28,https://www.balticexchange.com/ (simulated demo series),synthetic_calibrated_demo
2025-06-12,BPI,1717.23,15455.04,https://www.balticexchange.com/ (simulated demo series),synthetic_calibrated_demo
2025-06-13,BPI,1696.23,15266.04,https://www.balticexchange.com/ (simulated demo series),synthetic_calibrated_demo
2025-06-16,BPI,1649.74,14847.62,https://www.balticexchange.com/ (simulated demo series),synthetic_calibrated_demo
2025-06-17,BPI,1632.01,14688.08,https://www.balticexchange.com/ (simulated demo series),synthetic_calibrated_demo
2025-06-18,BPI,1626.05,14634.43,https://www.balticexchange.com/ (simulated demo series),synthetic_calibrated_demo
2025-06-19,BPI,1615.38,14538.43,https://www.balticexchange.com/ (simulated demo series),synthetic_calibrated_demo
2025-06-20,BPI,1625.95,14633.52,https://www.balticexchange.com/ (simulated demo series),synthetic_calibrated_demo
2025-06-23,BPI,1737.06,15633.57,https://www.balticexchange.com/ (simulated demo series),synthetic_calibrated_demo
2025-06-24,BPI,1740.39,15663.52,https://www.balticexchange.com/ (simulated demo series),synthetic_calibrated_demo
2025-06-25,BPI,1724.73,15522.61,https://www.balticexchange.com/ (simulated demo series),synthetic_calibrated_demo
2025-06-26,BPI,1724.23,15518.06,https://www.balticexchange.com/ (simulated demo series),synthetic_calibrated_demo
2025-06-27,BPI,1673.14,15058.27,https://www.balticexchange.com/ (simulated demo series),synthetic_calibrated_demo
2025-06-30,BPI,1696.83,15271.46,https://www.balticexchange.com/ (simulated demo series),synthetic_calibrated_demo
2025-07-01,BPI,1614.53,14530.76,https://www.balticexchange.com/ (simulated demo series),synthetic_calibrated_demo
2025-07-02,BPI,1588.93,14300.4,https://www.balticexchange.com/ (simulated demo series),synthetic_calibrated_demo
2025-07-03,BPI,1559.75,14037.77,https://www.balticexchange.com/ (simulated demo series),synthetic_calibrated_demo
2025-07-04,BPI,1564.0,14076.03,https://www.balticexchange.com/ (simulated demo series),synthetic_calibrated_demo
2025-07-07,BPI,1512.83,13615.51,https://www.balticexchange.com/ (simulated demo series),synthetic_calibrated_demo
2025-07-08,BPI,1493.11,13437.97,https://www.balticexchange.com/ (simulated demo series),synthetic_calibrated_demo
2025-07-09,BPI,1403.95,12635.53,https://www.balticexchange.com/ (simulated demo series),synthetic_calibrated_demo
2025-07-10,BPI,1364.05,12276.49,https://www.balticexchange.com/ (simulated demo series),synthetic_calibrated_demo
2025-07-11,BPI,1405.9,12653.08,https://www.balticexchange.com/ (simulated demo series),synthetic_calibrated_demo
2025-07-14,BPI,1471.73,13245.57,https://www.balticexchange.com/ (simulated demo series),synthetic_calibrated_demo
2025-07-15,BPI,1430.17,12871.55,https://www.balticexchange.com/ (simulated demo series),synthetic_calibrated_demo
2025-07-16,BPI,1443.79,12994.09,https://www.balticexchange.com/ (simulated demo series),synthetic_calibrated_demo
2025-07-17,BPI,1511.53,13603.76,https://www.balticexchange.com/ (simulated demo series),synthetic_calibrated_demo
2025-07-18,BPI,1516.04,13644.36,https://www.balticexchange.com/ (simulated demo series),synthetic_calibrated_demo
2025-07-21,BPI,1539.89,13859.04,https://www.balticexchange.com/ (simulated demo series),synthetic_calibrated_demo
2025-07-22,BPI,1559.17,14032.51,https://www.balticexchange.com/ (simulated demo series),synthetic_calibrated_demo
2025-07-23,BPI,1566.52,14098.64,https://www.balticexchange.com/ (simulated demo series),synthetic_calibrated_demo
2025-07-24,BPI,1668.11,15013.01,https://www.balticexchange.com/ (simulated demo series),synthetic_calibrated_demo
2025-07-25,BPI,1664.21,14977.93,https://www.balticexchange.com/ (simulated demo series),synthetic_calibrated_demo
2025-07-28,BPI,1623.0,14606.99,https://www.balticexchange.com/ (simulated demo series),synthetic_calibrated_demo
2025-07-29,BPI,1655.38,14898.4,https://www.balticexchange.com/ (simulated demo series),synthetic_calibrated_demo
2025-07-30,BPI,1620.6,14585.39,https://www.balticexchange.com/ (simulated demo series),synthetic_calibrated_demo
2025-07-31,BPI,1559.34,14034.04,https://www.balticexchange.com/ (simulated demo series),synthetic_calibrated_demo
2025-08-01,BPI,1544.84,13903.52,https://www.balticexchange.com/ (simulated demo series),synthetic_calibrated_demo
2025-08-04,BPI,1563.73,14073.61,https://www.balticexchange.com/ (simulated demo series),synthetic_calibrated_demo
2025-08-05,BPI,1574.0,14166.0,https://www.balticexchange.com/ (simulated demo series),synthetic_calibrated_demo
2025-08-06,BPI,1572.4,14151.57,https://www.balticexchange.com/ (simulated demo series),synthetic_calibrated_demo
2025-08-07,BPI,1502.84,13525.54,https://www.balticexchange.com/ (simulated demo series),synthetic_calibrated_demo
2025-08-08,BPI,1477.45,13297.07,https://www.balticexchange.com/ (simulated demo series),synthetic_calibrated_demo
2025-08-11,BPI,1416.84,12751.54,https://www.balticexchange.com/ (simulated demo series),synthetic_calibrated_demo
2025-08-12,BPI,1432.18,12889.64,https://www.balticexchange.com/ (simulated demo series),synthetic_calibrated_demo
2025-08-13,BPI,1476.57,13289.11,https://www.balticexchange.com/ (simulated demo series),synthetic_calibrated_demo
2025-08-14,BPI,1466.25,13196.21,https://www.balticexchange.com/ (simulated demo series),synthetic_calibrated_demo
2025-08-15,BPI,1471.91,13247.17,https://www.balticexchange.com/ (simulated demo series),synthetic_calibrated_demo
2025-08-18,BPI,1502.14,13519.29,https://www.balticexchange.com/ (simulated demo series),synthetic_calibrated_demo
2025-08-19,BPI,1488.68,13398.13,https://www.balticexchange.com/ (simulated demo series),synthetic_calibrated_demo
2025-08-20,BPI,1498.93,13490.37,https://www.balticexchange.com/ (simulated demo series),synthetic_calibrated_demo
2025-08-21,BPI,1514.3,13628.69,https://www.balticexchange.com/ (simulated demo series),synthetic_calibrated_demo
2025-08-22,BPI,1522.32,13700.91,https://www.balticexchange.com/ (simulated demo series),synthetic_calibrated_demo
2025-08-25,BPI,1565.91,14093.23,https://www.balticexchange.com/ (simulated demo series),synthetic_calibrated_demo
2025-08-26,BPI,1589.85,14308.63,https://www.balticexchange.com/ (simulated demo series),synthetic_calibrated_demo
2025-08-27,BPI,1545.0,13905.0,https://www.balticexchange.com/ (simulated demo series),synthetic_calibrated_demo
2025-08-28,BPI,1522.99,13706.95,https://www.balticexchange.com/ (simulated demo series),synthetic_calibrated_demo
2025-08-29,BPI,1499.2,13492.76,https://www.balticexchange.com/ (simulated demo series),synthetic_calibrated_demo
2025-09-01,BPI,1437.37,12936.33,https://www.balticexchange.com/ (simulated demo series),synthetic_calibrated_demo
2025-09-02,BPI,1418.83,12769.48,https://www.balticexchange.com/ (simulated demo series),synthetic_calibrated_demo
2025-09-03,BPI,1464.91,13184.23,https://www.balticexchange.com/ (simulated demo series),synthetic_calibrated_demo
2025-09-04,BPI,1461.61,13154.46,https://www.balticexchange.com/ (simulated demo series),synthetic_calibrated_demo
2025-09-05,BPI,1464.18,13177.6,https://www.balticexchange.com/ (simulated demo series),synthetic_calibrated_demo
2025-09-08,BPI,1412.2,12709.82,https://www.balticexchange.com/ (simulated demo series),synthetic_calibrated_demo
2025-09-09,BPI,1460.81,13147.28,https://www.balticexchange.com/ (simulated demo series),synthetic_calibrated_demo
2025-09-10,BPI,1415.69,12741.23,https://www.balticexchange.com/ (simulated demo series),synthetic_calibrated_demo
2025-09-11,BPI,1406.25,12656.26,https://www.balticexchange.com/ (simulated demo series),synthetic_calibrated_demo
2025-09-12,BPI,1382.74,12444.69,https://www.balticexchange.com/ (simulated demo series),synthetic_calibrated_demo
2025-09-15,BPI,1435.29,12917.58,https://www.balticexchange.com/ (simulated demo series),synthetic_calibrated_demo
2025-09-16,BPI,1445.88,13012.92,https://www.balticexchange.com/ (simulated demo series),synthetic_calibrated_demo
2025-09-17,BPI,1459.28,13133.51,https://www.balticexchange.com/ (simulated demo series),synthetic_calibrated_demo
2025-09-18,BPI,1427.01,12843.07,https://www.balticexchange.com/ (simulated demo series),synthetic_calibrated_demo
2025-09-19,BPI,1479.56,13316.05,https://www.balticexchange.com/ (simulated demo series),synthetic_calibrated_demo
2025-09-22,BPI,1551.58,13964.24,https://www.balticexchange.com/ (simulated demo series),synthetic_calibrated_demo
2025-09-23,BPI,1527.22,13745.0,https://www.balticexchange.com/ (simulated demo series),synthetic_calibrated_demo
2025-09-24,BPI,1468.66,13217.98,https://www.balticexchange.com/ (simulated demo series),synthetic_calibrated_demo
2025-09-25,BPI,1482.84,13345.52,https://www.balticexchange.com/ (simulated demo series),synthetic_calibrated_demo
2025-09-26,BPI,1512.13,13609.17,https://www.balticexchange.com/ (simulated demo series),synthetic_calibrated_demo
2025-09-29,BPI,1584.05,14256.44,https://www.balticexchange.com/ (simulated demo series),synthetic_calibrated_demo
2025-09-30,BPI,1595.86,14362.7,https://www.balticexchange.com/ (simulated demo series),synthetic_calibrated_demo
2025-10-01,BPI,1608.19,14473.69,https://www.balticexchange.com/ (simulated demo series),synthetic_calibrated_demo
2025-10-02,BPI,1603.86,14434.71,https://www.balticexchange.com/ (simulated demo series),synthetic_calibrated_demo
2025-10-03,BPI,1608.6,14477.38,https://www.balticexchange.com/ (simulated demo series),synthetic_calibrated_demo
2025-10-06,BPI,1592.61,14333.49,https://www.balticexchange.com/ (simulated demo series),synthetic_calibrated_demo
2025-10-07,BPI,1570.98,14138.84,https://www.balticexchange.com/ (simulated demo series),synthetic_calibrated_demo
2025-10-08,BPI,1532.73,13794.58,https://www.balticexchange.com/ (simulated demo series),synthetic_calibrated_demo
2025-10-09,BPI,1541.97,13877.76,https://www.balticexchange.com/ (simulated demo series),synthetic_calibrated_demo
2025-10-10,BPI,1540.82,13867.37,https://www.balticexchange.com/ (simulated demo series),synthetic_calibrated_demo
2025-10-13,BPI,1440.83,12967.44,https://www.balticexchange.com/ (simulated demo series),synthetic_calibrated_demo
2025-10-14,BPI,1442.91,12986.15,https://www.balticexchange.com/ (simulated demo series),synthetic_calibrated_demo
2025-10-15,BPI,1424.06,12816.53,https://www.balticexchange.com/ (simulated demo series),synthetic_calibrated_demo
2025-10-16,BPI,1436.68,12930.15,https://www.balticexchange.com/ (simulated demo series),synthetic_calibrated_demo
2025-10-17,BPI,1401.94,12617.43,https://www.balticexchange.com/ (simulated demo series),synthetic_calibrated_demo
2025-10-20,BPI,1307.59,11768.29,https://www.balticexchange.com/ (simulated demo series),synthetic_calibrated_demo
2025-10-21,BPI,1321.2,11890.82,https://www.balticexchange.com/ (simulated demo series),synthetic_calibrated_demo
2025-10-22,BPI,1310.07,11790.65,https://www.balticexchange.com/ (simulated demo series),synthetic_calibrated_demo
2025-10-23,BPI,1318.19,11863.71,https://www.balticexchange.com/ (simulated demo series),synthetic_calibrated_demo
2025-10-24,BPI,1308.34,11775.02,https://www.balticexchange.com/ (simulated demo series),synthetic_calibrated_demo
2025-10-27,BPI,1212.46,10912.15,https://www.balticexchange.com/ (simulated demo series),synthetic_calibrated_demo
2025-10-28,BPI,1251.61,11264.51,https://www.balticexchange.com/ (simulated demo series),synthetic_calibrated_demo
2025-10-29,BPI,1294.52,11650.68,https://www.balticexchange.com/ (simulated demo series),synthetic_calibrated_demo
2025-10-30,BPI,1288.87,11599.8,https://www.balticexchange.com/ (simulated demo series),synthetic_calibrated_demo
2025-10-31,BPI,1324.44,11919.98,https://www.balticexchange.com/ (simulated demo series),synthetic_calibrated_demo
2025-11-03,BPI,1204.13,10837.19,https://www.balticexchange.com/ (simulated demo series),synthetic_calibrated_demo
2025-11-04,BPI,1178.31,10604.81,https://www.balticexchange.com/ (simulated demo series),synthetic_calibrated_demo
2025-11-05,BPI,1164.09,10476.77,https://www.balticexchange.com/ (simulated demo series),synthetic_calibrated_demo
2025-11-06,BPI,1174.71,10572.36,https://www.balticexchange.com/ (simulated demo series),synthetic_calibrated_demo
2025-11-07,BPI,1196.07,10764.61,https://www.balticexchange.com/ (simulated demo series),synthetic_calibrated_demo
2025-11-10,BPI,1103.99,9935.93,https://www.balticexchange.com/ (simulated demo series),synthetic_calibrated_demo
2025-11-11,BPI,1111.25,10001.29,https://www.balticexchange.com/ (simulated demo series),synthetic_calibrated_demo
2025-11-12,BPI,1153.62,10382.59,https://www.balticexchange.com/ (simulated demo series),synthetic_calibrated_demo
2025-11-13,BPI,1170.27,10532.43,https://www.balticexchange.com/ (simulated demo series),synthetic_calibrated_demo
2025-11-14,BPI,1158.32,10424.87,https://www.balticexchange.com/ (simulated demo series),synthetic_calibrated_demo
2025-11-17,BPI,1231.7,11085.32,https://www.balticexchange.com/ (simulated demo series),synthetic_calibrated_demo
2025-11-18,BPI,1237.14,11134.26,https://www.balticexchange.com/ (simulated demo series),synthetic_calibrated_demo
2025-11-19,BPI,1243.72,11193.52,https://www.balticexchange.com/ (simulated demo series),synthetic_calibrated_demo
2025-11-20,BPI,1244.34,11199.02,https://www.balticexchange.com/ (simulated demo series),synthetic_calibrated_demo
2025-11-21,BPI,1295.2,11656.78,https://www.balticexchange.com/ (simulated demo series),synthetic_calibrated_demo
2025-11-24,BPI,1206.26,10856.32,https://www.balticexchange.com/ (simulated demo series),synthetic_calibrated_demo
2025-11-25,BPI,1281.21,11530.85,https://www.balticexchange.com/ (simulated demo series),synthetic_calibrated_demo
2025-11-26,BPI,1291.14,11620.27,https://www.balticexchange.com/ (simulated demo series),synthetic_calibrated_demo
2025-11-27,BPI,1313.95,11825.58,https://www.balticexchange.com/ (simulated demo series),synthetic_calibrated_demo
2025-11-28,BPI,1294.55,11650.94,https://www.balticexchange.com/ (simulated demo series),synthetic_calibrated_demo
2025-12-01,BPI,1472.97,13256.72,https://www.balticexchange.com/ (simulated demo series),synthetic_calibrated_demo
2025-12-02,BPI,1456.98,13112.85,https://www.balticexchange.com/ (simulated demo series),synthetic_calibrated_demo
2025-12-03,BPI,1422.73,12804.59,https://www.balticexchange.com/ (simulated demo series),synthetic_calibrated_demo
2025-12-04,BPI,1428.7,12858.26,https://www.balticexchange.com/ (simulated demo series),synthetic_calibrated_demo
2025-12-05,BPI,1437.18,12934.63,https://www.balticexchange.com/ (simulated demo series),synthetic_calibrated_demo
2025-12-08,BPI,1461.1,13149.92,https://www.balticexchange.com/ (simulated demo series),synthetic_calibrated_demo
2025-12-09,BPI,1425.33,12827.93,https://www.balticexchange.com/ (simulated demo series),synthetic_calibrated_demo
2025-12-10,BPI,1463.06,13167.56,https://www.balticexchange.com/ (simulated demo series),synthetic_calibrated_demo
2025-12-11,BPI,1398.07,12582.67,https://www.balticexchange.com/ (simulated demo series),synthetic_calibrated_demo
2025-12-12,BPI,1457.04,13113.34,https://www.balticexchange.com/ (simulated demo series),synthetic_calibrated_demo
2025-12-15,BPI,1548.53,13936.78,https://www.balticexchange.com/ (simulated demo series),synthetic_calibrated_demo
2025-12-16,BPI,1519.66,13676.96,https://www.balticexchange.com/ (simulated demo series),synthetic_calibrated_demo
2025-12-17,BPI,1492.16,13429.44,https://www.balticexchange.com/ (simulated demo series),synthetic_calibrated_demo
2025-12-18,BPI,1534.63,13811.65,https://www.balticexchange.com/ (simulated demo series),synthetic_calibrated_demo
2025-12-19,BPI,1473.43,13260.86,https://www.balticexchange.com/ (simulated demo series),synthetic_calibrated_demo
2025-12-22,BPI,1479.53,13315.74,https://www.balticexchange.com/ (simulated demo series),synthetic_calibrated_demo
2025-12-23,BPI,1411.06,12699.54,https://www.balticexchange.com/ (simulated demo series),synthetic_calibrated_demo
2025-12-24,BPI,1380.98,12428.79,https://www.balticexchange.com/ (simulated demo series),synthetic_calibrated_demo
2025-12-25,BPI,1333.57,12002.16,https://www.balticexchange.com/ (simulated demo series),synthetic_calibrated_demo
2025-12-26,BPI,1323.91,11915.16,https://www.balticexchange.com/ (simulated demo series),synthetic_calibrated_demo
2025-12-29,BPI,1399.34,12594.06,https://www.balticexchange.com/ (simulated demo series),synthetic_calibrated_demo
2025-12-30,BPI,1414.38,12729.39,https://www.balticexchange.com/ (simulated demo series),synthetic_calibrated_demo
2025-12-31,BPI,1459.05,13131.47,https://www.balticexchange.com/ (simulated demo series),synthetic_calibrated_demo
2026-01-01,BPI,1470.55,13234.99,https://www.balticexchange.com/ (simulated demo series),synthetic_calibrated_demo
2026-01-02,BPI,1446.15,13015.33,https://www.balticexchange.com/ (simulated demo series),synthetic_calibrated_demo
2026-01-05,BPI,1591.62,14324.57,https://www.balticexchange.com/ (simulated demo series),synthetic_calibrated_demo
2026-01-06,BPI,1529.51,13765.59,https://www.balticexchange.com/ (simulated demo series),synthetic_calibrated_demo
2026-01-07,BPI,1557.18,14014.62,https://www.balticexchange.com/ (simulated demo series),synthetic_calibrated_demo
2026-01-08,BPI,1576.74,14190.63,https://www.balticexchange.com/ (simulated demo series),synthetic_calibrated_demo
2026-01-09,BPI,1613.07,14517.59,https://www.balticexchange.com/ (simulated demo series),synthetic_calibrated_demo
2026-01-12,BPI,1533.74,13803.68,https://www.balticexchange.com/ (simulated demo series),synthetic_calibrated_demo
2026-01-13,BPI,1507.21,13564.93,https://www.balticexchange.com/ (simulated demo series),synthetic_calibrated_demo
2026-01-14,BPI,1527.58,13748.21,https://www.balticexchange.com/ (simulated demo series),synthetic_calibrated_demo
2026-01-15,BPI,1515.77,13641.92,https://www.balticexchange.com/ (simulated demo series),synthetic_calibrated_demo
2026-01-16,BPI,1539.62,13856.55,https://www.balticexchange.com/ (simulated demo series),synthetic_calibrated_demo
2026-01-19,BPI,1525.62,13730.57,https://www.balticexchange.com/ (simulated demo series),synthetic_calibrated_demo
2026-01-20,BPI,1520.48,13684.32,https://www.balticexchange.com/ (simulated demo series),synthetic_calibrated_demo
2026-01-21,BPI,1477.95,13301.57,https://www.balticexchange.com/ (simulated demo series),synthetic_calibrated_demo
2026-01-22,BPI,1495.32,13457.88,https://www.balticexchange.com/ (simulated demo series),synthetic_calibrated_demo
2026-01-23,BPI,1513.54,13621.88,https://www.balticexchange.com/ (simulated demo series),synthetic_calibrated_demo
2026-01-26,BPI,1510.64,13595.8,https://www.balticexchange.com/ (simulated demo series),synthetic_calibrated_demo
2026-01-27,BPI,1556.3,14006.69,https://www.balticexchange.com/ (simulated demo series),synthetic_calibrated_demo
2026-01-28,BPI,1513.66,13622.95,https://www.balticexchange.com/ (simulated demo series),synthetic_calibrated_demo
2026-01-29,BPI,1499.7,13497.29,https://www.balticexchange.com/ (simulated demo series),synthetic_calibrated_demo
2026-01-30,BPI,1512.44,13611.97,https://www.balticexchange.com/ (simulated demo series),synthetic_calibrated_demo
2026-02-02,BPI,1465.79,13192.14,https://www.balticexchange.com/ (simulated demo series),synthetic_calibrated_demo
2026-02-03,BPI,1389.41,12504.67,https://www.balticexchange.com/ (simulated demo series),synthetic_calibrated_demo
2026-02-04,BPI,1416.65,12749.81,https://www.balticexchange.com/ (simulated demo series),synthetic_calibrated_demo
2026-02-05,BPI,1473.2,13258.84,https://www.balticexchange.com/ (simulated demo series),synthetic_calibrated_demo
2026-02-06,BPI,1497.37,13476.29,https://www.balticexchange.com/ (simulated demo series),synthetic_calibrated_demo
2026-02-09,BPI,1532.69,13794.25,https://www.balticexchange.com/ (simulated demo series),synthetic_calibrated_demo
2026-02-10,BPI,1582.61,14243.48,https://www.balticexchange.com/ (simulated demo series),synthetic_calibrated_demo
2026-02-11,BPI,1639.47,14755.24,https://www.balticexchange.com/ (simulated demo series),synthetic_calibrated_demo
2026-02-12,BPI,1611.23,14501.04,https://www.balticexchange.com/ (simulated demo series),synthetic_calibrated_demo
2026-02-13,BPI,1632.48,14692.3,https://www.balticexchange.com/ (simulated demo series),synthetic_calibrated_demo
2026-02-16,BPI,1670.8,15037.22,https://www.balticexchange.com/ (simulated demo series),synthetic_calibrated_demo
2026-02-17,BPI,1593.47,14341.19,https://www.balticexchange.com/ (simulated demo series),synthetic_calibrated_demo
2026-02-18,BPI,1611.17,14500.53,https://www.balticexchange.com/ (simulated demo series),synthetic_calibrated_demo
2026-02-19,BPI,1584.55,14260.98,https://www.balticexchange.com/ (simulated demo series),synthetic_calibrated_demo
2026-02-20,BPI,1605.01,14445.07,https://www.balticexchange.com/ (simulated demo series),synthetic_calibrated_demo
2026-02-23,BPI,1662.04,14958.37,https://www.balticexchange.com/ (simulated demo series),synthetic_calibrated_demo
2026-02-24,BPI,1649.89,14849.04,https://www.balticexchange.com/ (simulated demo series),synthetic_calibrated_demo
2026-02-25,BPI,1715.31,15437.78,https://www.balticexchange.com/ (simulated demo series),synthetic_calibrated_demo
2026-02-26,BPI,1719.03,15471.25,https://www.balticexchange.com/ (simulated demo series),synthetic_calibrated_demo
2026-02-27,BPI,1678.49,15106.43,https://www.balticexchange.com/ (simulated demo series),synthetic_calibrated_demo
2026-03-02,BPI,1736.76,15630.84,https://www.balticexchange.com/ (simulated demo series),synthetic_calibrated_demo
2026-03-03,BPI,1727.15,15544.32,https://www.balticexchange.com/ (simulated demo series),synthetic_calibrated_demo
2026-03-04,BPI,1787.69,16089.17,https://www.balticexchange.com/ (simulated demo series),synthetic_calibrated_demo
2026-03-05,BPI,1768.8,15919.22,https://www.balticexchange.com/ (simulated demo series),synthetic_calibrated_demo
2026-03-06,BPI,1799.08,16191.75,https://www.balticexchange.com/ (simulated demo series),synthetic_calibrated_demo
2026-03-09,BPI,1668.56,15017.08,https://www.balticexchange.com/ (simulated demo series),synthetic_calibrated_demo
2026-03-10,BPI,1709.31,15383.78,https://www.balticexchange.com/ (simulated demo series),synthetic_calibrated_demo
2026-03-11,BPI,1757.58,15818.2,https://www.balticexchange.com/ (simulated demo series),synthetic_calibrated_demo
2026-03-12,BPI,1801.41,16212.65,https://www.balticexchange.com/ (simulated demo series),synthetic_calibrated_demo
2026-03-13,BPI,1748.45,15736.05,https://www.balticexchange.com/ (simulated demo series),synthetic_calibrated_demo
2026-03-16,BPI,1629.87,14668.81,https://www.balticexchange.com/ (simulated demo series),synthetic_calibrated_demo
2026-03-17,BPI,1646.71,14820.42,https://www.balticexchange.com/ (simulated demo series),synthetic_calibrated_demo
2026-03-18,BPI,1687.36,15186.21,https://www.balticexchange.com/ (simulated demo series),synthetic_calibrated_demo
2026-03-19,BPI,1672.51,15052.55,https://www.balticexchange.com/ (simulated demo series),synthetic_calibrated_demo
2026-03-20,BPI,1702.37,15321.32,https://www.balticexchange.com/ (simulated demo series),synthetic_calibrated_demo
2026-03-23,BPI,1604.55,14440.92,https://www.balticexchange.com/ (simulated demo series),synthetic_calibrated_demo
2026-03-24,BPI,1596.35,14367.13,https://www.balticexchange.com/ (simulated demo series),synthetic_calibrated_demo
2026-03-25,BPI,1621.24,14591.19,https://www.balticexchange.com/ (simulated demo series),synthetic_calibrated_demo
2026-03-26,BPI,1638.54,14746.87,https://www.balticexchange.com/ (simulated demo series),synthetic_calibrated_demo
2026-03-27,BPI,1561.85,14056.69,https://www.balticexchange.com/ (simulated demo series),synthetic_calibrated_demo
2026-03-30,BPI,1650.37,14853.29,https://www.balticexchange.com/ (simulated demo series),synthetic_calibrated_demo
2026-03-31,BPI,1676.39,15087.5,https://www.balticexchange.com/ (simulated demo series),synthetic_calibrated_demo
2026-04-01,BPI,1614.8,14533.24,https://www.balticexchange.com/ (simulated demo series),synthetic_calibrated_demo
2026-04-02,BPI,1651.34,14862.02,https://www.balticexchange.com/ (simulated demo series),synthetic_calibrated_demo
2026-04-03,BPI,1606.01,14454.06,https://www.balticexchange.com/ (simulated demo series),synthetic_calibrated_demo
2026-04-06,BPI,1536.78,13831.04,https://www.balticexchange.com/ (simulated demo series),synthetic_calibrated_demo
2026-04-07,BPI,1613.25,14519.25,https://www.balticexchange.com/ (simulated demo series),synthetic_calibrated_demo
2026-04-08,BPI,1637.38,14736.43,https://www.balticexchange.com/ (simulated demo series),synthetic_calibrated_demo
2026-04-09,BPI,1661.85,14956.68,https://www.balticexchange.com/ (simulated demo series),synthetic_calibrated_demo
2026-04-10,BPI,1658.77,14928.9,https://www.balticexchange.com/ (simulated demo series),synthetic_calibrated_demo
2026-04-13,BPI,1632.4,14691.59,https://www.balticexchange.com/ (simulated demo series),synthetic_calibrated_demo
2026-04-14,BPI,1609.19,14482.75,https://www.balticexchange.com/ (simulated demo series),synthetic_calibrated_demo
2026-04-15,BPI,1587.91,14291.15,https://www.balticexchange.com/ (simulated demo series),synthetic_calibrated_demo
2026-04-16,BPI,1617.2,14554.81,https://www.balticexchange.com/ (simulated demo series),synthetic_calibrated_demo
2026-04-17,BPI,1597.99,14381.89,https://www.balticexchange.com/ (simulated demo series),synthetic_calibrated_demo
2026-04-20,BPI,1542.65,13883.83,https://www.balticexchange.com/ (simulated demo series),synthetic_calibrated_demo
2026-04-21,BPI,1583.47,14251.23,https://www.balticexchange.com/ (simulated demo series),synthetic_calibrated_demo
2026-04-22,BPI,1604.82,14443.39,https://www.balticexchange.com/ (simulated demo series),synthetic_calibrated_demo
2026-04-23,BPI,1696.63,15269.68,https://www.balticexchange.com/ (simulated demo series),synthetic_calibrated_demo
2026-04-24,BPI,1722.28,15500.56,https://www.balticexchange.com/ (simulated demo series),synthetic_calibrated_demo
2026-04-27,BPI,1745.59,15710.3,https://www.balticexchange.com/ (simulated demo series),synthetic_calibrated_demo
2026-04-28,BPI,1775.03,15975.24,https://www.balticexchange.com/ (simulated demo series),synthetic_calibrated_demo
2026-04-29,BPI,1769.85,15928.62,https://www.balticexchange.com/ (simulated demo series),synthetic_calibrated_demo
2026-04-30,BPI,1747.42,15726.79,https://www.balticexchange.com/ (simulated demo series),synthetic_calibrated_demo
2026-05-01,BPI,1712.9,15416.13,https://www.balticexchange.com/ (simulated demo series),synthetic_calibrated_demo
2026-05-04,BPI,1813.42,16320.81,https://www.balticexchange.com/ (simulated demo series),synthetic_calibrated_demo
2026-05-05,BPI,1781.65,16034.82,https://www.balticexchange.com/ (simulated demo series),synthetic_calibrated_demo
2026-05-06,BPI,1830.27,16472.44,https://www.balticexchange.com/ (simulated demo series),synthetic_calibrated_demo
2026-05-07,BPI,1833.13,16498.2,https://www.balticexchange.com/ (simulated demo series),synthetic_calibrated_demo
2026-05-08,BPI,1787.03,16083.29,https://www.balticexchange.com/ (simulated demo series),synthetic_calibrated_demo
2026-05-11,BPI,1868.74,16818.65,https://www.balticexchange.com/ (simulated demo series),synthetic_calibrated_demo
2026-05-12,BPI,1909.52,17185.71,https://www.balticexchange.com/ (simulated demo series),synthetic_calibrated_demo
2026-05-13,BPI,1965.17,17686.5,https://www.balticexchange.com/ (simulated demo series),synthetic_calibrated_demo
2026-05-14,BPI,1994.88,17953.91,https://www.balticexchange.com/ (simulated demo series),synthetic_calibrated_demo
2026-05-15,BPI,1956.94,17612.46,https://www.balticexchange.com/ (simulated demo series),synthetic_calibrated_demo
2026-05-18,BPI,2006.06,18054.57,https://www.balticexchange.com/ (simulated demo series),synthetic_calibrated_demo
2026-05-19,BPI,2029.18,18262.59,https://www.balticexchange.com/ (simulated demo series),synthetic_calibrated_demo
2026-05-20,BPI,1953.69,17583.21,https://www.balticexchange.com/ (simulated demo series),synthetic_calibrated_demo
2026-05-21,BPI,2025.23,18227.09,https://www.balticexchange.com/ (simulated demo series),synthetic_calibrated_demo
2026-05-22,BPI,2081.7,18735.31,https://www.balticexchange.com/ (simulated demo series),synthetic_calibrated_demo
2026-05-25,BPI,1964.15,17677.35,https://www.balticexchange.com/ (simulated demo series),synthetic_calibrated_demo
2026-05-26,BPI,1934.44,17409.96,https://www.balticexchange.com/ (simulated demo series),synthetic_calibrated_demo
2026-05-27,BPI,1958.0,17621.97,https://www.balticexchange.com/ (simulated demo series),synthetic_calibrated_demo
2026-05-28,BPI,1989.83,17908.47,https://www.balticexchange.com/ (simulated demo series),synthetic_calibrated_demo
2026-05-29,BPI,1960.24,17642.19,https://www.balticexchange.com/ (simulated demo series),synthetic_calibrated_demo
2026-06-01,BPI,1971.97,17747.69,https://www.balticexchange.com/ (simulated demo series),synthetic_calibrated_demo
2026-06-02,BPI,1968.13,17713.18,https://www.balticexchange.com/ (simulated demo series),synthetic_calibrated_demo
2026-06-03,BPI,1902.16,17119.41,https://www.balticexchange.com/ (simulated demo series),synthetic_calibrated_demo
2026-06-04,BPI,1828.65,16457.87,https://www.balticexchange.com/ (simulated demo series),synthetic_calibrated_demo
2026-06-05,BPI,1809.82,16288.38,https://www.balticexchange.com/ (simulated demo series),synthetic_calibrated_demo
2026-06-08,BPI,1770.47,15934.25,https://www.balticexchange.com/ (simulated demo series),synthetic_calibrated_demo
2026-06-09,BPI,1767.74,15909.68,https://www.balticexchange.com/ (simulated demo series),synthetic_calibrated_demo
2026-06-10,BPI,1777.7,15999.34,https://www.balticexchange.com/ (simulated demo series),synthetic_calibrated_demo
2026-06-11,BPI,1758.12,15823.07,https://www.balticexchange.com/ (simulated demo series),synthetic_calibrated_demo
2026-06-12,BPI,1725.87,15532.83,https://www.balticexchange.com/ (simulated demo series),synthetic_calibrated_demo
2026-06-15,BPI,1828.0,16451.99,https://www.balticexchange.com/ (simulated demo series),synthetic_calibrated_demo
2026-06-16,BPI,1918.28,17264.51,https://www.balticexchange.com/ (simulated demo series),synthetic_calibrated_demo
2026-06-17,BPI,2024.2,18217.8,https://www.balticexchange.com/ (simulated demo series),synthetic_calibrated_demo
2026-06-18,BPI,2026.75,18240.78,https://www.balticexchange.com/ (simulated demo series),synthetic_calibrated_demo
2026-06-19,BPI,1941.94,17477.46,https://www.balticexchange.com/ (simulated demo series),synthetic_calibrated_demo
2026-06-22,BPI,2042.91,18386.15,https://www.balticexchange.com/ (simulated demo series),synthetic_calibrated_demo
2026-06-23,BPI,2025.45,18229.04,https://www.balticexchange.com/ (simulated demo series),synthetic_calibrated_demo
2026-06-24,BPI,2008.39,18075.47,https://www.balticexchange.com/ (simulated demo series),synthetic_calibrated_demo
2026-06-25,BPI,2054.49,18490.4,https://www.balticexchange.com/ (simulated demo series),synthetic_calibrated_demo
2026-06-26,BPI,2043.88,18394.96,https://www.balticexchange.com/ (simulated demo series),synthetic_calibrated_demo
2026-06-29,BPI,2037.71,18339.35,https://www.balticexchange.com/ (simulated demo series),synthetic_calibrated_demo
2026-06-30,BPI,2030.44,18274.0,https://www.balticexchange.com/ (simulated demo series),synthetic_calibrated_demo
2026-07-01,BPI,2027.04,18243.38,https://www.balticexchange.com/ (simulated demo series),synthetic_calibrated_demo
2026-07-02,BPI,2025.59,18230.29,https://www.balticexchange.com/ (simulated demo series),synthetic_calibrated_demo
2026-07-03,BPI,2092.2,18829.84,https://www.balticexchange.com/ (simulated demo series),synthetic_calibrated_demo
2026-07-06,BPI,2179.64,19616.74,https://www.balticexchange.com/ (simulated demo series),synthetic_calibrated_demo
2026-07-07,BPI,2158.71,19428.43,https://www.balticexchange.com/ (simulated demo series),synthetic_calibrated_demo
2026-07-08,BPI,2222.78,20005.02,https://www.balticexchange.com/ (simulated demo series),synthetic_calibrated_demo
2026-07-09,BPI,2167.1,19503.86,https://www.balticexchange.com/ (simulated demo series),synthetic_calibrated_demo
2026-07-10,BPI,2193.09,19737.82,https://www.balticexchange.com/ (simulated demo series),synthetic_calibrated_demo
2026-07-13,BPI,2149.31,19343.77,https://www.balticexchange.com/ (simulated demo series),synthetic_calibrated_demo
2026-07-14,BPI,2081.27,18731.43,https://www.balticexchange.com/ (simulated demo series),synthetic_calibrated_demo
2026-07-15,BPI,2057.14,18514.25,https://www.balticexchange.com/ (simulated demo series),synthetic_calibrated_demo
2026-07-16,BPI,2044.57,18401.12,https://www.balticexchange.com/ (simulated demo series),synthetic_calibrated_demo
2026-07-17,BPI,2079.98,18719.78,https://www.balticexchange.com/ (simulated demo series),synthetic_calibrated_demo
2026-07-20,BPI,2024.83,18223.44,https://www.balticexchange.com/ (simulated demo series),synthetic_calibrated_demo
2026-07-21,BPI,2048.43,18435.9,https://www.balticexchange.com/ (simulated demo series),synthetic_calibrated_demo
2026-07-22,BPI,2068.11,18613.03,https://www.balticexchange.com/ (simulated demo series),synthetic_calibrated_demo
2026-07-23,BPI,2049.26,18443.36,https://www.balticexchange.com/ (simulated demo series),synthetic_calibrated_demo
2026-07-24,BPI,1968.5,17716.52,https://www.balticexchange.com/ (simulated demo series),synthetic_calibrated_demo
2026-07-27,BPI,2005.0,18045.03,https://www.balticexchange.com/ (simulated demo series),synthetic_calibrated_demo
2026-07-28,BPI,1982.07,17838.64,https://www.balticexchange.com/ (simulated demo series),synthetic_calibrated_demo
2026-07-29,BPI,1937.71,17439.4,https://www.balticexchange.com/ (simulated demo series),synthetic_calibrated_demo
2026-07-30,BPI,1889.84,17008.58,https://www.balticexchange.com/ (simulated demo series),synthetic_calibrated_demo
2026-07-31,BPI,1852.24,16670.17,https://www.balticexchange.com/ (simulated demo series),synthetic_calibrated_demo
2026-08-03,BPI,1807.47,16267.2,https://www.balticexchange.com/ (simulated demo series),synthetic_calibrated_demo
2026-08-04,BPI,1760.51,15844.62,https://www.balticexchange.com/ (simulated demo series),synthetic_calibrated_demo
2026-08-05,BPI,1717.18,15454.6,https://www.balticexchange.com/ (simulated demo series),synthetic_calibrated_demo
2026-08-06,BPI,1648.96,14840.63,https://www.balticexchange.com/ (simulated demo series),synthetic_calibrated_demo
2026-08-07,BPI,1610.63,14495.69,https://www.balticexchange.com/ (simulated demo series),synthetic_calibrated_demo
2026-08-10,BPI,1678.49,15106.44,https://www.balticexchange.com/ (simulated demo series),synthetic_calibrated_demo
2026-08-11,BPI,1663.36,14970.28,https://www.balticexchange.com/ (simulated demo series),synthetic_calibrated_demo
2026-08-12,BPI,1627.92,14651.25,https://www.balticexchange.com/ (simulated demo series),synthetic_calibrated_demo
2026-08-13,BPI,1609.25,14483.26,https://www.balticexchange.com/ (simulated demo series),synthetic_calibrated_demo
2026-08-14,BPI,1592.54,14332.83,https://www.balticexchange.com/ (simulated demo series),synthetic_calibrated_demo
2026-08-17,BPI,1500.81,13507.26,https://www.balticexchange.com/ (simulated demo series),synthetic_calibrated_demo
2026-08-18,BPI,1505.4,13548.57,https://www.balticexchange.com/ (simulated demo series),synthetic_calibrated_demo
2026-08-19,BPI,1523.05,13707.47,https://www.balticexchange.com/ (simulated demo series),synthetic_calibrated_demo
2026-08-20,BPI,1516.31,13646.81,https://www.balticexchange.com/ (simulated demo series),synthetic_calibrated_demo
2026-08-21,BPI,1519.81,13678.32,https://www.balticexchange.com/ (simulated demo series),synthetic_calibrated_demo
2026-08-24,BPI,1555.81,14002.27,https://www.balticexchange.com/ (simulated demo series),synthetic_calibrated_demo
2026-08-25,BPI,1537.5,13837.48,https://www.balticexchange.com/ (simulated demo series),synthetic_calibrated_demo
2026-08-26,BPI,1521.06,13689.5,https://www.balticexchange.com/ (simulated demo series),synthetic_calibrated_demo
2026-08-27,BPI,1579.28,14213.52,https://www.balticexchange.com/ (simulated demo series),synthetic_calibrated_demo
2026-08-28,BPI,1609.38,14484.38,https://www.balticexchange.com/ (simulated demo series),synthetic_calibrated_demo
2026-08-31,BPI,1542.7,13884.32,https://www.balticexchange.com/ (simulated demo series),synthetic_calibrated_demo
2026-09-01,BPI,1531.01,13779.13,https://www.balticexchange.com/ (simulated demo series),synthetic_calibrated_demo
2026-09-02,BPI,1512.18,13609.58,https://www.balticexchange.com/ (simulated demo series),synthetic_calibrated_demo
2026-09-03,BPI,1511.08,13599.73,https://www.balticexchange.com/ (simulated demo series),synthetic_calibrated_demo
2026-09-04,BPI,1564.12,14077.07,https://www.balticexchange.com/ (simulated demo series),synthetic_calibrated_demo
2026-09-07,BPI,1588.18,14293.61,https://www.balticexchange.com/ (simulated demo series),synthetic_calibrated_demo
2026-09-08,BPI,1567.09,14103.8,https://www.balticexchange.com/ (simulated demo series),synthetic_calibrated_demo
2026-09-09,BPI,1496.15,13465.31,https://www.balticexchange.com/ (simulated demo series),synthetic_calibrated_demo
2026-09-10,BPI,1488.03,13392.24,https://www.balticexchange.com/ (simulated demo series),synthetic_calibrated_demo
2026-09-11,BPI,1509.79,13588.09,https://www.balticexchange.com/ (simulated demo series),synthetic_calibrated_demo
2026-09-14,BPI,1480.78,13327.05,https://www.balticexchange.com/ (simulated demo series),synthetic_calibrated_demo
2026-09-15,BPI,1489.18,13402.64,https://www.balticexchange.com/ (simulated demo series),synthetic_calibrated_demo
