obs_date,bpi_value,bci_value,bsi_value,bhsi_value,source_url,provenance_tag
2012-08-01,954,1181,1047,570,https://doi.org/10.17632/t76ckh2ygg.1,verified_real_mendeley_cc_by_4.0
2012-08-02,931,1178,1032,558,https://doi.org/10.17632/t76ckh2ygg.1,verified_real_mendeley_cc_by_4.0
2012-08-03,910,1200,1023,552,https://doi.org/10.17632/t76ckh2ygg.1,verified_real_mendeley_cc_by_4.0
2012-08-06,890,1214,1010,544,https://doi.org/10.17632/t76ckh2ygg.1,verified_real_mendeley_cc_by_4.0
2012-08-07,868,1237,995,539,https://doi.org/10.17632/t76ckh2ygg.1,verified_real_mendeley_cc_by_4.0
2012-08-08,840,1204,982,538,https://doi.org/10.17632/t76ckh2ygg.1,verified_real_mendeley_cc_by_4.0
2012-08-09,823,1192,966,535,https://doi.org/10.17632/t76ckh2ygg.1,verified_real_mendeley_cc_by_4.0
2012-08-10,814,1169,946,531,https://doi.org/10.17632/t76ckh2ygg.1,verified_real_mendeley_cc_by_4.0
2012-08-13,804,1158,906,523,https://doi.org/10.17632/t76ckh2ygg.1,verified_real_mendeley_cc_by_4.0
2012-08-14,803,1147,886,512,https://doi.org/10.17632/t76ckh2ygg.1,verified_real_mendeley_cc_by_4.0
2012-08-15,801,1120,877,506,https://doi.org/10.17632/t76ckh2ygg.1,verified_real_mendeley_cc_by_4.0
2012-08-16,801,1105,865,502,https://doi.org/10.17632/t76ckh2ygg.1,verified_real_mendeley_cc_by_4.0
2012-08-17,806,1095,856,496,https://doi.org/10.17632/t76ckh2ygg.1,verified_real_mendeley_cc_by_4.0
2012-08-20,819,1087,847,490,https://doi.org/10.17632/t76ckh2ygg.1,verified_real_mendeley_cc_by_4.0
2012-08-21,833,1082,841,485,https://doi.org/10.17632/t76ckh2ygg.1,verified_real_mendeley_cc_by_4.0
2012-08-22,843,1091,838,481,https://doi.org/10.17632/t76ckh2ygg.1,verified_real_mendeley_cc_by_4.0
2012-08-23,840,1103,833,477,https://doi.org/10.17632/t76ckh2ygg.1,verified_real_mendeley_cc_by_4.0
2012-08-24,828,1124,833,474,https://doi.org/10.17632/t76ckh2ygg.1,verified_real_mendeley_cc_by_4.0
2012-08-28,812,1182,845,472,https://doi.org/10.17632/t76ckh2ygg.1,verified_real_mendeley_cc_by_4.0
2012-08-29,788,1177,853,466,https://doi.org/10.17632/t76ckh2ygg.1,verified_real_mendeley_cc_by_4.0
2012-08-30,758,1169,857,463,https://doi.org/10.17632/t76ckh2ygg.1,verified_real_mendeley_cc_by_4.0
2012-08-31,735,1172,858,459,https://doi.org/10.17632/t76ckh2ygg.1,verified_real_mendeley_cc_by_4.0
2012-09-03,714,1180,855,458,https://doi.org/10.17632/t76ckh2ygg.1,verified_real_mendeley_cc_by_4.0
2012-09-04,686,1186,857,456,https://doi.org/10.17632/t76ckh2ygg.1,verified_real_mendeley_cc_by_4.0
2012-09-05,647,1188,852,455,https://doi.org/10.17632/t76ckh2ygg.1,verified_real_mendeley_cc_by_4.0
2012-09-06,617,1186,849,457,https://doi.org/10.17632/t76ckh2ygg.1,verified_real_mendeley_cc_by_4.0
2012-09-07,599,1186,845,458,https://doi.org/10.17632/t76ckh2ygg.1,verified_real_mendeley_cc_by_4.0
2012-09-10,582,1188,837,461,https://doi.org/10.17632/t76ckh2ygg.1,verified_real_mendeley_cc_by_4.0
2012-09-11,566,1187,832,466,https://doi.org/10.17632/t76ckh2ygg.1,verified_real_mendeley_cc_by_4.0
2012-09-12,545,1186,827,471,https://doi.org/10.17632/t76ckh2ygg.1,verified_real_mendeley_cc_by_4.0
2012-09-13,527,1198,821,475,https://doi.org/10.17632/t76ckh2ygg.1,verified_real_mendeley_cc_by_4.0
2012-09-14,502,1204,825,477,https://doi.org/10.17632/t76ckh2ygg.1,verified_real_mendeley_cc_by_4.0
2012-09-17,483,1219,828,479,https://doi.org/10.17632/t76ckh2ygg.1,verified_real_mendeley_cc_by_4.0
2012-09-18,474,1326,834,480,https://doi.org/10.17632/t76ckh2ygg.1,verified_real_mendeley_cc_by_4.0
2012-09-19,468,1421,839,480,https://doi.org/10.17632/t76ckh2ygg.1,verified_real_mendeley_cc_by_4.0
2012-09-20,468,1531,843,482,https://doi.org/10.17632/t76ckh2ygg.1,verified_real_mendeley_cc_by_4.0
2012-09-21,467,1584,845,484,https://doi.org/10.17632/t76ckh2ygg.1,verified_real_mendeley_cc_by_4.0
2012-09-24,461,1578,850,486,https://doi.org/10.17632/t76ckh2ygg.1,verified_real_mendeley_cc_by_4.0
2012-09-25,441,1568,847,483,https://doi.org/10.17632/t76ckh2ygg.1,verified_real_mendeley_cc_by_4.0
2012-09-26,426,1549,847,479,https://doi.org/10.17632/t76ckh2ygg.1,verified_real_mendeley_cc_by_4.0
2012-09-27,418,1548,847,476,https://doi.org/10.17632/t76ckh2ygg.1,verified_real_mendeley_cc_by_4.0
2012-09-28,425,1621,844,472,https://doi.org/10.17632/t76ckh2ygg.1,verified_real_mendeley_cc_by_4.0
2012-10-01,439,1660,836,467,https://doi.org/10.17632/t76ckh2ygg.1,verified_real_mendeley_cc_by_4.0
2012-10-02,463,1676,830,454,https://doi.org/10.17632/t76ckh2ygg.1,verified_real_mendeley_cc_by_4.0
2012-10-03,496,1738,825,448,https://doi.org/10.17632/t76ckh2ygg.1,verified_real_mendeley_cc_by_4.0
2012-10-04,544,1873,818,445,https://doi.org/10.17632/t76ckh2ygg.1,verified_real_mendeley_cc_by_4.0
2012-10-05,598,1932,810,444,https://doi.org/10.17632/t76ckh2ygg.1,verified_real_mendeley_cc_by_4.0
2012-10-08,647,1921,802,444,https://doi.org/10.17632/t76ckh2ygg.1,verified_real_mendeley_cc_by_4.0
2012-10-09,712,1829,795,442,https://doi.org/10.17632/t76ckh2ygg.1,verified_real_mendeley_cc_by_4.0
2012-10-10,784,1775,791,442,https://doi.org/10.17632/t76ckh2ygg.1,verified_real_mendeley_cc_by_4.0
2012-10-11,843,1833,789,444,https://doi.org/10.17632/t76ckh2ygg.1,verified_real_mendeley_cc_by_4.0
2012-10-12,871,1914,787,444,https://doi.org/10.17632/t76ckh2ygg.1,verified_real_mendeley_cc_by_4.0
2012-10-15,885,1960,783,444,https://doi.org/10.17632/t76ckh2ygg.1,verified_real_mendeley_cc_by_4.0
2012-10-16,904,2103,776,443,https://doi.org/10.17632/t76ckh2ygg.1,verified_real_mendeley_cc_by_4.0
2012-10-17,904,2162,768,443,https://doi.org/10.17632/t76ckh2ygg.1,verified_real_mendeley_cc_by_4.0
2012-10-18,895,2135,754,444,https://doi.org/10.17632/t76ckh2ygg.1,verified_real_mendeley_cc_by_4.0
2012-10-19,879,2217,746,445,https://doi.org/10.17632/t76ckh2ygg.1,verified_real_mendeley_cc_by_4.0
2012-10-22,861,2332,740,445,https://doi.org/10.17632/t76ckh2ygg.1,verified_real_mendeley_cc_by_4.0
2012-10-23,843,2587,732,442,https://doi.org/10.17632/t76ckh2ygg.1,verified_real_mendeley_cc_by_4.0
2012-10-24,825,2530,721,440,https://doi.org/10.17632/t76ckh2ygg.1,verified_real_mendeley_cc_by_4.0
2012-10-25,811,2432,716,437,https://doi.org/10.17632/t76ckh2ygg.1,verified_real_mendeley_cc_by_4.0
2012-10-26,804,2451,712,434,https://doi.org/10.17632/t76ckh2ygg.1,verified_real_mendeley_cc_by_4.0
2012-10-29,799,2460,706,432,https://doi.org/10.17632/t76ckh2ygg.1,verified_real_mendeley_cc_by_4.0
2012-10-30,792,2458,699,430,https://doi.org/10.17632/t76ckh2ygg.1,verified_real_mendeley_cc_by_4.0
2012-10-31,782,2419,693,429,https://doi.org/10.17632/t76ckh2ygg.1,verified_real_mendeley_cc_by_4.0
2012-11-01,770,2355,689,426,https://doi.org/10.17632/t76ckh2ygg.1,verified_real_mendeley_cc_by_4.0
2012-11-02,766,2304,678,422,https://doi.org/10.17632/t76ckh2ygg.1,verified_real_mendeley_cc_by_4.0
2012-11-05,757,2261,671,419,https://doi.org/10.17632/t76ckh2ygg.1,verified_real_mendeley_cc_by_4.0
2012-11-06,747,2186,669,416,https://doi.org/10.17632/t76ckh2ygg.1,verified_real_mendeley_cc_by_4.0
2012-11-07,737,2098,662,412,https://doi.org/10.17632/t76ckh2ygg.1,verified_real_mendeley_cc_by_4.0
2012-11-08,726,2119,654,409,https://doi.org/10.17632/t76ckh2ygg.1,verified_real_mendeley_cc_by_4.0
2012-11-09,722,2203,647,407,https://doi.org/10.17632/t76ckh2ygg.1,verified_real_mendeley_cc_by_4.0
2012-11-12,720,2283,644,405,https://doi.org/10.17632/t76ckh2ygg.1,verified_real_mendeley_cc_by_4.0
2012-11-13,732,2327,649,405,https://doi.org/10.17632/t76ckh2ygg.1,verified_real_mendeley_cc_by_4.0
2012-11-14,774,2375,652,402,https://doi.org/10.17632/t76ckh2ygg.1,verified_real_mendeley_cc_by_4.0
2012-11-15,846,2350,653,403,https://doi.org/10.17632/t76ckh2ygg.1,verified_real_mendeley_cc_by_4.0
2012-11-16,886,2347,655,405,https://doi.org/10.17632/t76ckh2ygg.1,verified_real_mendeley_cc_by_4.0
2012-11-19,902,2369,664,407,https://doi.org/10.17632/t76ckh2ygg.1,verified_real_mendeley_cc_by_4.0
2012-11-20,933,2367,674,409,https://doi.org/10.17632/t76ckh2ygg.1,verified_real_mendeley_cc_by_4.0
2012-11-21,963,2335,687,416,https://doi.org/10.17632/t76ckh2ygg.1,verified_real_mendeley_cc_by_4.0
2012-11-22,991,2318,695,424,https://doi.org/10.17632/t76ckh2ygg.1,verified_real_mendeley_cc_by_4.0
2012-11-23,1013,2288,706,431,https://doi.org/10.17632/t76ckh2ygg.1,verified_real_mendeley_cc_by_4.0
2012-11-26,1021,2277,716,434,https://doi.org/10.17632/t76ckh2ygg.1,verified_real_mendeley_cc_by_4.0
2012-11-27,1023,2275,724,438,https://doi.org/10.17632/t76ckh2ygg.1,verified_real_mendeley_cc_by_4.0
2012-11-28,1009,2275,732,442,https://doi.org/10.17632/t76ckh2ygg.1,verified_real_mendeley_cc_by_4.0
2012-11-29,994,2241,742,446,https://doi.org/10.17632/t76ckh2ygg.1,verified_real_mendeley_cc_by_4.0
2012-11-30,980,2199,751,448,https://doi.org/10.17632/t76ckh2ygg.1,verified_real_mendeley_cc_by_4.0
2012-12-03,973,2166,760,448,https://doi.org/10.17632/t76ckh2ygg.1,verified_real_mendeley_cc_by_4.0
2012-12-04,962,2095,766,447,https://doi.org/10.17632/t76ckh2ygg.1,verified_real_mendeley_cc_by_4.0
2012-12-05,949,2000,772,446,https://doi.org/10.17632/t76ckh2ygg.1,verified_real_mendeley_cc_by_4.0
2012-12-06,940,1897,771,446,https://doi.org/10.17632/t76ckh2ygg.1,verified_real_mendeley_cc_by_4.0
2012-12-07,936,1832,768,447,https://doi.org/10.17632/t76ckh2ygg.1,verified_real_mendeley_cc_by_4.0
2012-12-10,928,1762,765,447,https://doi.org/10.17632/t76ckh2ygg.1,verified_real_mendeley_cc_by_4.0
2012-12-11,914,1652,760,447,https://doi.org/10.17632/t76ckh2ygg.1,verified_real_mendeley_cc_by_4.0
2012-12-12,894,1446,751,444,https://doi.org/10.17632/t76ckh2ygg.1,verified_real_mendeley_cc_by_4.0
2012-12-13,871,1407,751,443,https://doi.org/10.17632/t76ckh2ygg.1,verified_real_mendeley_cc_by_4.0
2012-12-14,839,1440,748,443,https://doi.org/10.17632/t76ckh2ygg.1,verified_real_mendeley_cc_by_4.0
2012-12-17,815,1403,746,444,https://doi.org/10.17632/t76ckh2ygg.1,verified_real_mendeley_cc_by_4.0
2012-12-18,793,1315,745,444,https://doi.org/10.17632/t76ckh2ygg.1,verified_real_mendeley_cc_by_4.0
2012-12-19,765,1233,742,444,https://doi.org/10.17632/t76ckh2ygg.1,verified_real_mendeley_cc_by_4.0
2012-12-20,734,1226,738,445,https://doi.org/10.17632/t76ckh2ygg.1,verified_real_mendeley_cc_by_4.0
2012-12-21,710,1228,738,446,https://doi.org/10.17632/t76ckh2ygg.1,verified_real_mendeley_cc_by_4.0
2012-12-24,699,1235,735,447,https://doi.org/10.17632/t76ckh2ygg.1,verified_real_mendeley_cc_by_4.0
2013-01-02,685,1237,732,446,https://doi.org/10.17632/t76ckh2ygg.1,verified_real_mendeley_cc_by_4.0
2013-01-03,675,1254,737,447,https://doi.org/10.17632/t76ckh2ygg.1,verified_real_mendeley_cc_by_4.0
2013-01-04,670,1285,739,446,https://doi.org/10.17632/t76ckh2ygg.1,verified_real_mendeley_cc_by_4.0
2013-01-07,670,1319,739,443,https://doi.org/10.17632/t76ckh2ygg.1,verified_real_mendeley_cc_by_4.0
2013-01-08,682,1386,739,442,https://doi.org/10.17632/t76ckh2ygg.1,verified_real_mendeley_cc_by_4.0
2013-01-09,717,1384,740,443,https://doi.org/10.17632/t76ckh2ygg.1,verified_real_mendeley_cc_by_4.0
2013-01-10,754,1367,741,443,https://doi.org/10.17632/t76ckh2ygg.1,verified_real_mendeley_cc_by_4.0
2013-01-11,772,1367,743,448,https://doi.org/10.17632/t76ckh2ygg.1,verified_real_mendeley_cc_by_4.0
2013-01-14,774,1370,745,451,https://doi.org/10.17632/t76ckh2ygg.1,verified_real_mendeley_cc_by_4.0
2013-01-15,768,1365,743,454,https://doi.org/10.17632/t76ckh2ygg.1,verified_real_mendeley_cc_by_4.0
2013-01-16,754,1431,740,457,https://doi.org/10.17632/t76ckh2ygg.1,verified_real_mendeley_cc_by_4.0
2013-01-17,743,1573,738,464,https://doi.org/10.17632/t76ckh2ygg.1,verified_real_mendeley_cc_by_4.0
2013-01-18,740,1605,735,470,https://doi.org/10.17632/t76ckh2ygg.1,verified_real_mendeley_cc_by_4.0
2013-01-21,736,1604,730,474,https://doi.org/10.17632/t76ckh2ygg.1,verified_real_mendeley_cc_by_4.0
2013-01-22,729,1577,728,477,https://doi.org/10.17632/t76ckh2ygg.1,verified_real_mendeley_cc_by_4.0
2013-01-23,727,1564,721,478,https://doi.org/10.17632/t76ckh2ygg.1,verified_real_mendeley_cc_by_4.0
2013-01-24,723,1541,713,478,https://doi.org/10.17632/t76ckh2ygg.1,verified_real_mendeley_cc_by_4.0
2013-01-25,718,1520,712,475,https://doi.org/10.17632/t76ckh2ygg.1,verified_real_mendeley_cc_by_4.0
2013-01-28,713,1507,711,472,https://doi.org/10.17632/t76ckh2ygg.1,verified_real_mendeley_cc_by_4.0
2013-01-29,703,1491,710,467,https://doi.org/10.17632/t76ckh2ygg.1,verified_real_mendeley_cc_by_4.0
2013-01-30,690,1477,695,461,https://doi.org/10.17632/t76ckh2ygg.1,verified_real_mendeley_cc_by_4.0
2013-01-31,677,1468,688,455,https://doi.org/10.17632/t76ckh2ygg.1,verified_real_mendeley_cc_by_4.0
2013-02-01,664,1454,684,449,https://doi.org/10.17632/t76ckh2ygg.1,verified_real_mendeley_cc_by_4.0
2013-02-04,653,1461,682,444,https://doi.org/10.17632/t76ckh2ygg.1,verified_real_mendeley_cc_by_4.0
2013-02-05,651,1466,681,438,https://doi.org/10.17632/t76ckh2ygg.1,verified_real_mendeley_cc_by_4.0
2013-02-06,657,1484,677,431,https://doi.org/10.17632/t76ckh2ygg.1,verified_real_mendeley_cc_by_4.0
2013-02-07,695,1481,674,425,https://doi.org/10.17632/t76ckh2ygg.1,verified_real_mendeley_cc_by_4.0
2013-02-08,723,1461,671,421,https://doi.org/10.17632/t76ckh2ygg.1,verified_real_mendeley_cc_by_4.0
2013-02-11,737,1453,669,418,https://doi.org/10.17632/t76ckh2ygg.1,verified_real_mendeley_cc_by_4.0
2013-02-12,749,1448,666,417,https://doi.org/10.17632/t76ckh2ygg.1,verified_real_mendeley_cc_by_4.0
2013-02-13,782,1448,668,414,https://doi.org/10.17632/t76ckh2ygg.1,verified_real_mendeley_cc_by_4.0
2013-02-14,808,1429,664,412,https://doi.org/10.17632/t76ckh2ygg.1,verified_real_mendeley_cc_by_4.0
2013-02-15,832,1434,667,412,https://doi.org/10.17632/t76ckh2ygg.1,verified_real_mendeley_cc_by_4.0
2013-02-18,845,1408,672,411,https://doi.org/10.17632/t76ckh2ygg.1,verified_real_mendeley_cc_by_4.0
2013-02-19,859,1377,679,411,https://doi.org/10.17632/t76ckh2ygg.1,verified_real_mendeley_cc_by_4.0
2013-02-20,875,1355,687,410,https://doi.org/10.17632/t76ckh2ygg.1,verified_real_mendeley_cc_by_4.0
2013-02-21,892,1344,695,411,https://doi.org/10.17632/t76ckh2ygg.1,verified_real_mendeley_cc_by_4.0
2013-02-22,909,1335,705,412,https://doi.org/10.17632/t76ckh2ygg.1,verified_real_mendeley_cc_by_4.0
2013-02-25,922,1323,717,414,https://doi.org/10.17632/t76ckh2ygg.1,verified_real_mendeley_cc_by_4.0
2013-02-26,939,1291,724,419,https://doi.org/10.17632/t76ckh2ygg.1,verified_real_mendeley_cc_by_4.0
2013-02-27,961,1264,734,426,https://doi.org/10.17632/t76ckh2ygg.1,verified_real_mendeley_cc_by_4.0
2013-02-28,990,1249,745,436,https://doi.org/10.17632/t76ckh2ygg.1,verified_real_mendeley_cc_by_4.0
2013-03-01,1036,1243,764,447,https://doi.org/10.17632/t76ckh2ygg.1,verified_real_mendeley_cc_by_4.0
2013-03-04,1058,1239,781,454,https://doi.org/10.17632/t76ckh2ygg.1,verified_real_mendeley_cc_by_4.0
2013-03-05,1080,1246,801,466,https://doi.org/10.17632/t76ckh2ygg.1,verified_real_mendeley_cc_by_4.0
2013-03-06,1090,1251,818,472,https://doi.org/10.17632/t76ckh2ygg.1,verified_real_mendeley_cc_by_4.0
2013-03-07,1112,1260,837,478,https://doi.org/10.17632/t76ckh2ygg.1,verified_real_mendeley_cc_by_4.0
2013-03-08,1124,1262,852,483,https://doi.org/10.17632/t76ckh2ygg.1,verified_real_mendeley_cc_by_4.0
2013-03-11,1128,1260,864,485,https://doi.org/10.17632/t76ckh2ygg.1,verified_real_mendeley_cc_by_4.0
2013-03-12,1131,1314,876,486,https://doi.org/10.17632/t76ckh2ygg.1,verified_real_mendeley_cc_by_4.0
2013-03-13,1138,1314,889,490,https://doi.org/10.17632/t76ckh2ygg.1,verified_real_mendeley_cc_by_4.0
2013-03-14,1147,1302,903,494,https://doi.org/10.17632/t76ckh2ygg.1,verified_real_mendeley_cc_by_4.0
2013-03-15,1162,1299,913,506,https://doi.org/10.17632/t76ckh2ygg.1,verified_real_mendeley_cc_by_4.0
2013-03-18,1172,1295,925,513,https://doi.org/10.17632/t76ckh2ygg.1,verified_real_mendeley_cc_by_4.0
2013-03-19,1184,1290,937,522,https://doi.org/10.17632/t76ckh2ygg.1,verified_real_mendeley_cc_by_4.0
2013-03-20,1190,1294,950,532,https://doi.org/10.17632/t76ckh2ygg.1,verified_real_mendeley_cc_by_4.0
2013-03-21,1202,1290,959,539,https://doi.org/10.17632/t76ckh2ygg.1,verified_real_mendeley_cc_by_4.0
2013-03-22,1208,1284,968,542,https://doi.org/10.17632/t76ckh2ygg.1,verified_real_mendeley_cc_by_4.0
2013-03-25,1210,1284,978,543,https://doi.org/10.17632/t76ckh2ygg.1,verified_real_mendeley_cc_by_4.0
2013-03-26,1204,1275,981,545,https://doi.org/10.17632/t76ckh2ygg.1,verified_real_mendeley_cc_by_4.0
2013-03-27,1191,1258,977,547,https://doi.org/10.17632/t76ckh2ygg.1,verified_real_mendeley_cc_by_4.0
2013-03-28,1176,1249,965,547,https://doi.org/10.17632/t76ckh2ygg.1,verified_real_mendeley_cc_by_4.0
2013-04-02,1155,1229,944,543,https://doi.org/10.17632/t76ckh2ygg.1,verified_real_mendeley_cc_by_4.0
2013-04-03,1129,1209,933,537,https://doi.org/10.17632/t76ckh2ygg.1,verified_real_mendeley_cc_by_4.0
2013-04-04,1106,1209,924,529,https://doi.org/10.17632/t76ckh2ygg.1,verified_real_mendeley_cc_by_4.0
2013-04-05,1094,1215,915,525,https://doi.org/10.17632/t76ckh2ygg.1,verified_real_mendeley_cc_by_4.0
2013-04-08,1084,1223,912,523,https://doi.org/10.17632/t76ckh2ygg.1,verified_real_mendeley_cc_by_4.0
2013-04-09,1077,1236,907,518,https://doi.org/10.17632/t76ckh2ygg.1,verified_real_mendeley_cc_by_4.0
2013-04-10,1080,1250,902,518,https://doi.org/10.17632/t76ckh2ygg.1,verified_real_mendeley_cc_by_4.0
2013-04-11,1095,1257,900,521,https://doi.org/10.17632/t76ckh2ygg.1,verified_real_mendeley_cc_by_4.0
2013-04-12,1112,1265,901,526,https://doi.org/10.17632/t76ckh2ygg.1,verified_real_mendeley_cc_by_4.0
2013-04-15,1125,1257,902,528,https://doi.org/10.17632/t76ckh2ygg.1,verified_real_mendeley_cc_by_4.0
2013-04-16,1143,1251,902,531,https://doi.org/10.17632/t76ckh2ygg.1,verified_real_mendeley_cc_by_4.0
2013-04-17,1167,1245,900,537,https://doi.org/10.17632/t76ckh2ygg.1,verified_real_mendeley_cc_by_4.0
2013-04-18,1180,1238,899,538,https://doi.org/10.17632/t76ckh2ygg.1,verified_real_mendeley_cc_by_4.0
2013-04-19,1196,1234,898,539,https://doi.org/10.17632/t76ckh2ygg.1,verified_real_mendeley_cc_by_4.0
2013-04-22,1202,1230,902,540,https://doi.org/10.17632/t76ckh2ygg.1,verified_real_mendeley_cc_by_4.0
2013-04-23,1193,1220,902,540,https://doi.org/10.17632/t76ckh2ygg.1,verified_real_mendeley_cc_by_4.0
2013-04-24,1165,1214,903,543,https://doi.org/10.17632/t76ckh2ygg.1,verified_real_mendeley_cc_by_4.0
2013-04-25,1121,1220,905,544,https://doi.org/10.17632/t76ckh2ygg.1,verified_real_mendeley_cc_by_4.0
2013-04-26,1082,1246,904,545,https://doi.org/10.17632/t76ckh2ygg.1,verified_real_mendeley_cc_by_4.0
2013-04-29,1058,1260,900,545,https://doi.org/10.17632/t76ckh2ygg.1,verified_real_mendeley_cc_by_4.0
2013-04-30,1028,1273,895,544,https://doi.org/10.17632/t76ckh2ygg.1,verified_real_mendeley_cc_by_4.0
2013-05-01,1018,1279,888,545,https://doi.org/10.17632/t76ckh2ygg.1,verified_real_mendeley_cc_by_4.0
2013-05-02,1010,1322,884,546,https://doi.org/10.17632/t76ckh2ygg.1,verified_real_mendeley_cc_by_4.0
2013-05-03,1006,1344,880,546,https://doi.org/10.17632/t76ckh2ygg.1,verified_real_mendeley_cc_by_4.0
2013-05-07,999,1393,876,546,https://doi.org/10.17632/t76ckh2ygg.1,verified_real_mendeley_cc_by_4.0
2013-05-08,995,1408,874,548,https://doi.org/10.17632/t76ckh2ygg.1,verified_real_mendeley_cc_by_4.0
2013-05-09,995,1398,872,551,https://doi.org/10.17632/t76ckh2ygg.1,verified_real_mendeley_cc_by_4.0
2013-05-10,994,1382,869,551,https://doi.org/10.17632/t76ckh2ygg.1,verified_real_mendeley_cc_by_4.0
2013-05-13,993,1370,866,553,https://doi.org/10.17632/t76ckh2ygg.1,verified_real_mendeley_cc_by_4.0
2013-05-14,988,1360,861,555,https://doi.org/10.17632/t76ckh2ygg.1,verified_real_mendeley_cc_by_4.0
2013-05-15,974,1338,857,555,https://doi.org/10.17632/t76ckh2ygg.1,verified_real_mendeley_cc_by_4.0
2013-05-16,951,1334,854,554,https://doi.org/10.17632/t76ckh2ygg.1,verified_real_mendeley_cc_by_4.0
2013-05-17,930,1326,853,553,https://doi.org/10.17632/t76ckh2ygg.1,verified_real_mendeley_cc_by_4.0
2013-05-20,917,1317,851,555,https://doi.org/10.17632/t76ckh2ygg.1,verified_real_mendeley_cc_by_4.0
2013-05-21,899,1321,852,554,https://doi.org/10.17632/t76ckh2ygg.1,verified_real_mendeley_cc_by_4.0
2013-05-22,880,1333,851,552,https://doi.org/10.17632/t76ckh2ygg.1,verified_real_mendeley_cc_by_4.0
2013-05-23,863,1339,853,551,https://doi.org/10.17632/t76ckh2ygg.1,verified_real_mendeley_cc_by_4.0
2013-05-24,854,1350,855,546,https://doi.org/10.17632/t76ckh2ygg.1,verified_real_mendeley_cc_by_4.0
2013-05-28,838,1346,857,545,https://doi.org/10.17632/t76ckh2ygg.1,verified_real_mendeley_cc_by_4.0
2013-05-29,821,1348,858,543,https://doi.org/10.17632/t76ckh2ygg.1,verified_real_mendeley_cc_by_4.0
2013-05-30,806,1339,859,537,https://doi.org/10.17632/t76ckh2ygg.1,verified_real_mendeley_cc_by_4.0
2013-05-31,795,1336,865,533,https://doi.org/10.17632/t76ckh2ygg.1,verified_real_mendeley_cc_by_4.0
2013-06-03,786,1333,871,529,https://doi.org/10.17632/t76ckh2ygg.1,verified_real_mendeley_cc_by_4.0
2013-06-04,776,1338,873,526,https://doi.org/10.17632/t76ckh2ygg.1,verified_real_mendeley_cc_by_4.0
2013-06-05,768,1335,877,521,https://doi.org/10.17632/t76ckh2ygg.1,verified_real_mendeley_cc_by_4.0
2013-06-06,764,1344,880,521,https://doi.org/10.17632/t76ckh2ygg.1,verified_real_mendeley_cc_by_4.0
2013-06-07,764,1352,885,524,https://doi.org/10.17632/t76ckh2ygg.1,verified_real_mendeley_cc_by_4.0
2013-06-10,766,1359,889,525,https://doi.org/10.17632/t76ckh2ygg.1,verified_real_mendeley_cc_by_4.0
2013-06-11,777,1379,890,525,https://doi.org/10.17632/t76ckh2ygg.1,verified_real_mendeley_cc_by_4.0
2013-06-12,808,1427,892,525,https://doi.org/10.17632/t76ckh2ygg.1,verified_real_mendeley_cc_by_4.0
2013-06-13,833,1484,895,528,https://doi.org/10.17632/t76ckh2ygg.1,verified_real_mendeley_cc_by_4.0
2013-06-14,859,1537,895,533,https://doi.org/10.17632/t76ckh2ygg.1,verified_real_mendeley_cc_by_4.0
2013-06-17,878,1588,900,539,https://doi.org/10.17632/t76ckh2ygg.1,verified_real_mendeley_cc_by_4.0
2013-06-18,892,1674,900,544,https://doi.org/10.17632/t76ckh2ygg.1,verified_real_mendeley_cc_by_4.0
2013-06-19,909,1757,903,547,https://doi.org/10.17632/t76ckh2ygg.1,verified_real_mendeley_cc_by_4.0
2013-06-20,920,1792,909,548,https://doi.org/10.17632/t76ckh2ygg.1,verified_real_mendeley_cc_by_4.0
2013-06-21,927,1822,916,552,https://doi.org/10.17632/t76ckh2ygg.1,verified_real_mendeley_cc_by_4.0
2013-06-24,937,1912,923,552,https://doi.org/10.17632/t76ckh2ygg.1,verified_real_mendeley_cc_by_4.0
2013-06-25,959,1959,930,552,https://doi.org/10.17632/t76ckh2ygg.1,verified_real_mendeley_cc_by_4.0
2013-06-26,976,2061,937,554,https://doi.org/10.17632/t76ckh2ygg.1,verified_real_mendeley_cc_by_4.0
2013-06-27,994,2120,944,558,https://doi.org/10.17632/t76ckh2ygg.1,verified_real_mendeley_cc_by_4.0
2013-06-28,1007,2165,950,564,https://doi.org/10.17632/t76ckh2ygg.1,verified_real_mendeley_cc_by_4.0
2013-07-01,1014,2176,954,566,https://doi.org/10.17632/t76ckh2ygg.1,verified_real_mendeley_cc_by_4.0
2013-07-02,1016,2134,954,569,https://doi.org/10.17632/t76ckh2ygg.1,verified_real_mendeley_cc_by_4.0
2013-07-03,1017,2020,952,569,https://doi.org/10.17632/t76ckh2ygg.1,verified_real_mendeley_cc_by_4.0
2013-07-04,1012,1936,943,568,https://doi.org/10.17632/t76ckh2ygg.1,verified_real_mendeley_cc_by_4.0
2013-07-05,1008,1929,932,568,https://doi.org/10.17632/t76ckh2ygg.1,verified_real_mendeley_cc_by_4.0
2013-07-08,1002,1977,924,568,https://doi.org/10.17632/t76ckh2ygg.1,verified_real_mendeley_cc_by_4.0
2013-07-09,1006,2012,920,566,https://doi.org/10.17632/t76ckh2ygg.1,verified_real_mendeley_cc_by_4.0
2013-07-10,1024,2037,911,564,https://doi.org/10.17632/t76ckh2ygg.1,verified_real_mendeley_cc_by_4.0
2013-07-11,1062,2047,904,561,https://doi.org/10.17632/t76ckh2ygg.1,verified_real_mendeley_cc_by_4.0
2013-07-12,1097,2058,901,561,https://doi.org/10.17632/t76ckh2ygg.1,verified_real_mendeley_cc_by_4.0
2013-07-15,1118,2052,897,560,https://doi.org/10.17632/t76ckh2ygg.1,verified_real_mendeley_cc_by_4.0
2013-07-16,1136,2044,894,559,https://doi.org/10.17632/t76ckh2ygg.1,verified_real_mendeley_cc_by_4.0
2013-07-17,1153,2034,895,556,https://doi.org/10.17632/t76ckh2ygg.1,verified_real_mendeley_cc_by_4.0
2013-07-18,1165,2006,894,550,https://doi.org/10.17632/t76ckh2ygg.1,verified_real_mendeley_cc_by_4.0
2013-07-19,1172,1987,897,544,https://doi.org/10.17632/t76ckh2ygg.1,verified_real_mendeley_cc_by_4.0
2013-07-22,1170,1978,898,541,https://doi.org/10.17632/t76ckh2ygg.1,verified_real_mendeley_cc_by_4.0
2013-07-23,1159,1956,902,539,https://doi.org/10.17632/t76ckh2ygg.1,verified_real_mendeley_cc_by_4.0
2013-07-24,1145,1936,907,539,https://doi.org/10.17632/t76ckh2ygg.1,verified_real_mendeley_cc_by_4.0
2013-07-25,1123,1890,914,535,https://doi.org/10.17632/t76ckh2ygg.1,verified_real_mendeley_cc_by_4.0
2013-07-26,1104,1873,917,534,https://doi.org/10.17632/t76ckh2ygg.1,verified_real_mendeley_cc_by_4.0
2013-07-29,1090,1864,917,534,https://doi.org/10.17632/t76ckh2ygg.1,verified_real_mendeley_cc_by_4.0
2013-07-30,1075,1856,919,532,https://doi.org/10.17632/t76ckh2ygg.1,verified_real_mendeley_cc_by_4.0
2013-07-31,1057,1881,916,531,https://doi.org/10.17632/t76ckh2ygg.1,verified_real_mendeley_cc_by_4.0
2013-08-01,1041,1935,912,530,https://doi.org/10.17632/t76ckh2ygg.1,verified_real_mendeley_cc_by_4.0
2013-08-02,1021,1950,909,529,https://doi.org/10.17632/t76ckh2ygg.1,verified_real_mendeley_cc_by_4.0
2013-08-05,1009,1939,908,527,https://doi.org/10.17632/t76ckh2ygg.1,verified_real_mendeley_cc_by_4.0
2013-08-06,992,1907,908,526,https://doi.org/10.17632/t76ckh2ygg.1,verified_real_mendeley_cc_by_4.0
2013-08-07,977,1853,907,525,https://doi.org/10.17632/t76ckh2ygg.1,verified_real_mendeley_cc_by_4.0
2013-08-08,962,1829,911,522,https://doi.org/10.17632/t76ckh2ygg.1,verified_real_mendeley_cc_by_4.0
2013-08-09,948,1813,913,521,https://doi.org/10.17632/t76ckh2ygg.1,verified_real_mendeley_cc_by_4.0
2013-08-12,940,1805,911,518,https://doi.org/10.17632/t76ckh2ygg.1,verified_real_mendeley_cc_by_4.0
2013-08-13,933,1846,910,516,https://doi.org/10.17632/t76ckh2ygg.1,verified_real_mendeley_cc_by_4.0
2013-08-14,928,2021,909,518,https://doi.org/10.17632/t76ckh2ygg.1,verified_real_mendeley_cc_by_4.0
2013-08-15,926,2099,910,517,https://doi.org/10.17632/t76ckh2ygg.1,verified_real_mendeley_cc_by_4.0
2013-08-16,923,2112,913,517,https://doi.org/10.17632/t76ckh2ygg.1,verified_real_mendeley_cc_by_4.0
2013-08-19,917,2140,916,519,https://doi.org/10.17632/t76ckh2ygg.1,verified_real_mendeley_cc_by_4.0
2013-08-20,912,2218,917,520,https://doi.org/10.17632/t76ckh2ygg.1,verified_real_mendeley_cc_by_4.0
2013-08-21,905,2268,919,522,https://doi.org/10.17632/t76ckh2ygg.1,verified_real_mendeley_cc_by_4.0
2013-08-22,904,2284,920,525,https://doi.org/10.17632/t76ckh2ygg.1,verified_real_mendeley_cc_by_4.0
2013-08-23,903,2312,925,528,https://doi.org/10.17632/t76ckh2ygg.1,verified_real_mendeley_cc_by_4.0
2013-08-27,904,2335,927,531,https://doi.org/10.17632/t76ckh2ygg.1,verified_real_mendeley_cc_by_4.0
2013-08-28,901,2284,929,531,https://doi.org/10.17632/t76ckh2ygg.1,verified_real_mendeley_cc_by_4.0
2013-08-29,904,2256,934,530,https://doi.org/10.17632/t76ckh2ygg.1,verified_real_mendeley_cc_by_4.0
2013-08-30,907,2243,937,531,https://doi.org/10.17632/t76ckh2ygg.1,verified_real_mendeley_cc_by_4.0
2013-09-02,912,2263,939,534,https://doi.org/10.17632/t76ckh2ygg.1,verified_real_mendeley_cc_by_4.0
2013-09-03,921,2344,939,534,https://doi.org/10.17632/t76ckh2ygg.1,verified_real_mendeley_cc_by_4.0
2013-09-04,933,2445,939,535,https://doi.org/10.17632/t76ckh2ygg.1,verified_real_mendeley_cc_by_4.0
2013-09-05,961,2660,943,534,https://doi.org/10.17632/t76ckh2ygg.1,verified_real_mendeley_cc_by_4.0
2013-09-06,1020,2799,952,537,https://doi.org/10.17632/t76ckh2ygg.1,verified_real_mendeley_cc_by_4.0
2013-09-09,1105,3113,959,540,https://doi.org/10.17632/t76ckh2ygg.1,verified_real_mendeley_cc_by_4.0
2013-09-10,1186,3255,965,542,https://doi.org/10.17632/t76ckh2ygg.1,verified_real_mendeley_cc_by_4.0
2013-09-11,1241,3431,958,543,https://doi.org/10.17632/t76ckh2ygg.1,verified_real_mendeley_cc_by_4.0
2013-09-12,1278,3397,954,545,https://doi.org/10.17632/t76ckh2ygg.1,verified_real_mendeley_cc_by_4.0
2013-09-13,1306,3446,946,544,https://doi.org/10.17632/t76ckh2ygg.1,verified_real_mendeley_cc_by_4.0
2013-09-16,1321,3480,940,547,https://doi.org/10.17632/t76ckh2ygg.1,verified_real_mendeley_cc_by_4.0
2013-09-17,1349,3691,936,548,https://doi.org/10.17632/t76ckh2ygg.1,verified_real_mendeley_cc_by_4.0
2013-09-18,1385,3838,934,549,https://doi.org/10.17632/t76ckh2ygg.1,verified_real_mendeley_cc_by_4.0
2013-09-19,1415,3924,942,554,https://doi.org/10.17632/t76ckh2ygg.1,verified_real_mendeley_cc_by_4.0
2013-09-20,1453,4018,951,558,https://doi.org/10.17632/t76ckh2ygg.1,verified_real_mendeley_cc_by_4.0
2013-09-23,1509,4111,964,561,https://doi.org/10.17632/t76ckh2ygg.1,verified_real_mendeley_cc_by_4.0
2013-09-24,1602,4253,971,567,https://doi.org/10.17632/t76ckh2ygg.1,verified_real_mendeley_cc_by_4.0
2013-09-25,1745,4329,986,576,https://doi.org/10.17632/t76ckh2ygg.1,verified_real_mendeley_cc_by_4.0
2013-09-26,1794,4193,1012,585,https://doi.org/10.17632/t76ckh2ygg.1,verified_real_mendeley_cc_by_4.0
2013-09-27,1800,3967,1046,594,https://doi.org/10.17632/t76ckh2ygg.1,verified_real_mendeley_cc_by_4.0
2013-09-30,1795,3853,1069,597,https://doi.org/10.17632/t76ckh2ygg.1,verified_real_mendeley_cc_by_4.0
2013-10-01,1786,3816,1079,597,https://doi.org/10.17632/t76ckh2ygg.1,verified_real_mendeley_cc_by_4.0
2013-10-02,1813,3810,1087,599,https://doi.org/10.17632/t76ckh2ygg.1,verified_real_mendeley_cc_by_4.0
2013-10-03,1862,3878,1093,602,https://doi.org/10.17632/t76ckh2ygg.1,verified_real_mendeley_cc_by_4.0
2013-10-04,1914,3943,1101,609,https://doi.org/10.17632/t76ckh2ygg.1,verified_real_mendeley_cc_by_4.0
2013-10-07,1947,4020,1113,618,https://doi.org/10.17632/t76ckh2ygg.1,verified_real_mendeley_cc_by_4.0
2013-10-08,1989,4085,1127,622,https://doi.org/10.17632/t76ckh2ygg.1,verified_real_mendeley_cc_by_4.0
2013-10-09,2016,3959,1145,629,https://doi.org/10.17632/t76ckh2ygg.1,verified_real_mendeley_cc_by_4.0
2013-10-10,2027,3621,1162,630,https://doi.org/10.17632/t76ckh2ygg.1,verified_real_mendeley_cc_by_4.0
2013-10-11,2024,3527,1175,632,https://doi.org/10.17632/t76ckh2ygg.1,verified_real_mendeley_cc_by_4.0
2013-10-14,2020,3455,1182,634,https://doi.org/10.17632/t76ckh2ygg.1,verified_real_mendeley_cc_by_4.0
2013-10-15,2021,3469,1185,637,https://doi.org/10.17632/t76ckh2ygg.1,verified_real_mendeley_cc_by_4.0
2013-10-16,2030,3478,1186,634,https://doi.org/10.17632/t76ckh2ygg.1,verified_real_mendeley_cc_by_4.0
2013-10-17,2059,3451,1199,632,https://doi.org/10.17632/t76ckh2ygg.1,verified_real_mendeley_cc_by_4.0
2013-10-18,2060,3264,1206,634,https://doi.org/10.17632/t76ckh2ygg.1,verified_real_mendeley_cc_by_4.0
2013-10-21,2054,3200,1213,635,https://doi.org/10.17632/t76ckh2ygg.1,verified_real_mendeley_cc_by_4.0
2013-10-22,2038,3110,1221,636,https://doi.org/10.17632/t76ckh2ygg.1,verified_real_mendeley_cc_by_4.0
2013-10-23,2010,2943,1228,639,https://doi.org/10.17632/t76ckh2ygg.1,verified_real_mendeley_cc_by_4.0
2013-10-24,1959,2775,1243,644,https://doi.org/10.17632/t76ckh2ygg.1,verified_real_mendeley_cc_by_4.0
2013-10-25,1904,2681,1252,649,https://doi.org/10.17632/t76ckh2ygg.1,verified_real_mendeley_cc_by_4.0
2013-10-28,1855,2526,1258,653,https://doi.org/10.17632/t76ckh2ygg.1,verified_real_mendeley_cc_by_4.0
2013-10-29,1790,2340,1260,656,https://doi.org/10.17632/t76ckh2ygg.1,verified_real_mendeley_cc_by_4.0
2013-10-30,1716,2164,1266,660,https://doi.org/10.17632/t76ckh2ygg.1,verified_real_mendeley_cc_by_4.0
2013-10-31,1667,2245,1268,665,https://doi.org/10.17632/t76ckh2ygg.1,verified_real_mendeley_cc_by_4.0
2013-11-01,1631,2316,1269,669,https://doi.org/10.17632/t76ckh2ygg.1,verified_real_mendeley_cc_by_4.0
2013-11-04,1612,2400,1273,673,https://doi.org/10.17632/t76ckh2ygg.1,verified_real_mendeley_cc_by_4.0
2013-11-05,1617,2553,1280,678,https://doi.org/10.17632/t76ckh2ygg.1,verified_real_mendeley_cc_by_4.0
2013-11-06,1614,2554,1285,681,https://doi.org/10.17632/t76ckh2ygg.1,verified_real_mendeley_cc_by_4.0
2013-11-07,1594,2533,1291,685,https://doi.org/10.17632/t76ckh2ygg.1,verified_real_mendeley_cc_by_4.0
2013-11-08,1565,2514,1305,690,https://doi.org/10.17632/t76ckh2ygg.1,verified_real_mendeley_cc_by_4.0
2013-11-11,1542,2506,1315,692,https://doi.org/10.17632/t76ckh2ygg.1,verified_real_mendeley_cc_by_4.0
2013-11-12,1510,2473,1320,693,https://doi.org/10.17632/t76ckh2ygg.1,verified_real_mendeley_cc_by_4.0
2013-11-13,1474,2455,1321,696,https://doi.org/10.17632/t76ckh2ygg.1,verified_real_mendeley_cc_by_4.0
2013-11-14,1438,2397,1325,699,https://doi.org/10.17632/t76ckh2ygg.1,verified_real_mendeley_cc_by_4.0
2013-11-15,1409,2377,1339,703,https://doi.org/10.17632/t76ckh2ygg.1,verified_real_mendeley_cc_by_4.0
2013-11-18,1382,2366,1354,705,https://doi.org/10.17632/t76ckh2ygg.1,verified_real_mendeley_cc_by_4.0
2013-11-19,1353,2366,1360,708,https://doi.org/10.17632/t76ckh2ygg.1,verified_real_mendeley_cc_by_4.0
2013-11-20,1346,2511,1363,715,https://doi.org/10.17632/t76ckh2ygg.1,verified_real_mendeley_cc_by_4.0
2013-11-21,1345,2447,1371,721,https://doi.org/10.17632/t76ckh2ygg.1,verified_real_mendeley_cc_by_4.0
2013-11-22,1362,2390,1378,728,https://doi.org/10.17632/t76ckh2ygg.1,verified_real_mendeley_cc_by_4.0
2013-11-25,1387,2391,1393,732,https://doi.org/10.17632/t76ckh2ygg.1,verified_real_mendeley_cc_by_4.0
2013-11-26,1427,2399,1404,737,https://doi.org/10.17632/t76ckh2ygg.1,verified_real_mendeley_cc_by_4.0
2013-11-27,1510,2496,1418,745,https://doi.org/10.17632/t76ckh2ygg.1,verified_real_mendeley_cc_by_4.0
2013-11-28,1613,2848,1441,757,https://doi.org/10.17632/t76ckh2ygg.1,verified_real_mendeley_cc_by_4.0
2013-11-29,1665,3089,1458,764,https://doi.org/10.17632/t76ckh2ygg.1,verified_real_mendeley_cc_by_4.0
2013-12-02,1695,3194,1475,771,https://doi.org/10.17632/t76ckh2ygg.1,verified_real_mendeley_cc_by_4.0
2013-12-03,1741,3316,1488,776,https://doi.org/10.17632/t76ckh2ygg.1,verified_real_mendeley_cc_by_4.0
2013-12-04,1795,3481,1507,782,https://doi.org/10.17632/t76ckh2ygg.1,verified_real_mendeley_cc_by_4.0
2013-12-05,1867,3843,1522,786,https://doi.org/10.17632/t76ckh2ygg.1,verified_real_mendeley_cc_by_4.0
2013-12-06,1923,3842,1531,789,https://doi.org/10.17632/t76ckh2ygg.1,verified_real_mendeley_cc_by_4.0
2013-12-09,1955,3831,1552,792,https://doi.org/10.17632/t76ckh2ygg.1,verified_real_mendeley_cc_by_4.0
2013-12-10,1997,4011,1557,796,https://doi.org/10.17632/t76ckh2ygg.1,verified_real_mendeley_cc_by_4.0
2013-12-11,2050,4210,1554,803,https://doi.org/10.17632/t76ckh2ygg.1,verified_real_mendeley_cc_by_4.0
2013-12-12,2085,4291,1560,810,https://doi.org/10.17632/t76ckh2ygg.1,verified_real_mendeley_cc_by_4.0
2013-12-13,2096,4246,1562,814,https://doi.org/10.17632/t76ckh2ygg.1,verified_real_mendeley_cc_by_4.0
2013-12-16,2082,4065,1553,817,https://doi.org/10.17632/t76ckh2ygg.1,verified_real_mendeley_cc_by_4.0
2013-12-17,2025,3818,1546,821,https://doi.org/10.17632/t76ckh2ygg.1,verified_real_mendeley_cc_by_4.0
2013-12-18,1946,3638,1541,820,https://doi.org/10.17632/t76ckh2ygg.1,verified_real_mendeley_cc_by_4.0
2013-12-19,1883,3596,1517,818,https://doi.org/10.17632/t76ckh2ygg.1,verified_real_mendeley_cc_by_4.0
2013-12-20,1858,3875,1499,811,https://doi.org/10.17632/t76ckh2ygg.1,verified_real_mendeley_cc_by_4.0
2013-12-23,1835,3996,1482,805,https://doi.org/10.17632/t76ckh2ygg.1,verified_real_mendeley_cc_by_4.0
2013-12-24,1825,4078,1468,801,https://doi.org/10.17632/t76ckh2ygg.1,verified_real_mendeley_cc_by_4.0
2014-01-02,1780,3733,1453,773,https://doi.org/10.17632/t76ckh2ygg.1,verified_real_mendeley_cc_by_4.0
2014-01-03,1750,3531,1330,763,https://doi.org/10.17632/t76ckh2ygg.1,verified_real_mendeley_cc_by_4.0
2014-01-06,1724,3287,1276,750,https://doi.org/10.17632/t76ckh2ygg.1,verified_real_mendeley_cc_by_4.0
2014-01-07,1692,3017,1239,744,https://doi.org/10.17632/t76ckh2ygg.1,verified_real_mendeley_cc_by_4.0
2014-01-08,1672,2818,1204,741,https://doi.org/10.17632/t76ckh2ygg.1,verified_real_mendeley_cc_by_4.0
2014-01-09,1645,2500,1191,735,https://doi.org/10.17632/t76ckh2ygg.1,verified_real_mendeley_cc_by_4.0
2014-01-10,1621,2101,1188,730,https://doi.org/10.17632/t76ckh2ygg.1,verified_real_mendeley_cc_by_4.0
2014-01-13,1598,1857,1190,726,https://doi.org/10.17632/t76ckh2ygg.1,verified_real_mendeley_cc_by_4.0
2014-01-14,1580,1832,1191,725,https://doi.org/10.17632/t76ckh2ygg.1,verified_real_mendeley_cc_by_4.0
2014-01-15,1572,1862,1189,724,https://doi.org/10.17632/t76ckh2ygg.1,verified_real_mendeley_cc_by_4.0
2014-01-16,1570,1929,1182,722,https://doi.org/10.17632/t76ckh2ygg.1,verified_real_mendeley_cc_by_4.0
2014-01-17,1564,2026,1175,719,https://doi.org/10.17632/t76ckh2ygg.1,verified_real_mendeley_cc_by_4.0
2014-01-20,1552,2082,1165,719,https://doi.org/10.17632/t76ckh2ygg.1,verified_real_mendeley_cc_by_4.0
2014-01-21,1530,1973,1154,715,https://doi.org/10.17632/t76ckh2ygg.1,verified_real_mendeley_cc_by_4.0
2014-01-22,1496,1880,1141,715,https://doi.org/10.17632/t76ckh2ygg.1,verified_real_mendeley_cc_by_4.0
2014-01-23,1468,1775,1130,715,https://doi.org/10.17632/t76ckh2ygg.1,verified_real_mendeley_cc_by_4.0
2014-01-24,1437,1723,1121,712,https://doi.org/10.17632/t76ckh2ygg.1,verified_real_mendeley_cc_by_4.0
2014-01-27,1413,1673,1112,708,https://doi.org/10.17632/t76ckh2ygg.1,verified_real_mendeley_cc_by_4.0
2014-01-28,1387,1577,1098,705,https://doi.org/10.17632/t76ckh2ygg.1,verified_real_mendeley_cc_by_4.0
2014-01-29,1369,1531,1079,700,https://doi.org/10.17632/t76ckh2ygg.1,verified_real_mendeley_cc_by_4.0
2014-01-30,1347,1527,1056,691,https://doi.org/10.17632/t76ckh2ygg.1,verified_real_mendeley_cc_by_4.0
2014-01-31,1337,1524,1018,684,https://doi.org/10.17632/t76ckh2ygg.1,verified_real_mendeley_cc_by_4.0
2014-02-03,1326,1516,996,682,https://doi.org/10.17632/t76ckh2ygg.1,verified_real_mendeley_cc_by_4.0
2014-02-04,1313,1513,975,681,https://doi.org/10.17632/t76ckh2ygg.1,verified_real_mendeley_cc_by_4.0
2014-02-05,1307,1544,961,677,https://doi.org/10.17632/t76ckh2ygg.1,verified_real_mendeley_cc_by_4.0
2014-02-06,1307,1575,948,676,https://doi.org/10.17632/t76ckh2ygg.1,verified_real_mendeley_cc_by_4.0
2014-02-07,1304,1588,937,674,https://doi.org/10.17632/t76ckh2ygg.1,verified_real_mendeley_cc_by_4.0
2014-02-10,1305,1611,929,669,https://doi.org/10.17632/t76ckh2ygg.1,verified_real_mendeley_cc_by_4.0
2014-02-11,1322,1581,929,667,https://doi.org/10.17632/t76ckh2ygg.1,verified_real_mendeley_cc_by_4.0
2014-02-12,1324,1548,928,665,https://doi.org/10.17632/t76ckh2ygg.1,verified_real_mendeley_cc_by_4.0
2014-02-13,1313,1557,938,668,https://doi.org/10.17632/t76ckh2ygg.1,verified_real_mendeley_cc_by_4.0
2014-02-14,1311,1554,965,671,https://doi.org/10.17632/t76ckh2ygg.1,verified_real_mendeley_cc_by_4.0
2014-02-17,1308,1625,998,676,https://doi.org/10.17632/t76ckh2ygg.1,verified_real_mendeley_cc_by_4.0
2014-02-18,1298,1667,1026,677,https://doi.org/10.17632/t76ckh2ygg.1,verified_real_mendeley_cc_by_4.0
2014-02-19,1282,1690,1049,678,https://doi.org/10.17632/t76ckh2ygg.1,verified_real_mendeley_cc_by_4.0
2014-02-20,1261,1680,1068,676,https://doi.org/10.17632/t76ckh2ygg.1,verified_real_mendeley_cc_by_4.0
2014-02-21,1244,1701,1087,677,https://doi.org/10.17632/t76ckh2ygg.1,verified_real_mendeley_cc_by_4.0
2014-02-24,1222,1707,1098,679,https://doi.org/10.17632/t76ckh2ygg.1,verified_real_mendeley_cc_by_4.0
2014-02-25,1187,1775,1096,679,https://doi.org/10.17632/t76ckh2ygg.1,verified_real_mendeley_cc_by_4.0
2014-02-26,1154,1912,1096,674,https://doi.org/10.17632/t76ckh2ygg.1,verified_real_mendeley_cc_by_4.0
2014-02-27,1123,2049,1097,673,https://doi.org/10.17632/t76ckh2ygg.1,verified_real_mendeley_cc_by_4.0
2014-02-28,1099,2084,1100,669,https://doi.org/10.17632/t76ckh2ygg.1,verified_real_mendeley_cc_by_4.0
2014-03-03,1080,2180,1103,666,https://doi.org/10.17632/t76ckh2ygg.1,verified_real_mendeley_cc_by_4.0
2014-03-04,1062,2326,1107,662,https://doi.org/10.17632/t76ckh2ygg.1,verified_real_mendeley_cc_by_4.0
2014-03-05,1053,2596,1115,661,https://doi.org/10.17632/t76ckh2ygg.1,verified_real_mendeley_cc_by_4.0
2014-03-06,1056,2830,1116,663,https://doi.org/10.17632/t76ckh2ygg.1,verified_real_mendeley_cc_by_4.0
2014-03-07,1075,2980,1122,663,https://doi.org/10.17632/t76ckh2ygg.1,verified_real_mendeley_cc_by_4.0
2014-03-10,1088,3023,1131,663,https://doi.org/10.17632/t76ckh2ygg.1,verified_real_mendeley_cc_by_4.0
2014-03-11,1104,3045,1137,666,https://doi.org/10.17632/t76ckh2ygg.1,verified_real_mendeley_cc_by_4.0
2014-03-12,1102,2600,1149,668,https://doi.org/10.17632/t76ckh2ygg.1,verified_real_mendeley_cc_by_4.0
2014-03-13,1106,2654,1159,668,https://doi.org/10.17632/t76ckh2ygg.1,verified_real_mendeley_cc_by_4.0
2014-03-14,1113,2677,1173,671,https://doi.org/10.17632/t76ckh2ygg.1,verified_real_mendeley_cc_by_4.0
2014-03-17,1116,2691,1183,671,https://doi.org/10.17632/t76ckh2ygg.1,verified_real_mendeley_cc_by_4.0
2014-03-18,1118,2818,1191,668,https://doi.org/10.17632/t76ckh2ygg.1,verified_real_mendeley_cc_by_4.0
2014-03-19,1120,2982,1198,667,https://doi.org/10.17632/t76ckh2ygg.1,verified_real_mendeley_cc_by_4.0
2014-03-20,1120,3129,1200,671,https://doi.org/10.17632/t76ckh2ygg.1,verified_real_mendeley_cc_by_4.0
2014-03-21,1112,3036,1205,674,https://doi.org/10.17632/t76ckh2ygg.1,verified_real_mendeley_cc_by_4.0
2014-03-24,1107,3055,1209,676,https://doi.org/10.17632/t76ckh2ygg.1,verified_real_mendeley_cc_by_4.0
2014-03-25,1088,2993,1207,676,https://doi.org/10.17632/t76ckh2ygg.1,verified_real_mendeley_cc_by_4.0
2014-03-26,1062,2761,1201,672,https://doi.org/10.17632/t76ckh2ygg.1,verified_real_mendeley_cc_by_4.0
2014-03-27,1018,2579,1180,659,https://doi.org/10.17632/t76ckh2ygg.1,verified_real_mendeley_cc_by_4.0
2014-03-28,978,2557,1139,649,https://doi.org/10.17632/t76ckh2ygg.1,verified_real_mendeley_cc_by_4.0
2014-03-31,942,2573,1115,642,https://doi.org/10.17632/t76ckh2ygg.1,verified_real_mendeley_cc_by_4.0
2014-04-01,897,2505,1090,632,https://doi.org/10.17632/t76ckh2ygg.1,verified_real_mendeley_cc_by_4.0
2014-04-02,867,2418,1068,621,https://doi.org/10.17632/t76ckh2ygg.1,verified_real_mendeley_cc_by_4.0
2014-04-03,836,2343,1047,610,https://doi.org/10.17632/t76ckh2ygg.1,verified_real_mendeley_cc_by_4.0
2014-04-04,822,2306,1025,598,https://doi.org/10.17632/t76ckh2ygg.1,verified_real_mendeley_cc_by_4.0
2014-04-07,812,2293,1003,588,https://doi.org/10.17632/t76ckh2ygg.1,verified_real_mendeley_cc_by_4.0
2014-04-08,801,2029,982,580,https://doi.org/10.17632/t76ckh2ygg.1,verified_real_mendeley_cc_by_4.0
2014-04-09,794,1946,965,571,https://doi.org/10.17632/t76ckh2ygg.1,verified_real_mendeley_cc_by_4.0
2014-04-10,787,1865,949,562,https://doi.org/10.17632/t76ckh2ygg.1,verified_real_mendeley_cc_by_4.0
2014-04-11,782,1789,936,556,https://doi.org/10.17632/t76ckh2ygg.1,verified_real_mendeley_cc_by_4.0
2014-04-14,778,1765,927,549,https://doi.org/10.17632/t76ckh2ygg.1,verified_real_mendeley_cc_by_4.0
2014-04-15,777,1724,921,543,https://doi.org/10.17632/t76ckh2ygg.1,verified_real_mendeley_cc_by_4.0
2014-04-16,792,1613,916,536,https://doi.org/10.17632/t76ckh2ygg.1,verified_real_mendeley_cc_by_4.0
2014-04-17,812,1591,909,533,https://doi.org/10.17632/t76ckh2ygg.1,verified_real_mendeley_cc_by_4.0
2014-04-22,828,1616,908,528,https://doi.org/10.17632/t76ckh2ygg.1,verified_real_mendeley_cc_by_4.0
2014-04-23,840,1674,909,524,https://doi.org/10.17632/t76ckh2ygg.1,verified_real_mendeley_cc_by_4.0
2014-04-24,852,1692,911,520,https://doi.org/10.17632/t76ckh2ygg.1,verified_real_mendeley_cc_by_4.0
2014-04-25,864,1696,909,517,https://doi.org/10.17632/t76ckh2ygg.1,verified_real_mendeley_cc_by_4.0
2014-04-28,868,1668,912,517,https://doi.org/10.17632/t76ckh2ygg.1,verified_real_mendeley_cc_by_4.0
2014-04-29,872,1613,916,515,https://doi.org/10.17632/t76ckh2ygg.1,verified_real_mendeley_cc_by_4.0
2014-04-30,871,1600,922,513,https://doi.org/10.17632/t76ckh2ygg.1,verified_real_mendeley_cc_by_4.0
2014-05-01,871,1716,919,514,https://doi.org/10.17632/t76ckh2ygg.1,verified_real_mendeley_cc_by_4.0
2014-05-02,865,1829,915,510,https://doi.org/10.17632/t76ckh2ygg.1,verified_real_mendeley_cc_by_4.0
2014-05-06,866,1691,915,510,https://doi.org/10.17632/t76ckh2ygg.1,verified_real_mendeley_cc_by_4.0
2014-05-07,869,1681,917,509,https://doi.org/10.17632/t76ckh2ygg.1,verified_real_mendeley_cc_by_4.0
2014-05-08,879,1613,920,508,https://doi.org/10.17632/t76ckh2ygg.1,verified_real_mendeley_cc_by_4.0
2014-05-09,898,1541,918,506,https://doi.org/10.17632/t76ckh2ygg.1,verified_real_mendeley_cc_by_4.0
2014-05-12,910,1483,909,504,https://doi.org/10.17632/t76ckh2ygg.1,verified_real_mendeley_cc_by_4.0
2014-05-13,933,1453,905,502,https://doi.org/10.17632/t76ckh2ygg.1,verified_real_mendeley_cc_by_4.0
2014-05-14,969,1496,904,497,https://doi.org/10.17632/t76ckh2ygg.1,verified_real_mendeley_cc_by_4.0
2014-05-15,1016,1546,904,490,https://doi.org/10.17632/t76ckh2ygg.1,verified_real_mendeley_cc_by_4.0
2014-05-16,1041,1530,901,485,https://doi.org/10.17632/t76ckh2ygg.1,verified_real_mendeley_cc_by_4.0
2014-05-19,1054,1494,899,483,https://doi.org/10.17632/t76ckh2ygg.1,verified_real_mendeley_cc_by_4.0
2014-05-20,1061,1431,896,482,https://doi.org/10.17632/t76ckh2ygg.1,verified_real_mendeley_cc_by_4.0
2014-05-21,1056,1354,891,480,https://doi.org/10.17632/t76ckh2ygg.1,verified_real_mendeley_cc_by_4.0
2014-05-22,1028,1302,884,480,https://doi.org/10.17632/t76ckh2ygg.1,verified_real_mendeley_cc_by_4.0
2014-05-23,1001,1358,872,480,https://doi.org/10.17632/t76ckh2ygg.1,verified_real_mendeley_cc_by_4.0
2014-05-27,971,1457,866,481,https://doi.org/10.17632/t76ckh2ygg.1,verified_real_mendeley_cc_by_4.0
2014-05-28,940,1405,855,481,https://doi.org/10.17632/t76ckh2ygg.1,verified_real_mendeley_cc_by_4.0
2014-05-29,904,1379,846,484,https://doi.org/10.17632/t76ckh2ygg.1,verified_real_mendeley_cc_by_4.0
2014-05-30,872,1395,839,485,https://doi.org/10.17632/t76ckh2ygg.1,verified_real_mendeley_cc_by_4.0
2014-06-02,846,1429,830,485,https://doi.org/10.17632/t76ckh2ygg.1,verified_real_mendeley_cc_by_4.0
2014-06-03,816,1545,829,485,https://doi.org/10.17632/t76ckh2ygg.1,verified_real_mendeley_cc_by_4.0
2014-06-04,786,1604,829,484,https://doi.org/10.17632/t76ckh2ygg.1,verified_real_mendeley_cc_by_4.0
2014-06-05,758,1689,821,482,https://doi.org/10.17632/t76ckh2ygg.1,verified_real_mendeley_cc_by_4.0
2014-06-06,727,1793,811,481,https://doi.org/10.17632/t76ckh2ygg.1,verified_real_mendeley_cc_by_4.0
2014-06-09,713,1846,802,478,https://doi.org/10.17632/t76ckh2ygg.1,verified_real_mendeley_cc_by_4.0
2014-06-10,699,1903,797,475,https://doi.org/10.17632/t76ckh2ygg.1,verified_real_mendeley_cc_by_4.0
2014-06-11,678,1864,787,469,https://doi.org/10.17632/t76ckh2ygg.1,verified_real_mendeley_cc_by_4.0
2014-06-12,635,1792,774,465,https://doi.org/10.17632/t76ckh2ygg.1,verified_real_mendeley_cc_by_4.0
2014-06-13,582,1730,760,459,https://doi.org/10.17632/t76ckh2ygg.1,verified_real_mendeley_cc_by_4.0
2014-06-16,542,1695,748,450,https://doi.org/10.17632/t76ckh2ygg.1,verified_real_mendeley_cc_by_4.0
2014-06-17,514,1676,740,446,https://doi.org/10.17632/t76ckh2ygg.1,verified_real_mendeley_cc_by_4.0
2014-06-18,492,1767,724,443,https://doi.org/10.17632/t76ckh2ygg.1,verified_real_mendeley_cc_by_4.0
2014-06-19,474,1919,715,442,https://doi.org/10.17632/t76ckh2ygg.1,verified_real_mendeley_cc_by_4.0
2014-06-20,461,1950,708,441,https://doi.org/10.17632/t76ckh2ygg.1,verified_real_mendeley_cc_by_4.0
2014-06-23,452,1896,704,440,https://doi.org/10.17632/t76ckh2ygg.1,verified_real_mendeley_cc_by_4.0
2014-06-24,446,1848,701,438,https://doi.org/10.17632/t76ckh2ygg.1,verified_real_mendeley_cc_by_4.0
2014-06-25,433,1799,694,433,https://doi.org/10.17632/t76ckh2ygg.1,verified_real_mendeley_cc_by_4.0
2014-06-26,423,1748,687,427,https://doi.org/10.17632/t76ckh2ygg.1,verified_real_mendeley_cc_by_4.0
2014-06-27,419,1773,679,420,https://doi.org/10.17632/t76ckh2ygg.1,verified_real_mendeley_cc_by_4.0
2014-06-30,423,1871,678,413,https://doi.org/10.17632/t76ckh2ygg.1,verified_real_mendeley_cc_by_4.0
2014-07-01,446,2045,675,409,https://doi.org/10.17632/t76ckh2ygg.1,verified_real_mendeley_cc_by_4.0
2014-07-02,485,1999,676,408,https://doi.org/10.17632/t76ckh2ygg.1,verified_real_mendeley_cc_by_4.0
2014-07-03,557,1935,677,404,https://doi.org/10.17632/t76ckh2ygg.1,verified_real_mendeley_cc_by_4.0
2014-07-04,640,1864,680,403,https://doi.org/10.17632/t76ckh2ygg.1,verified_real_mendeley_cc_by_4.0
2014-07-07,680,1808,682,402,https://doi.org/10.17632/t76ckh2ygg.1,verified_real_mendeley_cc_by_4.0
2014-07-08,704,1755,686,400,https://doi.org/10.17632/t76ckh2ygg.1,verified_real_mendeley_cc_by_4.0
2014-07-09,710,1648,687,397,https://doi.org/10.17632/t76ckh2ygg.1,verified_real_mendeley_cc_by_4.0
2014-07-10,702,1523,684,393,https://doi.org/10.17632/t76ckh2ygg.1,verified_real_mendeley_cc_by_4.0
2014-07-11,679,1465,681,390,https://doi.org/10.17632/t76ckh2ygg.1,verified_real_mendeley_cc_by_4.0
2014-07-14,666,1422,679,385,https://doi.org/10.17632/t76ckh2ygg.1,verified_real_mendeley_cc_by_4.0
2014-07-15,644,1377,675,380,https://doi.org/10.17632/t76ckh2ygg.1,verified_real_mendeley_cc_by_4.0
2014-07-16,621,1289,671,377,https://doi.org/10.17632/t76ckh2ygg.1,verified_real_mendeley_cc_by_4.0
2014-07-17,603,1248,666,373,https://doi.org/10.17632/t76ckh2ygg.1,verified_real_mendeley_cc_by_4.0
2014-07-18,586,1235,660,372,https://doi.org/10.17632/t76ckh2ygg.1,verified_real_mendeley_cc_by_4.0
2014-07-21,576,1194,659,369,https://doi.org/10.17632/t76ckh2ygg.1,verified_real_mendeley_cc_by_4.0
2014-07-22,576,1191,659,364,https://doi.org/10.17632/t76ckh2ygg.1,verified_real_mendeley_cc_by_4.0
2014-07-23,584,1198,661,361,https://doi.org/10.17632/t76ckh2ygg.1,verified_real_mendeley_cc_by_4.0
2014-07-24,596,1201,661,358,https://doi.org/10.17632/t76ckh2ygg.1,verified_real_mendeley_cc_by_4.0
2014-07-25,606,1193,666,357,https://doi.org/10.17632/t76ckh2ygg.1,verified_real_mendeley_cc_by_4.0
2014-07-28,616,1187,679,358,https://doi.org/10.17632/t76ckh2ygg.1,verified_real_mendeley_cc_by_4.0
2014-07-29,624,1195,684,357,https://doi.org/10.17632/t76ckh2ygg.1,verified_real_mendeley_cc_by_4.0
2014-07-30,625,1200,688,356,https://doi.org/10.17632/t76ckh2ygg.1,verified_real_mendeley_cc_by_4.0
2014-07-31,619,1195,704,355,https://doi.org/10.17632/t76ckh2ygg.1,verified_real_mendeley_cc_by_4.0
2014-08-01,611,1176,716,357,https://doi.org/10.17632/t76ckh2ygg.1,verified_real_mendeley_cc_by_4.0
2014-08-04,610,1178,728,356,https://doi.org/10.17632/t76ckh2ygg.1,verified_real_mendeley_cc_by_4.0
2014-08-05,609,1163,740,357,https://doi.org/10.17632/t76ckh2ygg.1,verified_real_mendeley_cc_by_4.0
2014-08-06,609,1153,753,358,https://doi.org/10.17632/t76ckh2ygg.1,verified_real_mendeley_cc_by_4.0
2014-08-07,616,1150,767,360,https://doi.org/10.17632/t76ckh2ygg.1,verified_real_mendeley_cc_by_4.0
2014-08-08,624,1166,785,363,https://doi.org/10.17632/t76ckh2ygg.1,verified_real_mendeley_cc_by_4.0
2014-08-11,634,1197,804,366,https://doi.org/10.17632/t76ckh2ygg.1,verified_real_mendeley_cc_by_4.0
2014-08-12,651,1350,819,370,https://doi.org/10.17632/t76ckh2ygg.1,verified_real_mendeley_cc_by_4.0
2014-08-13,674,1546,829,373,https://doi.org/10.17632/t76ckh2ygg.1,verified_real_mendeley_cc_by_4.0
2014-08-14,739,1882,845,376,https://doi.org/10.17632/t76ckh2ygg.1,verified_real_mendeley_cc_by_4.0
2014-08-15,803,2151,861,382,https://doi.org/10.17632/t76ckh2ygg.1,verified_real_mendeley_cc_by_4.0
2014-08-18,836,2254,877,387,https://doi.org/10.17632/t76ckh2ygg.1,verified_real_mendeley_cc_by_4.0
2014-08-19,837,2256,889,394,https://doi.org/10.17632/t76ckh2ygg.1,verified_real_mendeley_cc_by_4.0
2014-08-20,828,2380,902,399,https://doi.org/10.17632/t76ckh2ygg.1,verified_real_mendeley_cc_by_4.0
2014-08-21,818,2578,912,406,https://doi.org/10.17632/t76ckh2ygg.1,verified_real_mendeley_cc_by_4.0
2014-08-22,812,2535,925,413,https://doi.org/10.17632/t76ckh2ygg.1,verified_real_mendeley_cc_by_4.0
2014-08-26,808,2430,937,420,https://doi.org/10.17632/t76ckh2ygg.1,verified_real_mendeley_cc_by_4.0
2014-08-27,811,2366,944,427,https://doi.org/10.17632/t76ckh2ygg.1,verified_real_mendeley_cc_by_4.0
2014-08-28,842,2551,952,437,https://doi.org/10.17632/t76ckh2ygg.1,verified_real_mendeley_cc_by_4.0
2014-08-29,871,2627,963,442,https://doi.org/10.17632/t76ckh2ygg.1,verified_real_mendeley_cc_by_4.0
2014-09-01,888,2606,970,450,https://doi.org/10.17632/t76ckh2ygg.1,verified_real_mendeley_cc_by_4.0
2014-09-02,903,2568,977,456,https://doi.org/10.17632/t76ckh2ygg.1,verified_real_mendeley_cc_by_4.0
2014-09-03,919,2489,983,462,https://doi.org/10.17632/t76ckh2ygg.1,verified_real_mendeley_cc_by_4.0
2014-09-04,927,2464,988,466,https://doi.org/10.17632/t76ckh2ygg.1,verified_real_mendeley_cc_by_4.0
2014-09-05,931,2483,993,469,https://doi.org/10.17632/t76ckh2ygg.1,verified_real_mendeley_cc_by_4.0
2014-09-08,940,2519,997,472,https://doi.org/10.17632/t76ckh2ygg.1,verified_real_mendeley_cc_by_4.0
2014-09-09,940,2596,995,472,https://doi.org/10.17632/t76ckh2ygg.1,verified_real_mendeley_cc_by_4.0
2014-09-10,916,2602,1001,474,https://doi.org/10.17632/t76ckh2ygg.1,verified_real_mendeley_cc_by_4.0
2014-09-11,895,2570,1003,476,https://doi.org/10.17632/t76ckh2ygg.1,verified_real_mendeley_cc_by_4.0
2014-09-12,875,2546,1000,477,https://doi.org/10.17632/t76ckh2ygg.1,verified_real_mendeley_cc_by_4.0
2014-09-15,860,2523,1006,479,https://doi.org/10.17632/t76ckh2ygg.1,verified_real_mendeley_cc_by_4.0
2014-09-16,843,2442,1016,484,https://doi.org/10.17632/t76ckh2ygg.1,verified_real_mendeley_cc_by_4.0
2014-09-17,829,2342,1028,488,https://doi.org/10.17632/t76ckh2ygg.1,verified_real_mendeley_cc_by_4.0
2014-09-18,819,2192,1031,494,https://doi.org/10.17632/t76ckh2ygg.1,verified_real_mendeley_cc_by_4.0
2014-09-19,814,2112,1030,498,https://doi.org/10.17632/t76ckh2ygg.1,verified_real_mendeley_cc_by_4.0
2014-09-22,809,2118,1029,505,https://doi.org/10.17632/t76ckh2ygg.1,verified_real_mendeley_cc_by_4.0
2014-09-23,800,2077,1032,513,https://doi.org/10.17632/t76ckh2ygg.1,verified_real_mendeley_cc_by_4.0
2014-09-24,798,1967,1041,521,https://doi.org/10.17632/t76ckh2ygg.1,verified_real_mendeley_cc_by_4.0
2014-09-25,799,1837,1045,525,https://doi.org/10.17632/t76ckh2ygg.1,verified_real_mendeley_cc_by_4.0
2014-09-26,807,1852,1046,526,https://doi.org/10.17632/t76ckh2ygg.1,verified_real_mendeley_cc_by_4.0
2014-09-29,812,1922,1053,528,https://doi.org/10.17632/t76ckh2ygg.1,verified_real_mendeley_cc_by_4.0
2014-09-30,826,1915,1054,529,https://doi.org/10.17632/t76ckh2ygg.1,verified_real_mendeley_cc_by_4.0
2014-10-01,854,1853,1051,531,https://doi.org/10.17632/t76ckh2ygg.1,verified_real_mendeley_cc_by_4.0
2014-10-02,878,1788,1045,531,https://doi.org/10.17632/t76ckh2ygg.1,verified_real_mendeley_cc_by_4.0
2014-10-03,887,1758,1033,530,https://doi.org/10.17632/t76ckh2ygg.1,verified_real_mendeley_cc_by_4.0
2014-10-06,889,1735,1028,530,https://doi.org/10.17632/t76ckh2ygg.1,verified_real_mendeley_cc_by_4.0
2014-10-07,884,1698,1017,528,https://doi.org/10.17632/t76ckh2ygg.1,verified_real_mendeley_cc_by_4.0
2014-10-08,869,1632,1007,523,https://doi.org/10.17632/t76ckh2ygg.1,verified_real_mendeley_cc_by_4.0
2014-10-09,864,1580,993,520,https://doi.org/10.17632/t76ckh2ygg.1,verified_real_mendeley_cc_by_4.0
2014-10-10,865,1544,980,516,https://doi.org/10.17632/t76ckh2ygg.1,verified_real_mendeley_cc_by_4.0
2014-10-13,868,1521,970,513,https://doi.org/10.17632/t76ckh2ygg.1,verified_real_mendeley_cc_by_4.0
2014-10-14,885,1485,959,510,https://doi.org/10.17632/t76ckh2ygg.1,verified_real_mendeley_cc_by_4.0
2014-10-15,909,1376,952,506,https://doi.org/10.17632/t76ckh2ygg.1,verified_real_mendeley_cc_by_4.0
2014-10-16,940,1315,944,503,https://doi.org/10.17632/t76ckh2ygg.1,verified_real_mendeley_cc_by_4.0
2014-10-17,966,1362,933,501,https://doi.org/10.17632/t76ckh2ygg.1,verified_real_mendeley_cc_by_4.0
2014-10-20,995,1512,923,498,https://doi.org/10.17632/t76ckh2ygg.1,verified_real_mendeley_cc_by_4.0
2014-10-21,1032,2003,916,498,https://doi.org/10.17632/t76ckh2ygg.1,verified_real_mendeley_cc_by_4.0
2014-10-22,1066,2186,911,496,https://doi.org/10.17632/t76ckh2ygg.1,verified_real_mendeley_cc_by_4.0
2014-10-23,1099,2258,907,491,https://doi.org/10.17632/t76ckh2ygg.1,verified_real_mendeley_cc_by_4.0
2014-10-24,1121,2422,906,489,https://doi.org/10.17632/t76ckh2ygg.1,verified_real_mendeley_cc_by_4.0
2014-10-27,1137,2852,900,485,https://doi.org/10.17632/t76ckh2ygg.1,verified_real_mendeley_cc_by_4.0
2014-10-28,1172,3436,899,481,https://doi.org/10.17632/t76ckh2ygg.1,verified_real_mendeley_cc_by_4.0
2014-10-29,1202,3560,898,476,https://doi.org/10.17632/t76ckh2ygg.1,verified_real_mendeley_cc_by_4.0
2014-10-30,1222,3534,896,472,https://doi.org/10.17632/t76ckh2ygg.1,verified_real_mendeley_cc_by_4.0
2014-10-31,1233,3552,891,467,https://doi.org/10.17632/t76ckh2ygg.1,verified_real_mendeley_cc_by_4.0
2014-11-03,1241,3640,892,463,https://doi.org/10.17632/t76ckh2ygg.1,verified_real_mendeley_cc_by_4.0
2014-11-04,1238,3781,889,458,https://doi.org/10.17632/t76ckh2ygg.1,verified_real_mendeley_cc_by_4.0
2014-11-05,1224,3702,888,457,https://doi.org/10.17632/t76ckh2ygg.1,verified_real_mendeley_cc_by_4.0
2014-11-06,1205,3612,888,455,https://doi.org/10.17632/t76ckh2ygg.1,verified_real_mendeley_cc_by_4.0
2014-11-07,1183,3661,886,454,https://doi.org/10.17632/t76ckh2ygg.1,verified_real_mendeley_cc_by_4.0
2014-11-10,1168,3613,881,451,https://doi.org/10.17632/t76ckh2ygg.1,verified_real_mendeley_cc_by_4.0
2014-11-11,1150,3419,879,451,https://doi.org/10.17632/t76ckh2ygg.1,verified_real_mendeley_cc_by_4.0
2014-11-12,1133,3229,876,451,https://doi.org/10.17632/t76ckh2ygg.1,verified_real_mendeley_cc_by_4.0
2014-11-13,1112,2972,873,451,https://doi.org/10.17632/t76ckh2ygg.1,verified_real_mendeley_cc_by_4.0
2014-11-14,1089,2931,873,450,https://doi.org/10.17632/t76ckh2ygg.1,verified_real_mendeley_cc_by_4.0
2014-11-17,1069,2971,875,451,https://doi.org/10.17632/t76ckh2ygg.1,verified_real_mendeley_cc_by_4.0
2014-11-18,1061,3106,875,453,https://doi.org/10.17632/t76ckh2ygg.1,verified_real_mendeley_cc_by_4.0
2014-11-19,1055,3127,881,455,https://doi.org/10.17632/t76ckh2ygg.1,verified_real_mendeley_cc_by_4.0
2014-11-20,1053,3130,904,457,https://doi.org/10.17632/t76ckh2ygg.1,verified_real_mendeley_cc_by_4.0
2014-11-21,1055,3038,926,462,https://doi.org/10.17632/t76ckh2ygg.1,verified_real_mendeley_cc_by_4.0
2014-11-24,1059,2975,942,469,https://doi.org/10.17632/t76ckh2ygg.1,verified_real_mendeley_cc_by_4.0
2014-11-25,1064,2963,956,476,https://doi.org/10.17632/t76ckh2ygg.1,verified_real_mendeley_cc_by_4.0
2014-11-26,1073,2612,970,482,https://doi.org/10.17632/t76ckh2ygg.1,verified_real_mendeley_cc_by_4.0
2014-11-27,1099,2347,980,487,https://doi.org/10.17632/t76ckh2ygg.1,verified_real_mendeley_cc_by_4.0
2014-11-28,1120,2151,984,491,https://doi.org/10.17632/t76ckh2ygg.1,verified_real_mendeley_cc_by_4.0
2014-12-01,1124,2025,986,492,https://doi.org/10.17632/t76ckh2ygg.1,verified_real_mendeley_cc_by_4.0
2014-12-02,1119,1898,989,495,https://doi.org/10.17632/t76ckh2ygg.1,verified_real_mendeley_cc_by_4.0
2014-12-03,1108,1677,987,498,https://doi.org/10.17632/t76ckh2ygg.1,verified_real_mendeley_cc_by_4.0
2014-12-04,1097,1452,984,498,https://doi.org/10.17632/t76ckh2ygg.1,verified_real_mendeley_cc_by_4.0
2014-12-05,1088,1282,980,499,https://doi.org/10.17632/t76ckh2ygg.1,verified_real_mendeley_cc_by_4.0
2014-12-08,1081,1165,971,497,https://doi.org/10.17632/t76ckh2ygg.1,verified_real_mendeley_cc_by_4.0
2014-12-09,1066,1075,969,497,https://doi.org/10.17632/t76ckh2ygg.1,verified_real_mendeley_cc_by_4.0
2014-12-10,1047,979,966,494,https://doi.org/10.17632/t76ckh2ygg.1,verified_real_mendeley_cc_by_4.0
2014-12-11,1026,879,960,492,https://doi.org/10.17632/t76ckh2ygg.1,verified_real_mendeley_cc_by_4.0
2014-12-12,1001,763,953,493,https://doi.org/10.17632/t76ckh2ygg.1,verified_real_mendeley_cc_by_4.0
2014-12-15,980,659,950,493,https://doi.org/10.17632/t76ckh2ygg.1,verified_real_mendeley_cc_by_4.0
2014-12-16,961,617,947,495,https://doi.org/10.17632/t76ckh2ygg.1,verified_real_mendeley_cc_by_4.0
2014-12-17,945,571,942,496,https://doi.org/10.17632/t76ckh2ygg.1,verified_real_mendeley_cc_by_4.0
2014-12-18,929,517,932,496,https://doi.org/10.17632/t76ckh2ygg.1,verified_real_mendeley_cc_by_4.0
2014-12-19,907,488,925,497,https://doi.org/10.17632/t76ckh2ygg.1,verified_real_mendeley_cc_by_4.0
2014-12-22,891,480,917,495,https://doi.org/10.17632/t76ckh2ygg.1,verified_real_mendeley_cc_by_4.0
2014-12-23,872,472,906,495,https://doi.org/10.17632/t76ckh2ygg.1,verified_real_mendeley_cc_by_4.0
2014-12-24,856,474,897,495,https://doi.org/10.17632/t76ckh2ygg.1,verified_real_mendeley_cc_by_4.0
2015-01-02,827,456,887,488,https://doi.org/10.17632/t76ckh2ygg.1,verified_real_mendeley_cc_by_4.0
2015-01-05,811,442,884,482,https://doi.org/10.17632/t76ckh2ygg.1,verified_real_mendeley_cc_by_4.0
2015-01-06,794,432,873,479,https://doi.org/10.17632/t76ckh2ygg.1,verified_real_mendeley_cc_by_4.0
2015-01-07,780,397,861,466,https://doi.org/10.17632/t76ckh2ygg.1,verified_real_mendeley_cc_by_4.0
2015-01-08,776,335,843,455,https://doi.org/10.17632/t76ckh2ygg.1,verified_real_mendeley_cc_by_4.0
2015-01-09,764,311,820,446,https://doi.org/10.17632/t76ckh2ygg.1,verified_real_mendeley_cc_by_4.0
2015-01-12,762,373,800,441,https://doi.org/10.17632/t76ckh2ygg.1,verified_real_mendeley_cc_by_4.0
2015-01-13,766,537,778,435,https://doi.org/10.17632/t76ckh2ygg.1,verified_real_mendeley_cc_by_4.0
2015-01-14,766,557,763,429,https://doi.org/10.17632/t76ckh2ygg.1,verified_real_mendeley_cc_by_4.0
2015-01-15,766,585,752,425,https://doi.org/10.17632/t76ckh2ygg.1,verified_real_mendeley_cc_by_4.0
2015-01-16,759,620,735,418,https://doi.org/10.17632/t76ckh2ygg.1,verified_real_mendeley_cc_by_4.0
2015-01-19,751,662,716,415,https://doi.org/10.17632/t76ckh2ygg.1,verified_real_mendeley_cc_by_4.0
2015-01-20,741,752,699,410,https://doi.org/10.17632/t76ckh2ygg.1,verified_real_mendeley_cc_by_4.0
2015-01-21,725,971,684,402,https://doi.org/10.17632/t76ckh2ygg.1,verified_real_mendeley_cc_by_4.0
2015-01-22,704,965,673,392,https://doi.org/10.17632/t76ckh2ygg.1,verified_real_mendeley_cc_by_4.0
2015-01-23,685,887,659,380,https://doi.org/10.17632/t76ckh2ygg.1,verified_real_mendeley_cc_by_4.0
2015-01-26,669,857,650,373,https://doi.org/10.17632/t76ckh2ygg.1,verified_real_mendeley_cc_by_4.0
2015-01-27,648,831,642,364,https://doi.org/10.17632/t76ckh2ygg.1,verified_real_mendeley_cc_by_4.0
2015-01-28,620,785,632,356,https://doi.org/10.17632/t76ckh2ygg.1,verified_real_mendeley_cc_by_4.0
2015-01-29,550,725,618,348,https://doi.org/10.17632/t76ckh2ygg.1,verified_real_mendeley_cc_by_4.0
2015-01-30,508,679,599,340,https://doi.org/10.17632/t76ckh2ygg.1,verified_real_mendeley_cc_by_4.0
2015-02-02,480,665,585,332,https://doi.org/10.17632/t76ckh2ygg.1,verified_real_mendeley_cc_by_4.0
2015-02-03,454,663,567,326,https://doi.org/10.17632/t76ckh2ygg.1,verified_real_mendeley_cc_by_4.0
2015-02-04,437,669,556,321,https://doi.org/10.17632/t76ckh2ygg.1,verified_real_mendeley_cc_by_4.0
2015-02-05,428,680,545,309,https://doi.org/10.17632/t76ckh2ygg.1,verified_real_mendeley_cc_by_4.0
2015-02-06,430,689,538,301,https://doi.org/10.17632/t76ckh2ygg.1,verified_real_mendeley_cc_by_4.0
2015-02-09,434,687,530,295,https://doi.org/10.17632/t76ckh2ygg.1,verified_real_mendeley_cc_by_4.0
2015-02-10,446,711,523,289,https://doi.org/10.17632/t76ckh2ygg.1,verified_real_mendeley_cc_by_4.0
2015-02-11,469,700,516,281,https://doi.org/10.17632/t76ckh2ygg.1,verified_real_mendeley_cc_by_4.0
2015-02-12,489,652,508,273,https://doi.org/10.17632/t76ckh2ygg.1,verified_real_mendeley_cc_by_4.0
2015-02-13,499,630,496,268,https://doi.org/10.17632/t76ckh2ygg.1,verified_real_mendeley_cc_by_4.0
2015-02-16,505,614,486,263,https://doi.org/10.17632/t76ckh2ygg.1,verified_real_mendeley_cc_by_4.0
2015-02-17,508,589,480,261,https://doi.org/10.17632/t76ckh2ygg.1,verified_real_mendeley_cc_by_4.0
2015-02-18,514,564,480,260,https://doi.org/10.17632/t76ckh2ygg.1,verified_real_mendeley_cc_by_4.0
2015-02-19,516,539,478,267,https://doi.org/10.17632/t76ckh2ygg.1,verified_real_mendeley_cc_by_4.0
2015-02-20,514,542,483,270,https://doi.org/10.17632/t76ckh2ygg.1,verified_real_mendeley_cc_by_4.0
2015-02-23,512,543,490,266,https://doi.org/10.17632/t76ckh2ygg.1,verified_real_mendeley_cc_by_4.0
2015-02-24,514,534,492,274,https://doi.org/10.17632/t76ckh2ygg.1,verified_real_mendeley_cc_by_4.0
2015-02-25,519,529,490,289,https://doi.org/10.17632/t76ckh2ygg.1,verified_real_mendeley_cc_by_4.0
2015-02-26,531,525,496,300,https://doi.org/10.17632/t76ckh2ygg.1,verified_real_mendeley_cc_by_4.0
2015-02-27,540,521,506,308,https://doi.org/10.17632/t76ckh2ygg.1,verified_real_mendeley_cc_by_4.0
2015-03-02,551,516,515,318,https://doi.org/10.17632/t76ckh2ygg.1,verified_real_mendeley_cc_by_4.0
2015-03-03,564,490,528,327,https://doi.org/10.17632/t76ckh2ygg.1,verified_real_mendeley_cc_by_4.0
2015-03-04,576,478,541,338,https://doi.org/10.17632/t76ckh2ygg.1,verified_real_mendeley_cc_by_4.0
2015-03-05,583,464,550,348,https://doi.org/10.17632/t76ckh2ygg.1,verified_real_mendeley_cc_by_4.0
2015-03-06,587,470,560,352,https://doi.org/10.17632/t76ckh2ygg.1,verified_real_mendeley_cc_by_4.0
2015-03-09,590,468,566,356,https://doi.org/10.17632/t76ckh2ygg.1,verified_real_mendeley_cc_by_4.0
2015-03-10,591,457,573,357,https://doi.org/10.17632/t76ckh2ygg.1,verified_real_mendeley_cc_by_4.0
2015-03-11,588,431,580,361,https://doi.org/10.17632/t76ckh2ygg.1,verified_real_mendeley_cc_by_4.0
2015-03-12,586,394,589,364,https://doi.org/10.17632/t76ckh2ygg.1,verified_real_mendeley_cc_by_4.0
2015-03-13,585,378,596,368,https://doi.org/10.17632/t76ckh2ygg.1,verified_real_mendeley_cc_by_4.0
2015-03-16,588,372,606,370,https://doi.org/10.17632/t76ckh2ygg.1,verified_real_mendeley_cc_by_4.0
2015-03-17,595,366,611,375,https://doi.org/10.17632/t76ckh2ygg.1,verified_real_mendeley_cc_by_4.0
2015-03-18,604,357,616,378,https://doi.org/10.17632/t76ckh2ygg.1,verified_real_mendeley_cc_by_4.0
2015-03-19,613,407,623,383,https://doi.org/10.17632/t76ckh2ygg.1,verified_real_mendeley_cc_by_4.0
2015-03-20,617,423,627,384,https://doi.org/10.17632/t76ckh2ygg.1,verified_real_mendeley_cc_by_4.0
2015-03-23,617,435,635,386,https://doi.org/10.17632/t76ckh2ygg.1,verified_real_mendeley_cc_by_4.0
2015-03-24,609,448,640,388,https://doi.org/10.17632/t76ckh2ygg.1,verified_real_mendeley_cc_by_4.0
2015-03-25,602,455,645,390,https://doi.org/10.17632/t76ckh2ygg.1,verified_real_mendeley_cc_by_4.0
2015-03-26,599,456,648,390,https://doi.org/10.17632/t76ckh2ygg.1,verified_real_mendeley_cc_by_4.0
2015-03-27,597,456,648,390,https://doi.org/10.17632/t76ckh2ygg.1,verified_real_mendeley_cc_by_4.0
2015-03-30,600,460,647,393,https://doi.org/10.17632/t76ckh2ygg.1,verified_real_mendeley_cc_by_4.0
2015-03-31,598,475,649,392,https://doi.org/10.17632/t76ckh2ygg.1,verified_real_mendeley_cc_by_4.0
2015-04-01,596,463,650,389,https://doi.org/10.17632/t76ckh2ygg.1,verified_real_mendeley_cc_by_4.0
2015-04-02,589,454,646,386,https://doi.org/10.17632/t76ckh2ygg.1,verified_real_mendeley_cc_by_4.0
2015-04-07,584,448,636,385,https://doi.org/10.17632/t76ckh2ygg.1,verified_real_mendeley_cc_by_4.0
2015-04-08,585,450,631,382,https://doi.org/10.17632/t76ckh2ygg.1,verified_real_mendeley_cc_by_4.0
2015-04-09,591,461,624,379,https://doi.org/10.17632/t76ckh2ygg.1,verified_real_mendeley_cc_by_4.0
2015-04-10,600,466,617,373,https://doi.org/10.17632/t76ckh2ygg.1,verified_real_mendeley_cc_by_4.0
2015-04-13,609,460,613,369,https://doi.org/10.17632/t76ckh2ygg.1,verified_real_mendeley_cc_by_4.0
2015-04-14,619,470,609,366,https://doi.org/10.17632/t76ckh2ygg.1,verified_real_mendeley_cc_by_4.0
2015-04-15,626,494,608,362,https://doi.org/10.17632/t76ckh2ygg.1,verified_real_mendeley_cc_by_4.0
2015-04-16,636,521,608,360,https://doi.org/10.17632/t76ckh2ygg.1,verified_real_mendeley_cc_by_4.0
2015-04-17,642,532,612,358,https://doi.org/10.17632/t76ckh2ygg.1,verified_real_mendeley_cc_by_4.0
2015-04-20,646,537,619,357,https://doi.org/10.17632/t76ckh2ygg.1,verified_real_mendeley_cc_by_4.0
2015-04-21,659,549,618,355,https://doi.org/10.17632/t76ckh2ygg.1,verified_real_mendeley_cc_by_4.0
2015-04-22,669,544,619,355,https://doi.org/10.17632/t76ckh2ygg.1,verified_real_mendeley_cc_by_4.0
2015-04-23,680,543,620,351,https://doi.org/10.17632/t76ckh2ygg.1,verified_real_mendeley_cc_by_4.0
2015-04-24,685,545,621,348,https://doi.org/10.17632/t76ckh2ygg.1,verified_real_mendeley_cc_by_4.0
2015-04-27,687,546,624,347,https://doi.org/10.17632/t76ckh2ygg.1,verified_real_mendeley_cc_by_4.0
2015-04-28,685,551,626,346,https://doi.org/10.17632/t76ckh2ygg.1,verified_real_mendeley_cc_by_4.0
2015-04-29,673,558,628,345,https://doi.org/10.17632/t76ckh2ygg.1,verified_real_mendeley_cc_by_4.0
2015-04-30,658,565,627,343,https://doi.org/10.17632/t76ckh2ygg.1,verified_real_mendeley_cc_by_4.0
2015-05-01,647,574,625,340,https://doi.org/10.17632/t76ckh2ygg.1,verified_real_mendeley_cc_by_4.0
2015-05-05,633,571,621,335,https://doi.org/10.17632/t76ckh2ygg.1,verified_real_mendeley_cc_by_4.0
2015-05-06,618,574,618,332,https://doi.org/10.17632/t76ckh2ygg.1,verified_real_mendeley_cc_by_4.0
2015-05-07,603,594,618,331,https://doi.org/10.17632/t76ckh2ygg.1,verified_real_mendeley_cc_by_4.0
2015-05-08,594,616,618,329,https://doi.org/10.17632/t76ckh2ygg.1,verified_real_mendeley_cc_by_4.0
2015-05-11,586,660,618,328,https://doi.org/10.17632/t76ckh2ygg.1,verified_real_mendeley_cc_by_4.0
2015-05-12,583,731,617,327,https://doi.org/10.17632/t76ckh2ygg.1,verified_real_mendeley_cc_by_4.0
2015-05-13,584,942,619,326,https://doi.org/10.17632/t76ckh2ygg.1,verified_real_mendeley_cc_by_4.0
2015-05-14,580,972,624,326,https://doi.org/10.17632/t76ckh2ygg.1,verified_real_mendeley_cc_by_4.0
2015-05-15,579,954,626,327,https://doi.org/10.17632/t76ckh2ygg.1,verified_real_mendeley_cc_by_4.0
2015-05-18,578,950,628,326,https://doi.org/10.17632/t76ckh2ygg.1,verified_real_mendeley_cc_by_4.0
2015-05-19,574,923,626,325,https://doi.org/10.17632/t76ckh2ygg.1,verified_real_mendeley_cc_by_4.0
2015-05-20,565,889,625,326,https://doi.org/10.17632/t76ckh2ygg.1,verified_real_mendeley_cc_by_4.0
2015-05-21,556,844,623,327,https://doi.org/10.17632/t76ckh2ygg.1,verified_real_mendeley_cc_by_4.0
2015-05-22,549,816,624,327,https://doi.org/10.17632/t76ckh2ygg.1,verified_real_mendeley_cc_by_4.0
2015-05-26,540,806,627,327,https://doi.org/10.17632/t76ckh2ygg.1,verified_real_mendeley_cc_by_4.0
2015-05-27,530,823,631,327,https://doi.org/10.17632/t76ckh2ygg.1,verified_real_mendeley_cc_by_4.0
2015-05-28,525,817,635,328,https://doi.org/10.17632/t76ckh2ygg.1,verified_real_mendeley_cc_by_4.0
2015-05-29,524,810,642,331,https://doi.org/10.17632/t76ckh2ygg.1,verified_real_mendeley_cc_by_4.0
2015-06-01,522,804,647,332,https://doi.org/10.17632/t76ckh2ygg.1,verified_real_mendeley_cc_by_4.0
2015-06-02,528,821,652,332,https://doi.org/10.17632/t76ckh2ygg.1,verified_real_mendeley_cc_by_4.0
2015-06-03,544,821,653,332,https://doi.org/10.17632/t76ckh2ygg.1,verified_real_mendeley_cc_by_4.0
2015-06-04,570,818,654,333,https://doi.org/10.17632/t76ckh2ygg.1,verified_real_mendeley_cc_by_4.0
2015-06-05,596,865,654,332,https://doi.org/10.17632/t76ckh2ygg.1,verified_real_mendeley_cc_by_4.0
2015-06-08,608,856,656,331,https://doi.org/10.17632/t76ckh2ygg.1,verified_real_mendeley_cc_by_4.0
2015-06-09,630,834,655,331,https://doi.org/10.17632/t76ckh2ygg.1,verified_real_mendeley_cc_by_4.0
2015-06-10,662,816,654,333,https://doi.org/10.17632/t76ckh2ygg.1,verified_real_mendeley_cc_by_4.0
2015-06-11,696,810,661,336,https://doi.org/10.17632/t76ckh2ygg.1,verified_real_mendeley_cc_by_4.0
2015-06-12,719,820,669,338,https://doi.org/10.17632/t76ckh2ygg.1,verified_real_mendeley_cc_by_4.0
2015-06-15,742,840,678,341,https://doi.org/10.17632/t76ckh2ygg.1,verified_real_mendeley_cc_by_4.0
2015-06-16,772,904,685,345,https://doi.org/10.17632/t76ckh2ygg.1,verified_real_mendeley_cc_by_4.0
2015-06-17,817,1045,695,349,https://doi.org/10.17632/t76ckh2ygg.1,verified_real_mendeley_cc_by_4.0
2015-06-18,847,1234,706,351,https://doi.org/10.17632/t76ckh2ygg.1,verified_real_mendeley_cc_by_4.0
2015-06-19,851,1241,715,355,https://doi.org/10.17632/t76ckh2ygg.1,verified_real_mendeley_cc_by_4.0
2015-06-22,845,1248,721,355,https://doi.org/10.17632/t76ckh2ygg.1,verified_real_mendeley_cc_by_4.0
2015-06-23,834,1300,722,358,https://doi.org/10.17632/t76ckh2ygg.1,verified_real_mendeley_cc_by_4.0
2015-06-24,829,1428,721,359,https://doi.org/10.17632/t76ckh2ygg.1,verified_real_mendeley_cc_by_4.0
2015-06-25,827,1432,723,361,https://doi.org/10.17632/t76ckh2ygg.1,verified_real_mendeley_cc_by_4.0
2015-06-26,833,1393,723,362,https://doi.org/10.17632/t76ckh2ygg.1,verified_real_mendeley_cc_by_4.0
2015-06-29,838,1346,723,361,https://doi.org/10.17632/t76ckh2ygg.1,verified_real_mendeley_cc_by_4.0
2015-06-30,845,1292,722,361,https://doi.org/10.17632/t76ckh2ygg.1,verified_real_mendeley_cc_by_4.0
2015-07-01,858,1251,715,360,https://doi.org/10.17632/t76ckh2ygg.1,verified_real_mendeley_cc_by_4.0
2015-07-02,883,1226,713,360,https://doi.org/10.17632/t76ckh2ygg.1,verified_real_mendeley_cc_by_4.0
2015-07-03,908,1249,712,361,https://doi.org/10.17632/t76ckh2ygg.1,verified_real_mendeley_cc_by_4.0
2015-07-06,927,1266,716,362,https://doi.org/10.17632/t76ckh2ygg.1,verified_real_mendeley_cc_by_4.0
2015-07-07,945,1285,723,367,https://doi.org/10.17632/t76ckh2ygg.1,verified_real_mendeley_cc_by_4.0
2015-07-08,973,1278,742,373,https://doi.org/10.17632/t76ckh2ygg.1,verified_real_mendeley_cc_by_4.0
2015-07-09,1016,1279,750,377,https://doi.org/10.17632/t76ckh2ygg.1,verified_real_mendeley_cc_by_4.0
2015-07-10,1052,1318,759,384,https://doi.org/10.17632/t76ckh2ygg.1,verified_real_mendeley_cc_by_4.0
2015-07-13,1076,1389,767,391,https://doi.org/10.17632/t76ckh2ygg.1,verified_real_mendeley_cc_by_4.0
2015-07-14,1096,1394,774,399,https://doi.org/10.17632/t76ckh2ygg.1,verified_real_mendeley_cc_by_4.0
2015-07-15,1122,1462,784,409,https://doi.org/10.17632/t76ckh2ygg.1,verified_real_mendeley_cc_by_4.0
2015-07-16,1149,1611,801,417,https://doi.org/10.17632/t76ckh2ygg.1,verified_real_mendeley_cc_by_4.0
2015-07-17,1162,1712,823,427,https://doi.org/10.17632/t76ckh2ygg.1,verified_real_mendeley_cc_by_4.0
2015-07-20,1170,1763,846,431,https://doi.org/10.17632/t76ckh2ygg.1,verified_real_mendeley_cc_by_4.0
2015-07-21,1179,1935,862,432,https://doi.org/10.17632/t76ckh2ygg.1,verified_real_mendeley_cc_by_4.0
2015-07-22,1179,1952,875,433,https://doi.org/10.17632/t76ckh2ygg.1,verified_real_mendeley_cc_by_4.0
2015-07-23,1161,1924,889,431,https://doi.org/10.17632/t76ckh2ygg.1,verified_real_mendeley_cc_by_4.0
2015-07-24,1137,1896,896,428,https://doi.org/10.17632/t76ckh2ygg.1,verified_real_mendeley_cc_by_4.0
2015-07-27,1115,1935,899,427,https://doi.org/10.17632/t76ckh2ygg.1,verified_real_mendeley_cc_by_4.0
2015-07-28,1095,1990,903,425,https://doi.org/10.17632/t76ckh2ygg.1,verified_real_mendeley_cc_by_4.0
2015-07-29,1069,2103,903,423,https://doi.org/10.17632/t76ckh2ygg.1,verified_real_mendeley_cc_by_4.0
2015-07-30,1044,2116,898,422,https://doi.org/10.17632/t76ckh2ygg.1,verified_real_mendeley_cc_by_4.0
2015-07-31,1023,2209,892,423,https://doi.org/10.17632/t76ckh2ygg.1,verified_real_mendeley_cc_by_4.0
2015-08-03,1006,2308,899,424,https://doi.org/10.17632/t76ckh2ygg.1,verified_real_mendeley_cc_by_4.0
2015-08-04,1001,2512,900,425,https://doi.org/10.17632/t76ckh2ygg.1,verified_real_mendeley_cc_by_4.0
2015-08-05,1005,2604,899,427,https://doi.org/10.17632/t76ckh2ygg.1,verified_real_mendeley_cc_by_4.0
2015-08-06,1013,2514,901,432,https://doi.org/10.17632/t76ckh2ygg.1,verified_real_mendeley_cc_by_4.0
2015-08-07,1021,2512,904,438,https://doi.org/10.17632/t76ckh2ygg.1,verified_real_mendeley_cc_by_4.0
2015-08-10,1028,2499,904,443,https://doi.org/10.17632/t76ckh2ygg.1,verified_real_mendeley_cc_by_4.0
2015-08-11,1043,2367,901,446,https://doi.org/10.17632/t76ckh2ygg.1,verified_real_mendeley_cc_by_4.0
2015-08-12,1053,2107,900,447,https://doi.org/10.17632/t76ckh2ygg.1,verified_real_mendeley_cc_by_4.0
2015-08-13,1054,1875,899,448,https://doi.org/10.17632/t76ckh2ygg.1,verified_real_mendeley_cc_by_4.0
2015-08-14,1057,1884,901,449,https://doi.org/10.17632/t76ckh2ygg.1,verified_real_mendeley_cc_by_4.0
2015-08-17,1057,1913,905,449,https://doi.org/10.17632/t76ckh2ygg.1,verified_real_mendeley_cc_by_4.0
2015-08-18,1052,1838,908,449,https://doi.org/10.17632/t76ckh2ygg.1,verified_real_mendeley_cc_by_4.0
2015-08-19,1049,1773,915,453,https://doi.org/10.17632/t76ckh2ygg.1,verified_real_mendeley_cc_by_4.0
2015-08-20,1052,1679,920,460,https://doi.org/10.17632/t76ckh2ygg.1,verified_real_mendeley_cc_by_4.0
2015-08-21,1054,1559,924,464,https://doi.org/10.17632/t76ckh2ygg.1,verified_real_mendeley_cc_by_4.0
2015-08-24,1052,1403,930,469,https://doi.org/10.17632/t76ckh2ygg.1,verified_real_mendeley_cc_by_4.0
2015-08-25,1047,1248,933,473,https://doi.org/10.17632/t76ckh2ygg.1,verified_real_mendeley_cc_by_4.0
2015-08-26,1031,1089,934,477,https://doi.org/10.17632/t76ckh2ygg.1,verified_real_mendeley_cc_by_4.0
2015-08-27,1000,1051,933,479,https://doi.org/10.17632/t76ckh2ygg.1,verified_real_mendeley_cc_by_4.0
2015-08-28,974,1071,931,480,https://doi.org/10.17632/t76ckh2ygg.1,verified_real_mendeley_cc_by_4.0
2015-09-01,949,1176,925,480,https://doi.org/10.17632/t76ckh2ygg.1,verified_real_mendeley_cc_by_4.0
2015-09-02,912,1194,912,481,https://doi.org/10.17632/t76ckh2ygg.1,verified_real_mendeley_cc_by_4.0
2015-09-03,870,1195,896,483,https://doi.org/10.17632/t76ckh2ygg.1,verified_real_mendeley_cc_by_4.0
2015-09-04,837,1187,882,485,https://doi.org/10.17632/t76ckh2ygg.1,verified_real_mendeley_cc_by_4.0
2015-09-07,812,1243,870,482,https://doi.org/10.17632/t76ckh2ygg.1,verified_real_mendeley_cc_by_4.0
2015-09-08,793,1286,857,477,https://doi.org/10.17632/t76ckh2ygg.1,verified_real_mendeley_cc_by_4.0
2015-09-09,776,1256,848,472,https://doi.org/10.17632/t76ckh2ygg.1,verified_real_mendeley_cc_by_4.0
2015-09-10,751,1202,838,468,https://doi.org/10.17632/t76ckh2ygg.1,verified_real_mendeley_cc_by_4.0
2015-09-11,735,1198,824,460,https://doi.org/10.17632/t76ckh2ygg.1,verified_real_mendeley_cc_by_4.0
2015-09-14,723,1185,810,452,https://doi.org/10.17632/t76ckh2ygg.1,verified_real_mendeley_cc_by_4.0
2015-09-15,720,1196,799,445,https://doi.org/10.17632/t76ckh2ygg.1,verified_real_mendeley_cc_by_4.0
2015-09-16,716,1264,789,439,https://doi.org/10.17632/t76ckh2ygg.1,verified_real_mendeley_cc_by_4.0
2015-09-17,727,1637,783,431,https://doi.org/10.17632/t76ckh2ygg.1,verified_real_mendeley_cc_by_4.0
2015-09-18,753,1995,772,426,https://doi.org/10.17632/t76ckh2ygg.1,verified_real_mendeley_cc_by_4.0
2015-09-21,769,2096,762,421,https://doi.org/10.17632/t76ckh2ygg.1,verified_real_mendeley_cc_by_4.0
2015-09-22,769,1873,757,417,https://doi.org/10.17632/t76ckh2ygg.1,verified_real_mendeley_cc_by_4.0
2015-09-23,761,1872,749,414,https://doi.org/10.17632/t76ckh2ygg.1,verified_real_mendeley_cc_by_4.0
2015-09-24,751,1911,742,411,https://doi.org/10.17632/t76ckh2ygg.1,verified_real_mendeley_cc_by_4.0
2015-09-25,744,2024,738,408,https://doi.org/10.17632/t76ckh2ygg.1,verified_real_mendeley_cc_by_4.0
2015-09-28,738,2075,733,402,https://doi.org/10.17632/t76ckh2ygg.1,verified_real_mendeley_cc_by_4.0
2015-09-29,725,2031,724,400,https://doi.org/10.17632/t76ckh2ygg.1,verified_real_mendeley_cc_by_4.0
2015-09-30,712,1936,713,398,https://doi.org/10.17632/t76ckh2ygg.1,verified_real_mendeley_cc_by_4.0
2015-10-01,704,1911,703,396,https://doi.org/10.17632/t76ckh2ygg.1,verified_real_mendeley_cc_by_4.0
2015-10-02,701,1931,695,392,https://doi.org/10.17632/t76ckh2ygg.1,verified_real_mendeley_cc_by_4.0
2015-10-05,699,1901,691,390,https://doi.org/10.17632/t76ckh2ygg.1,verified_real_mendeley_cc_by_4.0
2015-10-06,700,1860,688,386,https://doi.org/10.17632/t76ckh2ygg.1,verified_real_mendeley_cc_by_4.0
2015-10-07,709,1742,681,384,https://doi.org/10.17632/t76ckh2ygg.1,verified_real_mendeley_cc_by_4.0
2015-10-08,736,1598,676,382,https://doi.org/10.17632/t76ckh2ygg.1,verified_real_mendeley_cc_by_4.0
2015-10-09,761,1549,672,380,https://doi.org/10.17632/t76ckh2ygg.1,verified_real_mendeley_cc_by_4.0
2015-10-12,768,1551,669,380,https://doi.org/10.17632/t76ckh2ygg.1,verified_real_mendeley_cc_by_4.0
2015-10-13,770,1531,666,379,https://doi.org/10.17632/t76ckh2ygg.1,verified_real_mendeley_cc_by_4.0
2015-10-14,761,1457,664,379,https://doi.org/10.17632/t76ckh2ygg.1,verified_real_mendeley_cc_by_4.0
2015-10-15,742,1368,662,378,https://doi.org/10.17632/t76ckh2ygg.1,verified_real_mendeley_cc_by_4.0
2015-10-16,722,1318,661,376,https://doi.org/10.17632/t76ckh2ygg.1,verified_real_mendeley_cc_by_4.0
2015-10-19,710,1312,658,371,https://doi.org/10.17632/t76ckh2ygg.1,verified_real_mendeley_cc_by_4.0
2015-10-20,701,1399,656,368,https://doi.org/10.17632/t76ckh2ygg.1,verified_real_mendeley_cc_by_4.0
2015-10-21,693,1483,654,366,https://doi.org/10.17632/t76ckh2ygg.1,verified_real_mendeley_cc_by_4.0
2015-10-22,685,1512,652,365,https://doi.org/10.17632/t76ckh2ygg.1,verified_real_mendeley_cc_by_4.0
2015-10-23,683,1461,649,362,https://doi.org/10.17632/t76ckh2ygg.1,verified_real_mendeley_cc_by_4.0
2015-10-26,681,1403,648,360,https://doi.org/10.17632/t76ckh2ygg.1,verified_real_mendeley_cc_by_4.0
2015-10-27,686,1307,646,356,https://doi.org/10.17632/t76ckh2ygg.1,verified_real_mendeley_cc_by_4.0
2015-10-28,687,1275,645,354,https://doi.org/10.17632/t76ckh2ygg.1,verified_real_mendeley_cc_by_4.0
2015-10-29,682,1254,643,351,https://doi.org/10.17632/t76ckh2ygg.1,verified_real_mendeley_cc_by_4.0
2015-10-30,675,1229,633,349,https://doi.org/10.17632/t76ckh2ygg.1,verified_real_mendeley_cc_by_4.0
2015-11-02,665,1184,629,347,https://doi.org/10.17632/t76ckh2ygg.1,verified_real_mendeley_cc_by_4.0
2015-11-03,653,1099,620,339,https://doi.org/10.17632/t76ckh2ygg.1,verified_real_mendeley_cc_by_4.0
2015-11-04,636,1043,609,333,https://doi.org/10.17632/t76ckh2ygg.1,verified_real_mendeley_cc_by_4.0
2015-11-05,618,1002,596,328,https://doi.org/10.17632/t76ckh2ygg.1,verified_real_mendeley_cc_by_4.0
2015-11-06,603,1003,584,323,https://doi.org/10.17632/t76ckh2ygg.1,verified_real_mendeley_cc_by_4.0
2015-11-09,589,1021,571,319,https://doi.org/10.17632/t76ckh2ygg.1,verified_real_mendeley_cc_by_4.0
2015-11-10,575,1018,562,316,https://doi.org/10.17632/t76ckh2ygg.1,verified_real_mendeley_cc_by_4.0
2015-11-11,555,946,554,311,https://doi.org/10.17632/t76ckh2ygg.1,verified_real_mendeley_cc_by_4.0
2015-11-12,534,881,543,307,https://doi.org/10.17632/t76ckh2ygg.1,verified_real_mendeley_cc_by_4.0
2015-11-13,514,809,533,304,https://doi.org/10.17632/t76ckh2ygg.1,verified_real_mendeley_cc_by_4.0
2015-11-16,500,770,523,302,https://doi.org/10.17632/t76ckh2ygg.1,verified_real_mendeley_cc_by_4.0
2015-11-17,487,733,516,296,https://doi.org/10.17632/t76ckh2ygg.1,verified_real_mendeley_cc_by_4.0
2015-11-18,477,671,504,292,https://doi.org/10.17632/t76ckh2ygg.1,verified_real_mendeley_cc_by_4.0
2015-11-19,468,619,491,290,https://doi.org/10.17632/t76ckh2ygg.1,verified_real_mendeley_cc_by_4.0
2015-11-20,463,606,479,288,https://doi.org/10.17632/t76ckh2ygg.1,verified_real_mendeley_cc_by_4.0
2015-11-23,461,698,472,286,https://doi.org/10.17632/t76ckh2ygg.1,verified_real_mendeley_cc_by_4.0
2015-11-24,460,731,469,285,https://doi.org/10.17632/t76ckh2ygg.1,verified_real_mendeley_cc_by_4.0
2015-11-25,463,807,467,285,https://doi.org/10.17632/t76ckh2ygg.1,verified_real_mendeley_cc_by_4.0
2015-11-26,459,898,467,284,https://doi.org/10.17632/t76ckh2ygg.1,verified_real_mendeley_cc_by_4.0
2015-11-27,456,989,467,283,https://doi.org/10.17632/t76ckh2ygg.1,verified_real_mendeley_cc_by_4.0
2015-11-30,453,1007,467,285,https://doi.org/10.17632/t76ckh2ygg.1,verified_real_mendeley_cc_by_4.0
2015-12-01,450,1046,469,286,https://doi.org/10.17632/t76ckh2ygg.1,verified_real_mendeley_cc_by_4.0
2015-12-02,446,1001,471,286,https://doi.org/10.17632/t76ckh2ygg.1,verified_real_mendeley_cc_by_4.0
2015-12-03,438,931,472,286,https://doi.org/10.17632/t76ckh2ygg.1,verified_real_mendeley_cc_by_4.0
2015-12-04,433,890,470,286,https://doi.org/10.17632/t76ckh2ygg.1,verified_real_mendeley_cc_by_4.0
2015-12-07,426,852,469,286,https://doi.org/10.17632/t76ckh2ygg.1,verified_real_mendeley_cc_by_4.0
2015-12-08,420,870,465,286,https://doi.org/10.17632/t76ckh2ygg.1,verified_real_mendeley_cc_by_4.0
2015-12-09,412,857,461,286,https://doi.org/10.17632/t76ckh2ygg.1,verified_real_mendeley_cc_by_4.0
2015-12-10,408,824,460,285,https://doi.org/10.17632/t76ckh2ygg.1,verified_real_mendeley_cc_by_4.0
2015-12-11,410,779,455,282,https://doi.org/10.17632/t76ckh2ygg.1,verified_real_mendeley_cc_by_4.0
2015-12-14,410,722,451,279,https://doi.org/10.17632/t76ckh2ygg.1,verified_real_mendeley_cc_by_4.0
2015-12-15,411,623,450,276,https://doi.org/10.17632/t76ckh2ygg.1,verified_real_mendeley_cc_by_4.0
2015-12-16,415,549,449,275,https://doi.org/10.17632/t76ckh2ygg.1,verified_real_mendeley_cc_by_4.0
2015-12-17,421,524,448,274,https://doi.org/10.17632/t76ckh2ygg.1,verified_real_mendeley_cc_by_4.0
2015-12-18,426,524,448,273,https://doi.org/10.17632/t76ckh2ygg.1,verified_real_mendeley_cc_by_4.0
2015-12-21,433,512,449,273,https://doi.org/10.17632/t76ckh2ygg.1,verified_real_mendeley_cc_by_4.0
2015-12-22,445,485,449,271,https://doi.org/10.17632/t76ckh2ygg.1,verified_real_mendeley_cc_by_4.0
2015-12-23,457,469,449,270,https://doi.org/10.17632/t76ckh2ygg.1,verified_real_mendeley_cc_by_4.0
2015-12-24,462,470,450,270,https://doi.org/10.17632/t76ckh2ygg.1,verified_real_mendeley_cc_by_4.0
2016-01-04,464,472,450,267,https://doi.org/10.17632/t76ckh2ygg.1,verified_real_mendeley_cc_by_4.0
2016-01-05,466,462,449,266,https://doi.org/10.17632/t76ckh2ygg.1,verified_real_mendeley_cc_by_4.0
2016-01-06,464,467,445,263,https://doi.org/10.17632/t76ckh2ygg.1,verified_real_mendeley_cc_by_4.0
2016-01-07,450,399,442,259,https://doi.org/10.17632/t76ckh2ygg.1,verified_real_mendeley_cc_by_4.0
2016-01-08,434,343,436,256,https://doi.org/10.17632/t76ckh2ygg.1,verified_real_mendeley_cc_by_4.0
2016-01-11,420,314,430,251,https://doi.org/10.17632/t76ckh2ygg.1,verified_real_mendeley_cc_by_4.0
2016-01-12,411,266,422,250,https://doi.org/10.17632/t76ckh2ygg.1,verified_real_mendeley_cc_by_4.0
2016-01-13,399,245,416,250,https://doi.org/10.17632/t76ckh2ygg.1,verified_real_mendeley_cc_by_4.0
2016-01-14,388,225,412,247,https://doi.org/10.17632/t76ckh2ygg.1,verified_real_mendeley_cc_by_4.0
2016-01-15,381,198,402,245,https://doi.org/10.17632/t76ckh2ygg.1,verified_real_mendeley_cc_by_4.0
2016-01-18,375,197,394,243,https://doi.org/10.17632/t76ckh2ygg.1,verified_real_mendeley_cc_by_4.0
2016-01-19,369,185,388,240,https://doi.org/10.17632/t76ckh2ygg.1,verified_real_mendeley_cc_by_4.0
2016-01-20,360,186,381,238,https://doi.org/10.17632/t76ckh2ygg.1,verified_real_mendeley_cc_by_4.0
2016-01-21,346,206,372,237,https://doi.org/10.17632/t76ckh2ygg.1,verified_real_mendeley_cc_by_4.0
2016-01-22,334,229,366,233,https://doi.org/10.17632/t76ckh2ygg.1,verified_real_mendeley_cc_by_4.0
2016-01-25,325,254,358,231,https://doi.org/10.17632/t76ckh2ygg.1,verified_real_mendeley_cc_by_4.0
2016-01-26,312,242,350,229,https://doi.org/10.17632/t76ckh2ygg.1,verified_real_mendeley_cc_by_4.0
2016-01-27,303,235,338,225,https://doi.org/10.17632/t76ckh2ygg.1,verified_real_mendeley_cc_by_4.0
2016-01-28,293,216,327,222,https://doi.org/10.17632/t76ckh2ygg.1,verified_real_mendeley_cc_by_4.0
2016-01-29,287,211,316,219,https://doi.org/10.17632/t76ckh2ygg.1,verified_real_mendeley_cc_by_4.0
2016-02-01,282,217,304,216,https://doi.org/10.17632/t76ckh2ygg.1,verified_real_mendeley_cc_by_4.0
2016-02-02,282,217,299,212,https://doi.org/10.17632/t76ckh2ygg.1,verified_real_mendeley_cc_by_4.0
2016-02-03,284,209,289,203,https://doi.org/10.17632/t76ckh2ygg.1,verified_real_mendeley_cc_by_4.0
2016-02-04,289,208,280,197,https://doi.org/10.17632/t76ckh2ygg.1,verified_real_mendeley_cc_by_4.0
2016-02-05,295,212,271,194,https://doi.org/10.17632/t76ckh2ygg.1,verified_real_mendeley_cc_by_4.0
2016-02-08,298,207,262,190,https://doi.org/10.17632/t76ckh2ygg.1,verified_real_mendeley_cc_by_4.0
2016-02-09,297,207,255,188,https://doi.org/10.17632/t76ckh2ygg.1,verified_real_mendeley_cc_by_4.0
2016-02-10,301,208,250,186,https://doi.org/10.17632/t76ckh2ygg.1,verified_real_mendeley_cc_by_4.0
2016-02-11,312,206,247,184,https://doi.org/10.17632/t76ckh2ygg.1,verified_real_mendeley_cc_by_4.0
2016-02-12,324,199,244,183,https://doi.org/10.17632/t76ckh2ygg.1,verified_real_mendeley_cc_by_4.0
2016-02-15,334,204,243,183,https://doi.org/10.17632/t76ckh2ygg.1,verified_real_mendeley_cc_by_4.0
2016-02-16,346,223,247,184,https://doi.org/10.17632/t76ckh2ygg.1,verified_real_mendeley_cc_by_4.0
2016-02-17,357,223,252,186,https://doi.org/10.17632/t76ckh2ygg.1,verified_real_mendeley_cc_by_4.0
2016-02-18,358,220,259,193,https://doi.org/10.17632/t76ckh2ygg.1,verified_real_mendeley_cc_by_4.0
2016-02-19,355,207,270,198,https://doi.org/10.17632/t76ckh2ygg.1,verified_real_mendeley_cc_by_4.0
2016-02-22,350,197,286,200,https://doi.org/10.17632/t76ckh2ygg.1,verified_real_mendeley_cc_by_4.0
2016-02-23,346,189,298,203,https://doi.org/10.17632/t76ckh2ygg.1,verified_real_mendeley_cc_by_4.0
2016-02-24,346,186,310,206,https://doi.org/10.17632/t76ckh2ygg.1,verified_real_mendeley_cc_by_4.0
2016-02-25,346,182,321,209,https://doi.org/10.17632/t76ckh2ygg.1,verified_real_mendeley_cc_by_4.0
2016-02-26,352,177,328,212,https://doi.org/10.17632/t76ckh2ygg.1,verified_real_mendeley_cc_by_4.0
2016-02-29,354,174,333,214,https://doi.org/10.17632/t76ckh2ygg.1,verified_real_mendeley_cc_by_4.0
2016-03-01,357,174,339,217,https://doi.org/10.17632/t76ckh2ygg.1,verified_real_mendeley_cc_by_4.0
2016-03-02,364,171,345,220,https://doi.org/10.17632/t76ckh2ygg.1,verified_real_mendeley_cc_by_4.0
2016-03-03,374,166,350,227,https://doi.org/10.17632/t76ckh2ygg.1,verified_real_mendeley_cc_by_4.0
2016-03-04,386,164,363,232,https://doi.org/10.17632/t76ckh2ygg.1,verified_real_mendeley_cc_by_4.0
2016-03-07,397,161,371,237,https://doi.org/10.17632/t76ckh2ygg.1,verified_real_mendeley_cc_by_4.0
2016-03-08,422,180,377,240,https://doi.org/10.17632/t76ckh2ygg.1,verified_real_mendeley_cc_by_4.0
2016-03-09,447,178,386,243,https://doi.org/10.17632/t76ckh2ygg.1,verified_real_mendeley_cc_by_4.0
2016-03-10,466,178,399,246,https://doi.org/10.17632/t76ckh2ygg.1,verified_real_mendeley_cc_by_4.0
2016-03-11,477,176,412,249,https://doi.org/10.17632/t76ckh2ygg.1,verified_real_mendeley_cc_by_4.0
2016-03-14,481,179,420,252,https://doi.org/10.17632/t76ckh2ygg.1,verified_real_mendeley_cc_by_4.0
2016-03-15,481,186,427,255,https://doi.org/10.17632/t76ckh2ygg.1,verified_real_mendeley_cc_by_4.0
2016-03-16,474,172,432,257,https://doi.org/10.17632/t76ckh2ygg.1,verified_real_mendeley_cc_by_4.0
2016-03-17,467,178,439,258,https://doi.org/10.17632/t76ckh2ygg.1,verified_real_mendeley_cc_by_4.0
2016-03-18,463,197,445,260,https://doi.org/10.17632/t76ckh2ygg.1,verified_real_mendeley_cc_by_4.0
2016-03-21,459,197,449,262,https://doi.org/10.17632/t76ckh2ygg.1,verified_real_mendeley_cc_by_4.0
2016-03-22,455,186,460,264,https://doi.org/10.17632/t76ckh2ygg.1,verified_real_mendeley_cc_by_4.0
2016-03-23,458,196,464,266,https://doi.org/10.17632/t76ckh2ygg.1,verified_real_mendeley_cc_by_4.0
2016-03-24,466,203,468,268,https://doi.org/10.17632/t76ckh2ygg.1,verified_real_mendeley_cc_by_4.0
2016-03-29,471,207,473,270,https://doi.org/10.17632/t76ckh2ygg.1,verified_real_mendeley_cc_by_4.0
2016-03-30,484,210,474,271,https://doi.org/10.17632/t76ckh2ygg.1,verified_real_mendeley_cc_by_4.0
2016-03-31,501,270,475,272,https://doi.org/10.17632/t76ckh2ygg.1,verified_real_mendeley_cc_by_4.0
2016-04-01,535,345,476,272,https://doi.org/10.17632/t76ckh2ygg.1,verified_real_mendeley_cc_by_4.0
2016-04-04,563,424,476,274,https://doi.org/10.17632/t76ckh2ygg.1,verified_real_mendeley_cc_by_4.0
2016-04-05,596,466,479,275,https://doi.org/10.17632/t76ckh2ygg.1,verified_real_mendeley_cc_by_4.0
2016-04-06,619,477,479,278,https://doi.org/10.17632/t76ckh2ygg.1,verified_real_mendeley_cc_by_4.0
2016-04-07,627,562,482,280,https://doi.org/10.17632/t76ckh2ygg.1,verified_real_mendeley_cc_by_4.0
2016-04-08,643,656,485,286,https://doi.org/10.17632/t76ckh2ygg.1,verified_real_mendeley_cc_by_4.0
2016-04-11,654,733,488,288,https://doi.org/10.17632/t76ckh2ygg.1,verified_real_mendeley_cc_by_4.0
2016-04-12,666,744,492,290,https://doi.org/10.17632/t76ckh2ygg.1,verified_real_mendeley_cc_by_4.0
2016-04-13,678,744,498,296,https://doi.org/10.17632/t76ckh2ygg.1,verified_real_mendeley_cc_by_4.0
2016-04-14,700,831,506,309,https://doi.org/10.17632/t76ckh2ygg.1,verified_real_mendeley_cc_by_4.0
2016-04-15,727,949,514,321,https://doi.org/10.17632/t76ckh2ygg.1,verified_real_mendeley_cc_by_4.0
2016-04-18,740,1030,525,328,https://doi.org/10.17632/t76ckh2ygg.1,verified_real_mendeley_cc_by_4.0
2016-04-19,746,1065,529,334,https://doi.org/10.17632/t76ckh2ygg.1,verified_real_mendeley_cc_by_4.0
2016-04-20,747,1022,534,342,https://doi.org/10.17632/t76ckh2ygg.1,verified_real_mendeley_cc_by_4.0
2016-04-21,743,1004,543,348,https://doi.org/10.17632/t76ckh2ygg.1,verified_real_mendeley_cc_by_4.0
2016-04-22,736,1085,551,354,https://doi.org/10.17632/t76ckh2ygg.1,verified_real_mendeley_cc_by_4.0
2016-04-25,727,1087,558,356,https://doi.org/10.17632/t76ckh2ygg.1,verified_real_mendeley_cc_by_4.0
2016-04-26,718,1135,562,358,https://doi.org/10.17632/t76ckh2ygg.1,verified_real_mendeley_cc_by_4.0
2016-04-27,704,1160,564,362,https://doi.org/10.17632/t76ckh2ygg.1,verified_real_mendeley_cc_by_4.0
2016-04-28,685,1137,573,365,https://doi.org/10.17632/t76ckh2ygg.1,verified_real_mendeley_cc_by_4.0
2016-04-29,667,1117,578,367,https://doi.org/10.17632/t76ckh2ygg.1,verified_real_mendeley_cc_by_4.0
2016-05-03,640,1055,582,368,https://doi.org/10.17632/t76ckh2ygg.1,verified_real_mendeley_cc_by_4.0
2016-05-04,621,954,583,365,https://doi.org/10.17632/t76ckh2ygg.1,verified_real_mendeley_cc_by_4.0
2016-05-05,607,915,583,365,https://doi.org/10.17632/t76ckh2ygg.1,verified_real_mendeley_cc_by_4.0
2016-05-06,591,892,582,359,https://doi.org/10.17632/t76ckh2ygg.1,verified_real_mendeley_cc_by_4.0
2016-05-09,584,837,578,355,https://doi.org/10.17632/t76ckh2ygg.1,verified_real_mendeley_cc_by_4.0
2016-05-10,581,752,575,352,https://doi.org/10.17632/t76ckh2ygg.1,verified_real_mendeley_cc_by_4.0
2016-05-11,583,713,567,349,https://doi.org/10.17632/t76ckh2ygg.1,verified_real_mendeley_cc_by_4.0
2016-05-12,589,724,560,347,https://doi.org/10.17632/t76ckh2ygg.1,verified_real_mendeley_cc_by_4.0
2016-05-13,597,798,555,347,https://doi.org/10.17632/t76ckh2ygg.1,verified_real_mendeley_cc_by_4.0
2016-05-16,598,854,553,347,https://doi.org/10.17632/t76ckh2ygg.1,verified_real_mendeley_cc_by_4.0
2016-05-17,604,988,552,345,https://doi.org/10.17632/t76ckh2ygg.1,verified_real_mendeley_cc_by_4.0
2016-05-18,611,954,552,342,https://doi.org/10.17632/t76ckh2ygg.1,verified_real_mendeley_cc_by_4.0
2016-05-19,617,906,553,342,https://doi.org/10.17632/t76ckh2ygg.1,verified_real_mendeley_cc_by_4.0
2016-05-20,614,870,558,343,https://doi.org/10.17632/t76ckh2ygg.1,verified_real_mendeley_cc_by_4.0
2016-05-23,611,870,562,344,https://doi.org/10.17632/t76ckh2ygg.1,verified_real_mendeley_cc_by_4.0
2016-05-24,608,848,565,345,https://doi.org/10.17632/t76ckh2ygg.1,verified_real_mendeley_cc_by_4.0
2016-05-25,596,799,568,346,https://doi.org/10.17632/t76ckh2ygg.1,verified_real_mendeley_cc_by_4.0
2016-05-26,586,793,571,347,https://doi.org/10.17632/t76ckh2ygg.1,verified_real_mendeley_cc_by_4.0
2016-05-27,582,830,575,347,https://doi.org/10.17632/t76ckh2ygg.1,verified_real_mendeley_cc_by_4.0
2016-05-31,574,854,579,351,https://doi.org/10.17632/t76ckh2ygg.1,verified_real_mendeley_cc_by_4.0
2016-06-01,568,861,580,355,https://doi.org/10.17632/t76ckh2ygg.1,verified_real_mendeley_cc_by_4.0
2016-06-02,560,854,578,354,https://doi.org/10.17632/t76ckh2ygg.1,verified_real_mendeley_cc_by_4.0
2016-06-03,550,913,575,349,https://doi.org/10.17632/t76ckh2ygg.1,verified_real_mendeley_cc_by_4.0
2016-06-06,544,922,574,345,https://doi.org/10.17632/t76ckh2ygg.1,verified_real_mendeley_cc_by_4.0
2016-06-07,542,920,570,344,https://doi.org/10.17632/t76ckh2ygg.1,verified_real_mendeley_cc_by_4.0
2016-06-08,540,973,567,338,https://doi.org/10.17632/t76ckh2ygg.1,verified_real_mendeley_cc_by_4.0
2016-06-09,543,995,564,332,https://doi.org/10.17632/t76ckh2ygg.1,verified_real_mendeley_cc_by_4.0
2016-06-10,543,1006,560,327,https://doi.org/10.17632/t76ckh2ygg.1,verified_real_mendeley_cc_by_4.0
2016-06-13,542,1014,557,322,https://doi.org/10.17632/t76ckh2ygg.1,verified_real_mendeley_cc_by_4.0
2016-06-14,543,1018,554,317,https://doi.org/10.17632/t76ckh2ygg.1,verified_real_mendeley_cc_by_4.0
2016-06-15,545,1000,552,315,https://doi.org/10.17632/t76ckh2ygg.1,verified_real_mendeley_cc_by_4.0
2016-06-16,545,976,552,314,https://doi.org/10.17632/t76ckh2ygg.1,verified_real_mendeley_cc_by_4.0
2016-06-17,546,927,554,311,https://doi.org/10.17632/t76ckh2ygg.1,verified_real_mendeley_cc_by_4.0
2016-06-20,546,897,555,312,https://doi.org/10.17632/t76ckh2ygg.1,verified_real_mendeley_cc_by_4.0
2016-06-21,548,873,559,315,https://doi.org/10.17632/t76ckh2ygg.1,verified_real_mendeley_cc_by_4.0
2016-06-22,556,878,563,318,https://doi.org/10.17632/t76ckh2ygg.1,verified_real_mendeley_cc_by_4.0
2016-06-23,569,897,570,322,https://doi.org/10.17632/t76ckh2ygg.1,verified_real_mendeley_cc_by_4.0
2016-06-24,585,913,577,329,https://doi.org/10.17632/t76ckh2ygg.1,verified_real_mendeley_cc_by_4.0
2016-06-27,601,919,583,331,https://doi.org/10.17632/t76ckh2ygg.1,verified_real_mendeley_cc_by_4.0
2016-06-28,618,936,587,336,https://doi.org/10.17632/t76ckh2ygg.1,verified_real_mendeley_cc_by_4.0
2016-06-29,634,955,593,338,https://doi.org/10.17632/t76ckh2ygg.1,verified_real_mendeley_cc_by_4.0
2016-06-30,662,996,606,342,https://doi.org/10.17632/t76ckh2ygg.1,verified_real_mendeley_cc_by_4.0
2016-07-01,691,1030,619,344,https://doi.org/10.17632/t76ckh2ygg.1,verified_real_mendeley_cc_by_4.0
2016-07-04,710,1049,627,347,https://doi.org/10.17632/t76ckh2ygg.1,verified_real_mendeley_cc_by_4.0
2016-07-05,735,1034,633,349,https://doi.org/10.17632/t76ckh2ygg.1,verified_real_mendeley_cc_by_4.0
2016-07-06,755,1019,637,349,https://doi.org/10.17632/t76ckh2ygg.1,verified_real_mendeley_cc_by_4.0
2016-07-07,779,1008,639,352,https://doi.org/10.17632/t76ckh2ygg.1,verified_real_mendeley_cc_by_4.0
2016-07-08,792,1002,644,354,https://doi.org/10.17632/t76ckh2ygg.1,verified_real_mendeley_cc_by_4.0
2016-07-11,799,991,647,356,https://doi.org/10.17632/t76ckh2ygg.1,verified_real_mendeley_cc_by_4.0
2016-07-12,809,987,651,358,https://doi.org/10.17632/t76ckh2ygg.1,verified_real_mendeley_cc_by_4.0
2016-07-13,819,1010,666,360,https://doi.org/10.17632/t76ckh2ygg.1,verified_real_mendeley_cc_by_4.0
2016-07-14,842,1020,679,361,https://doi.org/10.17632/t76ckh2ygg.1,verified_real_mendeley_cc_by_4.0
2016-07-15,863,1023,686,363,https://doi.org/10.17632/t76ckh2ygg.1,verified_real_mendeley_cc_by_4.0
2016-07-18,874,1016,693,366,https://doi.org/10.17632/t76ckh2ygg.1,verified_real_mendeley_cc_by_4.0
2016-07-19,879,986,697,371,https://doi.org/10.17632/t76ckh2ygg.1,verified_real_mendeley_cc_by_4.0
2016-07-20,872,937,700,376,https://doi.org/10.17632/t76ckh2ygg.1,verified_real_mendeley_cc_by_4.0
2016-07-21,850,906,702,379,https://doi.org/10.17632/t76ckh2ygg.1,verified_real_mendeley_cc_by_4.0
2016-07-22,827,895,701,383,https://doi.org/10.17632/t76ckh2ygg.1,verified_real_mendeley_cc_by_4.0
2016-07-25,806,877,698,386,https://doi.org/10.17632/t76ckh2ygg.1,verified_real_mendeley_cc_by_4.0
2016-07-26,784,841,697,390,https://doi.org/10.17632/t76ckh2ygg.1,verified_real_mendeley_cc_by_4.0
2016-07-27,752,803,690,392,https://doi.org/10.17632/t76ckh2ygg.1,verified_real_mendeley_cc_by_4.0
2016-07-28,719,780,684,396,https://doi.org/10.17632/t76ckh2ygg.1,verified_real_mendeley_cc_by_4.0
2016-07-29,692,768,676,399,https://doi.org/10.17632/t76ckh2ygg.1,verified_real_mendeley_cc_by_4.0
2016-08-01,673,757,671,401,https://doi.org/10.17632/t76ckh2ygg.1,verified_real_mendeley_cc_by_4.0
2016-08-02,658,757,667,400,https://doi.org/10.17632/t76ckh2ygg.1,verified_real_mendeley_cc_by_4.0
2016-08-03,648,758,663,397,https://doi.org/10.17632/t76ckh2ygg.1,verified_real_mendeley_cc_by_4.0
2016-08-04,641,759,660,395,https://doi.org/10.17632/t76ckh2ygg.1,verified_real_mendeley_cc_by_4.0
2016-08-05,640,770,654,394,https://doi.org/10.17632/t76ckh2ygg.1,verified_real_mendeley_cc_by_4.0
2016-08-08,638,777,647,392,https://doi.org/10.17632/t76ckh2ygg.1,verified_real_mendeley_cc_by_4.0
2016-08-09,642,770,645,389,https://doi.org/10.17632/t76ckh2ygg.1,verified_real_mendeley_cc_by_4.0
2016-08-10,659,795,642,391,https://doi.org/10.17632/t76ckh2ygg.1,verified_real_mendeley_cc_by_4.0
2016-08-11,687,833,639,394,https://doi.org/10.17632/t76ckh2ygg.1,verified_real_mendeley_cc_by_4.0
2016-08-12,703,891,640,396,https://doi.org/10.17632/t76ckh2ygg.1,verified_real_mendeley_cc_by_4.0
2016-08-15,713,920,643,399,https://doi.org/10.17632/t76ckh2ygg.1,verified_real_mendeley_cc_by_4.0
2016-08-16,721,926,646,403,https://doi.org/10.17632/t76ckh2ygg.1,verified_real_mendeley_cc_by_4.0
2016-08-17,726,885,652,405,https://doi.org/10.17632/t76ckh2ygg.1,verified_real_mendeley_cc_by_4.0
2016-08-18,727,852,666,407,https://doi.org/10.17632/t76ckh2ygg.1,verified_real_mendeley_cc_by_4.0
2016-08-19,727,843,677,412,https://doi.org/10.17632/t76ckh2ygg.1,verified_real_mendeley_cc_by_4.0
2016-08-22,721,848,686,416,https://doi.org/10.17632/t76ckh2ygg.1,verified_real_mendeley_cc_by_4.0
2016-08-23,714,861,694,420,https://doi.org/10.17632/t76ckh2ygg.1,verified_real_mendeley_cc_by_4.0
2016-08-24,706,910,702,425,https://doi.org/10.17632/t76ckh2ygg.1,verified_real_mendeley_cc_by_4.0
2016-08-25,700,974,712,428,https://doi.org/10.17632/t76ckh2ygg.1,verified_real_mendeley_cc_by_4.0
2016-08-26,687,1001,715,431,https://doi.org/10.17632/t76ckh2ygg.1,verified_real_mendeley_cc_by_4.0
2016-08-30,674,986,719,432,https://doi.org/10.17632/t76ckh2ygg.1,verified_real_mendeley_cc_by_4.0
2016-08-31,660,978,721,432,https://doi.org/10.17632/t76ckh2ygg.1,verified_real_mendeley_cc_by_4.0
2016-09-01,652,1002,723,433,https://doi.org/10.17632/t76ckh2ygg.1,verified_real_mendeley_cc_by_4.0
2016-09-02,644,1054,721,432,https://doi.org/10.17632/t76ckh2ygg.1,verified_real_mendeley_cc_by_4.0
2016-09-05,640,1079,718,429,https://doi.org/10.17632/t76ckh2ygg.1,verified_real_mendeley_cc_by_4.0
2016-09-06,641,1182,714,425,https://doi.org/10.17632/t76ckh2ygg.1,verified_real_mendeley_cc_by_4.0
2016-09-07,648,1371,702,422,https://doi.org/10.17632/t76ckh2ygg.1,verified_real_mendeley_cc_by_4.0
2016-09-08,655,1478,694,420,https://doi.org/10.17632/t76ckh2ygg.1,verified_real_mendeley_cc_by_4.0
2016-09-09,658,1566,688,419,https://doi.org/10.17632/t76ckh2ygg.1,verified_real_mendeley_cc_by_4.0
2016-09-12,659,1581,681,417,https://doi.org/10.17632/t76ckh2ygg.1,verified_real_mendeley_cc_by_4.0
2016-09-13,656,1607,671,415,https://doi.org/10.17632/t76ckh2ygg.1,verified_real_mendeley_cc_by_4.0
2016-09-14,649,1444,665,415,https://doi.org/10.17632/t76ckh2ygg.1,verified_real_mendeley_cc_by_4.0
2016-09-15,645,1487,661,415,https://doi.org/10.17632/t76ckh2ygg.1,verified_real_mendeley_cc_by_4.0
2016-09-16,646,1680,660,415,https://doi.org/10.17632/t76ckh2ygg.1,verified_real_mendeley_cc_by_4.0
2016-09-19,650,1853,661,416,https://doi.org/10.17632/t76ckh2ygg.1,verified_real_mendeley_cc_by_4.0
2016-09-20,657,1964,660,417,https://doi.org/10.17632/t76ckh2ygg.1,verified_real_mendeley_cc_by_4.0
2016-09-21,673,2118,662,418,https://doi.org/10.17632/t76ckh2ygg.1,verified_real_mendeley_cc_by_4.0
2016-09-22,700,2389,688,420,https://doi.org/10.17632/t76ckh2ygg.1,verified_real_mendeley_cc_by_4.0
2016-09-23,722,2383,671,421,https://doi.org/10.17632/t76ckh2ygg.1,verified_real_mendeley_cc_by_4.0
2016-09-26,739,2325,673,422,https://doi.org/10.17632/t76ckh2ygg.1,verified_real_mendeley_cc_by_4.0
2016-09-27,750,2298,674,422,https://doi.org/10.17632/t76ckh2ygg.1,verified_real_mendeley_cc_by_4.0
2016-09-28,751,2196,676,422,https://doi.org/10.17632/t76ckh2ygg.1,verified_real_mendeley_cc_by_4.0
2016-09-29,741,2067,676,422,https://doi.org/10.17632/t76ckh2ygg.1,verified_real_mendeley_cc_by_4.0
2016-09-30,726,2008,679,421,https://doi.org/10.17632/t76ckh2ygg.1,verified_real_mendeley_cc_by_4.0
2016-10-03,713,1971,681,419,https://doi.org/10.17632/t76ckh2ygg.1,verified_real_mendeley_cc_by_4.0
2016-10-04,705,1970,681,417,https://doi.org/10.17632/t76ckh2ygg.1,verified_real_mendeley_cc_by_4.0
2016-10-05,699,2012,680,415,https://doi.org/10.17632/t76ckh2ygg.1,verified_real_mendeley_cc_by_4.0
2016-10-06,704,2218,678,413,https://doi.org/10.17632/t76ckh2ygg.1,verified_real_mendeley_cc_by_4.0
2016-10-07,717,2245,677,411,https://doi.org/10.17632/t76ckh2ygg.1,verified_real_mendeley_cc_by_4.0
2016-10-10,729,2235,677,410,https://doi.org/10.17632/t76ckh2ygg.1,verified_real_mendeley_cc_by_4.0
2016-10-11,745,2235,676,409,https://doi.org/10.17632/t76ckh2ygg.1,verified_real_mendeley_cc_by_4.0
2016-10-12,763,2154,674,408,https://doi.org/10.17632/t76ckh2ygg.1,verified_real_mendeley_cc_by_4.0
2016-10-13,790,2018,673,410,https://doi.org/10.17632/t76ckh2ygg.1,verified_real_mendeley_cc_by_4.0
2016-10-14,819,2018,674,411,https://doi.org/10.17632/t76ckh2ygg.1,verified_real_mendeley_cc_by_4.0
2016-10-17,838,2003,676,413,https://doi.org/10.17632/t76ckh2ygg.1,verified_real_mendeley_cc_by_4.0
2016-10-18,860,1950,678,417,https://doi.org/10.17632/t76ckh2ygg.1,verified_real_mendeley_cc_by_4.0
2016-10-19,885,1826,682,421,https://doi.org/10.17632/t76ckh2ygg.1,verified_real_mendeley_cc_by_4.0
2016-10-20,905,1637,691,424,https://doi.org/10.17632/t76ckh2ygg.1,verified_real_mendeley_cc_by_4.0
2016-10-21,915,1575,700,427,https://doi.org/10.17632/t76ckh2ygg.1,verified_real_mendeley_cc_by_4.0
2016-10-24,923,1471,705,428,https://doi.org/10.17632/t76ckh2ygg.1,verified_real_mendeley_cc_by_4.0
2016-10-25,925,1348,710,430,https://doi.org/10.17632/t76ckh2ygg.1,verified_real_mendeley_cc_by_4.0
2016-10-26,925,1275,714,430,https://doi.org/10.17632/t76ckh2ygg.1,verified_real_mendeley_cc_by_4.0
2016-10-27,921,1248,719,432,https://doi.org/10.17632/t76ckh2ygg.1,verified_real_mendeley_cc_by_4.0
2016-10-28,913,1417,722,433,https://doi.org/10.17632/t76ckh2ygg.1,verified_real_mendeley_cc_by_4.0
2016-10-31,905,1534,722,435,https://doi.org/10.17632/t76ckh2ygg.1,verified_real_mendeley_cc_by_4.0
2016-11-01,895,1443,721,436,https://doi.org/10.17632/t76ckh2ygg.1,verified_real_mendeley_cc_by_4.0
2016-11-02,885,1451,718,434,https://doi.org/10.17632/t76ckh2ygg.1,verified_real_mendeley_cc_by_4.0
2016-11-03,886,1544,718,434,https://doi.org/10.17632/t76ckh2ygg.1,verified_real_mendeley_cc_by_4.0
2016-11-04,885,1593,716,433,https://doi.org/10.17632/t76ckh2ygg.1,verified_real_mendeley_cc_by_4.0
2016-11-07,889,1636,712,431,https://doi.org/10.17632/t76ckh2ygg.1,verified_real_mendeley_cc_by_4.0
2016-11-08,903,1786,708,431,https://doi.org/10.17632/t76ckh2ygg.1,verified_real_mendeley_cc_by_4.0
2016-11-09,927,1954,703,429,https://doi.org/10.17632/t76ckh2ygg.1,verified_real_mendeley_cc_by_4.0
2016-11-10,956,2010,703,430,https://doi.org/10.17632/t76ckh2ygg.1,verified_real_mendeley_cc_by_4.0
2016-11-11,1011,2303,705,428,https://doi.org/10.17632/t76ckh2ygg.1,verified_real_mendeley_cc_by_4.0
2016-11-14,1058,2338,707,433,https://doi.org/10.17632/t76ckh2ygg.1,verified_real_mendeley_cc_by_4.0
2016-11-15,1162,2282,713,436,https://doi.org/10.17632/t76ckh2ygg.1,verified_real_mendeley_cc_by_4.0
2016-11-16,1263,2441,722,443,https://doi.org/10.17632/t76ckh2ygg.1,verified_real_mendeley_cc_by_4.0
2016-11-17,1353,2731,748,454,https://doi.org/10.17632/t76ckh2ygg.1,verified_real_mendeley_cc_by_4.0
2016-11-18,1388,2752,809,466,https://doi.org/10.17632/t76ckh2ygg.1,verified_real_mendeley_cc_by_4.0
2016-11-21,1387,2638,835,477,https://doi.org/10.17632/t76ckh2ygg.1,verified_real_mendeley_cc_by_4.0
2016-11-22,1382,2598,852,485,https://doi.org/10.17632/t76ckh2ygg.1,verified_real_mendeley_cc_by_4.0
2016-11-23,1387,2507,874,501,https://doi.org/10.17632/t76ckh2ygg.1,verified_real_mendeley_cc_by_4.0
2016-11-24,1385,2374,897,512,https://doi.org/10.17632/t76ckh2ygg.1,verified_real_mendeley_cc_by_4.0
2016-11-25,1389,2263,908,520,https://doi.org/10.17632/t76ckh2ygg.1,verified_real_mendeley_cc_by_4.0
2016-11-28,1400,2260,904,527,https://doi.org/10.17632/t76ckh2ygg.1,verified_real_mendeley_cc_by_4.0
2016-11-29,1424,2304,908,532,https://doi.org/10.17632/t76ckh2ygg.1,verified_real_mendeley_cc_by_4.0
2016-11-30,1465,2263,912,537,https://doi.org/10.17632/t76ckh2ygg.1,verified_real_mendeley_cc_by_4.0
2016-12-01,1486,2206,917,541,https://doi.org/10.17632/t76ckh2ygg.1,verified_real_mendeley_cc_by_4.0
2016-12-02,1508,2193,921,543,https://doi.org/10.17632/t76ckh2ygg.1,verified_real_mendeley_cc_by_4.0
2016-12-05,1541,2137,929,548,https://doi.org/10.17632/t76ckh2ygg.1,verified_real_mendeley_cc_by_4.0
2016-12-06,1563,2067,934,552,https://doi.org/10.17632/t76ckh2ygg.1,verified_real_mendeley_cc_by_4.0
2016-12-07,1565,1935,941,557,https://doi.org/10.17632/t76ckh2ygg.1,verified_real_mendeley_cc_by_4.0
2016-12-08,1547,1724,957,562,https://doi.org/10.17632/t76ckh2ygg.1,verified_real_mendeley_cc_by_4.0
2016-12-09,1508,1575,966,567,https://doi.org/10.17632/t76ckh2ygg.1,verified_real_mendeley_cc_by_4.0
2016-12-12,1469,1464,968,576,https://doi.org/10.17632/t76ckh2ygg.1,verified_real_mendeley_cc_by_4.0
2016-12-13,1419,1404,972,584,https://doi.org/10.17632/t76ckh2ygg.1,verified_real_mendeley_cc_by_4.0
2016-12-14,1332,1169,975,590,https://doi.org/10.17632/t76ckh2ygg.1,verified_real_mendeley_cc_by_4.0
2016-12-15,1234,1058,968,596,https://doi.org/10.17632/t76ckh2ygg.1,verified_real_mendeley_cc_by_4.0
2016-12-16,1126,1048,960,600,https://doi.org/10.17632/t76ckh2ygg.1,verified_real_mendeley_cc_by_4.0
2016-12-19,1037,1039,953,605,https://doi.org/10.17632/t76ckh2ygg.1,verified_real_mendeley_cc_by_4.0
2016-12-20,976,1044,941,605,https://doi.org/10.17632/t76ckh2ygg.1,verified_real_mendeley_cc_by_4.0
2016-12-21,905,1144,926,604,https://doi.org/10.17632/t76ckh2ygg.1,verified_real_mendeley_cc_by_4.0
2016-12-22,866,1219,914,601,https://doi.org/10.17632/t76ckh2ygg.1,verified_real_mendeley_cc_by_4.0
2016-12-23,852,1385,903,597,https://doi.org/10.17632/t76ckh2ygg.1,verified_real_mendeley_cc_by_4.0
2017-01-03,811,1538,843,559,https://doi.org/10.17632/t76ckh2ygg.1,verified_real_mendeley_cc_by_4.0
2017-01-04,807,1674,820,539,https://doi.org/10.17632/t76ckh2ygg.1,verified_real_mendeley_cc_by_4.0
2017-01-05,837,1759,795,521,https://doi.org/10.17632/t76ckh2ygg.1,verified_real_mendeley_cc_by_4.0
2017-01-06,892,1658,783,508,https://doi.org/10.17632/t76ckh2ygg.1,verified_real_mendeley_cc_by_4.0
2017-01-09,927,1598,772,498,https://doi.org/10.17632/t76ckh2ygg.1,verified_real_mendeley_cc_by_4.0
2017-01-10,973,1470,766,489,https://doi.org/10.17632/t76ckh2ygg.1,verified_real_mendeley_cc_by_4.0
2017-01-11,1021,1326,758,477,https://doi.org/10.17632/t76ckh2ygg.1,verified_real_mendeley_cc_by_4.0
2017-01-12,1038,1294,748,466,https://doi.org/10.17632/t76ckh2ygg.1,verified_real_mendeley_cc_by_4.0
2017-01-13,1042,1383,739,459,https://doi.org/10.17632/t76ckh2ygg.1,verified_real_mendeley_cc_by_4.0
2017-01-16,1039,1468,733,455,https://doi.org/10.17632/t76ckh2ygg.1,verified_real_mendeley_cc_by_4.0
2017-01-17,1019,1509,730,451,https://doi.org/10.17632/t76ckh2ygg.1,verified_real_mendeley_cc_by_4.0
2017-01-18,998,1673,725,448,https://doi.org/10.17632/t76ckh2ygg.1,verified_real_mendeley_cc_by_4.0
2017-01-19,981,1665,722,446,https://doi.org/10.17632/t76ckh2ygg.1,verified_real_mendeley_cc_by_4.0
2017-01-20,970,1610,718,441,https://doi.org/10.17632/t76ckh2ygg.1,verified_real_mendeley_cc_by_4.0
2017-01-23,962,1579,714,437,https://doi.org/10.17632/t76ckh2ygg.1,verified_real_mendeley_cc_by_4.0
2017-01-24,964,1466,708,432,https://doi.org/10.17632/t76ckh2ygg.1,verified_real_mendeley_cc_by_4.0
2017-01-25,972,1369,702,428,https://doi.org/10.17632/t76ckh2ygg.1,verified_real_mendeley_cc_by_4.0
2017-01-26,973,1287,696,424,https://doi.org/10.17632/t76ckh2ygg.1,verified_real_mendeley_cc_by_4.0
2017-01-27,968,1239,692,419,https://doi.org/10.17632/t76ckh2ygg.1,verified_real_mendeley_cc_by_4.0
2017-01-30,964,1205,688,415,https://doi.org/10.17632/t76ckh2ygg.1,verified_real_mendeley_cc_by_4.0
2017-01-31,951,1167,679,402,https://doi.org/10.17632/t76ckh2ygg.1,verified_real_mendeley_cc_by_4.0
2017-02-01,933,1122,674,395,https://doi.org/10.17632/t76ckh2ygg.1,verified_real_mendeley_cc_by_4.0
2017-02-02,926,1064,670,386,https://doi.org/10.17632/t76ckh2ygg.1,verified_real_mendeley_cc_by_4.0
2017-02-03,922,981,667,382,https://doi.org/10.17632/t76ckh2ygg.1,verified_real_mendeley_cc_by_4.0
2017-02-06,922,911,665,377,https://doi.org/10.17632/t76ckh2ygg.1,verified_real_mendeley_cc_by_4.0
2017-02-07,931,803,663,375,https://doi.org/10.17632/t76ckh2ygg.1,verified_real_mendeley_cc_by_4.0
2017-02-08,934,725,665,378,https://doi.org/10.17632/t76ckh2ygg.1,verified_real_mendeley_cc_by_4.0
2017-02-09,940,728,668,377,https://doi.org/10.17632/t76ckh2ygg.1,verified_real_mendeley_cc_by_4.0
2017-02-10,943,687,672,377,https://doi.org/10.17632/t76ckh2ygg.1,verified_real_mendeley_cc_by_4.0
2017-02-13,944,609,676,376,https://doi.org/10.17632/t76ckh2ygg.1,verified_real_mendeley_cc_by_4.0
2017-02-14,939,567,681,379,https://doi.org/10.17632/t76ckh2ygg.1,verified_real_mendeley_cc_by_4.0
2017-02-15,933,556,689,382,https://doi.org/10.17632/t76ckh2ygg.1,verified_real_mendeley_cc_by_4.0
2017-02-16,923,620,707,387,https://doi.org/10.17632/t76ckh2ygg.1,verified_real_mendeley_cc_by_4.0
2017-02-17,917,739,729,391,https://doi.org/10.17632/t76ckh2ygg.1,verified_real_mendeley_cc_by_4.0
2017-02-20,909,791,747,396,https://doi.org/10.17632/t76ckh2ygg.1,verified_real_mendeley_cc_by_4.0
2017-02-21,906,856,764,402,https://doi.org/10.17632/t76ckh2ygg.1,verified_real_mendeley_cc_by_4.0
2017-02-22,908,951,783,410,https://doi.org/10.17632/t76ckh2ygg.1,verified_real_mendeley_cc_by_4.0
2017-02-23,927,1134,797,420,https://doi.org/10.17632/t76ckh2ygg.1,verified_real_mendeley_cc_by_4.0
2017-02-24,947,1165,809,428,https://doi.org/10.17632/t76ckh2ygg.1,verified_real_mendeley_cc_by_4.0
2017-02-27,966,1151,817,436,https://doi.org/10.17632/t76ckh2ygg.1,verified_real_mendeley_cc_by_4.0
2017-02-28,995,1021,825,444,https://doi.org/10.17632/t76ckh2ygg.1,verified_real_mendeley_cc_by_4.0
2017-03-01,1041,994,833,451,https://doi.org/10.17632/t76ckh2ygg.1,verified_real_mendeley_cc_by_4.0
2017-03-02,1084,1097,840,457,https://doi.org/10.17632/t76ckh2ygg.1,verified_real_mendeley_cc_by_4.0
2017-03-03,1118,1227,846,462,https://doi.org/10.17632/t76ckh2ygg.1,verified_real_mendeley_cc_by_4.0
2017-03-06,1154,1345,852,468,https://doi.org/10.17632/t76ckh2ygg.1,verified_real_mendeley_cc_by_4.0
2017-03-07,1194,1556,861,477,https://doi.org/10.17632/t76ckh2ygg.1,verified_real_mendeley_cc_by_4.0
2017-03-08,1220,1578,868,485,https://doi.org/10.17632/t76ckh2ygg.1,verified_real_mendeley_cc_by_4.0
2017-03-09,1220,1678,872,491,https://doi.org/10.17632/t76ckh2ygg.1,verified_real_mendeley_cc_by_4.0
2017-03-10,1211,1789,874,495,https://doi.org/10.17632/t76ckh2ygg.1,verified_real_mendeley_cc_by_4.0
2017-03-13,1207,1843,875,499,https://doi.org/10.17632/t76ckh2ygg.1,verified_real_mendeley_cc_by_4.0
2017-03-14,1185,1929,877,502,https://doi.org/10.17632/t76ckh2ygg.1,verified_real_mendeley_cc_by_4.0
2017-03-15,1150,2136,877,505,https://doi.org/10.17632/t76ckh2ygg.1,verified_real_mendeley_cc_by_4.0
2017-03-16,1129,2265,877,508,https://doi.org/10.17632/t76ckh2ygg.1,verified_real_mendeley_cc_by_4.0
2017-03-17,1108,2413,879,508,https://doi.org/10.17632/t76ckh2ygg.1,verified_real_mendeley_cc_by_4.0
2017-03-20,1103,2466,884,510,https://doi.org/10.17632/t76ckh2ygg.1,verified_real_mendeley_cc_by_4.0
2017-03-21,1101,2441,886,512,https://doi.org/10.17632/t76ckh2ygg.1,verified_real_mendeley_cc_by_4.0
2017-03-22,1119,2378,888,516,https://doi.org/10.17632/t76ckh2ygg.1,verified_real_mendeley_cc_by_4.0
2017-03-23,1170,2345,892,521,https://doi.org/10.17632/t76ckh2ygg.1,verified_real_mendeley_cc_by_4.0
2017-03-24,1218,2482,896,526,https://doi.org/10.17632/t76ckh2ygg.1,verified_real_mendeley_cc_by_4.0
2017-03-27,1253,2620,895,530,https://doi.org/10.17632/t76ckh2ygg.1,verified_real_mendeley_cc_by_4.0
2017-03-28,1306,2765,893,535,https://doi.org/10.17632/t76ckh2ygg.1,verified_real_mendeley_cc_by_4.0
2017-03-29,1346,2755,885,538,https://doi.org/10.17632/t76ckh2ygg.1,verified_real_mendeley_cc_by_4.0
2017-03-30,1366,2690,882,539,https://doi.org/10.17632/t76ckh2ygg.1,verified_real_mendeley_cc_by_4.0
2017-03-31,1374,2597,881,540,https://doi.org/10.17632/t76ckh2ygg.1,verified_real_mendeley_cc_by_4.0
2017-04-03,1379,2518,882,541,https://doi.org/10.17632/t76ckh2ygg.1,verified_real_mendeley_cc_by_4.0
2017-04-04,1377,2382,881,542,https://doi.org/10.17632/t76ckh2ygg.1,verified_real_mendeley_cc_by_4.0
2017-04-05,1371,2229,880,543,https://doi.org/10.17632/t76ckh2ygg.1,verified_real_mendeley_cc_by_4.0
2017-04-06,1387,2184,882,545,https://doi.org/10.17632/t76ckh2ygg.1,verified_real_mendeley_cc_by_4.0
2017-04-07,1427,2173,886,547,https://doi.org/10.17632/t76ckh2ygg.1,verified_real_mendeley_cc_by_4.0
2017-04-10,1466,2165,888,549,https://doi.org/10.17632/t76ckh2ygg.1,verified_real_mendeley_cc_by_4.0
2017-04-11,1533,2227,891,552,https://doi.org/10.17632/t76ckh2ygg.1,verified_real_mendeley_cc_by_4.0
2017-04-12,1583,2252,893,554,https://doi.org/10.17632/t76ckh2ygg.1,verified_real_mendeley_cc_by_4.0
2017-04-13,1611,2249,899,560,https://doi.org/10.17632/t76ckh2ygg.1,verified_real_mendeley_cc_by_4.0
2017-04-18,1621,2220,898,563,https://doi.org/10.17632/t76ckh2ygg.1,verified_real_mendeley_cc_by_4.0
2017-04-19,1612,2130,900,568,https://doi.org/10.17632/t76ckh2ygg.1,verified_real_mendeley_cc_by_4.0
2017-04-20,1553,1991,899,572,https://doi.org/10.17632/t76ckh2ygg.1,verified_real_mendeley_cc_by_4.0
2017-04-21,1494,1830,895,575,https://doi.org/10.17632/t76ckh2ygg.1,verified_real_mendeley_cc_by_4.0
2017-04-24,1429,1780,892,577,https://doi.org/10.17632/t76ckh2ygg.1,verified_real_mendeley_cc_by_4.0
2017-04-25,1371,1767,887,577,https://doi.org/10.17632/t76ckh2ygg.1,verified_real_mendeley_cc_by_4.0
2017-04-26,1320,1790,881,576,https://doi.org/10.17632/t76ckh2ygg.1,verified_real_mendeley_cc_by_4.0
2017-04-27,1260,1798,870,569,https://doi.org/10.17632/t76ckh2ygg.1,verified_real_mendeley_cc_by_4.0
2017-04-28,1187,1779,861,559,https://doi.org/10.17632/t76ckh2ygg.1,verified_real_mendeley_cc_by_4.0
2017-05-02,1140,1668,849,550,https://doi.org/10.17632/t76ckh2ygg.1,verified_real_mendeley_cc_by_4.0
2017-05-03,1096,1542,835,540,https://doi.org/10.17632/t76ckh2ygg.1,verified_real_mendeley_cc_by_4.0
2017-05-04,1048,1458,822,532,https://doi.org/10.17632/t76ckh2ygg.1,verified_real_mendeley_cc_by_4.0
2017-05-05,1023,1480,811,523,https://doi.org/10.17632/t76ckh2ygg.1,verified_real_mendeley_cc_by_4.0
2017-05-08,1009,1571,799,517,https://doi.org/10.17632/t76ckh2ygg.1,verified_real_mendeley_cc_by_4.0
2017-05-09,1007,1635,794,512,https://doi.org/10.17632/t76ckh2ygg.1,verified_real_mendeley_cc_by_4.0
2017-05-10,1011,1645,790,510,https://doi.org/10.17632/t76ckh2ygg.1,verified_real_mendeley_cc_by_4.0
2017-05-11,1006,1695,787,510,https://doi.org/10.17632/t76ckh2ygg.1,verified_real_mendeley_cc_by_4.0
2017-05-12,992,1725,784,509,https://doi.org/10.17632/t76ckh2ygg.1,verified_real_mendeley_cc_by_4.0
2017-05-15,978,1661,782,508,https://doi.org/10.17632/t76ckh2ygg.1,verified_real_mendeley_cc_by_4.0
2017-05-16,956,1632,778,507,https://doi.org/10.17632/t76ckh2ygg.1,verified_real_mendeley_cc_by_4.0
2017-05-17,925,1590,771,505,https://doi.org/10.17632/t76ckh2ygg.1,verified_real_mendeley_cc_by_4.0
2017-05-18,894,1638,764,504,https://doi.org/10.17632/t76ckh2ygg.1,verified_real_mendeley_cc_by_4.0
2017-05-19,870,1668,759,502,https://doi.org/10.17632/t76ckh2ygg.1,verified_real_mendeley_cc_by_4.0
2017-05-22,854,1704,753,496,https://doi.org/10.17632/t76ckh2ygg.1,verified_real_mendeley_cc_by_4.0
2017-05-23,850,1706,746,486,https://doi.org/10.17632/t76ckh2ygg.1,verified_real_mendeley_cc_by_4.0
2017-05-24,849,1654,737,478,https://doi.org/10.17632/t76ckh2ygg.1,verified_real_mendeley_cc_by_4.0
2017-05-25,848,1595,728,473,https://doi.org/10.17632/t76ckh2ygg.1,verified_real_mendeley_cc_by_4.0
2017-05-26,845,1591,721,469,https://doi.org/10.17632/t76ckh2ygg.1,verified_real_mendeley_cc_by_4.0
2017-05-30,842,1564,712,461,https://doi.org/10.17632/t76ckh2ygg.1,verified_real_mendeley_cc_by_4.0
2017-05-31,829,1511,698,455,https://doi.org/10.17632/t76ckh2ygg.1,verified_real_mendeley_cc_by_4.0
2017-06-01,810,1430,685,449,https://doi.org/10.17632/t76ckh2ygg.1,verified_real_mendeley_cc_by_4.0
2017-06-02,792,1374,674,446,https://doi.org/10.17632/t76ckh2ygg.1,verified_real_mendeley_cc_by_4.0
2017-06-05,789,1353,666,441,https://doi.org/10.17632/t76ckh2ygg.1,verified_real_mendeley_cc_by_4.0
2017-06-06,783,1366,658,434,https://doi.org/10.17632/t76ckh2ygg.1,verified_real_mendeley_cc_by_4.0
2017-06-07,783,1379,652,429,https://doi.org/10.17632/t76ckh2ygg.1,verified_real_mendeley_cc_by_4.0
2017-06-08,793,1381,649,425,https://doi.org/10.17632/t76ckh2ygg.1,verified_real_mendeley_cc_by_4.0
2017-06-09,813,1438,654,425,https://doi.org/10.17632/t76ckh2ygg.1,verified_real_mendeley_cc_by_4.0
2017-06-12,833,1481,658,424,https://doi.org/10.17632/t76ckh2ygg.1,verified_real_mendeley_cc_by_4.0
2017-06-13,865,1442,665,424,https://doi.org/10.17632/t76ckh2ygg.1,verified_real_mendeley_cc_by_4.0
2017-06-14,903,1362,679,427,https://doi.org/10.17632/t76ckh2ygg.1,verified_real_mendeley_cc_by_4.0
2017-06-15,938,1277,690,431,https://doi.org/10.17632/t76ckh2ygg.1,verified_real_mendeley_cc_by_4.0
2017-06-16,964,1213,701,435,https://doi.org/10.17632/t76ckh2ygg.1,verified_real_mendeley_cc_by_4.0
2017-06-19,984,1169,708,437,https://doi.org/10.17632/t76ckh2ygg.1,verified_real_mendeley_cc_by_4.0
2017-06-20,1017,1110,717,441,https://doi.org/10.17632/t76ckh2ygg.1,verified_real_mendeley_cc_by_4.0
2017-06-21,1070,1020,724,445,https://doi.org/10.17632/t76ckh2ygg.1,verified_real_mendeley_cc_by_4.0
2017-06-22,1109,993,734,447,https://doi.org/10.17632/t76ckh2ygg.1,verified_real_mendeley_cc_by_4.0
2017-06-23,1138,987,744,451,https://doi.org/10.17632/t76ckh2ygg.1,verified_real_mendeley_cc_by_4.0
2017-06-26,1145,1005,750,454,https://doi.org/10.17632/t76ckh2ygg.1,verified_real_mendeley_cc_by_4.0
2017-06-27,1151,1066,757,458,https://doi.org/10.17632/t76ckh2ygg.1,verified_real_mendeley_cc_by_4.0
2017-06-28,1150,1170,761,459,https://doi.org/10.17632/t76ckh2ygg.1,verified_real_mendeley_cc_by_4.0
2017-06-29,1119,1146,758,464,https://doi.org/10.17632/t76ckh2ygg.1,verified_real_mendeley_cc_by_4.0
2017-06-30,1091,1086,754,467,https://doi.org/10.17632/t76ckh2ygg.1,verified_real_mendeley_cc_by_4.0
2017-07-03,1068,1032,751,468,https://doi.org/10.17632/t76ckh2ygg.1,verified_real_mendeley_cc_by_4.0
2017-07-04,1062,997,747,470,https://doi.org/10.17632/t76ckh2ygg.1,verified_real_mendeley_cc_by_4.0
2017-07-05,1060,901,742,470,https://doi.org/10.17632/t76ckh2ygg.1,verified_real_mendeley_cc_by_4.0
2017-07-06,1063,818,735,470,https://doi.org/10.17632/t76ckh2ygg.1,verified_real_mendeley_cc_by_4.0
2017-07-07,1062,753,732,471,https://doi.org/10.17632/t76ckh2ygg.1,verified_real_mendeley_cc_by_4.0
2017-07-10,1061,730,729,474,https://doi.org/10.17632/t76ckh2ygg.1,verified_real_mendeley_cc_by_4.0
2017-07-11,1069,755,733,477,https://doi.org/10.17632/t76ckh2ygg.1,verified_real_mendeley_cc_by_4.0
2017-07-12,1098,846,744,480,https://doi.org/10.17632/t76ckh2ygg.1,verified_real_mendeley_cc_by_4.0
2017-07-13,1141,928,758,484,https://doi.org/10.17632/t76ckh2ygg.1,verified_real_mendeley_cc_by_4.0
2017-07-14,1173,933,769,486,https://doi.org/10.17632/t76ckh2ygg.1,verified_real_mendeley_cc_by_4.0
2017-07-17,1202,933,776,489,https://doi.org/10.17632/t76ckh2ygg.1,verified_real_mendeley_cc_by_4.0
2017-07-18,1226,984,786,492,https://doi.org/10.17632/t76ckh2ygg.1,verified_real_mendeley_cc_by_4.0
2017-07-19,1252,1028,798,495,https://doi.org/10.17632/t76ckh2ygg.1,verified_real_mendeley_cc_by_4.0
2017-07-20,1260,1093,807,497,https://doi.org/10.17632/t76ckh2ygg.1,verified_real_mendeley_cc_by_4.0
2017-07-21,1258,1154,812,499,https://doi.org/10.17632/t76ckh2ygg.1,verified_real_mendeley_cc_by_4.0
2017-07-24,1248,1171,814,500,https://doi.org/10.17632/t76ckh2ygg.1,verified_real_mendeley_cc_by_4.0
2017-07-25,1225,1221,813,500,https://doi.org/10.17632/t76ckh2ygg.1,verified_real_mendeley_cc_by_4.0
2017-07-26,1192,1206,807,500,https://doi.org/10.17632/t76ckh2ygg.1,verified_real_mendeley_cc_by_4.0
2017-07-27,1146,1138,798,500,https://doi.org/10.17632/t76ckh2ygg.1,verified_real_mendeley_cc_by_4.0
2017-07-28,1109,1139,789,498,https://doi.org/10.17632/t76ckh2ygg.1,verified_real_mendeley_cc_by_4.0
2017-07-31,1095,1225,783,496,https://doi.org/10.17632/t76ckh2ygg.1,verified_real_mendeley_cc_by_4.0
2017-08-01,1098,1331,779,492,https://doi.org/10.17632/t76ckh2ygg.1,verified_real_mendeley_cc_by_4.0
2017-08-02,1118,1475,772,488,https://doi.org/10.17632/t76ckh2ygg.1,verified_real_mendeley_cc_by_4.0
2017-08-03,1143,1602,767,482,https://doi.org/10.17632/t76ckh2ygg.1,verified_real_mendeley_cc_by_4.0
2017-08-04,1153,1637,764,478,https://doi.org/10.17632/t76ckh2ygg.1,verified_real_mendeley_cc_by_4.0
2017-08-07,1158,1655,762,475,https://doi.org/10.17632/t76ckh2ygg.1,verified_real_mendeley_cc_by_4.0
2017-08-08,1170,1659,759,472,https://doi.org/10.17632/t76ckh2ygg.1,verified_real_mendeley_cc_by_4.0
2017-08-09,1192,1702,756,467,https://doi.org/10.17632/t76ckh2ygg.1,verified_real_mendeley_cc_by_4.0
2017-08-10,1228,1837,756,466,https://doi.org/10.17632/t76ckh2ygg.1,verified_real_mendeley_cc_by_4.0
2017-08-11,1256,2013,759,466,https://doi.org/10.17632/t76ckh2ygg.1,verified_real_mendeley_cc_by_4.0
2017-08-14,1272,2093,760,465,https://doi.org/10.17632/t76ckh2ygg.1,verified_real_mendeley_cc_by_4.0
2017-08-15,1289,2155,765,464,https://doi.org/10.17632/t76ckh2ygg.1,verified_real_mendeley_cc_by_4.0
2017-08-16,1310,2324,776,464,https://doi.org/10.17632/t76ckh2ygg.1,verified_real_mendeley_cc_by_4.0
2017-08-17,1336,2542,791,465,https://doi.org/10.17632/t76ckh2ygg.1,verified_real_mendeley_cc_by_4.0
2017-08-18,1345,2574,806,465,https://doi.org/10.17632/t76ckh2ygg.1,verified_real_mendeley_cc_by_4.0
2017-08-21,1349,2584,817,466,https://doi.org/10.17632/t76ckh2ygg.1,verified_real_mendeley_cc_by_4.0
2017-08-22,1345,2489,824,468,https://doi.org/10.17632/t76ckh2ygg.1,verified_real_mendeley_cc_by_4.0
2017-08-23,1311,2382,833,470,https://doi.org/10.17632/t76ckh2ygg.1,verified_real_mendeley_cc_by_4.0
2017-08-24,1259,2333,840,473,https://doi.org/10.17632/t76ckh2ygg.1,verified_real_mendeley_cc_by_4.0
2017-08-25,1235,2406,845,474,https://doi.org/10.17632/t76ckh2ygg.1,verified_real_mendeley_cc_by_4.0
2017-08-29,1215,2381,848,477,https://doi.org/10.17632/t76ckh2ygg.1,verified_real_mendeley_cc_by_4.0
2017-08-30,1195,2282,851,482,https://doi.org/10.17632/t76ckh2ygg.1,verified_real_mendeley_cc_by_4.0
2017-08-31,1189,2293,853,486,https://doi.org/10.17632/t76ckh2ygg.1,verified_real_mendeley_cc_by_4.0
2017-09-01,1198,2264,856,486,https://doi.org/10.17632/t76ckh2ygg.1,verified_real_mendeley_cc_by_4.0
2017-09-04,1227,2243,860,487,https://doi.org/10.17632/t76ckh2ygg.1,verified_real_mendeley_cc_by_4.0
2017-09-05,1275,2313,863,491,https://doi.org/10.17632/t76ckh2ygg.1,verified_real_mendeley_cc_by_4.0
2017-09-06,1314,2438,868,494,https://doi.org/10.17632/t76ckh2ygg.1,verified_real_mendeley_cc_by_4.0
2017-09-07,1351,2614,875,499,https://doi.org/10.17632/t76ckh2ygg.1,verified_real_mendeley_cc_by_4.0
2017-09-08,1375,2767,888,504,https://doi.org/10.17632/t76ckh2ygg.1,verified_real_mendeley_cc_by_4.0
2017-09-11,1394,2813,898,509,https://doi.org/10.17632/t76ckh2ygg.1,verified_real_mendeley_cc_by_4.0
2017-09-12,1429,2724,908,513,https://doi.org/10.17632/t76ckh2ygg.1,verified_real_mendeley_cc_by_4.0
2017-09-13,1464,2628,923,520,https://doi.org/10.17632/t76ckh2ygg.1,verified_real_mendeley_cc_by_4.0
2017-09-14,1499,2642,950,529,https://doi.org/10.17632/t76ckh2ygg.1,verified_real_mendeley_cc_by_4.0
2017-09-15,1521,2685,977,536,https://doi.org/10.17632/t76ckh2ygg.1,verified_real_mendeley_cc_by_4.0
2017-09-18,1529,2681,997,551,https://doi.org/10.17632/t76ckh2ygg.1,verified_real_mendeley_cc_by_4.0
2017-09-19,1536,2723,1017,562,https://doi.org/10.17632/t76ckh2ygg.1,verified_real_mendeley_cc_by_4.0
2017-09-20,1531,2861,1033,576,https://doi.org/10.17632/t76ckh2ygg.1,verified_real_mendeley_cc_by_4.0
2017-09-21,1514,2948,1050,586,https://doi.org/10.17632/t76ckh2ygg.1,verified_real_mendeley_cc_by_4.0
2017-09-22,1493,3147,1061,596,https://doi.org/10.17632/t76ckh2ygg.1,verified_real_mendeley_cc_by_4.0
2017-09-25,1474,3173,1068,602,https://doi.org/10.17632/t76ckh2ygg.1,verified_real_mendeley_cc_by_4.0
2017-09-26,1446,3101,1065,607,https://doi.org/10.17632/t76ckh2ygg.1,verified_real_mendeley_cc_by_4.0
2017-09-27,1406,2942,1054,613,https://doi.org/10.17632/t76ckh2ygg.1,verified_real_mendeley_cc_by_4.0
2017-09-28,1352,2824,1041,616,https://doi.org/10.17632/t76ckh2ygg.1,verified_real_mendeley_cc_by_4.0
2017-09-29,1308,2738,1021,616,https://doi.org/10.17632/t76ckh2ygg.1,verified_real_mendeley_cc_by_4.0
2017-10-02,1268,2671,1006,614,https://doi.org/10.17632/t76ckh2ygg.1,verified_real_mendeley_cc_by_4.0
2017-10-03,1247,2618,984,612,https://doi.org/10.17632/t76ckh2ygg.1,verified_real_mendeley_cc_by_4.0
2017-10-04,1276,2667,968,609,https://doi.org/10.17632/t76ckh2ygg.1,verified_real_mendeley_cc_by_4.0
2017-10-05,1345,2888,965,607,https://doi.org/10.17632/t76ckh2ygg.1,verified_real_mendeley_cc_by_4.0
2017-10-06,1406,2929,971,610,https://doi.org/10.17632/t76ckh2ygg.1,verified_real_mendeley_cc_by_4.0
2017-10-09,1438,2906,978,613,https://doi.org/10.17632/t76ckh2ygg.1,verified_real_mendeley_cc_by_4.0
2017-10-10,1465,2894,996,618,https://doi.org/10.17632/t76ckh2ygg.1,verified_real_mendeley_cc_by_4.0
2017-10-11,1504,2882,1020,623,https://doi.org/10.17632/t76ckh2ygg.1,verified_real_mendeley_cc_by_4.0
2017-10-12,1556,2859,1050,635,https://doi.org/10.17632/t76ckh2ygg.1,verified_real_mendeley_cc_by_4.0
2017-10-13,1606,2871,1069,649,https://doi.org/10.17632/t76ckh2ygg.1,verified_real_mendeley_cc_by_4.0
2017-10-16,1637,2980,1082,656,https://doi.org/10.17632/t76ckh2ygg.1,verified_real_mendeley_cc_by_4.0
2017-10-17,1651,3079,1094,663,https://doi.org/10.17632/t76ckh2ygg.1,verified_real_mendeley_cc_by_4.0
2017-10-18,1646,3134,1105,666,https://doi.org/10.17632/t76ckh2ygg.1,verified_real_mendeley_cc_by_4.0
2017-10-19,1648,3186,1116,673,https://doi.org/10.17632/t76ckh2ygg.1,verified_real_mendeley_cc_by_4.0
2017-10-20,1643,3145,1126,679,https://doi.org/10.17632/t76ckh2ygg.1,verified_real_mendeley_cc_by_4.0
2017-10-23,1642,3187,1128,683,https://doi.org/10.17632/t76ckh2ygg.1,verified_real_mendeley_cc_by_4.0
2017-10-24,1626,3202,1130,687,https://doi.org/10.17632/t76ckh2ygg.1,verified_real_mendeley_cc_by_4.0
2017-10-25,1592,3202,1129,690,https://doi.org/10.17632/t76ckh2ygg.1,verified_real_mendeley_cc_by_4.0
2017-10-26,1553,3182,1117,688,https://doi.org/10.17632/t76ckh2ygg.1,verified_real_mendeley_cc_by_4.0
2017-10-27,1517,3220,1100,687,https://doi.org/10.17632/t76ckh2ygg.1,verified_real_mendeley_cc_by_4.0
2017-10-30,1498,3217,1081,685,https://doi.org/10.17632/t76ckh2ygg.1,verified_real_mendeley_cc_by_4.0
2017-10-31,1492,3219,1060,679,https://doi.org/10.17632/t76ckh2ygg.1,verified_real_mendeley_cc_by_4.0
2017-11-01,1503,3137,1043,673,https://doi.org/10.17632/t76ckh2ygg.1,verified_real_mendeley_cc_by_4.0
2017-11-02,1539,3059,1027,668,https://doi.org/10.17632/t76ckh2ygg.1,verified_real_mendeley_cc_by_4.0
2017-11-03,1562,3036,1014,664,https://doi.org/10.17632/t76ckh2ygg.1,verified_real_mendeley_cc_by_4.0
2017-11-06,1567,3044,1001,661,https://doi.org/10.17632/t76ckh2ygg.1,verified_real_mendeley_cc_by_4.0
2017-11-07,1558,3101,988,658,https://doi.org/10.17632/t76ckh2ygg.1,verified_real_mendeley_cc_by_4.0
2017-11-08,1515,3259,961,654,https://doi.org/10.17632/t76ckh2ygg.1,verified_real_mendeley_cc_by_4.0
2017-11-09,1468,3349,936,648,https://doi.org/10.17632/t76ckh2ygg.1,verified_real_mendeley_cc_by_4.0
2017-11-10,1418,3360,912,644,https://doi.org/10.17632/t76ckh2ygg.1,verified_real_mendeley_cc_by_4.0
2017-11-13,1387,3351,888,642,https://doi.org/10.17632/t76ckh2ygg.1,verified_real_mendeley_cc_by_4.0
2017-11-14,1346,3209,872,640,https://doi.org/10.17632/t76ckh2ygg.1,verified_real_mendeley_cc_by_4.0
2017-11-15,1320,3108,858,637,https://doi.org/10.17632/t76ckh2ygg.1,verified_real_mendeley_cc_by_4.0
2017-11-16,1298,3084,849,634,https://doi.org/10.17632/t76ckh2ygg.1,verified_real_mendeley_cc_by_4.0
2017-11-17,1285,3153,845,630,https://doi.org/10.17632/t76ckh2ygg.1,verified_real_mendeley_cc_by_4.0
2017-11-20,1280,3214,850,628,https://doi.org/10.17632/t76ckh2ygg.1,verified_real_mendeley_cc_by_4.0
2017-11-21,1275,3255,856,625,https://doi.org/10.17632/t76ckh2ygg.1,verified_real_mendeley_cc_by_4.0
2017-11-22,1281,3298,875,624,https://doi.org/10.17632/t76ckh2ygg.1,verified_real_mendeley_cc_by_4.0
2017-11-23,1284,3420,899,622,https://doi.org/10.17632/t76ckh2ygg.1,verified_real_mendeley_cc_by_4.0
2017-11-24,1295,3453,914,620,https://doi.org/10.17632/t76ckh2ygg.1,verified_real_mendeley_cc_by_4.0
2017-11-27,1299,3540,923,619,https://doi.org/10.17632/t76ckh2ygg.1,verified_real_mendeley_cc_by_4.0
2017-11-28,1320,3659,929,620,https://doi.org/10.17632/t76ckh2ygg.1,verified_real_mendeley_cc_by_4.0
2017-11-29,1368,3740,936,622,https://doi.org/10.17632/t76ckh2ygg.1,verified_real_mendeley_cc_by_4.0
2017-11-30,1433,3848,941,623,https://doi.org/10.17632/t76ckh2ygg.1,verified_real_mendeley_cc_by_4.0
2017-12-01,1494,4025,944,626,https://doi.org/10.17632/t76ckh2ygg.1,verified_real_mendeley_cc_by_4.0
2017-12-04,1559,4129,944,626,https://doi.org/10.17632/t76ckh2ygg.1,verified_real_mendeley_cc_by_4.0
2017-12-05,1571,4115,944,628,https://doi.org/10.17632/t76ckh2ygg.1,verified_real_mendeley_cc_by_4.0
2017-12-06,1563,4126,945,629,https://doi.org/10.17632/t76ckh2ygg.1,verified_real_mendeley_cc_by_4.0
2017-12-07,1564,4147,944,630,https://doi.org/10.17632/t76ckh2ygg.1,verified_real_mendeley_cc_by_4.0
2017-12-08,1588,4193,943,631,https://doi.org/10.17632/t76ckh2ygg.1,verified_real_mendeley_cc_by_4.0
2017-12-11,1624,4272,939,632,https://doi.org/10.17632/t76ckh2ygg.1,verified_real_mendeley_cc_by_4.0
2017-12-12,1672,4293,942,633,https://doi.org/10.17632/t76ckh2ygg.1,verified_real_mendeley_cc_by_4.0
2017-12-13,1718,4211,943,633,https://doi.org/10.17632/t76ckh2ygg.1,verified_real_mendeley_cc_by_4.0
2017-12-14,1714,3936,944,635,https://doi.org/10.17632/t76ckh2ygg.1,verified_real_mendeley_cc_by_4.0
2017-12-15,1677,3777,942,636,https://doi.org/10.17632/t76ckh2ygg.1,verified_real_mendeley_cc_by_4.0
2017-12-18,1643,3656,943,637,https://doi.org/10.17632/t76ckh2ygg.1,verified_real_mendeley_cc_by_4.0
2017-12-19,1593,3510,938,636,https://doi.org/10.17632/t76ckh2ygg.1,verified_real_mendeley_cc_by_4.0
2017-12-20,1546,3216,933,632,https://doi.org/10.17632/t76ckh2ygg.1,verified_real_mendeley_cc_by_4.0
2017-12-21,1445,3115,925,627,https://doi.org/10.17632/t76ckh2ygg.1,verified_real_mendeley_cc_by_4.0
2017-12-22,1395,2830,914,625,https://doi.org/10.17632/t76ckh2ygg.1,verified_real_mendeley_cc_by_4.0
2018-01-02,1340,2281,901,612,https://doi.org/10.17632/t76ckh2ygg.1,verified_real_mendeley_cc_by_4.0
2018-01-03,1332,2426,894,607,https://doi.org/10.17632/t76ckh2ygg.1,verified_real_mendeley_cc_by_4.0
2018-01-04,1365,2715,884,604,https://doi.org/10.17632/t76ckh2ygg.1,verified_real_mendeley_cc_by_4.0
2018-01-05,1400,2791,884,600,https://doi.org/10.17632/t76ckh2ygg.1,verified_real_mendeley_cc_by_4.0
2018-01-08,1424,2826,886,594,https://doi.org/10.17632/t76ckh2ygg.1,verified_real_mendeley_cc_by_4.0
2018-01-09,1428,2820,889,592,https://doi.org/10.17632/t76ckh2ygg.1,verified_real_mendeley_cc_by_4.0
2018-01-10,1404,2677,898,589,https://doi.org/10.17632/t76ckh2ygg.1,verified_real_mendeley_cc_by_4.0
2018-01-11,1371,2384,902,587,https://doi.org/10.17632/t76ckh2ygg.1,verified_real_mendeley_cc_by_4.0
2018-01-12,1348,2296,907,587,https://doi.org/10.17632/t76ckh2ygg.1,verified_real_mendeley_cc_by_4.0
2018-01-15,1340,2231,908,585,https://doi.org/10.17632/t76ckh2ygg.1,verified_real_mendeley_cc_by_4.0
2018-01-16,1329,2010,910,583,https://doi.org/10.17632/t76ckh2ygg.1,verified_real_mendeley_cc_by_4.0
2018-01-17,1317,1743,910,581,https://doi.org/10.17632/t76ckh2ygg.1,verified_real_mendeley_cc_by_4.0
2018-01-18,1311,1611,910,580,https://doi.org/10.17632/t76ckh2ygg.1,verified_real_mendeley_cc_by_4.0
2018-01-19,1333,1493,911,584,https://doi.org/10.17632/t76ckh2ygg.1,verified_real_mendeley_cc_by_4.0
2018-01-22,1362,1445,913,585,https://doi.org/10.17632/t76ckh2ygg.1,verified_real_mendeley_cc_by_4.0
2018-01-23,1404,1525,911,586,https://doi.org/10.17632/t76ckh2ygg.1,verified_real_mendeley_cc_by_4.0
2018-01-24,1456,1676,908,584,https://doi.org/10.17632/t76ckh2ygg.1,verified_real_mendeley_cc_by_4.0
2018-01-25,1481,1752,904,581,https://doi.org/10.17632/t76ckh2ygg.1,verified_real_mendeley_cc_by_4.0
2018-01-26,1492,1772,900,577,https://doi.org/10.17632/t76ckh2ygg.1,verified_real_mendeley_cc_by_4.0
2018-01-29,1485,1784,895,573,https://doi.org/10.17632/t76ckh2ygg.1,verified_real_mendeley_cc_by_4.0
2018-01-30,1450,1748,889,566,https://doi.org/10.17632/t76ckh2ygg.1,verified_real_mendeley_cc_by_4.0
2018-01-31,1411,1613,884,558,https://doi.org/10.17632/t76ckh2ygg.1,verified_real_mendeley_cc_by_4.0
2018-02-01,1378,1528,877,552,https://doi.org/10.17632/t76ckh2ygg.1,verified_real_mendeley_cc_by_4.0
2018-02-02,1359,1470,872,547,https://doi.org/10.17632/t76ckh2ygg.1,verified_real_mendeley_cc_by_4.0
2018-02-05,1339,1433,865,543,https://doi.org/10.17632/t76ckh2ygg.1,verified_real_mendeley_cc_by_4.0
2018-02-06,1316,1519,857,538,https://doi.org/10.17632/t76ckh2ygg.1,verified_real_mendeley_cc_by_4.0
2018-02-07,1293,1578,844,532,https://doi.org/10.17632/t76ckh2ygg.1,verified_real_mendeley_cc_by_4.0
2018-02-08,1263,1662,833,529,https://doi.org/10.17632/t76ckh2ygg.1,verified_real_mendeley_cc_by_4.0
2018-02-09,1250,1790,825,526,https://doi.org/10.17632/t76ckh2ygg.1,verified_real_mendeley_cc_by_4.0
2018-02-12,1237,1824,819,520,https://doi.org/10.17632/t76ckh2ygg.1,verified_real_mendeley_cc_by_4.0
2018-02-13,1228,1793,817,518,https://doi.org/10.17632/t76ckh2ygg.1,verified_real_mendeley_cc_by_4.0
2018-02-14,1231,1721,823,516,https://doi.org/10.17632/t76ckh2ygg.1,verified_real_mendeley_cc_by_4.0
2018-02-15,1251,1663,832,515,https://doi.org/10.17632/t76ckh2ygg.1,verified_real_mendeley_cc_by_4.0
2018-02-16,1273,1608,837,515,https://doi.org/10.17632/t76ckh2ygg.1,verified_real_mendeley_cc_by_4.0
2018-02-19,1294,1597,840,517,https://doi.org/10.17632/t76ckh2ygg.1,verified_real_mendeley_cc_by_4.0
2018-02-20,1333,1678,847,519,https://doi.org/10.17632/t76ckh2ygg.1,verified_real_mendeley_cc_by_4.0
2018-02-21,1388,1717,856,522,https://doi.org/10.17632/t76ckh2ygg.1,verified_real_mendeley_cc_by_4.0
2018-02-22,1438,1725,871,529,https://doi.org/10.17632/t76ckh2ygg.1,verified_real_mendeley_cc_by_4.0
2018-02-23,1481,1722,892,534,https://doi.org/10.17632/t76ckh2ygg.1,verified_real_mendeley_cc_by_4.0
2018-02-26,1504,1680,919,538,https://doi.org/10.17632/t76ckh2ygg.1,verified_real_mendeley_cc_by_4.0
2018-02-27,1513,1595,948,545,https://doi.org/10.17632/t76ckh2ygg.1,verified_real_mendeley_cc_by_4.0
2018-02-28,1513,1560,973,557,https://doi.org/10.17632/t76ckh2ygg.1,verified_real_mendeley_cc_by_4.0
2018-03-01,1505,1568,992,579,https://doi.org/10.17632/t76ckh2ygg.1,verified_real_mendeley_cc_by_4.0
2018-03-02,1500,1592,1004,586,https://doi.org/10.17632/t76ckh2ygg.1,verified_real_mendeley_cc_by_4.0
2018-03-05,1502,1597,1006,590,https://doi.org/10.17632/t76ckh2ygg.1,verified_real_mendeley_cc_by_4.0
2018-03-06,1528,1587,1013,595,https://doi.org/10.17632/t76ckh2ygg.1,verified_real_mendeley_cc_by_4.0
2018-03-07,1553,1495,1020,599,https://doi.org/10.17632/t76ckh2ygg.1,verified_real_mendeley_cc_by_4.0
2018-03-08,1590,1489,1026,607,https://doi.org/10.17632/t76ckh2ygg.1,verified_real_mendeley_cc_by_4.0
2018-03-09,1615,1479,1032,611,https://doi.org/10.17632/t76ckh2ygg.1,verified_real_mendeley_cc_by_4.0
2018-03-12,1624,1425,1040,615,https://doi.org/10.17632/t76ckh2ygg.1,verified_real_mendeley_cc_by_4.0
2018-03-13,1623,1362,1049,617,https://doi.org/10.17632/t76ckh2ygg.1,verified_real_mendeley_cc_by_4.0
2018-03-14,1623,1312,1061,622,https://doi.org/10.17632/t76ckh2ygg.1,verified_real_mendeley_cc_by_4.0
2018-03-15,1619,1238,1077,626,https://doi.org/10.17632/t76ckh2ygg.1,verified_real_mendeley_cc_by_4.0
2018-03-16,1618,1203,1091,627,https://doi.org/10.17632/t76ckh2ygg.1,verified_real_mendeley_cc_by_4.0
2018-03-19,1621,1171,1099,629,https://doi.org/10.17632/t76ckh2ygg.1,verified_real_mendeley_cc_by_4.0
2018-03-20,1615,1112,1109,630,https://doi.org/10.17632/t76ckh2ygg.1,verified_real_mendeley_cc_by_4.0
2018-03-21,1606,1109,1117,634,https://doi.org/10.17632/t76ckh2ygg.1,verified_real_mendeley_cc_by_4.0
2018-03-22,1593,1129,1122,639,https://doi.org/10.17632/t76ckh2ygg.1,verified_real_mendeley_cc_by_4.0
2018-03-23,1587,1157,1121,641,https://doi.org/10.17632/t76ckh2ygg.1,verified_real_mendeley_cc_by_4.0
2018-03-26,1575,1197,1116,645,https://doi.org/10.17632/t76ckh2ygg.1,verified_real_mendeley_cc_by_4.0
2018-03-27,1552,1191,1106,648,https://doi.org/10.17632/t76ckh2ygg.1,verified_real_mendeley_cc_by_4.0
2018-03-28,1520,1065,1093,650,https://doi.org/10.17632/t76ckh2ygg.1,verified_real_mendeley_cc_by_4.0
2018-03-29,1495,1010,1080,652,https://doi.org/10.17632/t76ckh2ygg.1,verified_real_mendeley_cc_by_4.0
2018-04-03,1455,924,1067,650,https://doi.org/10.17632/t76ckh2ygg.1,verified_real_mendeley_cc_by_4.0
2018-04-04,1397,841,1056,648,https://doi.org/10.17632/t76ckh2ygg.1,verified_real_mendeley_cc_by_4.0
2018-04-05,1343,809,1042,644,https://doi.org/10.17632/t76ckh2ygg.1,verified_real_mendeley_cc_by_4.0
2018-04-06,1317,824,1032,643,https://doi.org/10.17632/t76ckh2ygg.1,verified_real_mendeley_cc_by_4.0
2018-04-09,1315,854,1024,638,https://doi.org/10.17632/t76ckh2ygg.1,verified_real_mendeley_cc_by_4.0
2018-04-10,1319,930,1016,636,https://doi.org/10.17632/t76ckh2ygg.1,verified_real_mendeley_cc_by_4.0
2018-04-11,1325,940,1014,634,https://doi.org/10.17632/t76ckh2ygg.1,verified_real_mendeley_cc_by_4.0
2018-04-12,1335,982,1014,630,https://doi.org/10.17632/t76ckh2ygg.1,verified_real_mendeley_cc_by_4.0
2018-04-13,1351,1038,1013,628,https://doi.org/10.17632/t76ckh2ygg.1,verified_real_mendeley_cc_by_4.0
2018-04-16,1359,1061,1016,626,https://doi.org/10.17632/t76ckh2ygg.1,verified_real_mendeley_cc_by_4.0
2018-04-17,1353,1152,1018,626,https://doi.org/10.17632/t76ckh2ygg.1,verified_real_mendeley_cc_by_4.0
2018-04-18,1329,1402,1022,626,https://doi.org/10.17632/t76ckh2ygg.1,verified_real_mendeley_cc_by_4.0
2018-04-19,1306,1668,1022,623,https://doi.org/10.17632/t76ckh2ygg.1,verified_real_mendeley_cc_by_4.0
2018-04-20,1289,1915,1025,621,https://doi.org/10.17632/t76ckh2ygg.1,verified_real_mendeley_cc_by_4.0
2018-04-23,1281,2009,1027,621,https://doi.org/10.17632/t76ckh2ygg.1,verified_real_mendeley_cc_by_4.0
2018-04-24,1269,2130,1030,617,https://doi.org/10.17632/t76ckh2ygg.1,verified_real_mendeley_cc_by_4.0
2018-04-25,1264,2314,1037,614,https://doi.org/10.17632/t76ckh2ygg.1,verified_real_mendeley_cc_by_4.0
2018-04-26,1272,2306,1040,610,https://doi.org/10.17632/t76ckh2ygg.1,verified_real_mendeley_cc_by_4.0
2018-04-27,1275,2251,1042,605,https://doi.org/10.17632/t76ckh2ygg.1,verified_real_mendeley_cc_by_4.0
2018-04-30,1276,2173,1045,603,https://doi.org/10.17632/t76ckh2ygg.1,verified_real_mendeley_cc_by_4.0
2018-05-01,1271,2136,1043,601,https://doi.org/10.17632/t76ckh2ygg.1,verified_real_mendeley_cc_by_4.0
2018-05-02,1271,2197,1043,597,https://doi.org/10.17632/t76ckh2ygg.1,verified_real_mendeley_cc_by_4.0
2018-05-03,1266,2308,1047,591,https://doi.org/10.17632/t76ckh2ygg.1,verified_real_mendeley_cc_by_4.0
2018-05-04,1265,2337,1050,589,https://doi.org/10.17632/t76ckh2ygg.1,verified_real_mendeley_cc_by_4.0
2018-05-08,1257,2482,1051,585,https://doi.org/10.17632/t76ckh2ygg.1,verified_real_mendeley_cc_by_4.0
2018-05-09,1253,2616,1048,585,https://doi.org/10.17632/t76ckh2ygg.1,verified_real_mendeley_cc_by_4.0
2018-05-10,1246,2565,1052,584,https://doi.org/10.17632/t76ckh2ygg.1,verified_real_mendeley_cc_by_4.0
2018-05-11,1245,2630,1053,584,https://doi.org/10.17632/t76ckh2ygg.1,verified_real_mendeley_cc_by_4.0
2018-05-14,1240,2635,1055,585,https://doi.org/10.17632/t76ckh2ygg.1,verified_real_mendeley_cc_by_4.0
2018-05-15,1237,2602,1053,586,https://doi.org/10.17632/t76ckh2ygg.1,verified_real_mendeley_cc_by_4.0
2018-05-16,1237,2407,1056,587,https://doi.org/10.17632/t76ckh2ygg.1,verified_real_mendeley_cc_by_4.0
2018-05-17,1239,2106,1064,589,https://doi.org/10.17632/t76ckh2ygg.1,verified_real_mendeley_cc_by_4.0
2018-05-18,1241,2053,1069,590,https://doi.org/10.17632/t76ckh2ygg.1,verified_real_mendeley_cc_by_4.0
2018-05-21,1243,1957,1071,591,https://doi.org/10.17632/t76ckh2ygg.1,verified_real_mendeley_cc_by_4.0
2018-05-22,1239,1854,1074,590,https://doi.org/10.17632/t76ckh2ygg.1,verified_real_mendeley_cc_by_4.0
2018-05-23,1222,1759,1074,591,https://doi.org/10.17632/t76ckh2ygg.1,verified_real_mendeley_cc_by_4.0
2018-05-24,1202,1551,1074,590,https://doi.org/10.17632/t76ckh2ygg.1,verified_real_mendeley_cc_by_4.0
2018-05-25,1187,1395,1071,587,https://doi.org/10.17632/t76ckh2ygg.1,verified_real_mendeley_cc_by_4.0
2018-05-29,1163,1324,1068,586,https://doi.org/10.17632/t76ckh2ygg.1,verified_real_mendeley_cc_by_4.0
2018-05-30,1149,1276,1064,584,https://doi.org/10.17632/t76ckh2ygg.1,verified_real_mendeley_cc_by_4.0
2018-05-31,1160,1401,1063,583,https://doi.org/10.17632/t76ckh2ygg.1,verified_real_mendeley_cc_by_4.0
2018-06-01,1192,1602,1061,583,https://doi.org/10.17632/t76ckh2ygg.1,verified_real_mendeley_cc_by_4.0
2018-06-04,1217,1712,1061,583,https://doi.org/10.17632/t76ckh2ygg.1,verified_real_mendeley_cc_by_4.0
2018-06-05,1250,1835,1065,584,https://doi.org/10.17632/t76ckh2ygg.1,verified_real_mendeley_cc_by_4.0
2018-06-06,1290,2088,1065,583,https://doi.org/10.17632/t76ckh2ygg.1,verified_real_mendeley_cc_by_4.0
2018-06-07,1344,2220,1072,583,https://doi.org/10.17632/t76ckh2ygg.1,verified_real_mendeley_cc_by_4.0
2018-06-08,1418,2151,1075,584,https://doi.org/10.17632/t76ckh2ygg.1,verified_real_mendeley_cc_by_4.0
2018-06-11,1451,2091,1078,586,https://doi.org/10.17632/t76ckh2ygg.1,verified_real_mendeley_cc_by_4.0
2018-06-12,1474,2068,1084,588,https://doi.org/10.17632/t76ckh2ygg.1,verified_real_mendeley_cc_by_4.0
2018-06-13,1488,2091,1088,591,https://doi.org/10.17632/t76ckh2ygg.1,verified_real_mendeley_cc_by_4.0
2018-06-14,1498,2184,1089,592,https://doi.org/10.17632/t76ckh2ygg.1,verified_real_mendeley_cc_by_4.0
2018-06-15,1495,2223,1091,593,https://doi.org/10.17632/t76ckh2ygg.1,verified_real_mendeley_cc_by_4.0
2018-06-18,1482,2228,1092,595,https://doi.org/10.17632/t76ckh2ygg.1,verified_real_mendeley_cc_by_4.0
2018-06-19,1458,2187,1093,594,https://doi.org/10.17632/t76ckh2ygg.1,verified_real_mendeley_cc_by_4.0
2018-06-20,1419,2090,1094,593,https://doi.org/10.17632/t76ckh2ygg.1,verified_real_mendeley_cc_by_4.0
2018-06-21,1382,2038,1094,592,https://doi.org/10.17632/t76ckh2ygg.1,verified_real_mendeley_cc_by_4.0
2018-06-22,1355,2011,1092,593,https://doi.org/10.17632/t76ckh2ygg.1,verified_real_mendeley_cc_by_4.0
2018-06-25,1339,2001,1085,592,https://doi.org/10.17632/t76ckh2ygg.1,verified_real_mendeley_cc_by_4.0
2018-06-26,1321,1986,1078,589,https://doi.org/10.17632/t76ckh2ygg.1,verified_real_mendeley_cc_by_4.0
2018-06-27,1324,1942,1067,585,https://doi.org/10.17632/t76ckh2ygg.1,verified_real_mendeley_cc_by_4.0
2018-06-28,1331,2025,1055,583,https://doi.org/10.17632/t76ckh2ygg.1,verified_real_mendeley_cc_by_4.0
2018-06-29,1336,2170,1042,581,https://doi.org/10.17632/t76ckh2ygg.1,verified_real_mendeley_cc_by_4.0
2018-07-02,1338,2304,1034,575,https://doi.org/10.17632/t76ckh2ygg.1,verified_real_mendeley_cc_by_4.0
2018-07-03,1336,2478,1025,571,https://doi.org/10.17632/t76ckh2ygg.1,verified_real_mendeley_cc_by_4.0
2018-07-04,1334,2743,1017,569,https://doi.org/10.17632/t76ckh2ygg.1,verified_real_mendeley_cc_by_4.0
2018-07-05,1339,3013,1005,565,https://doi.org/10.17632/t76ckh2ygg.1,verified_real_mendeley_cc_by_4.0
2018-07-06,1347,3086,999,563,https://doi.org/10.17632/t76ckh2ygg.1,verified_real_mendeley_cc_by_4.0
2018-07-09,1367,3016,997,562,https://doi.org/10.17632/t76ckh2ygg.1,verified_real_mendeley_cc_by_4.0
2018-07-10,1431,2792,994,560,https://doi.org/10.17632/t76ckh2ygg.1,verified_real_mendeley_cc_by_4.0
2018-07-11,1498,2793,992,558,https://doi.org/10.17632/t76ckh2ygg.1,verified_real_mendeley_cc_by_4.0
2018-07-12,1517,3041,994,558,https://doi.org/10.17632/t76ckh2ygg.1,verified_real_mendeley_cc_by_4.0
2018-07-13,1527,3156,995,559,https://doi.org/10.17632/t76ckh2ygg.1,verified_real_mendeley_cc_by_4.0
2018-07-16,1529,3238,998,559,https://doi.org/10.17632/t76ckh2ygg.1,verified_real_mendeley_cc_by_4.0
2018-07-17,1530,3335,1003,561,https://doi.org/10.17632/t76ckh2ygg.1,verified_real_mendeley_cc_by_4.0
2018-07-18,1529,3230,1008,561,https://doi.org/10.17632/t76ckh2ygg.1,verified_real_mendeley_cc_by_4.0
2018-07-19,1538,3130,1016,561,https://doi.org/10.17632/t76ckh2ygg.1,verified_real_mendeley_cc_by_4.0
2018-07-20,1557,3205,1023,560,https://doi.org/10.17632/t76ckh2ygg.1,verified_real_mendeley_cc_by_4.0
2018-07-23,1566,3304,1028,560,https://doi.org/10.17632/t76ckh2ygg.1,verified_real_mendeley_cc_by_4.0
2018-07-24,1581,3461,1030,559,https://doi.org/10.17632/t76ckh2ygg.1,verified_real_mendeley_cc_by_4.0
2018-07-25,1588,3462,1033,556,https://doi.org/10.17632/t76ckh2ygg.1,verified_real_mendeley_cc_by_4.0
2018-07-26,1583,3303,1034,554,https://doi.org/10.17632/t76ckh2ygg.1,verified_real_mendeley_cc_by_4.0
2018-07-27,1588,3197,1035,553,https://doi.org/10.17632/t76ckh2ygg.1,verified_real_mendeley_cc_by_4.0
2018-07-30,1587,3280,1035,551,https://doi.org/10.17632/t76ckh2ygg.1,verified_real_mendeley_cc_by_4.0
2018-07-31,1570,3471,1035,549,https://doi.org/10.17632/t76ckh2ygg.1,verified_real_mendeley_cc_by_4.0
2018-08-01,1539,3515,1036,547,https://doi.org/10.17632/t76ckh2ygg.1,verified_real_mendeley_cc_by_4.0
2018-08-02,1491,3534,1032,544,https://doi.org/10.17632/t76ckh2ygg.1,verified_real_mendeley_cc_by_4.0
2018-08-03,1447,3632,1030,543,https://doi.org/10.17632/t76ckh2ygg.1,verified_real_mendeley_cc_by_4.0
2018-08-06,1420,3654,1030,542,https://doi.org/10.17632/t76ckh2ygg.1,verified_real_mendeley_cc_by_4.0
2018-08-07,1386,3550,1032,541,https://doi.org/10.17632/t76ckh2ygg.1,verified_real_mendeley_cc_by_4.0
2018-08-08,1365,3483,1035,541,https://doi.org/10.17632/t76ckh2ygg.1,verified_real_mendeley_cc_by_4.0
2018-08-09,1349,3472,1036,543,https://doi.org/10.17632/t76ckh2ygg.1,verified_real_mendeley_cc_by_4.0
2018-08-10,1339,3480,1039,542,https://doi.org/10.17632/t76ckh2ygg.1,verified_real_mendeley_cc_by_4.0
2018-08-13,1339,3536,1040,543,https://doi.org/10.17632/t76ckh2ygg.1,verified_real_mendeley_cc_by_4.0
2018-08-14,1362,3587,1042,543,https://doi.org/10.17632/t76ckh2ygg.1,verified_real_mendeley_cc_by_4.0
2018-08-15,1403,3560,1045,543,https://doi.org/10.17632/t76ckh2ygg.1,verified_real_mendeley_cc_by_4.0
2018-08-16,1447,3476,1050,544,https://doi.org/10.17632/t76ckh2ygg.1,verified_real_mendeley_cc_by_4.0
2018-08-17,1485,3454,1056,545,https://doi.org/10.17632/t76ckh2ygg.1,verified_real_mendeley_cc_by_4.0
2018-08-20,1506,3424,1062,543,https://doi.org/10.17632/t76ckh2ygg.1,verified_real_mendeley_cc_by_4.0
2018-08-21,1530,3426,1069,543,https://doi.org/10.17632/t76ckh2ygg.1,verified_real_mendeley_cc_by_4.0
2018-08-22,1560,3371,1078,548,https://doi.org/10.17632/t76ckh2ygg.1,verified_real_mendeley_cc_by_4.0
2018-08-23,1607,3232,1087,547,https://doi.org/10.17632/t76ckh2ygg.1,verified_real_mendeley_cc_by_4.0
2018-08-24,1630,3164,1095,551,https://doi.org/10.17632/t76ckh2ygg.1,verified_real_mendeley_cc_by_4.0
2018-08-28,1643,3088,1110,554,https://doi.org/10.17632/t76ckh2ygg.1,verified_real_mendeley_cc_by_4.0
2018-08-29,1639,2994,1121,556,https://doi.org/10.17632/t76ckh2ygg.1,verified_real_mendeley_cc_by_4.0
2018-08-30,1608,2826,1128,559,https://doi.org/10.17632/t76ckh2ygg.1,verified_real_mendeley_cc_by_4.0
2018-08-31,1571,2732,1132,562,https://doi.org/10.17632/t76ckh2ygg.1,verified_real_mendeley_cc_by_4.0
2018-09-03,1540,2672,1133,563,https://doi.org/10.17632/t76ckh2ygg.1,verified_real_mendeley_cc_by_4.0
2018-09-04,1517,2535,1135,564,https://doi.org/10.17632/t76ckh2ygg.1,verified_real_mendeley_cc_by_4.0
2018-09-05,1504,2410,1135,565,https://doi.org/10.17632/t76ckh2ygg.1,verified_real_mendeley_cc_by_4.0
2018-09-06,1516,2424,1135,565,https://doi.org/10.17632/t76ckh2ygg.1,verified_real_mendeley_cc_by_4.0
2018-09-07,1528,2411,1134,568,https://doi.org/10.17632/t76ckh2ygg.1,verified_real_mendeley_cc_by_4.0
2018-09-10,1544,2363,1136,569,https://doi.org/10.17632/t76ckh2ygg.1,verified_real_mendeley_cc_by_4.0
2018-09-11,1556,2191,1135,572,https://doi.org/10.17632/t76ckh2ygg.1,verified_real_mendeley_cc_by_4.0
2018-09-12,1550,2074,1134,576,https://doi.org/10.17632/t76ckh2ygg.1,verified_real_mendeley_cc_by_4.0
2018-09-13,1534,1980,1132,581,https://doi.org/10.17632/t76ckh2ygg.1,verified_real_mendeley_cc_by_4.0
2018-09-14,1523,1900,1134,588,https://doi.org/10.17632/t76ckh2ygg.1,verified_real_mendeley_cc_by_4.0
2018-09-17,1518,1853,1138,596,https://doi.org/10.17632/t76ckh2ygg.1,verified_real_mendeley_cc_by_4.0
2018-09-18,1525,1826,1151,600,https://doi.org/10.17632/t76ckh2ygg.1,verified_real_mendeley_cc_by_4.0
2018-09-19,1530,1850,1159,604,https://doi.org/10.17632/t76ckh2ygg.1,verified_real_mendeley_cc_by_4.0
2018-09-20,1557,1838,1169,612,https://doi.org/10.17632/t76ckh2ygg.1,verified_real_mendeley_cc_by_4.0
2018-09-21,1586,1840,1175,617,https://doi.org/10.17632/t76ckh2ygg.1,verified_real_mendeley_cc_by_4.0
2018-09-24,1609,1864,1185,622,https://doi.org/10.17632/t76ckh2ygg.1,verified_real_mendeley_cc_by_4.0
2018-09-25,1639,1868,1190,622,https://doi.org/10.17632/t76ckh2ygg.1,verified_real_mendeley_cc_by_4.0
2018-09-26,1677,1910,1194,626,https://doi.org/10.17632/t76ckh2ygg.1,verified_real_mendeley_cc_by_4.0
2018-09-27,1689,1949,1195,627,https://doi.org/10.17632/t76ckh2ygg.1,verified_real_mendeley_cc_by_4.0
2018-09-28,1695,2000,1194,629,https://doi.org/10.17632/t76ckh2ygg.1,verified_real_mendeley_cc_by_4.0
2018-10-01,1692,2061,1193,630,https://doi.org/10.17632/t76ckh2ygg.1,verified_real_mendeley_cc_by_4.0
2018-10-02,1678,2148,1189,631,https://doi.org/10.17632/t76ckh2ygg.1,verified_real_mendeley_cc_by_4.0
2018-10-03,1679,2199,1190,633,https://doi.org/10.17632/t76ckh2ygg.1,verified_real_mendeley_cc_by_4.0
2018-10-04,1706,2148,1192,634,https://doi.org/10.17632/t76ckh2ygg.1,verified_real_mendeley_cc_by_4.0
2018-10-05,1727,2081,1197,637,https://doi.org/10.17632/t76ckh2ygg.1,verified_real_mendeley_cc_by_4.0
2018-10-08,1749,2042,1201,639,https://doi.org/10.17632/t76ckh2ygg.1,verified_real_mendeley_cc_by_4.0
2018-10-09,1747,1961,1203,643,https://doi.org/10.17632/t76ckh2ygg.1,verified_real_mendeley_cc_by_4.0
2018-10-10,1749,1949,1205,647,https://doi.org/10.17632/t76ckh2ygg.1,verified_real_mendeley_cc_by_4.0
2018-10-11,1763,2005,1207,652,https://doi.org/10.17632/t76ckh2ygg.1,verified_real_mendeley_cc_by_4.0
2018-10-12,1775,2169,1204,657,https://doi.org/10.17632/t76ckh2ygg.1,verified_real_mendeley_cc_by_4.0
2018-10-15,1779,2189,1200,661,https://doi.org/10.17632/t76ckh2ygg.1,verified_real_mendeley_cc_by_4.0
2018-10-16,1793,2164,1196,663,https://doi.org/10.17632/t76ckh2ygg.1,verified_real_mendeley_cc_by_4.0
2018-10-17,1796,2106,1192,665,https://doi.org/10.17632/t76ckh2ygg.1,verified_real_mendeley_cc_by_4.0
2018-10-18,1789,2176,1181,668,https://doi.org/10.17632/t76ckh2ygg.1,verified_real_mendeley_cc_by_4.0
2018-10-19,1775,2230,1170,670,https://doi.org/10.17632/t76ckh2ygg.1,verified_real_mendeley_cc_by_4.0
2018-10-22,1756,2296,1163,671,https://doi.org/10.17632/t76ckh2ygg.1,verified_real_mendeley_cc_by_4.0
2018-10-23,1715,2363,1156,673,https://doi.org/10.17632/t76ckh2ygg.1,verified_real_mendeley_cc_by_4.0
2018-10-24,1669,2388,1144,675,https://doi.org/10.17632/t76ckh2ygg.1,verified_real_mendeley_cc_by_4.0
2018-10-25,1622,2353,1132,676,https://doi.org/10.17632/t76ckh2ygg.1,verified_real_mendeley_cc_by_4.0
2018-10-26,1583,2526,1117,675,https://doi.org/10.17632/t76ckh2ygg.1,verified_real_mendeley_cc_by_4.0
2018-10-29,1556,2607,1106,675,https://doi.org/10.17632/t76ckh2ygg.1,verified_real_mendeley_cc_by_4.0
2018-10-30,1530,2630,1087,675,https://doi.org/10.17632/t76ckh2ygg.1,verified_real_mendeley_cc_by_4.0
2018-10-31,1524,2596,1073,671,https://doi.org/10.17632/t76ckh2ygg.1,verified_real_mendeley_cc_by_4.0
2018-11-01,1526,2530,1061,668,https://doi.org/10.17632/t76ckh2ygg.1,verified_real_mendeley_cc_by_4.0
2018-11-02,1530,2502,1051,666,https://doi.org/10.17632/t76ckh2ygg.1,verified_real_mendeley_cc_by_4.0
2018-11-05,1531,2397,1041,665,https://doi.org/10.17632/t76ckh2ygg.1,verified_real_mendeley_cc_by_4.0
2018-11-06,1528,2296,1033,663,https://doi.org/10.17632/t76ckh2ygg.1,verified_real_mendeley_cc_by_4.0
2018-11-07,1511,1968,1021,660,https://doi.org/10.17632/t76ckh2ygg.1,verified_real_mendeley_cc_by_4.0
2018-11-08,1496,1747,1013,658,https://doi.org/10.17632/t76ckh2ygg.1,verified_real_mendeley_cc_by_4.0
2018-11-09,1495,1461,1003,656,https://doi.org/10.17632/t76ckh2ygg.1,verified_real_mendeley_cc_by_4.0
2018-11-12,1496,1398,994,654,https://doi.org/10.17632/t76ckh2ygg.1,verified_real_mendeley_cc_by_4.0
2018-11-13,1498,1153,986,653,https://doi.org/10.17632/t76ckh2ygg.1,verified_real_mendeley_cc_by_4.0
2018-11-14,1484,940,982,652,https://doi.org/10.17632/t76ckh2ygg.1,verified_real_mendeley_cc_by_4.0
2018-11-15,1466,1007,970,649,https://doi.org/10.17632/t76ckh2ygg.1,verified_real_mendeley_cc_by_4.0
2018-11-16,1453,1057,969,646,https://doi.org/10.17632/t76ckh2ygg.1,verified_real_mendeley_cc_by_4.0
2018-11-19,1437,1050,964,645,https://doi.org/10.17632/t76ckh2ygg.1,verified_real_mendeley_cc_by_4.0
2018-11-20,1416,1002,963,644,https://doi.org/10.17632/t76ckh2ygg.1,verified_real_mendeley_cc_by_4.0
2018-11-21,1393,1056,959,642,https://doi.org/10.17632/t76ckh2ygg.1,verified_real_mendeley_cc_by_4.0
2018-11-22,1378,1089,956,638,https://doi.org/10.17632/t76ckh2ygg.1,verified_real_mendeley_cc_by_4.0
2018-11-23,1376,1358,952,635,https://doi.org/10.17632/t76ckh2ygg.1,verified_real_mendeley_cc_by_4.0
2018-11-26,1389,1789,947,633,https://doi.org/10.17632/t76ckh2ygg.1,verified_real_mendeley_cc_by_4.0
2018-11-27,1416,2170,943,631,https://doi.org/10.17632/t76ckh2ygg.1,verified_real_mendeley_cc_by_4.0
2018-11-28,1444,2121,942,629,https://doi.org/10.17632/t76ckh2ygg.1,verified_real_mendeley_cc_by_4.0
2018-11-29,1455,1950,945,628,https://doi.org/10.17632/t76ckh2ygg.1,verified_real_mendeley_cc_by_4.0
2018-11-30,1463,1755,944,626,https://doi.org/10.17632/t76ckh2ygg.1,verified_real_mendeley_cc_by_4.0
2018-12-03,1469,1638,945,626,https://doi.org/10.17632/t76ckh2ygg.1,verified_real_mendeley_cc_by_4.0
2018-12-04,1474,1739,949,625,https://doi.org/10.17632/t76ckh2ygg.1,verified_real_mendeley_cc_by_4.0
2018-12-05,1472,1925,950,625,https://doi.org/10.17632/t76ckh2ygg.1,verified_real_mendeley_cc_by_4.0
2018-12-06,1473,2080,951,625,https://doi.org/10.17632/t76ckh2ygg.1,verified_real_mendeley_cc_by_4.0
2018-12-07,1469,2197,953,625,https://doi.org/10.17632/t76ckh2ygg.1,verified_real_mendeley_cc_by_4.0
2018-12-10,1464,2244,955,624,https://doi.org/10.17632/t76ckh2ygg.1,verified_real_mendeley_cc_by_4.0
2018-12-11,1454,2183,958,623,https://doi.org/10.17632/t76ckh2ygg.1,verified_real_mendeley_cc_by_4.0
2018-12-12,1445,2153,963,622,https://doi.org/10.17632/t76ckh2ygg.1,verified_real_mendeley_cc_by_4.0
2018-12-13,1459,2180,968,621,https://doi.org/10.17632/t76ckh2ygg.1,verified_real_mendeley_cc_by_4.0
2018-12-14,1478,2383,974,617,https://doi.org/10.17632/t76ckh2ygg.1,verified_real_mendeley_cc_by_4.0
2018-12-17,1490,2433,978,614,https://doi.org/10.17632/t76ckh2ygg.1,verified_real_mendeley_cc_by_4.0
2018-12-18,1494,2393,977,611,https://doi.org/10.17632/t76ckh2ygg.1,verified_real_mendeley_cc_by_4.0
2018-12-19,1492,2264,979,607,https://doi.org/10.17632/t76ckh2ygg.1,verified_real_mendeley_cc_by_4.0
2018-12-20,1473,2071,979,602,https://doi.org/10.17632/t76ckh2ygg.1,verified_real_mendeley_cc_by_4.0
2018-12-21,1437,1913,977,597,https://doi.org/10.17632/t76ckh2ygg.1,verified_real_mendeley_cc_by_4.0
2018-12-24,1421,1905,975,596,https://doi.org/10.17632/t76ckh2ygg.1,verified_real_mendeley_cc_by_4.0
2019-01-02,1391,1987,967,588,https://doi.org/10.17632/t76ckh2ygg.1,verified_real_mendeley_cc_by_4.0
2019-01-03,1365,1963,958,578,https://doi.org/10.17632/t76ckh2ygg.1,verified_real_mendeley_cc_by_4.0
2019-01-04,1331,2003,946,571,https://doi.org/10.17632/t76ckh2ygg.1,verified_real_mendeley_cc_by_4.0
2019-01-07,1300,2016,933,563,https://doi.org/10.17632/t76ckh2ygg.1,verified_real_mendeley_cc_by_4.0
2019-01-08,1257,2117,918,556,https://doi.org/10.17632/t76ckh2ygg.1,verified_real_mendeley_cc_by_4.0
2019-01-09,1218,2078,893,546,https://doi.org/10.17632/t76ckh2ygg.1,verified_real_mendeley_cc_by_4.0
2019-01-10,1170,1987,870,536,https://doi.org/10.17632/t76ckh2ygg.1,verified_real_mendeley_cc_by_4.0
2019-01-11,1137,1966,842,524,https://doi.org/10.17632/t76ckh2ygg.1,verified_real_mendeley_cc_by_4.0
2019-01-14,1118,1952,814,511,https://doi.org/10.17632/t76ckh2ygg.1,verified_real_mendeley_cc_by_4.0
2019-01-15,1104,1831,785,499,https://doi.org/10.17632/t76ckh2ygg.1,verified_real_mendeley_cc_by_4.0
2019-01-16,1079,1748,755,483,https://doi.org/10.17632/t76ckh2ygg.1,verified_real_mendeley_cc_by_4.0
2019-01-17,1045,1868,729,466,https://doi.org/10.17632/t76ckh2ygg.1,verified_real_mendeley_cc_by_4.0
2019-01-18,1018,2037,701,451,https://doi.org/10.17632/t76ckh2ygg.1,verified_real_mendeley_cc_by_4.0
2019-01-21,991,2024,680,442,https://doi.org/10.17632/t76ckh2ygg.1,verified_real_mendeley_cc_by_4.0
2019-01-22,950,1892,660,432,https://doi.org/10.17632/t76ckh2ygg.1,verified_real_mendeley_cc_by_4.0
2019-01-23,893,1775,638,423,https://doi.org/10.17632/t76ckh2ygg.1,verified_real_mendeley_cc_by_4.0
2019-01-24,828,1726,607,409,https://doi.org/10.17632/t76ckh2ygg.1,verified_real_mendeley_cc_by_4.0
2019-01-25,748,1730,576,395,https://doi.org/10.17632/t76ckh2ygg.1,verified_real_mendeley_cc_by_4.0
2019-01-28,687,1631,552,384,https://doi.org/10.17632/t76ckh2ygg.1,verified_real_mendeley_cc_by_4.0
2019-01-29,644,1508,526,368,https://doi.org/10.17632/t76ckh2ygg.1,verified_real_mendeley_cc_by_4.0
2019-01-30,612,1295,498,347,https://doi.org/10.17632/t76ckh2ygg.1,verified_real_mendeley_cc_by_4.0
2019-01-31,574,1116,472,328,https://doi.org/10.17632/t76ckh2ygg.1,verified_real_mendeley_cc_by_4.0
2019-02-01,560,1014,450,311,https://doi.org/10.17632/t76ckh2ygg.1,verified_real_mendeley_cc_by_4.0
2019-02-04,552,984,438,301,https://doi.org/10.17632/t76ckh2ygg.1,verified_real_mendeley_cc_by_4.0
2019-02-05,553,972,423,294,https://doi.org/10.17632/t76ckh2ygg.1,verified_real_mendeley_cc_by_4.0
2019-02-06,553,929,415,294,https://doi.org/10.17632/t76ckh2ygg.1,verified_real_mendeley_cc_by_4.0
2019-02-07,561,846,414,290,https://doi.org/10.17632/t76ckh2ygg.1,verified_real_mendeley_cc_by_4.0
2019-02-08,574,792,415,290,https://doi.org/10.17632/t76ckh2ygg.1,verified_real_mendeley_cc_by_4.0
2019-02-11,586,736,429,292,https://doi.org/10.17632/t76ckh2ygg.1,verified_real_mendeley_cc_by_4.0
2019-02-12,600,711,454,296,https://doi.org/10.17632/t76ckh2ygg.1,verified_real_mendeley_cc_by_4.0
2019-02-13,611,707,478,302,https://doi.org/10.17632/t76ckh2ygg.1,verified_real_mendeley_cc_by_4.0
2019-02-14,619,729,526,311,https://doi.org/10.17632/t76ckh2ygg.1,verified_real_mendeley_cc_by_4.0
2019-02-15,624,727,560,315,https://doi.org/10.17632/t76ckh2ygg.1,verified_real_mendeley_cc_by_4.0
2019-02-18,628,713,594,322,https://doi.org/10.17632/t76ckh2ygg.1,verified_real_mendeley_cc_by_4.0
2019-02-19,639,650,625,335,https://doi.org/10.17632/t76ckh2ygg.1,verified_real_mendeley_cc_by_4.0
2019-02-20,649,578,649,345,https://doi.org/10.17632/t76ckh2ygg.1,verified_real_mendeley_cc_by_4.0
2019-02-21,657,570,686,353,https://doi.org/10.17632/t76ckh2ygg.1,verified_real_mendeley_cc_by_4.0
2019-02-22,666,545,707,359,https://doi.org/10.17632/t76ckh2ygg.1,verified_real_mendeley_cc_by_4.0
2019-02-25,685,520,721,366,https://doi.org/10.17632/t76ckh2ygg.1,verified_real_mendeley_cc_by_4.0
2019-02-26,713,522,729,372,https://doi.org/10.17632/t76ckh2ygg.1,verified_real_mendeley_cc_by_4.0
2019-02-27,752,500,738,382,https://doi.org/10.17632/t76ckh2ygg.1,verified_real_mendeley_cc_by_4.0
2019-02-28,813,459,749,388,https://doi.org/10.17632/t76ckh2ygg.1,verified_real_mendeley_cc_by_4.0
2019-03-01,863,383,759,393,https://doi.org/10.17632/t76ckh2ygg.1,verified_real_mendeley_cc_by_4.0
2019-03-04,900,355,767,397,https://doi.org/10.17632/t76ckh2ygg.1,verified_real_mendeley_cc_by_4.0
2019-03-05,924,299,776,407,https://doi.org/10.17632/t76ckh2ygg.1,verified_real_mendeley_cc_by_4.0
2019-03-06,938,270,783,413,https://doi.org/10.17632/t76ckh2ygg.1,verified_real_mendeley_cc_by_4.0
2019-03-07,926,236,790,418,https://doi.org/10.17632/t76ckh2ygg.1,verified_real_mendeley_cc_by_4.0
2019-03-08,894,235,790,421,https://doi.org/10.17632/t76ckh2ygg.1,verified_real_mendeley_cc_by_4.0
2019-03-11,866,250,790,424,https://doi.org/10.17632/t76ckh2ygg.1,verified_real_mendeley_cc_by_4.0
2019-03-12,839,278,789,429,https://doi.org/10.17632/t76ckh2ygg.1,verified_real_mendeley_cc_by_4.0
2019-03-13,823,327,789,430,https://doi.org/10.17632/t76ckh2ygg.1,verified_real_mendeley_cc_by_4.0
2019-03-14,841,403,786,434,https://doi.org/10.17632/t76ckh2ygg.1,verified_real_mendeley_cc_by_4.0
2019-03-15,883,520,786,437,https://doi.org/10.17632/t76ckh2ygg.1,verified_real_mendeley_cc_by_4.0
2019-03-18,905,476,787,440,https://doi.org/10.17632/t76ckh2ygg.1,verified_real_mendeley_cc_by_4.0
2019-03-19,922,421,789,443,https://doi.org/10.17632/t76ckh2ygg.1,verified_real_mendeley_cc_by_4.0
2019-03-20,962,399,796,446,https://doi.org/10.17632/t76ckh2ygg.1,verified_real_mendeley_cc_by_4.0
2019-03-21,1009,288,813,449,https://doi.org/10.17632/t76ckh2ygg.1,verified_real_mendeley_cc_by_4.0
2019-03-22,1027,251,826,455,https://doi.org/10.17632/t76ckh2ygg.1,verified_real_mendeley_cc_by_4.0
2019-03-25,1036,230,830,458,https://doi.org/10.17632/t76ckh2ygg.1,verified_real_mendeley_cc_by_4.0
2019-03-26,1053,190,833,463,https://doi.org/10.17632/t76ckh2ygg.1,verified_real_mendeley_cc_by_4.0
2019-03-27,1056,178,831,466,https://doi.org/10.17632/t76ckh2ygg.1,verified_real_mendeley_cc_by_4.0
2019-03-28,1087,167,823,467,https://doi.org/10.17632/t76ckh2ygg.1,verified_real_mendeley_cc_by_4.0
2019-03-29,1102,150,813,464,https://doi.org/10.17632/t76ckh2ygg.1,verified_real_mendeley_cc_by_4.0
2019-04-01,1110,122,807,461,https://doi.org/10.17632/t76ckh2ygg.1,verified_real_mendeley_cc_by_4.0
2019-04-02,1120,92,795,455,https://doi.org/10.17632/t76ckh2ygg.1,verified_real_mendeley_cc_by_4.0
2019-04-03,1127,104,775,448,https://doi.org/10.17632/t76ckh2ygg.1,verified_real_mendeley_cc_by_4.0
2019-04-04,1124,210,757,437,https://doi.org/10.17632/t76ckh2ygg.1,verified_real_mendeley_cc_by_4.0
2019-04-05,1114,276,742,432,https://doi.org/10.17632/t76ckh2ygg.1,verified_real_mendeley_cc_by_4.0
2019-04-08,1101,312,733,425,https://doi.org/10.17632/t76ckh2ygg.1,verified_real_mendeley_cc_by_4.0
2019-04-09,1085,375,726,419,https://doi.org/10.17632/t76ckh2ygg.1,verified_real_mendeley_cc_by_4.0
2019-04-10,1074,428,718,411,https://doi.org/10.17632/t76ckh2ygg.1,verified_real_mendeley_cc_by_4.0
2019-04-11,1071,423,715,406,https://doi.org/10.17632/t76ckh2ygg.1,verified_real_mendeley_cc_by_4.0
2019-04-12,1073,418,711,403,https://doi.org/10.17632/t76ckh2ygg.1,verified_real_mendeley_cc_by_4.0
2019-04-15,1092,445,714,399,https://doi.org/10.17632/t76ckh2ygg.1,verified_real_mendeley_cc_by_4.0
2019-04-16,1119,459,718,397,https://doi.org/10.17632/t76ckh2ygg.1,verified_real_mendeley_cc_by_4.0
2019-04-17,1147,463,726,394,https://doi.org/10.17632/t76ckh2ygg.1,verified_real_mendeley_cc_by_4.0
2019-04-18,1162,490,732,390,https://doi.org/10.17632/t76ckh2ygg.1,verified_real_mendeley_cc_by_4.0
2019-04-23,1171,572,751,391,https://doi.org/10.17632/t76ckh2ygg.1,verified_real_mendeley_cc_by_4.0
2019-04-24,1177,648,773,392,https://doi.org/10.17632/t76ckh2ygg.1,verified_real_mendeley_cc_by_4.0
2019-04-25,1182,691,781,391,https://doi.org/10.17632/t76ckh2ygg.1,verified_real_mendeley_cc_by_4.0
2019-04-26,1186,783,780,389,https://doi.org/10.17632/t76ckh2ygg.1,verified_real_mendeley_cc_by_4.0
2019-04-29,1189,884,777,386,https://doi.org/10.17632/t76ckh2ygg.1,verified_real_mendeley_cc_by_4.0
2019-04-30,1188,1276,768,384,https://doi.org/10.17632/t76ckh2ygg.1,verified_real_mendeley_cc_by_4.0
2019-05-01,1187,1389,763,386,https://doi.org/10.17632/t76ckh2ygg.1,verified_real_mendeley_cc_by_4.0
2019-05-02,1189,1420,755,384,https://doi.org/10.17632/t76ckh2ygg.1,verified_real_mendeley_cc_by_4.0
2019-05-03,1190,1290,752,382,https://doi.org/10.17632/t76ckh2ygg.1,verified_real_mendeley_cc_by_4.0
2019-05-07,1189,1119,761,382,https://doi.org/10.17632/t76ckh2ygg.1,verified_real_mendeley_cc_by_4.0
2019-05-08,1188,1159,770,382,https://doi.org/10.17632/t76ckh2ygg.1,verified_real_mendeley_cc_by_4.0
2019-05-09,1193,1270,776,382,https://doi.org/10.17632/t76ckh2ygg.1,verified_real_mendeley_cc_by_4.0
2019-05-10,1198,1371,779,382,https://doi.org/10.17632/t76ckh2ygg.1,verified_real_mendeley_cc_by_4.0
2019-05-13,1211,1405,782,382,https://doi.org/10.17632/t76ckh2ygg.1,verified_real_mendeley_cc_by_4.0
2019-05-14,1229,1462,783,381,https://doi.org/10.17632/t76ckh2ygg.1,verified_real_mendeley_cc_by_4.0
2019-05-15,1243,1417,784,381,https://doi.org/10.17632/t76ckh2ygg.1,verified_real_mendeley_cc_by_4.0
2019-05-16,1252,1428,783,383,https://doi.org/10.17632/t76ckh2ygg.1,verified_real_mendeley_cc_by_4.0
2019-05-17,1255,1463,780,385,https://doi.org/10.17632/t76ckh2ygg.1,verified_real_mendeley_cc_by_4.0
2019-05-20,1256,1470,778,386,https://doi.org/10.17632/t76ckh2ygg.1,verified_real_mendeley_cc_by_4.0
2019-05-21,1258,1501,777,388,https://doi.org/10.17632/t76ckh2ygg.1,verified_real_mendeley_cc_by_4.0
2019-05-22,1268,1537,778,389,https://doi.org/10.17632/t76ckh2ygg.1,verified_real_mendeley_cc_by_4.0
2019-05-23,1287,1558,779,391,https://doi.org/10.17632/t76ckh2ygg.1,verified_real_mendeley_cc_by_4.0
2019-05-24,1304,1545,778,393,https://doi.org/10.17632/t76ckh2ygg.1,verified_real_mendeley_cc_by_4.0
2019-05-28,1322,1585,771,394,https://doi.org/10.17632/t76ckh2ygg.1,verified_real_mendeley_cc_by_4.0
2019-05-29,1337,1659,763,395,https://doi.org/10.17632/t76ckh2ygg.1,verified_real_mendeley_cc_by_4.0
2019-05-30,1340,1623,756,397,https://doi.org/10.17632/t76ckh2ygg.1,verified_real_mendeley_cc_by_4.0
2019-05-31,1335,1620,752,398,https://doi.org/10.17632/t76ckh2ygg.1,verified_real_mendeley_cc_by_4.0
2019-06-03,1325,1650,748,401,https://doi.org/10.17632/t76ckh2ygg.1,verified_real_mendeley_cc_by_4.0
2019-06-04,1304,1739,739,403,https://doi.org/10.17632/t76ckh2ygg.1,verified_real_mendeley_cc_by_4.0
2019-06-05,1285,1806,731,405,https://doi.org/10.17632/t76ckh2ygg.1,verified_real_mendeley_cc_by_4.0
2019-06-06,1246,1826,726,408,https://doi.org/10.17632/t76ckh2ygg.1,verified_real_mendeley_cc_by_4.0
2019-06-07,1213,1862,719,412,https://doi.org/10.17632/t76ckh2ygg.1,verified_real_mendeley_cc_by_4.0
2019-06-10,1187,1848,717,411,https://doi.org/10.17632/t76ckh2ygg.1,verified_real_mendeley_cc_by_4.0
2019-06-11,1166,1798,714,414,https://doi.org/10.17632/t76ckh2ygg.1,verified_real_mendeley_cc_by_4.0
2019-06-12,1149,1746,712,416,https://doi.org/10.17632/t76ckh2ygg.1,verified_real_mendeley_cc_by_4.0
2019-06-13,1137,1718,710,419,https://doi.org/10.17632/t76ckh2ygg.1,verified_real_mendeley_cc_by_4.0
2019-06-14,1131,1800,716,420,https://doi.org/10.17632/t76ckh2ygg.1,verified_real_mendeley_cc_by_4.0
2019-06-17,1125,1826,720,422,https://doi.org/10.17632/t76ckh2ygg.1,verified_real_mendeley_cc_by_4.0
2019-06-18,1117,1956,728,428,https://doi.org/10.17632/t76ckh2ygg.1,verified_real_mendeley_cc_by_4.0
2019-06-19,1110,2051,736,432,https://doi.org/10.17632/t76ckh2ygg.1,verified_real_mendeley_cc_by_4.0
2019-06-20,1101,2080,743,437,https://doi.org/10.17632/t76ckh2ygg.1,verified_real_mendeley_cc_by_4.0
2019-06-21,1096,2278,751,440,https://doi.org/10.17632/t76ckh2ygg.1,verified_real_mendeley_cc_by_4.0
2019-06-24,1111,2363,756,442,https://doi.org/10.17632/t76ckh2ygg.1,verified_real_mendeley_cc_by_4.0
2019-06-25,1150,2389,765,442,https://doi.org/10.17632/t76ckh2ygg.1,verified_real_mendeley_cc_by_4.0
2019-06-26,1191,2440,774,442,https://doi.org/10.17632/t76ckh2ygg.1,verified_real_mendeley_cc_by_4.0
2019-06-27,1243,2465,783,443,https://doi.org/10.17632/t76ckh2ygg.1,verified_real_mendeley_cc_by_4.0
2019-06-28,1286,2488,787,442,https://doi.org/10.17632/t76ckh2ygg.1,verified_real_mendeley_cc_by_4.0
2019-07-01,1317,2557,792,441,https://doi.org/10.17632/t76ckh2ygg.1,verified_real_mendeley_cc_by_4.0
2019-07-02,1370,2717,796,439,https://doi.org/10.17632/t76ckh2ygg.1,verified_real_mendeley_cc_by_4.0
2019-07-03,1433,2939,803,440,https://doi.org/10.17632/t76ckh2ygg.1,verified_real_mendeley_cc_by_4.0
2019-07-04,1569,3298,814,443,https://doi.org/10.17632/t76ckh2ygg.1,verified_real_mendeley_cc_by_4.0
2019-07-05,1665,3346,820,448,https://doi.org/10.17632/t76ckh2ygg.1,verified_real_mendeley_cc_by_4.0
2019-07-08,1695,3260,829,454,https://doi.org/10.17632/t76ckh2ygg.1,verified_real_mendeley_cc_by_4.0
2019-07-09,1739,3343,835,458,https://doi.org/10.17632/t76ckh2ygg.1,verified_real_mendeley_cc_by_4.0
2019-07-10,1791,3361,845,463,https://doi.org/10.17632/t76ckh2ygg.1,verified_real_mendeley_cc_by_4.0
2019-07-11,1881,3416,860,468,https://doi.org/10.17632/t76ckh2ygg.1,verified_real_mendeley_cc_by_4.0
2019-07-12,1945,3541,879,472,https://doi.org/10.17632/t76ckh2ygg.1,verified_real_mendeley_cc_by_4.0
2019-07-15,1992,3724,888,472,https://doi.org/10.17632/t76ckh2ygg.1,verified_real_mendeley_cc_by_4.0
2019-07-16,2052,3968,905,477,https://doi.org/10.17632/t76ckh2ygg.1,verified_real_mendeley_cc_by_4.0
2019-07-17,2085,4095,928,481,https://doi.org/10.17632/t76ckh2ygg.1,verified_real_mendeley_cc_by_4.0
2019-07-18,2134,4256,953,486,https://doi.org/10.17632/t76ckh2ygg.1,verified_real_mendeley_cc_by_4.0
2019-07-19,2170,4379,982,492,https://doi.org/10.17632/t76ckh2ygg.1,verified_real_mendeley_cc_by_4.0
2019-07-22,2201,4438,1002,497,https://doi.org/10.17632/t76ckh2ygg.1,verified_real_mendeley_cc_by_4.0
2019-07-23,2219,4315,1017,503,https://doi.org/10.17632/t76ckh2ygg.1,verified_real_mendeley_cc_by_4.0
2019-07-24,2209,3808,1019,506,https://doi.org/10.17632/t76ckh2ygg.1,verified_real_mendeley_cc_by_4.0
2019-07-25,2180,3609,1012,512,https://doi.org/10.17632/t76ckh2ygg.1,verified_real_mendeley_cc_by_4.0
2019-07-26,2109,3647,1005,515,https://doi.org/10.17632/t76ckh2ygg.1,verified_real_mendeley_cc_by_4.0
2019-07-29,2050,3660,996,516,https://doi.org/10.17632/t76ckh2ygg.1,verified_real_mendeley_cc_by_4.0
2019-07-30,1969,3664,988,516,https://doi.org/10.17632/t76ckh2ygg.1,verified_real_mendeley_cc_by_4.0
2019-07-31,1891,3657,982,516,https://doi.org/10.17632/t76ckh2ygg.1,verified_real_mendeley_cc_by_4.0
