obs_date,index_code,value,tc_avg_usd_day,source_url
2019-01-01,BDI,1690.42,,https://www.balticexchange.com/ (simulated demo series)
2019-01-02,BDI,1663.61,,https://www.balticexchange.com/ (simulated demo series)
2019-01-03,BDI,1652.68,,https://www.balticexchange.com/ (simulated demo series)
2019-01-04,BDI,1693.13,,https://www.balticexchange.com/ (simulated demo series)
2019-01-07,BDI,1708.27,,https://www.balticexchange.com/ (simulated demo series)
2019-01-08,BDI,1695.45,,https://www.balticexchange.com/ (simulated demo series)
2019-01-09,BDI,1694.2,,https://www.balticexchange.com/ (simulated demo series)
2019-01-10,BDI,1629.35,,https://www.balticexchange.com/ (simulated demo series)
2019-01-11,BDI,1662.42,,https://www.balticexchange.com/ (simulated demo series)
2019-01-14,BDI,1663.42,,https://www.balticexchange.com/ (simulated demo series)
2019-01-15,BDI,1695.77,,https://www.balticexchange.com/ (simulated demo series)
2019-01-16,BDI,1705.27,,https://www.balticexchange.com/ (simulated demo series)
2019-01-17,BDI,1691.63,,https://www.balticexchange.com/ (simulated demo series)
2019-01-18,BDI,1697.39,,https://www.balticexchange.com/ (simulated demo series)
2019-01-21,BDI,1710.25,,https://www.balticexchange.com/ (simulated demo series)
2019-01-22,BDI,1723.43,,https://www.balticexchange.com/ (simulated demo series)
2019-01-23,BDI,1731.08,,https://www.balticexchange.com/ (simulated demo series)
2019-01-24,BDI,1833.71,,https://www.balticexchange.com/ (simulated demo series)
2019-01-25,BDI,1855.69,,https://www.balticexchange.com/ (simulated demo series)
2019-01-28,BDI,1963.42,,https://www.balticexchange.com/ (simulated demo series)
2019-01-29,BDI,1972.12,,https://www.balticexchange.com/ (simulated demo series)
2019-01-30,BDI,2100.39,,https://www.balticexchange.com/ (simulated demo series)
2019-01-31,BDI,2083.82,,https://www.balticexchange.com/ (simulated demo series)
2019-02-01,BDI,2117.99,,https://www.balticexchange.com/ (simulated demo series)
2019-02-04,BDI,2141.61,,https://www.balticexchange.com/ (simulated demo series)
2019-02-05,BDI,2111.35,,https://www.balticexchange.com/ (simulated demo series)
2019-02-06,BDI,2137.74,,https://www.balticexchange.com/ (simulated demo series)
2019-02-07,BDI,2113.55,,https://www.balticexchange.com/ (simulated demo series)
2019-02-08,BDI,1986.78,,https://www.balticexchange.com/ (simulated demo series)
2019-02-11,BDI,1940.57,,https://www.balticexchange.com/ (simulated demo series)
2019-02-12,BDI,1951.03,,https://www.balticexchange.com/ (simulated demo series)
2019-02-13,BDI,1940.14,,https://www.balticexchange.com/ (simulated demo series)
2019-02-14,BDI,1832.41,,https://www.balticexchange.com/ (simulated demo series)
2019-02-15,BDI,1876.81,,https://www.balticexchange.com/ (simulated demo series)
2019-02-18,BDI,1783.45,,https://www.balticexchange.com/ (simulated demo series)
2019-02-19,BDI,1749.17,,https://www.balticexchange.com/ (simulated demo series)
2019-02-20,BDI,1842.4,,https://www.balticexchange.com/ (simulated demo series)
2019-02-21,BDI,1782.84,,https://www.balticexchange.com/ (simulated demo series)
2019-02-22,BDI,1758.65,,https://www.balticexchange.com/ (simulated demo series)
2019-02-25,BDI,1840.41,,https://www.balticexchange.com/ (simulated demo series)
2019-02-26,BDI,1804.7,,https://www.balticexchange.com/ (simulated demo series)
2019-02-27,BDI,1818.13,,https://www.balticexchange.com/ (simulated demo series)
2019-02-28,BDI,1886.12,,https://www.balticexchange.com/ (simulated demo series)
2019-03-01,BDI,1917.37,,https://www.balticexchange.com/ (simulated demo series)
2019-03-04,BDI,1786.9,,https://www.balticexchange.com/ (simulated demo series)
2019-03-05,BDI,1792.54,,https://www.balticexchange.com/ (simulated demo series)
2019-03-06,BDI,1772.01,,https://www.balticexchange.com/ (simulated demo series)
2019-03-07,BDI,1812.08,,https://www.balticexchange.com/ (simulated demo series)
2019-03-08,BDI,1826.16,,https://www.balticexchange.com/ (simulated demo series)
2019-03-11,BDI,1725.39,,https://www.balticexchange.com/ (simulated demo series)
2019-03-12,BDI,1680.51,,https://www.balticexchange.com/ (simulated demo series)
2019-03-13,BDI,1621.1,,https://www.balticexchange.com/ (simulated demo series)
2019-03-14,BDI,1670.95,,https://www.balticexchange.com/ (simulated demo series)
2019-03-15,BDI,1664.58,,https://www.balticexchange.com/ (simulated demo series)
2019-03-18,BDI,1707.92,,https://www.balticexchange.com/ (simulated demo series)
2019-03-19,BDI,1715.18,,https://www.balticexchange.com/ (simulated demo series)
2019-03-20,BDI,1647.84,,https://www.balticexchange.com/ (simulated demo series)
2019-03-21,BDI,1656.88,,https://www.balticexchange.com/ (simulated demo series)
2019-03-22,BDI,1679.77,,https://www.balticexchange.com/ (simulated demo series)
2019-03-25,BDI,1820.14,,https://www.balticexchange.com/ (simulated demo series)
2019-03-26,BDI,1870.2,,https://www.balticexchange.com/ (simulated demo series)
2019-03-27,BDI,1858.74,,https://www.balticexchange.com/ (simulated demo series)
2019-03-28,BDI,1820.16,,https://www.balticexchange.com/ (simulated demo series)
2019-03-29,BDI,1915.92,,https://www.balticexchange.com/ (simulated demo series)
2019-04-01,BDI,1968.93,,https://www.balticexchange.com/ (simulated demo series)
2019-04-02,BDI,1952.57,,https://www.balticexchange.com/ (simulated demo series)
2019-04-03,BDI,1943.74,,https://www.balticexchange.com/ (simulated demo series)
2019-04-04,BDI,1942.95,,https://www.balticexchange.com/ (simulated demo series)
2019-04-05,BDI,1870.73,,https://www.balticexchange.com/ (simulated demo series)
2019-04-08,BDI,1924.59,,https://www.balticexchange.com/ (simulated demo series)
2019-04-09,BDI,1946.58,,https://www.balticexchange.com/ (simulated demo series)
2019-04-10,BDI,1965.99,,https://www.balticexchange.com/ (simulated demo series)
2019-04-11,BDI,1932.32,,https://www.balticexchange.com/ (simulated demo series)
2019-04-12,BDI,1892.88,,https://www.balticexchange.com/ (simulated demo series)
2019-04-15,BDI,1943.03,,https://www.balticexchange.com/ (simulated demo series)
2019-04-16,BDI,2001.12,,https://www.balticexchange.com/ (simulated demo series)
2019-04-17,BDI,2071.9,,https://www.balticexchange.com/ (simulated demo series)
2019-04-18,BDI,2102.58,,https://www.balticexchange.com/ (simulated demo series)
2019-04-19,BDI,2149.26,,https://www.balticexchange.com/ (simulated demo series)
2019-04-22,BDI,2115.73,,https://www.balticexchange.com/ (simulated demo series)
2019-04-23,BDI,2165.31,,https://www.balticexchange.com/ (simulated demo series)
2019-04-24,BDI,2113.23,,https://www.balticexchange.com/ (simulated demo series)
2019-04-25,BDI,1982.13,,https://www.balticexchange.com/ (simulated demo series)
2019-04-26,BDI,1952.39,,https://www.balticexchange.com/ (simulated demo series)
2019-04-29,BDI,1984.16,,https://www.balticexchange.com/ (simulated demo series)
2019-04-30,BDI,2036.13,,https://www.balticexchange.com/ (simulated demo series)
2019-05-01,BDI,2031.72,,https://www.balticexchange.com/ (simulated demo series)
2019-05-02,BDI,2051.47,,https://www.balticexchange.com/ (simulated demo series)
2019-05-03,BDI,2157.03,,https://www.balticexchange.com/ (simulated demo series)
2019-05-06,BDI,2028.08,,https://www.balticexchange.com/ (simulated demo series)
2019-05-07,BDI,2080.8,,https://www.balticexchange.com/ (simulated demo series)
2019-05-08,BDI,1961.44,,https://www.balticexchange.com/ (simulated demo series)
2019-05-09,BDI,2024.72,,https://www.balticexchange.com/ (simulated demo series)
2019-05-10,BDI,2030.34,,https://www.balticexchange.com/ (simulated demo series)
2019-05-13,BDI,1999.26,,https://www.balticexchange.com/ (simulated demo series)
2019-05-14,BDI,1971.97,,https://www.balticexchange.com/ (simulated demo series)
2019-05-15,BDI,2000.33,,https://www.balticexchange.com/ (simulated demo series)
2019-05-16,BDI,1964.62,,https://www.balticexchange.com/ (simulated demo series)
2019-05-17,BDI,1979.35,,https://www.balticexchange.com/ (simulated demo series)
2019-05-20,BDI,1999.79,,https://www.balticexchange.com/ (simulated demo series)
2019-05-21,BDI,2006.86,,https://www.balticexchange.com/ (simulated demo series)
2019-05-22,BDI,1993.95,,https://www.balticexchange.com/ (simulated demo series)
2019-05-23,BDI,2016.1,,https://www.balticexchange.com/ (simulated demo series)
2019-05-24,BDI,2002.87,,https://www.balticexchange.com/ (simulated demo series)
2019-05-27,BDI,1959.35,,https://www.balticexchange.com/ (simulated demo series)
2019-05-28,BDI,2056.18,,https://www.balticexchange.com/ (simulated demo series)
2019-05-29,BDI,2043.45,,https://www.balticexchange.com/ (simulated demo series)
2019-05-30,BDI,1907.24,,https://www.balticexchange.com/ (simulated demo series)
2019-05-31,BDI,1899.74,,https://www.balticexchange.com/ (simulated demo series)
2019-06-03,BDI,1944.73,,https://www.balticexchange.com/ (simulated demo series)
2019-06-04,BDI,1926.11,,https://www.balticexchange.com/ (simulated demo series)
2019-06-05,BDI,1894.62,,https://www.balticexchange.com/ (simulated demo series)
2019-06-06,BDI,1986.78,,https://www.balticexchange.com/ (simulated demo series)
2019-06-07,BDI,2031.52,,https://www.balticexchange.com/ (simulated demo series)
2019-06-10,BDI,2026.49,,https://www.balticexchange.com/ (simulated demo series)
2019-06-11,BDI,2011.66,,https://www.balticexchange.com/ (simulated demo series)
2019-06-12,BDI,2066.3,,https://www.balticexchange.com/ (simulated demo series)
2019-06-13,BDI,2058.76,,https://www.balticexchange.com/ (simulated demo series)
2019-06-14,BDI,2078.34,,https://www.balticexchange.com/ (simulated demo series)
2019-06-17,BDI,2172.81,,https://www.balticexchange.com/ (simulated demo series)
2019-06-18,BDI,2212.55,,https://www.balticexchange.com/ (simulated demo series)
2019-06-19,BDI,2251.17,,https://www.balticexchange.com/ (simulated demo series)
2019-06-20,BDI,2312.02,,https://www.balticexchange.com/ (simulated demo series)
2019-06-21,BDI,2255.34,,https://www.balticexchange.com/ (simulated demo series)
2019-06-24,BDI,2256.13,,https://www.balticexchange.com/ (simulated demo series)
2019-06-25,BDI,2289.21,,https://www.balticexchange.com/ (simulated demo series)
2019-06-26,BDI,2360.95,,https://www.balticexchange.com/ (simulated demo series)
2019-06-27,BDI,2362.49,,https://www.balticexchange.com/ (simulated demo series)
2019-06-28,BDI,2442.75,,https://www.balticexchange.com/ (simulated demo series)
2019-07-01,BDI,2526.48,,https://www.balticexchange.com/ (simulated demo series)
2019-07-02,BDI,2553.58,,https://www.balticexchange.com/ (simulated demo series)
2019-07-03,BDI,2522.24,,https://www.balticexchange.com/ (simulated demo series)
2019-07-04,BDI,2509.93,,https://www.balticexchange.com/ (simulated demo series)
2019-07-05,BDI,2559.6,,https://www.balticexchange.com/ (simulated demo series)
2019-07-08,BDI,2605.1,,https://www.balticexchange.com/ (simulated demo series)
2019-07-09,BDI,2552.49,,https://www.balticexchange.com/ (simulated demo series)
2019-07-10,BDI,2577.23,,https://www.balticexchange.com/ (simulated demo series)
2019-07-11,BDI,2647.33,,https://www.balticexchange.com/ (simulated demo series)
2019-07-12,BDI,2635.0,,https://www.balticexchange.com/ (simulated demo series)
2019-07-15,BDI,2632.01,,https://www.balticexchange.com/ (simulated demo series)
2019-07-16,BDI,2672.25,,https://www.balticexchange.com/ (simulated demo series)
2019-07-17,BDI,2618.25,,https://www.balticexchange.com/ (simulated demo series)
2019-07-18,BDI,2658.86,,https://www.balticexchange.com/ (simulated demo series)
2019-07-19,BDI,2683.31,,https://www.balticexchange.com/ (simulated demo series)
2019-07-22,BDI,2635.47,,https://www.balticexchange.com/ (simulated demo series)
2019-07-23,BDI,2606.57,,https://www.balticexchange.com/ (simulated demo series)
2019-07-24,BDI,2629.25,,https://www.balticexchange.com/ (simulated demo series)
2019-07-25,BDI,2664.03,,https://www.balticexchange.com/ (simulated demo series)
2019-07-26,BDI,2707.53,,https://www.balticexchange.com/ (simulated demo series)
2019-07-29,BDI,2711.08,,https://www.balticexchange.com/ (simulated demo series)
2019-07-30,BDI,2779.18,,https://www.balticexchange.com/ (simulated demo series)
2019-07-31,BDI,2762.31,,https://www.balticexchange.com/ (simulated demo series)
2019-08-01,BDI,2799.75,,https://www.balticexchange.com/ (simulated demo series)
2019-08-02,BDI,2650.14,,https://www.balticexchange.com/ (simulated demo series)
2019-08-05,BDI,2762.0,,https://www.balticexchange.com/ (simulated demo series)
2019-08-06,BDI,2892.58,,https://www.balticexchange.com/ (simulated demo series)
2019-08-07,BDI,2883.33,,https://www.balticexchange.com/ (simulated demo series)
2019-08-08,BDI,2838.6,,https://www.balticexchange.com/ (simulated demo series)
2019-08-09,BDI,2815.05,,https://www.balticexchange.com/ (simulated demo series)
2019-08-12,BDI,2672.2,,https://www.balticexchange.com/ (simulated demo series)
2019-08-13,BDI,2702.32,,https://www.balticexchange.com/ (simulated demo series)
2019-08-14,BDI,2759.89,,https://www.balticexchange.com/ (simulated demo series)
2019-08-15,BDI,2682.8,,https://www.balticexchange.com/ (simulated demo series)
2019-08-16,BDI,2669.07,,https://www.balticexchange.com/ (simulated demo series)
2019-08-19,BDI,2618.47,,https://www.balticexchange.com/ (simulated demo series)
2019-08-20,BDI,2697.28,,https://www.balticexchange.com/ (simulated demo series)
2019-08-21,BDI,2695.71,,https://www.balticexchange.com/ (simulated demo series)
2019-08-22,BDI,2710.12,,https://www.balticexchange.com/ (simulated demo series)
2019-08-23,BDI,2718.38,,https://www.balticexchange.com/ (simulated demo series)
2019-08-26,BDI,2934.5,,https://www.balticexchange.com/ (simulated demo series)
2019-08-27,BDI,2917.27,,https://www.balticexchange.com/ (simulated demo series)
2019-08-28,BDI,2922.9,,https://www.balticexchange.com/ (simulated demo series)
2019-08-29,BDI,2918.51,,https://www.balticexchange.com/ (simulated demo series)
2019-08-30,BDI,2858.61,,https://www.balticexchange.com/ (simulated demo series)
2019-09-02,BDI,2770.99,,https://www.balticexchange.com/ (simulated demo series)
2019-09-03,BDI,2714.68,,https://www.balticexchange.com/ (simulated demo series)
2019-09-04,BDI,2740.53,,https://www.balticexchange.com/ (simulated demo series)
2019-09-05,BDI,2781.19,,https://www.balticexchange.com/ (simulated demo series)
2019-09-06,BDI,2719.3,,https://www.balticexchange.com/ (simulated demo series)
2019-09-09,BDI,2588.91,,https://www.balticexchange.com/ (simulated demo series)
2019-09-10,BDI,2512.62,,https://www.balticexchange.com/ (simulated demo series)
2019-09-11,BDI,2555.4,,https://www.balticexchange.com/ (simulated demo series)
2019-09-12,BDI,2498.5,,https://www.balticexchange.com/ (simulated demo series)
2019-09-13,BDI,2528.08,,https://www.balticexchange.com/ (simulated demo series)
2019-09-16,BDI,2306.79,,https://www.balticexchange.com/ (simulated demo series)
2019-09-17,BDI,2254.12,,https://www.balticexchange.com/ (simulated demo series)
2019-09-18,BDI,2201.84,,https://www.balticexchange.com/ (simulated demo series)
2019-09-19,BDI,2112.93,,https://www.balticexchange.com/ (simulated demo series)
2019-09-20,BDI,2066.29,,https://www.balticexchange.com/ (simulated demo series)
2019-09-23,BDI,2011.0,,https://www.balticexchange.com/ (simulated demo series)
2019-09-24,BDI,2145.63,,https://www.balticexchange.com/ (simulated demo series)
2019-09-25,BDI,2092.53,,https://www.balticexchange.com/ (simulated demo series)
2019-09-26,BDI,2141.26,,https://www.balticexchange.com/ (simulated demo series)
2019-09-27,BDI,2099.01,,https://www.balticexchange.com/ (simulated demo series)
2019-09-30,BDI,2058.77,,https://www.balticexchange.com/ (simulated demo series)
2019-10-01,BDI,2083.89,,https://www.balticexchange.com/ (simulated demo series)
2019-10-02,BDI,2154.21,,https://www.balticexchange.com/ (simulated demo series)
2019-10-03,BDI,2087.77,,https://www.balticexchange.com/ (simulated demo series)
2019-10-04,BDI,2120.55,,https://www.balticexchange.com/ (simulated demo series)
2019-10-07,BDI,2120.05,,https://www.balticexchange.com/ (simulated demo series)
2019-10-08,BDI,2062.75,,https://www.balticexchange.com/ (simulated demo series)
2019-10-09,BDI,2082.9,,https://www.balticexchange.com/ (simulated demo series)
2019-10-10,BDI,2075.7,,https://www.balticexchange.com/ (simulated demo series)
2019-10-11,BDI,2122.27,,https://www.balticexchange.com/ (simulated demo series)
2019-10-14,BDI,2310.31,,https://www.balticexchange.com/ (simulated demo series)
2019-10-15,BDI,2241.26,,https://www.balticexchange.com/ (simulated demo series)
2019-10-16,BDI,2251.95,,https://www.balticexchange.com/ (simulated demo series)
2019-10-17,BDI,2338.97,,https://www.balticexchange.com/ (simulated demo series)
2019-10-18,BDI,2378.49,,https://www.balticexchange.com/ (simulated demo series)
2019-10-21,BDI,2565.89,,https://www.balticexchange.com/ (simulated demo series)
2019-10-22,BDI,2582.41,,https://www.balticexchange.com/ (simulated demo series)
2019-10-23,BDI,2553.43,,https://www.balticexchange.com/ (simulated demo series)
2019-10-24,BDI,2624.69,,https://www.balticexchange.com/ (simulated demo series)
2019-10-25,BDI,2684.79,,https://www.balticexchange.com/ (simulated demo series)
2019-10-28,BDI,2751.49,,https://www.balticexchange.com/ (simulated demo series)
2019-10-29,BDI,2728.02,,https://www.balticexchange.com/ (simulated demo series)
2019-10-30,BDI,2697.43,,https://www.balticexchange.com/ (simulated demo series)
2019-10-31,BDI,2648.24,,https://www.balticexchange.com/ (simulated demo series)
2019-11-01,BDI,2704.2,,https://www.balticexchange.com/ (simulated demo series)
2019-11-04,BDI,2657.55,,https://www.balticexchange.com/ (simulated demo series)
2019-11-05,BDI,2609.7,,https://www.balticexchange.com/ (simulated demo series)
2019-11-06,BDI,2588.58,,https://www.balticexchange.com/ (simulated demo series)
2019-11-07,BDI,2541.05,,https://www.balticexchange.com/ (simulated demo series)
2019-11-08,BDI,2548.1,,https://www.balticexchange.com/ (simulated demo series)
2019-11-11,BDI,2538.24,,https://www.balticexchange.com/ (simulated demo series)
2019-11-12,BDI,2533.57,,https://www.balticexchange.com/ (simulated demo series)
2019-11-13,BDI,2637.09,,https://www.balticexchange.com/ (simulated demo series)
2019-11-14,BDI,2641.82,,https://www.balticexchange.com/ (simulated demo series)
2019-11-15,BDI,2706.7,,https://www.balticexchange.com/ (simulated demo series)
2019-11-18,BDI,2484.59,,https://www.balticexchange.com/ (simulated demo series)
2019-11-19,BDI,2452.8,,https://www.balticexchange.com/ (simulated demo series)
2019-11-20,BDI,2446.0,,https://www.balticexchange.com/ (simulated demo series)
2019-11-21,BDI,2452.12,,https://www.balticexchange.com/ (simulated demo series)
2019-11-22,BDI,2459.66,,https://www.balticexchange.com/ (simulated demo series)
2019-11-25,BDI,2348.96,,https://www.balticexchange.com/ (simulated demo series)
2019-11-26,BDI,2384.36,,https://www.balticexchange.com/ (simulated demo series)
2019-11-27,BDI,2350.73,,https://www.balticexchange.com/ (simulated demo series)
2019-11-28,BDI,2413.16,,https://www.balticexchange.com/ (simulated demo series)
2019-11-29,BDI,2451.4,,https://www.balticexchange.com/ (simulated demo series)
2019-12-02,BDI,2287.42,,https://www.balticexchange.com/ (simulated demo series)
2019-12-03,BDI,2277.63,,https://www.balticexchange.com/ (simulated demo series)
2019-12-04,BDI,2249.7,,https://www.balticexchange.com/ (simulated demo series)
2019-12-05,BDI,2193.53,,https://www.balticexchange.com/ (simulated demo series)
2019-12-06,BDI,2138.02,,https://www.balticexchange.com/ (simulated demo series)
2019-12-09,BDI,2145.1,,https://www.balticexchange.com/ (simulated demo series)
2019-12-10,BDI,2078.75,,https://www.balticexchange.com/ (simulated demo series)
2019-12-11,BDI,2120.81,,https://www.balticexchange.com/ (simulated demo series)
2019-12-12,BDI,2130.7,,https://www.balticexchange.com/ (simulated demo series)
2019-12-13,BDI,2118.52,,https://www.balticexchange.com/ (simulated demo series)
2019-12-16,BDI,2128.13,,https://www.balticexchange.com/ (simulated demo series)
2019-12-17,BDI,2134.78,,https://www.balticexchange.com/ (simulated demo series)
2019-12-18,BDI,2056.75,,https://www.balticexchange.com/ (simulated demo series)
2019-12-19,BDI,2087.87,,https://www.balticexchange.com/ (simulated demo series)
2019-12-20,BDI,2129.41,,https://www.balticexchange.com/ (simulated demo series)
2019-12-23,BDI,2106.95,,https://www.balticexchange.com/ (simulated demo series)
2019-12-24,BDI,2151.87,,https://www.balticexchange.com/ (simulated demo series)
2019-12-25,BDI,2116.0,,https://www.balticexchange.com/ (simulated demo series)
2019-12-26,BDI,2209.12,,https://www.balticexchange.com/ (simulated demo series)
2019-12-27,BDI,2176.94,,https://www.balticexchange.com/ (simulated demo series)
2019-12-30,BDI,2178.42,,https://www.balticexchange.com/ (simulated demo series)
2019-12-31,BDI,2153.39,,https://www.balticexchange.com/ (simulated demo series)
2020-01-01,BDI,2125.03,,https://www.balticexchange.com/ (simulated demo series)
2020-01-02,BDI,2117.27,,https://www.balticexchange.com/ (simulated demo series)
2020-01-03,BDI,2063.64,,https://www.balticexchange.com/ (simulated demo series)
2020-01-06,BDI,2102.22,,https://www.balticexchange.com/ (simulated demo series)
2020-01-07,BDI,2090.54,,https://www.balticexchange.com/ (simulated demo series)
2020-01-08,BDI,2130.24,,https://www.balticexchange.com/ (simulated demo series)
2020-01-09,BDI,2064.4,,https://www.balticexchange.com/ (simulated demo series)
2020-01-10,BDI,2073.23,,https://www.balticexchange.com/ (simulated demo series)
2020-01-13,BDI,2268.14,,https://www.balticexchange.com/ (simulated demo series)
2020-01-14,BDI,2219.18,,https://www.balticexchange.com/ (simulated demo series)
2020-01-15,BDI,2153.18,,https://www.balticexchange.com/ (simulated demo series)
2020-01-16,BDI,2157.59,,https://www.balticexchange.com/ (simulated demo series)
2020-01-17,BDI,2222.6,,https://www.balticexchange.com/ (simulated demo series)
2020-01-20,BDI,2047.95,,https://www.balticexchange.com/ (simulated demo series)
2020-01-21,BDI,2118.19,,https://www.balticexchange.com/ (simulated demo series)
2020-01-22,BDI,2060.32,,https://www.balticexchange.com/ (simulated demo series)
2020-01-23,BDI,1976.43,,https://www.balticexchange.com/ (simulated demo series)
2020-01-24,BDI,2018.38,,https://www.balticexchange.com/ (simulated demo series)
2020-01-27,BDI,1981.86,,https://www.balticexchange.com/ (simulated demo series)
2020-01-28,BDI,1949.37,,https://www.balticexchange.com/ (simulated demo series)
2020-01-29,BDI,1929.93,,https://www.balticexchange.com/ (simulated demo series)
2020-01-30,BDI,1929.81,,https://www.balticexchange.com/ (simulated demo series)
2020-01-31,BDI,1886.69,,https://www.balticexchange.com/ (simulated demo series)
2020-02-03,BDI,1778.64,,https://www.balticexchange.com/ (simulated demo series)
2020-02-04,BDI,1740.09,,https://www.balticexchange.com/ (simulated demo series)
2020-02-05,BDI,1777.46,,https://www.balticexchange.com/ (simulated demo series)
2020-02-06,BDI,1817.11,,https://www.balticexchange.com/ (simulated demo series)
2020-02-07,BDI,1881.6,,https://www.balticexchange.com/ (simulated demo series)
2020-02-10,BDI,1869.38,,https://www.balticexchange.com/ (simulated demo series)
2020-02-11,BDI,1814.02,,https://www.balticexchange.com/ (simulated demo series)
2020-02-12,BDI,1886.36,,https://www.balticexchange.com/ (simulated demo series)
2020-02-13,BDI,1834.49,,https://www.balticexchange.com/ (simulated demo series)
2020-02-14,BDI,1930.41,,https://www.balticexchange.com/ (simulated demo series)
2020-02-17,BDI,1878.4,,https://www.balticexchange.com/ (simulated demo series)
2020-02-18,BDI,1873.62,,https://www.balticexchange.com/ (simulated demo series)
2020-02-19,BDI,1836.59,,https://www.balticexchange.com/ (simulated demo series)
2020-02-20,BDI,1803.75,,https://www.balticexchange.com/ (simulated demo series)
2020-02-21,BDI,1801.39,,https://www.balticexchange.com/ (simulated demo series)
2020-02-24,BDI,1761.34,,https://www.balticexchange.com/ (simulated demo series)
2020-02-25,BDI,1765.64,,https://www.balticexchange.com/ (simulated demo series)
2020-02-26,BDI,1765.86,,https://www.balticexchange.com/ (simulated demo series)
2020-02-27,BDI,1715.16,,https://www.balticexchange.com/ (simulated demo series)
2020-02-28,BDI,1794.5,,https://www.balticexchange.com/ (simulated demo series)
2020-03-02,BDI,1766.61,,https://www.balticexchange.com/ (simulated demo series)
2020-03-03,BDI,1714.94,,https://www.balticexchange.com/ (simulated demo series)
2020-03-04,BDI,1668.55,,https://www.balticexchange.com/ (simulated demo series)
2020-03-05,BDI,1746.9,,https://www.balticexchange.com/ (simulated demo series)
2020-03-06,BDI,1711.05,,https://www.balticexchange.com/ (simulated demo series)
2020-03-09,BDI,1742.99,,https://www.balticexchange.com/ (simulated demo series)
2020-03-10,BDI,1735.74,,https://www.balticexchange.com/ (simulated demo series)
2020-03-11,BDI,1747.3,,https://www.balticexchange.com/ (simulated demo series)
2020-03-12,BDI,1817.86,,https://www.balticexchange.com/ (simulated demo series)
2020-03-13,BDI,1788.45,,https://www.balticexchange.com/ (simulated demo series)
2020-03-16,BDI,1786.21,,https://www.balticexchange.com/ (simulated demo series)
2020-03-17,BDI,1817.2,,https://www.balticexchange.com/ (simulated demo series)
2020-03-18,BDI,1830.09,,https://www.balticexchange.com/ (simulated demo series)
2020-03-19,BDI,1829.58,,https://www.balticexchange.com/ (simulated demo series)
2020-03-20,BDI,1811.6,,https://www.balticexchange.com/ (simulated demo series)
2020-03-23,BDI,1900.57,,https://www.balticexchange.com/ (simulated demo series)
2020-03-24,BDI,1962.88,,https://www.balticexchange.com/ (simulated demo series)
2020-03-25,BDI,1994.83,,https://www.balticexchange.com/ (simulated demo series)
2020-03-26,BDI,1952.03,,https://www.balticexchange.com/ (simulated demo series)
2020-03-27,BDI,1993.69,,https://www.balticexchange.com/ (simulated demo series)
2020-03-30,BDI,1970.55,,https://www.balticexchange.com/ (simulated demo series)
2020-03-31,BDI,1934.6,,https://www.balticexchange.com/ (simulated demo series)
2020-04-01,BDI,1892.11,,https://www.balticexchange.com/ (simulated demo series)
2020-04-02,BDI,1910.43,,https://www.balticexchange.com/ (simulated demo series)
2020-04-03,BDI,1893.39,,https://www.balticexchange.com/ (simulated demo series)
2020-04-06,BDI,1984.29,,https://www.balticexchange.com/ (simulated demo series)
2020-04-07,BDI,2072.43,,https://www.balticexchange.com/ (simulated demo series)
2020-04-08,BDI,2076.14,,https://www.balticexchange.com/ (simulated demo series)
2020-04-09,BDI,2131.33,,https://www.balticexchange.com/ (simulated demo series)
2020-04-10,BDI,2137.68,,https://www.balticexchange.com/ (simulated demo series)
2020-04-13,BDI,2250.5,,https://www.balticexchange.com/ (simulated demo series)
2020-04-14,BDI,2248.46,,https://www.balticexchange.com/ (simulated demo series)
2020-04-15,BDI,2253.77,,https://www.balticexchange.com/ (simulated demo series)
2020-04-16,BDI,2270.09,,https://www.balticexchange.com/ (simulated demo series)
2020-04-17,BDI,2309.98,,https://www.balticexchange.com/ (simulated demo series)
2020-04-20,BDI,2491.87,,https://www.balticexchange.com/ (simulated demo series)
2020-04-21,BDI,2384.6,,https://www.balticexchange.com/ (simulated demo series)
2020-04-22,BDI,2457.11,,https://www.balticexchange.com/ (simulated demo series)
2020-04-23,BDI,2475.56,,https://www.balticexchange.com/ (simulated demo series)
2020-04-24,BDI,2488.26,,https://www.balticexchange.com/ (simulated demo series)
2020-04-27,BDI,2606.55,,https://www.balticexchange.com/ (simulated demo series)
2020-04-28,BDI,2608.54,,https://www.balticexchange.com/ (simulated demo series)
2020-04-29,BDI,2676.21,,https://www.balticexchange.com/ (simulated demo series)
2020-04-30,BDI,2629.07,,https://www.balticexchange.com/ (simulated demo series)
2020-05-01,BDI,2700.56,,https://www.balticexchange.com/ (simulated demo series)
2020-05-04,BDI,2727.64,,https://www.balticexchange.com/ (simulated demo series)
2020-05-05,BDI,2712.97,,https://www.balticexchange.com/ (simulated demo series)
2020-05-06,BDI,2709.99,,https://www.balticexchange.com/ (simulated demo series)
2020-05-07,BDI,2706.01,,https://www.balticexchange.com/ (simulated demo series)
2020-05-08,BDI,2631.25,,https://www.balticexchange.com/ (simulated demo series)
2020-05-11,BDI,2545.72,,https://www.balticexchange.com/ (simulated demo series)
2020-05-12,BDI,2464.09,,https://www.balticexchange.com/ (simulated demo series)
2020-05-13,BDI,2465.34,,https://www.balticexchange.com/ (simulated demo series)
2020-05-14,BDI,2331.85,,https://www.balticexchange.com/ (simulated demo series)
2020-05-15,BDI,2343.31,,https://www.balticexchange.com/ (simulated demo series)
2020-05-18,BDI,2310.17,,https://www.balticexchange.com/ (simulated demo series)
2020-05-19,BDI,2321.96,,https://www.balticexchange.com/ (simulated demo series)
2020-05-20,BDI,2291.87,,https://www.balticexchange.com/ (simulated demo series)
2020-05-21,BDI,2274.8,,https://www.balticexchange.com/ (simulated demo series)
2020-05-22,BDI,2306.27,,https://www.balticexchange.com/ (simulated demo series)
2020-05-25,BDI,2391.93,,https://www.balticexchange.com/ (simulated demo series)
2020-05-26,BDI,2433.2,,https://www.balticexchange.com/ (simulated demo series)
2020-05-27,BDI,2425.11,,https://www.balticexchange.com/ (simulated demo series)
2020-05-28,BDI,2339.34,,https://www.balticexchange.com/ (simulated demo series)
2020-05-29,BDI,2338.95,,https://www.balticexchange.com/ (simulated demo series)
2020-06-01,BDI,2324.0,,https://www.balticexchange.com/ (simulated demo series)
2020-06-02,BDI,2309.49,,https://www.balticexchange.com/ (simulated demo series)
2020-06-03,BDI,2245.71,,https://www.balticexchange.com/ (simulated demo series)
2020-06-04,BDI,2254.47,,https://www.balticexchange.com/ (simulated demo series)
2020-06-05,BDI,2240.56,,https://www.balticexchange.com/ (simulated demo series)
2020-06-08,BDI,2262.74,,https://www.balticexchange.com/ (simulated demo series)
2020-06-09,BDI,2345.75,,https://www.balticexchange.com/ (simulated demo series)
2020-06-10,BDI,2278.91,,https://www.balticexchange.com/ (simulated demo series)
2020-06-11,BDI,2302.14,,https://www.balticexchange.com/ (simulated demo series)
2020-06-12,BDI,2293.08,,https://www.balticexchange.com/ (simulated demo series)
2020-06-15,BDI,2244.16,,https://www.balticexchange.com/ (simulated demo series)
2020-06-16,BDI,2315.92,,https://www.balticexchange.com/ (simulated demo series)
2020-06-17,BDI,2183.51,,https://www.balticexchange.com/ (simulated demo series)
2020-06-18,BDI,2265.42,,https://www.balticexchange.com/ (simulated demo series)
2020-06-19,BDI,2191.51,,https://www.balticexchange.com/ (simulated demo series)
2020-06-22,BDI,2111.43,,https://www.balticexchange.com/ (simulated demo series)
2020-06-23,BDI,2137.76,,https://www.balticexchange.com/ (simulated demo series)
2020-06-24,BDI,2154.74,,https://www.balticexchange.com/ (simulated demo series)
2020-06-25,BDI,2162.91,,https://www.balticexchange.com/ (simulated demo series)
2020-06-26,BDI,2170.93,,https://www.balticexchange.com/ (simulated demo series)
2020-06-29,BDI,2173.93,,https://www.balticexchange.com/ (simulated demo series)
2020-06-30,BDI,2144.54,,https://www.balticexchange.com/ (simulated demo series)
2020-07-01,BDI,2191.11,,https://www.balticexchange.com/ (simulated demo series)
2020-07-02,BDI,2173.04,,https://www.balticexchange.com/ (simulated demo series)
2020-07-03,BDI,2239.01,,https://www.balticexchange.com/ (simulated demo series)
2020-07-06,BDI,2237.16,,https://www.balticexchange.com/ (simulated demo series)
2020-07-07,BDI,2231.06,,https://www.balticexchange.com/ (simulated demo series)
2020-07-08,BDI,2166.32,,https://www.balticexchange.com/ (simulated demo series)
2020-07-09,BDI,2227.35,,https://www.balticexchange.com/ (simulated demo series)
2020-07-10,BDI,2293.03,,https://www.balticexchange.com/ (simulated demo series)
2020-07-13,BDI,2223.2,,https://www.balticexchange.com/ (simulated demo series)
2020-07-14,BDI,2151.88,,https://www.balticexchange.com/ (simulated demo series)
2020-07-15,BDI,2150.36,,https://www.balticexchange.com/ (simulated demo series)
2020-07-16,BDI,2174.77,,https://www.balticexchange.com/ (simulated demo series)
2020-07-17,BDI,2116.68,,https://www.balticexchange.com/ (simulated demo series)
2020-07-20,BDI,1978.28,,https://www.balticexchange.com/ (simulated demo series)
2020-07-21,BDI,1944.01,,https://www.balticexchange.com/ (simulated demo series)
2020-07-22,BDI,1892.25,,https://www.balticexchange.com/ (simulated demo series)
2020-07-23,BDI,1840.32,,https://www.balticexchange.com/ (simulated demo series)
2020-07-24,BDI,1808.49,,https://www.balticexchange.com/ (simulated demo series)
2020-07-27,BDI,1768.33,,https://www.balticexchange.com/ (simulated demo series)
2020-07-28,BDI,1754.6,,https://www.balticexchange.com/ (simulated demo series)
2020-07-29,BDI,1728.64,,https://www.balticexchange.com/ (simulated demo series)
2020-07-30,BDI,1704.52,,https://www.balticexchange.com/ (simulated demo series)
2020-07-31,BDI,1712.25,,https://www.balticexchange.com/ (simulated demo series)
2020-08-03,BDI,1782.9,,https://www.balticexchange.com/ (simulated demo series)
2020-08-04,BDI,1772.36,,https://www.balticexchange.com/ (simulated demo series)
2020-08-05,BDI,1741.06,,https://www.balticexchange.com/ (simulated demo series)
2020-08-06,BDI,1706.64,,https://www.balticexchange.com/ (simulated demo series)
2020-08-07,BDI,1684.81,,https://www.balticexchange.com/ (simulated demo series)
2020-08-10,BDI,1700.24,,https://www.balticexchange.com/ (simulated demo series)
2020-08-11,BDI,1680.61,,https://www.balticexchange.com/ (simulated demo series)
2020-08-12,BDI,1676.03,,https://www.balticexchange.com/ (simulated demo series)
2020-08-13,BDI,1633.31,,https://www.balticexchange.com/ (simulated demo series)
2020-08-14,BDI,1622.95,,https://www.balticexchange.com/ (simulated demo series)
2020-08-17,BDI,1549.79,,https://www.balticexchange.com/ (simulated demo series)
2020-08-18,BDI,1495.21,,https://www.balticexchange.com/ (simulated demo series)
2020-08-19,BDI,1443.13,,https://www.balticexchange.com/ (simulated demo series)
2020-08-20,BDI,1502.64,,https://www.balticexchange.com/ (simulated demo series)
2020-08-21,BDI,1501.12,,https://www.balticexchange.com/ (simulated demo series)
2020-08-24,BDI,1525.79,,https://www.balticexchange.com/ (simulated demo series)
2020-08-25,BDI,1555.17,,https://www.balticexchange.com/ (simulated demo series)
2020-08-26,BDI,1532.25,,https://www.balticexchange.com/ (simulated demo series)
2020-08-27,BDI,1531.51,,https://www.balticexchange.com/ (simulated demo series)
2020-08-28,BDI,1483.63,,https://www.balticexchange.com/ (simulated demo series)
2020-08-31,BDI,1425.53,,https://www.balticexchange.com/ (simulated demo series)
2020-09-01,BDI,1449.85,,https://www.balticexchange.com/ (simulated demo series)
2020-09-02,BDI,1521.97,,https://www.balticexchange.com/ (simulated demo series)
2020-09-03,BDI,1482.76,,https://www.balticexchange.com/ (simulated demo series)
2020-09-04,BDI,1489.35,,https://www.balticexchange.com/ (simulated demo series)
2020-09-07,BDI,1555.75,,https://www.balticexchange.com/ (simulated demo series)
2020-09-08,BDI,1510.45,,https://www.balticexchange.com/ (simulated demo series)
2020-09-09,BDI,1541.52,,https://www.balticexchange.com/ (simulated demo series)
2020-09-10,BDI,1574.51,,https://www.balticexchange.com/ (simulated demo series)
2020-09-11,BDI,1527.46,,https://www.balticexchange.com/ (simulated demo series)
2020-09-14,BDI,1626.38,,https://www.balticexchange.com/ (simulated demo series)
2020-09-15,BDI,1624.64,,https://www.balticexchange.com/ (simulated demo series)
2020-09-16,BDI,1567.83,,https://www.balticexchange.com/ (simulated demo series)
2020-09-17,BDI,1586.22,,https://www.balticexchange.com/ (simulated demo series)
2020-09-18,BDI,1535.4,,https://www.balticexchange.com/ (simulated demo series)
2020-09-21,BDI,1440.65,,https://www.balticexchange.com/ (simulated demo series)
2020-09-22,BDI,1439.61,,https://www.balticexchange.com/ (simulated demo series)
2020-09-23,BDI,1434.85,,https://www.balticexchange.com/ (simulated demo series)
2020-09-24,BDI,1454.86,,https://www.balticexchange.com/ (simulated demo series)
2020-09-25,BDI,1440.91,,https://www.balticexchange.com/ (simulated demo series)
2020-09-28,BDI,1363.02,,https://www.balticexchange.com/ (simulated demo series)
2020-09-29,BDI,1312.52,,https://www.balticexchange.com/ (simulated demo series)
2020-09-30,BDI,1286.69,,https://www.balticexchange.com/ (simulated demo series)
2020-10-01,BDI,1269.16,,https://www.balticexchange.com/ (simulated demo series)
2020-10-02,BDI,1261.28,,https://www.balticexchange.com/ (simulated demo series)
2020-10-05,BDI,1189.76,,https://www.balticexchange.com/ (simulated demo series)
2020-10-06,BDI,1198.3,,https://www.balticexchange.com/ (simulated demo series)
2020-10-07,BDI,1188.77,,https://www.balticexchange.com/ (simulated demo series)
2020-10-08,BDI,1157.74,,https://www.balticexchange.com/ (simulated demo series)
2020-10-09,BDI,1184.57,,https://www.balticexchange.com/ (simulated demo series)
2020-10-12,BDI,1253.95,,https://www.balticexchange.com/ (simulated demo series)
2020-10-13,BDI,1270.89,,https://www.balticexchange.com/ (simulated demo series)
2020-10-14,BDI,1241.36,,https://www.balticexchange.com/ (simulated demo series)
2020-10-15,BDI,1240.68,,https://www.balticexchange.com/ (simulated demo series)
2020-10-16,BDI,1262.57,,https://www.balticexchange.com/ (simulated demo series)
2020-10-19,BDI,1256.91,,https://www.balticexchange.com/ (simulated demo series)
2020-10-20,BDI,1308.12,,https://www.balticexchange.com/ (simulated demo series)
2020-10-21,BDI,1301.7,,https://www.balticexchange.com/ (simulated demo series)
2020-10-22,BDI,1278.84,,https://www.balticexchange.com/ (simulated demo series)
2020-10-23,BDI,1280.29,,https://www.balticexchange.com/ (simulated demo series)
2020-10-26,BDI,1214.1,,https://www.balticexchange.com/ (simulated demo series)
2020-10-27,BDI,1227.95,,https://www.balticexchange.com/ (simulated demo series)
2020-10-28,BDI,1229.0,,https://www.balticexchange.com/ (simulated demo series)
2020-10-29,BDI,1231.87,,https://www.balticexchange.com/ (simulated demo series)
2020-10-30,BDI,1248.35,,https://www.balticexchange.com/ (simulated demo series)
2020-11-02,BDI,1194.7,,https://www.balticexchange.com/ (simulated demo series)
2020-11-03,BDI,1211.45,,https://www.balticexchange.com/ (simulated demo series)
2020-11-04,BDI,1213.37,,https://www.balticexchange.com/ (simulated demo series)
2020-11-05,BDI,1204.58,,https://www.balticexchange.com/ (simulated demo series)
2020-11-06,BDI,1242.94,,https://www.balticexchange.com/ (simulated demo series)
2020-11-09,BDI,1185.76,,https://www.balticexchange.com/ (simulated demo series)
2020-11-10,BDI,1191.53,,https://www.balticexchange.com/ (simulated demo series)
2020-11-11,BDI,1251.08,,https://www.balticexchange.com/ (simulated demo series)
2020-11-12,BDI,1257.6,,https://www.balticexchange.com/ (simulated demo series)
2020-11-13,BDI,1272.63,,https://www.balticexchange.com/ (simulated demo series)
2020-11-16,BDI,1302.72,,https://www.balticexchange.com/ (simulated demo series)
2020-11-17,BDI,1328.48,,https://www.balticexchange.com/ (simulated demo series)
2020-11-18,BDI,1324.36,,https://www.balticexchange.com/ (simulated demo series)
2020-11-19,BDI,1310.65,,https://www.balticexchange.com/ (simulated demo series)
2020-11-20,BDI,1370.04,,https://www.balticexchange.com/ (simulated demo series)
2020-11-23,BDI,1356.82,,https://www.balticexchange.com/ (simulated demo series)
2020-11-24,BDI,1327.38,,https://www.balticexchange.com/ (simulated demo series)
2020-11-25,BDI,1322.91,,https://www.balticexchange.com/ (simulated demo series)
2020-11-26,BDI,1324.98,,https://www.balticexchange.com/ (simulated demo series)
2020-11-27,BDI,1326.28,,https://www.balticexchange.com/ (simulated demo series)
2020-11-30,BDI,1338.24,,https://www.balticexchange.com/ (simulated demo series)
2020-12-01,BDI,1367.14,,https://www.balticexchange.com/ (simulated demo series)
2020-12-02,BDI,1323.52,,https://www.balticexchange.com/ (simulated demo series)
2020-12-03,BDI,1277.75,,https://www.balticexchange.com/ (simulated demo series)
2020-12-04,BDI,1295.31,,https://www.balticexchange.com/ (simulated demo series)
2020-12-07,BDI,1274.49,,https://www.balticexchange.com/ (simulated demo series)
2020-12-08,BDI,1273.67,,https://www.balticexchange.com/ (simulated demo series)
2020-12-09,BDI,1282.63,,https://www.balticexchange.com/ (simulated demo series)
2020-12-10,BDI,1291.88,,https://www.balticexchange.com/ (simulated demo series)
2020-12-11,BDI,1286.22,,https://www.balticexchange.com/ (simulated demo series)
2020-12-14,BDI,1326.4,,https://www.balticexchange.com/ (simulated demo series)
2020-12-15,BDI,1396.6,,https://www.balticexchange.com/ (simulated demo series)
2020-12-16,BDI,1395.28,,https://www.balticexchange.com/ (simulated demo series)
2020-12-17,BDI,1377.53,,https://www.balticexchange.com/ (simulated demo series)
2020-12-18,BDI,1316.13,,https://www.balticexchange.com/ (simulated demo series)
2020-12-21,BDI,1335.64,,https://www.balticexchange.com/ (simulated demo series)
2020-12-22,BDI,1321.29,,https://www.balticexchange.com/ (simulated demo series)
2020-12-23,BDI,1343.67,,https://www.balticexchange.com/ (simulated demo series)
2020-12-24,BDI,1352.89,,https://www.balticexchange.com/ (simulated demo series)
2020-12-25,BDI,1344.34,,https://www.balticexchange.com/ (simulated demo series)
2020-12-28,BDI,1447.18,,https://www.balticexchange.com/ (simulated demo series)
2020-12-29,BDI,1428.18,,https://www.balticexchange.com/ (simulated demo series)
2020-12-30,BDI,1405.76,,https://www.balticexchange.com/ (simulated demo series)
2020-12-31,BDI,1430.84,,https://www.balticexchange.com/ (simulated demo series)
2021-01-01,BDI,1466.96,,https://www.balticexchange.com/ (simulated demo series)
2021-01-04,BDI,1501.54,,https://www.balticexchange.com/ (simulated demo series)
2021-01-05,BDI,1477.34,,https://www.balticexchange.com/ (simulated demo series)
2021-01-06,BDI,1443.52,,https://www.balticexchange.com/ (simulated demo series)
2021-01-07,BDI,1420.51,,https://www.balticexchange.com/ (simulated demo series)
2021-01-08,BDI,1441.31,,https://www.balticexchange.com/ (simulated demo series)
2021-01-11,BDI,1516.9,,https://www.balticexchange.com/ (simulated demo series)
2021-01-12,BDI,1581.33,,https://www.balticexchange.com/ (simulated demo series)
2021-01-13,BDI,1633.71,,https://www.balticexchange.com/ (simulated demo series)
2021-01-14,BDI,1641.11,,https://www.balticexchange.com/ (simulated demo series)
2021-01-15,BDI,1623.24,,https://www.balticexchange.com/ (simulated demo series)
2021-01-18,BDI,1562.15,,https://www.balticexchange.com/ (simulated demo series)
2021-01-19,BDI,1595.09,,https://www.balticexchange.com/ (simulated demo series)
2021-01-20,BDI,1624.2,,https://www.balticexchange.com/ (simulated demo series)
2021-01-21,BDI,1603.09,,https://www.balticexchange.com/ (simulated demo series)
2021-01-22,BDI,1588.85,,https://www.balticexchange.com/ (simulated demo series)
2021-01-25,BDI,1602.27,,https://www.balticexchange.com/ (simulated demo series)
2021-01-26,BDI,1598.65,,https://www.balticexchange.com/ (simulated demo series)
2021-01-27,BDI,1641.18,,https://www.balticexchange.com/ (simulated demo series)
2021-01-28,BDI,1654.55,,https://www.balticexchange.com/ (simulated demo series)
2021-01-29,BDI,1716.88,,https://www.balticexchange.com/ (simulated demo series)
2021-02-01,BDI,1809.55,,https://www.balticexchange.com/ (simulated demo series)
2021-02-02,BDI,1789.75,,https://www.balticexchange.com/ (simulated demo series)
2021-02-03,BDI,1873.24,,https://www.balticexchange.com/ (simulated demo series)
2021-02-04,BDI,1898.32,,https://www.balticexchange.com/ (simulated demo series)
2021-02-05,BDI,1929.01,,https://www.balticexchange.com/ (simulated demo series)
2021-02-08,BDI,1906.32,,https://www.balticexchange.com/ (simulated demo series)
2021-02-09,BDI,1975.06,,https://www.balticexchange.com/ (simulated demo series)
2021-02-10,BDI,1961.37,,https://www.balticexchange.com/ (simulated demo series)
2021-02-11,BDI,1946.54,,https://www.balticexchange.com/ (simulated demo series)
2021-02-12,BDI,1938.22,,https://www.balticexchange.com/ (simulated demo series)
2021-02-15,BDI,2007.87,,https://www.balticexchange.com/ (simulated demo series)
2021-02-16,BDI,2026.98,,https://www.balticexchange.com/ (simulated demo series)
2021-02-17,BDI,2024.48,,https://www.balticexchange.com/ (simulated demo series)
2021-02-18,BDI,2125.72,,https://www.balticexchange.com/ (simulated demo series)
2021-02-19,BDI,2094.99,,https://www.balticexchange.com/ (simulated demo series)
2021-02-22,BDI,1977.21,,https://www.balticexchange.com/ (simulated demo series)
2021-02-23,BDI,1977.61,,https://www.balticexchange.com/ (simulated demo series)
2021-02-24,BDI,1939.94,,https://www.balticexchange.com/ (simulated demo series)
2021-02-25,BDI,1989.61,,https://www.balticexchange.com/ (simulated demo series)
2021-02-26,BDI,1939.83,,https://www.balticexchange.com/ (simulated demo series)
2021-03-01,BDI,1901.4,,https://www.balticexchange.com/ (simulated demo series)
2021-03-02,BDI,1918.08,,https://www.balticexchange.com/ (simulated demo series)
2021-03-03,BDI,1894.9,,https://www.balticexchange.com/ (simulated demo series)
2021-03-04,BDI,1901.84,,https://www.balticexchange.com/ (simulated demo series)
2021-03-05,BDI,1903.24,,https://www.balticexchange.com/ (simulated demo series)
2021-03-08,BDI,1920.42,,https://www.balticexchange.com/ (simulated demo series)
2021-03-09,BDI,1996.07,,https://www.balticexchange.com/ (simulated demo series)
2021-03-10,BDI,1963.46,,https://www.balticexchange.com/ (simulated demo series)
2021-03-11,BDI,1974.35,,https://www.balticexchange.com/ (simulated demo series)
2021-03-12,BDI,1974.81,,https://www.balticexchange.com/ (simulated demo series)
2021-03-15,BDI,2061.76,,https://www.balticexchange.com/ (simulated demo series)
2021-03-16,BDI,1986.2,,https://www.balticexchange.com/ (simulated demo series)
2021-03-17,BDI,1948.22,,https://www.balticexchange.com/ (simulated demo series)
2021-03-18,BDI,1981.66,,https://www.balticexchange.com/ (simulated demo series)
2021-03-19,BDI,1972.59,,https://www.balticexchange.com/ (simulated demo series)
2021-03-22,BDI,2126.64,,https://www.balticexchange.com/ (simulated demo series)
2021-03-23,BDI,2109.02,,https://www.balticexchange.com/ (simulated demo series)
2021-03-24,BDI,2058.18,,https://www.balticexchange.com/ (simulated demo series)
2021-03-25,BDI,2029.56,,https://www.balticexchange.com/ (simulated demo series)
2021-03-26,BDI,1976.66,,https://www.balticexchange.com/ (simulated demo series)
2021-03-29,BDI,1937.45,,https://www.balticexchange.com/ (simulated demo series)
2021-03-30,BDI,1875.84,,https://www.balticexchange.com/ (simulated demo series)
2021-03-31,BDI,1896.56,,https://www.balticexchange.com/ (simulated demo series)
2021-04-01,BDI,1936.24,,https://www.balticexchange.com/ (simulated demo series)
2021-04-02,BDI,1938.8,,https://www.balticexchange.com/ (simulated demo series)
2021-04-05,BDI,1987.81,,https://www.balticexchange.com/ (simulated demo series)
2021-04-06,BDI,2016.3,,https://www.balticexchange.com/ (simulated demo series)
2021-04-07,BDI,1996.38,,https://www.balticexchange.com/ (simulated demo series)
2021-04-08,BDI,2032.98,,https://www.balticexchange.com/ (simulated demo series)
2021-04-09,BDI,2046.89,,https://www.balticexchange.com/ (simulated demo series)
2021-04-12,BDI,1959.71,,https://www.balticexchange.com/ (simulated demo series)
2021-04-13,BDI,2018.42,,https://www.balticexchange.com/ (simulated demo series)
2021-04-14,BDI,1947.59,,https://www.balticexchange.com/ (simulated demo series)
2021-04-15,BDI,1969.21,,https://www.balticexchange.com/ (simulated demo series)
2021-04-16,BDI,1940.18,,https://www.balticexchange.com/ (simulated demo series)
2021-04-19,BDI,1857.86,,https://www.balticexchange.com/ (simulated demo series)
2021-04-20,BDI,1823.37,,https://www.balticexchange.com/ (simulated demo series)
2021-04-21,BDI,1826.83,,https://www.balticexchange.com/ (simulated demo series)
2021-04-22,BDI,1870.99,,https://www.balticexchange.com/ (simulated demo series)
2021-04-23,BDI,1829.4,,https://www.balticexchange.com/ (simulated demo series)
2021-04-26,BDI,1824.16,,https://www.balticexchange.com/ (simulated demo series)
2021-04-27,BDI,1857.03,,https://www.balticexchange.com/ (simulated demo series)
2021-04-28,BDI,1851.2,,https://www.balticexchange.com/ (simulated demo series)
2021-04-29,BDI,1836.17,,https://www.balticexchange.com/ (simulated demo series)
2021-04-30,BDI,1772.6,,https://www.balticexchange.com/ (simulated demo series)
2021-05-03,BDI,1814.59,,https://www.balticexchange.com/ (simulated demo series)
2021-05-04,BDI,1724.13,,https://www.balticexchange.com/ (simulated demo series)
2021-05-05,BDI,1781.63,,https://www.balticexchange.com/ (simulated demo series)
2021-05-06,BDI,1807.07,,https://www.balticexchange.com/ (simulated demo series)
2021-05-07,BDI,1806.07,,https://www.balticexchange.com/ (simulated demo series)
2021-05-10,BDI,1792.3,,https://www.balticexchange.com/ (simulated demo series)
2021-05-11,BDI,1804.31,,https://www.balticexchange.com/ (simulated demo series)
2021-05-12,BDI,1804.48,,https://www.balticexchange.com/ (simulated demo series)
2021-05-13,BDI,1821.06,,https://www.balticexchange.com/ (simulated demo series)
2021-05-14,BDI,1876.73,,https://www.balticexchange.com/ (simulated demo series)
2021-05-17,BDI,2033.66,,https://www.balticexchange.com/ (simulated demo series)
2021-05-18,BDI,2037.32,,https://www.balticexchange.com/ (simulated demo series)
2021-05-19,BDI,1998.84,,https://www.balticexchange.com/ (simulated demo series)
2021-05-20,BDI,1947.5,,https://www.balticexchange.com/ (simulated demo series)
2021-05-21,BDI,1917.9,,https://www.balticexchange.com/ (simulated demo series)
2021-05-24,BDI,1961.11,,https://www.balticexchange.com/ (simulated demo series)
2021-05-25,BDI,1943.48,,https://www.balticexchange.com/ (simulated demo series)
2021-05-26,BDI,1929.68,,https://www.balticexchange.com/ (simulated demo series)
2021-05-27,BDI,1984.48,,https://www.balticexchange.com/ (simulated demo series)
2021-05-28,BDI,2030.07,,https://www.balticexchange.com/ (simulated demo series)
2021-05-31,BDI,1990.36,,https://www.balticexchange.com/ (simulated demo series)
2021-06-01,BDI,1978.65,,https://www.balticexchange.com/ (simulated demo series)
2021-06-02,BDI,1928.89,,https://www.balticexchange.com/ (simulated demo series)
2021-06-03,BDI,1925.49,,https://www.balticexchange.com/ (simulated demo series)
2021-06-04,BDI,1907.03,,https://www.balticexchange.com/ (simulated demo series)
2021-06-07,BDI,1928.06,,https://www.balticexchange.com/ (simulated demo series)
2021-06-08,BDI,1945.25,,https://www.balticexchange.com/ (simulated demo series)
2021-06-09,BDI,1893.11,,https://www.balticexchange.com/ (simulated demo series)
2021-06-10,BDI,1838.38,,https://www.balticexchange.com/ (simulated demo series)
2021-06-11,BDI,1853.62,,https://www.balticexchange.com/ (simulated demo series)
2021-06-14,BDI,1774.6,,https://www.balticexchange.com/ (simulated demo series)
2021-06-15,BDI,1656.63,,https://www.balticexchange.com/ (simulated demo series)
2021-06-16,BDI,1653.61,,https://www.balticexchange.com/ (simulated demo series)
2021-06-17,BDI,1706.42,,https://www.balticexchange.com/ (simulated demo series)
2021-06-18,BDI,1756.66,,https://www.balticexchange.com/ (simulated demo series)
2021-06-21,BDI,1679.85,,https://www.balticexchange.com/ (simulated demo series)
2021-06-22,BDI,1707.76,,https://www.balticexchange.com/ (simulated demo series)
2021-06-23,BDI,1712.05,,https://www.balticexchange.com/ (simulated demo series)
2021-06-24,BDI,1759.4,,https://www.balticexchange.com/ (simulated demo series)
2021-06-25,BDI,1709.84,,https://www.balticexchange.com/ (simulated demo series)
2021-06-28,BDI,1700.36,,https://www.balticexchange.com/ (simulated demo series)
2021-06-29,BDI,1680.83,,https://www.balticexchange.com/ (simulated demo series)
2021-06-30,BDI,1605.19,,https://www.balticexchange.com/ (simulated demo series)
2021-07-01,BDI,1628.69,,https://www.balticexchange.com/ (simulated demo series)
2021-07-02,BDI,1687.09,,https://www.balticexchange.com/ (simulated demo series)
2021-07-05,BDI,1771.57,,https://www.balticexchange.com/ (simulated demo series)
2021-07-06,BDI,1741.34,,https://www.balticexchange.com/ (simulated demo series)
2021-07-07,BDI,1662.58,,https://www.balticexchange.com/ (simulated demo series)
2021-07-08,BDI,1646.53,,https://www.balticexchange.com/ (simulated demo series)
2021-07-09,BDI,1644.37,,https://www.balticexchange.com/ (simulated demo series)
2021-07-12,BDI,1713.24,,https://www.balticexchange.com/ (simulated demo series)
2021-07-13,BDI,1660.92,,https://www.balticexchange.com/ (simulated demo series)
2021-07-14,BDI,1627.66,,https://www.balticexchange.com/ (simulated demo series)
2021-07-15,BDI,1565.28,,https://www.balticexchange.com/ (simulated demo series)
2021-07-16,BDI,1608.83,,https://www.balticexchange.com/ (simulated demo series)
2021-07-19,BDI,1604.84,,https://www.balticexchange.com/ (simulated demo series)
2021-07-20,BDI,1606.07,,https://www.balticexchange.com/ (simulated demo series)
2021-07-21,BDI,1622.8,,https://www.balticexchange.com/ (simulated demo series)
2021-07-22,BDI,1642.08,,https://www.balticexchange.com/ (simulated demo series)
2021-07-23,BDI,1555.09,,https://www.balticexchange.com/ (simulated demo series)
2021-07-26,BDI,1587.67,,https://www.balticexchange.com/ (simulated demo series)
2021-07-27,BDI,1569.74,,https://www.balticexchange.com/ (simulated demo series)
2021-07-28,BDI,1584.01,,https://www.balticexchange.com/ (simulated demo series)
2021-07-29,BDI,1642.22,,https://www.balticexchange.com/ (simulated demo series)
2021-07-30,BDI,1676.94,,https://www.balticexchange.com/ (simulated demo series)
2021-08-02,BDI,1631.8,,https://www.balticexchange.com/ (simulated demo series)
2021-08-03,BDI,1563.07,,https://www.balticexchange.com/ (simulated demo series)
2021-08-04,BDI,1610.61,,https://www.balticexchange.com/ (simulated demo series)
2021-08-05,BDI,1637.13,,https://www.balticexchange.com/ (simulated demo series)
2021-08-06,BDI,1644.57,,https://www.balticexchange.com/ (simulated demo series)
2021-08-09,BDI,1612.31,,https://www.balticexchange.com/ (simulated demo series)
2021-08-10,BDI,1570.1,,https://www.balticexchange.com/ (simulated demo series)
2021-08-11,BDI,1518.25,,https://www.balticexchange.com/ (simulated demo series)
2021-08-12,BDI,1553.94,,https://www.balticexchange.com/ (simulated demo series)
2021-08-13,BDI,1591.89,,https://www.balticexchange.com/ (simulated demo series)
2021-08-16,BDI,1581.67,,https://www.balticexchange.com/ (simulated demo series)
2021-08-17,BDI,1580.08,,https://www.balticexchange.com/ (simulated demo series)
2021-08-18,BDI,1596.66,,https://www.balticexchange.com/ (simulated demo series)
2021-08-19,BDI,1603.32,,https://www.balticexchange.com/ (simulated demo series)
2021-08-20,BDI,1570.23,,https://www.balticexchange.com/ (simulated demo series)
2021-08-23,BDI,1668.74,,https://www.balticexchange.com/ (simulated demo series)
2021-08-24,BDI,1653.68,,https://www.balticexchange.com/ (simulated demo series)
2021-08-25,BDI,1568.51,,https://www.balticexchange.com/ (simulated demo series)
2021-08-26,BDI,1544.21,,https://www.balticexchange.com/ (simulated demo series)
2021-08-27,BDI,1533.34,,https://www.balticexchange.com/ (simulated demo series)
2021-08-30,BDI,1552.09,,https://www.balticexchange.com/ (simulated demo series)
2021-08-31,BDI,1521.23,,https://www.balticexchange.com/ (simulated demo series)
2021-09-01,BDI,1507.56,,https://www.balticexchange.com/ (simulated demo series)
2021-09-02,BDI,1444.84,,https://www.balticexchange.com/ (simulated demo series)
2021-09-03,BDI,1437.8,,https://www.balticexchange.com/ (simulated demo series)
2021-09-06,BDI,1402.44,,https://www.balticexchange.com/ (simulated demo series)
2021-09-07,BDI,1424.93,,https://www.balticexchange.com/ (simulated demo series)
2021-09-08,BDI,1404.21,,https://www.balticexchange.com/ (simulated demo series)
2021-09-09,BDI,1421.73,,https://www.balticexchange.com/ (simulated demo series)
2021-09-10,BDI,1484.52,,https://www.balticexchange.com/ (simulated demo series)
2021-09-13,BDI,1589.72,,https://www.balticexchange.com/ (simulated demo series)
2021-09-14,BDI,1576.73,,https://www.balticexchange.com/ (simulated demo series)
2021-09-15,BDI,1584.92,,https://www.balticexchange.com/ (simulated demo series)
2021-09-16,BDI,1545.08,,https://www.balticexchange.com/ (simulated demo series)
2021-09-17,BDI,1558.34,,https://www.balticexchange.com/ (simulated demo series)
2021-09-20,BDI,1568.41,,https://www.balticexchange.com/ (simulated demo series)
2021-09-21,BDI,1546.61,,https://www.balticexchange.com/ (simulated demo series)
2021-09-22,BDI,1569.42,,https://www.balticexchange.com/ (simulated demo series)
2021-09-23,BDI,1599.66,,https://www.balticexchange.com/ (simulated demo series)
2021-09-24,BDI,1582.51,,https://www.balticexchange.com/ (simulated demo series)
2021-09-27,BDI,1510.56,,https://www.balticexchange.com/ (simulated demo series)
2021-09-28,BDI,1485.57,,https://www.balticexchange.com/ (simulated demo series)
2021-09-29,BDI,1459.05,,https://www.balticexchange.com/ (simulated demo series)
2021-09-30,BDI,1478.34,,https://www.balticexchange.com/ (simulated demo series)
2021-10-01,BDI,1470.45,,https://www.balticexchange.com/ (simulated demo series)
2021-10-04,BDI,1457.32,,https://www.balticexchange.com/ (simulated demo series)
2021-10-05,BDI,1458.08,,https://www.balticexchange.com/ (simulated demo series)
2021-10-06,BDI,1491.97,,https://www.balticexchange.com/ (simulated demo series)
2021-10-07,BDI,1517.48,,https://www.balticexchange.com/ (simulated demo series)
2021-10-08,BDI,1490.3,,https://www.balticexchange.com/ (simulated demo series)
2021-10-11,BDI,1478.05,,https://www.balticexchange.com/ (simulated demo series)
2021-10-12,BDI,1524.25,,https://www.balticexchange.com/ (simulated demo series)
2021-10-13,BDI,1519.45,,https://www.balticexchange.com/ (simulated demo series)
2021-10-14,BDI,1514.04,,https://www.balticexchange.com/ (simulated demo series)
2021-10-15,BDI,1539.55,,https://www.balticexchange.com/ (simulated demo series)
2021-10-18,BDI,1561.15,,https://www.balticexchange.com/ (simulated demo series)
2021-10-19,BDI,1529.4,,https://www.balticexchange.com/ (simulated demo series)
2021-10-20,BDI,1516.0,,https://www.balticexchange.com/ (simulated demo series)
2021-10-21,BDI,1562.46,,https://www.balticexchange.com/ (simulated demo series)
2021-10-22,BDI,1559.8,,https://www.balticexchange.com/ (simulated demo series)
2021-10-25,BDI,1616.95,,https://www.balticexchange.com/ (simulated demo series)
2021-10-26,BDI,1605.06,,https://www.balticexchange.com/ (simulated demo series)
2021-10-27,BDI,1507.06,,https://www.balticexchange.com/ (simulated demo series)
2021-10-28,BDI,1506.94,,https://www.balticexchange.com/ (simulated demo series)
2021-10-29,BDI,1529.46,,https://www.balticexchange.com/ (simulated demo series)
2021-11-01,BDI,1521.87,,https://www.balticexchange.com/ (simulated demo series)
2021-11-02,BDI,1552.04,,https://www.balticexchange.com/ (simulated demo series)
2021-11-03,BDI,1538.34,,https://www.balticexchange.com/ (simulated demo series)
2021-11-04,BDI,1563.29,,https://www.balticexchange.com/ (simulated demo series)
2021-11-05,BDI,1516.57,,https://www.balticexchange.com/ (simulated demo series)
2021-11-08,BDI,1534.37,,https://www.balticexchange.com/ (simulated demo series)
2021-11-09,BDI,1602.57,,https://www.balticexchange.com/ (simulated demo series)
2021-11-10,BDI,1659.59,,https://www.balticexchange.com/ (simulated demo series)
2021-11-11,BDI,1676.87,,https://www.balticexchange.com/ (simulated demo series)
2021-11-12,BDI,1718.62,,https://www.balticexchange.com/ (simulated demo series)
2021-11-15,BDI,1696.39,,https://www.balticexchange.com/ (simulated demo series)
2021-11-16,BDI,1681.0,,https://www.balticexchange.com/ (simulated demo series)
2021-11-17,BDI,1668.33,,https://www.balticexchange.com/ (simulated demo series)
2021-11-18,BDI,1635.89,,https://www.balticexchange.com/ (simulated demo series)
2021-11-19,BDI,1629.19,,https://www.balticexchange.com/ (simulated demo series)
2021-11-22,BDI,1632.75,,https://www.balticexchange.com/ (simulated demo series)
2021-11-23,BDI,1670.13,,https://www.balticexchange.com/ (simulated demo series)
2021-11-24,BDI,1627.85,,https://www.balticexchange.com/ (simulated demo series)
2021-11-25,BDI,1597.83,,https://www.balticexchange.com/ (simulated demo series)
2021-11-26,BDI,1605.13,,https://www.balticexchange.com/ (simulated demo series)
2021-11-29,BDI,1635.11,,https://www.balticexchange.com/ (simulated demo series)
2021-11-30,BDI,1717.49,,https://www.balticexchange.com/ (simulated demo series)
2021-12-01,BDI,1672.9,,https://www.balticexchange.com/ (simulated demo series)
2021-12-02,BDI,1675.61,,https://www.balticexchange.com/ (simulated demo series)
2021-12-03,BDI,1661.14,,https://www.balticexchange.com/ (simulated demo series)
2021-12-06,BDI,1580.13,,https://www.balticexchange.com/ (simulated demo series)
2021-12-07,BDI,1554.29,,https://www.balticexchange.com/ (simulated demo series)
2021-12-08,BDI,1571.21,,https://www.balticexchange.com/ (simulated demo series)
2021-12-09,BDI,1542.42,,https://www.balticexchange.com/ (simulated demo series)
2021-12-10,BDI,1556.17,,https://www.balticexchange.com/ (simulated demo series)
2021-12-13,BDI,1439.9,,https://www.balticexchange.com/ (simulated demo series)
2021-12-14,BDI,1441.87,,https://www.balticexchange.com/ (simulated demo series)
2021-12-15,BDI,1484.6,,https://www.balticexchange.com/ (simulated demo series)
2021-12-16,BDI,1528.02,,https://www.balticexchange.com/ (simulated demo series)
2021-12-17,BDI,1585.69,,https://www.balticexchange.com/ (simulated demo series)
2021-12-20,BDI,1589.07,,https://www.balticexchange.com/ (simulated demo series)
2021-12-21,BDI,1549.21,,https://www.balticexchange.com/ (simulated demo series)
2021-12-22,BDI,1542.03,,https://www.balticexchange.com/ (simulated demo series)
2021-12-23,BDI,1511.35,,https://www.balticexchange.com/ (simulated demo series)
2021-12-24,BDI,1543.59,,https://www.balticexchange.com/ (simulated demo series)
2021-12-27,BDI,1526.8,,https://www.balticexchange.com/ (simulated demo series)
2021-12-28,BDI,1486.95,,https://www.balticexchange.com/ (simulated demo series)
2021-12-29,BDI,1520.66,,https://www.balticexchange.com/ (simulated demo series)
2021-12-30,BDI,1520.71,,https://www.balticexchange.com/ (simulated demo series)
2021-12-31,BDI,1529.57,,https://www.balticexchange.com/ (simulated demo series)
2022-01-03,BDI,1573.64,,https://www.balticexchange.com/ (simulated demo series)
2022-01-04,BDI,1613.21,,https://www.balticexchange.com/ (simulated demo series)
2022-01-05,BDI,1622.67,,https://www.balticexchange.com/ (simulated demo series)
2022-01-06,BDI,1664.78,,https://www.balticexchange.com/ (simulated demo series)
2022-01-07,BDI,1688.22,,https://www.balticexchange.com/ (simulated demo series)
2022-01-10,BDI,1631.78,,https://www.balticexchange.com/ (simulated demo series)
2022-01-11,BDI,1618.0,,https://www.balticexchange.com/ (simulated demo series)
2022-01-12,BDI,1545.71,,https://www.balticexchange.com/ (simulated demo series)
2022-01-13,BDI,1510.64,,https://www.balticexchange.com/ (simulated demo series)
2022-01-14,BDI,1537.76,,https://www.balticexchange.com/ (simulated demo series)
2022-01-17,BDI,1541.65,,https://www.balticexchange.com/ (simulated demo series)
2022-01-18,BDI,1591.46,,https://www.balticexchange.com/ (simulated demo series)
2022-01-19,BDI,1607.47,,https://www.balticexchange.com/ (simulated demo series)
2022-01-20,BDI,1644.03,,https://www.balticexchange.com/ (simulated demo series)
2022-01-21,BDI,1637.63,,https://www.balticexchange.com/ (simulated demo series)
2022-01-24,BDI,1567.32,,https://www.balticexchange.com/ (simulated demo series)
2022-01-25,BDI,1504.84,,https://www.balticexchange.com/ (simulated demo series)
2022-01-26,BDI,1535.87,,https://www.balticexchange.com/ (simulated demo series)
2022-01-27,BDI,1452.7,,https://www.balticexchange.com/ (simulated demo series)
2022-01-28,BDI,1496.58,,https://www.balticexchange.com/ (simulated demo series)
2022-01-31,BDI,1447.42,,https://www.balticexchange.com/ (simulated demo series)
2022-02-01,BDI,1503.78,,https://www.balticexchange.com/ (simulated demo series)
2022-02-02,BDI,1496.99,,https://www.balticexchange.com/ (simulated demo series)
2022-02-03,BDI,1462.73,,https://www.balticexchange.com/ (simulated demo series)
2022-02-04,BDI,1433.57,,https://www.balticexchange.com/ (simulated demo series)
2022-02-07,BDI,1417.0,,https://www.balticexchange.com/ (simulated demo series)
2022-02-08,BDI,1413.68,,https://www.balticexchange.com/ (simulated demo series)
2022-02-09,BDI,1480.29,,https://www.balticexchange.com/ (simulated demo series)
2022-02-10,BDI,1423.07,,https://www.balticexchange.com/ (simulated demo series)
2022-02-11,BDI,1407.82,,https://www.balticexchange.com/ (simulated demo series)
2022-02-14,BDI,1433.6,,https://www.balticexchange.com/ (simulated demo series)
2022-02-15,BDI,1414.18,,https://www.balticexchange.com/ (simulated demo series)
2022-02-16,BDI,1420.41,,https://www.balticexchange.com/ (simulated demo series)
2022-02-17,BDI,1510.46,,https://www.balticexchange.com/ (simulated demo series)
2022-02-18,BDI,1506.81,,https://www.balticexchange.com/ (simulated demo series)
2022-02-21,BDI,1436.29,,https://www.balticexchange.com/ (simulated demo series)
2022-02-22,BDI,1502.5,,https://www.balticexchange.com/ (simulated demo series)
2022-02-23,BDI,1482.63,,https://www.balticexchange.com/ (simulated demo series)
2022-02-24,BDI,1486.33,,https://www.balticexchange.com/ (simulated demo series)
2022-02-25,BDI,1437.81,,https://www.balticexchange.com/ (simulated demo series)
2022-02-28,BDI,1360.1,,https://www.balticexchange.com/ (simulated demo series)
2022-03-01,BDI,1342.92,,https://www.balticexchange.com/ (simulated demo series)
2022-03-02,BDI,1408.14,,https://www.balticexchange.com/ (simulated demo series)
2022-03-03,BDI,1393.0,,https://www.balticexchange.com/ (simulated demo series)
2022-03-04,BDI,1410.53,,https://www.balticexchange.com/ (simulated demo series)
2022-03-07,BDI,1426.0,,https://www.balticexchange.com/ (simulated demo series)
2022-03-08,BDI,1525.17,,https://www.balticexchange.com/ (simulated demo series)
2022-03-09,BDI,1467.15,,https://www.balticexchange.com/ (simulated demo series)
2022-03-10,BDI,1422.75,,https://www.balticexchange.com/ (simulated demo series)
2022-03-11,BDI,1449.73,,https://www.balticexchange.com/ (simulated demo series)
2022-03-14,BDI,1518.4,,https://www.balticexchange.com/ (simulated demo series)
2022-03-15,BDI,1564.14,,https://www.balticexchange.com/ (simulated demo series)
2022-03-16,BDI,1559.4,,https://www.balticexchange.com/ (simulated demo series)
2022-03-17,BDI,1630.14,,https://www.balticexchange.com/ (simulated demo series)
2022-03-18,BDI,1569.52,,https://www.balticexchange.com/ (simulated demo series)
2022-03-21,BDI,1694.79,,https://www.balticexchange.com/ (simulated demo series)
2022-03-22,BDI,1760.84,,https://www.balticexchange.com/ (simulated demo series)
2022-03-23,BDI,1826.82,,https://www.balticexchange.com/ (simulated demo series)
2022-03-24,BDI,1789.23,,https://www.balticexchange.com/ (simulated demo series)
2022-03-25,BDI,1770.48,,https://www.balticexchange.com/ (simulated demo series)
2022-03-28,BDI,1783.64,,https://www.balticexchange.com/ (simulated demo series)
2022-03-29,BDI,1793.81,,https://www.balticexchange.com/ (simulated demo series)
2022-03-30,BDI,1796.46,,https://www.balticexchange.com/ (simulated demo series)
2022-03-31,BDI,1848.1,,https://www.balticexchange.com/ (simulated demo series)
2022-04-01,BDI,1854.75,,https://www.balticexchange.com/ (simulated demo series)
2022-04-04,BDI,1813.11,,https://www.balticexchange.com/ (simulated demo series)
2022-04-05,BDI,1789.0,,https://www.balticexchange.com/ (simulated demo series)
2022-04-06,BDI,1787.72,,https://www.balticexchange.com/ (simulated demo series)
2022-04-07,BDI,1831.04,,https://www.balticexchange.com/ (simulated demo series)
2022-04-08,BDI,1828.93,,https://www.balticexchange.com/ (simulated demo series)
2022-04-11,BDI,1840.14,,https://www.balticexchange.com/ (simulated demo series)
2022-04-12,BDI,1880.41,,https://www.balticexchange.com/ (simulated demo series)
2022-04-13,BDI,1938.09,,https://www.balticexchange.com/ (simulated demo series)
2022-04-14,BDI,1959.93,,https://www.balticexchange.com/ (simulated demo series)
2022-04-15,BDI,1906.36,,https://www.balticexchange.com/ (simulated demo series)
2022-04-18,BDI,1885.5,,https://www.balticexchange.com/ (simulated demo series)
2022-04-19,BDI,1927.75,,https://www.balticexchange.com/ (simulated demo series)
2022-04-20,BDI,1865.64,,https://www.balticexchange.com/ (simulated demo series)
2022-04-21,BDI,1889.68,,https://www.balticexchange.com/ (simulated demo series)
2022-04-22,BDI,1909.19,,https://www.balticexchange.com/ (simulated demo series)
2022-04-25,BDI,2048.37,,https://www.balticexchange.com/ (simulated demo series)
2022-04-26,BDI,2009.58,,https://www.balticexchange.com/ (simulated demo series)
2022-04-27,BDI,1977.52,,https://www.balticexchange.com/ (simulated demo series)
2022-04-28,BDI,2062.7,,https://www.balticexchange.com/ (simulated demo series)
2022-04-29,BDI,2122.27,,https://www.balticexchange.com/ (simulated demo series)
2022-05-02,BDI,2238.46,,https://www.balticexchange.com/ (simulated demo series)
2022-05-03,BDI,2246.29,,https://www.balticexchange.com/ (simulated demo series)
2022-05-04,BDI,2180.45,,https://www.balticexchange.com/ (simulated demo series)
2022-05-05,BDI,2131.46,,https://www.balticexchange.com/ (simulated demo series)
2022-05-06,BDI,2078.01,,https://www.balticexchange.com/ (simulated demo series)
2022-05-09,BDI,1998.58,,https://www.balticexchange.com/ (simulated demo series)
2022-05-10,BDI,1983.92,,https://www.balticexchange.com/ (simulated demo series)
2022-05-11,BDI,1845.94,,https://www.balticexchange.com/ (simulated demo series)
2022-05-12,BDI,1869.98,,https://www.balticexchange.com/ (simulated demo series)
2022-05-13,BDI,1912.76,,https://www.balticexchange.com/ (simulated demo series)
2022-05-16,BDI,2009.89,,https://www.balticexchange.com/ (simulated demo series)
2022-05-17,BDI,2130.73,,https://www.balticexchange.com/ (simulated demo series)
2022-05-18,BDI,2201.03,,https://www.balticexchange.com/ (simulated demo series)
2022-05-19,BDI,2212.92,,https://www.balticexchange.com/ (simulated demo series)
2022-05-20,BDI,2155.44,,https://www.balticexchange.com/ (simulated demo series)
2022-05-23,BDI,2303.38,,https://www.balticexchange.com/ (simulated demo series)
2022-05-24,BDI,2233.52,,https://www.balticexchange.com/ (simulated demo series)
2022-05-25,BDI,2240.87,,https://www.balticexchange.com/ (simulated demo series)
2022-05-26,BDI,2216.73,,https://www.balticexchange.com/ (simulated demo series)
2022-05-27,BDI,2195.64,,https://www.balticexchange.com/ (simulated demo series)
2022-05-30,BDI,2335.08,,https://www.balticexchange.com/ (simulated demo series)
2022-05-31,BDI,2369.49,,https://www.balticexchange.com/ (simulated demo series)
2022-06-01,BDI,2425.14,,https://www.balticexchange.com/ (simulated demo series)
2022-06-02,BDI,2510.87,,https://www.balticexchange.com/ (simulated demo series)
2022-06-03,BDI,2612.15,,https://www.balticexchange.com/ (simulated demo series)
2022-06-06,BDI,2501.81,,https://www.balticexchange.com/ (simulated demo series)
2022-06-07,BDI,2548.33,,https://www.balticexchange.com/ (simulated demo series)
2022-06-08,BDI,2465.24,,https://www.balticexchange.com/ (simulated demo series)
2022-06-09,BDI,2372.65,,https://www.balticexchange.com/ (simulated demo series)
2022-06-10,BDI,2277.03,,https://www.balticexchange.com/ (simulated demo series)
2022-06-13,BDI,2282.06,,https://www.balticexchange.com/ (simulated demo series)
2022-06-14,BDI,2344.14,,https://www.balticexchange.com/ (simulated demo series)
2022-06-15,BDI,2459.06,,https://www.balticexchange.com/ (simulated demo series)
2022-06-16,BDI,2492.31,,https://www.balticexchange.com/ (simulated demo series)
2022-06-17,BDI,2517.83,,https://www.balticexchange.com/ (simulated demo series)
2022-06-20,BDI,2468.55,,https://www.balticexchange.com/ (simulated demo series)
2022-06-21,BDI,2439.88,,https://www.balticexchange.com/ (simulated demo series)
2022-06-22,BDI,2460.17,,https://www.balticexchange.com/ (simulated demo series)
2022-06-23,BDI,2474.14,,https://www.balticexchange.com/ (simulated demo series)
2022-06-24,BDI,2452.54,,https://www.balticexchange.com/ (simulated demo series)
2022-06-27,BDI,2422.65,,https://www.balticexchange.com/ (simulated demo series)
2022-06-28,BDI,2444.77,,https://www.balticexchange.com/ (simulated demo series)
2022-06-29,BDI,2391.09,,https://www.balticexchange.com/ (simulated demo series)
2022-06-30,BDI,2373.92,,https://www.balticexchange.com/ (simulated demo series)
2022-07-01,BDI,2377.32,,https://www.balticexchange.com/ (simulated demo series)
2022-07-04,BDI,2278.65,,https://www.balticexchange.com/ (simulated demo series)
2022-07-05,BDI,2231.17,,https://www.balticexchange.com/ (simulated demo series)
2022-07-06,BDI,2199.0,,https://www.balticexchange.com/ (simulated demo series)
2022-07-07,BDI,2118.04,,https://www.balticexchange.com/ (simulated demo series)
2022-07-08,BDI,2110.21,,https://www.balticexchange.com/ (simulated demo series)
2022-07-11,BDI,2104.74,,https://www.balticexchange.com/ (simulated demo series)
2022-07-12,BDI,2108.56,,https://www.balticexchange.com/ (simulated demo series)
2022-07-13,BDI,2072.24,,https://www.balticexchange.com/ (simulated demo series)
2022-07-14,BDI,2044.53,,https://www.balticexchange.com/ (simulated demo series)
2022-07-15,BDI,2025.08,,https://www.balticexchange.com/ (simulated demo series)
2022-07-18,BDI,1860.12,,https://www.balticexchange.com/ (simulated demo series)
2022-07-19,BDI,1910.87,,https://www.balticexchange.com/ (simulated demo series)
2022-07-20,BDI,1904.7,,https://www.balticexchange.com/ (simulated demo series)
2022-07-21,BDI,1922.92,,https://www.balticexchange.com/ (simulated demo series)
2022-07-22,BDI,1910.18,,https://www.balticexchange.com/ (simulated demo series)
2022-07-25,BDI,1965.98,,https://www.balticexchange.com/ (simulated demo series)
2022-07-26,BDI,1903.22,,https://www.balticexchange.com/ (simulated demo series)
2022-07-27,BDI,1914.72,,https://www.balticexchange.com/ (simulated demo series)
2022-07-28,BDI,1907.73,,https://www.balticexchange.com/ (simulated demo series)
2022-07-29,BDI,1922.95,,https://www.balticexchange.com/ (simulated demo series)
2022-08-01,BDI,1926.58,,https://www.balticexchange.com/ (simulated demo series)
2022-08-02,BDI,1995.5,,https://www.balticexchange.com/ (simulated demo series)
2022-08-03,BDI,1919.07,,https://www.balticexchange.com/ (simulated demo series)
2022-08-04,BDI,1991.34,,https://www.balticexchange.com/ (simulated demo series)
2022-08-05,BDI,1970.49,,https://www.balticexchange.com/ (simulated demo series)
2022-08-08,BDI,2090.86,,https://www.balticexchange.com/ (simulated demo series)
2022-08-09,BDI,2141.44,,https://www.balticexchange.com/ (simulated demo series)
2022-08-10,BDI,2137.69,,https://www.balticexchange.com/ (simulated demo series)
2022-08-11,BDI,2123.96,,https://www.balticexchange.com/ (simulated demo series)
2022-08-12,BDI,2141.81,,https://www.balticexchange.com/ (simulated demo series)
2022-08-15,BDI,2133.82,,https://www.balticexchange.com/ (simulated demo series)
2022-08-16,BDI,2058.38,,https://www.balticexchange.com/ (simulated demo series)
2022-08-17,BDI,1972.07,,https://www.balticexchange.com/ (simulated demo series)
2022-08-18,BDI,1950.71,,https://www.balticexchange.com/ (simulated demo series)
2022-08-19,BDI,1998.79,,https://www.balticexchange.com/ (simulated demo series)
2022-08-22,BDI,2107.1,,https://www.balticexchange.com/ (simulated demo series)
2022-08-23,BDI,2126.76,,https://www.balticexchange.com/ (simulated demo series)
2022-08-24,BDI,2103.02,,https://www.balticexchange.com/ (simulated demo series)
2022-08-25,BDI,2143.61,,https://www.balticexchange.com/ (simulated demo series)
2022-08-26,BDI,2222.33,,https://www.balticexchange.com/ (simulated demo series)
2022-08-29,BDI,2188.14,,https://www.balticexchange.com/ (simulated demo series)
2022-08-30,BDI,2277.35,,https://www.balticexchange.com/ (simulated demo series)
2022-08-31,BDI,2277.56,,https://www.balticexchange.com/ (simulated demo series)
2022-09-01,BDI,2338.94,,https://www.balticexchange.com/ (simulated demo series)
2022-09-02,BDI,2287.84,,https://www.balticexchange.com/ (simulated demo series)
2022-09-05,BDI,2404.28,,https://www.balticexchange.com/ (simulated demo series)
2022-09-06,BDI,2412.08,,https://www.balticexchange.com/ (simulated demo series)
2022-09-07,BDI,2391.31,,https://www.balticexchange.com/ (simulated demo series)
2022-09-08,BDI,2455.74,,https://www.balticexchange.com/ (simulated demo series)
2022-09-09,BDI,2439.29,,https://www.balticexchange.com/ (simulated demo series)
2022-09-12,BDI,2433.56,,https://www.balticexchange.com/ (simulated demo series)
2022-09-13,BDI,2352.92,,https://www.balticexchange.com/ (simulated demo series)
2022-09-14,BDI,2346.09,,https://www.balticexchange.com/ (simulated demo series)
2022-09-15,BDI,2388.51,,https://www.balticexchange.com/ (simulated demo series)
2022-09-16,BDI,2352.97,,https://www.balticexchange.com/ (simulated demo series)
2022-09-19,BDI,2407.77,,https://www.balticexchange.com/ (simulated demo series)
2022-09-20,BDI,2379.91,,https://www.balticexchange.com/ (simulated demo series)
2022-09-21,BDI,2355.14,,https://www.balticexchange.com/ (simulated demo series)
2022-09-22,BDI,2414.77,,https://www.balticexchange.com/ (simulated demo series)
2022-09-23,BDI,2342.18,,https://www.balticexchange.com/ (simulated demo series)
2022-09-26,BDI,2332.66,,https://www.balticexchange.com/ (simulated demo series)
2022-09-27,BDI,2306.3,,https://www.balticexchange.com/ (simulated demo series)
2022-09-28,BDI,2346.22,,https://www.balticexchange.com/ (simulated demo series)
2022-09-29,BDI,2401.87,,https://www.balticexchange.com/ (simulated demo series)
2022-09-30,BDI,2404.71,,https://www.balticexchange.com/ (simulated demo series)
2022-10-03,BDI,2337.26,,https://www.balticexchange.com/ (simulated demo series)
2022-10-04,BDI,2299.48,,https://www.balticexchange.com/ (simulated demo series)
2022-10-05,BDI,2290.65,,https://www.balticexchange.com/ (simulated demo series)
2022-10-06,BDI,2366.68,,https://www.balticexchange.com/ (simulated demo series)
2022-10-07,BDI,2393.5,,https://www.balticexchange.com/ (simulated demo series)
2022-10-10,BDI,2391.67,,https://www.balticexchange.com/ (simulated demo series)
2022-10-11,BDI,2387.77,,https://www.balticexchange.com/ (simulated demo series)
2022-10-12,BDI,2419.36,,https://www.balticexchange.com/ (simulated demo series)
2022-10-13,BDI,2338.93,,https://www.balticexchange.com/ (simulated demo series)
2022-10-14,BDI,2404.13,,https://www.balticexchange.com/ (simulated demo series)
2022-10-17,BDI,2293.3,,https://www.balticexchange.com/ (simulated demo series)
2022-10-18,BDI,2313.76,,https://www.balticexchange.com/ (simulated demo series)
2022-10-19,BDI,2260.75,,https://www.balticexchange.com/ (simulated demo series)
2022-10-20,BDI,2316.25,,https://www.balticexchange.com/ (simulated demo series)
2022-10-21,BDI,2264.83,,https://www.balticexchange.com/ (simulated demo series)
2022-10-24,BDI,2334.85,,https://www.balticexchange.com/ (simulated demo series)
2022-10-25,BDI,2441.46,,https://www.balticexchange.com/ (simulated demo series)
2022-10-26,BDI,2388.81,,https://www.balticexchange.com/ (simulated demo series)
2022-10-27,BDI,2362.62,,https://www.balticexchange.com/ (simulated demo series)
2022-10-28,BDI,2374.96,,https://www.balticexchange.com/ (simulated demo series)
2022-10-31,BDI,2368.79,,https://www.balticexchange.com/ (simulated demo series)
2022-11-01,BDI,2332.97,,https://www.balticexchange.com/ (simulated demo series)
2022-11-02,BDI,2402.5,,https://www.balticexchange.com/ (simulated demo series)
2022-11-03,BDI,2458.75,,https://www.balticexchange.com/ (simulated demo series)
2022-11-04,BDI,2405.66,,https://www.balticexchange.com/ (simulated demo series)
2022-11-07,BDI,2375.77,,https://www.balticexchange.com/ (simulated demo series)
2022-11-08,BDI,2393.19,,https://www.balticexchange.com/ (simulated demo series)
2022-11-09,BDI,2398.28,,https://www.balticexchange.com/ (simulated demo series)
2022-11-10,BDI,2499.47,,https://www.balticexchange.com/ (simulated demo series)
2022-11-11,BDI,2379.97,,https://www.balticexchange.com/ (simulated demo series)
2022-11-14,BDI,2127.04,,https://www.balticexchange.com/ (simulated demo series)
2022-11-15,BDI,2202.47,,https://www.balticexchange.com/ (simulated demo series)
2022-11-16,BDI,2128.64,,https://www.balticexchange.com/ (simulated demo series)
2022-11-17,BDI,2085.98,,https://www.balticexchange.com/ (simulated demo series)
2022-11-18,BDI,2229.06,,https://www.balticexchange.com/ (simulated demo series)
2022-11-21,BDI,2325.22,,https://www.balticexchange.com/ (simulated demo series)
2022-11-22,BDI,2357.23,,https://www.balticexchange.com/ (simulated demo series)
2022-11-23,BDI,2342.34,,https://www.balticexchange.com/ (simulated demo series)
2022-11-24,BDI,2343.96,,https://www.balticexchange.com/ (simulated demo series)
2022-11-25,BDI,2319.24,,https://www.balticexchange.com/ (simulated demo series)
2022-11-28,BDI,2168.59,,https://www.balticexchange.com/ (simulated demo series)
2022-11-29,BDI,2165.38,,https://www.balticexchange.com/ (simulated demo series)
2022-11-30,BDI,2344.0,,https://www.balticexchange.com/ (simulated demo series)
2022-12-01,BDI,2262.15,,https://www.balticexchange.com/ (simulated demo series)
2022-12-02,BDI,2182.81,,https://www.balticexchange.com/ (simulated demo series)
2022-12-05,BDI,2168.2,,https://www.balticexchange.com/ (simulated demo series)
2022-12-06,BDI,2137.37,,https://www.balticexchange.com/ (simulated demo series)
2022-12-07,BDI,2148.57,,https://www.balticexchange.com/ (simulated demo series)
2022-12-08,BDI,2215.9,,https://www.balticexchange.com/ (simulated demo series)
2022-12-09,BDI,2189.64,,https://www.balticexchange.com/ (simulated demo series)
2022-12-12,BDI,2412.27,,https://www.balticexchange.com/ (simulated demo series)
2022-12-13,BDI,2520.19,,https://www.balticexchange.com/ (simulated demo series)
2022-12-14,BDI,2616.16,,https://www.balticexchange.com/ (simulated demo series)
2022-12-15,BDI,2569.69,,https://www.balticexchange.com/ (simulated demo series)
2022-12-16,BDI,2633.13,,https://www.balticexchange.com/ (simulated demo series)
2022-12-19,BDI,2486.82,,https://www.balticexchange.com/ (simulated demo series)
2022-12-20,BDI,2463.12,,https://www.balticexchange.com/ (simulated demo series)
2022-12-21,BDI,2574.33,,https://www.balticexchange.com/ (simulated demo series)
2022-12-22,BDI,2487.69,,https://www.balticexchange.com/ (simulated demo series)
2022-12-23,BDI,2454.31,,https://www.balticexchange.com/ (simulated demo series)
2022-12-26,BDI,2312.7,,https://www.balticexchange.com/ (simulated demo series)
2022-12-27,BDI,2321.89,,https://www.balticexchange.com/ (simulated demo series)
2022-12-28,BDI,2347.99,,https://www.balticexchange.com/ (simulated demo series)
2022-12-29,BDI,2165.97,,https://www.balticexchange.com/ (simulated demo series)
2022-12-30,BDI,2196.23,,https://www.balticexchange.com/ (simulated demo series)
2023-01-02,BDI,2155.0,,https://www.balticexchange.com/ (simulated demo series)
2023-01-03,BDI,2126.83,,https://www.balticexchange.com/ (simulated demo series)
2023-01-04,BDI,2076.85,,https://www.balticexchange.com/ (simulated demo series)
2023-01-05,BDI,2098.0,,https://www.balticexchange.com/ (simulated demo series)
2023-01-06,BDI,2054.54,,https://www.balticexchange.com/ (simulated demo series)
2023-01-09,BDI,2193.62,,https://www.balticexchange.com/ (simulated demo series)
2023-01-10,BDI,2120.7,,https://www.balticexchange.com/ (simulated demo series)
2023-01-11,BDI,2109.82,,https://www.balticexchange.com/ (simulated demo series)
2023-01-12,BDI,2139.52,,https://www.balticexchange.com/ (simulated demo series)
2023-01-13,BDI,2142.53,,https://www.balticexchange.com/ (simulated demo series)
2023-01-16,BDI,2126.39,,https://www.balticexchange.com/ (simulated demo series)
2023-01-17,BDI,2121.0,,https://www.balticexchange.com/ (simulated demo series)
2023-01-18,BDI,2089.75,,https://www.balticexchange.com/ (simulated demo series)
2023-01-19,BDI,2137.3,,https://www.balticexchange.com/ (simulated demo series)
2023-01-20,BDI,2158.11,,https://www.balticexchange.com/ (simulated demo series)
2023-01-23,BDI,2163.37,,https://www.balticexchange.com/ (simulated demo series)
2023-01-24,BDI,2082.11,,https://www.balticexchange.com/ (simulated demo series)
2023-01-25,BDI,2062.71,,https://www.balticexchange.com/ (simulated demo series)
2023-01-26,BDI,1986.56,,https://www.balticexchange.com/ (simulated demo series)
2023-01-27,BDI,2004.41,,https://www.balticexchange.com/ (simulated demo series)
2023-01-30,BDI,2143.42,,https://www.balticexchange.com/ (simulated demo series)
2023-01-31,BDI,2129.19,,https://www.balticexchange.com/ (simulated demo series)
2023-02-01,BDI,2047.74,,https://www.balticexchange.com/ (simulated demo series)
2023-02-02,BDI,2038.2,,https://www.balticexchange.com/ (simulated demo series)
2023-02-03,BDI,2074.63,,https://www.balticexchange.com/ (simulated demo series)
2023-02-06,BDI,1962.43,,https://www.balticexchange.com/ (simulated demo series)
2023-02-07,BDI,1978.52,,https://www.balticexchange.com/ (simulated demo series)
2023-02-08,BDI,1992.51,,https://www.balticexchange.com/ (simulated demo series)
2023-02-09,BDI,1977.43,,https://www.balticexchange.com/ (simulated demo series)
2023-02-10,BDI,1959.02,,https://www.balticexchange.com/ (simulated demo series)
2023-02-13,BDI,1881.02,,https://www.balticexchange.com/ (simulated demo series)
2023-02-14,BDI,1905.61,,https://www.balticexchange.com/ (simulated demo series)
2023-02-15,BDI,1887.51,,https://www.balticexchange.com/ (simulated demo series)
2023-02-16,BDI,1821.38,,https://www.balticexchange.com/ (simulated demo series)
2023-02-17,BDI,1756.73,,https://www.balticexchange.com/ (simulated demo series)
2023-02-20,BDI,1662.82,,https://www.balticexchange.com/ (simulated demo series)
2023-02-21,BDI,1724.22,,https://www.balticexchange.com/ (simulated demo series)
2023-02-22,BDI,1706.44,,https://www.balticexchange.com/ (simulated demo series)
2023-02-23,BDI,1794.76,,https://www.balticexchange.com/ (simulated demo series)
2023-02-24,BDI,1838.32,,https://www.balticexchange.com/ (simulated demo series)
2023-02-27,BDI,1804.68,,https://www.balticexchange.com/ (simulated demo series)
2023-02-28,BDI,1769.33,,https://www.balticexchange.com/ (simulated demo series)
2023-03-01,BDI,1836.07,,https://www.balticexchange.com/ (simulated demo series)
2023-03-02,BDI,1898.78,,https://www.balticexchange.com/ (simulated demo series)
2023-03-03,BDI,2013.59,,https://www.balticexchange.com/ (simulated demo series)
2023-03-06,BDI,2075.64,,https://www.balticexchange.com/ (simulated demo series)
2023-03-07,BDI,2042.03,,https://www.balticexchange.com/ (simulated demo series)
2023-03-08,BDI,2009.72,,https://www.balticexchange.com/ (simulated demo series)
2023-03-09,BDI,1969.66,,https://www.balticexchange.com/ (simulated demo series)
2023-03-10,BDI,1991.98,,https://www.balticexchange.com/ (simulated demo series)
2023-03-13,BDI,1939.05,,https://www.balticexchange.com/ (simulated demo series)
2023-03-14,BDI,1962.56,,https://www.balticexchange.com/ (simulated demo series)
2023-03-15,BDI,2014.21,,https://www.balticexchange.com/ (simulated demo series)
2023-03-16,BDI,1911.23,,https://www.balticexchange.com/ (simulated demo series)
2023-03-17,BDI,1933.92,,https://www.balticexchange.com/ (simulated demo series)
2023-03-20,BDI,1946.68,,https://www.balticexchange.com/ (simulated demo series)
2023-03-21,BDI,1903.62,,https://www.balticexchange.com/ (simulated demo series)
2023-03-22,BDI,1910.55,,https://www.balticexchange.com/ (simulated demo series)
2023-03-23,BDI,1896.6,,https://www.balticexchange.com/ (simulated demo series)
2023-03-24,BDI,1845.08,,https://www.balticexchange.com/ (simulated demo series)
2023-03-27,BDI,1813.39,,https://www.balticexchange.com/ (simulated demo series)
2023-03-28,BDI,1830.31,,https://www.balticexchange.com/ (simulated demo series)
2023-03-29,BDI,1850.82,,https://www.balticexchange.com/ (simulated demo series)
2023-03-30,BDI,1922.7,,https://www.balticexchange.com/ (simulated demo series)
2023-03-31,BDI,1904.06,,https://www.balticexchange.com/ (simulated demo series)
2023-04-03,BDI,1830.93,,https://www.balticexchange.com/ (simulated demo series)
2023-04-04,BDI,1731.97,,https://www.balticexchange.com/ (simulated demo series)
2023-04-05,BDI,1803.37,,https://www.balticexchange.com/ (simulated demo series)
2023-04-06,BDI,1886.39,,https://www.balticexchange.com/ (simulated demo series)
2023-04-07,BDI,1889.98,,https://www.balticexchange.com/ (simulated demo series)
2023-04-10,BDI,1865.78,,https://www.balticexchange.com/ (simulated demo series)
2023-04-11,BDI,1817.13,,https://www.balticexchange.com/ (simulated demo series)
2023-04-12,BDI,1833.42,,https://www.balticexchange.com/ (simulated demo series)
2023-04-13,BDI,1942.07,,https://www.balticexchange.com/ (simulated demo series)
2023-04-14,BDI,1961.29,,https://www.balticexchange.com/ (simulated demo series)
2023-04-17,BDI,1807.89,,https://www.balticexchange.com/ (simulated demo series)
2023-04-18,BDI,1897.91,,https://www.balticexchange.com/ (simulated demo series)
2023-04-19,BDI,1828.99,,https://www.balticexchange.com/ (simulated demo series)
2023-04-20,BDI,1839.66,,https://www.balticexchange.com/ (simulated demo series)
2023-04-21,BDI,1872.1,,https://www.balticexchange.com/ (simulated demo series)
2023-04-24,BDI,1838.82,,https://www.balticexchange.com/ (simulated demo series)
2023-04-25,BDI,1805.01,,https://www.balticexchange.com/ (simulated demo series)
2023-04-26,BDI,1903.73,,https://www.balticexchange.com/ (simulated demo series)
2023-04-27,BDI,1912.7,,https://www.balticexchange.com/ (simulated demo series)
2023-04-28,BDI,1960.58,,https://www.balticexchange.com/ (simulated demo series)
2023-05-01,BDI,1901.12,,https://www.balticexchange.com/ (simulated demo series)
2023-05-02,BDI,1926.72,,https://www.balticexchange.com/ (simulated demo series)
2023-05-03,BDI,1907.54,,https://www.balticexchange.com/ (simulated demo series)
2023-05-04,BDI,1977.29,,https://www.balticexchange.com/ (simulated demo series)
2023-05-05,BDI,1960.97,,https://www.balticexchange.com/ (simulated demo series)
2023-05-08,BDI,2038.23,,https://www.balticexchange.com/ (simulated demo series)
2023-05-09,BDI,1945.42,,https://www.balticexchange.com/ (simulated demo series)
2023-05-10,BDI,1943.99,,https://www.balticexchange.com/ (simulated demo series)
2023-05-11,BDI,1985.13,,https://www.balticexchange.com/ (simulated demo series)
2023-05-12,BDI,2012.51,,https://www.balticexchange.com/ (simulated demo series)
2023-05-15,BDI,2118.37,,https://www.balticexchange.com/ (simulated demo series)
2023-05-16,BDI,2074.31,,https://www.balticexchange.com/ (simulated demo series)
2023-05-17,BDI,2129.98,,https://www.balticexchange.com/ (simulated demo series)
2023-05-18,BDI,2140.11,,https://www.balticexchange.com/ (simulated demo series)
2023-05-19,BDI,2146.88,,https://www.balticexchange.com/ (simulated demo series)
2023-05-22,BDI,2094.11,,https://www.balticexchange.com/ (simulated demo series)
2023-05-23,BDI,2097.98,,https://www.balticexchange.com/ (simulated demo series)
2023-05-24,BDI,2120.37,,https://www.balticexchange.com/ (simulated demo series)
2023-05-25,BDI,2120.32,,https://www.balticexchange.com/ (simulated demo series)
2023-05-26,BDI,2141.63,,https://www.balticexchange.com/ (simulated demo series)
2023-05-29,BDI,2102.94,,https://www.balticexchange.com/ (simulated demo series)
2023-05-30,BDI,2126.0,,https://www.balticexchange.com/ (simulated demo series)
2023-05-31,BDI,2226.45,,https://www.balticexchange.com/ (simulated demo series)
2023-06-01,BDI,2261.2,,https://www.balticexchange.com/ (simulated demo series)
2023-06-02,BDI,2206.08,,https://www.balticexchange.com/ (simulated demo series)
2023-06-05,BDI,2268.37,,https://www.balticexchange.com/ (simulated demo series)
2023-06-06,BDI,2221.23,,https://www.balticexchange.com/ (simulated demo series)
2023-06-07,BDI,2155.89,,https://www.balticexchange.com/ (simulated demo series)
2023-06-08,BDI,2184.55,,https://www.balticexchange.com/ (simulated demo series)
2023-06-09,BDI,2152.77,,https://www.balticexchange.com/ (simulated demo series)
2023-06-12,BDI,1998.24,,https://www.balticexchange.com/ (simulated demo series)
2023-06-13,BDI,1967.94,,https://www.balticexchange.com/ (simulated demo series)
2023-06-14,BDI,1978.15,,https://www.balticexchange.com/ (simulated demo series)
2023-06-15,BDI,1932.68,,https://www.balticexchange.com/ (simulated demo series)
2023-06-16,BDI,1965.0,,https://www.balticexchange.com/ (simulated demo series)
2023-06-19,BDI,1975.05,,https://www.balticexchange.com/ (simulated demo series)
2023-06-20,BDI,1967.0,,https://www.balticexchange.com/ (simulated demo series)
2023-06-21,BDI,1971.58,,https://www.balticexchange.com/ (simulated demo series)
2023-06-22,BDI,1878.97,,https://www.balticexchange.com/ (simulated demo series)
2023-06-23,BDI,1921.1,,https://www.balticexchange.com/ (simulated demo series)
2023-06-26,BDI,1887.51,,https://www.balticexchange.com/ (simulated demo series)
2023-06-27,BDI,1934.25,,https://www.balticexchange.com/ (simulated demo series)
2023-06-28,BDI,1923.77,,https://www.balticexchange.com/ (simulated demo series)
2023-06-29,BDI,1903.2,,https://www.balticexchange.com/ (simulated demo series)
2023-06-30,BDI,2003.49,,https://www.balticexchange.com/ (simulated demo series)
2023-07-03,BDI,2050.4,,https://www.balticexchange.com/ (simulated demo series)
2023-07-04,BDI,2129.53,,https://www.balticexchange.com/ (simulated demo series)
2023-07-05,BDI,2126.91,,https://www.balticexchange.com/ (simulated demo series)
2023-07-06,BDI,2135.44,,https://www.balticexchange.com/ (simulated demo series)
2023-07-07,BDI,2197.52,,https://www.balticexchange.com/ (simulated demo series)
2023-07-10,BDI,2160.29,,https://www.balticexchange.com/ (simulated demo series)
2023-07-11,BDI,2177.74,,https://www.balticexchange.com/ (simulated demo series)
2023-07-12,BDI,2193.69,,https://www.balticexchange.com/ (simulated demo series)
2023-07-13,BDI,2179.6,,https://www.balticexchange.com/ (simulated demo series)
2023-07-14,BDI,2222.48,,https://www.balticexchange.com/ (simulated demo series)
2023-07-17,BDI,2127.57,,https://www.balticexchange.com/ (simulated demo series)
2023-07-18,BDI,2076.09,,https://www.balticexchange.com/ (simulated demo series)
2023-07-19,BDI,2110.87,,https://www.balticexchange.com/ (simulated demo series)
2023-07-20,BDI,2074.89,,https://www.balticexchange.com/ (simulated demo series)
2023-07-21,BDI,2091.31,,https://www.balticexchange.com/ (simulated demo series)
2023-07-24,BDI,2010.86,,https://www.balticexchange.com/ (simulated demo series)
2023-07-25,BDI,2031.22,,https://www.balticexchange.com/ (simulated demo series)
2023-07-26,BDI,2055.33,,https://www.balticexchange.com/ (simulated demo series)
2023-07-27,BDI,2138.67,,https://www.balticexchange.com/ (simulated demo series)
2023-07-28,BDI,2107.73,,https://www.balticexchange.com/ (simulated demo series)
2023-07-31,BDI,2209.93,,https://www.balticexchange.com/ (simulated demo series)
2023-08-01,BDI,2257.8,,https://www.balticexchange.com/ (simulated demo series)
2023-08-02,BDI,2185.6,,https://www.balticexchange.com/ (simulated demo series)
2023-08-03,BDI,2104.5,,https://www.balticexchange.com/ (simulated demo series)
2023-08-04,BDI,2072.66,,https://www.balticexchange.com/ (simulated demo series)
2023-08-07,BDI,2018.34,,https://www.balticexchange.com/ (simulated demo series)
2023-08-08,BDI,1995.59,,https://www.balticexchange.com/ (simulated demo series)
2023-08-09,BDI,2027.37,,https://www.balticexchange.com/ (simulated demo series)
2023-08-10,BDI,2032.66,,https://www.balticexchange.com/ (simulated demo series)
2023-08-11,BDI,2045.18,,https://www.balticexchange.com/ (simulated demo series)
2023-08-14,BDI,2121.43,,https://www.balticexchange.com/ (simulated demo series)
2023-08-15,BDI,2025.41,,https://www.balticexchange.com/ (simulated demo series)
2023-08-16,BDI,2028.29,,https://www.balticexchange.com/ (simulated demo series)
2023-08-17,BDI,1993.85,,https://www.balticexchange.com/ (simulated demo series)
2023-08-18,BDI,2022.03,,https://www.balticexchange.com/ (simulated demo series)
2023-08-21,BDI,2057.91,,https://www.balticexchange.com/ (simulated demo series)
2023-08-22,BDI,1914.99,,https://www.balticexchange.com/ (simulated demo series)
2023-08-23,BDI,1952.99,,https://www.balticexchange.com/ (simulated demo series)
2023-08-24,BDI,1996.61,,https://www.balticexchange.com/ (simulated demo series)
2023-08-25,BDI,2003.14,,https://www.balticexchange.com/ (simulated demo series)
2023-08-28,BDI,1961.62,,https://www.balticexchange.com/ (simulated demo series)
2023-08-29,BDI,1959.26,,https://www.balticexchange.com/ (simulated demo series)
2023-08-30,BDI,1958.55,,https://www.balticexchange.com/ (simulated demo series)
2023-08-31,BDI,2104.94,,https://www.balticexchange.com/ (simulated demo series)
2023-09-01,BDI,2131.42,,https://www.balticexchange.com/ (simulated demo series)
2023-09-04,BDI,2092.16,,https://www.balticexchange.com/ (simulated demo series)
2023-09-05,BDI,2189.87,,https://www.balticexchange.com/ (simulated demo series)
2023-09-06,BDI,2174.94,,https://www.balticexchange.com/ (simulated demo series)
2023-09-07,BDI,2218.27,,https://www.balticexchange.com/ (simulated demo series)
2023-09-08,BDI,2229.34,,https://www.balticexchange.com/ (simulated demo series)
2023-09-11,BDI,2285.21,,https://www.balticexchange.com/ (simulated demo series)
2023-09-12,BDI,2378.55,,https://www.balticexchange.com/ (simulated demo series)
2023-09-13,BDI,2420.36,,https://www.balticexchange.com/ (simulated demo series)
2023-09-14,BDI,2337.64,,https://www.balticexchange.com/ (simulated demo series)
2023-09-15,BDI,2298.81,,https://www.balticexchange.com/ (simulated demo series)
2023-09-18,BDI,2262.63,,https://www.balticexchange.com/ (simulated demo series)
2023-09-19,BDI,2225.57,,https://www.balticexchange.com/ (simulated demo series)
2023-09-20,BDI,2212.87,,https://www.balticexchange.com/ (simulated demo series)
2023-09-21,BDI,2260.39,,https://www.balticexchange.com/ (simulated demo series)
2023-09-22,BDI,2250.99,,https://www.balticexchange.com/ (simulated demo series)
2023-09-25,BDI,2158.49,,https://www.balticexchange.com/ (simulated demo series)
2023-09-26,BDI,2184.55,,https://www.balticexchange.com/ (simulated demo series)
2023-09-27,BDI,2076.6,,https://www.balticexchange.com/ (simulated demo series)
2023-09-28,BDI,2072.66,,https://www.balticexchange.com/ (simulated demo series)
2023-09-29,BDI,2130.04,,https://www.balticexchange.com/ (simulated demo series)
2023-10-02,BDI,2023.25,,https://www.balticexchange.com/ (simulated demo series)
2023-10-03,BDI,2129.31,,https://www.balticexchange.com/ (simulated demo series)
2023-10-04,BDI,2078.08,,https://www.balticexchange.com/ (simulated demo series)
2023-10-05,BDI,2072.97,,https://www.balticexchange.com/ (simulated demo series)
2023-10-06,BDI,2018.62,,https://www.balticexchange.com/ (simulated demo series)
2023-10-09,BDI,1878.7,,https://www.balticexchange.com/ (simulated demo series)
2023-10-10,BDI,1841.44,,https://www.balticexchange.com/ (simulated demo series)
2023-10-11,BDI,1830.76,,https://www.balticexchange.com/ (simulated demo series)
2023-10-12,BDI,1786.31,,https://www.balticexchange.com/ (simulated demo series)
2023-10-13,BDI,1779.64,,https://www.balticexchange.com/ (simulated demo series)
2023-10-16,BDI,1781.93,,https://www.balticexchange.com/ (simulated demo series)
2023-10-17,BDI,1762.93,,https://www.balticexchange.com/ (simulated demo series)
2023-10-18,BDI,1794.8,,https://www.balticexchange.com/ (simulated demo series)
2023-10-19,BDI,1803.41,,https://www.balticexchange.com/ (simulated demo series)
2023-10-20,BDI,1863.01,,https://www.balticexchange.com/ (simulated demo series)
2023-10-23,BDI,1938.21,,https://www.balticexchange.com/ (simulated demo series)
2023-10-24,BDI,1925.36,,https://www.balticexchange.com/ (simulated demo series)
2023-10-25,BDI,1901.62,,https://www.balticexchange.com/ (simulated demo series)
2023-10-26,BDI,1918.38,,https://www.balticexchange.com/ (simulated demo series)
2023-10-27,BDI,1918.9,,https://www.balticexchange.com/ (simulated demo series)
2023-10-30,BDI,1999.95,,https://www.balticexchange.com/ (simulated demo series)
2023-10-31,BDI,1976.0,,https://www.balticexchange.com/ (simulated demo series)
2023-11-01,BDI,2014.1,,https://www.balticexchange.com/ (simulated demo series)
2023-11-02,BDI,2030.11,,https://www.balticexchange.com/ (simulated demo series)
2023-11-03,BDI,2073.9,,https://www.balticexchange.com/ (simulated demo series)
2023-11-06,BDI,2168.96,,https://www.balticexchange.com/ (simulated demo series)
2023-11-07,BDI,2224.47,,https://www.balticexchange.com/ (simulated demo series)
2023-11-08,BDI,2211.97,,https://www.balticexchange.com/ (simulated demo series)
2023-11-09,BDI,2148.72,,https://www.balticexchange.com/ (simulated demo series)
2023-11-10,BDI,2164.99,,https://www.balticexchange.com/ (simulated demo series)
2023-11-13,BDI,2084.88,,https://www.balticexchange.com/ (simulated demo series)
2023-11-14,BDI,2149.58,,https://www.balticexchange.com/ (simulated demo series)
2023-11-15,BDI,2138.59,,https://www.balticexchange.com/ (simulated demo series)
2023-11-16,BDI,2083.68,,https://www.balticexchange.com/ (simulated demo series)
2023-11-17,BDI,1967.57,,https://www.balticexchange.com/ (simulated demo series)
2023-11-20,BDI,1831.44,,https://www.balticexchange.com/ (simulated demo series)
2023-11-21,BDI,1882.25,,https://www.balticexchange.com/ (simulated demo series)
2023-11-22,BDI,1876.45,,https://www.balticexchange.com/ (simulated demo series)
2023-11-23,BDI,1919.89,,https://www.balticexchange.com/ (simulated demo series)
2023-11-24,BDI,2002.42,,https://www.balticexchange.com/ (simulated demo series)
2023-11-27,BDI,2054.38,,https://www.balticexchange.com/ (simulated demo series)
2023-11-28,BDI,2097.38,,https://www.balticexchange.com/ (simulated demo series)
2023-11-29,BDI,2132.6,,https://www.balticexchange.com/ (simulated demo series)
2023-11-30,BDI,2138.93,,https://www.balticexchange.com/ (simulated demo series)
2023-12-01,BDI,2096.82,,https://www.balticexchange.com/ (simulated demo series)
2023-12-04,BDI,2182.85,,https://www.balticexchange.com/ (simulated demo series)
2023-12-05,BDI,2121.19,,https://www.balticexchange.com/ (simulated demo series)
2023-12-06,BDI,2119.97,,https://www.balticexchange.com/ (simulated demo series)
2023-12-07,BDI,2149.17,,https://www.balticexchange.com/ (simulated demo series)
2023-12-08,BDI,2140.62,,https://www.balticexchange.com/ (simulated demo series)
2023-12-11,BDI,2174.29,,https://www.balticexchange.com/ (simulated demo series)
2023-12-12,BDI,2137.12,,https://www.balticexchange.com/ (simulated demo series)
2023-12-13,BDI,2129.29,,https://www.balticexchange.com/ (simulated demo series)
2023-12-14,BDI,2128.9,,https://www.balticexchange.com/ (simulated demo series)
2023-12-15,BDI,2243.4,,https://www.balticexchange.com/ (simulated demo series)
2023-12-18,BDI,2193.52,,https://www.balticexchange.com/ (simulated demo series)
2023-12-19,BDI,2263.05,,https://www.balticexchange.com/ (simulated demo series)
2023-12-20,BDI,2203.87,,https://www.balticexchange.com/ (simulated demo series)
2023-12-21,BDI,2221.49,,https://www.balticexchange.com/ (simulated demo series)
2023-12-22,BDI,2167.06,,https://www.balticexchange.com/ (simulated demo series)
2023-12-25,BDI,2013.9,,https://www.balticexchange.com/ (simulated demo series)
2023-12-26,BDI,2064.53,,https://www.balticexchange.com/ (simulated demo series)
2023-12-27,BDI,2034.62,,https://www.balticexchange.com/ (simulated demo series)
2023-12-28,BDI,2104.3,,https://www.balticexchange.com/ (simulated demo series)
2023-12-29,BDI,2129.45,,https://www.balticexchange.com/ (simulated demo series)
2024-01-01,BDI,2117.68,,https://www.balticexchange.com/ (simulated demo series)
2024-01-02,BDI,2125.6,,https://www.balticexchange.com/ (simulated demo series)
2024-01-03,BDI,2137.15,,https://www.balticexchange.com/ (simulated demo series)
2024-01-04,BDI,2187.27,,https://www.balticexchange.com/ (simulated demo series)
2024-01-05,BDI,2131.97,,https://www.balticexchange.com/ (simulated demo series)
2024-01-08,BDI,2160.05,,https://www.balticexchange.com/ (simulated demo series)
2024-01-09,BDI,2200.37,,https://www.balticexchange.com/ (simulated demo series)
2024-01-10,BDI,2231.76,,https://www.balticexchange.com/ (simulated demo series)
2024-01-11,BDI,2231.05,,https://www.balticexchange.com/ (simulated demo series)
2024-01-12,BDI,2230.18,,https://www.balticexchange.com/ (simulated demo series)
2024-01-15,BDI,2209.36,,https://www.balticexchange.com/ (simulated demo series)
2024-01-16,BDI,2217.95,,https://www.balticexchange.com/ (simulated demo series)
2024-01-17,BDI,2185.79,,https://www.balticexchange.com/ (simulated demo series)
2024-01-18,BDI,2191.41,,https://www.balticexchange.com/ (simulated demo series)
2024-01-19,BDI,2152.34,,https://www.balticexchange.com/ (simulated demo series)
2024-01-22,BDI,2229.11,,https://www.balticexchange.com/ (simulated demo series)
2024-01-23,BDI,2279.93,,https://www.balticexchange.com/ (simulated demo series)
2024-01-24,BDI,2388.63,,https://www.balticexchange.com/ (simulated demo series)
2024-01-25,BDI,2377.67,,https://www.balticexchange.com/ (simulated demo series)
2024-01-26,BDI,2435.18,,https://www.balticexchange.com/ (simulated demo series)
2024-01-29,BDI,2234.73,,https://www.balticexchange.com/ (simulated demo series)
2024-01-30,BDI,2275.79,,https://www.balticexchange.com/ (simulated demo series)
2024-01-31,BDI,2213.4,,https://www.balticexchange.com/ (simulated demo series)
2024-02-01,BDI,2190.17,,https://www.balticexchange.com/ (simulated demo series)
2024-02-02,BDI,2145.99,,https://www.balticexchange.com/ (simulated demo series)
2024-02-05,BDI,2081.32,,https://www.balticexchange.com/ (simulated demo series)
2024-02-06,BDI,2003.54,,https://www.balticexchange.com/ (simulated demo series)
2024-02-07,BDI,1995.05,,https://www.balticexchange.com/ (simulated demo series)
2024-02-08,BDI,1969.7,,https://www.balticexchange.com/ (simulated demo series)
2024-02-09,BDI,1997.12,,https://www.balticexchange.com/ (simulated demo series)
2024-02-12,BDI,1946.61,,https://www.balticexchange.com/ (simulated demo series)
2024-02-13,BDI,2009.78,,https://www.balticexchange.com/ (simulated demo series)
2024-02-14,BDI,2028.72,,https://www.balticexchange.com/ (simulated demo series)
2024-02-15,BDI,2040.91,,https://www.balticexchange.com/ (simulated demo series)
2024-02-16,BDI,2083.4,,https://www.balticexchange.com/ (simulated demo series)
2024-02-19,BDI,2063.59,,https://www.balticexchange.com/ (simulated demo series)
2024-02-20,BDI,1969.18,,https://www.balticexchange.com/ (simulated demo series)
2024-02-21,BDI,1904.47,,https://www.balticexchange.com/ (simulated demo series)
2024-02-22,BDI,1845.39,,https://www.balticexchange.com/ (simulated demo series)
2024-02-23,BDI,1909.26,,https://www.balticexchange.com/ (simulated demo series)
2024-02-26,BDI,1956.38,,https://www.balticexchange.com/ (simulated demo series)
2024-02-27,BDI,2003.64,,https://www.balticexchange.com/ (simulated demo series)
2024-02-28,BDI,2039.33,,https://www.balticexchange.com/ (simulated demo series)
2024-02-29,BDI,2016.15,,https://www.balticexchange.com/ (simulated demo series)
2024-03-01,BDI,1970.57,,https://www.balticexchange.com/ (simulated demo series)
2024-03-04,BDI,2052.96,,https://www.balticexchange.com/ (simulated demo series)
2024-03-05,BDI,2045.92,,https://www.balticexchange.com/ (simulated demo series)
2024-03-06,BDI,2047.83,,https://www.balticexchange.com/ (simulated demo series)
2024-03-07,BDI,1990.97,,https://www.balticexchange.com/ (simulated demo series)
2024-03-08,BDI,2022.28,,https://www.balticexchange.com/ (simulated demo series)
2024-03-11,BDI,2011.61,,https://www.balticexchange.com/ (simulated demo series)
2024-03-12,BDI,1967.1,,https://www.balticexchange.com/ (simulated demo series)
2024-03-13,BDI,1969.24,,https://www.balticexchange.com/ (simulated demo series)
2024-03-14,BDI,2005.49,,https://www.balticexchange.com/ (simulated demo series)
2024-03-15,BDI,2014.25,,https://www.balticexchange.com/ (simulated demo series)
2024-03-18,BDI,2026.04,,https://www.balticexchange.com/ (simulated demo series)
2024-03-19,BDI,2047.4,,https://www.balticexchange.com/ (simulated demo series)
2024-03-20,BDI,2038.54,,https://www.balticexchange.com/ (simulated demo series)
2024-03-21,BDI,2072.93,,https://www.balticexchange.com/ (simulated demo series)
2024-03-22,BDI,2118.65,,https://www.balticexchange.com/ (simulated demo series)
2024-03-25,BDI,2026.08,,https://www.balticexchange.com/ (simulated demo series)
2024-03-26,BDI,2047.54,,https://www.balticexchange.com/ (simulated demo series)
2024-03-27,BDI,2031.49,,https://www.balticexchange.com/ (simulated demo series)
2024-03-28,BDI,1934.28,,https://www.balticexchange.com/ (simulated demo series)
2024-03-29,BDI,1854.29,,https://www.balticexchange.com/ (simulated demo series)
2024-04-01,BDI,1793.31,,https://www.balticexchange.com/ (simulated demo series)
2024-04-02,BDI,1816.34,,https://www.balticexchange.com/ (simulated demo series)
2024-04-03,BDI,1820.53,,https://www.balticexchange.com/ (simulated demo series)
2024-04-04,BDI,1845.87,,https://www.balticexchange.com/ (simulated demo series)
2024-04-05,BDI,1921.56,,https://www.balticexchange.com/ (simulated demo series)
2024-04-08,BDI,1862.5,,https://www.balticexchange.com/ (simulated demo series)
2024-04-09,BDI,1828.93,,https://www.balticexchange.com/ (simulated demo series)
2024-04-10,BDI,1843.66,,https://www.balticexchange.com/ (simulated demo series)
2024-04-11,BDI,1834.67,,https://www.balticexchange.com/ (simulated demo series)
2024-04-12,BDI,1816.89,,https://www.balticexchange.com/ (simulated demo series)
2024-04-15,BDI,1904.72,,https://www.balticexchange.com/ (simulated demo series)
2024-04-16,BDI,1949.99,,https://www.balticexchange.com/ (simulated demo series)
2024-04-17,BDI,1887.48,,https://www.balticexchange.com/ (simulated demo series)
2024-04-18,BDI,1913.23,,https://www.balticexchange.com/ (simulated demo series)
2024-04-19,BDI,1968.59,,https://www.balticexchange.com/ (simulated demo series)
2024-04-22,BDI,1989.08,,https://www.balticexchange.com/ (simulated demo series)
2024-04-23,BDI,1995.65,,https://www.balticexchange.com/ (simulated demo series)
2024-04-24,BDI,1933.76,,https://www.balticexchange.com/ (simulated demo series)
2024-04-25,BDI,1982.62,,https://www.balticexchange.com/ (simulated demo series)
2024-04-26,BDI,2020.59,,https://www.balticexchange.com/ (simulated demo series)
2024-04-29,BDI,2031.03,,https://www.balticexchange.com/ (simulated demo series)
2024-04-30,BDI,2001.0,,https://www.balticexchange.com/ (simulated demo series)
2024-05-01,BDI,2053.81,,https://www.balticexchange.com/ (simulated demo series)
2024-05-02,BDI,2038.97,,https://www.balticexchange.com/ (simulated demo series)
2024-05-03,BDI,2113.72,,https://www.balticexchange.com/ (simulated demo series)
2024-05-06,BDI,2224.28,,https://www.balticexchange.com/ (simulated demo series)
2024-05-07,BDI,2168.58,,https://www.balticexchange.com/ (simulated demo series)
2024-05-08,BDI,2146.73,,https://www.balticexchange.com/ (simulated demo series)
2024-05-09,BDI,2198.95,,https://www.balticexchange.com/ (simulated demo series)
2024-05-10,BDI,2268.98,,https://www.balticexchange.com/ (simulated demo series)
2024-05-13,BDI,2275.13,,https://www.balticexchange.com/ (simulated demo series)
2024-05-14,BDI,2217.92,,https://www.balticexchange.com/ (simulated demo series)
2024-05-15,BDI,2191.78,,https://www.balticexchange.com/ (simulated demo series)
2024-05-16,BDI,2186.77,,https://www.balticexchange.com/ (simulated demo series)
2024-05-17,BDI,2233.35,,https://www.balticexchange.com/ (simulated demo series)
2024-05-20,BDI,2035.5,,https://www.balticexchange.com/ (simulated demo series)
2024-05-21,BDI,2036.34,,https://www.balticexchange.com/ (simulated demo series)
2024-05-22,BDI,2072.08,,https://www.balticexchange.com/ (simulated demo series)
2024-05-23,BDI,2053.37,,https://www.balticexchange.com/ (simulated demo series)
2024-05-24,BDI,2029.81,,https://www.balticexchange.com/ (simulated demo series)
2024-05-27,BDI,2024.63,,https://www.balticexchange.com/ (simulated demo series)
2024-05-28,BDI,1905.87,,https://www.balticexchange.com/ (simulated demo series)
2024-05-29,BDI,1869.79,,https://www.balticexchange.com/ (simulated demo series)
2024-05-30,BDI,1881.53,,https://www.balticexchange.com/ (simulated demo series)
2024-05-31,BDI,1794.15,,https://www.balticexchange.com/ (simulated demo series)
2024-06-03,BDI,1748.58,,https://www.balticexchange.com/ (simulated demo series)
2024-06-04,BDI,1773.27,,https://www.balticexchange.com/ (simulated demo series)
2024-06-05,BDI,1837.71,,https://www.balticexchange.com/ (simulated demo series)
2024-06-06,BDI,1841.73,,https://www.balticexchange.com/ (simulated demo series)
2024-06-07,BDI,1926.02,,https://www.balticexchange.com/ (simulated demo series)
2024-06-10,BDI,1906.17,,https://www.balticexchange.com/ (simulated demo series)
2024-06-11,BDI,1891.39,,https://www.balticexchange.com/ (simulated demo series)
2024-06-12,BDI,1798.94,,https://www.balticexchange.com/ (simulated demo series)
2024-06-13,BDI,1814.05,,https://www.balticexchange.com/ (simulated demo series)
2024-06-14,BDI,1774.04,,https://www.balticexchange.com/ (simulated demo series)
2024-06-17,BDI,1678.57,,https://www.balticexchange.com/ (simulated demo series)
2024-06-18,BDI,1648.46,,https://www.balticexchange.com/ (simulated demo series)
2024-06-19,BDI,1679.31,,https://www.balticexchange.com/ (simulated demo series)
2024-06-20,BDI,1648.7,,https://www.balticexchange.com/ (simulated demo series)
2024-06-21,BDI,1647.93,,https://www.balticexchange.com/ (simulated demo series)
2024-06-24,BDI,1661.75,,https://www.balticexchange.com/ (simulated demo series)
2024-06-25,BDI,1709.31,,https://www.balticexchange.com/ (simulated demo series)
2024-06-26,BDI,1708.51,,https://www.balticexchange.com/ (simulated demo series)
2024-06-27,BDI,1714.08,,https://www.balticexchange.com/ (simulated demo series)
2024-06-28,BDI,1701.65,,https://www.balticexchange.com/ (simulated demo series)
2024-07-01,BDI,1667.52,,https://www.balticexchange.com/ (simulated demo series)
2024-07-02,BDI,1704.77,,https://www.balticexchange.com/ (simulated demo series)
2024-07-03,BDI,1708.26,,https://www.balticexchange.com/ (simulated demo series)
2024-07-04,BDI,1687.34,,https://www.balticexchange.com/ (simulated demo series)
2024-07-05,BDI,1691.56,,https://www.balticexchange.com/ (simulated demo series)
2024-07-08,BDI,1624.24,,https://www.balticexchange.com/ (simulated demo series)
2024-07-09,BDI,1605.09,,https://www.balticexchange.com/ (simulated demo series)
2024-07-10,BDI,1607.21,,https://www.balticexchange.com/ (simulated demo series)
2024-07-11,BDI,1623.14,,https://www.balticexchange.com/ (simulated demo series)
2024-07-12,BDI,1631.44,,https://www.balticexchange.com/ (simulated demo series)
2024-07-15,BDI,1665.02,,https://www.balticexchange.com/ (simulated demo series)
2024-07-16,BDI,1634.12,,https://www.balticexchange.com/ (simulated demo series)
2024-07-17,BDI,1637.14,,https://www.balticexchange.com/ (simulated demo series)
2024-07-18,BDI,1625.51,,https://www.balticexchange.com/ (simulated demo series)
2024-07-19,BDI,1586.29,,https://www.balticexchange.com/ (simulated demo series)
2024-07-22,BDI,1464.45,,https://www.balticexchange.com/ (simulated demo series)
2024-07-23,BDI,1545.0,,https://www.balticexchange.com/ (simulated demo series)
2024-07-24,BDI,1595.78,,https://www.balticexchange.com/ (simulated demo series)
2024-07-25,BDI,1578.97,,https://www.balticexchange.com/ (simulated demo series)
2024-07-26,BDI,1575.93,,https://www.balticexchange.com/ (simulated demo series)
2024-07-29,BDI,1504.15,,https://www.balticexchange.com/ (simulated demo series)
2024-07-30,BDI,1519.33,,https://www.balticexchange.com/ (simulated demo series)
2024-07-31,BDI,1557.28,,https://www.balticexchange.com/ (simulated demo series)
2024-08-01,BDI,1541.61,,https://www.balticexchange.com/ (simulated demo series)
2024-08-02,BDI,1560.93,,https://www.balticexchange.com/ (simulated demo series)
2024-08-05,BDI,1524.89,,https://www.balticexchange.com/ (simulated demo series)
2024-08-06,BDI,1501.91,,https://www.balticexchange.com/ (simulated demo series)
2024-08-07,BDI,1466.67,,https://www.balticexchange.com/ (simulated demo series)
2024-08-08,BDI,1432.89,,https://www.balticexchange.com/ (simulated demo series)
2024-08-09,BDI,1393.31,,https://www.balticexchange.com/ (simulated demo series)
2024-08-12,BDI,1359.52,,https://www.balticexchange.com/ (simulated demo series)
2024-08-13,BDI,1352.64,,https://www.balticexchange.com/ (simulated demo series)
2024-08-14,BDI,1357.07,,https://www.balticexchange.com/ (simulated demo series)
2024-08-15,BDI,1346.03,,https://www.balticexchange.com/ (simulated demo series)
2024-08-16,BDI,1377.99,,https://www.balticexchange.com/ (simulated demo series)
2024-08-19,BDI,1346.2,,https://www.balticexchange.com/ (simulated demo series)
2024-08-20,BDI,1298.98,,https://www.balticexchange.com/ (simulated demo series)
2024-08-21,BDI,1332.14,,https://www.balticexchange.com/ (simulated demo series)
2024-08-22,BDI,1329.47,,https://www.balticexchange.com/ (simulated demo series)
2024-08-23,BDI,1344.31,,https://www.balticexchange.com/ (simulated demo series)
2024-08-26,BDI,1271.67,,https://www.balticexchange.com/ (simulated demo series)
2024-08-27,BDI,1249.36,,https://www.balticexchange.com/ (simulated demo series)
2024-08-28,BDI,1293.16,,https://www.balticexchange.com/ (simulated demo series)
2024-08-29,BDI,1317.64,,https://www.balticexchange.com/ (simulated demo series)
2024-08-30,BDI,1313.39,,https://www.balticexchange.com/ (simulated demo series)
2024-09-02,BDI,1357.98,,https://www.balticexchange.com/ (simulated demo series)
2024-09-03,BDI,1351.2,,https://www.balticexchange.com/ (simulated demo series)
2024-09-04,BDI,1413.28,,https://www.balticexchange.com/ (simulated demo series)
2024-09-05,BDI,1434.11,,https://www.balticexchange.com/ (simulated demo series)
2024-09-06,BDI,1413.25,,https://www.balticexchange.com/ (simulated demo series)
2024-09-09,BDI,1397.44,,https://www.balticexchange.com/ (simulated demo series)
2024-09-10,BDI,1415.87,,https://www.balticexchange.com/ (simulated demo series)
2024-09-11,BDI,1404.65,,https://www.balticexchange.com/ (simulated demo series)
2024-09-12,BDI,1372.43,,https://www.balticexchange.com/ (simulated demo series)
2024-09-13,BDI,1352.64,,https://www.balticexchange.com/ (simulated demo series)
2024-09-16,BDI,1404.19,,https://www.balticexchange.com/ (simulated demo series)
2024-09-17,BDI,1385.05,,https://www.balticexchange.com/ (simulated demo series)
2024-09-18,BDI,1333.03,,https://www.balticexchange.com/ (simulated demo series)
2024-09-19,BDI,1296.08,,https://www.balticexchange.com/ (simulated demo series)
2024-09-20,BDI,1331.48,,https://www.balticexchange.com/ (simulated demo series)
2024-09-23,BDI,1406.71,,https://www.balticexchange.com/ (simulated demo series)
2024-09-24,BDI,1413.58,,https://www.balticexchange.com/ (simulated demo series)
2024-09-25,BDI,1419.6,,https://www.balticexchange.com/ (simulated demo series)
2024-09-26,BDI,1383.85,,https://www.balticexchange.com/ (simulated demo series)
2024-09-27,BDI,1328.36,,https://www.balticexchange.com/ (simulated demo series)
2024-09-30,BDI,1236.77,,https://www.balticexchange.com/ (simulated demo series)
2024-10-01,BDI,1251.32,,https://www.balticexchange.com/ (simulated demo series)
2024-10-02,BDI,1245.59,,https://www.balticexchange.com/ (simulated demo series)
2024-10-03,BDI,1295.08,,https://www.balticexchange.com/ (simulated demo series)
2024-10-04,BDI,1323.25,,https://www.balticexchange.com/ (simulated demo series)
2024-10-07,BDI,1368.84,,https://www.balticexchange.com/ (simulated demo series)
2024-10-08,BDI,1308.24,,https://www.balticexchange.com/ (simulated demo series)
2024-10-09,BDI,1352.64,,https://www.balticexchange.com/ (simulated demo series)
2024-10-10,BDI,1411.19,,https://www.balticexchange.com/ (simulated demo series)
2024-10-11,BDI,1497.23,,https://www.balticexchange.com/ (simulated demo series)
2024-10-14,BDI,1527.44,,https://www.balticexchange.com/ (simulated demo series)
2024-10-15,BDI,1575.26,,https://www.balticexchange.com/ (simulated demo series)
2024-10-16,BDI,1636.07,,https://www.balticexchange.com/ (simulated demo series)
2024-10-17,BDI,1609.37,,https://www.balticexchange.com/ (simulated demo series)
2024-10-18,BDI,1571.02,,https://www.balticexchange.com/ (simulated demo series)
2024-10-21,BDI,1506.97,,https://www.balticexchange.com/ (simulated demo series)
2024-10-22,BDI,1492.8,,https://www.balticexchange.com/ (simulated demo series)
2024-10-23,BDI,1535.12,,https://www.balticexchange.com/ (simulated demo series)
2024-10-24,BDI,1471.42,,https://www.balticexchange.com/ (simulated demo series)
2024-10-25,BDI,1469.4,,https://www.balticexchange.com/ (simulated demo series)
2024-10-28,BDI,1463.19,,https://www.balticexchange.com/ (simulated demo series)
2024-10-29,BDI,1469.07,,https://www.balticexchange.com/ (simulated demo series)
2024-10-30,BDI,1442.4,,https://www.balticexchange.com/ (simulated demo series)
2024-10-31,BDI,1447.73,,https://www.balticexchange.com/ (simulated demo series)
2024-11-01,BDI,1446.67,,https://www.balticexchange.com/ (simulated demo series)
2024-11-04,BDI,1497.75,,https://www.balticexchange.com/ (simulated demo series)
2024-11-05,BDI,1514.02,,https://www.balticexchange.com/ (simulated demo series)
2024-11-06,BDI,1543.68,,https://www.balticexchange.com/ (simulated demo series)
2024-11-07,BDI,1535.81,,https://www.balticexchange.com/ (simulated demo series)
2024-11-08,BDI,1547.28,,https://www.balticexchange.com/ (simulated demo series)
2024-11-11,BDI,1603.77,,https://www.balticexchange.com/ (simulated demo series)
2024-11-12,BDI,1603.8,,https://www.balticexchange.com/ (simulated demo series)
2024-11-13,BDI,1673.99,,https://www.balticexchange.com/ (simulated demo series)
2024-11-14,BDI,1642.56,,https://www.balticexchange.com/ (simulated demo series)
2024-11-15,BDI,1626.38,,https://www.balticexchange.com/ (simulated demo series)
2024-11-18,BDI,1545.35,,https://www.balticexchange.com/ (simulated demo series)
2024-11-19,BDI,1507.61,,https://www.balticexchange.com/ (simulated demo series)
2024-11-20,BDI,1511.72,,https://www.balticexchange.com/ (simulated demo series)
2024-11-21,BDI,1556.24,,https://www.balticexchange.com/ (simulated demo series)
2024-11-22,BDI,1507.19,,https://www.balticexchange.com/ (simulated demo series)
2024-11-25,BDI,1521.1,,https://www.balticexchange.com/ (simulated demo series)
2024-11-26,BDI,1496.34,,https://www.balticexchange.com/ (simulated demo series)
2024-11-27,BDI,1474.81,,https://www.balticexchange.com/ (simulated demo series)
2024-11-28,BDI,1450.31,,https://www.balticexchange.com/ (simulated demo series)
2024-11-29,BDI,1377.72,,https://www.balticexchange.com/ (simulated demo series)
2024-12-02,BDI,1391.88,,https://www.balticexchange.com/ (simulated demo series)
2024-12-03,BDI,1365.32,,https://www.balticexchange.com/ (simulated demo series)
2024-12-04,BDI,1357.02,,https://www.balticexchange.com/ (simulated demo series)
2024-12-05,BDI,1380.82,,https://www.balticexchange.com/ (simulated demo series)
2024-12-06,BDI,1353.55,,https://www.balticexchange.com/ (simulated demo series)
2024-12-09,BDI,1395.86,,https://www.balticexchange.com/ (simulated demo series)
2024-12-10,BDI,1396.52,,https://www.balticexchange.com/ (simulated demo series)
2024-12-11,BDI,1385.38,,https://www.balticexchange.com/ (simulated demo series)
2024-12-12,BDI,1469.77,,https://www.balticexchange.com/ (simulated demo series)
2024-12-13,BDI,1462.21,,https://www.balticexchange.com/ (simulated demo series)
2024-12-16,BDI,1512.67,,https://www.balticexchange.com/ (simulated demo series)
2024-12-17,BDI,1550.98,,https://www.balticexchange.com/ (simulated demo series)
2024-12-18,BDI,1523.64,,https://www.balticexchange.com/ (simulated demo series)
2024-12-19,BDI,1511.23,,https://www.balticexchange.com/ (simulated demo series)
2024-12-20,BDI,1487.74,,https://www.balticexchange.com/ (simulated demo series)
2024-12-23,BDI,1643.19,,https://www.balticexchange.com/ (simulated demo series)
2024-12-24,BDI,1609.04,,https://www.balticexchange.com/ (simulated demo series)
2024-12-25,BDI,1605.29,,https://www.balticexchange.com/ (simulated demo series)
2024-12-26,BDI,1609.1,,https://www.balticexchange.com/ (simulated demo series)
2024-12-27,BDI,1619.81,,https://www.balticexchange.com/ (simulated demo series)
2024-12-30,BDI,1551.17,,https://www.balticexchange.com/ (simulated demo series)
2024-12-31,BDI,1558.72,,https://www.balticexchange.com/ (simulated demo series)
2025-01-01,BDI,1498.63,,https://www.balticexchange.com/ (simulated demo series)
2025-01-02,BDI,1486.51,,https://www.balticexchange.com/ (simulated demo series)
2025-01-03,BDI,1533.77,,https://www.balticexchange.com/ (simulated demo series)
2025-01-06,BDI,1537.48,,https://www.balticexchange.com/ (simulated demo series)
2025-01-07,BDI,1565.53,,https://www.balticexchange.com/ (simulated demo series)
2025-01-08,BDI,1546.8,,https://www.balticexchange.com/ (simulated demo series)
2025-01-09,BDI,1566.69,,https://www.balticexchange.com/ (simulated demo series)
2025-01-10,BDI,1518.43,,https://www.balticexchange.com/ (simulated demo series)
2025-01-13,BDI,1473.55,,https://www.balticexchange.com/ (simulated demo series)
2025-01-14,BDI,1445.82,,https://www.balticexchange.com/ (simulated demo series)
2025-01-15,BDI,1441.83,,https://www.balticexchange.com/ (simulated demo series)
2025-01-16,BDI,1430.88,,https://www.balticexchange.com/ (simulated demo series)
2025-01-17,BDI,1392.6,,https://www.balticexchange.com/ (simulated demo series)
2025-01-20,BDI,1427.03,,https://www.balticexchange.com/ (simulated demo series)
2025-01-21,BDI,1442.72,,https://www.balticexchange.com/ (simulated demo series)
2025-01-22,BDI,1479.28,,https://www.balticexchange.com/ (simulated demo series)
2025-01-23,BDI,1479.64,,https://www.balticexchange.com/ (simulated demo series)
2025-01-24,BDI,1454.59,,https://www.balticexchange.com/ (simulated demo series)
2025-01-27,BDI,1418.14,,https://www.balticexchange.com/ (simulated demo series)
2025-01-28,BDI,1431.27,,https://www.balticexchange.com/ (simulated demo series)
2025-01-29,BDI,1441.48,,https://www.balticexchange.com/ (simulated demo series)
2025-01-30,BDI,1481.13,,https://www.balticexchange.com/ (simulated demo series)
2025-01-31,BDI,1459.9,,https://www.balticexchange.com/ (simulated demo series)
2025-02-03,BDI,1504.15,,https://www.balticexchange.com/ (simulated demo series)
2025-02-04,BDI,1500.19,,https://www.balticexchange.com/ (simulated demo series)
2025-02-05,BDI,1527.99,,https://www.balticexchange.com/ (simulated demo series)
2025-02-06,BDI,1580.74,,https://www.balticexchange.com/ (simulated demo series)
2025-02-07,BDI,1580.86,,https://www.balticexchange.com/ (simulated demo series)
2025-02-10,BDI,1510.19,,https://www.balticexchange.com/ (simulated demo series)
2025-02-11,BDI,1527.6,,https://www.balticexchange.com/ (simulated demo series)
2025-02-12,BDI,1519.41,,https://www.balticexchange.com/ (simulated demo series)
2025-02-13,BDI,1529.29,,https://www.balticexchange.com/ (simulated demo series)
2025-02-14,BDI,1504.18,,https://www.balticexchange.com/ (simulated demo series)
2025-02-17,BDI,1564.63,,https://www.balticexchange.com/ (simulated demo series)
2025-02-18,BDI,1534.41,,https://www.balticexchange.com/ (simulated demo series)
2025-02-19,BDI,1534.24,,https://www.balticexchange.com/ (simulated demo series)
2025-02-20,BDI,1576.4,,https://www.balticexchange.com/ (simulated demo series)
2025-02-21,BDI,1567.65,,https://www.balticexchange.com/ (simulated demo series)
2025-02-24,BDI,1714.63,,https://www.balticexchange.com/ (simulated demo series)
2025-02-25,BDI,1699.66,,https://www.balticexchange.com/ (simulated demo series)
2025-02-26,BDI,1778.76,,https://www.balticexchange.com/ (simulated demo series)
2025-02-27,BDI,1810.12,,https://www.balticexchange.com/ (simulated demo series)
2025-02-28,BDI,1776.22,,https://www.balticexchange.com/ (simulated demo series)
2025-03-03,BDI,1617.38,,https://www.balticexchange.com/ (simulated demo series)
2025-03-04,BDI,1734.88,,https://www.balticexchange.com/ (simulated demo series)
2025-03-05,BDI,1708.14,,https://www.balticexchange.com/ (simulated demo series)
2025-03-06,BDI,1648.96,,https://www.balticexchange.com/ (simulated demo series)
2025-03-07,BDI,1615.71,,https://www.balticexchange.com/ (simulated demo series)
2025-03-10,BDI,1581.8,,https://www.balticexchange.com/ (simulated demo series)
2025-03-11,BDI,1546.57,,https://www.balticexchange.com/ (simulated demo series)
2025-03-12,BDI,1514.52,,https://www.balticexchange.com/ (simulated demo series)
2025-03-13,BDI,1567.43,,https://www.balticexchange.com/ (simulated demo series)
2025-03-14,BDI,1571.7,,https://www.balticexchange.com/ (simulated demo series)
2025-03-17,BDI,1620.96,,https://www.balticexchange.com/ (simulated demo series)
2025-03-18,BDI,1671.25,,https://www.balticexchange.com/ (simulated demo series)
2025-03-19,BDI,1694.14,,https://www.balticexchange.com/ (simulated demo series)
2025-03-20,BDI,1692.99,,https://www.balticexchange.com/ (simulated demo series)
2025-03-21,BDI,1729.35,,https://www.balticexchange.com/ (simulated demo series)
2025-03-24,BDI,1635.16,,https://www.balticexchange.com/ (simulated demo series)
2025-03-25,BDI,1648.48,,https://www.balticexchange.com/ (simulated demo series)
2025-03-26,BDI,1672.56,,https://www.balticexchange.com/ (simulated demo series)
2025-03-27,BDI,1639.2,,https://www.balticexchange.com/ (simulated demo series)
2025-03-28,BDI,1695.12,,https://www.balticexchange.com/ (simulated demo series)
2025-03-31,BDI,1775.79,,https://www.balticexchange.com/ (simulated demo series)
2025-04-01,BDI,1777.38,,https://www.balticexchange.com/ (simulated demo series)
2025-04-02,BDI,1814.33,,https://www.balticexchange.com/ (simulated demo series)
2025-04-03,BDI,1821.8,,https://www.balticexchange.com/ (simulated demo series)
2025-04-04,BDI,1844.97,,https://www.balticexchange.com/ (simulated demo series)
2025-04-07,BDI,1954.96,,https://www.balticexchange.com/ (simulated demo series)
2025-04-08,BDI,1906.9,,https://www.balticexchange.com/ (simulated demo series)
2025-04-09,BDI,1847.68,,https://www.balticexchange.com/ (simulated demo series)
2025-04-10,BDI,1767.86,,https://www.balticexchange.com/ (simulated demo series)
2025-04-11,BDI,1763.66,,https://www.balticexchange.com/ (simulated demo series)
2025-04-14,BDI,1659.82,,https://www.balticexchange.com/ (simulated demo series)
2025-04-15,BDI,1648.16,,https://www.balticexchange.com/ (simulated demo series)
2025-04-16,BDI,1660.04,,https://www.balticexchange.com/ (simulated demo series)
2025-04-17,BDI,1700.9,,https://www.balticexchange.com/ (simulated demo series)
2025-04-18,BDI,1711.14,,https://www.balticexchange.com/ (simulated demo series)
2025-04-21,BDI,1634.43,,https://www.balticexchange.com/ (simulated demo series)
2025-04-22,BDI,1580.85,,https://www.balticexchange.com/ (simulated demo series)
2025-04-23,BDI,1563.0,,https://www.balticexchange.com/ (simulated demo series)
2025-04-24,BDI,1574.77,,https://www.balticexchange.com/ (simulated demo series)
2025-04-25,BDI,1554.29,,https://www.balticexchange.com/ (simulated demo series)
2025-04-28,BDI,1546.42,,https://www.balticexchange.com/ (simulated demo series)
2025-04-29,BDI,1609.0,,https://www.balticexchange.com/ (simulated demo series)
2025-04-30,BDI,1590.55,,https://www.balticexchange.com/ (simulated demo series)
2025-05-01,BDI,1585.28,,https://www.balticexchange.com/ (simulated demo series)
2025-05-02,BDI,1588.78,,https://www.balticexchange.com/ (simulated demo series)
2025-05-05,BDI,1633.13,,https://www.balticexchange.com/ (simulated demo series)
2025-05-06,BDI,1626.03,,https://www.balticexchange.com/ (simulated demo series)
2025-05-07,BDI,1643.03,,https://www.balticexchange.com/ (simulated demo series)
2025-05-08,BDI,1640.12,,https://www.balticexchange.com/ (simulated demo series)
2025-05-09,BDI,1636.2,,https://www.balticexchange.com/ (simulated demo series)
2025-05-12,BDI,1616.28,,https://www.balticexchange.com/ (simulated demo series)
2025-05-13,BDI,1674.73,,https://www.balticexchange.com/ (simulated demo series)
2025-05-14,BDI,1713.71,,https://www.balticexchange.com/ (simulated demo series)
2025-05-15,BDI,1684.6,,https://www.balticexchange.com/ (simulated demo series)
2025-05-16,BDI,1750.47,,https://www.balticexchange.com/ (simulated demo series)
2025-05-19,BDI,1791.26,,https://www.balticexchange.com/ (simulated demo series)
2025-05-20,BDI,1751.5,,https://www.balticexchange.com/ (simulated demo series)
2025-05-21,BDI,1772.62,,https://www.balticexchange.com/ (simulated demo series)
2025-05-22,BDI,1782.73,,https://www.balticexchange.com/ (simulated demo series)
2025-05-23,BDI,1781.98,,https://www.balticexchange.com/ (simulated demo series)
2025-05-26,BDI,1819.64,,https://www.balticexchange.com/ (simulated demo series)
2025-05-27,BDI,1891.82,,https://www.balticexchange.com/ (simulated demo series)
2025-05-28,BDI,1878.02,,https://www.balticexchange.com/ (simulated demo series)
2025-05-29,BDI,1909.95,,https://www.balticexchange.com/ (simulated demo series)
2025-05-30,BDI,1940.96,,https://www.balticexchange.com/ (simulated demo series)
2025-06-02,BDI,2016.96,,https://www.balticexchange.com/ (simulated demo series)
2025-06-03,BDI,2012.26,,https://www.balticexchange.com/ (simulated demo series)
2025-06-04,BDI,2014.32,,https://www.balticexchange.com/ (simulated demo series)
2025-06-05,BDI,1931.15,,https://www.balticexchange.com/ (simulated demo series)
2025-06-06,BDI,1917.53,,https://www.balticexchange.com/ (simulated demo series)
2025-06-09,BDI,2072.36,,https://www.balticexchange.com/ (simulated demo series)
2025-06-10,BDI,2079.12,,https://www.balticexchange.com/ (simulated demo series)
2025-06-11,BDI,2131.44,,https://www.balticexchange.com/ (simulated demo series)
2025-06-12,BDI,2093.15,,https://www.balticexchange.com/ (simulated demo series)
2025-06-13,BDI,2122.88,,https://www.balticexchange.com/ (simulated demo series)
2025-06-16,BDI,2112.62,,https://www.balticexchange.com/ (simulated demo series)
2025-06-17,BDI,2119.54,,https://www.balticexchange.com/ (simulated demo series)
2025-06-18,BDI,2194.65,,https://www.balticexchange.com/ (simulated demo series)
2025-06-19,BDI,2124.77,,https://www.balticexchange.com/ (simulated demo series)
2025-06-20,BDI,2144.87,,https://www.balticexchange.com/ (simulated demo series)
2025-06-23,BDI,2248.35,,https://www.balticexchange.com/ (simulated demo series)
2025-06-24,BDI,2236.13,,https://www.balticexchange.com/ (simulated demo series)
2025-06-25,BDI,2254.54,,https://www.balticexchange.com/ (simulated demo series)
2025-06-26,BDI,2247.87,,https://www.balticexchange.com/ (simulated demo series)
2025-06-27,BDI,2291.73,,https://www.balticexchange.com/ (simulated demo series)
2025-06-30,BDI,2220.77,,https://www.balticexchange.com/ (simulated demo series)
2025-07-01,BDI,2256.33,,https://www.balticexchange.com/ (simulated demo series)
2025-07-02,BDI,2310.97,,https://www.balticexchange.com/ (simulated demo series)
2025-07-03,BDI,2273.48,,https://www.balticexchange.com/ (simulated demo series)
2025-07-04,BDI,2259.42,,https://www.balticexchange.com/ (simulated demo series)
2025-07-07,BDI,2187.3,,https://www.balticexchange.com/ (simulated demo series)
2025-07-08,BDI,2100.64,,https://www.balticexchange.com/ (simulated demo series)
2025-07-09,BDI,1979.76,,https://www.balticexchange.com/ (simulated demo series)
2025-07-10,BDI,1963.19,,https://www.balticexchange.com/ (simulated demo series)
2025-07-11,BDI,2000.34,,https://www.balticexchange.com/ (simulated demo series)
2025-07-14,BDI,1965.62,,https://www.balticexchange.com/ (simulated demo series)
2025-07-15,BDI,1902.5,,https://www.balticexchange.com/ (simulated demo series)
2025-07-16,BDI,1967.28,,https://www.balticexchange.com/ (simulated demo series)
2025-07-17,BDI,1944.61,,https://www.balticexchange.com/ (simulated demo series)
2025-07-18,BDI,2051.33,,https://www.balticexchange.com/ (simulated demo series)
2025-07-21,BDI,1945.07,,https://www.balticexchange.com/ (simulated demo series)
2025-07-22,BDI,1938.36,,https://www.balticexchange.com/ (simulated demo series)
2025-07-23,BDI,1967.26,,https://www.balticexchange.com/ (simulated demo series)
2025-07-24,BDI,1982.5,,https://www.balticexchange.com/ (simulated demo series)
2025-07-25,BDI,1934.68,,https://www.balticexchange.com/ (simulated demo series)
2025-07-28,BDI,2005.75,,https://www.balticexchange.com/ (simulated demo series)
2025-07-29,BDI,2020.84,,https://www.balticexchange.com/ (simulated demo series)
2025-07-30,BDI,1956.82,,https://www.balticexchange.com/ (simulated demo series)
2025-07-31,BDI,2017.91,,https://www.balticexchange.com/ (simulated demo series)
2025-08-01,BDI,2052.77,,https://www.balticexchange.com/ (simulated demo series)
2025-08-04,BDI,2041.08,,https://www.balticexchange.com/ (simulated demo series)
2025-08-05,BDI,2116.24,,https://www.balticexchange.com/ (simulated demo series)
2025-08-06,BDI,2143.95,,https://www.balticexchange.com/ (simulated demo series)
2025-08-07,BDI,2116.15,,https://www.balticexchange.com/ (simulated demo series)
2025-08-08,BDI,2052.63,,https://www.balticexchange.com/ (simulated demo series)
2025-08-11,BDI,2020.91,,https://www.balticexchange.com/ (simulated demo series)
2025-08-12,BDI,1980.93,,https://www.balticexchange.com/ (simulated demo series)
2025-08-13,BDI,1962.68,,https://www.balticexchange.com/ (simulated demo series)
2025-08-14,BDI,1928.69,,https://www.balticexchange.com/ (simulated demo series)
2025-08-15,BDI,1907.81,,https://www.balticexchange.com/ (simulated demo series)
2025-08-18,BDI,1827.42,,https://www.balticexchange.com/ (simulated demo series)
2025-08-19,BDI,1772.75,,https://www.balticexchange.com/ (simulated demo series)
2025-08-20,BDI,1753.18,,https://www.balticexchange.com/ (simulated demo series)
2025-08-21,BDI,1718.79,,https://www.balticexchange.com/ (simulated demo series)
2025-08-22,BDI,1745.07,,https://www.balticexchange.com/ (simulated demo series)
2025-08-25,BDI,1709.27,,https://www.balticexchange.com/ (simulated demo series)
2025-08-26,BDI,1735.86,,https://www.balticexchange.com/ (simulated demo series)
2025-08-27,BDI,1715.98,,https://www.balticexchange.com/ (simulated demo series)
2025-08-28,BDI,1643.51,,https://www.balticexchange.com/ (simulated demo series)
2025-08-29,BDI,1614.41,,https://www.balticexchange.com/ (simulated demo series)
2025-09-01,BDI,1620.57,,https://www.balticexchange.com/ (simulated demo series)
2025-09-02,BDI,1553.12,,https://www.balticexchange.com/ (simulated demo series)
2025-09-03,BDI,1562.76,,https://www.balticexchange.com/ (simulated demo series)
2025-09-04,BDI,1583.27,,https://www.balticexchange.com/ (simulated demo series)
2025-09-05,BDI,1577.37,,https://www.balticexchange.com/ (simulated demo series)
2025-09-08,BDI,1601.3,,https://www.balticexchange.com/ (simulated demo series)
2025-09-09,BDI,1596.78,,https://www.balticexchange.com/ (simulated demo series)
2025-09-10,BDI,1562.29,,https://www.balticexchange.com/ (simulated demo series)
2025-09-11,BDI,1586.78,,https://www.balticexchange.com/ (simulated demo series)
2025-09-12,BDI,1626.14,,https://www.balticexchange.com/ (simulated demo series)
2025-09-15,BDI,1615.21,,https://www.balticexchange.com/ (simulated demo series)
2025-09-16,BDI,1641.58,,https://www.balticexchange.com/ (simulated demo series)
2025-09-17,BDI,1649.52,,https://www.balticexchange.com/ (simulated demo series)
2025-09-18,BDI,1715.76,,https://www.balticexchange.com/ (simulated demo series)
2025-09-19,BDI,1770.19,,https://www.balticexchange.com/ (simulated demo series)
2025-09-22,BDI,1773.2,,https://www.balticexchange.com/ (simulated demo series)
2025-09-23,BDI,1796.15,,https://www.balticexchange.com/ (simulated demo series)
2025-09-24,BDI,1756.54,,https://www.balticexchange.com/ (simulated demo series)
2025-09-25,BDI,1745.21,,https://www.balticexchange.com/ (simulated demo series)
2025-09-26,BDI,1777.11,,https://www.balticexchange.com/ (simulated demo series)
2025-09-29,BDI,1852.3,,https://www.balticexchange.com/ (simulated demo series)
2025-09-30,BDI,1852.27,,https://www.balticexchange.com/ (simulated demo series)
2025-10-01,BDI,1867.22,,https://www.balticexchange.com/ (simulated demo series)
2025-10-02,BDI,1841.86,,https://www.balticexchange.com/ (simulated demo series)
2025-10-03,BDI,1893.03,,https://www.balticexchange.com/ (simulated demo series)
2025-10-06,BDI,1910.4,,https://www.balticexchange.com/ (simulated demo series)
2025-10-07,BDI,1893.08,,https://www.balticexchange.com/ (simulated demo series)
2025-10-08,BDI,1925.46,,https://www.balticexchange.com/ (simulated demo series)
2025-10-09,BDI,1887.85,,https://www.balticexchange.com/ (simulated demo series)
2025-10-10,BDI,1861.7,,https://www.balticexchange.com/ (simulated demo series)
2025-10-13,BDI,1797.7,,https://www.balticexchange.com/ (simulated demo series)
2025-10-14,BDI,1887.06,,https://www.balticexchange.com/ (simulated demo series)
2025-10-15,BDI,1858.78,,https://www.balticexchange.com/ (simulated demo series)
2025-10-16,BDI,1935.02,,https://www.balticexchange.com/ (simulated demo series)
2025-10-17,BDI,1908.55,,https://www.balticexchange.com/ (simulated demo series)
2025-10-20,BDI,1927.62,,https://www.balticexchange.com/ (simulated demo series)
2025-10-21,BDI,1887.61,,https://www.balticexchange.com/ (simulated demo series)
2025-10-22,BDI,1888.16,,https://www.balticexchange.com/ (simulated demo series)
2025-10-23,BDI,1920.48,,https://www.balticexchange.com/ (simulated demo series)
2025-10-24,BDI,1984.09,,https://www.balticexchange.com/ (simulated demo series)
2025-10-27,BDI,1977.25,,https://www.balticexchange.com/ (simulated demo series)
2025-10-28,BDI,1987.01,,https://www.balticexchange.com/ (simulated demo series)
2025-10-29,BDI,2065.37,,https://www.balticexchange.com/ (simulated demo series)
2025-10-30,BDI,2112.11,,https://www.balticexchange.com/ (simulated demo series)
2025-10-31,BDI,2013.89,,https://www.balticexchange.com/ (simulated demo series)
2025-11-03,BDI,1813.53,,https://www.balticexchange.com/ (simulated demo series)
2025-11-04,BDI,1785.96,,https://www.balticexchange.com/ (simulated demo series)
2025-11-05,BDI,1753.11,,https://www.balticexchange.com/ (simulated demo series)
2025-11-06,BDI,1752.3,,https://www.balticexchange.com/ (simulated demo series)
2025-11-07,BDI,1653.01,,https://www.balticexchange.com/ (simulated demo series)
2025-11-10,BDI,1630.35,,https://www.balticexchange.com/ (simulated demo series)
2025-11-11,BDI,1619.57,,https://www.balticexchange.com/ (simulated demo series)
2025-11-12,BDI,1635.82,,https://www.balticexchange.com/ (simulated demo series)
2025-11-13,BDI,1639.93,,https://www.balticexchange.com/ (simulated demo series)
2025-11-14,BDI,1704.28,,https://www.balticexchange.com/ (simulated demo series)
2025-11-17,BDI,1726.24,,https://www.balticexchange.com/ (simulated demo series)
2025-11-18,BDI,1715.24,,https://www.balticexchange.com/ (simulated demo series)
2025-11-19,BDI,1676.21,,https://www.balticexchange.com/ (simulated demo series)
2025-11-20,BDI,1684.05,,https://www.balticexchange.com/ (simulated demo series)
2025-11-21,BDI,1780.83,,https://www.balticexchange.com/ (simulated demo series)
2025-11-24,BDI,1826.02,,https://www.balticexchange.com/ (simulated demo series)
2025-11-25,BDI,1818.72,,https://www.balticexchange.com/ (simulated demo series)
2025-11-26,BDI,1841.0,,https://www.balticexchange.com/ (simulated demo series)
2025-11-27,BDI,1796.34,,https://www.balticexchange.com/ (simulated demo series)
2025-11-28,BDI,1778.03,,https://www.balticexchange.com/ (simulated demo series)
2025-12-01,BDI,1771.6,,https://www.balticexchange.com/ (simulated demo series)
2025-12-02,BDI,1692.67,,https://www.balticexchange.com/ (simulated demo series)
2025-12-03,BDI,1673.92,,https://www.balticexchange.com/ (simulated demo series)
2025-12-04,BDI,1712.08,,https://www.balticexchange.com/ (simulated demo series)
2025-12-05,BDI,1749.17,,https://www.balticexchange.com/ (simulated demo series)
2025-12-08,BDI,1850.7,,https://www.balticexchange.com/ (simulated demo series)
2025-12-09,BDI,1842.12,,https://www.balticexchange.com/ (simulated demo series)
2025-12-10,BDI,1821.48,,https://www.balticexchange.com/ (simulated demo series)
2025-12-11,BDI,1854.62,,https://www.balticexchange.com/ (simulated demo series)
2025-12-12,BDI,1888.62,,https://www.balticexchange.com/ (simulated demo series)
2025-12-15,BDI,1961.41,,https://www.balticexchange.com/ (simulated demo series)
2025-12-16,BDI,1930.22,,https://www.balticexchange.com/ (simulated demo series)
2025-12-17,BDI,1815.66,,https://www.balticexchange.com/ (simulated demo series)
2025-12-18,BDI,1778.57,,https://www.balticexchange.com/ (simulated demo series)
2025-12-19,BDI,1757.93,,https://www.balticexchange.com/ (simulated demo series)
2025-12-22,BDI,1815.75,,https://www.balticexchange.com/ (simulated demo series)
2025-12-23,BDI,1795.67,,https://www.balticexchange.com/ (simulated demo series)
2025-12-24,BDI,1749.07,,https://www.balticexchange.com/ (simulated demo series)
2025-12-25,BDI,1717.06,,https://www.balticexchange.com/ (simulated demo series)
2025-12-26,BDI,1664.43,,https://www.balticexchange.com/ (simulated demo series)
2025-12-29,BDI,1769.87,,https://www.balticexchange.com/ (simulated demo series)
2025-12-30,BDI,1769.89,,https://www.balticexchange.com/ (simulated demo series)
2025-12-31,BDI,1813.2,,https://www.balticexchange.com/ (simulated demo series)
2026-01-01,BDI,1919.78,,https://www.balticexchange.com/ (simulated demo series)
2026-01-02,BDI,2000.96,,https://www.balticexchange.com/ (simulated demo series)
2026-01-05,BDI,2182.97,,https://www.balticexchange.com/ (simulated demo series)
2026-01-06,BDI,2157.44,,https://www.balticexchange.com/ (simulated demo series)
2026-01-07,BDI,2224.89,,https://www.balticexchange.com/ (simulated demo series)
2026-01-08,BDI,2123.66,,https://www.balticexchange.com/ (simulated demo series)
2026-01-09,BDI,2191.0,,https://www.balticexchange.com/ (simulated demo series)
2026-01-12,BDI,2038.73,,https://www.balticexchange.com/ (simulated demo series)
2026-01-13,BDI,1975.52,,https://www.balticexchange.com/ (simulated demo series)
2026-01-14,BDI,1998.48,,https://www.balticexchange.com/ (simulated demo series)
2026-01-15,BDI,1915.04,,https://www.balticexchange.com/ (simulated demo series)
2026-01-16,BDI,1926.71,,https://www.balticexchange.com/ (simulated demo series)
2026-01-19,BDI,1882.63,,https://www.balticexchange.com/ (simulated demo series)
2026-01-20,BDI,1928.56,,https://www.balticexchange.com/ (simulated demo series)
2026-01-21,BDI,1939.96,,https://www.balticexchange.com/ (simulated demo series)
2026-01-22,BDI,1929.82,,https://www.balticexchange.com/ (simulated demo series)
2026-01-23,BDI,1993.69,,https://www.balticexchange.com/ (simulated demo series)
2026-01-26,BDI,1954.61,,https://www.balticexchange.com/ (simulated demo series)
2026-01-27,BDI,1899.42,,https://www.balticexchange.com/ (simulated demo series)
2026-01-28,BDI,1943.5,,https://www.balticexchange.com/ (simulated demo series)
2026-01-29,BDI,1979.47,,https://www.balticexchange.com/ (simulated demo series)
2026-01-30,BDI,1996.61,,https://www.balticexchange.com/ (simulated demo series)
2026-02-02,BDI,1862.32,,https://www.balticexchange.com/ (simulated demo series)
2026-02-03,BDI,1850.32,,https://www.balticexchange.com/ (simulated demo series)
2026-02-04,BDI,1818.45,,https://www.balticexchange.com/ (simulated demo series)
2026-02-05,BDI,1784.87,,https://www.balticexchange.com/ (simulated demo series)
2026-02-06,BDI,1881.07,,https://www.balticexchange.com/ (simulated demo series)
2026-02-09,BDI,1985.99,,https://www.balticexchange.com/ (simulated demo series)
2026-02-10,BDI,2000.98,,https://www.balticexchange.com/ (simulated demo series)
2026-02-11,BDI,2061.37,,https://www.balticexchange.com/ (simulated demo series)
2026-02-12,BDI,2038.4,,https://www.balticexchange.com/ (simulated demo series)
2026-02-13,BDI,2094.26,,https://www.balticexchange.com/ (simulated demo series)
2026-02-16,BDI,2036.5,,https://www.balticexchange.com/ (simulated demo series)
2026-02-17,BDI,2073.36,,https://www.balticexchange.com/ (simulated demo series)
2026-02-18,BDI,2043.77,,https://www.balticexchange.com/ (simulated demo series)
2026-02-19,BDI,2037.12,,https://www.balticexchange.com/ (simulated demo series)
2026-02-20,BDI,2031.38,,https://www.balticexchange.com/ (simulated demo series)
2026-02-23,BDI,2057.95,,https://www.balticexchange.com/ (simulated demo series)
2026-02-24,BDI,2104.17,,https://www.balticexchange.com/ (simulated demo series)
2026-02-25,BDI,2133.4,,https://www.balticexchange.com/ (simulated demo series)
2026-02-26,BDI,2120.21,,https://www.balticexchange.com/ (simulated demo series)
2026-02-27,BDI,2061.08,,https://www.balticexchange.com/ (simulated demo series)
2026-03-02,BDI,2088.43,,https://www.balticexchange.com/ (simulated demo series)
2026-03-03,BDI,2007.6,,https://www.balticexchange.com/ (simulated demo series)
2026-03-04,BDI,2062.98,,https://www.balticexchange.com/ (simulated demo series)
2026-03-05,BDI,2075.07,,https://www.balticexchange.com/ (simulated demo series)
2026-03-06,BDI,2130.84,,https://www.balticexchange.com/ (simulated demo series)
2026-03-09,BDI,2143.15,,https://www.balticexchange.com/ (simulated demo series)
2026-03-10,BDI,2240.41,,https://www.balticexchange.com/ (simulated demo series)
2026-03-11,BDI,2161.47,,https://www.balticexchange.com/ (simulated demo series)
2026-03-12,BDI,2184.72,,https://www.balticexchange.com/ (simulated demo series)
2026-03-13,BDI,2116.19,,https://www.balticexchange.com/ (simulated demo series)
2026-03-16,BDI,2096.03,,https://www.balticexchange.com/ (simulated demo series)
2026-03-17,BDI,2112.14,,https://www.balticexchange.com/ (simulated demo series)
2026-03-18,BDI,2146.88,,https://www.balticexchange.com/ (simulated demo series)
2026-03-19,BDI,2163.37,,https://www.balticexchange.com/ (simulated demo series)
2026-03-20,BDI,2161.83,,https://www.balticexchange.com/ (simulated demo series)
2026-03-23,BDI,2115.5,,https://www.balticexchange.com/ (simulated demo series)
2026-03-24,BDI,2078.14,,https://www.balticexchange.com/ (simulated demo series)
2026-03-25,BDI,2111.9,,https://www.balticexchange.com/ (simulated demo series)
2026-03-26,BDI,2130.28,,https://www.balticexchange.com/ (simulated demo series)
2026-03-27,BDI,2111.34,,https://www.balticexchange.com/ (simulated demo series)
2026-03-30,BDI,2151.21,,https://www.balticexchange.com/ (simulated demo series)
2026-03-31,BDI,2243.78,,https://www.balticexchange.com/ (simulated demo series)
2026-04-01,BDI,2275.06,,https://www.balticexchange.com/ (simulated demo series)
2026-04-02,BDI,2310.66,,https://www.balticexchange.com/ (simulated demo series)
2026-04-03,BDI,2350.45,,https://www.balticexchange.com/ (simulated demo series)
2026-04-06,BDI,2408.58,,https://www.balticexchange.com/ (simulated demo series)
2026-04-07,BDI,2418.2,,https://www.balticexchange.com/ (simulated demo series)
2026-04-08,BDI,2314.86,,https://www.balticexchange.com/ (simulated demo series)
2026-04-09,BDI,2330.92,,https://www.balticexchange.com/ (simulated demo series)
2026-04-10,BDI,2371.1,,https://www.balticexchange.com/ (simulated demo series)
2026-04-13,BDI,2297.95,,https://www.balticexchange.com/ (simulated demo series)
2026-04-14,BDI,2218.36,,https://www.balticexchange.com/ (simulated demo series)
2026-04-15,BDI,2276.19,,https://www.balticexchange.com/ (simulated demo series)
2026-04-16,BDI,2293.05,,https://www.balticexchange.com/ (simulated demo series)
2026-04-17,BDI,2264.55,,https://www.balticexchange.com/ (simulated demo series)
2026-04-20,BDI,2154.76,,https://www.balticexchange.com/ (simulated demo series)
2026-04-21,BDI,2175.8,,https://www.balticexchange.com/ (simulated demo series)
2026-04-22,BDI,2155.76,,https://www.balticexchange.com/ (simulated demo series)
2026-04-23,BDI,2237.06,,https://www.balticexchange.com/ (simulated demo series)
2026-04-24,BDI,2303.15,,https://www.balticexchange.com/ (simulated demo series)
2026-04-27,BDI,2249.86,,https://www.balticexchange.com/ (simulated demo series)
2026-04-28,BDI,2217.69,,https://www.balticexchange.com/ (simulated demo series)
2026-04-29,BDI,2301.33,,https://www.balticexchange.com/ (simulated demo series)
2026-04-30,BDI,2289.35,,https://www.balticexchange.com/ (simulated demo series)
2026-05-01,BDI,2374.34,,https://www.balticexchange.com/ (simulated demo series)
2026-05-04,BDI,2381.78,,https://www.balticexchange.com/ (simulated demo series)
2026-05-05,BDI,2441.22,,https://www.balticexchange.com/ (simulated demo series)
2026-05-06,BDI,2446.83,,https://www.balticexchange.com/ (simulated demo series)
2026-05-07,BDI,2486.88,,https://www.balticexchange.com/ (simulated demo series)
2026-05-08,BDI,2457.7,,https://www.balticexchange.com/ (simulated demo series)
2026-05-11,BDI,2294.76,,https://www.balticexchange.com/ (simulated demo series)
2026-05-12,BDI,2395.92,,https://www.balticexchange.com/ (simulated demo series)
2026-05-13,BDI,2402.3,,https://www.balticexchange.com/ (simulated demo series)
2026-05-14,BDI,2265.08,,https://www.balticexchange.com/ (simulated demo series)
2026-05-15,BDI,2276.75,,https://www.balticexchange.com/ (simulated demo series)
2026-05-18,BDI,2171.57,,https://www.balticexchange.com/ (simulated demo series)
2026-05-19,BDI,2209.27,,https://www.balticexchange.com/ (simulated demo series)
2026-05-20,BDI,2246.87,,https://www.balticexchange.com/ (simulated demo series)
2026-05-21,BDI,2281.66,,https://www.balticexchange.com/ (simulated demo series)
2026-05-22,BDI,2292.6,,https://www.balticexchange.com/ (simulated demo series)
2026-05-25,BDI,2290.65,,https://www.balticexchange.com/ (simulated demo series)
2026-05-26,BDI,2232.93,,https://www.balticexchange.com/ (simulated demo series)
2026-05-27,BDI,2198.07,,https://www.balticexchange.com/ (simulated demo series)
2026-05-28,BDI,2214.09,,https://www.balticexchange.com/ (simulated demo series)
2026-05-29,BDI,2213.09,,https://www.balticexchange.com/ (simulated demo series)
2026-06-01,BDI,2236.44,,https://www.balticexchange.com/ (simulated demo series)
2026-06-02,BDI,2237.72,,https://www.balticexchange.com/ (simulated demo series)
2026-06-03,BDI,2219.4,,https://www.balticexchange.com/ (simulated demo series)
2026-06-04,BDI,2201.68,,https://www.balticexchange.com/ (simulated demo series)
2026-06-05,BDI,2139.95,,https://www.balticexchange.com/ (simulated demo series)
2026-06-08,BDI,2131.72,,https://www.balticexchange.com/ (simulated demo series)
2026-06-09,BDI,2140.82,,https://www.balticexchange.com/ (simulated demo series)
2026-06-10,BDI,2147.14,,https://www.balticexchange.com/ (simulated demo series)
2026-06-11,BDI,2099.4,,https://www.balticexchange.com/ (simulated demo series)
2026-06-12,BDI,2083.5,,https://www.balticexchange.com/ (simulated demo series)
2026-06-15,BDI,2089.45,,https://www.balticexchange.com/ (simulated demo series)
2026-06-16,BDI,2202.88,,https://www.balticexchange.com/ (simulated demo series)
2026-06-17,BDI,2266.54,,https://www.balticexchange.com/ (simulated demo series)
2026-06-18,BDI,2262.91,,https://www.balticexchange.com/ (simulated demo series)
2026-06-19,BDI,2190.53,,https://www.balticexchange.com/ (simulated demo series)
2026-06-22,BDI,2288.58,,https://www.balticexchange.com/ (simulated demo series)
2026-06-23,BDI,2318.56,,https://www.balticexchange.com/ (simulated demo series)
2026-06-24,BDI,2335.5,,https://www.balticexchange.com/ (simulated demo series)
2026-06-25,BDI,2282.75,,https://www.balticexchange.com/ (simulated demo series)
2026-06-26,BDI,2334.95,,https://www.balticexchange.com/ (simulated demo series)
2026-06-29,BDI,2379.91,,https://www.balticexchange.com/ (simulated demo series)
2026-06-30,BDI,2334.71,,https://www.balticexchange.com/ (simulated demo series)
2026-07-01,BDI,2269.42,,https://www.balticexchange.com/ (simulated demo series)
2026-07-02,BDI,2277.85,,https://www.balticexchange.com/ (simulated demo series)
2026-07-03,BDI,2276.85,,https://www.balticexchange.com/ (simulated demo series)
2026-07-06,BDI,2205.41,,https://www.balticexchange.com/ (simulated demo series)
2026-07-07,BDI,2219.09,,https://www.balticexchange.com/ (simulated demo series)
2026-07-08,BDI,2259.58,,https://www.balticexchange.com/ (simulated demo series)
2026-07-09,BDI,2273.39,,https://www.balticexchange.com/ (simulated demo series)
2026-07-10,BDI,2315.64,,https://www.balticexchange.com/ (simulated demo series)
2026-07-13,BDI,2151.0,,https://www.balticexchange.com/ (simulated demo series)
2026-07-14,BDI,2104.94,,https://www.balticexchange.com/ (simulated demo series)
2026-07-15,BDI,2038.36,,https://www.balticexchange.com/ (simulated demo series)
2026-07-16,BDI,2092.49,,https://www.balticexchange.com/ (simulated demo series)
2026-07-17,BDI,2097.82,,https://www.balticexchange.com/ (simulated demo series)
2026-07-20,BDI,2070.94,,https://www.balticexchange.com/ (simulated demo series)
2026-07-21,BDI,1979.57,,https://www.balticexchange.com/ (simulated demo series)
2026-07-22,BDI,1939.74,,https://www.balticexchange.com/ (simulated demo series)
2026-07-23,BDI,1879.65,,https://www.balticexchange.com/ (simulated demo series)
2026-07-24,BDI,1877.18,,https://www.balticexchange.com/ (simulated demo series)
2026-07-27,BDI,1816.94,,https://www.balticexchange.com/ (simulated demo series)
2026-07-28,BDI,1872.95,,https://www.balticexchange.com/ (simulated demo series)
2026-07-29,BDI,1934.76,,https://www.balticexchange.com/ (simulated demo series)
2026-07-30,BDI,1880.51,,https://www.balticexchange.com/ (simulated demo series)
2026-07-31,BDI,1944.77,,https://www.balticexchange.com/ (simulated demo series)
2026-08-03,BDI,1901.57,,https://www.balticexchange.com/ (simulated demo series)
2026-08-04,BDI,1883.72,,https://www.balticexchange.com/ (simulated demo series)
2026-08-05,BDI,1820.37,,https://www.balticexchange.com/ (simulated demo series)
2026-08-06,BDI,1776.37,,https://www.balticexchange.com/ (simulated demo series)
2026-08-07,BDI,1812.68,,https://www.balticexchange.com/ (simulated demo series)
2026-08-10,BDI,1783.67,,https://www.balticexchange.com/ (simulated demo series)
2026-08-11,BDI,1789.19,,https://www.balticexchange.com/ (simulated demo series)
2026-08-12,BDI,1849.65,,https://www.balticexchange.com/ (simulated demo series)
2026-08-13,BDI,1817.94,,https://www.balticexchange.com/ (simulated demo series)
2026-08-14,BDI,1762.9,,https://www.balticexchange.com/ (simulated demo series)
2026-08-17,BDI,1693.48,,https://www.balticexchange.com/ (simulated demo series)
2026-08-18,BDI,1708.14,,https://www.balticexchange.com/ (simulated demo series)
2026-08-19,BDI,1704.53,,https://www.balticexchange.com/ (simulated demo series)
2026-08-20,BDI,1725.93,,https://www.balticexchange.com/ (simulated demo series)
2026-08-21,BDI,1686.39,,https://www.balticexchange.com/ (simulated demo series)
2026-08-24,BDI,1740.17,,https://www.balticexchange.com/ (simulated demo series)
2026-08-25,BDI,1688.68,,https://www.balticexchange.com/ (simulated demo series)
2026-08-26,BDI,1675.72,,https://www.balticexchange.com/ (simulated demo series)
2026-08-27,BDI,1727.39,,https://www.balticexchange.com/ (simulated demo series)
2026-08-28,BDI,1820.46,,https://www.balticexchange.com/ (simulated demo series)
2026-08-31,BDI,1846.67,,https://www.balticexchange.com/ (simulated demo series)
2026-09-01,BDI,1831.0,,https://www.balticexchange.com/ (simulated demo series)
2026-09-02,BDI,1794.38,,https://www.balticexchange.com/ (simulated demo series)
2026-09-03,BDI,1796.9,,https://www.balticexchange.com/ (simulated demo series)
2026-09-04,BDI,1825.76,,https://www.balticexchange.com/ (simulated demo series)
2026-09-07,BDI,1874.28,,https://www.balticexchange.com/ (simulated demo series)
2026-09-08,BDI,1795.02,,https://www.balticexchange.com/ (simulated demo series)
2026-09-09,BDI,1757.67,,https://www.balticexchange.com/ (simulated demo series)
2026-09-10,BDI,1803.55,,https://www.balticexchange.com/ (simulated demo series)
2026-09-11,BDI,1751.23,,https://www.balticexchange.com/ (simulated demo series)
2026-09-14,BDI,1760.0,,https://www.balticexchange.com/ (simulated demo series)
2026-09-15,BDI,1772.3,,https://www.balticexchange.com/ (simulated demo series)
2019-01-01,BCI,2221.62,18417.21,https://www.balticexchange.com/ (simulated demo series)
2019-01-02,BCI,2318.35,19219.16,https://www.balticexchange.com/ (simulated demo series)
2019-01-03,BCI,2271.16,18827.96,https://www.balticexchange.com/ (simulated demo series)
2019-01-04,BCI,2275.68,18865.38,https://www.balticexchange.com/ (simulated demo series)
2019-01-07,BCI,2136.1,17708.26,https://www.balticexchange.com/ (simulated demo series)
2019-01-08,BCI,2198.84,18228.36,https://www.balticexchange.com/ (simulated demo series)
2019-01-09,BCI,2322.28,19251.69,https://www.balticexchange.com/ (simulated demo series)
2019-01-10,BCI,2168.36,17975.72,https://www.balticexchange.com/ (simulated demo series)
2019-01-11,BCI,2376.43,19700.62,https://www.balticexchange.com/ (simulated demo series)
2019-01-14,BCI,2180.4,18075.48,https://www.balticexchange.com/ (simulated demo series)
2019-01-15,BCI,2050.33,16997.2,https://www.balticexchange.com/ (simulated demo series)
2019-01-16,BCI,2108.55,17479.9,https://www.balticexchange.com/ (simulated demo series)
2019-01-17,BCI,2070.79,17166.85,https://www.balticexchange.com/ (simulated demo series)
2019-01-18,BCI,1972.5,16352.01,https://www.balticexchange.com/ (simulated demo series)
2019-01-21,BCI,1927.59,15979.75,https://www.balticexchange.com/ (simulated demo series)
2019-01-22,BCI,1915.92,15883.02,https://www.balticexchange.com/ (simulated demo series)
2019-01-23,BCI,2011.03,16671.45,https://www.balticexchange.com/ (simulated demo series)
2019-01-24,BCI,1975.2,16374.41,https://www.balticexchange.com/ (simulated demo series)
2019-01-25,BCI,1997.0,16555.16,https://www.balticexchange.com/ (simulated demo series)
2019-01-28,BCI,1909.06,15826.13,https://www.balticexchange.com/ (simulated demo series)
2019-01-29,BCI,1893.69,15698.7,https://www.balticexchange.com/ (simulated demo series)
2019-01-30,BCI,1865.51,15465.04,https://www.balticexchange.com/ (simulated demo series)
2019-01-31,BCI,1919.96,15916.48,https://www.balticexchange.com/ (simulated demo series)
2019-02-01,BCI,1933.37,16027.66,https://www.balticexchange.com/ (simulated demo series)
2019-02-04,BCI,1967.45,16310.19,https://www.balticexchange.com/ (simulated demo series)
2019-02-05,BCI,1974.23,16366.37,https://www.balticexchange.com/ (simulated demo series)
2019-02-06,BCI,1947.72,16146.59,https://www.balticexchange.com/ (simulated demo series)
2019-02-07,BCI,1985.94,16463.42,https://www.balticexchange.com/ (simulated demo series)
2019-02-08,BCI,1846.23,15305.21,https://www.balticexchange.com/ (simulated demo series)
2019-02-11,BCI,1742.64,14446.49,https://www.balticexchange.com/ (simulated demo series)
2019-02-12,BCI,1854.91,15377.21,https://www.balticexchange.com/ (simulated demo series)
2019-02-13,BCI,1830.95,15178.6,https://www.balticexchange.com/ (simulated demo series)
2019-02-14,BCI,1800.25,14924.11,https://www.balticexchange.com/ (simulated demo series)
2019-02-15,BCI,1876.78,15558.46,https://www.balticexchange.com/ (simulated demo series)
2019-02-18,BCI,1815.86,15053.47,https://www.balticexchange.com/ (simulated demo series)
2019-02-19,BCI,1822.75,15110.62,https://www.balticexchange.com/ (simulated demo series)
2019-02-20,BCI,1948.02,16149.06,https://www.balticexchange.com/ (simulated demo series)
2019-02-21,BCI,1918.52,15904.53,https://www.balticexchange.com/ (simulated demo series)
2019-02-22,BCI,1865.39,15464.05,https://www.balticexchange.com/ (simulated demo series)
2019-02-25,BCI,1930.41,16003.1,https://www.balticexchange.com/ (simulated demo series)
2019-02-26,BCI,1910.84,15840.88,https://www.balticexchange.com/ (simulated demo series)
2019-02-27,BCI,2005.5,16625.63,https://www.balticexchange.com/ (simulated demo series)
2019-02-28,BCI,1977.3,16391.83,https://www.balticexchange.com/ (simulated demo series)
2019-03-01,BCI,2040.33,16914.33,https://www.balticexchange.com/ (simulated demo series)
2019-03-04,BCI,2071.61,17173.68,https://www.balticexchange.com/ (simulated demo series)
2019-03-05,BCI,2055.42,17039.47,https://www.balticexchange.com/ (simulated demo series)
2019-03-06,BCI,1943.44,16111.13,https://www.balticexchange.com/ (simulated demo series)
2019-03-07,BCI,1914.78,15873.49,https://www.balticexchange.com/ (simulated demo series)
2019-03-08,BCI,1961.33,16259.45,https://www.balticexchange.com/ (simulated demo series)
2019-03-11,BCI,1816.28,15056.94,https://www.balticexchange.com/ (simulated demo series)
2019-03-12,BCI,1813.58,15034.57,https://www.balticexchange.com/ (simulated demo series)
2019-03-13,BCI,1812.52,15025.82,https://www.balticexchange.com/ (simulated demo series)
2019-03-14,BCI,1878.89,15575.98,https://www.balticexchange.com/ (simulated demo series)
2019-03-15,BCI,1952.4,16185.43,https://www.balticexchange.com/ (simulated demo series)
2019-03-18,BCI,1969.44,16326.63,https://www.balticexchange.com/ (simulated demo series)
2019-03-19,BCI,2019.07,16738.07,https://www.balticexchange.com/ (simulated demo series)
2019-03-20,BCI,1931.55,16012.58,https://www.balticexchange.com/ (simulated demo series)
2019-03-21,BCI,1966.31,16300.71,https://www.balticexchange.com/ (simulated demo series)
2019-03-22,BCI,1930.65,16005.13,https://www.balticexchange.com/ (simulated demo series)
2019-03-25,BCI,2162.37,17926.06,https://www.balticexchange.com/ (simulated demo series)
2019-03-26,BCI,2172.36,18008.86,https://www.balticexchange.com/ (simulated demo series)
2019-03-27,BCI,2131.97,17674.03,https://www.balticexchange.com/ (simulated demo series)
2019-03-28,BCI,2094.11,17360.14,https://www.balticexchange.com/ (simulated demo series)
2019-03-29,BCI,2230.58,18491.48,https://www.balticexchange.com/ (simulated demo series)
2019-04-01,BCI,2475.99,20525.92,https://www.balticexchange.com/ (simulated demo series)
2019-04-02,BCI,2499.48,20720.65,https://www.balticexchange.com/ (simulated demo series)
2019-04-03,BCI,2500.86,20732.11,https://www.balticexchange.com/ (simulated demo series)
2019-04-04,BCI,2629.5,21798.54,https://www.balticexchange.com/ (simulated demo series)
2019-04-05,BCI,2558.9,21213.3,https://www.balticexchange.com/ (simulated demo series)
2019-04-08,BCI,2437.97,20210.75,https://www.balticexchange.com/ (simulated demo series)
2019-04-09,BCI,2537.21,21033.51,https://www.balticexchange.com/ (simulated demo series)
2019-04-10,BCI,2592.71,21493.55,https://www.balticexchange.com/ (simulated demo series)
2019-04-11,BCI,2558.18,21207.28,https://www.balticexchange.com/ (simulated demo series)
2019-04-12,BCI,2474.09,20510.21,https://www.balticexchange.com/ (simulated demo series)
2019-04-15,BCI,2632.75,21825.46,https://www.balticexchange.com/ (simulated demo series)
2019-04-16,BCI,2780.61,23051.24,https://www.balticexchange.com/ (simulated demo series)
2019-04-17,BCI,2886.0,23924.91,https://www.balticexchange.com/ (simulated demo series)
2019-04-18,BCI,2917.09,24182.71,https://www.balticexchange.com/ (simulated demo series)
2019-04-19,BCI,3044.11,25235.63,https://www.balticexchange.com/ (simulated demo series)
2019-04-22,BCI,3294.66,27312.73,https://www.balticexchange.com/ (simulated demo series)
2019-04-23,BCI,3315.1,27482.19,https://www.balticexchange.com/ (simulated demo series)
2019-04-24,BCI,3267.82,27090.22,https://www.balticexchange.com/ (simulated demo series)
2019-04-25,BCI,3177.61,26342.36,https://www.balticexchange.com/ (simulated demo series)
2019-04-26,BCI,3083.02,25558.24,https://www.balticexchange.com/ (simulated demo series)
2019-04-29,BCI,3365.46,27899.67,https://www.balticexchange.com/ (simulated demo series)
2019-04-30,BCI,3449.6,28597.2,https://www.balticexchange.com/ (simulated demo series)
2019-05-01,BCI,3472.02,28783.04,https://www.balticexchange.com/ (simulated demo series)
2019-05-02,BCI,3605.53,29889.88,https://www.balticexchange.com/ (simulated demo series)
2019-05-03,BCI,3626.99,30067.72,https://www.balticexchange.com/ (simulated demo series)
2019-05-06,BCI,3449.21,28593.95,https://www.balticexchange.com/ (simulated demo series)
2019-05-07,BCI,3369.37,27932.04,https://www.balticexchange.com/ (simulated demo series)
2019-05-08,BCI,3404.04,28219.51,https://www.balticexchange.com/ (simulated demo series)
2019-05-09,BCI,3480.08,28849.84,https://www.balticexchange.com/ (simulated demo series)
2019-05-10,BCI,3477.61,28829.41,https://www.balticexchange.com/ (simulated demo series)
2019-05-13,BCI,3110.02,25782.1,https://www.balticexchange.com/ (simulated demo series)
2019-05-14,BCI,3149.91,26112.74,https://www.balticexchange.com/ (simulated demo series)
2019-05-15,BCI,3134.74,25987.03,https://www.balticexchange.com/ (simulated demo series)
2019-05-16,BCI,3127.57,25927.53,https://www.balticexchange.com/ (simulated demo series)
2019-05-17,BCI,3194.74,26484.36,https://www.balticexchange.com/ (simulated demo series)
2019-05-20,BCI,3225.65,26740.63,https://www.balticexchange.com/ (simulated demo series)
2019-05-21,BCI,3188.64,26433.79,https://www.balticexchange.com/ (simulated demo series)
2019-05-22,BCI,3091.42,25627.85,https://www.balticexchange.com/ (simulated demo series)
2019-05-23,BCI,3050.84,25291.48,https://www.balticexchange.com/ (simulated demo series)
2019-05-24,BCI,2962.99,24563.19,https://www.balticexchange.com/ (simulated demo series)
2019-05-27,BCI,2925.85,24255.29,https://www.balticexchange.com/ (simulated demo series)
2019-05-28,BCI,3035.6,25165.12,https://www.balticexchange.com/ (simulated demo series)
2019-05-29,BCI,3014.65,24991.44,https://www.balticexchange.com/ (simulated demo series)
2019-05-30,BCI,2942.22,24391.03,https://www.balticexchange.com/ (simulated demo series)
2019-05-31,BCI,2964.5,24575.73,https://www.balticexchange.com/ (simulated demo series)
2019-06-03,BCI,2918.07,24190.8,https://www.balticexchange.com/ (simulated demo series)
2019-06-04,BCI,2918.08,24190.87,https://www.balticexchange.com/ (simulated demo series)
2019-06-05,BCI,2856.98,23684.38,https://www.balticexchange.com/ (simulated demo series)
2019-06-06,BCI,2707.48,22444.97,https://www.balticexchange.com/ (simulated demo series)
2019-06-07,BCI,2656.14,22019.44,https://www.balticexchange.com/ (simulated demo series)
2019-06-10,BCI,2432.22,20163.1,https://www.balticexchange.com/ (simulated demo series)
2019-06-11,BCI,2412.87,20002.68,https://www.balticexchange.com/ (simulated demo series)
2019-06-12,BCI,2428.75,20134.37,https://www.balticexchange.com/ (simulated demo series)
2019-06-13,BCI,2586.18,21439.41,https://www.balticexchange.com/ (simulated demo series)
2019-06-14,BCI,2680.94,22225.0,https://www.balticexchange.com/ (simulated demo series)
2019-06-17,BCI,2636.76,21858.77,https://www.balticexchange.com/ (simulated demo series)
2019-06-18,BCI,2715.61,22512.39,https://www.balticexchange.com/ (simulated demo series)
2019-06-19,BCI,2736.5,22685.55,https://www.balticexchange.com/ (simulated demo series)
2019-06-20,BCI,2746.13,22765.45,https://www.balticexchange.com/ (simulated demo series)
2019-06-21,BCI,2663.21,22078.0,https://www.balticexchange.com/ (simulated demo series)
2019-06-24,BCI,2591.17,21480.78,https://www.balticexchange.com/ (simulated demo series)
2019-06-25,BCI,2550.72,21145.43,https://www.balticexchange.com/ (simulated demo series)
2019-06-26,BCI,2547.27,21116.84,https://www.balticexchange.com/ (simulated demo series)
2019-06-27,BCI,2583.87,21420.3,https://www.balticexchange.com/ (simulated demo series)
2019-06-28,BCI,2777.8,23027.99,https://www.balticexchange.com/ (simulated demo series)
2019-07-01,BCI,2637.66,21866.2,https://www.balticexchange.com/ (simulated demo series)
2019-07-02,BCI,2694.67,22338.85,https://www.balticexchange.com/ (simulated demo series)
2019-07-03,BCI,2648.65,21957.33,https://www.balticexchange.com/ (simulated demo series)
2019-07-04,BCI,2583.09,21413.85,https://www.balticexchange.com/ (simulated demo series)
2019-07-05,BCI,2584.51,21425.56,https://www.balticexchange.com/ (simulated demo series)
2019-07-08,BCI,2508.06,20791.78,https://www.balticexchange.com/ (simulated demo series)
2019-07-09,BCI,2530.92,20981.32,https://www.balticexchange.com/ (simulated demo series)
2019-07-10,BCI,2547.2,21116.32,https://www.balticexchange.com/ (simulated demo series)
2019-07-11,BCI,2561.77,21237.03,https://www.balticexchange.com/ (simulated demo series)
2019-07-12,BCI,2564.62,21260.67,https://www.balticexchange.com/ (simulated demo series)
2019-07-15,BCI,2595.41,21515.91,https://www.balticexchange.com/ (simulated demo series)
2019-07-16,BCI,2609.23,21630.54,https://www.balticexchange.com/ (simulated demo series)
2019-07-17,BCI,2686.21,22268.7,https://www.balticexchange.com/ (simulated demo series)
2019-07-18,BCI,2713.15,22491.98,https://www.balticexchange.com/ (simulated demo series)
2019-07-19,BCI,2650.4,21971.81,https://www.balticexchange.com/ (simulated demo series)
2019-07-22,BCI,2585.99,21437.84,https://www.balticexchange.com/ (simulated demo series)
2019-07-23,BCI,2639.47,21881.23,https://www.balticexchange.com/ (simulated demo series)
2019-07-24,BCI,2736.8,22688.11,https://www.balticexchange.com/ (simulated demo series)
2019-07-25,BCI,2745.84,22763.05,https://www.balticexchange.com/ (simulated demo series)
2019-07-26,BCI,2781.28,23056.8,https://www.balticexchange.com/ (simulated demo series)
2019-07-29,BCI,2827.21,23437.61,https://www.balticexchange.com/ (simulated demo series)
2019-07-30,BCI,2752.68,22819.69,https://www.balticexchange.com/ (simulated demo series)
2019-07-31,BCI,2808.68,23283.96,https://www.balticexchange.com/ (simulated demo series)
2019-08-01,BCI,2806.11,23262.69,https://www.balticexchange.com/ (simulated demo series)
2019-08-02,BCI,2815.65,23341.73,https://www.balticexchange.com/ (simulated demo series)
2019-08-05,BCI,2868.06,23776.21,https://www.balticexchange.com/ (simulated demo series)
2019-08-06,BCI,2911.01,24132.3,https://www.balticexchange.com/ (simulated demo series)
2019-08-07,BCI,2963.23,24565.14,https://www.balticexchange.com/ (simulated demo series)
2019-08-08,BCI,2937.83,24354.63,https://www.balticexchange.com/ (simulated demo series)
2019-08-09,BCI,2903.26,24068.0,https://www.balticexchange.com/ (simulated demo series)
2019-08-12,BCI,2938.6,24360.97,https://www.balticexchange.com/ (simulated demo series)
2019-08-13,BCI,2962.9,24562.47,https://www.balticexchange.com/ (simulated demo series)
2019-08-14,BCI,3011.57,24965.89,https://www.balticexchange.com/ (simulated demo series)
2019-08-15,BCI,2925.38,24251.44,https://www.balticexchange.com/ (simulated demo series)
2019-08-16,BCI,2629.96,21802.41,https://www.balticexchange.com/ (simulated demo series)
2019-08-19,BCI,2682.56,22238.4,https://www.balticexchange.com/ (simulated demo series)
2019-08-20,BCI,2611.79,21651.73,https://www.balticexchange.com/ (simulated demo series)
2019-08-21,BCI,2644.31,21921.37,https://www.balticexchange.com/ (simulated demo series)
2019-08-22,BCI,2582.5,21408.93,https://www.balticexchange.com/ (simulated demo series)
2019-08-23,BCI,2578.23,21373.53,https://www.balticexchange.com/ (simulated demo series)
2019-08-26,BCI,2707.51,22445.22,https://www.balticexchange.com/ (simulated demo series)
2019-08-27,BCI,2579.55,21384.51,https://www.balticexchange.com/ (simulated demo series)
2019-08-28,BCI,2657.46,22030.34,https://www.balticexchange.com/ (simulated demo series)
2019-08-29,BCI,2551.79,21154.31,https://www.balticexchange.com/ (simulated demo series)
2019-08-30,BCI,2495.17,20684.92,https://www.balticexchange.com/ (simulated demo series)
2019-09-02,BCI,2396.61,19867.87,https://www.balticexchange.com/ (simulated demo series)
2019-09-03,BCI,2389.42,19808.3,https://www.balticexchange.com/ (simulated demo series)
2019-09-04,BCI,2385.79,19778.21,https://www.balticexchange.com/ (simulated demo series)
2019-09-05,BCI,2344.81,19438.44,https://www.balticexchange.com/ (simulated demo series)
2019-09-06,BCI,2200.44,18241.65,https://www.balticexchange.com/ (simulated demo series)
2019-09-09,BCI,2126.22,17626.4,https://www.balticexchange.com/ (simulated demo series)
2019-09-10,BCI,2170.83,17996.21,https://www.balticexchange.com/ (simulated demo series)
2019-09-11,BCI,2300.99,19075.21,https://www.balticexchange.com/ (simulated demo series)
2019-09-12,BCI,2318.74,19222.39,https://www.balticexchange.com/ (simulated demo series)
2019-09-13,BCI,2293.05,19009.42,https://www.balticexchange.com/ (simulated demo series)
2019-09-16,BCI,2137.91,17723.24,https://www.balticexchange.com/ (simulated demo series)
2019-09-17,BCI,2201.64,18251.63,https://www.balticexchange.com/ (simulated demo series)
2019-09-18,BCI,2191.69,18169.09,https://www.balticexchange.com/ (simulated demo series)
2019-09-19,BCI,2059.67,17074.69,https://www.balticexchange.com/ (simulated demo series)
2019-09-20,BCI,2019.24,16739.54,https://www.balticexchange.com/ (simulated demo series)
2019-09-23,BCI,1967.54,16310.87,https://www.balticexchange.com/ (simulated demo series)
2019-09-24,BCI,2012.65,16684.88,https://www.balticexchange.com/ (simulated demo series)
2019-09-25,BCI,1915.45,15879.05,https://www.balticexchange.com/ (simulated demo series)
2019-09-26,BCI,1888.49,15655.61,https://www.balticexchange.com/ (simulated demo series)
2019-09-27,BCI,1856.76,15392.53,https://www.balticexchange.com/ (simulated demo series)
2019-09-30,BCI,1881.06,15593.95,https://www.balticexchange.com/ (simulated demo series)
2019-10-01,BCI,1806.62,14976.84,https://www.balticexchange.com/ (simulated demo series)
2019-10-02,BCI,1878.06,15569.1,https://www.balticexchange.com/ (simulated demo series)
2019-10-03,BCI,2006.32,16632.42,https://www.balticexchange.com/ (simulated demo series)
2019-10-04,BCI,1952.79,16188.61,https://www.balticexchange.com/ (simulated demo series)
2019-10-07,BCI,1893.12,15693.94,https://www.balticexchange.com/ (simulated demo series)
2019-10-08,BCI,1951.88,16181.12,https://www.balticexchange.com/ (simulated demo series)
2019-10-09,BCI,1942.84,16106.13,https://www.balticexchange.com/ (simulated demo series)
2019-10-10,BCI,1984.8,16454.02,https://www.balticexchange.com/ (simulated demo series)
2019-10-11,BCI,1991.68,16511.06,https://www.balticexchange.com/ (simulated demo series)
2019-10-14,BCI,1754.49,14544.74,https://www.balticexchange.com/ (simulated demo series)
2019-10-15,BCI,1767.71,14654.32,https://www.balticexchange.com/ (simulated demo series)
2019-10-16,BCI,1797.99,14905.34,https://www.balticexchange.com/ (simulated demo series)
2019-10-17,BCI,1758.01,14573.87,https://www.balticexchange.com/ (simulated demo series)
2019-10-18,BCI,1588.42,13168.01,https://www.balticexchange.com/ (simulated demo series)
2019-10-21,BCI,1697.19,14069.72,https://www.balticexchange.com/ (simulated demo series)
2019-10-22,BCI,1727.59,14321.7,https://www.balticexchange.com/ (simulated demo series)
2019-10-23,BCI,1649.81,13676.95,https://www.balticexchange.com/ (simulated demo series)
2019-10-24,BCI,1690.36,14013.1,https://www.balticexchange.com/ (simulated demo series)
2019-10-25,BCI,1689.37,14004.87,https://www.balticexchange.com/ (simulated demo series)
2019-10-28,BCI,1797.44,14900.79,https://www.balticexchange.com/ (simulated demo series)
2019-10-29,BCI,1733.49,14370.62,https://www.balticexchange.com/ (simulated demo series)
2019-10-30,BCI,1701.6,14106.25,https://www.balticexchange.com/ (simulated demo series)
2019-10-31,BCI,1661.1,13770.5,https://www.balticexchange.com/ (simulated demo series)
2019-11-01,BCI,1609.07,13339.23,https://www.balticexchange.com/ (simulated demo series)
2019-11-04,BCI,1539.33,12761.06,https://www.balticexchange.com/ (simulated demo series)
2019-11-05,BCI,1523.43,12629.23,https://www.balticexchange.com/ (simulated demo series)
2019-11-06,BCI,1496.93,12409.58,https://www.balticexchange.com/ (simulated demo series)
2019-11-07,BCI,1482.59,12290.67,https://www.balticexchange.com/ (simulated demo series)
2019-11-08,BCI,1390.61,11528.12,https://www.balticexchange.com/ (simulated demo series)
2019-11-11,BCI,1479.34,12263.69,https://www.balticexchange.com/ (simulated demo series)
2019-11-12,BCI,1577.21,13075.05,https://www.balticexchange.com/ (simulated demo series)
2019-11-13,BCI,1649.36,13673.2,https://www.balticexchange.com/ (simulated demo series)
2019-11-14,BCI,1617.53,13409.3,https://www.balticexchange.com/ (simulated demo series)
2019-11-15,BCI,1647.47,13657.52,https://www.balticexchange.com/ (simulated demo series)
2019-11-18,BCI,1672.34,13863.7,https://www.balticexchange.com/ (simulated demo series)
2019-11-19,BCI,1619.23,13423.41,https://www.balticexchange.com/ (simulated demo series)
2019-11-20,BCI,1657.03,13736.78,https://www.balticexchange.com/ (simulated demo series)
2019-11-21,BCI,1673.21,13870.91,https://www.balticexchange.com/ (simulated demo series)
2019-11-22,BCI,1716.83,14232.56,https://www.balticexchange.com/ (simulated demo series)
2019-11-25,BCI,1634.08,13546.49,https://www.balticexchange.com/ (simulated demo series)
2019-11-26,BCI,1641.94,13611.68,https://www.balticexchange.com/ (simulated demo series)
2019-11-27,BCI,1756.72,14563.24,https://www.balticexchange.com/ (simulated demo series)
2019-11-28,BCI,1736.97,14399.49,https://www.balticexchange.com/ (simulated demo series)
2019-11-29,BCI,1732.51,14362.48,https://www.balticexchange.com/ (simulated demo series)
2019-12-02,BCI,1820.0,15087.79,https://www.balticexchange.com/ (simulated demo series)
2019-12-03,BCI,1870.44,15505.96,https://www.balticexchange.com/ (simulated demo series)
2019-12-04,BCI,1888.29,15653.96,https://www.balticexchange.com/ (simulated demo series)
2019-12-05,BCI,1935.8,16047.75,https://www.balticexchange.com/ (simulated demo series)
2019-12-06,BCI,1936.93,16057.14,https://www.balticexchange.com/ (simulated demo series)
2019-12-09,BCI,1818.04,15071.52,https://www.balticexchange.com/ (simulated demo series)
2019-12-10,BCI,1898.7,15740.23,https://www.balticexchange.com/ (simulated demo series)
2019-12-11,BCI,1967.28,16308.73,https://www.balticexchange.com/ (simulated demo series)
2019-12-12,BCI,2144.94,17781.59,https://www.balticexchange.com/ (simulated demo series)
2019-12-13,BCI,2028.31,16814.67,https://www.balticexchange.com/ (simulated demo series)
2019-12-16,BCI,1952.9,16189.57,https://www.balticexchange.com/ (simulated demo series)
2019-12-17,BCI,1972.02,16348.05,https://www.balticexchange.com/ (simulated demo series)
2019-12-18,BCI,1932.76,16022.56,https://www.balticexchange.com/ (simulated demo series)
2019-12-19,BCI,1985.23,16457.58,https://www.balticexchange.com/ (simulated demo series)
2019-12-20,BCI,1968.12,16315.68,https://www.balticexchange.com/ (simulated demo series)
2019-12-23,BCI,1996.6,16551.79,https://www.balticexchange.com/ (simulated demo series)
2019-12-24,BCI,2066.48,17131.13,https://www.balticexchange.com/ (simulated demo series)
2019-12-25,BCI,2075.66,17207.23,https://www.balticexchange.com/ (simulated demo series)
2019-12-26,BCI,2039.86,16910.4,https://www.balticexchange.com/ (simulated demo series)
2019-12-27,BCI,2033.78,16860.01,https://www.balticexchange.com/ (simulated demo series)
2019-12-30,BCI,2220.67,18409.34,https://www.balticexchange.com/ (simulated demo series)
2019-12-31,BCI,2148.42,17810.4,https://www.balticexchange.com/ (simulated demo series)
2020-01-01,BCI,2085.86,17291.77,https://www.balticexchange.com/ (simulated demo series)
2020-01-02,BCI,2112.68,17514.14,https://www.balticexchange.com/ (simulated demo series)
2020-01-03,BCI,2169.37,17984.08,https://www.balticexchange.com/ (simulated demo series)
2020-01-06,BCI,2188.94,18146.3,https://www.balticexchange.com/ (simulated demo series)
2020-01-07,BCI,2230.62,18491.87,https://www.balticexchange.com/ (simulated demo series)
2020-01-08,BCI,2073.5,17189.29,https://www.balticexchange.com/ (simulated demo series)
2020-01-09,BCI,2073.84,17192.15,https://www.balticexchange.com/ (simulated demo series)
2020-01-10,BCI,2162.01,17923.07,https://www.balticexchange.com/ (simulated demo series)
2020-01-13,BCI,2376.1,19697.85,https://www.balticexchange.com/ (simulated demo series)
2020-01-14,BCI,2370.26,19649.44,https://www.balticexchange.com/ (simulated demo series)
2020-01-15,BCI,2446.26,20279.51,https://www.balticexchange.com/ (simulated demo series)
2020-01-16,BCI,2473.21,20502.94,https://www.balticexchange.com/ (simulated demo series)
2020-01-17,BCI,2559.75,21220.35,https://www.balticexchange.com/ (simulated demo series)
2020-01-20,BCI,2516.48,20861.62,https://www.balticexchange.com/ (simulated demo series)
2020-01-21,BCI,2631.84,21817.99,https://www.balticexchange.com/ (simulated demo series)
2020-01-22,BCI,2601.63,21567.53,https://www.balticexchange.com/ (simulated demo series)
2020-01-23,BCI,2491.74,20656.52,https://www.balticexchange.com/ (simulated demo series)
2020-01-24,BCI,2561.89,21238.09,https://www.balticexchange.com/ (simulated demo series)
2020-01-27,BCI,2446.81,20284.06,https://www.balticexchange.com/ (simulated demo series)
2020-01-28,BCI,2451.61,20323.85,https://www.balticexchange.com/ (simulated demo series)
2020-01-29,BCI,2315.09,19192.11,https://www.balticexchange.com/ (simulated demo series)
2020-01-30,BCI,2252.22,18670.91,https://www.balticexchange.com/ (simulated demo series)
2020-01-31,BCI,2169.85,17988.05,https://www.balticexchange.com/ (simulated demo series)
2020-02-03,BCI,2124.7,17613.73,https://www.balticexchange.com/ (simulated demo series)
2020-02-04,BCI,2042.11,16929.13,https://www.balticexchange.com/ (simulated demo series)
2020-02-05,BCI,2054.67,17033.2,https://www.balticexchange.com/ (simulated demo series)
2020-02-06,BCI,2131.36,17669.0,https://www.balticexchange.com/ (simulated demo series)
2020-02-07,BCI,2152.58,17844.88,https://www.balticexchange.com/ (simulated demo series)
2020-02-10,BCI,2131.43,17669.59,https://www.balticexchange.com/ (simulated demo series)
2020-02-11,BCI,2062.53,17098.39,https://www.balticexchange.com/ (simulated demo series)
2020-02-12,BCI,2086.55,17297.48,https://www.balticexchange.com/ (simulated demo series)
2020-02-13,BCI,2056.02,17044.43,https://www.balticexchange.com/ (simulated demo series)
2020-02-14,BCI,2038.87,16902.27,https://www.balticexchange.com/ (simulated demo series)
2020-02-17,BCI,2104.1,17442.99,https://www.balticexchange.com/ (simulated demo series)
2020-02-18,BCI,2200.47,18241.89,https://www.balticexchange.com/ (simulated demo series)
2020-02-19,BCI,2130.11,17658.58,https://www.balticexchange.com/ (simulated demo series)
2020-02-20,BCI,2122.64,17596.7,https://www.balticexchange.com/ (simulated demo series)
2020-02-21,BCI,2105.75,17456.7,https://www.balticexchange.com/ (simulated demo series)
2020-02-24,BCI,2029.09,16821.2,https://www.balticexchange.com/ (simulated demo series)
2020-02-25,BCI,1992.85,16520.73,https://www.balticexchange.com/ (simulated demo series)
2020-02-26,BCI,1911.79,15848.73,https://www.balticexchange.com/ (simulated demo series)
2020-02-27,BCI,1801.34,14933.13,https://www.balticexchange.com/ (simulated demo series)
2020-02-28,BCI,1786.04,14806.3,https://www.balticexchange.com/ (simulated demo series)
2020-03-02,BCI,1891.0,15676.36,https://www.balticexchange.com/ (simulated demo series)
2020-03-03,BCI,1916.77,15890.06,https://www.balticexchange.com/ (simulated demo series)
2020-03-04,BCI,1779.5,14752.03,https://www.balticexchange.com/ (simulated demo series)
2020-03-05,BCI,1714.46,14212.88,https://www.balticexchange.com/ (simulated demo series)
2020-03-06,BCI,1756.21,14558.97,https://www.balticexchange.com/ (simulated demo series)
2020-03-09,BCI,1792.39,14858.87,https://www.balticexchange.com/ (simulated demo series)
2020-03-10,BCI,1812.98,15029.61,https://www.balticexchange.com/ (simulated demo series)
2020-03-11,BCI,1762.42,14610.46,https://www.balticexchange.com/ (simulated demo series)
2020-03-12,BCI,1835.6,15217.13,https://www.balticexchange.com/ (simulated demo series)
2020-03-13,BCI,1892.82,15691.47,https://www.balticexchange.com/ (simulated demo series)
2020-03-16,BCI,1966.76,16304.48,https://www.balticexchange.com/ (simulated demo series)
2020-03-17,BCI,1979.93,16413.58,https://www.balticexchange.com/ (simulated demo series)
2020-03-18,BCI,2084.68,17281.98,https://www.balticexchange.com/ (simulated demo series)
2020-03-19,BCI,2112.62,17513.65,https://www.balticexchange.com/ (simulated demo series)
2020-03-20,BCI,2102.76,17431.84,https://www.balticexchange.com/ (simulated demo series)
2020-03-23,BCI,2263.12,18761.23,https://www.balticexchange.com/ (simulated demo series)
2020-03-24,BCI,2399.62,19892.82,https://www.balticexchange.com/ (simulated demo series)
2020-03-25,BCI,2403.91,19928.39,https://www.balticexchange.com/ (simulated demo series)
2020-03-26,BCI,2408.71,19968.2,https://www.balticexchange.com/ (simulated demo series)
2020-03-27,BCI,2406.45,19949.47,https://www.balticexchange.com/ (simulated demo series)
2020-03-30,BCI,2620.84,21726.76,https://www.balticexchange.com/ (simulated demo series)
2020-03-31,BCI,2575.88,21354.06,https://www.balticexchange.com/ (simulated demo series)
2020-04-01,BCI,2544.7,21095.53,https://www.balticexchange.com/ (simulated demo series)
2020-04-02,BCI,2666.43,22104.69,https://www.balticexchange.com/ (simulated demo series)
2020-04-03,BCI,2681.4,22228.83,https://www.balticexchange.com/ (simulated demo series)
2020-04-06,BCI,2695.18,22343.0,https://www.balticexchange.com/ (simulated demo series)
2020-04-07,BCI,2713.19,22492.31,https://www.balticexchange.com/ (simulated demo series)
2020-04-08,BCI,2844.57,23581.52,https://www.balticexchange.com/ (simulated demo series)
2020-04-09,BCI,2841.21,23553.63,https://www.balticexchange.com/ (simulated demo series)
2020-04-10,BCI,2875.48,23837.76,https://www.balticexchange.com/ (simulated demo series)
2020-04-13,BCI,3053.91,25316.89,https://www.balticexchange.com/ (simulated demo series)
2020-04-14,BCI,3132.94,25972.07,https://www.balticexchange.com/ (simulated demo series)
2020-04-15,BCI,3256.52,26996.58,https://www.balticexchange.com/ (simulated demo series)
2020-04-16,BCI,3298.59,27345.29,https://www.balticexchange.com/ (simulated demo series)
2020-04-17,BCI,3123.97,25897.74,https://www.balticexchange.com/ (simulated demo series)
2020-04-20,BCI,3155.34,26157.8,https://www.balticexchange.com/ (simulated demo series)
2020-04-21,BCI,3258.51,27013.03,https://www.balticexchange.com/ (simulated demo series)
2020-04-22,BCI,3235.71,26824.01,https://www.balticexchange.com/ (simulated demo series)
2020-04-23,BCI,3328.87,27596.32,https://www.balticexchange.com/ (simulated demo series)
2020-04-24,BCI,3334.57,27643.58,https://www.balticexchange.com/ (simulated demo series)
2020-04-27,BCI,3285.91,27240.19,https://www.balticexchange.com/ (simulated demo series)
2020-04-28,BCI,3218.83,26684.09,https://www.balticexchange.com/ (simulated demo series)
2020-04-29,BCI,3003.34,24897.7,https://www.balticexchange.com/ (simulated demo series)
2020-04-30,BCI,2956.53,24509.62,https://www.balticexchange.com/ (simulated demo series)
2020-05-01,BCI,2866.26,23761.31,https://www.balticexchange.com/ (simulated demo series)
2020-05-04,BCI,2676.68,22189.69,https://www.balticexchange.com/ (simulated demo series)
2020-05-05,BCI,2678.2,22202.28,https://www.balticexchange.com/ (simulated demo series)
2020-05-06,BCI,2795.85,23177.62,https://www.balticexchange.com/ (simulated demo series)
2020-05-07,BCI,2772.77,22986.27,https://www.balticexchange.com/ (simulated demo series)
2020-05-08,BCI,2924.61,24245.03,https://www.balticexchange.com/ (simulated demo series)
2020-05-11,BCI,2778.95,23037.46,https://www.balticexchange.com/ (simulated demo series)
2020-05-12,BCI,2645.25,21929.13,https://www.balticexchange.com/ (simulated demo series)
2020-05-13,BCI,2588.2,21456.21,https://www.balticexchange.com/ (simulated demo series)
2020-05-14,BCI,2557.1,21198.39,https://www.balticexchange.com/ (simulated demo series)
2020-05-15,BCI,2541.51,21069.15,https://www.balticexchange.com/ (simulated demo series)
2020-05-18,BCI,2499.64,20721.98,https://www.balticexchange.com/ (simulated demo series)
2020-05-19,BCI,2553.05,21164.76,https://www.balticexchange.com/ (simulated demo series)
2020-05-20,BCI,2416.4,20031.97,https://www.balticexchange.com/ (simulated demo series)
2020-05-21,BCI,2425.05,20103.69,https://www.balticexchange.com/ (simulated demo series)
2020-05-22,BCI,2525.7,20938.07,https://www.balticexchange.com/ (simulated demo series)
2020-05-25,BCI,2459.52,20389.43,https://www.balticexchange.com/ (simulated demo series)
2020-05-26,BCI,2405.3,19939.94,https://www.balticexchange.com/ (simulated demo series)
2020-05-27,BCI,2480.58,20563.97,https://www.balticexchange.com/ (simulated demo series)
2020-05-28,BCI,2525.54,20936.73,https://www.balticexchange.com/ (simulated demo series)
2020-05-29,BCI,2490.54,20646.56,https://www.balticexchange.com/ (simulated demo series)
2020-06-01,BCI,2508.56,20795.94,https://www.balticexchange.com/ (simulated demo series)
2020-06-02,BCI,2655.65,22015.31,https://www.balticexchange.com/ (simulated demo series)
2020-06-03,BCI,2570.54,21309.81,https://www.balticexchange.com/ (simulated demo series)
2020-06-04,BCI,2458.13,20377.87,https://www.balticexchange.com/ (simulated demo series)
2020-06-05,BCI,2508.15,20792.56,https://www.balticexchange.com/ (simulated demo series)
2020-06-08,BCI,2446.23,20279.22,https://www.balticexchange.com/ (simulated demo series)
2020-06-09,BCI,2457.88,20375.81,https://www.balticexchange.com/ (simulated demo series)
2020-06-10,BCI,2486.05,20609.35,https://www.balticexchange.com/ (simulated demo series)
2020-06-11,BCI,2439.74,20225.49,https://www.balticexchange.com/ (simulated demo series)
2020-06-12,BCI,2560.94,21230.21,https://www.balticexchange.com/ (simulated demo series)
2020-06-15,BCI,2480.2,20560.87,https://www.balticexchange.com/ (simulated demo series)
2020-06-16,BCI,2669.23,22127.88,https://www.balticexchange.com/ (simulated demo series)
2020-06-17,BCI,2529.96,20973.39,https://www.balticexchange.com/ (simulated demo series)
2020-06-18,BCI,2509.24,20801.6,https://www.balticexchange.com/ (simulated demo series)
2020-06-19,BCI,2500.14,20726.13,https://www.balticexchange.com/ (simulated demo series)
2020-06-22,BCI,2502.69,20747.27,https://www.balticexchange.com/ (simulated demo series)
2020-06-23,BCI,2461.55,20406.23,https://www.balticexchange.com/ (simulated demo series)
2020-06-24,BCI,2478.59,20547.49,https://www.balticexchange.com/ (simulated demo series)
2020-06-25,BCI,2493.51,20671.22,https://www.balticexchange.com/ (simulated demo series)
2020-06-26,BCI,2683.96,22250.06,https://www.balticexchange.com/ (simulated demo series)
2020-06-29,BCI,2839.53,23539.73,https://www.balticexchange.com/ (simulated demo series)
2020-06-30,BCI,2846.73,23599.4,https://www.balticexchange.com/ (simulated demo series)
2020-07-01,BCI,2802.4,23231.88,https://www.balticexchange.com/ (simulated demo series)
2020-07-02,BCI,2914.06,24157.53,https://www.balticexchange.com/ (simulated demo series)
2020-07-03,BCI,2816.36,23347.63,https://www.balticexchange.com/ (simulated demo series)
2020-07-06,BCI,2697.26,22360.32,https://www.balticexchange.com/ (simulated demo series)
2020-07-07,BCI,2826.03,23427.75,https://www.balticexchange.com/ (simulated demo series)
2020-07-08,BCI,2801.05,23220.67,https://www.balticexchange.com/ (simulated demo series)
2020-07-09,BCI,2747.35,22775.54,https://www.balticexchange.com/ (simulated demo series)
2020-07-10,BCI,2767.5,22942.61,https://www.balticexchange.com/ (simulated demo series)
2020-07-13,BCI,2619.84,21718.45,https://www.balticexchange.com/ (simulated demo series)
2020-07-14,BCI,2635.58,21848.93,https://www.balticexchange.com/ (simulated demo series)
2020-07-15,BCI,2570.7,21311.07,https://www.balticexchange.com/ (simulated demo series)
2020-07-16,BCI,2511.13,20817.26,https://www.balticexchange.com/ (simulated demo series)
2020-07-17,BCI,2445.2,20270.71,https://www.balticexchange.com/ (simulated demo series)
2020-07-20,BCI,2538.99,21048.22,https://www.balticexchange.com/ (simulated demo series)
2020-07-21,BCI,2500.01,20725.09,https://www.balticexchange.com/ (simulated demo series)
2020-07-22,BCI,2542.8,21079.82,https://www.balticexchange.com/ (simulated demo series)
2020-07-23,BCI,2480.65,20564.61,https://www.balticexchange.com/ (simulated demo series)
2020-07-24,BCI,2544.26,21091.94,https://www.balticexchange.com/ (simulated demo series)
2020-07-27,BCI,2400.91,19903.54,https://www.balticexchange.com/ (simulated demo series)
2020-07-28,BCI,2515.39,20852.55,https://www.balticexchange.com/ (simulated demo series)
2020-07-29,BCI,2570.42,21308.82,https://www.balticexchange.com/ (simulated demo series)
2020-07-30,BCI,2499.69,20722.4,https://www.balticexchange.com/ (simulated demo series)
2020-07-31,BCI,2497.27,20702.38,https://www.balticexchange.com/ (simulated demo series)
2020-08-03,BCI,2567.88,21287.69,https://www.balticexchange.com/ (simulated demo series)
2020-08-04,BCI,2606.06,21604.23,https://www.balticexchange.com/ (simulated demo series)
2020-08-05,BCI,2658.3,22037.33,https://www.balticexchange.com/ (simulated demo series)
2020-08-06,BCI,2580.07,21388.75,https://www.balticexchange.com/ (simulated demo series)
2020-08-07,BCI,2412.12,19996.46,https://www.balticexchange.com/ (simulated demo series)
2020-08-10,BCI,2415.9,20027.82,https://www.balticexchange.com/ (simulated demo series)
2020-08-11,BCI,2396.07,19863.39,https://www.balticexchange.com/ (simulated demo series)
2020-08-12,BCI,2338.65,19387.44,https://www.balticexchange.com/ (simulated demo series)
2020-08-13,BCI,2489.96,20641.73,https://www.balticexchange.com/ (simulated demo series)
2020-08-14,BCI,2435.92,20193.78,https://www.balticexchange.com/ (simulated demo series)
2020-08-17,BCI,2580.33,21390.93,https://www.balticexchange.com/ (simulated demo series)
2020-08-18,BCI,2592.45,21491.38,https://www.balticexchange.com/ (simulated demo series)
2020-08-19,BCI,2572.73,21327.92,https://www.balticexchange.com/ (simulated demo series)
2020-08-20,BCI,2607.01,21612.1,https://www.balticexchange.com/ (simulated demo series)
2020-08-21,BCI,2540.44,21060.21,https://www.balticexchange.com/ (simulated demo series)
2020-08-24,BCI,2560.04,21222.7,https://www.balticexchange.com/ (simulated demo series)
2020-08-25,BCI,2582.81,21411.48,https://www.balticexchange.com/ (simulated demo series)
2020-08-26,BCI,2615.97,21686.41,https://www.balticexchange.com/ (simulated demo series)
2020-08-27,BCI,2578.54,21376.12,https://www.balticexchange.com/ (simulated demo series)
2020-08-28,BCI,2538.9,21047.44,https://www.balticexchange.com/ (simulated demo series)
2020-08-31,BCI,2427.89,20127.24,https://www.balticexchange.com/ (simulated demo series)
2020-09-01,BCI,2409.99,19978.82,https://www.balticexchange.com/ (simulated demo series)
2020-09-02,BCI,2502.71,20747.5,https://www.balticexchange.com/ (simulated demo series)
2020-09-03,BCI,2551.53,21152.18,https://www.balticexchange.com/ (simulated demo series)
2020-09-04,BCI,2493.79,20673.48,https://www.balticexchange.com/ (simulated demo series)
2020-09-07,BCI,2567.55,21284.96,https://www.balticexchange.com/ (simulated demo series)
2020-09-08,BCI,2427.87,20127.05,https://www.balticexchange.com/ (simulated demo series)
2020-09-09,BCI,2415.66,20025.86,https://www.balticexchange.com/ (simulated demo series)
2020-09-10,BCI,2411.1,19988.01,https://www.balticexchange.com/ (simulated demo series)
2020-09-11,BCI,2449.87,20309.42,https://www.balticexchange.com/ (simulated demo series)
2020-09-14,BCI,2300.38,19070.17,https://www.balticexchange.com/ (simulated demo series)
2020-09-15,BCI,2424.98,20103.12,https://www.balticexchange.com/ (simulated demo series)
2020-09-16,BCI,2452.62,20332.21,https://www.balticexchange.com/ (simulated demo series)
2020-09-17,BCI,2535.64,21020.49,https://www.balticexchange.com/ (simulated demo series)
2020-09-18,BCI,2596.44,21524.53,https://www.balticexchange.com/ (simulated demo series)
2020-09-21,BCI,2497.05,20700.53,https://www.balticexchange.com/ (simulated demo series)
2020-09-22,BCI,2459.47,20389.04,https://www.balticexchange.com/ (simulated demo series)
2020-09-23,BCI,2569.11,21297.92,https://www.balticexchange.com/ (simulated demo series)
2020-09-24,BCI,2645.04,21927.39,https://www.balticexchange.com/ (simulated demo series)
2020-09-25,BCI,2579.55,21384.43,https://www.balticexchange.com/ (simulated demo series)
2020-09-28,BCI,2317.34,19210.73,https://www.balticexchange.com/ (simulated demo series)
2020-09-29,BCI,2215.56,18367.0,https://www.balticexchange.com/ (simulated demo series)
2020-09-30,BCI,2173.88,18021.45,https://www.balticexchange.com/ (simulated demo series)
2020-10-01,BCI,2133.95,17690.43,https://www.balticexchange.com/ (simulated demo series)
2020-10-02,BCI,2240.33,18572.31,https://www.balticexchange.com/ (simulated demo series)
2020-10-05,BCI,2501.93,20740.98,https://www.balticexchange.com/ (simulated demo series)
2020-10-06,BCI,2529.38,20968.57,https://www.balticexchange.com/ (simulated demo series)
2020-10-07,BCI,2424.11,20095.86,https://www.balticexchange.com/ (simulated demo series)
2020-10-08,BCI,2471.23,20486.51,https://www.balticexchange.com/ (simulated demo series)
2020-10-09,BCI,2618.72,21709.16,https://www.balticexchange.com/ (simulated demo series)
2020-10-12,BCI,2744.33,22750.5,https://www.balticexchange.com/ (simulated demo series)
2020-10-13,BCI,2766.26,22932.32,https://www.balticexchange.com/ (simulated demo series)
2020-10-14,BCI,2742.44,22734.79,https://www.balticexchange.com/ (simulated demo series)
2020-10-15,BCI,2798.23,23197.36,https://www.balticexchange.com/ (simulated demo series)
2020-10-16,BCI,2906.48,24094.74,https://www.balticexchange.com/ (simulated demo series)
2020-10-19,BCI,2986.24,24755.91,https://www.balticexchange.com/ (simulated demo series)
2020-10-20,BCI,2967.37,24599.5,https://www.balticexchange.com/ (simulated demo series)
2020-10-21,BCI,2972.62,24642.99,https://www.balticexchange.com/ (simulated demo series)
2020-10-22,BCI,2851.63,23640.03,https://www.balticexchange.com/ (simulated demo series)
2020-10-23,BCI,2925.26,24250.41,https://www.balticexchange.com/ (simulated demo series)
2020-10-26,BCI,2668.98,22125.83,https://www.balticexchange.com/ (simulated demo series)
2020-10-27,BCI,2658.88,22042.1,https://www.balticexchange.com/ (simulated demo series)
2020-10-28,BCI,2592.19,21489.27,https://www.balticexchange.com/ (simulated demo series)
2020-10-29,BCI,2589.89,21470.15,https://www.balticexchange.com/ (simulated demo series)
2020-10-30,BCI,2515.66,20854.79,https://www.balticexchange.com/ (simulated demo series)
2020-11-02,BCI,2372.14,19665.07,https://www.balticexchange.com/ (simulated demo series)
2020-11-03,BCI,2309.15,19142.84,https://www.balticexchange.com/ (simulated demo series)
2020-11-04,BCI,2140.03,17740.83,https://www.balticexchange.com/ (simulated demo series)
2020-11-05,BCI,2073.76,17191.44,https://www.balticexchange.com/ (simulated demo series)
2020-11-06,BCI,2053.79,17025.93,https://www.balticexchange.com/ (simulated demo series)
2020-11-09,BCI,2280.84,18908.19,https://www.balticexchange.com/ (simulated demo series)
2020-11-10,BCI,2247.29,18630.06,https://www.balticexchange.com/ (simulated demo series)
2020-11-11,BCI,2297.36,19045.09,https://www.balticexchange.com/ (simulated demo series)
2020-11-12,BCI,2276.68,18873.65,https://www.balticexchange.com/ (simulated demo series)
2020-11-13,BCI,2312.76,19172.82,https://www.balticexchange.com/ (simulated demo series)
2020-11-16,BCI,2662.31,22070.58,https://www.balticexchange.com/ (simulated demo series)
2020-11-17,BCI,2712.42,22486.0,https://www.balticexchange.com/ (simulated demo series)
2020-11-18,BCI,2652.79,21991.61,https://www.balticexchange.com/ (simulated demo series)
2020-11-19,BCI,2621.16,21729.4,https://www.balticexchange.com/ (simulated demo series)
2020-11-20,BCI,2537.86,21038.86,https://www.balticexchange.com/ (simulated demo series)
2020-11-23,BCI,2564.95,21263.43,https://www.balticexchange.com/ (simulated demo series)
2020-11-24,BCI,2613.48,21665.79,https://www.balticexchange.com/ (simulated demo series)
2020-11-25,BCI,2629.61,21799.45,https://www.balticexchange.com/ (simulated demo series)
2020-11-26,BCI,2706.08,22433.37,https://www.balticexchange.com/ (simulated demo series)
2020-11-27,BCI,2555.84,21187.88,https://www.balticexchange.com/ (simulated demo series)
2020-11-30,BCI,2618.73,21709.29,https://www.balticexchange.com/ (simulated demo series)
2020-12-01,BCI,2714.38,22502.17,https://www.balticexchange.com/ (simulated demo series)
2020-12-02,BCI,2686.46,22270.75,https://www.balticexchange.com/ (simulated demo series)
2020-12-03,BCI,2786.8,23102.59,https://www.balticexchange.com/ (simulated demo series)
2020-12-04,BCI,2724.05,22582.33,https://www.balticexchange.com/ (simulated demo series)
2020-12-07,BCI,2746.85,22771.41,https://www.balticexchange.com/ (simulated demo series)
2020-12-08,BCI,2706.85,22439.81,https://www.balticexchange.com/ (simulated demo series)
2020-12-09,BCI,2716.19,22517.2,https://www.balticexchange.com/ (simulated demo series)
2020-12-10,BCI,2815.11,23337.23,https://www.balticexchange.com/ (simulated demo series)
2020-12-11,BCI,2865.84,23757.81,https://www.balticexchange.com/ (simulated demo series)
2020-12-14,BCI,2956.74,24511.37,https://www.balticexchange.com/ (simulated demo series)
2020-12-15,BCI,2990.37,24790.13,https://www.balticexchange.com/ (simulated demo series)
2020-12-16,BCI,2991.72,24801.33,https://www.balticexchange.com/ (simulated demo series)
2020-12-17,BCI,3001.66,24883.8,https://www.balticexchange.com/ (simulated demo series)
2020-12-18,BCI,3061.96,25383.66,https://www.balticexchange.com/ (simulated demo series)
2020-12-21,BCI,3453.16,28626.73,https://www.balticexchange.com/ (simulated demo series)
2020-12-22,BCI,3392.37,28122.73,https://www.balticexchange.com/ (simulated demo series)
2020-12-23,BCI,3430.75,28440.92,https://www.balticexchange.com/ (simulated demo series)
2020-12-24,BCI,3851.78,31931.26,https://www.balticexchange.com/ (simulated demo series)
2020-12-25,BCI,3819.91,31667.09,https://www.balticexchange.com/ (simulated demo series)
2020-12-28,BCI,3515.57,29144.11,https://www.balticexchange.com/ (simulated demo series)
2020-12-29,BCI,3628.86,30083.26,https://www.balticexchange.com/ (simulated demo series)
2020-12-30,BCI,3710.96,30763.89,https://www.balticexchange.com/ (simulated demo series)
2020-12-31,BCI,3560.0,29512.44,https://www.balticexchange.com/ (simulated demo series)
2021-01-01,BCI,3662.52,30362.31,https://www.balticexchange.com/ (simulated demo series)
2021-01-04,BCI,3900.06,32331.51,https://www.balticexchange.com/ (simulated demo series)
2021-01-05,BCI,3960.32,32831.06,https://www.balticexchange.com/ (simulated demo series)
2021-01-06,BCI,3932.83,32603.15,https://www.balticexchange.com/ (simulated demo series)
2021-01-07,BCI,3953.91,32777.91,https://www.balticexchange.com/ (simulated demo series)
2021-01-08,BCI,3606.76,29900.03,https://www.balticexchange.com/ (simulated demo series)
2021-01-11,BCI,3760.36,31173.36,https://www.balticexchange.com/ (simulated demo series)
2021-01-12,BCI,3733.05,30946.95,https://www.balticexchange.com/ (simulated demo series)
2021-01-13,BCI,4046.28,33543.62,https://www.balticexchange.com/ (simulated demo series)
2021-01-14,BCI,4135.33,34281.87,https://www.balticexchange.com/ (simulated demo series)
2021-01-15,BCI,4209.7,34898.44,https://www.balticexchange.com/ (simulated demo series)
2021-01-18,BCI,3992.14,33094.84,https://www.balticexchange.com/ (simulated demo series)
2021-01-19,BCI,3945.8,32710.65,https://www.balticexchange.com/ (simulated demo series)
2021-01-20,BCI,3785.53,31382.01,https://www.balticexchange.com/ (simulated demo series)
2021-01-21,BCI,3662.74,30364.12,https://www.balticexchange.com/ (simulated demo series)
2021-01-22,BCI,3798.58,31490.23,https://www.balticexchange.com/ (simulated demo series)
2021-01-25,BCI,3865.12,32041.82,https://www.balticexchange.com/ (simulated demo series)
2021-01-26,BCI,3671.39,30435.81,https://www.balticexchange.com/ (simulated demo series)
2021-01-27,BCI,3541.62,29360.02,https://www.balticexchange.com/ (simulated demo series)
2021-01-28,BCI,3371.85,27952.62,https://www.balticexchange.com/ (simulated demo series)
2021-01-29,BCI,3404.76,28225.48,https://www.balticexchange.com/ (simulated demo series)
2021-02-01,BCI,3245.99,26909.3,https://www.balticexchange.com/ (simulated demo series)
2021-02-02,BCI,3113.96,25814.72,https://www.balticexchange.com/ (simulated demo series)
2021-02-03,BCI,3232.86,26800.37,https://www.balticexchange.com/ (simulated demo series)
2021-02-04,BCI,3165.36,26240.81,https://www.balticexchange.com/ (simulated demo series)
2021-02-05,BCI,2911.84,24139.15,https://www.balticexchange.com/ (simulated demo series)
2021-02-08,BCI,2753.53,22826.73,https://www.balticexchange.com/ (simulated demo series)
2021-02-09,BCI,2720.63,22554.0,https://www.balticexchange.com/ (simulated demo series)
2021-02-10,BCI,2662.28,22070.33,https://www.balticexchange.com/ (simulated demo series)
2021-02-11,BCI,2694.47,22337.13,https://www.balticexchange.com/ (simulated demo series)
2021-02-12,BCI,2723.2,22575.33,https://www.balticexchange.com/ (simulated demo series)
2021-02-15,BCI,3111.18,25791.71,https://www.balticexchange.com/ (simulated demo series)
2021-02-16,BCI,3149.63,26110.43,https://www.balticexchange.com/ (simulated demo series)
2021-02-17,BCI,3129.2,25941.08,https://www.balticexchange.com/ (simulated demo series)
2021-02-18,BCI,3162.16,26214.34,https://www.balticexchange.com/ (simulated demo series)
2021-02-19,BCI,3084.48,25570.33,https://www.balticexchange.com/ (simulated demo series)
2021-02-22,BCI,3046.81,25258.08,https://www.balticexchange.com/ (simulated demo series)
2021-02-23,BCI,2910.83,24130.75,https://www.balticexchange.com/ (simulated demo series)
2021-02-24,BCI,2778.75,23035.81,https://www.balticexchange.com/ (simulated demo series)
2021-02-25,BCI,2955.44,24500.56,https://www.balticexchange.com/ (simulated demo series)
2021-02-26,BCI,2908.47,24111.21,https://www.balticexchange.com/ (simulated demo series)
2021-03-01,BCI,2753.38,22825.5,https://www.balticexchange.com/ (simulated demo series)
2021-03-02,BCI,2676.64,22189.34,https://www.balticexchange.com/ (simulated demo series)
2021-03-03,BCI,2627.33,21780.56,https://www.balticexchange.com/ (simulated demo series)
2021-03-04,BCI,2605.46,21599.3,https://www.balticexchange.com/ (simulated demo series)
2021-03-05,BCI,2517.25,20867.97,https://www.balticexchange.com/ (simulated demo series)
2021-03-08,BCI,2613.42,21665.29,https://www.balticexchange.com/ (simulated demo series)
2021-03-09,BCI,2547.71,21120.52,https://www.balticexchange.com/ (simulated demo series)
2021-03-10,BCI,2586.54,21442.45,https://www.balticexchange.com/ (simulated demo series)
2021-03-11,BCI,2570.91,21312.88,https://www.balticexchange.com/ (simulated demo series)
2021-03-12,BCI,2639.57,21882.04,https://www.balticexchange.com/ (simulated demo series)
2021-03-15,BCI,2533.65,21003.97,https://www.balticexchange.com/ (simulated demo series)
2021-03-16,BCI,2358.41,19551.25,https://www.balticexchange.com/ (simulated demo series)
2021-03-17,BCI,2293.04,19009.31,https://www.balticexchange.com/ (simulated demo series)
2021-03-18,BCI,2170.51,17993.55,https://www.balticexchange.com/ (simulated demo series)
2021-03-19,BCI,2189.08,18147.48,https://www.balticexchange.com/ (simulated demo series)
2021-03-22,BCI,2364.1,19598.37,https://www.balticexchange.com/ (simulated demo series)
2021-03-23,BCI,2367.74,19628.54,https://www.balticexchange.com/ (simulated demo series)
2021-03-24,BCI,2406.24,19947.7,https://www.balticexchange.com/ (simulated demo series)
2021-03-25,BCI,2460.69,20399.09,https://www.balticexchange.com/ (simulated demo series)
2021-03-26,BCI,2497.59,20705.06,https://www.balticexchange.com/ (simulated demo series)
2021-03-29,BCI,2459.2,20386.79,https://www.balticexchange.com/ (simulated demo series)
2021-03-30,BCI,2352.25,19500.19,https://www.balticexchange.com/ (simulated demo series)
2021-03-31,BCI,2481.24,20569.46,https://www.balticexchange.com/ (simulated demo series)
2021-04-01,BCI,2526.39,20943.76,https://www.balticexchange.com/ (simulated demo series)
2021-04-02,BCI,2594.18,21505.72,https://www.balticexchange.com/ (simulated demo series)
2021-04-05,BCI,2441.23,20237.82,https://www.balticexchange.com/ (simulated demo series)
2021-04-06,BCI,2371.1,19656.39,https://www.balticexchange.com/ (simulated demo series)
2021-04-07,BCI,2381.57,19743.24,https://www.balticexchange.com/ (simulated demo series)
2021-04-08,BCI,2394.65,19851.66,https://www.balticexchange.com/ (simulated demo series)
2021-04-09,BCI,2348.76,19471.25,https://www.balticexchange.com/ (simulated demo series)
2021-04-12,BCI,2264.73,18774.6,https://www.balticexchange.com/ (simulated demo series)
2021-04-13,BCI,2410.04,19979.24,https://www.balticexchange.com/ (simulated demo series)
2021-04-14,BCI,2300.53,19071.4,https://www.balticexchange.com/ (simulated demo series)
2021-04-15,BCI,2184.07,18105.97,https://www.balticexchange.com/ (simulated demo series)
2021-04-16,BCI,2162.31,17925.58,https://www.balticexchange.com/ (simulated demo series)
2021-04-19,BCI,1876.94,15559.85,https://www.balticexchange.com/ (simulated demo series)
2021-04-20,BCI,1892.85,15691.69,https://www.balticexchange.com/ (simulated demo series)
2021-04-21,BCI,1845.43,15298.62,https://www.balticexchange.com/ (simulated demo series)
2021-04-22,BCI,1900.81,15757.74,https://www.balticexchange.com/ (simulated demo series)
2021-04-23,BCI,1834.66,15209.36,https://www.balticexchange.com/ (simulated demo series)
2021-04-26,BCI,1881.72,15599.45,https://www.balticexchange.com/ (simulated demo series)
2021-04-27,BCI,1875.3,15546.25,https://www.balticexchange.com/ (simulated demo series)
2021-04-28,BCI,1881.93,15601.21,https://www.balticexchange.com/ (simulated demo series)
2021-04-29,BCI,1926.31,15969.1,https://www.balticexchange.com/ (simulated demo series)
2021-04-30,BCI,1936.42,16052.94,https://www.balticexchange.com/ (simulated demo series)
2021-05-03,BCI,1929.79,15997.96,https://www.balticexchange.com/ (simulated demo series)
2021-05-04,BCI,1934.25,16034.95,https://www.balticexchange.com/ (simulated demo series)
2021-05-05,BCI,1999.95,16579.55,https://www.balticexchange.com/ (simulated demo series)
2021-05-06,BCI,2022.59,16767.31,https://www.balticexchange.com/ (simulated demo series)
2021-05-07,BCI,1875.61,15548.83,https://www.balticexchange.com/ (simulated demo series)
2021-05-10,BCI,1886.39,15638.16,https://www.balticexchange.com/ (simulated demo series)
2021-05-11,BCI,1819.84,15086.51,https://www.balticexchange.com/ (simulated demo series)
2021-05-12,BCI,1812.23,15023.39,https://www.balticexchange.com/ (simulated demo series)
2021-05-13,BCI,1778.31,14742.22,https://www.balticexchange.com/ (simulated demo series)
2021-05-14,BCI,1820.97,15095.83,https://www.balticexchange.com/ (simulated demo series)
2021-05-17,BCI,2035.96,16878.11,https://www.balticexchange.com/ (simulated demo series)
2021-05-18,BCI,1980.85,16421.21,https://www.balticexchange.com/ (simulated demo series)
2021-05-19,BCI,1935.57,16045.9,https://www.balticexchange.com/ (simulated demo series)
2021-05-20,BCI,1849.51,15332.47,https://www.balticexchange.com/ (simulated demo series)
2021-05-21,BCI,1743.37,14452.57,https://www.balticexchange.com/ (simulated demo series)
2021-05-24,BCI,1744.31,14460.36,https://www.balticexchange.com/ (simulated demo series)
2021-05-25,BCI,1741.71,14438.75,https://www.balticexchange.com/ (simulated demo series)
2021-05-26,BCI,1662.87,13785.23,https://www.balticexchange.com/ (simulated demo series)
2021-05-27,BCI,1665.4,13806.19,https://www.balticexchange.com/ (simulated demo series)
2021-05-28,BCI,1647.73,13659.65,https://www.balticexchange.com/ (simulated demo series)
2021-05-31,BCI,1583.38,13126.25,https://www.balticexchange.com/ (simulated demo series)
2021-06-01,BCI,1562.05,12949.38,https://www.balticexchange.com/ (simulated demo series)
2021-06-02,BCI,1566.75,12988.35,https://www.balticexchange.com/ (simulated demo series)
2021-06-03,BCI,1594.05,13214.71,https://www.balticexchange.com/ (simulated demo series)
2021-06-04,BCI,1665.17,13804.23,https://www.balticexchange.com/ (simulated demo series)
2021-06-07,BCI,1789.84,14837.8,https://www.balticexchange.com/ (simulated demo series)
2021-06-08,BCI,1822.46,15108.19,https://www.balticexchange.com/ (simulated demo series)
2021-06-09,BCI,1768.27,14658.93,https://www.balticexchange.com/ (simulated demo series)
2021-06-10,BCI,1721.45,14270.78,https://www.balticexchange.com/ (simulated demo series)
2021-06-11,BCI,1823.78,15119.14,https://www.balticexchange.com/ (simulated demo series)
2021-06-14,BCI,1785.96,14805.57,https://www.balticexchange.com/ (simulated demo series)
2021-06-15,BCI,1776.45,14726.75,https://www.balticexchange.com/ (simulated demo series)
2021-06-16,BCI,1788.36,14825.49,https://www.balticexchange.com/ (simulated demo series)
2021-06-17,BCI,1825.44,15132.89,https://www.balticexchange.com/ (simulated demo series)
2021-06-18,BCI,1962.32,16267.63,https://www.balticexchange.com/ (simulated demo series)
2021-06-21,BCI,1850.59,15341.39,https://www.balticexchange.com/ (simulated demo series)
2021-06-22,BCI,1923.49,15945.69,https://www.balticexchange.com/ (simulated demo series)
2021-06-23,BCI,1969.91,16330.54,https://www.balticexchange.com/ (simulated demo series)
2021-06-24,BCI,2038.17,16896.43,https://www.balticexchange.com/ (simulated demo series)
2021-06-25,BCI,2079.74,17241.09,https://www.balticexchange.com/ (simulated demo series)
2021-06-28,BCI,1773.36,14701.18,https://www.balticexchange.com/ (simulated demo series)
2021-06-29,BCI,1746.54,14478.83,https://www.balticexchange.com/ (simulated demo series)
2021-06-30,BCI,1783.24,14783.09,https://www.balticexchange.com/ (simulated demo series)
2021-07-01,BCI,1773.53,14702.55,https://www.balticexchange.com/ (simulated demo series)
2021-07-02,BCI,1722.5,14279.48,https://www.balticexchange.com/ (simulated demo series)
2021-07-05,BCI,1813.83,15036.65,https://www.balticexchange.com/ (simulated demo series)
2021-07-06,BCI,1822.91,15111.91,https://www.balticexchange.com/ (simulated demo series)
2021-07-07,BCI,1796.68,14894.47,https://www.balticexchange.com/ (simulated demo series)
2021-07-08,BCI,1739.14,14417.49,https://www.balticexchange.com/ (simulated demo series)
2021-07-09,BCI,1662.39,13781.22,https://www.balticexchange.com/ (simulated demo series)
2021-07-12,BCI,1776.5,14727.17,https://www.balticexchange.com/ (simulated demo series)
2021-07-13,BCI,1849.8,15334.88,https://www.balticexchange.com/ (simulated demo series)
2021-07-14,BCI,1781.28,14766.84,https://www.balticexchange.com/ (simulated demo series)
2021-07-15,BCI,1730.55,14346.25,https://www.balticexchange.com/ (simulated demo series)
2021-07-16,BCI,1727.33,14319.58,https://www.balticexchange.com/ (simulated demo series)
2021-07-19,BCI,1830.01,15170.79,https://www.balticexchange.com/ (simulated demo series)
2021-07-20,BCI,1911.03,15842.4,https://www.balticexchange.com/ (simulated demo series)
2021-07-21,BCI,1871.85,15517.67,https://www.balticexchange.com/ (simulated demo series)
2021-07-22,BCI,1874.05,15535.86,https://www.balticexchange.com/ (simulated demo series)
2021-07-23,BCI,1862.06,15436.5,https://www.balticexchange.com/ (simulated demo series)
2021-07-26,BCI,2014.63,16701.26,https://www.balticexchange.com/ (simulated demo series)
2021-07-27,BCI,1979.54,16410.41,https://www.balticexchange.com/ (simulated demo series)
2021-07-28,BCI,1867.24,15479.41,https://www.balticexchange.com/ (simulated demo series)
2021-07-29,BCI,1887.71,15649.1,https://www.balticexchange.com/ (simulated demo series)
2021-07-30,BCI,1877.74,15566.44,https://www.balticexchange.com/ (simulated demo series)
2021-08-02,BCI,1642.44,13615.82,https://www.balticexchange.com/ (simulated demo series)
2021-08-03,BCI,1641.64,13609.19,https://www.balticexchange.com/ (simulated demo series)
2021-08-04,BCI,1585.99,13147.83,https://www.balticexchange.com/ (simulated demo series)
2021-08-05,BCI,1572.89,13039.25,https://www.balticexchange.com/ (simulated demo series)
2021-08-06,BCI,1581.46,13110.32,https://www.balticexchange.com/ (simulated demo series)
2021-08-09,BCI,1605.3,13307.93,https://www.balticexchange.com/ (simulated demo series)
2021-08-10,BCI,1716.69,14231.4,https://www.balticexchange.com/ (simulated demo series)
2021-08-11,BCI,1700.0,14093.01,https://www.balticexchange.com/ (simulated demo series)
2021-08-12,BCI,1700.97,14101.02,https://www.balticexchange.com/ (simulated demo series)
2021-08-13,BCI,1701.06,14101.79,https://www.balticexchange.com/ (simulated demo series)
2021-08-16,BCI,1722.51,14279.61,https://www.balticexchange.com/ (simulated demo series)
2021-08-17,BCI,1819.81,15086.26,https://www.balticexchange.com/ (simulated demo series)
2021-08-18,BCI,1771.24,14683.6,https://www.balticexchange.com/ (simulated demo series)
2021-08-19,BCI,1737.69,14405.48,https://www.balticexchange.com/ (simulated demo series)
2021-08-20,BCI,1667.13,13820.49,https://www.balticexchange.com/ (simulated demo series)
2021-08-23,BCI,1819.12,15080.53,https://www.balticexchange.com/ (simulated demo series)
2021-08-24,BCI,1788.29,14824.9,https://www.balticexchange.com/ (simulated demo series)
2021-08-25,BCI,1786.53,14810.34,https://www.balticexchange.com/ (simulated demo series)
2021-08-26,BCI,1795.61,14885.57,https://www.balticexchange.com/ (simulated demo series)
2021-08-27,BCI,1877.31,15562.91,https://www.balticexchange.com/ (simulated demo series)
2021-08-30,BCI,1950.81,16172.22,https://www.balticexchange.com/ (simulated demo series)
2021-08-31,BCI,1930.86,16006.79,https://www.balticexchange.com/ (simulated demo series)
2021-09-01,BCI,1904.11,15785.05,https://www.balticexchange.com/ (simulated demo series)
2021-09-02,BCI,1868.53,15490.12,https://www.balticexchange.com/ (simulated demo series)
2021-09-03,BCI,1869.62,15499.13,https://www.balticexchange.com/ (simulated demo series)
2021-09-06,BCI,1850.8,15343.13,https://www.balticexchange.com/ (simulated demo series)
2021-09-07,BCI,1925.25,15960.33,https://www.balticexchange.com/ (simulated demo series)
2021-09-08,BCI,1925.36,15961.23,https://www.balticexchange.com/ (simulated demo series)
2021-09-09,BCI,2055.52,17040.22,https://www.balticexchange.com/ (simulated demo series)
2021-09-10,BCI,1990.72,16503.08,https://www.balticexchange.com/ (simulated demo series)
2021-09-13,BCI,2192.92,18179.34,https://www.balticexchange.com/ (simulated demo series)
2021-09-14,BCI,2083.58,17272.9,https://www.balticexchange.com/ (simulated demo series)
2021-09-15,BCI,2070.18,17161.79,https://www.balticexchange.com/ (simulated demo series)
2021-09-16,BCI,2066.72,17133.12,https://www.balticexchange.com/ (simulated demo series)
2021-09-17,BCI,2089.1,17318.61,https://www.balticexchange.com/ (simulated demo series)
2021-09-20,BCI,2167.72,17970.36,https://www.balticexchange.com/ (simulated demo series)
2021-09-21,BCI,2330.24,19317.66,https://www.balticexchange.com/ (simulated demo series)
2021-09-22,BCI,2453.73,20341.43,https://www.balticexchange.com/ (simulated demo series)
2021-09-23,BCI,2296.9,19041.27,https://www.balticexchange.com/ (simulated demo series)
2021-09-24,BCI,2317.82,19214.7,https://www.balticexchange.com/ (simulated demo series)
2021-09-27,BCI,2437.52,20207.02,https://www.balticexchange.com/ (simulated demo series)
2021-09-28,BCI,2498.17,20709.86,https://www.balticexchange.com/ (simulated demo series)
2021-09-29,BCI,2377.95,19713.18,https://www.balticexchange.com/ (simulated demo series)
2021-09-30,BCI,2336.77,19371.78,https://www.balticexchange.com/ (simulated demo series)
2021-10-01,BCI,2275.48,18863.69,https://www.balticexchange.com/ (simulated demo series)
2021-10-04,BCI,2438.37,20214.07,https://www.balticexchange.com/ (simulated demo series)
2021-10-05,BCI,2431.17,20154.36,https://www.balticexchange.com/ (simulated demo series)
2021-10-06,BCI,2410.49,19982.93,https://www.balticexchange.com/ (simulated demo series)
2021-10-07,BCI,2339.41,19393.7,https://www.balticexchange.com/ (simulated demo series)
2021-10-08,BCI,2378.78,19720.1,https://www.balticexchange.com/ (simulated demo series)
2021-10-11,BCI,2275.43,18863.32,https://www.balticexchange.com/ (simulated demo series)
2021-10-12,BCI,2193.7,18185.74,https://www.balticexchange.com/ (simulated demo series)
2021-10-13,BCI,2296.67,19039.38,https://www.balticexchange.com/ (simulated demo series)
2021-10-14,BCI,2236.06,18536.9,https://www.balticexchange.com/ (simulated demo series)
2021-10-15,BCI,2140.36,17743.57,https://www.balticexchange.com/ (simulated demo series)
2021-10-18,BCI,1968.17,16316.13,https://www.balticexchange.com/ (simulated demo series)
2021-10-19,BCI,1996.85,16553.9,https://www.balticexchange.com/ (simulated demo series)
2021-10-20,BCI,2031.11,16837.9,https://www.balticexchange.com/ (simulated demo series)
2021-10-21,BCI,1989.15,16490.09,https://www.balticexchange.com/ (simulated demo series)
2021-10-22,BCI,1971.86,16346.73,https://www.balticexchange.com/ (simulated demo series)
2021-10-25,BCI,2034.27,16864.1,https://www.balticexchange.com/ (simulated demo series)
2021-10-26,BCI,2110.15,17493.17,https://www.balticexchange.com/ (simulated demo series)
2021-10-27,BCI,1985.98,16463.78,https://www.balticexchange.com/ (simulated demo series)
2021-10-28,BCI,1972.66,16353.37,https://www.balticexchange.com/ (simulated demo series)
2021-10-29,BCI,2000.54,16584.48,https://www.balticexchange.com/ (simulated demo series)
2021-11-01,BCI,2075.17,17203.13,https://www.balticexchange.com/ (simulated demo series)
2021-11-02,BCI,2096.29,17378.24,https://www.balticexchange.com/ (simulated demo series)
2021-11-03,BCI,2058.82,17067.64,https://www.balticexchange.com/ (simulated demo series)
2021-11-04,BCI,2058.23,17062.74,https://www.balticexchange.com/ (simulated demo series)
2021-11-05,BCI,1989.16,16490.18,https://www.balticexchange.com/ (simulated demo series)
2021-11-08,BCI,2098.95,17400.29,https://www.balticexchange.com/ (simulated demo series)
2021-11-09,BCI,2047.99,16977.84,https://www.balticexchange.com/ (simulated demo series)
2021-11-10,BCI,2079.64,17240.25,https://www.balticexchange.com/ (simulated demo series)
2021-11-11,BCI,2293.16,19010.32,https://www.balticexchange.com/ (simulated demo series)
2021-11-12,BCI,2325.29,19276.68,https://www.balticexchange.com/ (simulated demo series)
2021-11-15,BCI,2121.26,17585.29,https://www.balticexchange.com/ (simulated demo series)
2021-11-16,BCI,2125.26,17618.38,https://www.balticexchange.com/ (simulated demo series)
2021-11-17,BCI,2094.31,17361.8,https://www.balticexchange.com/ (simulated demo series)
2021-11-18,BCI,2172.8,18012.54,https://www.balticexchange.com/ (simulated demo series)
2021-11-19,BCI,2165.03,17948.08,https://www.balticexchange.com/ (simulated demo series)
2021-11-22,BCI,2182.96,18096.73,https://www.balticexchange.com/ (simulated demo series)
2021-11-23,BCI,2158.56,17894.43,https://www.balticexchange.com/ (simulated demo series)
2021-11-24,BCI,2070.51,17164.55,https://www.balticexchange.com/ (simulated demo series)
2021-11-25,BCI,2084.25,17278.47,https://www.balticexchange.com/ (simulated demo series)
2021-11-26,BCI,1998.1,16564.22,https://www.balticexchange.com/ (simulated demo series)
2021-11-29,BCI,1946.04,16132.66,https://www.balticexchange.com/ (simulated demo series)
2021-11-30,BCI,1882.03,15602.02,https://www.balticexchange.com/ (simulated demo series)
2021-12-01,BCI,1972.95,16355.79,https://www.balticexchange.com/ (simulated demo series)
2021-12-02,BCI,1857.22,15396.37,https://www.balticexchange.com/ (simulated demo series)
2021-12-03,BCI,1749.83,14506.06,https://www.balticexchange.com/ (simulated demo series)
2021-12-06,BCI,1768.16,14658.04,https://www.balticexchange.com/ (simulated demo series)
2021-12-07,BCI,1748.56,14495.56,https://www.balticexchange.com/ (simulated demo series)
2021-12-08,BCI,1725.72,14306.22,https://www.balticexchange.com/ (simulated demo series)
2021-12-09,BCI,1773.49,14702.27,https://www.balticexchange.com/ (simulated demo series)
2021-12-10,BCI,1775.47,14718.64,https://www.balticexchange.com/ (simulated demo series)
2021-12-13,BCI,1753.3,14534.84,https://www.balticexchange.com/ (simulated demo series)
2021-12-14,BCI,1648.91,13669.46,https://www.balticexchange.com/ (simulated demo series)
2021-12-15,BCI,1627.01,13487.95,https://www.balticexchange.com/ (simulated demo series)
2021-12-16,BCI,1691.75,14024.64,https://www.balticexchange.com/ (simulated demo series)
2021-12-17,BCI,1718.23,14244.13,https://www.balticexchange.com/ (simulated demo series)
2021-12-20,BCI,1777.87,14738.58,https://www.balticexchange.com/ (simulated demo series)
2021-12-21,BCI,1661.46,13773.49,https://www.balticexchange.com/ (simulated demo series)
2021-12-22,BCI,1713.27,14202.98,https://www.balticexchange.com/ (simulated demo series)
2021-12-23,BCI,1762.26,14609.14,https://www.balticexchange.com/ (simulated demo series)
2021-12-24,BCI,1753.98,14540.53,https://www.balticexchange.com/ (simulated demo series)
2021-12-27,BCI,1700.42,14096.46,https://www.balticexchange.com/ (simulated demo series)
2021-12-28,BCI,1705.67,14139.99,https://www.balticexchange.com/ (simulated demo series)
2021-12-29,BCI,1773.48,14702.18,https://www.balticexchange.com/ (simulated demo series)
2021-12-30,BCI,1758.88,14581.11,https://www.balticexchange.com/ (simulated demo series)
2021-12-31,BCI,1723.63,14288.91,https://www.balticexchange.com/ (simulated demo series)
2022-01-03,BCI,1870.74,15508.47,https://www.balticexchange.com/ (simulated demo series)
2022-01-04,BCI,1909.64,15830.89,https://www.balticexchange.com/ (simulated demo series)
2022-01-05,BCI,1924.97,15957.97,https://www.balticexchange.com/ (simulated demo series)
2022-01-06,BCI,1914.52,15871.37,https://www.balticexchange.com/ (simulated demo series)
2022-01-07,BCI,1904.43,15787.71,https://www.balticexchange.com/ (simulated demo series)
2022-01-10,BCI,1827.6,15150.81,https://www.balticexchange.com/ (simulated demo series)
2022-01-11,BCI,1870.25,15504.4,https://www.balticexchange.com/ (simulated demo series)
2022-01-12,BCI,1785.1,14798.44,https://www.balticexchange.com/ (simulated demo series)
2022-01-13,BCI,1828.92,15161.74,https://www.balticexchange.com/ (simulated demo series)
2022-01-14,BCI,1714.97,14217.09,https://www.balticexchange.com/ (simulated demo series)
2022-01-17,BCI,1754.08,14541.36,https://www.balticexchange.com/ (simulated demo series)
2022-01-18,BCI,1811.44,15016.83,https://www.balticexchange.com/ (simulated demo series)
2022-01-19,BCI,1798.48,14909.44,https://www.balticexchange.com/ (simulated demo series)
2022-01-20,BCI,1815.0,15046.36,https://www.balticexchange.com/ (simulated demo series)
2022-01-21,BCI,1864.78,15459.02,https://www.balticexchange.com/ (simulated demo series)
2022-01-24,BCI,1903.32,15778.53,https://www.balticexchange.com/ (simulated demo series)
2022-01-25,BCI,1923.12,15942.7,https://www.balticexchange.com/ (simulated demo series)
2022-01-26,BCI,1947.74,16146.73,https://www.balticexchange.com/ (simulated demo series)
2022-01-27,BCI,2012.17,16680.93,https://www.balticexchange.com/ (simulated demo series)
2022-01-28,BCI,2089.66,17323.3,https://www.balticexchange.com/ (simulated demo series)
2022-01-31,BCI,2152.9,17847.53,https://www.balticexchange.com/ (simulated demo series)
2022-02-01,BCI,2200.23,18239.9,https://www.balticexchange.com/ (simulated demo series)
2022-02-02,BCI,2132.58,17679.09,https://www.balticexchange.com/ (simulated demo series)
2022-02-03,BCI,2046.82,16968.1,https://www.balticexchange.com/ (simulated demo series)
2022-02-04,BCI,2034.47,16865.75,https://www.balticexchange.com/ (simulated demo series)
2022-02-07,BCI,2021.17,16755.47,https://www.balticexchange.com/ (simulated demo series)
2022-02-08,BCI,2100.85,17416.07,https://www.balticexchange.com/ (simulated demo series)
2022-02-09,BCI,2164.81,17946.25,https://www.balticexchange.com/ (simulated demo series)
2022-02-10,BCI,2091.51,17338.64,https://www.balticexchange.com/ (simulated demo series)
2022-02-11,BCI,2082.03,17260.01,https://www.balticexchange.com/ (simulated demo series)
2022-02-14,BCI,2261.71,18749.59,https://www.balticexchange.com/ (simulated demo series)
2022-02-15,BCI,2149.33,17817.91,https://www.balticexchange.com/ (simulated demo series)
2022-02-16,BCI,2189.37,18149.9,https://www.balticexchange.com/ (simulated demo series)
2022-02-17,BCI,2188.46,18142.33,https://www.balticexchange.com/ (simulated demo series)
2022-02-18,BCI,2215.34,18365.17,https://www.balticexchange.com/ (simulated demo series)
2022-02-21,BCI,2144.28,17776.08,https://www.balticexchange.com/ (simulated demo series)
2022-02-22,BCI,2308.98,19141.47,https://www.balticexchange.com/ (simulated demo series)
2022-02-23,BCI,2333.58,19345.38,https://www.balticexchange.com/ (simulated demo series)
2022-02-24,BCI,2298.92,19058.05,https://www.balticexchange.com/ (simulated demo series)
2022-02-25,BCI,2322.62,19254.51,https://www.balticexchange.com/ (simulated demo series)
2022-02-28,BCI,2295.56,19030.17,https://www.balticexchange.com/ (simulated demo series)
2022-03-01,BCI,2373.21,19673.91,https://www.balticexchange.com/ (simulated demo series)
2022-03-02,BCI,2460.06,20393.88,https://www.balticexchange.com/ (simulated demo series)
2022-03-03,BCI,2568.21,21290.47,https://www.balticexchange.com/ (simulated demo series)
2022-03-04,BCI,2367.94,19630.24,https://www.balticexchange.com/ (simulated demo series)
2022-03-07,BCI,2406.52,19950.06,https://www.balticexchange.com/ (simulated demo series)
2022-03-08,BCI,2546.81,21113.08,https://www.balticexchange.com/ (simulated demo series)
2022-03-09,BCI,2517.38,20869.06,https://www.balticexchange.com/ (simulated demo series)
2022-03-10,BCI,2407.98,19962.11,https://www.balticexchange.com/ (simulated demo series)
2022-03-11,BCI,2517.41,20869.36,https://www.balticexchange.com/ (simulated demo series)
2022-03-14,BCI,2335.85,19364.22,https://www.balticexchange.com/ (simulated demo series)
2022-03-15,BCI,2379.15,19723.17,https://www.balticexchange.com/ (simulated demo series)
2022-03-16,BCI,2390.17,19814.52,https://www.balticexchange.com/ (simulated demo series)
2022-03-17,BCI,2410.46,19982.71,https://www.balticexchange.com/ (simulated demo series)
2022-03-18,BCI,2415.89,20027.72,https://www.balticexchange.com/ (simulated demo series)
2022-03-21,BCI,2600.33,21556.7,https://www.balticexchange.com/ (simulated demo series)
2022-03-22,BCI,2659.18,22044.57,https://www.balticexchange.com/ (simulated demo series)
2022-03-23,BCI,2657.83,22033.44,https://www.balticexchange.com/ (simulated demo series)
2022-03-24,BCI,2712.62,22487.66,https://www.balticexchange.com/ (simulated demo series)
2022-03-25,BCI,2714.61,22504.13,https://www.balticexchange.com/ (simulated demo series)
2022-03-28,BCI,2576.87,21362.22,https://www.balticexchange.com/ (simulated demo series)
2022-03-29,BCI,2716.37,22518.67,https://www.balticexchange.com/ (simulated demo series)
2022-03-30,BCI,2938.66,24361.47,https://www.balticexchange.com/ (simulated demo series)
2022-03-31,BCI,3057.54,25347.03,https://www.balticexchange.com/ (simulated demo series)
2022-04-01,BCI,3052.53,25305.47,https://www.balticexchange.com/ (simulated demo series)
2022-04-04,BCI,2823.37,23405.73,https://www.balticexchange.com/ (simulated demo series)
2022-04-05,BCI,2766.34,22932.94,https://www.balticexchange.com/ (simulated demo series)
2022-04-06,BCI,2990.89,24794.46,https://www.balticexchange.com/ (simulated demo series)
2022-04-07,BCI,3123.42,25893.15,https://www.balticexchange.com/ (simulated demo series)
2022-04-08,BCI,3114.68,25820.72,https://www.balticexchange.com/ (simulated demo series)
2022-04-11,BCI,3020.4,25039.13,https://www.balticexchange.com/ (simulated demo series)
2022-04-12,BCI,3101.11,25708.21,https://www.balticexchange.com/ (simulated demo series)
2022-04-13,BCI,3321.9,27538.53,https://www.balticexchange.com/ (simulated demo series)
2022-04-14,BCI,3435.97,28484.16,https://www.balticexchange.com/ (simulated demo series)
2022-04-15,BCI,3514.71,29136.91,https://www.balticexchange.com/ (simulated demo series)
2022-04-18,BCI,3300.53,27361.36,https://www.balticexchange.com/ (simulated demo series)
2022-04-19,BCI,3400.17,28187.4,https://www.balticexchange.com/ (simulated demo series)
2022-04-20,BCI,3226.9,26750.97,https://www.balticexchange.com/ (simulated demo series)
2022-04-21,BCI,3402.28,28204.87,https://www.balticexchange.com/ (simulated demo series)
2022-04-22,BCI,3207.71,26591.91,https://www.balticexchange.com/ (simulated demo series)
2022-04-25,BCI,2969.11,24613.91,https://www.balticexchange.com/ (simulated demo series)
2022-04-26,BCI,3029.42,25113.88,https://www.balticexchange.com/ (simulated demo series)
2022-04-27,BCI,3076.79,25506.55,https://www.balticexchange.com/ (simulated demo series)
2022-04-28,BCI,3118.24,25850.19,https://www.balticexchange.com/ (simulated demo series)
2022-04-29,BCI,3144.56,26068.4,https://www.balticexchange.com/ (simulated demo series)
2022-05-02,BCI,3161.8,26211.34,https://www.balticexchange.com/ (simulated demo series)
2022-05-03,BCI,3435.5,28480.26,https://www.balticexchange.com/ (simulated demo series)
2022-05-04,BCI,3468.14,28750.91,https://www.balticexchange.com/ (simulated demo series)
2022-05-05,BCI,3250.6,26947.47,https://www.balticexchange.com/ (simulated demo series)
2022-05-06,BCI,3268.3,27094.21,https://www.balticexchange.com/ (simulated demo series)
2022-05-09,BCI,3437.16,28494.04,https://www.balticexchange.com/ (simulated demo series)
2022-05-10,BCI,3477.22,28826.12,https://www.balticexchange.com/ (simulated demo series)
2022-05-11,BCI,3573.14,29621.35,https://www.balticexchange.com/ (simulated demo series)
2022-05-12,BCI,3678.71,30496.48,https://www.balticexchange.com/ (simulated demo series)
2022-05-13,BCI,3712.14,30773.61,https://www.balticexchange.com/ (simulated demo series)
2022-05-16,BCI,3609.76,29924.93,https://www.balticexchange.com/ (simulated demo series)
2022-05-17,BCI,3629.57,30089.16,https://www.balticexchange.com/ (simulated demo series)
2022-05-18,BCI,3625.99,30059.46,https://www.balticexchange.com/ (simulated demo series)
2022-05-19,BCI,3751.2,31097.45,https://www.balticexchange.com/ (simulated demo series)
2022-05-20,BCI,3718.25,30824.27,https://www.balticexchange.com/ (simulated demo series)
2022-05-23,BCI,3600.59,29848.86,https://www.balticexchange.com/ (simulated demo series)
2022-05-24,BCI,3523.36,29208.63,https://www.balticexchange.com/ (simulated demo series)
2022-05-25,BCI,3620.83,30016.7,https://www.balticexchange.com/ (simulated demo series)
2022-05-26,BCI,3554.75,29468.85,https://www.balticexchange.com/ (simulated demo series)
2022-05-27,BCI,3536.4,29316.76,https://www.balticexchange.com/ (simulated demo series)
2022-05-30,BCI,3489.49,28927.89,https://www.balticexchange.com/ (simulated demo series)
2022-05-31,BCI,3452.82,28623.84,https://www.balticexchange.com/ (simulated demo series)
2022-06-01,BCI,3584.01,29711.47,https://www.balticexchange.com/ (simulated demo series)
2022-06-02,BCI,3753.63,31117.57,https://www.balticexchange.com/ (simulated demo series)
2022-06-03,BCI,3914.69,32452.76,https://www.balticexchange.com/ (simulated demo series)
2022-06-06,BCI,3584.4,29714.69,https://www.balticexchange.com/ (simulated demo series)
2022-06-07,BCI,3726.91,30896.07,https://www.balticexchange.com/ (simulated demo series)
2022-06-08,BCI,3647.48,30237.61,https://www.balticexchange.com/ (simulated demo series)
2022-06-09,BCI,3571.28,29605.93,https://www.balticexchange.com/ (simulated demo series)
2022-06-10,BCI,3307.23,27416.91,https://www.balticexchange.com/ (simulated demo series)
2022-06-13,BCI,3535.83,29311.99,https://www.balticexchange.com/ (simulated demo series)
2022-06-14,BCI,3761.68,31184.36,https://www.balticexchange.com/ (simulated demo series)
2022-06-15,BCI,3923.33,32524.38,https://www.balticexchange.com/ (simulated demo series)
2022-06-16,BCI,3887.11,32224.11,https://www.balticexchange.com/ (simulated demo series)
2022-06-17,BCI,3909.88,32412.94,https://www.balticexchange.com/ (simulated demo series)
2022-06-20,BCI,4139.14,34313.47,https://www.balticexchange.com/ (simulated demo series)
2022-06-21,BCI,4127.67,34218.38,https://www.balticexchange.com/ (simulated demo series)
2022-06-22,BCI,3939.56,32658.93,https://www.balticexchange.com/ (simulated demo series)
2022-06-23,BCI,3834.11,31784.73,https://www.balticexchange.com/ (simulated demo series)
2022-06-24,BCI,3537.21,29323.45,https://www.balticexchange.com/ (simulated demo series)
2022-06-27,BCI,3791.64,31432.71,https://www.balticexchange.com/ (simulated demo series)
2022-06-28,BCI,3906.7,32386.52,https://www.balticexchange.com/ (simulated demo series)
2022-06-29,BCI,3535.49,29309.25,https://www.balticexchange.com/ (simulated demo series)
2022-06-30,BCI,3866.9,32056.62,https://www.balticexchange.com/ (simulated demo series)
2022-07-01,BCI,3732.74,30944.42,https://www.balticexchange.com/ (simulated demo series)
2022-07-04,BCI,3569.43,29590.58,https://www.balticexchange.com/ (simulated demo series)
2022-07-05,BCI,3530.2,29265.35,https://www.balticexchange.com/ (simulated demo series)
2022-07-06,BCI,3740.84,31011.61,https://www.balticexchange.com/ (simulated demo series)
2022-07-07,BCI,3731.8,30936.64,https://www.balticexchange.com/ (simulated demo series)
2022-07-08,BCI,3628.68,30081.75,https://www.balticexchange.com/ (simulated demo series)
2022-07-11,BCI,3512.58,29119.26,https://www.balticexchange.com/ (simulated demo series)
2022-07-12,BCI,3392.1,28120.47,https://www.balticexchange.com/ (simulated demo series)
2022-07-13,BCI,3423.32,28379.32,https://www.balticexchange.com/ (simulated demo series)
2022-07-14,BCI,3575.12,29637.74,https://www.balticexchange.com/ (simulated demo series)
2022-07-15,BCI,3532.92,29287.92,https://www.balticexchange.com/ (simulated demo series)
2022-07-18,BCI,3604.23,29879.06,https://www.balticexchange.com/ (simulated demo series)
2022-07-19,BCI,3457.97,28666.57,https://www.balticexchange.com/ (simulated demo series)
2022-07-20,BCI,3558.4,29499.15,https://www.balticexchange.com/ (simulated demo series)
2022-07-21,BCI,3658.82,30331.6,https://www.balticexchange.com/ (simulated demo series)
2022-07-22,BCI,3682.16,30525.13,https://www.balticexchange.com/ (simulated demo series)
2022-07-25,BCI,3393.28,28130.31,https://www.balticexchange.com/ (simulated demo series)
2022-07-26,BCI,3458.5,28671.0,https://www.balticexchange.com/ (simulated demo series)
2022-07-27,BCI,3555.67,29476.51,https://www.balticexchange.com/ (simulated demo series)
2022-07-28,BCI,3589.79,29759.32,https://www.balticexchange.com/ (simulated demo series)
2022-07-29,BCI,3570.24,29597.3,https://www.balticexchange.com/ (simulated demo series)
2022-08-01,BCI,3738.39,30991.27,https://www.balticexchange.com/ (simulated demo series)
2022-08-02,BCI,3716.44,30809.33,https://www.balticexchange.com/ (simulated demo series)
2022-08-03,BCI,3917.28,32474.24,https://www.balticexchange.com/ (simulated demo series)
2022-08-04,BCI,3952.86,32769.2,https://www.balticexchange.com/ (simulated demo series)
2022-08-05,BCI,4043.37,33519.52,https://www.balticexchange.com/ (simulated demo series)
2022-08-08,BCI,4327.94,35878.63,https://www.balticexchange.com/ (simulated demo series)
2022-08-09,BCI,4189.15,34728.08,https://www.balticexchange.com/ (simulated demo series)
2022-08-10,BCI,4347.36,36039.62,https://www.balticexchange.com/ (simulated demo series)
2022-08-11,BCI,4105.47,34034.32,https://www.balticexchange.com/ (simulated demo series)
2022-08-12,BCI,3971.66,32925.02,https://www.balticexchange.com/ (simulated demo series)
2022-08-15,BCI,4284.71,35520.25,https://www.balticexchange.com/ (simulated demo series)
2022-08-16,BCI,4187.72,34716.21,https://www.balticexchange.com/ (simulated demo series)
2022-08-17,BCI,4210.0,34900.86,https://www.balticexchange.com/ (simulated demo series)
2022-08-18,BCI,4038.04,33475.37,https://www.balticexchange.com/ (simulated demo series)
2022-08-19,BCI,3950.87,32752.75,https://www.balticexchange.com/ (simulated demo series)
2022-08-22,BCI,3880.5,32169.31,https://www.balticexchange.com/ (simulated demo series)
2022-08-23,BCI,3798.22,31487.28,https://www.balticexchange.com/ (simulated demo series)
2022-08-24,BCI,3898.16,32315.73,https://www.balticexchange.com/ (simulated demo series)
2022-08-25,BCI,3890.33,32250.86,https://www.balticexchange.com/ (simulated demo series)
2022-08-26,BCI,4042.26,33510.32,https://www.balticexchange.com/ (simulated demo series)
2022-08-29,BCI,3809.48,31580.6,https://www.balticexchange.com/ (simulated demo series)
2022-08-30,BCI,3943.8,32694.07,https://www.balticexchange.com/ (simulated demo series)
2022-08-31,BCI,3723.26,30865.8,https://www.balticexchange.com/ (simulated demo series)
2022-09-01,BCI,3705.89,30721.84,https://www.balticexchange.com/ (simulated demo series)
2022-09-02,BCI,3566.2,29563.76,https://www.balticexchange.com/ (simulated demo series)
2022-09-05,BCI,3278.73,27180.67,https://www.balticexchange.com/ (simulated demo series)
2022-09-06,BCI,3225.91,26742.83,https://www.balticexchange.com/ (simulated demo series)
2022-09-07,BCI,3158.1,26180.63,https://www.balticexchange.com/ (simulated demo series)
2022-09-08,BCI,3320.62,27527.96,https://www.balticexchange.com/ (simulated demo series)
2022-09-09,BCI,3198.61,26516.48,https://www.balticexchange.com/ (simulated demo series)
2022-09-12,BCI,3493.46,28960.76,https://www.balticexchange.com/ (simulated demo series)
2022-09-13,BCI,3403.99,28219.04,https://www.balticexchange.com/ (simulated demo series)
2022-09-14,BCI,3372.27,27956.12,https://www.balticexchange.com/ (simulated demo series)
2022-09-15,BCI,3248.06,26926.41,https://www.balticexchange.com/ (simulated demo series)
2022-09-16,BCI,3157.85,26178.61,https://www.balticexchange.com/ (simulated demo series)
2022-09-19,BCI,3210.22,26612.76,https://www.balticexchange.com/ (simulated demo series)
2022-09-20,BCI,3114.61,25820.14,https://www.balticexchange.com/ (simulated demo series)
2022-09-21,BCI,2960.32,24541.06,https://www.balticexchange.com/ (simulated demo series)
2022-09-22,BCI,2908.95,24115.17,https://www.balticexchange.com/ (simulated demo series)
2022-09-23,BCI,2862.94,23733.75,https://www.balticexchange.com/ (simulated demo series)
2022-09-26,BCI,2755.89,22846.36,https://www.balticexchange.com/ (simulated demo series)
2022-09-27,BCI,2742.86,22738.29,https://www.balticexchange.com/ (simulated demo series)
2022-09-28,BCI,2676.68,22189.64,https://www.balticexchange.com/ (simulated demo series)
2022-09-29,BCI,2603.58,21583.68,https://www.balticexchange.com/ (simulated demo series)
2022-09-30,BCI,2499.61,20721.79,https://www.balticexchange.com/ (simulated demo series)
2022-10-03,BCI,2456.85,20367.25,https://www.balticexchange.com/ (simulated demo series)
2022-10-04,BCI,2482.34,20578.59,https://www.balticexchange.com/ (simulated demo series)
2022-10-05,BCI,2520.25,20892.88,https://www.balticexchange.com/ (simulated demo series)
2022-10-06,BCI,2480.74,20565.3,https://www.balticexchange.com/ (simulated demo series)
2022-10-07,BCI,2643.4,21913.8,https://www.balticexchange.com/ (simulated demo series)
2022-10-10,BCI,2648.79,21958.5,https://www.balticexchange.com/ (simulated demo series)
2022-10-11,BCI,2550.16,21140.85,https://www.balticexchange.com/ (simulated demo series)
2022-10-12,BCI,2565.16,21265.19,https://www.balticexchange.com/ (simulated demo series)
2022-10-13,BCI,2506.08,20775.37,https://www.balticexchange.com/ (simulated demo series)
2022-10-14,BCI,2637.54,21865.17,https://www.balticexchange.com/ (simulated demo series)
2022-10-17,BCI,2772.06,22980.38,https://www.balticexchange.com/ (simulated demo series)
2022-10-18,BCI,2850.81,23633.19,https://www.balticexchange.com/ (simulated demo series)
2022-10-19,BCI,2818.83,23368.12,https://www.balticexchange.com/ (simulated demo series)
2022-10-20,BCI,2777.44,23024.98,https://www.balticexchange.com/ (simulated demo series)
2022-10-21,BCI,2768.78,22953.22,https://www.balticexchange.com/ (simulated demo series)
2022-10-24,BCI,2671.17,22143.97,https://www.balticexchange.com/ (simulated demo series)
2022-10-25,BCI,2653.12,21994.36,https://www.balticexchange.com/ (simulated demo series)
2022-10-26,BCI,2543.12,21082.48,https://www.balticexchange.com/ (simulated demo series)
2022-10-27,BCI,2549.7,21137.02,https://www.balticexchange.com/ (simulated demo series)
2022-10-28,BCI,2555.3,21183.46,https://www.balticexchange.com/ (simulated demo series)
2022-10-31,BCI,2551.02,21147.93,https://www.balticexchange.com/ (simulated demo series)
2022-11-01,BCI,2533.29,21001.0,https://www.balticexchange.com/ (simulated demo series)
2022-11-02,BCI,2534.52,21011.14,https://www.balticexchange.com/ (simulated demo series)
2022-11-03,BCI,2763.84,22912.2,https://www.balticexchange.com/ (simulated demo series)
2022-11-04,BCI,2592.96,21495.66,https://www.balticexchange.com/ (simulated demo series)
2022-11-07,BCI,2450.68,20316.15,https://www.balticexchange.com/ (simulated demo series)
2022-11-08,BCI,2331.48,19327.96,https://www.balticexchange.com/ (simulated demo series)
2022-11-09,BCI,2354.83,19521.52,https://www.balticexchange.com/ (simulated demo series)
2022-11-10,BCI,2339.68,19395.91,https://www.balticexchange.com/ (simulated demo series)
2022-11-11,BCI,2349.68,19478.86,https://www.balticexchange.com/ (simulated demo series)
2022-11-14,BCI,2385.08,19772.3,https://www.balticexchange.com/ (simulated demo series)
2022-11-15,BCI,2307.43,19128.61,https://www.balticexchange.com/ (simulated demo series)
2022-11-16,BCI,2229.29,18480.84,https://www.balticexchange.com/ (simulated demo series)
2022-11-17,BCI,2196.6,18209.81,https://www.balticexchange.com/ (simulated demo series)
2022-11-18,BCI,2320.64,19238.12,https://www.balticexchange.com/ (simulated demo series)
2022-11-21,BCI,2340.85,19405.64,https://www.balticexchange.com/ (simulated demo series)
2022-11-22,BCI,2248.11,18636.82,https://www.balticexchange.com/ (simulated demo series)
2022-11-23,BCI,2156.85,17880.29,https://www.balticexchange.com/ (simulated demo series)
2022-11-24,BCI,2247.16,18628.96,https://www.balticexchange.com/ (simulated demo series)
2022-11-25,BCI,2183.66,18102.58,https://www.balticexchange.com/ (simulated demo series)
2022-11-28,BCI,2059.02,17069.25,https://www.balticexchange.com/ (simulated demo series)
2022-11-29,BCI,2162.99,17931.19,https://www.balticexchange.com/ (simulated demo series)
2022-11-30,BCI,2203.26,18265.01,https://www.balticexchange.com/ (simulated demo series)
2022-12-01,BCI,2221.0,18412.08,https://www.balticexchange.com/ (simulated demo series)
2022-12-02,BCI,2133.69,17688.27,https://www.balticexchange.com/ (simulated demo series)
2022-12-05,BCI,2489.48,20637.78,https://www.balticexchange.com/ (simulated demo series)
2022-12-06,BCI,2339.17,19391.71,https://www.balticexchange.com/ (simulated demo series)
2022-12-07,BCI,2455.14,20353.14,https://www.balticexchange.com/ (simulated demo series)
2022-12-08,BCI,2478.75,20548.87,https://www.balticexchange.com/ (simulated demo series)
2022-12-09,BCI,2529.17,20966.82,https://www.balticexchange.com/ (simulated demo series)
2022-12-12,BCI,2414.52,20016.37,https://www.balticexchange.com/ (simulated demo series)
2022-12-13,BCI,2458.18,20378.32,https://www.balticexchange.com/ (simulated demo series)
2022-12-14,BCI,2492.45,20662.43,https://www.balticexchange.com/ (simulated demo series)
2022-12-15,BCI,2590.17,21472.47,https://www.balticexchange.com/ (simulated demo series)
2022-12-16,BCI,2541.08,21065.59,https://www.balticexchange.com/ (simulated demo series)
2022-12-19,BCI,2691.82,22315.18,https://www.balticexchange.com/ (simulated demo series)
2022-12-20,BCI,2686.49,22271.0,https://www.balticexchange.com/ (simulated demo series)
2022-12-21,BCI,2713.57,22495.47,https://www.balticexchange.com/ (simulated demo series)
2022-12-22,BCI,2792.43,23149.22,https://www.balticexchange.com/ (simulated demo series)
2022-12-23,BCI,2850.75,23632.69,https://www.balticexchange.com/ (simulated demo series)
2022-12-26,BCI,2778.85,23036.71,https://www.balticexchange.com/ (simulated demo series)
2022-12-27,BCI,2843.42,23571.95,https://www.balticexchange.com/ (simulated demo series)
2022-12-28,BCI,3043.35,25229.36,https://www.balticexchange.com/ (simulated demo series)
2022-12-29,BCI,2890.7,23963.89,https://www.balticexchange.com/ (simulated demo series)
2022-12-30,BCI,3040.59,25206.45,https://www.balticexchange.com/ (simulated demo series)
2023-01-02,BCI,3033.48,25147.58,https://www.balticexchange.com/ (simulated demo series)
2023-01-03,BCI,2910.9,24131.33,https://www.balticexchange.com/ (simulated demo series)
2023-01-04,BCI,2915.45,24169.08,https://www.balticexchange.com/ (simulated demo series)
2023-01-05,BCI,2860.41,23712.8,https://www.balticexchange.com/ (simulated demo series)
2023-01-06,BCI,2651.6,21981.76,https://www.balticexchange.com/ (simulated demo series)
2023-01-09,BCI,2870.91,23799.85,https://www.balticexchange.com/ (simulated demo series)
2023-01-10,BCI,2782.19,23064.35,https://www.balticexchange.com/ (simulated demo series)
2023-01-11,BCI,2809.02,23286.8,https://www.balticexchange.com/ (simulated demo series)
2023-01-12,BCI,2816.6,23349.64,https://www.balticexchange.com/ (simulated demo series)
2023-01-13,BCI,2737.86,22696.9,https://www.balticexchange.com/ (simulated demo series)
2023-01-16,BCI,2535.06,21015.64,https://www.balticexchange.com/ (simulated demo series)
2023-01-17,BCI,2490.65,20647.52,https://www.balticexchange.com/ (simulated demo series)
2023-01-18,BCI,2580.0,21388.19,https://www.balticexchange.com/ (simulated demo series)
2023-01-19,BCI,2740.76,22720.94,https://www.balticexchange.com/ (simulated demo series)
2023-01-20,BCI,2636.24,21854.42,https://www.balticexchange.com/ (simulated demo series)
2023-01-23,BCI,2633.66,21833.03,https://www.balticexchange.com/ (simulated demo series)
2023-01-24,BCI,2590.68,21476.74,https://www.balticexchange.com/ (simulated demo series)
2023-01-25,BCI,2551.65,21153.19,https://www.balticexchange.com/ (simulated demo series)
2023-01-26,BCI,2387.45,19791.92,https://www.balticexchange.com/ (simulated demo series)
2023-01-27,BCI,2456.74,20366.41,https://www.balticexchange.com/ (simulated demo series)
2023-01-30,BCI,2532.95,20998.18,https://www.balticexchange.com/ (simulated demo series)
2023-01-31,BCI,2577.45,21367.07,https://www.balticexchange.com/ (simulated demo series)
2023-02-01,BCI,2502.12,20742.57,https://www.balticexchange.com/ (simulated demo series)
2023-02-02,BCI,2502.37,20744.65,https://www.balticexchange.com/ (simulated demo series)
2023-02-03,BCI,2562.31,21241.57,https://www.balticexchange.com/ (simulated demo series)
2023-02-06,BCI,2495.56,20688.17,https://www.balticexchange.com/ (simulated demo series)
2023-02-07,BCI,2473.31,20503.75,https://www.balticexchange.com/ (simulated demo series)
2023-02-08,BCI,2587.14,21447.36,https://www.balticexchange.com/ (simulated demo series)
2023-02-09,BCI,2534.92,21014.49,https://www.balticexchange.com/ (simulated demo series)
2023-02-10,BCI,2715.69,22513.06,https://www.balticexchange.com/ (simulated demo series)
2023-02-13,BCI,2510.16,20809.19,https://www.balticexchange.com/ (simulated demo series)
2023-02-14,BCI,2354.47,19518.57,https://www.balticexchange.com/ (simulated demo series)
2023-02-15,BCI,2399.21,19889.45,https://www.balticexchange.com/ (simulated demo series)
2023-02-16,BCI,2320.18,19234.31,https://www.balticexchange.com/ (simulated demo series)
2023-02-17,BCI,2287.95,18967.1,https://www.balticexchange.com/ (simulated demo series)
2023-02-20,BCI,2435.71,20192.01,https://www.balticexchange.com/ (simulated demo series)
2023-02-21,BCI,2323.18,19259.17,https://www.balticexchange.com/ (simulated demo series)
2023-02-22,BCI,2324.42,19269.4,https://www.balticexchange.com/ (simulated demo series)
2023-02-23,BCI,2485.59,20605.52,https://www.balticexchange.com/ (simulated demo series)
2023-02-24,BCI,2591.74,21485.5,https://www.balticexchange.com/ (simulated demo series)
2023-02-27,BCI,2544.91,21097.3,https://www.balticexchange.com/ (simulated demo series)
2023-02-28,BCI,2554.55,21177.24,https://www.balticexchange.com/ (simulated demo series)
2023-03-01,BCI,2564.78,21262.01,https://www.balticexchange.com/ (simulated demo series)
2023-03-02,BCI,2725.0,22590.27,https://www.balticexchange.com/ (simulated demo series)
2023-03-03,BCI,2860.11,23710.32,https://www.balticexchange.com/ (simulated demo series)
2023-03-06,BCI,2620.56,21724.46,https://www.balticexchange.com/ (simulated demo series)
2023-03-07,BCI,2586.34,21440.74,https://www.balticexchange.com/ (simulated demo series)
2023-03-08,BCI,2683.93,22249.79,https://www.balticexchange.com/ (simulated demo series)
2023-03-09,BCI,2852.68,23648.73,https://www.balticexchange.com/ (simulated demo series)
2023-03-10,BCI,2831.83,23475.88,https://www.balticexchange.com/ (simulated demo series)
2023-03-13,BCI,2870.19,23793.91,https://www.balticexchange.com/ (simulated demo series)
2023-03-14,BCI,2895.64,24004.84,https://www.balticexchange.com/ (simulated demo series)
2023-03-15,BCI,2988.8,24777.18,https://www.balticexchange.com/ (simulated demo series)
2023-03-16,BCI,3037.27,25178.96,https://www.balticexchange.com/ (simulated demo series)
2023-03-17,BCI,2781.17,23055.86,https://www.balticexchange.com/ (simulated demo series)
2023-03-20,BCI,2544.97,21097.82,https://www.balticexchange.com/ (simulated demo series)
2023-03-21,BCI,2581.11,21397.41,https://www.balticexchange.com/ (simulated demo series)
2023-03-22,BCI,2532.43,20993.81,https://www.balticexchange.com/ (simulated demo series)
2023-03-23,BCI,2515.81,20856.1,https://www.balticexchange.com/ (simulated demo series)
2023-03-24,BCI,2514.94,20848.87,https://www.balticexchange.com/ (simulated demo series)
2023-03-27,BCI,2713.8,22497.4,https://www.balticexchange.com/ (simulated demo series)
2023-03-28,BCI,2800.82,23218.76,https://www.balticexchange.com/ (simulated demo series)
2023-03-29,BCI,2760.44,22884.02,https://www.balticexchange.com/ (simulated demo series)
2023-03-30,BCI,2810.65,23300.25,https://www.balticexchange.com/ (simulated demo series)
2023-03-31,BCI,2830.32,23463.39,https://www.balticexchange.com/ (simulated demo series)
2023-04-03,BCI,2892.56,23979.33,https://www.balticexchange.com/ (simulated demo series)
2023-04-04,BCI,2778.88,23036.93,https://www.balticexchange.com/ (simulated demo series)
2023-04-05,BCI,2901.12,24050.27,https://www.balticexchange.com/ (simulated demo series)
2023-04-06,BCI,2881.17,23884.87,https://www.balticexchange.com/ (simulated demo series)
2023-04-07,BCI,2786.12,23096.9,https://www.balticexchange.com/ (simulated demo series)
2023-04-10,BCI,2770.88,22970.62,https://www.balticexchange.com/ (simulated demo series)
2023-04-11,BCI,2655.91,22017.49,https://www.balticexchange.com/ (simulated demo series)
2023-04-12,BCI,2679.19,22210.53,https://www.balticexchange.com/ (simulated demo series)
2023-04-13,BCI,2848.33,23612.67,https://www.balticexchange.com/ (simulated demo series)
2023-04-14,BCI,2958.03,24522.1,https://www.balticexchange.com/ (simulated demo series)
2023-04-17,BCI,2833.07,23486.16,https://www.balticexchange.com/ (simulated demo series)
2023-04-18,BCI,2984.92,24744.95,https://www.balticexchange.com/ (simulated demo series)
2023-04-19,BCI,2837.64,23524.04,https://www.balticexchange.com/ (simulated demo series)
2023-04-20,BCI,2756.2,22848.9,https://www.balticexchange.com/ (simulated demo series)
2023-04-21,BCI,2699.66,22380.18,https://www.balticexchange.com/ (simulated demo series)
2023-04-24,BCI,2787.45,23107.98,https://www.balticexchange.com/ (simulated demo series)
2023-04-25,BCI,2901.48,24053.25,https://www.balticexchange.com/ (simulated demo series)
2023-04-26,BCI,2949.27,24449.47,https://www.balticexchange.com/ (simulated demo series)
2023-04-27,BCI,2992.6,24808.61,https://www.balticexchange.com/ (simulated demo series)
2023-04-28,BCI,3150.44,26117.11,https://www.balticexchange.com/ (simulated demo series)
2023-05-01,BCI,3202.51,26548.77,https://www.balticexchange.com/ (simulated demo series)
2023-05-02,BCI,3310.68,27445.53,https://www.balticexchange.com/ (simulated demo series)
2023-05-03,BCI,3178.12,26346.58,https://www.balticexchange.com/ (simulated demo series)
2023-05-04,BCI,3098.08,25683.11,https://www.balticexchange.com/ (simulated demo series)
2023-05-05,BCI,3187.95,26428.07,https://www.balticexchange.com/ (simulated demo series)
2023-05-08,BCI,3233.35,26804.46,https://www.balticexchange.com/ (simulated demo series)
2023-05-09,BCI,3244.65,26898.15,https://www.balticexchange.com/ (simulated demo series)
2023-05-10,BCI,3195.25,26488.6,https://www.balticexchange.com/ (simulated demo series)
2023-05-11,BCI,3135.69,25994.91,https://www.balticexchange.com/ (simulated demo series)
2023-05-12,BCI,3087.37,25594.3,https://www.balticexchange.com/ (simulated demo series)
2023-05-15,BCI,3143.39,26058.69,https://www.balticexchange.com/ (simulated demo series)
2023-05-16,BCI,3274.9,27148.89,https://www.balticexchange.com/ (simulated demo series)
2023-05-17,BCI,3338.36,27674.98,https://www.balticexchange.com/ (simulated demo series)
2023-05-18,BCI,3235.45,26821.84,https://www.balticexchange.com/ (simulated demo series)
2023-05-19,BCI,3041.27,25212.15,https://www.balticexchange.com/ (simulated demo series)
2023-05-22,BCI,2828.76,23450.45,https://www.balticexchange.com/ (simulated demo series)
2023-05-23,BCI,2919.12,24199.48,https://www.balticexchange.com/ (simulated demo series)
2023-05-24,BCI,2907.55,24103.6,https://www.balticexchange.com/ (simulated demo series)
2023-05-25,BCI,2855.71,23673.87,https://www.balticexchange.com/ (simulated demo series)
2023-05-26,BCI,2682.96,22241.74,https://www.balticexchange.com/ (simulated demo series)
2023-05-29,BCI,3036.1,25169.24,https://www.balticexchange.com/ (simulated demo series)
2023-05-30,BCI,3100.4,25702.34,https://www.balticexchange.com/ (simulated demo series)
2023-05-31,BCI,2980.99,24712.44,https://www.balticexchange.com/ (simulated demo series)
2023-06-01,BCI,2993.59,24816.85,https://www.balticexchange.com/ (simulated demo series)
2023-06-02,BCI,2900.73,24047.06,https://www.balticexchange.com/ (simulated demo series)
2023-06-05,BCI,3038.08,25185.67,https://www.balticexchange.com/ (simulated demo series)
2023-06-06,BCI,3203.34,26555.71,https://www.balticexchange.com/ (simulated demo series)
2023-06-07,BCI,3165.78,26244.3,https://www.balticexchange.com/ (simulated demo series)
2023-06-08,BCI,3220.6,26698.8,https://www.balticexchange.com/ (simulated demo series)
2023-06-09,BCI,3441.32,28528.53,https://www.balticexchange.com/ (simulated demo series)
2023-06-12,BCI,3448.84,28590.85,https://www.balticexchange.com/ (simulated demo series)
2023-06-13,BCI,3257.03,27000.78,https://www.balticexchange.com/ (simulated demo series)
2023-06-14,BCI,3172.55,26300.41,https://www.balticexchange.com/ (simulated demo series)
2023-06-15,BCI,3218.63,26682.45,https://www.balticexchange.com/ (simulated demo series)
2023-06-16,BCI,3266.89,27082.54,https://www.balticexchange.com/ (simulated demo series)
2023-06-19,BCI,3329.2,27599.07,https://www.balticexchange.com/ (simulated demo series)
2023-06-20,BCI,3217.71,26674.84,https://www.balticexchange.com/ (simulated demo series)
2023-06-21,BCI,3112.21,25800.18,https://www.balticexchange.com/ (simulated demo series)
2023-06-22,BCI,2892.84,23981.61,https://www.balticexchange.com/ (simulated demo series)
2023-06-23,BCI,2838.09,23527.8,https://www.balticexchange.com/ (simulated demo series)
2023-06-26,BCI,2831.52,23473.28,https://www.balticexchange.com/ (simulated demo series)
2023-06-27,BCI,2741.66,22728.34,https://www.balticexchange.com/ (simulated demo series)
2023-06-28,BCI,2725.74,22596.41,https://www.balticexchange.com/ (simulated demo series)
2023-06-29,BCI,2710.15,22467.15,https://www.balticexchange.com/ (simulated demo series)
2023-06-30,BCI,2758.99,22872.02,https://www.balticexchange.com/ (simulated demo series)
2023-07-03,BCI,2781.37,23057.56,https://www.balticexchange.com/ (simulated demo series)
2023-07-04,BCI,2756.16,22848.56,https://www.balticexchange.com/ (simulated demo series)
2023-07-05,BCI,2849.22,23620.05,https://www.balticexchange.com/ (simulated demo series)
2023-07-06,BCI,3042.57,25222.93,https://www.balticexchange.com/ (simulated demo series)
2023-07-07,BCI,3126.6,25919.54,https://www.balticexchange.com/ (simulated demo series)
2023-07-10,BCI,3287.64,27254.55,https://www.balticexchange.com/ (simulated demo series)
2023-07-11,BCI,3179.75,26360.16,https://www.balticexchange.com/ (simulated demo series)
2023-07-12,BCI,3059.57,25363.82,https://www.balticexchange.com/ (simulated demo series)
2023-07-13,BCI,2904.02,24074.37,https://www.balticexchange.com/ (simulated demo series)
2023-07-14,BCI,3066.26,25419.26,https://www.balticexchange.com/ (simulated demo series)
2023-07-17,BCI,3099.72,25696.7,https://www.balticexchange.com/ (simulated demo series)
2023-07-18,BCI,3157.21,26173.25,https://www.balticexchange.com/ (simulated demo series)
2023-07-19,BCI,3020.32,25038.48,https://www.balticexchange.com/ (simulated demo series)
2023-07-20,BCI,3060.9,25374.86,https://www.balticexchange.com/ (simulated demo series)
2023-07-21,BCI,3082.31,25552.33,https://www.balticexchange.com/ (simulated demo series)
2023-07-24,BCI,3033.12,25144.58,https://www.balticexchange.com/ (simulated demo series)
2023-07-25,BCI,3167.45,26258.19,https://www.balticexchange.com/ (simulated demo series)
2023-07-26,BCI,3398.44,28173.04,https://www.balticexchange.com/ (simulated demo series)
2023-07-27,BCI,3559.82,29510.9,https://www.balticexchange.com/ (simulated demo series)
2023-07-28,BCI,3321.98,27539.18,https://www.balticexchange.com/ (simulated demo series)
2023-07-31,BCI,3249.47,26938.13,https://www.balticexchange.com/ (simulated demo series)
2023-08-01,BCI,3293.59,27303.85,https://www.balticexchange.com/ (simulated demo series)
2023-08-02,BCI,3229.87,26775.66,https://www.balticexchange.com/ (simulated demo series)
2023-08-03,BCI,3083.98,25566.22,https://www.balticexchange.com/ (simulated demo series)
2023-08-04,BCI,3119.88,25863.84,https://www.balticexchange.com/ (simulated demo series)
2023-08-07,BCI,3194.74,26484.37,https://www.balticexchange.com/ (simulated demo series)
2023-08-08,BCI,3208.56,26598.94,https://www.balticexchange.com/ (simulated demo series)
2023-08-09,BCI,3331.12,27615.02,https://www.balticexchange.com/ (simulated demo series)
2023-08-10,BCI,3474.53,28803.83,https://www.balticexchange.com/ (simulated demo series)
2023-08-11,BCI,3503.41,29043.26,https://www.balticexchange.com/ (simulated demo series)
2023-08-14,BCI,3119.39,25859.75,https://www.balticexchange.com/ (simulated demo series)
2023-08-15,BCI,3023.3,25063.16,https://www.balticexchange.com/ (simulated demo series)
2023-08-16,BCI,2934.53,24327.27,https://www.balticexchange.com/ (simulated demo series)
2023-08-17,BCI,2787.83,23111.12,https://www.balticexchange.com/ (simulated demo series)
2023-08-18,BCI,2780.56,23050.83,https://www.balticexchange.com/ (simulated demo series)
2023-08-21,BCI,2978.99,24695.87,https://www.balticexchange.com/ (simulated demo series)
2023-08-22,BCI,2926.34,24259.4,https://www.balticexchange.com/ (simulated demo series)
2023-08-23,BCI,2883.63,23905.33,https://www.balticexchange.com/ (simulated demo series)
2023-08-24,BCI,2993.56,24816.6,https://www.balticexchange.com/ (simulated demo series)
2023-08-25,BCI,3049.04,25276.56,https://www.balticexchange.com/ (simulated demo series)
2023-08-28,BCI,2877.58,23855.13,https://www.balticexchange.com/ (simulated demo series)
2023-08-29,BCI,2901.66,24054.77,https://www.balticexchange.com/ (simulated demo series)
2023-08-30,BCI,2930.19,24291.31,https://www.balticexchange.com/ (simulated demo series)
2023-08-31,BCI,2813.46,23323.57,https://www.balticexchange.com/ (simulated demo series)
2023-09-01,BCI,2718.23,22534.16,https://www.balticexchange.com/ (simulated demo series)
2023-09-04,BCI,2433.55,20174.14,https://www.balticexchange.com/ (simulated demo series)
2023-09-05,BCI,2433.81,20176.25,https://www.balticexchange.com/ (simulated demo series)
2023-09-06,BCI,2335.58,19361.98,https://www.balticexchange.com/ (simulated demo series)
2023-09-07,BCI,2415.85,20027.41,https://www.balticexchange.com/ (simulated demo series)
2023-09-08,BCI,2239.95,18569.22,https://www.balticexchange.com/ (simulated demo series)
2023-09-11,BCI,2159.98,17906.23,https://www.balticexchange.com/ (simulated demo series)
2023-09-12,BCI,2192.99,18179.92,https://www.balticexchange.com/ (simulated demo series)
2023-09-13,BCI,2097.37,17387.23,https://www.balticexchange.com/ (simulated demo series)
2023-09-14,BCI,2024.52,16783.3,https://www.balticexchange.com/ (simulated demo series)
2023-09-15,BCI,2026.22,16797.4,https://www.balticexchange.com/ (simulated demo series)
2023-09-18,BCI,2164.2,17941.22,https://www.balticexchange.com/ (simulated demo series)
2023-09-19,BCI,2186.18,18123.4,https://www.balticexchange.com/ (simulated demo series)
2023-09-20,BCI,2188.86,18145.68,https://www.balticexchange.com/ (simulated demo series)
2023-09-21,BCI,2248.25,18638.02,https://www.balticexchange.com/ (simulated demo series)
2023-09-22,BCI,2226.39,18456.75,https://www.balticexchange.com/ (simulated demo series)
2023-09-25,BCI,2123.1,17600.5,https://www.balticexchange.com/ (simulated demo series)
2023-09-26,BCI,2052.87,17018.29,https://www.balticexchange.com/ (simulated demo series)
2023-09-27,BCI,1927.2,15976.45,https://www.balticexchange.com/ (simulated demo series)
2023-09-28,BCI,1931.24,16009.95,https://www.balticexchange.com/ (simulated demo series)
2023-09-29,BCI,2033.61,16858.66,https://www.balticexchange.com/ (simulated demo series)
2023-10-02,BCI,1991.5,16509.51,https://www.balticexchange.com/ (simulated demo series)
2023-10-03,BCI,1993.61,16527.05,https://www.balticexchange.com/ (simulated demo series)
2023-10-04,BCI,1993.12,16522.94,https://www.balticexchange.com/ (simulated demo series)
2023-10-05,BCI,2066.91,17134.67,https://www.balticexchange.com/ (simulated demo series)
2023-10-06,BCI,2072.12,17177.84,https://www.balticexchange.com/ (simulated demo series)
2023-10-09,BCI,1989.87,16495.99,https://www.balticexchange.com/ (simulated demo series)
2023-10-10,BCI,2057.26,17054.67,https://www.balticexchange.com/ (simulated demo series)
2023-10-11,BCI,2055.61,17040.99,https://www.balticexchange.com/ (simulated demo series)
2023-10-12,BCI,2142.4,17760.53,https://www.balticexchange.com/ (simulated demo series)
2023-10-13,BCI,2144.41,17777.12,https://www.balticexchange.com/ (simulated demo series)
2023-10-16,BCI,2213.08,18346.47,https://www.balticexchange.com/ (simulated demo series)
2023-10-17,BCI,2275.64,18865.03,https://www.balticexchange.com/ (simulated demo series)
2023-10-18,BCI,2321.21,19242.85,https://www.balticexchange.com/ (simulated demo series)
2023-10-19,BCI,2291.38,18995.5,https://www.balticexchange.com/ (simulated demo series)
2023-10-20,BCI,2211.21,18330.96,https://www.balticexchange.com/ (simulated demo series)
2023-10-23,BCI,2402.93,19920.31,https://www.balticexchange.com/ (simulated demo series)
2023-10-24,BCI,2464.95,20434.42,https://www.balticexchange.com/ (simulated demo series)
2023-10-25,BCI,2388.85,19803.58,https://www.balticexchange.com/ (simulated demo series)
2023-10-26,BCI,2138.06,17724.54,https://www.balticexchange.com/ (simulated demo series)
2023-10-27,BCI,2174.39,18025.67,https://www.balticexchange.com/ (simulated demo series)
2023-10-30,BCI,2208.75,18310.56,https://www.balticexchange.com/ (simulated demo series)
2023-10-31,BCI,2291.02,18992.54,https://www.balticexchange.com/ (simulated demo series)
2023-11-01,BCI,2455.17,20353.38,https://www.balticexchange.com/ (simulated demo series)
2023-11-02,BCI,2387.42,19791.75,https://www.balticexchange.com/ (simulated demo series)
2023-11-03,BCI,2375.41,19692.11,https://www.balticexchange.com/ (simulated demo series)
2023-11-06,BCI,2315.25,19193.39,https://www.balticexchange.com/ (simulated demo series)
2023-11-07,BCI,2480.73,20565.26,https://www.balticexchange.com/ (simulated demo series)
2023-11-08,BCI,2456.46,20364.07,https://www.balticexchange.com/ (simulated demo series)
2023-11-09,BCI,2399.24,19889.74,https://www.balticexchange.com/ (simulated demo series)
2023-11-10,BCI,2515.67,20854.92,https://www.balticexchange.com/ (simulated demo series)
2023-11-13,BCI,2484.46,20596.19,https://www.balticexchange.com/ (simulated demo series)
2023-11-14,BCI,2666.65,22106.53,https://www.balticexchange.com/ (simulated demo series)
2023-11-15,BCI,2533.22,21000.4,https://www.balticexchange.com/ (simulated demo series)
2023-11-16,BCI,2518.65,20879.62,https://www.balticexchange.com/ (simulated demo series)
2023-11-17,BCI,2289.52,18980.14,https://www.balticexchange.com/ (simulated demo series)
2023-11-20,BCI,2395.4,19857.84,https://www.balticexchange.com/ (simulated demo series)
2023-11-21,BCI,2387.34,19791.01,https://www.balticexchange.com/ (simulated demo series)
2023-11-22,BCI,2441.0,20235.91,https://www.balticexchange.com/ (simulated demo series)
2023-11-23,BCI,2517.61,20871.02,https://www.balticexchange.com/ (simulated demo series)
2023-11-24,BCI,2436.7,20200.25,https://www.balticexchange.com/ (simulated demo series)
2023-11-27,BCI,2245.78,18617.55,https://www.balticexchange.com/ (simulated demo series)
2023-11-28,BCI,2305.45,19112.18,https://www.balticexchange.com/ (simulated demo series)
2023-11-29,BCI,2256.38,18705.39,https://www.balticexchange.com/ (simulated demo series)
2023-11-30,BCI,2316.9,19207.13,https://www.balticexchange.com/ (simulated demo series)
2023-12-01,BCI,2192.67,18177.24,https://www.balticexchange.com/ (simulated demo series)
2023-12-04,BCI,2390.83,19819.98,https://www.balticexchange.com/ (simulated demo series)
2023-12-05,BCI,2372.41,19667.25,https://www.balticexchange.com/ (simulated demo series)
2023-12-06,BCI,2403.75,19927.06,https://www.balticexchange.com/ (simulated demo series)
2023-12-07,BCI,2406.16,19947.1,https://www.balticexchange.com/ (simulated demo series)
2023-12-08,BCI,2438.29,20213.46,https://www.balticexchange.com/ (simulated demo series)
2023-12-11,BCI,2522.39,20910.61,https://www.balticexchange.com/ (simulated demo series)
2023-12-12,BCI,2548.27,21125.19,https://www.balticexchange.com/ (simulated demo series)
2023-12-13,BCI,2525.37,20935.31,https://www.balticexchange.com/ (simulated demo series)
2023-12-14,BCI,2666.97,22109.19,https://www.balticexchange.com/ (simulated demo series)
2023-12-15,BCI,2606.29,21606.14,https://www.balticexchange.com/ (simulated demo series)
2023-12-18,BCI,2629.0,21794.37,https://www.balticexchange.com/ (simulated demo series)
2023-12-19,BCI,2622.18,21737.85,https://www.balticexchange.com/ (simulated demo series)
2023-12-20,BCI,2675.75,22182.0,https://www.balticexchange.com/ (simulated demo series)
2023-12-21,BCI,2555.69,21186.67,https://www.balticexchange.com/ (simulated demo series)
2023-12-22,BCI,2694.12,22334.26,https://www.balticexchange.com/ (simulated demo series)
2023-12-25,BCI,2548.96,21130.87,https://www.balticexchange.com/ (simulated demo series)
2023-12-26,BCI,2599.25,21547.82,https://www.balticexchange.com/ (simulated demo series)
2023-12-27,BCI,2573.46,21333.94,https://www.balticexchange.com/ (simulated demo series)
2023-12-28,BCI,2615.07,21678.95,https://www.balticexchange.com/ (simulated demo series)
2023-12-29,BCI,2663.23,22078.19,https://www.balticexchange.com/ (simulated demo series)
2024-01-01,BCI,2606.15,21605.01,https://www.balticexchange.com/ (simulated demo series)
2024-01-02,BCI,2607.61,21617.05,https://www.balticexchange.com/ (simulated demo series)
2024-01-03,BCI,2723.23,22575.57,https://www.balticexchange.com/ (simulated demo series)
2024-01-04,BCI,2761.07,22889.23,https://www.balticexchange.com/ (simulated demo series)
2024-01-05,BCI,2784.99,23087.57,https://www.balticexchange.com/ (simulated demo series)
2024-01-08,BCI,2958.83,24528.74,https://www.balticexchange.com/ (simulated demo series)
2024-01-09,BCI,2906.98,24098.87,https://www.balticexchange.com/ (simulated demo series)
2024-01-10,BCI,2893.74,23989.13,https://www.balticexchange.com/ (simulated demo series)
2024-01-11,BCI,2932.77,24312.64,https://www.balticexchange.com/ (simulated demo series)
2024-01-12,BCI,2727.96,22614.83,https://www.balticexchange.com/ (simulated demo series)
2024-01-15,BCI,2643.57,21915.21,https://www.balticexchange.com/ (simulated demo series)
2024-01-16,BCI,2617.33,21697.69,https://www.balticexchange.com/ (simulated demo series)
2024-01-17,BCI,2482.04,20576.15,https://www.balticexchange.com/ (simulated demo series)
2024-01-18,BCI,2536.05,21023.88,https://www.balticexchange.com/ (simulated demo series)
2024-01-19,BCI,2431.4,20156.31,https://www.balticexchange.com/ (simulated demo series)
2024-01-22,BCI,2423.18,20088.14,https://www.balticexchange.com/ (simulated demo series)
2024-01-23,BCI,2495.47,20687.48,https://www.balticexchange.com/ (simulated demo series)
2024-01-24,BCI,2542.63,21078.44,https://www.balticexchange.com/ (simulated demo series)
2024-01-25,BCI,2428.79,20134.71,https://www.balticexchange.com/ (simulated demo series)
2024-01-26,BCI,2417.28,20039.22,https://www.balticexchange.com/ (simulated demo series)
2024-01-29,BCI,2346.86,19455.48,https://www.balticexchange.com/ (simulated demo series)
2024-01-30,BCI,2427.11,20120.73,https://www.balticexchange.com/ (simulated demo series)
2024-01-31,BCI,2402.18,19914.09,https://www.balticexchange.com/ (simulated demo series)
2024-02-01,BCI,2422.65,20083.8,https://www.balticexchange.com/ (simulated demo series)
2024-02-02,BCI,2463.35,20421.13,https://www.balticexchange.com/ (simulated demo series)
2024-02-05,BCI,2356.07,19531.81,https://www.balticexchange.com/ (simulated demo series)
2024-02-06,BCI,2325.32,19276.91,https://www.balticexchange.com/ (simulated demo series)
2024-02-07,BCI,2323.19,19259.26,https://www.balticexchange.com/ (simulated demo series)
2024-02-08,BCI,2362.46,19584.81,https://www.balticexchange.com/ (simulated demo series)
2024-02-09,BCI,2408.82,19969.11,https://www.balticexchange.com/ (simulated demo series)
2024-02-12,BCI,2321.68,19246.74,https://www.balticexchange.com/ (simulated demo series)
2024-02-13,BCI,2402.79,19919.14,https://www.balticexchange.com/ (simulated demo series)
2024-02-14,BCI,2400.82,19902.82,https://www.balticexchange.com/ (simulated demo series)
2024-02-15,BCI,2499.73,20722.8,https://www.balticexchange.com/ (simulated demo series)
2024-02-16,BCI,2450.71,20316.42,https://www.balticexchange.com/ (simulated demo series)
2024-02-19,BCI,2443.97,20260.52,https://www.balticexchange.com/ (simulated demo series)
2024-02-20,BCI,2403.01,19920.96,https://www.balticexchange.com/ (simulated demo series)
2024-02-21,BCI,2469.53,20472.4,https://www.balticexchange.com/ (simulated demo series)
2024-02-22,BCI,2373.39,19675.42,https://www.balticexchange.com/ (simulated demo series)
2024-02-23,BCI,2387.38,19791.38,https://www.balticexchange.com/ (simulated demo series)
2024-02-26,BCI,2443.95,20260.36,https://www.balticexchange.com/ (simulated demo series)
2024-02-27,BCI,2512.34,20827.3,https://www.balticexchange.com/ (simulated demo series)
2024-02-28,BCI,2407.62,19959.17,https://www.balticexchange.com/ (simulated demo series)
2024-02-29,BCI,2417.71,20042.82,https://www.balticexchange.com/ (simulated demo series)
2024-03-01,BCI,2345.56,19444.73,https://www.balticexchange.com/ (simulated demo series)
2024-03-04,BCI,2469.57,20472.73,https://www.balticexchange.com/ (simulated demo series)
2024-03-05,BCI,2381.5,19742.62,https://www.balticexchange.com/ (simulated demo series)
2024-03-06,BCI,2389.93,19812.55,https://www.balticexchange.com/ (simulated demo series)
2024-03-07,BCI,2303.21,19093.58,https://www.balticexchange.com/ (simulated demo series)
2024-03-08,BCI,2295.12,19026.57,https://www.balticexchange.com/ (simulated demo series)
2024-03-11,BCI,2281.4,18912.77,https://www.balticexchange.com/ (simulated demo series)
2024-03-12,BCI,2179.29,18066.29,https://www.balticexchange.com/ (simulated demo series)
2024-03-13,BCI,2106.7,17464.53,https://www.balticexchange.com/ (simulated demo series)
2024-03-14,BCI,2120.4,17578.12,https://www.balticexchange.com/ (simulated demo series)
2024-03-15,BCI,2074.46,17197.26,https://www.balticexchange.com/ (simulated demo series)
2024-03-18,BCI,2194.28,18190.6,https://www.balticexchange.com/ (simulated demo series)
2024-03-19,BCI,2279.88,18900.23,https://www.balticexchange.com/ (simulated demo series)
2024-03-20,BCI,2397.19,19872.73,https://www.balticexchange.com/ (simulated demo series)
2024-03-21,BCI,2535.14,21016.33,https://www.balticexchange.com/ (simulated demo series)
2024-03-22,BCI,2446.28,20279.66,https://www.balticexchange.com/ (simulated demo series)
2024-03-25,BCI,2209.59,18317.51,https://www.balticexchange.com/ (simulated demo series)
2024-03-26,BCI,2247.07,18628.18,https://www.balticexchange.com/ (simulated demo series)
2024-03-27,BCI,2202.01,18254.69,https://www.balticexchange.com/ (simulated demo series)
2024-03-28,BCI,2212.12,18338.5,https://www.balticexchange.com/ (simulated demo series)
2024-03-29,BCI,2294.51,19021.46,https://www.balticexchange.com/ (simulated demo series)
2024-04-01,BCI,2370.9,19654.79,https://www.balticexchange.com/ (simulated demo series)
2024-04-02,BCI,2428.73,20134.14,https://www.balticexchange.com/ (simulated demo series)
2024-04-03,BCI,2428.04,20128.41,https://www.balticexchange.com/ (simulated demo series)
2024-04-04,BCI,2441.61,20240.98,https://www.balticexchange.com/ (simulated demo series)
2024-04-05,BCI,2413.36,20006.77,https://www.balticexchange.com/ (simulated demo series)
2024-04-08,BCI,2515.56,20853.98,https://www.balticexchange.com/ (simulated demo series)
2024-04-09,BCI,2615.36,21681.3,https://www.balticexchange.com/ (simulated demo series)
2024-04-10,BCI,2494.07,20675.8,https://www.balticexchange.com/ (simulated demo series)
2024-04-11,BCI,2452.09,20327.84,https://www.balticexchange.com/ (simulated demo series)
2024-04-12,BCI,2469.34,20470.87,https://www.balticexchange.com/ (simulated demo series)
2024-04-15,BCI,2592.58,21492.45,https://www.balticexchange.com/ (simulated demo series)
2024-04-16,BCI,2576.92,21362.65,https://www.balticexchange.com/ (simulated demo series)
2024-04-17,BCI,2594.74,21510.41,https://www.balticexchange.com/ (simulated demo series)
2024-04-18,BCI,2576.87,21362.28,https://www.balticexchange.com/ (simulated demo series)
2024-04-19,BCI,2473.71,20507.08,https://www.balticexchange.com/ (simulated demo series)
2024-04-22,BCI,2503.23,20751.78,https://www.balticexchange.com/ (simulated demo series)
2024-04-23,BCI,2585.42,21433.16,https://www.balticexchange.com/ (simulated demo series)
2024-04-24,BCI,2548.16,21124.26,https://www.balticexchange.com/ (simulated demo series)
2024-04-25,BCI,2503.62,20755.03,https://www.balticexchange.com/ (simulated demo series)
2024-04-26,BCI,2416.78,20035.14,https://www.balticexchange.com/ (simulated demo series)
2024-04-29,BCI,2350.54,19485.94,https://www.balticexchange.com/ (simulated demo series)
2024-04-30,BCI,2295.74,19031.66,https://www.balticexchange.com/ (simulated demo series)
2024-05-01,BCI,2125.75,17622.47,https://www.balticexchange.com/ (simulated demo series)
2024-05-02,BCI,2060.48,17081.37,https://www.balticexchange.com/ (simulated demo series)
2024-05-03,BCI,2048.46,16981.72,https://www.balticexchange.com/ (simulated demo series)
2024-05-06,BCI,2196.54,18209.3,https://www.balticexchange.com/ (simulated demo series)
2024-05-07,BCI,2412.26,19997.62,https://www.balticexchange.com/ (simulated demo series)
2024-05-08,BCI,2343.22,19425.3,https://www.balticexchange.com/ (simulated demo series)
2024-05-09,BCI,2350.19,19483.05,https://www.balticexchange.com/ (simulated demo series)
2024-05-10,BCI,2245.37,18614.11,https://www.balticexchange.com/ (simulated demo series)
2024-05-13,BCI,2429.84,20143.36,https://www.balticexchange.com/ (simulated demo series)
2024-05-14,BCI,2473.75,20507.43,https://www.balticexchange.com/ (simulated demo series)
2024-05-15,BCI,2390.27,19815.33,https://www.balticexchange.com/ (simulated demo series)
2024-05-16,BCI,2493.83,20673.83,https://www.balticexchange.com/ (simulated demo series)
2024-05-17,BCI,2552.35,21159.02,https://www.balticexchange.com/ (simulated demo series)
2024-05-20,BCI,2568.02,21288.87,https://www.balticexchange.com/ (simulated demo series)
2024-05-21,BCI,2554.28,21175.0,https://www.balticexchange.com/ (simulated demo series)
2024-05-22,BCI,2600.9,21561.45,https://www.balticexchange.com/ (simulated demo series)
2024-05-23,BCI,2620.69,21725.53,https://www.balticexchange.com/ (simulated demo series)
2024-05-24,BCI,2483.37,20587.16,https://www.balticexchange.com/ (simulated demo series)
2024-05-27,BCI,2467.83,20458.28,https://www.balticexchange.com/ (simulated demo series)
2024-05-28,BCI,2559.99,21222.35,https://www.balticexchange.com/ (simulated demo series)
2024-05-29,BCI,2499.85,20723.74,https://www.balticexchange.com/ (simulated demo series)
2024-05-30,BCI,2576.87,21362.26,https://www.balticexchange.com/ (simulated demo series)
2024-05-31,BCI,2555.23,21182.84,https://www.balticexchange.com/ (simulated demo series)
2024-06-03,BCI,2699.22,22376.56,https://www.balticexchange.com/ (simulated demo series)
2024-06-04,BCI,2788.97,23120.58,https://www.balticexchange.com/ (simulated demo series)
2024-06-05,BCI,2705.33,22427.15,https://www.balticexchange.com/ (simulated demo series)
2024-06-06,BCI,2588.18,21456.05,https://www.balticexchange.com/ (simulated demo series)
2024-06-07,BCI,2580.7,21394.0,https://www.balticexchange.com/ (simulated demo series)
2024-06-10,BCI,2366.85,19621.18,https://www.balticexchange.com/ (simulated demo series)
2024-06-11,BCI,2421.95,20077.93,https://www.balticexchange.com/ (simulated demo series)
2024-06-12,BCI,2424.89,20102.32,https://www.balticexchange.com/ (simulated demo series)
2024-06-13,BCI,2418.17,20046.64,https://www.balticexchange.com/ (simulated demo series)
2024-06-14,BCI,2182.9,18096.28,https://www.balticexchange.com/ (simulated demo series)
2024-06-17,BCI,2237.07,18545.32,https://www.balticexchange.com/ (simulated demo series)
2024-06-18,BCI,2201.39,18249.5,https://www.balticexchange.com/ (simulated demo series)
2024-06-19,BCI,2335.73,19363.19,https://www.balticexchange.com/ (simulated demo series)
2024-06-20,BCI,2393.09,19838.68,https://www.balticexchange.com/ (simulated demo series)
2024-06-21,BCI,2458.08,20377.45,https://www.balticexchange.com/ (simulated demo series)
2024-06-24,BCI,2676.28,22186.36,https://www.balticexchange.com/ (simulated demo series)
2024-06-25,BCI,2681.23,22227.38,https://www.balticexchange.com/ (simulated demo series)
2024-06-26,BCI,2652.84,21992.01,https://www.balticexchange.com/ (simulated demo series)
2024-06-27,BCI,2645.26,21929.25,https://www.balticexchange.com/ (simulated demo series)
2024-06-28,BCI,2583.2,21414.71,https://www.balticexchange.com/ (simulated demo series)
2024-07-01,BCI,2909.09,24116.39,https://www.balticexchange.com/ (simulated demo series)
2024-07-02,BCI,2891.16,23967.73,https://www.balticexchange.com/ (simulated demo series)
2024-07-03,BCI,2858.59,23697.72,https://www.balticexchange.com/ (simulated demo series)
2024-07-04,BCI,2752.31,22816.68,https://www.balticexchange.com/ (simulated demo series)
2024-07-05,BCI,2758.17,22865.26,https://www.balticexchange.com/ (simulated demo series)
2024-07-08,BCI,2870.93,23800.0,https://www.balticexchange.com/ (simulated demo series)
2024-07-09,BCI,2954.57,24493.42,https://www.balticexchange.com/ (simulated demo series)
2024-07-10,BCI,2861.93,23725.42,https://www.balticexchange.com/ (simulated demo series)
2024-07-11,BCI,2911.99,24140.4,https://www.balticexchange.com/ (simulated demo series)
2024-07-12,BCI,3091.9,25631.87,https://www.balticexchange.com/ (simulated demo series)
2024-07-15,BCI,3332.51,27626.47,https://www.balticexchange.com/ (simulated demo series)
2024-07-16,BCI,3290.56,27278.76,https://www.balticexchange.com/ (simulated demo series)
2024-07-17,BCI,3218.79,26683.78,https://www.balticexchange.com/ (simulated demo series)
2024-07-18,BCI,3307.09,27415.74,https://www.balticexchange.com/ (simulated demo series)
2024-07-19,BCI,3293.79,27305.55,https://www.balticexchange.com/ (simulated demo series)
2024-07-22,BCI,3487.1,28908.04,https://www.balticexchange.com/ (simulated demo series)
2024-07-23,BCI,3599.64,29841.01,https://www.balticexchange.com/ (simulated demo series)
2024-07-24,BCI,3399.88,28185.0,https://www.balticexchange.com/ (simulated demo series)
2024-07-25,BCI,3518.51,29168.45,https://www.balticexchange.com/ (simulated demo series)
2024-07-26,BCI,3430.62,28439.85,https://www.balticexchange.com/ (simulated demo series)
2024-07-29,BCI,3340.49,27692.7,https://www.balticexchange.com/ (simulated demo series)
2024-07-30,BCI,3305.09,27399.17,https://www.balticexchange.com/ (simulated demo series)
2024-07-31,BCI,3305.53,27402.81,https://www.balticexchange.com/ (simulated demo series)
2024-08-01,BCI,3196.98,26502.95,https://www.balticexchange.com/ (simulated demo series)
2024-08-02,BCI,3220.05,26694.25,https://www.balticexchange.com/ (simulated demo series)
2024-08-05,BCI,3194.59,26483.15,https://www.balticexchange.com/ (simulated demo series)
2024-08-06,BCI,3089.38,25610.93,https://www.balticexchange.com/ (simulated demo series)
2024-08-07,BCI,2943.62,24402.63,https://www.balticexchange.com/ (simulated demo series)
2024-08-08,BCI,3037.48,25180.73,https://www.balticexchange.com/ (simulated demo series)
2024-08-09,BCI,3036.2,25170.07,https://www.balticexchange.com/ (simulated demo series)
2024-08-12,BCI,2738.34,22700.84,https://www.balticexchange.com/ (simulated demo series)
2024-08-13,BCI,2717.92,22531.52,https://www.balticexchange.com/ (simulated demo series)
2024-08-14,BCI,2801.53,23224.7,https://www.balticexchange.com/ (simulated demo series)
2024-08-15,BCI,2650.4,21971.85,https://www.balticexchange.com/ (simulated demo series)
2024-08-16,BCI,2494.24,20677.28,https://www.balticexchange.com/ (simulated demo series)
2024-08-19,BCI,2302.19,19085.19,https://www.balticexchange.com/ (simulated demo series)
2024-08-20,BCI,2329.38,19310.59,https://www.balticexchange.com/ (simulated demo series)
2024-08-21,BCI,2455.1,20352.77,https://www.balticexchange.com/ (simulated demo series)
2024-08-22,BCI,2403.67,19926.41,https://www.balticexchange.com/ (simulated demo series)
2024-08-23,BCI,2391.02,19821.58,https://www.balticexchange.com/ (simulated demo series)
2024-08-26,BCI,2350.87,19488.7,https://www.balticexchange.com/ (simulated demo series)
2024-08-27,BCI,2476.27,20528.25,https://www.balticexchange.com/ (simulated demo series)
2024-08-28,BCI,2356.71,19537.16,https://www.balticexchange.com/ (simulated demo series)
2024-08-29,BCI,2394.54,19850.77,https://www.balticexchange.com/ (simulated demo series)
2024-08-30,BCI,2270.76,18824.58,https://www.balticexchange.com/ (simulated demo series)
2024-09-02,BCI,2423.62,20091.82,https://www.balticexchange.com/ (simulated demo series)
2024-09-03,BCI,2393.09,19838.71,https://www.balticexchange.com/ (simulated demo series)
2024-09-04,BCI,2538.39,21043.29,https://www.balticexchange.com/ (simulated demo series)
2024-09-05,BCI,2671.85,22149.66,https://www.balticexchange.com/ (simulated demo series)
2024-09-06,BCI,2637.57,21865.46,https://www.balticexchange.com/ (simulated demo series)
2024-09-09,BCI,2301.86,19082.43,https://www.balticexchange.com/ (simulated demo series)
2024-09-10,BCI,2389.22,19806.6,https://www.balticexchange.com/ (simulated demo series)
2024-09-11,BCI,2281.16,18910.79,https://www.balticexchange.com/ (simulated demo series)
2024-09-12,BCI,2253.0,18677.35,https://www.balticexchange.com/ (simulated demo series)
2024-09-13,BCI,2208.03,18304.55,https://www.balticexchange.com/ (simulated demo series)
2024-09-16,BCI,2249.64,18649.55,https://www.balticexchange.com/ (simulated demo series)
2024-09-17,BCI,2344.76,19438.05,https://www.balticexchange.com/ (simulated demo series)
2024-09-18,BCI,2304.15,19101.37,https://www.balticexchange.com/ (simulated demo series)
2024-09-19,BCI,2303.59,19096.73,https://www.balticexchange.com/ (simulated demo series)
2024-09-20,BCI,2298.13,19051.51,https://www.balticexchange.com/ (simulated demo series)
2024-09-23,BCI,2418.22,20047.05,https://www.balticexchange.com/ (simulated demo series)
2024-09-24,BCI,2213.73,18351.82,https://www.balticexchange.com/ (simulated demo series)
2024-09-25,BCI,2130.68,17663.32,https://www.balticexchange.com/ (simulated demo series)
2024-09-26,BCI,2100.89,17416.39,https://www.balticexchange.com/ (simulated demo series)
2024-09-27,BCI,2008.17,16647.74,https://www.balticexchange.com/ (simulated demo series)
2024-09-30,BCI,2119.59,17571.37,https://www.balticexchange.com/ (simulated demo series)
2024-10-01,BCI,2076.64,17215.38,https://www.balticexchange.com/ (simulated demo series)
2024-10-02,BCI,2089.71,17323.7,https://www.balticexchange.com/ (simulated demo series)
2024-10-03,BCI,1982.98,16438.86,https://www.balticexchange.com/ (simulated demo series)
2024-10-04,BCI,2016.7,16718.46,https://www.balticexchange.com/ (simulated demo series)
2024-10-07,BCI,1913.28,15861.09,https://www.balticexchange.com/ (simulated demo series)
2024-10-08,BCI,1864.02,15452.71,https://www.balticexchange.com/ (simulated demo series)
2024-10-09,BCI,1937.55,16062.33,https://www.balticexchange.com/ (simulated demo series)
2024-10-10,BCI,2026.73,16801.62,https://www.balticexchange.com/ (simulated demo series)
2024-10-11,BCI,2059.5,17073.22,https://www.balticexchange.com/ (simulated demo series)
2024-10-14,BCI,2080.9,17250.65,https://www.balticexchange.com/ (simulated demo series)
2024-10-15,BCI,2046.06,16961.82,https://www.balticexchange.com/ (simulated demo series)
2024-10-16,BCI,2178.62,18060.73,https://www.balticexchange.com/ (simulated demo series)
2024-10-17,BCI,2111.33,17502.9,https://www.balticexchange.com/ (simulated demo series)
2024-10-18,BCI,2091.46,17338.18,https://www.balticexchange.com/ (simulated demo series)
2024-10-21,BCI,2068.07,17144.3,https://www.balticexchange.com/ (simulated demo series)
2024-10-22,BCI,1966.73,16304.21,https://www.balticexchange.com/ (simulated demo series)
2024-10-23,BCI,2104.79,17448.67,https://www.balticexchange.com/ (simulated demo series)
2024-10-24,BCI,2038.17,16896.46,https://www.balticexchange.com/ (simulated demo series)
2024-10-25,BCI,2050.55,16999.04,https://www.balticexchange.com/ (simulated demo series)
2024-10-28,BCI,2021.89,16761.44,https://www.balticexchange.com/ (simulated demo series)
2024-10-29,BCI,2110.32,17494.51,https://www.balticexchange.com/ (simulated demo series)
2024-10-30,BCI,2067.24,17137.43,https://www.balticexchange.com/ (simulated demo series)
2024-10-31,BCI,2095.94,17375.31,https://www.balticexchange.com/ (simulated demo series)
2024-11-01,BCI,2150.92,17831.11,https://www.balticexchange.com/ (simulated demo series)
2024-11-04,BCI,2143.95,17773.33,https://www.balticexchange.com/ (simulated demo series)
2024-11-05,BCI,2169.5,17985.15,https://www.balticexchange.com/ (simulated demo series)
2024-11-06,BCI,2145.32,17784.68,https://www.balticexchange.com/ (simulated demo series)
2024-11-07,BCI,2284.66,18939.85,https://www.balticexchange.com/ (simulated demo series)
2024-11-08,BCI,2266.89,18792.52,https://www.balticexchange.com/ (simulated demo series)
2024-11-11,BCI,2212.81,18344.21,https://www.balticexchange.com/ (simulated demo series)
2024-11-12,BCI,2294.87,19024.5,https://www.balticexchange.com/ (simulated demo series)
2024-11-13,BCI,2355.69,19528.66,https://www.balticexchange.com/ (simulated demo series)
2024-11-14,BCI,2304.36,19103.15,https://www.balticexchange.com/ (simulated demo series)
2024-11-15,BCI,2352.13,19499.19,https://www.balticexchange.com/ (simulated demo series)
2024-11-18,BCI,2295.97,19033.62,https://www.balticexchange.com/ (simulated demo series)
2024-11-19,BCI,2420.88,20069.11,https://www.balticexchange.com/ (simulated demo series)
2024-11-20,BCI,2419.91,20061.03,https://www.balticexchange.com/ (simulated demo series)
2024-11-21,BCI,2438.99,20219.22,https://www.balticexchange.com/ (simulated demo series)
2024-11-22,BCI,2651.74,21982.95,https://www.balticexchange.com/ (simulated demo series)
2024-11-25,BCI,2640.74,21891.71,https://www.balticexchange.com/ (simulated demo series)
2024-11-26,BCI,2668.73,22123.77,https://www.balticexchange.com/ (simulated demo series)
2024-11-27,BCI,2836.38,23513.56,https://www.balticexchange.com/ (simulated demo series)
2024-11-28,BCI,2920.51,24210.99,https://www.balticexchange.com/ (simulated demo series)
2024-11-29,BCI,2879.86,23874.02,https://www.balticexchange.com/ (simulated demo series)
2024-12-02,BCI,2870.98,23800.41,https://www.balticexchange.com/ (simulated demo series)
2024-12-03,BCI,2865.96,23758.77,https://www.balticexchange.com/ (simulated demo series)
2024-12-04,BCI,2987.95,24770.11,https://www.balticexchange.com/ (simulated demo series)
2024-12-05,BCI,2786.31,23098.47,https://www.balticexchange.com/ (simulated demo series)
2024-12-06,BCI,2696.08,22350.52,https://www.balticexchange.com/ (simulated demo series)
2024-12-09,BCI,2502.64,20746.87,https://www.balticexchange.com/ (simulated demo series)
2024-12-10,BCI,2751.4,22809.14,https://www.balticexchange.com/ (simulated demo series)
2024-12-11,BCI,2689.45,22295.56,https://www.balticexchange.com/ (simulated demo series)
2024-12-12,BCI,2978.91,24695.2,https://www.balticexchange.com/ (simulated demo series)
2024-12-13,BCI,2882.25,23893.83,https://www.balticexchange.com/ (simulated demo series)
2024-12-16,BCI,2728.23,22617.02,https://www.balticexchange.com/ (simulated demo series)
2024-12-17,BCI,2652.39,21988.31,https://www.balticexchange.com/ (simulated demo series)
2024-12-18,BCI,2692.4,22320.03,https://www.balticexchange.com/ (simulated demo series)
2024-12-19,BCI,2681.07,22226.03,https://www.balticexchange.com/ (simulated demo series)
2024-12-20,BCI,2788.25,23114.57,https://www.balticexchange.com/ (simulated demo series)
2024-12-23,BCI,2683.41,22245.44,https://www.balticexchange.com/ (simulated demo series)
2024-12-24,BCI,2741.29,22725.3,https://www.balticexchange.com/ (simulated demo series)
2024-12-25,BCI,2868.22,23777.52,https://www.balticexchange.com/ (simulated demo series)
2024-12-26,BCI,2826.88,23434.83,https://www.balticexchange.com/ (simulated demo series)
2024-12-27,BCI,2811.25,23305.24,https://www.balticexchange.com/ (simulated demo series)
2024-12-30,BCI,2557.15,21198.76,https://www.balticexchange.com/ (simulated demo series)
2024-12-31,BCI,2684.74,22256.45,https://www.balticexchange.com/ (simulated demo series)
2025-01-01,BCI,2658.23,22036.69,https://www.balticexchange.com/ (simulated demo series)
2025-01-02,BCI,2724.6,22586.93,https://www.balticexchange.com/ (simulated demo series)
2025-01-03,BCI,2734.79,22671.42,https://www.balticexchange.com/ (simulated demo series)
2025-01-06,BCI,2588.65,21459.92,https://www.balticexchange.com/ (simulated demo series)
2025-01-07,BCI,2521.42,20902.55,https://www.balticexchange.com/ (simulated demo series)
2025-01-08,BCI,2428.06,20128.65,https://www.balticexchange.com/ (simulated demo series)
2025-01-09,BCI,2390.91,19820.67,https://www.balticexchange.com/ (simulated demo series)
2025-01-10,BCI,2361.63,19577.87,https://www.balticexchange.com/ (simulated demo series)
2025-01-13,BCI,2378.21,19715.35,https://www.balticexchange.com/ (simulated demo series)
2025-01-14,BCI,2487.96,20625.15,https://www.balticexchange.com/ (simulated demo series)
2025-01-15,BCI,2653.32,21996.06,https://www.balticexchange.com/ (simulated demo series)
2025-01-16,BCI,2592.17,21489.07,https://www.balticexchange.com/ (simulated demo series)
2025-01-17,BCI,2544.31,21092.34,https://www.balticexchange.com/ (simulated demo series)
2025-01-20,BCI,2790.44,23132.77,https://www.balticexchange.com/ (simulated demo series)
2025-01-21,BCI,2871.55,23805.12,https://www.balticexchange.com/ (simulated demo series)
2025-01-22,BCI,2879.79,23873.49,https://www.balticexchange.com/ (simulated demo series)
2025-01-23,BCI,2793.82,23160.74,https://www.balticexchange.com/ (simulated demo series)
2025-01-24,BCI,2822.64,23399.65,https://www.balticexchange.com/ (simulated demo series)
2025-01-27,BCI,2982.49,24724.81,https://www.balticexchange.com/ (simulated demo series)
2025-01-28,BCI,3023.51,25064.91,https://www.balticexchange.com/ (simulated demo series)
2025-01-29,BCI,3013.12,24978.73,https://www.balticexchange.com/ (simulated demo series)
2025-01-30,BCI,3247.31,26920.19,https://www.balticexchange.com/ (simulated demo series)
2025-01-31,BCI,3311.32,27450.84,https://www.balticexchange.com/ (simulated demo series)
2025-02-03,BCI,3144.89,26071.14,https://www.balticexchange.com/ (simulated demo series)
2025-02-04,BCI,3207.7,26591.83,https://www.balticexchange.com/ (simulated demo series)
2025-02-05,BCI,3083.44,25561.75,https://www.balticexchange.com/ (simulated demo series)
2025-02-06,BCI,3207.8,26592.69,https://www.balticexchange.com/ (simulated demo series)
2025-02-07,BCI,3110.76,25788.21,https://www.balticexchange.com/ (simulated demo series)
2025-02-10,BCI,3020.83,25042.71,https://www.balticexchange.com/ (simulated demo series)
2025-02-11,BCI,3131.33,25958.76,https://www.balticexchange.com/ (simulated demo series)
2025-02-12,BCI,3150.7,26119.31,https://www.balticexchange.com/ (simulated demo series)
2025-02-13,BCI,3154.28,26148.94,https://www.balticexchange.com/ (simulated demo series)
2025-02-14,BCI,3183.05,26387.5,https://www.balticexchange.com/ (simulated demo series)
2025-02-17,BCI,3530.15,29264.93,https://www.balticexchange.com/ (simulated demo series)
2025-02-18,BCI,3653.2,30285.04,https://www.balticexchange.com/ (simulated demo series)
2025-02-19,BCI,3436.65,28489.81,https://www.balticexchange.com/ (simulated demo series)
2025-02-20,BCI,3404.43,28222.74,https://www.balticexchange.com/ (simulated demo series)
2025-02-21,BCI,3353.07,27796.98,https://www.balticexchange.com/ (simulated demo series)
2025-02-24,BCI,3313.52,27469.08,https://www.balticexchange.com/ (simulated demo series)
2025-02-25,BCI,3425.27,28395.48,https://www.balticexchange.com/ (simulated demo series)
2025-02-26,BCI,3566.47,29566.02,https://www.balticexchange.com/ (simulated demo series)
2025-02-27,BCI,3588.07,29745.08,https://www.balticexchange.com/ (simulated demo series)
2025-02-28,BCI,3695.63,30636.77,https://www.balticexchange.com/ (simulated demo series)
2025-03-03,BCI,3484.08,28883.02,https://www.balticexchange.com/ (simulated demo series)
2025-03-04,BCI,3326.92,27580.17,https://www.balticexchange.com/ (simulated demo series)
2025-03-05,BCI,3245.28,26903.38,https://www.balticexchange.com/ (simulated demo series)
2025-03-06,BCI,3182.85,26385.81,https://www.balticexchange.com/ (simulated demo series)
2025-03-07,BCI,3301.83,27372.2,https://www.balticexchange.com/ (simulated demo series)
2025-03-10,BCI,3568.52,29583.04,https://www.balticexchange.com/ (simulated demo series)
2025-03-11,BCI,3572.55,29616.46,https://www.balticexchange.com/ (simulated demo series)
2025-03-12,BCI,3536.93,29321.17,https://www.balticexchange.com/ (simulated demo series)
2025-03-13,BCI,3646.59,30230.24,https://www.balticexchange.com/ (simulated demo series)
2025-03-14,BCI,3768.06,31237.26,https://www.balticexchange.com/ (simulated demo series)
2025-03-17,BCI,3750.78,31094.0,https://www.balticexchange.com/ (simulated demo series)
2025-03-18,BCI,3723.54,30868.13,https://www.balticexchange.com/ (simulated demo series)
2025-03-19,BCI,3888.13,32232.57,https://www.balticexchange.com/ (simulated demo series)
2025-03-20,BCI,4161.12,34495.72,https://www.balticexchange.com/ (simulated demo series)
2025-03-21,BCI,4013.29,33270.16,https://www.balticexchange.com/ (simulated demo series)
2025-03-24,BCI,4273.69,35428.92,https://www.balticexchange.com/ (simulated demo series)
2025-03-25,BCI,4369.15,36220.25,https://www.balticexchange.com/ (simulated demo series)
2025-03-26,BCI,4438.07,36791.58,https://www.balticexchange.com/ (simulated demo series)
2025-03-27,BCI,4292.12,35581.71,https://www.balticexchange.com/ (simulated demo series)
2025-03-28,BCI,4262.48,35335.93,https://www.balticexchange.com/ (simulated demo series)
2025-03-31,BCI,3994.01,33110.32,https://www.balticexchange.com/ (simulated demo series)
2025-04-01,BCI,4111.98,34088.34,https://www.balticexchange.com/ (simulated demo series)
2025-04-02,BCI,3968.18,32896.18,https://www.balticexchange.com/ (simulated demo series)
2025-04-03,BCI,3881.5,32177.67,https://www.balticexchange.com/ (simulated demo series)
2025-04-04,BCI,3612.92,29951.1,https://www.balticexchange.com/ (simulated demo series)
2025-04-07,BCI,3487.59,28912.16,https://www.balticexchange.com/ (simulated demo series)
2025-04-08,BCI,3408.39,28255.56,https://www.balticexchange.com/ (simulated demo series)
2025-04-09,BCI,3247.41,26921.0,https://www.balticexchange.com/ (simulated demo series)
2025-04-10,BCI,3200.78,26534.45,https://www.balticexchange.com/ (simulated demo series)
2025-04-11,BCI,3213.18,26637.29,https://www.balticexchange.com/ (simulated demo series)
2025-04-14,BCI,3232.82,26800.08,https://www.balticexchange.com/ (simulated demo series)
2025-04-15,BCI,3037.96,25184.7,https://www.balticexchange.com/ (simulated demo series)
2025-04-16,BCI,3120.8,25871.43,https://www.balticexchange.com/ (simulated demo series)
2025-04-17,BCI,3004.6,24908.15,https://www.balticexchange.com/ (simulated demo series)
2025-04-18,BCI,3103.53,25728.26,https://www.balticexchange.com/ (simulated demo series)
2025-04-21,BCI,3050.54,25289.02,https://www.balticexchange.com/ (simulated demo series)
2025-04-22,BCI,3163.35,26224.15,https://www.balticexchange.com/ (simulated demo series)
2025-04-23,BCI,2939.07,24364.88,https://www.balticexchange.com/ (simulated demo series)
2025-04-24,BCI,2959.26,24532.24,https://www.balticexchange.com/ (simulated demo series)
2025-04-25,BCI,2934.1,24323.65,https://www.balticexchange.com/ (simulated demo series)
2025-04-28,BCI,2835.15,23503.39,https://www.balticexchange.com/ (simulated demo series)
2025-04-29,BCI,2863.93,23741.97,https://www.balticexchange.com/ (simulated demo series)
2025-04-30,BCI,2830.41,23464.12,https://www.balticexchange.com/ (simulated demo series)
2025-05-01,BCI,2772.8,22986.51,https://www.balticexchange.com/ (simulated demo series)
2025-05-02,BCI,2948.74,24445.02,https://www.balticexchange.com/ (simulated demo series)
2025-05-05,BCI,2725.17,22591.65,https://www.balticexchange.com/ (simulated demo series)
2025-05-06,BCI,2857.04,23684.87,https://www.balticexchange.com/ (simulated demo series)
2025-05-07,BCI,2800.03,23212.28,https://www.balticexchange.com/ (simulated demo series)
2025-05-08,BCI,2829.96,23460.35,https://www.balticexchange.com/ (simulated demo series)
2025-05-09,BCI,2884.16,23909.68,https://www.balticexchange.com/ (simulated demo series)
2025-05-12,BCI,2879.27,23869.15,https://www.balticexchange.com/ (simulated demo series)
2025-05-13,BCI,3013.92,24985.41,https://www.balticexchange.com/ (simulated demo series)
2025-05-14,BCI,3012.97,24977.54,https://www.balticexchange.com/ (simulated demo series)
2025-05-15,BCI,3129.56,25944.01,https://www.balticexchange.com/ (simulated demo series)
2025-05-16,BCI,3089.63,25613.04,https://www.balticexchange.com/ (simulated demo series)
2025-05-19,BCI,3222.55,26714.91,https://www.balticexchange.com/ (simulated demo series)
2025-05-20,BCI,3238.19,26844.55,https://www.balticexchange.com/ (simulated demo series)
2025-05-21,BCI,3241.95,26875.8,https://www.balticexchange.com/ (simulated demo series)
2025-05-22,BCI,3333.1,27631.38,https://www.balticexchange.com/ (simulated demo series)
2025-05-23,BCI,3068.91,25441.24,https://www.balticexchange.com/ (simulated demo series)
2025-05-26,BCI,3062.04,25384.3,https://www.balticexchange.com/ (simulated demo series)
2025-05-27,BCI,3199.37,26522.78,https://www.balticexchange.com/ (simulated demo series)
2025-05-28,BCI,3161.8,26211.32,https://www.balticexchange.com/ (simulated demo series)
2025-05-29,BCI,3182.57,26383.49,https://www.balticexchange.com/ (simulated demo series)
2025-05-30,BCI,2895.2,24001.22,https://www.balticexchange.com/ (simulated demo series)
2025-06-02,BCI,2861.01,23717.75,https://www.balticexchange.com/ (simulated demo series)
2025-06-03,BCI,2924.95,24247.84,https://www.balticexchange.com/ (simulated demo series)
2025-06-04,BCI,2788.36,23115.5,https://www.balticexchange.com/ (simulated demo series)
2025-06-05,BCI,2889.08,23950.46,https://www.balticexchange.com/ (simulated demo series)
2025-06-06,BCI,2771.47,22975.46,https://www.balticexchange.com/ (simulated demo series)
2025-06-09,BCI,2873.29,23819.54,https://www.balticexchange.com/ (simulated demo series)
2025-06-10,BCI,2953.04,24480.7,https://www.balticexchange.com/ (simulated demo series)
2025-06-11,BCI,2823.14,23403.81,https://www.balticexchange.com/ (simulated demo series)
2025-06-12,BCI,2823.65,23408.08,https://www.balticexchange.com/ (simulated demo series)
2025-06-13,BCI,2924.83,24246.8,https://www.balticexchange.com/ (simulated demo series)
2025-06-16,BCI,2673.01,22159.23,https://www.balticexchange.com/ (simulated demo series)
2025-06-17,BCI,2493.94,20674.8,https://www.balticexchange.com/ (simulated demo series)
2025-06-18,BCI,2718.58,22537.06,https://www.balticexchange.com/ (simulated demo series)
2025-06-19,BCI,2945.02,24414.25,https://www.balticexchange.com/ (simulated demo series)
2025-06-20,BCI,2942.96,24397.17,https://www.balticexchange.com/ (simulated demo series)
2025-06-23,BCI,2794.23,23164.15,https://www.balticexchange.com/ (simulated demo series)
2025-06-24,BCI,2879.39,23870.16,https://www.balticexchange.com/ (simulated demo series)
2025-06-25,BCI,2785.46,23091.49,https://www.balticexchange.com/ (simulated demo series)
2025-06-26,BCI,2868.98,23783.81,https://www.balticexchange.com/ (simulated demo series)
2025-06-27,BCI,2845.36,23588.05,https://www.balticexchange.com/ (simulated demo series)
2025-06-30,BCI,3027.88,25101.17,https://www.balticexchange.com/ (simulated demo series)
2025-07-01,BCI,3109.46,25777.4,https://www.balticexchange.com/ (simulated demo series)
2025-07-02,BCI,3204.95,26569.0,https://www.balticexchange.com/ (simulated demo series)
2025-07-03,BCI,3100.89,25706.38,https://www.balticexchange.com/ (simulated demo series)
2025-07-04,BCI,3193.77,26476.35,https://www.balticexchange.com/ (simulated demo series)
2025-07-07,BCI,3452.74,28623.25,https://www.balticexchange.com/ (simulated demo series)
2025-07-08,BCI,3268.91,27099.23,https://www.balticexchange.com/ (simulated demo series)
2025-07-09,BCI,3078.73,25522.67,https://www.balticexchange.com/ (simulated demo series)
2025-07-10,BCI,2962.43,24558.53,https://www.balticexchange.com/ (simulated demo series)
2025-07-11,BCI,2774.05,22996.9,https://www.balticexchange.com/ (simulated demo series)
2025-07-14,BCI,2944.0,24405.72,https://www.balticexchange.com/ (simulated demo series)
2025-07-15,BCI,2833.63,23490.76,https://www.balticexchange.com/ (simulated demo series)
2025-07-16,BCI,2691.34,22311.22,https://www.balticexchange.com/ (simulated demo series)
2025-07-17,BCI,2768.51,22950.97,https://www.balticexchange.com/ (simulated demo series)
2025-07-18,BCI,2901.08,24049.97,https://www.balticexchange.com/ (simulated demo series)
2025-07-21,BCI,2869.65,23789.36,https://www.balticexchange.com/ (simulated demo series)
2025-07-22,BCI,2820.02,23377.95,https://www.balticexchange.com/ (simulated demo series)
2025-07-23,BCI,2820.91,23385.31,https://www.balticexchange.com/ (simulated demo series)
2025-07-24,BCI,2822.82,23401.15,https://www.balticexchange.com/ (simulated demo series)
2025-07-25,BCI,2638.72,21874.98,https://www.balticexchange.com/ (simulated demo series)
2025-07-28,BCI,2484.78,20598.84,https://www.balticexchange.com/ (simulated demo series)
2025-07-29,BCI,2515.87,20856.59,https://www.balticexchange.com/ (simulated demo series)
2025-07-30,BCI,2473.43,20504.77,https://www.balticexchange.com/ (simulated demo series)
2025-07-31,BCI,2593.6,21500.97,https://www.balticexchange.com/ (simulated demo series)
2025-08-01,BCI,2620.02,21719.93,https://www.balticexchange.com/ (simulated demo series)
2025-08-04,BCI,2679.85,22215.92,https://www.balticexchange.com/ (simulated demo series)
2025-08-05,BCI,2793.42,23157.49,https://www.balticexchange.com/ (simulated demo series)
2025-08-06,BCI,2701.66,22396.72,https://www.balticexchange.com/ (simulated demo series)
2025-08-07,BCI,2620.68,21725.45,https://www.balticexchange.com/ (simulated demo series)
2025-08-08,BCI,2498.07,20709.02,https://www.balticexchange.com/ (simulated demo series)
2025-08-11,BCI,2490.32,20644.71,https://www.balticexchange.com/ (simulated demo series)
2025-08-12,BCI,2505.21,20768.23,https://www.balticexchange.com/ (simulated demo series)
2025-08-13,BCI,2509.21,20801.39,https://www.balticexchange.com/ (simulated demo series)
2025-08-14,BCI,2536.0,21023.41,https://www.balticexchange.com/ (simulated demo series)
2025-08-15,BCI,2588.13,21455.62,https://www.balticexchange.com/ (simulated demo series)
2025-08-18,BCI,2603.21,21580.65,https://www.balticexchange.com/ (simulated demo series)
2025-08-19,BCI,2602.43,21574.14,https://www.balticexchange.com/ (simulated demo series)
2025-08-20,BCI,2592.62,21492.8,https://www.balticexchange.com/ (simulated demo series)
2025-08-21,BCI,2522.16,20908.67,https://www.balticexchange.com/ (simulated demo series)
2025-08-22,BCI,2430.59,20149.63,https://www.balticexchange.com/ (simulated demo series)
2025-08-25,BCI,2424.05,20095.4,https://www.balticexchange.com/ (simulated demo series)
2025-08-26,BCI,2476.39,20529.29,https://www.balticexchange.com/ (simulated demo series)
2025-08-27,BCI,2428.34,20130.98,https://www.balticexchange.com/ (simulated demo series)
2025-08-28,BCI,2382.12,19747.74,https://www.balticexchange.com/ (simulated demo series)
2025-08-29,BCI,2428.56,20132.79,https://www.balticexchange.com/ (simulated demo series)
2025-09-01,BCI,2814.74,23334.16,https://www.balticexchange.com/ (simulated demo series)
2025-09-02,BCI,2799.72,23209.65,https://www.balticexchange.com/ (simulated demo series)
2025-09-03,BCI,2847.92,23609.28,https://www.balticexchange.com/ (simulated demo series)
2025-09-04,BCI,2680.99,22225.39,https://www.balticexchange.com/ (simulated demo series)
2025-09-05,BCI,2606.97,21611.74,https://www.balticexchange.com/ (simulated demo series)
2025-09-08,BCI,2611.1,21646.03,https://www.balticexchange.com/ (simulated demo series)
2025-09-09,BCI,2581.15,21397.75,https://www.balticexchange.com/ (simulated demo series)
2025-09-10,BCI,2595.75,21518.75,https://www.balticexchange.com/ (simulated demo series)
2025-09-11,BCI,2480.17,20560.59,https://www.balticexchange.com/ (simulated demo series)
2025-09-12,BCI,2617.33,21697.65,https://www.balticexchange.com/ (simulated demo series)
2025-09-15,BCI,2884.52,23912.64,https://www.balticexchange.com/ (simulated demo series)
2025-09-16,BCI,3030.79,25125.21,https://www.balticexchange.com/ (simulated demo series)
2025-09-17,BCI,2962.18,24556.45,https://www.balticexchange.com/ (simulated demo series)
2025-09-18,BCI,2935.79,24337.68,https://www.balticexchange.com/ (simulated demo series)
2025-09-19,BCI,2973.59,24651.05,https://www.balticexchange.com/ (simulated demo series)
2025-09-22,BCI,2611.05,21645.63,https://www.balticexchange.com/ (simulated demo series)
2025-09-23,BCI,2707.43,22444.58,https://www.balticexchange.com/ (simulated demo series)
2025-09-24,BCI,2551.69,21153.54,https://www.balticexchange.com/ (simulated demo series)
2025-09-25,BCI,2491.15,20651.63,https://www.balticexchange.com/ (simulated demo series)
2025-09-26,BCI,2598.92,21545.02,https://www.balticexchange.com/ (simulated demo series)
2025-09-29,BCI,2611.27,21647.4,https://www.balticexchange.com/ (simulated demo series)
2025-09-30,BCI,2680.7,22223.03,https://www.balticexchange.com/ (simulated demo series)
2025-10-01,BCI,2670.4,22137.65,https://www.balticexchange.com/ (simulated demo series)
2025-10-02,BCI,2674.31,22170.07,https://www.balticexchange.com/ (simulated demo series)
2025-10-03,BCI,2718.8,22538.83,https://www.balticexchange.com/ (simulated demo series)
2025-10-06,BCI,2819.04,23369.82,https://www.balticexchange.com/ (simulated demo series)
2025-10-07,BCI,2773.81,22994.92,https://www.balticexchange.com/ (simulated demo series)
2025-10-08,BCI,2723.05,22574.08,https://www.balticexchange.com/ (simulated demo series)
2025-10-09,BCI,2628.45,21789.89,https://www.balticexchange.com/ (simulated demo series)
2025-10-10,BCI,2647.57,21948.37,https://www.balticexchange.com/ (simulated demo series)
2025-10-13,BCI,2463.09,20418.99,https://www.balticexchange.com/ (simulated demo series)
2025-10-14,BCI,2354.21,19516.37,https://www.balticexchange.com/ (simulated demo series)
2025-10-15,BCI,2481.11,20568.41,https://www.balticexchange.com/ (simulated demo series)
2025-10-16,BCI,2416.97,20036.72,https://www.balticexchange.com/ (simulated demo series)
2025-10-17,BCI,2374.94,19688.25,https://www.balticexchange.com/ (simulated demo series)
2025-10-20,BCI,2447.53,20289.99,https://www.balticexchange.com/ (simulated demo series)
2025-10-21,BCI,2464.22,20428.41,https://www.balticexchange.com/ (simulated demo series)
2025-10-22,BCI,2387.42,19791.74,https://www.balticexchange.com/ (simulated demo series)
2025-10-23,BCI,2417.7,20042.73,https://www.balticexchange.com/ (simulated demo series)
2025-10-24,BCI,2552.7,21161.84,https://www.balticexchange.com/ (simulated demo series)
2025-10-27,BCI,2500.9,20732.47,https://www.balticexchange.com/ (simulated demo series)
2025-10-28,BCI,2575.46,21350.53,https://www.balticexchange.com/ (simulated demo series)
2025-10-29,BCI,2669.06,22126.5,https://www.balticexchange.com/ (simulated demo series)
2025-10-30,BCI,2789.17,23122.24,https://www.balticexchange.com/ (simulated demo series)
2025-10-31,BCI,2625.29,21763.69,https://www.balticexchange.com/ (simulated demo series)
2025-11-03,BCI,2674.21,22169.24,https://www.balticexchange.com/ (simulated demo series)
2025-11-04,BCI,2648.03,21952.15,https://www.balticexchange.com/ (simulated demo series)
2025-11-05,BCI,2658.13,22035.91,https://www.balticexchange.com/ (simulated demo series)
2025-11-06,BCI,2847.86,23608.79,https://www.balticexchange.com/ (simulated demo series)
2025-11-07,BCI,2931.83,24304.89,https://www.balticexchange.com/ (simulated demo series)
2025-11-10,BCI,3266.86,27082.29,https://www.balticexchange.com/ (simulated demo series)
2025-11-11,BCI,3340.9,27696.06,https://www.balticexchange.com/ (simulated demo series)
2025-11-12,BCI,3307.37,27418.11,https://www.balticexchange.com/ (simulated demo series)
2025-11-13,BCI,3254.81,26982.35,https://www.balticexchange.com/ (simulated demo series)
2025-11-14,BCI,3168.28,26265.05,https://www.balticexchange.com/ (simulated demo series)
2025-11-17,BCI,3044.82,25241.54,https://www.balticexchange.com/ (simulated demo series)
2025-11-18,BCI,3032.47,25139.19,https://www.balticexchange.com/ (simulated demo series)
2025-11-19,BCI,3147.02,26088.82,https://www.balticexchange.com/ (simulated demo series)
2025-11-20,BCI,3155.96,26162.92,https://www.balticexchange.com/ (simulated demo series)
2025-11-21,BCI,3227.4,26755.11,https://www.balticexchange.com/ (simulated demo series)
2025-11-24,BCI,3420.51,28356.03,https://www.balticexchange.com/ (simulated demo series)
2025-11-25,BCI,3478.49,28836.71,https://www.balticexchange.com/ (simulated demo series)
2025-11-26,BCI,3443.41,28545.85,https://www.balticexchange.com/ (simulated demo series)
2025-11-27,BCI,3296.3,27326.36,https://www.balticexchange.com/ (simulated demo series)
2025-11-28,BCI,3356.13,27822.33,https://www.balticexchange.com/ (simulated demo series)
2025-12-01,BCI,3410.13,28269.96,https://www.balticexchange.com/ (simulated demo series)
2025-12-02,BCI,3233.34,26804.36,https://www.balticexchange.com/ (simulated demo series)
2025-12-03,BCI,3233.75,26807.77,https://www.balticexchange.com/ (simulated demo series)
2025-12-04,BCI,3338.92,27679.62,https://www.balticexchange.com/ (simulated demo series)
2025-12-05,BCI,3438.42,28504.47,https://www.balticexchange.com/ (simulated demo series)
2025-12-08,BCI,3453.68,28630.97,https://www.balticexchange.com/ (simulated demo series)
2025-12-09,BCI,3546.22,29398.13,https://www.balticexchange.com/ (simulated demo series)
2025-12-10,BCI,3693.53,30619.39,https://www.balticexchange.com/ (simulated demo series)
2025-12-11,BCI,3676.36,30477.06,https://www.balticexchange.com/ (simulated demo series)
2025-12-12,BCI,3707.43,30734.6,https://www.balticexchange.com/ (simulated demo series)
2025-12-15,BCI,3655.2,30301.57,https://www.balticexchange.com/ (simulated demo series)
2025-12-16,BCI,3565.73,29559.88,https://www.balticexchange.com/ (simulated demo series)
2025-12-17,BCI,3456.28,28652.57,https://www.balticexchange.com/ (simulated demo series)
2025-12-18,BCI,3501.67,29028.82,https://www.balticexchange.com/ (simulated demo series)
2025-12-19,BCI,3273.12,27134.2,https://www.balticexchange.com/ (simulated demo series)
2025-12-22,BCI,3136.19,25999.01,https://www.balticexchange.com/ (simulated demo series)
2025-12-23,BCI,3058.01,25350.93,https://www.balticexchange.com/ (simulated demo series)
2025-12-24,BCI,3205.46,26573.3,https://www.balticexchange.com/ (simulated demo series)
2025-12-25,BCI,3182.11,26379.72,https://www.balticexchange.com/ (simulated demo series)
2025-12-26,BCI,3191.46,26457.21,https://www.balticexchange.com/ (simulated demo series)
2025-12-29,BCI,3068.14,25434.89,https://www.balticexchange.com/ (simulated demo series)
2025-12-30,BCI,3013.72,24983.76,https://www.balticexchange.com/ (simulated demo series)
2025-12-31,BCI,3022.24,25054.37,https://www.balticexchange.com/ (simulated demo series)
2026-01-01,BCI,3119.38,25859.67,https://www.balticexchange.com/ (simulated demo series)
2026-01-02,BCI,3160.09,26197.13,https://www.balticexchange.com/ (simulated demo series)
2026-01-05,BCI,3221.15,26703.3,https://www.balticexchange.com/ (simulated demo series)
2026-01-06,BCI,3093.07,25641.57,https://www.balticexchange.com/ (simulated demo series)
2026-01-07,BCI,2925.96,24256.24,https://www.balticexchange.com/ (simulated demo series)
2026-01-08,BCI,2903.78,24072.32,https://www.balticexchange.com/ (simulated demo series)
2026-01-09,BCI,2977.87,24686.55,https://www.balticexchange.com/ (simulated demo series)
2026-01-12,BCI,2860.88,23716.68,https://www.balticexchange.com/ (simulated demo series)
2026-01-13,BCI,2974.91,24661.97,https://www.balticexchange.com/ (simulated demo series)
2026-01-14,BCI,2713.22,22492.59,https://www.balticexchange.com/ (simulated demo series)
2026-01-15,BCI,2633.71,21833.42,https://www.balticexchange.com/ (simulated demo series)
2026-01-16,BCI,2594.89,21511.62,https://www.balticexchange.com/ (simulated demo series)
2026-01-19,BCI,2566.61,21277.22,https://www.balticexchange.com/ (simulated demo series)
2026-01-20,BCI,2509.43,20803.19,https://www.balticexchange.com/ (simulated demo series)
2026-01-21,BCI,2395.09,19855.31,https://www.balticexchange.com/ (simulated demo series)
2026-01-22,BCI,2466.86,20450.23,https://www.balticexchange.com/ (simulated demo series)
2026-01-23,BCI,2518.68,20879.84,https://www.balticexchange.com/ (simulated demo series)
2026-01-26,BCI,2128.7,17646.91,https://www.balticexchange.com/ (simulated demo series)
2026-01-27,BCI,2178.11,18056.54,https://www.balticexchange.com/ (simulated demo series)
2026-01-28,BCI,2104.76,17448.49,https://www.balticexchange.com/ (simulated demo series)
2026-01-29,BCI,2160.82,17913.18,https://www.balticexchange.com/ (simulated demo series)
2026-01-30,BCI,2053.77,17025.79,https://www.balticexchange.com/ (simulated demo series)
2026-02-02,BCI,1886.03,15635.21,https://www.balticexchange.com/ (simulated demo series)
2026-02-03,BCI,1932.3,16018.73,https://www.balticexchange.com/ (simulated demo series)
2026-02-04,BCI,1962.3,16267.46,https://www.balticexchange.com/ (simulated demo series)
2026-02-05,BCI,2105.85,17457.49,https://www.balticexchange.com/ (simulated demo series)
2026-02-06,BCI,2205.89,18286.86,https://www.balticexchange.com/ (simulated demo series)
2026-02-09,BCI,2494.58,20680.05,https://www.balticexchange.com/ (simulated demo series)
2026-02-10,BCI,2512.22,20826.34,https://www.balticexchange.com/ (simulated demo series)
2026-02-11,BCI,2488.0,20625.55,https://www.balticexchange.com/ (simulated demo series)
2026-02-12,BCI,2554.1,21173.5,https://www.balticexchange.com/ (simulated demo series)
2026-02-13,BCI,2643.65,21915.88,https://www.balticexchange.com/ (simulated demo series)
2026-02-16,BCI,2576.63,21360.26,https://www.balticexchange.com/ (simulated demo series)
2026-02-17,BCI,2571.44,21317.24,https://www.balticexchange.com/ (simulated demo series)
2026-02-18,BCI,2641.19,21895.49,https://www.balticexchange.com/ (simulated demo series)
2026-02-19,BCI,2598.02,21537.57,https://www.balticexchange.com/ (simulated demo series)
2026-02-20,BCI,2567.36,21283.38,https://www.balticexchange.com/ (simulated demo series)
2026-02-23,BCI,2729.28,22625.7,https://www.balticexchange.com/ (simulated demo series)
2026-02-24,BCI,2663.86,22083.37,https://www.balticexchange.com/ (simulated demo series)
2026-02-25,BCI,2733.42,22660.09,https://www.balticexchange.com/ (simulated demo series)
2026-02-26,BCI,2723.13,22574.78,https://www.balticexchange.com/ (simulated demo series)
2026-02-27,BCI,2589.84,21469.8,https://www.balticexchange.com/ (simulated demo series)
2026-03-02,BCI,2591.64,21484.72,https://www.balticexchange.com/ (simulated demo series)
2026-03-03,BCI,2475.25,20519.86,https://www.balticexchange.com/ (simulated demo series)
2026-03-04,BCI,2744.68,22753.36,https://www.balticexchange.com/ (simulated demo series)
2026-03-05,BCI,2827.14,23436.99,https://www.balticexchange.com/ (simulated demo series)
2026-03-06,BCI,2818.27,23363.44,https://www.balticexchange.com/ (simulated demo series)
2026-03-09,BCI,2638.83,21875.9,https://www.balticexchange.com/ (simulated demo series)
2026-03-10,BCI,2607.5,21616.17,https://www.balticexchange.com/ (simulated demo series)
2026-03-11,BCI,2657.12,22027.51,https://www.balticexchange.com/ (simulated demo series)
2026-03-12,BCI,2690.03,22300.37,https://www.balticexchange.com/ (simulated demo series)
2026-03-13,BCI,2692.77,22323.04,https://www.balticexchange.com/ (simulated demo series)
2026-03-16,BCI,2498.05,20708.84,https://www.balticexchange.com/ (simulated demo series)
2026-03-17,BCI,2491.14,20651.56,https://www.balticexchange.com/ (simulated demo series)
2026-03-18,BCI,2684.84,22257.35,https://www.balticexchange.com/ (simulated demo series)
2026-03-19,BCI,2720.92,22556.46,https://www.balticexchange.com/ (simulated demo series)
2026-03-20,BCI,2582.0,21404.82,https://www.balticexchange.com/ (simulated demo series)
2026-03-23,BCI,2308.94,19141.08,https://www.balticexchange.com/ (simulated demo series)
2026-03-24,BCI,2437.17,20204.14,https://www.balticexchange.com/ (simulated demo series)
2026-03-25,BCI,2489.43,20637.4,https://www.balticexchange.com/ (simulated demo series)
2026-03-26,BCI,2725.33,22593.02,https://www.balticexchange.com/ (simulated demo series)
2026-03-27,BCI,2648.47,21955.82,https://www.balticexchange.com/ (simulated demo series)
2026-03-30,BCI,2897.07,24016.72,https://www.balticexchange.com/ (simulated demo series)
2026-03-31,BCI,2966.6,24593.08,https://www.balticexchange.com/ (simulated demo series)
2026-04-01,BCI,2850.7,23632.34,https://www.balticexchange.com/ (simulated demo series)
2026-04-02,BCI,2952.05,24472.48,https://www.balticexchange.com/ (simulated demo series)
2026-04-03,BCI,3035.45,25163.89,https://www.balticexchange.com/ (simulated demo series)
2026-04-06,BCI,2707.76,22447.32,https://www.balticexchange.com/ (simulated demo series)
2026-04-07,BCI,2871.06,23801.11,https://www.balticexchange.com/ (simulated demo series)
2026-04-08,BCI,2950.32,24458.17,https://www.balticexchange.com/ (simulated demo series)
2026-04-09,BCI,2981.16,24713.82,https://www.balticexchange.com/ (simulated demo series)
2026-04-10,BCI,2894.84,23998.24,https://www.balticexchange.com/ (simulated demo series)
2026-04-13,BCI,2876.27,23844.28,https://www.balticexchange.com/ (simulated demo series)
2026-04-14,BCI,2968.12,24605.72,https://www.balticexchange.com/ (simulated demo series)
2026-04-15,BCI,3027.38,25096.97,https://www.balticexchange.com/ (simulated demo series)
2026-04-16,BCI,3168.16,26264.02,https://www.balticexchange.com/ (simulated demo series)
2026-04-17,BCI,3173.84,26311.11,https://www.balticexchange.com/ (simulated demo series)
2026-04-20,BCI,3279.87,27190.14,https://www.balticexchange.com/ (simulated demo series)
2026-04-21,BCI,3247.54,26922.09,https://www.balticexchange.com/ (simulated demo series)
2026-04-22,BCI,3131.35,25958.86,https://www.balticexchange.com/ (simulated demo series)
2026-04-23,BCI,2908.51,24111.55,https://www.balticexchange.com/ (simulated demo series)
2026-04-24,BCI,2849.76,23624.49,https://www.balticexchange.com/ (simulated demo series)
2026-04-27,BCI,2924.25,24242.02,https://www.balticexchange.com/ (simulated demo series)
2026-04-28,BCI,3072.67,25472.41,https://www.balticexchange.com/ (simulated demo series)
2026-04-29,BCI,2918.95,24198.1,https://www.balticexchange.com/ (simulated demo series)
2026-04-30,BCI,2746.7,22770.15,https://www.balticexchange.com/ (simulated demo series)
2026-05-01,BCI,2774.61,23001.49,https://www.balticexchange.com/ (simulated demo series)
2026-05-04,BCI,2832.84,23484.27,https://www.balticexchange.com/ (simulated demo series)
2026-05-05,BCI,2678.54,22205.12,https://www.balticexchange.com/ (simulated demo series)
2026-05-06,BCI,2701.42,22394.8,https://www.balticexchange.com/ (simulated demo series)
2026-05-07,BCI,2738.38,22701.2,https://www.balticexchange.com/ (simulated demo series)
2026-05-08,BCI,2650.91,21976.04,https://www.balticexchange.com/ (simulated demo series)
2026-05-11,BCI,2960.79,24544.98,https://www.balticexchange.com/ (simulated demo series)
2026-05-12,BCI,2913.16,24150.06,https://www.balticexchange.com/ (simulated demo series)
2026-05-13,BCI,2992.07,24804.22,https://www.balticexchange.com/ (simulated demo series)
2026-05-14,BCI,2870.3,23794.8,https://www.balticexchange.com/ (simulated demo series)
2026-05-15,BCI,2803.23,23238.79,https://www.balticexchange.com/ (simulated demo series)
2026-05-18,BCI,2802.38,23231.74,https://www.balticexchange.com/ (simulated demo series)
2026-05-19,BCI,2798.02,23195.59,https://www.balticexchange.com/ (simulated demo series)
2026-05-20,BCI,2692.7,22322.5,https://www.balticexchange.com/ (simulated demo series)
2026-05-21,BCI,2639.66,21882.79,https://www.balticexchange.com/ (simulated demo series)
2026-05-22,BCI,2584.9,21428.84,https://www.balticexchange.com/ (simulated demo series)
2026-05-25,BCI,2885.53,23921.08,https://www.balticexchange.com/ (simulated demo series)
2026-05-26,BCI,2930.29,24292.13,https://www.balticexchange.com/ (simulated demo series)
2026-05-27,BCI,2976.85,24678.09,https://www.balticexchange.com/ (simulated demo series)
2026-05-28,BCI,2937.79,24354.3,https://www.balticexchange.com/ (simulated demo series)
2026-05-29,BCI,3011.0,24961.18,https://www.balticexchange.com/ (simulated demo series)
2026-06-01,BCI,3058.0,25350.84,https://www.balticexchange.com/ (simulated demo series)
2026-06-02,BCI,3069.41,25445.38,https://www.balticexchange.com/ (simulated demo series)
2026-06-03,BCI,2993.04,24812.31,https://www.balticexchange.com/ (simulated demo series)
2026-06-04,BCI,2922.84,24230.35,https://www.balticexchange.com/ (simulated demo series)
2026-06-05,BCI,2875.85,23840.8,https://www.balticexchange.com/ (simulated demo series)
2026-06-08,BCI,2797.34,23189.95,https://www.balticexchange.com/ (simulated demo series)
2026-06-09,BCI,2701.18,22392.77,https://www.balticexchange.com/ (simulated demo series)
2026-06-10,BCI,2750.74,22803.62,https://www.balticexchange.com/ (simulated demo series)
2026-06-11,BCI,2827.63,23441.05,https://www.balticexchange.com/ (simulated demo series)
2026-06-12,BCI,2866.01,23759.26,https://www.balticexchange.com/ (simulated demo series)
2026-06-15,BCI,2952.08,24472.78,https://www.balticexchange.com/ (simulated demo series)
2026-06-16,BCI,2976.43,24674.64,https://www.balticexchange.com/ (simulated demo series)
2026-06-17,BCI,3122.73,25887.47,https://www.balticexchange.com/ (simulated demo series)
2026-06-18,BCI,3075.53,25496.17,https://www.balticexchange.com/ (simulated demo series)
2026-06-19,BCI,3003.91,24902.39,https://www.balticexchange.com/ (simulated demo series)
2026-06-22,BCI,2849.04,23618.53,https://www.balticexchange.com/ (simulated demo series)
2026-06-23,BCI,2742.88,22738.47,https://www.balticexchange.com/ (simulated demo series)
2026-06-24,BCI,2693.25,22327.02,https://www.balticexchange.com/ (simulated demo series)
2026-06-25,BCI,2704.7,22422.0,https://www.balticexchange.com/ (simulated demo series)
2026-06-26,BCI,2643.38,21913.63,https://www.balticexchange.com/ (simulated demo series)
2026-06-29,BCI,2952.98,24480.24,https://www.balticexchange.com/ (simulated demo series)
2026-06-30,BCI,2948.81,24445.62,https://www.balticexchange.com/ (simulated demo series)
2026-07-01,BCI,3049.52,25280.52,https://www.balticexchange.com/ (simulated demo series)
2026-07-02,BCI,2845.69,23590.79,https://www.balticexchange.com/ (simulated demo series)
2026-07-03,BCI,2822.06,23394.87,https://www.balticexchange.com/ (simulated demo series)
2026-07-06,BCI,2880.7,23881.01,https://www.balticexchange.com/ (simulated demo series)
2026-07-07,BCI,2977.82,24686.12,https://www.balticexchange.com/ (simulated demo series)
2026-07-08,BCI,2907.66,24104.5,https://www.balticexchange.com/ (simulated demo series)
2026-07-09,BCI,3037.05,25177.16,https://www.balticexchange.com/ (simulated demo series)
2026-07-10,BCI,3107.66,25762.54,https://www.balticexchange.com/ (simulated demo series)
2026-07-13,BCI,3084.22,25568.18,https://www.balticexchange.com/ (simulated demo series)
2026-07-14,BCI,2887.65,23938.59,https://www.balticexchange.com/ (simulated demo series)
2026-07-15,BCI,2869.96,23791.99,https://www.balticexchange.com/ (simulated demo series)
2026-07-16,BCI,2814.04,23328.41,https://www.balticexchange.com/ (simulated demo series)
2026-07-17,BCI,2810.76,23301.16,https://www.balticexchange.com/ (simulated demo series)
2026-07-20,BCI,2774.05,22996.88,https://www.balticexchange.com/ (simulated demo series)
2026-07-21,BCI,2724.2,22583.65,https://www.balticexchange.com/ (simulated demo series)
2026-07-22,BCI,2714.76,22505.33,https://www.balticexchange.com/ (simulated demo series)
2026-07-23,BCI,2639.7,21883.15,https://www.balticexchange.com/ (simulated demo series)
2026-07-24,BCI,2636.2,21854.08,https://www.balticexchange.com/ (simulated demo series)
2026-07-27,BCI,2606.72,21609.68,https://www.balticexchange.com/ (simulated demo series)
2026-07-28,BCI,2759.8,22878.74,https://www.balticexchange.com/ (simulated demo series)
2026-07-29,BCI,2986.7,24759.75,https://www.balticexchange.com/ (simulated demo series)
2026-07-30,BCI,2920.48,24210.77,https://www.balticexchange.com/ (simulated demo series)
2026-07-31,BCI,2960.27,24540.63,https://www.balticexchange.com/ (simulated demo series)
2026-08-03,BCI,2823.99,23410.86,https://www.balticexchange.com/ (simulated demo series)
2026-08-04,BCI,2859.02,23701.28,https://www.balticexchange.com/ (simulated demo series)
2026-08-05,BCI,2845.67,23590.6,https://www.balticexchange.com/ (simulated demo series)
2026-08-06,BCI,2707.14,22442.17,https://www.balticexchange.com/ (simulated demo series)
2026-08-07,BCI,2727.44,22610.51,https://www.balticexchange.com/ (simulated demo series)
2026-08-10,BCI,2760.35,22883.27,https://www.balticexchange.com/ (simulated demo series)
2026-08-11,BCI,2637.37,21863.77,https://www.balticexchange.com/ (simulated demo series)
2026-08-12,BCI,2643.97,21918.53,https://www.balticexchange.com/ (simulated demo series)
2026-08-13,BCI,2568.03,21288.99,https://www.balticexchange.com/ (simulated demo series)
2026-08-14,BCI,2486.98,20617.1,https://www.balticexchange.com/ (simulated demo series)
2026-08-17,BCI,2405.29,19939.86,https://www.balticexchange.com/ (simulated demo series)
2026-08-18,BCI,2477.51,20538.54,https://www.balticexchange.com/ (simulated demo series)
2026-08-19,BCI,2397.25,19873.24,https://www.balticexchange.com/ (simulated demo series)
2026-08-20,BCI,2517.62,20871.07,https://www.balticexchange.com/ (simulated demo series)
2026-08-21,BCI,2499.9,20724.2,https://www.balticexchange.com/ (simulated demo series)
2026-08-24,BCI,2744.72,22753.72,https://www.balticexchange.com/ (simulated demo series)
2026-08-25,BCI,2742.36,22734.15,https://www.balticexchange.com/ (simulated demo series)
2026-08-26,BCI,2800.77,23218.35,https://www.balticexchange.com/ (simulated demo series)
2026-08-27,BCI,2748.08,22781.56,https://www.balticexchange.com/ (simulated demo series)
2026-08-28,BCI,2739.57,22711.05,https://www.balticexchange.com/ (simulated demo series)
2026-08-31,BCI,2673.51,22163.39,https://www.balticexchange.com/ (simulated demo series)
2026-09-01,BCI,2657.65,22031.9,https://www.balticexchange.com/ (simulated demo series)
2026-09-02,BCI,2546.18,21107.87,https://www.balticexchange.com/ (simulated demo series)
2026-09-03,BCI,2643.95,21918.37,https://www.balticexchange.com/ (simulated demo series)
2026-09-04,BCI,2569.07,21297.55,https://www.balticexchange.com/ (simulated demo series)
2026-09-07,BCI,2586.66,21443.45,https://www.balticexchange.com/ (simulated demo series)
2026-09-08,BCI,2702.57,22404.29,https://www.balticexchange.com/ (simulated demo series)
2026-09-09,BCI,2772.1,22980.68,https://www.balticexchange.com/ (simulated demo series)
2026-09-10,BCI,2635.98,21852.25,https://www.balticexchange.com/ (simulated demo series)
2026-09-11,BCI,2714.44,22502.73,https://www.balticexchange.com/ (simulated demo series)
2026-09-14,BCI,2790.24,23131.08,https://www.balticexchange.com/ (simulated demo series)
2026-09-15,BCI,2792.23,23147.56,https://www.balticexchange.com/ (simulated demo series)
2019-01-01,BPI,1613.08,14517.72,https://www.balticexchange.com/ (simulated demo series)
2019-01-02,BPI,1598.38,14385.43,https://www.balticexchange.com/ (simulated demo series)
2019-01-03,BPI,1563.37,14070.31,https://www.balticexchange.com/ (simulated demo series)
2019-01-04,BPI,1548.43,13935.83,https://www.balticexchange.com/ (simulated demo series)
2019-01-07,BPI,1474.71,13272.35,https://www.balticexchange.com/ (simulated demo series)
2019-01-08,BPI,1405.72,12651.49,https://www.balticexchange.com/ (simulated demo series)
2019-01-09,BPI,1407.94,12671.47,https://www.balticexchange.com/ (simulated demo series)
2019-01-10,BPI,1424.55,12820.93,https://www.balticexchange.com/ (simulated demo series)
2019-01-11,BPI,1432.15,12889.36,https://www.balticexchange.com/ (simulated demo series)
2019-01-14,BPI,1381.09,12429.82,https://www.balticexchange.com/ (simulated demo series)
2019-01-15,BPI,1397.97,12581.76,https://www.balticexchange.com/ (simulated demo series)
2019-01-16,BPI,1448.61,13037.45,https://www.balticexchange.com/ (simulated demo series)
2019-01-17,BPI,1414.54,12730.84,https://www.balticexchange.com/ (simulated demo series)
2019-01-18,BPI,1442.78,12985.0,https://www.balticexchange.com/ (simulated demo series)
2019-01-21,BPI,1543.64,13892.79,https://www.balticexchange.com/ (simulated demo series)
2019-01-22,BPI,1611.51,14503.63,https://www.balticexchange.com/ (simulated demo series)
2019-01-23,BPI,1622.81,14605.27,https://www.balticexchange.com/ (simulated demo series)
2019-01-24,BPI,1625.96,14633.6,https://www.balticexchange.com/ (simulated demo series)
2019-01-25,BPI,1646.09,14814.8,https://www.balticexchange.com/ (simulated demo series)
2019-01-28,BPI,1637.43,14736.9,https://www.balticexchange.com/ (simulated demo series)
2019-01-29,BPI,1634.29,14708.6,https://www.balticexchange.com/ (simulated demo series)
2019-01-30,BPI,1624.75,14622.74,https://www.balticexchange.com/ (simulated demo series)
2019-01-31,BPI,1662.02,14958.19,https://www.balticexchange.com/ (simulated demo series)
2019-02-01,BPI,1690.63,15215.63,https://www.balticexchange.com/ (simulated demo series)
2019-02-04,BPI,1832.1,16488.93,https://www.balticexchange.com/ (simulated demo series)
2019-02-05,BPI,1874.07,16866.59,https://www.balticexchange.com/ (simulated demo series)
2019-02-06,BPI,1934.07,17406.64,https://www.balticexchange.com/ (simulated demo series)
2019-02-07,BPI,1933.52,17401.68,https://www.balticexchange.com/ (simulated demo series)
2019-02-08,BPI,1870.67,16836.07,https://www.balticexchange.com/ (simulated demo series)
2019-02-11,BPI,1810.35,16293.15,https://www.balticexchange.com/ (simulated demo series)
2019-02-12,BPI,1794.41,16149.7,https://www.balticexchange.com/ (simulated demo series)
2019-02-13,BPI,1756.36,15807.24,https://www.balticexchange.com/ (simulated demo series)
2019-02-14,BPI,1706.59,15359.33,https://www.balticexchange.com/ (simulated demo series)
2019-02-15,BPI,1815.36,16338.24,https://www.balticexchange.com/ (simulated demo series)
2019-02-18,BPI,1801.49,16213.44,https://www.balticexchange.com/ (simulated demo series)
2019-02-19,BPI,1831.45,16483.06,https://www.balticexchange.com/ (simulated demo series)
2019-02-20,BPI,1911.28,17201.48,https://www.balticexchange.com/ (simulated demo series)
2019-02-21,BPI,1943.39,17490.5,https://www.balticexchange.com/ (simulated demo series)
2019-02-22,BPI,1997.2,17974.81,https://www.balticexchange.com/ (simulated demo series)
2019-02-25,BPI,1907.5,17167.46,https://www.balticexchange.com/ (simulated demo series)
2019-02-26,BPI,1825.58,16430.26,https://www.balticexchange.com/ (simulated demo series)
2019-02-27,BPI,1843.79,16594.07,https://www.balticexchange.com/ (simulated demo series)
2019-02-28,BPI,1872.78,16855.03,https://www.balticexchange.com/ (simulated demo series)
2019-03-01,BPI,1832.67,16494.05,https://www.balticexchange.com/ (simulated demo series)
2019-03-04,BPI,1919.63,17276.64,https://www.balticexchange.com/ (simulated demo series)
2019-03-05,BPI,1853.44,16680.94,https://www.balticexchange.com/ (simulated demo series)
2019-03-06,BPI,1856.71,16710.4,https://www.balticexchange.com/ (simulated demo series)
2019-03-07,BPI,1819.54,16375.86,https://www.balticexchange.com/ (simulated demo series)
2019-03-08,BPI,1815.58,16340.18,https://www.balticexchange.com/ (simulated demo series)
2019-03-11,BPI,1694.34,15249.03,https://www.balticexchange.com/ (simulated demo series)
2019-03-12,BPI,1742.32,15680.92,https://www.balticexchange.com/ (simulated demo series)
2019-03-13,BPI,1688.67,15198.01,https://www.balticexchange.com/ (simulated demo series)
2019-03-14,BPI,1678.7,15108.33,https://www.balticexchange.com/ (simulated demo series)
2019-03-15,BPI,1713.51,15421.63,https://www.balticexchange.com/ (simulated demo series)
2019-03-18,BPI,1774.96,15974.67,https://www.balticexchange.com/ (simulated demo series)
2019-03-19,BPI,1861.33,16751.97,https://www.balticexchange.com/ (simulated demo series)
2019-03-20,BPI,1825.95,16433.51,https://www.balticexchange.com/ (simulated demo series)
2019-03-21,BPI,1911.55,17203.96,https://www.balticexchange.com/ (simulated demo series)
2019-03-22,BPI,1965.43,17688.85,https://www.balticexchange.com/ (simulated demo series)
2019-03-25,BPI,1978.7,17808.3,https://www.balticexchange.com/ (simulated demo series)
2019-03-26,BPI,1986.22,17875.96,https://www.balticexchange.com/ (simulated demo series)
2019-03-27,BPI,2018.16,18163.46,https://www.balticexchange.com/ (simulated demo series)
2019-03-28,BPI,1937.14,17434.23,https://www.balticexchange.com/ (simulated demo series)
2019-03-29,BPI,1941.46,17473.16,https://www.balticexchange.com/ (simulated demo series)
2019-04-01,BPI,1853.96,16685.64,https://www.balticexchange.com/ (simulated demo series)
2019-04-02,BPI,1837.08,16533.73,https://www.balticexchange.com/ (simulated demo series)
2019-04-03,BPI,1825.74,16431.62,https://www.balticexchange.com/ (simulated demo series)
2019-04-04,BPI,1856.2,16705.84,https://www.balticexchange.com/ (simulated demo series)
2019-04-05,BPI,1896.95,17072.58,https://www.balticexchange.com/ (simulated demo series)
2019-04-08,BPI,1982.12,17839.06,https://www.balticexchange.com/ (simulated demo series)
2019-04-09,BPI,1968.62,17717.54,https://www.balticexchange.com/ (simulated demo series)
2019-04-10,BPI,1962.85,17665.67,https://www.balticexchange.com/ (simulated demo series)
2019-04-11,BPI,1973.02,17757.22,https://www.balticexchange.com/ (simulated demo series)
2019-04-12,BPI,1908.85,17179.66,https://www.balticexchange.com/ (simulated demo series)
2019-04-15,BPI,1880.5,16924.49,https://www.balticexchange.com/ (simulated demo series)
2019-04-16,BPI,1923.53,17311.74,https://www.balticexchange.com/ (simulated demo series)
2019-04-17,BPI,1954.09,17586.84,https://www.balticexchange.com/ (simulated demo series)
2019-04-18,BPI,1943.21,17488.9,https://www.balticexchange.com/ (simulated demo series)
2019-04-19,BPI,2002.18,18019.6,https://www.balticexchange.com/ (simulated demo series)
2019-04-22,BPI,1939.27,17453.42,https://www.balticexchange.com/ (simulated demo series)
2019-04-23,BPI,1941.17,17470.49,https://www.balticexchange.com/ (simulated demo series)
2019-04-24,BPI,1992.63,17933.7,https://www.balticexchange.com/ (simulated demo series)
2019-04-25,BPI,2051.46,18463.15,https://www.balticexchange.com/ (simulated demo series)
2019-04-26,BPI,2115.43,19038.87,https://www.balticexchange.com/ (simulated demo series)
2019-04-29,BPI,2069.64,18626.78,https://www.balticexchange.com/ (simulated demo series)
2019-04-30,BPI,2026.42,18237.81,https://www.balticexchange.com/ (simulated demo series)
2019-05-01,BPI,2024.88,18223.96,https://www.balticexchange.com/ (simulated demo series)
2019-05-02,BPI,2026.66,18239.94,https://www.balticexchange.com/ (simulated demo series)
2019-05-03,BPI,2036.04,18324.38,https://www.balticexchange.com/ (simulated demo series)
2019-05-06,BPI,2072.02,18648.17,https://www.balticexchange.com/ (simulated demo series)
2019-05-07,BPI,2096.13,18865.18,https://www.balticexchange.com/ (simulated demo series)
2019-05-08,BPI,1968.99,17720.88,https://www.balticexchange.com/ (simulated demo series)
2019-05-09,BPI,2037.82,18340.35,https://www.balticexchange.com/ (simulated demo series)
2019-05-10,BPI,2076.49,18688.43,https://www.balticexchange.com/ (simulated demo series)
2019-05-13,BPI,2087.38,18786.39,https://www.balticexchange.com/ (simulated demo series)
2019-05-14,BPI,2003.78,18034.06,https://www.balticexchange.com/ (simulated demo series)
2019-05-15,BPI,2021.29,18191.58,https://www.balticexchange.com/ (simulated demo series)
2019-05-16,BPI,1978.53,17806.76,https://www.balticexchange.com/ (simulated demo series)
2019-05-17,BPI,1969.53,17725.76,https://www.balticexchange.com/ (simulated demo series)
2019-05-20,BPI,2035.18,18316.58,https://www.balticexchange.com/ (simulated demo series)
2019-05-21,BPI,1960.04,17640.35,https://www.balticexchange.com/ (simulated demo series)
2019-05-22,BPI,1986.46,17878.11,https://www.balticexchange.com/ (simulated demo series)
2019-05-23,BPI,1895.98,17063.81,https://www.balticexchange.com/ (simulated demo series)
2019-05-24,BPI,1888.4,16995.57,https://www.balticexchange.com/ (simulated demo series)
2019-05-27,BPI,1844.53,16600.73,https://www.balticexchange.com/ (simulated demo series)
2019-05-28,BPI,1875.15,16876.35,https://www.balticexchange.com/ (simulated demo series)
2019-05-29,BPI,1856.24,16706.15,https://www.balticexchange.com/ (simulated demo series)
2019-05-30,BPI,1832.27,16490.45,https://www.balticexchange.com/ (simulated demo series)
2019-05-31,BPI,1884.63,16961.65,https://www.balticexchange.com/ (simulated demo series)
2019-06-03,BPI,1895.26,17057.37,https://www.balticexchange.com/ (simulated demo series)
2019-06-04,BPI,1809.57,16286.09,https://www.balticexchange.com/ (simulated demo series)
2019-06-05,BPI,1782.37,16041.33,https://www.balticexchange.com/ (simulated demo series)
2019-06-06,BPI,1761.82,15856.38,https://www.balticexchange.com/ (simulated demo series)
2019-06-07,BPI,1703.18,15328.62,https://www.balticexchange.com/ (simulated demo series)
2019-06-10,BPI,1702.5,15322.46,https://www.balticexchange.com/ (simulated demo series)
2019-06-11,BPI,1669.29,15023.61,https://www.balticexchange.com/ (simulated demo series)
2019-06-12,BPI,1670.46,15034.11,https://www.balticexchange.com/ (simulated demo series)
2019-06-13,BPI,1713.42,15420.79,https://www.balticexchange.com/ (simulated demo series)
2019-06-14,BPI,1739.25,15653.21,https://www.balticexchange.com/ (simulated demo series)
2019-06-17,BPI,1893.88,17044.9,https://www.balticexchange.com/ (simulated demo series)
2019-06-18,BPI,1850.25,16652.21,https://www.balticexchange.com/ (simulated demo series)
2019-06-19,BPI,1773.6,15962.42,https://www.balticexchange.com/ (simulated demo series)
2019-06-20,BPI,1753.3,15779.71,https://www.balticexchange.com/ (simulated demo series)
2019-06-21,BPI,1830.06,16470.53,https://www.balticexchange.com/ (simulated demo series)
2019-06-24,BPI,1968.04,17712.4,https://www.balticexchange.com/ (simulated demo series)
2019-06-25,BPI,1967.33,17705.98,https://www.balticexchange.com/ (simulated demo series)
2019-06-26,BPI,1961.18,17650.63,https://www.balticexchange.com/ (simulated demo series)
2019-06-27,BPI,1935.64,17420.76,https://www.balticexchange.com/ (simulated demo series)
2019-06-28,BPI,1976.28,17786.49,https://www.balticexchange.com/ (simulated demo series)
2019-07-01,BPI,1941.88,17476.92,https://www.balticexchange.com/ (simulated demo series)
2019-07-02,BPI,1897.6,17078.4,https://www.balticexchange.com/ (simulated demo series)
2019-07-03,BPI,1891.07,17019.61,https://www.balticexchange.com/ (simulated demo series)
2019-07-04,BPI,1829.14,16462.25,https://www.balticexchange.com/ (simulated demo series)
2019-07-05,BPI,1873.37,16860.37,https://www.balticexchange.com/ (simulated demo series)
2019-07-08,BPI,1760.34,15843.06,https://www.balticexchange.com/ (simulated demo series)
2019-07-09,BPI,1765.51,15889.61,https://www.balticexchange.com/ (simulated demo series)
2019-07-10,BPI,1739.27,15653.46,https://www.balticexchange.com/ (simulated demo series)
2019-07-11,BPI,1779.93,16019.39,https://www.balticexchange.com/ (simulated demo series)
2019-07-12,BPI,1771.28,15941.55,https://www.balticexchange.com/ (simulated demo series)
2019-07-15,BPI,1812.64,16313.75,https://www.balticexchange.com/ (simulated demo series)
2019-07-16,BPI,1786.74,16080.63,https://www.balticexchange.com/ (simulated demo series)
2019-07-17,BPI,1770.76,15936.85,https://www.balticexchange.com/ (simulated demo series)
2019-07-18,BPI,1815.02,16335.15,https://www.balticexchange.com/ (simulated demo series)
2019-07-19,BPI,1859.01,16731.1,https://www.balticexchange.com/ (simulated demo series)
2019-07-22,BPI,1826.92,16442.3,https://www.balticexchange.com/ (simulated demo series)
2019-07-23,BPI,1839.4,16554.57,https://www.balticexchange.com/ (simulated demo series)
2019-07-24,BPI,1872.61,16853.5,https://www.balticexchange.com/ (simulated demo series)
2019-07-25,BPI,1886.56,16979.03,https://www.balticexchange.com/ (simulated demo series)
2019-07-26,BPI,1851.77,16665.94,https://www.balticexchange.com/ (simulated demo series)
2019-07-29,BPI,1768.63,15917.64,https://www.balticexchange.com/ (simulated demo series)
2019-07-30,BPI,1810.63,16295.71,https://www.balticexchange.com/ (simulated demo series)
2019-07-31,BPI,1747.53,15727.8,https://www.balticexchange.com/ (simulated demo series)
2019-08-01,BPI,1780.33,16023.01,https://www.balticexchange.com/ (simulated demo series)
2019-08-02,BPI,1743.0,15687.0,https://www.balticexchange.com/ (simulated demo series)
2019-08-05,BPI,1689.56,15206.05,https://www.balticexchange.com/ (simulated demo series)
2019-08-06,BPI,1734.01,15606.08,https://www.balticexchange.com/ (simulated demo series)
2019-08-07,BPI,1707.88,15370.89,https://www.balticexchange.com/ (simulated demo series)
2019-08-08,BPI,1718.36,15465.26,https://www.balticexchange.com/ (simulated demo series)
2019-08-09,BPI,1707.85,15370.68,https://www.balticexchange.com/ (simulated demo series)
2019-08-12,BPI,1735.85,15622.62,https://www.balticexchange.com/ (simulated demo series)
2019-08-13,BPI,1694.97,15254.73,https://www.balticexchange.com/ (simulated demo series)
2019-08-14,BPI,1708.87,15379.8,https://www.balticexchange.com/ (simulated demo series)
2019-08-15,BPI,1703.53,15331.77,https://www.balticexchange.com/ (simulated demo series)
2019-08-16,BPI,1731.7,15585.3,https://www.balticexchange.com/ (simulated demo series)
2019-08-19,BPI,1695.99,15263.93,https://www.balticexchange.com/ (simulated demo series)
2019-08-20,BPI,1709.18,15382.6,https://www.balticexchange.com/ (simulated demo series)
2019-08-21,BPI,1712.6,15413.39,https://www.balticexchange.com/ (simulated demo series)
2019-08-22,BPI,1708.17,15373.52,https://www.balticexchange.com/ (simulated demo series)
2019-08-23,BPI,1709.42,15384.75,https://www.balticexchange.com/ (simulated demo series)
2019-08-26,BPI,1680.48,15124.32,https://www.balticexchange.com/ (simulated demo series)
2019-08-27,BPI,1630.31,14672.75,https://www.balticexchange.com/ (simulated demo series)
2019-08-28,BPI,1611.32,14501.91,https://www.balticexchange.com/ (simulated demo series)
2019-08-29,BPI,1593.56,14342.01,https://www.balticexchange.com/ (simulated demo series)
2019-08-30,BPI,1531.2,13780.79,https://www.balticexchange.com/ (simulated demo series)
2019-09-02,BPI,1600.84,14407.54,https://www.balticexchange.com/ (simulated demo series)
2019-09-03,BPI,1615.04,14535.36,https://www.balticexchange.com/ (simulated demo series)
2019-09-04,BPI,1586.41,14277.71,https://www.balticexchange.com/ (simulated demo series)
2019-09-05,BPI,1620.04,14580.32,https://www.balticexchange.com/ (simulated demo series)
2019-09-06,BPI,1652.09,14868.79,https://www.balticexchange.com/ (simulated demo series)
2019-09-09,BPI,1616.0,14544.01,https://www.balticexchange.com/ (simulated demo series)
2019-09-10,BPI,1633.66,14702.95,https://www.balticexchange.com/ (simulated demo series)
2019-09-11,BPI,1645.71,14811.35,https://www.balticexchange.com/ (simulated demo series)
2019-09-12,BPI,1653.47,14881.27,https://www.balticexchange.com/ (simulated demo series)
2019-09-13,BPI,1644.09,14796.79,https://www.balticexchange.com/ (simulated demo series)
2019-09-16,BPI,1505.38,13548.38,https://www.balticexchange.com/ (simulated demo series)
2019-09-17,BPI,1475.71,13281.41,https://www.balticexchange.com/ (simulated demo series)
2019-09-18,BPI,1470.09,13230.81,https://www.balticexchange.com/ (simulated demo series)
2019-09-19,BPI,1459.32,13133.84,https://www.balticexchange.com/ (simulated demo series)
2019-09-20,BPI,1481.04,13329.39,https://www.balticexchange.com/ (simulated demo series)
2019-09-23,BPI,1545.04,13905.34,https://www.balticexchange.com/ (simulated demo series)
2019-09-24,BPI,1579.1,14211.87,https://www.balticexchange.com/ (simulated demo series)
2019-09-25,BPI,1555.53,13999.75,https://www.balticexchange.com/ (simulated demo series)
2019-09-26,BPI,1548.3,13934.66,https://www.balticexchange.com/ (simulated demo series)
2019-09-27,BPI,1590.59,14315.35,https://www.balticexchange.com/ (simulated demo series)
2019-09-30,BPI,1543.35,13890.11,https://www.balticexchange.com/ (simulated demo series)
2019-10-01,BPI,1561.58,14054.26,https://www.balticexchange.com/ (simulated demo series)
2019-10-02,BPI,1609.43,14484.87,https://www.balticexchange.com/ (simulated demo series)
2019-10-03,BPI,1586.73,14280.54,https://www.balticexchange.com/ (simulated demo series)
2019-10-04,BPI,1608.37,14475.36,https://www.balticexchange.com/ (simulated demo series)
2019-10-07,BPI,1587.57,14288.12,https://www.balticexchange.com/ (simulated demo series)
2019-10-08,BPI,1522.66,13703.92,https://www.balticexchange.com/ (simulated demo series)
2019-10-09,BPI,1517.53,13657.81,https://www.balticexchange.com/ (simulated demo series)
2019-10-10,BPI,1458.35,13125.18,https://www.balticexchange.com/ (simulated demo series)
2019-10-11,BPI,1463.5,13171.52,https://www.balticexchange.com/ (simulated demo series)
2019-10-14,BPI,1427.59,12848.34,https://www.balticexchange.com/ (simulated demo series)
2019-10-15,BPI,1481.37,13332.36,https://www.balticexchange.com/ (simulated demo series)
2019-10-16,BPI,1513.58,13622.22,https://www.balticexchange.com/ (simulated demo series)
2019-10-17,BPI,1564.62,14081.6,https://www.balticexchange.com/ (simulated demo series)
2019-10-18,BPI,1528.2,13753.78,https://www.balticexchange.com/ (simulated demo series)
2019-10-21,BPI,1498.77,13488.89,https://www.balticexchange.com/ (simulated demo series)
2019-10-22,BPI,1535.06,13815.5,https://www.balticexchange.com/ (simulated demo series)
2019-10-23,BPI,1526.29,13736.59,https://www.balticexchange.com/ (simulated demo series)
2019-10-24,BPI,1544.49,13900.37,https://www.balticexchange.com/ (simulated demo series)
2019-10-25,BPI,1571.33,14141.99,https://www.balticexchange.com/ (simulated demo series)
2019-10-28,BPI,1560.23,14042.09,https://www.balticexchange.com/ (simulated demo series)
2019-10-29,BPI,1590.12,14311.1,https://www.balticexchange.com/ (simulated demo series)
2019-10-30,BPI,1607.72,14469.49,https://www.balticexchange.com/ (simulated demo series)
2019-10-31,BPI,1543.78,13894.01,https://www.balticexchange.com/ (simulated demo series)
2019-11-01,BPI,1546.58,13919.19,https://www.balticexchange.com/ (simulated demo series)
2019-11-04,BPI,1529.82,13768.38,https://www.balticexchange.com/ (simulated demo series)
2019-11-05,BPI,1524.25,13718.24,https://www.balticexchange.com/ (simulated demo series)
2019-11-06,BPI,1476.17,13285.52,https://www.balticexchange.com/ (simulated demo series)
2019-11-07,BPI,1469.23,13223.04,https://www.balticexchange.com/ (simulated demo series)
2019-11-08,BPI,1443.2,12988.77,https://www.balticexchange.com/ (simulated demo series)
2019-11-11,BPI,1456.7,13110.28,https://www.balticexchange.com/ (simulated demo series)
2019-11-12,BPI,1456.44,13107.99,https://www.balticexchange.com/ (simulated demo series)
2019-11-13,BPI,1471.85,13246.66,https://www.balticexchange.com/ (simulated demo series)
2019-11-14,BPI,1441.25,12971.27,https://www.balticexchange.com/ (simulated demo series)
2019-11-15,BPI,1461.11,13150.03,https://www.balticexchange.com/ (simulated demo series)
2019-11-18,BPI,1389.29,12503.61,https://www.balticexchange.com/ (simulated demo series)
2019-11-19,BPI,1353.48,12181.33,https://www.balticexchange.com/ (simulated demo series)
2019-11-20,BPI,1352.44,12171.93,https://www.balticexchange.com/ (simulated demo series)
2019-11-21,BPI,1394.96,12554.64,https://www.balticexchange.com/ (simulated demo series)
2019-11-22,BPI,1418.2,12763.81,https://www.balticexchange.com/ (simulated demo series)
2019-11-25,BPI,1478.28,13304.48,https://www.balticexchange.com/ (simulated demo series)
2019-11-26,BPI,1452.55,13072.96,https://www.balticexchange.com/ (simulated demo series)
2019-11-27,BPI,1433.11,12898.03,https://www.balticexchange.com/ (simulated demo series)
2019-11-28,BPI,1462.98,13166.83,https://www.balticexchange.com/ (simulated demo series)
2019-11-29,BPI,1501.56,13514.07,https://www.balticexchange.com/ (simulated demo series)
2019-12-02,BPI,1511.81,13606.33,https://www.balticexchange.com/ (simulated demo series)
2019-12-03,BPI,1495.12,13456.12,https://www.balticexchange.com/ (simulated demo series)
2019-12-04,BPI,1482.25,13340.26,https://www.balticexchange.com/ (simulated demo series)
2019-12-05,BPI,1524.74,13722.65,https://www.balticexchange.com/ (simulated demo series)
2019-12-06,BPI,1513.75,13623.75,https://www.balticexchange.com/ (simulated demo series)
2019-12-09,BPI,1497.17,13474.54,https://www.balticexchange.com/ (simulated demo series)
2019-12-10,BPI,1536.55,13828.95,https://www.balticexchange.com/ (simulated demo series)
2019-12-11,BPI,1561.81,14056.31,https://www.balticexchange.com/ (simulated demo series)
2019-12-12,BPI,1577.49,14197.41,https://www.balticexchange.com/ (simulated demo series)
2019-12-13,BPI,1575.52,14179.65,https://www.balticexchange.com/ (simulated demo series)
2019-12-16,BPI,1598.94,14390.5,https://www.balticexchange.com/ (simulated demo series)
2019-12-17,BPI,1612.0,14508.0,https://www.balticexchange.com/ (simulated demo series)
2019-12-18,BPI,1566.43,14097.91,https://www.balticexchange.com/ (simulated demo series)
2019-12-19,BPI,1563.17,14068.51,https://www.balticexchange.com/ (simulated demo series)
2019-12-20,BPI,1519.6,13676.43,https://www.balticexchange.com/ (simulated demo series)
2019-12-23,BPI,1537.14,13834.3,https://www.balticexchange.com/ (simulated demo series)
2019-12-24,BPI,1641.26,14771.35,https://www.balticexchange.com/ (simulated demo series)
2019-12-25,BPI,1628.09,14652.85,https://www.balticexchange.com/ (simulated demo series)
2019-12-26,BPI,1652.87,14875.8,https://www.balticexchange.com/ (simulated demo series)
2019-12-27,BPI,1659.65,14936.89,https://www.balticexchange.com/ (simulated demo series)
2019-12-30,BPI,1702.87,15325.8,https://www.balticexchange.com/ (simulated demo series)
2019-12-31,BPI,1620.56,14585.07,https://www.balticexchange.com/ (simulated demo series)
2020-01-01,BPI,1563.48,14071.33,https://www.balticexchange.com/ (simulated demo series)
2020-01-02,BPI,1575.49,14179.43,https://www.balticexchange.com/ (simulated demo series)
2020-01-03,BPI,1540.13,13861.19,https://www.balticexchange.com/ (simulated demo series)
2020-01-06,BPI,1514.69,13632.18,https://www.balticexchange.com/ (simulated demo series)
2020-01-07,BPI,1523.07,13707.66,https://www.balticexchange.com/ (simulated demo series)
2020-01-08,BPI,1573.04,14157.36,https://www.balticexchange.com/ (simulated demo series)
2020-01-09,BPI,1533.17,13798.51,https://www.balticexchange.com/ (simulated demo series)
2020-01-10,BPI,1518.84,13669.58,https://www.balticexchange.com/ (simulated demo series)
2020-01-13,BPI,1694.93,15254.33,https://www.balticexchange.com/ (simulated demo series)
2020-01-14,BPI,1645.3,14807.69,https://www.balticexchange.com/ (simulated demo series)
2020-01-15,BPI,1616.01,14544.09,https://www.balticexchange.com/ (simulated demo series)
2020-01-16,BPI,1565.97,14093.72,https://www.balticexchange.com/ (simulated demo series)
2020-01-17,BPI,1554.94,13994.44,https://www.balticexchange.com/ (simulated demo series)
2020-01-20,BPI,1517.58,13658.26,https://www.balticexchange.com/ (simulated demo series)
2020-01-21,BPI,1514.08,13626.75,https://www.balticexchange.com/ (simulated demo series)
2020-01-22,BPI,1468.94,13220.45,https://www.balticexchange.com/ (simulated demo series)
2020-01-23,BPI,1433.71,12903.35,https://www.balticexchange.com/ (simulated demo series)
2020-01-24,BPI,1445.73,13011.59,https://www.balticexchange.com/ (simulated demo series)
2020-01-27,BPI,1398.01,12582.08,https://www.balticexchange.com/ (simulated demo series)
2020-01-28,BPI,1387.83,12490.5,https://www.balticexchange.com/ (simulated demo series)
2020-01-29,BPI,1404.09,12636.81,https://www.balticexchange.com/ (simulated demo series)
2020-01-30,BPI,1374.09,12366.82,https://www.balticexchange.com/ (simulated demo series)
2020-01-31,BPI,1415.92,12743.3,https://www.balticexchange.com/ (simulated demo series)
2020-02-03,BPI,1367.76,12309.88,https://www.balticexchange.com/ (simulated demo series)
2020-02-04,BPI,1333.17,11998.53,https://www.balticexchange.com/ (simulated demo series)
2020-02-05,BPI,1371.73,12345.57,https://www.balticexchange.com/ (simulated demo series)
2020-02-06,BPI,1424.02,12816.2,https://www.balticexchange.com/ (simulated demo series)
2020-02-07,BPI,1448.84,13039.53,https://www.balticexchange.com/ (simulated demo series)
2020-02-10,BPI,1431.83,12886.44,https://www.balticexchange.com/ (simulated demo series)
2020-02-11,BPI,1464.58,13181.26,https://www.balticexchange.com/ (simulated demo series)
2020-02-12,BPI,1489.02,13401.14,https://www.balticexchange.com/ (simulated demo series)
2020-02-13,BPI,1492.1,13428.92,https://www.balticexchange.com/ (simulated demo series)
2020-02-14,BPI,1528.25,13754.24,https://www.balticexchange.com/ (simulated demo series)
2020-02-17,BPI,1499.32,13493.84,https://www.balticexchange.com/ (simulated demo series)
2020-02-18,BPI,1420.27,12782.43,https://www.balticexchange.com/ (simulated demo series)
2020-02-19,BPI,1410.83,12697.46,https://www.balticexchange.com/ (simulated demo series)
2020-02-20,BPI,1424.79,12823.08,https://www.balticexchange.com/ (simulated demo series)
2020-02-21,BPI,1439.53,12955.75,https://www.balticexchange.com/ (simulated demo series)
2020-02-24,BPI,1475.11,13276.0,https://www.balticexchange.com/ (simulated demo series)
2020-02-25,BPI,1462.45,13162.06,https://www.balticexchange.com/ (simulated demo series)
2020-02-26,BPI,1424.36,12819.2,https://www.balticexchange.com/ (simulated demo series)
2020-02-27,BPI,1435.99,12923.94,https://www.balticexchange.com/ (simulated demo series)
2020-02-28,BPI,1460.68,13146.15,https://www.balticexchange.com/ (simulated demo series)
2020-03-02,BPI,1299.55,11695.91,https://www.balticexchange.com/ (simulated demo series)
2020-03-03,BPI,1285.35,11568.16,https://www.balticexchange.com/ (simulated demo series)
2020-03-04,BPI,1289.22,11602.97,https://www.balticexchange.com/ (simulated demo series)
2020-03-05,BPI,1279.99,11519.89,https://www.balticexchange.com/ (simulated demo series)
2020-03-06,BPI,1287.64,11588.75,https://www.balticexchange.com/ (simulated demo series)
2020-03-09,BPI,1301.1,11709.91,https://www.balticexchange.com/ (simulated demo series)
2020-03-10,BPI,1328.17,11953.53,https://www.balticexchange.com/ (simulated demo series)
2020-03-11,BPI,1341.91,12077.21,https://www.balticexchange.com/ (simulated demo series)
2020-03-12,BPI,1370.75,12336.78,https://www.balticexchange.com/ (simulated demo series)
2020-03-13,BPI,1382.87,12445.82,https://www.balticexchange.com/ (simulated demo series)
2020-03-16,BPI,1297.64,11678.72,https://www.balticexchange.com/ (simulated demo series)
2020-03-17,BPI,1244.68,11202.11,https://www.balticexchange.com/ (simulated demo series)
2020-03-18,BPI,1258.77,11328.93,https://www.balticexchange.com/ (simulated demo series)
2020-03-19,BPI,1311.59,11804.27,https://www.balticexchange.com/ (simulated demo series)
2020-03-20,BPI,1292.38,11631.45,https://www.balticexchange.com/ (simulated demo series)
2020-03-23,BPI,1325.09,11925.8,https://www.balticexchange.com/ (simulated demo series)
2020-03-24,BPI,1359.45,12235.07,https://www.balticexchange.com/ (simulated demo series)
2020-03-25,BPI,1327.71,11949.43,https://www.balticexchange.com/ (simulated demo series)
2020-03-26,BPI,1314.81,11833.26,https://www.balticexchange.com/ (simulated demo series)
2020-03-27,BPI,1374.53,12370.79,https://www.balticexchange.com/ (simulated demo series)
2020-03-30,BPI,1416.29,12746.63,https://www.balticexchange.com/ (simulated demo series)
2020-03-31,BPI,1422.67,12803.99,https://www.balticexchange.com/ (simulated demo series)
2020-04-01,BPI,1349.43,12144.84,https://www.balticexchange.com/ (simulated demo series)
2020-04-02,BPI,1366.26,12296.3,https://www.balticexchange.com/ (simulated demo series)
2020-04-03,BPI,1362.0,12257.97,https://www.balticexchange.com/ (simulated demo series)
2020-04-06,BPI,1328.64,11957.76,https://www.balticexchange.com/ (simulated demo series)
2020-04-07,BPI,1325.13,11926.13,https://www.balticexchange.com/ (simulated demo series)
2020-04-08,BPI,1322.22,11900.0,https://www.balticexchange.com/ (simulated demo series)
2020-04-09,BPI,1316.73,11850.57,https://www.balticexchange.com/ (simulated demo series)
2020-04-10,BPI,1307.31,11765.81,https://www.balticexchange.com/ (simulated demo series)
2020-04-13,BPI,1261.3,11351.66,https://www.balticexchange.com/ (simulated demo series)
2020-04-14,BPI,1264.08,11376.71,https://www.balticexchange.com/ (simulated demo series)
2020-04-15,BPI,1260.02,11340.21,https://www.balticexchange.com/ (simulated demo series)
2020-04-16,BPI,1214.53,10930.74,https://www.balticexchange.com/ (simulated demo series)
2020-04-17,BPI,1166.64,10499.76,https://www.balticexchange.com/ (simulated demo series)
2020-04-20,BPI,1180.04,10620.37,https://www.balticexchange.com/ (simulated demo series)
2020-04-21,BPI,1146.86,10321.77,https://www.balticexchange.com/ (simulated demo series)
2020-04-22,BPI,1168.45,10516.05,https://www.balticexchange.com/ (simulated demo series)
2020-04-23,BPI,1210.64,10895.78,https://www.balticexchange.com/ (simulated demo series)
2020-04-24,BPI,1187.31,10685.82,https://www.balticexchange.com/ (simulated demo series)
2020-04-27,BPI,1145.2,10306.77,https://www.balticexchange.com/ (simulated demo series)
2020-04-28,BPI,1171.95,10547.55,https://www.balticexchange.com/ (simulated demo series)
2020-04-29,BPI,1198.61,10787.46,https://www.balticexchange.com/ (simulated demo series)
2020-04-30,BPI,1244.01,11196.09,https://www.balticexchange.com/ (simulated demo series)
2020-05-01,BPI,1271.46,11443.12,https://www.balticexchange.com/ (simulated demo series)
2020-05-04,BPI,1220.27,10982.47,https://www.balticexchange.com/ (simulated demo series)
2020-05-05,BPI,1213.81,10924.33,https://www.balticexchange.com/ (simulated demo series)
2020-05-06,BPI,1277.46,11497.17,https://www.balticexchange.com/ (simulated demo series)
2020-05-07,BPI,1309.88,11788.95,https://www.balticexchange.com/ (simulated demo series)
2020-05-08,BPI,1315.38,11838.4,https://www.balticexchange.com/ (simulated demo series)
2020-05-11,BPI,1273.26,11459.33,https://www.balticexchange.com/ (simulated demo series)
2020-05-12,BPI,1262.72,11364.48,https://www.balticexchange.com/ (simulated demo series)
2020-05-13,BPI,1281.98,11537.78,https://www.balticexchange.com/ (simulated demo series)
2020-05-14,BPI,1259.69,11337.22,https://www.balticexchange.com/ (simulated demo series)
2020-05-15,BPI,1223.6,11012.41,https://www.balticexchange.com/ (simulated demo series)
2020-05-18,BPI,1201.85,10816.62,https://www.balticexchange.com/ (simulated demo series)
2020-05-19,BPI,1210.98,10898.85,https://www.balticexchange.com/ (simulated demo series)
2020-05-20,BPI,1195.48,10759.28,https://www.balticexchange.com/ (simulated demo series)
2020-05-21,BPI,1217.25,10955.22,https://www.balticexchange.com/ (simulated demo series)
2020-05-22,BPI,1202.63,10823.63,https://www.balticexchange.com/ (simulated demo series)
2020-05-25,BPI,1266.09,11394.77,https://www.balticexchange.com/ (simulated demo series)
2020-05-26,BPI,1240.19,11161.75,https://www.balticexchange.com/ (simulated demo series)
2020-05-27,BPI,1242.8,11185.24,https://www.balticexchange.com/ (simulated demo series)
2020-05-28,BPI,1228.0,11051.99,https://www.balticexchange.com/ (simulated demo series)
2020-05-29,BPI,1221.78,10996.03,https://www.balticexchange.com/ (simulated demo series)
2020-06-01,BPI,1263.55,11371.94,https://www.balticexchange.com/ (simulated demo series)
2020-06-02,BPI,1254.46,11290.16,https://www.balticexchange.com/ (simulated demo series)
2020-06-03,BPI,1227.87,11050.86,https://www.balticexchange.com/ (simulated demo series)
2020-06-04,BPI,1239.96,11159.65,https://www.balticexchange.com/ (simulated demo series)
2020-06-05,BPI,1278.34,11505.08,https://www.balticexchange.com/ (simulated demo series)
2020-06-08,BPI,1265.2,11386.81,https://www.balticexchange.com/ (simulated demo series)
2020-06-09,BPI,1300.51,11704.6,https://www.balticexchange.com/ (simulated demo series)
2020-06-10,BPI,1365.09,12285.8,https://www.balticexchange.com/ (simulated demo series)
2020-06-11,BPI,1332.99,11996.93,https://www.balticexchange.com/ (simulated demo series)
2020-06-12,BPI,1395.81,12562.26,https://www.balticexchange.com/ (simulated demo series)
2020-06-15,BPI,1387.53,12487.78,https://www.balticexchange.com/ (simulated demo series)
2020-06-16,BPI,1337.29,12035.64,https://www.balticexchange.com/ (simulated demo series)
2020-06-17,BPI,1278.32,11504.87,https://www.balticexchange.com/ (simulated demo series)
2020-06-18,BPI,1299.14,11692.22,https://www.balticexchange.com/ (simulated demo series)
2020-06-19,BPI,1291.3,11621.73,https://www.balticexchange.com/ (simulated demo series)
2020-06-22,BPI,1298.06,11682.5,https://www.balticexchange.com/ (simulated demo series)
2020-06-23,BPI,1296.4,11667.57,https://www.balticexchange.com/ (simulated demo series)
2020-06-24,BPI,1340.34,12063.06,https://www.balticexchange.com/ (simulated demo series)
2020-06-25,BPI,1402.08,12618.73,https://www.balticexchange.com/ (simulated demo series)
2020-06-26,BPI,1402.2,12619.79,https://www.balticexchange.com/ (simulated demo series)
2020-06-29,BPI,1447.38,13026.39,https://www.balticexchange.com/ (simulated demo series)
2020-06-30,BPI,1462.27,13160.47,https://www.balticexchange.com/ (simulated demo series)
2020-07-01,BPI,1493.26,13439.34,https://www.balticexchange.com/ (simulated demo series)
2020-07-02,BPI,1504.23,13538.05,https://www.balticexchange.com/ (simulated demo series)
2020-07-03,BPI,1527.39,13746.53,https://www.balticexchange.com/ (simulated demo series)
2020-07-06,BPI,1499.13,13492.15,https://www.balticexchange.com/ (simulated demo series)
2020-07-07,BPI,1466.65,13199.86,https://www.balticexchange.com/ (simulated demo series)
2020-07-08,BPI,1487.58,13388.21,https://www.balticexchange.com/ (simulated demo series)
2020-07-09,BPI,1521.46,13693.11,https://www.balticexchange.com/ (simulated demo series)
2020-07-10,BPI,1537.76,13839.88,https://www.balticexchange.com/ (simulated demo series)
2020-07-13,BPI,1573.29,14159.65,https://www.balticexchange.com/ (simulated demo series)
2020-07-14,BPI,1557.69,14019.19,https://www.balticexchange.com/ (simulated demo series)
2020-07-15,BPI,1564.52,14080.69,https://www.balticexchange.com/ (simulated demo series)
2020-07-16,BPI,1589.73,14307.61,https://www.balticexchange.com/ (simulated demo series)
2020-07-17,BPI,1548.88,13939.89,https://www.balticexchange.com/ (simulated demo series)
2020-07-20,BPI,1510.1,13590.88,https://www.balticexchange.com/ (simulated demo series)
2020-07-21,BPI,1553.25,13979.28,https://www.balticexchange.com/ (simulated demo series)
2020-07-22,BPI,1566.24,14096.17,https://www.balticexchange.com/ (simulated demo series)
2020-07-23,BPI,1581.54,14233.88,https://www.balticexchange.com/ (simulated demo series)
2020-07-24,BPI,1581.12,14230.06,https://www.balticexchange.com/ (simulated demo series)
2020-07-27,BPI,1582.82,14245.42,https://www.balticexchange.com/ (simulated demo series)
2020-07-28,BPI,1612.66,14513.91,https://www.balticexchange.com/ (simulated demo series)
2020-07-29,BPI,1627.64,14648.79,https://www.balticexchange.com/ (simulated demo series)
2020-07-30,BPI,1648.96,14840.65,https://www.balticexchange.com/ (simulated demo series)
2020-07-31,BPI,1617.2,14554.77,https://www.balticexchange.com/ (simulated demo series)
2020-08-03,BPI,1695.2,15256.8,https://www.balticexchange.com/ (simulated demo series)
2020-08-04,BPI,1718.99,15470.95,https://www.balticexchange.com/ (simulated demo series)
2020-08-05,BPI,1677.36,15096.27,https://www.balticexchange.com/ (simulated demo series)
2020-08-06,BPI,1663.11,14967.97,https://www.balticexchange.com/ (simulated demo series)
2020-08-07,BPI,1625.01,14625.06,https://www.balticexchange.com/ (simulated demo series)
2020-08-10,BPI,1620.06,14580.56,https://www.balticexchange.com/ (simulated demo series)
2020-08-11,BPI,1637.79,14740.1,https://www.balticexchange.com/ (simulated demo series)
2020-08-12,BPI,1662.88,14965.88,https://www.balticexchange.com/ (simulated demo series)
2020-08-13,BPI,1657.64,14918.72,https://www.balticexchange.com/ (simulated demo series)
2020-08-14,BPI,1631.75,14685.76,https://www.balticexchange.com/ (simulated demo series)
2020-08-17,BPI,1601.49,14413.37,https://www.balticexchange.com/ (simulated demo series)
2020-08-18,BPI,1630.15,14671.33,https://www.balticexchange.com/ (simulated demo series)
2020-08-19,BPI,1607.0,14463.02,https://www.balticexchange.com/ (simulated demo series)
2020-08-20,BPI,1635.75,14721.78,https://www.balticexchange.com/ (simulated demo series)
2020-08-21,BPI,1611.17,14500.53,https://www.balticexchange.com/ (simulated demo series)
2020-08-24,BPI,1632.75,14694.77,https://www.balticexchange.com/ (simulated demo series)
2020-08-25,BPI,1648.25,14834.22,https://www.balticexchange.com/ (simulated demo series)
2020-08-26,BPI,1644.58,14801.18,https://www.balticexchange.com/ (simulated demo series)
2020-08-27,BPI,1702.3,15320.72,https://www.balticexchange.com/ (simulated demo series)
2020-08-28,BPI,1663.8,14974.19,https://www.balticexchange.com/ (simulated demo series)
2020-08-31,BPI,1671.99,15047.92,https://www.balticexchange.com/ (simulated demo series)
2020-09-01,BPI,1565.93,14093.4,https://www.balticexchange.com/ (simulated demo series)
2020-09-02,BPI,1572.49,14152.43,https://www.balticexchange.com/ (simulated demo series)
2020-09-03,BPI,1551.01,13959.06,https://www.balticexchange.com/ (simulated demo series)
2020-09-04,BPI,1570.71,14136.38,https://www.balticexchange.com/ (simulated demo series)
2020-09-07,BPI,1521.84,13696.55,https://www.balticexchange.com/ (simulated demo series)
2020-09-08,BPI,1562.41,14061.67,https://www.balticexchange.com/ (simulated demo series)
2020-09-09,BPI,1558.04,14022.32,https://www.balticexchange.com/ (simulated demo series)
2020-09-10,BPI,1531.73,13785.56,https://www.balticexchange.com/ (simulated demo series)
2020-09-11,BPI,1529.98,13769.86,https://www.balticexchange.com/ (simulated demo series)
2020-09-14,BPI,1525.44,13728.99,https://www.balticexchange.com/ (simulated demo series)
2020-09-15,BPI,1535.6,13820.36,https://www.balticexchange.com/ (simulated demo series)
2020-09-16,BPI,1497.31,13475.82,https://www.balticexchange.com/ (simulated demo series)
2020-09-17,BPI,1449.25,13043.24,https://www.balticexchange.com/ (simulated demo series)
2020-09-18,BPI,1434.06,12906.57,https://www.balticexchange.com/ (simulated demo series)
2020-09-21,BPI,1441.0,12968.98,https://www.balticexchange.com/ (simulated demo series)
2020-09-22,BPI,1491.17,13420.53,https://www.balticexchange.com/ (simulated demo series)
2020-09-23,BPI,1541.9,13877.1,https://www.balticexchange.com/ (simulated demo series)
2020-09-24,BPI,1559.18,14032.63,https://www.balticexchange.com/ (simulated demo series)
2020-09-25,BPI,1531.17,13780.55,https://www.balticexchange.com/ (simulated demo series)
2020-09-28,BPI,1534.37,13809.3,https://www.balticexchange.com/ (simulated demo series)
2020-09-29,BPI,1498.53,13486.74,https://www.balticexchange.com/ (simulated demo series)
2020-09-30,BPI,1464.67,13182.06,https://www.balticexchange.com/ (simulated demo series)
2020-10-01,BPI,1463.61,13172.51,https://www.balticexchange.com/ (simulated demo series)
2020-10-02,BPI,1498.66,13487.92,https://www.balticexchange.com/ (simulated demo series)
2020-10-05,BPI,1585.24,14267.17,https://www.balticexchange.com/ (simulated demo series)
2020-10-06,BPI,1581.99,14237.93,https://www.balticexchange.com/ (simulated demo series)
2020-10-07,BPI,1521.59,13694.33,https://www.balticexchange.com/ (simulated demo series)
2020-10-08,BPI,1488.74,13398.68,https://www.balticexchange.com/ (simulated demo series)
2020-10-09,BPI,1479.83,13318.47,https://www.balticexchange.com/ (simulated demo series)
2020-10-12,BPI,1434.21,12907.9,https://www.balticexchange.com/ (simulated demo series)
2020-10-13,BPI,1436.72,12930.52,https://www.balticexchange.com/ (simulated demo series)
2020-10-14,BPI,1428.65,12857.88,https://www.balticexchange.com/ (simulated demo series)
2020-10-15,BPI,1465.18,13186.66,https://www.balticexchange.com/ (simulated demo series)
2020-10-16,BPI,1499.21,13492.85,https://www.balticexchange.com/ (simulated demo series)
2020-10-19,BPI,1400.91,12608.18,https://www.balticexchange.com/ (simulated demo series)
2020-10-20,BPI,1367.85,12310.69,https://www.balticexchange.com/ (simulated demo series)
2020-10-21,BPI,1363.96,12275.62,https://www.balticexchange.com/ (simulated demo series)
2020-10-22,BPI,1346.96,12122.65,https://www.balticexchange.com/ (simulated demo series)
2020-10-23,BPI,1349.36,12144.28,https://www.balticexchange.com/ (simulated demo series)
2020-10-26,BPI,1312.02,11808.19,https://www.balticexchange.com/ (simulated demo series)
2020-10-27,BPI,1310.61,11795.51,https://www.balticexchange.com/ (simulated demo series)
2020-10-28,BPI,1357.41,12216.65,https://www.balticexchange.com/ (simulated demo series)
2020-10-29,BPI,1350.45,12154.09,https://www.balticexchange.com/ (simulated demo series)
2020-10-30,BPI,1341.05,12069.49,https://www.balticexchange.com/ (simulated demo series)
2020-11-02,BPI,1326.32,11936.87,https://www.balticexchange.com/ (simulated demo series)
2020-11-03,BPI,1351.99,12167.88,https://www.balticexchange.com/ (simulated demo series)
2020-11-04,BPI,1363.15,12268.33,https://www.balticexchange.com/ (simulated demo series)
2020-11-05,BPI,1342.15,12079.35,https://www.balticexchange.com/ (simulated demo series)
2020-11-06,BPI,1335.8,12022.18,https://www.balticexchange.com/ (simulated demo series)
2020-11-09,BPI,1299.94,11699.44,https://www.balticexchange.com/ (simulated demo series)
2020-11-10,BPI,1293.17,11638.5,https://www.balticexchange.com/ (simulated demo series)
2020-11-11,BPI,1297.42,11676.77,https://www.balticexchange.com/ (simulated demo series)
2020-11-12,BPI,1257.59,11318.29,https://www.balticexchange.com/ (simulated demo series)
2020-11-13,BPI,1289.52,11605.71,https://www.balticexchange.com/ (simulated demo series)
2020-11-16,BPI,1264.42,11379.8,https://www.balticexchange.com/ (simulated demo series)
2020-11-17,BPI,1268.68,11418.16,https://www.balticexchange.com/ (simulated demo series)
2020-11-18,BPI,1246.93,11222.38,https://www.balticexchange.com/ (simulated demo series)
2020-11-19,BPI,1250.27,11252.43,https://www.balticexchange.com/ (simulated demo series)
2020-11-20,BPI,1222.92,11006.24,https://www.balticexchange.com/ (simulated demo series)
2020-11-23,BPI,1293.13,11638.2,https://www.balticexchange.com/ (simulated demo series)
2020-11-24,BPI,1295.79,11662.13,https://www.balticexchange.com/ (simulated demo series)
2020-11-25,BPI,1314.28,11828.51,https://www.balticexchange.com/ (simulated demo series)
2020-11-26,BPI,1339.94,12059.46,https://www.balticexchange.com/ (simulated demo series)
2020-11-27,BPI,1330.37,11973.35,https://www.balticexchange.com/ (simulated demo series)
2020-11-30,BPI,1325.08,11925.68,https://www.balticexchange.com/ (simulated demo series)
2020-12-01,BPI,1348.06,12132.57,https://www.balticexchange.com/ (simulated demo series)
2020-12-02,BPI,1341.29,12071.64,https://www.balticexchange.com/ (simulated demo series)
2020-12-03,BPI,1290.11,11610.96,https://www.balticexchange.com/ (simulated demo series)
2020-12-04,BPI,1314.9,11834.07,https://www.balticexchange.com/ (simulated demo series)
2020-12-07,BPI,1241.58,11174.22,https://www.balticexchange.com/ (simulated demo series)
2020-12-08,BPI,1268.8,11419.21,https://www.balticexchange.com/ (simulated demo series)
2020-12-09,BPI,1262.91,11366.19,https://www.balticexchange.com/ (simulated demo series)
2020-12-10,BPI,1312.21,11809.91,https://www.balticexchange.com/ (simulated demo series)
2020-12-11,BPI,1323.81,11914.29,https://www.balticexchange.com/ (simulated demo series)
2020-12-14,BPI,1315.31,11837.8,https://www.balticexchange.com/ (simulated demo series)
2020-12-15,BPI,1332.07,11988.62,https://www.balticexchange.com/ (simulated demo series)
2020-12-16,BPI,1346.14,12115.28,https://www.balticexchange.com/ (simulated demo series)
2020-12-17,BPI,1386.76,12480.85,https://www.balticexchange.com/ (simulated demo series)
2020-12-18,BPI,1356.37,12207.3,https://www.balticexchange.com/ (simulated demo series)
2020-12-21,BPI,1335.52,12019.69,https://www.balticexchange.com/ (simulated demo series)
2020-12-22,BPI,1348.42,12135.82,https://www.balticexchange.com/ (simulated demo series)
2020-12-23,BPI,1300.41,11703.71,https://www.balticexchange.com/ (simulated demo series)
2020-12-24,BPI,1337.39,12036.53,https://www.balticexchange.com/ (simulated demo series)
2020-12-25,BPI,1290.91,11618.15,https://www.balticexchange.com/ (simulated demo series)
2020-12-28,BPI,1294.84,11653.53,https://www.balticexchange.com/ (simulated demo series)
2020-12-29,BPI,1294.86,11653.75,https://www.balticexchange.com/ (simulated demo series)
2020-12-30,BPI,1296.06,11664.53,https://www.balticexchange.com/ (simulated demo series)
2020-12-31,BPI,1293.96,11645.65,https://www.balticexchange.com/ (simulated demo series)
2021-01-01,BPI,1289.84,11608.52,https://www.balticexchange.com/ (simulated demo series)
2021-01-04,BPI,1273.06,11457.58,https://www.balticexchange.com/ (simulated demo series)
2021-01-05,BPI,1240.88,11167.93,https://www.balticexchange.com/ (simulated demo series)
2021-01-06,BPI,1243.64,11192.76,https://www.balticexchange.com/ (simulated demo series)
2021-01-07,BPI,1270.41,11433.68,https://www.balticexchange.com/ (simulated demo series)
2021-01-08,BPI,1260.29,11342.63,https://www.balticexchange.com/ (simulated demo series)
2021-01-11,BPI,1226.45,11038.09,https://www.balticexchange.com/ (simulated demo series)
2021-01-12,BPI,1288.41,11595.65,https://www.balticexchange.com/ (simulated demo series)
2021-01-13,BPI,1339.85,12058.63,https://www.balticexchange.com/ (simulated demo series)
2021-01-14,BPI,1364.71,12282.42,https://www.balticexchange.com/ (simulated demo series)
2021-01-15,BPI,1376.84,12391.53,https://www.balticexchange.com/ (simulated demo series)
2021-01-18,BPI,1372.74,12354.62,https://www.balticexchange.com/ (simulated demo series)
2021-01-19,BPI,1375.37,12378.29,https://www.balticexchange.com/ (simulated demo series)
2021-01-20,BPI,1382.5,12442.54,https://www.balticexchange.com/ (simulated demo series)
2021-01-21,BPI,1356.75,12210.73,https://www.balticexchange.com/ (simulated demo series)
2021-01-22,BPI,1355.69,12201.24,https://www.balticexchange.com/ (simulated demo series)
2021-01-25,BPI,1394.67,12552.01,https://www.balticexchange.com/ (simulated demo series)
2021-01-26,BPI,1406.83,12661.45,https://www.balticexchange.com/ (simulated demo series)
2021-01-27,BPI,1419.68,12777.09,https://www.balticexchange.com/ (simulated demo series)
2021-01-28,BPI,1449.64,13046.72,https://www.balticexchange.com/ (simulated demo series)
2021-01-29,BPI,1455.36,13098.21,https://www.balticexchange.com/ (simulated demo series)
2021-02-01,BPI,1480.95,13328.59,https://www.balticexchange.com/ (simulated demo series)
2021-02-02,BPI,1403.09,12627.82,https://www.balticexchange.com/ (simulated demo series)
2021-02-03,BPI,1397.01,12573.08,https://www.balticexchange.com/ (simulated demo series)
2021-02-04,BPI,1338.37,12045.32,https://www.balticexchange.com/ (simulated demo series)
2021-02-05,BPI,1277.48,11497.3,https://www.balticexchange.com/ (simulated demo series)
2021-02-08,BPI,1303.67,11733.04,https://www.balticexchange.com/ (simulated demo series)
2021-02-09,BPI,1369.33,12323.94,https://www.balticexchange.com/ (simulated demo series)
2021-02-10,BPI,1386.57,12479.11,https://www.balticexchange.com/ (simulated demo series)
2021-02-11,BPI,1405.09,12645.79,https://www.balticexchange.com/ (simulated demo series)
2021-02-12,BPI,1380.11,12421.01,https://www.balticexchange.com/ (simulated demo series)
2021-02-15,BPI,1436.82,12931.35,https://www.balticexchange.com/ (simulated demo series)
2021-02-16,BPI,1459.8,13138.17,https://www.balticexchange.com/ (simulated demo series)
2021-02-17,BPI,1464.92,13184.29,https://www.balticexchange.com/ (simulated demo series)
2021-02-18,BPI,1435.07,12915.65,https://www.balticexchange.com/ (simulated demo series)
2021-02-19,BPI,1443.2,12988.83,https://www.balticexchange.com/ (simulated demo series)
2021-02-22,BPI,1471.54,13243.83,https://www.balticexchange.com/ (simulated demo series)
2021-02-23,BPI,1486.2,13375.79,https://www.balticexchange.com/ (simulated demo series)
2021-02-24,BPI,1500.55,13504.99,https://www.balticexchange.com/ (simulated demo series)
2021-02-25,BPI,1513.38,13620.44,https://www.balticexchange.com/ (simulated demo series)
2021-02-26,BPI,1512.69,13614.19,https://www.balticexchange.com/ (simulated demo series)
2021-03-01,BPI,1460.12,13141.04,https://www.balticexchange.com/ (simulated demo series)
2021-03-02,BPI,1453.31,13079.8,https://www.balticexchange.com/ (simulated demo series)
2021-03-03,BPI,1404.46,12640.15,https://www.balticexchange.com/ (simulated demo series)
2021-03-04,BPI,1399.02,12591.14,https://www.balticexchange.com/ (simulated demo series)
2021-03-05,BPI,1369.58,12326.19,https://www.balticexchange.com/ (simulated demo series)
2021-03-08,BPI,1408.97,12680.75,https://www.balticexchange.com/ (simulated demo series)
2021-03-09,BPI,1524.55,13720.93,https://www.balticexchange.com/ (simulated demo series)
2021-03-10,BPI,1548.53,13936.8,https://www.balticexchange.com/ (simulated demo series)
2021-03-11,BPI,1571.25,14141.22,https://www.balticexchange.com/ (simulated demo series)
2021-03-12,BPI,1577.12,14194.11,https://www.balticexchange.com/ (simulated demo series)
2021-03-15,BPI,1506.12,13555.06,https://www.balticexchange.com/ (simulated demo series)
2021-03-16,BPI,1482.68,13344.1,https://www.balticexchange.com/ (simulated demo series)
2021-03-17,BPI,1508.08,13572.7,https://www.balticexchange.com/ (simulated demo series)
2021-03-18,BPI,1504.54,13540.86,https://www.balticexchange.com/ (simulated demo series)
2021-03-19,BPI,1509.96,13589.6,https://www.balticexchange.com/ (simulated demo series)
2021-03-22,BPI,1483.33,13349.97,https://www.balticexchange.com/ (simulated demo series)
2021-03-23,BPI,1525.86,13732.74,https://www.balticexchange.com/ (simulated demo series)
2021-03-24,BPI,1493.84,13444.55,https://www.balticexchange.com/ (simulated demo series)
2021-03-25,BPI,1533.1,13797.93,https://www.balticexchange.com/ (simulated demo series)
2021-03-26,BPI,1480.09,13320.77,https://www.balticexchange.com/ (simulated demo series)
2021-03-29,BPI,1453.03,13077.27,https://www.balticexchange.com/ (simulated demo series)
2021-03-30,BPI,1366.0,12294.0,https://www.balticexchange.com/ (simulated demo series)
2021-03-31,BPI,1371.88,12346.94,https://www.balticexchange.com/ (simulated demo series)
2021-04-01,BPI,1360.24,12242.17,https://www.balticexchange.com/ (simulated demo series)
2021-04-02,BPI,1382.89,12446.02,https://www.balticexchange.com/ (simulated demo series)
2021-04-05,BPI,1306.4,11757.62,https://www.balticexchange.com/ (simulated demo series)
2021-04-06,BPI,1294.28,11648.53,https://www.balticexchange.com/ (simulated demo series)
2021-04-07,BPI,1286.48,11578.32,https://www.balticexchange.com/ (simulated demo series)
2021-04-08,BPI,1321.82,11896.39,https://www.balticexchange.com/ (simulated demo series)
2021-04-09,BPI,1363.36,12270.21,https://www.balticexchange.com/ (simulated demo series)
2021-04-12,BPI,1453.18,13078.65,https://www.balticexchange.com/ (simulated demo series)
2021-04-13,BPI,1509.65,13586.84,https://www.balticexchange.com/ (simulated demo series)
2021-04-14,BPI,1471.0,13239.01,https://www.balticexchange.com/ (simulated demo series)
2021-04-15,BPI,1468.92,13220.3,https://www.balticexchange.com/ (simulated demo series)
2021-04-16,BPI,1440.63,12965.71,https://www.balticexchange.com/ (simulated demo series)
2021-04-19,BPI,1392.61,12533.48,https://www.balticexchange.com/ (simulated demo series)
2021-04-20,BPI,1379.66,12416.92,https://www.balticexchange.com/ (simulated demo series)
2021-04-21,BPI,1350.77,12156.89,https://www.balticexchange.com/ (simulated demo series)
2021-04-22,BPI,1405.31,12647.76,https://www.balticexchange.com/ (simulated demo series)
2021-04-23,BPI,1393.54,12541.9,https://www.balticexchange.com/ (simulated demo series)
2021-04-26,BPI,1344.78,12103.06,https://www.balticexchange.com/ (simulated demo series)
2021-04-27,BPI,1409.76,12687.8,https://www.balticexchange.com/ (simulated demo series)
2021-04-28,BPI,1430.38,12873.4,https://www.balticexchange.com/ (simulated demo series)
2021-04-29,BPI,1510.44,13593.96,https://www.balticexchange.com/ (simulated demo series)
2021-04-30,BPI,1454.06,13086.53,https://www.balticexchange.com/ (simulated demo series)
2021-05-03,BPI,1493.87,13444.79,https://www.balticexchange.com/ (simulated demo series)
2021-05-04,BPI,1445.35,13008.18,https://www.balticexchange.com/ (simulated demo series)
2021-05-05,BPI,1454.87,13093.87,https://www.balticexchange.com/ (simulated demo series)
2021-05-06,BPI,1463.93,13175.36,https://www.balticexchange.com/ (simulated demo series)
2021-05-07,BPI,1488.39,13395.52,https://www.balticexchange.com/ (simulated demo series)
2021-05-10,BPI,1483.25,13349.27,https://www.balticexchange.com/ (simulated demo series)
2021-05-11,BPI,1536.99,13832.91,https://www.balticexchange.com/ (simulated demo series)
2021-05-12,BPI,1612.26,14510.37,https://www.balticexchange.com/ (simulated demo series)
2021-05-13,BPI,1621.39,14592.51,https://www.balticexchange.com/ (simulated demo series)
2021-05-14,BPI,1648.13,14833.18,https://www.balticexchange.com/ (simulated demo series)
2021-05-17,BPI,1673.7,15063.26,https://www.balticexchange.com/ (simulated demo series)
2021-05-18,BPI,1600.9,14408.13,https://www.balticexchange.com/ (simulated demo series)
2021-05-19,BPI,1616.84,14551.6,https://www.balticexchange.com/ (simulated demo series)
2021-05-20,BPI,1612.81,14515.3,https://www.balticexchange.com/ (simulated demo series)
2021-05-21,BPI,1608.26,14474.34,https://www.balticexchange.com/ (simulated demo series)
2021-05-24,BPI,1553.31,13979.82,https://www.balticexchange.com/ (simulated demo series)
2021-05-25,BPI,1582.32,14240.84,https://www.balticexchange.com/ (simulated demo series)
2021-05-26,BPI,1568.75,14118.75,https://www.balticexchange.com/ (simulated demo series)
2021-05-27,BPI,1547.5,13927.53,https://www.balticexchange.com/ (simulated demo series)
2021-05-28,BPI,1595.34,14358.04,https://www.balticexchange.com/ (simulated demo series)
2021-05-31,BPI,1578.19,14203.69,https://www.balticexchange.com/ (simulated demo series)
2021-06-01,BPI,1656.73,14910.56,https://www.balticexchange.com/ (simulated demo series)
2021-06-02,BPI,1648.98,14840.85,https://www.balticexchange.com/ (simulated demo series)
2021-06-03,BPI,1687.66,15188.95,https://www.balticexchange.com/ (simulated demo series)
2021-06-04,BPI,1697.55,15277.93,https://www.balticexchange.com/ (simulated demo series)
2021-06-07,BPI,1598.26,14384.37,https://www.balticexchange.com/ (simulated demo series)
2021-06-08,BPI,1603.2,14428.81,https://www.balticexchange.com/ (simulated demo series)
2021-06-09,BPI,1624.2,14617.82,https://www.balticexchange.com/ (simulated demo series)
2021-06-10,BPI,1625.57,14630.14,https://www.balticexchange.com/ (simulated demo series)
2021-06-11,BPI,1637.81,14740.32,https://www.balticexchange.com/ (simulated demo series)
2021-06-14,BPI,1640.26,14762.31,https://www.balticexchange.com/ (simulated demo series)
2021-06-15,BPI,1629.46,14665.13,https://www.balticexchange.com/ (simulated demo series)
2021-06-16,BPI,1602.61,14423.45,https://www.balticexchange.com/ (simulated demo series)
2021-06-17,BPI,1587.18,14284.65,https://www.balticexchange.com/ (simulated demo series)
2021-06-18,BPI,1638.92,14750.28,https://www.balticexchange.com/ (simulated demo series)
2021-06-21,BPI,1728.04,15552.33,https://www.balticexchange.com/ (simulated demo series)
2021-06-22,BPI,1685.47,15169.19,https://www.balticexchange.com/ (simulated demo series)
2021-06-23,BPI,1679.74,15117.69,https://www.balticexchange.com/ (simulated demo series)
2021-06-24,BPI,1690.57,15215.13,https://www.balticexchange.com/ (simulated demo series)
2021-06-25,BPI,1572.57,14153.09,https://www.balticexchange.com/ (simulated demo series)
2021-06-28,BPI,1549.97,13949.69,https://www.balticexchange.com/ (simulated demo series)
2021-06-29,BPI,1475.2,13276.84,https://www.balticexchange.com/ (simulated demo series)
2021-06-30,BPI,1479.24,13313.14,https://www.balticexchange.com/ (simulated demo series)
2021-07-01,BPI,1452.9,13076.13,https://www.balticexchange.com/ (simulated demo series)
2021-07-02,BPI,1460.17,13141.56,https://www.balticexchange.com/ (simulated demo series)
2021-07-05,BPI,1598.06,14382.54,https://www.balticexchange.com/ (simulated demo series)
2021-07-06,BPI,1613.14,14518.3,https://www.balticexchange.com/ (simulated demo series)
2021-07-07,BPI,1515.89,13643.02,https://www.balticexchange.com/ (simulated demo series)
2021-07-08,BPI,1562.21,14059.86,https://www.balticexchange.com/ (simulated demo series)
2021-07-09,BPI,1551.96,13967.62,https://www.balticexchange.com/ (simulated demo series)
2021-07-12,BPI,1517.89,13660.97,https://www.balticexchange.com/ (simulated demo series)
2021-07-13,BPI,1470.3,13232.72,https://www.balticexchange.com/ (simulated demo series)
2021-07-14,BPI,1399.78,12598.02,https://www.balticexchange.com/ (simulated demo series)
2021-07-15,BPI,1398.81,12589.3,https://www.balticexchange.com/ (simulated demo series)
2021-07-16,BPI,1474.93,13274.33,https://www.balticexchange.com/ (simulated demo series)
2021-07-19,BPI,1405.3,12647.7,https://www.balticexchange.com/ (simulated demo series)
2021-07-20,BPI,1413.9,12725.12,https://www.balticexchange.com/ (simulated demo series)
2021-07-21,BPI,1477.65,13298.85,https://www.balticexchange.com/ (simulated demo series)
2021-07-22,BPI,1469.97,13229.76,https://www.balticexchange.com/ (simulated demo series)
2021-07-23,BPI,1476.93,13292.37,https://www.balticexchange.com/ (simulated demo series)
2021-07-26,BPI,1562.22,14059.99,https://www.balticexchange.com/ (simulated demo series)
2021-07-27,BPI,1556.83,14011.49,https://www.balticexchange.com/ (simulated demo series)
2021-07-28,BPI,1559.17,14032.49,https://www.balticexchange.com/ (simulated demo series)
2021-07-29,BPI,1562.61,14063.53,https://www.balticexchange.com/ (simulated demo series)
2021-07-30,BPI,1628.79,14659.14,https://www.balticexchange.com/ (simulated demo series)
2021-08-02,BPI,1563.4,14070.63,https://www.balticexchange.com/ (simulated demo series)
2021-08-03,BPI,1519.03,13671.31,https://www.balticexchange.com/ (simulated demo series)
2021-08-04,BPI,1497.93,13481.4,https://www.balticexchange.com/ (simulated demo series)
2021-08-05,BPI,1471.12,13240.07,https://www.balticexchange.com/ (simulated demo series)
2021-08-06,BPI,1460.67,13146.07,https://www.balticexchange.com/ (simulated demo series)
2021-08-09,BPI,1446.78,13021.0,https://www.balticexchange.com/ (simulated demo series)
2021-08-10,BPI,1396.0,12564.01,https://www.balticexchange.com/ (simulated demo series)
2021-08-11,BPI,1385.92,12473.28,https://www.balticexchange.com/ (simulated demo series)
2021-08-12,BPI,1428.0,12851.98,https://www.balticexchange.com/ (simulated demo series)
2021-08-13,BPI,1452.45,13072.05,https://www.balticexchange.com/ (simulated demo series)
2021-08-16,BPI,1484.39,13359.5,https://www.balticexchange.com/ (simulated demo series)
2021-08-17,BPI,1504.84,13543.53,https://www.balticexchange.com/ (simulated demo series)
2021-08-18,BPI,1464.95,13184.54,https://www.balticexchange.com/ (simulated demo series)
2021-08-19,BPI,1478.19,13303.72,https://www.balticexchange.com/ (simulated demo series)
2021-08-20,BPI,1462.27,13160.42,https://www.balticexchange.com/ (simulated demo series)
2021-08-23,BPI,1533.23,13799.04,https://www.balticexchange.com/ (simulated demo series)
2021-08-24,BPI,1516.65,13649.81,https://www.balticexchange.com/ (simulated demo series)
2021-08-25,BPI,1480.06,13320.51,https://www.balticexchange.com/ (simulated demo series)
2021-08-26,BPI,1484.54,13360.82,https://www.balticexchange.com/ (simulated demo series)
2021-08-27,BPI,1489.59,13406.3,https://www.balticexchange.com/ (simulated demo series)
2021-08-30,BPI,1504.11,13537.03,https://www.balticexchange.com/ (simulated demo series)
2021-08-31,BPI,1500.23,13502.03,https://www.balticexchange.com/ (simulated demo series)
2021-09-01,BPI,1513.62,13622.54,https://www.balticexchange.com/ (simulated demo series)
2021-09-02,BPI,1446.49,13018.42,https://www.balticexchange.com/ (simulated demo series)
2021-09-03,BPI,1468.86,13219.78,https://www.balticexchange.com/ (simulated demo series)
2021-09-06,BPI,1482.32,13340.86,https://www.balticexchange.com/ (simulated demo series)
2021-09-07,BPI,1439.39,12954.51,https://www.balticexchange.com/ (simulated demo series)
2021-09-08,BPI,1438.96,12950.63,https://www.balticexchange.com/ (simulated demo series)
2021-09-09,BPI,1500.87,13507.84,https://www.balticexchange.com/ (simulated demo series)
2021-09-10,BPI,1481.48,13333.3,https://www.balticexchange.com/ (simulated demo series)
2021-09-13,BPI,1485.49,13369.42,https://www.balticexchange.com/ (simulated demo series)
2021-09-14,BPI,1509.84,13588.53,https://www.balticexchange.com/ (simulated demo series)
2021-09-15,BPI,1525.72,13731.47,https://www.balticexchange.com/ (simulated demo series)
2021-09-16,BPI,1484.37,13359.33,https://www.balticexchange.com/ (simulated demo series)
2021-09-17,BPI,1464.61,13181.53,https://www.balticexchange.com/ (simulated demo series)
2021-09-20,BPI,1462.29,13160.59,https://www.balticexchange.com/ (simulated demo series)
2021-09-21,BPI,1484.66,13361.98,https://www.balticexchange.com/ (simulated demo series)
2021-09-22,BPI,1553.18,13978.6,https://www.balticexchange.com/ (simulated demo series)
2021-09-23,BPI,1614.29,14528.6,https://www.balticexchange.com/ (simulated demo series)
2021-09-24,BPI,1680.73,15126.6,https://www.balticexchange.com/ (simulated demo series)
2021-09-27,BPI,1698.86,15289.74,https://www.balticexchange.com/ (simulated demo series)
2021-09-28,BPI,1715.53,15439.77,https://www.balticexchange.com/ (simulated demo series)
2021-09-29,BPI,1720.76,15486.83,https://www.balticexchange.com/ (simulated demo series)
2021-09-30,BPI,1642.92,14786.29,https://www.balticexchange.com/ (simulated demo series)
2021-10-01,BPI,1618.95,14570.52,https://www.balticexchange.com/ (simulated demo series)
2021-10-04,BPI,1615.61,14540.47,https://www.balticexchange.com/ (simulated demo series)
2021-10-05,BPI,1642.28,14780.5,https://www.balticexchange.com/ (simulated demo series)
2021-10-06,BPI,1683.59,15152.29,https://www.balticexchange.com/ (simulated demo series)
2021-10-07,BPI,1667.17,15004.57,https://www.balticexchange.com/ (simulated demo series)
2021-10-08,BPI,1688.22,15193.98,https://www.balticexchange.com/ (simulated demo series)
2021-10-11,BPI,1688.8,15199.24,https://www.balticexchange.com/ (simulated demo series)
2021-10-12,BPI,1770.34,15933.04,https://www.balticexchange.com/ (simulated demo series)
2021-10-13,BPI,1762.47,15862.27,https://www.balticexchange.com/ (simulated demo series)
2021-10-14,BPI,1718.09,15462.85,https://www.balticexchange.com/ (simulated demo series)
2021-10-15,BPI,1710.81,15397.32,https://www.balticexchange.com/ (simulated demo series)
2021-10-18,BPI,1714.43,15429.85,https://www.balticexchange.com/ (simulated demo series)
2021-10-19,BPI,1648.63,14837.67,https://www.balticexchange.com/ (simulated demo series)
2021-10-20,BPI,1634.13,14707.14,https://www.balticexchange.com/ (simulated demo series)
2021-10-21,BPI,1615.48,14539.34,https://www.balticexchange.com/ (simulated demo series)
2021-10-22,BPI,1595.52,14359.66,https://www.balticexchange.com/ (simulated demo series)
2021-10-25,BPI,1620.07,14580.63,https://www.balticexchange.com/ (simulated demo series)
2021-10-26,BPI,1609.19,14482.68,https://www.balticexchange.com/ (simulated demo series)
2021-10-27,BPI,1546.43,13917.91,https://www.balticexchange.com/ (simulated demo series)
2021-10-28,BPI,1576.33,14186.99,https://www.balticexchange.com/ (simulated demo series)
2021-10-29,BPI,1577.07,14193.62,https://www.balticexchange.com/ (simulated demo series)
2021-11-01,BPI,1525.56,13730.08,https://www.balticexchange.com/ (simulated demo series)
2021-11-02,BPI,1521.31,13691.81,https://www.balticexchange.com/ (simulated demo series)
2021-11-03,BPI,1551.61,13964.48,https://www.balticexchange.com/ (simulated demo series)
2021-11-04,BPI,1599.42,14394.82,https://www.balticexchange.com/ (simulated demo series)
2021-11-05,BPI,1543.11,13887.98,https://www.balticexchange.com/ (simulated demo series)
2021-11-08,BPI,1477.63,13298.63,https://www.balticexchange.com/ (simulated demo series)
2021-11-09,BPI,1502.41,13521.69,https://www.balticexchange.com/ (simulated demo series)
2021-11-10,BPI,1499.65,13496.87,https://www.balticexchange.com/ (simulated demo series)
2021-11-11,BPI,1526.77,13740.97,https://www.balticexchange.com/ (simulated demo series)
2021-11-12,BPI,1555.82,14002.38,https://www.balticexchange.com/ (simulated demo series)
2021-11-15,BPI,1506.42,13557.78,https://www.balticexchange.com/ (simulated demo series)
2021-11-16,BPI,1492.38,13431.4,https://www.balticexchange.com/ (simulated demo series)
2021-11-17,BPI,1526.07,13734.63,https://www.balticexchange.com/ (simulated demo series)
2021-11-18,BPI,1527.14,13744.24,https://www.balticexchange.com/ (simulated demo series)
2021-11-19,BPI,1593.36,14340.27,https://www.balticexchange.com/ (simulated demo series)
2021-11-22,BPI,1590.09,14310.83,https://www.balticexchange.com/ (simulated demo series)
2021-11-23,BPI,1624.89,14623.97,https://www.balticexchange.com/ (simulated demo series)
2021-11-24,BPI,1562.75,14064.71,https://www.balticexchange.com/ (simulated demo series)
2021-11-25,BPI,1553.0,13977.04,https://www.balticexchange.com/ (simulated demo series)
2021-11-26,BPI,1600.21,14401.86,https://www.balticexchange.com/ (simulated demo series)
2021-11-29,BPI,1532.68,13794.08,https://www.balticexchange.com/ (simulated demo series)
2021-11-30,BPI,1545.23,13907.04,https://www.balticexchange.com/ (simulated demo series)
2021-12-01,BPI,1494.28,13448.53,https://www.balticexchange.com/ (simulated demo series)
2021-12-02,BPI,1532.93,13796.41,https://www.balticexchange.com/ (simulated demo series)
2021-12-03,BPI,1609.62,14486.58,https://www.balticexchange.com/ (simulated demo series)
2021-12-06,BPI,1571.17,14140.51,https://www.balticexchange.com/ (simulated demo series)
2021-12-07,BPI,1563.45,14071.04,https://www.balticexchange.com/ (simulated demo series)
2021-12-08,BPI,1594.24,14348.2,https://www.balticexchange.com/ (simulated demo series)
2021-12-09,BPI,1564.51,14080.58,https://www.balticexchange.com/ (simulated demo series)
2021-12-10,BPI,1574.91,14174.21,https://www.balticexchange.com/ (simulated demo series)
2021-12-13,BPI,1555.49,13999.39,https://www.balticexchange.com/ (simulated demo series)
2021-12-14,BPI,1527.42,13746.79,https://www.balticexchange.com/ (simulated demo series)
2021-12-15,BPI,1614.64,14531.79,https://www.balticexchange.com/ (simulated demo series)
2021-12-16,BPI,1660.41,14943.72,https://www.balticexchange.com/ (simulated demo series)
2021-12-17,BPI,1696.62,15269.54,https://www.balticexchange.com/ (simulated demo series)
2021-12-20,BPI,1724.74,15522.66,https://www.balticexchange.com/ (simulated demo series)
2021-12-21,BPI,1706.59,15359.29,https://www.balticexchange.com/ (simulated demo series)
2021-12-22,BPI,1757.26,15815.34,https://www.balticexchange.com/ (simulated demo series)
2021-12-23,BPI,1749.62,15746.6,https://www.balticexchange.com/ (simulated demo series)
2021-12-24,BPI,1791.68,16125.09,https://www.balticexchange.com/ (simulated demo series)
2021-12-27,BPI,1814.05,16326.48,https://www.balticexchange.com/ (simulated demo series)
2021-12-28,BPI,1831.46,16483.12,https://www.balticexchange.com/ (simulated demo series)
2021-12-29,BPI,1862.76,16764.8,https://www.balticexchange.com/ (simulated demo series)
2021-12-30,BPI,1797.75,16179.71,https://www.balticexchange.com/ (simulated demo series)
2021-12-31,BPI,1762.64,15863.77,https://www.balticexchange.com/ (simulated demo series)
2022-01-03,BPI,1843.0,16587.01,https://www.balticexchange.com/ (simulated demo series)
2022-01-04,BPI,1752.63,15773.64,https://www.balticexchange.com/ (simulated demo series)
2022-01-05,BPI,1803.05,16227.47,https://www.balticexchange.com/ (simulated demo series)
2022-01-06,BPI,1808.13,16273.14,https://www.balticexchange.com/ (simulated demo series)
2022-01-07,BPI,1850.89,16658.05,https://www.balticexchange.com/ (simulated demo series)
2022-01-10,BPI,1736.74,15630.69,https://www.balticexchange.com/ (simulated demo series)
2022-01-11,BPI,1723.48,15511.3,https://www.balticexchange.com/ (simulated demo series)
2022-01-12,BPI,1739.29,15653.57,https://www.balticexchange.com/ (simulated demo series)
2022-01-13,BPI,1732.51,15592.56,https://www.balticexchange.com/ (simulated demo series)
2022-01-14,BPI,1755.64,15800.76,https://www.balticexchange.com/ (simulated demo series)
2022-01-17,BPI,1756.35,15807.12,https://www.balticexchange.com/ (simulated demo series)
2022-01-18,BPI,1752.44,15771.92,https://www.balticexchange.com/ (simulated demo series)
2022-01-19,BPI,1795.28,16157.49,https://www.balticexchange.com/ (simulated demo series)
2022-01-20,BPI,1835.82,16522.41,https://www.balticexchange.com/ (simulated demo series)
2022-01-21,BPI,1893.08,17037.71,https://www.balticexchange.com/ (simulated demo series)
2022-01-24,BPI,1784.01,16056.08,https://www.balticexchange.com/ (simulated demo series)
2022-01-25,BPI,1682.96,15146.64,https://www.balticexchange.com/ (simulated demo series)
2022-01-26,BPI,1664.87,14983.79,https://www.balticexchange.com/ (simulated demo series)
2022-01-27,BPI,1590.77,14316.94,https://www.balticexchange.com/ (simulated demo series)
2022-01-28,BPI,1674.43,15069.85,https://www.balticexchange.com/ (simulated demo series)
2022-01-31,BPI,1636.28,14726.5,https://www.balticexchange.com/ (simulated demo series)
2022-02-01,BPI,1741.14,15670.24,https://www.balticexchange.com/ (simulated demo series)
2022-02-02,BPI,1779.88,16018.94,https://www.balticexchange.com/ (simulated demo series)
2022-02-03,BPI,1718.81,15469.3,https://www.balticexchange.com/ (simulated demo series)
2022-02-04,BPI,1698.44,15285.94,https://www.balticexchange.com/ (simulated demo series)
2022-02-07,BPI,1625.49,14629.39,https://www.balticexchange.com/ (simulated demo series)
2022-02-08,BPI,1602.74,14424.62,https://www.balticexchange.com/ (simulated demo series)
2022-02-09,BPI,1602.89,14425.99,https://www.balticexchange.com/ (simulated demo series)
2022-02-10,BPI,1597.99,14381.89,https://www.balticexchange.com/ (simulated demo series)
2022-02-11,BPI,1594.35,14349.12,https://www.balticexchange.com/ (simulated demo series)
2022-02-14,BPI,1581.94,14237.44,https://www.balticexchange.com/ (simulated demo series)
2022-02-15,BPI,1566.13,14095.14,https://www.balticexchange.com/ (simulated demo series)
2022-02-16,BPI,1590.43,14313.83,https://www.balticexchange.com/ (simulated demo series)
2022-02-17,BPI,1629.5,14665.52,https://www.balticexchange.com/ (simulated demo series)
2022-02-18,BPI,1595.56,14360.06,https://www.balticexchange.com/ (simulated demo series)
2022-02-21,BPI,1501.8,13516.19,https://www.balticexchange.com/ (simulated demo series)
2022-02-22,BPI,1522.98,13706.86,https://www.balticexchange.com/ (simulated demo series)
2022-02-23,BPI,1533.78,13804.03,https://www.balticexchange.com/ (simulated demo series)
2022-02-24,BPI,1492.1,13428.93,https://www.balticexchange.com/ (simulated demo series)
2022-02-25,BPI,1450.61,13055.52,https://www.balticexchange.com/ (simulated demo series)
2022-02-28,BPI,1484.06,13356.51,https://www.balticexchange.com/ (simulated demo series)
2022-03-01,BPI,1555.68,14001.1,https://www.balticexchange.com/ (simulated demo series)
2022-03-02,BPI,1595.44,14358.94,https://www.balticexchange.com/ (simulated demo series)
2022-03-03,BPI,1629.55,14665.93,https://www.balticexchange.com/ (simulated demo series)
2022-03-04,BPI,1593.93,14345.36,https://www.balticexchange.com/ (simulated demo series)
2022-03-07,BPI,1604.14,14437.3,https://www.balticexchange.com/ (simulated demo series)
2022-03-08,BPI,1574.43,14169.87,https://www.balticexchange.com/ (simulated demo series)
2022-03-09,BPI,1503.93,13535.35,https://www.balticexchange.com/ (simulated demo series)
2022-03-10,BPI,1519.68,13677.08,https://www.balticexchange.com/ (simulated demo series)
2022-03-11,BPI,1568.35,14115.15,https://www.balticexchange.com/ (simulated demo series)
2022-03-14,BPI,1589.95,14309.59,https://www.balticexchange.com/ (simulated demo series)
2022-03-15,BPI,1609.76,14487.87,https://www.balticexchange.com/ (simulated demo series)
2022-03-16,BPI,1630.84,14677.58,https://www.balticexchange.com/ (simulated demo series)
2022-03-17,BPI,1639.0,14751.04,https://www.balticexchange.com/ (simulated demo series)
2022-03-18,BPI,1587.52,14287.72,https://www.balticexchange.com/ (simulated demo series)
2022-03-21,BPI,1627.25,14645.22,https://www.balticexchange.com/ (simulated demo series)
2022-03-22,BPI,1625.76,14631.87,https://www.balticexchange.com/ (simulated demo series)
2022-03-23,BPI,1661.24,14951.14,https://www.balticexchange.com/ (simulated demo series)
2022-03-24,BPI,1599.74,14397.67,https://www.balticexchange.com/ (simulated demo series)
2022-03-25,BPI,1533.21,13798.9,https://www.balticexchange.com/ (simulated demo series)
2022-03-28,BPI,1619.57,14576.13,https://www.balticexchange.com/ (simulated demo series)
2022-03-29,BPI,1593.5,14341.5,https://www.balticexchange.com/ (simulated demo series)
2022-03-30,BPI,1616.41,14547.66,https://www.balticexchange.com/ (simulated demo series)
2022-03-31,BPI,1696.04,15264.38,https://www.balticexchange.com/ (simulated demo series)
2022-04-01,BPI,1692.46,15232.18,https://www.balticexchange.com/ (simulated demo series)
2022-04-04,BPI,1706.08,15354.7,https://www.balticexchange.com/ (simulated demo series)
2022-04-05,BPI,1807.72,16269.5,https://www.balticexchange.com/ (simulated demo series)
2022-04-06,BPI,1838.3,16544.68,https://www.balticexchange.com/ (simulated demo series)
2022-04-07,BPI,1982.27,17840.4,https://www.balticexchange.com/ (simulated demo series)
2022-04-08,BPI,2005.43,18048.83,https://www.balticexchange.com/ (simulated demo series)
2022-04-11,BPI,1956.0,17604.0,https://www.balticexchange.com/ (simulated demo series)
2022-04-12,BPI,2017.42,18156.81,https://www.balticexchange.com/ (simulated demo series)
2022-04-13,BPI,2069.76,18627.8,https://www.balticexchange.com/ (simulated demo series)
2022-04-14,BPI,2113.23,19019.11,https://www.balticexchange.com/ (simulated demo series)
2022-04-15,BPI,2212.27,19910.4,https://www.balticexchange.com/ (simulated demo series)
2022-04-18,BPI,2255.63,20300.66,https://www.balticexchange.com/ (simulated demo series)
2022-04-19,BPI,2145.1,19305.9,https://www.balticexchange.com/ (simulated demo series)
2022-04-20,BPI,2122.11,19099.02,https://www.balticexchange.com/ (simulated demo series)
2022-04-21,BPI,2196.08,19764.72,https://www.balticexchange.com/ (simulated demo series)
2022-04-22,BPI,2227.83,20050.5,https://www.balticexchange.com/ (simulated demo series)
2022-04-25,BPI,2219.84,19978.59,https://www.balticexchange.com/ (simulated demo series)
2022-04-26,BPI,2219.68,19977.11,https://www.balticexchange.com/ (simulated demo series)
2022-04-27,BPI,2255.44,20298.98,https://www.balticexchange.com/ (simulated demo series)
2022-04-28,BPI,2338.02,21042.21,https://www.balticexchange.com/ (simulated demo series)
2022-04-29,BPI,2276.89,20492.04,https://www.balticexchange.com/ (simulated demo series)
2022-05-02,BPI,2393.66,21542.9,https://www.balticexchange.com/ (simulated demo series)
2022-05-03,BPI,2384.3,21458.71,https://www.balticexchange.com/ (simulated demo series)
2022-05-04,BPI,2318.06,20862.55,https://www.balticexchange.com/ (simulated demo series)
2022-05-05,BPI,2249.74,20247.65,https://www.balticexchange.com/ (simulated demo series)
2022-05-06,BPI,2260.24,20342.13,https://www.balticexchange.com/ (simulated demo series)
2022-05-09,BPI,2190.59,19715.3,https://www.balticexchange.com/ (simulated demo series)
2022-05-10,BPI,2257.55,20317.98,https://www.balticexchange.com/ (simulated demo series)
2022-05-11,BPI,2251.3,20261.68,https://www.balticexchange.com/ (simulated demo series)
2022-05-12,BPI,2167.59,19508.32,https://www.balticexchange.com/ (simulated demo series)
2022-05-13,BPI,2181.34,19632.06,https://www.balticexchange.com/ (simulated demo series)
2022-05-16,BPI,2118.59,19067.28,https://www.balticexchange.com/ (simulated demo series)
2022-05-17,BPI,2190.82,19717.35,https://www.balticexchange.com/ (simulated demo series)
2022-05-18,BPI,2234.53,20110.73,https://www.balticexchange.com/ (simulated demo series)
2022-05-19,BPI,2255.7,20301.28,https://www.balticexchange.com/ (simulated demo series)
2022-05-20,BPI,2240.39,20163.53,https://www.balticexchange.com/ (simulated demo series)
2022-05-23,BPI,2225.19,20026.69,https://www.balticexchange.com/ (simulated demo series)
2022-05-24,BPI,2184.7,19662.29,https://www.balticexchange.com/ (simulated demo series)
2022-05-25,BPI,2213.58,19922.25,https://www.balticexchange.com/ (simulated demo series)
2022-05-26,BPI,2204.92,19844.32,https://www.balticexchange.com/ (simulated demo series)
2022-05-27,BPI,2278.7,20508.29,https://www.balticexchange.com/ (simulated demo series)
2022-05-30,BPI,2365.8,21292.18,https://www.balticexchange.com/ (simulated demo series)
2022-05-31,BPI,2302.88,20725.91,https://www.balticexchange.com/ (simulated demo series)
2022-06-01,BPI,2355.16,21196.48,https://www.balticexchange.com/ (simulated demo series)
2022-06-02,BPI,2396.16,21565.48,https://www.balticexchange.com/ (simulated demo series)
2022-06-03,BPI,2478.45,22306.01,https://www.balticexchange.com/ (simulated demo series)
2022-06-06,BPI,2176.94,19592.44,https://www.balticexchange.com/ (simulated demo series)
2022-06-07,BPI,2206.62,19859.54,https://www.balticexchange.com/ (simulated demo series)
2022-06-08,BPI,2122.35,19101.15,https://www.balticexchange.com/ (simulated demo series)
2022-06-09,BPI,2157.07,19413.6,https://www.balticexchange.com/ (simulated demo series)
2022-06-10,BPI,2169.99,19529.91,https://www.balticexchange.com/ (simulated demo series)
2022-06-13,BPI,2174.57,19571.09,https://www.balticexchange.com/ (simulated demo series)
2022-06-14,BPI,2215.76,19941.84,https://www.balticexchange.com/ (simulated demo series)
2022-06-15,BPI,2261.78,20355.99,https://www.balticexchange.com/ (simulated demo series)
2022-06-16,BPI,2244.7,20202.34,https://www.balticexchange.com/ (simulated demo series)
2022-06-17,BPI,2212.34,19911.02,https://www.balticexchange.com/ (simulated demo series)
2022-06-20,BPI,2130.33,19172.96,https://www.balticexchange.com/ (simulated demo series)
2022-06-21,BPI,2052.55,18472.97,https://www.balticexchange.com/ (simulated demo series)
2022-06-22,BPI,2075.38,18678.39,https://www.balticexchange.com/ (simulated demo series)
2022-06-23,BPI,2153.89,19384.98,https://www.balticexchange.com/ (simulated demo series)
2022-06-24,BPI,2171.42,19542.78,https://www.balticexchange.com/ (simulated demo series)
2022-06-27,BPI,2179.28,19613.54,https://www.balticexchange.com/ (simulated demo series)
2022-06-28,BPI,2127.63,19148.65,https://www.balticexchange.com/ (simulated demo series)
2022-06-29,BPI,2089.67,18807.03,https://www.balticexchange.com/ (simulated demo series)
2022-06-30,BPI,2078.23,18704.1,https://www.balticexchange.com/ (simulated demo series)
2022-07-01,BPI,2107.65,18968.84,https://www.balticexchange.com/ (simulated demo series)
2022-07-04,BPI,1979.34,17814.07,https://www.balticexchange.com/ (simulated demo series)
2022-07-05,BPI,1997.34,17976.05,https://www.balticexchange.com/ (simulated demo series)
2022-07-06,BPI,2008.66,18077.91,https://www.balticexchange.com/ (simulated demo series)
2022-07-07,BPI,1979.81,17818.33,https://www.balticexchange.com/ (simulated demo series)
2022-07-08,BPI,1953.97,17585.72,https://www.balticexchange.com/ (simulated demo series)
2022-07-11,BPI,1896.1,17064.9,https://www.balticexchange.com/ (simulated demo series)
2022-07-12,BPI,1853.85,16684.61,https://www.balticexchange.com/ (simulated demo series)
2022-07-13,BPI,1857.03,16713.28,https://www.balticexchange.com/ (simulated demo series)
2022-07-14,BPI,1841.4,16572.59,https://www.balticexchange.com/ (simulated demo series)
2022-07-15,BPI,1836.22,16525.94,https://www.balticexchange.com/ (simulated demo series)
2022-07-18,BPI,1767.85,15910.64,https://www.balticexchange.com/ (simulated demo series)
2022-07-19,BPI,1778.11,16002.98,https://www.balticexchange.com/ (simulated demo series)
2022-07-20,BPI,1761.68,15855.13,https://www.balticexchange.com/ (simulated demo series)
2022-07-21,BPI,1764.35,15879.14,https://www.balticexchange.com/ (simulated demo series)
2022-07-22,BPI,1818.08,16362.68,https://www.balticexchange.com/ (simulated demo series)
2022-07-25,BPI,1875.62,16880.6,https://www.balticexchange.com/ (simulated demo series)
2022-07-26,BPI,1891.22,17021.0,https://www.balticexchange.com/ (simulated demo series)
2022-07-27,BPI,1881.16,16930.47,https://www.balticexchange.com/ (simulated demo series)
2022-07-28,BPI,1873.86,16864.78,https://www.balticexchange.com/ (simulated demo series)
2022-07-29,BPI,1819.05,16371.49,https://www.balticexchange.com/ (simulated demo series)
2022-08-01,BPI,1712.65,15413.86,https://www.balticexchange.com/ (simulated demo series)
2022-08-02,BPI,1690.34,15213.07,https://www.balticexchange.com/ (simulated demo series)
2022-08-03,BPI,1631.12,14680.05,https://www.balticexchange.com/ (simulated demo series)
2022-08-04,BPI,1635.17,14716.51,https://www.balticexchange.com/ (simulated demo series)
2022-08-05,BPI,1641.48,14773.33,https://www.balticexchange.com/ (simulated demo series)
2022-08-08,BPI,1595.58,14360.26,https://www.balticexchange.com/ (simulated demo series)
2022-08-09,BPI,1641.16,14770.42,https://www.balticexchange.com/ (simulated demo series)
2022-08-10,BPI,1607.21,14464.93,https://www.balticexchange.com/ (simulated demo series)
2022-08-11,BPI,1559.01,14031.06,https://www.balticexchange.com/ (simulated demo series)
2022-08-12,BPI,1672.33,15050.93,https://www.balticexchange.com/ (simulated demo series)
2022-08-15,BPI,1711.25,15401.25,https://www.balticexchange.com/ (simulated demo series)
2022-08-16,BPI,1635.68,14721.14,https://www.balticexchange.com/ (simulated demo series)
2022-08-17,BPI,1580.6,14225.42,https://www.balticexchange.com/ (simulated demo series)
2022-08-18,BPI,1565.55,14089.93,https://www.balticexchange.com/ (simulated demo series)
2022-08-19,BPI,1640.26,14762.33,https://www.balticexchange.com/ (simulated demo series)
2022-08-22,BPI,1653.57,14882.15,https://www.balticexchange.com/ (simulated demo series)
2022-08-23,BPI,1658.11,14922.96,https://www.balticexchange.com/ (simulated demo series)
2022-08-24,BPI,1642.7,14784.28,https://www.balticexchange.com/ (simulated demo series)
2022-08-25,BPI,1698.12,15283.09,https://www.balticexchange.com/ (simulated demo series)
2022-08-26,BPI,1720.93,15488.35,https://www.balticexchange.com/ (simulated demo series)
2022-08-29,BPI,1774.98,15974.78,https://www.balticexchange.com/ (simulated demo series)
2022-08-30,BPI,1829.73,16467.55,https://www.balticexchange.com/ (simulated demo series)
2022-08-31,BPI,1908.57,17177.15,https://www.balticexchange.com/ (simulated demo series)
2022-09-01,BPI,1890.06,17010.56,https://www.balticexchange.com/ (simulated demo series)
2022-09-02,BPI,1797.16,16174.43,https://www.balticexchange.com/ (simulated demo series)
2022-09-05,BPI,1745.62,15710.57,https://www.balticexchange.com/ (simulated demo series)
2022-09-06,BPI,1757.19,15814.73,https://www.balticexchange.com/ (simulated demo series)
2022-09-07,BPI,1710.75,15396.74,https://www.balticexchange.com/ (simulated demo series)
2022-09-08,BPI,1679.19,15112.67,https://www.balticexchange.com/ (simulated demo series)
2022-09-09,BPI,1662.64,14963.79,https://www.balticexchange.com/ (simulated demo series)
2022-09-12,BPI,1794.32,16148.9,https://www.balticexchange.com/ (simulated demo series)
2022-09-13,BPI,1787.96,16091.65,https://www.balticexchange.com/ (simulated demo series)
2022-09-14,BPI,1743.92,15695.27,https://www.balticexchange.com/ (simulated demo series)
2022-09-15,BPI,1726.26,15536.35,https://www.balticexchange.com/ (simulated demo series)
2022-09-16,BPI,1673.95,15065.55,https://www.balticexchange.com/ (simulated demo series)
2022-09-19,BPI,1574.72,14172.48,https://www.balticexchange.com/ (simulated demo series)
2022-09-20,BPI,1513.04,13617.34,https://www.balticexchange.com/ (simulated demo series)
2022-09-21,BPI,1513.76,13623.83,https://www.balticexchange.com/ (simulated demo series)
2022-09-22,BPI,1523.1,13707.92,https://www.balticexchange.com/ (simulated demo series)
2022-09-23,BPI,1503.07,13527.6,https://www.balticexchange.com/ (simulated demo series)
2022-09-26,BPI,1652.91,14876.23,https://www.balticexchange.com/ (simulated demo series)
2022-09-27,BPI,1639.75,14757.78,https://www.balticexchange.com/ (simulated demo series)
2022-09-28,BPI,1729.67,15566.99,https://www.balticexchange.com/ (simulated demo series)
2022-09-29,BPI,1802.09,16218.81,https://www.balticexchange.com/ (simulated demo series)
2022-09-30,BPI,1808.93,16280.35,https://www.balticexchange.com/ (simulated demo series)
2022-10-03,BPI,1898.09,17082.78,https://www.balticexchange.com/ (simulated demo series)
2022-10-04,BPI,1871.63,16844.63,https://www.balticexchange.com/ (simulated demo series)
2022-10-05,BPI,1887.34,16986.04,https://www.balticexchange.com/ (simulated demo series)
2022-10-06,BPI,1889.02,17001.22,https://www.balticexchange.com/ (simulated demo series)
2022-10-07,BPI,1940.32,17462.92,https://www.balticexchange.com/ (simulated demo series)
2022-10-10,BPI,1898.3,17084.69,https://www.balticexchange.com/ (simulated demo series)
2022-10-11,BPI,1871.88,16846.93,https://www.balticexchange.com/ (simulated demo series)
2022-10-12,BPI,1883.67,16953.02,https://www.balticexchange.com/ (simulated demo series)
2022-10-13,BPI,1799.09,16191.82,https://www.balticexchange.com/ (simulated demo series)
2022-10-14,BPI,1830.1,16470.91,https://www.balticexchange.com/ (simulated demo series)
2022-10-17,BPI,1890.34,17013.02,https://www.balticexchange.com/ (simulated demo series)
2022-10-18,BPI,1822.04,16398.34,https://www.balticexchange.com/ (simulated demo series)
2022-10-19,BPI,1776.81,15991.3,https://www.balticexchange.com/ (simulated demo series)
2022-10-20,BPI,1728.11,15552.99,https://www.balticexchange.com/ (simulated demo series)
2022-10-21,BPI,1717.15,15454.32,https://www.balticexchange.com/ (simulated demo series)
2022-10-24,BPI,1724.09,15516.8,https://www.balticexchange.com/ (simulated demo series)
2022-10-25,BPI,1673.35,15060.14,https://www.balticexchange.com/ (simulated demo series)
2022-10-26,BPI,1630.34,14673.05,https://www.balticexchange.com/ (simulated demo series)
2022-10-27,BPI,1628.25,14654.27,https://www.balticexchange.com/ (simulated demo series)
2022-10-28,BPI,1668.72,15018.5,https://www.balticexchange.com/ (simulated demo series)
2022-10-31,BPI,1669.06,15021.52,https://www.balticexchange.com/ (simulated demo series)
2022-11-01,BPI,1690.86,15217.78,https://www.balticexchange.com/ (simulated demo series)
2022-11-02,BPI,1709.98,15389.85,https://www.balticexchange.com/ (simulated demo series)
2022-11-03,BPI,1720.67,15486.0,https://www.balticexchange.com/ (simulated demo series)
2022-11-04,BPI,1705.81,15352.33,https://www.balticexchange.com/ (simulated demo series)
2022-11-07,BPI,1735.96,15623.64,https://www.balticexchange.com/ (simulated demo series)
2022-11-08,BPI,1795.9,16163.11,https://www.balticexchange.com/ (simulated demo series)
2022-11-09,BPI,1810.63,16295.64,https://www.balticexchange.com/ (simulated demo series)
2022-11-10,BPI,1806.5,16258.51,https://www.balticexchange.com/ (simulated demo series)
2022-11-11,BPI,1850.47,16654.26,https://www.balticexchange.com/ (simulated demo series)
2022-11-14,BPI,1796.21,16165.9,https://www.balticexchange.com/ (simulated demo series)
2022-11-15,BPI,1810.57,16295.11,https://www.balticexchange.com/ (simulated demo series)
2022-11-16,BPI,1774.12,15967.04,https://www.balticexchange.com/ (simulated demo series)
2022-11-17,BPI,1733.9,15605.09,https://www.balticexchange.com/ (simulated demo series)
2022-11-18,BPI,1717.64,15458.77,https://www.balticexchange.com/ (simulated demo series)
2022-11-21,BPI,1656.72,14910.45,https://www.balticexchange.com/ (simulated demo series)
2022-11-22,BPI,1627.53,14647.77,https://www.balticexchange.com/ (simulated demo series)
2022-11-23,BPI,1632.09,14688.8,https://www.balticexchange.com/ (simulated demo series)
2022-11-24,BPI,1647.67,14829.07,https://www.balticexchange.com/ (simulated demo series)
2022-11-25,BPI,1730.59,15575.27,https://www.balticexchange.com/ (simulated demo series)
2022-11-28,BPI,1737.35,15636.17,https://www.balticexchange.com/ (simulated demo series)
2022-11-29,BPI,1726.22,15535.96,https://www.balticexchange.com/ (simulated demo series)
2022-11-30,BPI,1740.29,15662.57,https://www.balticexchange.com/ (simulated demo series)
2022-12-01,BPI,1717.41,15456.72,https://www.balticexchange.com/ (simulated demo series)
2022-12-02,BPI,1695.92,15263.27,https://www.balticexchange.com/ (simulated demo series)
2022-12-05,BPI,1802.55,16222.99,https://www.balticexchange.com/ (simulated demo series)
2022-12-06,BPI,1727.19,15544.69,https://www.balticexchange.com/ (simulated demo series)
2022-12-07,BPI,1625.93,14633.4,https://www.balticexchange.com/ (simulated demo series)
2022-12-08,BPI,1601.62,14414.59,https://www.balticexchange.com/ (simulated demo series)
2022-12-09,BPI,1603.13,14428.2,https://www.balticexchange.com/ (simulated demo series)
2022-12-12,BPI,1580.42,14223.78,https://www.balticexchange.com/ (simulated demo series)
2022-12-13,BPI,1613.55,14521.96,https://www.balticexchange.com/ (simulated demo series)
2022-12-14,BPI,1644.42,14799.82,https://www.balticexchange.com/ (simulated demo series)
2022-12-15,BPI,1623.68,14613.12,https://www.balticexchange.com/ (simulated demo series)
2022-12-16,BPI,1668.4,15015.59,https://www.balticexchange.com/ (simulated demo series)
2022-12-19,BPI,1644.32,14798.91,https://www.balticexchange.com/ (simulated demo series)
2022-12-20,BPI,1578.53,14206.77,https://www.balticexchange.com/ (simulated demo series)
2022-12-21,BPI,1621.79,14596.15,https://www.balticexchange.com/ (simulated demo series)
2022-12-22,BPI,1598.64,14387.79,https://www.balticexchange.com/ (simulated demo series)
2022-12-23,BPI,1658.01,14922.13,https://www.balticexchange.com/ (simulated demo series)
2022-12-26,BPI,1633.1,14697.86,https://www.balticexchange.com/ (simulated demo series)
2022-12-27,BPI,1605.03,14445.26,https://www.balticexchange.com/ (simulated demo series)
2022-12-28,BPI,1569.75,14127.74,https://www.balticexchange.com/ (simulated demo series)
2022-12-29,BPI,1507.56,13568.02,https://www.balticexchange.com/ (simulated demo series)
2022-12-30,BPI,1567.08,14103.71,https://www.balticexchange.com/ (simulated demo series)
2023-01-02,BPI,1593.08,14337.69,https://www.balticexchange.com/ (simulated demo series)
2023-01-03,BPI,1599.0,14390.99,https://www.balticexchange.com/ (simulated demo series)
2023-01-04,BPI,1614.7,14532.27,https://www.balticexchange.com/ (simulated demo series)
2023-01-05,BPI,1609.47,14485.25,https://www.balticexchange.com/ (simulated demo series)
2023-01-06,BPI,1637.34,14736.07,https://www.balticexchange.com/ (simulated demo series)
2023-01-09,BPI,1612.56,14513.04,https://www.balticexchange.com/ (simulated demo series)
2023-01-10,BPI,1611.88,14506.88,https://www.balticexchange.com/ (simulated demo series)
2023-01-11,BPI,1582.96,14246.63,https://www.balticexchange.com/ (simulated demo series)
2023-01-12,BPI,1552.24,13970.17,https://www.balticexchange.com/ (simulated demo series)
2023-01-13,BPI,1501.4,13512.6,https://www.balticexchange.com/ (simulated demo series)
2023-01-16,BPI,1478.37,13305.37,https://www.balticexchange.com/ (simulated demo series)
2023-01-17,BPI,1482.0,13337.97,https://www.balticexchange.com/ (simulated demo series)
2023-01-18,BPI,1469.53,13225.8,https://www.balticexchange.com/ (simulated demo series)
2023-01-19,BPI,1465.97,13193.71,https://www.balticexchange.com/ (simulated demo series)
2023-01-20,BPI,1476.62,13289.62,https://www.balticexchange.com/ (simulated demo series)
2023-01-23,BPI,1538.61,13847.48,https://www.balticexchange.com/ (simulated demo series)
2023-01-24,BPI,1619.47,14575.22,https://www.balticexchange.com/ (simulated demo series)
2023-01-25,BPI,1631.35,14682.17,https://www.balticexchange.com/ (simulated demo series)
2023-01-26,BPI,1630.78,14677.04,https://www.balticexchange.com/ (simulated demo series)
2023-01-27,BPI,1683.65,15152.89,https://www.balticexchange.com/ (simulated demo series)
2023-01-30,BPI,1663.2,14968.84,https://www.balticexchange.com/ (simulated demo series)
2023-01-31,BPI,1705.12,15346.1,https://www.balticexchange.com/ (simulated demo series)
2023-02-01,BPI,1711.95,15407.57,https://www.balticexchange.com/ (simulated demo series)
2023-02-02,BPI,1746.62,15719.58,https://www.balticexchange.com/ (simulated demo series)
2023-02-03,BPI,1825.15,16426.36,https://www.balticexchange.com/ (simulated demo series)
2023-02-06,BPI,1783.34,16050.1,https://www.balticexchange.com/ (simulated demo series)
2023-02-07,BPI,1779.63,16016.65,https://www.balticexchange.com/ (simulated demo series)
2023-02-08,BPI,1849.79,16648.09,https://www.balticexchange.com/ (simulated demo series)
2023-02-09,BPI,1842.57,16583.17,https://www.balticexchange.com/ (simulated demo series)
2023-02-10,BPI,1835.49,16519.38,https://www.balticexchange.com/ (simulated demo series)
2023-02-13,BPI,1832.54,16492.89,https://www.balticexchange.com/ (simulated demo series)
2023-02-14,BPI,1861.6,16754.4,https://www.balticexchange.com/ (simulated demo series)
2023-02-15,BPI,1879.25,16913.25,https://www.balticexchange.com/ (simulated demo series)
2023-02-16,BPI,1808.48,16276.34,https://www.balticexchange.com/ (simulated demo series)
2023-02-17,BPI,1798.88,16189.92,https://www.balticexchange.com/ (simulated demo series)
2023-02-20,BPI,1737.71,15639.35,https://www.balticexchange.com/ (simulated demo series)
2023-02-21,BPI,1760.1,15840.86,https://www.balticexchange.com/ (simulated demo series)
2023-02-22,BPI,1808.5,16276.49,https://www.balticexchange.com/ (simulated demo series)
2023-02-23,BPI,1870.3,16832.7,https://www.balticexchange.com/ (simulated demo series)
2023-02-24,BPI,1787.53,16087.74,https://www.balticexchange.com/ (simulated demo series)
2023-02-27,BPI,1836.82,16531.4,https://www.balticexchange.com/ (simulated demo series)
2023-02-28,BPI,1793.12,16138.12,https://www.balticexchange.com/ (simulated demo series)
2023-03-01,BPI,1845.35,16608.11,https://www.balticexchange.com/ (simulated demo series)
2023-03-02,BPI,1904.37,17139.34,https://www.balticexchange.com/ (simulated demo series)
2023-03-03,BPI,1853.29,16679.6,https://www.balticexchange.com/ (simulated demo series)
2023-03-06,BPI,1878.57,16907.13,https://www.balticexchange.com/ (simulated demo series)
2023-03-07,BPI,1883.49,16951.44,https://www.balticexchange.com/ (simulated demo series)
2023-03-08,BPI,1816.32,16346.86,https://www.balticexchange.com/ (simulated demo series)
2023-03-09,BPI,1861.6,16754.42,https://www.balticexchange.com/ (simulated demo series)
2023-03-10,BPI,1866.29,16796.59,https://www.balticexchange.com/ (simulated demo series)
2023-03-13,BPI,1830.15,16471.37,https://www.balticexchange.com/ (simulated demo series)
2023-03-14,BPI,1879.96,16919.62,https://www.balticexchange.com/ (simulated demo series)
2023-03-15,BPI,1907.59,17168.35,https://www.balticexchange.com/ (simulated demo series)
2023-03-16,BPI,1822.74,16404.64,https://www.balticexchange.com/ (simulated demo series)
2023-03-17,BPI,1826.69,16440.19,https://www.balticexchange.com/ (simulated demo series)
2023-03-20,BPI,1804.08,16236.68,https://www.balticexchange.com/ (simulated demo series)
2023-03-21,BPI,1780.97,16028.75,https://www.balticexchange.com/ (simulated demo series)
2023-03-22,BPI,1764.31,15878.76,https://www.balticexchange.com/ (simulated demo series)
2023-03-23,BPI,1781.75,16035.77,https://www.balticexchange.com/ (simulated demo series)
2023-03-24,BPI,1804.46,16240.18,https://www.balticexchange.com/ (simulated demo series)
2023-03-27,BPI,1884.74,16962.69,https://www.balticexchange.com/ (simulated demo series)
2023-03-28,BPI,1922.1,17298.89,https://www.balticexchange.com/ (simulated demo series)
2023-03-29,BPI,1916.4,17247.64,https://www.balticexchange.com/ (simulated demo series)
2023-03-30,BPI,1949.66,17546.93,https://www.balticexchange.com/ (simulated demo series)
2023-03-31,BPI,1860.81,16747.29,https://www.balticexchange.com/ (simulated demo series)
2023-04-03,BPI,1662.13,14959.18,https://www.balticexchange.com/ (simulated demo series)
2023-04-04,BPI,1619.27,14573.39,https://www.balticexchange.com/ (simulated demo series)
2023-04-05,BPI,1651.35,14862.12,https://www.balticexchange.com/ (simulated demo series)
2023-04-06,BPI,1665.96,14993.6,https://www.balticexchange.com/ (simulated demo series)
2023-04-07,BPI,1677.07,15093.64,https://www.balticexchange.com/ (simulated demo series)
2023-04-10,BPI,1565.46,14089.18,https://www.balticexchange.com/ (simulated demo series)
2023-04-11,BPI,1576.68,14190.08,https://www.balticexchange.com/ (simulated demo series)
2023-04-12,BPI,1530.73,13776.6,https://www.balticexchange.com/ (simulated demo series)
2023-04-13,BPI,1574.95,14174.53,https://www.balticexchange.com/ (simulated demo series)
2023-04-14,BPI,1543.09,13887.84,https://www.balticexchange.com/ (simulated demo series)
2023-04-17,BPI,1426.24,12836.17,https://www.balticexchange.com/ (simulated demo series)
2023-04-18,BPI,1468.05,13212.42,https://www.balticexchange.com/ (simulated demo series)
2023-04-19,BPI,1430.15,12871.39,https://www.balticexchange.com/ (simulated demo series)
2023-04-20,BPI,1416.4,12747.56,https://www.balticexchange.com/ (simulated demo series)
2023-04-21,BPI,1455.07,13095.63,https://www.balticexchange.com/ (simulated demo series)
2023-04-24,BPI,1544.86,13903.73,https://www.balticexchange.com/ (simulated demo series)
2023-04-25,BPI,1543.51,13891.59,https://www.balticexchange.com/ (simulated demo series)
2023-04-26,BPI,1547.32,13925.85,https://www.balticexchange.com/ (simulated demo series)
2023-04-27,BPI,1522.35,13701.14,https://www.balticexchange.com/ (simulated demo series)
2023-04-28,BPI,1529.32,13763.84,https://www.balticexchange.com/ (simulated demo series)
2023-05-01,BPI,1613.54,14521.86,https://www.balticexchange.com/ (simulated demo series)
2023-05-02,BPI,1646.86,14821.77,https://www.balticexchange.com/ (simulated demo series)
2023-05-03,BPI,1642.37,14781.37,https://www.balticexchange.com/ (simulated demo series)
2023-05-04,BPI,1685.99,15173.93,https://www.balticexchange.com/ (simulated demo series)
2023-05-05,BPI,1731.84,15586.53,https://www.balticexchange.com/ (simulated demo series)
2023-05-08,BPI,1769.51,15925.61,https://www.balticexchange.com/ (simulated demo series)
2023-05-09,BPI,1700.13,15301.18,https://www.balticexchange.com/ (simulated demo series)
2023-05-10,BPI,1651.58,14864.19,https://www.balticexchange.com/ (simulated demo series)
2023-05-11,BPI,1572.87,14155.8,https://www.balticexchange.com/ (simulated demo series)
2023-05-12,BPI,1572.96,14156.66,https://www.balticexchange.com/ (simulated demo series)
2023-05-15,BPI,1673.61,15062.45,https://www.balticexchange.com/ (simulated demo series)
2023-05-16,BPI,1650.06,14850.58,https://www.balticexchange.com/ (simulated demo series)
2023-05-17,BPI,1626.85,14641.66,https://www.balticexchange.com/ (simulated demo series)
2023-05-18,BPI,1656.17,14905.52,https://www.balticexchange.com/ (simulated demo series)
2023-05-19,BPI,1602.84,14425.52,https://www.balticexchange.com/ (simulated demo series)
2023-05-22,BPI,1620.7,14586.33,https://www.balticexchange.com/ (simulated demo series)
2023-05-23,BPI,1682.5,15142.51,https://www.balticexchange.com/ (simulated demo series)
2023-05-24,BPI,1663.23,14969.05,https://www.balticexchange.com/ (simulated demo series)
2023-05-25,BPI,1655.27,14897.41,https://www.balticexchange.com/ (simulated demo series)
2023-05-26,BPI,1600.63,14405.71,https://www.balticexchange.com/ (simulated demo series)
2023-05-29,BPI,1582.31,14240.77,https://www.balticexchange.com/ (simulated demo series)
2023-05-30,BPI,1546.45,13918.03,https://www.balticexchange.com/ (simulated demo series)
2023-05-31,BPI,1572.27,14150.43,https://www.balticexchange.com/ (simulated demo series)
2023-06-01,BPI,1517.34,13656.1,https://www.balticexchange.com/ (simulated demo series)
2023-06-02,BPI,1507.31,13565.79,https://www.balticexchange.com/ (simulated demo series)
2023-06-05,BPI,1497.15,13474.38,https://www.balticexchange.com/ (simulated demo series)
2023-06-06,BPI,1514.04,13626.36,https://www.balticexchange.com/ (simulated demo series)
2023-06-07,BPI,1516.95,13652.53,https://www.balticexchange.com/ (simulated demo series)
2023-06-08,BPI,1573.2,14158.8,https://www.balticexchange.com/ (simulated demo series)
2023-06-09,BPI,1568.56,14117.03,https://www.balticexchange.com/ (simulated demo series)
2023-06-12,BPI,1617.6,14558.39,https://www.balticexchange.com/ (simulated demo series)
2023-06-13,BPI,1639.54,14755.82,https://www.balticexchange.com/ (simulated demo series)
2023-06-14,BPI,1621.53,14593.75,https://www.balticexchange.com/ (simulated demo series)
2023-06-15,BPI,1642.32,14780.92,https://www.balticexchange.com/ (simulated demo series)
2023-06-16,BPI,1624.67,14622.01,https://www.balticexchange.com/ (simulated demo series)
2023-06-19,BPI,1677.13,15094.18,https://www.balticexchange.com/ (simulated demo series)
2023-06-20,BPI,1662.21,14959.88,https://www.balticexchange.com/ (simulated demo series)
2023-06-21,BPI,1620.91,14588.2,https://www.balticexchange.com/ (simulated demo series)
2023-06-22,BPI,1618.38,14565.38,https://www.balticexchange.com/ (simulated demo series)
2023-06-23,BPI,1640.53,14764.76,https://www.balticexchange.com/ (simulated demo series)
2023-06-26,BPI,1570.58,14135.25,https://www.balticexchange.com/ (simulated demo series)
2023-06-27,BPI,1575.77,14181.91,https://www.balticexchange.com/ (simulated demo series)
2023-06-28,BPI,1550.25,13952.23,https://www.balticexchange.com/ (simulated demo series)
2023-06-29,BPI,1530.32,13772.87,https://www.balticexchange.com/ (simulated demo series)
2023-06-30,BPI,1570.74,14136.7,https://www.balticexchange.com/ (simulated demo series)
2023-07-03,BPI,1568.66,14117.98,https://www.balticexchange.com/ (simulated demo series)
2023-07-04,BPI,1574.13,14167.21,https://www.balticexchange.com/ (simulated demo series)
2023-07-05,BPI,1557.64,14018.76,https://www.balticexchange.com/ (simulated demo series)
2023-07-06,BPI,1600.74,14406.69,https://www.balticexchange.com/ (simulated demo series)
2023-07-07,BPI,1711.51,15403.63,https://www.balticexchange.com/ (simulated demo series)
2023-07-10,BPI,1788.5,16096.54,https://www.balticexchange.com/ (simulated demo series)
2023-07-11,BPI,1758.45,15826.04,https://www.balticexchange.com/ (simulated demo series)
2023-07-12,BPI,1760.71,15846.35,https://www.balticexchange.com/ (simulated demo series)
2023-07-13,BPI,1685.87,15172.86,https://www.balticexchange.com/ (simulated demo series)
2023-07-14,BPI,1726.87,15541.86,https://www.balticexchange.com/ (simulated demo series)
2023-07-17,BPI,1720.83,15487.46,https://www.balticexchange.com/ (simulated demo series)
2023-07-18,BPI,1740.56,15665.02,https://www.balticexchange.com/ (simulated demo series)
2023-07-19,BPI,1716.1,15444.89,https://www.balticexchange.com/ (simulated demo series)
2023-07-20,BPI,1731.91,15587.17,https://www.balticexchange.com/ (simulated demo series)
2023-07-21,BPI,1741.21,15670.92,https://www.balticexchange.com/ (simulated demo series)
2023-07-24,BPI,1800.43,16203.83,https://www.balticexchange.com/ (simulated demo series)
2023-07-25,BPI,1804.41,16239.66,https://www.balticexchange.com/ (simulated demo series)
2023-07-26,BPI,1817.46,16357.12,https://www.balticexchange.com/ (simulated demo series)
2023-07-27,BPI,1814.26,16328.35,https://www.balticexchange.com/ (simulated demo series)
2023-07-28,BPI,1784.37,16059.32,https://www.balticexchange.com/ (simulated demo series)
2023-07-31,BPI,1780.86,16027.77,https://www.balticexchange.com/ (simulated demo series)
2023-08-01,BPI,1794.05,16146.48,https://www.balticexchange.com/ (simulated demo series)
2023-08-02,BPI,1812.13,16309.2,https://www.balticexchange.com/ (simulated demo series)
2023-08-03,BPI,1761.29,15851.63,https://www.balticexchange.com/ (simulated demo series)
2023-08-04,BPI,1743.4,15690.64,https://www.balticexchange.com/ (simulated demo series)
2023-08-07,BPI,1629.63,14666.63,https://www.balticexchange.com/ (simulated demo series)
2023-08-08,BPI,1704.59,15341.28,https://www.balticexchange.com/ (simulated demo series)
2023-08-09,BPI,1747.12,15724.09,https://www.balticexchange.com/ (simulated demo series)
2023-08-10,BPI,1713.57,15422.16,https://www.balticexchange.com/ (simulated demo series)
2023-08-11,BPI,1689.81,15208.26,https://www.balticexchange.com/ (simulated demo series)
2023-08-14,BPI,1615.99,14543.88,https://www.balticexchange.com/ (simulated demo series)
2023-08-15,BPI,1546.2,13915.81,https://www.balticexchange.com/ (simulated demo series)
2023-08-16,BPI,1575.56,14180.03,https://www.balticexchange.com/ (simulated demo series)
2023-08-17,BPI,1470.34,13233.02,https://www.balticexchange.com/ (simulated demo series)
2023-08-18,BPI,1467.58,13208.18,https://www.balticexchange.com/ (simulated demo series)
2023-08-21,BPI,1567.63,14108.65,https://www.balticexchange.com/ (simulated demo series)
2023-08-22,BPI,1533.82,13804.35,https://www.balticexchange.com/ (simulated demo series)
2023-08-23,BPI,1542.35,13881.15,https://www.balticexchange.com/ (simulated demo series)
2023-08-24,BPI,1591.83,14326.47,https://www.balticexchange.com/ (simulated demo series)
2023-08-25,BPI,1581.77,14235.93,https://www.balticexchange.com/ (simulated demo series)
2023-08-28,BPI,1559.07,14031.59,https://www.balticexchange.com/ (simulated demo series)
2023-08-29,BPI,1553.42,13980.8,https://www.balticexchange.com/ (simulated demo series)
2023-08-30,BPI,1587.16,14284.45,https://www.balticexchange.com/ (simulated demo series)
2023-08-31,BPI,1626.57,14639.16,https://www.balticexchange.com/ (simulated demo series)
2023-09-01,BPI,1623.26,14609.32,https://www.balticexchange.com/ (simulated demo series)
2023-09-04,BPI,1667.26,15005.38,https://www.balticexchange.com/ (simulated demo series)
2023-09-05,BPI,1674.67,15072.04,https://www.balticexchange.com/ (simulated demo series)
2023-09-06,BPI,1747.28,15725.5,https://www.balticexchange.com/ (simulated demo series)
2023-09-07,BPI,1682.52,15142.69,https://www.balticexchange.com/ (simulated demo series)
2023-09-08,BPI,1597.12,14374.07,https://www.balticexchange.com/ (simulated demo series)
2023-09-11,BPI,1547.18,13924.64,https://www.balticexchange.com/ (simulated demo series)
2023-09-12,BPI,1526.82,13741.36,https://www.balticexchange.com/ (simulated demo series)
2023-09-13,BPI,1545.34,13908.04,https://www.balticexchange.com/ (simulated demo series)
2023-09-14,BPI,1459.18,13132.65,https://www.balticexchange.com/ (simulated demo series)
2023-09-15,BPI,1452.59,13073.28,https://www.balticexchange.com/ (simulated demo series)
2023-09-18,BPI,1452.08,13068.75,https://www.balticexchange.com/ (simulated demo series)
2023-09-19,BPI,1456.84,13111.6,https://www.balticexchange.com/ (simulated demo series)
2023-09-20,BPI,1462.96,13166.66,https://www.balticexchange.com/ (simulated demo series)
2023-09-21,BPI,1513.08,13617.73,https://www.balticexchange.com/ (simulated demo series)
2023-09-22,BPI,1527.22,13745.02,https://www.balticexchange.com/ (simulated demo series)
2023-09-25,BPI,1489.36,13404.25,https://www.balticexchange.com/ (simulated demo series)
2023-09-26,BPI,1465.22,13186.98,https://www.balticexchange.com/ (simulated demo series)
2023-09-27,BPI,1445.74,13011.62,https://www.balticexchange.com/ (simulated demo series)
2023-09-28,BPI,1440.34,12963.07,https://www.balticexchange.com/ (simulated demo series)
2023-09-29,BPI,1418.49,12766.45,https://www.balticexchange.com/ (simulated demo series)
2023-10-02,BPI,1389.71,12507.41,https://www.balticexchange.com/ (simulated demo series)
2023-10-03,BPI,1391.78,12526.02,https://www.balticexchange.com/ (simulated demo series)
2023-10-04,BPI,1350.4,12153.62,https://www.balticexchange.com/ (simulated demo series)
2023-10-05,BPI,1345.34,12108.06,https://www.balticexchange.com/ (simulated demo series)
2023-10-06,BPI,1333.36,12000.28,https://www.balticexchange.com/ (simulated demo series)
2023-10-09,BPI,1328.45,11956.05,https://www.balticexchange.com/ (simulated demo series)
2023-10-10,BPI,1342.87,12085.81,https://www.balticexchange.com/ (simulated demo series)
2023-10-11,BPI,1323.86,11914.78,https://www.balticexchange.com/ (simulated demo series)
2023-10-12,BPI,1361.58,12254.25,https://www.balticexchange.com/ (simulated demo series)
2023-10-13,BPI,1435.47,12919.2,https://www.balticexchange.com/ (simulated demo series)
2023-10-16,BPI,1443.19,12988.72,https://www.balticexchange.com/ (simulated demo series)
2023-10-17,BPI,1454.11,13086.98,https://www.balticexchange.com/ (simulated demo series)
2023-10-18,BPI,1463.82,13174.37,https://www.balticexchange.com/ (simulated demo series)
2023-10-19,BPI,1478.66,13307.93,https://www.balticexchange.com/ (simulated demo series)
2023-10-20,BPI,1519.83,13678.49,https://www.balticexchange.com/ (simulated demo series)
2023-10-23,BPI,1586.03,14274.27,https://www.balticexchange.com/ (simulated demo series)
2023-10-24,BPI,1583.02,14247.15,https://www.balticexchange.com/ (simulated demo series)
2023-10-25,BPI,1575.58,14180.25,https://www.balticexchange.com/ (simulated demo series)
2023-10-26,BPI,1551.41,13962.7,https://www.balticexchange.com/ (simulated demo series)
2023-10-27,BPI,1574.85,14173.68,https://www.balticexchange.com/ (simulated demo series)
2023-10-30,BPI,1561.13,14050.13,https://www.balticexchange.com/ (simulated demo series)
2023-10-31,BPI,1581.88,14236.91,https://www.balticexchange.com/ (simulated demo series)
2023-11-01,BPI,1564.95,14084.52,https://www.balticexchange.com/ (simulated demo series)
2023-11-02,BPI,1509.23,13583.07,https://www.balticexchange.com/ (simulated demo series)
2023-11-03,BPI,1566.89,14102.02,https://www.balticexchange.com/ (simulated demo series)
2023-11-06,BPI,1548.45,13936.04,https://www.balticexchange.com/ (simulated demo series)
2023-11-07,BPI,1572.43,14151.85,https://www.balticexchange.com/ (simulated demo series)
2023-11-08,BPI,1561.57,14054.11,https://www.balticexchange.com/ (simulated demo series)
2023-11-09,BPI,1537.2,13834.82,https://www.balticexchange.com/ (simulated demo series)
2023-11-10,BPI,1553.47,13981.27,https://www.balticexchange.com/ (simulated demo series)
2023-11-13,BPI,1533.13,13798.19,https://www.balticexchange.com/ (simulated demo series)
2023-11-14,BPI,1533.69,13803.17,https://www.balticexchange.com/ (simulated demo series)
2023-11-15,BPI,1557.63,14018.66,https://www.balticexchange.com/ (simulated demo series)
2023-11-16,BPI,1597.39,14376.5,https://www.balticexchange.com/ (simulated demo series)
2023-11-17,BPI,1555.22,13997.0,https://www.balticexchange.com/ (simulated demo series)
2023-11-20,BPI,1439.55,12955.95,https://www.balticexchange.com/ (simulated demo series)
2023-11-21,BPI,1446.03,13014.26,https://www.balticexchange.com/ (simulated demo series)
2023-11-22,BPI,1479.23,13313.05,https://www.balticexchange.com/ (simulated demo series)
2023-11-23,BPI,1483.14,13348.3,https://www.balticexchange.com/ (simulated demo series)
2023-11-24,BPI,1472.8,13255.18,https://www.balticexchange.com/ (simulated demo series)
2023-11-27,BPI,1533.47,13801.25,https://www.balticexchange.com/ (simulated demo series)
2023-11-28,BPI,1478.53,13306.77,https://www.balticexchange.com/ (simulated demo series)
2023-11-29,BPI,1421.76,12795.88,https://www.balticexchange.com/ (simulated demo series)
2023-11-30,BPI,1457.94,13121.43,https://www.balticexchange.com/ (simulated demo series)
2023-12-01,BPI,1506.97,13562.76,https://www.balticexchange.com/ (simulated demo series)
2023-12-04,BPI,1474.68,13272.14,https://www.balticexchange.com/ (simulated demo series)
2023-12-05,BPI,1441.66,12974.91,https://www.balticexchange.com/ (simulated demo series)
2023-12-06,BPI,1401.1,12609.93,https://www.balticexchange.com/ (simulated demo series)
2023-12-07,BPI,1369.72,12327.49,https://www.balticexchange.com/ (simulated demo series)
2023-12-08,BPI,1371.61,12344.46,https://www.balticexchange.com/ (simulated demo series)
2023-12-11,BPI,1388.56,12497.07,https://www.balticexchange.com/ (simulated demo series)
2023-12-12,BPI,1403.18,12628.6,https://www.balticexchange.com/ (simulated demo series)
2023-12-13,BPI,1421.65,12794.84,https://www.balticexchange.com/ (simulated demo series)
2023-12-14,BPI,1519.49,13675.38,https://www.balticexchange.com/ (simulated demo series)
2023-12-15,BPI,1543.48,13891.33,https://www.balticexchange.com/ (simulated demo series)
2023-12-18,BPI,1456.96,13112.65,https://www.balticexchange.com/ (simulated demo series)
2023-12-19,BPI,1489.35,13404.12,https://www.balticexchange.com/ (simulated demo series)
2023-12-20,BPI,1472.2,13249.84,https://www.balticexchange.com/ (simulated demo series)
2023-12-21,BPI,1412.48,12712.35,https://www.balticexchange.com/ (simulated demo series)
2023-12-22,BPI,1409.7,12687.32,https://www.balticexchange.com/ (simulated demo series)
2023-12-25,BPI,1356.47,12208.19,https://www.balticexchange.com/ (simulated demo series)
2023-12-26,BPI,1372.28,12350.5,https://www.balticexchange.com/ (simulated demo series)
2023-12-27,BPI,1394.67,12552.01,https://www.balticexchange.com/ (simulated demo series)
2023-12-28,BPI,1399.82,12598.36,https://www.balticexchange.com/ (simulated demo series)
2023-12-29,BPI,1428.38,12855.38,https://www.balticexchange.com/ (simulated demo series)
2024-01-01,BPI,1438.35,12945.17,https://www.balticexchange.com/ (simulated demo series)
2024-01-02,BPI,1445.32,13007.92,https://www.balticexchange.com/ (simulated demo series)
2024-01-03,BPI,1449.01,13041.1,https://www.balticexchange.com/ (simulated demo series)
2024-01-04,BPI,1444.88,13003.94,https://www.balticexchange.com/ (simulated demo series)
2024-01-05,BPI,1407.69,12669.25,https://www.balticexchange.com/ (simulated demo series)
2024-01-08,BPI,1387.51,12487.63,https://www.balticexchange.com/ (simulated demo series)
2024-01-09,BPI,1439.69,12957.21,https://www.balticexchange.com/ (simulated demo series)
2024-01-10,BPI,1450.43,13053.9,https://www.balticexchange.com/ (simulated demo series)
2024-01-11,BPI,1478.09,13302.84,https://www.balticexchange.com/ (simulated demo series)
2024-01-12,BPI,1493.46,13441.16,https://www.balticexchange.com/ (simulated demo series)
2024-01-15,BPI,1444.63,13001.63,https://www.balticexchange.com/ (simulated demo series)
2024-01-16,BPI,1458.56,13127.03,https://www.balticexchange.com/ (simulated demo series)
2024-01-17,BPI,1493.68,13443.15,https://www.balticexchange.com/ (simulated demo series)
2024-01-18,BPI,1518.68,13668.14,https://www.balticexchange.com/ (simulated demo series)
2024-01-19,BPI,1480.47,13324.21,https://www.balticexchange.com/ (simulated demo series)
2024-01-22,BPI,1397.88,12580.94,https://www.balticexchange.com/ (simulated demo series)
2024-01-23,BPI,1398.94,12590.43,https://www.balticexchange.com/ (simulated demo series)
2024-01-24,BPI,1465.14,13186.23,https://www.balticexchange.com/ (simulated demo series)
2024-01-25,BPI,1457.89,13121.02,https://www.balticexchange.com/ (simulated demo series)
2024-01-26,BPI,1420.35,12783.14,https://www.balticexchange.com/ (simulated demo series)
2024-01-29,BPI,1387.89,12491.0,https://www.balticexchange.com/ (simulated demo series)
2024-01-30,BPI,1432.38,12891.42,https://www.balticexchange.com/ (simulated demo series)
2024-01-31,BPI,1416.61,12749.53,https://www.balticexchange.com/ (simulated demo series)
2024-02-01,BPI,1387.2,12484.78,https://www.balticexchange.com/ (simulated demo series)
2024-02-02,BPI,1386.24,12476.16,https://www.balticexchange.com/ (simulated demo series)
2024-02-05,BPI,1378.29,12404.63,https://www.balticexchange.com/ (simulated demo series)
2024-02-06,BPI,1331.94,11987.45,https://www.balticexchange.com/ (simulated demo series)
2024-02-07,BPI,1291.58,11624.25,https://www.balticexchange.com/ (simulated demo series)
2024-02-08,BPI,1261.58,11354.18,https://www.balticexchange.com/ (simulated demo series)
2024-02-09,BPI,1235.54,11119.88,https://www.balticexchange.com/ (simulated demo series)
2024-02-12,BPI,1236.64,11129.79,https://www.balticexchange.com/ (simulated demo series)
2024-02-13,BPI,1284.46,11560.12,https://www.balticexchange.com/ (simulated demo series)
2024-02-14,BPI,1261.51,11353.62,https://www.balticexchange.com/ (simulated demo series)
2024-02-15,BPI,1235.12,11116.12,https://www.balticexchange.com/ (simulated demo series)
2024-02-16,BPI,1213.88,10924.89,https://www.balticexchange.com/ (simulated demo series)
2024-02-19,BPI,1219.68,10977.09,https://www.balticexchange.com/ (simulated demo series)
2024-02-20,BPI,1187.94,10691.5,https://www.balticexchange.com/ (simulated demo series)
2024-02-21,BPI,1189.69,10707.25,https://www.balticexchange.com/ (simulated demo series)
2024-02-22,BPI,1203.81,10834.29,https://www.balticexchange.com/ (simulated demo series)
2024-02-23,BPI,1230.71,11076.37,https://www.balticexchange.com/ (simulated demo series)
2024-02-26,BPI,1377.03,12393.25,https://www.balticexchange.com/ (simulated demo series)
2024-02-27,BPI,1388.72,12498.5,https://www.balticexchange.com/ (simulated demo series)
2024-02-28,BPI,1382.98,12446.84,https://www.balticexchange.com/ (simulated demo series)
2024-02-29,BPI,1366.89,12302.0,https://www.balticexchange.com/ (simulated demo series)
2024-03-01,BPI,1349.58,12146.22,https://www.balticexchange.com/ (simulated demo series)
2024-03-04,BPI,1385.61,12470.53,https://www.balticexchange.com/ (simulated demo series)
2024-03-05,BPI,1424.78,12823.04,https://www.balticexchange.com/ (simulated demo series)
2024-03-06,BPI,1402.66,12623.97,https://www.balticexchange.com/ (simulated demo series)
2024-03-07,BPI,1379.07,12411.66,https://www.balticexchange.com/ (simulated demo series)
2024-03-08,BPI,1391.84,12526.55,https://www.balticexchange.com/ (simulated demo series)
2024-03-11,BPI,1418.47,12766.25,https://www.balticexchange.com/ (simulated demo series)
2024-03-12,BPI,1433.89,12905.03,https://www.balticexchange.com/ (simulated demo series)
2024-03-13,BPI,1433.51,12901.63,https://www.balticexchange.com/ (simulated demo series)
2024-03-14,BPI,1382.89,12446.05,https://www.balticexchange.com/ (simulated demo series)
2024-03-15,BPI,1392.02,12528.21,https://www.balticexchange.com/ (simulated demo series)
2024-03-18,BPI,1386.42,12477.77,https://www.balticexchange.com/ (simulated demo series)
2024-03-19,BPI,1368.98,12320.82,https://www.balticexchange.com/ (simulated demo series)
2024-03-20,BPI,1431.11,12879.98,https://www.balticexchange.com/ (simulated demo series)
2024-03-21,BPI,1468.29,13214.58,https://www.balticexchange.com/ (simulated demo series)
2024-03-22,BPI,1484.24,13358.16,https://www.balticexchange.com/ (simulated demo series)
2024-03-25,BPI,1580.19,14221.69,https://www.balticexchange.com/ (simulated demo series)
2024-03-26,BPI,1530.1,13770.87,https://www.balticexchange.com/ (simulated demo series)
2024-03-27,BPI,1495.42,13458.82,https://www.balticexchange.com/ (simulated demo series)
2024-03-28,BPI,1529.9,13769.14,https://www.balticexchange.com/ (simulated demo series)
2024-03-29,BPI,1517.73,13659.54,https://www.balticexchange.com/ (simulated demo series)
2024-04-01,BPI,1517.92,13661.28,https://www.balticexchange.com/ (simulated demo series)
2024-04-02,BPI,1539.99,13859.92,https://www.balticexchange.com/ (simulated demo series)
2024-04-03,BPI,1485.16,13366.44,https://www.balticexchange.com/ (simulated demo series)
2024-04-04,BPI,1497.15,13474.37,https://www.balticexchange.com/ (simulated demo series)
2024-04-05,BPI,1470.78,13237.04,https://www.balticexchange.com/ (simulated demo series)
2024-04-08,BPI,1428.87,12859.8,https://www.balticexchange.com/ (simulated demo series)
2024-04-09,BPI,1440.34,12963.07,https://www.balticexchange.com/ (simulated demo series)
2024-04-10,BPI,1431.12,12880.08,https://www.balticexchange.com/ (simulated demo series)
2024-04-11,BPI,1395.03,12555.27,https://www.balticexchange.com/ (simulated demo series)
2024-04-12,BPI,1430.7,12876.28,https://www.balticexchange.com/ (simulated demo series)
2024-04-15,BPI,1421.97,12797.77,https://www.balticexchange.com/ (simulated demo series)
2024-04-16,BPI,1443.12,12988.09,https://www.balticexchange.com/ (simulated demo series)
2024-04-17,BPI,1388.1,12492.91,https://www.balticexchange.com/ (simulated demo series)
2024-04-18,BPI,1379.71,12417.36,https://www.balticexchange.com/ (simulated demo series)
2024-04-19,BPI,1454.31,13088.81,https://www.balticexchange.com/ (simulated demo series)
2024-04-22,BPI,1470.65,13235.87,https://www.balticexchange.com/ (simulated demo series)
2024-04-23,BPI,1473.73,13263.57,https://www.balticexchange.com/ (simulated demo series)
2024-04-24,BPI,1454.94,13094.45,https://www.balticexchange.com/ (simulated demo series)
2024-04-25,BPI,1490.43,13413.85,https://www.balticexchange.com/ (simulated demo series)
2024-04-26,BPI,1484.58,13361.26,https://www.balticexchange.com/ (simulated demo series)
2024-04-29,BPI,1463.76,13173.88,https://www.balticexchange.com/ (simulated demo series)
2024-04-30,BPI,1417.13,12754.15,https://www.balticexchange.com/ (simulated demo series)
2024-05-01,BPI,1400.0,12600.01,https://www.balticexchange.com/ (simulated demo series)
2024-05-02,BPI,1406.59,12659.29,https://www.balticexchange.com/ (simulated demo series)
2024-05-03,BPI,1494.85,13453.64,https://www.balticexchange.com/ (simulated demo series)
2024-05-06,BPI,1551.25,13961.27,https://www.balticexchange.com/ (simulated demo series)
2024-05-07,BPI,1564.14,14077.3,https://www.balticexchange.com/ (simulated demo series)
2024-05-08,BPI,1563.23,14069.03,https://www.balticexchange.com/ (simulated demo series)
2024-05-09,BPI,1599.88,14398.95,https://www.balticexchange.com/ (simulated demo series)
2024-05-10,BPI,1611.85,14506.64,https://www.balticexchange.com/ (simulated demo series)
2024-05-13,BPI,1599.4,14394.58,https://www.balticexchange.com/ (simulated demo series)
2024-05-14,BPI,1656.17,14905.57,https://www.balticexchange.com/ (simulated demo series)
2024-05-15,BPI,1604.97,14444.73,https://www.balticexchange.com/ (simulated demo series)
2024-05-16,BPI,1612.47,14512.22,https://www.balticexchange.com/ (simulated demo series)
2024-05-17,BPI,1636.86,14731.7,https://www.balticexchange.com/ (simulated demo series)
2024-05-20,BPI,1512.86,13615.72,https://www.balticexchange.com/ (simulated demo series)
2024-05-21,BPI,1566.23,14096.06,https://www.balticexchange.com/ (simulated demo series)
2024-05-22,BPI,1618.27,14564.46,https://www.balticexchange.com/ (simulated demo series)
2024-05-23,BPI,1611.13,14500.13,https://www.balticexchange.com/ (simulated demo series)
2024-05-24,BPI,1576.94,14192.43,https://www.balticexchange.com/ (simulated demo series)
2024-05-27,BPI,1619.99,14579.95,https://www.balticexchange.com/ (simulated demo series)
2024-05-28,BPI,1628.55,14656.95,https://www.balticexchange.com/ (simulated demo series)
2024-05-29,BPI,1569.52,14125.7,https://www.balticexchange.com/ (simulated demo series)
2024-05-30,BPI,1549.48,13945.28,https://www.balticexchange.com/ (simulated demo series)
2024-05-31,BPI,1532.19,13789.68,https://www.balticexchange.com/ (simulated demo series)
2024-06-03,BPI,1559.12,14032.04,https://www.balticexchange.com/ (simulated demo series)
2024-06-04,BPI,1584.72,14262.49,https://www.balticexchange.com/ (simulated demo series)
2024-06-05,BPI,1572.21,14149.89,https://www.balticexchange.com/ (simulated demo series)
2024-06-06,BPI,1511.77,13605.96,https://www.balticexchange.com/ (simulated demo series)
2024-06-07,BPI,1570.23,14132.07,https://www.balticexchange.com/ (simulated demo series)
2024-06-10,BPI,1580.46,14224.14,https://www.balticexchange.com/ (simulated demo series)
2024-06-11,BPI,1556.55,14008.91,https://www.balticexchange.com/ (simulated demo series)
2024-06-12,BPI,1498.29,13484.6,https://www.balticexchange.com/ (simulated demo series)
2024-06-13,BPI,1560.56,14045.03,https://www.balticexchange.com/ (simulated demo series)
2024-06-14,BPI,1487.52,13387.64,https://www.balticexchange.com/ (simulated demo series)
2024-06-17,BPI,1485.71,13371.4,https://www.balticexchange.com/ (simulated demo series)
2024-06-18,BPI,1522.61,13703.52,https://www.balticexchange.com/ (simulated demo series)
2024-06-19,BPI,1565.9,14093.13,https://www.balticexchange.com/ (simulated demo series)
2024-06-20,BPI,1560.76,14046.86,https://www.balticexchange.com/ (simulated demo series)
2024-06-21,BPI,1620.2,14581.77,https://www.balticexchange.com/ (simulated demo series)
2024-06-24,BPI,1627.47,14647.26,https://www.balticexchange.com/ (simulated demo series)
2024-06-25,BPI,1647.24,14825.18,https://www.balticexchange.com/ (simulated demo series)
2024-06-26,BPI,1618.01,14562.06,https://www.balticexchange.com/ (simulated demo series)
2024-06-27,BPI,1663.8,14974.23,https://www.balticexchange.com/ (simulated demo series)
2024-06-28,BPI,1627.46,14647.14,https://www.balticexchange.com/ (simulated demo series)
2024-07-01,BPI,1556.09,14004.79,https://www.balticexchange.com/ (simulated demo series)
2024-07-02,BPI,1625.86,14632.78,https://www.balticexchange.com/ (simulated demo series)
2024-07-03,BPI,1656.9,14912.12,https://www.balticexchange.com/ (simulated demo series)
2024-07-04,BPI,1680.2,15121.76,https://www.balticexchange.com/ (simulated demo series)
2024-07-05,BPI,1663.55,14971.98,https://www.balticexchange.com/ (simulated demo series)
2024-07-08,BPI,1582.63,14243.68,https://www.balticexchange.com/ (simulated demo series)
2024-07-09,BPI,1610.17,14491.57,https://www.balticexchange.com/ (simulated demo series)
2024-07-10,BPI,1590.79,14317.07,https://www.balticexchange.com/ (simulated demo series)
2024-07-11,BPI,1585.88,14272.89,https://www.balticexchange.com/ (simulated demo series)
2024-07-12,BPI,1612.83,14515.43,https://www.balticexchange.com/ (simulated demo series)
2024-07-15,BPI,1666.57,14999.12,https://www.balticexchange.com/ (simulated demo series)
2024-07-16,BPI,1632.21,14689.92,https://www.balticexchange.com/ (simulated demo series)
2024-07-17,BPI,1617.46,14557.12,https://www.balticexchange.com/ (simulated demo series)
2024-07-18,BPI,1639.18,14752.64,https://www.balticexchange.com/ (simulated demo series)
2024-07-19,BPI,1578.89,14210.05,https://www.balticexchange.com/ (simulated demo series)
2024-07-22,BPI,1631.62,14684.54,https://www.balticexchange.com/ (simulated demo series)
2024-07-23,BPI,1674.47,15070.19,https://www.balticexchange.com/ (simulated demo series)
2024-07-24,BPI,1674.46,15070.16,https://www.balticexchange.com/ (simulated demo series)
2024-07-25,BPI,1711.86,15406.73,https://www.balticexchange.com/ (simulated demo series)
2024-07-26,BPI,1674.91,15074.19,https://www.balticexchange.com/ (simulated demo series)
2024-07-29,BPI,1563.26,14069.38,https://www.balticexchange.com/ (simulated demo series)
2024-07-30,BPI,1560.59,14045.31,https://www.balticexchange.com/ (simulated demo series)
2024-07-31,BPI,1551.78,13966.05,https://www.balticexchange.com/ (simulated demo series)
2024-08-01,BPI,1568.38,14115.39,https://www.balticexchange.com/ (simulated demo series)
2024-08-02,BPI,1579.38,14214.45,https://www.balticexchange.com/ (simulated demo series)
2024-08-05,BPI,1522.84,13705.58,https://www.balticexchange.com/ (simulated demo series)
2024-08-06,BPI,1544.97,13904.71,https://www.balticexchange.com/ (simulated demo series)
2024-08-07,BPI,1495.44,13458.96,https://www.balticexchange.com/ (simulated demo series)
2024-08-08,BPI,1484.37,13359.29,https://www.balticexchange.com/ (simulated demo series)
2024-08-09,BPI,1466.94,13202.48,https://www.balticexchange.com/ (simulated demo series)
2024-08-12,BPI,1307.81,11770.28,https://www.balticexchange.com/ (simulated demo series)
2024-08-13,BPI,1310.77,11796.94,https://www.balticexchange.com/ (simulated demo series)
2024-08-14,BPI,1340.48,12064.33,https://www.balticexchange.com/ (simulated demo series)
2024-08-15,BPI,1330.08,11970.68,https://www.balticexchange.com/ (simulated demo series)
2024-08-16,BPI,1304.61,11741.49,https://www.balticexchange.com/ (simulated demo series)
2024-08-19,BPI,1274.51,11470.59,https://www.balticexchange.com/ (simulated demo series)
2024-08-20,BPI,1275.18,11476.66,https://www.balticexchange.com/ (simulated demo series)
2024-08-21,BPI,1280.46,11524.14,https://www.balticexchange.com/ (simulated demo series)
2024-08-22,BPI,1322.56,11903.0,https://www.balticexchange.com/ (simulated demo series)
2024-08-23,BPI,1277.64,11498.77,https://www.balticexchange.com/ (simulated demo series)
2024-08-26,BPI,1226.72,11040.46,https://www.balticexchange.com/ (simulated demo series)
2024-08-27,BPI,1233.61,11102.46,https://www.balticexchange.com/ (simulated demo series)
2024-08-28,BPI,1291.07,11619.65,https://www.balticexchange.com/ (simulated demo series)
2024-08-29,BPI,1308.48,11776.31,https://www.balticexchange.com/ (simulated demo series)
2024-08-30,BPI,1344.95,12104.51,https://www.balticexchange.com/ (simulated demo series)
2024-09-02,BPI,1370.79,12337.13,https://www.balticexchange.com/ (simulated demo series)
2024-09-03,BPI,1396.02,12564.18,https://www.balticexchange.com/ (simulated demo series)
2024-09-04,BPI,1356.72,12210.51,https://www.balticexchange.com/ (simulated demo series)
2024-09-05,BPI,1360.95,12248.54,https://www.balticexchange.com/ (simulated demo series)
2024-09-06,BPI,1377.03,12393.27,https://www.balticexchange.com/ (simulated demo series)
2024-09-09,BPI,1469.98,13229.82,https://www.balticexchange.com/ (simulated demo series)
2024-09-10,BPI,1511.67,13605.03,https://www.balticexchange.com/ (simulated demo series)
2024-09-11,BPI,1456.67,13110.03,https://www.balticexchange.com/ (simulated demo series)
2024-09-12,BPI,1421.67,12795.06,https://www.balticexchange.com/ (simulated demo series)
2024-09-13,BPI,1435.3,12917.71,https://www.balticexchange.com/ (simulated demo series)
2024-09-16,BPI,1389.23,12503.04,https://www.balticexchange.com/ (simulated demo series)
2024-09-17,BPI,1403.15,12628.35,https://www.balticexchange.com/ (simulated demo series)
2024-09-18,BPI,1405.86,12652.72,https://www.balticexchange.com/ (simulated demo series)
2024-09-19,BPI,1342.13,12079.18,https://www.balticexchange.com/ (simulated demo series)
2024-09-20,BPI,1348.74,12138.63,https://www.balticexchange.com/ (simulated demo series)
2024-09-23,BPI,1436.8,12931.22,https://www.balticexchange.com/ (simulated demo series)
2024-09-24,BPI,1401.51,12613.58,https://www.balticexchange.com/ (simulated demo series)
2024-09-25,BPI,1432.75,12894.79,https://www.balticexchange.com/ (simulated demo series)
2024-09-26,BPI,1428.67,12858.03,https://www.balticexchange.com/ (simulated demo series)
2024-09-27,BPI,1383.17,12448.53,https://www.balticexchange.com/ (simulated demo series)
2024-09-30,BPI,1430.76,12876.81,https://www.balticexchange.com/ (simulated demo series)
2024-10-01,BPI,1422.99,12806.87,https://www.balticexchange.com/ (simulated demo series)
2024-10-02,BPI,1456.52,13108.67,https://www.balticexchange.com/ (simulated demo series)
2024-10-03,BPI,1426.33,12836.94,https://www.balticexchange.com/ (simulated demo series)
2024-10-04,BPI,1408.2,12673.78,https://www.balticexchange.com/ (simulated demo series)
2024-10-07,BPI,1332.51,11992.56,https://www.balticexchange.com/ (simulated demo series)
2024-10-08,BPI,1344.69,12102.21,https://www.balticexchange.com/ (simulated demo series)
2024-10-09,BPI,1333.22,11999.0,https://www.balticexchange.com/ (simulated demo series)
2024-10-10,BPI,1341.4,12072.57,https://www.balticexchange.com/ (simulated demo series)
2024-10-11,BPI,1351.14,12160.26,https://www.balticexchange.com/ (simulated demo series)
2024-10-14,BPI,1367.45,12307.03,https://www.balticexchange.com/ (simulated demo series)
2024-10-15,BPI,1360.71,12246.4,https://www.balticexchange.com/ (simulated demo series)
2024-10-16,BPI,1355.87,12202.79,https://www.balticexchange.com/ (simulated demo series)
2024-10-17,BPI,1356.92,12212.31,https://www.balticexchange.com/ (simulated demo series)
2024-10-18,BPI,1337.13,12034.17,https://www.balticexchange.com/ (simulated demo series)
2024-10-21,BPI,1321.36,11892.22,https://www.balticexchange.com/ (simulated demo series)
2024-10-22,BPI,1322.08,11898.69,https://www.balticexchange.com/ (simulated demo series)
2024-10-23,BPI,1372.0,12348.02,https://www.balticexchange.com/ (simulated demo series)
2024-10-24,BPI,1336.97,12032.77,https://www.balticexchange.com/ (simulated demo series)
2024-10-25,BPI,1342.56,12083.06,https://www.balticexchange.com/ (simulated demo series)
2024-10-28,BPI,1305.7,11751.32,https://www.balticexchange.com/ (simulated demo series)
2024-10-29,BPI,1293.85,11644.69,https://www.balticexchange.com/ (simulated demo series)
2024-10-30,BPI,1265.46,11389.13,https://www.balticexchange.com/ (simulated demo series)
2024-10-31,BPI,1272.68,11454.12,https://www.balticexchange.com/ (simulated demo series)
2024-11-01,BPI,1321.34,11892.02,https://www.balticexchange.com/ (simulated demo series)
2024-11-04,BPI,1310.4,11793.56,https://www.balticexchange.com/ (simulated demo series)
2024-11-05,BPI,1280.66,11525.91,https://www.balticexchange.com/ (simulated demo series)
2024-11-06,BPI,1270.13,11431.2,https://www.balticexchange.com/ (simulated demo series)
2024-11-07,BPI,1273.39,11460.54,https://www.balticexchange.com/ (simulated demo series)
2024-11-08,BPI,1322.29,11900.64,https://www.balticexchange.com/ (simulated demo series)
2024-11-11,BPI,1365.84,12292.56,https://www.balticexchange.com/ (simulated demo series)
2024-11-12,BPI,1356.98,12212.81,https://www.balticexchange.com/ (simulated demo series)
2024-11-13,BPI,1428.22,12853.96,https://www.balticexchange.com/ (simulated demo series)
2024-11-14,BPI,1437.8,12940.22,https://www.balticexchange.com/ (simulated demo series)
2024-11-15,BPI,1459.27,13133.39,https://www.balticexchange.com/ (simulated demo series)
2024-11-18,BPI,1406.56,12659.0,https://www.balticexchange.com/ (simulated demo series)
2024-11-19,BPI,1383.65,12452.89,https://www.balticexchange.com/ (simulated demo series)
2024-11-20,BPI,1383.36,12450.26,https://www.balticexchange.com/ (simulated demo series)
2024-11-21,BPI,1335.06,12015.55,https://www.balticexchange.com/ (simulated demo series)
2024-11-22,BPI,1340.03,12060.23,https://www.balticexchange.com/ (simulated demo series)
2024-11-25,BPI,1362.64,12263.78,https://www.balticexchange.com/ (simulated demo series)
2024-11-26,BPI,1321.39,11892.55,https://www.balticexchange.com/ (simulated demo series)
2024-11-27,BPI,1316.45,11848.02,https://www.balticexchange.com/ (simulated demo series)
2024-11-28,BPI,1347.73,12129.61,https://www.balticexchange.com/ (simulated demo series)
2024-11-29,BPI,1371.44,12342.92,https://www.balticexchange.com/ (simulated demo series)
2024-12-02,BPI,1418.02,12762.2,https://www.balticexchange.com/ (simulated demo series)
2024-12-03,BPI,1449.37,13044.3,https://www.balticexchange.com/ (simulated demo series)
2024-12-04,BPI,1467.68,13209.11,https://www.balticexchange.com/ (simulated demo series)
2024-12-05,BPI,1489.36,13404.28,https://www.balticexchange.com/ (simulated demo series)
2024-12-06,BPI,1533.52,13801.67,https://www.balticexchange.com/ (simulated demo series)
2024-12-09,BPI,1518.91,13670.19,https://www.balticexchange.com/ (simulated demo series)
2024-12-10,BPI,1573.16,14158.45,https://www.balticexchange.com/ (simulated demo series)
2024-12-11,BPI,1541.53,13873.75,https://www.balticexchange.com/ (simulated demo series)
2024-12-12,BPI,1539.57,13856.15,https://www.balticexchange.com/ (simulated demo series)
2024-12-13,BPI,1492.01,13428.11,https://www.balticexchange.com/ (simulated demo series)
2024-12-16,BPI,1494.77,13452.95,https://www.balticexchange.com/ (simulated demo series)
2024-12-17,BPI,1525.32,13727.89,https://www.balticexchange.com/ (simulated demo series)
2024-12-18,BPI,1499.79,13498.07,https://www.balticexchange.com/ (simulated demo series)
2024-12-19,BPI,1499.02,13491.18,https://www.balticexchange.com/ (simulated demo series)
2024-12-20,BPI,1480.4,13323.59,https://www.balticexchange.com/ (simulated demo series)
2024-12-23,BPI,1490.0,13409.98,https://www.balticexchange.com/ (simulated demo series)
2024-12-24,BPI,1444.43,12999.84,https://www.balticexchange.com/ (simulated demo series)
2024-12-25,BPI,1474.89,13274.04,https://www.balticexchange.com/ (simulated demo series)
2024-12-26,BPI,1489.45,13405.08,https://www.balticexchange.com/ (simulated demo series)
2024-12-27,BPI,1478.75,13308.72,https://www.balticexchange.com/ (simulated demo series)
2024-12-30,BPI,1527.3,13745.69,https://www.balticexchange.com/ (simulated demo series)
2024-12-31,BPI,1585.4,14268.6,https://www.balticexchange.com/ (simulated demo series)
2025-01-01,BPI,1577.23,14195.03,https://www.balticexchange.com/ (simulated demo series)
2025-01-02,BPI,1565.72,14091.51,https://www.balticexchange.com/ (simulated demo series)
2025-01-03,BPI,1587.54,14287.9,https://www.balticexchange.com/ (simulated demo series)
2025-01-06,BPI,1547.73,13929.54,https://www.balticexchange.com/ (simulated demo series)
2025-01-07,BPI,1541.41,13872.69,https://www.balticexchange.com/ (simulated demo series)
2025-01-08,BPI,1529.84,13768.56,https://www.balticexchange.com/ (simulated demo series)
2025-01-09,BPI,1493.99,13445.89,https://www.balticexchange.com/ (simulated demo series)
2025-01-10,BPI,1447.12,13024.09,https://www.balticexchange.com/ (simulated demo series)
2025-01-13,BPI,1565.4,14088.61,https://www.balticexchange.com/ (simulated demo series)
2025-01-14,BPI,1590.13,14311.16,https://www.balticexchange.com/ (simulated demo series)
2025-01-15,BPI,1601.07,14409.62,https://www.balticexchange.com/ (simulated demo series)
2025-01-16,BPI,1540.26,13862.36,https://www.balticexchange.com/ (simulated demo series)
2025-01-17,BPI,1512.62,13613.59,https://www.balticexchange.com/ (simulated demo series)
2025-01-20,BPI,1451.95,13067.51,https://www.balticexchange.com/ (simulated demo series)
2025-01-21,BPI,1505.74,13551.64,https://www.balticexchange.com/ (simulated demo series)
2025-01-22,BPI,1543.28,13889.54,https://www.balticexchange.com/ (simulated demo series)
2025-01-23,BPI,1492.85,13435.64,https://www.balticexchange.com/ (simulated demo series)
2025-01-24,BPI,1489.06,13401.5,https://www.balticexchange.com/ (simulated demo series)
2025-01-27,BPI,1502.95,13526.58,https://www.balticexchange.com/ (simulated demo series)
2025-01-28,BPI,1557.42,14016.74,https://www.balticexchange.com/ (simulated demo series)
2025-01-29,BPI,1529.74,13767.69,https://www.balticexchange.com/ (simulated demo series)
2025-01-30,BPI,1575.17,14176.5,https://www.balticexchange.com/ (simulated demo series)
2025-01-31,BPI,1559.99,14039.95,https://www.balticexchange.com/ (simulated demo series)
2025-02-03,BPI,1612.85,14515.68,https://www.balticexchange.com/ (simulated demo series)
2025-02-04,BPI,1572.68,14154.12,https://www.balticexchange.com/ (simulated demo series)
2025-02-05,BPI,1520.38,13683.45,https://www.balticexchange.com/ (simulated demo series)
2025-02-06,BPI,1556.44,14008.0,https://www.balticexchange.com/ (simulated demo series)
2025-02-07,BPI,1575.65,14180.81,https://www.balticexchange.com/ (simulated demo series)
2025-02-10,BPI,1586.84,14281.57,https://www.balticexchange.com/ (simulated demo series)
2025-02-11,BPI,1628.46,14656.18,https://www.balticexchange.com/ (simulated demo series)
2025-02-12,BPI,1634.77,14712.95,https://www.balticexchange.com/ (simulated demo series)
2025-02-13,BPI,1633.38,14700.45,https://www.balticexchange.com/ (simulated demo series)
2025-02-14,BPI,1565.33,14087.98,https://www.balticexchange.com/ (simulated demo series)
2025-02-17,BPI,1553.55,13981.99,https://www.balticexchange.com/ (simulated demo series)
2025-02-18,BPI,1543.38,13890.44,https://www.balticexchange.com/ (simulated demo series)
2025-02-19,BPI,1577.96,14201.66,https://www.balticexchange.com/ (simulated demo series)
2025-02-20,BPI,1560.07,14040.62,https://www.balticexchange.com/ (simulated demo series)
2025-02-21,BPI,1560.91,14048.21,https://www.balticexchange.com/ (simulated demo series)
2025-02-24,BPI,1581.9,14237.11,https://www.balticexchange.com/ (simulated demo series)
2025-02-25,BPI,1650.42,14853.78,https://www.balticexchange.com/ (simulated demo series)
2025-02-26,BPI,1698.56,15287.0,https://www.balticexchange.com/ (simulated demo series)
2025-02-27,BPI,1668.48,15016.34,https://www.balticexchange.com/ (simulated demo series)
2025-02-28,BPI,1722.4,15501.63,https://www.balticexchange.com/ (simulated demo series)
2025-03-03,BPI,1565.79,14092.15,https://www.balticexchange.com/ (simulated demo series)
2025-03-04,BPI,1597.48,14377.31,https://www.balticexchange.com/ (simulated demo series)
2025-03-05,BPI,1595.16,14356.47,https://www.balticexchange.com/ (simulated demo series)
2025-03-06,BPI,1604.07,14436.65,https://www.balticexchange.com/ (simulated demo series)
2025-03-07,BPI,1592.47,14332.22,https://www.balticexchange.com/ (simulated demo series)
2025-03-10,BPI,1671.93,15047.35,https://www.balticexchange.com/ (simulated demo series)
2025-03-11,BPI,1677.42,15096.74,https://www.balticexchange.com/ (simulated demo series)
2025-03-12,BPI,1648.8,14839.22,https://www.balticexchange.com/ (simulated demo series)
2025-03-13,BPI,1632.97,14696.74,https://www.balticexchange.com/ (simulated demo series)
2025-03-14,BPI,1662.71,14964.4,https://www.balticexchange.com/ (simulated demo series)
2025-03-17,BPI,1657.17,14914.52,https://www.balticexchange.com/ (simulated demo series)
2025-03-18,BPI,1657.54,14917.86,https://www.balticexchange.com/ (simulated demo series)
2025-03-19,BPI,1679.41,15114.72,https://www.balticexchange.com/ (simulated demo series)
2025-03-20,BPI,1715.53,15439.78,https://www.balticexchange.com/ (simulated demo series)
2025-03-21,BPI,1759.21,15832.91,https://www.balticexchange.com/ (simulated demo series)
2025-03-24,BPI,1737.97,15641.74,https://www.balticexchange.com/ (simulated demo series)
2025-03-25,BPI,1766.75,15900.71,https://www.balticexchange.com/ (simulated demo series)
2025-03-26,BPI,1759.95,15839.53,https://www.balticexchange.com/ (simulated demo series)
2025-03-27,BPI,1741.99,15677.87,https://www.balticexchange.com/ (simulated demo series)
2025-03-28,BPI,1794.67,16151.99,https://www.balticexchange.com/ (simulated demo series)
2025-03-31,BPI,1700.31,15302.82,https://www.balticexchange.com/ (simulated demo series)
2025-04-01,BPI,1740.89,15668.03,https://www.balticexchange.com/ (simulated demo series)
2025-04-02,BPI,1752.09,15768.82,https://www.balticexchange.com/ (simulated demo series)
2025-04-03,BPI,1823.76,16413.84,https://www.balticexchange.com/ (simulated demo series)
2025-04-04,BPI,1833.72,16503.46,https://www.balticexchange.com/ (simulated demo series)
2025-04-07,BPI,1970.9,17738.11,https://www.balticexchange.com/ (simulated demo series)
2025-04-08,BPI,2006.34,18057.05,https://www.balticexchange.com/ (simulated demo series)
2025-04-09,BPI,1957.89,17620.99,https://www.balticexchange.com/ (simulated demo series)
2025-04-10,BPI,1897.32,17075.92,https://www.balticexchange.com/ (simulated demo series)
2025-04-11,BPI,1950.35,17553.17,https://www.balticexchange.com/ (simulated demo series)
2025-04-14,BPI,1932.12,17389.1,https://www.balticexchange.com/ (simulated demo series)
2025-04-15,BPI,1968.92,17720.24,https://www.balticexchange.com/ (simulated demo series)
2025-04-16,BPI,2027.8,18250.16,https://www.balticexchange.com/ (simulated demo series)
2025-04-17,BPI,1995.74,17961.69,https://www.balticexchange.com/ (simulated demo series)
2025-04-18,BPI,2024.69,18222.21,https://www.balticexchange.com/ (simulated demo series)
2025-04-21,BPI,1825.0,16424.96,https://www.balticexchange.com/ (simulated demo series)
2025-04-22,BPI,1879.39,16914.55,https://www.balticexchange.com/ (simulated demo series)
2025-04-23,BPI,1874.7,16872.28,https://www.balticexchange.com/ (simulated demo series)
2025-04-24,BPI,1836.08,16524.72,https://www.balticexchange.com/ (simulated demo series)
2025-04-25,BPI,1813.08,16317.72,https://www.balticexchange.com/ (simulated demo series)
2025-04-28,BPI,1933.68,17403.08,https://www.balticexchange.com/ (simulated demo series)
2025-04-29,BPI,1970.84,17737.6,https://www.balticexchange.com/ (simulated demo series)
2025-04-30,BPI,2080.81,18727.33,https://www.balticexchange.com/ (simulated demo series)
2025-05-01,BPI,2103.39,18930.48,https://www.balticexchange.com/ (simulated demo series)
2025-05-02,BPI,2106.01,18954.05,https://www.balticexchange.com/ (simulated demo series)
2025-05-05,BPI,2103.95,18935.53,https://www.balticexchange.com/ (simulated demo series)
2025-05-06,BPI,2079.63,18716.68,https://www.balticexchange.com/ (simulated demo series)
2025-05-07,BPI,2019.53,18175.73,https://www.balticexchange.com/ (simulated demo series)
2025-05-08,BPI,2017.39,18156.55,https://www.balticexchange.com/ (simulated demo series)
2025-05-09,BPI,1989.12,17902.08,https://www.balticexchange.com/ (simulated demo series)
2025-05-12,BPI,1859.1,16731.88,https://www.balticexchange.com/ (simulated demo series)
2025-05-13,BPI,1908.71,17178.39,https://www.balticexchange.com/ (simulated demo series)
2025-05-14,BPI,1903.19,17128.7,https://www.balticexchange.com/ (simulated demo series)
2025-05-15,BPI,1898.54,17086.82,https://www.balticexchange.com/ (simulated demo series)
2025-05-16,BPI,1918.51,17266.62,https://www.balticexchange.com/ (simulated demo series)
2025-05-19,BPI,1985.81,17872.25,https://www.balticexchange.com/ (simulated demo series)
2025-05-20,BPI,1971.65,17744.86,https://www.balticexchange.com/ (simulated demo series)
2025-05-21,BPI,1944.14,17497.28,https://www.balticexchange.com/ (simulated demo series)
2025-05-22,BPI,1978.5,17806.46,https://www.balticexchange.com/ (simulated demo series)
2025-05-23,BPI,1924.02,17316.18,https://www.balticexchange.com/ (simulated demo series)
2025-05-26,BPI,1838.54,16546.88,https://www.balticexchange.com/ (simulated demo series)
2025-05-27,BPI,1850.06,16650.56,https://www.balticexchange.com/ (simulated demo series)
2025-05-28,BPI,1821.91,16397.17,https://www.balticexchange.com/ (simulated demo series)
2025-05-29,BPI,1831.83,16486.43,https://www.balticexchange.com/ (simulated demo series)
2025-05-30,BPI,1824.69,16422.25,https://www.balticexchange.com/ (simulated demo series)
2025-06-02,BPI,1847.36,16626.27,https://www.balticexchange.com/ (simulated demo series)
2025-06-03,BPI,1827.2,16444.77,https://www.balticexchange.com/ (simulated demo series)
2025-06-04,BPI,1787.68,16089.1,https://www.balticexchange.com/ (simulated demo series)
2025-06-05,BPI,1715.03,15435.25,https://www.balticexchange.com/ (simulated demo series)
2025-06-06,BPI,1676.3,15086.72,https://www.balticexchange.com/ (simulated demo series)
2025-06-09,BPI,1676.3,15086.66,https://www.balticexchange.com/ (simulated demo series)
2025-06-10,BPI,1712.5,15412.47,https://www.balticexchange.com/ (simulated demo series)
2025-06-11,BPI,1747.81,15730.28,https://www.balticexchange.com/ (simulated demo series)
2025-06-12,BPI,1717.23,15455.04,https://www.balticexchange.com/ (simulated demo series)
2025-06-13,BPI,1696.23,15266.04,https://www.balticexchange.com/ (simulated demo series)
2025-06-16,BPI,1649.74,14847.62,https://www.balticexchange.com/ (simulated demo series)
2025-06-17,BPI,1632.01,14688.08,https://www.balticexchange.com/ (simulated demo series)
2025-06-18,BPI,1626.05,14634.43,https://www.balticexchange.com/ (simulated demo series)
2025-06-19,BPI,1615.38,14538.43,https://www.balticexchange.com/ (simulated demo series)
2025-06-20,BPI,1625.95,14633.52,https://www.balticexchange.com/ (simulated demo series)
2025-06-23,BPI,1737.06,15633.57,https://www.balticexchange.com/ (simulated demo series)
2025-06-24,BPI,1740.39,15663.52,https://www.balticexchange.com/ (simulated demo series)
2025-06-25,BPI,1724.73,15522.61,https://www.balticexchange.com/ (simulated demo series)
2025-06-26,BPI,1724.23,15518.06,https://www.balticexchange.com/ (simulated demo series)
2025-06-27,BPI,1673.14,15058.27,https://www.balticexchange.com/ (simulated demo series)
2025-06-30,BPI,1696.83,15271.46,https://www.balticexchange.com/ (simulated demo series)
2025-07-01,BPI,1614.53,14530.76,https://www.balticexchange.com/ (simulated demo series)
2025-07-02,BPI,1588.93,14300.4,https://www.balticexchange.com/ (simulated demo series)
2025-07-03,BPI,1559.75,14037.77,https://www.balticexchange.com/ (simulated demo series)
2025-07-04,BPI,1564.0,14076.03,https://www.balticexchange.com/ (simulated demo series)
2025-07-07,BPI,1512.83,13615.51,https://www.balticexchange.com/ (simulated demo series)
2025-07-08,BPI,1493.11,13437.97,https://www.balticexchange.com/ (simulated demo series)
2025-07-09,BPI,1403.95,12635.53,https://www.balticexchange.com/ (simulated demo series)
2025-07-10,BPI,1364.05,12276.49,https://www.balticexchange.com/ (simulated demo series)
2025-07-11,BPI,1405.9,12653.08,https://www.balticexchange.com/ (simulated demo series)
2025-07-14,BPI,1471.73,13245.57,https://www.balticexchange.com/ (simulated demo series)
2025-07-15,BPI,1430.17,12871.55,https://www.balticexchange.com/ (simulated demo series)
2025-07-16,BPI,1443.79,12994.09,https://www.balticexchange.com/ (simulated demo series)
2025-07-17,BPI,1511.53,13603.76,https://www.balticexchange.com/ (simulated demo series)
2025-07-18,BPI,1516.04,13644.36,https://www.balticexchange.com/ (simulated demo series)
2025-07-21,BPI,1539.89,13859.04,https://www.balticexchange.com/ (simulated demo series)
2025-07-22,BPI,1559.17,14032.51,https://www.balticexchange.com/ (simulated demo series)
2025-07-23,BPI,1566.52,14098.64,https://www.balticexchange.com/ (simulated demo series)
2025-07-24,BPI,1668.11,15013.01,https://www.balticexchange.com/ (simulated demo series)
2025-07-25,BPI,1664.21,14977.93,https://www.balticexchange.com/ (simulated demo series)
2025-07-28,BPI,1623.0,14606.99,https://www.balticexchange.com/ (simulated demo series)
2025-07-29,BPI,1655.38,14898.4,https://www.balticexchange.com/ (simulated demo series)
2025-07-30,BPI,1620.6,14585.39,https://www.balticexchange.com/ (simulated demo series)
2025-07-31,BPI,1559.34,14034.04,https://www.balticexchange.com/ (simulated demo series)
2025-08-01,BPI,1544.84,13903.52,https://www.balticexchange.com/ (simulated demo series)
2025-08-04,BPI,1563.73,14073.61,https://www.balticexchange.com/ (simulated demo series)
2025-08-05,BPI,1574.0,14166.0,https://www.balticexchange.com/ (simulated demo series)
2025-08-06,BPI,1572.4,14151.57,https://www.balticexchange.com/ (simulated demo series)
2025-08-07,BPI,1502.84,13525.54,https://www.balticexchange.com/ (simulated demo series)
2025-08-08,BPI,1477.45,13297.07,https://www.balticexchange.com/ (simulated demo series)
2025-08-11,BPI,1416.84,12751.54,https://www.balticexchange.com/ (simulated demo series)
2025-08-12,BPI,1432.18,12889.64,https://www.balticexchange.com/ (simulated demo series)
2025-08-13,BPI,1476.57,13289.11,https://www.balticexchange.com/ (simulated demo series)
2025-08-14,BPI,1466.25,13196.21,https://www.balticexchange.com/ (simulated demo series)
2025-08-15,BPI,1471.91,13247.17,https://www.balticexchange.com/ (simulated demo series)
2025-08-18,BPI,1502.14,13519.29,https://www.balticexchange.com/ (simulated demo series)
2025-08-19,BPI,1488.68,13398.13,https://www.balticexchange.com/ (simulated demo series)
2025-08-20,BPI,1498.93,13490.37,https://www.balticexchange.com/ (simulated demo series)
2025-08-21,BPI,1514.3,13628.69,https://www.balticexchange.com/ (simulated demo series)
2025-08-22,BPI,1522.32,13700.91,https://www.balticexchange.com/ (simulated demo series)
2025-08-25,BPI,1565.91,14093.23,https://www.balticexchange.com/ (simulated demo series)
2025-08-26,BPI,1589.85,14308.63,https://www.balticexchange.com/ (simulated demo series)
2025-08-27,BPI,1545.0,13905.0,https://www.balticexchange.com/ (simulated demo series)
2025-08-28,BPI,1522.99,13706.95,https://www.balticexchange.com/ (simulated demo series)
2025-08-29,BPI,1499.2,13492.76,https://www.balticexchange.com/ (simulated demo series)
2025-09-01,BPI,1437.37,12936.33,https://www.balticexchange.com/ (simulated demo series)
2025-09-02,BPI,1418.83,12769.48,https://www.balticexchange.com/ (simulated demo series)
2025-09-03,BPI,1464.91,13184.23,https://www.balticexchange.com/ (simulated demo series)
2025-09-04,BPI,1461.61,13154.46,https://www.balticexchange.com/ (simulated demo series)
2025-09-05,BPI,1464.18,13177.6,https://www.balticexchange.com/ (simulated demo series)
2025-09-08,BPI,1412.2,12709.82,https://www.balticexchange.com/ (simulated demo series)
2025-09-09,BPI,1460.81,13147.28,https://www.balticexchange.com/ (simulated demo series)
2025-09-10,BPI,1415.69,12741.23,https://www.balticexchange.com/ (simulated demo series)
2025-09-11,BPI,1406.25,12656.26,https://www.balticexchange.com/ (simulated demo series)
2025-09-12,BPI,1382.74,12444.69,https://www.balticexchange.com/ (simulated demo series)
2025-09-15,BPI,1435.29,12917.58,https://www.balticexchange.com/ (simulated demo series)
2025-09-16,BPI,1445.88,13012.92,https://www.balticexchange.com/ (simulated demo series)
2025-09-17,BPI,1459.28,13133.51,https://www.balticexchange.com/ (simulated demo series)
2025-09-18,BPI,1427.01,12843.07,https://www.balticexchange.com/ (simulated demo series)
2025-09-19,BPI,1479.56,13316.05,https://www.balticexchange.com/ (simulated demo series)
2025-09-22,BPI,1551.58,13964.24,https://www.balticexchange.com/ (simulated demo series)
2025-09-23,BPI,1527.22,13745.0,https://www.balticexchange.com/ (simulated demo series)
2025-09-24,BPI,1468.66,13217.98,https://www.balticexchange.com/ (simulated demo series)
2025-09-25,BPI,1482.84,13345.52,https://www.balticexchange.com/ (simulated demo series)
2025-09-26,BPI,1512.13,13609.17,https://www.balticexchange.com/ (simulated demo series)
2025-09-29,BPI,1584.05,14256.44,https://www.balticexchange.com/ (simulated demo series)
2025-09-30,BPI,1595.86,14362.7,https://www.balticexchange.com/ (simulated demo series)
2025-10-01,BPI,1608.19,14473.69,https://www.balticexchange.com/ (simulated demo series)
2025-10-02,BPI,1603.86,14434.71,https://www.balticexchange.com/ (simulated demo series)
2025-10-03,BPI,1608.6,14477.38,https://www.balticexchange.com/ (simulated demo series)
2025-10-06,BPI,1592.61,14333.49,https://www.balticexchange.com/ (simulated demo series)
2025-10-07,BPI,1570.98,14138.84,https://www.balticexchange.com/ (simulated demo series)
2025-10-08,BPI,1532.73,13794.58,https://www.balticexchange.com/ (simulated demo series)
2025-10-09,BPI,1541.97,13877.76,https://www.balticexchange.com/ (simulated demo series)
2025-10-10,BPI,1540.82,13867.37,https://www.balticexchange.com/ (simulated demo series)
2025-10-13,BPI,1440.83,12967.44,https://www.balticexchange.com/ (simulated demo series)
2025-10-14,BPI,1442.91,12986.15,https://www.balticexchange.com/ (simulated demo series)
2025-10-15,BPI,1424.06,12816.53,https://www.balticexchange.com/ (simulated demo series)
2025-10-16,BPI,1436.68,12930.15,https://www.balticexchange.com/ (simulated demo series)
2025-10-17,BPI,1401.94,12617.43,https://www.balticexchange.com/ (simulated demo series)
2025-10-20,BPI,1307.59,11768.29,https://www.balticexchange.com/ (simulated demo series)
2025-10-21,BPI,1321.2,11890.82,https://www.balticexchange.com/ (simulated demo series)
2025-10-22,BPI,1310.07,11790.65,https://www.balticexchange.com/ (simulated demo series)
2025-10-23,BPI,1318.19,11863.71,https://www.balticexchange.com/ (simulated demo series)
2025-10-24,BPI,1308.34,11775.02,https://www.balticexchange.com/ (simulated demo series)
2025-10-27,BPI,1212.46,10912.15,https://www.balticexchange.com/ (simulated demo series)
2025-10-28,BPI,1251.61,11264.51,https://www.balticexchange.com/ (simulated demo series)
2025-10-29,BPI,1294.52,11650.68,https://www.balticexchange.com/ (simulated demo series)
2025-10-30,BPI,1288.87,11599.8,https://www.balticexchange.com/ (simulated demo series)
2025-10-31,BPI,1324.44,11919.98,https://www.balticexchange.com/ (simulated demo series)
2025-11-03,BPI,1204.13,10837.19,https://www.balticexchange.com/ (simulated demo series)
2025-11-04,BPI,1178.31,10604.81,https://www.balticexchange.com/ (simulated demo series)
2025-11-05,BPI,1164.09,10476.77,https://www.balticexchange.com/ (simulated demo series)
2025-11-06,BPI,1174.71,10572.36,https://www.balticexchange.com/ (simulated demo series)
2025-11-07,BPI,1196.07,10764.61,https://www.balticexchange.com/ (simulated demo series)
2025-11-10,BPI,1103.99,9935.93,https://www.balticexchange.com/ (simulated demo series)
2025-11-11,BPI,1111.25,10001.29,https://www.balticexchange.com/ (simulated demo series)
2025-11-12,BPI,1153.62,10382.59,https://www.balticexchange.com/ (simulated demo series)
2025-11-13,BPI,1170.27,10532.43,https://www.balticexchange.com/ (simulated demo series)
2025-11-14,BPI,1158.32,10424.87,https://www.balticexchange.com/ (simulated demo series)
2025-11-17,BPI,1231.7,11085.32,https://www.balticexchange.com/ (simulated demo series)
2025-11-18,BPI,1237.14,11134.26,https://www.balticexchange.com/ (simulated demo series)
2025-11-19,BPI,1243.72,11193.52,https://www.balticexchange.com/ (simulated demo series)
2025-11-20,BPI,1244.34,11199.02,https://www.balticexchange.com/ (simulated demo series)
2025-11-21,BPI,1295.2,11656.78,https://www.balticexchange.com/ (simulated demo series)
2025-11-24,BPI,1206.26,10856.32,https://www.balticexchange.com/ (simulated demo series)
2025-11-25,BPI,1281.21,11530.85,https://www.balticexchange.com/ (simulated demo series)
2025-11-26,BPI,1291.14,11620.27,https://www.balticexchange.com/ (simulated demo series)
2025-11-27,BPI,1313.95,11825.58,https://www.balticexchange.com/ (simulated demo series)
2025-11-28,BPI,1294.55,11650.94,https://www.balticexchange.com/ (simulated demo series)
2025-12-01,BPI,1472.97,13256.72,https://www.balticexchange.com/ (simulated demo series)
2025-12-02,BPI,1456.98,13112.85,https://www.balticexchange.com/ (simulated demo series)
2025-12-03,BPI,1422.73,12804.59,https://www.balticexchange.com/ (simulated demo series)
2025-12-04,BPI,1428.7,12858.26,https://www.balticexchange.com/ (simulated demo series)
2025-12-05,BPI,1437.18,12934.63,https://www.balticexchange.com/ (simulated demo series)
2025-12-08,BPI,1461.1,13149.92,https://www.balticexchange.com/ (simulated demo series)
2025-12-09,BPI,1425.33,12827.93,https://www.balticexchange.com/ (simulated demo series)
2025-12-10,BPI,1463.06,13167.56,https://www.balticexchange.com/ (simulated demo series)
2025-12-11,BPI,1398.07,12582.67,https://www.balticexchange.com/ (simulated demo series)
2025-12-12,BPI,1457.04,13113.34,https://www.balticexchange.com/ (simulated demo series)
2025-12-15,BPI,1548.53,13936.78,https://www.balticexchange.com/ (simulated demo series)
2025-12-16,BPI,1519.66,13676.96,https://www.balticexchange.com/ (simulated demo series)
2025-12-17,BPI,1492.16,13429.44,https://www.balticexchange.com/ (simulated demo series)
2025-12-18,BPI,1534.63,13811.65,https://www.balticexchange.com/ (simulated demo series)
2025-12-19,BPI,1473.43,13260.86,https://www.balticexchange.com/ (simulated demo series)
2025-12-22,BPI,1479.53,13315.74,https://www.balticexchange.com/ (simulated demo series)
2025-12-23,BPI,1411.06,12699.54,https://www.balticexchange.com/ (simulated demo series)
2025-12-24,BPI,1380.98,12428.79,https://www.balticexchange.com/ (simulated demo series)
2025-12-25,BPI,1333.57,12002.16,https://www.balticexchange.com/ (simulated demo series)
2025-12-26,BPI,1323.91,11915.16,https://www.balticexchange.com/ (simulated demo series)
2025-12-29,BPI,1399.34,12594.06,https://www.balticexchange.com/ (simulated demo series)
2025-12-30,BPI,1414.38,12729.39,https://www.balticexchange.com/ (simulated demo series)
2025-12-31,BPI,1459.05,13131.47,https://www.balticexchange.com/ (simulated demo series)
2026-01-01,BPI,1470.55,13234.99,https://www.balticexchange.com/ (simulated demo series)
2026-01-02,BPI,1446.15,13015.33,https://www.balticexchange.com/ (simulated demo series)
2026-01-05,BPI,1591.62,14324.57,https://www.balticexchange.com/ (simulated demo series)
2026-01-06,BPI,1529.51,13765.59,https://www.balticexchange.com/ (simulated demo series)
2026-01-07,BPI,1557.18,14014.62,https://www.balticexchange.com/ (simulated demo series)
2026-01-08,BPI,1576.74,14190.63,https://www.balticexchange.com/ (simulated demo series)
2026-01-09,BPI,1613.07,14517.59,https://www.balticexchange.com/ (simulated demo series)
2026-01-12,BPI,1533.74,13803.68,https://www.balticexchange.com/ (simulated demo series)
2026-01-13,BPI,1507.21,13564.93,https://www.balticexchange.com/ (simulated demo series)
2026-01-14,BPI,1527.58,13748.21,https://www.balticexchange.com/ (simulated demo series)
2026-01-15,BPI,1515.77,13641.92,https://www.balticexchange.com/ (simulated demo series)
2026-01-16,BPI,1539.62,13856.55,https://www.balticexchange.com/ (simulated demo series)
2026-01-19,BPI,1525.62,13730.57,https://www.balticexchange.com/ (simulated demo series)
2026-01-20,BPI,1520.48,13684.32,https://www.balticexchange.com/ (simulated demo series)
2026-01-21,BPI,1477.95,13301.57,https://www.balticexchange.com/ (simulated demo series)
2026-01-22,BPI,1495.32,13457.88,https://www.balticexchange.com/ (simulated demo series)
2026-01-23,BPI,1513.54,13621.88,https://www.balticexchange.com/ (simulated demo series)
2026-01-26,BPI,1510.64,13595.8,https://www.balticexchange.com/ (simulated demo series)
2026-01-27,BPI,1556.3,14006.69,https://www.balticexchange.com/ (simulated demo series)
2026-01-28,BPI,1513.66,13622.95,https://www.balticexchange.com/ (simulated demo series)
2026-01-29,BPI,1499.7,13497.29,https://www.balticexchange.com/ (simulated demo series)
2026-01-30,BPI,1512.44,13611.97,https://www.balticexchange.com/ (simulated demo series)
2026-02-02,BPI,1465.79,13192.14,https://www.balticexchange.com/ (simulated demo series)
2026-02-03,BPI,1389.41,12504.67,https://www.balticexchange.com/ (simulated demo series)
2026-02-04,BPI,1416.65,12749.81,https://www.balticexchange.com/ (simulated demo series)
2026-02-05,BPI,1473.2,13258.84,https://www.balticexchange.com/ (simulated demo series)
2026-02-06,BPI,1497.37,13476.29,https://www.balticexchange.com/ (simulated demo series)
2026-02-09,BPI,1532.69,13794.25,https://www.balticexchange.com/ (simulated demo series)
2026-02-10,BPI,1582.61,14243.48,https://www.balticexchange.com/ (simulated demo series)
2026-02-11,BPI,1639.47,14755.24,https://www.balticexchange.com/ (simulated demo series)
2026-02-12,BPI,1611.23,14501.04,https://www.balticexchange.com/ (simulated demo series)
2026-02-13,BPI,1632.48,14692.3,https://www.balticexchange.com/ (simulated demo series)
2026-02-16,BPI,1670.8,15037.22,https://www.balticexchange.com/ (simulated demo series)
2026-02-17,BPI,1593.47,14341.19,https://www.balticexchange.com/ (simulated demo series)
2026-02-18,BPI,1611.17,14500.53,https://www.balticexchange.com/ (simulated demo series)
2026-02-19,BPI,1584.55,14260.98,https://www.balticexchange.com/ (simulated demo series)
2026-02-20,BPI,1605.01,14445.07,https://www.balticexchange.com/ (simulated demo series)
2026-02-23,BPI,1662.04,14958.37,https://www.balticexchange.com/ (simulated demo series)
2026-02-24,BPI,1649.89,14849.04,https://www.balticexchange.com/ (simulated demo series)
2026-02-25,BPI,1715.31,15437.78,https://www.balticexchange.com/ (simulated demo series)
2026-02-26,BPI,1719.03,15471.25,https://www.balticexchange.com/ (simulated demo series)
2026-02-27,BPI,1678.49,15106.43,https://www.balticexchange.com/ (simulated demo series)
2026-03-02,BPI,1736.76,15630.84,https://www.balticexchange.com/ (simulated demo series)
2026-03-03,BPI,1727.15,15544.32,https://www.balticexchange.com/ (simulated demo series)
2026-03-04,BPI,1787.69,16089.17,https://www.balticexchange.com/ (simulated demo series)
2026-03-05,BPI,1768.8,15919.22,https://www.balticexchange.com/ (simulated demo series)
2026-03-06,BPI,1799.08,16191.75,https://www.balticexchange.com/ (simulated demo series)
2026-03-09,BPI,1668.56,15017.08,https://www.balticexchange.com/ (simulated demo series)
2026-03-10,BPI,1709.31,15383.78,https://www.balticexchange.com/ (simulated demo series)
2026-03-11,BPI,1757.58,15818.2,https://www.balticexchange.com/ (simulated demo series)
2026-03-12,BPI,1801.41,16212.65,https://www.balticexchange.com/ (simulated demo series)
2026-03-13,BPI,1748.45,15736.05,https://www.balticexchange.com/ (simulated demo series)
2026-03-16,BPI,1629.87,14668.81,https://www.balticexchange.com/ (simulated demo series)
2026-03-17,BPI,1646.71,14820.42,https://www.balticexchange.com/ (simulated demo series)
2026-03-18,BPI,1687.36,15186.21,https://www.balticexchange.com/ (simulated demo series)
2026-03-19,BPI,1672.51,15052.55,https://www.balticexchange.com/ (simulated demo series)
2026-03-20,BPI,1702.37,15321.32,https://www.balticexchange.com/ (simulated demo series)
2026-03-23,BPI,1604.55,14440.92,https://www.balticexchange.com/ (simulated demo series)
2026-03-24,BPI,1596.35,14367.13,https://www.balticexchange.com/ (simulated demo series)
2026-03-25,BPI,1621.24,14591.19,https://www.balticexchange.com/ (simulated demo series)
2026-03-26,BPI,1638.54,14746.87,https://www.balticexchange.com/ (simulated demo series)
2026-03-27,BPI,1561.85,14056.69,https://www.balticexchange.com/ (simulated demo series)
2026-03-30,BPI,1650.37,14853.29,https://www.balticexchange.com/ (simulated demo series)
2026-03-31,BPI,1676.39,15087.5,https://www.balticexchange.com/ (simulated demo series)
2026-04-01,BPI,1614.8,14533.24,https://www.balticexchange.com/ (simulated demo series)
2026-04-02,BPI,1651.34,14862.02,https://www.balticexchange.com/ (simulated demo series)
2026-04-03,BPI,1606.01,14454.06,https://www.balticexchange.com/ (simulated demo series)
2026-04-06,BPI,1536.78,13831.04,https://www.balticexchange.com/ (simulated demo series)
2026-04-07,BPI,1613.25,14519.25,https://www.balticexchange.com/ (simulated demo series)
2026-04-08,BPI,1637.38,14736.43,https://www.balticexchange.com/ (simulated demo series)
2026-04-09,BPI,1661.85,14956.68,https://www.balticexchange.com/ (simulated demo series)
2026-04-10,BPI,1658.77,14928.9,https://www.balticexchange.com/ (simulated demo series)
2026-04-13,BPI,1632.4,14691.59,https://www.balticexchange.com/ (simulated demo series)
2026-04-14,BPI,1609.19,14482.75,https://www.balticexchange.com/ (simulated demo series)
2026-04-15,BPI,1587.91,14291.15,https://www.balticexchange.com/ (simulated demo series)
2026-04-16,BPI,1617.2,14554.81,https://www.balticexchange.com/ (simulated demo series)
2026-04-17,BPI,1597.99,14381.89,https://www.balticexchange.com/ (simulated demo series)
2026-04-20,BPI,1542.65,13883.83,https://www.balticexchange.com/ (simulated demo series)
2026-04-21,BPI,1583.47,14251.23,https://www.balticexchange.com/ (simulated demo series)
2026-04-22,BPI,1604.82,14443.39,https://www.balticexchange.com/ (simulated demo series)
2026-04-23,BPI,1696.63,15269.68,https://www.balticexchange.com/ (simulated demo series)
2026-04-24,BPI,1722.28,15500.56,https://www.balticexchange.com/ (simulated demo series)
2026-04-27,BPI,1745.59,15710.3,https://www.balticexchange.com/ (simulated demo series)
2026-04-28,BPI,1775.03,15975.24,https://www.balticexchange.com/ (simulated demo series)
2026-04-29,BPI,1769.85,15928.62,https://www.balticexchange.com/ (simulated demo series)
2026-04-30,BPI,1747.42,15726.79,https://www.balticexchange.com/ (simulated demo series)
2026-05-01,BPI,1712.9,15416.13,https://www.balticexchange.com/ (simulated demo series)
2026-05-04,BPI,1813.42,16320.81,https://www.balticexchange.com/ (simulated demo series)
2026-05-05,BPI,1781.65,16034.82,https://www.balticexchange.com/ (simulated demo series)
2026-05-06,BPI,1830.27,16472.44,https://www.balticexchange.com/ (simulated demo series)
2026-05-07,BPI,1833.13,16498.2,https://www.balticexchange.com/ (simulated demo series)
2026-05-08,BPI,1787.03,16083.29,https://www.balticexchange.com/ (simulated demo series)
2026-05-11,BPI,1868.74,16818.65,https://www.balticexchange.com/ (simulated demo series)
2026-05-12,BPI,1909.52,17185.71,https://www.balticexchange.com/ (simulated demo series)
2026-05-13,BPI,1965.17,17686.5,https://www.balticexchange.com/ (simulated demo series)
2026-05-14,BPI,1994.88,17953.91,https://www.balticexchange.com/ (simulated demo series)
2026-05-15,BPI,1956.94,17612.46,https://www.balticexchange.com/ (simulated demo series)
2026-05-18,BPI,2006.06,18054.57,https://www.balticexchange.com/ (simulated demo series)
2026-05-19,BPI,2029.18,18262.59,https://www.balticexchange.com/ (simulated demo series)
2026-05-20,BPI,1953.69,17583.21,https://www.balticexchange.com/ (simulated demo series)
2026-05-21,BPI,2025.23,18227.09,https://www.balticexchange.com/ (simulated demo series)
2026-05-22,BPI,2081.7,18735.31,https://www.balticexchange.com/ (simulated demo series)
2026-05-25,BPI,1964.15,17677.35,https://www.balticexchange.com/ (simulated demo series)
2026-05-26,BPI,1934.44,17409.96,https://www.balticexchange.com/ (simulated demo series)
2026-05-27,BPI,1958.0,17621.97,https://www.balticexchange.com/ (simulated demo series)
2026-05-28,BPI,1989.83,17908.47,https://www.balticexchange.com/ (simulated demo series)
2026-05-29,BPI,1960.24,17642.19,https://www.balticexchange.com/ (simulated demo series)
2026-06-01,BPI,1971.97,17747.69,https://www.balticexchange.com/ (simulated demo series)
2026-06-02,BPI,1968.13,17713.18,https://www.balticexchange.com/ (simulated demo series)
2026-06-03,BPI,1902.16,17119.41,https://www.balticexchange.com/ (simulated demo series)
2026-06-04,BPI,1828.65,16457.87,https://www.balticexchange.com/ (simulated demo series)
2026-06-05,BPI,1809.82,16288.38,https://www.balticexchange.com/ (simulated demo series)
2026-06-08,BPI,1770.47,15934.25,https://www.balticexchange.com/ (simulated demo series)
2026-06-09,BPI,1767.74,15909.68,https://www.balticexchange.com/ (simulated demo series)
2026-06-10,BPI,1777.7,15999.34,https://www.balticexchange.com/ (simulated demo series)
2026-06-11,BPI,1758.12,15823.07,https://www.balticexchange.com/ (simulated demo series)
2026-06-12,BPI,1725.87,15532.83,https://www.balticexchange.com/ (simulated demo series)
2026-06-15,BPI,1828.0,16451.99,https://www.balticexchange.com/ (simulated demo series)
2026-06-16,BPI,1918.28,17264.51,https://www.balticexchange.com/ (simulated demo series)
2026-06-17,BPI,2024.2,18217.8,https://www.balticexchange.com/ (simulated demo series)
2026-06-18,BPI,2026.75,18240.78,https://www.balticexchange.com/ (simulated demo series)
2026-06-19,BPI,1941.94,17477.46,https://www.balticexchange.com/ (simulated demo series)
2026-06-22,BPI,2042.91,18386.15,https://www.balticexchange.com/ (simulated demo series)
2026-06-23,BPI,2025.45,18229.04,https://www.balticexchange.com/ (simulated demo series)
2026-06-24,BPI,2008.39,18075.47,https://www.balticexchange.com/ (simulated demo series)
2026-06-25,BPI,2054.49,18490.4,https://www.balticexchange.com/ (simulated demo series)
2026-06-26,BPI,2043.88,18394.96,https://www.balticexchange.com/ (simulated demo series)
2026-06-29,BPI,2037.71,18339.35,https://www.balticexchange.com/ (simulated demo series)
2026-06-30,BPI,2030.44,18274.0,https://www.balticexchange.com/ (simulated demo series)
2026-07-01,BPI,2027.04,18243.38,https://www.balticexchange.com/ (simulated demo series)
2026-07-02,BPI,2025.59,18230.29,https://www.balticexchange.com/ (simulated demo series)
2026-07-03,BPI,2092.2,18829.84,https://www.balticexchange.com/ (simulated demo series)
2026-07-06,BPI,2179.64,19616.74,https://www.balticexchange.com/ (simulated demo series)
2026-07-07,BPI,2158.71,19428.43,https://www.balticexchange.com/ (simulated demo series)
2026-07-08,BPI,2222.78,20005.02,https://www.balticexchange.com/ (simulated demo series)
2026-07-09,BPI,2167.1,19503.86,https://www.balticexchange.com/ (simulated demo series)
2026-07-10,BPI,2193.09,19737.82,https://www.balticexchange.com/ (simulated demo series)
2026-07-13,BPI,2149.31,19343.77,https://www.balticexchange.com/ (simulated demo series)
2026-07-14,BPI,2081.27,18731.43,https://www.balticexchange.com/ (simulated demo series)
2026-07-15,BPI,2057.14,18514.25,https://www.balticexchange.com/ (simulated demo series)
2026-07-16,BPI,2044.57,18401.12,https://www.balticexchange.com/ (simulated demo series)
2026-07-17,BPI,2079.98,18719.78,https://www.balticexchange.com/ (simulated demo series)
2026-07-20,BPI,2024.83,18223.44,https://www.balticexchange.com/ (simulated demo series)
2026-07-21,BPI,2048.43,18435.9,https://www.balticexchange.com/ (simulated demo series)
2026-07-22,BPI,2068.11,18613.03,https://www.balticexchange.com/ (simulated demo series)
2026-07-23,BPI,2049.26,18443.36,https://www.balticexchange.com/ (simulated demo series)
2026-07-24,BPI,1968.5,17716.52,https://www.balticexchange.com/ (simulated demo series)
2026-07-27,BPI,2005.0,18045.03,https://www.balticexchange.com/ (simulated demo series)
2026-07-28,BPI,1982.07,17838.64,https://www.balticexchange.com/ (simulated demo series)
2026-07-29,BPI,1937.71,17439.4,https://www.balticexchange.com/ (simulated demo series)
2026-07-30,BPI,1889.84,17008.58,https://www.balticexchange.com/ (simulated demo series)
2026-07-31,BPI,1852.24,16670.17,https://www.balticexchange.com/ (simulated demo series)
2026-08-03,BPI,1807.47,16267.2,https://www.balticexchange.com/ (simulated demo series)
2026-08-04,BPI,1760.51,15844.62,https://www.balticexchange.com/ (simulated demo series)
2026-08-05,BPI,1717.18,15454.6,https://www.balticexchange.com/ (simulated demo series)
2026-08-06,BPI,1648.96,14840.63,https://www.balticexchange.com/ (simulated demo series)
2026-08-07,BPI,1610.63,14495.69,https://www.balticexchange.com/ (simulated demo series)
2026-08-10,BPI,1678.49,15106.44,https://www.balticexchange.com/ (simulated demo series)
2026-08-11,BPI,1663.36,14970.28,https://www.balticexchange.com/ (simulated demo series)
2026-08-12,BPI,1627.92,14651.25,https://www.balticexchange.com/ (simulated demo series)
2026-08-13,BPI,1609.25,14483.26,https://www.balticexchange.com/ (simulated demo series)
2026-08-14,BPI,1592.54,14332.83,https://www.balticexchange.com/ (simulated demo series)
2026-08-17,BPI,1500.81,13507.26,https://www.balticexchange.com/ (simulated demo series)
2026-08-18,BPI,1505.4,13548.57,https://www.balticexchange.com/ (simulated demo series)
2026-08-19,BPI,1523.05,13707.47,https://www.balticexchange.com/ (simulated demo series)
2026-08-20,BPI,1516.31,13646.81,https://www.balticexchange.com/ (simulated demo series)
2026-08-21,BPI,1519.81,13678.32,https://www.balticexchange.com/ (simulated demo series)
2026-08-24,BPI,1555.81,14002.27,https://www.balticexchange.com/ (simulated demo series)
2026-08-25,BPI,1537.5,13837.48,https://www.balticexchange.com/ (simulated demo series)
2026-08-26,BPI,1521.06,13689.5,https://www.balticexchange.com/ (simulated demo series)
2026-08-27,BPI,1579.28,14213.52,https://www.balticexchange.com/ (simulated demo series)
2026-08-28,BPI,1609.38,14484.38,https://www.balticexchange.com/ (simulated demo series)
2026-08-31,BPI,1542.7,13884.32,https://www.balticexchange.com/ (simulated demo series)
2026-09-01,BPI,1531.01,13779.13,https://www.balticexchange.com/ (simulated demo series)
2026-09-02,BPI,1512.18,13609.58,https://www.balticexchange.com/ (simulated demo series)
2026-09-03,BPI,1511.08,13599.73,https://www.balticexchange.com/ (simulated demo series)
2026-09-04,BPI,1564.12,14077.07,https://www.balticexchange.com/ (simulated demo series)
2026-09-07,BPI,1588.18,14293.61,https://www.balticexchange.com/ (simulated demo series)
2026-09-08,BPI,1567.09,14103.8,https://www.balticexchange.com/ (simulated demo series)
2026-09-09,BPI,1496.15,13465.31,https://www.balticexchange.com/ (simulated demo series)
2026-09-10,BPI,1488.03,13392.24,https://www.balticexchange.com/ (simulated demo series)
2026-09-11,BPI,1509.79,13588.09,https://www.balticexchange.com/ (simulated demo series)
2026-09-14,BPI,1480.78,13327.05,https://www.balticexchange.com/ (simulated demo series)
2026-09-15,BPI,1489.18,13402.64,https://www.balticexchange.com/ (simulated demo series)
2019-01-01,BSI,1376.07,15136.82,https://www.balticexchange.com/ (simulated demo series)
2019-01-02,BSI,1389.2,15281.15,https://www.balticexchange.com/ (simulated demo series)
2019-01-03,BSI,1370.54,15075.92,https://www.balticexchange.com/ (simulated demo series)
2019-01-04,BSI,1368.34,15051.76,https://www.balticexchange.com/ (simulated demo series)
2019-01-07,BSI,1316.74,14484.16,https://www.balticexchange.com/ (simulated demo series)
2019-01-08,BSI,1341.59,14757.46,https://www.balticexchange.com/ (simulated demo series)
2019-01-09,BSI,1355.15,14906.63,https://www.balticexchange.com/ (simulated demo series)
2019-01-10,BSI,1332.0,14651.98,https://www.balticexchange.com/ (simulated demo series)
2019-01-11,BSI,1341.03,14751.35,https://www.balticexchange.com/ (simulated demo series)
2019-01-14,BSI,1371.54,15086.92,https://www.balticexchange.com/ (simulated demo series)
2019-01-15,BSI,1338.41,14722.5,https://www.balticexchange.com/ (simulated demo series)
2019-01-16,BSI,1402.38,15426.23,https://www.balticexchange.com/ (simulated demo series)
2019-01-17,BSI,1380.95,15190.44,https://www.balticexchange.com/ (simulated demo series)
2019-01-18,BSI,1393.11,15324.2,https://www.balticexchange.com/ (simulated demo series)
2019-01-21,BSI,1327.47,14602.17,https://www.balticexchange.com/ (simulated demo series)
2019-01-22,BSI,1346.83,14815.1,https://www.balticexchange.com/ (simulated demo series)
2019-01-23,BSI,1442.74,15870.17,https://www.balticexchange.com/ (simulated demo series)
2019-01-24,BSI,1476.29,16239.15,https://www.balticexchange.com/ (simulated demo series)
2019-01-25,BSI,1448.36,15932.0,https://www.balticexchange.com/ (simulated demo series)
2019-01-28,BSI,1514.05,16654.56,https://www.balticexchange.com/ (simulated demo series)
2019-01-29,BSI,1515.69,16672.56,https://www.balticexchange.com/ (simulated demo series)
2019-01-30,BSI,1501.56,16517.12,https://www.balticexchange.com/ (simulated demo series)
2019-01-31,BSI,1531.68,16848.49,https://www.balticexchange.com/ (simulated demo series)
2019-02-01,BSI,1549.14,17040.54,https://www.balticexchange.com/ (simulated demo series)
2019-02-04,BSI,1630.16,17931.72,https://www.balticexchange.com/ (simulated demo series)
2019-02-05,BSI,1674.89,18423.77,https://www.balticexchange.com/ (simulated demo series)
2019-02-06,BSI,1745.5,19200.51,https://www.balticexchange.com/ (simulated demo series)
2019-02-07,BSI,1692.48,18617.28,https://www.balticexchange.com/ (simulated demo series)
2019-02-08,BSI,1646.82,18115.07,https://www.balticexchange.com/ (simulated demo series)
2019-02-11,BSI,1637.96,18017.61,https://www.balticexchange.com/ (simulated demo series)
2019-02-12,BSI,1644.66,18091.22,https://www.balticexchange.com/ (simulated demo series)
2019-02-13,BSI,1598.11,17579.23,https://www.balticexchange.com/ (simulated demo series)
2019-02-14,BSI,1554.92,17104.1,https://www.balticexchange.com/ (simulated demo series)
2019-02-15,BSI,1610.02,17710.18,https://www.balticexchange.com/ (simulated demo series)
2019-02-18,BSI,1616.69,17783.55,https://www.balticexchange.com/ (simulated demo series)
2019-02-19,BSI,1638.0,18017.97,https://www.balticexchange.com/ (simulated demo series)
2019-02-20,BSI,1686.69,18553.59,https://www.balticexchange.com/ (simulated demo series)
2019-02-21,BSI,1672.13,18393.48,https://www.balticexchange.com/ (simulated demo series)
2019-02-22,BSI,1740.82,19148.97,https://www.balticexchange.com/ (simulated demo series)
2019-02-25,BSI,1720.27,18923.0,https://www.balticexchange.com/ (simulated demo series)
2019-02-26,BSI,1637.36,18010.93,https://www.balticexchange.com/ (simulated demo series)
2019-02-27,BSI,1680.36,18483.93,https://www.balticexchange.com/ (simulated demo series)
2019-02-28,BSI,1714.21,18856.29,https://www.balticexchange.com/ (simulated demo series)
2019-03-01,BSI,1695.9,18654.91,https://www.balticexchange.com/ (simulated demo series)
2019-03-04,BSI,1693.54,18628.93,https://www.balticexchange.com/ (simulated demo series)
2019-03-05,BSI,1655.96,18215.58,https://www.balticexchange.com/ (simulated demo series)
2019-03-06,BSI,1661.32,18274.56,https://www.balticexchange.com/ (simulated demo series)
2019-03-07,BSI,1693.98,18633.79,https://www.balticexchange.com/ (simulated demo series)
2019-03-08,BSI,1652.52,18177.74,https://www.balticexchange.com/ (simulated demo series)
2019-03-11,BSI,1643.08,18073.86,https://www.balticexchange.com/ (simulated demo series)
2019-03-12,BSI,1615.74,17773.14,https://www.balticexchange.com/ (simulated demo series)
2019-03-13,BSI,1655.88,18214.69,https://www.balticexchange.com/ (simulated demo series)
2019-03-14,BSI,1684.9,18533.9,https://www.balticexchange.com/ (simulated demo series)
2019-03-15,BSI,1719.75,18917.21,https://www.balticexchange.com/ (simulated demo series)
2019-03-18,BSI,1682.53,18507.82,https://www.balticexchange.com/ (simulated demo series)
2019-03-19,BSI,1749.8,19247.77,https://www.balticexchange.com/ (simulated demo series)
2019-03-20,BSI,1782.15,19603.66,https://www.balticexchange.com/ (simulated demo series)
2019-03-21,BSI,1771.58,19487.41,https://www.balticexchange.com/ (simulated demo series)
2019-03-22,BSI,1836.88,20205.64,https://www.balticexchange.com/ (simulated demo series)
2019-03-25,BSI,1900.69,20907.59,https://www.balticexchange.com/ (simulated demo series)
2019-03-26,BSI,1901.46,20916.07,https://www.balticexchange.com/ (simulated demo series)
2019-03-27,BSI,1917.52,21092.73,https://www.balticexchange.com/ (simulated demo series)
2019-03-28,BSI,1884.33,20727.62,https://www.balticexchange.com/ (simulated demo series)
2019-03-29,BSI,1900.32,20903.49,https://www.balticexchange.com/ (simulated demo series)
2019-04-01,BSI,1733.17,19064.9,https://www.balticexchange.com/ (simulated demo series)
2019-04-02,BSI,1777.3,19550.32,https://www.balticexchange.com/ (simulated demo series)
2019-04-03,BSI,1832.87,20161.61,https://www.balticexchange.com/ (simulated demo series)
2019-04-04,BSI,1887.14,20758.59,https://www.balticexchange.com/ (simulated demo series)
2019-04-05,BSI,1874.54,20619.96,https://www.balticexchange.com/ (simulated demo series)
2019-04-08,BSI,1924.68,21171.5,https://www.balticexchange.com/ (simulated demo series)
2019-04-09,BSI,1938.93,21328.21,https://www.balticexchange.com/ (simulated demo series)
2019-04-10,BSI,1912.23,21034.56,https://www.balticexchange.com/ (simulated demo series)
2019-04-11,BSI,1920.52,21125.75,https://www.balticexchange.com/ (simulated demo series)
2019-04-12,BSI,1808.32,19891.5,https://www.balticexchange.com/ (simulated demo series)
2019-04-15,BSI,1813.36,19946.94,https://www.balticexchange.com/ (simulated demo series)
2019-04-16,BSI,1836.49,20201.38,https://www.balticexchange.com/ (simulated demo series)
2019-04-17,BSI,1878.81,20666.88,https://www.balticexchange.com/ (simulated demo series)
2019-04-18,BSI,1833.44,20167.88,https://www.balticexchange.com/ (simulated demo series)
2019-04-19,BSI,1839.07,20229.82,https://www.balticexchange.com/ (simulated demo series)
2019-04-22,BSI,1885.72,20742.95,https://www.balticexchange.com/ (simulated demo series)
2019-04-23,BSI,1887.54,20762.95,https://www.balticexchange.com/ (simulated demo series)
2019-04-24,BSI,1817.25,19989.72,https://www.balticexchange.com/ (simulated demo series)
2019-04-25,BSI,1845.39,20299.26,https://www.balticexchange.com/ (simulated demo series)
2019-04-26,BSI,1824.05,20064.59,https://www.balticexchange.com/ (simulated demo series)
2019-04-29,BSI,1810.14,19911.49,https://www.balticexchange.com/ (simulated demo series)
2019-04-30,BSI,1845.02,20295.2,https://www.balticexchange.com/ (simulated demo series)
2019-05-01,BSI,1861.35,20474.81,https://www.balticexchange.com/ (simulated demo series)
2019-05-02,BSI,1853.74,20391.16,https://www.balticexchange.com/ (simulated demo series)
2019-05-03,BSI,1869.03,20559.37,https://www.balticexchange.com/ (simulated demo series)
2019-05-06,BSI,1763.18,19394.95,https://www.balticexchange.com/ (simulated demo series)
2019-05-07,BSI,1778.01,19558.07,https://www.balticexchange.com/ (simulated demo series)
2019-05-08,BSI,1742.03,19162.33,https://www.balticexchange.com/ (simulated demo series)
2019-05-09,BSI,1792.11,19713.26,https://www.balticexchange.com/ (simulated demo series)
2019-05-10,BSI,1780.12,19581.35,https://www.balticexchange.com/ (simulated demo series)
2019-05-13,BSI,1637.96,18017.59,https://www.balticexchange.com/ (simulated demo series)
2019-05-14,BSI,1590.56,17496.11,https://www.balticexchange.com/ (simulated demo series)
2019-05-15,BSI,1623.1,17854.14,https://www.balticexchange.com/ (simulated demo series)
2019-05-16,BSI,1674.79,18422.64,https://www.balticexchange.com/ (simulated demo series)
2019-05-17,BSI,1715.23,18867.52,https://www.balticexchange.com/ (simulated demo series)
2019-05-20,BSI,1774.56,19520.12,https://www.balticexchange.com/ (simulated demo series)
2019-05-21,BSI,1785.51,19640.62,https://www.balticexchange.com/ (simulated demo series)
2019-05-22,BSI,1781.37,19595.08,https://www.balticexchange.com/ (simulated demo series)
2019-05-23,BSI,1753.5,19288.55,https://www.balticexchange.com/ (simulated demo series)
2019-05-24,BSI,1727.91,19006.98,https://www.balticexchange.com/ (simulated demo series)
2019-05-27,BSI,1736.31,19099.43,https://www.balticexchange.com/ (simulated demo series)
2019-05-28,BSI,1696.74,18664.13,https://www.balticexchange.com/ (simulated demo series)
2019-05-29,BSI,1661.33,18274.65,https://www.balticexchange.com/ (simulated demo series)
2019-05-30,BSI,1583.75,17421.2,https://www.balticexchange.com/ (simulated demo series)
2019-05-31,BSI,1602.31,17625.42,https://www.balticexchange.com/ (simulated demo series)
2019-06-03,BSI,1659.47,18254.21,https://www.balticexchange.com/ (simulated demo series)
2019-06-04,BSI,1599.38,17593.22,https://www.balticexchange.com/ (simulated demo series)
2019-06-05,BSI,1576.37,17340.07,https://www.balticexchange.com/ (simulated demo series)
2019-06-06,BSI,1565.38,17219.14,https://www.balticexchange.com/ (simulated demo series)
2019-06-07,BSI,1574.56,17320.13,https://www.balticexchange.com/ (simulated demo series)
2019-06-10,BSI,1571.02,17281.18,https://www.balticexchange.com/ (simulated demo series)
2019-06-11,BSI,1591.18,17502.95,https://www.balticexchange.com/ (simulated demo series)
2019-06-12,BSI,1631.13,17942.39,https://www.balticexchange.com/ (simulated demo series)
2019-06-13,BSI,1618.39,17802.26,https://www.balticexchange.com/ (simulated demo series)
2019-06-14,BSI,1647.6,18123.56,https://www.balticexchange.com/ (simulated demo series)
2019-06-17,BSI,1654.56,18200.2,https://www.balticexchange.com/ (simulated demo series)
2019-06-18,BSI,1658.72,18245.91,https://www.balticexchange.com/ (simulated demo series)
2019-06-19,BSI,1637.21,18009.26,https://www.balticexchange.com/ (simulated demo series)
2019-06-20,BSI,1639.03,18029.35,https://www.balticexchange.com/ (simulated demo series)
2019-06-21,BSI,1656.72,18223.93,https://www.balticexchange.com/ (simulated demo series)
2019-06-24,BSI,1579.11,17370.26,https://www.balticexchange.com/ (simulated demo series)
2019-06-25,BSI,1604.47,17649.15,https://www.balticexchange.com/ (simulated demo series)
2019-06-26,BSI,1677.11,18448.22,https://www.balticexchange.com/ (simulated demo series)
2019-06-27,BSI,1681.15,18492.62,https://www.balticexchange.com/ (simulated demo series)
2019-06-28,BSI,1619.31,17812.41,https://www.balticexchange.com/ (simulated demo series)
2019-07-01,BSI,1611.34,17724.79,https://www.balticexchange.com/ (simulated demo series)
2019-07-02,BSI,1560.61,17166.75,https://www.balticexchange.com/ (simulated demo series)
2019-07-03,BSI,1514.39,16658.25,https://www.balticexchange.com/ (simulated demo series)
2019-07-04,BSI,1475.06,16225.62,https://www.balticexchange.com/ (simulated demo series)
2019-07-05,BSI,1486.62,16352.77,https://www.balticexchange.com/ (simulated demo series)
2019-07-08,BSI,1534.43,16878.77,https://www.balticexchange.com/ (simulated demo series)
2019-07-09,BSI,1600.15,17601.68,https://www.balticexchange.com/ (simulated demo series)
2019-07-10,BSI,1618.51,17803.58,https://www.balticexchange.com/ (simulated demo series)
2019-07-11,BSI,1657.53,18232.82,https://www.balticexchange.com/ (simulated demo series)
2019-07-12,BSI,1651.23,18163.54,https://www.balticexchange.com/ (simulated demo series)
2019-07-15,BSI,1641.18,18052.96,https://www.balticexchange.com/ (simulated demo series)
2019-07-16,BSI,1578.65,17365.12,https://www.balticexchange.com/ (simulated demo series)
2019-07-17,BSI,1559.25,17151.73,https://www.balticexchange.com/ (simulated demo series)
2019-07-18,BSI,1570.43,17274.73,https://www.balticexchange.com/ (simulated demo series)
2019-07-19,BSI,1651.02,18161.23,https://www.balticexchange.com/ (simulated demo series)
2019-07-22,BSI,1633.81,17971.89,https://www.balticexchange.com/ (simulated demo series)
2019-07-23,BSI,1643.7,18080.68,https://www.balticexchange.com/ (simulated demo series)
2019-07-24,BSI,1645.17,18096.82,https://www.balticexchange.com/ (simulated demo series)
2019-07-25,BSI,1689.62,18585.81,https://www.balticexchange.com/ (simulated demo series)
2019-07-26,BSI,1652.9,18181.95,https://www.balticexchange.com/ (simulated demo series)
2019-07-29,BSI,1638.77,18026.48,https://www.balticexchange.com/ (simulated demo series)
2019-07-30,BSI,1574.19,17316.1,https://www.balticexchange.com/ (simulated demo series)
2019-07-31,BSI,1553.09,17084.02,https://www.balticexchange.com/ (simulated demo series)
2019-08-01,BSI,1512.15,16633.68,https://www.balticexchange.com/ (simulated demo series)
2019-08-02,BSI,1494.97,16444.72,https://www.balticexchange.com/ (simulated demo series)
2019-08-05,BSI,1509.67,16606.34,https://www.balticexchange.com/ (simulated demo series)
2019-08-06,BSI,1564.0,17204.02,https://www.balticexchange.com/ (simulated demo series)
2019-08-07,BSI,1586.86,17455.5,https://www.balticexchange.com/ (simulated demo series)
2019-08-08,BSI,1569.2,17261.17,https://www.balticexchange.com/ (simulated demo series)
2019-08-09,BSI,1486.6,16352.62,https://www.balticexchange.com/ (simulated demo series)
2019-08-12,BSI,1458.72,16045.87,https://www.balticexchange.com/ (simulated demo series)
2019-08-13,BSI,1495.07,16445.81,https://www.balticexchange.com/ (simulated demo series)
2019-08-14,BSI,1517.81,16695.95,https://www.balticexchange.com/ (simulated demo series)
2019-08-15,BSI,1479.8,16277.76,https://www.balticexchange.com/ (simulated demo series)
2019-08-16,BSI,1493.26,16425.82,https://www.balticexchange.com/ (simulated demo series)
2019-08-19,BSI,1487.3,16360.26,https://www.balticexchange.com/ (simulated demo series)
2019-08-20,BSI,1502.25,16524.76,https://www.balticexchange.com/ (simulated demo series)
2019-08-21,BSI,1498.4,16482.41,https://www.balticexchange.com/ (simulated demo series)
2019-08-22,BSI,1490.88,16399.73,https://www.balticexchange.com/ (simulated demo series)
2019-08-23,BSI,1485.17,16336.9,https://www.balticexchange.com/ (simulated demo series)
2019-08-26,BSI,1693.61,18629.66,https://www.balticexchange.com/ (simulated demo series)
2019-08-27,BSI,1678.97,18468.69,https://www.balticexchange.com/ (simulated demo series)
2019-08-28,BSI,1699.95,18699.42,https://www.balticexchange.com/ (simulated demo series)
2019-08-29,BSI,1671.19,18383.13,https://www.balticexchange.com/ (simulated demo series)
2019-08-30,BSI,1648.63,18134.93,https://www.balticexchange.com/ (simulated demo series)
2019-09-02,BSI,1620.42,17824.66,https://www.balticexchange.com/ (simulated demo series)
2019-09-03,BSI,1656.18,18217.97,https://www.balticexchange.com/ (simulated demo series)
2019-09-04,BSI,1689.43,18583.74,https://www.balticexchange.com/ (simulated demo series)
2019-09-05,BSI,1702.69,18729.64,https://www.balticexchange.com/ (simulated demo series)
2019-09-06,BSI,1688.34,18571.72,https://www.balticexchange.com/ (simulated demo series)
2019-09-09,BSI,1660.05,18260.57,https://www.balticexchange.com/ (simulated demo series)
2019-09-10,BSI,1624.8,17872.75,https://www.balticexchange.com/ (simulated demo series)
2019-09-11,BSI,1606.06,17666.67,https://www.balticexchange.com/ (simulated demo series)
2019-09-12,BSI,1573.64,17310.09,https://www.balticexchange.com/ (simulated demo series)
2019-09-13,BSI,1598.28,17581.07,https://www.balticexchange.com/ (simulated demo series)
2019-09-16,BSI,1536.36,16899.96,https://www.balticexchange.com/ (simulated demo series)
2019-09-17,BSI,1537.43,16911.71,https://www.balticexchange.com/ (simulated demo series)
2019-09-18,BSI,1576.16,17337.74,https://www.balticexchange.com/ (simulated demo series)
2019-09-19,BSI,1566.17,17227.92,https://www.balticexchange.com/ (simulated demo series)
2019-09-20,BSI,1614.64,17761.04,https://www.balticexchange.com/ (simulated demo series)
2019-09-23,BSI,1676.77,18444.48,https://www.balticexchange.com/ (simulated demo series)
2019-09-24,BSI,1690.99,18600.86,https://www.balticexchange.com/ (simulated demo series)
2019-09-25,BSI,1659.27,18251.99,https://www.balticexchange.com/ (simulated demo series)
2019-09-26,BSI,1605.49,17660.4,https://www.balticexchange.com/ (simulated demo series)
2019-09-27,BSI,1586.31,17449.41,https://www.balticexchange.com/ (simulated demo series)
2019-09-30,BSI,1567.43,17241.68,https://www.balticexchange.com/ (simulated demo series)
2019-10-01,BSI,1574.34,17317.74,https://www.balticexchange.com/ (simulated demo series)
2019-10-02,BSI,1606.13,17667.48,https://www.balticexchange.com/ (simulated demo series)
2019-10-03,BSI,1613.65,17750.1,https://www.balticexchange.com/ (simulated demo series)
2019-10-04,BSI,1593.55,17529.02,https://www.balticexchange.com/ (simulated demo series)
2019-10-07,BSI,1615.04,17765.46,https://www.balticexchange.com/ (simulated demo series)
2019-10-08,BSI,1659.91,18259.0,https://www.balticexchange.com/ (simulated demo series)
2019-10-09,BSI,1614.61,17760.68,https://www.balticexchange.com/ (simulated demo series)
2019-10-10,BSI,1600.65,17607.1,https://www.balticexchange.com/ (simulated demo series)
2019-10-11,BSI,1575.37,17329.05,https://www.balticexchange.com/ (simulated demo series)
2019-10-14,BSI,1543.26,16975.84,https://www.balticexchange.com/ (simulated demo series)
2019-10-15,BSI,1567.08,17237.89,https://www.balticexchange.com/ (simulated demo series)
2019-10-16,BSI,1565.46,17220.11,https://www.balticexchange.com/ (simulated demo series)
2019-10-17,BSI,1534.36,16877.95,https://www.balticexchange.com/ (simulated demo series)
2019-10-18,BSI,1509.07,16599.76,https://www.balticexchange.com/ (simulated demo series)
2019-10-21,BSI,1602.18,17623.93,https://www.balticexchange.com/ (simulated demo series)
2019-10-22,BSI,1620.13,17821.38,https://www.balticexchange.com/ (simulated demo series)
2019-10-23,BSI,1621.86,17840.43,https://www.balticexchange.com/ (simulated demo series)
2019-10-24,BSI,1567.23,17239.54,https://www.balticexchange.com/ (simulated demo series)
2019-10-25,BSI,1539.05,16929.56,https://www.balticexchange.com/ (simulated demo series)
2019-10-28,BSI,1664.02,18304.19,https://www.balticexchange.com/ (simulated demo series)
2019-10-29,BSI,1667.39,18341.32,https://www.balticexchange.com/ (simulated demo series)
2019-10-30,BSI,1664.7,18311.71,https://www.balticexchange.com/ (simulated demo series)
2019-10-31,BSI,1659.38,18253.21,https://www.balticexchange.com/ (simulated demo series)
2019-11-01,BSI,1641.42,18055.61,https://www.balticexchange.com/ (simulated demo series)
2019-11-04,BSI,1544.25,16986.8,https://www.balticexchange.com/ (simulated demo series)
2019-11-05,BSI,1549.71,17046.81,https://www.balticexchange.com/ (simulated demo series)
2019-11-06,BSI,1539.85,16938.34,https://www.balticexchange.com/ (simulated demo series)
2019-11-07,BSI,1502.81,16530.94,https://www.balticexchange.com/ (simulated demo series)
2019-11-08,BSI,1503.95,16543.43,https://www.balticexchange.com/ (simulated demo series)
2019-11-11,BSI,1424.42,15668.58,https://www.balticexchange.com/ (simulated demo series)
2019-11-12,BSI,1438.65,15825.17,https://www.balticexchange.com/ (simulated demo series)
2019-11-13,BSI,1387.13,15258.38,https://www.balticexchange.com/ (simulated demo series)
2019-11-14,BSI,1413.12,15544.37,https://www.balticexchange.com/ (simulated demo series)
2019-11-15,BSI,1457.72,16034.9,https://www.balticexchange.com/ (simulated demo series)
2019-11-18,BSI,1444.08,15884.87,https://www.balticexchange.com/ (simulated demo series)
2019-11-19,BSI,1434.57,15780.28,https://www.balticexchange.com/ (simulated demo series)
2019-11-20,BSI,1417.46,15592.11,https://www.balticexchange.com/ (simulated demo series)
2019-11-21,BSI,1382.77,15210.48,https://www.balticexchange.com/ (simulated demo series)
2019-11-22,BSI,1434.91,15783.97,https://www.balticexchange.com/ (simulated demo series)
2019-11-25,BSI,1418.79,15606.72,https://www.balticexchange.com/ (simulated demo series)
2019-11-26,BSI,1448.74,15936.19,https://www.balticexchange.com/ (simulated demo series)
2019-11-27,BSI,1452.08,15972.85,https://www.balticexchange.com/ (simulated demo series)
2019-11-28,BSI,1421.66,15638.28,https://www.balticexchange.com/ (simulated demo series)
2019-11-29,BSI,1430.72,15737.91,https://www.balticexchange.com/ (simulated demo series)
2019-12-02,BSI,1458.91,16048.01,https://www.balticexchange.com/ (simulated demo series)
2019-12-03,BSI,1494.39,16438.28,https://www.balticexchange.com/ (simulated demo series)
2019-12-04,BSI,1487.92,16367.13,https://www.balticexchange.com/ (simulated demo series)
2019-12-05,BSI,1548.42,17032.61,https://www.balticexchange.com/ (simulated demo series)
2019-12-06,BSI,1501.4,16515.36,https://www.balticexchange.com/ (simulated demo series)
2019-12-09,BSI,1491.91,16411.0,https://www.balticexchange.com/ (simulated demo series)
2019-12-10,BSI,1475.06,16225.71,https://www.balticexchange.com/ (simulated demo series)
2019-12-11,BSI,1498.09,16478.99,https://www.balticexchange.com/ (simulated demo series)
2019-12-12,BSI,1482.88,16311.65,https://www.balticexchange.com/ (simulated demo series)
2019-12-13,BSI,1477.77,16255.46,https://www.balticexchange.com/ (simulated demo series)
2019-12-16,BSI,1468.32,16151.51,https://www.balticexchange.com/ (simulated demo series)
2019-12-17,BSI,1492.31,16415.44,https://www.balticexchange.com/ (simulated demo series)
2019-12-18,BSI,1467.95,16147.42,https://www.balticexchange.com/ (simulated demo series)
2019-12-19,BSI,1474.02,16214.18,https://www.balticexchange.com/ (simulated demo series)
2019-12-20,BSI,1441.4,15855.4,https://www.balticexchange.com/ (simulated demo series)
2019-12-23,BSI,1530.24,16832.63,https://www.balticexchange.com/ (simulated demo series)
2019-12-24,BSI,1582.76,17410.4,https://www.balticexchange.com/ (simulated demo series)
2019-12-25,BSI,1570.35,17273.89,https://www.balticexchange.com/ (simulated demo series)
2019-12-26,BSI,1541.28,16954.06,https://www.balticexchange.com/ (simulated demo series)
2019-12-27,BSI,1554.15,17095.6,https://www.balticexchange.com/ (simulated demo series)
2019-12-30,BSI,1596.62,17562.79,https://www.balticexchange.com/ (simulated demo series)
2019-12-31,BSI,1598.29,17581.23,https://www.balticexchange.com/ (simulated demo series)
2020-01-01,BSI,1557.0,17127.02,https://www.balticexchange.com/ (simulated demo series)
2020-01-02,BSI,1563.1,17194.11,https://www.balticexchange.com/ (simulated demo series)
2020-01-03,BSI,1514.87,16663.6,https://www.balticexchange.com/ (simulated demo series)
2020-01-06,BSI,1499.93,16499.2,https://www.balticexchange.com/ (simulated demo series)
2020-01-07,BSI,1470.81,16178.87,https://www.balticexchange.com/ (simulated demo series)
2020-01-08,BSI,1474.15,16215.65,https://www.balticexchange.com/ (simulated demo series)
2020-01-09,BSI,1490.85,16399.32,https://www.balticexchange.com/ (simulated demo series)
2020-01-10,BSI,1589.36,17482.96,https://www.balticexchange.com/ (simulated demo series)
2020-01-13,BSI,1617.62,17793.85,https://www.balticexchange.com/ (simulated demo series)
2020-01-14,BSI,1647.74,18125.17,https://www.balticexchange.com/ (simulated demo series)
2020-01-15,BSI,1641.22,18053.39,https://www.balticexchange.com/ (simulated demo series)
2020-01-16,BSI,1636.25,17998.74,https://www.balticexchange.com/ (simulated demo series)
2020-01-17,BSI,1690.5,18595.53,https://www.balticexchange.com/ (simulated demo series)
2020-01-20,BSI,1705.52,18760.72,https://www.balticexchange.com/ (simulated demo series)
2020-01-21,BSI,1733.16,19064.8,https://www.balticexchange.com/ (simulated demo series)
2020-01-22,BSI,1675.66,18432.22,https://www.balticexchange.com/ (simulated demo series)
2020-01-23,BSI,1628.28,17911.07,https://www.balticexchange.com/ (simulated demo series)
2020-01-24,BSI,1675.52,18430.69,https://www.balticexchange.com/ (simulated demo series)
2020-01-27,BSI,1644.69,18091.6,https://www.balticexchange.com/ (simulated demo series)
2020-01-28,BSI,1650.25,18152.77,https://www.balticexchange.com/ (simulated demo series)
2020-01-29,BSI,1640.7,18047.73,https://www.balticexchange.com/ (simulated demo series)
2020-01-30,BSI,1640.07,18040.8,https://www.balticexchange.com/ (simulated demo series)
2020-01-31,BSI,1645.44,18099.85,https://www.balticexchange.com/ (simulated demo series)
2020-02-03,BSI,1648.43,18132.69,https://www.balticexchange.com/ (simulated demo series)
2020-02-04,BSI,1624.07,17864.81,https://www.balticexchange.com/ (simulated demo series)
2020-02-05,BSI,1552.82,17080.97,https://www.balticexchange.com/ (simulated demo series)
2020-02-06,BSI,1555.91,17114.99,https://www.balticexchange.com/ (simulated demo series)
2020-02-07,BSI,1559.56,17155.17,https://www.balticexchange.com/ (simulated demo series)
2020-02-10,BSI,1512.34,16635.69,https://www.balticexchange.com/ (simulated demo series)
2020-02-11,BSI,1505.66,16562.24,https://www.balticexchange.com/ (simulated demo series)
2020-02-12,BSI,1553.02,17083.27,https://www.balticexchange.com/ (simulated demo series)
2020-02-13,BSI,1526.66,16793.25,https://www.balticexchange.com/ (simulated demo series)
2020-02-14,BSI,1597.21,17569.27,https://www.balticexchange.com/ (simulated demo series)
2020-02-17,BSI,1645.95,18105.48,https://www.balticexchange.com/ (simulated demo series)
2020-02-18,BSI,1628.57,17914.23,https://www.balticexchange.com/ (simulated demo series)
2020-02-19,BSI,1598.75,17586.2,https://www.balticexchange.com/ (simulated demo series)
2020-02-20,BSI,1637.17,18008.83,https://www.balticexchange.com/ (simulated demo series)
2020-02-21,BSI,1641.32,18054.55,https://www.balticexchange.com/ (simulated demo series)
2020-02-24,BSI,1602.93,17632.2,https://www.balticexchange.com/ (simulated demo series)
2020-02-25,BSI,1610.46,17715.1,https://www.balticexchange.com/ (simulated demo series)
2020-02-26,BSI,1588.28,17471.09,https://www.balticexchange.com/ (simulated demo series)
2020-02-27,BSI,1597.57,17573.3,https://www.balticexchange.com/ (simulated demo series)
2020-02-28,BSI,1627.2,17899.17,https://www.balticexchange.com/ (simulated demo series)
2020-03-02,BSI,1566.67,17233.35,https://www.balticexchange.com/ (simulated demo series)
2020-03-03,BSI,1560.0,17160.02,https://www.balticexchange.com/ (simulated demo series)
2020-03-04,BSI,1540.0,16940.02,https://www.balticexchange.com/ (simulated demo series)
2020-03-05,BSI,1557.56,17133.14,https://www.balticexchange.com/ (simulated demo series)
2020-03-06,BSI,1557.32,17130.48,https://www.balticexchange.com/ (simulated demo series)
2020-03-09,BSI,1515.93,16675.25,https://www.balticexchange.com/ (simulated demo series)
2020-03-10,BSI,1507.38,16581.23,https://www.balticexchange.com/ (simulated demo series)
2020-03-11,BSI,1483.37,16317.11,https://www.balticexchange.com/ (simulated demo series)
2020-03-12,BSI,1516.29,16679.2,https://www.balticexchange.com/ (simulated demo series)
2020-03-13,BSI,1537.77,16915.43,https://www.balticexchange.com/ (simulated demo series)
2020-03-16,BSI,1534.11,16875.21,https://www.balticexchange.com/ (simulated demo series)
2020-03-17,BSI,1510.98,16620.75,https://www.balticexchange.com/ (simulated demo series)
2020-03-18,BSI,1494.13,16435.46,https://www.balticexchange.com/ (simulated demo series)
2020-03-19,BSI,1523.35,16756.87,https://www.balticexchange.com/ (simulated demo series)
2020-03-20,BSI,1540.09,16940.98,https://www.balticexchange.com/ (simulated demo series)
2020-03-23,BSI,1527.35,16800.86,https://www.balticexchange.com/ (simulated demo series)
2020-03-24,BSI,1538.13,16919.45,https://www.balticexchange.com/ (simulated demo series)
2020-03-25,BSI,1559.16,17150.76,https://www.balticexchange.com/ (simulated demo series)
2020-03-26,BSI,1573.39,17307.27,https://www.balticexchange.com/ (simulated demo series)
2020-03-27,BSI,1564.2,17206.21,https://www.balticexchange.com/ (simulated demo series)
2020-03-30,BSI,1560.57,17166.28,https://www.balticexchange.com/ (simulated demo series)
2020-03-31,BSI,1538.55,16924.02,https://www.balticexchange.com/ (simulated demo series)
2020-04-01,BSI,1567.1,17238.14,https://www.balticexchange.com/ (simulated demo series)
2020-04-02,BSI,1552.69,17079.64,https://www.balticexchange.com/ (simulated demo series)
2020-04-03,BSI,1529.41,16823.53,https://www.balticexchange.com/ (simulated demo series)
2020-04-06,BSI,1522.08,16742.89,https://www.balticexchange.com/ (simulated demo series)
2020-04-07,BSI,1537.58,16913.4,https://www.balticexchange.com/ (simulated demo series)
2020-04-08,BSI,1508.51,16593.64,https://www.balticexchange.com/ (simulated demo series)
2020-04-09,BSI,1528.16,16809.8,https://www.balticexchange.com/ (simulated demo series)
2020-04-10,BSI,1510.14,16611.55,https://www.balticexchange.com/ (simulated demo series)
2020-04-13,BSI,1489.43,16383.74,https://www.balticexchange.com/ (simulated demo series)
2020-04-14,BSI,1477.65,16254.16,https://www.balticexchange.com/ (simulated demo series)
2020-04-15,BSI,1473.05,16203.52,https://www.balticexchange.com/ (simulated demo series)
2020-04-16,BSI,1440.61,15846.76,https://www.balticexchange.com/ (simulated demo series)
2020-04-17,BSI,1447.4,15921.43,https://www.balticexchange.com/ (simulated demo series)
2020-04-20,BSI,1403.14,15434.59,https://www.balticexchange.com/ (simulated demo series)
2020-04-21,BSI,1414.28,15557.13,https://www.balticexchange.com/ (simulated demo series)
2020-04-22,BSI,1468.13,16149.42,https://www.balticexchange.com/ (simulated demo series)
2020-04-23,BSI,1470.79,16178.7,https://www.balticexchange.com/ (simulated demo series)
2020-04-24,BSI,1447.06,15917.69,https://www.balticexchange.com/ (simulated demo series)
2020-04-27,BSI,1492.89,16421.81,https://www.balticexchange.com/ (simulated demo series)
2020-04-28,BSI,1483.82,16321.97,https://www.balticexchange.com/ (simulated demo series)
2020-04-29,BSI,1474.93,16224.26,https://www.balticexchange.com/ (simulated demo series)
2020-04-30,BSI,1526.35,16789.8,https://www.balticexchange.com/ (simulated demo series)
2020-05-01,BSI,1538.74,16926.19,https://www.balticexchange.com/ (simulated demo series)
2020-05-04,BSI,1500.36,16503.92,https://www.balticexchange.com/ (simulated demo series)
2020-05-05,BSI,1437.82,15816.0,https://www.balticexchange.com/ (simulated demo series)
2020-05-06,BSI,1444.91,15894.06,https://www.balticexchange.com/ (simulated demo series)
2020-05-07,BSI,1471.84,16190.24,https://www.balticexchange.com/ (simulated demo series)
2020-05-08,BSI,1522.64,16749.09,https://www.balticexchange.com/ (simulated demo series)
2020-05-11,BSI,1521.78,16739.53,https://www.balticexchange.com/ (simulated demo series)
2020-05-12,BSI,1514.06,16654.63,https://www.balticexchange.com/ (simulated demo series)
2020-05-13,BSI,1514.54,16659.94,https://www.balticexchange.com/ (simulated demo series)
2020-05-14,BSI,1498.82,16487.07,https://www.balticexchange.com/ (simulated demo series)
2020-05-15,BSI,1503.87,16542.61,https://www.balticexchange.com/ (simulated demo series)
2020-05-18,BSI,1424.03,15664.38,https://www.balticexchange.com/ (simulated demo series)
2020-05-19,BSI,1438.01,15818.15,https://www.balticexchange.com/ (simulated demo series)
2020-05-20,BSI,1418.41,15602.51,https://www.balticexchange.com/ (simulated demo series)
2020-05-21,BSI,1427.38,15701.18,https://www.balticexchange.com/ (simulated demo series)
2020-05-22,BSI,1465.7,16122.74,https://www.balticexchange.com/ (simulated demo series)
2020-05-25,BSI,1493.66,16430.27,https://www.balticexchange.com/ (simulated demo series)
2020-05-26,BSI,1515.28,16668.05,https://www.balticexchange.com/ (simulated demo series)
2020-05-27,BSI,1474.04,16214.42,https://www.balticexchange.com/ (simulated demo series)
2020-05-28,BSI,1470.13,16171.4,https://www.balticexchange.com/ (simulated demo series)
2020-05-29,BSI,1447.69,15924.57,https://www.balticexchange.com/ (simulated demo series)
2020-06-01,BSI,1481.89,16300.8,https://www.balticexchange.com/ (simulated demo series)
2020-06-02,BSI,1490.35,16393.83,https://www.balticexchange.com/ (simulated demo series)
2020-06-03,BSI,1500.77,16508.48,https://www.balticexchange.com/ (simulated demo series)
2020-06-04,BSI,1483.74,16321.1,https://www.balticexchange.com/ (simulated demo series)
2020-06-05,BSI,1474.07,16214.72,https://www.balticexchange.com/ (simulated demo series)
2020-06-08,BSI,1491.92,16411.09,https://www.balticexchange.com/ (simulated demo series)
2020-06-09,BSI,1492.24,16414.68,https://www.balticexchange.com/ (simulated demo series)
2020-06-10,BSI,1502.59,16528.51,https://www.balticexchange.com/ (simulated demo series)
2020-06-11,BSI,1531.07,16841.81,https://www.balticexchange.com/ (simulated demo series)
2020-06-12,BSI,1573.47,17308.22,https://www.balticexchange.com/ (simulated demo series)
2020-06-15,BSI,1522.6,16748.62,https://www.balticexchange.com/ (simulated demo series)
2020-06-16,BSI,1536.85,16905.4,https://www.balticexchange.com/ (simulated demo series)
2020-06-17,BSI,1477.02,16247.25,https://www.balticexchange.com/ (simulated demo series)
2020-06-18,BSI,1497.83,16476.12,https://www.balticexchange.com/ (simulated demo series)
2020-06-19,BSI,1518.02,16698.27,https://www.balticexchange.com/ (simulated demo series)
2020-06-22,BSI,1569.0,17259.03,https://www.balticexchange.com/ (simulated demo series)
2020-06-23,BSI,1555.95,17115.49,https://www.balticexchange.com/ (simulated demo series)
2020-06-24,BSI,1534.85,16883.4,https://www.balticexchange.com/ (simulated demo series)
2020-06-25,BSI,1560.67,17167.4,https://www.balticexchange.com/ (simulated demo series)
2020-06-26,BSI,1602.01,17622.15,https://www.balticexchange.com/ (simulated demo series)
2020-06-29,BSI,1677.4,18451.38,https://www.balticexchange.com/ (simulated demo series)
2020-06-30,BSI,1621.79,17839.72,https://www.balticexchange.com/ (simulated demo series)
2020-07-01,BSI,1592.75,17520.21,https://www.balticexchange.com/ (simulated demo series)
2020-07-02,BSI,1595.72,17552.88,https://www.balticexchange.com/ (simulated demo series)
2020-07-03,BSI,1609.66,17706.3,https://www.balticexchange.com/ (simulated demo series)
2020-07-06,BSI,1626.57,17892.29,https://www.balticexchange.com/ (simulated demo series)
2020-07-07,BSI,1622.41,17846.48,https://www.balticexchange.com/ (simulated demo series)
2020-07-08,BSI,1623.53,17858.88,https://www.balticexchange.com/ (simulated demo series)
2020-07-09,BSI,1561.1,17172.05,https://www.balticexchange.com/ (simulated demo series)
2020-07-10,BSI,1601.35,17614.84,https://www.balticexchange.com/ (simulated demo series)
2020-07-13,BSI,1606.96,17676.57,https://www.balticexchange.com/ (simulated demo series)
2020-07-14,BSI,1565.53,17220.81,https://www.balticexchange.com/ (simulated demo series)
2020-07-15,BSI,1580.47,17385.2,https://www.balticexchange.com/ (simulated demo series)
2020-07-16,BSI,1576.76,17344.37,https://www.balticexchange.com/ (simulated demo series)
2020-07-17,BSI,1515.81,16673.87,https://www.balticexchange.com/ (simulated demo series)
2020-07-20,BSI,1511.55,16627.07,https://www.balticexchange.com/ (simulated demo series)
2020-07-21,BSI,1531.95,16851.5,https://www.balticexchange.com/ (simulated demo series)
2020-07-22,BSI,1581.99,17401.92,https://www.balticexchange.com/ (simulated demo series)
2020-07-23,BSI,1592.8,17520.84,https://www.balticexchange.com/ (simulated demo series)
2020-07-24,BSI,1565.87,17224.58,https://www.balticexchange.com/ (simulated demo series)
2020-07-27,BSI,1652.91,18182.0,https://www.balticexchange.com/ (simulated demo series)
2020-07-28,BSI,1658.58,18244.37,https://www.balticexchange.com/ (simulated demo series)
2020-07-29,BSI,1698.1,18679.15,https://www.balticexchange.com/ (simulated demo series)
2020-07-30,BSI,1651.27,18163.96,https://www.balticexchange.com/ (simulated demo series)
2020-07-31,BSI,1605.16,17656.77,https://www.balticexchange.com/ (simulated demo series)
2020-08-03,BSI,1603.93,17643.22,https://www.balticexchange.com/ (simulated demo series)
2020-08-04,BSI,1605.49,17660.36,https://www.balticexchange.com/ (simulated demo series)
2020-08-05,BSI,1559.53,17154.78,https://www.balticexchange.com/ (simulated demo series)
2020-08-06,BSI,1541.77,16959.51,https://www.balticexchange.com/ (simulated demo series)
2020-08-07,BSI,1507.14,16578.5,https://www.balticexchange.com/ (simulated demo series)
2020-08-10,BSI,1541.55,16957.01,https://www.balticexchange.com/ (simulated demo series)
2020-08-11,BSI,1545.29,16998.18,https://www.balticexchange.com/ (simulated demo series)
2020-08-12,BSI,1586.02,17446.22,https://www.balticexchange.com/ (simulated demo series)
2020-08-13,BSI,1581.75,17399.22,https://www.balticexchange.com/ (simulated demo series)
2020-08-14,BSI,1578.27,17360.95,https://www.balticexchange.com/ (simulated demo series)
2020-08-17,BSI,1554.27,17097.01,https://www.balticexchange.com/ (simulated demo series)
2020-08-18,BSI,1522.76,16750.34,https://www.balticexchange.com/ (simulated demo series)
2020-08-19,BSI,1493.56,16429.14,https://www.balticexchange.com/ (simulated demo series)
2020-08-20,BSI,1477.68,16254.5,https://www.balticexchange.com/ (simulated demo series)
2020-08-21,BSI,1474.19,16216.08,https://www.balticexchange.com/ (simulated demo series)
2020-08-24,BSI,1418.51,15603.66,https://www.balticexchange.com/ (simulated demo series)
2020-08-25,BSI,1421.12,15632.37,https://www.balticexchange.com/ (simulated demo series)
2020-08-26,BSI,1396.22,15358.46,https://www.balticexchange.com/ (simulated demo series)
2020-08-27,BSI,1401.8,15419.82,https://www.balticexchange.com/ (simulated demo series)
2020-08-28,BSI,1404.91,15454.06,https://www.balticexchange.com/ (simulated demo series)
2020-08-31,BSI,1423.79,15661.71,https://www.balticexchange.com/ (simulated demo series)
2020-09-01,BSI,1383.54,15218.91,https://www.balticexchange.com/ (simulated demo series)
2020-09-02,BSI,1392.05,15312.59,https://www.balticexchange.com/ (simulated demo series)
2020-09-03,BSI,1353.07,14883.81,https://www.balticexchange.com/ (simulated demo series)
2020-09-04,BSI,1349.89,14848.76,https://www.balticexchange.com/ (simulated demo series)
2020-09-07,BSI,1357.85,14936.37,https://www.balticexchange.com/ (simulated demo series)
2020-09-08,BSI,1344.11,14785.18,https://www.balticexchange.com/ (simulated demo series)
2020-09-09,BSI,1347.98,14827.75,https://www.balticexchange.com/ (simulated demo series)
2020-09-10,BSI,1357.06,14927.68,https://www.balticexchange.com/ (simulated demo series)
2020-09-11,BSI,1352.09,14872.97,https://www.balticexchange.com/ (simulated demo series)
2020-09-14,BSI,1312.59,14438.44,https://www.balticexchange.com/ (simulated demo series)
2020-09-15,BSI,1323.11,14554.16,https://www.balticexchange.com/ (simulated demo series)
2020-09-16,BSI,1276.76,14044.4,https://www.balticexchange.com/ (simulated demo series)
2020-09-17,BSI,1292.11,14213.17,https://www.balticexchange.com/ (simulated demo series)
2020-09-18,BSI,1276.06,14036.7,https://www.balticexchange.com/ (simulated demo series)
2020-09-21,BSI,1318.0,14498.04,https://www.balticexchange.com/ (simulated demo series)
2020-09-22,BSI,1303.69,14340.62,https://www.balticexchange.com/ (simulated demo series)
2020-09-23,BSI,1295.98,14255.77,https://www.balticexchange.com/ (simulated demo series)
2020-09-24,BSI,1329.31,14622.44,https://www.balticexchange.com/ (simulated demo series)
2020-09-25,BSI,1324.85,14573.32,https://www.balticexchange.com/ (simulated demo series)
2020-09-28,BSI,1318.9,14507.95,https://www.balticexchange.com/ (simulated demo series)
2020-09-29,BSI,1307.12,14378.34,https://www.balticexchange.com/ (simulated demo series)
2020-09-30,BSI,1286.2,14148.2,https://www.balticexchange.com/ (simulated demo series)
2020-10-01,BSI,1218.73,13405.99,https://www.balticexchange.com/ (simulated demo series)
2020-10-02,BSI,1229.84,13528.23,https://www.balticexchange.com/ (simulated demo series)
2020-10-05,BSI,1256.01,13816.07,https://www.balticexchange.com/ (simulated demo series)
2020-10-06,BSI,1265.89,13924.81,https://www.balticexchange.com/ (simulated demo series)
2020-10-07,BSI,1243.18,13674.99,https://www.balticexchange.com/ (simulated demo series)
2020-10-08,BSI,1213.21,13345.32,https://www.balticexchange.com/ (simulated demo series)
2020-10-09,BSI,1210.3,13313.31,https://www.balticexchange.com/ (simulated demo series)
2020-10-12,BSI,1159.56,12755.13,https://www.balticexchange.com/ (simulated demo series)
2020-10-13,BSI,1172.69,12899.55,https://www.balticexchange.com/ (simulated demo series)
2020-10-14,BSI,1191.63,13107.88,https://www.balticexchange.com/ (simulated demo series)
2020-10-15,BSI,1197.16,13168.81,https://www.balticexchange.com/ (simulated demo series)
2020-10-16,BSI,1198.16,13179.8,https://www.balticexchange.com/ (simulated demo series)
2020-10-19,BSI,1185.4,13039.43,https://www.balticexchange.com/ (simulated demo series)
2020-10-20,BSI,1212.27,13335.01,https://www.balticexchange.com/ (simulated demo series)
2020-10-21,BSI,1175.7,12932.71,https://www.balticexchange.com/ (simulated demo series)
2020-10-22,BSI,1139.82,12538.06,https://www.balticexchange.com/ (simulated demo series)
2020-10-23,BSI,1126.99,12396.92,https://www.balticexchange.com/ (simulated demo series)
2020-10-26,BSI,1131.27,12443.98,https://www.balticexchange.com/ (simulated demo series)
2020-10-27,BSI,1131.85,12450.39,https://www.balticexchange.com/ (simulated demo series)
2020-10-28,BSI,1108.35,12191.84,https://www.balticexchange.com/ (simulated demo series)
2020-10-29,BSI,1100.03,12100.34,https://www.balticexchange.com/ (simulated demo series)
2020-10-30,BSI,1087.87,11966.58,https://www.balticexchange.com/ (simulated demo series)
2020-11-02,BSI,1033.41,11367.54,https://www.balticexchange.com/ (simulated demo series)
2020-11-03,BSI,1056.01,11616.13,https://www.balticexchange.com/ (simulated demo series)
2020-11-04,BSI,1054.09,11594.99,https://www.balticexchange.com/ (simulated demo series)
2020-11-05,BSI,1066.99,11736.87,https://www.balticexchange.com/ (simulated demo series)
2020-11-06,BSI,1050.11,11551.19,https://www.balticexchange.com/ (simulated demo series)
2020-11-09,BSI,1027.99,11307.88,https://www.balticexchange.com/ (simulated demo series)
2020-11-10,BSI,1018.19,11200.12,https://www.balticexchange.com/ (simulated demo series)
2020-11-11,BSI,1054.73,11601.98,https://www.balticexchange.com/ (simulated demo series)
2020-11-12,BSI,1041.94,11461.3,https://www.balticexchange.com/ (simulated demo series)
2020-11-13,BSI,1048.38,11532.17,https://www.balticexchange.com/ (simulated demo series)
2020-11-16,BSI,1032.14,11353.58,https://www.balticexchange.com/ (simulated demo series)
2020-11-17,BSI,1048.85,11537.39,https://www.balticexchange.com/ (simulated demo series)
2020-11-18,BSI,1066.3,11729.28,https://www.balticexchange.com/ (simulated demo series)
2020-11-19,BSI,1089.55,11985.08,https://www.balticexchange.com/ (simulated demo series)
2020-11-20,BSI,1079.72,11876.93,https://www.balticexchange.com/ (simulated demo series)
2020-11-23,BSI,1108.84,12197.29,https://www.balticexchange.com/ (simulated demo series)
2020-11-24,BSI,1141.87,12560.59,https://www.balticexchange.com/ (simulated demo series)
2020-11-25,BSI,1155.24,12707.6,https://www.balticexchange.com/ (simulated demo series)
2020-11-26,BSI,1142.32,12565.56,https://www.balticexchange.com/ (simulated demo series)
2020-11-27,BSI,1142.32,12565.56,https://www.balticexchange.com/ (simulated demo series)
2020-11-30,BSI,1162.17,12783.86,https://www.balticexchange.com/ (simulated demo series)
2020-12-01,BSI,1182.42,13006.66,https://www.balticexchange.com/ (simulated demo series)
2020-12-02,BSI,1173.64,12910.0,https://www.balticexchange.com/ (simulated demo series)
2020-12-03,BSI,1165.95,12825.46,https://www.balticexchange.com/ (simulated demo series)
2020-12-04,BSI,1153.66,12690.28,https://www.balticexchange.com/ (simulated demo series)
2020-12-07,BSI,1104.69,12151.6,https://www.balticexchange.com/ (simulated demo series)
2020-12-08,BSI,1112.04,12232.49,https://www.balticexchange.com/ (simulated demo series)
2020-12-09,BSI,1102.66,12129.24,https://www.balticexchange.com/ (simulated demo series)
2020-12-10,BSI,1124.73,12371.98,https://www.balticexchange.com/ (simulated demo series)
2020-12-11,BSI,1149.09,12640.01,https://www.balticexchange.com/ (simulated demo series)
2020-12-14,BSI,1187.14,13058.54,https://www.balticexchange.com/ (simulated demo series)
2020-12-15,BSI,1235.72,13592.87,https://www.balticexchange.com/ (simulated demo series)
2020-12-16,BSI,1207.98,13287.78,https://www.balticexchange.com/ (simulated demo series)
2020-12-17,BSI,1236.07,13596.72,https://www.balticexchange.com/ (simulated demo series)
2020-12-18,BSI,1255.36,13808.93,https://www.balticexchange.com/ (simulated demo series)
2020-12-21,BSI,1273.61,14009.76,https://www.balticexchange.com/ (simulated demo series)
2020-12-22,BSI,1233.51,13568.61,https://www.balticexchange.com/ (simulated demo series)
2020-12-23,BSI,1260.74,13868.18,https://www.balticexchange.com/ (simulated demo series)
2020-12-24,BSI,1282.92,14112.08,https://www.balticexchange.com/ (simulated demo series)
2020-12-25,BSI,1236.74,13604.15,https://www.balticexchange.com/ (simulated demo series)
2020-12-28,BSI,1194.79,13142.74,https://www.balticexchange.com/ (simulated demo series)
2020-12-29,BSI,1182.65,13009.16,https://www.balticexchange.com/ (simulated demo series)
2020-12-30,BSI,1165.49,12820.34,https://www.balticexchange.com/ (simulated demo series)
2020-12-31,BSI,1181.66,12998.29,https://www.balticexchange.com/ (simulated demo series)
2021-01-01,BSI,1204.84,13253.22,https://www.balticexchange.com/ (simulated demo series)
2021-01-04,BSI,1184.75,13032.24,https://www.balticexchange.com/ (simulated demo series)
2021-01-05,BSI,1154.06,12694.7,https://www.balticexchange.com/ (simulated demo series)
2021-01-06,BSI,1124.72,12371.95,https://www.balticexchange.com/ (simulated demo series)
2021-01-07,BSI,1130.01,12430.07,https://www.balticexchange.com/ (simulated demo series)
2021-01-08,BSI,1153.18,12684.96,https://www.balticexchange.com/ (simulated demo series)
2021-01-11,BSI,1100.59,12106.51,https://www.balticexchange.com/ (simulated demo series)
2021-01-12,BSI,1089.35,11982.85,https://www.balticexchange.com/ (simulated demo series)
2021-01-13,BSI,1117.48,12292.32,https://www.balticexchange.com/ (simulated demo series)
2021-01-14,BSI,1136.59,12502.45,https://www.balticexchange.com/ (simulated demo series)
2021-01-15,BSI,1174.19,12916.11,https://www.balticexchange.com/ (simulated demo series)
2021-01-18,BSI,1137.36,12510.96,https://www.balticexchange.com/ (simulated demo series)
2021-01-19,BSI,1171.69,12888.62,https://www.balticexchange.com/ (simulated demo series)
2021-01-20,BSI,1191.41,13105.55,https://www.balticexchange.com/ (simulated demo series)
2021-01-21,BSI,1179.64,12976.02,https://www.balticexchange.com/ (simulated demo series)
2021-01-22,BSI,1159.41,12753.5,https://www.balticexchange.com/ (simulated demo series)
2021-01-25,BSI,1219.73,13417.03,https://www.balticexchange.com/ (simulated demo series)
2021-01-26,BSI,1254.1,13795.05,https://www.balticexchange.com/ (simulated demo series)
2021-01-27,BSI,1275.24,14027.69,https://www.balticexchange.com/ (simulated demo series)
2021-01-28,BSI,1269.28,13962.1,https://www.balticexchange.com/ (simulated demo series)
2021-01-29,BSI,1277.18,14048.96,https://www.balticexchange.com/ (simulated demo series)
2021-02-01,BSI,1374.62,15120.83,https://www.balticexchange.com/ (simulated demo series)
2021-02-02,BSI,1429.01,15719.08,https://www.balticexchange.com/ (simulated demo series)
2021-02-03,BSI,1413.08,15543.9,https://www.balticexchange.com/ (simulated demo series)
2021-02-04,BSI,1384.0,15224.05,https://www.balticexchange.com/ (simulated demo series)
2021-02-05,BSI,1347.11,14818.24,https://www.balticexchange.com/ (simulated demo series)
2021-02-08,BSI,1320.6,14526.59,https://www.balticexchange.com/ (simulated demo series)
2021-02-09,BSI,1338.28,14721.04,https://www.balticexchange.com/ (simulated demo series)
2021-02-10,BSI,1348.03,14828.37,https://www.balticexchange.com/ (simulated demo series)
2021-02-11,BSI,1360.63,14966.9,https://www.balticexchange.com/ (simulated demo series)
2021-02-12,BSI,1382.52,15207.74,https://www.balticexchange.com/ (simulated demo series)
2021-02-15,BSI,1382.83,15211.16,https://www.balticexchange.com/ (simulated demo series)
2021-02-16,BSI,1402.15,15423.68,https://www.balticexchange.com/ (simulated demo series)
2021-02-17,BSI,1374.11,15115.22,https://www.balticexchange.com/ (simulated demo series)
2021-02-18,BSI,1383.35,15216.9,https://www.balticexchange.com/ (simulated demo series)
2021-02-19,BSI,1345.35,14798.82,https://www.balticexchange.com/ (simulated demo series)
2021-02-22,BSI,1319.07,14509.73,https://www.balticexchange.com/ (simulated demo series)
2021-02-23,BSI,1321.69,14538.57,https://www.balticexchange.com/ (simulated demo series)
2021-02-24,BSI,1313.77,14451.48,https://www.balticexchange.com/ (simulated demo series)
2021-02-25,BSI,1327.81,14605.86,https://www.balticexchange.com/ (simulated demo series)
2021-02-26,BSI,1362.84,14991.21,https://www.balticexchange.com/ (simulated demo series)
2021-03-01,BSI,1248.38,13732.13,https://www.balticexchange.com/ (simulated demo series)
2021-03-02,BSI,1265.01,13915.07,https://www.balticexchange.com/ (simulated demo series)
2021-03-03,BSI,1262.94,13892.31,https://www.balticexchange.com/ (simulated demo series)
2021-03-04,BSI,1215.32,13368.52,https://www.balticexchange.com/ (simulated demo series)
2021-03-05,BSI,1204.17,13245.89,https://www.balticexchange.com/ (simulated demo series)
2021-03-08,BSI,1166.73,12834.08,https://www.balticexchange.com/ (simulated demo series)
2021-03-09,BSI,1195.79,13153.66,https://www.balticexchange.com/ (simulated demo series)
2021-03-10,BSI,1166.92,12836.11,https://www.balticexchange.com/ (simulated demo series)
2021-03-11,BSI,1195.46,13150.06,https://www.balticexchange.com/ (simulated demo series)
2021-03-12,BSI,1179.05,12969.5,https://www.balticexchange.com/ (simulated demo series)
2021-03-15,BSI,1134.91,12484.02,https://www.balticexchange.com/ (simulated demo series)
2021-03-16,BSI,1153.64,12690.01,https://www.balticexchange.com/ (simulated demo series)
2021-03-17,BSI,1142.74,12570.18,https://www.balticexchange.com/ (simulated demo series)
2021-03-18,BSI,1174.97,12924.65,https://www.balticexchange.com/ (simulated demo series)
2021-03-19,BSI,1222.28,13445.08,https://www.balticexchange.com/ (simulated demo series)
2021-03-22,BSI,1289.13,14180.4,https://www.balticexchange.com/ (simulated demo series)
2021-03-23,BSI,1269.81,13967.92,https://www.balticexchange.com/ (simulated demo series)
2021-03-24,BSI,1270.29,13973.17,https://www.balticexchange.com/ (simulated demo series)
2021-03-25,BSI,1259.41,13853.55,https://www.balticexchange.com/ (simulated demo series)
2021-03-26,BSI,1245.43,13699.74,https://www.balticexchange.com/ (simulated demo series)
2021-03-29,BSI,1235.91,13594.98,https://www.balticexchange.com/ (simulated demo series)
2021-03-30,BSI,1173.54,12908.94,https://www.balticexchange.com/ (simulated demo series)
2021-03-31,BSI,1151.63,12667.97,https://www.balticexchange.com/ (simulated demo series)
2021-04-01,BSI,1147.53,12622.81,https://www.balticexchange.com/ (simulated demo series)
2021-04-02,BSI,1178.86,12967.49,https://www.balticexchange.com/ (simulated demo series)
2021-04-05,BSI,1155.58,12711.34,https://www.balticexchange.com/ (simulated demo series)
2021-04-06,BSI,1198.99,13188.94,https://www.balticexchange.com/ (simulated demo series)
2021-04-07,BSI,1189.53,13084.87,https://www.balticexchange.com/ (simulated demo series)
2021-04-08,BSI,1187.11,13058.16,https://www.balticexchange.com/ (simulated demo series)
2021-04-09,BSI,1172.08,12892.83,https://www.balticexchange.com/ (simulated demo series)
2021-04-12,BSI,1239.37,13633.06,https://www.balticexchange.com/ (simulated demo series)
2021-04-13,BSI,1249.52,13744.72,https://www.balticexchange.com/ (simulated demo series)
2021-04-14,BSI,1191.95,13111.4,https://www.balticexchange.com/ (simulated demo series)
2021-04-15,BSI,1198.05,13178.5,https://www.balticexchange.com/ (simulated demo series)
2021-04-16,BSI,1182.56,13008.14,https://www.balticexchange.com/ (simulated demo series)
2021-04-19,BSI,1184.39,13028.3,https://www.balticexchange.com/ (simulated demo series)
2021-04-20,BSI,1171.88,12890.71,https://www.balticexchange.com/ (simulated demo series)
2021-04-21,BSI,1148.55,12634.08,https://www.balticexchange.com/ (simulated demo series)
2021-04-22,BSI,1160.76,12768.31,https://www.balticexchange.com/ (simulated demo series)
2021-04-23,BSI,1128.08,12408.9,https://www.balticexchange.com/ (simulated demo series)
2021-04-26,BSI,1094.68,12041.48,https://www.balticexchange.com/ (simulated demo series)
2021-04-27,BSI,1092.42,12016.66,https://www.balticexchange.com/ (simulated demo series)
2021-04-28,BSI,1093.53,12028.83,https://www.balticexchange.com/ (simulated demo series)
2021-04-29,BSI,1124.23,12366.54,https://www.balticexchange.com/ (simulated demo series)
2021-04-30,BSI,1108.78,12196.54,https://www.balticexchange.com/ (simulated demo series)
2021-05-03,BSI,1138.7,12525.71,https://www.balticexchange.com/ (simulated demo series)
2021-05-04,BSI,1095.3,12048.3,https://www.balticexchange.com/ (simulated demo series)
2021-05-05,BSI,1093.1,12024.12,https://www.balticexchange.com/ (simulated demo series)
2021-05-06,BSI,1087.18,11958.95,https://www.balticexchange.com/ (simulated demo series)
2021-05-07,BSI,1082.98,11912.82,https://www.balticexchange.com/ (simulated demo series)
2021-05-10,BSI,1150.73,12658.03,https://www.balticexchange.com/ (simulated demo series)
2021-05-11,BSI,1108.11,12189.17,https://www.balticexchange.com/ (simulated demo series)
2021-05-12,BSI,1150.19,12652.11,https://www.balticexchange.com/ (simulated demo series)
2021-05-13,BSI,1152.04,12672.43,https://www.balticexchange.com/ (simulated demo series)
2021-05-14,BSI,1173.47,12908.22,https://www.balticexchange.com/ (simulated demo series)
2021-05-17,BSI,1215.81,13373.91,https://www.balticexchange.com/ (simulated demo series)
2021-05-18,BSI,1243.61,13679.7,https://www.balticexchange.com/ (simulated demo series)
2021-05-19,BSI,1237.63,13613.91,https://www.balticexchange.com/ (simulated demo series)
2021-05-20,BSI,1221.34,13434.71,https://www.balticexchange.com/ (simulated demo series)
2021-05-21,BSI,1238.18,13619.94,https://www.balticexchange.com/ (simulated demo series)
2021-05-24,BSI,1208.17,13289.88,https://www.balticexchange.com/ (simulated demo series)
2021-05-25,BSI,1182.35,13005.85,https://www.balticexchange.com/ (simulated demo series)
2021-05-26,BSI,1186.81,13054.91,https://www.balticexchange.com/ (simulated demo series)
2021-05-27,BSI,1172.36,12895.96,https://www.balticexchange.com/ (simulated demo series)
2021-05-28,BSI,1139.15,12530.7,https://www.balticexchange.com/ (simulated demo series)
2021-05-31,BSI,1115.95,12275.41,https://www.balticexchange.com/ (simulated demo series)
2021-06-01,BSI,1124.29,12367.19,https://www.balticexchange.com/ (simulated demo series)
2021-06-02,BSI,1142.52,12567.67,https://www.balticexchange.com/ (simulated demo series)
2021-06-03,BSI,1162.23,12784.5,https://www.balticexchange.com/ (simulated demo series)
2021-06-04,BSI,1180.46,12985.07,https://www.balticexchange.com/ (simulated demo series)
2021-06-07,BSI,1173.99,12913.87,https://www.balticexchange.com/ (simulated demo series)
2021-06-08,BSI,1122.87,12351.58,https://www.balticexchange.com/ (simulated demo series)
2021-06-09,BSI,1142.5,12567.52,https://www.balticexchange.com/ (simulated demo series)
2021-06-10,BSI,1131.34,12444.72,https://www.balticexchange.com/ (simulated demo series)
2021-06-11,BSI,1109.62,12205.77,https://www.balticexchange.com/ (simulated demo series)
2021-06-14,BSI,1053.37,11587.03,https://www.balticexchange.com/ (simulated demo series)
2021-06-15,BSI,1036.84,11405.25,https://www.balticexchange.com/ (simulated demo series)
2021-06-16,BSI,1042.64,11468.99,https://www.balticexchange.com/ (simulated demo series)
2021-06-17,BSI,1047.34,11520.79,https://www.balticexchange.com/ (simulated demo series)
2021-06-18,BSI,1102.35,12125.89,https://www.balticexchange.com/ (simulated demo series)
2021-06-21,BSI,1122.34,12345.75,https://www.balticexchange.com/ (simulated demo series)
2021-06-22,BSI,1110.41,12214.49,https://www.balticexchange.com/ (simulated demo series)
2021-06-23,BSI,1128.35,12411.81,https://www.balticexchange.com/ (simulated demo series)
2021-06-24,BSI,1128.77,12416.43,https://www.balticexchange.com/ (simulated demo series)
2021-06-25,BSI,1115.44,12269.89,https://www.balticexchange.com/ (simulated demo series)
2021-06-28,BSI,1133.96,12473.51,https://www.balticexchange.com/ (simulated demo series)
2021-06-29,BSI,1106.36,12170.01,https://www.balticexchange.com/ (simulated demo series)
2021-06-30,BSI,1099.47,12094.14,https://www.balticexchange.com/ (simulated demo series)
2021-07-01,BSI,1099.17,12090.84,https://www.balticexchange.com/ (simulated demo series)
2021-07-02,BSI,1088.1,11969.15,https://www.balticexchange.com/ (simulated demo series)
2021-07-05,BSI,1186.55,13052.01,https://www.balticexchange.com/ (simulated demo series)
2021-07-06,BSI,1248.85,13737.31,https://www.balticexchange.com/ (simulated demo series)
2021-07-07,BSI,1249.76,13747.4,https://www.balticexchange.com/ (simulated demo series)
2021-07-08,BSI,1284.33,14127.65,https://www.balticexchange.com/ (simulated demo series)
2021-07-09,BSI,1240.45,13644.94,https://www.balticexchange.com/ (simulated demo series)
2021-07-12,BSI,1305.16,14356.77,https://www.balticexchange.com/ (simulated demo series)
2021-07-13,BSI,1346.52,14811.69,https://www.balticexchange.com/ (simulated demo series)
2021-07-14,BSI,1299.97,14299.69,https://www.balticexchange.com/ (simulated demo series)
2021-07-15,BSI,1321.74,14539.12,https://www.balticexchange.com/ (simulated demo series)
2021-07-16,BSI,1338.4,14722.37,https://www.balticexchange.com/ (simulated demo series)
2021-07-19,BSI,1289.43,14183.71,https://www.balticexchange.com/ (simulated demo series)
2021-07-20,BSI,1293.27,14225.95,https://www.balticexchange.com/ (simulated demo series)
2021-07-21,BSI,1270.91,13980.06,https://www.balticexchange.com/ (simulated demo series)
2021-07-22,BSI,1278.75,14066.29,https://www.balticexchange.com/ (simulated demo series)
2021-07-23,BSI,1252.96,13782.6,https://www.balticexchange.com/ (simulated demo series)
2021-07-26,BSI,1236.11,13597.26,https://www.balticexchange.com/ (simulated demo series)
2021-07-27,BSI,1228.51,13513.62,https://www.balticexchange.com/ (simulated demo series)
2021-07-28,BSI,1234.23,13576.56,https://www.balticexchange.com/ (simulated demo series)
2021-07-29,BSI,1245.88,13704.69,https://www.balticexchange.com/ (simulated demo series)
2021-07-30,BSI,1286.87,14155.62,https://www.balticexchange.com/ (simulated demo series)
2021-08-02,BSI,1287.75,14165.25,https://www.balticexchange.com/ (simulated demo series)
2021-08-03,BSI,1246.96,13716.6,https://www.balticexchange.com/ (simulated demo series)
2021-08-04,BSI,1266.17,13927.85,https://www.balticexchange.com/ (simulated demo series)
2021-08-05,BSI,1231.02,13541.19,https://www.balticexchange.com/ (simulated demo series)
2021-08-06,BSI,1221.34,13434.69,https://www.balticexchange.com/ (simulated demo series)
2021-08-09,BSI,1215.78,13373.63,https://www.balticexchange.com/ (simulated demo series)
2021-08-10,BSI,1220.02,13420.27,https://www.balticexchange.com/ (simulated demo series)
2021-08-11,BSI,1256.48,13821.24,https://www.balticexchange.com/ (simulated demo series)
2021-08-12,BSI,1264.46,13909.11,https://www.balticexchange.com/ (simulated demo series)
2021-08-13,BSI,1300.51,14305.56,https://www.balticexchange.com/ (simulated demo series)
2021-08-16,BSI,1319.4,14513.44,https://www.balticexchange.com/ (simulated demo series)
2021-08-17,BSI,1312.44,14436.79,https://www.balticexchange.com/ (simulated demo series)
2021-08-18,BSI,1290.42,14194.63,https://www.balticexchange.com/ (simulated demo series)
2021-08-19,BSI,1293.64,14230.03,https://www.balticexchange.com/ (simulated demo series)
2021-08-20,BSI,1300.36,14304.01,https://www.balticexchange.com/ (simulated demo series)
2021-08-23,BSI,1369.04,15059.48,https://www.balticexchange.com/ (simulated demo series)
2021-08-24,BSI,1358.46,14943.04,https://www.balticexchange.com/ (simulated demo series)
2021-08-25,BSI,1351.28,14864.09,https://www.balticexchange.com/ (simulated demo series)
2021-08-26,BSI,1298.44,14282.89,https://www.balticexchange.com/ (simulated demo series)
2021-08-27,BSI,1314.98,14464.8,https://www.balticexchange.com/ (simulated demo series)
2021-08-30,BSI,1325.8,14583.78,https://www.balticexchange.com/ (simulated demo series)
2021-08-31,BSI,1286.85,14155.3,https://www.balticexchange.com/ (simulated demo series)
2021-09-01,BSI,1257.95,13837.48,https://www.balticexchange.com/ (simulated demo series)
2021-09-02,BSI,1257.34,13830.74,https://www.balticexchange.com/ (simulated demo series)
2021-09-03,BSI,1258.8,13846.84,https://www.balticexchange.com/ (simulated demo series)
2021-09-06,BSI,1257.84,13836.27,https://www.balticexchange.com/ (simulated demo series)
2021-09-07,BSI,1273.08,14003.85,https://www.balticexchange.com/ (simulated demo series)
2021-09-08,BSI,1264.63,13910.88,https://www.balticexchange.com/ (simulated demo series)
2021-09-09,BSI,1285.76,14143.34,https://www.balticexchange.com/ (simulated demo series)
2021-09-10,BSI,1304.59,14350.54,https://www.balticexchange.com/ (simulated demo series)
2021-09-13,BSI,1298.92,14288.14,https://www.balticexchange.com/ (simulated demo series)
2021-09-14,BSI,1308.04,14388.45,https://www.balticexchange.com/ (simulated demo series)
2021-09-15,BSI,1349.47,14844.21,https://www.balticexchange.com/ (simulated demo series)
2021-09-16,BSI,1410.79,15518.64,https://www.balticexchange.com/ (simulated demo series)
2021-09-17,BSI,1380.94,15190.33,https://www.balticexchange.com/ (simulated demo series)
2021-09-20,BSI,1413.56,15549.11,https://www.balticexchange.com/ (simulated demo series)
2021-09-21,BSI,1422.05,15642.52,https://www.balticexchange.com/ (simulated demo series)
2021-09-22,BSI,1454.43,15998.74,https://www.balticexchange.com/ (simulated demo series)
2021-09-23,BSI,1439.29,15832.22,https://www.balticexchange.com/ (simulated demo series)
2021-09-24,BSI,1463.33,16096.65,https://www.balticexchange.com/ (simulated demo series)
2021-09-27,BSI,1511.93,16631.19,https://www.balticexchange.com/ (simulated demo series)
2021-09-28,BSI,1496.59,16462.53,https://www.balticexchange.com/ (simulated demo series)
2021-09-29,BSI,1478.88,16267.65,https://www.balticexchange.com/ (simulated demo series)
2021-09-30,BSI,1469.09,16159.97,https://www.balticexchange.com/ (simulated demo series)
2021-10-01,BSI,1437.08,15807.88,https://www.balticexchange.com/ (simulated demo series)
2021-10-04,BSI,1479.48,16274.32,https://www.balticexchange.com/ (simulated demo series)
2021-10-05,BSI,1530.32,16833.54,https://www.balticexchange.com/ (simulated demo series)
2021-10-06,BSI,1535.86,16894.42,https://www.balticexchange.com/ (simulated demo series)
2021-10-07,BSI,1574.94,17324.34,https://www.balticexchange.com/ (simulated demo series)
2021-10-08,BSI,1615.62,17771.8,https://www.balticexchange.com/ (simulated demo series)
2021-10-11,BSI,1591.8,17509.76,https://www.balticexchange.com/ (simulated demo series)
2021-10-12,BSI,1644.73,18092.05,https://www.balticexchange.com/ (simulated demo series)
2021-10-13,BSI,1666.22,18328.41,https://www.balticexchange.com/ (simulated demo series)
2021-10-14,BSI,1641.96,18061.59,https://www.balticexchange.com/ (simulated demo series)
2021-10-15,BSI,1664.91,18313.98,https://www.balticexchange.com/ (simulated demo series)
2021-10-18,BSI,1742.23,19164.57,https://www.balticexchange.com/ (simulated demo series)
2021-10-19,BSI,1750.54,19255.92,https://www.balticexchange.com/ (simulated demo series)
2021-10-20,BSI,1738.31,19121.4,https://www.balticexchange.com/ (simulated demo series)
2021-10-21,BSI,1705.17,18756.88,https://www.balticexchange.com/ (simulated demo series)
2021-10-22,BSI,1689.46,18584.04,https://www.balticexchange.com/ (simulated demo series)
2021-10-25,BSI,1717.52,18892.76,https://www.balticexchange.com/ (simulated demo series)
2021-10-26,BSI,1705.18,18757.01,https://www.balticexchange.com/ (simulated demo series)
2021-10-27,BSI,1660.25,18262.73,https://www.balticexchange.com/ (simulated demo series)
2021-10-28,BSI,1615.82,17774.04,https://www.balticexchange.com/ (simulated demo series)
2021-10-29,BSI,1625.41,17879.48,https://www.balticexchange.com/ (simulated demo series)
2021-11-01,BSI,1553.67,17090.36,https://www.balticexchange.com/ (simulated demo series)
2021-11-02,BSI,1525.93,16785.22,https://www.balticexchange.com/ (simulated demo series)
2021-11-03,BSI,1503.4,16537.44,https://www.balticexchange.com/ (simulated demo series)
2021-11-04,BSI,1493.33,16426.59,https://www.balticexchange.com/ (simulated demo series)
2021-11-05,BSI,1478.1,16259.09,https://www.balticexchange.com/ (simulated demo series)
2021-11-08,BSI,1507.84,16586.21,https://www.balticexchange.com/ (simulated demo series)
2021-11-09,BSI,1531.17,16842.87,https://www.balticexchange.com/ (simulated demo series)
2021-11-10,BSI,1570.35,17273.81,https://www.balticexchange.com/ (simulated demo series)
2021-11-11,BSI,1605.64,17662.06,https://www.balticexchange.com/ (simulated demo series)
2021-11-12,BSI,1636.51,18001.59,https://www.balticexchange.com/ (simulated demo series)
2021-11-15,BSI,1570.98,17280.82,https://www.balticexchange.com/ (simulated demo series)
2021-11-16,BSI,1526.95,16796.41,https://www.balticexchange.com/ (simulated demo series)
2021-11-17,BSI,1534.7,16881.7,https://www.balticexchange.com/ (simulated demo series)
2021-11-18,BSI,1514.81,16662.89,https://www.balticexchange.com/ (simulated demo series)
2021-11-19,BSI,1536.21,16898.33,https://www.balticexchange.com/ (simulated demo series)
2021-11-22,BSI,1486.05,16346.55,https://www.balticexchange.com/ (simulated demo series)
2021-11-23,BSI,1482.48,16307.27,https://www.balticexchange.com/ (simulated demo series)
2021-11-24,BSI,1419.5,15614.54,https://www.balticexchange.com/ (simulated demo series)
2021-11-25,BSI,1398.49,15383.38,https://www.balticexchange.com/ (simulated demo series)
2021-11-26,BSI,1388.41,15272.49,https://www.balticexchange.com/ (simulated demo series)
2021-11-29,BSI,1392.65,15319.11,https://www.balticexchange.com/ (simulated demo series)
2021-11-30,BSI,1445.47,15900.13,https://www.balticexchange.com/ (simulated demo series)
2021-12-01,BSI,1419.11,15610.16,https://www.balticexchange.com/ (simulated demo series)
2021-12-02,BSI,1410.55,15516.07,https://www.balticexchange.com/ (simulated demo series)
2021-12-03,BSI,1399.74,15397.15,https://www.balticexchange.com/ (simulated demo series)
2021-12-06,BSI,1367.77,15045.47,https://www.balticexchange.com/ (simulated demo series)
2021-12-07,BSI,1371.05,15081.6,https://www.balticexchange.com/ (simulated demo series)
2021-12-08,BSI,1394.66,15341.27,https://www.balticexchange.com/ (simulated demo series)
2021-12-09,BSI,1391.5,15306.55,https://www.balticexchange.com/ (simulated demo series)
2021-12-10,BSI,1408.75,15496.23,https://www.balticexchange.com/ (simulated demo series)
2021-12-13,BSI,1379.51,15174.57,https://www.balticexchange.com/ (simulated demo series)
2021-12-14,BSI,1390.72,15297.89,https://www.balticexchange.com/ (simulated demo series)
2021-12-15,BSI,1416.37,15580.03,https://www.balticexchange.com/ (simulated demo series)
2021-12-16,BSI,1372.73,15100.0,https://www.balticexchange.com/ (simulated demo series)
2021-12-17,BSI,1380.64,15187.08,https://www.balticexchange.com/ (simulated demo series)
2021-12-20,BSI,1330.43,14634.74,https://www.balticexchange.com/ (simulated demo series)
2021-12-21,BSI,1239.2,13631.17,https://www.balticexchange.com/ (simulated demo series)
2021-12-22,BSI,1315.32,14468.56,https://www.balticexchange.com/ (simulated demo series)
2021-12-23,BSI,1323.09,14553.94,https://www.balticexchange.com/ (simulated demo series)
2021-12-24,BSI,1315.18,14466.96,https://www.balticexchange.com/ (simulated demo series)
2021-12-27,BSI,1354.49,14899.44,https://www.balticexchange.com/ (simulated demo series)
2021-12-28,BSI,1368.45,15052.94,https://www.balticexchange.com/ (simulated demo series)
2021-12-29,BSI,1413.17,15544.92,https://www.balticexchange.com/ (simulated demo series)
2021-12-30,BSI,1392.13,15313.47,https://www.balticexchange.com/ (simulated demo series)
2021-12-31,BSI,1382.38,15206.17,https://www.balticexchange.com/ (simulated demo series)
2022-01-03,BSI,1528.24,16810.69,https://www.balticexchange.com/ (simulated demo series)
2022-01-04,BSI,1540.15,16941.61,https://www.balticexchange.com/ (simulated demo series)
2022-01-05,BSI,1504.17,16545.87,https://www.balticexchange.com/ (simulated demo series)
2022-01-06,BSI,1538.25,16920.71,https://www.balticexchange.com/ (simulated demo series)
2022-01-07,BSI,1567.88,17246.7,https://www.balticexchange.com/ (simulated demo series)
2022-01-10,BSI,1582.07,17402.78,https://www.balticexchange.com/ (simulated demo series)
2022-01-11,BSI,1566.56,17232.18,https://www.balticexchange.com/ (simulated demo series)
2022-01-12,BSI,1544.5,16989.52,https://www.balticexchange.com/ (simulated demo series)
2022-01-13,BSI,1536.74,16904.19,https://www.balticexchange.com/ (simulated demo series)
2022-01-14,BSI,1522.01,16742.15,https://www.balticexchange.com/ (simulated demo series)
2022-01-17,BSI,1577.57,17353.32,https://www.balticexchange.com/ (simulated demo series)
2022-01-18,BSI,1550.65,17057.1,https://www.balticexchange.com/ (simulated demo series)
2022-01-19,BSI,1533.68,16870.48,https://www.balticexchange.com/ (simulated demo series)
2022-01-20,BSI,1527.51,16802.56,https://www.balticexchange.com/ (simulated demo series)
2022-01-21,BSI,1500.6,16506.57,https://www.balticexchange.com/ (simulated demo series)
2022-01-24,BSI,1497.03,16467.35,https://www.balticexchange.com/ (simulated demo series)
2022-01-25,BSI,1510.28,16613.1,https://www.balticexchange.com/ (simulated demo series)
2022-01-26,BSI,1491.94,16411.36,https://www.balticexchange.com/ (simulated demo series)
2022-01-27,BSI,1425.35,15678.89,https://www.balticexchange.com/ (simulated demo series)
2022-01-28,BSI,1412.08,15532.89,https://www.balticexchange.com/ (simulated demo series)
2022-01-31,BSI,1403.75,15441.25,https://www.balticexchange.com/ (simulated demo series)
2022-02-01,BSI,1451.36,15964.92,https://www.balticexchange.com/ (simulated demo series)
2022-02-02,BSI,1428.37,15712.1,https://www.balticexchange.com/ (simulated demo series)
2022-02-03,BSI,1404.42,15448.62,https://www.balticexchange.com/ (simulated demo series)
2022-02-04,BSI,1377.76,15155.36,https://www.balticexchange.com/ (simulated demo series)
2022-02-07,BSI,1321.38,14535.15,https://www.balticexchange.com/ (simulated demo series)
2022-02-08,BSI,1295.94,14255.37,https://www.balticexchange.com/ (simulated demo series)
2022-02-09,BSI,1318.95,14508.43,https://www.balticexchange.com/ (simulated demo series)
2022-02-10,BSI,1292.58,14218.33,https://www.balticexchange.com/ (simulated demo series)
2022-02-11,BSI,1278.08,14058.87,https://www.balticexchange.com/ (simulated demo series)
2022-02-14,BSI,1384.89,15233.76,https://www.balticexchange.com/ (simulated demo series)
2022-02-15,BSI,1354.94,14904.36,https://www.balticexchange.com/ (simulated demo series)
2022-02-16,BSI,1447.47,15922.22,https://www.balticexchange.com/ (simulated demo series)
2022-02-17,BSI,1479.67,16276.38,https://www.balticexchange.com/ (simulated demo series)
2022-02-18,BSI,1500.33,16503.61,https://www.balticexchange.com/ (simulated demo series)
2022-02-21,BSI,1433.89,15772.74,https://www.balticexchange.com/ (simulated demo series)
2022-02-22,BSI,1447.08,15917.9,https://www.balticexchange.com/ (simulated demo series)
2022-02-23,BSI,1442.88,15871.65,https://www.balticexchange.com/ (simulated demo series)
2022-02-24,BSI,1468.48,16153.25,https://www.balticexchange.com/ (simulated demo series)
2022-02-25,BSI,1415.83,15574.11,https://www.balticexchange.com/ (simulated demo series)
2022-02-28,BSI,1363.08,14993.84,https://www.balticexchange.com/ (simulated demo series)
2022-03-01,BSI,1368.88,15057.69,https://www.balticexchange.com/ (simulated demo series)
2022-03-02,BSI,1377.64,15154.04,https://www.balticexchange.com/ (simulated demo series)
2022-03-03,BSI,1421.58,15637.33,https://www.balticexchange.com/ (simulated demo series)
2022-03-04,BSI,1395.16,15346.8,https://www.balticexchange.com/ (simulated demo series)
2022-03-07,BSI,1464.51,16109.64,https://www.balticexchange.com/ (simulated demo series)
2022-03-08,BSI,1484.08,16324.84,https://www.balticexchange.com/ (simulated demo series)
2022-03-09,BSI,1495.15,16446.65,https://www.balticexchange.com/ (simulated demo series)
2022-03-10,BSI,1527.55,16803.03,https://www.balticexchange.com/ (simulated demo series)
2022-03-11,BSI,1566.07,17226.74,https://www.balticexchange.com/ (simulated demo series)
2022-03-14,BSI,1526.51,16791.62,https://www.balticexchange.com/ (simulated demo series)
2022-03-15,BSI,1538.32,16921.52,https://www.balticexchange.com/ (simulated demo series)
2022-03-16,BSI,1522.58,16748.38,https://www.balticexchange.com/ (simulated demo series)
2022-03-17,BSI,1544.28,16987.1,https://www.balticexchange.com/ (simulated demo series)
2022-03-18,BSI,1502.89,16531.76,https://www.balticexchange.com/ (simulated demo series)
2022-03-21,BSI,1497.47,16472.2,https://www.balticexchange.com/ (simulated demo series)
2022-03-22,BSI,1453.96,15993.51,https://www.balticexchange.com/ (simulated demo series)
2022-03-23,BSI,1460.85,16069.35,https://www.balticexchange.com/ (simulated demo series)
2022-03-24,BSI,1450.15,15951.64,https://www.balticexchange.com/ (simulated demo series)
2022-03-25,BSI,1418.45,15602.97,https://www.balticexchange.com/ (simulated demo series)
2022-03-28,BSI,1436.84,15805.28,https://www.balticexchange.com/ (simulated demo series)
2022-03-29,BSI,1423.76,15661.35,https://www.balticexchange.com/ (simulated demo series)
2022-03-30,BSI,1376.3,15139.34,https://www.balticexchange.com/ (simulated demo series)
2022-03-31,BSI,1436.25,15798.72,https://www.balticexchange.com/ (simulated demo series)
2022-04-01,BSI,1486.23,16348.48,https://www.balticexchange.com/ (simulated demo series)
2022-04-04,BSI,1460.33,16063.6,https://www.balticexchange.com/ (simulated demo series)
2022-04-05,BSI,1504.7,16551.72,https://www.balticexchange.com/ (simulated demo series)
2022-04-06,BSI,1516.95,16686.5,https://www.balticexchange.com/ (simulated demo series)
2022-04-07,BSI,1599.52,17594.72,https://www.balticexchange.com/ (simulated demo series)
2022-04-08,BSI,1574.04,17314.49,https://www.balticexchange.com/ (simulated demo series)
2022-04-11,BSI,1508.57,16594.28,https://www.balticexchange.com/ (simulated demo series)
2022-04-12,BSI,1542.58,16968.43,https://www.balticexchange.com/ (simulated demo series)
2022-04-13,BSI,1557.45,17131.95,https://www.balticexchange.com/ (simulated demo series)
2022-04-14,BSI,1562.81,17190.92,https://www.balticexchange.com/ (simulated demo series)
2022-04-15,BSI,1594.96,17544.53,https://www.balticexchange.com/ (simulated demo series)
2022-04-18,BSI,1592.39,17516.26,https://www.balticexchange.com/ (simulated demo series)
2022-04-19,BSI,1599.67,17596.38,https://www.balticexchange.com/ (simulated demo series)
2022-04-20,BSI,1577.56,17353.19,https://www.balticexchange.com/ (simulated demo series)
2022-04-21,BSI,1590.89,17499.79,https://www.balticexchange.com/ (simulated demo series)
2022-04-22,BSI,1619.78,17817.57,https://www.balticexchange.com/ (simulated demo series)
2022-04-25,BSI,1645.32,18098.55,https://www.balticexchange.com/ (simulated demo series)
2022-04-26,BSI,1711.84,18830.29,https://www.balticexchange.com/ (simulated demo series)
2022-04-27,BSI,1721.83,18940.09,https://www.balticexchange.com/ (simulated demo series)
2022-04-28,BSI,1765.12,19416.34,https://www.balticexchange.com/ (simulated demo series)
2022-04-29,BSI,1753.94,19293.35,https://www.balticexchange.com/ (simulated demo series)
2022-05-02,BSI,1758.46,19343.1,https://www.balticexchange.com/ (simulated demo series)
2022-05-03,BSI,1827.26,20099.81,https://www.balticexchange.com/ (simulated demo series)
2022-05-04,BSI,1802.45,19826.9,https://www.balticexchange.com/ (simulated demo series)
2022-05-05,BSI,1813.2,19945.24,https://www.balticexchange.com/ (simulated demo series)
2022-05-06,BSI,1813.89,19952.75,https://www.balticexchange.com/ (simulated demo series)
2022-05-09,BSI,1854.89,20403.84,https://www.balticexchange.com/ (simulated demo series)
2022-05-10,BSI,1904.58,20950.38,https://www.balticexchange.com/ (simulated demo series)
2022-05-11,BSI,1919.11,21110.17,https://www.balticexchange.com/ (simulated demo series)
2022-05-12,BSI,1896.21,20858.32,https://www.balticexchange.com/ (simulated demo series)
2022-05-13,BSI,1927.07,21197.78,https://www.balticexchange.com/ (simulated demo series)
2022-05-16,BSI,1996.06,21956.62,https://www.balticexchange.com/ (simulated demo series)
2022-05-17,BSI,2031.8,22349.75,https://www.balticexchange.com/ (simulated demo series)
2022-05-18,BSI,2010.07,22110.74,https://www.balticexchange.com/ (simulated demo series)
2022-05-19,BSI,2006.53,22071.81,https://www.balticexchange.com/ (simulated demo series)
2022-05-20,BSI,1990.48,21895.25,https://www.balticexchange.com/ (simulated demo series)
2022-05-23,BSI,2124.51,23369.59,https://www.balticexchange.com/ (simulated demo series)
2022-05-24,BSI,2103.09,23133.96,https://www.balticexchange.com/ (simulated demo series)
2022-05-25,BSI,2069.69,22766.56,https://www.balticexchange.com/ (simulated demo series)
2022-05-26,BSI,2096.98,23066.76,https://www.balticexchange.com/ (simulated demo series)
2022-05-27,BSI,2155.79,23713.66,https://www.balticexchange.com/ (simulated demo series)
2022-05-30,BSI,2101.44,23115.83,https://www.balticexchange.com/ (simulated demo series)
2022-05-31,BSI,2072.25,22794.71,https://www.balticexchange.com/ (simulated demo series)
2022-06-01,BSI,2058.3,22641.26,https://www.balticexchange.com/ (simulated demo series)
2022-06-02,BSI,2096.43,23060.77,https://www.balticexchange.com/ (simulated demo series)
2022-06-03,BSI,2106.21,23168.26,https://www.balticexchange.com/ (simulated demo series)
2022-06-06,BSI,1960.04,21560.47,https://www.balticexchange.com/ (simulated demo series)
2022-06-07,BSI,1957.4,21531.41,https://www.balticexchange.com/ (simulated demo series)
2022-06-08,BSI,1978.13,21759.45,https://www.balticexchange.com/ (simulated demo series)
2022-06-09,BSI,1982.75,21810.23,https://www.balticexchange.com/ (simulated demo series)
2022-06-10,BSI,1930.88,21239.67,https://www.balticexchange.com/ (simulated demo series)
2022-06-13,BSI,2025.48,22280.27,https://www.balticexchange.com/ (simulated demo series)
2022-06-14,BSI,2055.52,22610.74,https://www.balticexchange.com/ (simulated demo series)
2022-06-15,BSI,2097.21,23069.3,https://www.balticexchange.com/ (simulated demo series)
2022-06-16,BSI,2076.51,22841.59,https://www.balticexchange.com/ (simulated demo series)
2022-06-17,BSI,2027.27,22299.97,https://www.balticexchange.com/ (simulated demo series)
2022-06-20,BSI,1954.96,21504.51,https://www.balticexchange.com/ (simulated demo series)
2022-06-21,BSI,1939.37,21333.1,https://www.balticexchange.com/ (simulated demo series)
2022-06-22,BSI,1939.9,21338.92,https://www.balticexchange.com/ (simulated demo series)
2022-06-23,BSI,1964.27,21607.01,https://www.balticexchange.com/ (simulated demo series)
2022-06-24,BSI,1929.93,21229.25,https://www.balticexchange.com/ (simulated demo series)
2022-06-27,BSI,1992.59,21918.54,https://www.balticexchange.com/ (simulated demo series)
2022-06-28,BSI,2038.74,22426.1,https://www.balticexchange.com/ (simulated demo series)
2022-06-29,BSI,2008.97,22098.66,https://www.balticexchange.com/ (simulated demo series)
2022-06-30,BSI,2118.24,23300.63,https://www.balticexchange.com/ (simulated demo series)
2022-07-01,BSI,2076.07,22836.81,https://www.balticexchange.com/ (simulated demo series)
2022-07-04,BSI,2126.52,23391.72,https://www.balticexchange.com/ (simulated demo series)
2022-07-05,BSI,2092.15,23013.63,https://www.balticexchange.com/ (simulated demo series)
2022-07-06,BSI,1974.58,21720.38,https://www.balticexchange.com/ (simulated demo series)
2022-07-07,BSI,1923.33,21156.68,https://www.balticexchange.com/ (simulated demo series)
2022-07-08,BSI,1864.77,20512.49,https://www.balticexchange.com/ (simulated demo series)
2022-07-11,BSI,1863.84,20502.2,https://www.balticexchange.com/ (simulated demo series)
2022-07-12,BSI,1868.09,20549.02,https://www.balticexchange.com/ (simulated demo series)
2022-07-13,BSI,1848.45,20332.93,https://www.balticexchange.com/ (simulated demo series)
2022-07-14,BSI,1950.38,21454.23,https://www.balticexchange.com/ (simulated demo series)
2022-07-15,BSI,1990.78,21898.57,https://www.balticexchange.com/ (simulated demo series)
2022-07-18,BSI,2064.41,22708.52,https://www.balticexchange.com/ (simulated demo series)
2022-07-19,BSI,2097.55,23073.1,https://www.balticexchange.com/ (simulated demo series)
2022-07-20,BSI,2044.47,22489.16,https://www.balticexchange.com/ (simulated demo series)
2022-07-21,BSI,2059.05,22649.52,https://www.balticexchange.com/ (simulated demo series)
2022-07-22,BSI,2052.76,22580.4,https://www.balticexchange.com/ (simulated demo series)
2022-07-25,BSI,2157.33,23730.59,https://www.balticexchange.com/ (simulated demo series)
2022-07-26,BSI,2095.9,23054.91,https://www.balticexchange.com/ (simulated demo series)
2022-07-27,BSI,2082.43,22906.77,https://www.balticexchange.com/ (simulated demo series)
2022-07-28,BSI,2018.51,22203.64,https://www.balticexchange.com/ (simulated demo series)
2022-07-29,BSI,2041.84,22460.29,https://www.balticexchange.com/ (simulated demo series)
2022-08-01,BSI,1934.61,21280.73,https://www.balticexchange.com/ (simulated demo series)
2022-08-02,BSI,1965.87,21624.61,https://www.balticexchange.com/ (simulated demo series)
2022-08-03,BSI,1962.97,21592.7,https://www.balticexchange.com/ (simulated demo series)
2022-08-04,BSI,1953.88,21492.63,https://www.balticexchange.com/ (simulated demo series)
2022-08-05,BSI,1867.92,20547.12,https://www.balticexchange.com/ (simulated demo series)
2022-08-08,BSI,1866.07,20526.73,https://www.balticexchange.com/ (simulated demo series)
2022-08-09,BSI,1888.1,20769.13,https://www.balticexchange.com/ (simulated demo series)
2022-08-10,BSI,1875.23,20627.58,https://www.balticexchange.com/ (simulated demo series)
2022-08-11,BSI,1855.53,20410.82,https://www.balticexchange.com/ (simulated demo series)
2022-08-12,BSI,1931.16,21242.77,https://www.balticexchange.com/ (simulated demo series)
2022-08-15,BSI,1965.92,21625.17,https://www.balticexchange.com/ (simulated demo series)
2022-08-16,BSI,1906.12,20967.32,https://www.balticexchange.com/ (simulated demo series)
2022-08-17,BSI,1912.29,21035.14,https://www.balticexchange.com/ (simulated demo series)
2022-08-18,BSI,1899.72,20896.91,https://www.balticexchange.com/ (simulated demo series)
2022-08-19,BSI,1968.81,21656.95,https://www.balticexchange.com/ (simulated demo series)
2022-08-22,BSI,1881.35,20694.83,https://www.balticexchange.com/ (simulated demo series)
2022-08-23,BSI,1881.64,20698.0,https://www.balticexchange.com/ (simulated demo series)
2022-08-24,BSI,1881.04,20691.49,https://www.balticexchange.com/ (simulated demo series)
2022-08-25,BSI,1838.05,20218.56,https://www.balticexchange.com/ (simulated demo series)
2022-08-26,BSI,1814.14,19955.57,https://www.balticexchange.com/ (simulated demo series)
2022-08-29,BSI,1824.22,20066.37,https://www.balticexchange.com/ (simulated demo series)
2022-08-30,BSI,1792.92,19722.13,https://www.balticexchange.com/ (simulated demo series)
2022-08-31,BSI,1836.84,20205.27,https://www.balticexchange.com/ (simulated demo series)
2022-09-01,BSI,1874.82,20623.03,https://www.balticexchange.com/ (simulated demo series)
2022-09-02,BSI,1757.08,19327.84,https://www.balticexchange.com/ (simulated demo series)
2022-09-05,BSI,1768.01,19448.06,https://www.balticexchange.com/ (simulated demo series)
2022-09-06,BSI,1758.22,19340.42,https://www.balticexchange.com/ (simulated demo series)
2022-09-07,BSI,1781.98,19601.75,https://www.balticexchange.com/ (simulated demo series)
2022-09-08,BSI,1789.04,19679.39,https://www.balticexchange.com/ (simulated demo series)
2022-09-09,BSI,1766.72,19433.89,https://www.balticexchange.com/ (simulated demo series)
2022-09-12,BSI,1852.75,20380.23,https://www.balticexchange.com/ (simulated demo series)
2022-09-13,BSI,1853.99,20393.92,https://www.balticexchange.com/ (simulated demo series)
2022-09-14,BSI,1903.79,20941.69,https://www.balticexchange.com/ (simulated demo series)
2022-09-15,BSI,1936.75,21304.24,https://www.balticexchange.com/ (simulated demo series)
2022-09-16,BSI,1843.82,20282.07,https://www.balticexchange.com/ (simulated demo series)
2022-09-19,BSI,1855.04,20405.44,https://www.balticexchange.com/ (simulated demo series)
2022-09-20,BSI,1846.93,20316.23,https://www.balticexchange.com/ (simulated demo series)
2022-09-21,BSI,1822.96,20052.55,https://www.balticexchange.com/ (simulated demo series)
2022-09-22,BSI,1791.94,19711.39,https://www.balticexchange.com/ (simulated demo series)
2022-09-23,BSI,1816.79,19984.64,https://www.balticexchange.com/ (simulated demo series)
2022-09-26,BSI,1847.62,20323.82,https://www.balticexchange.com/ (simulated demo series)
2022-09-27,BSI,1848.37,20332.04,https://www.balticexchange.com/ (simulated demo series)
2022-09-28,BSI,1879.55,20675.1,https://www.balticexchange.com/ (simulated demo series)
2022-09-29,BSI,1912.64,21039.06,https://www.balticexchange.com/ (simulated demo series)
2022-09-30,BSI,1887.05,20757.54,https://www.balticexchange.com/ (simulated demo series)
2022-10-03,BSI,1892.0,20812.01,https://www.balticexchange.com/ (simulated demo series)
2022-10-04,BSI,1832.88,20161.72,https://www.balticexchange.com/ (simulated demo series)
2022-10-05,BSI,1827.92,20107.08,https://www.balticexchange.com/ (simulated demo series)
2022-10-06,BSI,1836.56,20202.14,https://www.balticexchange.com/ (simulated demo series)
2022-10-07,BSI,1797.07,19767.79,https://www.balticexchange.com/ (simulated demo series)
2022-10-10,BSI,1850.12,20351.35,https://www.balticexchange.com/ (simulated demo series)
2022-10-11,BSI,1757.87,19336.56,https://www.balticexchange.com/ (simulated demo series)
2022-10-12,BSI,1831.72,20148.93,https://www.balticexchange.com/ (simulated demo series)
2022-10-13,BSI,1804.85,19853.35,https://www.balticexchange.com/ (simulated demo series)
2022-10-14,BSI,1768.53,19453.83,https://www.balticexchange.com/ (simulated demo series)
2022-10-17,BSI,1790.56,19696.17,https://www.balticexchange.com/ (simulated demo series)
2022-10-18,BSI,1753.49,19288.35,https://www.balticexchange.com/ (simulated demo series)
2022-10-19,BSI,1724.21,18966.32,https://www.balticexchange.com/ (simulated demo series)
2022-10-20,BSI,1735.26,19087.83,https://www.balticexchange.com/ (simulated demo series)
2022-10-21,BSI,1739.5,19134.55,https://www.balticexchange.com/ (simulated demo series)
2022-10-24,BSI,1709.16,18800.79,https://www.balticexchange.com/ (simulated demo series)
2022-10-25,BSI,1686.39,18550.25,https://www.balticexchange.com/ (simulated demo series)
2022-10-26,BSI,1655.92,18215.14,https://www.balticexchange.com/ (simulated demo series)
2022-10-27,BSI,1681.42,18495.57,https://www.balticexchange.com/ (simulated demo series)
2022-10-28,BSI,1736.6,19102.61,https://www.balticexchange.com/ (simulated demo series)
2022-10-31,BSI,1785.65,19642.12,https://www.balticexchange.com/ (simulated demo series)
2022-11-01,BSI,1793.72,19730.94,https://www.balticexchange.com/ (simulated demo series)
2022-11-02,BSI,1761.2,19373.21,https://www.balticexchange.com/ (simulated demo series)
2022-11-03,BSI,1761.12,19372.37,https://www.balticexchange.com/ (simulated demo series)
2022-11-04,BSI,1739.05,19129.57,https://www.balticexchange.com/ (simulated demo series)
2022-11-07,BSI,1727.16,18998.78,https://www.balticexchange.com/ (simulated demo series)
2022-11-08,BSI,1695.62,18651.82,https://www.balticexchange.com/ (simulated demo series)
2022-11-09,BSI,1674.91,18424.02,https://www.balticexchange.com/ (simulated demo series)
2022-11-10,BSI,1628.74,17916.1,https://www.balticexchange.com/ (simulated demo series)
2022-11-11,BSI,1626.41,17890.5,https://www.balticexchange.com/ (simulated demo series)
2022-11-14,BSI,1506.33,16569.59,https://www.balticexchange.com/ (simulated demo series)
2022-11-15,BSI,1507.04,16577.39,https://www.balticexchange.com/ (simulated demo series)
2022-11-16,BSI,1482.07,16302.78,https://www.balticexchange.com/ (simulated demo series)
2022-11-17,BSI,1518.77,16706.43,https://www.balticexchange.com/ (simulated demo series)
2022-11-18,BSI,1560.66,17167.24,https://www.balticexchange.com/ (simulated demo series)
2022-11-21,BSI,1549.0,17039.02,https://www.balticexchange.com/ (simulated demo series)
2022-11-22,BSI,1574.39,17318.28,https://www.balticexchange.com/ (simulated demo series)
2022-11-23,BSI,1599.69,17596.54,https://www.balticexchange.com/ (simulated demo series)
2022-11-24,BSI,1651.33,18164.58,https://www.balticexchange.com/ (simulated demo series)
2022-11-25,BSI,1650.03,18150.37,https://www.balticexchange.com/ (simulated demo series)
2022-11-28,BSI,1628.99,17918.87,https://www.balticexchange.com/ (simulated demo series)
2022-11-29,BSI,1633.9,17972.92,https://www.balticexchange.com/ (simulated demo series)
2022-11-30,BSI,1657.16,18228.79,https://www.balticexchange.com/ (simulated demo series)
2022-12-01,BSI,1616.65,17783.16,https://www.balticexchange.com/ (simulated demo series)
2022-12-02,BSI,1559.63,17155.89,https://www.balticexchange.com/ (simulated demo series)
2022-12-05,BSI,1610.03,17710.35,https://www.balticexchange.com/ (simulated demo series)
2022-12-06,BSI,1571.96,17291.6,https://www.balticexchange.com/ (simulated demo series)
2022-12-07,BSI,1540.9,16949.93,https://www.balticexchange.com/ (simulated demo series)
2022-12-08,BSI,1547.42,17021.65,https://www.balticexchange.com/ (simulated demo series)
2022-12-09,BSI,1537.21,16909.28,https://www.balticexchange.com/ (simulated demo series)
2022-12-12,BSI,1574.79,17322.68,https://www.balticexchange.com/ (simulated demo series)
2022-12-13,BSI,1646.29,18109.19,https://www.balticexchange.com/ (simulated demo series)
2022-12-14,BSI,1633.41,17967.53,https://www.balticexchange.com/ (simulated demo series)
2022-12-15,BSI,1698.2,18680.19,https://www.balticexchange.com/ (simulated demo series)
2022-12-16,BSI,1678.97,18468.71,https://www.balticexchange.com/ (simulated demo series)
2022-12-19,BSI,1667.45,18342.0,https://www.balticexchange.com/ (simulated demo series)
2022-12-20,BSI,1668.39,18352.33,https://www.balticexchange.com/ (simulated demo series)
2022-12-21,BSI,1639.45,18033.92,https://www.balticexchange.com/ (simulated demo series)
2022-12-22,BSI,1604.92,17654.15,https://www.balticexchange.com/ (simulated demo series)
2022-12-23,BSI,1614.32,17757.51,https://www.balticexchange.com/ (simulated demo series)
2022-12-26,BSI,1537.36,16910.92,https://www.balticexchange.com/ (simulated demo series)
2022-12-27,BSI,1533.22,16865.4,https://www.balticexchange.com/ (simulated demo series)
2022-12-28,BSI,1546.68,17013.48,https://www.balticexchange.com/ (simulated demo series)
2022-12-29,BSI,1521.63,16737.93,https://www.balticexchange.com/ (simulated demo series)
2022-12-30,BSI,1493.91,16433.01,https://www.balticexchange.com/ (simulated demo series)
2023-01-02,BSI,1462.74,16090.11,https://www.balticexchange.com/ (simulated demo series)
2023-01-03,BSI,1451.39,15965.31,https://www.balticexchange.com/ (simulated demo series)
2023-01-04,BSI,1429.59,15725.44,https://www.balticexchange.com/ (simulated demo series)
2023-01-05,BSI,1459.22,16051.43,https://www.balticexchange.com/ (simulated demo series)
2023-01-06,BSI,1457.15,16028.66,https://www.balticexchange.com/ (simulated demo series)
2023-01-09,BSI,1532.2,16854.24,https://www.balticexchange.com/ (simulated demo series)
2023-01-10,BSI,1532.01,16852.16,https://www.balticexchange.com/ (simulated demo series)
2023-01-11,BSI,1510.36,16613.92,https://www.balticexchange.com/ (simulated demo series)
2023-01-12,BSI,1499.16,16490.77,https://www.balticexchange.com/ (simulated demo series)
2023-01-13,BSI,1509.11,16600.18,https://www.balticexchange.com/ (simulated demo series)
2023-01-16,BSI,1475.39,16229.27,https://www.balticexchange.com/ (simulated demo series)
2023-01-17,BSI,1461.86,16080.5,https://www.balticexchange.com/ (simulated demo series)
2023-01-18,BSI,1466.8,16134.77,https://www.balticexchange.com/ (simulated demo series)
2023-01-19,BSI,1473.43,16207.77,https://www.balticexchange.com/ (simulated demo series)
2023-01-20,BSI,1404.51,15449.61,https://www.balticexchange.com/ (simulated demo series)
2023-01-23,BSI,1434.7,15781.65,https://www.balticexchange.com/ (simulated demo series)
2023-01-24,BSI,1438.16,15819.81,https://www.balticexchange.com/ (simulated demo series)
2023-01-25,BSI,1437.58,15813.41,https://www.balticexchange.com/ (simulated demo series)
2023-01-26,BSI,1348.95,14838.42,https://www.balticexchange.com/ (simulated demo series)
2023-01-27,BSI,1331.73,14649.07,https://www.balticexchange.com/ (simulated demo series)
2023-01-30,BSI,1302.1,14323.05,https://www.balticexchange.com/ (simulated demo series)
2023-01-31,BSI,1297.48,14272.27,https://www.balticexchange.com/ (simulated demo series)
2023-02-01,BSI,1275.99,14035.88,https://www.balticexchange.com/ (simulated demo series)
2023-02-02,BSI,1302.9,14331.94,https://www.balticexchange.com/ (simulated demo series)
2023-02-03,BSI,1319.33,14512.63,https://www.balticexchange.com/ (simulated demo series)
2023-02-06,BSI,1327.15,14598.64,https://www.balticexchange.com/ (simulated demo series)
2023-02-07,BSI,1334.97,14684.68,https://www.balticexchange.com/ (simulated demo series)
2023-02-08,BSI,1329.18,14621.02,https://www.balticexchange.com/ (simulated demo series)
2023-02-09,BSI,1313.32,14446.49,https://www.balticexchange.com/ (simulated demo series)
2023-02-10,BSI,1277.32,14050.55,https://www.balticexchange.com/ (simulated demo series)
2023-02-13,BSI,1279.86,14078.5,https://www.balticexchange.com/ (simulated demo series)
2023-02-14,BSI,1268.6,13954.6,https://www.balticexchange.com/ (simulated demo series)
2023-02-15,BSI,1243.01,13673.13,https://www.balticexchange.com/ (simulated demo series)
2023-02-16,BSI,1235.7,13592.75,https://www.balticexchange.com/ (simulated demo series)
2023-02-17,BSI,1261.49,13876.44,https://www.balticexchange.com/ (simulated demo series)
2023-02-20,BSI,1266.86,13935.47,https://www.balticexchange.com/ (simulated demo series)
2023-02-21,BSI,1311.02,14421.25,https://www.balticexchange.com/ (simulated demo series)
2023-02-22,BSI,1315.48,14470.33,https://www.balticexchange.com/ (simulated demo series)
2023-02-23,BSI,1353.92,14893.16,https://www.balticexchange.com/ (simulated demo series)
2023-02-24,BSI,1386.07,15246.79,https://www.balticexchange.com/ (simulated demo series)
2023-02-27,BSI,1385.5,15240.46,https://www.balticexchange.com/ (simulated demo series)
2023-02-28,BSI,1386.68,15253.51,https://www.balticexchange.com/ (simulated demo series)
2023-03-01,BSI,1390.53,15295.79,https://www.balticexchange.com/ (simulated demo series)
2023-03-02,BSI,1487.1,16358.05,https://www.balticexchange.com/ (simulated demo series)
2023-03-03,BSI,1460.32,16063.49,https://www.balticexchange.com/ (simulated demo series)
2023-03-06,BSI,1461.91,16080.96,https://www.balticexchange.com/ (simulated demo series)
2023-03-07,BSI,1465.74,16123.19,https://www.balticexchange.com/ (simulated demo series)
2023-03-08,BSI,1393.4,15327.36,https://www.balticexchange.com/ (simulated demo series)
2023-03-09,BSI,1444.02,15884.21,https://www.balticexchange.com/ (simulated demo series)
2023-03-10,BSI,1460.56,16066.14,https://www.balticexchange.com/ (simulated demo series)
2023-03-13,BSI,1554.59,17100.52,https://www.balticexchange.com/ (simulated demo series)
2023-03-14,BSI,1568.36,17251.97,https://www.balticexchange.com/ (simulated demo series)
2023-03-15,BSI,1554.9,17103.94,https://www.balticexchange.com/ (simulated demo series)
2023-03-16,BSI,1525.32,16778.49,https://www.balticexchange.com/ (simulated demo series)
2023-03-17,BSI,1584.9,17433.89,https://www.balticexchange.com/ (simulated demo series)
2023-03-20,BSI,1561.09,17172.04,https://www.balticexchange.com/ (simulated demo series)
2023-03-21,BSI,1500.37,16504.03,https://www.balticexchange.com/ (simulated demo series)
2023-03-22,BSI,1502.19,16524.1,https://www.balticexchange.com/ (simulated demo series)
2023-03-23,BSI,1481.55,16297.08,https://www.balticexchange.com/ (simulated demo series)
2023-03-24,BSI,1520.93,16730.18,https://www.balticexchange.com/ (simulated demo series)
2023-03-27,BSI,1545.09,16996.03,https://www.balticexchange.com/ (simulated demo series)
2023-03-28,BSI,1552.6,17078.6,https://www.balticexchange.com/ (simulated demo series)
2023-03-29,BSI,1595.81,17553.86,https://www.balticexchange.com/ (simulated demo series)
2023-03-30,BSI,1638.24,18020.62,https://www.balticexchange.com/ (simulated demo series)
2023-03-31,BSI,1625.83,17884.09,https://www.balticexchange.com/ (simulated demo series)
2023-04-03,BSI,1538.17,16919.84,https://www.balticexchange.com/ (simulated demo series)
2023-04-04,BSI,1533.7,16870.69,https://www.balticexchange.com/ (simulated demo series)
2023-04-05,BSI,1552.26,17074.83,https://www.balticexchange.com/ (simulated demo series)
2023-04-06,BSI,1563.38,17197.16,https://www.balticexchange.com/ (simulated demo series)
2023-04-07,BSI,1555.2,17107.22,https://www.balticexchange.com/ (simulated demo series)
2023-04-10,BSI,1556.59,17122.49,https://www.balticexchange.com/ (simulated demo series)
2023-04-11,BSI,1538.7,16925.65,https://www.balticexchange.com/ (simulated demo series)
2023-04-12,BSI,1477.13,16248.42,https://www.balticexchange.com/ (simulated demo series)
2023-04-13,BSI,1536.41,16900.48,https://www.balticexchange.com/ (simulated demo series)
2023-04-14,BSI,1498.23,16480.58,https://www.balticexchange.com/ (simulated demo series)
2023-04-17,BSI,1402.85,15431.32,https://www.balticexchange.com/ (simulated demo series)
2023-04-18,BSI,1394.49,15339.4,https://www.balticexchange.com/ (simulated demo series)
2023-04-19,BSI,1335.81,14693.93,https://www.balticexchange.com/ (simulated demo series)
2023-04-20,BSI,1310.39,14414.24,https://www.balticexchange.com/ (simulated demo series)
2023-04-21,BSI,1326.02,14586.17,https://www.balticexchange.com/ (simulated demo series)
2023-04-24,BSI,1318.49,14503.38,https://www.balticexchange.com/ (simulated demo series)
2023-04-25,BSI,1319.02,14509.24,https://www.balticexchange.com/ (simulated demo series)
2023-04-26,BSI,1366.73,15034.01,https://www.balticexchange.com/ (simulated demo series)
2023-04-27,BSI,1375.71,15132.79,https://www.balticexchange.com/ (simulated demo series)
2023-04-28,BSI,1384.93,15234.23,https://www.balticexchange.com/ (simulated demo series)
2023-05-01,BSI,1421.02,15631.24,https://www.balticexchange.com/ (simulated demo series)
2023-05-02,BSI,1437.29,15810.22,https://www.balticexchange.com/ (simulated demo series)
2023-05-03,BSI,1456.05,16016.52,https://www.balticexchange.com/ (simulated demo series)
2023-05-04,BSI,1461.71,16078.85,https://www.balticexchange.com/ (simulated demo series)
2023-05-05,BSI,1454.34,15997.69,https://www.balticexchange.com/ (simulated demo series)
2023-05-08,BSI,1451.91,15970.97,https://www.balticexchange.com/ (simulated demo series)
2023-05-09,BSI,1441.36,15854.93,https://www.balticexchange.com/ (simulated demo series)
2023-05-10,BSI,1410.8,15518.78,https://www.balticexchange.com/ (simulated demo series)
2023-05-11,BSI,1407.39,15481.33,https://www.balticexchange.com/ (simulated demo series)
2023-05-12,BSI,1410.1,15511.08,https://www.balticexchange.com/ (simulated demo series)
2023-05-15,BSI,1408.39,15492.3,https://www.balticexchange.com/ (simulated demo series)
2023-05-16,BSI,1398.1,15379.09,https://www.balticexchange.com/ (simulated demo series)
2023-05-17,BSI,1406.94,15476.35,https://www.balticexchange.com/ (simulated demo series)
2023-05-18,BSI,1351.78,14869.56,https://www.balticexchange.com/ (simulated demo series)
2023-05-19,BSI,1365.79,15023.68,https://www.balticexchange.com/ (simulated demo series)
2023-05-22,BSI,1444.37,15888.11,https://www.balticexchange.com/ (simulated demo series)
2023-05-23,BSI,1443.93,15883.28,https://www.balticexchange.com/ (simulated demo series)
2023-05-24,BSI,1413.03,15543.38,https://www.balticexchange.com/ (simulated demo series)
2023-05-25,BSI,1394.03,15334.33,https://www.balticexchange.com/ (simulated demo series)
2023-05-26,BSI,1334.95,14684.44,https://www.balticexchange.com/ (simulated demo series)
2023-05-29,BSI,1297.94,14277.34,https://www.balticexchange.com/ (simulated demo series)
2023-05-30,BSI,1292.78,14220.61,https://www.balticexchange.com/ (simulated demo series)
2023-05-31,BSI,1331.34,14644.76,https://www.balticexchange.com/ (simulated demo series)
2023-06-01,BSI,1310.51,14415.63,https://www.balticexchange.com/ (simulated demo series)
2023-06-02,BSI,1267.9,13946.85,https://www.balticexchange.com/ (simulated demo series)
2023-06-05,BSI,1326.7,14593.74,https://www.balticexchange.com/ (simulated demo series)
2023-06-06,BSI,1315.28,14468.1,https://www.balticexchange.com/ (simulated demo series)
2023-06-07,BSI,1321.89,14540.79,https://www.balticexchange.com/ (simulated demo series)
2023-06-08,BSI,1303.76,14341.39,https://www.balticexchange.com/ (simulated demo series)
2023-06-09,BSI,1331.65,14648.19,https://www.balticexchange.com/ (simulated demo series)
2023-06-12,BSI,1298.92,14288.1,https://www.balticexchange.com/ (simulated demo series)
2023-06-13,BSI,1279.08,14069.93,https://www.balticexchange.com/ (simulated demo series)
2023-06-14,BSI,1313.24,14445.61,https://www.balticexchange.com/ (simulated demo series)
2023-06-15,BSI,1303.32,14336.52,https://www.balticexchange.com/ (simulated demo series)
2023-06-16,BSI,1266.54,13931.92,https://www.balticexchange.com/ (simulated demo series)
2023-06-19,BSI,1246.35,13709.89,https://www.balticexchange.com/ (simulated demo series)
2023-06-20,BSI,1217.42,13391.58,https://www.balticexchange.com/ (simulated demo series)
2023-06-21,BSI,1229.28,13522.07,https://www.balticexchange.com/ (simulated demo series)
2023-06-22,BSI,1230.75,13538.29,https://www.balticexchange.com/ (simulated demo series)
2023-06-23,BSI,1252.21,13774.34,https://www.balticexchange.com/ (simulated demo series)
2023-06-26,BSI,1239.5,13634.5,https://www.balticexchange.com/ (simulated demo series)
2023-06-27,BSI,1248.99,13738.89,https://www.balticexchange.com/ (simulated demo series)
2023-06-28,BSI,1246.35,13709.9,https://www.balticexchange.com/ (simulated demo series)
2023-06-29,BSI,1265.3,13918.29,https://www.balticexchange.com/ (simulated demo series)
2023-06-30,BSI,1298.29,14281.21,https://www.balticexchange.com/ (simulated demo series)
2023-07-03,BSI,1371.14,15082.56,https://www.balticexchange.com/ (simulated demo series)
2023-07-04,BSI,1347.46,14822.09,https://www.balticexchange.com/ (simulated demo series)
2023-07-05,BSI,1374.67,15121.35,https://www.balticexchange.com/ (simulated demo series)
2023-07-06,BSI,1432.78,15760.54,https://www.balticexchange.com/ (simulated demo series)
2023-07-07,BSI,1440.1,15841.14,https://www.balticexchange.com/ (simulated demo series)
2023-07-10,BSI,1449.1,15940.14,https://www.balticexchange.com/ (simulated demo series)
2023-07-11,BSI,1436.6,15802.61,https://www.balticexchange.com/ (simulated demo series)
2023-07-12,BSI,1482.92,16312.15,https://www.balticexchange.com/ (simulated demo series)
2023-07-13,BSI,1517.5,16692.54,https://www.balticexchange.com/ (simulated demo series)
2023-07-14,BSI,1534.56,16880.11,https://www.balticexchange.com/ (simulated demo series)
2023-07-17,BSI,1493.71,16430.83,https://www.balticexchange.com/ (simulated demo series)
2023-07-18,BSI,1474.39,16218.29,https://www.balticexchange.com/ (simulated demo series)
2023-07-19,BSI,1450.93,15960.27,https://www.balticexchange.com/ (simulated demo series)
2023-07-20,BSI,1407.86,15486.41,https://www.balticexchange.com/ (simulated demo series)
2023-07-21,BSI,1383.56,15219.19,https://www.balticexchange.com/ (simulated demo series)
2023-07-24,BSI,1452.01,15972.14,https://www.balticexchange.com/ (simulated demo series)
2023-07-25,BSI,1525.06,16775.61,https://www.balticexchange.com/ (simulated demo series)
2023-07-26,BSI,1502.02,16522.18,https://www.balticexchange.com/ (simulated demo series)
2023-07-27,BSI,1513.32,16646.57,https://www.balticexchange.com/ (simulated demo series)
2023-07-28,BSI,1470.94,16180.33,https://www.balticexchange.com/ (simulated demo series)
2023-07-31,BSI,1479.85,16278.34,https://www.balticexchange.com/ (simulated demo series)
2023-08-01,BSI,1473.52,16208.77,https://www.balticexchange.com/ (simulated demo series)
2023-08-02,BSI,1443.87,15882.55,https://www.balticexchange.com/ (simulated demo series)
2023-08-03,BSI,1435.03,15785.29,https://www.balticexchange.com/ (simulated demo series)
2023-08-04,BSI,1432.08,15752.92,https://www.balticexchange.com/ (simulated demo series)
2023-08-07,BSI,1406.37,15470.11,https://www.balticexchange.com/ (simulated demo series)
2023-08-08,BSI,1406.01,15466.12,https://www.balticexchange.com/ (simulated demo series)
2023-08-09,BSI,1371.05,15081.52,https://www.balticexchange.com/ (simulated demo series)
2023-08-10,BSI,1400.99,15410.85,https://www.balticexchange.com/ (simulated demo series)
2023-08-11,BSI,1412.54,15537.91,https://www.balticexchange.com/ (simulated demo series)
2023-08-14,BSI,1412.52,15537.7,https://www.balticexchange.com/ (simulated demo series)
2023-08-15,BSI,1361.78,14979.6,https://www.balticexchange.com/ (simulated demo series)
2023-08-16,BSI,1381.91,15201.06,https://www.balticexchange.com/ (simulated demo series)
2023-08-17,BSI,1329.83,14628.08,https://www.balticexchange.com/ (simulated demo series)
2023-08-18,BSI,1295.64,14252.0,https://www.balticexchange.com/ (simulated demo series)
2023-08-21,BSI,1362.1,14983.14,https://www.balticexchange.com/ (simulated demo series)
2023-08-22,BSI,1341.8,14759.79,https://www.balticexchange.com/ (simulated demo series)
2023-08-23,BSI,1375.8,15133.81,https://www.balticexchange.com/ (simulated demo series)
2023-08-24,BSI,1383.88,15222.73,https://www.balticexchange.com/ (simulated demo series)
2023-08-25,BSI,1427.86,15706.47,https://www.balticexchange.com/ (simulated demo series)
2023-08-28,BSI,1452.55,15978.01,https://www.balticexchange.com/ (simulated demo series)
2023-08-29,BSI,1441.71,15858.79,https://www.balticexchange.com/ (simulated demo series)
2023-08-30,BSI,1478.44,16262.83,https://www.balticexchange.com/ (simulated demo series)
2023-08-31,BSI,1501.14,16512.49,https://www.balticexchange.com/ (simulated demo series)
2023-09-01,BSI,1469.02,16159.18,https://www.balticexchange.com/ (simulated demo series)
2023-09-04,BSI,1554.56,17100.11,https://www.balticexchange.com/ (simulated demo series)
2023-09-05,BSI,1559.97,17159.65,https://www.balticexchange.com/ (simulated demo series)
2023-09-06,BSI,1581.92,17401.11,https://www.balticexchange.com/ (simulated demo series)
2023-09-07,BSI,1607.58,17683.43,https://www.balticexchange.com/ (simulated demo series)
2023-09-08,BSI,1600.73,17608.01,https://www.balticexchange.com/ (simulated demo series)
2023-09-11,BSI,1612.69,17739.62,https://www.balticexchange.com/ (simulated demo series)
2023-09-12,BSI,1660.44,18264.79,https://www.balticexchange.com/ (simulated demo series)
2023-09-13,BSI,1702.76,18730.39,https://www.balticexchange.com/ (simulated demo series)
2023-09-14,BSI,1660.44,18264.84,https://www.balticexchange.com/ (simulated demo series)
2023-09-15,BSI,1675.21,18427.28,https://www.balticexchange.com/ (simulated demo series)
2023-09-18,BSI,1716.43,18880.78,https://www.balticexchange.com/ (simulated demo series)
2023-09-19,BSI,1757.8,19335.84,https://www.balticexchange.com/ (simulated demo series)
2023-09-20,BSI,1684.83,18533.16,https://www.balticexchange.com/ (simulated demo series)
2023-09-21,BSI,1664.87,18313.54,https://www.balticexchange.com/ (simulated demo series)
2023-09-22,BSI,1631.59,17947.51,https://www.balticexchange.com/ (simulated demo series)
2023-09-25,BSI,1491.33,16404.68,https://www.balticexchange.com/ (simulated demo series)
2023-09-26,BSI,1497.14,16468.49,https://www.balticexchange.com/ (simulated demo series)
2023-09-27,BSI,1431.26,15743.9,https://www.balticexchange.com/ (simulated demo series)
2023-09-28,BSI,1418.37,15602.03,https://www.balticexchange.com/ (simulated demo series)
2023-09-29,BSI,1444.21,15886.35,https://www.balticexchange.com/ (simulated demo series)
2023-10-02,BSI,1354.48,14899.25,https://www.balticexchange.com/ (simulated demo series)
2023-10-03,BSI,1361.04,14971.44,https://www.balticexchange.com/ (simulated demo series)
2023-10-04,BSI,1355.15,14906.6,https://www.balticexchange.com/ (simulated demo series)
2023-10-05,BSI,1373.35,15106.81,https://www.balticexchange.com/ (simulated demo series)
2023-10-06,BSI,1361.51,14976.64,https://www.balticexchange.com/ (simulated demo series)
2023-10-09,BSI,1396.48,15361.29,https://www.balticexchange.com/ (simulated demo series)
2023-10-10,BSI,1358.13,14939.4,https://www.balticexchange.com/ (simulated demo series)
2023-10-11,BSI,1349.69,14846.64,https://www.balticexchange.com/ (simulated demo series)
2023-10-12,BSI,1328.09,14609.04,https://www.balticexchange.com/ (simulated demo series)
2023-10-13,BSI,1312.41,14436.55,https://www.balticexchange.com/ (simulated demo series)
2023-10-16,BSI,1384.88,15233.68,https://www.balticexchange.com/ (simulated demo series)
2023-10-17,BSI,1377.29,15150.18,https://www.balticexchange.com/ (simulated demo series)
2023-10-18,BSI,1390.45,15294.97,https://www.balticexchange.com/ (simulated demo series)
2023-10-19,BSI,1387.81,15265.93,https://www.balticexchange.com/ (simulated demo series)
2023-10-20,BSI,1349.21,14841.27,https://www.balticexchange.com/ (simulated demo series)
2023-10-23,BSI,1396.83,15365.09,https://www.balticexchange.com/ (simulated demo series)
2023-10-24,BSI,1410.32,15513.48,https://www.balticexchange.com/ (simulated demo series)
2023-10-25,BSI,1415.48,15570.32,https://www.balticexchange.com/ (simulated demo series)
2023-10-26,BSI,1449.25,15941.79,https://www.balticexchange.com/ (simulated demo series)
2023-10-27,BSI,1502.8,16530.79,https://www.balticexchange.com/ (simulated demo series)
2023-10-30,BSI,1543.26,16975.85,https://www.balticexchange.com/ (simulated demo series)
2023-10-31,BSI,1519.27,16711.97,https://www.balticexchange.com/ (simulated demo series)
2023-11-01,BSI,1532.98,16862.82,https://www.balticexchange.com/ (simulated demo series)
2023-11-02,BSI,1525.57,16781.31,https://www.balticexchange.com/ (simulated demo series)
2023-11-03,BSI,1532.96,16862.6,https://www.balticexchange.com/ (simulated demo series)
2023-11-06,BSI,1583.23,17415.57,https://www.balticexchange.com/ (simulated demo series)
2023-11-07,BSI,1621.0,17830.97,https://www.balticexchange.com/ (simulated demo series)
2023-11-08,BSI,1594.48,17539.32,https://www.balticexchange.com/ (simulated demo series)
2023-11-09,BSI,1554.39,17098.26,https://www.balticexchange.com/ (simulated demo series)
2023-11-10,BSI,1618.91,17807.99,https://www.balticexchange.com/ (simulated demo series)
2023-11-13,BSI,1592.65,17519.13,https://www.balticexchange.com/ (simulated demo series)
2023-11-14,BSI,1604.12,17645.37,https://www.balticexchange.com/ (simulated demo series)
2023-11-15,BSI,1584.39,17428.27,https://www.balticexchange.com/ (simulated demo series)
2023-11-16,BSI,1616.11,17777.19,https://www.balticexchange.com/ (simulated demo series)
2023-11-17,BSI,1526.25,16788.7,https://www.balticexchange.com/ (simulated demo series)
2023-11-20,BSI,1562.87,17191.55,https://www.balticexchange.com/ (simulated demo series)
2023-11-21,BSI,1618.42,17802.61,https://www.balticexchange.com/ (simulated demo series)
2023-11-22,BSI,1642.19,18064.06,https://www.balticexchange.com/ (simulated demo series)
2023-11-23,BSI,1614.42,17758.63,https://www.balticexchange.com/ (simulated demo series)
2023-11-24,BSI,1606.02,17666.24,https://www.balticexchange.com/ (simulated demo series)
2023-11-27,BSI,1608.87,17697.53,https://www.balticexchange.com/ (simulated demo series)
2023-11-28,BSI,1630.75,17938.29,https://www.balticexchange.com/ (simulated demo series)
2023-11-29,BSI,1657.98,18237.76,https://www.balticexchange.com/ (simulated demo series)
2023-11-30,BSI,1636.94,18006.39,https://www.balticexchange.com/ (simulated demo series)
2023-12-01,BSI,1617.41,17791.56,https://www.balticexchange.com/ (simulated demo series)
2023-12-04,BSI,1653.43,18187.75,https://www.balticexchange.com/ (simulated demo series)
2023-12-05,BSI,1625.4,17879.4,https://www.balticexchange.com/ (simulated demo series)
2023-12-06,BSI,1655.46,18210.05,https://www.balticexchange.com/ (simulated demo series)
2023-12-07,BSI,1622.54,17847.95,https://www.balticexchange.com/ (simulated demo series)
2023-12-08,BSI,1615.86,17774.41,https://www.balticexchange.com/ (simulated demo series)
2023-12-11,BSI,1650.23,18152.51,https://www.balticexchange.com/ (simulated demo series)
2023-12-12,BSI,1643.05,18073.52,https://www.balticexchange.com/ (simulated demo series)
2023-12-13,BSI,1629.16,17920.76,https://www.balticexchange.com/ (simulated demo series)
2023-12-14,BSI,1601.27,17614.01,https://www.balticexchange.com/ (simulated demo series)
2023-12-15,BSI,1614.9,17763.88,https://www.balticexchange.com/ (simulated demo series)
2023-12-18,BSI,1626.96,17896.58,https://www.balticexchange.com/ (simulated demo series)
2023-12-19,BSI,1575.04,17325.48,https://www.balticexchange.com/ (simulated demo series)
2023-12-20,BSI,1537.36,16910.94,https://www.balticexchange.com/ (simulated demo series)
2023-12-21,BSI,1564.38,17208.17,https://www.balticexchange.com/ (simulated demo series)
2023-12-22,BSI,1574.99,17324.86,https://www.balticexchange.com/ (simulated demo series)
2023-12-25,BSI,1483.32,16316.48,https://www.balticexchange.com/ (simulated demo series)
2023-12-26,BSI,1538.05,16918.54,https://www.balticexchange.com/ (simulated demo series)
2023-12-27,BSI,1525.24,16777.68,https://www.balticexchange.com/ (simulated demo series)
2023-12-28,BSI,1523.01,16753.06,https://www.balticexchange.com/ (simulated demo series)
2023-12-29,BSI,1541.7,16958.71,https://www.balticexchange.com/ (simulated demo series)
2024-01-01,BSI,1532.39,16856.34,https://www.balticexchange.com/ (simulated demo series)
2024-01-02,BSI,1518.0,16698.04,https://www.balticexchange.com/ (simulated demo series)
2024-01-03,BSI,1548.55,17034.05,https://www.balticexchange.com/ (simulated demo series)
2024-01-04,BSI,1576.69,17343.56,https://www.balticexchange.com/ (simulated demo series)
2024-01-05,BSI,1584.44,17428.85,https://www.balticexchange.com/ (simulated demo series)
2024-01-08,BSI,1553.3,17086.31,https://www.balticexchange.com/ (simulated demo series)
2024-01-09,BSI,1574.27,17316.92,https://www.balticexchange.com/ (simulated demo series)
2024-01-10,BSI,1604.71,17651.84,https://www.balticexchange.com/ (simulated demo series)
2024-01-11,BSI,1621.28,17834.05,https://www.balticexchange.com/ (simulated demo series)
2024-01-12,BSI,1615.78,17773.63,https://www.balticexchange.com/ (simulated demo series)
2024-01-15,BSI,1639.21,18031.31,https://www.balticexchange.com/ (simulated demo series)
2024-01-16,BSI,1702.16,18723.79,https://www.balticexchange.com/ (simulated demo series)
2024-01-17,BSI,1733.97,19073.71,https://www.balticexchange.com/ (simulated demo series)
2024-01-18,BSI,1783.06,19613.64,https://www.balticexchange.com/ (simulated demo series)
2024-01-19,BSI,1739.92,19139.16,https://www.balticexchange.com/ (simulated demo series)
2024-01-22,BSI,1626.82,17895.04,https://www.balticexchange.com/ (simulated demo series)
2024-01-23,BSI,1626.59,17892.49,https://www.balticexchange.com/ (simulated demo series)
2024-01-24,BSI,1663.39,18297.34,https://www.balticexchange.com/ (simulated demo series)
2024-01-25,BSI,1666.65,18333.16,https://www.balticexchange.com/ (simulated demo series)
2024-01-26,BSI,1654.51,18199.57,https://www.balticexchange.com/ (simulated demo series)
2024-01-29,BSI,1652.46,18177.09,https://www.balticexchange.com/ (simulated demo series)
2024-01-30,BSI,1685.19,18537.08,https://www.balticexchange.com/ (simulated demo series)
2024-01-31,BSI,1659.29,18252.2,https://www.balticexchange.com/ (simulated demo series)
2024-02-01,BSI,1659.34,18252.79,https://www.balticexchange.com/ (simulated demo series)
2024-02-02,BSI,1663.58,18299.39,https://www.balticexchange.com/ (simulated demo series)
2024-02-05,BSI,1650.19,18152.12,https://www.balticexchange.com/ (simulated demo series)
2024-02-06,BSI,1582.77,17410.44,https://www.balticexchange.com/ (simulated demo series)
2024-02-07,BSI,1579.07,17369.73,https://www.balticexchange.com/ (simulated demo series)
2024-02-08,BSI,1567.79,17245.64,https://www.balticexchange.com/ (simulated demo series)
2024-02-09,BSI,1538.85,16927.4,https://www.balticexchange.com/ (simulated demo series)
2024-02-12,BSI,1464.99,16114.85,https://www.balticexchange.com/ (simulated demo series)
2024-02-13,BSI,1451.79,15969.65,https://www.balticexchange.com/ (simulated demo series)
2024-02-14,BSI,1400.45,15404.95,https://www.balticexchange.com/ (simulated demo series)
2024-02-15,BSI,1410.91,15520.0,https://www.balticexchange.com/ (simulated demo series)
2024-02-16,BSI,1355.89,14914.79,https://www.balticexchange.com/ (simulated demo series)
2024-02-19,BSI,1319.63,14515.89,https://www.balticexchange.com/ (simulated demo series)
2024-02-20,BSI,1319.95,14519.49,https://www.balticexchange.com/ (simulated demo series)
2024-02-21,BSI,1368.34,15051.69,https://www.balticexchange.com/ (simulated demo series)
2024-02-22,BSI,1347.89,14826.79,https://www.balticexchange.com/ (simulated demo series)
2024-02-23,BSI,1351.46,14866.04,https://www.balticexchange.com/ (simulated demo series)
2024-02-26,BSI,1362.67,14989.34,https://www.balticexchange.com/ (simulated demo series)
2024-02-27,BSI,1364.63,15010.91,https://www.balticexchange.com/ (simulated demo series)
2024-02-28,BSI,1345.92,14805.09,https://www.balticexchange.com/ (simulated demo series)
2024-02-29,BSI,1356.7,14923.68,https://www.balticexchange.com/ (simulated demo series)
2024-03-01,BSI,1350.13,14851.47,https://www.balticexchange.com/ (simulated demo series)
2024-03-04,BSI,1396.44,15360.84,https://www.balticexchange.com/ (simulated demo series)
2024-03-05,BSI,1452.95,15982.49,https://www.balticexchange.com/ (simulated demo series)
2024-03-06,BSI,1474.86,16223.47,https://www.balticexchange.com/ (simulated demo series)
2024-03-07,BSI,1422.01,15642.12,https://www.balticexchange.com/ (simulated demo series)
2024-03-08,BSI,1426.31,15689.37,https://www.balticexchange.com/ (simulated demo series)
2024-03-11,BSI,1422.6,15648.55,https://www.balticexchange.com/ (simulated demo series)
2024-03-12,BSI,1405.57,15461.27,https://www.balticexchange.com/ (simulated demo series)
2024-03-13,BSI,1370.15,15071.68,https://www.balticexchange.com/ (simulated demo series)
2024-03-14,BSI,1370.61,15076.74,https://www.balticexchange.com/ (simulated demo series)
2024-03-15,BSI,1367.46,15042.04,https://www.balticexchange.com/ (simulated demo series)
2024-03-18,BSI,1333.82,14672.01,https://www.balticexchange.com/ (simulated demo series)
2024-03-19,BSI,1353.27,14885.98,https://www.balticexchange.com/ (simulated demo series)
2024-03-20,BSI,1349.59,14845.46,https://www.balticexchange.com/ (simulated demo series)
2024-03-21,BSI,1333.26,14665.89,https://www.balticexchange.com/ (simulated demo series)
2024-03-22,BSI,1341.57,14757.25,https://www.balticexchange.com/ (simulated demo series)
2024-03-25,BSI,1314.24,14456.61,https://www.balticexchange.com/ (simulated demo series)
2024-03-26,BSI,1291.68,14208.48,https://www.balticexchange.com/ (simulated demo series)
2024-03-27,BSI,1265.41,13919.52,https://www.balticexchange.com/ (simulated demo series)
2024-03-28,BSI,1237.85,13616.39,https://www.balticexchange.com/ (simulated demo series)
2024-03-29,BSI,1304.91,14354.01,https://www.balticexchange.com/ (simulated demo series)
2024-04-01,BSI,1272.83,14001.1,https://www.balticexchange.com/ (simulated demo series)
2024-04-02,BSI,1286.26,14148.83,https://www.balticexchange.com/ (simulated demo series)
2024-04-03,BSI,1256.91,13826.02,https://www.balticexchange.com/ (simulated demo series)
2024-04-04,BSI,1235.86,13594.51,https://www.balticexchange.com/ (simulated demo series)
2024-04-05,BSI,1243.28,13676.1,https://www.balticexchange.com/ (simulated demo series)
2024-04-08,BSI,1187.49,13062.38,https://www.balticexchange.com/ (simulated demo series)
2024-04-09,BSI,1220.06,13420.61,https://www.balticexchange.com/ (simulated demo series)
2024-04-10,BSI,1203.42,13237.57,https://www.balticexchange.com/ (simulated demo series)
2024-04-11,BSI,1204.61,13250.76,https://www.balticexchange.com/ (simulated demo series)
2024-04-12,BSI,1156.31,12719.42,https://www.balticexchange.com/ (simulated demo series)
2024-04-15,BSI,1191.28,13104.08,https://www.balticexchange.com/ (simulated demo series)
2024-04-16,BSI,1210.17,13311.86,https://www.balticexchange.com/ (simulated demo series)
2024-04-17,BSI,1180.41,12984.54,https://www.balticexchange.com/ (simulated demo series)
2024-04-18,BSI,1165.12,12816.33,https://www.balticexchange.com/ (simulated demo series)
2024-04-19,BSI,1212.94,13342.29,https://www.balticexchange.com/ (simulated demo series)
2024-04-22,BSI,1184.73,13032.02,https://www.balticexchange.com/ (simulated demo series)
2024-04-23,BSI,1198.37,13182.02,https://www.balticexchange.com/ (simulated demo series)
2024-04-24,BSI,1214.32,13357.51,https://www.balticexchange.com/ (simulated demo series)
2024-04-25,BSI,1184.97,13034.7,https://www.balticexchange.com/ (simulated demo series)
2024-04-26,BSI,1199.79,13197.65,https://www.balticexchange.com/ (simulated demo series)
2024-04-29,BSI,1260.74,13868.15,https://www.balticexchange.com/ (simulated demo series)
2024-04-30,BSI,1252.69,13779.56,https://www.balticexchange.com/ (simulated demo series)
2024-05-01,BSI,1256.49,13821.39,https://www.balticexchange.com/ (simulated demo series)
2024-05-02,BSI,1283.2,14115.24,https://www.balticexchange.com/ (simulated demo series)
2024-05-03,BSI,1300.42,14304.64,https://www.balticexchange.com/ (simulated demo series)
2024-05-06,BSI,1358.92,14948.09,https://www.balticexchange.com/ (simulated demo series)
2024-05-07,BSI,1354.8,14902.8,https://www.balticexchange.com/ (simulated demo series)
2024-05-08,BSI,1364.39,15008.29,https://www.balticexchange.com/ (simulated demo series)
2024-05-09,BSI,1349.4,14843.37,https://www.balticexchange.com/ (simulated demo series)
2024-05-10,BSI,1389.27,15281.96,https://www.balticexchange.com/ (simulated demo series)
2024-05-13,BSI,1467.28,16140.11,https://www.balticexchange.com/ (simulated demo series)
2024-05-14,BSI,1560.5,17165.48,https://www.balticexchange.com/ (simulated demo series)
2024-05-15,BSI,1542.68,16969.51,https://www.balticexchange.com/ (simulated demo series)
2024-05-16,BSI,1513.68,16650.47,https://www.balticexchange.com/ (simulated demo series)
2024-05-17,BSI,1538.0,16917.98,https://www.balticexchange.com/ (simulated demo series)
2024-05-20,BSI,1487.85,16366.38,https://www.balticexchange.com/ (simulated demo series)
2024-05-21,BSI,1510.05,16610.56,https://www.balticexchange.com/ (simulated demo series)
2024-05-22,BSI,1498.83,16487.17,https://www.balticexchange.com/ (simulated demo series)
2024-05-23,BSI,1519.35,16712.84,https://www.balticexchange.com/ (simulated demo series)
2024-05-24,BSI,1470.77,16178.42,https://www.balticexchange.com/ (simulated demo series)
2024-05-27,BSI,1452.62,15978.79,https://www.balticexchange.com/ (simulated demo series)
2024-05-28,BSI,1442.27,15864.92,https://www.balticexchange.com/ (simulated demo series)
2024-05-29,BSI,1439.51,15834.63,https://www.balticexchange.com/ (simulated demo series)
2024-05-30,BSI,1420.18,15621.97,https://www.balticexchange.com/ (simulated demo series)
2024-05-31,BSI,1401.14,15412.49,https://www.balticexchange.com/ (simulated demo series)
2024-06-03,BSI,1393.89,15332.81,https://www.balticexchange.com/ (simulated demo series)
2024-06-04,BSI,1408.59,15494.44,https://www.balticexchange.com/ (simulated demo series)
2024-06-05,BSI,1393.74,15331.17,https://www.balticexchange.com/ (simulated demo series)
2024-06-06,BSI,1396.56,15362.11,https://www.balticexchange.com/ (simulated demo series)
2024-06-07,BSI,1421.92,15641.17,https://www.balticexchange.com/ (simulated demo series)
2024-06-10,BSI,1417.74,15595.11,https://www.balticexchange.com/ (simulated demo series)
2024-06-11,BSI,1446.33,15909.6,https://www.balticexchange.com/ (simulated demo series)
2024-06-12,BSI,1438.93,15828.19,https://www.balticexchange.com/ (simulated demo series)
2024-06-13,BSI,1417.89,15596.74,https://www.balticexchange.com/ (simulated demo series)
2024-06-14,BSI,1353.89,14892.81,https://www.balticexchange.com/ (simulated demo series)
2024-06-17,BSI,1317.89,14496.83,https://www.balticexchange.com/ (simulated demo series)
2024-06-18,BSI,1356.82,14924.98,https://www.balticexchange.com/ (simulated demo series)
2024-06-19,BSI,1345.39,14799.28,https://www.balticexchange.com/ (simulated demo series)
2024-06-20,BSI,1358.29,14941.14,https://www.balticexchange.com/ (simulated demo series)
2024-06-21,BSI,1345.02,14795.26,https://www.balticexchange.com/ (simulated demo series)
2024-06-24,BSI,1327.79,14605.69,https://www.balticexchange.com/ (simulated demo series)
2024-06-25,BSI,1352.34,14875.77,https://www.balticexchange.com/ (simulated demo series)
2024-06-26,BSI,1356.45,14920.96,https://www.balticexchange.com/ (simulated demo series)
2024-06-27,BSI,1367.64,15043.99,https://www.balticexchange.com/ (simulated demo series)
2024-06-28,BSI,1375.82,15133.99,https://www.balticexchange.com/ (simulated demo series)
2024-07-01,BSI,1333.64,14670.02,https://www.balticexchange.com/ (simulated demo series)
2024-07-02,BSI,1341.95,14761.42,https://www.balticexchange.com/ (simulated demo series)
2024-07-03,BSI,1373.51,15108.65,https://www.balticexchange.com/ (simulated demo series)
2024-07-04,BSI,1398.87,15387.6,https://www.balticexchange.com/ (simulated demo series)
2024-07-05,BSI,1342.81,14770.86,https://www.balticexchange.com/ (simulated demo series)
2024-07-08,BSI,1300.03,14300.33,https://www.balticexchange.com/ (simulated demo series)
2024-07-09,BSI,1292.45,14217.0,https://www.balticexchange.com/ (simulated demo series)
2024-07-10,BSI,1318.43,14502.69,https://www.balticexchange.com/ (simulated demo series)
2024-07-11,BSI,1301.61,14317.72,https://www.balticexchange.com/ (simulated demo series)
2024-07-12,BSI,1320.47,14525.17,https://www.balticexchange.com/ (simulated demo series)
2024-07-15,BSI,1316.92,14486.15,https://www.balticexchange.com/ (simulated demo series)
2024-07-16,BSI,1253.98,13793.79,https://www.balticexchange.com/ (simulated demo series)
2024-07-17,BSI,1223.66,13460.26,https://www.balticexchange.com/ (simulated demo series)
2024-07-18,BSI,1251.45,13765.95,https://www.balticexchange.com/ (simulated demo series)
2024-07-19,BSI,1226.61,13492.69,https://www.balticexchange.com/ (simulated demo series)
2024-07-22,BSI,1214.26,13356.83,https://www.balticexchange.com/ (simulated demo series)
2024-07-23,BSI,1236.53,13601.79,https://www.balticexchange.com/ (simulated demo series)
2024-07-24,BSI,1232.9,13561.91,https://www.balticexchange.com/ (simulated demo series)
2024-07-25,BSI,1258.75,13846.24,https://www.balticexchange.com/ (simulated demo series)
2024-07-26,BSI,1256.71,13823.77,https://www.balticexchange.com/ (simulated demo series)
2024-07-29,BSI,1181.13,12992.47,https://www.balticexchange.com/ (simulated demo series)
2024-07-30,BSI,1203.34,13236.74,https://www.balticexchange.com/ (simulated demo series)
2024-07-31,BSI,1173.76,12911.36,https://www.balticexchange.com/ (simulated demo series)
2024-08-01,BSI,1162.6,12788.55,https://www.balticexchange.com/ (simulated demo series)
2024-08-02,BSI,1214.73,13361.98,https://www.balticexchange.com/ (simulated demo series)
2024-08-05,BSI,1096.7,12063.74,https://www.balticexchange.com/ (simulated demo series)
2024-08-06,BSI,1110.21,12212.32,https://www.balticexchange.com/ (simulated demo series)
2024-08-07,BSI,1100.03,12100.32,https://www.balticexchange.com/ (simulated demo series)
2024-08-08,BSI,1053.2,11585.16,https://www.balticexchange.com/ (simulated demo series)
2024-08-09,BSI,1049.67,11546.42,https://www.balticexchange.com/ (simulated demo series)
2024-08-12,BSI,967.49,10642.41,https://www.balticexchange.com/ (simulated demo series)
2024-08-13,BSI,963.47,10598.14,https://www.balticexchange.com/ (simulated demo series)
2024-08-14,BSI,997.85,10976.32,https://www.balticexchange.com/ (simulated demo series)
2024-08-15,BSI,996.2,10958.17,https://www.balticexchange.com/ (simulated demo series)
2024-08-16,BSI,1037.42,11411.66,https://www.balticexchange.com/ (simulated demo series)
2024-08-19,BSI,1074.99,11824.84,https://www.balticexchange.com/ (simulated demo series)
2024-08-20,BSI,1113.09,12243.97,https://www.balticexchange.com/ (simulated demo series)
2024-08-21,BSI,1124.13,12365.38,https://www.balticexchange.com/ (simulated demo series)
2024-08-22,BSI,1164.98,12814.81,https://www.balticexchange.com/ (simulated demo series)
2024-08-23,BSI,1175.81,12933.93,https://www.balticexchange.com/ (simulated demo series)
2024-08-26,BSI,1275.09,14026.01,https://www.balticexchange.com/ (simulated demo series)
2024-08-27,BSI,1283.9,14122.88,https://www.balticexchange.com/ (simulated demo series)
2024-08-28,BSI,1301.87,14320.59,https://www.balticexchange.com/ (simulated demo series)
2024-08-29,BSI,1321.42,14535.58,https://www.balticexchange.com/ (simulated demo series)
2024-08-30,BSI,1295.41,14249.51,https://www.balticexchange.com/ (simulated demo series)
2024-09-02,BSI,1279.16,14070.72,https://www.balticexchange.com/ (simulated demo series)
2024-09-03,BSI,1288.11,14169.17,https://www.balticexchange.com/ (simulated demo series)
2024-09-04,BSI,1315.28,14468.1,https://www.balticexchange.com/ (simulated demo series)
2024-09-05,BSI,1325.65,14582.13,https://www.balticexchange.com/ (simulated demo series)
2024-09-06,BSI,1315.67,14472.32,https://www.balticexchange.com/ (simulated demo series)
2024-09-09,BSI,1306.43,14370.74,https://www.balticexchange.com/ (simulated demo series)
2024-09-10,BSI,1310.2,14412.21,https://www.balticexchange.com/ (simulated demo series)
2024-09-11,BSI,1308.37,14392.06,https://www.balticexchange.com/ (simulated demo series)
2024-09-12,BSI,1270.47,13975.18,https://www.balticexchange.com/ (simulated demo series)
2024-09-13,BSI,1239.89,13638.78,https://www.balticexchange.com/ (simulated demo series)
2024-09-16,BSI,1200.51,13205.61,https://www.balticexchange.com/ (simulated demo series)
2024-09-17,BSI,1206.95,13276.45,https://www.balticexchange.com/ (simulated demo series)
2024-09-18,BSI,1223.42,13457.58,https://www.balticexchange.com/ (simulated demo series)
2024-09-19,BSI,1206.45,13270.96,https://www.balticexchange.com/ (simulated demo series)
2024-09-20,BSI,1206.04,13266.42,https://www.balticexchange.com/ (simulated demo series)
2024-09-23,BSI,1253.99,13793.85,https://www.balticexchange.com/ (simulated demo series)
2024-09-24,BSI,1267.54,13942.92,https://www.balticexchange.com/ (simulated demo series)
2024-09-25,BSI,1284.13,14125.44,https://www.balticexchange.com/ (simulated demo series)
2024-09-26,BSI,1278.96,14068.61,https://www.balticexchange.com/ (simulated demo series)
2024-09-27,BSI,1291.74,14209.19,https://www.balticexchange.com/ (simulated demo series)
2024-09-30,BSI,1305.12,14356.3,https://www.balticexchange.com/ (simulated demo series)
2024-10-01,BSI,1244.08,13684.83,https://www.balticexchange.com/ (simulated demo series)
2024-10-02,BSI,1227.23,13499.5,https://www.balticexchange.com/ (simulated demo series)
2024-10-03,BSI,1203.63,13239.9,https://www.balticexchange.com/ (simulated demo series)
2024-10-04,BSI,1196.01,13156.14,https://www.balticexchange.com/ (simulated demo series)
2024-10-07,BSI,1198.96,13188.59,https://www.balticexchange.com/ (simulated demo series)
2024-10-08,BSI,1184.78,13032.53,https://www.balticexchange.com/ (simulated demo series)
2024-10-09,BSI,1177.76,12955.35,https://www.balticexchange.com/ (simulated demo series)
2024-10-10,BSI,1151.32,12664.52,https://www.balticexchange.com/ (simulated demo series)
2024-10-11,BSI,1113.2,12245.16,https://www.balticexchange.com/ (simulated demo series)
2024-10-14,BSI,1166.29,12829.15,https://www.balticexchange.com/ (simulated demo series)
2024-10-15,BSI,1231.95,13551.43,https://www.balticexchange.com/ (simulated demo series)
2024-10-16,BSI,1216.59,13382.47,https://www.balticexchange.com/ (simulated demo series)
2024-10-17,BSI,1208.76,13296.33,https://www.balticexchange.com/ (simulated demo series)
2024-10-18,BSI,1191.95,13111.41,https://www.balticexchange.com/ (simulated demo series)
2024-10-21,BSI,1187.55,13063.07,https://www.balticexchange.com/ (simulated demo series)
2024-10-22,BSI,1177.82,12955.97,https://www.balticexchange.com/ (simulated demo series)
2024-10-23,BSI,1231.47,13546.19,https://www.balticexchange.com/ (simulated demo series)
2024-10-24,BSI,1228.57,13514.29,https://www.balticexchange.com/ (simulated demo series)
2024-10-25,BSI,1209.48,13304.28,https://www.balticexchange.com/ (simulated demo series)
2024-10-28,BSI,1248.98,13738.79,https://www.balticexchange.com/ (simulated demo series)
2024-10-29,BSI,1257.25,13829.79,https://www.balticexchange.com/ (simulated demo series)
2024-10-30,BSI,1246.66,13713.3,https://www.balticexchange.com/ (simulated demo series)
2024-10-31,BSI,1273.03,14003.3,https://www.balticexchange.com/ (simulated demo series)
2024-11-01,BSI,1263.57,13899.32,https://www.balticexchange.com/ (simulated demo series)
2024-11-04,BSI,1290.86,14199.47,https://www.balticexchange.com/ (simulated demo series)
2024-11-05,BSI,1333.04,14663.43,https://www.balticexchange.com/ (simulated demo series)
2024-11-06,BSI,1356.23,14918.55,https://www.balticexchange.com/ (simulated demo series)
2024-11-07,BSI,1349.7,14846.75,https://www.balticexchange.com/ (simulated demo series)
2024-11-08,BSI,1392.53,15317.82,https://www.balticexchange.com/ (simulated demo series)
2024-11-11,BSI,1438.94,15828.37,https://www.balticexchange.com/ (simulated demo series)
2024-11-12,BSI,1384.17,15225.92,https://www.balticexchange.com/ (simulated demo series)
2024-11-13,BSI,1386.59,15252.51,https://www.balticexchange.com/ (simulated demo series)
2024-11-14,BSI,1398.21,15380.34,https://www.balticexchange.com/ (simulated demo series)
2024-11-15,BSI,1370.8,15078.82,https://www.balticexchange.com/ (simulated demo series)
2024-11-18,BSI,1340.15,14741.63,https://www.balticexchange.com/ (simulated demo series)
2024-11-19,BSI,1313.63,14449.92,https://www.balticexchange.com/ (simulated demo series)
2024-11-20,BSI,1302.15,14323.64,https://www.balticexchange.com/ (simulated demo series)
2024-11-21,BSI,1320.56,14526.15,https://www.balticexchange.com/ (simulated demo series)
2024-11-22,BSI,1337.84,14716.19,https://www.balticexchange.com/ (simulated demo series)
2024-11-25,BSI,1394.01,15334.07,https://www.balticexchange.com/ (simulated demo series)
2024-11-26,BSI,1429.82,15727.99,https://www.balticexchange.com/ (simulated demo series)
2024-11-27,BSI,1409.51,15504.59,https://www.balticexchange.com/ (simulated demo series)
2024-11-28,BSI,1447.75,15925.28,https://www.balticexchange.com/ (simulated demo series)
2024-11-29,BSI,1415.88,15574.65,https://www.balticexchange.com/ (simulated demo series)
2024-12-02,BSI,1494.09,16434.96,https://www.balticexchange.com/ (simulated demo series)
2024-12-03,BSI,1494.94,16444.36,https://www.balticexchange.com/ (simulated demo series)
2024-12-04,BSI,1461.8,16079.84,https://www.balticexchange.com/ (simulated demo series)
2024-12-05,BSI,1518.45,16702.97,https://www.balticexchange.com/ (simulated demo series)
2024-12-06,BSI,1482.37,16306.1,https://www.balticexchange.com/ (simulated demo series)
2024-12-09,BSI,1526.57,16792.25,https://www.balticexchange.com/ (simulated demo series)
2024-12-10,BSI,1553.25,17085.78,https://www.balticexchange.com/ (simulated demo series)
2024-12-11,BSI,1561.8,17179.79,https://www.balticexchange.com/ (simulated demo series)
2024-12-12,BSI,1550.48,17055.24,https://www.balticexchange.com/ (simulated demo series)
2024-12-13,BSI,1547.37,17021.06,https://www.balticexchange.com/ (simulated demo series)
2024-12-16,BSI,1554.45,17098.96,https://www.balticexchange.com/ (simulated demo series)
2024-12-17,BSI,1574.36,17317.92,https://www.balticexchange.com/ (simulated demo series)
2024-12-18,BSI,1572.98,17302.82,https://www.balticexchange.com/ (simulated demo series)
2024-12-19,BSI,1542.85,16971.39,https://www.balticexchange.com/ (simulated demo series)
2024-12-20,BSI,1572.31,17295.38,https://www.balticexchange.com/ (simulated demo series)
2024-12-23,BSI,1595.35,17548.81,https://www.balticexchange.com/ (simulated demo series)
2024-12-24,BSI,1618.23,17800.48,https://www.balticexchange.com/ (simulated demo series)
2024-12-25,BSI,1627.58,17903.36,https://www.balticexchange.com/ (simulated demo series)
2024-12-26,BSI,1668.42,18352.66,https://www.balticexchange.com/ (simulated demo series)
2024-12-27,BSI,1645.87,18104.59,https://www.balticexchange.com/ (simulated demo series)
2024-12-30,BSI,1644.06,18084.69,https://www.balticexchange.com/ (simulated demo series)
2024-12-31,BSI,1645.06,18095.65,https://www.balticexchange.com/ (simulated demo series)
2025-01-01,BSI,1669.8,18367.85,https://www.balticexchange.com/ (simulated demo series)
2025-01-02,BSI,1695.84,18654.2,https://www.balticexchange.com/ (simulated demo series)
2025-01-03,BSI,1715.44,18869.81,https://www.balticexchange.com/ (simulated demo series)
2025-01-06,BSI,1656.02,18216.21,https://www.balticexchange.com/ (simulated demo series)
2025-01-07,BSI,1669.01,18359.1,https://www.balticexchange.com/ (simulated demo series)
2025-01-08,BSI,1646.13,18107.48,https://www.balticexchange.com/ (simulated demo series)
2025-01-09,BSI,1610.8,17718.78,https://www.balticexchange.com/ (simulated demo series)
2025-01-10,BSI,1582.55,17408.09,https://www.balticexchange.com/ (simulated demo series)
2025-01-13,BSI,1535.32,16888.47,https://www.balticexchange.com/ (simulated demo series)
2025-01-14,BSI,1483.28,16316.11,https://www.balticexchange.com/ (simulated demo series)
2025-01-15,BSI,1479.68,16276.51,https://www.balticexchange.com/ (simulated demo series)
2025-01-16,BSI,1534.57,16880.24,https://www.balticexchange.com/ (simulated demo series)
2025-01-17,BSI,1558.88,17147.72,https://www.balticexchange.com/ (simulated demo series)
2025-01-20,BSI,1578.2,17360.19,https://www.balticexchange.com/ (simulated demo series)
2025-01-21,BSI,1566.57,17232.23,https://www.balticexchange.com/ (simulated demo series)
2025-01-22,BSI,1598.42,17582.62,https://www.balticexchange.com/ (simulated demo series)
2025-01-23,BSI,1624.95,17874.5,https://www.balticexchange.com/ (simulated demo series)
2025-01-24,BSI,1610.64,17717.06,https://www.balticexchange.com/ (simulated demo series)
2025-01-27,BSI,1608.17,17689.88,https://www.balticexchange.com/ (simulated demo series)
2025-01-28,BSI,1651.94,18171.29,https://www.balticexchange.com/ (simulated demo series)
2025-01-29,BSI,1664.15,18305.65,https://www.balticexchange.com/ (simulated demo series)
2025-01-30,BSI,1676.1,18437.14,https://www.balticexchange.com/ (simulated demo series)
2025-01-31,BSI,1660.22,18262.42,https://www.balticexchange.com/ (simulated demo series)
2025-02-03,BSI,1657.66,18234.29,https://www.balticexchange.com/ (simulated demo series)
2025-02-04,BSI,1646.27,18109.0,https://www.balticexchange.com/ (simulated demo series)
2025-02-05,BSI,1640.55,18046.07,https://www.balticexchange.com/ (simulated demo series)
2025-02-06,BSI,1658.1,18239.1,https://www.balticexchange.com/ (simulated demo series)
2025-02-07,BSI,1627.82,17906.04,https://www.balticexchange.com/ (simulated demo series)
2025-02-10,BSI,1558.18,17139.95,https://www.balticexchange.com/ (simulated demo series)
2025-02-11,BSI,1582.83,17411.17,https://www.balticexchange.com/ (simulated demo series)
2025-02-12,BSI,1604.92,17654.08,https://www.balticexchange.com/ (simulated demo series)
2025-02-13,BSI,1633.31,17966.44,https://www.balticexchange.com/ (simulated demo series)
2025-02-14,BSI,1548.11,17029.16,https://www.balticexchange.com/ (simulated demo series)
2025-02-17,BSI,1480.22,16282.38,https://www.balticexchange.com/ (simulated demo series)
2025-02-18,BSI,1465.01,16115.08,https://www.balticexchange.com/ (simulated demo series)
2025-02-19,BSI,1483.37,16317.06,https://www.balticexchange.com/ (simulated demo series)
2025-02-20,BSI,1491.33,16404.62,https://www.balticexchange.com/ (simulated demo series)
2025-02-21,BSI,1477.15,16248.68,https://www.balticexchange.com/ (simulated demo series)
2025-02-24,BSI,1518.76,16706.41,https://www.balticexchange.com/ (simulated demo series)
2025-02-25,BSI,1567.51,17242.59,https://www.balticexchange.com/ (simulated demo series)
2025-02-26,BSI,1593.95,17533.49,https://www.balticexchange.com/ (simulated demo series)
2025-02-27,BSI,1636.95,18006.41,https://www.balticexchange.com/ (simulated demo series)
2025-02-28,BSI,1676.1,18437.05,https://www.balticexchange.com/ (simulated demo series)
2025-03-03,BSI,1749.82,19248.05,https://www.balticexchange.com/ (simulated demo series)
2025-03-04,BSI,1748.79,19236.65,https://www.balticexchange.com/ (simulated demo series)
2025-03-05,BSI,1711.71,18828.76,https://www.balticexchange.com/ (simulated demo series)
2025-03-06,BSI,1648.8,18136.81,https://www.balticexchange.com/ (simulated demo series)
2025-03-07,BSI,1702.61,18728.72,https://www.balticexchange.com/ (simulated demo series)
2025-03-10,BSI,1712.34,18835.78,https://www.balticexchange.com/ (simulated demo series)
2025-03-11,BSI,1747.96,19227.53,https://www.balticexchange.com/ (simulated demo series)
2025-03-12,BSI,1784.98,19634.73,https://www.balticexchange.com/ (simulated demo series)
2025-03-13,BSI,1847.21,20319.26,https://www.balticexchange.com/ (simulated demo series)
2025-03-14,BSI,1891.41,20805.5,https://www.balticexchange.com/ (simulated demo series)
2025-03-17,BSI,1864.48,20509.28,https://www.balticexchange.com/ (simulated demo series)
2025-03-18,BSI,1917.58,21093.36,https://www.balticexchange.com/ (simulated demo series)
2025-03-19,BSI,1928.38,21212.16,https://www.balticexchange.com/ (simulated demo series)
2025-03-20,BSI,1995.38,21949.13,https://www.balticexchange.com/ (simulated demo series)
2025-03-21,BSI,1966.99,21636.93,https://www.balticexchange.com/ (simulated demo series)
2025-03-24,BSI,2001.41,22015.49,https://www.balticexchange.com/ (simulated demo series)
2025-03-25,BSI,1970.42,21674.66,https://www.balticexchange.com/ (simulated demo series)
2025-03-26,BSI,1927.36,21200.94,https://www.balticexchange.com/ (simulated demo series)
2025-03-27,BSI,1914.35,21057.88,https://www.balticexchange.com/ (simulated demo series)
2025-03-28,BSI,1914.9,21063.94,https://www.balticexchange.com/ (simulated demo series)
2025-03-31,BSI,1845.41,20299.48,https://www.balticexchange.com/ (simulated demo series)
2025-04-01,BSI,1868.87,20557.56,https://www.balticexchange.com/ (simulated demo series)
2025-04-02,BSI,1902.68,20929.43,https://www.balticexchange.com/ (simulated demo series)
2025-04-03,BSI,1931.29,21244.19,https://www.balticexchange.com/ (simulated demo series)
2025-04-04,BSI,1863.95,20503.45,https://www.balticexchange.com/ (simulated demo series)
2025-04-07,BSI,2049.32,22542.5,https://www.balticexchange.com/ (simulated demo series)
2025-04-08,BSI,2095.57,23051.24,https://www.balticexchange.com/ (simulated demo series)
2025-04-09,BSI,2015.42,22169.59,https://www.balticexchange.com/ (simulated demo series)
2025-04-10,BSI,1984.86,21833.42,https://www.balticexchange.com/ (simulated demo series)
2025-04-11,BSI,1959.08,21549.89,https://www.balticexchange.com/ (simulated demo series)
2025-04-14,BSI,1978.53,21763.83,https://www.balticexchange.com/ (simulated demo series)
2025-04-15,BSI,1930.36,21233.93,https://www.balticexchange.com/ (simulated demo series)
2025-04-16,BSI,1945.03,21395.28,https://www.balticexchange.com/ (simulated demo series)
2025-04-17,BSI,2000.78,22008.56,https://www.balticexchange.com/ (simulated demo series)
2025-04-18,BSI,2014.24,22156.63,https://www.balticexchange.com/ (simulated demo series)
2025-04-21,BSI,1963.18,21594.93,https://www.balticexchange.com/ (simulated demo series)
2025-04-22,BSI,1917.71,21094.76,https://www.balticexchange.com/ (simulated demo series)
2025-04-23,BSI,1851.79,20369.64,https://www.balticexchange.com/ (simulated demo series)
2025-04-24,BSI,1800.4,19804.43,https://www.balticexchange.com/ (simulated demo series)
2025-04-25,BSI,1825.67,20082.37,https://www.balticexchange.com/ (simulated demo series)
2025-04-28,BSI,1729.27,19021.92,https://www.balticexchange.com/ (simulated demo series)
2025-04-29,BSI,1726.99,18996.94,https://www.balticexchange.com/ (simulated demo series)
2025-04-30,BSI,1776.69,19543.61,https://www.balticexchange.com/ (simulated demo series)
2025-05-01,BSI,1822.14,20043.52,https://www.balticexchange.com/ (simulated demo series)
2025-05-02,BSI,1806.83,19875.1,https://www.balticexchange.com/ (simulated demo series)
2025-05-05,BSI,1752.38,19276.13,https://www.balticexchange.com/ (simulated demo series)
2025-05-06,BSI,1794.08,19734.84,https://www.balticexchange.com/ (simulated demo series)
2025-05-07,BSI,1827.09,20098.02,https://www.balticexchange.com/ (simulated demo series)
2025-05-08,BSI,1792.57,19718.31,https://www.balticexchange.com/ (simulated demo series)
2025-05-09,BSI,1743.84,19182.23,https://www.balticexchange.com/ (simulated demo series)
2025-05-12,BSI,1704.49,18749.36,https://www.balticexchange.com/ (simulated demo series)
2025-05-13,BSI,1716.29,18879.21,https://www.balticexchange.com/ (simulated demo series)
2025-05-14,BSI,1743.74,19181.1,https://www.balticexchange.com/ (simulated demo series)
2025-05-15,BSI,1734.93,19084.27,https://www.balticexchange.com/ (simulated demo series)
2025-05-16,BSI,1745.36,19198.98,https://www.balticexchange.com/ (simulated demo series)
2025-05-19,BSI,1708.92,18798.16,https://www.balticexchange.com/ (simulated demo series)
2025-05-20,BSI,1696.8,18664.85,https://www.balticexchange.com/ (simulated demo series)
2025-05-21,BSI,1710.23,18812.49,https://www.balticexchange.com/ (simulated demo series)
2025-05-22,BSI,1735.55,19091.01,https://www.balticexchange.com/ (simulated demo series)
2025-05-23,BSI,1745.51,19200.65,https://www.balticexchange.com/ (simulated demo series)
2025-05-26,BSI,1776.05,19536.51,https://www.balticexchange.com/ (simulated demo series)
2025-05-27,BSI,1767.59,19443.5,https://www.balticexchange.com/ (simulated demo series)
2025-05-28,BSI,1748.73,19235.98,https://www.balticexchange.com/ (simulated demo series)
2025-05-29,BSI,1842.25,20264.75,https://www.balticexchange.com/ (simulated demo series)
2025-05-30,BSI,1785.31,19638.36,https://www.balticexchange.com/ (simulated demo series)
2025-06-02,BSI,1802.55,19828.04,https://www.balticexchange.com/ (simulated demo series)
2025-06-03,BSI,1789.18,19680.97,https://www.balticexchange.com/ (simulated demo series)
2025-06-04,BSI,1767.29,19440.17,https://www.balticexchange.com/ (simulated demo series)
2025-06-05,BSI,1680.89,18489.83,https://www.balticexchange.com/ (simulated demo series)
2025-06-06,BSI,1593.87,17532.54,https://www.balticexchange.com/ (simulated demo series)
2025-06-09,BSI,1637.66,18014.28,https://www.balticexchange.com/ (simulated demo series)
2025-06-10,BSI,1653.18,18185.0,https://www.balticexchange.com/ (simulated demo series)
2025-06-11,BSI,1668.67,18355.39,https://www.balticexchange.com/ (simulated demo series)
2025-06-12,BSI,1687.73,18565.0,https://www.balticexchange.com/ (simulated demo series)
2025-06-13,BSI,1678.43,18462.76,https://www.balticexchange.com/ (simulated demo series)
2025-06-16,BSI,1669.24,18361.68,https://www.balticexchange.com/ (simulated demo series)
2025-06-17,BSI,1618.17,17799.87,https://www.balticexchange.com/ (simulated demo series)
2025-06-18,BSI,1646.49,18111.34,https://www.balticexchange.com/ (simulated demo series)
2025-06-19,BSI,1651.36,18164.99,https://www.balticexchange.com/ (simulated demo series)
2025-06-20,BSI,1626.5,17891.49,https://www.balticexchange.com/ (simulated demo series)
2025-06-23,BSI,1620.06,17820.66,https://www.balticexchange.com/ (simulated demo series)
2025-06-24,BSI,1650.0,18149.99,https://www.balticexchange.com/ (simulated demo series)
2025-06-25,BSI,1627.57,17903.29,https://www.balticexchange.com/ (simulated demo series)
2025-06-26,BSI,1616.47,17781.18,https://www.balticexchange.com/ (simulated demo series)
2025-06-27,BSI,1626.21,17888.35,https://www.balticexchange.com/ (simulated demo series)
2025-06-30,BSI,1655.84,18214.27,https://www.balticexchange.com/ (simulated demo series)
2025-07-01,BSI,1605.57,17661.31,https://www.balticexchange.com/ (simulated demo series)
2025-07-02,BSI,1622.88,17851.72,https://www.balticexchange.com/ (simulated demo series)
2025-07-03,BSI,1565.6,17221.55,https://www.balticexchange.com/ (simulated demo series)
2025-07-04,BSI,1553.4,17087.42,https://www.balticexchange.com/ (simulated demo series)
2025-07-07,BSI,1559.34,17152.7,https://www.balticexchange.com/ (simulated demo series)
2025-07-08,BSI,1571.18,17282.97,https://www.balticexchange.com/ (simulated demo series)
2025-07-09,BSI,1484.76,16332.4,https://www.balticexchange.com/ (simulated demo series)
2025-07-10,BSI,1459.33,16052.64,https://www.balticexchange.com/ (simulated demo series)
2025-07-11,BSI,1444.45,15888.91,https://www.balticexchange.com/ (simulated demo series)
2025-07-14,BSI,1483.0,16313.04,https://www.balticexchange.com/ (simulated demo series)
2025-07-15,BSI,1439.31,15832.4,https://www.balticexchange.com/ (simulated demo series)
2025-07-16,BSI,1431.25,15743.74,https://www.balticexchange.com/ (simulated demo series)
2025-07-17,BSI,1446.28,15909.03,https://www.balticexchange.com/ (simulated demo series)
2025-07-18,BSI,1505.61,16561.67,https://www.balticexchange.com/ (simulated demo series)
2025-07-21,BSI,1417.19,15589.05,https://www.balticexchange.com/ (simulated demo series)
2025-07-22,BSI,1424.78,15672.55,https://www.balticexchange.com/ (simulated demo series)
2025-07-23,BSI,1367.53,15042.82,https://www.balticexchange.com/ (simulated demo series)
2025-07-24,BSI,1409.66,15506.25,https://www.balticexchange.com/ (simulated demo series)
2025-07-25,BSI,1385.86,15244.5,https://www.balticexchange.com/ (simulated demo series)
2025-07-28,BSI,1383.62,15219.86,https://www.balticexchange.com/ (simulated demo series)
2025-07-29,BSI,1395.77,15353.47,https://www.balticexchange.com/ (simulated demo series)
2025-07-30,BSI,1351.35,14864.9,https://www.balticexchange.com/ (simulated demo series)
2025-07-31,BSI,1314.5,14459.45,https://www.balticexchange.com/ (simulated demo series)
2025-08-01,BSI,1305.92,14365.13,https://www.balticexchange.com/ (simulated demo series)
2025-08-04,BSI,1248.73,13736.05,https://www.balticexchange.com/ (simulated demo series)
2025-08-05,BSI,1254.95,13804.41,https://www.balticexchange.com/ (simulated demo series)
2025-08-06,BSI,1256.58,13822.42,https://www.balticexchange.com/ (simulated demo series)
2025-08-07,BSI,1265.08,13915.84,https://www.balticexchange.com/ (simulated demo series)
2025-08-08,BSI,1258.15,13839.7,https://www.balticexchange.com/ (simulated demo series)
2025-08-11,BSI,1226.21,13488.27,https://www.balticexchange.com/ (simulated demo series)
2025-08-12,BSI,1236.92,13606.15,https://www.balticexchange.com/ (simulated demo series)
2025-08-13,BSI,1221.55,13437.06,https://www.balticexchange.com/ (simulated demo series)
2025-08-14,BSI,1204.0,13244.05,https://www.balticexchange.com/ (simulated demo series)
2025-08-15,BSI,1210.92,13320.09,https://www.balticexchange.com/ (simulated demo series)
2025-08-18,BSI,1188.02,13068.25,https://www.balticexchange.com/ (simulated demo series)
2025-08-19,BSI,1157.9,12736.87,https://www.balticexchange.com/ (simulated demo series)
2025-08-20,BSI,1132.28,12455.12,https://www.balticexchange.com/ (simulated demo series)
2025-08-21,BSI,1139.28,12532.1,https://www.balticexchange.com/ (simulated demo series)
2025-08-22,BSI,1170.2,12872.17,https://www.balticexchange.com/ (simulated demo series)
2025-08-25,BSI,1150.38,12654.19,https://www.balticexchange.com/ (simulated demo series)
2025-08-26,BSI,1177.49,12952.4,https://www.balticexchange.com/ (simulated demo series)
2025-08-27,BSI,1120.99,12330.86,https://www.balticexchange.com/ (simulated demo series)
2025-08-28,BSI,1114.82,12263.02,https://www.balticexchange.com/ (simulated demo series)
2025-08-29,BSI,1114.07,12254.75,https://www.balticexchange.com/ (simulated demo series)
2025-09-01,BSI,1083.25,11915.71,https://www.balticexchange.com/ (simulated demo series)
2025-09-02,BSI,1047.63,11523.88,https://www.balticexchange.com/ (simulated demo series)
2025-09-03,BSI,1049.02,11539.27,https://www.balticexchange.com/ (simulated demo series)
2025-09-04,BSI,1046.32,11509.48,https://www.balticexchange.com/ (simulated demo series)
2025-09-05,BSI,1013.66,11150.26,https://www.balticexchange.com/ (simulated demo series)
2025-09-08,BSI,957.35,10530.8,https://www.balticexchange.com/ (simulated demo series)
2025-09-09,BSI,984.42,10828.66,https://www.balticexchange.com/ (simulated demo series)
2025-09-10,BSI,973.81,10711.93,https://www.balticexchange.com/ (simulated demo series)
2025-09-11,BSI,965.95,10625.41,https://www.balticexchange.com/ (simulated demo series)
2025-09-12,BSI,984.1,10825.08,https://www.balticexchange.com/ (simulated demo series)
2025-09-15,BSI,1076.71,11843.86,https://www.balticexchange.com/ (simulated demo series)
2025-09-16,BSI,1096.56,12062.16,https://www.balticexchange.com/ (simulated demo series)
2025-09-17,BSI,1106.82,12175.05,https://www.balticexchange.com/ (simulated demo series)
2025-09-18,BSI,1118.98,12308.81,https://www.balticexchange.com/ (simulated demo series)
2025-09-19,BSI,1110.01,12210.11,https://www.balticexchange.com/ (simulated demo series)
2025-09-22,BSI,1165.33,12818.61,https://www.balticexchange.com/ (simulated demo series)
2025-09-23,BSI,1137.33,12510.6,https://www.balticexchange.com/ (simulated demo series)
2025-09-24,BSI,1089.48,11984.3,https://www.balticexchange.com/ (simulated demo series)
2025-09-25,BSI,1049.86,11548.49,https://www.balticexchange.com/ (simulated demo series)
2025-09-26,BSI,1082.72,11909.97,https://www.balticexchange.com/ (simulated demo series)
2025-09-29,BSI,1111.49,12226.39,https://www.balticexchange.com/ (simulated demo series)
2025-09-30,BSI,1118.89,12307.8,https://www.balticexchange.com/ (simulated demo series)
2025-10-01,BSI,1112.92,12242.13,https://www.balticexchange.com/ (simulated demo series)
2025-10-02,BSI,1102.82,12131.04,https://www.balticexchange.com/ (simulated demo series)
2025-10-03,BSI,1116.94,12286.39,https://www.balticexchange.com/ (simulated demo series)
2025-10-06,BSI,1112.97,12242.7,https://www.balticexchange.com/ (simulated demo series)
2025-10-07,BSI,1122.85,12351.3,https://www.balticexchange.com/ (simulated demo series)
2025-10-08,BSI,1122.33,12345.68,https://www.balticexchange.com/ (simulated demo series)
2025-10-09,BSI,1099.57,12095.29,https://www.balticexchange.com/ (simulated demo series)
2025-10-10,BSI,1108.97,12198.63,https://www.balticexchange.com/ (simulated demo series)
2025-10-13,BSI,1053.02,11583.17,https://www.balticexchange.com/ (simulated demo series)
2025-10-14,BSI,1031.1,11342.09,https://www.balticexchange.com/ (simulated demo series)
2025-10-15,BSI,1019.5,11214.47,https://www.balticexchange.com/ (simulated demo series)
2025-10-16,BSI,1036.28,11399.08,https://www.balticexchange.com/ (simulated demo series)
2025-10-17,BSI,1046.23,11508.49,https://www.balticexchange.com/ (simulated demo series)
2025-10-20,BSI,1077.09,11847.99,https://www.balticexchange.com/ (simulated demo series)
2025-10-21,BSI,1091.7,12008.73,https://www.balticexchange.com/ (simulated demo series)
2025-10-22,BSI,1087.53,11962.88,https://www.balticexchange.com/ (simulated demo series)
2025-10-23,BSI,1109.31,12202.46,https://www.balticexchange.com/ (simulated demo series)
2025-10-24,BSI,1102.19,12124.09,https://www.balticexchange.com/ (simulated demo series)
2025-10-27,BSI,1094.23,12036.56,https://www.balticexchange.com/ (simulated demo series)
2025-10-28,BSI,1129.67,12426.42,https://www.balticexchange.com/ (simulated demo series)
2025-10-29,BSI,1149.93,12649.18,https://www.balticexchange.com/ (simulated demo series)
2025-10-30,BSI,1153.96,12693.51,https://www.balticexchange.com/ (simulated demo series)
2025-10-31,BSI,1136.43,12500.7,https://www.balticexchange.com/ (simulated demo series)
2025-11-03,BSI,1111.01,12221.15,https://www.balticexchange.com/ (simulated demo series)
2025-11-04,BSI,1102.75,12130.29,https://www.balticexchange.com/ (simulated demo series)
2025-11-05,BSI,1058.68,11645.53,https://www.balticexchange.com/ (simulated demo series)
2025-11-06,BSI,1076.35,11839.84,https://www.balticexchange.com/ (simulated demo series)
2025-11-07,BSI,1068.98,11758.76,https://www.balticexchange.com/ (simulated demo series)
2025-11-10,BSI,979.95,10779.44,https://www.balticexchange.com/ (simulated demo series)
2025-11-11,BSI,977.93,10757.24,https://www.balticexchange.com/ (simulated demo series)
2025-11-12,BSI,1003.05,11033.57,https://www.balticexchange.com/ (simulated demo series)
2025-11-13,BSI,1010.05,11110.52,https://www.balticexchange.com/ (simulated demo series)
2025-11-14,BSI,997.02,10967.2,https://www.balticexchange.com/ (simulated demo series)
2025-11-17,BSI,1009.69,11106.59,https://www.balticexchange.com/ (simulated demo series)
2025-11-18,BSI,1028.6,11314.59,https://www.balticexchange.com/ (simulated demo series)
2025-11-19,BSI,1036.73,11403.98,https://www.balticexchange.com/ (simulated demo series)
2025-11-20,BSI,1040.83,11449.17,https://www.balticexchange.com/ (simulated demo series)
2025-11-21,BSI,1066.52,11731.77,https://www.balticexchange.com/ (simulated demo series)
2025-11-24,BSI,1109.02,12199.24,https://www.balticexchange.com/ (simulated demo series)
2025-11-25,BSI,1116.75,12284.22,https://www.balticexchange.com/ (simulated demo series)
2025-11-26,BSI,1141.33,12554.6,https://www.balticexchange.com/ (simulated demo series)
2025-11-27,BSI,1113.76,12251.34,https://www.balticexchange.com/ (simulated demo series)
2025-11-28,BSI,1120.57,12326.31,https://www.balticexchange.com/ (simulated demo series)
2025-12-01,BSI,1163.13,12794.38,https://www.balticexchange.com/ (simulated demo series)
2025-12-02,BSI,1141.96,12561.51,https://www.balticexchange.com/ (simulated demo series)
2025-12-03,BSI,1104.63,12150.94,https://www.balticexchange.com/ (simulated demo series)
2025-12-04,BSI,1109.75,12207.29,https://www.balticexchange.com/ (simulated demo series)
2025-12-05,BSI,1110.49,12215.38,https://www.balticexchange.com/ (simulated demo series)
2025-12-08,BSI,1088.5,11973.52,https://www.balticexchange.com/ (simulated demo series)
2025-12-09,BSI,1092.44,12016.81,https://www.balticexchange.com/ (simulated demo series)
2025-12-10,BSI,1107.72,12184.96,https://www.balticexchange.com/ (simulated demo series)
2025-12-11,BSI,1121.49,12336.35,https://www.balticexchange.com/ (simulated demo series)
2025-12-12,BSI,1145.6,12601.6,https://www.balticexchange.com/ (simulated demo series)
2025-12-15,BSI,1254.57,13800.24,https://www.balticexchange.com/ (simulated demo series)
2025-12-16,BSI,1284.83,14133.11,https://www.balticexchange.com/ (simulated demo series)
2025-12-17,BSI,1201.56,13217.13,https://www.balticexchange.com/ (simulated demo series)
2025-12-18,BSI,1242.48,13667.23,https://www.balticexchange.com/ (simulated demo series)
2025-12-19,BSI,1209.08,13299.91,https://www.balticexchange.com/ (simulated demo series)
2025-12-22,BSI,1312.63,14438.89,https://www.balticexchange.com/ (simulated demo series)
2025-12-23,BSI,1375.21,15127.29,https://www.balticexchange.com/ (simulated demo series)
2025-12-24,BSI,1344.53,14789.82,https://www.balticexchange.com/ (simulated demo series)
2025-12-25,BSI,1345.5,14800.51,https://www.balticexchange.com/ (simulated demo series)
2025-12-26,BSI,1331.82,14650.07,https://www.balticexchange.com/ (simulated demo series)
2025-12-29,BSI,1415.07,15565.8,https://www.balticexchange.com/ (simulated demo series)
2025-12-30,BSI,1413.11,15544.2,https://www.balticexchange.com/ (simulated demo series)
2025-12-31,BSI,1413.19,15545.1,https://www.balticexchange.com/ (simulated demo series)
2026-01-01,BSI,1406.86,15475.43,https://www.balticexchange.com/ (simulated demo series)
2026-01-02,BSI,1452.15,15973.64,https://www.balticexchange.com/ (simulated demo series)
2026-01-05,BSI,1499.16,16490.73,https://www.balticexchange.com/ (simulated demo series)
2026-01-06,BSI,1535.36,16888.95,https://www.balticexchange.com/ (simulated demo series)
2026-01-07,BSI,1563.25,17195.7,https://www.balticexchange.com/ (simulated demo series)
2026-01-08,BSI,1599.78,17597.61,https://www.balticexchange.com/ (simulated demo series)
2026-01-09,BSI,1648.44,18132.87,https://www.balticexchange.com/ (simulated demo series)
2026-01-12,BSI,1588.4,17472.39,https://www.balticexchange.com/ (simulated demo series)
2026-01-13,BSI,1516.25,16678.72,https://www.balticexchange.com/ (simulated demo series)
2026-01-14,BSI,1494.64,16441.07,https://www.balticexchange.com/ (simulated demo series)
2026-01-15,BSI,1476.04,16236.4,https://www.balticexchange.com/ (simulated demo series)
2026-01-16,BSI,1466.43,16130.69,https://www.balticexchange.com/ (simulated demo series)
2026-01-19,BSI,1415.54,15570.97,https://www.balticexchange.com/ (simulated demo series)
2026-01-20,BSI,1431.83,15750.09,https://www.balticexchange.com/ (simulated demo series)
2026-01-21,BSI,1432.8,15760.76,https://www.balticexchange.com/ (simulated demo series)
2026-01-22,BSI,1431.79,15749.67,https://www.balticexchange.com/ (simulated demo series)
2026-01-23,BSI,1443.97,15883.67,https://www.balticexchange.com/ (simulated demo series)
2026-01-26,BSI,1392.14,15313.58,https://www.balticexchange.com/ (simulated demo series)
2026-01-27,BSI,1412.1,15533.13,https://www.balticexchange.com/ (simulated demo series)
2026-01-28,BSI,1386.61,15252.73,https://www.balticexchange.com/ (simulated demo series)
2026-01-29,BSI,1423.5,15658.49,https://www.balticexchange.com/ (simulated demo series)
2026-01-30,BSI,1395.25,15347.76,https://www.balticexchange.com/ (simulated demo series)
2026-02-02,BSI,1367.13,15038.45,https://www.balticexchange.com/ (simulated demo series)
2026-02-03,BSI,1402.62,15428.79,https://www.balticexchange.com/ (simulated demo series)
2026-02-04,BSI,1438.3,15821.33,https://www.balticexchange.com/ (simulated demo series)
2026-02-05,BSI,1443.91,15882.99,https://www.balticexchange.com/ (simulated demo series)
2026-02-06,BSI,1487.56,16363.15,https://www.balticexchange.com/ (simulated demo series)
2026-02-09,BSI,1476.42,16240.65,https://www.balticexchange.com/ (simulated demo series)
2026-02-10,BSI,1534.67,16881.38,https://www.balticexchange.com/ (simulated demo series)
2026-02-11,BSI,1502.38,16526.13,https://www.balticexchange.com/ (simulated demo series)
2026-02-12,BSI,1499.48,16494.31,https://www.balticexchange.com/ (simulated demo series)
2026-02-13,BSI,1471.5,16186.5,https://www.balticexchange.com/ (simulated demo series)
2026-02-16,BSI,1442.87,15871.54,https://www.balticexchange.com/ (simulated demo series)
2026-02-17,BSI,1397.12,15368.33,https://www.balticexchange.com/ (simulated demo series)
2026-02-18,BSI,1397.16,15368.78,https://www.balticexchange.com/ (simulated demo series)
2026-02-19,BSI,1381.33,15194.66,https://www.balticexchange.com/ (simulated demo series)
2026-02-20,BSI,1392.64,15319.06,https://www.balticexchange.com/ (simulated demo series)
2026-02-23,BSI,1436.57,15802.29,https://www.balticexchange.com/ (simulated demo series)
2026-02-24,BSI,1424.69,15671.58,https://www.balticexchange.com/ (simulated demo series)
2026-02-25,BSI,1430.36,15733.98,https://www.balticexchange.com/ (simulated demo series)
2026-02-26,BSI,1372.34,15095.78,https://www.balticexchange.com/ (simulated demo series)
2026-02-27,BSI,1333.62,14669.87,https://www.balticexchange.com/ (simulated demo series)
2026-03-02,BSI,1368.24,15050.66,https://www.balticexchange.com/ (simulated demo series)
2026-03-03,BSI,1357.72,14934.95,https://www.balticexchange.com/ (simulated demo series)
2026-03-04,BSI,1391.83,15310.15,https://www.balticexchange.com/ (simulated demo series)
2026-03-05,BSI,1378.43,15162.69,https://www.balticexchange.com/ (simulated demo series)
2026-03-06,BSI,1344.52,14789.77,https://www.balticexchange.com/ (simulated demo series)
2026-03-09,BSI,1336.64,14703.02,https://www.balticexchange.com/ (simulated demo series)
2026-03-10,BSI,1389.48,15284.23,https://www.balticexchange.com/ (simulated demo series)
2026-03-11,BSI,1457.82,16036.06,https://www.balticexchange.com/ (simulated demo series)
2026-03-12,BSI,1480.0,16280.04,https://www.balticexchange.com/ (simulated demo series)
2026-03-13,BSI,1498.95,16488.41,https://www.balticexchange.com/ (simulated demo series)
2026-03-16,BSI,1389.25,15281.78,https://www.balticexchange.com/ (simulated demo series)
2026-03-17,BSI,1388.73,15276.07,https://www.balticexchange.com/ (simulated demo series)
2026-03-18,BSI,1413.93,15553.24,https://www.balticexchange.com/ (simulated demo series)
2026-03-19,BSI,1418.1,15599.05,https://www.balticexchange.com/ (simulated demo series)
2026-03-20,BSI,1395.97,15355.71,https://www.balticexchange.com/ (simulated demo series)
2026-03-23,BSI,1354.96,14904.53,https://www.balticexchange.com/ (simulated demo series)
2026-03-24,BSI,1347.85,14826.31,https://www.balticexchange.com/ (simulated demo series)
2026-03-25,BSI,1378.28,15161.09,https://www.balticexchange.com/ (simulated demo series)
2026-03-26,BSI,1401.63,15417.96,https://www.balticexchange.com/ (simulated demo series)
2026-03-27,BSI,1434.41,15778.5,https://www.balticexchange.com/ (simulated demo series)
2026-03-30,BSI,1464.4,16108.36,https://www.balticexchange.com/ (simulated demo series)
2026-03-31,BSI,1472.1,16193.12,https://www.balticexchange.com/ (simulated demo series)
2026-04-01,BSI,1460.94,16070.35,https://www.balticexchange.com/ (simulated demo series)
2026-04-02,BSI,1487.74,16365.11,https://www.balticexchange.com/ (simulated demo series)
2026-04-03,BSI,1502.46,16527.11,https://www.balticexchange.com/ (simulated demo series)
2026-04-06,BSI,1457.04,16027.4,https://www.balticexchange.com/ (simulated demo series)
2026-04-07,BSI,1476.97,16246.63,https://www.balticexchange.com/ (simulated demo series)
2026-04-08,BSI,1504.09,16544.96,https://www.balticexchange.com/ (simulated demo series)
2026-04-09,BSI,1507.68,16584.48,https://www.balticexchange.com/ (simulated demo series)
2026-04-10,BSI,1507.38,16581.14,https://www.balticexchange.com/ (simulated demo series)
2026-04-13,BSI,1502.11,16523.22,https://www.balticexchange.com/ (simulated demo series)
2026-04-14,BSI,1519.69,16716.64,https://www.balticexchange.com/ (simulated demo series)
2026-04-15,BSI,1524.53,16769.82,https://www.balticexchange.com/ (simulated demo series)
2026-04-16,BSI,1507.76,16585.32,https://www.balticexchange.com/ (simulated demo series)
2026-04-17,BSI,1463.35,16096.9,https://www.balticexchange.com/ (simulated demo series)
2026-04-20,BSI,1462.5,16087.47,https://www.balticexchange.com/ (simulated demo series)
2026-04-21,BSI,1439.49,15834.39,https://www.balticexchange.com/ (simulated demo series)
2026-04-22,BSI,1433.44,15767.8,https://www.balticexchange.com/ (simulated demo series)
2026-04-23,BSI,1457.07,16027.73,https://www.balticexchange.com/ (simulated demo series)
2026-04-24,BSI,1443.18,15874.99,https://www.balticexchange.com/ (simulated demo series)
2026-04-27,BSI,1448.31,15931.38,https://www.balticexchange.com/ (simulated demo series)
2026-04-28,BSI,1449.11,15940.23,https://www.balticexchange.com/ (simulated demo series)
2026-04-29,BSI,1457.28,16030.12,https://www.balticexchange.com/ (simulated demo series)
2026-04-30,BSI,1454.4,15998.38,https://www.balticexchange.com/ (simulated demo series)
2026-05-01,BSI,1446.16,15907.77,https://www.balticexchange.com/ (simulated demo series)
2026-05-04,BSI,1431.92,15751.08,https://www.balticexchange.com/ (simulated demo series)
2026-05-05,BSI,1405.02,15455.19,https://www.balticexchange.com/ (simulated demo series)
2026-05-06,BSI,1376.89,15145.74,https://www.balticexchange.com/ (simulated demo series)
2026-05-07,BSI,1377.21,15149.27,https://www.balticexchange.com/ (simulated demo series)
2026-05-08,BSI,1403.45,15437.9,https://www.balticexchange.com/ (simulated demo series)
2026-05-11,BSI,1369.81,15067.95,https://www.balticexchange.com/ (simulated demo series)
2026-05-12,BSI,1392.97,15322.63,https://www.balticexchange.com/ (simulated demo series)
2026-05-13,BSI,1421.18,15632.98,https://www.balticexchange.com/ (simulated demo series)
2026-05-14,BSI,1412.47,15537.15,https://www.balticexchange.com/ (simulated demo series)
2026-05-15,BSI,1405.99,15465.94,https://www.balticexchange.com/ (simulated demo series)
2026-05-18,BSI,1464.71,16111.76,https://www.balticexchange.com/ (simulated demo series)
2026-05-19,BSI,1449.3,15942.3,https://www.balticexchange.com/ (simulated demo series)
2026-05-20,BSI,1491.48,16406.32,https://www.balticexchange.com/ (simulated demo series)
2026-05-21,BSI,1537.04,16907.41,https://www.balticexchange.com/ (simulated demo series)
2026-05-22,BSI,1565.78,17223.54,https://www.balticexchange.com/ (simulated demo series)
2026-05-25,BSI,1555.01,17105.06,https://www.balticexchange.com/ (simulated demo series)
2026-05-26,BSI,1514.86,16663.5,https://www.balticexchange.com/ (simulated demo series)
2026-05-27,BSI,1491.78,16409.58,https://www.balticexchange.com/ (simulated demo series)
2026-05-28,BSI,1507.3,16580.32,https://www.balticexchange.com/ (simulated demo series)
2026-05-29,BSI,1533.01,16863.16,https://www.balticexchange.com/ (simulated demo series)
2026-06-01,BSI,1513.68,16650.46,https://www.balticexchange.com/ (simulated demo series)
2026-06-02,BSI,1502.98,16532.79,https://www.balticexchange.com/ (simulated demo series)
2026-06-03,BSI,1526.36,16789.97,https://www.balticexchange.com/ (simulated demo series)
2026-06-04,BSI,1549.13,17040.38,https://www.balticexchange.com/ (simulated demo series)
2026-06-05,BSI,1495.06,16445.69,https://www.balticexchange.com/ (simulated demo series)
2026-06-08,BSI,1543.46,16978.02,https://www.balticexchange.com/ (simulated demo series)
2026-06-09,BSI,1518.71,16705.8,https://www.balticexchange.com/ (simulated demo series)
2026-06-10,BSI,1503.07,16533.78,https://www.balticexchange.com/ (simulated demo series)
2026-06-11,BSI,1510.31,16613.37,https://www.balticexchange.com/ (simulated demo series)
2026-06-12,BSI,1516.89,16685.75,https://www.balticexchange.com/ (simulated demo series)
2026-06-15,BSI,1476.22,16238.4,https://www.balticexchange.com/ (simulated demo series)
2026-06-16,BSI,1536.55,16902.09,https://www.balticexchange.com/ (simulated demo series)
2026-06-17,BSI,1557.55,17133.09,https://www.balticexchange.com/ (simulated demo series)
2026-06-18,BSI,1554.96,17104.58,https://www.balticexchange.com/ (simulated demo series)
2026-06-19,BSI,1537.81,16915.92,https://www.balticexchange.com/ (simulated demo series)
2026-06-22,BSI,1590.54,17495.98,https://www.balticexchange.com/ (simulated demo series)
2026-06-23,BSI,1556.5,17121.54,https://www.balticexchange.com/ (simulated demo series)
2026-06-24,BSI,1564.51,17209.58,https://www.balticexchange.com/ (simulated demo series)
2026-06-25,BSI,1556.36,17119.94,https://www.balticexchange.com/ (simulated demo series)
2026-06-26,BSI,1577.63,17353.91,https://www.balticexchange.com/ (simulated demo series)
2026-06-29,BSI,1692.84,18621.22,https://www.balticexchange.com/ (simulated demo series)
2026-06-30,BSI,1711.84,18830.23,https://www.balticexchange.com/ (simulated demo series)
2026-07-01,BSI,1684.47,18529.22,https://www.balticexchange.com/ (simulated demo series)
2026-07-02,BSI,1687.08,18557.84,https://www.balticexchange.com/ (simulated demo series)
2026-07-03,BSI,1666.24,18328.67,https://www.balticexchange.com/ (simulated demo series)
2026-07-06,BSI,1702.5,18727.53,https://www.balticexchange.com/ (simulated demo series)
2026-07-07,BSI,1723.24,18955.64,https://www.balticexchange.com/ (simulated demo series)
2026-07-08,BSI,1677.37,18451.1,https://www.balticexchange.com/ (simulated demo series)
2026-07-09,BSI,1639.96,18039.58,https://www.balticexchange.com/ (simulated demo series)
2026-07-10,BSI,1617.89,17796.76,https://www.balticexchange.com/ (simulated demo series)
2026-07-13,BSI,1599.87,17598.52,https://www.balticexchange.com/ (simulated demo series)
2026-07-14,BSI,1634.14,17975.57,https://www.balticexchange.com/ (simulated demo series)
2026-07-15,BSI,1586.55,17452.03,https://www.balticexchange.com/ (simulated demo series)
2026-07-16,BSI,1546.46,17011.1,https://www.balticexchange.com/ (simulated demo series)
2026-07-17,BSI,1496.35,16459.8,https://www.balticexchange.com/ (simulated demo series)
2026-07-20,BSI,1556.14,17117.57,https://www.balticexchange.com/ (simulated demo series)
2026-07-21,BSI,1613.9,17752.92,https://www.balticexchange.com/ (simulated demo series)
2026-07-22,BSI,1593.48,17528.23,https://www.balticexchange.com/ (simulated demo series)
2026-07-23,BSI,1543.15,16974.68,https://www.balticexchange.com/ (simulated demo series)
2026-07-24,BSI,1529.17,16820.9,https://www.balticexchange.com/ (simulated demo series)
2026-07-27,BSI,1511.44,16625.83,https://www.balticexchange.com/ (simulated demo series)
2026-07-28,BSI,1494.03,16434.33,https://www.balticexchange.com/ (simulated demo series)
2026-07-29,BSI,1518.58,16704.35,https://www.balticexchange.com/ (simulated demo series)
2026-07-30,BSI,1481.93,16301.24,https://www.balticexchange.com/ (simulated demo series)
2026-07-31,BSI,1493.23,16425.52,https://www.balticexchange.com/ (simulated demo series)
2026-08-03,BSI,1475.95,16235.47,https://www.balticexchange.com/ (simulated demo series)
2026-08-04,BSI,1447.73,15925.08,https://www.balticexchange.com/ (simulated demo series)
2026-08-05,BSI,1518.86,16707.51,https://www.balticexchange.com/ (simulated demo series)
2026-08-06,BSI,1521.91,16740.98,https://www.balticexchange.com/ (simulated demo series)
2026-08-07,BSI,1529.63,16825.88,https://www.balticexchange.com/ (simulated demo series)
2026-08-10,BSI,1587.68,17464.48,https://www.balticexchange.com/ (simulated demo series)
2026-08-11,BSI,1576.52,17341.68,https://www.balticexchange.com/ (simulated demo series)
2026-08-12,BSI,1595.77,17553.48,https://www.balticexchange.com/ (simulated demo series)
2026-08-13,BSI,1518.45,16702.9,https://www.balticexchange.com/ (simulated demo series)
2026-08-14,BSI,1538.22,16920.4,https://www.balticexchange.com/ (simulated demo series)
2026-08-17,BSI,1582.73,17410.02,https://www.balticexchange.com/ (simulated demo series)
2026-08-18,BSI,1566.23,17228.49,https://www.balticexchange.com/ (simulated demo series)
2026-08-19,BSI,1586.08,17446.85,https://www.balticexchange.com/ (simulated demo series)
2026-08-20,BSI,1606.4,17670.42,https://www.balticexchange.com/ (simulated demo series)
2026-08-21,BSI,1560.5,17165.55,https://www.balticexchange.com/ (simulated demo series)
2026-08-24,BSI,1548.11,17029.25,https://www.balticexchange.com/ (simulated demo series)
2026-08-25,BSI,1517.92,16697.16,https://www.balticexchange.com/ (simulated demo series)
2026-08-26,BSI,1522.69,16749.54,https://www.balticexchange.com/ (simulated demo series)
2026-08-27,BSI,1566.5,17231.53,https://www.balticexchange.com/ (simulated demo series)
2026-08-28,BSI,1607.85,17686.36,https://www.balticexchange.com/ (simulated demo series)
2026-08-31,BSI,1561.48,17176.28,https://www.balticexchange.com/ (simulated demo series)
2026-09-01,BSI,1558.56,17144.19,https://www.balticexchange.com/ (simulated demo series)
2026-09-02,BSI,1547.11,17018.18,https://www.balticexchange.com/ (simulated demo series)
2026-09-03,BSI,1574.59,17320.51,https://www.balticexchange.com/ (simulated demo series)
2026-09-04,BSI,1563.41,17197.54,https://www.balticexchange.com/ (simulated demo series)
2026-09-07,BSI,1667.09,18338.01,https://www.balticexchange.com/ (simulated demo series)
2026-09-08,BSI,1678.72,18465.87,https://www.balticexchange.com/ (simulated demo series)
2026-09-09,BSI,1642.27,18064.98,https://www.balticexchange.com/ (simulated demo series)
2026-09-10,BSI,1681.09,18492.03,https://www.balticexchange.com/ (simulated demo series)
2026-09-11,BSI,1714.04,18854.45,https://www.balticexchange.com/ (simulated demo series)
2026-09-14,BSI,1827.58,20103.43,https://www.balticexchange.com/ (simulated demo series)
2026-09-15,BSI,1860.12,20461.31,https://www.balticexchange.com/ (simulated demo series)
2019-01-01,BHSI,825.08,14438.9,https://www.balticexchange.com/ (simulated demo series)
2019-01-02,BHSI,823.2,14406.09,https://www.balticexchange.com/ (simulated demo series)
2019-01-03,BHSI,833.72,14590.04,https://www.balticexchange.com/ (simulated demo series)
2019-01-04,BHSI,864.87,15135.19,https://www.balticexchange.com/ (simulated demo series)
2019-01-07,BHSI,858.23,15018.98,https://www.balticexchange.com/ (simulated demo series)
2019-01-08,BHSI,833.42,14584.79,https://www.balticexchange.com/ (simulated demo series)
2019-01-09,BHSI,835.65,14623.84,https://www.balticexchange.com/ (simulated demo series)
2019-01-10,BHSI,810.67,14186.7,https://www.balticexchange.com/ (simulated demo series)
2019-01-11,BHSI,822.5,14393.76,https://www.balticexchange.com/ (simulated demo series)
2019-01-14,BHSI,821.17,14370.48,https://www.balticexchange.com/ (simulated demo series)
2019-01-15,BHSI,846.34,14810.97,https://www.balticexchange.com/ (simulated demo series)
2019-01-16,BHSI,878.34,15370.9,https://www.balticexchange.com/ (simulated demo series)
2019-01-17,BHSI,874.74,15307.92,https://www.balticexchange.com/ (simulated demo series)
2019-01-18,BHSI,863.87,15117.73,https://www.balticexchange.com/ (simulated demo series)
2019-01-21,BHSI,892.51,15618.84,https://www.balticexchange.com/ (simulated demo series)
2019-01-22,BHSI,891.21,15596.1,https://www.balticexchange.com/ (simulated demo series)
2019-01-23,BHSI,914.2,15998.48,https://www.balticexchange.com/ (simulated demo series)
2019-01-24,BHSI,921.82,16131.83,https://www.balticexchange.com/ (simulated demo series)
2019-01-25,BHSI,942.87,16500.21,https://www.balticexchange.com/ (simulated demo series)
2019-01-28,BHSI,926.21,16208.69,https://www.balticexchange.com/ (simulated demo series)
2019-01-29,BHSI,893.83,15642.07,https://www.balticexchange.com/ (simulated demo series)
2019-01-30,BHSI,923.33,16158.2,https://www.balticexchange.com/ (simulated demo series)
2019-01-31,BHSI,928.76,16253.27,https://www.balticexchange.com/ (simulated demo series)
2019-02-01,BHSI,917.9,16063.2,https://www.balticexchange.com/ (simulated demo series)
2019-02-04,BHSI,907.98,15889.58,https://www.balticexchange.com/ (simulated demo series)
2019-02-05,BHSI,955.87,16727.74,https://www.balticexchange.com/ (simulated demo series)
2019-02-06,BHSI,952.82,16674.33,https://www.balticexchange.com/ (simulated demo series)
2019-02-07,BHSI,976.13,17082.26,https://www.balticexchange.com/ (simulated demo series)
2019-02-08,BHSI,913.5,15986.17,https://www.balticexchange.com/ (simulated demo series)
2019-02-11,BHSI,858.74,15027.94,https://www.balticexchange.com/ (simulated demo series)
2019-02-12,BHSI,856.35,14986.18,https://www.balticexchange.com/ (simulated demo series)
2019-02-13,BHSI,861.26,15072.04,https://www.balticexchange.com/ (simulated demo series)
2019-02-14,BHSI,836.51,14638.92,https://www.balticexchange.com/ (simulated demo series)
2019-02-15,BHSI,861.24,15071.66,https://www.balticexchange.com/ (simulated demo series)
2019-02-18,BHSI,843.62,14763.4,https://www.balticexchange.com/ (simulated demo series)
2019-02-19,BHSI,846.14,14807.47,https://www.balticexchange.com/ (simulated demo series)
2019-02-20,BHSI,885.95,15504.08,https://www.balticexchange.com/ (simulated demo series)
2019-02-21,BHSI,867.48,15180.88,https://www.balticexchange.com/ (simulated demo series)
2019-02-22,BHSI,873.73,15290.2,https://www.balticexchange.com/ (simulated demo series)
2019-02-25,BHSI,888.84,15554.73,https://www.balticexchange.com/ (simulated demo series)
2019-02-26,BHSI,855.59,14972.81,https://www.balticexchange.com/ (simulated demo series)
2019-02-27,BHSI,857.32,15003.1,https://www.balticexchange.com/ (simulated demo series)
2019-02-28,BHSI,862.45,15092.93,https://www.balticexchange.com/ (simulated demo series)
2019-03-01,BHSI,864.27,15124.72,https://www.balticexchange.com/ (simulated demo series)
2019-03-04,BHSI,863.71,15114.93,https://www.balticexchange.com/ (simulated demo series)
2019-03-05,BHSI,872.67,15271.68,https://www.balticexchange.com/ (simulated demo series)
2019-03-06,BHSI,866.43,15162.59,https://www.balticexchange.com/ (simulated demo series)
2019-03-07,BHSI,862.66,15096.49,https://www.balticexchange.com/ (simulated demo series)
2019-03-08,BHSI,851.57,14902.44,https://www.balticexchange.com/ (simulated demo series)
2019-03-11,BHSI,820.17,14353.02,https://www.balticexchange.com/ (simulated demo series)
2019-03-12,BHSI,815.84,14277.23,https://www.balticexchange.com/ (simulated demo series)
2019-03-13,BHSI,794.28,13899.86,https://www.balticexchange.com/ (simulated demo series)
2019-03-14,BHSI,787.23,13776.58,https://www.balticexchange.com/ (simulated demo series)
2019-03-15,BHSI,791.71,13854.85,https://www.balticexchange.com/ (simulated demo series)
2019-03-18,BHSI,798.46,13972.99,https://www.balticexchange.com/ (simulated demo series)
2019-03-19,BHSI,808.59,14150.26,https://www.balticexchange.com/ (simulated demo series)
2019-03-20,BHSI,809.24,14161.71,https://www.balticexchange.com/ (simulated demo series)
2019-03-21,BHSI,826.7,14467.24,https://www.balticexchange.com/ (simulated demo series)
2019-03-22,BHSI,828.49,14498.51,https://www.balticexchange.com/ (simulated demo series)
2019-03-25,BHSI,861.68,15079.39,https://www.balticexchange.com/ (simulated demo series)
2019-03-26,BHSI,873.43,15284.95,https://www.balticexchange.com/ (simulated demo series)
2019-03-27,BHSI,895.06,15663.62,https://www.balticexchange.com/ (simulated demo series)
2019-03-28,BHSI,893.41,15634.76,https://www.balticexchange.com/ (simulated demo series)
2019-03-29,BHSI,915.39,16019.3,https://www.balticexchange.com/ (simulated demo series)
2019-04-01,BHSI,888.59,15550.32,https://www.balticexchange.com/ (simulated demo series)
2019-04-02,BHSI,893.19,15630.9,https://www.balticexchange.com/ (simulated demo series)
2019-04-03,BHSI,942.61,16495.69,https://www.balticexchange.com/ (simulated demo series)
2019-04-04,BHSI,960.25,16804.39,https://www.balticexchange.com/ (simulated demo series)
2019-04-05,BHSI,957.13,16749.84,https://www.balticexchange.com/ (simulated demo series)
2019-04-08,BHSI,971.21,16996.17,https://www.balticexchange.com/ (simulated demo series)
2019-04-09,BHSI,971.17,16995.49,https://www.balticexchange.com/ (simulated demo series)
2019-04-10,BHSI,948.47,16598.21,https://www.balticexchange.com/ (simulated demo series)
2019-04-11,BHSI,959.19,16785.81,https://www.balticexchange.com/ (simulated demo series)
2019-04-12,BHSI,938.87,16430.28,https://www.balticexchange.com/ (simulated demo series)
2019-04-15,BHSI,927.78,16236.2,https://www.balticexchange.com/ (simulated demo series)
2019-04-16,BHSI,960.22,16803.89,https://www.balticexchange.com/ (simulated demo series)
2019-04-17,BHSI,1011.35,17698.54,https://www.balticexchange.com/ (simulated demo series)
2019-04-18,BHSI,990.7,17337.24,https://www.balticexchange.com/ (simulated demo series)
2019-04-19,BHSI,1011.82,17706.89,https://www.balticexchange.com/ (simulated demo series)
2019-04-22,BHSI,1083.99,18969.74,https://www.balticexchange.com/ (simulated demo series)
2019-04-23,BHSI,1063.69,18614.49,https://www.balticexchange.com/ (simulated demo series)
2019-04-24,BHSI,1046.24,18309.14,https://www.balticexchange.com/ (simulated demo series)
2019-04-25,BHSI,1020.38,17856.64,https://www.balticexchange.com/ (simulated demo series)
2019-04-26,BHSI,1054.58,18455.06,https://www.balticexchange.com/ (simulated demo series)
2019-04-29,BHSI,1110.38,19431.64,https://www.balticexchange.com/ (simulated demo series)
2019-04-30,BHSI,1099.3,19237.72,https://www.balticexchange.com/ (simulated demo series)
2019-05-01,BHSI,1102.49,19293.55,https://www.balticexchange.com/ (simulated demo series)
2019-05-02,BHSI,1103.69,19314.55,https://www.balticexchange.com/ (simulated demo series)
2019-05-03,BHSI,1105.89,19353.02,https://www.balticexchange.com/ (simulated demo series)
2019-05-06,BHSI,1095.78,19176.24,https://www.balticexchange.com/ (simulated demo series)
2019-05-07,BHSI,1123.37,19658.93,https://www.balticexchange.com/ (simulated demo series)
2019-05-08,BHSI,1068.5,18698.8,https://www.balticexchange.com/ (simulated demo series)
2019-05-09,BHSI,1079.09,18884.1,https://www.balticexchange.com/ (simulated demo series)
2019-05-10,BHSI,1086.64,19016.28,https://www.balticexchange.com/ (simulated demo series)
2019-05-13,BHSI,1049.01,18357.67,https://www.balticexchange.com/ (simulated demo series)
2019-05-14,BHSI,1044.15,18272.69,https://www.balticexchange.com/ (simulated demo series)
2019-05-15,BHSI,1019.87,17847.67,https://www.balticexchange.com/ (simulated demo series)
2019-05-16,BHSI,995.57,17422.41,https://www.balticexchange.com/ (simulated demo series)
2019-05-17,BHSI,970.68,16986.92,https://www.balticexchange.com/ (simulated demo series)
2019-05-20,BHSI,987.71,17284.88,https://www.balticexchange.com/ (simulated demo series)
2019-05-21,BHSI,974.74,17058.0,https://www.balticexchange.com/ (simulated demo series)
2019-05-22,BHSI,953.46,16685.61,https://www.balticexchange.com/ (simulated demo series)
2019-05-23,BHSI,916.83,16044.51,https://www.balticexchange.com/ (simulated demo series)
2019-05-24,BHSI,911.85,15957.32,https://www.balticexchange.com/ (simulated demo series)
2019-05-27,BHSI,920.77,16113.41,https://www.balticexchange.com/ (simulated demo series)
2019-05-28,BHSI,918.22,16068.84,https://www.balticexchange.com/ (simulated demo series)
2019-05-29,BHSI,933.22,16331.39,https://www.balticexchange.com/ (simulated demo series)
2019-05-30,BHSI,916.16,16032.84,https://www.balticexchange.com/ (simulated demo series)
2019-05-31,BHSI,921.97,16134.47,https://www.balticexchange.com/ (simulated demo series)
2019-06-03,BHSI,939.91,16448.51,https://www.balticexchange.com/ (simulated demo series)
2019-06-04,BHSI,943.24,16506.71,https://www.balticexchange.com/ (simulated demo series)
2019-06-05,BHSI,944.28,16524.93,https://www.balticexchange.com/ (simulated demo series)
2019-06-06,BHSI,943.87,16517.78,https://www.balticexchange.com/ (simulated demo series)
2019-06-07,BHSI,949.75,16620.62,https://www.balticexchange.com/ (simulated demo series)
2019-06-10,BHSI,1022.25,17889.4,https://www.balticexchange.com/ (simulated demo series)
2019-06-11,BHSI,985.86,17252.62,https://www.balticexchange.com/ (simulated demo series)
2019-06-12,BHSI,1011.18,17695.71,https://www.balticexchange.com/ (simulated demo series)
2019-06-13,BHSI,1022.53,17894.23,https://www.balticexchange.com/ (simulated demo series)
2019-06-14,BHSI,1066.66,18666.51,https://www.balticexchange.com/ (simulated demo series)
2019-06-17,BHSI,1174.37,20551.5,https://www.balticexchange.com/ (simulated demo series)
2019-06-18,BHSI,1163.47,20360.73,https://www.balticexchange.com/ (simulated demo series)
2019-06-19,BHSI,1147.07,20073.71,https://www.balticexchange.com/ (simulated demo series)
2019-06-20,BHSI,1156.58,20240.14,https://www.balticexchange.com/ (simulated demo series)
2019-06-21,BHSI,1175.11,20564.49,https://www.balticexchange.com/ (simulated demo series)
2019-06-24,BHSI,1183.75,20715.55,https://www.balticexchange.com/ (simulated demo series)
2019-06-25,BHSI,1192.9,20875.76,https://www.balticexchange.com/ (simulated demo series)
2019-06-26,BHSI,1226.52,21464.01,https://www.balticexchange.com/ (simulated demo series)
2019-06-27,BHSI,1212.12,21212.16,https://www.balticexchange.com/ (simulated demo series)
2019-06-28,BHSI,1195.99,20929.85,https://www.balticexchange.com/ (simulated demo series)
2019-07-01,BHSI,1143.2,20006.01,https://www.balticexchange.com/ (simulated demo series)
2019-07-02,BHSI,1097.18,19200.73,https://www.balticexchange.com/ (simulated demo series)
2019-07-03,BHSI,1107.64,19383.78,https://www.balticexchange.com/ (simulated demo series)
2019-07-04,BHSI,1121.48,19625.98,https://www.balticexchange.com/ (simulated demo series)
2019-07-05,BHSI,1126.87,19720.16,https://www.balticexchange.com/ (simulated demo series)
2019-07-08,BHSI,1120.21,19603.63,https://www.balticexchange.com/ (simulated demo series)
2019-07-09,BHSI,1071.76,18755.8,https://www.balticexchange.com/ (simulated demo series)
2019-07-10,BHSI,1044.41,18277.25,https://www.balticexchange.com/ (simulated demo series)
2019-07-11,BHSI,1053.38,18434.14,https://www.balticexchange.com/ (simulated demo series)
2019-07-12,BHSI,1038.02,18165.37,https://www.balticexchange.com/ (simulated demo series)
2019-07-15,BHSI,1081.07,18918.74,https://www.balticexchange.com/ (simulated demo series)
2019-07-16,BHSI,1062.2,18588.43,https://www.balticexchange.com/ (simulated demo series)
2019-07-17,BHSI,1049.95,18374.06,https://www.balticexchange.com/ (simulated demo series)
2019-07-18,BHSI,1055.73,18475.25,https://www.balticexchange.com/ (simulated demo series)
2019-07-19,BHSI,1111.42,19449.86,https://www.balticexchange.com/ (simulated demo series)
2019-07-22,BHSI,1088.41,19047.13,https://www.balticexchange.com/ (simulated demo series)
2019-07-23,BHSI,1074.97,18811.89,https://www.balticexchange.com/ (simulated demo series)
2019-07-24,BHSI,1083.72,18965.04,https://www.balticexchange.com/ (simulated demo series)
2019-07-25,BHSI,1094.61,19155.64,https://www.balticexchange.com/ (simulated demo series)
2019-07-26,BHSI,1072.88,18775.4,https://www.balticexchange.com/ (simulated demo series)
2019-07-29,BHSI,1113.37,19483.99,https://www.balticexchange.com/ (simulated demo series)
2019-07-30,BHSI,1092.57,19119.94,https://www.balticexchange.com/ (simulated demo series)
2019-07-31,BHSI,1059.38,18539.19,https://www.balticexchange.com/ (simulated demo series)
2019-08-01,BHSI,1056.27,18484.81,https://www.balticexchange.com/ (simulated demo series)
2019-08-02,BHSI,1003.76,17565.76,https://www.balticexchange.com/ (simulated demo series)
2019-08-05,BHSI,999.36,17488.74,https://www.balticexchange.com/ (simulated demo series)
2019-08-06,BHSI,1033.05,18078.44,https://www.balticexchange.com/ (simulated demo series)
2019-08-07,BHSI,1043.64,18263.73,https://www.balticexchange.com/ (simulated demo series)
2019-08-08,BHSI,1047.9,18338.19,https://www.balticexchange.com/ (simulated demo series)
2019-08-09,BHSI,1011.57,17702.51,https://www.balticexchange.com/ (simulated demo series)
2019-08-12,BHSI,967.61,16933.1,https://www.balticexchange.com/ (simulated demo series)
2019-08-13,BHSI,988.96,17306.82,https://www.balticexchange.com/ (simulated demo series)
2019-08-14,BHSI,998.36,17471.28,https://www.balticexchange.com/ (simulated demo series)
2019-08-15,BHSI,977.37,17104.06,https://www.balticexchange.com/ (simulated demo series)
2019-08-16,BHSI,953.23,16681.45,https://www.balticexchange.com/ (simulated demo series)
2019-08-19,BHSI,924.52,16179.09,https://www.balticexchange.com/ (simulated demo series)
2019-08-20,BHSI,930.73,16287.77,https://www.balticexchange.com/ (simulated demo series)
2019-08-21,BHSI,935.05,16363.38,https://www.balticexchange.com/ (simulated demo series)
2019-08-22,BHSI,951.2,16645.91,https://www.balticexchange.com/ (simulated demo series)
2019-08-23,BHSI,954.34,16700.88,https://www.balticexchange.com/ (simulated demo series)
2019-08-26,BHSI,972.78,17023.65,https://www.balticexchange.com/ (simulated demo series)
2019-08-27,BHSI,973.1,17029.18,https://www.balticexchange.com/ (simulated demo series)
2019-08-28,BHSI,970.29,16980.1,https://www.balticexchange.com/ (simulated demo series)
2019-08-29,BHSI,923.48,16160.98,https://www.balticexchange.com/ (simulated demo series)
2019-08-30,BHSI,883.37,15459.06,https://www.balticexchange.com/ (simulated demo series)
2019-09-02,BHSI,906.64,15866.2,https://www.balticexchange.com/ (simulated demo series)
2019-09-03,BHSI,928.5,16248.77,https://www.balticexchange.com/ (simulated demo series)
2019-09-04,BHSI,943.2,16506.0,https://www.balticexchange.com/ (simulated demo series)
2019-09-05,BHSI,959.14,16785.03,https://www.balticexchange.com/ (simulated demo series)
2019-09-06,BHSI,915.64,16023.71,https://www.balticexchange.com/ (simulated demo series)
2019-09-09,BHSI,922.98,16152.11,https://www.balticexchange.com/ (simulated demo series)
2019-09-10,BHSI,920.21,16103.75,https://www.balticexchange.com/ (simulated demo series)
2019-09-11,BHSI,899.49,15741.05,https://www.balticexchange.com/ (simulated demo series)
2019-09-12,BHSI,867.98,15189.56,https://www.balticexchange.com/ (simulated demo series)
2019-09-13,BHSI,881.02,15417.76,https://www.balticexchange.com/ (simulated demo series)
2019-09-16,BHSI,870.38,15231.67,https://www.balticexchange.com/ (simulated demo series)
2019-09-17,BHSI,851.24,14896.73,https://www.balticexchange.com/ (simulated demo series)
2019-09-18,BHSI,860.57,15060.02,https://www.balticexchange.com/ (simulated demo series)
2019-09-19,BHSI,852.9,14925.74,https://www.balticexchange.com/ (simulated demo series)
2019-09-20,BHSI,861.07,15068.69,https://www.balticexchange.com/ (simulated demo series)
2019-09-23,BHSI,876.1,15331.83,https://www.balticexchange.com/ (simulated demo series)
2019-09-24,BHSI,922.08,16136.32,https://www.balticexchange.com/ (simulated demo series)
2019-09-25,BHSI,877.33,15353.29,https://www.balticexchange.com/ (simulated demo series)
2019-09-26,BHSI,870.09,15226.52,https://www.balticexchange.com/ (simulated demo series)
2019-09-27,BHSI,887.33,15528.32,https://www.balticexchange.com/ (simulated demo series)
2019-09-30,BHSI,868.2,15193.54,https://www.balticexchange.com/ (simulated demo series)
2019-10-01,BHSI,867.92,15188.58,https://www.balticexchange.com/ (simulated demo series)
2019-10-02,BHSI,880.37,15406.41,https://www.balticexchange.com/ (simulated demo series)
2019-10-03,BHSI,878.23,15369.07,https://www.balticexchange.com/ (simulated demo series)
2019-10-04,BHSI,863.67,15114.21,https://www.balticexchange.com/ (simulated demo series)
2019-10-07,BHSI,868.01,15190.25,https://www.balticexchange.com/ (simulated demo series)
2019-10-08,BHSI,880.2,15403.51,https://www.balticexchange.com/ (simulated demo series)
2019-10-09,BHSI,870.11,15226.85,https://www.balticexchange.com/ (simulated demo series)
2019-10-10,BHSI,882.6,15445.45,https://www.balticexchange.com/ (simulated demo series)
2019-10-11,BHSI,884.41,15477.13,https://www.balticexchange.com/ (simulated demo series)
2019-10-14,BHSI,864.01,15120.22,https://www.balticexchange.com/ (simulated demo series)
2019-10-15,BHSI,877.46,15355.59,https://www.balticexchange.com/ (simulated demo series)
2019-10-16,BHSI,888.58,15550.12,https://www.balticexchange.com/ (simulated demo series)
2019-10-17,BHSI,897.51,15706.5,https://www.balticexchange.com/ (simulated demo series)
2019-10-18,BHSI,896.76,15693.23,https://www.balticexchange.com/ (simulated demo series)
2019-10-21,BHSI,942.41,16492.18,https://www.balticexchange.com/ (simulated demo series)
2019-10-22,BHSI,937.83,16412.04,https://www.balticexchange.com/ (simulated demo series)
2019-10-23,BHSI,939.26,16437.11,https://www.balticexchange.com/ (simulated demo series)
2019-10-24,BHSI,985.32,17243.14,https://www.balticexchange.com/ (simulated demo series)
2019-10-25,BHSI,967.38,16929.1,https://www.balticexchange.com/ (simulated demo series)
2019-10-28,BHSI,931.23,16296.55,https://www.balticexchange.com/ (simulated demo series)
2019-10-29,BHSI,920.08,16101.41,https://www.balticexchange.com/ (simulated demo series)
2019-10-30,BHSI,898.0,15714.99,https://www.balticexchange.com/ (simulated demo series)
2019-10-31,BHSI,885.27,15492.17,https://www.balticexchange.com/ (simulated demo series)
2019-11-01,BHSI,869.84,15222.28,https://www.balticexchange.com/ (simulated demo series)
2019-11-04,BHSI,853.24,14931.72,https://www.balticexchange.com/ (simulated demo series)
2019-11-05,BHSI,857.84,15012.17,https://www.balticexchange.com/ (simulated demo series)
2019-11-06,BHSI,873.87,15292.77,https://www.balticexchange.com/ (simulated demo series)
2019-11-07,BHSI,860.96,15066.75,https://www.balticexchange.com/ (simulated demo series)
2019-11-08,BHSI,853.82,14941.88,https://www.balticexchange.com/ (simulated demo series)
2019-11-11,BHSI,820.32,14355.63,https://www.balticexchange.com/ (simulated demo series)
2019-11-12,BHSI,854.95,14961.56,https://www.balticexchange.com/ (simulated demo series)
2019-11-13,BHSI,860.4,15057.07,https://www.balticexchange.com/ (simulated demo series)
2019-11-14,BHSI,853.94,14943.9,https://www.balticexchange.com/ (simulated demo series)
2019-11-15,BHSI,878.59,15375.29,https://www.balticexchange.com/ (simulated demo series)
2019-11-18,BHSI,850.45,14882.93,https://www.balticexchange.com/ (simulated demo series)
2019-11-19,BHSI,812.54,14219.36,https://www.balticexchange.com/ (simulated demo series)
2019-11-20,BHSI,808.04,14140.68,https://www.balticexchange.com/ (simulated demo series)
2019-11-21,BHSI,810.6,14185.5,https://www.balticexchange.com/ (simulated demo series)
2019-11-22,BHSI,854.01,14945.1,https://www.balticexchange.com/ (simulated demo series)
2019-11-25,BHSI,846.16,14807.87,https://www.balticexchange.com/ (simulated demo series)
2019-11-26,BHSI,851.34,14898.41,https://www.balticexchange.com/ (simulated demo series)
2019-11-27,BHSI,861.6,15077.98,https://www.balticexchange.com/ (simulated demo series)
2019-11-28,BHSI,852.48,14918.34,https://www.balticexchange.com/ (simulated demo series)
2019-11-29,BHSI,857.42,15004.92,https://www.balticexchange.com/ (simulated demo series)
2019-12-02,BHSI,866.84,15169.73,https://www.balticexchange.com/ (simulated demo series)
2019-12-03,BHSI,889.5,15566.27,https://www.balticexchange.com/ (simulated demo series)
2019-12-04,BHSI,892.8,15624.03,https://www.balticexchange.com/ (simulated demo series)
2019-12-05,BHSI,895.7,15674.74,https://www.balticexchange.com/ (simulated demo series)
2019-12-06,BHSI,896.73,15692.8,https://www.balticexchange.com/ (simulated demo series)
2019-12-09,BHSI,874.76,15308.22,https://www.balticexchange.com/ (simulated demo series)
2019-12-10,BHSI,890.06,15576.05,https://www.balticexchange.com/ (simulated demo series)
2019-12-11,BHSI,918.91,16080.92,https://www.balticexchange.com/ (simulated demo series)
2019-12-12,BHSI,928.8,16254.04,https://www.balticexchange.com/ (simulated demo series)
2019-12-13,BHSI,927.18,16225.58,https://www.balticexchange.com/ (simulated demo series)
2019-12-16,BHSI,921.74,16130.46,https://www.balticexchange.com/ (simulated demo series)
2019-12-17,BHSI,926.97,16221.91,https://www.balticexchange.com/ (simulated demo series)
2019-12-18,BHSI,895.44,15670.23,https://www.balticexchange.com/ (simulated demo series)
2019-12-19,BHSI,885.19,15490.77,https://www.balticexchange.com/ (simulated demo series)
2019-12-20,BHSI,881.35,15423.7,https://www.balticexchange.com/ (simulated demo series)
2019-12-23,BHSI,842.37,14741.53,https://www.balticexchange.com/ (simulated demo series)
2019-12-24,BHSI,892.25,15614.34,https://www.balticexchange.com/ (simulated demo series)
2019-12-25,BHSI,886.1,15506.76,https://www.balticexchange.com/ (simulated demo series)
2019-12-26,BHSI,906.38,15861.61,https://www.balticexchange.com/ (simulated demo series)
2019-12-27,BHSI,882.47,15443.15,https://www.balticexchange.com/ (simulated demo series)
2019-12-30,BHSI,935.02,16362.86,https://www.balticexchange.com/ (simulated demo series)
2019-12-31,BHSI,933.59,16337.91,https://www.balticexchange.com/ (simulated demo series)
2020-01-01,BHSI,937.18,16400.72,https://www.balticexchange.com/ (simulated demo series)
2020-01-02,BHSI,932.94,16326.48,https://www.balticexchange.com/ (simulated demo series)
2020-01-03,BHSI,919.28,16087.33,https://www.balticexchange.com/ (simulated demo series)
2020-01-06,BHSI,916.74,16043.03,https://www.balticexchange.com/ (simulated demo series)
2020-01-07,BHSI,934.13,16347.21,https://www.balticexchange.com/ (simulated demo series)
2020-01-08,BHSI,940.02,16450.28,https://www.balticexchange.com/ (simulated demo series)
2020-01-09,BHSI,978.71,17127.44,https://www.balticexchange.com/ (simulated demo series)
2020-01-10,BHSI,1002.23,17539.04,https://www.balticexchange.com/ (simulated demo series)
2020-01-13,BHSI,1039.32,18188.12,https://www.balticexchange.com/ (simulated demo series)
2020-01-14,BHSI,1038.15,18167.62,https://www.balticexchange.com/ (simulated demo series)
2020-01-15,BHSI,1033.97,18094.44,https://www.balticexchange.com/ (simulated demo series)
2020-01-16,BHSI,1012.08,17711.39,https://www.balticexchange.com/ (simulated demo series)
2020-01-17,BHSI,1033.59,18087.88,https://www.balticexchange.com/ (simulated demo series)
2020-01-20,BHSI,1023.95,17919.17,https://www.balticexchange.com/ (simulated demo series)
2020-01-21,BHSI,1043.65,18263.89,https://www.balticexchange.com/ (simulated demo series)
2020-01-22,BHSI,1042.12,18237.1,https://www.balticexchange.com/ (simulated demo series)
2020-01-23,BHSI,1011.78,17706.18,https://www.balticexchange.com/ (simulated demo series)
2020-01-24,BHSI,1020.27,17854.7,https://www.balticexchange.com/ (simulated demo series)
2020-01-27,BHSI,1010.65,17686.36,https://www.balticexchange.com/ (simulated demo series)
2020-01-28,BHSI,1014.98,17762.14,https://www.balticexchange.com/ (simulated demo series)
2020-01-29,BHSI,1006.34,17610.95,https://www.balticexchange.com/ (simulated demo series)
2020-01-30,BHSI,988.01,17290.14,https://www.balticexchange.com/ (simulated demo series)
2020-01-31,BHSI,993.21,17381.19,https://www.balticexchange.com/ (simulated demo series)
2020-02-03,BHSI,1035.74,18125.43,https://www.balticexchange.com/ (simulated demo series)
2020-02-04,BHSI,1061.64,18578.65,https://www.balticexchange.com/ (simulated demo series)
2020-02-05,BHSI,1067.19,18675.88,https://www.balticexchange.com/ (simulated demo series)
2020-02-06,BHSI,1083.61,18963.18,https://www.balticexchange.com/ (simulated demo series)
2020-02-07,BHSI,1115.71,19525.01,https://www.balticexchange.com/ (simulated demo series)
2020-02-10,BHSI,1108.57,19399.9,https://www.balticexchange.com/ (simulated demo series)
2020-02-11,BHSI,1098.8,19229.07,https://www.balticexchange.com/ (simulated demo series)
2020-02-12,BHSI,1109.83,19422.06,https://www.balticexchange.com/ (simulated demo series)
2020-02-13,BHSI,1082.39,18941.89,https://www.balticexchange.com/ (simulated demo series)
2020-02-14,BHSI,1150.71,20137.44,https://www.balticexchange.com/ (simulated demo series)
2020-02-17,BHSI,1143.85,20017.32,https://www.balticexchange.com/ (simulated demo series)
2020-02-18,BHSI,1134.67,19856.72,https://www.balticexchange.com/ (simulated demo series)
2020-02-19,BHSI,1090.09,19076.6,https://www.balticexchange.com/ (simulated demo series)
2020-02-20,BHSI,1115.72,19525.13,https://www.balticexchange.com/ (simulated demo series)
2020-02-21,BHSI,1102.13,19287.23,https://www.balticexchange.com/ (simulated demo series)
2020-02-24,BHSI,1125.37,19694.03,https://www.balticexchange.com/ (simulated demo series)
2020-02-25,BHSI,1126.63,19716.04,https://www.balticexchange.com/ (simulated demo series)
2020-02-26,BHSI,1102.68,19296.89,https://www.balticexchange.com/ (simulated demo series)
2020-02-27,BHSI,1081.58,18927.71,https://www.balticexchange.com/ (simulated demo series)
2020-02-28,BHSI,1093.16,19130.3,https://www.balticexchange.com/ (simulated demo series)
2020-03-02,BHSI,1085.97,19004.39,https://www.balticexchange.com/ (simulated demo series)
2020-03-03,BHSI,1065.31,18642.89,https://www.balticexchange.com/ (simulated demo series)
2020-03-04,BHSI,1057.59,18507.8,https://www.balticexchange.com/ (simulated demo series)
2020-03-05,BHSI,1094.46,19153.13,https://www.balticexchange.com/ (simulated demo series)
2020-03-06,BHSI,1101.7,19279.69,https://www.balticexchange.com/ (simulated demo series)
2020-03-09,BHSI,1115.77,19525.95,https://www.balticexchange.com/ (simulated demo series)
2020-03-10,BHSI,1091.84,19107.2,https://www.balticexchange.com/ (simulated demo series)
2020-03-11,BHSI,1078.02,18865.42,https://www.balticexchange.com/ (simulated demo series)
2020-03-12,BHSI,1084.61,18980.7,https://www.balticexchange.com/ (simulated demo series)
2020-03-13,BHSI,1054.0,18444.92,https://www.balticexchange.com/ (simulated demo series)
2020-03-16,BHSI,1004.83,17584.57,https://www.balticexchange.com/ (simulated demo series)
2020-03-17,BHSI,969.27,16962.15,https://www.balticexchange.com/ (simulated demo series)
2020-03-18,BHSI,987.43,17279.95,https://www.balticexchange.com/ (simulated demo series)
2020-03-19,BHSI,964.39,16876.8,https://www.balticexchange.com/ (simulated demo series)
2020-03-20,BHSI,972.79,17023.89,https://www.balticexchange.com/ (simulated demo series)
2020-03-23,BHSI,968.92,16956.02,https://www.balticexchange.com/ (simulated demo series)
2020-03-24,BHSI,976.13,17082.34,https://www.balticexchange.com/ (simulated demo series)
2020-03-25,BHSI,1010.79,17688.82,https://www.balticexchange.com/ (simulated demo series)
2020-03-26,BHSI,1001.28,17522.45,https://www.balticexchange.com/ (simulated demo series)
2020-03-27,BHSI,994.08,17396.47,https://www.balticexchange.com/ (simulated demo series)
2020-03-30,BHSI,1063.84,18617.2,https://www.balticexchange.com/ (simulated demo series)
2020-03-31,BHSI,1092.26,19114.53,https://www.balticexchange.com/ (simulated demo series)
2020-04-01,BHSI,1083.91,18968.41,https://www.balticexchange.com/ (simulated demo series)
2020-04-02,BHSI,1111.64,19453.71,https://www.balticexchange.com/ (simulated demo series)
2020-04-03,BHSI,1101.47,19275.7,https://www.balticexchange.com/ (simulated demo series)
2020-04-06,BHSI,1104.23,19323.95,https://www.balticexchange.com/ (simulated demo series)
2020-04-07,BHSI,1089.74,19070.51,https://www.balticexchange.com/ (simulated demo series)
2020-04-08,BHSI,1087.6,19032.94,https://www.balticexchange.com/ (simulated demo series)
2020-04-09,BHSI,1072.67,18771.69,https://www.balticexchange.com/ (simulated demo series)
2020-04-10,BHSI,1070.51,18733.88,https://www.balticexchange.com/ (simulated demo series)
2020-04-13,BHSI,1102.09,19286.61,https://www.balticexchange.com/ (simulated demo series)
2020-04-14,BHSI,1128.47,19748.15,https://www.balticexchange.com/ (simulated demo series)
2020-04-15,BHSI,1100.4,19257.03,https://www.balticexchange.com/ (simulated demo series)
2020-04-16,BHSI,1096.31,19185.49,https://www.balticexchange.com/ (simulated demo series)
2020-04-17,BHSI,1069.0,18707.47,https://www.balticexchange.com/ (simulated demo series)
2020-04-20,BHSI,1110.4,19431.91,https://www.balticexchange.com/ (simulated demo series)
2020-04-21,BHSI,1068.58,18700.19,https://www.balticexchange.com/ (simulated demo series)
2020-04-22,BHSI,1116.33,19535.74,https://www.balticexchange.com/ (simulated demo series)
2020-04-23,BHSI,1155.39,20219.41,https://www.balticexchange.com/ (simulated demo series)
2020-04-24,BHSI,1120.4,19606.96,https://www.balticexchange.com/ (simulated demo series)
2020-04-27,BHSI,1169.8,20471.53,https://www.balticexchange.com/ (simulated demo series)
2020-04-28,BHSI,1149.37,20114.03,https://www.balticexchange.com/ (simulated demo series)
2020-04-29,BHSI,1157.81,20261.69,https://www.balticexchange.com/ (simulated demo series)
2020-04-30,BHSI,1175.57,20572.49,https://www.balticexchange.com/ (simulated demo series)
2020-05-01,BHSI,1153.45,20185.39,https://www.balticexchange.com/ (simulated demo series)
2020-05-04,BHSI,1132.67,19821.75,https://www.balticexchange.com/ (simulated demo series)
2020-05-05,BHSI,1105.49,19346.14,https://www.balticexchange.com/ (simulated demo series)
2020-05-06,BHSI,1119.62,19593.3,https://www.balticexchange.com/ (simulated demo series)
2020-05-07,BHSI,1085.36,18993.76,https://www.balticexchange.com/ (simulated demo series)
2020-05-08,BHSI,1089.62,19068.28,https://www.balticexchange.com/ (simulated demo series)
2020-05-11,BHSI,1026.42,17962.37,https://www.balticexchange.com/ (simulated demo series)
2020-05-12,BHSI,1038.73,18177.71,https://www.balticexchange.com/ (simulated demo series)
2020-05-13,BHSI,1042.45,18242.83,https://www.balticexchange.com/ (simulated demo series)
2020-05-14,BHSI,1057.18,18500.65,https://www.balticexchange.com/ (simulated demo series)
2020-05-15,BHSI,1048.33,18345.7,https://www.balticexchange.com/ (simulated demo series)
2020-05-18,BHSI,1010.11,17676.91,https://www.balticexchange.com/ (simulated demo series)
2020-05-19,BHSI,1040.0,18199.98,https://www.balticexchange.com/ (simulated demo series)
2020-05-20,BHSI,1010.67,17686.71,https://www.balticexchange.com/ (simulated demo series)
2020-05-21,BHSI,1020.98,17867.09,https://www.balticexchange.com/ (simulated demo series)
2020-05-22,BHSI,1003.44,17560.19,https://www.balticexchange.com/ (simulated demo series)
2020-05-25,BHSI,991.06,17343.51,https://www.balticexchange.com/ (simulated demo series)
2020-05-26,BHSI,980.81,17164.21,https://www.balticexchange.com/ (simulated demo series)
2020-05-27,BHSI,988.48,17298.38,https://www.balticexchange.com/ (simulated demo series)
2020-05-28,BHSI,972.8,17023.94,https://www.balticexchange.com/ (simulated demo series)
2020-05-29,BHSI,980.01,17150.19,https://www.balticexchange.com/ (simulated demo series)
2020-06-01,BHSI,963.07,16853.75,https://www.balticexchange.com/ (simulated demo series)
2020-06-02,BHSI,952.04,16660.78,https://www.balticexchange.com/ (simulated demo series)
2020-06-03,BHSI,955.69,16724.57,https://www.balticexchange.com/ (simulated demo series)
2020-06-04,BHSI,979.88,17147.9,https://www.balticexchange.com/ (simulated demo series)
2020-06-05,BHSI,980.43,17157.61,https://www.balticexchange.com/ (simulated demo series)
2020-06-08,BHSI,1012.13,17712.23,https://www.balticexchange.com/ (simulated demo series)
2020-06-09,BHSI,987.27,17277.15,https://www.balticexchange.com/ (simulated demo series)
2020-06-10,BHSI,1012.19,17713.38,https://www.balticexchange.com/ (simulated demo series)
2020-06-11,BHSI,1024.04,17920.68,https://www.balticexchange.com/ (simulated demo series)
2020-06-12,BHSI,1037.37,18153.99,https://www.balticexchange.com/ (simulated demo series)
2020-06-15,BHSI,1044.43,18277.46,https://www.balticexchange.com/ (simulated demo series)
2020-06-16,BHSI,1068.65,18701.31,https://www.balticexchange.com/ (simulated demo series)
2020-06-17,BHSI,1049.9,18373.24,https://www.balticexchange.com/ (simulated demo series)
2020-06-18,BHSI,1068.09,18691.5,https://www.balticexchange.com/ (simulated demo series)
2020-06-19,BHSI,1072.95,18776.55,https://www.balticexchange.com/ (simulated demo series)
2020-06-22,BHSI,1067.1,18674.18,https://www.balticexchange.com/ (simulated demo series)
2020-06-23,BHSI,1022.49,17893.58,https://www.balticexchange.com/ (simulated demo series)
2020-06-24,BHSI,1039.57,18192.4,https://www.balticexchange.com/ (simulated demo series)
2020-06-25,BHSI,1034.89,18110.65,https://www.balticexchange.com/ (simulated demo series)
2020-06-26,BHSI,1013.86,17742.56,https://www.balticexchange.com/ (simulated demo series)
2020-06-29,BHSI,997.77,17460.96,https://www.balticexchange.com/ (simulated demo series)
2020-06-30,BHSI,1006.37,17611.48,https://www.balticexchange.com/ (simulated demo series)
2020-07-01,BHSI,1014.16,17747.87,https://www.balticexchange.com/ (simulated demo series)
2020-07-02,BHSI,1007.18,17625.61,https://www.balticexchange.com/ (simulated demo series)
2020-07-03,BHSI,1004.14,17572.45,https://www.balticexchange.com/ (simulated demo series)
2020-07-06,BHSI,1001.63,17528.47,https://www.balticexchange.com/ (simulated demo series)
2020-07-07,BHSI,977.33,17103.32,https://www.balticexchange.com/ (simulated demo series)
2020-07-08,BHSI,982.76,17198.36,https://www.balticexchange.com/ (simulated demo series)
2020-07-09,BHSI,1004.28,17574.99,https://www.balticexchange.com/ (simulated demo series)
2020-07-10,BHSI,1014.71,17757.44,https://www.balticexchange.com/ (simulated demo series)
2020-07-13,BHSI,1051.47,18400.68,https://www.balticexchange.com/ (simulated demo series)
2020-07-14,BHSI,1057.85,18512.46,https://www.balticexchange.com/ (simulated demo series)
2020-07-15,BHSI,1086.62,19015.81,https://www.balticexchange.com/ (simulated demo series)
2020-07-16,BHSI,1120.91,19615.89,https://www.balticexchange.com/ (simulated demo series)
2020-07-17,BHSI,1078.67,18876.66,https://www.balticexchange.com/ (simulated demo series)
2020-07-20,BHSI,1054.58,18455.1,https://www.balticexchange.com/ (simulated demo series)
2020-07-21,BHSI,1043.2,18256.08,https://www.balticexchange.com/ (simulated demo series)
2020-07-22,BHSI,1062.56,18594.8,https://www.balticexchange.com/ (simulated demo series)
2020-07-23,BHSI,1096.5,19188.8,https://www.balticexchange.com/ (simulated demo series)
2020-07-24,BHSI,1076.39,18836.88,https://www.balticexchange.com/ (simulated demo series)
2020-07-27,BHSI,1075.21,18816.2,https://www.balticexchange.com/ (simulated demo series)
2020-07-28,BHSI,1067.43,18680.1,https://www.balticexchange.com/ (simulated demo series)
2020-07-29,BHSI,1058.7,18527.24,https://www.balticexchange.com/ (simulated demo series)
2020-07-30,BHSI,1039.26,18187.09,https://www.balticexchange.com/ (simulated demo series)
2020-07-31,BHSI,1030.13,18027.35,https://www.balticexchange.com/ (simulated demo series)
2020-08-03,BHSI,1072.24,18764.27,https://www.balticexchange.com/ (simulated demo series)
2020-08-04,BHSI,1042.2,18238.53,https://www.balticexchange.com/ (simulated demo series)
2020-08-05,BHSI,1028.98,18007.17,https://www.balticexchange.com/ (simulated demo series)
2020-08-06,BHSI,1042.14,18237.52,https://www.balticexchange.com/ (simulated demo series)
2020-08-07,BHSI,1028.88,18005.45,https://www.balticexchange.com/ (simulated demo series)
2020-08-10,BHSI,1034.18,18098.1,https://www.balticexchange.com/ (simulated demo series)
2020-08-11,BHSI,1037.64,18158.78,https://www.balticexchange.com/ (simulated demo series)
2020-08-12,BHSI,1023.9,17918.26,https://www.balticexchange.com/ (simulated demo series)
2020-08-13,BHSI,1016.62,17790.89,https://www.balticexchange.com/ (simulated demo series)
2020-08-14,BHSI,1025.61,17948.26,https://www.balticexchange.com/ (simulated demo series)
2020-08-17,BHSI,1068.9,18705.73,https://www.balticexchange.com/ (simulated demo series)
2020-08-18,BHSI,1084.47,18978.31,https://www.balticexchange.com/ (simulated demo series)
2020-08-19,BHSI,1073.5,18786.23,https://www.balticexchange.com/ (simulated demo series)
2020-08-20,BHSI,1098.43,19222.55,https://www.balticexchange.com/ (simulated demo series)
2020-08-21,BHSI,1102.45,19292.95,https://www.balticexchange.com/ (simulated demo series)
2020-08-24,BHSI,1101.19,19270.83,https://www.balticexchange.com/ (simulated demo series)
2020-08-25,BHSI,1140.43,19957.5,https://www.balticexchange.com/ (simulated demo series)
2020-08-26,BHSI,1112.51,19469.01,https://www.balticexchange.com/ (simulated demo series)
2020-08-27,BHSI,1127.87,19737.69,https://www.balticexchange.com/ (simulated demo series)
2020-08-28,BHSI,1121.25,19621.8,https://www.balticexchange.com/ (simulated demo series)
2020-08-31,BHSI,1124.9,19685.71,https://www.balticexchange.com/ (simulated demo series)
2020-09-01,BHSI,1121.41,19624.69,https://www.balticexchange.com/ (simulated demo series)
2020-09-02,BHSI,1116.15,19532.57,https://www.balticexchange.com/ (simulated demo series)
2020-09-03,BHSI,1083.42,18959.89,https://www.balticexchange.com/ (simulated demo series)
2020-09-04,BHSI,1053.64,18438.69,https://www.balticexchange.com/ (simulated demo series)
2020-09-07,BHSI,1026.61,17965.71,https://www.balticexchange.com/ (simulated demo series)
2020-09-08,BHSI,1009.91,17673.38,https://www.balticexchange.com/ (simulated demo series)
2020-09-09,BHSI,1028.9,18005.82,https://www.balticexchange.com/ (simulated demo series)
2020-09-10,BHSI,1031.77,18056.04,https://www.balticexchange.com/ (simulated demo series)
2020-09-11,BHSI,1045.05,18288.44,https://www.balticexchange.com/ (simulated demo series)
2020-09-14,BHSI,1047.48,18330.86,https://www.balticexchange.com/ (simulated demo series)
2020-09-15,BHSI,1038.4,18172.01,https://www.balticexchange.com/ (simulated demo series)
2020-09-16,BHSI,1021.9,17883.2,https://www.balticexchange.com/ (simulated demo series)
2020-09-17,BHSI,1021.83,17882.06,https://www.balticexchange.com/ (simulated demo series)
2020-09-18,BHSI,1022.92,17901.09,https://www.balticexchange.com/ (simulated demo series)
2020-09-21,BHSI,1028.61,18000.6,https://www.balticexchange.com/ (simulated demo series)
2020-09-22,BHSI,1024.09,17921.55,https://www.balticexchange.com/ (simulated demo series)
2020-09-23,BHSI,1011.3,17697.71,https://www.balticexchange.com/ (simulated demo series)
2020-09-24,BHSI,1002.9,17550.69,https://www.balticexchange.com/ (simulated demo series)
2020-09-25,BHSI,1021.31,17872.94,https://www.balticexchange.com/ (simulated demo series)
2020-09-28,BHSI,1021.66,17879.01,https://www.balticexchange.com/ (simulated demo series)
2020-09-29,BHSI,988.54,17299.43,https://www.balticexchange.com/ (simulated demo series)
2020-09-30,BHSI,984.71,17232.41,https://www.balticexchange.com/ (simulated demo series)
2020-10-01,BHSI,978.2,17118.52,https://www.balticexchange.com/ (simulated demo series)
2020-10-02,BHSI,962.18,16838.15,https://www.balticexchange.com/ (simulated demo series)
2020-10-05,BHSI,923.83,16167.01,https://www.balticexchange.com/ (simulated demo series)
2020-10-06,BHSI,914.02,15995.34,https://www.balticexchange.com/ (simulated demo series)
2020-10-07,BHSI,898.76,15728.27,https://www.balticexchange.com/ (simulated demo series)
2020-10-08,BHSI,866.85,15169.96,https://www.balticexchange.com/ (simulated demo series)
2020-10-09,BHSI,862.97,15101.98,https://www.balticexchange.com/ (simulated demo series)
2020-10-12,BHSI,827.95,14489.2,https://www.balticexchange.com/ (simulated demo series)
2020-10-13,BHSI,837.35,14653.6,https://www.balticexchange.com/ (simulated demo series)
2020-10-14,BHSI,824.39,14426.74,https://www.balticexchange.com/ (simulated demo series)
2020-10-15,BHSI,834.57,14605.0,https://www.balticexchange.com/ (simulated demo series)
2020-10-16,BHSI,841.91,14733.41,https://www.balticexchange.com/ (simulated demo series)
2020-10-19,BHSI,864.09,15121.49,https://www.balticexchange.com/ (simulated demo series)
2020-10-20,BHSI,888.24,15544.26,https://www.balticexchange.com/ (simulated demo series)
2020-10-21,BHSI,876.04,15330.63,https://www.balticexchange.com/ (simulated demo series)
2020-10-22,BHSI,885.02,15487.83,https://www.balticexchange.com/ (simulated demo series)
2020-10-23,BHSI,904.22,15823.93,https://www.balticexchange.com/ (simulated demo series)
2020-10-26,BHSI,925.05,16188.44,https://www.balticexchange.com/ (simulated demo series)
2020-10-27,BHSI,922.27,16139.79,https://www.balticexchange.com/ (simulated demo series)
2020-10-28,BHSI,938.8,16428.98,https://www.balticexchange.com/ (simulated demo series)
2020-10-29,BHSI,939.28,16437.41,https://www.balticexchange.com/ (simulated demo series)
2020-10-30,BHSI,976.56,17089.83,https://www.balticexchange.com/ (simulated demo series)
2020-11-02,BHSI,979.79,17146.34,https://www.balticexchange.com/ (simulated demo series)
2020-11-03,BHSI,978.68,17126.88,https://www.balticexchange.com/ (simulated demo series)
2020-11-04,BHSI,995.84,17427.2,https://www.balticexchange.com/ (simulated demo series)
2020-11-05,BHSI,988.94,17306.41,https://www.balticexchange.com/ (simulated demo series)
2020-11-06,BHSI,974.63,17055.94,https://www.balticexchange.com/ (simulated demo series)
2020-11-09,BHSI,943.0,16502.48,https://www.balticexchange.com/ (simulated demo series)
2020-11-10,BHSI,905.82,15851.85,https://www.balticexchange.com/ (simulated demo series)
2020-11-11,BHSI,914.68,16006.96,https://www.balticexchange.com/ (simulated demo series)
2020-11-12,BHSI,908.35,15896.16,https://www.balticexchange.com/ (simulated demo series)
2020-11-13,BHSI,886.96,15521.81,https://www.balticexchange.com/ (simulated demo series)
2020-11-16,BHSI,887.43,15530.09,https://www.balticexchange.com/ (simulated demo series)
2020-11-17,BHSI,896.72,15692.58,https://www.balticexchange.com/ (simulated demo series)
2020-11-18,BHSI,901.73,15780.32,https://www.balticexchange.com/ (simulated demo series)
2020-11-19,BHSI,907.94,15888.94,https://www.balticexchange.com/ (simulated demo series)
2020-11-20,BHSI,888.27,15544.74,https://www.balticexchange.com/ (simulated demo series)
2020-11-23,BHSI,904.61,15830.62,https://www.balticexchange.com/ (simulated demo series)
2020-11-24,BHSI,923.03,16152.97,https://www.balticexchange.com/ (simulated demo series)
2020-11-25,BHSI,912.93,15976.31,https://www.balticexchange.com/ (simulated demo series)
2020-11-26,BHSI,931.15,16295.16,https://www.balticexchange.com/ (simulated demo series)
2020-11-27,BHSI,925.1,16189.29,https://www.balticexchange.com/ (simulated demo series)
2020-11-30,BHSI,932.58,16320.12,https://www.balticexchange.com/ (simulated demo series)
2020-12-01,BHSI,951.64,16653.71,https://www.balticexchange.com/ (simulated demo series)
2020-12-02,BHSI,939.28,16437.41,https://www.balticexchange.com/ (simulated demo series)
2020-12-03,BHSI,907.3,15877.75,https://www.balticexchange.com/ (simulated demo series)
2020-12-04,BHSI,920.75,16113.15,https://www.balticexchange.com/ (simulated demo series)
2020-12-07,BHSI,911.67,15954.29,https://www.balticexchange.com/ (simulated demo series)
2020-12-08,BHSI,910.78,15938.73,https://www.balticexchange.com/ (simulated demo series)
2020-12-09,BHSI,907.19,15875.74,https://www.balticexchange.com/ (simulated demo series)
2020-12-10,BHSI,935.64,16373.64,https://www.balticexchange.com/ (simulated demo series)
2020-12-11,BHSI,954.05,16695.8,https://www.balticexchange.com/ (simulated demo series)
2020-12-14,BHSI,977.02,17097.83,https://www.balticexchange.com/ (simulated demo series)
2020-12-15,BHSI,963.86,16867.55,https://www.balticexchange.com/ (simulated demo series)
2020-12-16,BHSI,929.73,16270.35,https://www.balticexchange.com/ (simulated demo series)
2020-12-17,BHSI,933.65,16338.83,https://www.balticexchange.com/ (simulated demo series)
2020-12-18,BHSI,926.18,16208.15,https://www.balticexchange.com/ (simulated demo series)
2020-12-21,BHSI,942.16,16487.73,https://www.balticexchange.com/ (simulated demo series)
2020-12-22,BHSI,918.08,16066.4,https://www.balticexchange.com/ (simulated demo series)
2020-12-23,BHSI,902.35,15791.14,https://www.balticexchange.com/ (simulated demo series)
2020-12-24,BHSI,908.71,15902.37,https://www.balticexchange.com/ (simulated demo series)
2020-12-25,BHSI,891.24,15596.65,https://www.balticexchange.com/ (simulated demo series)
2020-12-28,BHSI,932.61,16320.76,https://www.balticexchange.com/ (simulated demo series)
2020-12-29,BHSI,909.63,15918.6,https://www.balticexchange.com/ (simulated demo series)
2020-12-30,BHSI,893.49,15636.16,https://www.balticexchange.com/ (simulated demo series)
2020-12-31,BHSI,889.94,15573.88,https://www.balticexchange.com/ (simulated demo series)
2021-01-01,BHSI,908.1,15891.71,https://www.balticexchange.com/ (simulated demo series)
2021-01-04,BHSI,941.49,16476.1,https://www.balticexchange.com/ (simulated demo series)
2021-01-05,BHSI,917.21,16051.13,https://www.balticexchange.com/ (simulated demo series)
2021-01-06,BHSI,911.55,15952.13,https://www.balticexchange.com/ (simulated demo series)
2021-01-07,BHSI,888.2,15543.58,https://www.balticexchange.com/ (simulated demo series)
2021-01-08,BHSI,891.2,15596.06,https://www.balticexchange.com/ (simulated demo series)
2021-01-11,BHSI,886.3,15510.3,https://www.balticexchange.com/ (simulated demo series)
2021-01-12,BHSI,891.47,15600.64,https://www.balticexchange.com/ (simulated demo series)
2021-01-13,BHSI,911.03,15943.08,https://www.balticexchange.com/ (simulated demo series)
2021-01-14,BHSI,956.0,16730.0,https://www.balticexchange.com/ (simulated demo series)
2021-01-15,BHSI,954.91,16710.85,https://www.balticexchange.com/ (simulated demo series)
2021-01-18,BHSI,935.1,16364.19,https://www.balticexchange.com/ (simulated demo series)
2021-01-19,BHSI,919.87,16097.79,https://www.balticexchange.com/ (simulated demo series)
2021-01-20,BHSI,918.49,16073.63,https://www.balticexchange.com/ (simulated demo series)
2021-01-21,BHSI,889.92,15573.54,https://www.balticexchange.com/ (simulated demo series)
2021-01-22,BHSI,898.06,15716.0,https://www.balticexchange.com/ (simulated demo series)
2021-01-25,BHSI,895.75,15675.71,https://www.balticexchange.com/ (simulated demo series)
2021-01-26,BHSI,894.65,15656.4,https://www.balticexchange.com/ (simulated demo series)
2021-01-27,BHSI,907.55,15882.08,https://www.balticexchange.com/ (simulated demo series)
2021-01-28,BHSI,896.95,15696.55,https://www.balticexchange.com/ (simulated demo series)
2021-01-29,BHSI,897.44,15705.16,https://www.balticexchange.com/ (simulated demo series)
2021-02-01,BHSI,922.5,16143.75,https://www.balticexchange.com/ (simulated demo series)
2021-02-02,BHSI,948.64,16601.25,https://www.balticexchange.com/ (simulated demo series)
2021-02-03,BHSI,944.79,16533.76,https://www.balticexchange.com/ (simulated demo series)
2021-02-04,BHSI,946.73,16567.82,https://www.balticexchange.com/ (simulated demo series)
2021-02-05,BHSI,950.89,16640.49,https://www.balticexchange.com/ (simulated demo series)
2021-02-08,BHSI,947.0,16572.5,https://www.balticexchange.com/ (simulated demo series)
2021-02-09,BHSI,985.09,17239.16,https://www.balticexchange.com/ (simulated demo series)
2021-02-10,BHSI,985.0,17237.42,https://www.balticexchange.com/ (simulated demo series)
2021-02-11,BHSI,958.9,16780.76,https://www.balticexchange.com/ (simulated demo series)
2021-02-12,BHSI,989.18,17310.57,https://www.balticexchange.com/ (simulated demo series)
2021-02-15,BHSI,1046.14,18307.41,https://www.balticexchange.com/ (simulated demo series)
2021-02-16,BHSI,1089.79,19071.4,https://www.balticexchange.com/ (simulated demo series)
2021-02-17,BHSI,1071.05,18743.29,https://www.balticexchange.com/ (simulated demo series)
2021-02-18,BHSI,1055.51,18471.48,https://www.balticexchange.com/ (simulated demo series)
2021-02-19,BHSI,1014.22,17748.9,https://www.balticexchange.com/ (simulated demo series)
2021-02-22,BHSI,1018.18,17818.19,https://www.balticexchange.com/ (simulated demo series)
2021-02-23,BHSI,964.0,16869.94,https://www.balticexchange.com/ (simulated demo series)
2021-02-24,BHSI,970.54,16984.51,https://www.balticexchange.com/ (simulated demo series)
2021-02-25,BHSI,954.55,16704.55,https://www.balticexchange.com/ (simulated demo series)
2021-02-26,BHSI,960.8,16813.99,https://www.balticexchange.com/ (simulated demo series)
2021-03-01,BHSI,903.7,15814.72,https://www.balticexchange.com/ (simulated demo series)
2021-03-02,BHSI,913.32,15983.12,https://www.balticexchange.com/ (simulated demo series)
2021-03-03,BHSI,866.49,15163.63,https://www.balticexchange.com/ (simulated demo series)
2021-03-04,BHSI,834.38,14601.66,https://www.balticexchange.com/ (simulated demo series)
2021-03-05,BHSI,828.27,14494.76,https://www.balticexchange.com/ (simulated demo series)
2021-03-08,BHSI,828.86,14505.05,https://www.balticexchange.com/ (simulated demo series)
2021-03-09,BHSI,844.81,14784.19,https://www.balticexchange.com/ (simulated demo series)
2021-03-10,BHSI,840.71,14712.38,https://www.balticexchange.com/ (simulated demo series)
2021-03-11,BHSI,847.15,14825.12,https://www.balticexchange.com/ (simulated demo series)
2021-03-12,BHSI,854.73,14957.77,https://www.balticexchange.com/ (simulated demo series)
2021-03-15,BHSI,809.68,14169.47,https://www.balticexchange.com/ (simulated demo series)
2021-03-16,BHSI,801.57,14027.53,https://www.balticexchange.com/ (simulated demo series)
2021-03-17,BHSI,814.97,14261.96,https://www.balticexchange.com/ (simulated demo series)
2021-03-18,BHSI,816.49,14288.6,https://www.balticexchange.com/ (simulated demo series)
2021-03-19,BHSI,808.91,14156.01,https://www.balticexchange.com/ (simulated demo series)
2021-03-22,BHSI,864.63,15130.95,https://www.balticexchange.com/ (simulated demo series)
2021-03-23,BHSI,866.44,15162.62,https://www.balticexchange.com/ (simulated demo series)
2021-03-24,BHSI,860.34,15055.95,https://www.balticexchange.com/ (simulated demo series)
2021-03-25,BHSI,867.67,15184.28,https://www.balticexchange.com/ (simulated demo series)
2021-03-26,BHSI,855.23,14966.49,https://www.balticexchange.com/ (simulated demo series)
2021-03-29,BHSI,867.08,15173.83,https://www.balticexchange.com/ (simulated demo series)
2021-03-30,BHSI,851.25,14896.82,https://www.balticexchange.com/ (simulated demo series)
2021-03-31,BHSI,844.44,14777.64,https://www.balticexchange.com/ (simulated demo series)
2021-04-01,BHSI,873.64,15288.71,https://www.balticexchange.com/ (simulated demo series)
2021-04-02,BHSI,884.04,15470.7,https://www.balticexchange.com/ (simulated demo series)
2021-04-05,BHSI,870.96,15241.86,https://www.balticexchange.com/ (simulated demo series)
2021-04-06,BHSI,881.02,15417.93,https://www.balticexchange.com/ (simulated demo series)
2021-04-07,BHSI,877.47,15355.72,https://www.balticexchange.com/ (simulated demo series)
2021-04-08,BHSI,876.69,15342.02,https://www.balticexchange.com/ (simulated demo series)
2021-04-09,BHSI,869.57,15217.55,https://www.balticexchange.com/ (simulated demo series)
2021-04-12,BHSI,880.53,15409.3,https://www.balticexchange.com/ (simulated demo series)
2021-04-13,BHSI,883.87,15467.67,https://www.balticexchange.com/ (simulated demo series)
2021-04-14,BHSI,864.88,15135.47,https://www.balticexchange.com/ (simulated demo series)
2021-04-15,BHSI,855.69,14974.64,https://www.balticexchange.com/ (simulated demo series)
2021-04-16,BHSI,839.1,14684.29,https://www.balticexchange.com/ (simulated demo series)
2021-04-19,BHSI,789.1,13809.32,https://www.balticexchange.com/ (simulated demo series)
2021-04-20,BHSI,781.87,13682.78,https://www.balticexchange.com/ (simulated demo series)
2021-04-21,BHSI,755.31,13218.0,https://www.balticexchange.com/ (simulated demo series)
2021-04-22,BHSI,782.22,13688.92,https://www.balticexchange.com/ (simulated demo series)
2021-04-23,BHSI,769.37,13463.96,https://www.balticexchange.com/ (simulated demo series)
2021-04-26,BHSI,756.34,13235.99,https://www.balticexchange.com/ (simulated demo series)
2021-04-27,BHSI,758.58,13275.15,https://www.balticexchange.com/ (simulated demo series)
2021-04-28,BHSI,738.17,12918.0,https://www.balticexchange.com/ (simulated demo series)
2021-04-29,BHSI,735.13,12864.85,https://www.balticexchange.com/ (simulated demo series)
2021-04-30,BHSI,729.65,12768.9,https://www.balticexchange.com/ (simulated demo series)
2021-05-03,BHSI,730.87,12790.2,https://www.balticexchange.com/ (simulated demo series)
2021-05-04,BHSI,708.29,12395.12,https://www.balticexchange.com/ (simulated demo series)
2021-05-05,BHSI,716.56,12539.83,https://www.balticexchange.com/ (simulated demo series)
2021-05-06,BHSI,714.24,12499.2,https://www.balticexchange.com/ (simulated demo series)
2021-05-07,BHSI,720.78,12613.62,https://www.balticexchange.com/ (simulated demo series)
2021-05-10,BHSI,751.46,13150.48,https://www.balticexchange.com/ (simulated demo series)
2021-05-11,BHSI,752.33,13165.7,https://www.balticexchange.com/ (simulated demo series)
2021-05-12,BHSI,764.92,13386.18,https://www.balticexchange.com/ (simulated demo series)
2021-05-13,BHSI,787.15,13775.06,https://www.balticexchange.com/ (simulated demo series)
2021-05-14,BHSI,783.28,13707.43,https://www.balticexchange.com/ (simulated demo series)
2021-05-17,BHSI,790.88,13840.33,https://www.balticexchange.com/ (simulated demo series)
2021-05-18,BHSI,771.03,13493.11,https://www.balticexchange.com/ (simulated demo series)
2021-05-19,BHSI,760.44,13307.72,https://www.balticexchange.com/ (simulated demo series)
2021-05-20,BHSI,752.54,13169.49,https://www.balticexchange.com/ (simulated demo series)
2021-05-21,BHSI,753.47,13185.64,https://www.balticexchange.com/ (simulated demo series)
2021-05-24,BHSI,726.8,12718.95,https://www.balticexchange.com/ (simulated demo series)
2021-05-25,BHSI,713.07,12478.7,https://www.balticexchange.com/ (simulated demo series)
2021-05-26,BHSI,708.13,12392.33,https://www.balticexchange.com/ (simulated demo series)
2021-05-27,BHSI,709.86,12422.5,https://www.balticexchange.com/ (simulated demo series)
2021-05-28,BHSI,694.31,12150.36,https://www.balticexchange.com/ (simulated demo series)
2021-05-31,BHSI,701.9,12283.17,https://www.balticexchange.com/ (simulated demo series)
2021-06-01,BHSI,722.62,12645.76,https://www.balticexchange.com/ (simulated demo series)
2021-06-02,BHSI,714.34,12500.98,https://www.balticexchange.com/ (simulated demo series)
2021-06-03,BHSI,744.4,13027.0,https://www.balticexchange.com/ (simulated demo series)
2021-06-04,BHSI,743.59,13012.87,https://www.balticexchange.com/ (simulated demo series)
2021-06-07,BHSI,738.72,12927.61,https://www.balticexchange.com/ (simulated demo series)
2021-06-08,BHSI,728.01,12740.13,https://www.balticexchange.com/ (simulated demo series)
2021-06-09,BHSI,731.86,12807.6,https://www.balticexchange.com/ (simulated demo series)
2021-06-10,BHSI,720.84,12614.63,https://www.balticexchange.com/ (simulated demo series)
2021-06-11,BHSI,743.4,13009.42,https://www.balticexchange.com/ (simulated demo series)
2021-06-14,BHSI,757.22,13251.4,https://www.balticexchange.com/ (simulated demo series)
2021-06-15,BHSI,748.72,13102.65,https://www.balticexchange.com/ (simulated demo series)
2021-06-16,BHSI,725.34,12693.52,https://www.balticexchange.com/ (simulated demo series)
2021-06-17,BHSI,746.14,13057.45,https://www.balticexchange.com/ (simulated demo series)
2021-06-18,BHSI,779.91,13648.45,https://www.balticexchange.com/ (simulated demo series)
2021-06-21,BHSI,822.61,14395.59,https://www.balticexchange.com/ (simulated demo series)
2021-06-22,BHSI,831.95,14559.14,https://www.balticexchange.com/ (simulated demo series)
2021-06-23,BHSI,836.03,14630.49,https://www.balticexchange.com/ (simulated demo series)
2021-06-24,BHSI,840.21,14703.6,https://www.balticexchange.com/ (simulated demo series)
2021-06-25,BHSI,841.13,14719.78,https://www.balticexchange.com/ (simulated demo series)
2021-06-28,BHSI,811.95,14209.05,https://www.balticexchange.com/ (simulated demo series)
2021-06-29,BHSI,802.58,14045.08,https://www.balticexchange.com/ (simulated demo series)
2021-06-30,BHSI,801.54,14027.0,https://www.balticexchange.com/ (simulated demo series)
2021-07-01,BHSI,790.28,13829.94,https://www.balticexchange.com/ (simulated demo series)
2021-07-02,BHSI,800.08,14001.36,https://www.balticexchange.com/ (simulated demo series)
2021-07-05,BHSI,848.95,14856.65,https://www.balticexchange.com/ (simulated demo series)
2021-07-06,BHSI,858.39,15021.87,https://www.balticexchange.com/ (simulated demo series)
2021-07-07,BHSI,861.31,15072.91,https://www.balticexchange.com/ (simulated demo series)
2021-07-08,BHSI,863.93,15118.86,https://www.balticexchange.com/ (simulated demo series)
2021-07-09,BHSI,858.03,15015.52,https://www.balticexchange.com/ (simulated demo series)
2021-07-12,BHSI,882.84,15449.65,https://www.balticexchange.com/ (simulated demo series)
2021-07-13,BHSI,917.81,16061.71,https://www.balticexchange.com/ (simulated demo series)
2021-07-14,BHSI,892.32,15615.57,https://www.balticexchange.com/ (simulated demo series)
2021-07-15,BHSI,870.98,15242.09,https://www.balticexchange.com/ (simulated demo series)
2021-07-16,BHSI,885.57,15497.55,https://www.balticexchange.com/ (simulated demo series)
2021-07-19,BHSI,882.33,15440.73,https://www.balticexchange.com/ (simulated demo series)
2021-07-20,BHSI,873.5,15286.25,https://www.balticexchange.com/ (simulated demo series)
2021-07-21,BHSI,857.74,15010.48,https://www.balticexchange.com/ (simulated demo series)
2021-07-22,BHSI,832.73,14572.84,https://www.balticexchange.com/ (simulated demo series)
2021-07-23,BHSI,850.22,14878.83,https://www.balticexchange.com/ (simulated demo series)
2021-07-26,BHSI,884.53,15479.33,https://www.balticexchange.com/ (simulated demo series)
2021-07-27,BHSI,844.45,14777.8,https://www.balticexchange.com/ (simulated demo series)
2021-07-28,BHSI,844.23,14774.08,https://www.balticexchange.com/ (simulated demo series)
2021-07-29,BHSI,848.87,14855.21,https://www.balticexchange.com/ (simulated demo series)
2021-07-30,BHSI,859.94,15048.92,https://www.balticexchange.com/ (simulated demo series)
2021-08-02,BHSI,878.26,15369.5,https://www.balticexchange.com/ (simulated demo series)
2021-08-03,BHSI,863.21,15106.19,https://www.balticexchange.com/ (simulated demo series)
2021-08-04,BHSI,855.34,14968.53,https://www.balticexchange.com/ (simulated demo series)
2021-08-05,BHSI,872.97,15276.92,https://www.balticexchange.com/ (simulated demo series)
2021-08-06,BHSI,871.08,15243.88,https://www.balticexchange.com/ (simulated demo series)
2021-08-09,BHSI,858.02,15015.28,https://www.balticexchange.com/ (simulated demo series)
2021-08-10,BHSI,854.36,14951.3,https://www.balticexchange.com/ (simulated demo series)
2021-08-11,BHSI,857.6,15007.95,https://www.balticexchange.com/ (simulated demo series)
2021-08-12,BHSI,866.2,15158.53,https://www.balticexchange.com/ (simulated demo series)
2021-08-13,BHSI,867.97,15189.5,https://www.balticexchange.com/ (simulated demo series)
2021-08-16,BHSI,858.57,15024.99,https://www.balticexchange.com/ (simulated demo series)
2021-08-17,BHSI,870.11,15226.92,https://www.balticexchange.com/ (simulated demo series)
2021-08-18,BHSI,857.16,15000.35,https://www.balticexchange.com/ (simulated demo series)
2021-08-19,BHSI,862.23,15089.0,https://www.balticexchange.com/ (simulated demo series)
2021-08-20,BHSI,836.86,14645.13,https://www.balticexchange.com/ (simulated demo series)
2021-08-23,BHSI,853.52,14936.55,https://www.balticexchange.com/ (simulated demo series)
2021-08-24,BHSI,878.18,15368.16,https://www.balticexchange.com/ (simulated demo series)
2021-08-25,BHSI,856.17,14982.91,https://www.balticexchange.com/ (simulated demo series)
2021-08-26,BHSI,856.29,14985.03,https://www.balticexchange.com/ (simulated demo series)
2021-08-27,BHSI,886.55,15514.57,https://www.balticexchange.com/ (simulated demo series)
2021-08-30,BHSI,883.8,15466.54,https://www.balticexchange.com/ (simulated demo series)
2021-08-31,BHSI,880.95,15416.58,https://www.balticexchange.com/ (simulated demo series)
2021-09-01,BHSI,846.17,14807.89,https://www.balticexchange.com/ (simulated demo series)
2021-09-02,BHSI,853.83,14942.04,https://www.balticexchange.com/ (simulated demo series)
2021-09-03,BHSI,848.11,14841.98,https://www.balticexchange.com/ (simulated demo series)
2021-09-06,BHSI,814.04,14245.73,https://www.balticexchange.com/ (simulated demo series)
2021-09-07,BHSI,827.19,14475.88,https://www.balticexchange.com/ (simulated demo series)
2021-09-08,BHSI,794.78,13908.59,https://www.balticexchange.com/ (simulated demo series)
2021-09-09,BHSI,804.72,14082.68,https://www.balticexchange.com/ (simulated demo series)
2021-09-10,BHSI,827.73,14485.2,https://www.balticexchange.com/ (simulated demo series)
2021-09-13,BHSI,857.85,15012.34,https://www.balticexchange.com/ (simulated demo series)
2021-09-14,BHSI,873.55,15287.05,https://www.balticexchange.com/ (simulated demo series)
2021-09-15,BHSI,880.03,15400.53,https://www.balticexchange.com/ (simulated demo series)
2021-09-16,BHSI,892.3,15615.24,https://www.balticexchange.com/ (simulated demo series)
2021-09-17,BHSI,882.27,15439.76,https://www.balticexchange.com/ (simulated demo series)
2021-09-20,BHSI,923.16,16155.35,https://www.balticexchange.com/ (simulated demo series)
2021-09-21,BHSI,942.52,16494.11,https://www.balticexchange.com/ (simulated demo series)
2021-09-22,BHSI,951.44,16650.21,https://www.balticexchange.com/ (simulated demo series)
2021-09-23,BHSI,942.79,16498.79,https://www.balticexchange.com/ (simulated demo series)
2021-09-24,BHSI,960.13,16802.31,https://www.balticexchange.com/ (simulated demo series)
2021-09-27,BHSI,963.54,16861.97,https://www.balticexchange.com/ (simulated demo series)
2021-09-28,BHSI,941.28,16472.34,https://www.balticexchange.com/ (simulated demo series)
2021-09-29,BHSI,923.87,16167.74,https://www.balticexchange.com/ (simulated demo series)
2021-09-30,BHSI,910.29,15930.07,https://www.balticexchange.com/ (simulated demo series)
2021-10-01,BHSI,906.65,15866.29,https://www.balticexchange.com/ (simulated demo series)
2021-10-04,BHSI,922.49,16143.55,https://www.balticexchange.com/ (simulated demo series)
2021-10-05,BHSI,942.99,16502.29,https://www.balticexchange.com/ (simulated demo series)
2021-10-06,BHSI,952.34,16665.98,https://www.balticexchange.com/ (simulated demo series)
2021-10-07,BHSI,957.07,16748.76,https://www.balticexchange.com/ (simulated demo series)
2021-10-08,BHSI,910.61,15935.6,https://www.balticexchange.com/ (simulated demo series)
2021-10-11,BHSI,904.62,15830.82,https://www.balticexchange.com/ (simulated demo series)
2021-10-12,BHSI,912.25,15964.41,https://www.balticexchange.com/ (simulated demo series)
2021-10-13,BHSI,895.6,15673.04,https://www.balticexchange.com/ (simulated demo series)
2021-10-14,BHSI,876.61,15340.63,https://www.balticexchange.com/ (simulated demo series)
2021-10-15,BHSI,880.97,15417.02,https://www.balticexchange.com/ (simulated demo series)
2021-10-18,BHSI,898.88,15730.34,https://www.balticexchange.com/ (simulated demo series)
2021-10-19,BHSI,896.54,15689.49,https://www.balticexchange.com/ (simulated demo series)
2021-10-20,BHSI,897.16,15700.27,https://www.balticexchange.com/ (simulated demo series)
2021-10-21,BHSI,896.68,15691.97,https://www.balticexchange.com/ (simulated demo series)
2021-10-22,BHSI,886.75,15518.08,https://www.balticexchange.com/ (simulated demo series)
2021-10-25,BHSI,921.0,16117.42,https://www.balticexchange.com/ (simulated demo series)
2021-10-26,BHSI,905.32,15843.16,https://www.balticexchange.com/ (simulated demo series)
2021-10-27,BHSI,859.95,15049.16,https://www.balticexchange.com/ (simulated demo series)
2021-10-28,BHSI,855.45,14970.45,https://www.balticexchange.com/ (simulated demo series)
2021-10-29,BHSI,841.61,14728.15,https://www.balticexchange.com/ (simulated demo series)
2021-11-01,BHSI,821.77,14381.05,https://www.balticexchange.com/ (simulated demo series)
2021-11-02,BHSI,800.83,14014.53,https://www.balticexchange.com/ (simulated demo series)
2021-11-03,BHSI,766.62,13415.82,https://www.balticexchange.com/ (simulated demo series)
2021-11-04,BHSI,762.17,13337.89,https://www.balticexchange.com/ (simulated demo series)
2021-11-05,BHSI,751.92,13158.57,https://www.balticexchange.com/ (simulated demo series)
2021-11-08,BHSI,778.44,13622.65,https://www.balticexchange.com/ (simulated demo series)
2021-11-09,BHSI,787.68,13784.44,https://www.balticexchange.com/ (simulated demo series)
2021-11-10,BHSI,788.41,13797.16,https://www.balticexchange.com/ (simulated demo series)
2021-11-11,BHSI,805.14,14090.03,https://www.balticexchange.com/ (simulated demo series)
2021-11-12,BHSI,815.65,14273.84,https://www.balticexchange.com/ (simulated demo series)
2021-11-15,BHSI,761.93,13333.76,https://www.balticexchange.com/ (simulated demo series)
2021-11-16,BHSI,758.41,13272.14,https://www.balticexchange.com/ (simulated demo series)
2021-11-17,BHSI,755.64,13223.75,https://www.balticexchange.com/ (simulated demo series)
2021-11-18,BHSI,764.9,13385.77,https://www.balticexchange.com/ (simulated demo series)
2021-11-19,BHSI,777.5,13606.26,https://www.balticexchange.com/ (simulated demo series)
2021-11-22,BHSI,765.47,13395.79,https://www.balticexchange.com/ (simulated demo series)
2021-11-23,BHSI,762.38,13341.58,https://www.balticexchange.com/ (simulated demo series)
2021-11-24,BHSI,752.34,13165.91,https://www.balticexchange.com/ (simulated demo series)
2021-11-25,BHSI,733.33,12833.29,https://www.balticexchange.com/ (simulated demo series)
2021-11-26,BHSI,737.31,12902.93,https://www.balticexchange.com/ (simulated demo series)
2021-11-29,BHSI,738.2,12918.48,https://www.balticexchange.com/ (simulated demo series)
2021-11-30,BHSI,764.87,13385.15,https://www.balticexchange.com/ (simulated demo series)
2021-12-01,BHSI,754.41,13202.21,https://www.balticexchange.com/ (simulated demo series)
2021-12-02,BHSI,750.73,13137.75,https://www.balticexchange.com/ (simulated demo series)
2021-12-03,BHSI,761.46,13325.48,https://www.balticexchange.com/ (simulated demo series)
2021-12-06,BHSI,748.35,13096.14,https://www.balticexchange.com/ (simulated demo series)
2021-12-07,BHSI,727.08,12723.85,https://www.balticexchange.com/ (simulated demo series)
2021-12-08,BHSI,724.36,12676.38,https://www.balticexchange.com/ (simulated demo series)
2021-12-09,BHSI,728.8,12754.08,https://www.balticexchange.com/ (simulated demo series)
2021-12-10,BHSI,732.53,12819.27,https://www.balticexchange.com/ (simulated demo series)
2021-12-13,BHSI,703.99,12319.89,https://www.balticexchange.com/ (simulated demo series)
2021-12-14,BHSI,702.61,12295.71,https://www.balticexchange.com/ (simulated demo series)
2021-12-15,BHSI,706.19,12358.32,https://www.balticexchange.com/ (simulated demo series)
2021-12-16,BHSI,705.2,12340.93,https://www.balticexchange.com/ (simulated demo series)
2021-12-17,BHSI,719.06,12583.56,https://www.balticexchange.com/ (simulated demo series)
2021-12-20,BHSI,733.72,12840.12,https://www.balticexchange.com/ (simulated demo series)
2021-12-21,BHSI,714.41,12502.22,https://www.balticexchange.com/ (simulated demo series)
2021-12-22,BHSI,736.95,12896.57,https://www.balticexchange.com/ (simulated demo series)
2021-12-23,BHSI,725.63,12698.47,https://www.balticexchange.com/ (simulated demo series)
2021-12-24,BHSI,748.49,13098.54,https://www.balticexchange.com/ (simulated demo series)
2021-12-27,BHSI,721.32,12623.14,https://www.balticexchange.com/ (simulated demo series)
2021-12-28,BHSI,721.89,12633.08,https://www.balticexchange.com/ (simulated demo series)
2021-12-29,BHSI,728.31,12745.36,https://www.balticexchange.com/ (simulated demo series)
2021-12-30,BHSI,710.46,12433.01,https://www.balticexchange.com/ (simulated demo series)
2021-12-31,BHSI,707.22,12376.43,https://www.balticexchange.com/ (simulated demo series)
2022-01-03,BHSI,736.67,12891.69,https://www.balticexchange.com/ (simulated demo series)
2022-01-04,BHSI,747.95,13089.14,https://www.balticexchange.com/ (simulated demo series)
2022-01-05,BHSI,760.9,13315.8,https://www.balticexchange.com/ (simulated demo series)
2022-01-06,BHSI,760.27,13304.79,https://www.balticexchange.com/ (simulated demo series)
2022-01-07,BHSI,759.08,13283.91,https://www.balticexchange.com/ (simulated demo series)
2022-01-10,BHSI,753.95,13194.04,https://www.balticexchange.com/ (simulated demo series)
2022-01-11,BHSI,749.54,13116.92,https://www.balticexchange.com/ (simulated demo series)
2022-01-12,BHSI,738.24,12919.13,https://www.balticexchange.com/ (simulated demo series)
2022-01-13,BHSI,739.44,12940.16,https://www.balticexchange.com/ (simulated demo series)
2022-01-14,BHSI,727.99,12739.81,https://www.balticexchange.com/ (simulated demo series)
2022-01-17,BHSI,762.71,13347.5,https://www.balticexchange.com/ (simulated demo series)
2022-01-18,BHSI,748.11,13091.87,https://www.balticexchange.com/ (simulated demo series)
2022-01-19,BHSI,721.32,12623.16,https://www.balticexchange.com/ (simulated demo series)
2022-01-20,BHSI,700.52,12259.15,https://www.balticexchange.com/ (simulated demo series)
2022-01-21,BHSI,700.24,12254.23,https://www.balticexchange.com/ (simulated demo series)
2022-01-24,BHSI,681.86,11932.49,https://www.balticexchange.com/ (simulated demo series)
2022-01-25,BHSI,660.91,11565.96,https://www.balticexchange.com/ (simulated demo series)
2022-01-26,BHSI,659.77,11545.92,https://www.balticexchange.com/ (simulated demo series)
2022-01-27,BHSI,661.54,11577.04,https://www.balticexchange.com/ (simulated demo series)
2022-01-28,BHSI,657.35,11503.64,https://www.balticexchange.com/ (simulated demo series)
2022-01-31,BHSI,676.94,11846.51,https://www.balticexchange.com/ (simulated demo series)
2022-02-01,BHSI,688.87,12055.29,https://www.balticexchange.com/ (simulated demo series)
2022-02-02,BHSI,692.19,12113.29,https://www.balticexchange.com/ (simulated demo series)
2022-02-03,BHSI,703.09,12304.1,https://www.balticexchange.com/ (simulated demo series)
2022-02-04,BHSI,711.11,12444.51,https://www.balticexchange.com/ (simulated demo series)
2022-02-07,BHSI,717.01,12547.67,https://www.balticexchange.com/ (simulated demo series)
2022-02-08,BHSI,722.72,12647.68,https://www.balticexchange.com/ (simulated demo series)
2022-02-09,BHSI,745.21,13041.14,https://www.balticexchange.com/ (simulated demo series)
2022-02-10,BHSI,743.44,13010.25,https://www.balticexchange.com/ (simulated demo series)
2022-02-11,BHSI,764.4,13377.07,https://www.balticexchange.com/ (simulated demo series)
2022-02-14,BHSI,791.87,13857.7,https://www.balticexchange.com/ (simulated demo series)
2022-02-15,BHSI,769.6,13468.05,https://www.balticexchange.com/ (simulated demo series)
2022-02-16,BHSI,813.68,14239.43,https://www.balticexchange.com/ (simulated demo series)
2022-02-17,BHSI,829.54,14516.89,https://www.balticexchange.com/ (simulated demo series)
2022-02-18,BHSI,819.46,14340.54,https://www.balticexchange.com/ (simulated demo series)
2022-02-21,BHSI,807.65,14133.95,https://www.balticexchange.com/ (simulated demo series)
2022-02-22,BHSI,827.7,14484.83,https://www.balticexchange.com/ (simulated demo series)
2022-02-23,BHSI,846.1,14806.79,https://www.balticexchange.com/ (simulated demo series)
2022-02-24,BHSI,827.78,14486.17,https://www.balticexchange.com/ (simulated demo series)
2022-02-25,BHSI,809.51,14166.48,https://www.balticexchange.com/ (simulated demo series)
2022-02-28,BHSI,769.42,13464.87,https://www.balticexchange.com/ (simulated demo series)
2022-03-01,BHSI,759.46,13290.57,https://www.balticexchange.com/ (simulated demo series)
2022-03-02,BHSI,778.45,13622.87,https://www.balticexchange.com/ (simulated demo series)
2022-03-03,BHSI,771.47,13500.76,https://www.balticexchange.com/ (simulated demo series)
2022-03-04,BHSI,760.52,13309.07,https://www.balticexchange.com/ (simulated demo series)
2022-03-07,BHSI,788.26,13794.58,https://www.balticexchange.com/ (simulated demo series)
2022-03-08,BHSI,777.98,13614.58,https://www.balticexchange.com/ (simulated demo series)
2022-03-09,BHSI,768.55,13449.6,https://www.balticexchange.com/ (simulated demo series)
2022-03-10,BHSI,790.2,13828.48,https://www.balticexchange.com/ (simulated demo series)
2022-03-11,BHSI,799.33,13988.36,https://www.balticexchange.com/ (simulated demo series)
2022-03-14,BHSI,801.13,14019.83,https://www.balticexchange.com/ (simulated demo series)
2022-03-15,BHSI,832.09,14561.56,https://www.balticexchange.com/ (simulated demo series)
2022-03-16,BHSI,842.5,14743.69,https://www.balticexchange.com/ (simulated demo series)
2022-03-17,BHSI,841.13,14719.82,https://www.balticexchange.com/ (simulated demo series)
2022-03-18,BHSI,825.76,14450.89,https://www.balticexchange.com/ (simulated demo series)
2022-03-21,BHSI,855.25,14966.92,https://www.balticexchange.com/ (simulated demo series)
2022-03-22,BHSI,876.64,15341.12,https://www.balticexchange.com/ (simulated demo series)
2022-03-23,BHSI,897.74,15710.46,https://www.balticexchange.com/ (simulated demo series)
2022-03-24,BHSI,873.77,15291.0,https://www.balticexchange.com/ (simulated demo series)
2022-03-25,BHSI,864.12,15122.08,https://www.balticexchange.com/ (simulated demo series)
2022-03-28,BHSI,826.04,14455.67,https://www.balticexchange.com/ (simulated demo series)
2022-03-29,BHSI,820.86,14364.98,https://www.balticexchange.com/ (simulated demo series)
2022-03-30,BHSI,821.91,14383.46,https://www.balticexchange.com/ (simulated demo series)
2022-03-31,BHSI,814.89,14260.49,https://www.balticexchange.com/ (simulated demo series)
2022-04-01,BHSI,822.46,14393.13,https://www.balticexchange.com/ (simulated demo series)
2022-04-04,BHSI,794.16,13897.83,https://www.balticexchange.com/ (simulated demo series)
2022-04-05,BHSI,810.63,14186.01,https://www.balticexchange.com/ (simulated demo series)
2022-04-06,BHSI,819.52,14341.58,https://www.balticexchange.com/ (simulated demo series)
2022-04-07,BHSI,819.43,14340.0,https://www.balticexchange.com/ (simulated demo series)
2022-04-08,BHSI,838.63,14675.98,https://www.balticexchange.com/ (simulated demo series)
2022-04-11,BHSI,822.52,14394.09,https://www.balticexchange.com/ (simulated demo series)
2022-04-12,BHSI,844.42,14777.39,https://www.balticexchange.com/ (simulated demo series)
2022-04-13,BHSI,869.29,15212.62,https://www.balticexchange.com/ (simulated demo series)
2022-04-14,BHSI,887.03,15523.1,https://www.balticexchange.com/ (simulated demo series)
2022-04-15,BHSI,877.75,15360.68,https://www.balticexchange.com/ (simulated demo series)
2022-04-18,BHSI,840.71,14712.51,https://www.balticexchange.com/ (simulated demo series)
2022-04-19,BHSI,839.86,14697.62,https://www.balticexchange.com/ (simulated demo series)
2022-04-20,BHSI,841.32,14723.16,https://www.balticexchange.com/ (simulated demo series)
2022-04-21,BHSI,865.9,15153.31,https://www.balticexchange.com/ (simulated demo series)
2022-04-22,BHSI,874.17,15298.01,https://www.balticexchange.com/ (simulated demo series)
2022-04-25,BHSI,901.3,15772.82,https://www.balticexchange.com/ (simulated demo series)
2022-04-26,BHSI,918.74,16077.87,https://www.balticexchange.com/ (simulated demo series)
2022-04-27,BHSI,922.54,16144.38,https://www.balticexchange.com/ (simulated demo series)
2022-04-28,BHSI,937.27,16402.2,https://www.balticexchange.com/ (simulated demo series)
2022-04-29,BHSI,921.17,16120.48,https://www.balticexchange.com/ (simulated demo series)
2022-05-02,BHSI,969.28,16962.32,https://www.balticexchange.com/ (simulated demo series)
2022-05-03,BHSI,1018.47,17823.3,https://www.balticexchange.com/ (simulated demo series)
2022-05-04,BHSI,973.6,17037.98,https://www.balticexchange.com/ (simulated demo series)
2022-05-05,BHSI,980.76,17163.26,https://www.balticexchange.com/ (simulated demo series)
2022-05-06,BHSI,968.16,16942.8,https://www.balticexchange.com/ (simulated demo series)
2022-05-09,BHSI,940.44,16457.77,https://www.balticexchange.com/ (simulated demo series)
2022-05-10,BHSI,926.07,16206.29,https://www.balticexchange.com/ (simulated demo series)
2022-05-11,BHSI,934.8,16359.06,https://www.balticexchange.com/ (simulated demo series)
2022-05-12,BHSI,925.71,16199.94,https://www.balticexchange.com/ (simulated demo series)
2022-05-13,BHSI,912.92,15976.1,https://www.balticexchange.com/ (simulated demo series)
2022-05-16,BHSI,924.85,16184.96,https://www.balticexchange.com/ (simulated demo series)
2022-05-17,BHSI,916.28,16034.9,https://www.balticexchange.com/ (simulated demo series)
2022-05-18,BHSI,928.0,16240.03,https://www.balticexchange.com/ (simulated demo series)
2022-05-19,BHSI,940.04,16450.67,https://www.balticexchange.com/ (simulated demo series)
2022-05-20,BHSI,942.66,16496.59,https://www.balticexchange.com/ (simulated demo series)
2022-05-23,BHSI,980.35,17156.14,https://www.balticexchange.com/ (simulated demo series)
2022-05-24,BHSI,972.62,17020.92,https://www.balticexchange.com/ (simulated demo series)
2022-05-25,BHSI,985.16,17240.38,https://www.balticexchange.com/ (simulated demo series)
2022-05-26,BHSI,1006.98,17622.19,https://www.balticexchange.com/ (simulated demo series)
2022-05-27,BHSI,1017.27,17802.17,https://www.balticexchange.com/ (simulated demo series)
2022-05-30,BHSI,1008.34,17645.9,https://www.balticexchange.com/ (simulated demo series)
2022-05-31,BHSI,1025.84,17952.25,https://www.balticexchange.com/ (simulated demo series)
2022-06-01,BHSI,1072.13,18762.2,https://www.balticexchange.com/ (simulated demo series)
2022-06-02,BHSI,1078.89,18880.54,https://www.balticexchange.com/ (simulated demo series)
2022-06-03,BHSI,1092.9,19125.68,https://www.balticexchange.com/ (simulated demo series)
2022-06-06,BHSI,1041.21,18221.2,https://www.balticexchange.com/ (simulated demo series)
2022-06-07,BHSI,1049.08,18358.97,https://www.balticexchange.com/ (simulated demo series)
2022-06-08,BHSI,1014.38,17751.63,https://www.balticexchange.com/ (simulated demo series)
2022-06-09,BHSI,1009.21,17661.11,https://www.balticexchange.com/ (simulated demo series)
2022-06-10,BHSI,1038.58,18175.09,https://www.balticexchange.com/ (simulated demo series)
2022-06-13,BHSI,1057.12,18499.61,https://www.balticexchange.com/ (simulated demo series)
2022-06-14,BHSI,1087.23,19026.52,https://www.balticexchange.com/ (simulated demo series)
2022-06-15,BHSI,1122.67,19646.71,https://www.balticexchange.com/ (simulated demo series)
2022-06-16,BHSI,1134.29,19850.03,https://www.balticexchange.com/ (simulated demo series)
2022-06-17,BHSI,1132.08,19811.34,https://www.balticexchange.com/ (simulated demo series)
2022-06-20,BHSI,1121.31,19622.99,https://www.balticexchange.com/ (simulated demo series)
2022-06-21,BHSI,1101.32,19273.12,https://www.balticexchange.com/ (simulated demo series)
2022-06-22,BHSI,1110.74,19437.86,https://www.balticexchange.com/ (simulated demo series)
2022-06-23,BHSI,1137.08,19898.88,https://www.balticexchange.com/ (simulated demo series)
2022-06-24,BHSI,1136.3,19885.32,https://www.balticexchange.com/ (simulated demo series)
2022-06-27,BHSI,1140.52,19959.04,https://www.balticexchange.com/ (simulated demo series)
2022-06-28,BHSI,1150.12,20127.07,https://www.balticexchange.com/ (simulated demo series)
2022-06-29,BHSI,1116.45,19537.93,https://www.balticexchange.com/ (simulated demo series)
2022-06-30,BHSI,1115.49,19521.07,https://www.balticexchange.com/ (simulated demo series)
2022-07-01,BHSI,1103.45,19310.38,https://www.balticexchange.com/ (simulated demo series)
2022-07-04,BHSI,1115.02,19512.86,https://www.balticexchange.com/ (simulated demo series)
2022-07-05,BHSI,1122.05,19635.83,https://www.balticexchange.com/ (simulated demo series)
2022-07-06,BHSI,1091.54,19101.9,https://www.balticexchange.com/ (simulated demo series)
2022-07-07,BHSI,1082.26,18939.5,https://www.balticexchange.com/ (simulated demo series)
2022-07-08,BHSI,1094.6,19155.55,https://www.balticexchange.com/ (simulated demo series)
2022-07-11,BHSI,1077.07,18848.77,https://www.balticexchange.com/ (simulated demo series)
2022-07-12,BHSI,1089.73,19070.36,https://www.balticexchange.com/ (simulated demo series)
2022-07-13,BHSI,1098.23,19219.09,https://www.balticexchange.com/ (simulated demo series)
2022-07-14,BHSI,1120.07,19601.15,https://www.balticexchange.com/ (simulated demo series)
2022-07-15,BHSI,1114.48,19503.44,https://www.balticexchange.com/ (simulated demo series)
2022-07-18,BHSI,1074.39,18801.77,https://www.balticexchange.com/ (simulated demo series)
2022-07-19,BHSI,1087.0,19022.49,https://www.balticexchange.com/ (simulated demo series)
2022-07-20,BHSI,1106.92,19371.09,https://www.balticexchange.com/ (simulated demo series)
2022-07-21,BHSI,1088.3,19045.28,https://www.balticexchange.com/ (simulated demo series)
2022-07-22,BHSI,1137.88,19912.86,https://www.balticexchange.com/ (simulated demo series)
2022-07-25,BHSI,1210.13,21177.25,https://www.balticexchange.com/ (simulated demo series)
2022-07-26,BHSI,1208.31,21145.42,https://www.balticexchange.com/ (simulated demo series)
2022-07-27,BHSI,1174.18,20548.16,https://www.balticexchange.com/ (simulated demo series)
2022-07-28,BHSI,1192.2,20863.47,https://www.balticexchange.com/ (simulated demo series)
2022-07-29,BHSI,1206.92,21121.13,https://www.balticexchange.com/ (simulated demo series)
2022-08-01,BHSI,1144.46,20027.98,https://www.balticexchange.com/ (simulated demo series)
2022-08-02,BHSI,1152.82,20174.3,https://www.balticexchange.com/ (simulated demo series)
2022-08-03,BHSI,1160.12,20302.14,https://www.balticexchange.com/ (simulated demo series)
2022-08-04,BHSI,1158.33,20270.85,https://www.balticexchange.com/ (simulated demo series)
2022-08-05,BHSI,1198.66,20976.58,https://www.balticexchange.com/ (simulated demo series)
2022-08-08,BHSI,1277.31,22352.9,https://www.balticexchange.com/ (simulated demo series)
2022-08-09,BHSI,1293.4,22634.48,https://www.balticexchange.com/ (simulated demo series)
2022-08-10,BHSI,1295.7,22674.7,https://www.balticexchange.com/ (simulated demo series)
2022-08-11,BHSI,1272.9,22275.67,https://www.balticexchange.com/ (simulated demo series)
2022-08-12,BHSI,1269.97,22224.4,https://www.balticexchange.com/ (simulated demo series)
2022-08-15,BHSI,1291.86,22607.46,https://www.balticexchange.com/ (simulated demo series)
2022-08-16,BHSI,1286.0,22504.99,https://www.balticexchange.com/ (simulated demo series)
2022-08-17,BHSI,1298.51,22723.86,https://www.balticexchange.com/ (simulated demo series)
2022-08-18,BHSI,1254.43,21952.52,https://www.balticexchange.com/ (simulated demo series)
2022-08-19,BHSI,1272.73,22272.78,https://www.balticexchange.com/ (simulated demo series)
2022-08-22,BHSI,1208.28,21144.82,https://www.balticexchange.com/ (simulated demo series)
2022-08-23,BHSI,1193.43,20885.06,https://www.balticexchange.com/ (simulated demo series)
2022-08-24,BHSI,1219.14,21334.94,https://www.balticexchange.com/ (simulated demo series)
2022-08-25,BHSI,1225.99,21454.8,https://www.balticexchange.com/ (simulated demo series)
2022-08-26,BHSI,1215.07,21263.75,https://www.balticexchange.com/ (simulated demo series)
2022-08-29,BHSI,1198.56,20974.88,https://www.balticexchange.com/ (simulated demo series)
2022-08-30,BHSI,1186.96,20771.77,https://www.balticexchange.com/ (simulated demo series)
2022-08-31,BHSI,1207.54,21131.98,https://www.balticexchange.com/ (simulated demo series)
2022-09-01,BHSI,1207.35,21128.55,https://www.balticexchange.com/ (simulated demo series)
2022-09-02,BHSI,1190.75,20838.21,https://www.balticexchange.com/ (simulated demo series)
2022-09-05,BHSI,1120.8,19613.97,https://www.balticexchange.com/ (simulated demo series)
2022-09-06,BHSI,1112.28,19464.82,https://www.balticexchange.com/ (simulated demo series)
2022-09-07,BHSI,1099.92,19248.68,https://www.balticexchange.com/ (simulated demo series)
2022-09-08,BHSI,1125.23,19691.46,https://www.balticexchange.com/ (simulated demo series)
2022-09-09,BHSI,1114.15,19497.7,https://www.balticexchange.com/ (simulated demo series)
2022-09-12,BHSI,1123.77,19666.05,https://www.balticexchange.com/ (simulated demo series)
2022-09-13,BHSI,1096.89,19195.5,https://www.balticexchange.com/ (simulated demo series)
2022-09-14,BHSI,1097.32,19203.11,https://www.balticexchange.com/ (simulated demo series)
2022-09-15,BHSI,1096.15,19182.64,https://www.balticexchange.com/ (simulated demo series)
2022-09-16,BHSI,1060.71,18562.41,https://www.balticexchange.com/ (simulated demo series)
2022-09-19,BHSI,1080.92,18916.14,https://www.balticexchange.com/ (simulated demo series)
2022-09-20,BHSI,1038.59,18175.24,https://www.balticexchange.com/ (simulated demo series)
2022-09-21,BHSI,1032.68,18071.94,https://www.balticexchange.com/ (simulated demo series)
2022-09-22,BHSI,1027.63,17983.52,https://www.balticexchange.com/ (simulated demo series)
2022-09-23,BHSI,1043.08,18253.82,https://www.balticexchange.com/ (simulated demo series)
2022-09-26,BHSI,1059.86,18547.62,https://www.balticexchange.com/ (simulated demo series)
2022-09-27,BHSI,1036.91,18145.85,https://www.balticexchange.com/ (simulated demo series)
2022-09-28,BHSI,1071.72,18755.09,https://www.balticexchange.com/ (simulated demo series)
2022-09-29,BHSI,1083.99,18969.78,https://www.balticexchange.com/ (simulated demo series)
2022-09-30,BHSI,1096.06,19181.02,https://www.balticexchange.com/ (simulated demo series)
2022-10-03,BHSI,1099.37,19238.91,https://www.balticexchange.com/ (simulated demo series)
2022-10-04,BHSI,1068.26,18694.48,https://www.balticexchange.com/ (simulated demo series)
2022-10-05,BHSI,1088.12,19042.06,https://www.balticexchange.com/ (simulated demo series)
2022-10-06,BHSI,1103.07,19303.72,https://www.balticexchange.com/ (simulated demo series)
2022-10-07,BHSI,1113.56,19487.23,https://www.balticexchange.com/ (simulated demo series)
2022-10-10,BHSI,1100.53,19259.36,https://www.balticexchange.com/ (simulated demo series)
2022-10-11,BHSI,1047.89,18338.03,https://www.balticexchange.com/ (simulated demo series)
2022-10-12,BHSI,1063.62,18613.39,https://www.balticexchange.com/ (simulated demo series)
2022-10-13,BHSI,1041.97,18234.41,https://www.balticexchange.com/ (simulated demo series)
2022-10-14,BHSI,997.23,17451.51,https://www.balticexchange.com/ (simulated demo series)
2022-10-17,BHSI,1008.0,17639.95,https://www.balticexchange.com/ (simulated demo series)
2022-10-18,BHSI,961.03,16818.09,https://www.balticexchange.com/ (simulated demo series)
2022-10-19,BHSI,945.95,16554.13,https://www.balticexchange.com/ (simulated demo series)
2022-10-20,BHSI,947.67,16584.23,https://www.balticexchange.com/ (simulated demo series)
2022-10-21,BHSI,967.29,16927.52,https://www.balticexchange.com/ (simulated demo series)
2022-10-24,BHSI,932.91,16325.84,https://www.balticexchange.com/ (simulated demo series)
2022-10-25,BHSI,940.79,16463.79,https://www.balticexchange.com/ (simulated demo series)
2022-10-26,BHSI,917.9,16063.23,https://www.balticexchange.com/ (simulated demo series)
2022-10-27,BHSI,918.61,16075.71,https://www.balticexchange.com/ (simulated demo series)
2022-10-28,BHSI,930.25,16279.4,https://www.balticexchange.com/ (simulated demo series)
2022-10-31,BHSI,931.63,16303.48,https://www.balticexchange.com/ (simulated demo series)
2022-11-01,BHSI,938.02,16415.36,https://www.balticexchange.com/ (simulated demo series)
2022-11-02,BHSI,945.91,16553.36,https://www.balticexchange.com/ (simulated demo series)
2022-11-03,BHSI,944.47,16528.21,https://www.balticexchange.com/ (simulated demo series)
2022-11-04,BHSI,952.09,16661.55,https://www.balticexchange.com/ (simulated demo series)
2022-11-07,BHSI,947.51,16581.36,https://www.balticexchange.com/ (simulated demo series)
2022-11-08,BHSI,959.45,16790.46,https://www.balticexchange.com/ (simulated demo series)
2022-11-09,BHSI,934.58,16355.15,https://www.balticexchange.com/ (simulated demo series)
2022-11-10,BHSI,927.49,16231.09,https://www.balticexchange.com/ (simulated demo series)
2022-11-11,BHSI,932.2,16313.57,https://www.balticexchange.com/ (simulated demo series)
2022-11-14,BHSI,901.36,15773.79,https://www.balticexchange.com/ (simulated demo series)
2022-11-15,BHSI,919.65,16093.96,https://www.balticexchange.com/ (simulated demo series)
2022-11-16,BHSI,903.34,15808.39,https://www.balticexchange.com/ (simulated demo series)
2022-11-17,BHSI,874.54,15304.46,https://www.balticexchange.com/ (simulated demo series)
2022-11-18,BHSI,885.36,15493.84,https://www.balticexchange.com/ (simulated demo series)
2022-11-21,BHSI,852.03,14910.49,https://www.balticexchange.com/ (simulated demo series)
2022-11-22,BHSI,856.36,14986.28,https://www.balticexchange.com/ (simulated demo series)
2022-11-23,BHSI,859.61,15043.13,https://www.balticexchange.com/ (simulated demo series)
2022-11-24,BHSI,881.96,15434.29,https://www.balticexchange.com/ (simulated demo series)
2022-11-25,BHSI,866.63,15166.05,https://www.balticexchange.com/ (simulated demo series)
2022-11-28,BHSI,856.14,14982.5,https://www.balticexchange.com/ (simulated demo series)
2022-11-29,BHSI,817.57,14307.48,https://www.balticexchange.com/ (simulated demo series)
2022-11-30,BHSI,814.22,14248.88,https://www.balticexchange.com/ (simulated demo series)
2022-12-01,BHSI,778.06,13616.09,https://www.balticexchange.com/ (simulated demo series)
2022-12-02,BHSI,771.6,13502.97,https://www.balticexchange.com/ (simulated demo series)
2022-12-05,BHSI,795.46,13920.57,https://www.balticexchange.com/ (simulated demo series)
2022-12-06,BHSI,786.73,13767.84,https://www.balticexchange.com/ (simulated demo series)
2022-12-07,BHSI,778.38,13621.68,https://www.balticexchange.com/ (simulated demo series)
2022-12-08,BHSI,779.3,13637.73,https://www.balticexchange.com/ (simulated demo series)
2022-12-09,BHSI,795.31,13917.92,https://www.balticexchange.com/ (simulated demo series)
2022-12-12,BHSI,794.19,13898.33,https://www.balticexchange.com/ (simulated demo series)
2022-12-13,BHSI,828.88,14505.38,https://www.balticexchange.com/ (simulated demo series)
2022-12-14,BHSI,848.66,14851.5,https://www.balticexchange.com/ (simulated demo series)
2022-12-15,BHSI,850.1,14876.75,https://www.balticexchange.com/ (simulated demo series)
2022-12-16,BHSI,845.82,14801.79,https://www.balticexchange.com/ (simulated demo series)
2022-12-19,BHSI,861.99,15084.85,https://www.balticexchange.com/ (simulated demo series)
2022-12-20,BHSI,848.19,14843.34,https://www.balticexchange.com/ (simulated demo series)
2022-12-21,BHSI,879.2,15386.06,https://www.balticexchange.com/ (simulated demo series)
2022-12-22,BHSI,851.23,14896.55,https://www.balticexchange.com/ (simulated demo series)
2022-12-23,BHSI,863.16,15105.29,https://www.balticexchange.com/ (simulated demo series)
2022-12-26,BHSI,839.58,14692.6,https://www.balticexchange.com/ (simulated demo series)
2022-12-27,BHSI,823.47,14410.8,https://www.balticexchange.com/ (simulated demo series)
2022-12-28,BHSI,851.89,14908.1,https://www.balticexchange.com/ (simulated demo series)
2022-12-29,BHSI,826.95,14471.59,https://www.balticexchange.com/ (simulated demo series)
2022-12-30,BHSI,807.43,14130.05,https://www.balticexchange.com/ (simulated demo series)
2023-01-02,BHSI,811.35,14198.69,https://www.balticexchange.com/ (simulated demo series)
2023-01-03,BHSI,797.13,13949.82,https://www.balticexchange.com/ (simulated demo series)
2023-01-04,BHSI,792.55,13869.66,https://www.balticexchange.com/ (simulated demo series)
2023-01-05,BHSI,817.65,14308.91,https://www.balticexchange.com/ (simulated demo series)
2023-01-06,BHSI,805.13,14089.7,https://www.balticexchange.com/ (simulated demo series)
2023-01-09,BHSI,798.35,13971.2,https://www.balticexchange.com/ (simulated demo series)
2023-01-10,BHSI,778.85,13629.82,https://www.balticexchange.com/ (simulated demo series)
2023-01-11,BHSI,773.59,13537.83,https://www.balticexchange.com/ (simulated demo series)
2023-01-12,BHSI,760.31,13305.34,https://www.balticexchange.com/ (simulated demo series)
2023-01-13,BHSI,769.89,13473.12,https://www.balticexchange.com/ (simulated demo series)
2023-01-16,BHSI,790.07,13826.26,https://www.balticexchange.com/ (simulated demo series)
2023-01-17,BHSI,787.33,13778.31,https://www.balticexchange.com/ (simulated demo series)
2023-01-18,BHSI,786.18,13758.14,https://www.balticexchange.com/ (simulated demo series)
2023-01-19,BHSI,798.4,13972.0,https://www.balticexchange.com/ (simulated demo series)
2023-01-20,BHSI,787.97,13789.44,https://www.balticexchange.com/ (simulated demo series)
2023-01-23,BHSI,775.48,13570.97,https://www.balticexchange.com/ (simulated demo series)
2023-01-24,BHSI,774.18,13548.14,https://www.balticexchange.com/ (simulated demo series)
2023-01-25,BHSI,788.35,13796.14,https://www.balticexchange.com/ (simulated demo series)
2023-01-26,BHSI,755.91,13228.46,https://www.balticexchange.com/ (simulated demo series)
2023-01-27,BHSI,771.02,13492.8,https://www.balticexchange.com/ (simulated demo series)
2023-01-30,BHSI,782.37,13691.39,https://www.balticexchange.com/ (simulated demo series)
2023-01-31,BHSI,786.67,13766.8,https://www.balticexchange.com/ (simulated demo series)
2023-02-01,BHSI,795.79,13926.32,https://www.balticexchange.com/ (simulated demo series)
2023-02-02,BHSI,823.05,14403.42,https://www.balticexchange.com/ (simulated demo series)
2023-02-03,BHSI,851.87,14907.7,https://www.balticexchange.com/ (simulated demo series)
2023-02-06,BHSI,854.81,14959.19,https://www.balticexchange.com/ (simulated demo series)
2023-02-07,BHSI,837.24,14651.71,https://www.balticexchange.com/ (simulated demo series)
2023-02-08,BHSI,849.73,14870.29,https://www.balticexchange.com/ (simulated demo series)
2023-02-09,BHSI,835.64,14623.7,https://www.balticexchange.com/ (simulated demo series)
2023-02-10,BHSI,835.88,14627.88,https://www.balticexchange.com/ (simulated demo series)
2023-02-13,BHSI,820.46,14358.1,https://www.balticexchange.com/ (simulated demo series)
2023-02-14,BHSI,809.58,14167.65,https://www.balticexchange.com/ (simulated demo series)
2023-02-15,BHSI,814.81,14259.21,https://www.balticexchange.com/ (simulated demo series)
2023-02-16,BHSI,774.96,13561.88,https://www.balticexchange.com/ (simulated demo series)
2023-02-17,BHSI,777.42,13604.89,https://www.balticexchange.com/ (simulated demo series)
2023-02-20,BHSI,749.38,13114.18,https://www.balticexchange.com/ (simulated demo series)
2023-02-21,BHSI,763.07,13353.79,https://www.balticexchange.com/ (simulated demo series)
2023-02-22,BHSI,770.71,13487.51,https://www.balticexchange.com/ (simulated demo series)
2023-02-23,BHSI,781.15,13670.04,https://www.balticexchange.com/ (simulated demo series)
2023-02-24,BHSI,778.66,13626.5,https://www.balticexchange.com/ (simulated demo series)
2023-02-27,BHSI,772.76,13523.26,https://www.balticexchange.com/ (simulated demo series)
2023-02-28,BHSI,779.98,13649.72,https://www.balticexchange.com/ (simulated demo series)
2023-03-01,BHSI,778.74,13627.93,https://www.balticexchange.com/ (simulated demo series)
2023-03-02,BHSI,821.84,14382.16,https://www.balticexchange.com/ (simulated demo series)
2023-03-03,BHSI,797.13,13949.7,https://www.balticexchange.com/ (simulated demo series)
2023-03-06,BHSI,782.71,13697.35,https://www.balticexchange.com/ (simulated demo series)
2023-03-07,BHSI,802.58,14045.1,https://www.balticexchange.com/ (simulated demo series)
2023-03-08,BHSI,789.27,13812.14,https://www.balticexchange.com/ (simulated demo series)
2023-03-09,BHSI,793.52,13886.57,https://www.balticexchange.com/ (simulated demo series)
2023-03-10,BHSI,805.85,14102.46,https://www.balticexchange.com/ (simulated demo series)
2023-03-13,BHSI,804.53,14079.34,https://www.balticexchange.com/ (simulated demo series)
2023-03-14,BHSI,804.88,14085.35,https://www.balticexchange.com/ (simulated demo series)
2023-03-15,BHSI,837.88,14662.96,https://www.balticexchange.com/ (simulated demo series)
2023-03-16,BHSI,843.57,14762.42,https://www.balticexchange.com/ (simulated demo series)
2023-03-17,BHSI,856.78,14993.73,https://www.balticexchange.com/ (simulated demo series)
2023-03-20,BHSI,852.65,14921.36,https://www.balticexchange.com/ (simulated demo series)
2023-03-21,BHSI,845.22,14791.37,https://www.balticexchange.com/ (simulated demo series)
2023-03-22,BHSI,836.28,14634.89,https://www.balticexchange.com/ (simulated demo series)
2023-03-23,BHSI,838.54,14674.44,https://www.balticexchange.com/ (simulated demo series)
2023-03-24,BHSI,842.71,14747.5,https://www.balticexchange.com/ (simulated demo series)
2023-03-27,BHSI,844.16,14772.85,https://www.balticexchange.com/ (simulated demo series)
2023-03-28,BHSI,875.75,15325.56,https://www.balticexchange.com/ (simulated demo series)
2023-03-29,BHSI,878.18,15368.23,https://www.balticexchange.com/ (simulated demo series)
2023-03-30,BHSI,901.08,15768.88,https://www.balticexchange.com/ (simulated demo series)
2023-03-31,BHSI,913.88,15992.85,https://www.balticexchange.com/ (simulated demo series)
2023-04-03,BHSI,856.98,14997.13,https://www.balticexchange.com/ (simulated demo series)
2023-04-04,BHSI,838.24,14669.25,https://www.balticexchange.com/ (simulated demo series)
2023-04-05,BHSI,845.74,14800.48,https://www.balticexchange.com/ (simulated demo series)
2023-04-06,BHSI,858.51,15023.85,https://www.balticexchange.com/ (simulated demo series)
2023-04-07,BHSI,862.87,15100.14,https://www.balticexchange.com/ (simulated demo series)
2023-04-10,BHSI,848.21,14843.72,https://www.balticexchange.com/ (simulated demo series)
2023-04-11,BHSI,850.95,14891.55,https://www.balticexchange.com/ (simulated demo series)
2023-04-12,BHSI,846.79,14818.81,https://www.balticexchange.com/ (simulated demo series)
2023-04-13,BHSI,849.29,14862.51,https://www.balticexchange.com/ (simulated demo series)
2023-04-14,BHSI,842.96,14751.73,https://www.balticexchange.com/ (simulated demo series)
2023-04-17,BHSI,842.81,14749.21,https://www.balticexchange.com/ (simulated demo series)
2023-04-18,BHSI,858.42,15022.34,https://www.balticexchange.com/ (simulated demo series)
2023-04-19,BHSI,838.82,14679.35,https://www.balticexchange.com/ (simulated demo series)
2023-04-20,BHSI,845.59,14797.86,https://www.balticexchange.com/ (simulated demo series)
2023-04-21,BHSI,847.74,14835.39,https://www.balticexchange.com/ (simulated demo series)
2023-04-24,BHSI,838.14,14667.43,https://www.balticexchange.com/ (simulated demo series)
2023-04-25,BHSI,814.81,14259.22,https://www.balticexchange.com/ (simulated demo series)
2023-04-26,BHSI,833.13,14579.77,https://www.balticexchange.com/ (simulated demo series)
2023-04-27,BHSI,796.39,13936.82,https://www.balticexchange.com/ (simulated demo series)
2023-04-28,BHSI,824.45,14427.83,https://www.balticexchange.com/ (simulated demo series)
2023-05-01,BHSI,922.73,16147.75,https://www.balticexchange.com/ (simulated demo series)
2023-05-02,BHSI,919.1,16084.22,https://www.balticexchange.com/ (simulated demo series)
2023-05-03,BHSI,931.5,16301.24,https://www.balticexchange.com/ (simulated demo series)
2023-05-04,BHSI,925.78,16201.13,https://www.balticexchange.com/ (simulated demo series)
2023-05-05,BHSI,937.11,16399.38,https://www.balticexchange.com/ (simulated demo series)
2023-05-08,BHSI,944.32,16525.54,https://www.balticexchange.com/ (simulated demo series)
2023-05-09,BHSI,905.87,15852.7,https://www.balticexchange.com/ (simulated demo series)
2023-05-10,BHSI,887.98,15539.6,https://www.balticexchange.com/ (simulated demo series)
2023-05-11,BHSI,872.1,15261.67,https://www.balticexchange.com/ (simulated demo series)
2023-05-12,BHSI,864.0,15120.04,https://www.balticexchange.com/ (simulated demo series)
2023-05-15,BHSI,870.57,15234.96,https://www.balticexchange.com/ (simulated demo series)
2023-05-16,BHSI,848.12,14842.15,https://www.balticexchange.com/ (simulated demo series)
2023-05-17,BHSI,874.79,15308.91,https://www.balticexchange.com/ (simulated demo series)
2023-05-18,BHSI,859.77,15046.04,https://www.balticexchange.com/ (simulated demo series)
2023-05-19,BHSI,856.8,14993.98,https://www.balticexchange.com/ (simulated demo series)
2023-05-22,BHSI,849.9,14873.29,https://www.balticexchange.com/ (simulated demo series)
2023-05-23,BHSI,866.86,15170.12,https://www.balticexchange.com/ (simulated demo series)
2023-05-24,BHSI,849.29,14862.59,https://www.balticexchange.com/ (simulated demo series)
2023-05-25,BHSI,834.18,14598.07,https://www.balticexchange.com/ (simulated demo series)
2023-05-26,BHSI,847.08,14823.95,https://www.balticexchange.com/ (simulated demo series)
2023-05-29,BHSI,822.44,14392.73,https://www.balticexchange.com/ (simulated demo series)
2023-05-30,BHSI,799.14,13984.87,https://www.balticexchange.com/ (simulated demo series)
2023-05-31,BHSI,831.27,14547.21,https://www.balticexchange.com/ (simulated demo series)
2023-06-01,BHSI,856.73,14992.72,https://www.balticexchange.com/ (simulated demo series)
2023-06-02,BHSI,832.77,14573.42,https://www.balticexchange.com/ (simulated demo series)
2023-06-05,BHSI,904.95,15836.65,https://www.balticexchange.com/ (simulated demo series)
2023-06-06,BHSI,895.96,15679.27,https://www.balticexchange.com/ (simulated demo series)
2023-06-07,BHSI,907.63,15883.57,https://www.balticexchange.com/ (simulated demo series)
2023-06-08,BHSI,907.54,15882.01,https://www.balticexchange.com/ (simulated demo series)
2023-06-09,BHSI,917.1,16049.26,https://www.balticexchange.com/ (simulated demo series)
2023-06-12,BHSI,920.4,16107.02,https://www.balticexchange.com/ (simulated demo series)
2023-06-13,BHSI,908.73,15902.8,https://www.balticexchange.com/ (simulated demo series)
2023-06-14,BHSI,909.99,15924.85,https://www.balticexchange.com/ (simulated demo series)
2023-06-15,BHSI,892.27,15614.65,https://www.balticexchange.com/ (simulated demo series)
2023-06-16,BHSI,883.12,15454.68,https://www.balticexchange.com/ (simulated demo series)
2023-06-19,BHSI,865.81,15151.64,https://www.balticexchange.com/ (simulated demo series)
2023-06-20,BHSI,833.87,14592.71,https://www.balticexchange.com/ (simulated demo series)
2023-06-21,BHSI,845.27,14792.16,https://www.balticexchange.com/ (simulated demo series)
2023-06-22,BHSI,839.46,14690.63,https://www.balticexchange.com/ (simulated demo series)
2023-06-23,BHSI,828.14,14492.42,https://www.balticexchange.com/ (simulated demo series)
2023-06-26,BHSI,819.2,14336.0,https://www.balticexchange.com/ (simulated demo series)
2023-06-27,BHSI,817.68,14309.43,https://www.balticexchange.com/ (simulated demo series)
2023-06-28,BHSI,816.27,14284.64,https://www.balticexchange.com/ (simulated demo series)
2023-06-29,BHSI,797.39,13954.31,https://www.balticexchange.com/ (simulated demo series)
2023-06-30,BHSI,815.81,14276.65,https://www.balticexchange.com/ (simulated demo series)
2023-07-03,BHSI,810.58,14185.14,https://www.balticexchange.com/ (simulated demo series)
2023-07-04,BHSI,813.87,14242.73,https://www.balticexchange.com/ (simulated demo series)
2023-07-05,BHSI,831.31,14547.86,https://www.balticexchange.com/ (simulated demo series)
2023-07-06,BHSI,841.63,14728.48,https://www.balticexchange.com/ (simulated demo series)
2023-07-07,BHSI,871.64,15253.64,https://www.balticexchange.com/ (simulated demo series)
2023-07-10,BHSI,915.16,16015.29,https://www.balticexchange.com/ (simulated demo series)
2023-07-11,BHSI,946.05,16555.86,https://www.balticexchange.com/ (simulated demo series)
2023-07-12,BHSI,966.73,16917.75,https://www.balticexchange.com/ (simulated demo series)
2023-07-13,BHSI,971.33,16998.27,https://www.balticexchange.com/ (simulated demo series)
2023-07-14,BHSI,1006.48,17613.48,https://www.balticexchange.com/ (simulated demo series)
2023-07-17,BHSI,1081.42,18924.82,https://www.balticexchange.com/ (simulated demo series)
2023-07-18,BHSI,1076.15,18832.6,https://www.balticexchange.com/ (simulated demo series)
2023-07-19,BHSI,1075.48,18820.9,https://www.balticexchange.com/ (simulated demo series)
2023-07-20,BHSI,1095.86,19177.47,https://www.balticexchange.com/ (simulated demo series)
2023-07-21,BHSI,1057.95,18514.19,https://www.balticexchange.com/ (simulated demo series)
2023-07-24,BHSI,1041.72,18230.14,https://www.balticexchange.com/ (simulated demo series)
2023-07-25,BHSI,1053.69,18439.6,https://www.balticexchange.com/ (simulated demo series)
2023-07-26,BHSI,1070.05,18725.86,https://www.balticexchange.com/ (simulated demo series)
2023-07-27,BHSI,1059.06,18533.48,https://www.balticexchange.com/ (simulated demo series)
2023-07-28,BHSI,1049.16,18360.28,https://www.balticexchange.com/ (simulated demo series)
2023-07-31,BHSI,1065.61,18648.22,https://www.balticexchange.com/ (simulated demo series)
2023-08-01,BHSI,1061.45,18575.35,https://www.balticexchange.com/ (simulated demo series)
2023-08-02,BHSI,1023.1,17904.17,https://www.balticexchange.com/ (simulated demo series)
2023-08-03,BHSI,1019.41,17839.67,https://www.balticexchange.com/ (simulated demo series)
2023-08-04,BHSI,1021.21,17871.17,https://www.balticexchange.com/ (simulated demo series)
2023-08-07,BHSI,1008.63,17650.95,https://www.balticexchange.com/ (simulated demo series)
2023-08-08,BHSI,1027.95,17989.2,https://www.balticexchange.com/ (simulated demo series)
2023-08-09,BHSI,1001.58,17527.69,https://www.balticexchange.com/ (simulated demo series)
2023-08-10,BHSI,993.26,17381.99,https://www.balticexchange.com/ (simulated demo series)
2023-08-11,BHSI,969.3,16962.74,https://www.balticexchange.com/ (simulated demo series)
2023-08-14,BHSI,985.89,17253.1,https://www.balticexchange.com/ (simulated demo series)
2023-08-15,BHSI,947.57,16582.55,https://www.balticexchange.com/ (simulated demo series)
2023-08-16,BHSI,950.45,16632.79,https://www.balticexchange.com/ (simulated demo series)
2023-08-17,BHSI,951.32,16648.16,https://www.balticexchange.com/ (simulated demo series)
2023-08-18,BHSI,941.7,16479.8,https://www.balticexchange.com/ (simulated demo series)
2023-08-21,BHSI,975.06,17063.62,https://www.balticexchange.com/ (simulated demo series)
2023-08-22,BHSI,970.46,16983.01,https://www.balticexchange.com/ (simulated demo series)
2023-08-23,BHSI,982.8,17198.95,https://www.balticexchange.com/ (simulated demo series)
2023-08-24,BHSI,967.9,16938.29,https://www.balticexchange.com/ (simulated demo series)
2023-08-25,BHSI,947.22,16576.36,https://www.balticexchange.com/ (simulated demo series)
2023-08-28,BHSI,946.92,16571.12,https://www.balticexchange.com/ (simulated demo series)
2023-08-29,BHSI,930.93,16291.2,https://www.balticexchange.com/ (simulated demo series)
2023-08-30,BHSI,956.97,16746.96,https://www.balticexchange.com/ (simulated demo series)
2023-08-31,BHSI,983.26,17207.08,https://www.balticexchange.com/ (simulated demo series)
2023-09-01,BHSI,967.65,16933.96,https://www.balticexchange.com/ (simulated demo series)
2023-09-04,BHSI,937.78,16411.22,https://www.balticexchange.com/ (simulated demo series)
2023-09-05,BHSI,960.93,16816.36,https://www.balticexchange.com/ (simulated demo series)
2023-09-06,BHSI,979.85,17147.45,https://www.balticexchange.com/ (simulated demo series)
2023-09-07,BHSI,1006.6,17615.47,https://www.balticexchange.com/ (simulated demo series)
2023-09-08,BHSI,982.1,17186.74,https://www.balticexchange.com/ (simulated demo series)
2023-09-11,BHSI,999.06,17483.59,https://www.balticexchange.com/ (simulated demo series)
2023-09-12,BHSI,1004.45,17577.9,https://www.balticexchange.com/ (simulated demo series)
2023-09-13,BHSI,994.04,17395.65,https://www.balticexchange.com/ (simulated demo series)
2023-09-14,BHSI,957.55,16757.19,https://www.balticexchange.com/ (simulated demo series)
2023-09-15,BHSI,932.96,16326.74,https://www.balticexchange.com/ (simulated demo series)
2023-09-18,BHSI,935.68,16374.41,https://www.balticexchange.com/ (simulated demo series)
2023-09-19,BHSI,942.75,16498.16,https://www.balticexchange.com/ (simulated demo series)
2023-09-20,BHSI,921.95,16134.07,https://www.balticexchange.com/ (simulated demo series)
2023-09-21,BHSI,916.05,16030.85,https://www.balticexchange.com/ (simulated demo series)
2023-09-22,BHSI,924.04,16170.65,https://www.balticexchange.com/ (simulated demo series)
2023-09-25,BHSI,884.73,15482.7,https://www.balticexchange.com/ (simulated demo series)
2023-09-26,BHSI,881.68,15429.45,https://www.balticexchange.com/ (simulated demo series)
2023-09-27,BHSI,846.64,14816.22,https://www.balticexchange.com/ (simulated demo series)
2023-09-28,BHSI,853.15,14930.17,https://www.balticexchange.com/ (simulated demo series)
2023-09-29,BHSI,872.16,15262.75,https://www.balticexchange.com/ (simulated demo series)
2023-10-02,BHSI,853.29,14932.56,https://www.balticexchange.com/ (simulated demo series)
2023-10-03,BHSI,876.22,15333.8,https://www.balticexchange.com/ (simulated demo series)
2023-10-04,BHSI,860.62,15060.94,https://www.balticexchange.com/ (simulated demo series)
2023-10-05,BHSI,842.13,14737.34,https://www.balticexchange.com/ (simulated demo series)
2023-10-06,BHSI,818.04,14315.69,https://www.balticexchange.com/ (simulated demo series)
2023-10-09,BHSI,767.46,13430.63,https://www.balticexchange.com/ (simulated demo series)
2023-10-10,BHSI,757.98,13264.72,https://www.balticexchange.com/ (simulated demo series)
2023-10-11,BHSI,746.33,13060.84,https://www.balticexchange.com/ (simulated demo series)
2023-10-12,BHSI,746.17,13057.97,https://www.balticexchange.com/ (simulated demo series)
2023-10-13,BHSI,769.83,13472.0,https://www.balticexchange.com/ (simulated demo series)
2023-10-16,BHSI,831.66,14554.05,https://www.balticexchange.com/ (simulated demo series)
2023-10-17,BHSI,831.73,14555.33,https://www.balticexchange.com/ (simulated demo series)
2023-10-18,BHSI,833.26,14582.06,https://www.balticexchange.com/ (simulated demo series)
2023-10-19,BHSI,855.08,14963.89,https://www.balticexchange.com/ (simulated demo series)
2023-10-20,BHSI,854.36,14951.37,https://www.balticexchange.com/ (simulated demo series)
2023-10-23,BHSI,886.87,15520.27,https://www.balticexchange.com/ (simulated demo series)
2023-10-24,BHSI,895.06,15663.55,https://www.balticexchange.com/ (simulated demo series)
2023-10-25,BHSI,914.12,15997.13,https://www.balticexchange.com/ (simulated demo series)
2023-10-26,BHSI,904.46,15827.99,https://www.balticexchange.com/ (simulated demo series)
2023-10-27,BHSI,928.18,16243.16,https://www.balticexchange.com/ (simulated demo series)
2023-10-30,BHSI,933.58,16337.72,https://www.balticexchange.com/ (simulated demo series)
2023-10-31,BHSI,903.26,15807.12,https://www.balticexchange.com/ (simulated demo series)
2023-11-01,BHSI,921.14,16119.93,https://www.balticexchange.com/ (simulated demo series)
2023-11-02,BHSI,929.37,16264.06,https://www.balticexchange.com/ (simulated demo series)
2023-11-03,BHSI,945.29,16542.65,https://www.balticexchange.com/ (simulated demo series)
2023-11-06,BHSI,941.53,16476.73,https://www.balticexchange.com/ (simulated demo series)
2023-11-07,BHSI,964.01,16870.1,https://www.balticexchange.com/ (simulated demo series)
2023-11-08,BHSI,962.49,16843.55,https://www.balticexchange.com/ (simulated demo series)
2023-11-09,BHSI,965.24,16891.78,https://www.balticexchange.com/ (simulated demo series)
2023-11-10,BHSI,940.71,16462.49,https://www.balticexchange.com/ (simulated demo series)
2023-11-13,BHSI,932.52,16319.13,https://www.balticexchange.com/ (simulated demo series)
2023-11-14,BHSI,938.2,16418.42,https://www.balticexchange.com/ (simulated demo series)
2023-11-15,BHSI,951.74,16655.45,https://www.balticexchange.com/ (simulated demo series)
2023-11-16,BHSI,980.36,17156.34,https://www.balticexchange.com/ (simulated demo series)
2023-11-17,BHSI,920.33,16105.79,https://www.balticexchange.com/ (simulated demo series)
2023-11-20,BHSI,868.69,15202.07,https://www.balticexchange.com/ (simulated demo series)
2023-11-21,BHSI,875.35,15318.66,https://www.balticexchange.com/ (simulated demo series)
2023-11-22,BHSI,855.19,14965.82,https://www.balticexchange.com/ (simulated demo series)
2023-11-23,BHSI,845.38,14794.12,https://www.balticexchange.com/ (simulated demo series)
2023-11-24,BHSI,832.34,14566.01,https://www.balticexchange.com/ (simulated demo series)
2023-11-27,BHSI,798.12,13967.12,https://www.balticexchange.com/ (simulated demo series)
2023-11-28,BHSI,764.38,13376.72,https://www.balticexchange.com/ (simulated demo series)
2023-11-29,BHSI,765.67,13399.19,https://www.balticexchange.com/ (simulated demo series)
2023-11-30,BHSI,776.72,13592.57,https://www.balticexchange.com/ (simulated demo series)
2023-12-01,BHSI,775.76,13575.89,https://www.balticexchange.com/ (simulated demo series)
2023-12-04,BHSI,803.14,14054.98,https://www.balticexchange.com/ (simulated demo series)
2023-12-05,BHSI,781.98,13684.61,https://www.balticexchange.com/ (simulated demo series)
2023-12-06,BHSI,786.48,13763.34,https://www.balticexchange.com/ (simulated demo series)
2023-12-07,BHSI,778.84,13629.75,https://www.balticexchange.com/ (simulated demo series)
2023-12-08,BHSI,789.66,13819.08,https://www.balticexchange.com/ (simulated demo series)
2023-12-11,BHSI,785.96,13754.25,https://www.balticexchange.com/ (simulated demo series)
2023-12-12,BHSI,789.5,13816.18,https://www.balticexchange.com/ (simulated demo series)
2023-12-13,BHSI,772.33,13515.8,https://www.balticexchange.com/ (simulated demo series)
2023-12-14,BHSI,774.85,13559.83,https://www.balticexchange.com/ (simulated demo series)
2023-12-15,BHSI,785.97,13754.45,https://www.balticexchange.com/ (simulated demo series)
2023-12-18,BHSI,791.41,13849.64,https://www.balticexchange.com/ (simulated demo series)
2023-12-19,BHSI,806.6,14115.55,https://www.balticexchange.com/ (simulated demo series)
2023-12-20,BHSI,805.99,14104.8,https://www.balticexchange.com/ (simulated demo series)
2023-12-21,BHSI,796.59,13940.32,https://www.balticexchange.com/ (simulated demo series)
2023-12-22,BHSI,793.07,13878.74,https://www.balticexchange.com/ (simulated demo series)
2023-12-25,BHSI,803.16,14055.35,https://www.balticexchange.com/ (simulated demo series)
2023-12-26,BHSI,816.14,14282.47,https://www.balticexchange.com/ (simulated demo series)
2023-12-27,BHSI,801.21,14021.18,https://www.balticexchange.com/ (simulated demo series)
2023-12-28,BHSI,804.71,14082.42,https://www.balticexchange.com/ (simulated demo series)
2023-12-29,BHSI,799.79,13996.39,https://www.balticexchange.com/ (simulated demo series)
2024-01-01,BHSI,809.34,14163.37,https://www.balticexchange.com/ (simulated demo series)
2024-01-02,BHSI,813.27,14232.24,https://www.balticexchange.com/ (simulated demo series)
2024-01-03,BHSI,809.26,14162.06,https://www.balticexchange.com/ (simulated demo series)
2024-01-04,BHSI,856.79,14993.88,https://www.balticexchange.com/ (simulated demo series)
2024-01-05,BHSI,870.04,15225.67,https://www.balticexchange.com/ (simulated demo series)
2024-01-08,BHSI,884.95,15486.64,https://www.balticexchange.com/ (simulated demo series)
2024-01-09,BHSI,887.19,15525.79,https://www.balticexchange.com/ (simulated demo series)
2024-01-10,BHSI,912.81,15974.19,https://www.balticexchange.com/ (simulated demo series)
2024-01-11,BHSI,901.07,15768.77,https://www.balticexchange.com/ (simulated demo series)
2024-01-12,BHSI,883.97,15469.53,https://www.balticexchange.com/ (simulated demo series)
2024-01-15,BHSI,890.02,15575.35,https://www.balticexchange.com/ (simulated demo series)
2024-01-16,BHSI,877.44,15355.27,https://www.balticexchange.com/ (simulated demo series)
2024-01-17,BHSI,872.01,15260.13,https://www.balticexchange.com/ (simulated demo series)
2024-01-18,BHSI,890.11,15576.86,https://www.balticexchange.com/ (simulated demo series)
2024-01-19,BHSI,873.74,15290.45,https://www.balticexchange.com/ (simulated demo series)
2024-01-22,BHSI,840.84,14714.66,https://www.balticexchange.com/ (simulated demo series)
2024-01-23,BHSI,868.17,15192.98,https://www.balticexchange.com/ (simulated demo series)
2024-01-24,BHSI,897.72,15710.02,https://www.balticexchange.com/ (simulated demo series)
2024-01-25,BHSI,886.8,15518.94,https://www.balticexchange.com/ (simulated demo series)
2024-01-26,BHSI,904.94,15836.52,https://www.balticexchange.com/ (simulated demo series)
2024-01-29,BHSI,888.29,15545.03,https://www.balticexchange.com/ (simulated demo series)
2024-01-30,BHSI,920.3,16105.17,https://www.balticexchange.com/ (simulated demo series)
2024-01-31,BHSI,900.83,15764.47,https://www.balticexchange.com/ (simulated demo series)
2024-02-01,BHSI,888.91,15555.92,https://www.balticexchange.com/ (simulated demo series)
2024-02-02,BHSI,874.25,15299.44,https://www.balticexchange.com/ (simulated demo series)
2024-02-05,BHSI,811.76,14205.75,https://www.balticexchange.com/ (simulated demo series)
2024-02-06,BHSI,796.74,13942.94,https://www.balticexchange.com/ (simulated demo series)
2024-02-07,BHSI,783.04,13703.16,https://www.balticexchange.com/ (simulated demo series)
2024-02-08,BHSI,775.56,13572.35,https://www.balticexchange.com/ (simulated demo series)
2024-02-09,BHSI,792.51,13868.93,https://www.balticexchange.com/ (simulated demo series)
2024-02-12,BHSI,828.71,14502.48,https://www.balticexchange.com/ (simulated demo series)
2024-02-13,BHSI,814.77,14258.45,https://www.balticexchange.com/ (simulated demo series)
2024-02-14,BHSI,812.45,14217.86,https://www.balticexchange.com/ (simulated demo series)
2024-02-15,BHSI,834.22,14598.83,https://www.balticexchange.com/ (simulated demo series)
2024-02-16,BHSI,834.48,14603.38,https://www.balticexchange.com/ (simulated demo series)
2024-02-19,BHSI,836.32,14635.59,https://www.balticexchange.com/ (simulated demo series)
2024-02-20,BHSI,818.21,14318.65,https://www.balticexchange.com/ (simulated demo series)
2024-02-21,BHSI,798.49,13973.51,https://www.balticexchange.com/ (simulated demo series)
2024-02-22,BHSI,782.02,13685.35,https://www.balticexchange.com/ (simulated demo series)
2024-02-23,BHSI,804.04,14070.67,https://www.balticexchange.com/ (simulated demo series)
2024-02-26,BHSI,845.19,14790.76,https://www.balticexchange.com/ (simulated demo series)
2024-02-27,BHSI,840.41,14707.23,https://www.balticexchange.com/ (simulated demo series)
2024-02-28,BHSI,857.74,15010.51,https://www.balticexchange.com/ (simulated demo series)
2024-02-29,BHSI,854.07,14946.3,https://www.balticexchange.com/ (simulated demo series)
2024-03-01,BHSI,838.5,14673.78,https://www.balticexchange.com/ (simulated demo series)
2024-03-04,BHSI,870.89,15240.57,https://www.balticexchange.com/ (simulated demo series)
2024-03-05,BHSI,878.36,15371.34,https://www.balticexchange.com/ (simulated demo series)
2024-03-06,BHSI,877.17,15350.41,https://www.balticexchange.com/ (simulated demo series)
2024-03-07,BHSI,860.26,15054.63,https://www.balticexchange.com/ (simulated demo series)
2024-03-08,BHSI,866.37,15161.52,https://www.balticexchange.com/ (simulated demo series)
2024-03-11,BHSI,850.79,14888.8,https://www.balticexchange.com/ (simulated demo series)
2024-03-12,BHSI,851.36,14898.72,https://www.balticexchange.com/ (simulated demo series)
2024-03-13,BHSI,854.41,14952.11,https://www.balticexchange.com/ (simulated demo series)
2024-03-14,BHSI,857.31,15002.96,https://www.balticexchange.com/ (simulated demo series)
2024-03-15,BHSI,858.33,15020.84,https://www.balticexchange.com/ (simulated demo series)
2024-03-18,BHSI,865.72,15150.12,https://www.balticexchange.com/ (simulated demo series)
2024-03-19,BHSI,874.23,15299.0,https://www.balticexchange.com/ (simulated demo series)
2024-03-20,BHSI,905.46,15845.49,https://www.balticexchange.com/ (simulated demo series)
2024-03-21,BHSI,909.79,15921.24,https://www.balticexchange.com/ (simulated demo series)
2024-03-22,BHSI,894.41,15652.18,https://www.balticexchange.com/ (simulated demo series)
2024-03-25,BHSI,914.19,15998.26,https://www.balticexchange.com/ (simulated demo series)
2024-03-26,BHSI,919.53,16091.75,https://www.balticexchange.com/ (simulated demo series)
2024-03-27,BHSI,908.69,15902.07,https://www.balticexchange.com/ (simulated demo series)
2024-03-28,BHSI,896.37,15686.42,https://www.balticexchange.com/ (simulated demo series)
2024-03-29,BHSI,882.24,15439.15,https://www.balticexchange.com/ (simulated demo series)
2024-04-01,BHSI,883.65,15463.92,https://www.balticexchange.com/ (simulated demo series)
2024-04-02,BHSI,887.26,15526.99,https://www.balticexchange.com/ (simulated demo series)
2024-04-03,BHSI,905.36,15843.85,https://www.balticexchange.com/ (simulated demo series)
2024-04-04,BHSI,892.78,15623.64,https://www.balticexchange.com/ (simulated demo series)
2024-04-05,BHSI,908.74,15903.0,https://www.balticexchange.com/ (simulated demo series)
2024-04-08,BHSI,885.23,15491.51,https://www.balticexchange.com/ (simulated demo series)
2024-04-09,BHSI,889.61,15568.17,https://www.balticexchange.com/ (simulated demo series)
2024-04-10,BHSI,875.91,15328.39,https://www.balticexchange.com/ (simulated demo series)
2024-04-11,BHSI,853.39,14934.38,https://www.balticexchange.com/ (simulated demo series)
2024-04-12,BHSI,862.24,15089.24,https://www.balticexchange.com/ (simulated demo series)
2024-04-15,BHSI,836.73,14642.85,https://www.balticexchange.com/ (simulated demo series)
2024-04-16,BHSI,840.55,14709.56,https://www.balticexchange.com/ (simulated demo series)
2024-04-17,BHSI,827.52,14481.52,https://www.balticexchange.com/ (simulated demo series)
2024-04-18,BHSI,824.03,14420.58,https://www.balticexchange.com/ (simulated demo series)
2024-04-19,BHSI,824.5,14428.78,https://www.balticexchange.com/ (simulated demo series)
2024-04-22,BHSI,811.94,14208.99,https://www.balticexchange.com/ (simulated demo series)
2024-04-23,BHSI,818.49,14323.64,https://www.balticexchange.com/ (simulated demo series)
2024-04-24,BHSI,821.85,14382.29,https://www.balticexchange.com/ (simulated demo series)
2024-04-25,BHSI,840.03,14700.53,https://www.balticexchange.com/ (simulated demo series)
2024-04-26,BHSI,827.57,14482.5,https://www.balticexchange.com/ (simulated demo series)
2024-04-29,BHSI,886.97,15521.96,https://www.balticexchange.com/ (simulated demo series)
2024-04-30,BHSI,879.83,15397.1,https://www.balticexchange.com/ (simulated demo series)
2024-05-01,BHSI,907.27,15877.24,https://www.balticexchange.com/ (simulated demo series)
2024-05-02,BHSI,915.6,16023.03,https://www.balticexchange.com/ (simulated demo series)
2024-05-03,BHSI,937.26,16401.99,https://www.balticexchange.com/ (simulated demo series)
2024-05-06,BHSI,1011.55,17702.08,https://www.balticexchange.com/ (simulated demo series)
2024-05-07,BHSI,1016.24,17784.2,https://www.balticexchange.com/ (simulated demo series)
2024-05-08,BHSI,998.46,17473.07,https://www.balticexchange.com/ (simulated demo series)
2024-05-09,BHSI,1024.25,17924.35,https://www.balticexchange.com/ (simulated demo series)
2024-05-10,BHSI,1018.51,17823.88,https://www.balticexchange.com/ (simulated demo series)
2024-05-13,BHSI,1031.36,18048.81,https://www.balticexchange.com/ (simulated demo series)
2024-05-14,BHSI,1054.96,18461.81,https://www.balticexchange.com/ (simulated demo series)
2024-05-15,BHSI,1054.69,18457.02,https://www.balticexchange.com/ (simulated demo series)
2024-05-16,BHSI,1046.32,18310.67,https://www.balticexchange.com/ (simulated demo series)
2024-05-17,BHSI,1031.35,18048.68,https://www.balticexchange.com/ (simulated demo series)
2024-05-20,BHSI,1037.2,18150.99,https://www.balticexchange.com/ (simulated demo series)
2024-05-21,BHSI,1081.64,18928.76,https://www.balticexchange.com/ (simulated demo series)
2024-05-22,BHSI,1122.42,19642.27,https://www.balticexchange.com/ (simulated demo series)
2024-05-23,BHSI,1101.49,19276.01,https://www.balticexchange.com/ (simulated demo series)
2024-05-24,BHSI,1054.3,18450.17,https://www.balticexchange.com/ (simulated demo series)
2024-05-27,BHSI,1053.17,18430.39,https://www.balticexchange.com/ (simulated demo series)
2024-05-28,BHSI,1046.55,18314.61,https://www.balticexchange.com/ (simulated demo series)
2024-05-29,BHSI,1015.93,17778.73,https://www.balticexchange.com/ (simulated demo series)
2024-05-30,BHSI,1008.66,17651.53,https://www.balticexchange.com/ (simulated demo series)
2024-05-31,BHSI,965.73,16900.19,https://www.balticexchange.com/ (simulated demo series)
2024-06-03,BHSI,965.12,16889.56,https://www.balticexchange.com/ (simulated demo series)
2024-06-04,BHSI,993.8,17391.49,https://www.balticexchange.com/ (simulated demo series)
2024-06-05,BHSI,981.49,17176.05,https://www.balticexchange.com/ (simulated demo series)
2024-06-06,BHSI,953.5,16686.33,https://www.balticexchange.com/ (simulated demo series)
2024-06-07,BHSI,993.1,17379.29,https://www.balticexchange.com/ (simulated demo series)
2024-06-10,BHSI,1029.1,18009.17,https://www.balticexchange.com/ (simulated demo series)
2024-06-11,BHSI,1050.99,18392.31,https://www.balticexchange.com/ (simulated demo series)
2024-06-12,BHSI,1069.26,18712.0,https://www.balticexchange.com/ (simulated demo series)
2024-06-13,BHSI,1079.96,18899.23,https://www.balticexchange.com/ (simulated demo series)
2024-06-14,BHSI,1016.06,17780.99,https://www.balticexchange.com/ (simulated demo series)
2024-06-17,BHSI,991.97,17359.44,https://www.balticexchange.com/ (simulated demo series)
2024-06-18,BHSI,1014.68,17756.83,https://www.balticexchange.com/ (simulated demo series)
2024-06-19,BHSI,1016.4,17787.01,https://www.balticexchange.com/ (simulated demo series)
2024-06-20,BHSI,1009.57,17667.53,https://www.balticexchange.com/ (simulated demo series)
2024-06-21,BHSI,990.74,17337.95,https://www.balticexchange.com/ (simulated demo series)
2024-06-24,BHSI,998.4,17472.03,https://www.balticexchange.com/ (simulated demo series)
2024-06-25,BHSI,992.91,17375.86,https://www.balticexchange.com/ (simulated demo series)
2024-06-26,BHSI,1010.3,17680.23,https://www.balticexchange.com/ (simulated demo series)
2024-06-27,BHSI,983.41,17209.64,https://www.balticexchange.com/ (simulated demo series)
2024-06-28,BHSI,995.63,17423.45,https://www.balticexchange.com/ (simulated demo series)
2024-07-01,BHSI,953.64,16688.73,https://www.balticexchange.com/ (simulated demo series)
2024-07-02,BHSI,963.06,16853.58,https://www.balticexchange.com/ (simulated demo series)
2024-07-03,BHSI,964.83,16884.6,https://www.balticexchange.com/ (simulated demo series)
2024-07-04,BHSI,970.9,16990.79,https://www.balticexchange.com/ (simulated demo series)
2024-07-05,BHSI,956.4,16736.96,https://www.balticexchange.com/ (simulated demo series)
2024-07-08,BHSI,896.11,15681.89,https://www.balticexchange.com/ (simulated demo series)
2024-07-09,BHSI,900.98,15767.17,https://www.balticexchange.com/ (simulated demo series)
2024-07-10,BHSI,893.57,15637.49,https://www.balticexchange.com/ (simulated demo series)
2024-07-11,BHSI,903.26,15806.99,https://www.balticexchange.com/ (simulated demo series)
2024-07-12,BHSI,902.12,15787.06,https://www.balticexchange.com/ (simulated demo series)
2024-07-15,BHSI,926.86,16219.97,https://www.balticexchange.com/ (simulated demo series)
2024-07-16,BHSI,898.22,15718.78,https://www.balticexchange.com/ (simulated demo series)
2024-07-17,BHSI,903.5,15811.25,https://www.balticexchange.com/ (simulated demo series)
2024-07-18,BHSI,886.34,15510.89,https://www.balticexchange.com/ (simulated demo series)
2024-07-19,BHSI,881.05,15418.41,https://www.balticexchange.com/ (simulated demo series)
2024-07-22,BHSI,901.99,15784.9,https://www.balticexchange.com/ (simulated demo series)
2024-07-23,BHSI,875.48,15320.85,https://www.balticexchange.com/ (simulated demo series)
2024-07-24,BHSI,865.19,15140.81,https://www.balticexchange.com/ (simulated demo series)
2024-07-25,BHSI,876.04,15330.67,https://www.balticexchange.com/ (simulated demo series)
2024-07-26,BHSI,885.06,15488.54,https://www.balticexchange.com/ (simulated demo series)
2024-07-29,BHSI,830.29,14530.04,https://www.balticexchange.com/ (simulated demo series)
2024-07-30,BHSI,853.08,14928.82,https://www.balticexchange.com/ (simulated demo series)
2024-07-31,BHSI,856.81,14994.26,https://www.balticexchange.com/ (simulated demo series)
2024-08-01,BHSI,841.35,14723.71,https://www.balticexchange.com/ (simulated demo series)
2024-08-02,BHSI,865.46,15145.58,https://www.balticexchange.com/ (simulated demo series)
2024-08-05,BHSI,822.03,14385.55,https://www.balticexchange.com/ (simulated demo series)
2024-08-06,BHSI,823.37,14408.89,https://www.balticexchange.com/ (simulated demo series)
2024-08-07,BHSI,798.13,13967.21,https://www.balticexchange.com/ (simulated demo series)
2024-08-08,BHSI,790.25,13829.34,https://www.balticexchange.com/ (simulated demo series)
2024-08-09,BHSI,790.92,13841.04,https://www.balticexchange.com/ (simulated demo series)
2024-08-12,BHSI,764.78,13383.67,https://www.balticexchange.com/ (simulated demo series)
2024-08-13,BHSI,773.71,13540.01,https://www.balticexchange.com/ (simulated demo series)
2024-08-14,BHSI,780.56,13659.77,https://www.balticexchange.com/ (simulated demo series)
2024-08-15,BHSI,791.17,13845.55,https://www.balticexchange.com/ (simulated demo series)
2024-08-16,BHSI,800.97,14016.89,https://www.balticexchange.com/ (simulated demo series)
2024-08-19,BHSI,807.12,14124.64,https://www.balticexchange.com/ (simulated demo series)
2024-08-20,BHSI,816.27,14284.72,https://www.balticexchange.com/ (simulated demo series)
2024-08-21,BHSI,822.35,14391.04,https://www.balticexchange.com/ (simulated demo series)
2024-08-22,BHSI,838.12,14667.05,https://www.balticexchange.com/ (simulated demo series)
2024-08-23,BHSI,853.01,14927.67,https://www.balticexchange.com/ (simulated demo series)
2024-08-26,BHSI,898.8,15728.99,https://www.balticexchange.com/ (simulated demo series)
2024-08-27,BHSI,876.27,15334.77,https://www.balticexchange.com/ (simulated demo series)
2024-08-28,BHSI,855.36,14968.74,https://www.balticexchange.com/ (simulated demo series)
2024-08-29,BHSI,854.01,14945.25,https://www.balticexchange.com/ (simulated demo series)
2024-08-30,BHSI,847.55,14832.14,https://www.balticexchange.com/ (simulated demo series)
2024-09-02,BHSI,862.3,15090.2,https://www.balticexchange.com/ (simulated demo series)
2024-09-03,BHSI,872.35,15266.07,https://www.balticexchange.com/ (simulated demo series)
2024-09-04,BHSI,882.82,15449.31,https://www.balticexchange.com/ (simulated demo series)
2024-09-05,BHSI,897.09,15699.16,https://www.balticexchange.com/ (simulated demo series)
2024-09-06,BHSI,907.37,15878.95,https://www.balticexchange.com/ (simulated demo series)
2024-09-09,BHSI,872.99,15277.27,https://www.balticexchange.com/ (simulated demo series)
2024-09-10,BHSI,899.14,15734.96,https://www.balticexchange.com/ (simulated demo series)
2024-09-11,BHSI,891.52,15601.57,https://www.balticexchange.com/ (simulated demo series)
2024-09-12,BHSI,886.04,15505.69,https://www.balticexchange.com/ (simulated demo series)
2024-09-13,BHSI,878.16,15367.73,https://www.balticexchange.com/ (simulated demo series)
2024-09-16,BHSI,874.32,15300.62,https://www.balticexchange.com/ (simulated demo series)
2024-09-17,BHSI,886.75,15518.09,https://www.balticexchange.com/ (simulated demo series)
2024-09-18,BHSI,873.66,15289.11,https://www.balticexchange.com/ (simulated demo series)
2024-09-19,BHSI,875.46,15320.47,https://www.balticexchange.com/ (simulated demo series)
2024-09-20,BHSI,863.98,15119.7,https://www.balticexchange.com/ (simulated demo series)
2024-09-23,BHSI,867.16,15175.38,https://www.balticexchange.com/ (simulated demo series)
2024-09-24,BHSI,877.04,15348.18,https://www.balticexchange.com/ (simulated demo series)
2024-09-25,BHSI,888.02,15540.4,https://www.balticexchange.com/ (simulated demo series)
2024-09-26,BHSI,889.68,15569.46,https://www.balticexchange.com/ (simulated demo series)
2024-09-27,BHSI,882.47,15443.19,https://www.balticexchange.com/ (simulated demo series)
2024-09-30,BHSI,869.28,15212.35,https://www.balticexchange.com/ (simulated demo series)
2024-10-01,BHSI,896.25,15684.39,https://www.balticexchange.com/ (simulated demo series)
2024-10-02,BHSI,885.38,15494.07,https://www.balticexchange.com/ (simulated demo series)
2024-10-03,BHSI,905.99,15854.78,https://www.balticexchange.com/ (simulated demo series)
2024-10-04,BHSI,891.71,15604.97,https://www.balticexchange.com/ (simulated demo series)
2024-10-07,BHSI,855.28,14967.48,https://www.balticexchange.com/ (simulated demo series)
2024-10-08,BHSI,859.66,15044.07,https://www.balticexchange.com/ (simulated demo series)
2024-10-09,BHSI,869.93,15223.84,https://www.balticexchange.com/ (simulated demo series)
2024-10-10,BHSI,889.22,15561.41,https://www.balticexchange.com/ (simulated demo series)
2024-10-11,BHSI,914.0,15994.97,https://www.balticexchange.com/ (simulated demo series)
2024-10-14,BHSI,957.04,16748.26,https://www.balticexchange.com/ (simulated demo series)
2024-10-15,BHSI,991.01,17342.62,https://www.balticexchange.com/ (simulated demo series)
2024-10-16,BHSI,969.09,16959.05,https://www.balticexchange.com/ (simulated demo series)
2024-10-17,BHSI,972.35,17016.08,https://www.balticexchange.com/ (simulated demo series)
2024-10-18,BHSI,966.6,16915.57,https://www.balticexchange.com/ (simulated demo series)
2024-10-21,BHSI,931.59,16302.9,https://www.balticexchange.com/ (simulated demo series)
2024-10-22,BHSI,920.39,16106.78,https://www.balticexchange.com/ (simulated demo series)
2024-10-23,BHSI,929.61,16268.2,https://www.balticexchange.com/ (simulated demo series)
2024-10-24,BHSI,910.15,15927.68,https://www.balticexchange.com/ (simulated demo series)
2024-10-25,BHSI,897.09,15699.0,https://www.balticexchange.com/ (simulated demo series)
2024-10-28,BHSI,897.06,15698.48,https://www.balticexchange.com/ (simulated demo series)
2024-10-29,BHSI,881.37,15423.99,https://www.balticexchange.com/ (simulated demo series)
2024-10-30,BHSI,867.72,15185.12,https://www.balticexchange.com/ (simulated demo series)
2024-10-31,BHSI,880.75,15413.12,https://www.balticexchange.com/ (simulated demo series)
2024-11-01,BHSI,865.56,15147.22,https://www.balticexchange.com/ (simulated demo series)
2024-11-04,BHSI,881.81,15431.6,https://www.balticexchange.com/ (simulated demo series)
2024-11-05,BHSI,871.6,15252.92,https://www.balticexchange.com/ (simulated demo series)
2024-11-06,BHSI,893.4,15634.59,https://www.balticexchange.com/ (simulated demo series)
2024-11-07,BHSI,897.76,15710.83,https://www.balticexchange.com/ (simulated demo series)
2024-11-08,BHSI,897.5,15706.23,https://www.balticexchange.com/ (simulated demo series)
2024-11-11,BHSI,922.55,16144.69,https://www.balticexchange.com/ (simulated demo series)
2024-11-12,BHSI,928.1,16241.8,https://www.balticexchange.com/ (simulated demo series)
2024-11-13,BHSI,956.54,16739.49,https://www.balticexchange.com/ (simulated demo series)
2024-11-14,BHSI,961.5,16826.32,https://www.balticexchange.com/ (simulated demo series)
2024-11-15,BHSI,955.59,16722.77,https://www.balticexchange.com/ (simulated demo series)
2024-11-18,BHSI,941.82,16481.88,https://www.balticexchange.com/ (simulated demo series)
2024-11-19,BHSI,940.35,16456.19,https://www.balticexchange.com/ (simulated demo series)
2024-11-20,BHSI,940.97,16466.99,https://www.balticexchange.com/ (simulated demo series)
2024-11-21,BHSI,931.67,16304.31,https://www.balticexchange.com/ (simulated demo series)
2024-11-22,BHSI,908.11,15891.9,https://www.balticexchange.com/ (simulated demo series)
2024-11-25,BHSI,927.0,16222.49,https://www.balticexchange.com/ (simulated demo series)
2024-11-26,BHSI,944.94,16536.38,https://www.balticexchange.com/ (simulated demo series)
2024-11-27,BHSI,927.73,16235.22,https://www.balticexchange.com/ (simulated demo series)
2024-11-28,BHSI,920.14,16102.37,https://www.balticexchange.com/ (simulated demo series)
2024-11-29,BHSI,903.63,15813.51,https://www.balticexchange.com/ (simulated demo series)
2024-12-02,BHSI,891.88,15607.9,https://www.balticexchange.com/ (simulated demo series)
2024-12-03,BHSI,872.55,15269.6,https://www.balticexchange.com/ (simulated demo series)
2024-12-04,BHSI,882.15,15437.6,https://www.balticexchange.com/ (simulated demo series)
2024-12-05,BHSI,901.32,15773.18,https://www.balticexchange.com/ (simulated demo series)
2024-12-06,BHSI,903.98,15819.73,https://www.balticexchange.com/ (simulated demo series)
2024-12-09,BHSI,909.56,15917.35,https://www.balticexchange.com/ (simulated demo series)
2024-12-10,BHSI,917.54,16056.97,https://www.balticexchange.com/ (simulated demo series)
2024-12-11,BHSI,931.35,16298.66,https://www.balticexchange.com/ (simulated demo series)
2024-12-12,BHSI,961.09,16819.09,https://www.balticexchange.com/ (simulated demo series)
2024-12-13,BHSI,960.31,16805.47,https://www.balticexchange.com/ (simulated demo series)
2024-12-16,BHSI,912.49,15968.55,https://www.balticexchange.com/ (simulated demo series)
2024-12-17,BHSI,950.45,16632.8,https://www.balticexchange.com/ (simulated demo series)
2024-12-18,BHSI,947.13,16574.76,https://www.balticexchange.com/ (simulated demo series)
2024-12-19,BHSI,947.46,16580.47,https://www.balticexchange.com/ (simulated demo series)
2024-12-20,BHSI,959.12,16784.54,https://www.balticexchange.com/ (simulated demo series)
2024-12-23,BHSI,976.9,17095.73,https://www.balticexchange.com/ (simulated demo series)
2024-12-24,BHSI,965.02,16887.93,https://www.balticexchange.com/ (simulated demo series)
2024-12-25,BHSI,966.26,16909.57,https://www.balticexchange.com/ (simulated demo series)
2024-12-26,BHSI,981.81,17181.73,https://www.balticexchange.com/ (simulated demo series)
2024-12-27,BHSI,935.02,16362.78,https://www.balticexchange.com/ (simulated demo series)
2024-12-30,BHSI,892.98,15627.12,https://www.balticexchange.com/ (simulated demo series)
2024-12-31,BHSI,918.88,16080.48,https://www.balticexchange.com/ (simulated demo series)
2025-01-01,BHSI,932.39,16316.87,https://www.balticexchange.com/ (simulated demo series)
2025-01-02,BHSI,935.35,16368.68,https://www.balticexchange.com/ (simulated demo series)
2025-01-03,BHSI,934.26,16349.58,https://www.balticexchange.com/ (simulated demo series)
2025-01-06,BHSI,919.08,16083.95,https://www.balticexchange.com/ (simulated demo series)
2025-01-07,BHSI,925.56,16197.34,https://www.balticexchange.com/ (simulated demo series)
2025-01-08,BHSI,944.11,16521.93,https://www.balticexchange.com/ (simulated demo series)
2025-01-09,BHSI,924.21,16173.61,https://www.balticexchange.com/ (simulated demo series)
2025-01-10,BHSI,897.98,15714.72,https://www.balticexchange.com/ (simulated demo series)
2025-01-13,BHSI,899.99,15749.77,https://www.balticexchange.com/ (simulated demo series)
2025-01-14,BHSI,888.29,15545.04,https://www.balticexchange.com/ (simulated demo series)
2025-01-15,BHSI,907.4,15879.58,https://www.balticexchange.com/ (simulated demo series)
2025-01-16,BHSI,917.38,16054.18,https://www.balticexchange.com/ (simulated demo series)
2025-01-17,BHSI,937.45,16405.35,https://www.balticexchange.com/ (simulated demo series)
2025-01-20,BHSI,1023.63,17913.46,https://www.balticexchange.com/ (simulated demo series)
2025-01-21,BHSI,994.8,17408.95,https://www.balticexchange.com/ (simulated demo series)
2025-01-22,BHSI,999.32,17488.17,https://www.balticexchange.com/ (simulated demo series)
2025-01-23,BHSI,979.76,17145.82,https://www.balticexchange.com/ (simulated demo series)
2025-01-24,BHSI,981.75,17180.59,https://www.balticexchange.com/ (simulated demo series)
2025-01-27,BHSI,973.86,17042.61,https://www.balticexchange.com/ (simulated demo series)
2025-01-28,BHSI,980.88,17165.35,https://www.balticexchange.com/ (simulated demo series)
2025-01-29,BHSI,953.88,16692.89,https://www.balticexchange.com/ (simulated demo series)
2025-01-30,BHSI,934.64,16356.19,https://www.balticexchange.com/ (simulated demo series)
2025-01-31,BHSI,911.02,15942.78,https://www.balticexchange.com/ (simulated demo series)
2025-02-03,BHSI,916.06,16031.0,https://www.balticexchange.com/ (simulated demo series)
2025-02-04,BHSI,922.99,16152.28,https://www.balticexchange.com/ (simulated demo series)
2025-02-05,BHSI,880.66,15411.59,https://www.balticexchange.com/ (simulated demo series)
2025-02-06,BHSI,894.03,15645.49,https://www.balticexchange.com/ (simulated demo series)
2025-02-07,BHSI,883.25,15456.95,https://www.balticexchange.com/ (simulated demo series)
2025-02-10,BHSI,926.02,16205.41,https://www.balticexchange.com/ (simulated demo series)
2025-02-11,BHSI,943.62,16513.28,https://www.balticexchange.com/ (simulated demo series)
2025-02-12,BHSI,923.89,16168.03,https://www.balticexchange.com/ (simulated demo series)
2025-02-13,BHSI,918.04,16065.7,https://www.balticexchange.com/ (simulated demo series)
2025-02-14,BHSI,886.39,15511.9,https://www.balticexchange.com/ (simulated demo series)
2025-02-17,BHSI,898.64,15726.22,https://www.balticexchange.com/ (simulated demo series)
2025-02-18,BHSI,886.6,15515.45,https://www.balticexchange.com/ (simulated demo series)
2025-02-19,BHSI,898.73,15727.82,https://www.balticexchange.com/ (simulated demo series)
2025-02-20,BHSI,901.28,15772.34,https://www.balticexchange.com/ (simulated demo series)
2025-02-21,BHSI,885.46,15495.51,https://www.balticexchange.com/ (simulated demo series)
2025-02-24,BHSI,914.83,16009.5,https://www.balticexchange.com/ (simulated demo series)
2025-02-25,BHSI,928.2,16243.53,https://www.balticexchange.com/ (simulated demo series)
2025-02-26,BHSI,940.05,16450.88,https://www.balticexchange.com/ (simulated demo series)
2025-02-27,BHSI,952.9,16675.73,https://www.balticexchange.com/ (simulated demo series)
2025-02-28,BHSI,957.74,16760.48,https://www.balticexchange.com/ (simulated demo series)
2025-03-03,BHSI,937.27,16402.31,https://www.balticexchange.com/ (simulated demo series)
2025-03-04,BHSI,918.93,16081.28,https://www.balticexchange.com/ (simulated demo series)
2025-03-05,BHSI,917.28,16052.35,https://www.balticexchange.com/ (simulated demo series)
2025-03-06,BHSI,893.82,15641.81,https://www.balticexchange.com/ (simulated demo series)
2025-03-07,BHSI,932.37,16316.54,https://www.balticexchange.com/ (simulated demo series)
2025-03-10,BHSI,977.12,17099.68,https://www.balticexchange.com/ (simulated demo series)
2025-03-11,BHSI,980.43,17157.6,https://www.balticexchange.com/ (simulated demo series)
2025-03-12,BHSI,976.26,17084.55,https://www.balticexchange.com/ (simulated demo series)
2025-03-13,BHSI,974.44,17052.64,https://www.balticexchange.com/ (simulated demo series)
2025-03-14,BHSI,965.17,16890.48,https://www.balticexchange.com/ (simulated demo series)
2025-03-17,BHSI,990.41,17332.21,https://www.balticexchange.com/ (simulated demo series)
2025-03-18,BHSI,990.47,17333.26,https://www.balticexchange.com/ (simulated demo series)
2025-03-19,BHSI,994.95,17411.67,https://www.balticexchange.com/ (simulated demo series)
2025-03-20,BHSI,997.88,17462.83,https://www.balticexchange.com/ (simulated demo series)
2025-03-21,BHSI,1002.42,17542.38,https://www.balticexchange.com/ (simulated demo series)
2025-03-24,BHSI,1010.02,17675.39,https://www.balticexchange.com/ (simulated demo series)
2025-03-25,BHSI,1015.31,17767.95,https://www.balticexchange.com/ (simulated demo series)
2025-03-26,BHSI,1009.53,17666.77,https://www.balticexchange.com/ (simulated demo series)
2025-03-27,BHSI,998.11,17466.95,https://www.balticexchange.com/ (simulated demo series)
2025-03-28,BHSI,1041.84,18232.18,https://www.balticexchange.com/ (simulated demo series)
2025-03-31,BHSI,1039.59,18192.83,https://www.balticexchange.com/ (simulated demo series)
2025-04-01,BHSI,1056.31,18485.46,https://www.balticexchange.com/ (simulated demo series)
2025-04-02,BHSI,1038.96,18181.87,https://www.balticexchange.com/ (simulated demo series)
2025-04-03,BHSI,1007.2,17626.07,https://www.balticexchange.com/ (simulated demo series)
2025-04-04,BHSI,988.22,17293.86,https://www.balticexchange.com/ (simulated demo series)
2025-04-07,BHSI,1009.32,17663.19,https://www.balticexchange.com/ (simulated demo series)
2025-04-08,BHSI,1012.33,17715.72,https://www.balticexchange.com/ (simulated demo series)
2025-04-09,BHSI,1008.43,17647.57,https://www.balticexchange.com/ (simulated demo series)
2025-04-10,BHSI,991.24,17346.68,https://www.balticexchange.com/ (simulated demo series)
2025-04-11,BHSI,1026.75,17968.14,https://www.balticexchange.com/ (simulated demo series)
2025-04-14,BHSI,1037.96,18164.22,https://www.balticexchange.com/ (simulated demo series)
2025-04-15,BHSI,1024.25,17924.34,https://www.balticexchange.com/ (simulated demo series)
2025-04-16,BHSI,1014.24,17749.14,https://www.balticexchange.com/ (simulated demo series)
2025-04-17,BHSI,1005.39,17594.24,https://www.balticexchange.com/ (simulated demo series)
2025-04-18,BHSI,1012.02,17710.3,https://www.balticexchange.com/ (simulated demo series)
2025-04-21,BHSI,982.43,17192.44,https://www.balticexchange.com/ (simulated demo series)
2025-04-22,BHSI,987.19,17275.85,https://www.balticexchange.com/ (simulated demo series)
2025-04-23,BHSI,974.95,17061.68,https://www.balticexchange.com/ (simulated demo series)
2025-04-24,BHSI,958.17,16767.91,https://www.balticexchange.com/ (simulated demo series)
2025-04-25,BHSI,957.96,16764.35,https://www.balticexchange.com/ (simulated demo series)
2025-04-28,BHSI,995.47,17420.71,https://www.balticexchange.com/ (simulated demo series)
2025-04-29,BHSI,977.53,17106.71,https://www.balticexchange.com/ (simulated demo series)
2025-04-30,BHSI,963.98,16869.64,https://www.balticexchange.com/ (simulated demo series)
2025-05-01,BHSI,979.17,17135.42,https://www.balticexchange.com/ (simulated demo series)
2025-05-02,BHSI,991.02,17342.77,https://www.balticexchange.com/ (simulated demo series)
2025-05-05,BHSI,1008.93,17656.31,https://www.balticexchange.com/ (simulated demo series)
2025-05-06,BHSI,1002.27,17539.71,https://www.balticexchange.com/ (simulated demo series)
2025-05-07,BHSI,1014.08,17746.44,https://www.balticexchange.com/ (simulated demo series)
2025-05-08,BHSI,1012.02,17710.43,https://www.balticexchange.com/ (simulated demo series)
2025-05-09,BHSI,1019.91,17848.41,https://www.balticexchange.com/ (simulated demo series)
2025-05-12,BHSI,995.75,17425.71,https://www.balticexchange.com/ (simulated demo series)
2025-05-13,BHSI,1018.89,17830.66,https://www.balticexchange.com/ (simulated demo series)
2025-05-14,BHSI,1015.27,17767.16,https://www.balticexchange.com/ (simulated demo series)
2025-05-15,BHSI,1039.76,18195.85,https://www.balticexchange.com/ (simulated demo series)
2025-05-16,BHSI,1023.54,17911.87,https://www.balticexchange.com/ (simulated demo series)
2025-05-19,BHSI,1006.56,17614.75,https://www.balticexchange.com/ (simulated demo series)
2025-05-20,BHSI,1009.01,17657.7,https://www.balticexchange.com/ (simulated demo series)
2025-05-21,BHSI,1018.41,17822.2,https://www.balticexchange.com/ (simulated demo series)
2025-05-22,BHSI,1041.69,18229.54,https://www.balticexchange.com/ (simulated demo series)
2025-05-23,BHSI,1005.91,17603.49,https://www.balticexchange.com/ (simulated demo series)
2025-05-26,BHSI,927.44,16230.21,https://www.balticexchange.com/ (simulated demo series)
2025-05-27,BHSI,947.33,16578.35,https://www.balticexchange.com/ (simulated demo series)
2025-05-28,BHSI,958.94,16781.38,https://www.balticexchange.com/ (simulated demo series)
2025-05-29,BHSI,942.38,16491.7,https://www.balticexchange.com/ (simulated demo series)
2025-05-30,BHSI,941.52,16476.51,https://www.balticexchange.com/ (simulated demo series)
2025-06-02,BHSI,964.22,16873.77,https://www.balticexchange.com/ (simulated demo series)
2025-06-03,BHSI,947.28,16577.46,https://www.balticexchange.com/ (simulated demo series)
2025-06-04,BHSI,974.99,17062.3,https://www.balticexchange.com/ (simulated demo series)
2025-06-05,BHSI,954.05,16695.94,https://www.balticexchange.com/ (simulated demo series)
2025-06-06,BHSI,956.91,16745.95,https://www.balticexchange.com/ (simulated demo series)
2025-06-09,BHSI,980.4,17157.05,https://www.balticexchange.com/ (simulated demo series)
2025-06-10,BHSI,978.81,17129.09,https://www.balticexchange.com/ (simulated demo series)
2025-06-11,BHSI,995.64,17423.65,https://www.balticexchange.com/ (simulated demo series)
2025-06-12,BHSI,993.35,17383.56,https://www.balticexchange.com/ (simulated demo series)
2025-06-13,BHSI,992.93,17376.29,https://www.balticexchange.com/ (simulated demo series)
2025-06-16,BHSI,974.75,17058.14,https://www.balticexchange.com/ (simulated demo series)
2025-06-17,BHSI,966.95,16921.63,https://www.balticexchange.com/ (simulated demo series)
2025-06-18,BHSI,941.33,16473.25,https://www.balticexchange.com/ (simulated demo series)
2025-06-19,BHSI,956.64,16741.15,https://www.balticexchange.com/ (simulated demo series)
2025-06-20,BHSI,956.47,16738.19,https://www.balticexchange.com/ (simulated demo series)
2025-06-23,BHSI,980.08,17151.46,https://www.balticexchange.com/ (simulated demo series)
2025-06-24,BHSI,1008.61,17650.6,https://www.balticexchange.com/ (simulated demo series)
2025-06-25,BHSI,991.0,17342.51,https://www.balticexchange.com/ (simulated demo series)
2025-06-26,BHSI,979.5,17141.17,https://www.balticexchange.com/ (simulated demo series)
2025-06-27,BHSI,977.48,17105.95,https://www.balticexchange.com/ (simulated demo series)
2025-06-30,BHSI,1006.29,17610.01,https://www.balticexchange.com/ (simulated demo series)
2025-07-01,BHSI,985.49,17246.04,https://www.balticexchange.com/ (simulated demo series)
2025-07-02,BHSI,1016.61,17790.61,https://www.balticexchange.com/ (simulated demo series)
2025-07-03,BHSI,998.27,17469.81,https://www.balticexchange.com/ (simulated demo series)
2025-07-04,BHSI,1008.06,17641.04,https://www.balticexchange.com/ (simulated demo series)
2025-07-07,BHSI,984.5,17228.73,https://www.balticexchange.com/ (simulated demo series)
2025-07-08,BHSI,963.61,16863.22,https://www.balticexchange.com/ (simulated demo series)
2025-07-09,BHSI,931.13,16294.78,https://www.balticexchange.com/ (simulated demo series)
2025-07-10,BHSI,930.13,16277.26,https://www.balticexchange.com/ (simulated demo series)
2025-07-11,BHSI,934.08,16346.38,https://www.balticexchange.com/ (simulated demo series)
2025-07-14,BHSI,942.32,16490.54,https://www.balticexchange.com/ (simulated demo series)
2025-07-15,BHSI,928.17,16242.98,https://www.balticexchange.com/ (simulated demo series)
2025-07-16,BHSI,905.01,15837.71,https://www.balticexchange.com/ (simulated demo series)
2025-07-17,BHSI,886.92,15521.02,https://www.balticexchange.com/ (simulated demo series)
2025-07-18,BHSI,875.16,15315.37,https://www.balticexchange.com/ (simulated demo series)
2025-07-21,BHSI,854.72,14957.61,https://www.balticexchange.com/ (simulated demo series)
2025-07-22,BHSI,872.29,15265.08,https://www.balticexchange.com/ (simulated demo series)
2025-07-23,BHSI,877.71,15359.87,https://www.balticexchange.com/ (simulated demo series)
2025-07-24,BHSI,887.87,15537.75,https://www.balticexchange.com/ (simulated demo series)
2025-07-25,BHSI,855.23,14966.49,https://www.balticexchange.com/ (simulated demo series)
2025-07-28,BHSI,848.58,14850.17,https://www.balticexchange.com/ (simulated demo series)
2025-07-29,BHSI,855.77,14975.91,https://www.balticexchange.com/ (simulated demo series)
2025-07-30,BHSI,842.39,14741.9,https://www.balticexchange.com/ (simulated demo series)
2025-07-31,BHSI,870.7,15237.22,https://www.balticexchange.com/ (simulated demo series)
2025-08-01,BHSI,878.27,15369.72,https://www.balticexchange.com/ (simulated demo series)
2025-08-04,BHSI,848.9,14855.67,https://www.balticexchange.com/ (simulated demo series)
2025-08-05,BHSI,837.37,14653.92,https://www.balticexchange.com/ (simulated demo series)
2025-08-06,BHSI,840.36,14706.3,https://www.balticexchange.com/ (simulated demo series)
2025-08-07,BHSI,826.61,14465.74,https://www.balticexchange.com/ (simulated demo series)
2025-08-08,BHSI,839.9,14698.17,https://www.balticexchange.com/ (simulated demo series)
2025-08-11,BHSI,815.84,14277.16,https://www.balticexchange.com/ (simulated demo series)
2025-08-12,BHSI,818.66,14326.5,https://www.balticexchange.com/ (simulated demo series)
2025-08-13,BHSI,809.91,14173.46,https://www.balticexchange.com/ (simulated demo series)
2025-08-14,BHSI,801.77,14031.04,https://www.balticexchange.com/ (simulated demo series)
2025-08-15,BHSI,806.68,14116.86,https://www.balticexchange.com/ (simulated demo series)
2025-08-18,BHSI,798.64,13976.21,https://www.balticexchange.com/ (simulated demo series)
2025-08-19,BHSI,783.09,13704.1,https://www.balticexchange.com/ (simulated demo series)
2025-08-20,BHSI,789.6,13817.98,https://www.balticexchange.com/ (simulated demo series)
2025-08-21,BHSI,779.5,13641.34,https://www.balticexchange.com/ (simulated demo series)
2025-08-22,BHSI,777.03,13598.1,https://www.balticexchange.com/ (simulated demo series)
2025-08-25,BHSI,766.07,13406.21,https://www.balticexchange.com/ (simulated demo series)
2025-08-26,BHSI,781.31,13672.9,https://www.balticexchange.com/ (simulated demo series)
2025-08-27,BHSI,785.28,13742.32,https://www.balticexchange.com/ (simulated demo series)
2025-08-28,BHSI,799.28,13987.34,https://www.balticexchange.com/ (simulated demo series)
2025-08-29,BHSI,809.17,14160.48,https://www.balticexchange.com/ (simulated demo series)
2025-09-01,BHSI,768.36,13446.28,https://www.balticexchange.com/ (simulated demo series)
2025-09-02,BHSI,763.06,13353.52,https://www.balticexchange.com/ (simulated demo series)
2025-09-03,BHSI,783.48,13710.96,https://www.balticexchange.com/ (simulated demo series)
2025-09-04,BHSI,796.94,13946.49,https://www.balticexchange.com/ (simulated demo series)
2025-09-05,BHSI,800.08,14001.41,https://www.balticexchange.com/ (simulated demo series)
2025-09-08,BHSI,786.45,13762.89,https://www.balticexchange.com/ (simulated demo series)
2025-09-09,BHSI,808.46,14148.07,https://www.balticexchange.com/ (simulated demo series)
2025-09-10,BHSI,807.27,14127.15,https://www.balticexchange.com/ (simulated demo series)
2025-09-11,BHSI,809.69,14169.65,https://www.balticexchange.com/ (simulated demo series)
2025-09-12,BHSI,827.9,14488.21,https://www.balticexchange.com/ (simulated demo series)
2025-09-15,BHSI,816.8,14294.05,https://www.balticexchange.com/ (simulated demo series)
2025-09-16,BHSI,827.39,14479.3,https://www.balticexchange.com/ (simulated demo series)
2025-09-17,BHSI,830.81,14539.25,https://www.balticexchange.com/ (simulated demo series)
2025-09-18,BHSI,823.03,14402.95,https://www.balticexchange.com/ (simulated demo series)
2025-09-19,BHSI,834.34,14600.97,https://www.balticexchange.com/ (simulated demo series)
2025-09-22,BHSI,844.51,14778.9,https://www.balticexchange.com/ (simulated demo series)
2025-09-23,BHSI,825.1,14439.29,https://www.balticexchange.com/ (simulated demo series)
2025-09-24,BHSI,807.45,14130.43,https://www.balticexchange.com/ (simulated demo series)
2025-09-25,BHSI,801.46,14025.63,https://www.balticexchange.com/ (simulated demo series)
2025-09-26,BHSI,805.36,14093.79,https://www.balticexchange.com/ (simulated demo series)
2025-09-29,BHSI,836.71,14642.42,https://www.balticexchange.com/ (simulated demo series)
2025-09-30,BHSI,833.54,14587.0,https://www.balticexchange.com/ (simulated demo series)
2025-10-01,BHSI,830.98,14542.21,https://www.balticexchange.com/ (simulated demo series)
2025-10-02,BHSI,831.88,14557.92,https://www.balticexchange.com/ (simulated demo series)
2025-10-03,BHSI,828.12,14492.03,https://www.balticexchange.com/ (simulated demo series)
2025-10-06,BHSI,847.36,14828.87,https://www.balticexchange.com/ (simulated demo series)
2025-10-07,BHSI,856.82,14994.42,https://www.balticexchange.com/ (simulated demo series)
2025-10-08,BHSI,847.92,14838.6,https://www.balticexchange.com/ (simulated demo series)
2025-10-09,BHSI,838.95,14681.66,https://www.balticexchange.com/ (simulated demo series)
2025-10-10,BHSI,819.38,14339.1,https://www.balticexchange.com/ (simulated demo series)
2025-10-13,BHSI,772.81,13524.1,https://www.balticexchange.com/ (simulated demo series)
2025-10-14,BHSI,781.43,13675.1,https://www.balticexchange.com/ (simulated demo series)
2025-10-15,BHSI,763.51,13361.44,https://www.balticexchange.com/ (simulated demo series)
2025-10-16,BHSI,758.86,13280.05,https://www.balticexchange.com/ (simulated demo series)
2025-10-17,BHSI,755.38,13219.22,https://www.balticexchange.com/ (simulated demo series)
2025-10-20,BHSI,746.08,13056.4,https://www.balticexchange.com/ (simulated demo series)
2025-10-21,BHSI,745.04,13038.26,https://www.balticexchange.com/ (simulated demo series)
2025-10-22,BHSI,751.71,13154.98,https://www.balticexchange.com/ (simulated demo series)
2025-10-23,BHSI,758.0,13264.96,https://www.balticexchange.com/ (simulated demo series)
2025-10-24,BHSI,772.3,13515.26,https://www.balticexchange.com/ (simulated demo series)
2025-10-27,BHSI,749.46,13115.53,https://www.balticexchange.com/ (simulated demo series)
2025-10-28,BHSI,742.36,12991.34,https://www.balticexchange.com/ (simulated demo series)
2025-10-29,BHSI,752.18,13163.13,https://www.balticexchange.com/ (simulated demo series)
2025-10-30,BHSI,753.23,13181.49,https://www.balticexchange.com/ (simulated demo series)
2025-10-31,BHSI,739.97,12949.56,https://www.balticexchange.com/ (simulated demo series)
2025-11-03,BHSI,705.42,12344.83,https://www.balticexchange.com/ (simulated demo series)
2025-11-04,BHSI,712.58,12470.19,https://www.balticexchange.com/ (simulated demo series)
2025-11-05,BHSI,665.7,11649.8,https://www.balticexchange.com/ (simulated demo series)
2025-11-06,BHSI,675.48,11820.88,https://www.balticexchange.com/ (simulated demo series)
2025-11-07,BHSI,654.31,11450.38,https://www.balticexchange.com/ (simulated demo series)
2025-11-10,BHSI,664.62,11630.86,https://www.balticexchange.com/ (simulated demo series)
2025-11-11,BHSI,678.99,11882.3,https://www.balticexchange.com/ (simulated demo series)
2025-11-12,BHSI,709.72,12420.12,https://www.balticexchange.com/ (simulated demo series)
2025-11-13,BHSI,728.57,12749.9,https://www.balticexchange.com/ (simulated demo series)
2025-11-14,BHSI,716.24,12534.15,https://www.balticexchange.com/ (simulated demo series)
2025-11-17,BHSI,765.14,13389.88,https://www.balticexchange.com/ (simulated demo series)
2025-11-18,BHSI,765.4,13394.49,https://www.balticexchange.com/ (simulated demo series)
2025-11-19,BHSI,781.57,13677.53,https://www.balticexchange.com/ (simulated demo series)
2025-11-20,BHSI,779.14,13634.94,https://www.balticexchange.com/ (simulated demo series)
2025-11-21,BHSI,807.54,14131.91,https://www.balticexchange.com/ (simulated demo series)
2025-11-24,BHSI,815.45,14270.44,https://www.balticexchange.com/ (simulated demo series)
2025-11-25,BHSI,852.19,14913.4,https://www.balticexchange.com/ (simulated demo series)
2025-11-26,BHSI,861.54,15077.03,https://www.balticexchange.com/ (simulated demo series)
2025-11-27,BHSI,855.42,14969.84,https://www.balticexchange.com/ (simulated demo series)
2025-11-28,BHSI,850.36,14881.34,https://www.balticexchange.com/ (simulated demo series)
2025-12-01,BHSI,869.33,15213.27,https://www.balticexchange.com/ (simulated demo series)
2025-12-02,BHSI,852.04,14910.77,https://www.balticexchange.com/ (simulated demo series)
2025-12-03,BHSI,842.88,14750.45,https://www.balticexchange.com/ (simulated demo series)
2025-12-04,BHSI,847.64,14833.7,https://www.balticexchange.com/ (simulated demo series)
2025-12-05,BHSI,852.67,14921.67,https://www.balticexchange.com/ (simulated demo series)
2025-12-08,BHSI,882.49,15443.62,https://www.balticexchange.com/ (simulated demo series)
2025-12-09,BHSI,868.22,15193.77,https://www.balticexchange.com/ (simulated demo series)
2025-12-10,BHSI,887.14,15524.93,https://www.balticexchange.com/ (simulated demo series)
2025-12-11,BHSI,903.97,15819.5,https://www.balticexchange.com/ (simulated demo series)
2025-12-12,BHSI,901.73,15780.31,https://www.balticexchange.com/ (simulated demo series)
2025-12-15,BHSI,963.3,16857.78,https://www.balticexchange.com/ (simulated demo series)
2025-12-16,BHSI,972.27,17014.66,https://www.balticexchange.com/ (simulated demo series)
2025-12-17,BHSI,938.2,16418.46,https://www.balticexchange.com/ (simulated demo series)
2025-12-18,BHSI,944.64,16531.26,https://www.balticexchange.com/ (simulated demo series)
2025-12-19,BHSI,935.53,16371.7,https://www.balticexchange.com/ (simulated demo series)
2025-12-22,BHSI,933.16,16330.37,https://www.balticexchange.com/ (simulated demo series)
2025-12-23,BHSI,939.87,16447.72,https://www.balticexchange.com/ (simulated demo series)
2025-12-24,BHSI,934.67,16356.65,https://www.balticexchange.com/ (simulated demo series)
2025-12-25,BHSI,932.76,16323.34,https://www.balticexchange.com/ (simulated demo series)
2025-12-26,BHSI,952.9,16675.79,https://www.balticexchange.com/ (simulated demo series)
2025-12-29,BHSI,999.04,17483.24,https://www.balticexchange.com/ (simulated demo series)
2025-12-30,BHSI,1011.58,17702.59,https://www.balticexchange.com/ (simulated demo series)
2025-12-31,BHSI,1029.33,18013.31,https://www.balticexchange.com/ (simulated demo series)
2026-01-01,BHSI,1057.15,18500.05,https://www.balticexchange.com/ (simulated demo series)
2026-01-02,BHSI,1081.6,18927.95,https://www.balticexchange.com/ (simulated demo series)
2026-01-05,BHSI,1083.3,18957.73,https://www.balticexchange.com/ (simulated demo series)
2026-01-06,BHSI,1086.21,19008.62,https://www.balticexchange.com/ (simulated demo series)
2026-01-07,BHSI,1089.26,19062.0,https://www.balticexchange.com/ (simulated demo series)
2026-01-08,BHSI,1098.89,19230.63,https://www.balticexchange.com/ (simulated demo series)
2026-01-09,BHSI,1120.62,19610.91,https://www.balticexchange.com/ (simulated demo series)
2026-01-12,BHSI,1071.32,18748.03,https://www.balticexchange.com/ (simulated demo series)
2026-01-13,BHSI,1050.42,18382.32,https://www.balticexchange.com/ (simulated demo series)
2026-01-14,BHSI,1005.43,17595.08,https://www.balticexchange.com/ (simulated demo series)
2026-01-15,BHSI,966.89,16920.56,https://www.balticexchange.com/ (simulated demo series)
2026-01-16,BHSI,943.71,16514.95,https://www.balticexchange.com/ (simulated demo series)
2026-01-19,BHSI,923.84,16167.27,https://www.balticexchange.com/ (simulated demo series)
2026-01-20,BHSI,938.33,16420.72,https://www.balticexchange.com/ (simulated demo series)
2026-01-21,BHSI,945.31,16542.91,https://www.balticexchange.com/ (simulated demo series)
2026-01-22,BHSI,944.36,16526.36,https://www.balticexchange.com/ (simulated demo series)
2026-01-23,BHSI,951.75,16655.58,https://www.balticexchange.com/ (simulated demo series)
2026-01-26,BHSI,938.26,16419.54,https://www.balticexchange.com/ (simulated demo series)
2026-01-27,BHSI,952.69,16672.14,https://www.balticexchange.com/ (simulated demo series)
2026-01-28,BHSI,920.66,16111.55,https://www.balticexchange.com/ (simulated demo series)
2026-01-29,BHSI,930.13,16277.24,https://www.balticexchange.com/ (simulated demo series)
2026-01-30,BHSI,914.36,16001.26,https://www.balticexchange.com/ (simulated demo series)
2026-02-02,BHSI,900.44,15757.63,https://www.balticexchange.com/ (simulated demo series)
2026-02-03,BHSI,904.85,15834.93,https://www.balticexchange.com/ (simulated demo series)
2026-02-04,BHSI,926.24,16209.13,https://www.balticexchange.com/ (simulated demo series)
2026-02-05,BHSI,930.7,16287.25,https://www.balticexchange.com/ (simulated demo series)
2026-02-06,BHSI,957.52,16756.53,https://www.balticexchange.com/ (simulated demo series)
2026-02-09,BHSI,990.02,17325.42,https://www.balticexchange.com/ (simulated demo series)
2026-02-10,BHSI,1016.5,17788.77,https://www.balticexchange.com/ (simulated demo series)
2026-02-11,BHSI,981.76,17180.88,https://www.balticexchange.com/ (simulated demo series)
2026-02-12,BHSI,960.73,16812.79,https://www.balticexchange.com/ (simulated demo series)
2026-02-13,BHSI,949.51,16616.48,https://www.balticexchange.com/ (simulated demo series)
2026-02-16,BHSI,900.01,15750.17,https://www.balticexchange.com/ (simulated demo series)
2026-02-17,BHSI,891.06,15593.48,https://www.balticexchange.com/ (simulated demo series)
2026-02-18,BHSI,919.25,16086.82,https://www.balticexchange.com/ (simulated demo series)
2026-02-19,BHSI,925.43,16195.05,https://www.balticexchange.com/ (simulated demo series)
2026-02-20,BHSI,952.12,16662.06,https://www.balticexchange.com/ (simulated demo series)
2026-02-23,BHSI,907.0,15872.43,https://www.balticexchange.com/ (simulated demo series)
2026-02-24,BHSI,925.38,16194.19,https://www.balticexchange.com/ (simulated demo series)
2026-02-25,BHSI,912.41,15967.11,https://www.balticexchange.com/ (simulated demo series)
2026-02-26,BHSI,883.01,15452.67,https://www.balticexchange.com/ (simulated demo series)
2026-02-27,BHSI,871.8,15256.47,https://www.balticexchange.com/ (simulated demo series)
2026-03-02,BHSI,888.25,15544.36,https://www.balticexchange.com/ (simulated demo series)
2026-03-03,BHSI,878.1,15366.83,https://www.balticexchange.com/ (simulated demo series)
2026-03-04,BHSI,912.31,15965.37,https://www.balticexchange.com/ (simulated demo series)
2026-03-05,BHSI,900.94,15766.48,https://www.balticexchange.com/ (simulated demo series)
2026-03-06,BHSI,895.19,15665.81,https://www.balticexchange.com/ (simulated demo series)
2026-03-09,BHSI,844.78,14783.57,https://www.balticexchange.com/ (simulated demo series)
2026-03-10,BHSI,872.92,15276.04,https://www.balticexchange.com/ (simulated demo series)
2026-03-11,BHSI,880.96,15416.84,https://www.balticexchange.com/ (simulated demo series)
2026-03-12,BHSI,887.18,15525.69,https://www.balticexchange.com/ (simulated demo series)
2026-03-13,BHSI,896.26,15684.56,https://www.balticexchange.com/ (simulated demo series)
2026-03-16,BHSI,887.29,15527.61,https://www.balticexchange.com/ (simulated demo series)
2026-03-17,BHSI,884.73,15482.81,https://www.balticexchange.com/ (simulated demo series)
2026-03-18,BHSI,896.69,15692.06,https://www.balticexchange.com/ (simulated demo series)
2026-03-19,BHSI,871.13,15244.71,https://www.balticexchange.com/ (simulated demo series)
2026-03-20,BHSI,880.55,15409.67,https://www.balticexchange.com/ (simulated demo series)
2026-03-23,BHSI,916.26,16034.63,https://www.balticexchange.com/ (simulated demo series)
2026-03-24,BHSI,922.55,16144.63,https://www.balticexchange.com/ (simulated demo series)
2026-03-25,BHSI,939.85,16447.46,https://www.balticexchange.com/ (simulated demo series)
2026-03-26,BHSI,963.55,16862.16,https://www.balticexchange.com/ (simulated demo series)
2026-03-27,BHSI,932.59,16320.35,https://www.balticexchange.com/ (simulated demo series)
2026-03-30,BHSI,955.68,16724.41,https://www.balticexchange.com/ (simulated demo series)
2026-03-31,BHSI,1007.94,17638.95,https://www.balticexchange.com/ (simulated demo series)
2026-04-01,BHSI,1015.32,17768.04,https://www.balticexchange.com/ (simulated demo series)
2026-04-02,BHSI,1027.85,17987.3,https://www.balticexchange.com/ (simulated demo series)
2026-04-03,BHSI,1006.04,17605.67,https://www.balticexchange.com/ (simulated demo series)
2026-04-06,BHSI,972.11,17011.91,https://www.balticexchange.com/ (simulated demo series)
2026-04-07,BHSI,979.48,17140.82,https://www.balticexchange.com/ (simulated demo series)
2026-04-08,BHSI,1014.53,17754.23,https://www.balticexchange.com/ (simulated demo series)
2026-04-09,BHSI,1018.99,17832.36,https://www.balticexchange.com/ (simulated demo series)
2026-04-10,BHSI,984.99,17237.39,https://www.balticexchange.com/ (simulated demo series)
2026-04-13,BHSI,920.43,16107.47,https://www.balticexchange.com/ (simulated demo series)
2026-04-14,BHSI,929.92,16273.65,https://www.balticexchange.com/ (simulated demo series)
2026-04-15,BHSI,947.45,16580.31,https://www.balticexchange.com/ (simulated demo series)
2026-04-16,BHSI,945.17,16540.46,https://www.balticexchange.com/ (simulated demo series)
2026-04-17,BHSI,949.76,16620.82,https://www.balticexchange.com/ (simulated demo series)
2026-04-20,BHSI,931.6,16303.09,https://www.balticexchange.com/ (simulated demo series)
2026-04-21,BHSI,928.85,16254.87,https://www.balticexchange.com/ (simulated demo series)
2026-04-22,BHSI,912.08,15961.33,https://www.balticexchange.com/ (simulated demo series)
2026-04-23,BHSI,918.73,16077.72,https://www.balticexchange.com/ (simulated demo series)
2026-04-24,BHSI,913.87,15992.73,https://www.balticexchange.com/ (simulated demo series)
2026-04-27,BHSI,946.8,16568.96,https://www.balticexchange.com/ (simulated demo series)
2026-04-28,BHSI,959.9,16798.28,https://www.balticexchange.com/ (simulated demo series)
2026-04-29,BHSI,966.32,16910.62,https://www.balticexchange.com/ (simulated demo series)
2026-04-30,BHSI,944.59,16530.26,https://www.balticexchange.com/ (simulated demo series)
2026-05-01,BHSI,926.04,16205.74,https://www.balticexchange.com/ (simulated demo series)
2026-05-04,BHSI,967.68,16934.46,https://www.balticexchange.com/ (simulated demo series)
2026-05-05,BHSI,931.51,16301.35,https://www.balticexchange.com/ (simulated demo series)
2026-05-06,BHSI,911.93,15958.8,https://www.balticexchange.com/ (simulated demo series)
2026-05-07,BHSI,938.49,16423.49,https://www.balticexchange.com/ (simulated demo series)
2026-05-08,BHSI,935.14,16364.95,https://www.balticexchange.com/ (simulated demo series)
2026-05-11,BHSI,974.59,17055.32,https://www.balticexchange.com/ (simulated demo series)
2026-05-12,BHSI,987.29,17277.49,https://www.balticexchange.com/ (simulated demo series)
2026-05-13,BHSI,996.15,17432.6,https://www.balticexchange.com/ (simulated demo series)
2026-05-14,BHSI,1000.56,17509.85,https://www.balticexchange.com/ (simulated demo series)
2026-05-15,BHSI,1005.58,17597.63,https://www.balticexchange.com/ (simulated demo series)
2026-05-18,BHSI,992.56,17369.72,https://www.balticexchange.com/ (simulated demo series)
2026-05-19,BHSI,1008.87,17655.25,https://www.balticexchange.com/ (simulated demo series)
2026-05-20,BHSI,1005.73,17600.27,https://www.balticexchange.com/ (simulated demo series)
2026-05-21,BHSI,1028.9,18005.74,https://www.balticexchange.com/ (simulated demo series)
2026-05-22,BHSI,1012.48,17718.43,https://www.balticexchange.com/ (simulated demo series)
2026-05-25,BHSI,959.81,16796.71,https://www.balticexchange.com/ (simulated demo series)
2026-05-26,BHSI,961.28,16822.48,https://www.balticexchange.com/ (simulated demo series)
2026-05-27,BHSI,947.18,16575.68,https://www.balticexchange.com/ (simulated demo series)
2026-05-28,BHSI,943.91,16518.44,https://www.balticexchange.com/ (simulated demo series)
2026-05-29,BHSI,939.27,16437.31,https://www.balticexchange.com/ (simulated demo series)
2026-06-01,BHSI,902.81,15799.17,https://www.balticexchange.com/ (simulated demo series)
2026-06-02,BHSI,882.13,15437.2,https://www.balticexchange.com/ (simulated demo series)
2026-06-03,BHSI,897.26,15702.13,https://www.balticexchange.com/ (simulated demo series)
2026-06-04,BHSI,895.58,15672.58,https://www.balticexchange.com/ (simulated demo series)
2026-06-05,BHSI,852.41,14917.2,https://www.balticexchange.com/ (simulated demo series)
2026-06-08,BHSI,830.49,14533.57,https://www.balticexchange.com/ (simulated demo series)
2026-06-09,BHSI,810.46,14182.99,https://www.balticexchange.com/ (simulated demo series)
2026-06-10,BHSI,825.27,14442.17,https://www.balticexchange.com/ (simulated demo series)
2026-06-11,BHSI,818.38,14321.69,https://www.balticexchange.com/ (simulated demo series)
2026-06-12,BHSI,823.03,14402.97,https://www.balticexchange.com/ (simulated demo series)
2026-06-15,BHSI,837.24,14651.72,https://www.balticexchange.com/ (simulated demo series)
2026-06-16,BHSI,860.0,15049.98,https://www.balticexchange.com/ (simulated demo series)
2026-06-17,BHSI,868.01,15190.25,https://www.balticexchange.com/ (simulated demo series)
2026-06-18,BHSI,875.35,15318.69,https://www.balticexchange.com/ (simulated demo series)
2026-06-19,BHSI,854.72,14957.68,https://www.balticexchange.com/ (simulated demo series)
2026-06-22,BHSI,868.65,15201.4,https://www.balticexchange.com/ (simulated demo series)
2026-06-23,BHSI,858.11,15016.89,https://www.balticexchange.com/ (simulated demo series)
2026-06-24,BHSI,852.7,14922.29,https://www.balticexchange.com/ (simulated demo series)
2026-06-25,BHSI,841.57,14727.42,https://www.balticexchange.com/ (simulated demo series)
2026-06-26,BHSI,846.63,14816.09,https://www.balticexchange.com/ (simulated demo series)
2026-06-29,BHSI,854.16,14947.76,https://www.balticexchange.com/ (simulated demo series)
2026-06-30,BHSI,856.36,14986.34,https://www.balticexchange.com/ (simulated demo series)
2026-07-01,BHSI,836.51,14639.01,https://www.balticexchange.com/ (simulated demo series)
2026-07-02,BHSI,823.03,14403.09,https://www.balticexchange.com/ (simulated demo series)
2026-07-03,BHSI,821.88,14382.92,https://www.balticexchange.com/ (simulated demo series)
2026-07-06,BHSI,813.08,14228.97,https://www.balticexchange.com/ (simulated demo series)
2026-07-07,BHSI,815.08,14263.85,https://www.balticexchange.com/ (simulated demo series)
2026-07-08,BHSI,800.9,14015.66,https://www.balticexchange.com/ (simulated demo series)
2026-07-09,BHSI,789.23,13811.6,https://www.balticexchange.com/ (simulated demo series)
2026-07-10,BHSI,804.46,14078.02,https://www.balticexchange.com/ (simulated demo series)
2026-07-13,BHSI,835.03,14613.03,https://www.balticexchange.com/ (simulated demo series)
2026-07-14,BHSI,836.27,14634.68,https://www.balticexchange.com/ (simulated demo series)
2026-07-15,BHSI,805.95,14104.16,https://www.balticexchange.com/ (simulated demo series)
2026-07-16,BHSI,799.75,13995.55,https://www.balticexchange.com/ (simulated demo series)
2026-07-17,BHSI,799.0,13982.46,https://www.balticexchange.com/ (simulated demo series)
2026-07-20,BHSI,854.26,14949.53,https://www.balticexchange.com/ (simulated demo series)
2026-07-21,BHSI,875.1,15314.18,https://www.balticexchange.com/ (simulated demo series)
2026-07-22,BHSI,852.71,14922.38,https://www.balticexchange.com/ (simulated demo series)
2026-07-23,BHSI,880.92,15416.07,https://www.balticexchange.com/ (simulated demo series)
2026-07-24,BHSI,861.28,15072.34,https://www.balticexchange.com/ (simulated demo series)
2026-07-27,BHSI,885.36,15493.72,https://www.balticexchange.com/ (simulated demo series)
2026-07-28,BHSI,884.7,15482.28,https://www.balticexchange.com/ (simulated demo series)
2026-07-29,BHSI,892.79,15623.87,https://www.balticexchange.com/ (simulated demo series)
2026-07-30,BHSI,881.06,15418.49,https://www.balticexchange.com/ (simulated demo series)
2026-07-31,BHSI,889.66,15569.01,https://www.balticexchange.com/ (simulated demo series)
2026-08-03,BHSI,858.27,15019.78,https://www.balticexchange.com/ (simulated demo series)
2026-08-04,BHSI,858.57,15024.94,https://www.balticexchange.com/ (simulated demo series)
2026-08-05,BHSI,876.62,15340.78,https://www.balticexchange.com/ (simulated demo series)
2026-08-06,BHSI,851.66,14903.98,https://www.balticexchange.com/ (simulated demo series)
2026-08-07,BHSI,844.61,14780.72,https://www.balticexchange.com/ (simulated demo series)
2026-08-10,BHSI,879.52,15391.62,https://www.balticexchange.com/ (simulated demo series)
2026-08-11,BHSI,859.58,15042.73,https://www.balticexchange.com/ (simulated demo series)
2026-08-12,BHSI,872.07,15261.21,https://www.balticexchange.com/ (simulated demo series)
2026-08-13,BHSI,850.25,14879.33,https://www.balticexchange.com/ (simulated demo series)
2026-08-14,BHSI,846.5,14813.83,https://www.balticexchange.com/ (simulated demo series)
2026-08-17,BHSI,837.76,14660.75,https://www.balticexchange.com/ (simulated demo series)
2026-08-18,BHSI,824.33,14425.85,https://www.balticexchange.com/ (simulated demo series)
2026-08-19,BHSI,834.19,14598.27,https://www.balticexchange.com/ (simulated demo series)
2026-08-20,BHSI,848.71,14852.38,https://www.balticexchange.com/ (simulated demo series)
2026-08-21,BHSI,829.36,14513.84,https://www.balticexchange.com/ (simulated demo series)
2026-08-24,BHSI,849.4,14864.58,https://www.balticexchange.com/ (simulated demo series)
2026-08-25,BHSI,833.79,14591.35,https://www.balticexchange.com/ (simulated demo series)
2026-08-26,BHSI,857.12,14999.64,https://www.balticexchange.com/ (simulated demo series)
2026-08-27,BHSI,841.71,14729.9,https://www.balticexchange.com/ (simulated demo series)
2026-08-28,BHSI,846.19,14808.4,https://www.balticexchange.com/ (simulated demo series)
2026-08-31,BHSI,914.57,16005.02,https://www.balticexchange.com/ (simulated demo series)
2026-09-01,BHSI,887.68,15534.34,https://www.balticexchange.com/ (simulated demo series)
2026-09-02,BHSI,856.21,14983.72,https://www.balticexchange.com/ (simulated demo series)
2026-09-03,BHSI,866.28,15159.98,https://www.balticexchange.com/ (simulated demo series)
2026-09-04,BHSI,858.36,15021.32,https://www.balticexchange.com/ (simulated demo series)
2026-09-07,BHSI,827.55,14482.1,https://www.balticexchange.com/ (simulated demo series)
2026-09-08,BHSI,833.87,14592.69,https://www.balticexchange.com/ (simulated demo series)
2026-09-09,BHSI,834.86,14609.97,https://www.balticexchange.com/ (simulated demo series)
2026-09-10,BHSI,831.55,14552.06,https://www.balticexchange.com/ (simulated demo series)
2026-09-11,BHSI,838.67,14676.79,https://www.balticexchange.com/ (simulated demo series)
2026-09-14,BHSI,847.72,14835.02,https://www.balticexchange.com/ (simulated demo series)
2026-09-15,BHSI,837.66,14659.14,https://www.balticexchange.com/ (simulated demo series)
