origin_date,target_index,current_known_level,log_level,lag_1,lag_2,lag_3,lag_5,lag_7,lag_10,lag_14,lag_21,lag_30,lag_60,rolling_mean_7,rolling_std_7,rolling_mean_14,rolling_std_14,rolling_mean_30,rolling_std_30,rolling_mean_60,rolling_std_60,rolling_mean_90,rolling_std_90,log_return_1,log_return_7,log_return_14,log_return_30,bpi_lag_0,bpi_lag_1,bpi_lag_7,bsi_lag_0,bsi_lag_1,bsi_lag_7,bhsi_lag_0,bhsi_lag_1,bhsi_lag_7,fourier_sin_1,fourier_cos_1,fourier_sin_2,fourier_cos_2,horizon_sessions,target_date,calendar_days_elapsed,target_value,target_log_return,split_set
2012-12-06,bci_value,1897.0,7.54803,2000.0,2095.0,2166.0,2241.0,2275.0,2318.0,2347.0,2098.0,2432.0,1198.0,2124.71,126.28,2221.57,134.34,2269.93,130.52,2047.6,350.25,1752.74,506.19,-0.05287,-0.18171,-0.21286,-0.24844,940.0,949.0,1023.0,771.0,772.0,724.0,446.0,446.0,438.0,-0.40516,0.91424,-0.74084,0.67168,14,2013-01-03,28,1254.0,-0.41394,train
2012-12-07,bci_value,1832.0,7.51316,1897.0,2000.0,2095.0,2199.0,2275.0,2288.0,2369.0,2119.0,2451.0,1204.0,2061.43,144.76,2183.21,160.83,2249.3,148.02,2058.07,333.89,1760.01,502.57,-0.03487,-0.21657,-0.25706,-0.29109,936.0,940.0,1009.0,768.0,771.0,732.0,447.0,446.0,442.0,-0.38938,0.92108,-0.7173,0.69677,14,2013-01-04,28,1285.0,-0.35465,train
2012-12-10,bci_value,1762.0,7.4742,1832.0,1897.0,2000.0,2166.0,2241.0,2277.0,2367.0,2203.0,2460.0,1219.0,1993.0,156.44,2140.0,185.09,2226.03,166.75,2067.12,318.0,1766.26,499.06,-0.03896,-0.24047,-0.29517,-0.33371,928.0,936.0,994.0,765.0,768.0,742.0,447.0,447.0,446.0,-0.34135,0.93994,-0.64169,0.76697,14,2013-01-07,28,1319.0,-0.28958,train
2012-12-11,bci_value,1652.0,7.40974,1762.0,1832.0,1897.0,2095.0,2199.0,2275.0,2335.0,2283.0,2458.0,1326.0,1914.86,170.05,2091.21,214.88,2199.17,190.45,2072.55,307.92,1771.12,495.77,-0.06446,-0.28602,-0.34603,-0.39736,914.0,928.0,980.0,760.0,765.0,751.0,447.0,447.0,448.0,-0.32513,0.94567,-0.61493,0.78858,14,2013-01-08,28,1386.0,-0.17556,train
2012-12-12,bci_value,1446.0,7.27656,1652.0,1762.0,1832.0,2000.0,2166.0,2275.0,2318.0,2327.0,2419.0,1421.0,1812.0,201.82,2028.93,261.45,2166.73,229.17,2072.97,307.05,1773.44,493.75,-0.13319,-0.40408,-0.4719,-0.51455,894.0,914.0,973.0,751.0,760.0,760.0,444.0,447.0,448.0,-0.30881,0.95112,-0.58744,0.80927,14,2013-01-09,28,1384.0,-0.04382,train
2012-12-13,bci_value,1407.0,7.24922,1446.0,1652.0,1762.0,1897.0,2095.0,2241.0,2288.0,2375.0,2355.0,1531.0,1713.71,207.51,1966.0,295.35,2135.13,263.78,2070.9,311.09,1775.7,491.6,-0.02734,-0.39809,-0.48622,-0.51508,871.0,894.0,962.0,751.0,751.0,766.0,443.0,444.0,447.0,-0.29241,0.95629,-0.55925,0.829,14,2013-01-10,28,1367.0,-0.02884,train
2012-12-14,bci_value,1440.0,7.2724,1407.0,1446.0,1652.0,1832.0,2000.0,2199.0,2277.0,2350.0,2304.0,1584.0,1633.71,188.83,1906.21,310.66,2106.33,289.66,2068.5,315.36,1778.46,489.01,0.02318,-0.3285,-0.45822,-0.47,839.0,871.0,949.0,748.0,751.0,772.0,443.0,443.0,446.0,-0.27591,0.96118,-0.53041,0.84774,14,2013-01-11,28,1367.0,-0.05202,train
2012-12-17,bci_value,1403.0,7.24637,1440.0,1407.0,1446.0,1762.0,1897.0,2166.0,2275.0,2347.0,2261.0,1578.0,1563.14,168.45,1843.93,317.81,2077.73,314.29,2065.58,320.65,1781.06,486.38,-0.02603,-0.30166,-0.48337,-0.47719,815.0,839.0,940.0,746.0,748.0,771.0,444.0,443.0,446.0,-0.22596,0.97414,-0.44024,0.89788,14,2013-01-14,28,1370.0,-0.0238,train
2012-12-18,bci_value,1315.0,7.18159,1403.0,1440.0,1407.0,1652.0,1832.0,2095.0,2275.0,2369.0,2186.0,1568.0,1489.29,146.26,1775.36,320.95,2048.7,341.96,2061.37,328.73,1782.8,484.42,-0.06478,-0.33157,-0.54814,-0.50824,793.0,815.0,936.0,745.0,746.0,768.0,444.0,444.0,447.0,-0.20917,0.97788,-0.40909,0.91249,14,2013-01-15,28,1365.0,0.03732,train
2012-12-19,bci_value,1233.0,7.11721,1315.0,1403.0,1440.0,1446.0,1762.0,2000.0,2241.0,2367.0,2098.0,1549.0,1413.71,120.16,1703.36,321.48,2019.87,371.76,2056.1,339.25,1783.76,483.25,-0.06439,-0.357,-0.59747,-0.53153,765.0,793.0,928.0,742.0,745.0,765.0,444.0,444.0,447.0,-0.19232,0.98133,-0.37746,0.92602,14,2013-01-16,28,1431.0,0.14892,train
2012-12-20,bci_value,1226.0,7.11151,1233.0,1315.0,1403.0,1407.0,1652.0,1897.0,2199.0,2335.0,2119.0,1548.0,1352.86,87.51,1633.86,311.85,1990.1,397.49,2050.73,349.64,1784.93,481.75,-0.00569,-0.29823,-0.58425,-0.54719,734.0,765.0,914.0,738.0,742.0,760.0,445.0,444.0,447.0,-0.17541,0.9845,-0.34539,0.93846,14,2013-01-17,28,1573.0,0.24923,train
2012-12-21,bci_value,1228.0,7.11314,1226.0,1233.0,1315.0,1440.0,1446.0,1832.0,2166.0,2318.0,2203.0,1621.0,1321.71,87.61,1566.86,290.34,1957.6,418.08,2044.18,361.12,1786.3,479.99,0.00163,-0.16341,-0.5675,-0.58443,710.0,734.0,894.0,738.0,738.0,751.0,446.0,445.0,444.0,-0.15845,0.98737,-0.3129,0.94979,14,2013-01-18,28,1605.0,0.26774,train
2012-12-24,bci_value,1235.0,7.11883,1228.0,1226.0,1233.0,1403.0,1407.0,1762.0,2095.0,2288.0,2283.0,1660.0,1297.14,84.3,1505.43,261.66,1922.67,432.95,2037.1,372.57,1787.86,477.97,0.00568,-0.13039,-0.52848,-0.61442,699.0,710.0,871.0,735.0,738.0,751.0,447.0,446.0,443.0,-0.10731,0.99423,-0.21338,0.97697,14,2013-01-21,28,1604.0,0.26143,train
2013-01-02,bci_value,1237.0,7.12044,1235.0,1228.0,1226.0,1315.0,1440.0,1652.0,2000.0,2277.0,2327.0,1676.0,1268.14,62.19,1450.93,230.59,1886.33,443.11,2029.78,383.74,1789.52,475.78,0.00162,-0.15195,-0.48046,-0.63189,685.0,699.0,839.0,732.0,735.0,748.0,446.0,447.0,443.0,0.0344,0.99941,0.06876,0.99763,14,2013-01-22,20,1577.0,0.24284,train
2013-01-03,bci_value,1254.0,7.13409,1237.0,1235.0,1228.0,1233.0,1403.0,1446.0,1897.0,2275.0,2375.0,1738.0,1246.86,29.07,1405.0,199.05,1848.97,447.57,2021.72,394.71,1791.43,473.28,0.01365,-0.11227,-0.41394,-0.63866,675.0,685.0,815.0,737.0,732.0,746.0,447.0,446.0,444.0,0.05158,0.99867,0.10303,0.99468,14,2013-01-23,20,1564.0,0.22091,train
2013-01-04,bci_value,1285.0,7.15851,1254.0,1237.0,1235.0,1226.0,1315.0,1407.0,1832.0,2275.0,2350.0,1873.0,1242.57,19.26,1365.93,161.55,1813.47,448.66,2011.92,405.44,1793.59,470.52,0.02442,-0.02308,-0.35465,-0.60366,670.0,675.0,793.0,739.0,737.0,745.0,446.0,447.0,444.0,0.06876,0.99763,0.13719,0.99055,14,2013-01-24,20,1541.0,0.18167,train
2013-01-07,bci_value,1319.0,7.18463,1285.0,1254.0,1237.0,1228.0,1233.0,1440.0,1762.0,2241.0,2347.0,1932.0,1254.86,32.27,1334.29,118.53,1779.2,445.85,2001.7,414.94,1795.99,467.53,0.02612,0.06742,-0.28958,-0.57626,670.0,670.0,765.0,739.0,739.0,742.0,443.0,446.0,444.0,0.12013,0.99276,0.23851,0.97114,14,2013-01-25,18,1520.0,0.14184,train
2013-01-08,bci_value,1386.0,7.23418,1319.0,1285.0,1254.0,1235.0,1226.0,1403.0,1652.0,2199.0,2369.0,1921.0,1277.71,53.45,1315.29,81.67,1746.43,437.34,1992.78,422.26,1798.9,464.14,0.04955,0.12267,-0.17556,-0.53605,682.0,670.0,734.0,739.0,739.0,738.0,442.0,443.0,445.0,0.13719,0.99055,0.27178,0.96236,14,2013-01-28,20,1507.0,0.0837,train
2013-01-09,bci_value,1384.0,7.23273,1386.0,1319.0,1285.0,1237.0,1228.0,1315.0,1446.0,2166.0,2367.0,1829.0,1300.0,60.18,1310.86,75.94,1713.67,426.3,1985.37,428.93,1801.14,461.63,-0.00144,0.11959,-0.04382,-0.53665,717.0,682.0,710.0,740.0,739.0,738.0,443.0,442.0,446.0,0.1542,0.98804,0.30472,0.95244,14,2013-01-29,20,1491.0,0.07447,train
2013-01-10,bci_value,1367.0,7.22037,1384.0,1386.0,1319.0,1254.0,1235.0,1233.0,1407.0,2095.0,2335.0,1775.0,1318.86,57.47,1308.0,72.96,1681.4,414.52,1978.57,435.39,1803.26,459.2,-0.01236,0.10155,-0.02884,-0.53539,754.0,717.0,699.0,741.0,740.0,735.0,443.0,443.0,447.0,0.17118,0.98524,0.3373,0.9414,14,2013-01-30,20,1477.0,0.07739,train
2013-01-11,bci_value,1367.0,7.22037,1367.0,1384.0,1386.0,1285.0,1237.0,1226.0,1440.0,2000.0,2318.0,1833.0,1337.43,48.29,1302.79,65.57,1649.7,400.76,1970.8,442.03,1805.46,456.62,0.0,0.09993,-0.05202,-0.52809,772.0,754.0,685.0,743.0,741.0,732.0,448.0,443.0,446.0,0.1881,0.98215,0.36948,0.92924,14,2013-01-31,20,1468.0,0.07128,train
2013-01-14,bci_value,1370.0,7.22257,1367.0,1367.0,1384.0,1319.0,1254.0,1228.0,1403.0,1897.0,2288.0,1914.0,1354.0,34.85,1300.43,62.45,1619.1,385.62,1961.73,448.63,1807.66,454.04,0.00219,0.08847,-0.0238,-0.51287,774.0,772.0,675.0,745.0,743.0,737.0,451.0,448.0,447.0,0.23851,0.97114,0.46326,0.88622,14,2013-02-01,18,1454.0,0.05951,train
2013-01-15,bci_value,1365.0,7.21891,1370.0,1367.0,1367.0,1386.0,1285.0,1235.0,1315.0,1832.0,2277.0,1960.0,1365.43,20.53,1304.0,64.57,1588.7,368.11,1951.82,455.09,1809.71,451.6,-0.00366,0.0604,0.03732,-0.5117,768.0,774.0,670.0,743.0,745.0,739.0,454.0,451.0,446.0,0.25518,0.96689,0.49347,0.86976,14,2013-02-04,20,1461.0,0.06797,train
2013-01-16,bci_value,1431.0,7.26613,1365.0,1370.0,1367.0,1384.0,1319.0,1237.0,1233.0,1762.0,2275.0,2103.0,1381.43,21.72,1318.14,69.01,1560.57,346.18,1940.62,459.47,1812.43,448.56,0.04722,0.0815,0.14892,-0.46361,754.0,768.0,670.0,740.0,743.0,739.0,457.0,454.0,443.0,0.27178,0.96236,0.52309,0.85227,14,2013-02-05,20,1466.0,0.02416,train
2013-01-17,bci_value,1573.0,7.36074,1431.0,1365.0,1370.0,1367.0,1386.0,1254.0,1226.0,1652.0,2275.0,2162.0,1408.14,70.7,1342.93,90.45,1537.17,319.82,1930.8,460.93,1816.71,444.4,0.09461,0.12656,0.24923,-0.369,743.0,754.0,682.0,738.0,740.0,739.0,464.0,457.0,442.0,0.28829,0.95754,0.5521,0.83378,14,2013-02-06,20,1484.0,-0.05824,train
2013-01-18,bci_value,1605.0,7.38088,1573.0,1431.0,1365.0,1367.0,1384.0,1285.0,1228.0,1446.0,2241.0,2135.0,1439.71,97.23,1369.86,106.85,1515.97,292.36,1921.97,462.01,1821.37,439.94,0.02014,0.14815,0.26774,-0.3338,740.0,743.0,717.0,735.0,738.0,740.0,470.0,464.0,443.0,0.30472,0.95244,0.58045,0.81429,14,2013-02-07,20,1481.0,-0.08041,train
2013-01-21,bci_value,1604.0,7.38026,1605.0,1573.0,1431.0,1370.0,1367.0,1319.0,1235.0,1407.0,2199.0,2217.0,1473.57,106.81,1396.21,115.5,1496.13,264.17,1911.75,462.15,1826.01,435.39,-0.00062,0.15988,0.26143,-0.3155,736.0,740.0,754.0,730.0,735.0,741.0,474.0,470.0,443.0,0.35344,0.93546,0.66126,0.75015,14,2013-02-08,18,1461.0,-0.09338,train
2013-01-22,bci_value,1577.0,7.36328,1604.0,1605.0,1573.0,1365.0,1367.0,1386.0,1237.0,1440.0,2166.0,2332.0,1503.57,102.05,1420.5,115.21,1476.5,233.8,1899.17,460.81,1830.33,430.95,-0.01698,0.14291,0.24284,-0.31736,729.0,736.0,772.0,728.0,730.0,743.0,477.0,474.0,448.0,0.36948,0.92924,0.68668,0.72696,14,2013-02-11,20,1453.0,-0.08189,train
2013-01-23,bci_value,1564.0,7.355,1577.0,1604.0,1605.0,1431.0,1370.0,1384.0,1254.0,1403.0,2095.0,2587.0,1531.29,87.28,1442.64,110.79,1458.8,204.58,1882.12,453.92,1834.52,426.48,-0.00828,0.13244,0.22091,-0.29231,727.0,729.0,774.0,721.0,728.0,745.0,478.0,477.0,451.0,0.38541,0.92274,0.71128,0.70291,14,2013-02-12,20,1448.0,-0.07706,train
2013-01-24,bci_value,1541.0,7.34019,1564.0,1577.0,1604.0,1573.0,1365.0,1367.0,1285.0,1315.0,2000.0,2530.0,1556.43,55.22,1460.93,104.19,1443.5,179.11,1865.63,448.01,1838.47,422.09,-0.01482,0.12128,0.18167,-0.26072,723.0,727.0,768.0,713.0,721.0,743.0,478.0,478.0,454.0,0.40123,0.91598,0.73503,0.67803,14,2013-02-13,20,1448.0,-0.06225,train
2013-01-25,bci_value,1520.0,7.32647,1541.0,1564.0,1577.0,1605.0,1431.0,1367.0,1319.0,1233.0,1897.0,2432.0,1569.14,28.81,1475.29,97.26,1430.93,158.94,1850.43,443.99,1842.04,417.99,-0.01372,0.06034,0.14184,-0.22156,718.0,723.0,754.0,712.0,713.0,740.0,475.0,478.0,457.0,0.41693,0.90894,0.75792,0.65235,14,2013-02-14,20,1429.0,-0.06174,train
2013-01-28,bci_value,1507.0,7.31788,1520.0,1541.0,1564.0,1604.0,1573.0,1370.0,1386.0,1226.0,1832.0,2451.0,1559.71,35.93,1483.93,94.28,1420.1,141.34,1834.7,439.13,1845.41,414.04,-0.00859,-0.04286,0.0837,-0.19529,713.0,718.0,743.0,711.0,712.0,738.0,472.0,475.0,464.0,0.46326,0.88622,0.8211,0.57078,14,2013-02-15,18,1434.0,-0.04965,train
2013-01-29,bci_value,1491.0,7.3072,1507.0,1520.0,1541.0,1577.0,1605.0,1365.0,1384.0,1228.0,1762.0,2460.0,1543.43,37.51,1491.57,90.11,1411.07,127.15,1818.55,433.62,1848.43,410.43,-0.01067,-0.07368,0.07447,-0.167,703.0,713.0,740.0,710.0,711.0,735.0,467.0,472.0,470.0,0.47843,0.87812,0.84025,0.5422,14,2013-02-18,20,1408.0,-0.05728,train
2013-01-30,bci_value,1477.0,7.29777,1491.0,1507.0,1520.0,1564.0,1604.0,1431.0,1367.0,1235.0,1652.0,2458.0,1525.29,34.41,1499.43,83.45,1405.23,119.76,1802.2,427.66,1850.11,408.59,-0.00943,-0.08249,0.07739,-0.11197,690.0,703.0,736.0,695.0,710.0,730.0,461.0,467.0,474.0,0.49347,0.86976,0.8584,0.51298,14,2013-02-19,20,1377.0,-0.07011,train
2013-01-31,bci_value,1468.0,7.29166,1477.0,1491.0,1507.0,1541.0,1577.0,1573.0,1367.0,1237.0,1446.0,2419.0,1509.71,32.07,1506.64,75.7,1405.97,120.07,1786.35,422.09,1850.63,408.08,-0.00611,-0.07162,0.07128,0.0151,677.0,690.0,729.0,688.0,695.0,728.0,455.0,461.0,477.0,0.50836,0.86115,0.87554,0.48315,14,2013-02-20,20,1355.0,-0.0801,train
2013-02-01,bci_value,1454.0,7.28207,1468.0,1477.0,1491.0,1520.0,1564.0,1605.0,1370.0,1254.0,1407.0,2355.0,1494.0,28.35,1512.64,67.52,1407.53,120.38,1771.33,417.6,1849.78,408.82,-0.00958,-0.07293,0.05951,0.03286,664.0,677.0,727.0,684.0,688.0,721.0,449.0,455.0,478.0,0.52309,0.85227,0.89164,0.45274,14,2013-02-21,20,1344.0,-0.07867,train
2013-02-04,bci_value,1461.0,7.28688,1454.0,1468.0,1477.0,1507.0,1541.0,1604.0,1365.0,1285.0,1440.0,2304.0,1482.57,22.66,1519.5,56.08,1408.23,120.63,1757.28,413.6,1848.41,409.91,0.0048,-0.05331,0.06797,0.01448,653.0,664.0,723.0,682.0,684.0,713.0,444.0,449.0,478.0,0.56636,0.82416,0.93354,0.35847,14,2013-02-22,18,1335.0,-0.09019,train
2013-02-05,bci_value,1466.0,7.29029,1461.0,1454.0,1468.0,1491.0,1520.0,1577.0,1431.0,1319.0,1403.0,2261.0,1474.86,17.12,1522.0,52.76,1410.33,121.07,1744.03,409.97,1847.17,410.9,0.00342,-0.03617,0.02416,0.04392,651.0,653.0,718.0,681.0,682.0,712.0,438.0,444.0,475.0,0.58045,0.81429,0.94532,0.32614,14,2013-02-25,20,1323.0,-0.10264,train
2013-02-06,bci_value,1484.0,7.3025,1466.0,1461.0,1454.0,1477.0,1507.0,1564.0,1573.0,1386.0,1315.0,2186.0,1471.57,12.1,1515.64,51.58,1415.97,120.43,1732.33,407.2,1846.23,411.63,0.0122,-0.01538,-0.05824,0.1209,657.0,651.0,713.0,677.0,681.0,711.0,431.0,438.0,472.0,0.59438,0.80419,0.95598,0.29343,14,2013-02-26,20,1291.0,-0.13932,train
2013-02-07,bci_value,1481.0,7.30047,1484.0,1466.0,1461.0,1468.0,1491.0,1541.0,1605.0,1384.0,1233.0,2098.0,1470.14,10.16,1506.79,45.8,1424.23,116.02,1722.05,405.62,1845.48,412.24,-0.00202,-0.00673,-0.08041,0.18327,695.0,657.0,703.0,674.0,677.0,710.0,425.0,431.0,467.0,0.60812,0.79384,0.96551,0.26038,14,2013-02-27,20,1264.0,-0.15844,train
2013-02-08,bci_value,1461.0,7.28688,1481.0,1484.0,1466.0,1454.0,1477.0,1520.0,1604.0,1367.0,1226.0,2119.0,1467.86,10.16,1496.57,38.32,1432.07,110.16,1711.08,403.63,1844.51,413.03,-0.0136,-0.01089,-0.09338,0.17536,723.0,695.0,690.0,671.0,674.0,695.0,421.0,425.0,461.0,0.62169,0.78327,0.97389,0.22701,14,2013-02-28,20,1249.0,-0.15678,train
2013-02-11,bci_value,1453.0,7.28139,1461.0,1481.0,1484.0,1461.0,1468.0,1507.0,1577.0,1367.0,1228.0,2203.0,1465.71,11.41,1487.71,32.61,1439.57,103.46,1698.58,399.8,1842.64,414.42,-0.00549,-0.01027,-0.08189,0.16824,737.0,723.0,677.0,669.0,671.0,688.0,418.0,421.0,455.0,0.66126,0.75015,0.9921,0.12546,14,2013-03-01,18,1243.0,-0.1561,train
2013-02-12,bci_value,1448.0,7.27794,1453.0,1461.0,1481.0,1466.0,1454.0,1491.0,1564.0,1370.0,1235.0,2283.0,1464.86,12.44,1479.43,26.3,1446.67,96.24,1684.67,393.7,1840.29,416.05,-0.00345,-0.00414,-0.07706,0.15911,749.0,737.0,664.0,666.0,669.0,684.0,417.0,418.0,449.0,0.67407,0.73867,0.99583,0.09126,14,2013-03-04,20,1239.0,-0.15588,train
2013-02-13,bci_value,1448.0,7.27794,1448.0,1453.0,1461.0,1484.0,1461.0,1477.0,1541.0,1365.0,1237.0,2327.0,1463.0,13.77,1472.79,21.15,1453.7,88.02,1670.02,385.8,1837.76,417.73,0.0,-0.00894,-0.06225,0.15749,782.0,749.0,653.0,668.0,666.0,682.0,414.0,417.0,444.0,0.68668,0.72696,0.99838,0.05695,14,2013-03-05,20,1246.0,-0.15024,train
2013-02-14,bci_value,1429.0,7.26473,1448.0,1448.0,1453.0,1481.0,1466.0,1468.0,1520.0,1431.0,1254.0,2375.0,1457.71,18.05,1466.29,19.56,1459.53,80.03,1654.25,375.87,1834.32,419.8,-0.01321,-0.02556,-0.06174,0.13064,808.0,782.0,651.0,664.0,668.0,681.0,412.0,414.0,438.0,0.69908,0.71504,0.99975,0.02258,14,2013-03-06,20,1251.0,-0.13303,train
2013-02-15,bci_value,1434.0,7.26822,1429.0,1448.0,1448.0,1461.0,1484.0,1454.0,1507.0,1573.0,1285.0,2350.0,1450.57,16.01,1461.07,17.65,1464.5,73.39,1638.98,365.77,1829.44,421.87,0.00349,-0.03427,-0.04965,0.10971,832.0,808.0,657.0,667.0,664.0,677.0,412.0,412.0,431.0,0.71128,0.70291,0.99993,-0.01183,14,2013-03-07,20,1260.0,-0.12936,train
2013-02-18,bci_value,1408.0,7.24993,1434.0,1429.0,1448.0,1453.0,1481.0,1461.0,1491.0,1605.0,1319.0,2347.0,1440.14,16.56,1455.14,20.34,1467.47,69.12,1623.33,355.07,1823.62,424.03,-0.0183,-0.05055,-0.05728,0.0653,845.0,832.0,695.0,672.0,667.0,674.0,411.0,412.0,425.0,0.74659,0.66529,0.99339,-0.11479,14,2013-03-08,18,1262.0,-0.10947,train
2013-02-19,bci_value,1377.0,7.22766,1408.0,1434.0,1429.0,1448.0,1461.0,1466.0,1477.0,1604.0,1386.0,2369.0,1428.14,25.25,1448.0,27.65,1467.17,69.49,1606.8,342.85,1817.58,426.46,-0.02226,-0.05921,-0.07011,-0.00651,859.0,845.0,723.0,679.0,672.0,671.0,411.0,411.0,421.0,0.75792,0.65235,0.98885,-0.14889,14,2013-03-11,20,1260.0,-0.0888,train
2013-02-20,bci_value,1355.0,7.21156,1377.0,1408.0,1434.0,1448.0,1453.0,1484.0,1468.0,1577.0,1384.0,2367.0,1414.14,33.43,1439.93,35.9,1466.2,70.83,1589.93,329.67,1812.31,429.21,-0.01611,-0.06983,-0.0801,-0.02118,875.0,859.0,737.0,687.0,679.0,669.0,410.0,411.0,418.0,0.76903,0.63921,0.98315,-0.18282,14,2013-03-12,20,1314.0,-0.03073,train
2013-02-21,bci_value,1344.0,7.20341,1355.0,1377.0,1408.0,1429.0,1448.0,1481.0,1454.0,1564.0,1367.0,2335.0,1399.29,37.89,1432.07,43.25,1465.43,72.02,1573.42,316.49,1807.52,431.99,-0.00815,-0.07453,-0.07867,-0.01697,892.0,875.0,749.0,695.0,687.0,666.0,411.0,410.0,417.0,0.77991,0.62589,0.97628,-0.21653,14,2013-03-13,20,1314.0,-0.02257,train
2013-02-22,bci_value,1335.0,7.19669,1344.0,1355.0,1377.0,1434.0,1448.0,1461.0,1461.0,1541.0,1367.0,2318.0,1383.14,37.77,1423.07,49.02,1464.37,73.68,1557.03,302.67,1801.99,434.81,-0.00672,-0.08125,-0.09019,-0.02369,909.0,892.0,782.0,705.0,695.0,668.0,412.0,411.0,414.0,0.79056,0.61238,0.96825,-0.24998,14,2013-03-14,20,1302.0,-0.02503,train
2013-02-25,bci_value,1323.0,7.18766,1335.0,1344.0,1355.0,1408.0,1429.0,1453.0,1466.0,1520.0,1370.0,2288.0,1368.0,37.6,1412.86,53.68,1462.8,76.13,1540.95,288.71,1795.42,437.53,-0.00903,-0.07707,-0.10264,-0.03491,922.0,909.0,808.0,717.0,705.0,664.0,414.0,412.0,412.0,0.8211,0.57078,0.93734,-0.34841,14,2013-03-15,18,1299.0,-0.01831,train
2013-02-26,bci_value,1291.0,7.16317,1323.0,1335.0,1344.0,1377.0,1434.0,1448.0,1484.0,1507.0,1365.0,2277.0,1347.57,34.94,1399.07,58.23,1460.33,80.34,1524.52,274.04,1787.99,440.34,-0.02448,-0.10505,-0.13932,-0.05574,939.0,922.0,832.0,724.0,717.0,667.0,419.0,414.0,412.0,0.8308,0.55658,0.9248,-0.38045,14,2013-03-18,20,1295.0,0.00309,train
2013-02-27,bci_value,1264.0,7.14204,1291.0,1323.0,1335.0,1355.0,1408.0,1448.0,1481.0,1491.0,1431.0,2275.0,1327.0,35.69,1383.57,63.04,1454.77,87.64,1507.67,257.99,1778.67,442.45,-0.02114,-0.10789,-0.15844,-0.12409,961.0,939.0,845.0,734.0,724.0,672.0,426.0,419.0,411.0,0.84025,0.5422,0.91117,-0.41203,14,2013-03-19,20,1290.0,0.02036,train
2013-02-28,bci_value,1249.0,7.1301,1264.0,1291.0,1323.0,1344.0,1377.0,1429.0,1461.0,1477.0,1573.0,2275.0,1308.71,38.1,1368.43,67.9,1443.97,92.24,1490.57,239.93,1768.52,444.01,-0.01194,-0.09756,-0.15678,-0.23064,990.0,961.0,859.0,745.0,734.0,679.0,436.0,426.0,411.0,0.84945,0.52767,0.89646,-0.44313,14,2013-03-20,20,1294.0,0.03539,train
2013-03-01,bci_value,1243.0,7.12528,1249.0,1264.0,1291.0,1335.0,1355.0,1434.0,1453.0,1468.0,1605.0,2241.0,1292.71,38.81,1353.43,70.7,1431.9,94.05,1473.93,221.19,1758.61,445.67,-0.00482,-0.08627,-0.1561,-0.2556,1036.0,990.0,875.0,764.0,745.0,687.0,447.0,436.0,410.0,0.8584,0.51298,0.88068,-0.47371,14,2013-03-21,20,1290.0,0.03711,train
2013-03-04,bci_value,1239.0,7.12206,1243.0,1249.0,1264.0,1323.0,1344.0,1408.0,1448.0,1454.0,1604.0,2199.0,1277.71,36.3,1338.5,71.22,1419.73,94.61,1457.93,202.06,1747.74,446.28,-0.00322,-0.08135,-0.15588,-0.2582,1058.0,1036.0,892.0,781.0,764.0,695.0,454.0,447.0,411.0,0.88372,0.46802,0.82719,-0.56192,14,2013-03-22,18,1284.0,0.03568,train
2013-03-05,bci_value,1246.0,7.12769,1239.0,1243.0,1249.0,1291.0,1335.0,1377.0,1448.0,1461.0,1577.0,2166.0,1265.0,28.83,1324.07,67.96,1408.7,94.92,1442.6,181.62,1735.68,445.0,0.00563,-0.06899,-0.15024,-0.23559,1080.0,1058.0,909.0,801.0,781.0,705.0,466.0,454.0,412.0,0.89164,0.45274,0.80737,-0.59004,14,2013-03-25,20,1284.0,0.03004,train
2013-03-06,bci_value,1251.0,7.1317,1246.0,1239.0,1243.0,1264.0,1323.0,1355.0,1429.0,1466.0,1564.0,2095.0,1254.71,16.52,1311.36,63.65,1398.27,94.48,1428.53,162.19,1720.83,438.59,0.004,-0.05596,-0.13303,-0.2233,1090.0,1080.0,922.0,818.0,801.0,717.0,472.0,466.0,414.0,0.8993,0.43734,0.7866,-0.61747,14,2013-03-26,20,1275.0,0.019,train
2013-03-07,bci_value,1260.0,7.13887,1251.0,1246.0,1239.0,1249.0,1291.0,1344.0,1434.0,1484.0,1541.0,2000.0,1250.29,8.31,1298.93,54.87,1388.9,93.79,1416.2,145.55,1706.72,432.72,0.00717,-0.02431,-0.12936,-0.20132,1112.0,1090.0,939.0,837.0,818.0,724.0,478.0,472.0,419.0,0.90669,0.42181,0.76489,-0.64416,14,2013-03-27,20,1258.0,-0.00159,train
2013-03-08,bci_value,1262.0,7.14045,1260.0,1251.0,1246.0,1243.0,1264.0,1335.0,1408.0,1481.0,1520.0,1897.0,1250.0,7.86,1288.5,46.37,1380.3,93.2,1405.62,132.73,1693.72,428.29,0.00159,-0.00158,-0.10947,-0.18601,1124.0,1112.0,961.0,852.0,837.0,734.0,483.0,478.0,426.0,0.91381,0.40615,0.74228,-0.67009,14,2013-03-28,20,1249.0,-0.01035,train
2013-03-11,bci_value,1260.0,7.13887,1262.0,1260.0,1251.0,1239.0,1249.0,1323.0,1377.0,1461.0,1507.0,1832.0,1251.57,8.57,1280.14,39.73,1372.07,92.55,1396.08,121.85,1680.49,423.05,-0.00159,0.00877,-0.0888,-0.17901,1128.0,1124.0,990.0,864.0,852.0,745.0,485.0,483.0,436.0,0.93354,0.35847,0.66929,-0.743,14,2013-04-02,22,1229.0,-0.02491,train
2013-03-12,bci_value,1314.0,7.18083,1260.0,1262.0,1260.0,1246.0,1243.0,1291.0,1355.0,1453.0,1491.0,1762.0,1261.71,22.73,1277.21,35.38,1366.17,90.4,1388.62,112.58,1667.76,416.6,0.04196,0.05555,-0.03073,-0.12637,1131.0,1128.0,1036.0,876.0,864.0,764.0,486.0,485.0,447.0,0.93957,0.34236,0.64334,-0.76558,14,2013-04-03,22,1209.0,-0.08328,train
2013-03-13,bci_value,1314.0,7.18083,1314.0,1260.0,1262.0,1251.0,1239.0,1264.0,1344.0,1448.0,1477.0,1652.0,1272.43,26.81,1275.07,32.02,1360.73,88.45,1382.98,107.6,1655.04,409.69,0.0,0.05877,-0.02257,-0.11694,1138.0,1131.0,1058.0,889.0,876.0,781.0,490.0,486.0,454.0,0.94532,0.32614,0.61662,-0.78726,14,2013-04-04,22,1209.0,-0.08328,train
2013-03-14,bci_value,1302.0,7.17166,1314.0,1314.0,1260.0,1260.0,1246.0,1249.0,1335.0,1448.0,1468.0,1446.0,1280.43,26.08,1272.71,28.55,1355.2,86.75,1380.58,107.78,1642.63,403.23,-0.00917,0.04396,-0.02503,-0.12,1147.0,1138.0,1080.0,903.0,889.0,801.0,494.0,490.0,466.0,0.95079,0.30983,0.58918,-0.808,14,2013-04-05,22,1215.0,-0.06916,train
2013-03-15,bci_value,1299.0,7.16935,1302.0,1314.0,1314.0,1262.0,1251.0,1243.0,1323.0,1429.0,1454.0,1407.0,1287.29,23.63,1271.0,26.09,1350.03,85.31,1378.78,108.22,1630.9,397.65,-0.00231,0.03765,-0.01831,-0.11272,1162.0,1147.0,1090.0,913.0,903.0,818.0,506.0,494.0,472.0,0.95598,0.29343,0.56103,-0.82779,14,2013-04-08,24,1223.0,-0.06029,train
2013-03-18,bci_value,1295.0,7.16627,1299.0,1302.0,1314.0,1260.0,1260.0,1239.0,1291.0,1434.0,1461.0,1440.0,1292.29,20.87,1271.29,26.33,1344.5,83.29,1376.37,108.45,1619.69,392.71,-0.00308,0.0274,0.00309,-0.12061,1172.0,1162.0,1112.0,925.0,913.0,837.0,513.0,506.0,478.0,0.96984,0.24373,0.47276,-0.88119,14,2013-04-09,22,1236.0,-0.04663,train
2013-03-19,bci_value,1290.0,7.1624,1295.0,1299.0,1302.0,1314.0,1262.0,1246.0,1264.0,1408.0,1466.0,1403.0,1296.29,17.01,1273.14,26.67,1338.63,80.69,1374.48,108.95,1608.9,388.25,-0.00387,0.02194,0.02036,-0.1279,1184.0,1172.0,1124.0,937.0,925.0,852.0,522.0,513.0,483.0,0.97389,0.22701,0.44217,-0.89693,14,2013-04-10,22,1250.0,-0.0315,train
2013-03-20,bci_value,1294.0,7.16549,1290.0,1295.0,1299.0,1314.0,1260.0,1251.0,1249.0,1377.0,1484.0,1315.0,1301.14,8.85,1276.36,26.27,1332.3,76.37,1374.13,109.17,1598.99,384.77,0.0031,0.02663,0.03539,-0.137,1190.0,1184.0,1128.0,950.0,937.0,864.0,532.0,522.0,485.0,0.97765,0.21022,0.41105,-0.91161,14,2013-04-11,22,1257.0,-0.02901,train
2013-03-21,bci_value,1290.0,7.1624,1294.0,1290.0,1295.0,1302.0,1314.0,1260.0,1243.0,1355.0,1481.0,1233.0,1297.71,7.8,1279.71,24.75,1325.93,71.52,1375.08,108.18,1590.01,382.44,-0.0031,-0.01843,0.03711,-0.13808,1202.0,1190.0,1131.0,959.0,950.0,876.0,539.0,532.0,486.0,0.98112,0.19338,0.37945,-0.92521,14,2013-04-12,22,1265.0,-0.01957,train
2013-03-22,bci_value,1284.0,7.15774,1290.0,1294.0,1290.0,1299.0,1314.0,1262.0,1239.0,1344.0,1461.0,1226.0,1293.43,5.6,1282.93,22.03,1320.03,67.31,1376.05,107.1,1580.73,379.61,-0.00466,-0.0231,0.03568,-0.12914,1208.0,1202.0,1138.0,968.0,959.0,889.0,542.0,539.0,490.0,0.98431,0.17647,0.3474,-0.93772,14,2013-04-15,24,1257.0,-0.02125,train
2013-03-25,bci_value,1284.0,7.15774,1284.0,1290.0,1294.0,1295.0,1302.0,1260.0,1246.0,1335.0,1453.0,1228.0,1290.86,5.19,1285.64,19.51,1314.4,62.87,1376.98,106.04,1570.52,375.07,0.0,-0.01392,0.03004,-0.12365,1210.0,1208.0,1147.0,978.0,968.0,903.0,543.0,542.0,494.0,0.9921,0.12546,0.24894,-0.96852,14,2013-04-16,22,1251.0,-0.02604,train
2013-03-26,bci_value,1275.0,7.1507,1284.0,1284.0,1290.0,1290.0,1299.0,1314.0,1251.0,1323.0,1448.0,1235.0,1287.43,6.46,1287.36,17.32,1308.63,58.1,1377.65,105.27,1559.32,368.62,-0.00703,-0.01865,0.019,-0.12724,1204.0,1210.0,1162.0,981.0,978.0,913.0,545.0,543.0,506.0,0.99411,0.10838,0.21548,-0.97651,14,2013-04-17,22,1245.0,-0.02381,train
2013-03-27,bci_value,1258.0,7.13728,1275.0,1284.0,1284.0,1294.0,1295.0,1314.0,1260.0,1291.0,1448.0,1237.0,1282.14,11.37,1287.21,17.55,1302.3,52.67,1378.0,104.84,1547.44,360.83,-0.01342,-0.02899,-0.00159,-0.14066,1191.0,1204.0,1172.0,977.0,981.0,925.0,547.0,545.0,513.0,0.99583,0.09126,0.18176,-0.98334,14,2013-04-18,22,1238.0,-0.01603,train
2013-03-28,bci_value,1249.0,7.1301,1258.0,1275.0,1284.0,1290.0,1290.0,1302.0,1262.0,1264.0,1429.0,1254.0,1276.29,15.59,1286.29,19.14,1296.3,47.93,1377.92,104.94,1534.93,351.32,-0.00718,-0.0323,-0.01035,-0.13463,1176.0,1191.0,1184.0,965.0,977.0,937.0,547.0,547.0,522.0,0.99725,0.07412,0.14783,-0.98901,14,2013-04-19,22,1234.0,-0.01208,train
2013-04-02,bci_value,1229.0,7.11396,1249.0,1258.0,1275.0,1284.0,1294.0,1299.0,1260.0,1249.0,1434.0,1285.0,1267.0,20.77,1284.07,23.37,1289.47,42.07,1376.98,106.0,1522.48,341.95,-0.01614,-0.05154,-0.02491,-0.15427,1155.0,1176.0,1190.0,944.0,965.0,950.0,543.0,547.0,532.0,0.99993,-0.01183,-0.02365,-0.99972,14,2013-04-22,20,1230.0,0.00081,train
2013-04-03,bci_value,1209.0,7.09755,1229.0,1249.0,1258.0,1284.0,1290.0,1295.0,1314.0,1243.0,1408.0,1319.0,1255.43,26.51,1276.57,28.79,1282.83,38.38,1375.15,107.92,1509.83,332.12,-0.01641,-0.06485,-0.08328,-0.15238,1129.0,1155.0,1202.0,933.0,944.0,959.0,537.0,543.0,539.0,0.99958,-0.02903,-0.05803,-0.99832,14,2013-04-23,20,1220.0,0.00906,train
2013-04-04,bci_value,1209.0,7.09755,1209.0,1229.0,1249.0,1275.0,1284.0,1290.0,1314.0,1239.0,1377.0,1386.0,1244.71,27.91,1269.07,31.6,1277.23,36.44,1372.2,109.99,1496.94,320.85,0.0,-0.06019,-0.08328,-0.13011,1106.0,1129.0,1208.0,924.0,933.0,968.0,529.0,537.0,542.0,0.99893,-0.04622,-0.09233,-0.99573,14,2013-04-24,20,1214.0,0.00413,train
2013-04-05,bci_value,1215.0,7.1025,1209.0,1209.0,1229.0,1258.0,1284.0,1294.0,1302.0,1246.0,1355.0,1384.0,1234.86,24.24,1262.86,33.03,1272.57,35.12,1369.38,111.8,1484.14,308.63,0.00495,-0.05524,-0.06916,-0.10906,1094.0,1106.0,1210.0,915.0,924.0,978.0,525.0,529.0,543.0,0.99799,-0.06339,-0.12653,-0.99196,14,2013-04-25,20,1220.0,0.00411,train
2013-04-08,bci_value,1223.0,7.10906,1215.0,1209.0,1209.0,1249.0,1275.0,1290.0,1299.0,1251.0,1344.0,1367.0,1227.43,17.95,1257.43,32.89,1268.53,33.6,1366.98,113.36,1471.79,296.33,0.00656,-0.04164,-0.06029,-0.09434,1084.0,1094.0,1204.0,912.0,915.0,981.0,523.0,525.0,545.0,0.99339,-0.11479,-0.22806,-0.97365,14,2013-04-26,18,1246.0,0.01863,train
2013-04-09,bci_value,1236.0,7.11964,1223.0,1215.0,1209.0,1229.0,1258.0,1284.0,1295.0,1260.0,1335.0,1367.0,1224.29,13.76,1253.21,31.56,1265.23,31.72,1364.8,114.59,1459.77,283.42,0.01057,-0.01764,-0.04663,-0.07705,1077.0,1084.0,1191.0,907.0,912.0,977.0,518.0,523.0,547.0,0.99127,-0.13186,-0.26141,-0.96523,14,2013-04-29,20,1260.0,0.01923,train
2013-04-10,bci_value,1250.0,7.1309,1236.0,1223.0,1215.0,1209.0,1249.0,1284.0,1290.0,1262.0,1323.0,1370.0,1224.43,14.02,1250.36,29.87,1262.8,29.95,1362.8,115.53,1448.23,270.3,0.01126,0.0008,-0.0315,-0.05676,1080.0,1077.0,1176.0,902.0,907.0,965.0,518.0,518.0,547.0,0.98885,-0.14889,-0.29446,-0.95566,14,2013-04-30,20,1273.0,0.01823,train
2013-04-11,bci_value,1257.0,7.13648,1250.0,1236.0,1223.0,1209.0,1229.0,1275.0,1294.0,1260.0,1291.0,1365.0,1228.43,18.14,1247.71,27.43,1261.67,29.5,1361.0,116.32,1436.9,256.34,0.00558,0.02253,-0.02901,-0.02669,1095.0,1080.0,1155.0,900.0,902.0,944.0,521.0,518.0,543.0,0.98615,-0.16588,-0.32716,-0.94497,14,2013-05-01,20,1279.0,0.01735,train
2013-04-12,bci_value,1265.0,7.14283,1257.0,1250.0,1236.0,1215.0,1209.0,1258.0,1290.0,1314.0,1264.0,1431.0,1236.43,20.06,1245.93,25.35,1261.7,29.5,1358.23,116.59,1425.68,241.05,0.00634,0.04528,-0.01957,0.00079,1112.0,1095.0,1129.0,901.0,900.0,933.0,526.0,521.0,537.0,0.98315,-0.18282,-0.35947,-0.93316,14,2013-05-02,20,1322.0,0.04407,train
2013-04-15,bci_value,1257.0,7.13648,1265.0,1257.0,1250.0,1223.0,1209.0,1249.0,1284.0,1314.0,1249.0,1573.0,1243.29,17.56,1244.0,23.33,1261.97,29.42,1352.97,113.88,1414.37,224.23,-0.00634,0.03893,-0.02125,0.00638,1125.0,1112.0,1106.0,902.0,901.0,924.0,528.0,526.0,529.0,0.97241,-0.23329,-0.4537,-0.89115,14,2013-05-03,18,1344.0,0.06692,train
2013-04-16,bci_value,1251.0,7.1317,1257.0,1265.0,1257.0,1236.0,1215.0,1229.0,1284.0,1302.0,1243.0,1605.0,1248.43,13.26,1241.64,20.68,1262.23,29.29,1347.07,109.76,1403.37,207.03,-0.00478,0.0292,-0.02604,0.00642,1143.0,1125.0,1094.0,902.0,902.0,915.0,531.0,528.0,525.0,0.96825,-0.24998,-0.48409,-0.87502,14,2013-05-07,21,1393.0,0.10752,train
2013-04-17,bci_value,1245.0,7.12689,1251.0,1257.0,1265.0,1250.0,1223.0,1209.0,1275.0,1299.0,1239.0,1604.0,1251.57,8.68,1239.5,18.56,1262.43,29.15,1341.08,105.29,1392.77,189.72,-0.00481,0.01783,-0.02381,0.00483,1167.0,1143.0,1084.0,900.0,902.0,912.0,537.0,531.0,523.0,0.96381,-0.2666,-0.5139,-0.85785,14,2013-05-08,21,1408.0,0.12303,train
2013-04-18,bci_value,1238.0,7.12125,1245.0,1251.0,1257.0,1257.0,1236.0,1209.0,1258.0,1295.0,1246.0,1577.0,1251.86,8.18,1238.07,17.84,1262.17,29.33,1335.43,101.51,1382.46,171.79,-0.00564,0.00162,-0.01603,-0.00644,1180.0,1167.0,1077.0,899.0,900.0,907.0,538.0,537.0,518.0,0.95908,-0.28314,-0.54311,-0.83966,14,2013-05-09,21,1398.0,0.12155,train
2013-04-19,bci_value,1234.0,7.11802,1238.0,1245.0,1251.0,1265.0,1250.0,1215.0,1249.0,1290.0,1251.0,1564.0,1249.57,10.34,1237.0,17.6,1261.6,29.7,1329.93,97.85,1372.89,155.0,-0.00324,-0.01288,-0.01208,-0.01368,1196.0,1180.0,1080.0,898.0,899.0,902.0,539.0,538.0,518.0,0.95407,-0.29959,-0.57167,-0.82049,14,2013-05-10,21,1382.0,0.11327,train
2013-04-22,bci_value,1230.0,7.11477,1234.0,1238.0,1245.0,1257.0,1257.0,1223.0,1229.0,1294.0,1260.0,1541.0,1245.71,11.78,1237.07,17.57,1260.6,30.24,1324.75,94.71,1364.33,140.74,-0.00325,-0.02171,0.00081,-0.0241,1202.0,1196.0,1095.0,902.0,898.0,900.0,540.0,539.0,521.0,0.93734,-0.34841,-0.65316,-0.75722,14,2013-05-13,21,1370.0,0.1078,train
2013-04-23,bci_value,1220.0,7.10661,1230.0,1234.0,1238.0,1251.0,1265.0,1236.0,1209.0,1290.0,1262.0,1520.0,1239.29,11.78,1237.86,16.51,1259.2,31.1,1319.75,92.16,1356.81,129.73,-0.00816,-0.03622,0.00906,-0.03385,1193.0,1202.0,1112.0,902.0,902.0,901.0,540.0,540.0,526.0,0.93121,-0.36448,-0.67882,-0.7343,14,2013-05-14,21,1360.0,0.10863,train
2013-04-24,bci_value,1214.0,7.10168,1220.0,1230.0,1234.0,1245.0,1257.0,1250.0,1209.0,1284.0,1260.0,1507.0,1233.14,12.15,1238.21,15.92,1257.67,32.14,1314.87,89.84,1349.94,120.42,-0.00493,-0.03481,0.00413,-0.03719,1165.0,1193.0,1125.0,903.0,902.0,902.0,543.0,540.0,528.0,0.9248,-0.38045,-0.70368,-0.71052,14,2013-05-15,21,1338.0,0.09726,train
2013-04-25,bci_value,1220.0,7.10661,1214.0,1220.0,1230.0,1238.0,1251.0,1257.0,1215.0,1284.0,1314.0,1491.0,1228.71,10.35,1238.57,15.45,1254.53,31.06,1310.35,87.66,1343.92,112.99,0.00493,-0.02509,0.00411,-0.07423,1121.0,1165.0,1143.0,905.0,903.0,902.0,544.0,543.0,531.0,0.91812,-0.3963,-0.7277,-0.68589,14,2013-05-16,21,1334.0,0.08933,train
2013-04-26,bci_value,1246.0,7.12769,1220.0,1214.0,1220.0,1234.0,1245.0,1265.0,1223.0,1275.0,1314.0,1477.0,1228.86,10.58,1240.21,14.92,1252.27,29.06,1306.5,85.3,1339.41,108.62,0.02109,0.0008,0.01863,-0.05314,1082.0,1121.0,1167.0,904.0,905.0,900.0,545.0,544.0,537.0,0.91117,-0.41203,-0.75086,-0.66046,14,2013-05-17,21,1326.0,0.06223,train
2013-04-29,bci_value,1260.0,7.13887,1246.0,1220.0,1214.0,1230.0,1238.0,1257.0,1236.0,1258.0,1302.0,1468.0,1232.0,15.12,1241.93,15.7,1250.87,27.6,1303.03,82.85,1337.34,108.34,0.01117,0.01761,0.01923,-0.03279,1058.0,1082.0,1180.0,900.0,904.0,899.0,545.0,545.0,538.0,0.8887,-0.45849,-0.81492,-0.57958,14,2013-05-20,21,1317.0,0.04424,train
2013-04-30,bci_value,1273.0,7.14913,1260.0,1246.0,1220.0,1220.0,1234.0,1251.0,1250.0,1249.0,1299.0,1454.0,1237.57,20.91,1243.57,17.55,1250.0,26.46,1300.02,80.57,1335.86,108.29,0.01026,0.03112,0.01823,-0.02022,1028.0,1058.0,1196.0,895.0,900.0,898.0,544.0,545.0,539.0,0.88068,-0.47371,-0.83437,-0.5512,14,2013-05-21,21,1321.0,0.03701,train
2013-05-01,bci_value,1279.0,7.15383,1273.0,1260.0,1246.0,1214.0,1230.0,1245.0,1257.0,1229.0,1295.0,1461.0,1244.57,25.0,1245.14,19.55,1249.47,25.7,1296.98,77.83,1334.07,107.88,0.0047,0.03906,0.01735,-0.01243,1018.0,1028.0,1202.0,888.0,895.0,902.0,545.0,544.0,540.0,0.8724,-0.48879,-0.85284,-0.52218,14,2013-05-22,21,1333.0,0.04135,train
2013-05-02,bci_value,1322.0,7.1869,1279.0,1273.0,1260.0,1220.0,1220.0,1238.0,1265.0,1209.0,1290.0,1466.0,1259.14,34.39,1249.21,27.56,1250.53,27.93,1294.58,74.74,1333.17,107.64,0.03307,0.08029,0.04407,0.0245,1010.0,1018.0,1193.0,884.0,888.0,902.0,546.0,545.0,540.0,0.86387,-0.50372,-0.87029,-0.49253,14,2013-05-23,21,1339.0,0.01278,train
2013-05-03,bci_value,1344.0,7.20341,1322.0,1279.0,1273.0,1246.0,1214.0,1234.0,1257.0,1209.0,1294.0,1484.0,1277.71,39.69,1255.43,36.85,1252.2,31.71,1292.25,70.87,1333.49,107.63,0.0165,0.10173,0.06692,0.03791,1006.0,1010.0,1165.0,880.0,884.0,903.0,546.0,546.0,543.0,0.85507,-0.51851,-0.88672,-0.4623,14,2013-05-24,21,1350.0,0.00445,train
2013-05-07,bci_value,1393.0,7.23921,1344.0,1322.0,1279.0,1260.0,1220.0,1230.0,1251.0,1215.0,1290.0,1481.0,1302.43,48.86,1265.57,51.05,1255.63,40.08,1290.78,67.79,1335.27,107.28,0.03581,0.13261,0.10752,0.07682,999.0,1006.0,1121.0,876.0,880.0,905.0,546.0,546.0,544.0,0.8174,-0.57607,-0.94176,-0.33629,14,2013-05-28,21,1346.0,-0.03432,train
2013-05-08,bci_value,1408.0,7.24993,1393.0,1344.0,1322.0,1273.0,1246.0,1220.0,1245.0,1223.0,1284.0,1461.0,1325.57,54.68,1277.21,62.36,1259.77,48.34,1289.9,65.89,1337.29,106.91,0.01071,0.12223,0.12303,0.09219,995.0,999.0,1082.0,874.0,876.0,904.0,548.0,546.0,545.0,0.80737,-0.59004,-0.95277,-0.3037,14,2013-05-29,21,1348.0,-0.04355,train
2013-05-09,bci_value,1398.0,7.2428,1408.0,1393.0,1344.0,1279.0,1260.0,1214.0,1238.0,1236.0,1284.0,1453.0,1345.29,52.31,1288.64,68.49,1263.57,54.22,1288.98,63.97,1339.18,106.47,-0.00713,0.10393,0.12155,0.08506,995.0,995.0,1058.0,872.0,874.0,900.0,551.0,548.0,545.0,0.7971,-0.60385,-0.96265,-0.27074,14,2013-05-30,21,1339.0,-0.04312,train
2013-05-10,bci_value,1382.0,7.23129,1398.0,1408.0,1393.0,1322.0,1273.0,1220.0,1234.0,1250.0,1275.0,1448.0,1360.86,44.04,1299.21,70.63,1267.13,58.22,1287.88,61.75,1340.81,105.98,-0.01151,0.08216,0.11327,0.08059,994.0,995.0,1028.0,869.0,872.0,895.0,551.0,551.0,544.0,0.7866,-0.61747,-0.9714,-0.23747,14,2013-05-31,21,1336.0,-0.03385,train
2013-05-13,bci_value,1370.0,7.22257,1382.0,1398.0,1408.0,1344.0,1279.0,1246.0,1230.0,1257.0,1258.0,1448.0,1373.86,28.73,1309.21,70.03,1270.87,61.04,1286.58,59.14,1342.29,105.45,-0.00872,0.06873,0.1078,0.08529,993.0,994.0,1018.0,866.0,869.0,888.0,553.0,551.0,545.0,0.7537,-0.65722,-0.99069,-0.13612,14,2013-06-03,21,1333.0,-0.02738,train
2013-05-14,bci_value,1360.0,7.21524,1370.0,1382.0,1398.0,1393.0,1322.0,1260.0,1220.0,1265.0,1249.0,1429.0,1379.29,20.95,1319.21,66.48,1274.57,62.94,1285.43,56.99,1343.47,105.05,-0.00733,0.02834,0.10863,0.08514,988.0,993.0,1010.0,861.0,866.0,884.0,555.0,553.0,546.0,0.74228,-0.67009,-0.99479,-0.10196,14,2013-06-04,21,1338.0,-0.01631,train
2013-05-15,bci_value,1338.0,7.19893,1360.0,1370.0,1382.0,1408.0,1344.0,1273.0,1214.0,1257.0,1229.0,1434.0,1378.43,22.45,1328.07,59.8,1278.2,63.35,1283.83,54.07,1344.06,104.87,-0.01631,-0.00447,0.09726,0.08498,974.0,988.0,1006.0,857.0,861.0,880.0,555.0,555.0,546.0,0.73064,-0.68276,-0.99771,-0.06768,14,2013-06-05,21,1335.0,-0.00224,train
2013-05-16,bci_value,1334.0,7.19594,1338.0,1360.0,1370.0,1398.0,1393.0,1279.0,1220.0,1251.0,1209.0,1408.0,1370.0,26.16,1336.21,51.75,1282.37,62.77,1282.6,52.02,1344.22,104.84,-0.00299,-0.04328,0.08933,0.09839,951.0,974.0,999.0,854.0,857.0,876.0,554.0,555.0,546.0,0.71879,-0.69523,-0.99944,-0.03332,14,2013-06-06,21,1344.0,0.00747,train
2013-05-17,bci_value,1326.0,7.18992,1334.0,1338.0,1360.0,1382.0,1408.0,1322.0,1246.0,1245.0,1209.0,1377.0,1358.29,24.85,1341.93,45.51,1286.27,61.71,1281.75,50.88,1343.56,104.76,-0.00602,-0.06,0.06223,0.09237,930.0,951.0,995.0,853.0,854.0,874.0,553.0,554.0,548.0,0.70673,-0.70749,-1.0,0.00108,14,2013-06-07,21,1352.0,0.01942,train
2013-05-20,bci_value,1317.0,7.18311,1326.0,1334.0,1338.0,1370.0,1398.0,1344.0,1260.0,1238.0,1215.0,1355.0,1346.71,22.4,1346.0,40.24,1289.67,60.49,1281.12,50.2,1342.81,104.71,-0.00681,-0.05969,0.04424,0.08061,917.0,930.0,995.0,851.0,853.0,872.0,555.0,553.0,551.0,0.66929,-0.743,-0.99457,0.1041,14,2013-06-10,21,1359.0,0.03139,train
2013-05-21,bci_value,1321.0,7.18614,1317.0,1326.0,1334.0,1360.0,1382.0,1393.0,1273.0,1234.0,1223.0,1344.0,1338.0,18.51,1349.43,35.66,1292.93,59.44,1280.73,49.8,1342.3,104.7,0.00303,-0.04514,0.03701,0.07708,899.0,917.0,994.0,852.0,851.0,869.0,554.0,555.0,551.0,0.65641,-0.7544,-0.9904,0.13825,14,2013-06-11,21,1379.0,0.04297,train
2013-05-22,bci_value,1333.0,7.19519,1321.0,1317.0,1326.0,1338.0,1370.0,1408.0,1279.0,1230.0,1236.0,1335.0,1332.71,13.11,1353.29,30.36,1296.17,58.89,1280.7,49.76,1341.92,104.68,0.00904,-0.02738,0.04135,0.07555,880.0,899.0,993.0,851.0,852.0,866.0,552.0,554.0,553.0,0.64334,-0.76558,-0.98506,0.17224,14,2013-06-12,21,1427.0,0.06814,train
2013-05-23,bci_value,1339.0,7.19968,1333.0,1321.0,1317.0,1334.0,1360.0,1398.0,1322.0,1220.0,1250.0,1323.0,1329.71,7.89,1354.5,29.41,1299.13,58.73,1280.97,50.03,1341.58,104.63,0.00449,-0.01556,0.01278,0.06878,863.0,880.0,988.0,853.0,851.0,861.0,551.0,552.0,555.0,0.63007,-0.77654,-0.97855,0.20602,14,2013-06-13,21,1484.0,0.10282,train
2013-05-24,bci_value,1350.0,7.20786,1339.0,1333.0,1321.0,1326.0,1338.0,1382.0,1344.0,1214.0,1257.0,1291.0,1331.43,10.4,1354.93,29.3,1302.23,58.88,1281.95,50.79,1341.41,104.61,0.00818,0.00893,0.00445,0.07138,854.0,863.0,974.0,855.0,853.0,857.0,546.0,551.0,555.0,0.61662,-0.78726,-0.97088,0.23956,14,2013-06-14,21,1537.0,0.12973,train
2013-05-28,bci_value,1346.0,7.20489,1350.0,1339.0,1333.0,1317.0,1334.0,1370.0,1393.0,1220.0,1265.0,1264.0,1333.14,11.61,1351.57,27.37,1304.93,58.97,1283.32,51.39,1340.47,104.18,-0.00297,0.00896,-0.03432,0.06207,838.0,854.0,951.0,857.0,855.0,854.0,545.0,546.0,554.0,0.56103,-0.82779,-0.92884,0.37048,14,2013-06-17,20,1588.0,0.16534,train
2013-05-29,bci_value,1348.0,7.20638,1346.0,1350.0,1339.0,1321.0,1326.0,1360.0,1408.0,1246.0,1257.0,1249.0,1336.29,12.21,1347.29,22.46,1307.97,58.77,1284.97,51.85,1337.97,101.23,0.00148,0.01646,-0.04355,0.06989,821.0,838.0,930.0,858.0,857.0,853.0,543.0,545.0,553.0,0.54671,-0.83732,-0.91555,0.40221,14,2013-06-18,20,1674.0,0.21659,train
2013-05-30,bci_value,1339.0,7.19968,1348.0,1346.0,1350.0,1333.0,1317.0,1338.0,1398.0,1260.0,1251.0,1243.0,1339.43,9.33,1343.07,17.54,1310.9,58.04,1286.57,52.01,1335.01,97.19,-0.0067,0.01657,-0.04312,0.06798,806.0,821.0,917.0,859.0,858.0,851.0,537.0,543.0,555.0,0.53223,-0.8466,-0.90117,0.43347,14,2013-06-19,20,1757.0,0.27168,train
2013-05-31,bci_value,1336.0,7.19744,1339.0,1348.0,1346.0,1339.0,1321.0,1334.0,1382.0,1273.0,1245.0,1239.0,1341.57,5.97,1339.79,13.87,1313.93,56.88,1288.18,52.02,1332.03,92.91,-0.00224,0.01129,-0.03385,0.07054,795.0,806.0,899.0,865.0,859.0,852.0,533.0,537.0,554.0,0.51759,-0.85563,-0.88572,0.46421,14,2013-06-20,20,1792.0,0.29365,train
2013-06-03,bci_value,1333.0,7.19519,1336.0,1339.0,1348.0,1350.0,1333.0,1326.0,1370.0,1279.0,1238.0,1246.0,1341.57,5.97,1337.14,11.11,1317.1,55.19,1289.63,52.03,1329.32,89.21,-0.00225,0.0,-0.02738,0.07393,786.0,795.0,880.0,871.0,865.0,851.0,529.0,533.0,552.0,0.47276,-0.88119,-0.83318,0.553,14,2013-06-21,18,1822.0,0.3125,train
2013-06-04,bci_value,1338.0,7.19893,1333.0,1336.0,1339.0,1346.0,1339.0,1317.0,1360.0,1322.0,1234.0,1251.0,1341.43,6.04,1335.57,9.15,1320.57,53.08,1291.08,52.15,1326.81,85.68,0.00374,-0.00075,-0.01631,0.08092,776.0,786.0,863.0,873.0,871.0,853.0,526.0,529.0,551.0,0.45753,-0.88919,-0.81367,0.58133,14,2013-06-24,20,1912.0,0.35697,train
2013-06-05,bci_value,1335.0,7.19669,1338.0,1333.0,1336.0,1348.0,1350.0,1321.0,1338.0,1344.0,1230.0,1260.0,1339.29,5.23,1335.36,9.12,1324.07,50.39,1292.33,52.29,1324.52,82.63,-0.00224,-0.01117,-0.00224,0.08192,768.0,776.0,854.0,877.0,873.0,855.0,521.0,526.0,546.0,0.44217,-0.89693,-0.79319,0.60897,14,2013-06-25,20,1959.0,0.3835,train
2013-06-06,bci_value,1344.0,7.20341,1335.0,1338.0,1333.0,1339.0,1346.0,1333.0,1334.0,1393.0,1220.0,1262.0,1339.0,4.9,1336.07,9.38,1328.2,46.63,1293.7,52.55,1322.57,80.02,0.00672,-0.00149,0.00747,0.0968,764.0,768.0,838.0,880.0,877.0,857.0,521.0,521.0,545.0,0.42667,-0.90441,-0.77177,0.6359,14,2013-06-26,20,2061.0,0.42754,train
2013-06-07,bci_value,1352.0,7.20934,1344.0,1335.0,1338.0,1336.0,1348.0,1339.0,1326.0,1408.0,1214.0,1260.0,1339.57,6.02,1337.93,9.76,1332.8,41.68,1295.23,52.88,1320.84,77.66,0.00593,0.00296,0.01942,0.10766,764.0,764.0,821.0,885.0,880.0,858.0,524.0,521.0,543.0,0.41105,-0.91161,-0.74944,0.66207,14,2013-06-27,20,2120.0,0.44983,train
2013-06-10,bci_value,1359.0,7.2145,1352.0,1344.0,1335.0,1333.0,1339.0,1350.0,1317.0,1398.0,1220.0,1314.0,1342.43,9.05,1340.93,9.32,1337.43,36.26,1295.98,53.46,1319.38,75.66,0.00516,0.01483,0.03139,0.1079,766.0,764.0,806.0,889.0,885.0,859.0,525.0,524.0,537.0,0.36348,-0.9316,-0.67724,0.73576,14,2013-06-28,18,2165.0,0.46567,train
2013-06-11,bci_value,1379.0,7.22911,1359.0,1352.0,1344.0,1338.0,1336.0,1346.0,1321.0,1382.0,1246.0,1314.0,1348.57,15.15,1345.07,12.03,1341.87,32.77,1297.07,54.46,1318.29,74.07,0.01461,0.03168,0.04297,0.10142,777.0,766.0,795.0,890.0,889.0,865.0,525.0,525.0,533.0,0.3474,-0.93772,-0.65153,0.75862,14,2013-07-01,20,2176.0,0.45613,train
2013-06-12,bci_value,1427.0,7.26333,1379.0,1359.0,1352.0,1335.0,1333.0,1348.0,1333.0,1370.0,1260.0,1302.0,1362.0,29.89,1351.79,23.85,1347.43,32.58,1299.15,56.95,1317.83,73.27,0.03422,0.06814,0.06814,0.12446,808.0,777.0,786.0,892.0,890.0,871.0,525.0,525.0,529.0,0.33122,-0.94355,-0.62505,0.78058,14,2013-07-02,20,2134.0,0.40242,train
2013-06-13,bci_value,1484.0,7.3025,1427.0,1379.0,1359.0,1344.0,1338.0,1339.0,1339.0,1360.0,1273.0,1299.0,1382.86,50.02,1362.14,41.21,1354.47,38.06,1302.23,61.67,1318.17,73.95,0.03917,0.10357,0.10282,0.15336,833.0,808.0,776.0,895.0,892.0,873.0,528.0,525.0,526.0,0.31494,-0.94911,-0.59783,0.80162,14,2013-07-03,20,2020.0,0.30836,train
2013-06-14,bci_value,1537.0,7.33759,1484.0,1427.0,1379.0,1352.0,1335.0,1336.0,1350.0,1338.0,1279.0,1295.0,1411.71,68.82,1375.5,60.77,1363.07,47.91,1306.27,68.59,1319.01,75.98,0.03509,0.1409,0.12973,0.18375,859.0,833.0,768.0,895.0,895.0,877.0,533.0,528.0,521.0,0.29857,-0.95439,-0.5699,0.82171,14,2013-07-04,20,1936.0,0.23079,train
2013-06-17,bci_value,1588.0,7.37023,1537.0,1484.0,1427.0,1359.0,1344.0,1333.0,1346.0,1334.0,1322.0,1290.0,1446.57,85.47,1392.79,80.98,1371.93,62.03,1311.23,77.45,1320.37,79.6,0.03264,0.16683,0.16534,0.18333,878.0,859.0,764.0,900.0,895.0,880.0,539.0,533.0,521.0,0.24894,-0.96852,-0.48221,0.87606,14,2013-07-05,18,1929.0,0.19453,train
2013-06-18,bci_value,1674.0,7.42297,1588.0,1537.0,1484.0,1379.0,1352.0,1338.0,1348.0,1326.0,1344.0,1294.0,1492.57,106.31,1416.07,107.34,1382.93,82.11,1317.57,90.26,1322.48,86.16,0.05274,0.21363,0.21659,0.21957,892.0,878.0,764.0,900.0,900.0,885.0,544.0,539.0,524.0,0.23224,-0.97266,-0.45179,0.89213,14,2013-07-08,20,1977.0,0.16636,train
2013-06-19,bci_value,1757.0,7.47136,1674.0,1588.0,1537.0,1427.0,1359.0,1335.0,1339.0,1317.0,1393.0,1290.0,1549.43,124.53,1445.93,136.04,1395.07,106.09,1325.35,106.26,1325.54,96.09,0.04839,0.25686,0.27168,0.23215,909.0,892.0,766.0,903.0,900.0,889.0,547.0,544.0,525.0,0.21548,-0.97651,-0.42083,0.90714,14,2013-07-09,20,2012.0,0.13552,train
2013-06-20,bci_value,1792.0,7.49109,1757.0,1674.0,1588.0,1484.0,1379.0,1344.0,1336.0,1321.0,1408.0,1284.0,1608.43,127.61,1478.5,158.55,1407.87,127.82,1333.82,121.74,1329.22,106.92,0.01972,0.26197,0.29365,0.24116,920.0,909.0,777.0,909.0,903.0,890.0,548.0,547.0,525.0,0.19865,-0.98007,-0.38938,0.92108,14,2013-07-10,20,2037.0,0.12815,train
2013-06-21,bci_value,1822.0,7.50769,1792.0,1757.0,1674.0,1537.0,1427.0,1352.0,1333.0,1333.0,1398.0,1284.0,1664.86,122.12,1513.43,175.6,1422.0,147.82,1342.78,136.64,1333.32,118.08,0.0166,0.24436,0.3125,0.26489,927.0,920.0,808.0,916.0,909.0,892.0,552.0,548.0,525.0,0.18176,-0.98334,-0.35746,0.93393,14,2013-07-11,20,2047.0,0.11644,train
2013-06-24,bci_value,1912.0,7.55591,1822.0,1792.0,1757.0,1588.0,1484.0,1359.0,1338.0,1339.0,1382.0,1275.0,1726.0,123.4,1554.43,195.71,1439.67,171.73,1353.4,154.54,1338.48,132.26,0.04822,0.25341,0.35697,0.32462,937.0,927.0,833.0,923.0,916.0,895.0,552.0,552.0,528.0,0.13079,-0.99141,-0.25934,0.96579,14,2013-07-12,18,2058.0,0.07358,train
2013-06-25,bci_value,1959.0,7.58019,1912.0,1822.0,1792.0,1674.0,1537.0,1379.0,1335.0,1350.0,1370.0,1258.0,1786.29,119.36,1599.0,211.11,1459.3,194.76,1365.08,172.35,1344.16,146.99,0.02428,0.2426,0.3835,0.35762,959.0,937.0,859.0,930.0,923.0,895.0,552.0,552.0,533.0,0.11372,-0.99351,-0.22596,0.97414,14,2013-07-15,20,2052.0,0.04638,train
2013-06-26,bci_value,2061.0,7.63095,1959.0,1912.0,1822.0,1757.0,1588.0,1427.0,1344.0,1346.0,1360.0,1249.0,1853.86,121.84,1650.21,229.23,1482.67,221.64,1378.62,193.31,1351.18,164.88,0.05076,0.26072,0.42754,0.41571,976.0,959.0,878.0,937.0,930.0,900.0,554.0,552.0,539.0,0.09661,-0.99532,-0.19232,0.98133,14,2013-07-16,20,2044.0,-0.00828,train
2013-06-27,bci_value,2120.0,7.65917,2061.0,1959.0,1912.0,1792.0,1674.0,1484.0,1352.0,1348.0,1338.0,1229.0,1917.57,127.61,1705.07,242.79,1508.73,247.57,1393.47,214.33,1358.8,183.35,0.02822,0.2362,0.44983,0.46024,994.0,976.0,892.0,944.0,937.0,900.0,558.0,554.0,544.0,0.07948,-0.99684,-0.15845,0.98737,14,2013-07-17,20,2034.0,-0.04141,train
2013-06-28,bci_value,2165.0,7.68018,2120.0,2061.0,1959.0,1822.0,1757.0,1537.0,1359.0,1339.0,1334.0,1209.0,1975.86,133.97,1762.64,249.38,1536.43,271.77,1409.4,234.6,1367.21,201.85,0.021,0.20881,0.46567,0.48424,1007.0,994.0,909.0,950.0,944.0,903.0,564.0,558.0,547.0,0.06232,-0.99806,-0.12439,0.99223,14,2013-07-18,20,2006.0,-0.07628,train
2013-07-01,bci_value,2176.0,7.68524,2165.0,2120.0,2061.0,1912.0,1792.0,1588.0,1379.0,1336.0,1326.0,1209.0,2030.71,125.83,1819.57,246.25,1564.77,291.92,1425.52,252.79,1376.09,218.93,0.00507,0.19416,0.45613,0.49532,1014.0,1007.0,920.0,954.0,950.0,909.0,566.0,564.0,548.0,0.01075,-0.99994,-0.0215,0.99977,14,2013-07-19,18,1987.0,-0.09086,train
2013-07-02,bci_value,2134.0,7.66575,2176.0,2165.0,2120.0,1959.0,1822.0,1674.0,1427.0,1333.0,1317.0,1215.0,2075.29,95.64,1870.07,232.69,1592.0,305.33,1440.83,267.01,1384.74,232.88,-0.01949,0.15806,0.40242,0.48264,1016.0,1014.0,927.0,954.0,954.0,916.0,569.0,566.0,552.0,-0.00645,-0.99998,0.0129,0.99992,14,2013-07-22,20,1978.0,-0.07591,train
2013-07-03,bci_value,2020.0,7.61085,2134.0,2176.0,2165.0,2061.0,1912.0,1757.0,1484.0,1338.0,1321.0,1223.0,2090.71,74.41,1908.36,208.89,1615.3,310.39,1454.12,275.53,1392.26,242.16,-0.0549,0.05495,0.30836,0.42471,1017.0,1016.0,937.0,952.0,954.0,923.0,569.0,569.0,552.0,-0.02365,-0.99972,0.04729,0.99888,14,2013-07-23,20,1956.0,-0.0322,train
2013-07-04,bci_value,1936.0,7.56838,2020.0,2134.0,2176.0,2120.0,1959.0,1792.0,1537.0,1335.0,1333.0,1236.0,2087.43,80.42,1936.86,181.74,1635.4,310.99,1465.78,280.82,1398.93,248.69,-0.04247,-0.01181,0.23079,0.37319,1012.0,1017.0,959.0,943.0,952.0,930.0,568.0,569.0,552.0,-0.04084,-0.99917,0.08162,0.99666,14,2013-07-24,20,1936.0,0.0,train
2013-07-05,bci_value,1929.0,7.56476,1936.0,2020.0,2134.0,2165.0,2061.0,1822.0,1588.0,1344.0,1339.0,1250.0,2068.57,97.96,1961.21,154.1,1655.07,310.27,1477.1,285.54,1405.67,254.67,-0.00362,-0.06619,0.19453,0.36508,1008.0,1012.0,976.0,932.0,943.0,937.0,568.0,568.0,554.0,-0.05803,-0.99832,0.11586,0.99327,14,2013-07-25,20,1890.0,-0.02042,train
2013-07-08,bci_value,1977.0,7.58934,1929.0,1936.0,2020.0,2176.0,2120.0,1912.0,1674.0,1352.0,1350.0,1257.0,2048.14,100.0,1982.86,131.92,1675.97,310.14,1489.1,291.11,1413.29,261.31,0.02458,-0.06984,0.16636,0.38148,1002.0,1008.0,994.0,924.0,932.0,944.0,568.0,568.0,558.0,-0.10945,-0.99399,0.21758,0.97604,14,2013-07-26,18,1873.0,-0.05404,train
2013-07-09,bci_value,2012.0,7.60688,1977.0,1929.0,1936.0,2134.0,2165.0,1959.0,1757.0,1359.0,1346.0,1265.0,2026.29,88.08,2001.07,116.14,1698.17,309.56,1501.55,297.17,1421.6,268.23,0.01755,-0.07329,0.13552,0.40199,1006.0,1002.0,1007.0,920.0,924.0,950.0,566.0,568.0,564.0,-0.12653,-0.99196,0.25102,0.96798,14,2013-07-29,20,1864.0,-0.0764,train
2013-07-10,bci_value,2037.0,7.61923,2012.0,1977.0,1929.0,2020.0,2176.0,2061.0,1792.0,1379.0,1348.0,1257.0,2006.43,64.64,2018.57,100.76,1721.13,308.29,1514.55,303.19,1430.36,275.22,0.01235,-0.06601,0.12815,0.41286,1024.0,1006.0,1014.0,911.0,920.0,954.0,564.0,566.0,566.0,-0.14357,-0.98964,0.28417,0.95877,14,2013-07-30,20,1856.0,-0.09305,train
2013-07-11,bci_value,2047.0,7.62413,2037.0,2012.0,1977.0,1936.0,2134.0,2120.0,1822.0,1427.0,1339.0,1251.0,1994.0,43.97,2034.64,84.81,1744.73,305.21,1527.82,308.73,1439.29,281.96,0.0049,-0.04162,0.11644,0.42445,1062.0,1024.0,1016.0,904.0,911.0,954.0,561.0,564.0,569.0,-0.16057,-0.98702,0.31698,0.94843,14,2013-07-31,20,1881.0,-0.08457,train
2013-07-12,bci_value,2058.0,7.62949,2047.0,2037.0,2012.0,1929.0,2020.0,2165.0,1912.0,1484.0,1336.0,1245.0,1999.43,48.92,2045.07,77.77,1768.8,300.46,1541.37,313.82,1448.39,288.49,0.00536,0.01864,0.07358,0.43205,1097.0,1062.0,1017.0,901.0,904.0,952.0,561.0,561.0,569.0,-0.17753,-0.98412,0.34942,0.93697,14,2013-08-01,20,1935.0,-0.06163,train
2013-07-15,bci_value,2052.0,7.62657,2058.0,2047.0,2037.0,1977.0,1936.0,2176.0,1959.0,1537.0,1333.0,1238.0,2016.0,44.03,2051.71,74.01,1792.77,293.34,1554.93,317.98,1457.34,294.52,-0.00292,0.05819,0.04638,0.43138,1118.0,1097.0,1012.0,897.0,901.0,943.0,560.0,561.0,568.0,-0.22806,-0.97365,0.4441,0.89598,14,2013-08-02,18,1950.0,-0.05099,train
2013-07-16,bci_value,2044.0,7.62266,2052.0,2058.0,2047.0,2012.0,1929.0,2134.0,2061.0,1588.0,1338.0,1234.0,2032.43,26.44,2050.5,73.99,1816.3,284.08,1568.43,321.24,1466.16,300.02,-0.00391,0.05791,-0.00828,0.42373,1136.0,1118.0,1008.0,894.0,897.0,932.0,559.0,560.0,568.0,-0.24477,-0.96958,0.47465,0.88017,14,2013-08-05,20,1939.0,-0.05274,train
2013-07-17,bci_value,2034.0,7.61776,2044.0,2052.0,2058.0,2037.0,1977.0,2020.0,2120.0,1674.0,1335.0,1230.0,2040.57,13.94,2044.36,71.49,1839.6,272.06,1581.83,323.61,1474.76,305.04,-0.0049,0.02842,-0.04141,0.42107,1153.0,1136.0,1002.0,895.0,894.0,924.0,556.0,559.0,568.0,-0.26141,-0.96523,0.50465,0.86333,14,2013-08-06,20,1907.0,-0.06447,train
2013-07-18,bci_value,2006.0,7.6039,2034.0,2044.0,2052.0,2047.0,2012.0,1936.0,2165.0,1757.0,1344.0,1220.0,2039.71,15.74,2033.0,63.62,1861.67,257.42,1594.93,324.6,1483.02,309.22,-0.01386,-0.00299,-0.07628,0.40049,1165.0,1153.0,1006.0,894.0,895.0,920.0,550.0,556.0,566.0,-0.27798,-0.96059,0.53405,0.84546,14,2013-08-07,20,1853.0,-0.07934,train
2013-07-19,bci_value,1987.0,7.59438,2006.0,2034.0,2044.0,2058.0,2037.0,1929.0,2176.0,1792.0,1352.0,1214.0,2032.57,24.34,2019.5,50.56,1882.83,240.17,1607.82,324.57,1491.1,312.76,-0.00952,-0.02485,-0.09086,0.38504,1172.0,1165.0,1024.0,897.0,894.0,911.0,544.0,550.0,564.0,-0.29446,-0.95566,0.56281,0.82658,14,2013-08-08,20,1829.0,-0.08286,train
2013-07-22,bci_value,1978.0,7.58984,1987.0,2006.0,2034.0,2052.0,2047.0,1977.0,2134.0,1822.0,1359.0,1220.0,2022.71,29.85,2008.36,40.23,1903.47,220.03,1620.45,323.98,1498.48,316.31,-0.00454,-0.03429,-0.07591,0.37534,1170.0,1172.0,1062.0,898.0,897.0,904.0,541.0,544.0,561.0,-0.34337,-0.9392,0.64498,0.7642,14,2013-08-09,18,1813.0,-0.0871,train
2013-07-23,bci_value,1956.0,7.57866,1978.0,1987.0,2006.0,2044.0,2058.0,2012.0,2020.0,1912.0,1379.0,1246.0,2008.14,33.71,2003.79,42.23,1922.7,197.4,1632.28,323.05,1505.61,319.29,-0.01118,-0.05083,-0.0322,0.34954,1159.0,1170.0,1097.0,902.0,898.0,901.0,539.0,541.0,561.0,-0.35947,-0.93316,0.67089,0.74156,14,2013-08-12,20,1805.0,-0.08034,train
2013-07-24,bci_value,1936.0,7.56838,1956.0,1978.0,1987.0,2034.0,2052.0,2037.0,1936.0,1959.0,1427.0,1260.0,1991.57,36.48,2003.79,42.23,1939.67,174.62,1643.55,321.66,1512.66,321.71,-0.01028,-0.05819,0.0,0.30505,1145.0,1159.0,1118.0,907.0,902.0,897.0,539.0,539.0,560.0,-0.37547,-0.92683,0.696,0.71804,14,2013-08-13,20,1846.0,-0.0476,train
2013-07-25,bci_value,1890.0,7.54433,1936.0,1956.0,1978.0,2006.0,2044.0,2047.0,1929.0,2061.0,1484.0,1273.0,1969.57,43.91,2001.0,47.97,1953.2,153.2,1653.83,319.5,1519.22,323.31,-0.02405,-0.07833,-0.02042,0.24184,1123.0,1145.0,1136.0,914.0,907.0,894.0,535.0,539.0,559.0,-0.39136,-0.92024,0.72029,0.69368,14,2013-08-14,20,2021.0,0.06702,train
2013-07-26,bci_value,1873.0,7.5353,1890.0,1936.0,1956.0,1987.0,2034.0,2058.0,1977.0,2120.0,1537.0,1279.0,1946.57,46.24,1993.57,58.1,1964.4,133.37,1663.73,316.93,1525.64,324.53,-0.00904,-0.08246,-0.05404,0.19771,1104.0,1123.0,1153.0,917.0,914.0,895.0,534.0,535.0,556.0,-0.40713,-0.91337,0.74372,0.66849,14,2013-08-15,20,2099.0,0.11392,train
2013-07-29,bci_value,1864.0,7.53048,1873.0,1890.0,1936.0,1978.0,2006.0,2052.0,2012.0,2165.0,1588.0,1322.0,1926.29,46.86,1983.0,66.62,1973.6,115.39,1672.77,314.77,1532.02,325.47,-0.00482,-0.07342,-0.0764,0.16025,1090.0,1104.0,1165.0,917.0,917.0,894.0,534.0,534.0,550.0,-0.4537,-0.89115,0.80864,0.58831,14,2013-08-16,18,2112.0,0.12491,train
2013-07-30,bci_value,1856.0,7.52618,1864.0,1873.0,1890.0,1956.0,1987.0,2044.0,2037.0,2176.0,1674.0,1344.0,1907.57,45.0,1970.07,72.22,1979.67,103.67,1681.3,312.68,1538.27,326.24,-0.0043,-0.0682,-0.09305,0.10321,1075.0,1090.0,1172.0,919.0,917.0,897.0,532.0,534.0,544.0,-0.46897,-0.88322,0.8284,0.56014,14,2013-08-19,20,2140.0,0.14238,train
2013-07-31,bci_value,1881.0,7.53956,1856.0,1864.0,1873.0,1936.0,1978.0,2034.0,2047.0,2134.0,1757.0,1393.0,1893.71,35.0,1958.21,72.24,1983.8,96.97,1689.43,311.42,1544.83,327.12,0.01338,-0.05028,-0.08457,0.0682,1057.0,1075.0,1170.0,916.0,919.0,898.0,531.0,532.0,541.0,-0.48409,-0.87502,0.84717,0.53132,14,2013-08-20,20,2218.0,0.1648,train
2013-08-01,bci_value,1935.0,7.56786,1881.0,1856.0,1864.0,1890.0,1956.0,2006.0,2058.0,2020.0,1792.0,1408.0,1890.71,30.09,1949.43,66.85,1988.57,90.73,1698.22,310.79,1552.07,328.47,0.0283,-0.01079,-0.06163,0.07678,1041.0,1057.0,1159.0,912.0,916.0,902.0,530.0,531.0,539.0,-0.49907,-0.86656,0.86495,0.50186,14,2013-08-21,20,2268.0,0.15879,train
2013-08-02,bci_value,1950.0,7.57558,1935.0,1881.0,1856.0,1873.0,1936.0,1987.0,2052.0,1936.0,1822.0,1398.0,1892.71,33.33,1942.14,60.53,1992.83,85.67,1707.42,309.93,1559.47,329.84,0.00772,0.00721,-0.05099,0.06789,1021.0,1041.0,1145.0,909.0,912.0,907.0,529.0,530.0,539.0,-0.5139,-0.85785,0.8817,0.47181,14,2013-08-22,20,2284.0,0.1581,train
2013-08-05,bci_value,1939.0,7.56993,1950.0,1935.0,1881.0,1864.0,1890.0,1978.0,2044.0,1929.0,1912.0,1382.0,1899.71,36.97,1934.64,53.55,1993.73,84.95,1716.7,308.38,1566.84,330.82,-0.00566,0.0256,-0.05274,0.01402,1009.0,1021.0,1123.0,908.0,909.0,914.0,527.0,529.0,535.0,-0.55747,-0.8302,0.92562,0.37846,14,2013-08-23,18,2312.0,0.17594,train
2013-08-06,bci_value,1907.0,7.55329,1939.0,1950.0,1935.0,1856.0,1873.0,1956.0,2034.0,1977.0,1959.0,1370.0,1904.57,35.34,1925.57,46.2,1992.0,86.17,1725.65,305.98,1574.06,331.09,-0.01664,0.01799,-0.06447,-0.0269,992.0,1009.0,1104.0,908.0,908.0,917.0,526.0,527.0,534.0,-0.57167,-0.82049,0.93809,0.34639,14,2013-08-27,21,2335.0,0.20248,train
2013-08-07,bci_value,1853.0,7.52456,1907.0,1939.0,1950.0,1881.0,1864.0,1936.0,2006.0,2012.0,2061.0,1360.0,1903.0,37.3,1914.64,43.92,1985.07,88.67,1733.87,302.65,1580.77,330.55,-0.02873,-0.00592,-0.07934,-0.10639,977.0,992.0,1090.0,907.0,908.0,917.0,525.0,526.0,534.0,-0.5857,-0.81053,0.94945,0.31392,14,2013-08-28,21,2284.0,0.20912,train
2013-08-08,bci_value,1829.0,7.51152,1853.0,1907.0,1939.0,1935.0,1856.0,1890.0,1987.0,2037.0,2120.0,1338.0,1899.14,42.93,1903.36,44.18,1975.37,89.29,1742.05,298.44,1587.43,329.44,-0.01304,-0.01465,-0.08286,-0.14765,962.0,977.0,1075.0,911.0,907.0,919.0,522.0,525.0,532.0,-0.59955,-0.80034,0.95969,0.28108,14,2013-08-29,21,2256.0,0.20982,train
2013-08-09,bci_value,1813.0,7.50274,1829.0,1853.0,1907.0,1950.0,1881.0,1873.0,1978.0,2047.0,2165.0,1334.0,1889.43,52.55,1891.57,44.7,1963.63,86.69,1750.03,293.79,1594.14,327.81,-0.00879,-0.03682,-0.0871,-0.17744,948.0,962.0,1057.0,913.0,911.0,916.0,521.0,522.0,531.0,-0.61323,-0.7899,0.96879,0.2479,14,2013-08-30,21,2243.0,0.21283,train
2013-08-12,bci_value,1805.0,7.49832,1813.0,1829.0,1853.0,1939.0,1935.0,1864.0,1956.0,2058.0,2176.0,1326.0,1870.86,56.02,1880.79,46.05,1951.27,81.84,1758.02,288.62,1600.77,325.97,-0.00442,-0.06955,-0.08034,-0.18693,940.0,948.0,1041.0,911.0,913.0,912.0,518.0,521.0,530.0,-0.65316,-0.75722,0.98917,0.14676,14,2013-09-02,21,2263.0,0.22613,train
2013-08-13,bci_value,1846.0,7.52078,1805.0,1813.0,1829.0,1907.0,1950.0,1856.0,1936.0,2052.0,2134.0,1317.0,1856.0,45.95,1874.36,44.14,1941.67,76.56,1766.83,283.04,1607.78,324.38,0.02246,-0.05481,-0.0476,-0.14498,933.0,940.0,1021.0,910.0,911.0,909.0,516.0,518.0,529.0,-0.66609,-0.74587,0.99363,0.11265,14,2013-09-03,21,2344.0,0.23884,train
2013-08-14,bci_value,2021.0,7.61135,1846.0,1805.0,1813.0,1853.0,1939.0,1881.0,1890.0,2044.0,2020.0,1321.0,1867.71,69.85,1883.71,58.13,1941.7,76.6,1778.5,278.82,1616.64,324.65,0.09057,0.04142,0.06702,0.00049,928.0,933.0,1009.0,909.0,910.0,908.0,518.0,516.0,527.0,-0.67882,-0.7343,0.99692,0.07841,14,2013-09-04,21,2445.0,0.19045,train
2013-08-15,bci_value,2099.0,7.64922,2021.0,1846.0,1805.0,1829.0,1907.0,1935.0,1873.0,2034.0,1936.0,1333.0,1895.14,107.46,1899.86,80.13,1947.13,81.62,1791.27,275.65,1626.23,326.01,0.03787,0.09593,0.11392,0.08084,926.0,928.0,992.0,910.0,909.0,908.0,517.0,518.0,526.0,-0.69135,-0.72252,0.99903,0.04407,14,2013-09-05,21,2660.0,0.23687,train
2013-08-16,bci_value,2112.0,7.65539,2099.0,2021.0,1846.0,1813.0,1853.0,1950.0,1864.0,2006.0,1929.0,1339.0,1932.14,129.01,1917.57,96.07,1953.23,86.71,1804.15,272.25,1635.81,327.47,0.00617,0.13083,0.12491,0.09063,923.0,926.0,977.0,913.0,910.0,907.0,517.0,517.0,525.0,-0.70368,-0.71052,0.99995,0.00968,14,2013-09-06,21,2799.0,0.28163,train
2013-08-19,bci_value,2140.0,7.66856,2112.0,2099.0,2021.0,1805.0,1829.0,1939.0,1856.0,1987.0,1977.0,1350.0,1976.57,139.0,1937.86,109.91,1958.67,92.92,1817.32,269.05,1645.62,329.2,0.01317,0.15704,0.14238,0.07923,917.0,923.0,962.0,916.0,913.0,911.0,519.0,517.0,522.0,-0.73939,-0.67327,0.99563,-0.0934,14,2013-09-09,21,3113.0,0.37478,train
2013-08-20,bci_value,2218.0,7.70436,2140.0,2112.0,2099.0,1846.0,1813.0,1907.0,1881.0,1978.0,2012.0,1346.0,2034.43,143.11,1961.93,129.91,1965.53,103.6,1831.85,266.74,1656.21,332.1,0.0358,0.20162,0.1648,0.09748,912.0,917.0,948.0,917.0,916.0,913.0,520.0,519.0,521.0,-0.75086,-0.66046,0.99183,-0.12759,14,2013-09-10,21,3255.0,0.38359,train
2013-08-21,bci_value,2268.0,7.72665,2218.0,2140.0,2112.0,2021.0,1805.0,1853.0,1935.0,1956.0,2037.0,1348.0,2100.57,127.98,1985.71,151.49,1973.23,116.42,1847.18,264.92,1667.44,335.49,0.02229,0.22834,0.15879,0.10742,905.0,912.0,940.0,919.0,917.0,911.0,522.0,520.0,518.0,-0.76211,-0.64744,0.98685,-0.16164,14,2013-09-11,21,3431.0,0.41395,train
2013-08-22,bci_value,2284.0,7.73368,2268.0,2218.0,2140.0,2099.0,1846.0,1829.0,1950.0,1936.0,2047.0,1339.0,2163.14,89.51,2009.57,169.25,1981.13,128.57,1862.93,262.32,1678.92,338.7,0.00703,0.21291,0.1581,0.10955,904.0,905.0,933.0,920.0,919.0,910.0,525.0,522.0,516.0,-0.77314,-0.63424,0.98071,-0.19549,14,2013-09-12,21,3397.0,0.39696,train
2013-08-23,bci_value,2312.0,7.74587,2284.0,2268.0,2218.0,2112.0,2021.0,1813.0,1939.0,1890.0,2058.0,1336.0,2204.71,81.01,2036.21,184.7,1989.6,141.1,1879.2,259.39,1690.78,341.96,0.01218,0.13452,0.17594,0.11638,903.0,904.0,928.0,925.0,920.0,909.0,528.0,525.0,518.0,-0.78393,-0.62084,0.9734,-0.2291,14,2013-09-13,21,3446.0,0.3991,train
2013-08-27,bci_value,2335.0,7.75577,2312.0,2284.0,2268.0,2140.0,2099.0,1805.0,1907.0,1873.0,2052.0,1333.0,2238.43,79.08,2066.79,195.86,1999.03,153.84,1895.9,255.92,1702.97,345.14,0.0099,0.10655,0.20248,0.1292,904.0,903.0,926.0,927.0,925.0,910.0,531.0,528.0,517.0,-0.82477,-0.56548,0.93277,-0.36047,14,2013-09-16,20,3480.0,0.39902,train
2013-08-28,bci_value,2284.0,7.73368,2335.0,2312.0,2284.0,2218.0,2112.0,1846.0,1853.0,1864.0,2044.0,1338.0,2263.0,60.53,2097.57,193.7,2007.03,162.0,1911.67,250.14,1714.63,346.84,-0.02208,0.07829,0.20912,0.11102,901.0,904.0,923.0,929.0,927.0,913.0,531.0,531.0,517.0,-0.83437,-0.5512,0.91982,-0.39235,14,2013-09-17,20,3691.0,0.47997,train
2013-08-29,bci_value,2256.0,7.72135,2284.0,2335.0,2312.0,2268.0,2140.0,2021.0,1829.0,1856.0,2034.0,1335.0,2279.57,35.14,2128.07,182.29,2014.43,168.02,1927.02,242.42,1726.03,347.58,-0.01233,0.05279,0.20982,0.10359,904.0,901.0,917.0,934.0,929.0,916.0,530.0,531.0,519.0,-0.84373,-0.53677,0.90578,-0.42375,14,2013-09-18,20,3838.0,0.53136,train
2013-08-30,bci_value,2243.0,7.71557,2256.0,2284.0,2335.0,2284.0,2218.0,2099.0,1813.0,1881.0,2006.0,1344.0,2283.14,29.52,2158.79,161.68,2022.33,172.94,1942.0,233.54,1737.4,347.57,-0.00578,0.01121,0.21283,0.11167,907.0,904.0,912.0,937.0,934.0,917.0,531.0,530.0,520.0,-0.85284,-0.52218,0.89066,-0.45466,14,2013-09-19,20,3924.0,0.5593,train
2013-09-02,bci_value,2263.0,7.72445,2243.0,2256.0,2284.0,2312.0,2268.0,2112.0,1805.0,1935.0,1987.0,1352.0,2282.43,29.94,2191.5,130.02,2031.53,178.08,1957.18,224.11,1749.06,347.41,0.00888,-0.00221,0.22613,0.13007,912.0,907.0,905.0,939.0,937.0,919.0,534.0,531.0,522.0,-0.87864,-0.47749,0.83908,-0.54401,14,2013-09-20,18,4018.0,0.57409,train
2013-09-03,bci_value,2344.0,7.75961,2263.0,2243.0,2256.0,2335.0,2284.0,2140.0,1846.0,1950.0,1978.0,1359.0,2291.0,36.93,2227.07,93.67,2043.73,186.34,1973.6,215.61,1761.54,348.37,0.03517,0.02593,0.23884,0.16977,921.0,912.0,904.0,939.0,939.0,920.0,534.0,534.0,525.0,-0.88672,-0.4623,0.81987,-0.57255,14,2013-09-23,20,4111.0,0.56181,train
2013-09-04,bci_value,2445.0,7.8018,2344.0,2263.0,2243.0,2284.0,2312.0,2218.0,2021.0,1939.0,1956.0,1379.0,2310.0,65.79,2257.36,90.64,2060.03,198.91,1991.37,209.72,1774.87,351.32,0.04219,0.05593,0.19045,0.22314,933.0,921.0,903.0,939.0,939.0,925.0,535.0,534.0,528.0,-0.89454,-0.44698,0.79969,-0.60041,14,2013-09-24,20,4253.0,0.55358,train
2013-09-05,bci_value,2660.0,7.88608,2445.0,2344.0,2263.0,2256.0,2335.0,2268.0,2099.0,1907.0,1936.0,1427.0,2356.43,139.94,2297.43,128.06,2084.17,224.65,2011.92,213.78,1790.42,359.08,0.08428,0.13031,0.23687,0.3177,961.0,933.0,904.0,943.0,939.0,927.0,534.0,535.0,531.0,-0.9021,-0.43153,0.77856,-0.62756,14,2013-09-25,20,4329.0,0.48701,train
2013-09-06,bci_value,2799.0,7.93702,2660.0,2445.0,2344.0,2243.0,2284.0,2284.0,2112.0,1853.0,1890.0,1484.0,2430.0,203.48,2346.5,171.77,2114.47,255.59,2033.83,225.61,1807.38,370.11,0.05094,0.20333,0.28163,0.39269,1020.0,961.0,901.0,952.0,943.0,929.0,537.0,534.0,531.0,-0.90939,-0.41595,0.75652,-0.65397,14,2013-09-26,20,4193.0,0.40415,train
2013-09-09,bci_value,3113.0,8.04334,2799.0,2660.0,2445.0,2263.0,2256.0,2312.0,2140.0,1829.0,1873.0,1537.0,2552.43,297.88,2416.0,252.18,2155.8,308.08,2060.1,255.94,1827.76,390.39,0.10632,0.32199,0.37478,0.50805,1105.0,1020.0,904.0,959.0,952.0,934.0,540.0,537.0,530.0,-0.92963,-0.36848,0.68511,-0.72844,14,2013-09-27,18,3967.0,0.24242,train
2013-09-10,bci_value,3255.0,8.08795,3113.0,2799.0,2660.0,2344.0,2243.0,2335.0,2218.0,1813.0,1864.0,1588.0,2697.0,353.08,2490.07,324.94,2202.17,360.83,2087.88,291.23,1849.23,414.41,0.04461,0.37238,0.38359,0.55747,1186.0,1105.0,907.0,965.0,959.0,937.0,542.0,540.0,531.0,-0.93583,-0.35244,0.65965,-0.75157,14,2013-09-30,20,3853.0,0.16866,train
2013-09-11,bci_value,3431.0,8.14061,3255.0,3113.0,2799.0,2445.0,2263.0,2284.0,2268.0,1805.0,1856.0,1674.0,2863.86,383.25,2573.14,398.0,2254.67,416.87,2117.17,333.42,1872.42,442.9,0.05266,0.41616,0.41395,0.61443,1241.0,1186.0,912.0,958.0,965.0,939.0,543.0,542.0,534.0,-0.94176,-0.33629,0.63341,-0.77382,14,2013-10-01,20,3816.0,0.10635,train
2013-09-12,bci_value,3397.0,8.13065,3431.0,3255.0,3113.0,2660.0,2344.0,2256.0,2284.0,1846.0,1881.0,1757.0,3014.29,355.32,2652.64,441.13,2305.2,458.34,2144.5,368.19,1894.69,467.91,-0.00996,0.37103,0.39696,0.59109,1278.0,1241.0,921.0,954.0,958.0,939.0,545.0,543.0,534.0,-0.9474,-0.32004,0.60641,-0.79515,14,2013-10-02,20,3810.0,0.11474,train
2013-09-13,bci_value,3446.0,8.14497,3397.0,3431.0,3255.0,2799.0,2445.0,2243.0,2312.0,2021.0,1935.0,1792.0,3157.29,293.48,2733.64,474.03,2355.57,496.33,2172.07,401.2,1917.33,492.48,0.01432,0.34317,0.3991,0.57711,1306.0,1278.0,933.0,946.0,954.0,939.0,544.0,545.0,535.0,-0.95277,-0.3037,0.5787,-0.81554,14,2013-10-03,20,3878.0,0.11811,train
2013-09-16,bci_value,3480.0,8.15479,3446.0,3397.0,3431.0,3113.0,2660.0,2263.0,2335.0,2099.0,1950.0,1822.0,3274.43,227.94,2815.43,496.44,2406.57,529.54,2199.7,432.05,1940.47,515.88,0.00982,0.26871,0.39902,0.5792,1321.0,1306.0,961.0,940.0,946.0,943.0,547.0,544.0,534.0,-0.96717,-0.25414,0.4916,-0.87082,14,2013-10-04,18,3943.0,0.12491,train
2013-09-17,bci_value,3691.0,8.21365,3480.0,3446.0,3397.0,3255.0,2799.0,2344.0,2284.0,2112.0,1939.0,1912.0,3401.86,167.99,2915.93,520.52,2464.97,569.83,2229.35,470.61,1966.12,544.11,0.05887,0.27664,0.47997,0.64373,1349.0,1321.0,1020.0,936.0,940.0,952.0,548.0,547.0,537.0,-0.9714,-0.23747,0.46135,-0.88722,14,2013-10-07,20,4020.0,0.08538,train
2013-09-18,bci_value,3838.0,8.25271,3691.0,3480.0,3446.0,3431.0,3113.0,2445.0,2256.0,2140.0,1907.0,1959.0,3505.43,180.96,3028.93,536.46,2529.33,610.76,2260.67,512.26,1993.54,574.71,0.03905,0.20936,0.53136,0.69942,1385.0,1349.0,1105.0,934.0,936.0,959.0,549.0,548.0,540.0,-0.97534,-0.22072,0.43056,-0.90256,14,2013-10-08,20,4085.0,0.06237,train
2013-09-19,bci_value,3924.0,8.27487,3838.0,3691.0,3480.0,3397.0,3255.0,2660.0,2243.0,2218.0,1853.0,2061.0,3601.0,199.21,3149.0,535.24,2598.37,646.41,2291.72,553.98,2022.03,605.33,0.02216,0.18692,0.5593,0.75031,1415.0,1385.0,1186.0,942.0,934.0,965.0,554.0,549.0,542.0,-0.97899,-0.20391,0.39926,-0.91684,14,2013-10-09,20,3959.0,0.00888,train
2013-09-20,bci_value,4018.0,8.29854,3924.0,3838.0,3691.0,3446.0,3431.0,2799.0,2263.0,2268.0,1829.0,2120.0,3684.86,231.01,3274.36,518.3,2671.33,678.21,2323.35,595.87,2051.81,636.09,0.02367,0.15793,0.57409,0.78701,1453.0,1415.0,1241.0,951.0,942.0,958.0,558.0,554.0,543.0,-0.98235,-0.18704,0.36748,-0.93003,14,2013-10-10,20,3621.0,-0.10403,train
2013-09-23,bci_value,4111.0,8.32142,4018.0,3924.0,3838.0,3480.0,3397.0,3113.0,2344.0,2284.0,1813.0,2165.0,3786.86,238.88,3400.57,490.79,2747.93,706.14,2355.78,637.85,2082.67,667.11,0.02288,0.19077,0.56181,0.81868,1509.0,1453.0,1278.0,964.0,951.0,954.0,561.0,558.0,545.0,-0.99069,-0.13612,0.26971,-0.96294,14,2013-10-11,18,3527.0,-0.15322,train
2013-09-24,bci_value,4253.0,8.35538,4111.0,4018.0,3924.0,3691.0,3446.0,3255.0,2445.0,2312.0,1805.0,2176.0,3902.14,241.28,3529.71,459.21,2829.53,733.38,2390.4,681.99,2115.19,699.97,0.03396,0.21041,0.55358,0.85706,1602.0,1509.0,1306.0,971.0,964.0,946.0,567.0,561.0,544.0,-0.99289,-0.11906,0.23642,-0.97165,14,2013-10-14,20,3455.0,-0.2078,train
2013-09-25,bci_value,4329.0,8.37309,4253.0,4111.0,4018.0,3838.0,3480.0,3431.0,2660.0,2335.0,1846.0,2134.0,4023.43,209.95,3648.93,433.9,2912.3,757.43,2426.98,724.78,2148.66,732.27,0.01771,0.2183,0.48701,0.85232,1745.0,1602.0,1321.0,986.0,971.0,940.0,576.0,567.0,547.0,-0.99479,-0.10196,0.20286,-0.97921,14,2013-10-15,20,3469.0,-0.22147,train
2013-09-26,bci_value,4193.0,8.34117,4329.0,4253.0,4111.0,3924.0,3691.0,3397.0,2799.0,2284.0,2021.0,2020.0,4095.14,165.1,3748.5,384.58,2984.7,772.43,2463.2,757.11,2180.57,757.64,-0.03192,0.12752,0.40415,0.72982,1794.0,1745.0,1349.0,1012.0,986.0,936.0,585.0,576.0,548.0,-0.9964,-0.08483,0.16906,-0.98561,14,2013-10-16,20,3478.0,-0.18696,train
2013-09-27,bci_value,3967.0,8.28577,4193.0,4329.0,4253.0,4018.0,3838.0,3446.0,3113.0,2256.0,2099.0,1936.0,4113.57,140.77,3809.5,344.59,3046.97,773.81,2497.05,777.9,2209.83,775.01,-0.05541,0.03306,0.24242,0.63655,1800.0,1794.0,1385.0,1046.0,1012.0,934.0,594.0,585.0,549.0,-0.99771,-0.06768,0.13506,-0.99084,14,2013-10-17,20,3451.0,-0.13935,train
2013-09-30,bci_value,3853.0,8.25661,3967.0,4193.0,4329.0,4111.0,3924.0,3480.0,3255.0,2243.0,2112.0,1929.0,4103.43,155.82,3852.21,308.37,3105.0,766.77,2529.12,793.33,2237.77,788.31,-0.02916,-0.01826,0.16866,0.60122,1795.0,1800.0,1415.0,1069.0,1046.0,942.0,597.0,594.0,554.0,-0.99987,-0.01613,0.03225,-0.99948,14,2013-10-18,18,3264.0,-0.1659,train
2013-10-01,bci_value,3816.0,8.24696,3853.0,3967.0,4193.0,4253.0,4018.0,3691.0,3431.0,2263.0,2140.0,1977.0,4074.57,184.95,3879.71,285.93,3160.87,755.4,2559.77,806.81,2265.17,799.75,-0.00965,-0.05158,0.10635,0.5784,1786.0,1795.0,1453.0,1079.0,1069.0,951.0,597.0,597.0,558.0,-1.0,0.00108,-0.00215,-1.0,14,2013-10-21,20,3200.0,-0.17605,train
2013-10-02,bci_value,3810.0,8.24538,3816.0,3853.0,3967.0,4329.0,4111.0,3838.0,3397.0,2344.0,2218.0,2012.0,4031.57,205.35,3909.21,254.14,3213.93,743.11,2589.73,819.21,2292.54,809.93,-0.00157,-0.07604,0.11474,0.54102,1813.0,1786.0,1509.0,1087.0,1079.0,964.0,599.0,597.0,561.0,-0.99983,0.01828,-0.03655,-0.99933,14,2013-10-22,20,3110.0,-0.20301,train
2013-10-03,bci_value,3878.0,8.26307,3810.0,3816.0,3853.0,4193.0,4253.0,3924.0,3446.0,2445.0,2268.0,2037.0,3978.0,188.85,3940.07,219.95,3267.6,730.9,2620.42,832.3,2320.66,820.5,0.01769,-0.09231,0.11811,0.53642,1862.0,1813.0,1602.0,1093.0,1087.0,971.0,602.0,599.0,567.0,-0.99937,0.03547,-0.0709,-0.99748,14,2013-10-23,20,2943.0,-0.27589,train
2013-10-04,bci_value,3943.0,8.2797,3878.0,3810.0,3816.0,3967.0,4329.0,4018.0,3480.0,2660.0,2284.0,2047.0,3922.86,123.28,3973.14,179.35,3322.9,717.02,2652.02,845.82,2349.59,831.21,0.01662,-0.09339,0.12491,0.54601,1914.0,1862.0,1745.0,1101.0,1093.0,986.0,609.0,602.0,576.0,-0.99861,0.05266,-0.10517,-0.99445,14,2013-10-24,20,2775.0,-0.35129,train
2013-10-07,bci_value,4020.0,8.29904,3943.0,3878.0,3810.0,3853.0,4193.0,4111.0,3691.0,2799.0,2312.0,2058.0,3898.14,74.22,3996.64,161.51,3379.83,702.14,2684.72,860.03,2379.41,842.38,0.01934,-0.04213,0.08538,0.55317,1947.0,1914.0,1794.0,1113.0,1101.0,1012.0,618.0,609.0,585.0,-0.99457,0.1041,-0.20707,-0.97833,14,2013-10-25,18,2681.0,-0.40509,train
2013-10-08,bci_value,4085.0,8.31508,4020.0,3943.0,3878.0,3816.0,3967.0,4253.0,3838.0,3113.0,2335.0,2052.0,3915.0,97.65,4014.29,156.63,3438.17,685.41,2718.6,874.36,2409.99,853.72,0.01604,0.02931,0.06237,0.55931,1989.0,1947.0,1800.0,1127.0,1113.0,1046.0,622.0,618.0,594.0,-0.99263,0.12119,-0.2406,-0.97062,14,2013-10-28,20,2526.0,-0.48068,train
2013-10-09,bci_value,3959.0,8.28375,4085.0,4020.0,3943.0,3810.0,3853.0,4329.0,3924.0,3255.0,2284.0,2044.0,3930.14,95.04,4016.79,155.45,3494.0,656.74,2750.52,884.05,2439.11,861.32,-0.03133,0.02714,0.00888,0.55006,2016.0,1989.0,1795.0,1145.0,1127.0,1069.0,629.0,622.0,597.0,-0.9904,0.13825,-0.27385,-0.96177,14,2013-10-29,20,2340.0,-0.52584,train
2013-10-10,bci_value,3621.0,8.19451,3959.0,4085.0,4020.0,3878.0,3816.0,4193.0,4018.0,3431.0,2256.0,2034.0,3902.29,141.59,3988.43,185.87,3539.5,615.38,2776.97,885.95,2464.51,862.09,-0.08924,-0.05245,-0.10403,0.47316,2027.0,2016.0,1786.0,1162.0,1145.0,1079.0,630.0,629.0,597.0,-0.98787,0.15527,-0.30677,-0.95178,14,2013-10-30,20,2164.0,-0.51479,train
2013-10-11,bci_value,3527.0,8.1682,3621.0,3959.0,4085.0,3943.0,3810.0,3967.0,4111.0,3397.0,2243.0,2006.0,3861.86,193.18,3946.71,216.66,3582.3,566.42,2802.32,885.29,2488.77,860.94,-0.0263,-0.07718,-0.15322,0.45263,2024.0,2027.0,1813.0,1175.0,1162.0,1087.0,632.0,630.0,599.0,-0.98506,0.17224,-0.33932,-0.94067,14,2013-10-31,20,2245.0,-0.45174,train
2013-10-14,bci_value,3455.0,8.14758,3527.0,3621.0,3959.0,4020.0,3878.0,3853.0,4253.0,3446.0,2263.0,1987.0,3801.43,239.33,3889.71,232.95,3622.03,511.64,2826.78,882.7,2512.13,858.3,-0.02063,-0.1155,-0.2078,0.42313,2020.0,2024.0,1862.0,1182.0,1175.0,1093.0,634.0,632.0,602.0,-0.97486,0.22282,-0.43444,-0.9007,14,2013-11-01,18,2316.0,-0.39998,train
2013-10-15,bci_value,3469.0,8.15162,3455.0,3527.0,3621.0,4085.0,3943.0,3816.0,4329.0,3480.0,2344.0,1978.0,3733.71,256.15,3828.29,222.15,3659.53,454.65,2851.63,879.44,2535.58,855.29,0.00404,-0.12808,-0.22147,0.39201,2021.0,2020.0,1914.0,1185.0,1182.0,1101.0,637.0,634.0,609.0,-0.97088,0.23956,-0.46516,-0.88523,14,2013-11-04,20,2400.0,-0.3684,train
2013-10-16,bci_value,3478.0,8.15421,3469.0,3455.0,3527.0,3959.0,4020.0,3810.0,4193.0,3691.0,2445.0,1956.0,3656.29,239.28,3777.21,214.49,3693.97,396.79,2877.0,875.18,2558.9,852.05,0.00259,-0.14482,-0.18696,0.35241,2030.0,2021.0,1947.0,1186.0,1185.0,1113.0,634.0,637.0,618.0,-0.96662,0.25622,-0.49534,-0.8687,14,2013-11-05,20,2553.0,-0.30919,train
2013-10-17,bci_value,3451.0,8.14642,3478.0,3469.0,3455.0,3621.0,4085.0,3878.0,3967.0,3838.0,2660.0,1936.0,3565.71,169.74,3740.36,222.88,3720.33,350.83,2902.25,869.5,2581.39,848.58,-0.00779,-0.16866,-0.13935,0.26034,2059.0,2030.0,1989.0,1199.0,1186.0,1127.0,632.0,634.0,622.0,-0.96207,0.27281,-0.52493,-0.85115,14,2013-11-06,20,2554.0,-0.301,train
2013-10-18,bci_value,3264.0,8.09071,3451.0,3478.0,3469.0,3527.0,3959.0,3943.0,3853.0,3924.0,2799.0,1890.0,3466.43,99.32,3698.29,251.41,3735.83,318.57,2925.15,860.59,2601.17,843.5,-0.05571,-0.19304,-0.1659,0.15369,2060.0,2059.0,2016.0,1206.0,1199.0,1145.0,634.0,632.0,629.0,-0.95723,0.28932,-0.55389,-0.83259,14,2013-11-07,20,2533.0,-0.25355,train
2013-10-21,bci_value,3200.0,8.07091,3264.0,3451.0,3478.0,3455.0,3621.0,4020.0,3816.0,4018.0,3113.0,1873.0,3406.29,113.9,3654.29,279.31,3738.73,313.24,2947.27,850.26,2619.64,838.19,-0.0198,-0.1236,-0.17605,0.02756,2054.0,2060.0,2027.0,1213.0,1206.0,1162.0,635.0,634.0,630.0,-0.94103,0.33831,-0.63673,-0.77109,14,2013-11-08,18,2514.0,-0.24128,train
2013-10-22,bci_value,3110.0,8.04238,3200.0,3264.0,3451.0,3469.0,3527.0,4085.0,3810.0,4111.0,3255.0,1864.0,3346.71,141.01,3604.29,308.13,3733.9,321.67,2968.03,838.68,2636.56,832.54,-0.02853,-0.12582,-0.20301,-0.04557,2038.0,2054.0,2024.0,1221.0,1213.0,1175.0,636.0,635.0,632.0,-0.93507,0.35445,-0.66288,-0.74873,14,2013-11-11,20,2506.0,-0.21593,train
2013-10-23,bci_value,2943.0,7.98718,3110.0,3200.0,3264.0,3478.0,3455.0,3959.0,3878.0,4253.0,3431.0,1856.0,3273.57,190.11,3537.5,341.13,3717.63,347.85,2986.15,826.11,2650.66,826.84,-0.05519,-0.16039,-0.27589,-0.15342,2010.0,2038.0,2020.0,1228.0,1221.0,1182.0,639.0,636.0,634.0,-0.92884,0.37048,-0.68824,-0.72549,14,2013-11-12,20,2473.0,-0.174,train
2013-10-24,bci_value,2775.0,7.92841,2943.0,3110.0,3200.0,3451.0,3469.0,3621.0,3943.0,4329.0,3397.0,1881.0,3174.43,237.42,3454.07,373.08,3696.9,383.1,3001.05,814.02,2661.97,821.49,-0.05878,-0.22322,-0.35129,-0.20224,1959.0,2010.0,2021.0,1243.0,1228.0,1185.0,644.0,639.0,637.0,-0.92233,0.38641,-0.71279,-0.70138,14,2013-11-13,20,2455.0,-0.12252,train
2013-10-25,bci_value,2681.0,7.89395,2775.0,2943.0,3110.0,3264.0,3478.0,3527.0,4020.0,4193.0,3446.0,1935.0,3060.57,254.99,3358.43,387.11,3671.4,422.39,3013.48,803.27,2671.84,816.29,-0.03446,-0.26027,-0.40509,-0.25102,1904.0,1959.0,2030.0,1252.0,1243.0,1186.0,649.0,644.0,634.0,-0.91555,0.40221,-0.73649,-0.67645,14,2013-11-14,20,2397.0,-0.11197,train
2013-10-28,bci_value,2526.0,7.83439,2681.0,2775.0,2943.0,3200.0,3451.0,3455.0,4085.0,3967.0,3480.0,1950.0,2928.43,258.08,3247.07,386.32,3639.6,468.95,3023.08,793.89,2679.67,811.47,-0.05955,-0.31203,-0.48068,-0.3204,1855.0,1904.0,2059.0,1258.0,1252.0,1199.0,653.0,649.0,632.0,-0.89358,0.44891,-0.80227,-0.59697,14,2013-11-15,18,2377.0,-0.0608,train
2013-10-29,bci_value,2340.0,7.75791,2526.0,2681.0,2775.0,3110.0,3264.0,3469.0,3959.0,3853.0,3691.0,1939.0,2796.43,287.33,3131.43,398.04,3594.57,523.54,3029.77,786.38,2684.42,808.21,-0.07649,-0.3328,-0.52584,-0.45575,1790.0,1855.0,2060.0,1260.0,1258.0,1206.0,656.0,653.0,634.0,-0.88572,0.46421,-0.82233,-0.56902,14,2013-11-18,20,2366.0,0.01105,train
2013-10-30,bci_value,2164.0,7.67971,2340.0,2526.0,2681.0,2943.0,3200.0,3478.0,3621.0,3816.0,3838.0,1907.0,2648.43,307.45,3027.36,444.23,3538.77,580.71,3034.05,780.94,2686.7,806.45,-0.07819,-0.39119,-0.51479,-0.57299,1716.0,1790.0,2054.0,1266.0,1260.0,1213.0,660.0,656.0,635.0,-0.87761,0.47938,-0.84141,-0.54039,14,2013-11-19,20,2366.0,0.08924,train
2013-10-31,bci_value,2245.0,7.71646,2164.0,2340.0,2526.0,2775.0,3110.0,3451.0,3527.0,3810.0,3924.0,1853.0,2524.86,268.46,2935.79,463.51,3482.8,620.44,3040.58,772.62,2688.74,805.09,0.03675,-0.32592,-0.45174,-0.55841,1667.0,1716.0,2038.0,1268.0,1266.0,1221.0,665.0,660.0,636.0,-0.86923,0.4944,-0.8595,-0.51113,14,2013-11-20,20,2511.0,0.11198,train
2013-11-01,bci_value,2316.0,7.7476,2245.0,2164.0,2340.0,2681.0,2943.0,3264.0,3455.0,3878.0,4018.0,1829.0,2435.29,212.85,2854.43,465.19,3426.07,646.19,3048.7,762.34,2690.92,803.81,0.03114,-0.23959,-0.39998,-0.55094,1631.0,1667.0,2010.0,1269.0,1268.0,1228.0,669.0,665.0,639.0,-0.8606,0.50928,-0.87658,-0.48126,14,2013-11-21,20,2447.0,0.05502,train
2013-11-04,bci_value,2400.0,7.78322,2316.0,2245.0,2164.0,2526.0,2775.0,3200.0,3469.0,3943.0,4111.0,1813.0,2381.71,161.63,2778.07,445.36,3369.03,658.6,3058.48,750.09,2693.53,802.48,0.03563,-0.14518,-0.3684,-0.5382,1612.0,1631.0,1959.0,1273.0,1269.0,1243.0,673.0,669.0,644.0,-0.83318,0.553,-0.9215,-0.38839,14,2013-11-22,18,2390.0,-0.00418,train
2013-11-05,bci_value,2553.0,7.84502,2400.0,2316.0,2245.0,2340.0,2681.0,3110.0,3478.0,4020.0,4253.0,1805.0,2363.43,131.09,2712.0,403.24,3312.37,653.22,3070.95,735.22,2697.72,800.75,0.0618,-0.04892,-0.30919,-0.51036,1617.0,1612.0,1904.0,1280.0,1273.0,1252.0,678.0,673.0,649.0,-0.82355,0.56725,-0.93431,-0.35646,14,2013-11-25,20,2391.0,-0.06556,train
2013-11-06,bci_value,2554.0,7.84542,2553.0,2400.0,2316.0,2164.0,2526.0,2943.0,3451.0,4085.0,4329.0,1846.0,2367.43,136.32,2647.93,348.25,3253.2,638.68,3082.75,721.01,2702.39,798.67,0.00039,0.01102,-0.301,-0.52768,1614.0,1617.0,1855.0,1285.0,1280.0,1258.0,681.0,678.0,653.0,-0.81367,0.58133,-0.94602,-0.32411,14,2013-11-26,20,2399.0,-0.06261,train
2013-11-07,bci_value,2533.0,7.83716,2554.0,2553.0,2400.0,2245.0,2340.0,2775.0,3264.0,3959.0,4193.0,2021.0,2395.0,147.07,2595.71,303.94,3197.87,626.66,3091.28,711.36,2708.09,795.61,-0.00826,0.07925,-0.25355,-0.50401,1594.0,1614.0,1790.0,1291.0,1285.0,1260.0,685.0,681.0,656.0,-0.80355,0.59524,-0.95661,-0.29138,14,2013-11-27,20,2496.0,-0.01471,train
2013-11-08,bci_value,2514.0,7.82963,2533.0,2554.0,2553.0,2316.0,2164.0,2681.0,3200.0,3621.0,3967.0,2099.0,2445.0,116.32,2546.71,253.72,3149.43,621.47,3098.2,703.66,2714.51,791.67,-0.00753,0.14992,-0.24128,-0.45614,1565.0,1594.0,1716.0,1305.0,1291.0,1266.0,690.0,685.0,660.0,-0.79319,0.60897,-0.96606,-0.2583,14,2013-11-28,20,2848.0,0.12474,train
2013-11-11,bci_value,2506.0,7.82644,2514.0,2533.0,2554.0,2400.0,2245.0,2526.0,3110.0,3527.0,3853.0,2112.0,2482.29,83.41,2503.57,199.92,3104.53,617.67,3104.77,696.22,2720.92,787.61,-0.00319,0.10998,-0.21593,-0.43016,1542.0,1565.0,1667.0,1315.0,1305.0,1268.0,692.0,690.0,665.0,-0.76072,0.64908,-0.98754,-0.15739,14,2013-11-29,18,3089.0,0.20916,train
2013-11-12,bci_value,2473.0,7.81319,2506.0,2514.0,2533.0,2553.0,2316.0,2340.0,2943.0,3455.0,3816.0,2140.0,2504.71,50.17,2470.0,158.48,3059.77,613.13,3110.32,689.81,2726.43,784.11,-0.01326,0.06559,-0.174,-0.43377,1510.0,1542.0,1631.0,1320.0,1315.0,1269.0,693.0,692.0,669.0,-0.74944,0.66207,-0.99237,-0.12333,14,2013-12-02,20,3194.0,0.25584,train
2013-11-13,bci_value,2455.0,7.80588,2473.0,2506.0,2514.0,2554.0,2400.0,2164.0,2775.0,3469.0,3810.0,2218.0,2512.57,35.24,2447.14,134.03,3014.6,606.07,3114.27,685.35,2731.36,781.0,-0.00731,0.02266,-0.12252,-0.4395,1474.0,1510.0,1612.0,1321.0,1320.0,1273.0,696.0,693.0,673.0,-0.73794,0.67486,-0.99602,-0.08912,14,2013-12-03,20,3316.0,0.30063,train
2013-11-14,bci_value,2397.0,7.78197,2455.0,2473.0,2506.0,2533.0,2553.0,2245.0,2681.0,3478.0,3878.0,2268.0,2490.29,49.19,2426.86,117.58,2965.23,593.93,3116.42,682.89,2735.36,778.35,-0.02391,-0.06305,-0.11197,-0.4811,1438.0,1474.0,1617.0,1325.0,1321.0,1280.0,699.0,696.0,678.0,-0.72622,0.68746,-0.9985,-0.05481,14,2013-12-04,20,3481.0,0.3731,train
2013-11-15,bci_value,2377.0,7.77359,2397.0,2455.0,2473.0,2514.0,2554.0,2316.0,2526.0,3451.0,3943.0,2284.0,2465.0,55.08,2416.21,114.84,2913.03,574.19,3117.97,681.1,2739.02,775.87,-0.00838,-0.07182,-0.0608,-0.5061,1409.0,1438.0,1614.0,1339.0,1325.0,1285.0,703.0,699.0,681.0,-0.71429,0.69985,-0.99979,-0.02043,14,2013-12-05,20,3843.0,0.48041,train
2013-11-18,bci_value,2366.0,7.76896,2377.0,2397.0,2455.0,2506.0,2533.0,2400.0,2340.0,3264.0,4020.0,2312.0,2441.14,56.61,2418.07,113.8,2857.9,543.86,3118.87,680.07,2742.44,773.53,-0.00464,-0.0682,0.01105,-0.53008,1382.0,1409.0,1594.0,1354.0,1339.0,1291.0,705.0,703.0,685.0,-0.67724,0.73576,-0.99658,0.08269,14,2013-12-06,18,3842.0,0.48479,train
2013-11-19,bci_value,2366.0,7.76896,2366.0,2377.0,2397.0,2473.0,2514.0,2553.0,2164.0,3200.0,4085.0,2335.0,2420.0,52.97,2432.5,91.24,2800.6,500.37,3119.38,679.49,2745.93,771.12,0.0,-0.06067,0.08924,-0.54612,1353.0,1382.0,1565.0,1360.0,1354.0,1305.0,708.0,705.0,690.0,-0.66448,0.7473,-0.99314,0.11692,14,2013-12-09,20,3831.0,0.48193,train
2013-11-20,bci_value,2511.0,7.82844,2366.0,2366.0,2377.0,2455.0,2506.0,2554.0,2245.0,3110.0,3959.0,2284.0,2420.71,54.14,2451.5,76.76,2752.33,453.99,3123.17,675.44,2751.12,767.94,0.05948,0.00199,0.11198,-0.45531,1346.0,1353.0,1542.0,1363.0,1360.0,1315.0,715.0,708.0,692.0,-0.65153,0.75862,-0.98853,0.15102,14,2013-12-10,20,4011.0,0.46836,train
2013-11-21,bci_value,2447.0,7.80262,2511.0,2366.0,2366.0,2397.0,2473.0,2533.0,2316.0,2943.0,3621.0,2256.0,2417.0,51.24,2460.86,67.04,2713.2,427.23,3126.35,671.79,2755.71,764.87,-0.02582,-0.01057,0.05502,-0.39189,1345.0,1346.0,1510.0,1371.0,1363.0,1320.0,721.0,715.0,693.0,-0.63838,0.76972,-0.98275,0.18493,14,2013-12-11,20,4210.0,0.5426,train
2013-11-22,bci_value,2390.0,7.77905,2447.0,2511.0,2366.0,2377.0,2455.0,2514.0,2400.0,2775.0,3527.0,2243.0,2407.71,49.37,2460.14,67.74,2675.3,403.11,3128.8,668.82,2759.98,761.74,-0.02357,-0.02683,-0.00418,-0.38915,1362.0,1345.0,1474.0,1378.0,1371.0,1321.0,728.0,721.0,696.0,-0.62505,0.78058,-0.97581,0.21863,14,2013-12-12,20,4291.0,0.58523,train
2013-11-25,bci_value,2391.0,7.77947,2390.0,2447.0,2511.0,2366.0,2397.0,2506.0,2553.0,2681.0,3455.0,2263.0,2406.86,49.6,2448.57,64.65,2639.83,379.04,3130.93,666.26,2764.47,758.35,0.00042,-0.00251,-0.06556,-0.36811,1387.0,1362.0,1438.0,1393.0,1378.0,1325.0,732.0,728.0,699.0,-0.58395,0.81179,-0.94809,0.318,14,2013-12-13,18,4246.0,0.57427,train
2013-11-26,bci_value,2399.0,7.78281,2391.0,2390.0,2447.0,2366.0,2377.0,2473.0,2554.0,2526.0,3469.0,2344.0,2410.0,48.29,2437.5,58.65,2604.17,348.44,3131.85,665.21,2769.14,754.78,0.00334,0.00921,-0.06261,-0.36881,1427.0,1387.0,1409.0,1404.0,1393.0,1339.0,737.0,732.0,703.0,-0.5699,0.82171,-0.93659,0.35043,14,2013-12-16,20,4065.0,0.52736,train
2013-11-27,bci_value,2496.0,7.82244,2399.0,2391.0,2390.0,2511.0,2366.0,2455.0,2533.0,2340.0,3478.0,2445.0,2428.57,52.6,2434.86,55.0,2571.43,308.67,3132.7,664.37,2775.14,750.42,0.03964,0.05349,-0.01471,-0.33177,1510.0,1427.0,1382.0,1418.0,1404.0,1354.0,745.0,737.0,705.0,-0.55568,0.83139,-0.92398,0.38244,14,2013-12-17,20,3818.0,0.42504,train
2013-11-28,bci_value,2848.0,7.95437,2496.0,2399.0,2391.0,2447.0,2366.0,2397.0,2514.0,2164.0,3451.0,2660.0,2497.43,150.33,2458.71,119.17,2551.33,267.65,3135.83,662.57,2785.28,745.16,0.13193,0.18542,0.12474,-0.19205,1613.0,1510.0,1353.0,1441.0,1418.0,1360.0,757.0,745.0,708.0,-0.5413,0.84083,-0.91028,0.41399,14,2013-12-18,20,3638.0,0.24482,train
2013-11-29,bci_value,3089.0,8.0356,2848.0,2496.0,2399.0,2390.0,2511.0,2377.0,2506.0,2245.0,3264.0,2799.0,2580.0,256.41,2500.36,201.7,2545.5,253.59,3140.67,661.15,2798.6,739.74,0.08123,0.20717,0.20916,-0.05511,1665.0,1613.0,1346.0,1458.0,1441.0,1363.0,764.0,757.0,715.0,-0.52675,0.85002,-0.8955,0.44506,14,2013-12-19,20,3596.0,0.15197,train
2013-12-02,bci_value,3194.0,8.06903,3089.0,2848.0,2496.0,2391.0,2447.0,2366.0,2473.0,2316.0,3200.0,3113.0,2686.71,325.1,2551.86,268.97,2545.3,253.08,3142.02,661.18,2813.28,734.31,0.03343,0.26641,0.25584,-0.00188,1695.0,1665.0,1345.0,1475.0,1458.0,1371.0,771.0,764.0,721.0,-0.48221,0.87606,-0.84488,0.53496,14,2013-12-20,18,3875.0,0.19327,train
2013-12-03,bci_value,3316.0,8.10651,3194.0,3089.0,2848.0,2399.0,2390.0,2366.0,2455.0,2400.0,3110.0,3255.0,2819.0,363.57,2613.36,331.06,2552.17,270.5,3143.03,661.4,2829.41,729.21,0.03749,0.32747,0.30063,0.06414,1741.0,1695.0,1362.0,1488.0,1475.0,1378.0,776.0,771.0,728.0,-0.46706,0.88422,-0.82598,0.5637,14,2013-12-23,20,3996.0,0.18653,train
2013-12-04,bci_value,3481.0,8.15507,3316.0,3194.0,3089.0,2496.0,2391.0,2511.0,2397.0,2553.0,2943.0,3431.0,2974.71,379.97,2690.79,392.47,2570.1,310.67,3143.87,661.79,2847.47,724.99,0.04856,0.37561,0.3731,0.16789,1795.0,1741.0,1387.0,1507.0,1488.0,1393.0,782.0,776.0,732.0,-0.45179,0.89213,-0.8061,0.59178,14,2013-12-24,20,4078.0,0.15829,train
2013-12-05,bci_value,3843.0,8.25401,3481.0,3316.0,3194.0,2848.0,2399.0,2447.0,2377.0,2554.0,2775.0,3397.0,3181.0,402.71,2795.5,480.48,2605.7,384.52,3151.3,667.08,2869.27,725.1,0.09893,0.4712,0.48041,0.3256,1867.0,1795.0,1427.0,1522.0,1507.0,1404.0,786.0,782.0,737.0,-0.43637,0.89977,-0.78527,0.61916,14,2014-01-02,28,3733.0,-0.02904,train
2013-12-06,bci_value,3842.0,8.25375,3843.0,3481.0,3316.0,3089.0,2496.0,2390.0,2366.0,2533.0,2681.0,3446.0,3373.29,347.25,2900.93,533.66,2644.4,443.98,3157.9,671.9,2890.46,725.35,-0.00026,0.4313,0.48479,0.3598,1923.0,1867.0,1510.0,1531.0,1522.0,1418.0,789.0,786.0,745.0,-0.42083,0.90714,-0.7635,0.6458,14,2014-01-03,28,3531.0,-0.08441,train
2013-12-09,bci_value,3831.0,8.25088,3842.0,3843.0,3481.0,3194.0,2848.0,2391.0,2366.0,2514.0,2526.0,3480.0,3513.71,302.28,3005.57,561.42,2687.9,491.62,3163.75,676.19,2911.36,725.05,-0.00287,0.29651,0.48193,0.41649,1955.0,1923.0,1613.0,1552.0,1531.0,1441.0,792.0,789.0,757.0,-0.37348,0.92764,-0.6929,0.72103,14,2014-01-06,28,3287.0,-0.15315,train
2013-12-10,bci_value,4011.0,8.2968,3831.0,3842.0,3843.0,3316.0,3089.0,2399.0,2511.0,2506.0,2340.0,3691.0,3645.43,289.11,3112.71,598.71,2743.6,541.21,3169.08,681.57,2934.38,726.71,0.04591,0.26119,0.46836,0.53889,1997.0,1955.0,1665.0,1557.0,1552.0,1458.0,796.0,792.0,764.0,-0.35746,0.93393,-0.66769,0.74444,14,2014-01-07,28,3017.0,-0.28478,train
2013-12-11,bci_value,4210.0,8.34522,4011.0,3831.0,3842.0,3481.0,3194.0,2496.0,2447.0,2473.0,2164.0,3838.0,3790.57,280.97,3238.64,630.03,2811.8,590.54,3175.28,689.28,2959.97,730.61,0.04842,0.27619,0.5426,0.6655,2050.0,1997.0,1695.0,1554.0,1557.0,1475.0,803.0,796.0,771.0,-0.34135,0.93994,-0.64169,0.76697,14,2014-01-08,28,2818.0,-0.40144,train
2013-12-12,bci_value,4291.0,8.36428,4210.0,4011.0,3831.0,3843.0,3316.0,2848.0,2390.0,2455.0,2245.0,3924.0,3929.86,251.28,3374.43,637.31,2880.0,637.43,3181.4,697.47,2987.06,734.26,0.01906,0.25776,0.58523,0.64781,2085.0,2050.0,1741.0,1560.0,1554.0,1488.0,810.0,803.0,776.0,-0.32513,0.94567,-0.61493,0.78858,14,2014-01-09,28,2500.0,-0.54023,train
2013-12-13,bci_value,4246.0,8.35373,4291.0,4210.0,4011.0,3842.0,3481.0,3089.0,2391.0,2397.0,2316.0,4018.0,4039.14,191.56,3506.93,611.38,2944.33,673.62,3185.2,702.62,3013.91,735.61,-0.01054,0.19866,0.57427,0.60614,2096.0,2085.0,1795.0,1562.0,1560.0,1507.0,814.0,810.0,782.0,-0.30881,0.95112,-0.58744,0.80927,14,2014-01-10,28,2101.0,-0.70356,train
2013-12-16,bci_value,4065.0,8.31017,4246.0,4291.0,4210.0,3831.0,3843.0,3194.0,2399.0,2377.0,2400.0,4111.0,4070.86,174.04,3625.93,542.4,2999.83,694.75,3184.43,701.64,3038.93,732.63,-0.04356,0.05616,0.52736,0.52695,2082.0,2096.0,1867.0,1553.0,1562.0,1522.0,817.0,814.0,786.0,-0.25934,0.96579,-0.50093,0.86549,14,2014-01-13,28,1857.0,-0.78345,train
2013-12-17,bci_value,3818.0,8.24748,4065.0,4246.0,4291.0,4011.0,3842.0,3316.0,2496.0,2366.0,2553.0,4253.0,4067.43,178.69,3720.36,443.53,3042.0,704.67,3177.18,692.75,3061.3,725.31,-0.06269,-0.00627,0.42504,0.40246,2025.0,2082.0,1923.0,1546.0,1553.0,1531.0,821.0,817.0,789.0,-0.24269,0.9701,-0.47086,0.88221,14,2014-01-14,28,1832.0,-0.73432,train
2013-12-18,bci_value,3638.0,8.19919,3818.0,4065.0,4246.0,4210.0,3831.0,3481.0,2848.0,2366.0,2554.0,4329.0,4039.86,222.55,3776.79,373.71,3078.13,706.51,3165.67,679.11,3081.21,716.21,-0.04829,-0.05169,0.24482,0.35377,1946.0,2025.0,1955.0,1541.0,1546.0,1552.0,820.0,821.0,792.0,-0.22596,0.97414,-0.44024,0.89788,14,2014-01-15,28,1862.0,-0.66978,train
2013-12-19,bci_value,3596.0,8.18758,3638.0,3818.0,4065.0,4291.0,4011.0,3843.0,3089.0,2511.0,2533.0,4193.0,3980.57,272.1,3813.0,326.94,3113.57,704.93,3155.72,668.28,3098.71,709.3,-0.01161,-0.10922,0.15197,0.35042,1883.0,1946.0,1997.0,1517.0,1541.0,1557.0,818.0,820.0,796.0,-0.20917,0.97788,-0.40909,0.91249,14,2014-01-16,28,1929.0,-0.62282,train
2013-12-20,bci_value,3875.0,8.2623,3596.0,3638.0,3818.0,4246.0,4210.0,3842.0,3194.0,2447.0,2514.0,3967.0,3932.71,256.55,3861.64,278.27,3158.93,708.67,3154.18,666.52,3118.44,705.91,0.07472,-0.08292,0.19327,0.43267,1858.0,1883.0,2050.0,1499.0,1517.0,1554.0,811.0,818.0,803.0,-0.19232,0.98133,-0.37746,0.92602,14,2014-01-17,28,2026.0,-0.64848,train
2013-12-23,bci_value,3996.0,8.29305,3875.0,3596.0,3638.0,4065.0,4291.0,3831.0,3316.0,2390.0,2506.0,3853.0,3890.57,215.12,3910.21,234.73,3208.6,713.37,3156.57,669.26,3139.38,703.69,0.03075,-0.07123,0.18653,0.46661,1835.0,1858.0,2085.0,1482.0,1499.0,1560.0,805.0,811.0,810.0,-0.14144,0.98995,-0.28004,0.95999,14,2014-01-20,28,2082.0,-0.65196,train
2013-12-24,bci_value,4078.0,8.31336,3996.0,3875.0,3596.0,3818.0,4246.0,4011.0,3481.0,2391.0,2473.0,3816.0,3866.57,180.76,3952.86,205.25,3262.1,716.37,3160.93,674.38,3160.91,702.43,0.02031,-0.04037,0.15829,0.50017,1825.0,1835.0,2096.0,1468.0,1482.0,1562.0,801.0,805.0,814.0,-0.12439,0.99223,-0.24686,0.96905,14,2014-01-21,28,1973.0,-0.72605,train
2014-01-02,bci_value,3733.0,8.22497,4078.0,3996.0,3875.0,3638.0,4065.0,4210.0,3843.0,2399.0,2455.0,3810.0,3819.14,165.37,3945.0,211.33,3304.7,705.02,3159.65,673.22,3177.74,697.77,-0.08839,-0.0852,-0.02904,0.41909,1780.0,1825.0,2082.0,1453.0,1468.0,1553.0,773.0,801.0,817.0,0.0344,0.99941,0.06876,0.99763,14,2014-01-22,20,1880.0,-0.68594,train
2014-01-03,bci_value,3531.0,8.16934,3733.0,4078.0,3996.0,3596.0,3818.0,4291.0,3842.0,2496.0,2397.0,3878.0,3778.14,193.72,3922.79,235.9,3342.5,685.47,3153.87,668.5,3191.78,692.01,-0.05563,-0.07815,-0.08441,0.38736,1750.0,1780.0,2025.0,1330.0,1453.0,1546.0,763.0,773.0,821.0,0.05158,0.99867,0.10303,0.99468,14,2014-01-23,20,1775.0,-0.68778,train
2014-01-06,bci_value,3287.0,8.09773,3531.0,3733.0,4078.0,3875.0,3638.0,4246.0,3831.0,2848.0,2377.0,3943.0,3728.0,258.2,3883.93,287.07,3372.83,661.8,3142.93,660.82,3202.92,685.34,-0.07161,-0.10146,-0.15315,0.32414,1724.0,1750.0,1946.0,1276.0,1330.0,1541.0,750.0,763.0,820.0,0.10303,0.99468,0.20497,0.97877,14,2014-01-24,18,1723.0,-0.64591,train
2014-01-07,bci_value,3017.0,8.01202,3287.0,3531.0,3733.0,3996.0,3596.0,4065.0,4011.0,3089.0,2366.0,4020.0,3645.29,359.94,3812.93,360.42,3394.53,638.7,3126.22,651.04,3210.76,679.11,-0.08571,-0.17556,-0.28478,0.24306,1692.0,1724.0,1883.0,1239.0,1276.0,1517.0,744.0,750.0,818.0,0.12013,0.99276,0.23851,0.97114,14,2014-01-27,20,1673.0,-0.58964,train
2014-01-08,bci_value,2818.0,7.94378,3017.0,3287.0,3531.0,4078.0,3875.0,3818.0,4210.0,3194.0,2366.0,4085.0,3494.29,443.83,3713.5,423.62,3409.6,619.3,3105.1,640.05,3216.12,674.06,-0.06824,-0.31852,-0.40144,0.17483,1672.0,1692.0,1858.0,1204.0,1239.0,1499.0,741.0,744.0,811.0,0.13719,0.99055,0.27178,0.96236,14,2014-01-28,20,1577.0,-0.5805,train
2014-01-09,bci_value,2500.0,7.82405,2818.0,3017.0,3287.0,3733.0,3996.0,3638.0,4291.0,3316.0,2511.0,3959.0,3280.57,506.54,3585.57,494.42,3409.23,619.83,3080.78,634.84,3218.52,671.12,-0.11974,-0.469,-0.54023,-0.00439,1645.0,1672.0,1835.0,1191.0,1204.0,1482.0,735.0,741.0,805.0,0.1542,0.98804,0.30472,0.95244,14,2014-01-29,20,1531.0,-0.49037,train
2014-01-10,bci_value,2101.0,7.65017,2500.0,2818.0,3017.0,3531.0,4078.0,3596.0,4246.0,3481.0,2447.0,3621.0,2998.14,533.61,3432.36,589.28,3397.7,640.5,3055.45,643.06,3216.8,673.78,-0.17388,-0.66319,-0.70356,-0.15245,1621.0,1645.0,1825.0,1188.0,1191.0,1468.0,730.0,735.0,801.0,0.17118,0.98524,0.3373,0.9414,14,2014-01-30,20,1527.0,-0.31911,train
2014-01-13,bci_value,1857.0,7.52672,2101.0,2500.0,2818.0,3287.0,3733.0,3875.0,4065.0,3843.0,2390.0,3527.0,2730.14,567.28,3274.64,686.34,3379.93,674.69,3027.62,658.01,3212.51,681.15,-0.12345,-0.69825,-0.78345,-0.25233,1598.0,1621.0,1780.0,1190.0,1188.0,1453.0,726.0,730.0,773.0,0.22177,0.9751,0.4325,0.90163,14,2014-01-31,18,1524.0,-0.19762,train
2014-01-14,bci_value,1832.0,7.51316,1857.0,2101.0,2500.0,3017.0,3531.0,3996.0,3818.0,3842.0,2391.0,3455.0,2487.43,535.26,3132.79,760.59,3361.3,708.61,3000.57,673.07,3207.72,689.28,-0.01355,-0.65617,-0.73432,-0.2663,1580.0,1598.0,1750.0,1191.0,1190.0,1330.0,725.0,726.0,763.0,0.23851,0.97114,0.46326,0.88622,14,2014-02-03,20,1516.0,-0.18933,train
2014-01-15,bci_value,1862.0,7.52941,1832.0,1857.0,2101.0,2818.0,3287.0,4078.0,3638.0,3831.0,2399.0,3469.0,2283.86,457.84,3005.93,812.11,3343.4,738.83,2973.78,685.75,3202.37,697.79,0.01624,-0.56832,-0.66978,-0.2534,1572.0,1580.0,1724.0,1189.0,1191.0,1276.0,724.0,725.0,750.0,0.25518,0.96689,0.49347,0.86976,14,2014-02-04,20,1513.0,-0.20756,train
2014-01-16,bci_value,1929.0,7.56476,1862.0,1832.0,1857.0,2500.0,3017.0,3733.0,3596.0,4011.0,2496.0,3478.0,2128.43,355.89,2886.86,838.64,3324.5,766.98,2947.97,695.38,3196.63,706.06,0.03535,-0.44726,-0.62282,-0.25769,1570.0,1572.0,1692.0,1182.0,1189.0,1239.0,722.0,724.0,744.0,0.27178,0.96236,0.52309,0.85227,14,2014-02-05,20,1544.0,-0.22263,train
2014-01-17,bci_value,2026.0,7.61382,1929.0,1862.0,1832.0,2101.0,2818.0,3531.0,3875.0,4210.0,2848.0,3451.0,2015.29,217.78,2754.79,817.97,3297.1,797.59,2924.22,702.09,3189.59,714.49,0.04906,-0.32996,-0.64848,-0.34055,1564.0,1570.0,1672.0,1175.0,1182.0,1204.0,719.0,722.0,741.0,0.28829,0.95754,0.5521,0.83378,14,2014-02-06,20,1575.0,-0.25181,train
2014-01-20,bci_value,2082.0,7.64108,2026.0,1929.0,1862.0,1857.0,2500.0,3287.0,3996.0,4291.0,3089.0,3264.0,1955.57,104.57,2618.07,756.75,3263.53,826.31,2904.52,708.83,3181.62,722.75,0.02727,-0.18296,-0.65196,-0.39452,1552.0,1564.0,1645.0,1165.0,1175.0,1191.0,719.0,719.0,735.0,0.3373,0.9414,0.63507,0.77246,14,2014-02-07,18,1588.0,-0.27085,train
2014-01-21,bci_value,1973.0,7.58731,2082.0,2026.0,1929.0,1832.0,2101.0,3017.0,4078.0,4246.0,3194.0,3200.0,1937.29,87.31,2467.71,653.86,3222.83,858.19,2884.07,717.66,3168.96,733.75,-0.05377,-0.06286,-0.72605,-0.48172,1530.0,1552.0,1621.0,1154.0,1165.0,1188.0,715.0,719.0,730.0,0.35344,0.93546,0.66126,0.75015,14,2014-02-10,20,1611.0,-0.2027,train
2014-01-22,bci_value,1880.0,7.53903,1973.0,2082.0,2026.0,1862.0,1857.0,2818.0,3733.0,4065.0,3316.0,3110.0,1940.57,84.61,2335.36,565.98,3174.97,891.07,2863.57,728.4,3153.68,746.01,-0.04828,0.01231,-0.68594,-0.56749,1496.0,1530.0,1598.0,1141.0,1154.0,1190.0,715.0,715.0,726.0,0.36948,0.92924,0.68668,0.72696,14,2014-02-11,20,1581.0,-0.17321,train
2014-01-23,bci_value,1775.0,7.48156,1880.0,1973.0,2082.0,1929.0,1832.0,2500.0,3531.0,3818.0,3481.0,2943.0,1932.43,96.57,2209.93,474.26,3118.1,923.57,2844.1,741.5,3135.28,759.25,-0.05747,-0.03161,-0.68778,-0.67352,1468.0,1496.0,1580.0,1130.0,1141.0,1191.0,715.0,715.0,725.0,0.38541,0.92274,0.71128,0.70291,14,2014-02-12,20,1548.0,-0.13684,train
2014-01-24,bci_value,1723.0,7.45182,1775.0,1880.0,1973.0,2026.0,1862.0,2101.0,3287.0,3638.0,3843.0,2775.0,1912.57,120.37,2098.21,382.77,3047.43,946.23,2826.57,755.24,3116.68,772.99,-0.02973,-0.07758,-0.64591,-0.80219,1437.0,1468.0,1572.0,1121.0,1130.0,1189.0,712.0,715.0,724.0,0.40123,0.91598,0.73503,0.67803,14,2014-02-13,20,1557.0,-0.10131,train
2014-01-27,bci_value,1673.0,7.42237,1723.0,1775.0,1880.0,2082.0,1929.0,1857.0,3017.0,3596.0,3842.0,2681.0,1876.0,145.98,2002.21,299.86,2975.13,965.43,2809.77,769.37,3096.98,786.81,-0.02945,-0.14238,-0.58964,-0.83137,1413.0,1437.0,1570.0,1112.0,1121.0,1182.0,708.0,712.0,722.0,0.44794,0.89406,0.80098,0.59869,14,2014-02-14,18,1554.0,-0.07379,train
2014-01-28,bci_value,1577.0,7.36328,1673.0,1723.0,1775.0,1973.0,2026.0,1832.0,2818.0,3875.0,3831.0,2526.0,1811.86,163.57,1913.57,217.8,2900.0,983.44,2793.95,784.65,3075.83,801.67,-0.05909,-0.25054,-0.5805,-0.8876,1387.0,1413.0,1564.0,1098.0,1112.0,1175.0,705.0,708.0,719.0,0.46326,0.88622,0.8211,0.57078,14,2014-02-17,20,1625.0,0.02998,train
2014-01-29,bci_value,1531.0,7.33368,1577.0,1673.0,1723.0,1880.0,2082.0,1862.0,2500.0,3996.0,4011.0,2340.0,1733.14,146.29,1844.36,168.93,2817.33,990.78,2780.47,799.15,3051.83,815.11,-0.0296,-0.30741,-0.49037,-0.96312,1369.0,1387.0,1552.0,1079.0,1098.0,1165.0,700.0,705.0,719.0,0.47843,0.87812,0.84025,0.5422,14,2014-02-18,20,1667.0,0.0851,train
2014-01-30,bci_value,1527.0,7.33106,1531.0,1577.0,1673.0,1775.0,1973.0,1929.0,2101.0,4078.0,4210.0,2164.0,1669.43,123.26,1803.36,171.3,2727.9,982.09,2769.85,811.4,3026.16,826.26,-0.00262,-0.25625,-0.31911,-1.01416,1347.0,1369.0,1530.0,1056.0,1079.0,1154.0,691.0,700.0,715.0,0.49347,0.86976,0.8584,0.51298,14,2014-02-19,20,1690.0,0.10142,train
2014-01-31,bci_value,1524.0,7.32909,1527.0,1531.0,1577.0,1723.0,1880.0,2026.0,1857.0,3733.0,4291.0,2245.0,1618.57,96.41,1779.57,184.79,2635.67,960.65,2757.83,824.32,2999.49,835.53,-0.00197,-0.20993,-0.19762,-1.03518,1337.0,1347.0,1496.0,1018.0,1056.0,1141.0,684.0,691.0,715.0,0.50836,0.86115,0.87554,0.48315,14,2014-02-20,20,1680.0,0.09746,train
2014-02-03,bci_value,1516.0,7.32383,1524.0,1527.0,1531.0,1673.0,1775.0,2082.0,1832.0,3531.0,4246.0,2316.0,1581.57,77.03,1757.0,195.97,2544.67,932.7,2744.5,837.72,2971.69,842.77,-0.00526,-0.15773,-0.18933,-1.0299,1326.0,1337.0,1468.0,996.0,1018.0,1130.0,682.0,684.0,715.0,0.5521,0.83378,0.92066,0.39037,14,2014-02-21,18,1701.0,0.11514,train
2014-02-04,bci_value,1513.0,7.32185,1516.0,1524.0,1527.0,1577.0,1723.0,1973.0,1862.0,3287.0,4065.0,2400.0,1551.57,53.36,1732.07,203.1,2459.6,906.16,2729.72,851.39,2942.82,847.73,-0.00198,-0.12997,-0.20756,-0.98832,1313.0,1326.0,1437.0,975.0,996.0,1121.0,681.0,682.0,712.0,0.56636,0.82416,0.93354,0.35847,14,2014-02-24,20,1707.0,0.12064,train
2014-02-05,bci_value,1544.0,7.34213,1513.0,1516.0,1524.0,1531.0,1673.0,1880.0,1929.0,3017.0,3818.0,2553.0,1533.14,20.24,1704.57,200.62,2383.8,884.2,2712.9,864.57,2912.72,848.77,0.02028,-0.08024,-0.22263,-0.90535,1307.0,1313.0,1413.0,961.0,975.0,1112.0,677.0,681.0,708.0,0.58045,0.81429,0.94532,0.32614,14,2014-02-25,20,1775.0,0.13942,train
2014-02-06,bci_value,1575.0,7.36201,1544.0,1513.0,1516.0,1527.0,1577.0,1775.0,2026.0,2818.0,3638.0,2554.0,1532.86,19.62,1672.36,181.74,2315.03,863.97,2696.58,876.57,2882.12,846.8,0.01988,-0.00127,-0.25181,-0.83718,1307.0,1307.0,1387.0,948.0,961.0,1098.0,676.0,677.0,705.0,0.59438,0.80419,0.95598,0.29343,14,2014-02-26,20,1912.0,0.19389,train
2014-02-07,bci_value,1588.0,7.37023,1575.0,1544.0,1513.0,1524.0,1531.0,1723.0,2082.0,2500.0,3596.0,2533.0,1541.0,27.43,1637.07,142.5,2248.1,839.58,2680.83,887.79,2853.18,846.02,0.00822,0.03655,-0.27085,-0.81735,1304.0,1307.0,1369.0,937.0,948.0,1079.0,674.0,676.0,700.0,0.60812,0.79384,0.96551,0.26038,14,2014-02-27,20,2049.0,0.25488,train
2014-02-10,bci_value,1611.0,7.38461,1588.0,1575.0,1544.0,1516.0,1527.0,1673.0,1973.0,2101.0,3875.0,2514.0,1553.0,35.79,1611.21,107.83,2172.63,790.25,2665.78,898.08,2827.0,847.6,0.01438,0.05355,-0.2027,-0.87769,1305.0,1304.0,1347.0,929.0,937.0,1056.0,669.0,674.0,691.0,0.64826,0.76142,0.9872,0.15951,14,2014-02-28,18,2084.0,0.25743,train
2014-02-11,bci_value,1581.0,7.36581,1611.0,1588.0,1575.0,1513.0,1524.0,1577.0,1880.0,1857.0,3996.0,2506.0,1561.14,34.73,1589.86,77.94,2092.13,720.32,2650.37,908.57,2801.76,850.5,-0.0188,0.03672,-0.17321,-0.92724,1322.0,1305.0,1337.0,929.0,929.0,1018.0,667.0,669.0,684.0,0.66126,0.75015,0.9921,0.12546,14,2014-03-03,20,2180.0,0.32127,train
2014-02-12,bci_value,1548.0,7.34472,1581.0,1611.0,1588.0,1544.0,1516.0,1531.0,1775.0,1832.0,4078.0,2473.0,1565.71,30.31,1573.64,59.07,2007.8,624.64,2634.95,919.24,2776.56,853.67,-0.02109,0.02089,-0.13684,-0.96864,1324.0,1322.0,1326.0,928.0,929.0,996.0,665.0,667.0,682.0,0.67407,0.73867,0.99583,0.09126,14,2014-03-04,20,2326.0,0.40719,train
2014-02-13,bci_value,1557.0,7.35052,1548.0,1581.0,1611.0,1575.0,1513.0,1527.0,1723.0,1862.0,3733.0,2455.0,1572.0,22.21,1561.79,42.13,1935.27,540.81,2619.98,929.3,2751.52,856.02,0.0058,0.02867,-0.10131,-0.87445,1313.0,1324.0,1313.0,938.0,928.0,975.0,668.0,665.0,681.0,0.68668,0.72696,0.99838,0.05695,14,2014-03-05,20,2596.0,0.51121,train
2014-02-14,bci_value,1554.0,7.34859,1557.0,1548.0,1581.0,1588.0,1544.0,1524.0,1673.0,1929.0,3531.0,2397.0,1573.43,20.62,1553.29,28.69,1869.37,456.18,2605.93,938.89,2725.7,856.71,-0.00193,0.00646,-0.07379,-0.82075,1311.0,1313.0,1307.0,965.0,938.0,961.0,671.0,668.0,677.0,0.69908,0.71504,0.99975,0.02258,14,2014-03-06,20,2830.0,0.59944,train
2014-02-17,bci_value,1625.0,7.39326,1554.0,1557.0,1548.0,1611.0,1575.0,1516.0,1577.0,2026.0,3287.0,2377.0,1580.57,27.46,1556.71,33.74,1813.97,374.2,2593.4,946.85,2699.94,854.56,0.04468,0.03125,0.02998,-0.70447,1308.0,1311.0,1307.0,998.0,965.0,948.0,676.0,671.0,676.0,0.73503,0.67803,0.99675,-0.08055,14,2014-03-07,18,2980.0,0.60642,train
2014-02-18,bci_value,1667.0,7.41878,1625.0,1554.0,1557.0,1581.0,1588.0,1513.0,1531.0,2082.0,3017.0,2366.0,1591.86,41.06,1566.43,43.2,1768.97,300.8,2581.75,953.85,2673.8,849.76,0.02552,0.04855,0.0851,-0.59324,1298.0,1308.0,1304.0,1026.0,998.0,937.0,677.0,676.0,674.0,0.74659,0.66529,0.99339,-0.11479,14,2014-03-10,20,3023.0,0.59522,train
2014-02-19,bci_value,1690.0,7.43248,1667.0,1625.0,1554.0,1548.0,1611.0,1544.0,1527.0,1973.0,2818.0,2366.0,1603.14,53.69,1578.07,52.06,1731.37,229.33,2570.48,960.3,2647.19,842.62,0.0137,0.04787,0.10142,-0.5113,1282.0,1298.0,1305.0,1049.0,1026.0,929.0,678.0,677.0,669.0,0.75792,0.65235,0.98885,-0.14889,14,2014-03-11,20,3045.0,0.58877,train
2014-02-20,bci_value,1680.0,7.42655,1690.0,1667.0,1625.0,1557.0,1581.0,1575.0,1524.0,1880.0,2500.0,2511.0,1617.29,58.79,1589.21,55.85,1704.03,179.55,2556.63,967.03,2621.87,837.04,-0.00593,0.06074,0.09746,-0.3975,1261.0,1282.0,1322.0,1068.0,1049.0,929.0,676.0,678.0,667.0,0.76903,0.63921,0.98315,-0.18282,14,2014-03-12,20,2600.0,0.43672,train
2014-02-21,bci_value,1701.0,7.43897,1680.0,1690.0,1667.0,1554.0,1548.0,1588.0,1516.0,1775.0,2101.0,2447.0,1639.14,57.39,1602.43,58.77,1690.7,163.73,2544.2,973.13,2600.53,835.77,0.01242,0.09425,0.11514,-0.2112,1244.0,1261.0,1324.0,1087.0,1068.0,928.0,677.0,676.0,665.0,0.77991,0.62589,0.97628,-0.21653,14,2014-03-13,20,2654.0,0.44485,train
2014-02-24,bci_value,1707.0,7.44249,1701.0,1680.0,1690.0,1625.0,1557.0,1611.0,1513.0,1723.0,1857.0,2390.0,1660.57,50.28,1616.29,58.92,1685.7,160.84,2532.82,978.85,2580.31,835.13,0.00352,0.09198,0.12064,-0.08422,1222.0,1244.0,1313.0,1098.0,1087.0,938.0,679.0,677.0,668.0,0.81116,0.58482,0.94877,-0.31596,14,2014-03-14,18,2677.0,0.44996,train
2014-02-25,bci_value,1775.0,7.48156,1707.0,1701.0,1680.0,1667.0,1554.0,1581.0,1544.0,1673.0,1832.0,2391.0,1692.14,42.18,1632.79,68.01,1683.8,159.44,2522.55,983.5,2561.64,834.14,0.03906,0.13297,0.13942,-0.03161,1187.0,1222.0,1311.0,1096.0,1098.0,965.0,679.0,679.0,671.0,0.8211,0.57078,0.93734,-0.34841,14,2014-03-17,20,2691.0,0.41611,train
2014-02-26,bci_value,1912.0,7.55591,1775.0,1707.0,1701.0,1690.0,1625.0,1548.0,1575.0,1577.0,1862.0,2399.0,1733.14,79.75,1656.86,96.83,1685.47,161.54,2514.43,986.49,2544.34,831.29,0.07435,0.16264,0.19389,0.0265,1154.0,1187.0,1308.0,1096.0,1096.0,998.0,674.0,679.0,676.0,0.8308,0.55658,0.9248,-0.38045,14,2014-03-18,20,2818.0,0.38788,train
2014-02-27,bci_value,2049.0,7.62511,1912.0,1775.0,1707.0,1680.0,1667.0,1557.0,1588.0,1531.0,1929.0,2496.0,1787.71,130.42,1689.79,137.61,1689.47,168.84,2506.98,988.29,2528.47,826.94,0.0692,0.20633,0.25488,0.06035,1123.0,1154.0,1298.0,1097.0,1096.0,1026.0,673.0,674.0,677.0,0.84025,0.5422,0.91117,-0.41203,14,2014-03-19,20,2982.0,0.37524,train
2014-02-28,bci_value,2084.0,7.64204,2049.0,1912.0,1775.0,1701.0,1690.0,1554.0,1611.0,1527.0,2026.0,2848.0,1844.0,158.17,1723.57,168.68,1691.4,172.96,2494.25,988.74,2513.28,822.4,0.01694,0.20956,0.25743,0.02823,1099.0,1123.0,1282.0,1100.0,1097.0,1049.0,669.0,673.0,678.0,0.84945,0.52767,0.89646,-0.44313,14,2014-03-20,20,3129.0,0.40642,train
2014-03-03,bci_value,2180.0,7.68708,2084.0,2049.0,1912.0,1707.0,1680.0,1625.0,1581.0,1524.0,2082.0,3089.0,1915.43,179.45,1766.36,200.13,1694.67,181.05,2479.1,986.47,2501.23,819.24,0.04504,0.26053,0.32127,0.046,1080.0,1099.0,1261.0,1103.0,1100.0,1068.0,666.0,669.0,676.0,0.87554,0.48315,0.84603,-0.53314,14,2014-03-21,18,3036.0,0.33122,train
2014-03-04,bci_value,2326.0,7.75191,2180.0,2084.0,2049.0,1775.0,1701.0,1667.0,1548.0,1516.0,1973.0,3194.0,2004.71,204.31,1821.93,236.49,1706.43,208.19,2464.63,982.23,2491.52,816.08,0.06483,0.31293,0.40719,0.16459,1062.0,1080.0,1244.0,1107.0,1103.0,1087.0,662.0,666.0,677.0,0.88372,0.46802,0.82719,-0.56192,14,2014-03-24,20,3055.0,0.27263,train
2014-03-05,bci_value,2596.0,7.86173,2326.0,2180.0,2084.0,1912.0,1707.0,1690.0,1557.0,1513.0,1880.0,3316.0,2131.71,250.79,1896.14,297.0,1730.3,261.05,2452.63,976.14,2485.81,813.52,0.10982,0.41923,0.51121,0.3227,1053.0,1062.0,1222.0,1115.0,1107.0,1098.0,661.0,662.0,679.0,0.89164,0.45274,0.80737,-0.59004,14,2014-03-25,20,2993.0,0.1423,train
2014-03-06,bci_value,2830.0,7.94803,2596.0,2326.0,2180.0,2049.0,1775.0,1680.0,1554.0,1544.0,1775.0,3481.0,2282.43,302.76,1987.29,365.83,1765.47,327.34,2441.78,968.23,2484.56,812.91,0.0863,0.46648,0.59944,0.46648,1056.0,1053.0,1187.0,1116.0,1115.0,1096.0,663.0,661.0,679.0,0.8993,0.43734,0.7866,-0.61747,14,2014-03-26,20,2761.0,-0.02468,train
2014-03-07,bci_value,2980.0,7.99968,2830.0,2596.0,2326.0,2084.0,1912.0,1701.0,1625.0,1575.0,1723.0,3843.0,2435.0,343.94,2084.07,430.67,1807.37,393.08,2427.4,953.61,2486.83,814.0,0.05165,0.44377,0.60642,0.54786,1075.0,1056.0,1154.0,1122.0,1116.0,1096.0,663.0,663.0,674.0,0.90669,0.42181,0.76489,-0.64416,14,2014-03-27,20,2579.0,-0.14452,train
2014-03-10,bci_value,3023.0,8.014,2980.0,2830.0,2596.0,2180.0,2049.0,1707.0,1667.0,1588.0,1673.0,3842.0,2574.14,356.43,2180.93,476.07,1852.37,448.49,2413.75,939.01,2490.63,815.7,0.01433,0.3889,0.59522,0.59163,1088.0,1075.0,1123.0,1131.0,1122.0,1097.0,663.0,663.0,673.0,0.92724,0.37447,0.69445,-0.71954,14,2014-03-28,18,2557.0,-0.16742,train
2014-03-11,bci_value,3045.0,8.02126,3023.0,2980.0,2830.0,2326.0,2084.0,1775.0,1690.0,1611.0,1577.0,3831.0,2711.43,324.88,2277.71,503.38,1901.3,493.59,2400.65,924.52,2496.4,817.76,0.00725,0.37921,0.58877,0.65798,1104.0,1088.0,1099.0,1137.0,1131.0,1100.0,666.0,663.0,669.0,0.93354,0.35847,0.66929,-0.743,14,2014-03-31,20,2573.0,-0.16843,train
2014-03-12,bci_value,2600.0,7.86327,3045.0,3023.0,2980.0,2596.0,2180.0,1912.0,1680.0,1581.0,1531.0,4011.0,2771.43,251.75,2343.43,480.6,1936.93,504.05,2377.13,900.9,2499.29,817.66,-0.15799,0.17619,0.43672,0.52959,1102.0,1104.0,1080.0,1149.0,1137.0,1103.0,668.0,666.0,666.0,0.93957,0.34236,0.64334,-0.76558,14,2014-04-01,20,2505.0,-0.03722,train
2014-03-13,bci_value,2654.0,7.88382,2600.0,3045.0,3023.0,2830.0,2326.0,2049.0,1701.0,1548.0,1527.0,4210.0,2818.29,186.56,2411.5,451.39,1974.5,513.99,2351.2,869.62,2504.73,817.04,0.02056,0.13192,0.44485,0.55276,1106.0,1102.0,1062.0,1159.0,1149.0,1107.0,668.0,668.0,662.0,0.94532,0.32614,0.61662,-0.78726,14,2014-04-02,20,2418.0,-0.09313,train
2014-03-14,bci_value,2677.0,7.89245,2654.0,2600.0,3045.0,2980.0,2596.0,2084.0,1707.0,1557.0,1524.0,4291.0,2829.86,174.54,2480.79,410.53,2012.93,521.92,2324.3,833.41,2509.53,816.77,0.00863,0.03072,0.44996,0.56336,1113.0,1106.0,1053.0,1173.0,1159.0,1115.0,671.0,668.0,661.0,0.95079,0.30983,0.58918,-0.808,14,2014-04-03,20,2343.0,-0.13326,train
2014-03-17,bci_value,2691.0,7.89767,2677.0,2654.0,2600.0,3023.0,2830.0,2180.0,1775.0,1554.0,1516.0,4246.0,2810.0,181.18,2546.21,363.08,2052.1,527.22,2298.38,796.62,2513.7,816.73,0.00522,-0.05036,0.41611,0.57384,1116.0,1113.0,1056.0,1183.0,1173.0,1116.0,671.0,671.0,663.0,0.96551,0.26038,0.50279,-0.86441,14,2014-04-04,18,2306.0,-0.1544,train
2014-03-18,bci_value,2818.0,7.94378,2691.0,2677.0,2654.0,3045.0,2980.0,2326.0,1912.0,1625.0,1513.0,4065.0,2786.86,167.84,2610.93,322.78,2095.6,534.73,2277.6,765.93,2518.34,817.26,0.04611,-0.0559,0.38788,0.62193,1118.0,1116.0,1075.0,1191.0,1183.0,1122.0,668.0,671.0,663.0,0.96984,0.24373,0.47276,-0.88119,14,2014-04-07,20,2293.0,-0.20617,train
2014-03-19,bci_value,2982.0,8.00035,2818.0,2691.0,2677.0,2600.0,3023.0,2596.0,2049.0,1667.0,1544.0,3818.0,2781.0,160.03,2677.57,295.0,2143.53,547.43,2263.67,745.1,2523.11,818.69,0.05657,-0.01366,0.37524,0.65822,1120.0,1118.0,1088.0,1198.0,1191.0,1131.0,667.0,668.0,663.0,0.97389,0.22701,0.44217,-0.89693,14,2014-04-08,20,2029.0,-0.38505,train
2014-03-20,bci_value,3129.0,8.04847,2982.0,2818.0,2691.0,2654.0,3045.0,2830.0,2084.0,1690.0,1575.0,3638.0,2793.0,181.14,2752.21,266.16,2195.33,564.44,2255.18,732.19,2529.5,821.15,0.04812,0.02721,0.40642,0.68646,1120.0,1120.0,1104.0,1200.0,1198.0,1137.0,671.0,667.0,666.0,0.97765,0.21022,0.41105,-0.91161,14,2014-04-09,20,1946.0,-0.47494,train
2014-03-21,bci_value,3036.0,8.0183,3129.0,2982.0,2818.0,2677.0,2600.0,2980.0,2180.0,1680.0,1588.0,3596.0,2855.29,179.01,2813.36,222.42,2243.6,572.3,2245.85,718.48,2535.09,822.86,-0.03017,0.15503,0.33122,0.64807,1112.0,1120.0,1102.0,1205.0,1200.0,1149.0,674.0,671.0,668.0,0.98112,0.19338,0.37945,-0.92521,14,2014-04-10,20,1865.0,-0.48728,train
2014-03-24,bci_value,3055.0,8.02453,3036.0,3129.0,2982.0,2691.0,2654.0,3023.0,2326.0,1701.0,1611.0,3875.0,2912.57,169.33,2865.43,184.29,2291.73,577.77,2232.18,694.77,2541.1,824.66,0.00624,0.14071,0.27263,0.63992,1107.0,1112.0,1106.0,1209.0,1205.0,1159.0,676.0,674.0,668.0,0.98979,0.14251,0.28211,-0.95938,14,2014-04-11,18,1789.0,-0.53512,train
2014-03-25,bci_value,2993.0,8.00403,3055.0,3036.0,3129.0,2818.0,2677.0,3045.0,2596.0,1707.0,1581.0,3996.0,2957.71,140.11,2893.79,170.69,2338.8,575.46,2215.47,663.49,2546.51,826.01,-0.0205,0.11158,0.1423,0.63822,1088.0,1107.0,1113.0,1207.0,1209.0,1173.0,676.0,676.0,671.0,0.9921,0.12546,0.24894,-0.96852,14,2014-04-14,20,1765.0,-0.52813,train
2014-03-26,bci_value,2761.0,7.92335,2993.0,3055.0,3036.0,2982.0,2691.0,2600.0,2830.0,1775.0,1548.0,4078.0,2967.71,122.06,2888.86,173.44,2379.23,560.91,2193.52,622.0,2549.71,826.28,-0.08068,0.02568,-0.02468,0.57863,1062.0,1088.0,1116.0,1201.0,1207.0,1183.0,672.0,676.0,671.0,0.99411,0.10838,0.21548,-0.97651,14,2014-04-15,20,1724.0,-0.47095,train
2014-03-27,bci_value,2579.0,7.85516,2761.0,2993.0,3055.0,3129.0,2818.0,2654.0,2980.0,1912.0,1557.0,3733.0,2933.57,179.21,2860.21,188.48,2413.3,540.6,2174.28,591.18,2551.09,826.22,-0.06819,-0.08863,-0.14452,0.50464,1018.0,1062.0,1118.0,1180.0,1201.0,1191.0,659.0,672.0,668.0,0.99583,0.09126,0.18176,-0.98334,14,2014-04-16,20,1613.0,-0.46931,train
2014-03-28,bci_value,2557.0,7.84659,2579.0,2761.0,2993.0,3036.0,2982.0,2677.0,3023.0,2049.0,1554.0,3531.0,2872.86,219.89,2826.93,197.71,2446.73,516.92,2158.05,566.56,2552.87,826.06,-0.00857,-0.15376,-0.16742,0.498,978.0,1018.0,1120.0,1139.0,1180.0,1198.0,649.0,659.0,667.0,0.99725,0.07412,0.14783,-0.98901,14,2014-04-17,20,1591.0,-0.47447,train
2014-03-31,bci_value,2573.0,7.85283,2557.0,2579.0,2761.0,3055.0,3129.0,2691.0,3045.0,2084.0,1625.0,3287.0,2793.43,213.34,2793.21,197.9,2478.33,494.2,2146.15,549.98,2555.04,825.85,0.00624,-0.19564,-0.16843,0.45956,942.0,978.0,1120.0,1115.0,1139.0,1200.0,642.0,649.0,671.0,0.99975,0.02258,0.04514,-0.99898,14,2014-04-22,22,1616.0,-0.46512,train
2014-04-01,bci_value,2505.0,7.82604,2573.0,2557.0,2579.0,2993.0,3036.0,2818.0,2600.0,2180.0,1667.0,3017.0,2717.57,207.94,2786.43,205.87,2506.27,470.68,2137.62,540.29,2556.59,825.63,-0.02678,-0.19225,-0.03722,0.40726,897.0,942.0,1112.0,1090.0,1115.0,1205.0,632.0,642.0,674.0,0.99999,0.00538,0.01075,-0.99994,14,2014-04-23,22,1674.0,-0.40307,train
2014-04-02,bci_value,2418.0,7.7907,2505.0,2573.0,2557.0,2761.0,3055.0,2982.0,2654.0,2326.0,1690.0,2818.0,2626.57,177.52,2769.57,224.82,2530.53,446.09,2130.95,534.29,2557.17,825.51,-0.03535,-0.23384,-0.09313,0.35821,867.0,897.0,1107.0,1068.0,1090.0,1209.0,621.0,632.0,676.0,0.99993,-0.01183,-0.02365,-0.99972,14,2014-04-24,22,1692.0,-0.35703,train
2014-04-03,bci_value,2343.0,7.75919,2418.0,2505.0,2573.0,2579.0,2993.0,3129.0,2677.0,2596.0,1680.0,2500.0,2533.71,123.28,2745.71,249.72,2552.63,419.01,2128.33,532.85,2555.3,825.8,-0.03151,-0.24484,-0.13326,0.33264,836.0,867.0,1088.0,1047.0,1068.0,1207.0,610.0,621.0,676.0,0.99958,-0.02903,-0.05803,-0.99832,14,2014-04-25,22,1696.0,-0.32316,train
2014-04-04,bci_value,2306.0,7.74327,2343.0,2418.0,2505.0,2557.0,2761.0,3036.0,2691.0,2830.0,1701.0,2101.0,2468.71,104.88,2718.21,274.22,2572.8,391.17,2131.75,533.33,2553.73,826.14,-0.01592,-0.18008,-0.1544,0.3043,822.0,836.0,1062.0,1025.0,1047.0,1201.0,598.0,610.0,672.0,0.99893,-0.04622,-0.09233,-0.99573,14,2014-04-28,24,1668.0,-0.32389,train
2014-04-07,bci_value,2293.0,7.73762,2306.0,2343.0,2418.0,2573.0,2579.0,3055.0,2818.0,2980.0,1707.0,1857.0,2427.86,109.56,2680.71,293.25,2592.33,360.91,2139.02,532.5,2552.66,826.42,-0.00565,-0.11754,-0.20617,0.29512,812.0,822.0,1018.0,1003.0,1025.0,1180.0,588.0,598.0,659.0,0.99522,-0.09768,-0.19443,-0.98092,14,2014-04-29,22,1613.0,-0.35177,train
2014-04-08,bci_value,2029.0,7.6153,2293.0,2306.0,2343.0,2505.0,2557.0,2993.0,2982.0,3023.0,1775.0,1832.0,2352.43,163.28,2612.64,324.37,2600.8,344.23,2142.3,531.2,2548.63,828.07,-0.12232,-0.23129,-0.38505,0.13374,801.0,812.0,978.0,982.0,1003.0,1139.0,580.0,588.0,649.0,0.99339,-0.11479,-0.22806,-0.97365,14,2014-04-30,22,1600.0,-0.23754,train
2014-04-09,bci_value,1946.0,7.57353,2029.0,2293.0,2306.0,2418.0,2573.0,2761.0,3129.0,3045.0,1912.0,1862.0,2262.86,187.84,2528.14,332.83,2601.93,342.01,2143.7,530.57,2543.6,830.34,-0.04177,-0.2793,-0.47494,0.01763,794.0,801.0,942.0,965.0,982.0,1115.0,571.0,580.0,642.0,0.99127,-0.13186,-0.26141,-0.96523,14,2014-05-01,22,1716.0,-0.12578,train
2014-04-10,bci_value,1865.0,7.53102,1946.0,2029.0,2293.0,2343.0,2505.0,2579.0,3036.0,2600.0,2049.0,1929.0,2171.43,202.88,2444.5,341.71,2595.8,353.33,2142.63,531.07,2536.59,833.37,-0.04251,-0.29503,-0.48728,-0.09409,787.0,794.0,897.0,949.0,965.0,1090.0,562.0,571.0,632.0,0.98885,-0.14889,-0.29446,-0.95566,14,2014-05-02,22,1829.0,-0.01949,train
2014-04-11,bci_value,1789.0,7.48941,1865.0,1946.0,2029.0,2306.0,2418.0,2557.0,3055.0,2654.0,2084.0,2026.0,2081.57,212.82,2354.07,335.65,2585.97,371.1,2138.68,532.8,2524.82,836.36,-0.0416,-0.30128,-0.53512,-0.15263,782.0,787.0,867.0,936.0,949.0,1068.0,556.0,562.0,621.0,0.98615,-0.16588,-0.32716,-0.94497,14,2014-05-06,25,1691.0,-0.05634,train
2014-04-14,bci_value,1765.0,7.47591,1789.0,1865.0,1946.0,2293.0,2343.0,2573.0,2993.0,2677.0,2180.0,2082.0,1999.0,207.44,2266.36,317.16,2572.13,393.06,2133.4,534.9,2510.11,837.95,-0.01351,-0.28328,-0.52813,-0.21117,778.0,782.0,836.0,927.0,936.0,1047.0,549.0,556.0,610.0,0.97628,-0.21653,-0.42278,-0.90623,14,2014-05-07,23,1681.0,-0.04876,train
2014-04-15,bci_value,1724.0,7.4524,1765.0,1789.0,1865.0,2029.0,2306.0,2505.0,2761.0,2691.0,2326.0,1973.0,1915.86,182.91,2192.29,314.07,2552.07,419.58,2129.25,537.09,2493.78,838.79,-0.0235,-0.29087,-0.47095,-0.2995,777.0,778.0,822.0,921.0,927.0,1025.0,543.0,549.0,598.0,0.97241,-0.23329,-0.4537,-0.89115,14,2014-05-08,23,1613.0,-0.06655,train
2014-04-16,bci_value,1613.0,7.38585,1724.0,1765.0,1789.0,1946.0,2293.0,2418.0,2579.0,2818.0,2596.0,1880.0,1818.71,129.63,2123.29,327.36,2519.3,452.0,2124.8,540.24,2474.86,839.24,-0.06655,-0.35177,-0.46931,-0.47588,792.0,777.0,812.0,916.0,921.0,1003.0,536.0,543.0,588.0,0.96825,-0.24998,-0.48409,-0.87502,14,2014-05-09,23,1541.0,-0.04566,train
2014-04-17,bci_value,1591.0,7.37212,1613.0,1724.0,1765.0,1865.0,2029.0,2343.0,2557.0,2982.0,2830.0,1775.0,1756.14,118.23,2054.29,330.47,2478.0,477.6,2121.73,542.73,2453.86,837.44,-0.01373,-0.24318,-0.47447,-0.57591,812.0,792.0,801.0,909.0,916.0,982.0,533.0,536.0,580.0,0.96381,-0.2666,-0.5139,-0.85785,14,2014-05-12,25,1483.0,-0.0703,train
2014-04-22,bci_value,1616.0,7.38771,1591.0,1613.0,1724.0,1789.0,1946.0,2306.0,2573.0,3129.0,2980.0,1723.0,1709.0,97.02,1985.93,314.7,2432.53,492.35,2119.95,544.21,2429.11,828.89,0.01559,-0.18582,-0.46512,-0.61197,828.0,812.0,794.0,908.0,909.0,965.0,528.0,533.0,571.0,0.93734,-0.34841,-0.65316,-0.75722,14,2014-05-13,21,1453.0,-0.10632,train
2014-04-23,bci_value,1674.0,7.42297,1616.0,1591.0,1613.0,1765.0,1865.0,2293.0,2505.0,3036.0,3023.0,1673.0,1681.71,73.25,1926.57,288.48,2387.57,497.94,2119.97,544.2,2405.02,818.92,0.03526,-0.10805,-0.40307,-0.59103,840.0,828.0,787.0,909.0,908.0,949.0,524.0,528.0,562.0,0.93121,-0.36448,-0.67882,-0.7343,14,2014-05-14,21,1496.0,-0.11242,train
2014-04-24,bci_value,1692.0,7.43367,1674.0,1616.0,1591.0,1724.0,1789.0,2029.0,2418.0,3055.0,3045.0,1577.0,1667.86,59.54,1874.71,259.25,2342.47,497.62,2121.88,542.48,2381.26,808.16,0.0107,-0.05575,-0.35703,-0.58759,852.0,840.0,782.0,911.0,909.0,936.0,520.0,524.0,556.0,0.9248,-0.38045,-0.70368,-0.71052,14,2014-05-15,21,1546.0,-0.09024,train
2014-04-25,bci_value,1696.0,7.43603,1692.0,1674.0,1616.0,1613.0,1765.0,1946.0,2343.0,2993.0,2600.0,1531.0,1658.0,47.04,1828.5,227.36,2312.33,508.37,2124.63,539.89,2355.53,792.57,0.00236,-0.03988,-0.32316,-0.42724,864.0,852.0,778.0,909.0,911.0,927.0,517.0,520.0,549.0,0.91812,-0.3963,-0.7277,-0.68589,14,2014-05-16,21,1530.0,-0.103,train
2014-04-28,bci_value,1668.0,7.41938,1696.0,1692.0,1674.0,1591.0,1724.0,1865.0,2306.0,2761.0,2654.0,1527.0,1650.0,39.25,1782.93,187.53,2279.47,517.02,2126.98,537.59,2327.29,770.98,-0.01665,-0.03302,-0.32389,-0.46444,868.0,864.0,777.0,912.0,909.0,921.0,517.0,517.0,543.0,0.89646,-0.44313,-0.7945,-0.60727,14,2014-05-19,21,1494.0,-0.11017,train
2014-04-29,bci_value,1613.0,7.38585,1668.0,1696.0,1692.0,1616.0,1613.0,1789.0,2293.0,2579.0,2677.0,1524.0,1650.0,39.25,1734.36,127.62,2244.0,524.96,2128.47,536.04,2297.53,745.89,-0.03353,0.0,-0.35177,-0.5066,872.0,868.0,792.0,916.0,912.0,916.0,515.0,517.0,536.0,0.8887,-0.45849,-0.81492,-0.57958,14,2014-05-20,21,1431.0,-0.11972,train
2014-04-30,bci_value,1600.0,7.37776,1613.0,1668.0,1696.0,1674.0,1591.0,1765.0,2029.0,2557.0,2691.0,1516.0,1651.29,37.4,1703.71,102.16,2207.63,530.5,2129.87,534.55,2268.13,720.21,-0.00809,0.00564,-0.23754,-0.51991,871.0,872.0,812.0,922.0,916.0,909.0,513.0,515.0,533.0,0.88068,-0.47371,-0.83437,-0.5512,14,2014-05-21,21,1354.0,-0.16694,train
2014-05-01,bci_value,1716.0,7.44775,1600.0,1613.0,1668.0,1692.0,1616.0,1724.0,1946.0,2573.0,2818.0,1513.0,1665.57,40.19,1687.29,77.37,2170.9,525.09,2133.25,531.27,2242.03,696.8,0.06999,0.06004,-0.12578,-0.49603,871.0,871.0,828.0,919.0,922.0,908.0,514.0,513.0,528.0,0.8724,-0.48879,-0.85284,-0.52218,14,2014-05-22,21,1302.0,-0.27609,train
2014-05-02,bci_value,1829.0,7.51152,1716.0,1600.0,1613.0,1696.0,1674.0,1613.0,1865.0,2505.0,2982.0,1544.0,1687.71,70.22,1684.71,71.81,2132.47,506.17,2138.0,527.23,2219.93,677.75,0.06377,0.08855,-0.01949,-0.48882,865.0,871.0,840.0,915.0,919.0,909.0,510.0,514.0,524.0,0.86387,-0.50372,-0.87029,-0.49253,14,2014-05-23,21,1358.0,-0.29776,train
2014-05-06,bci_value,1691.0,7.43308,1829.0,1716.0,1600.0,1668.0,1692.0,1591.0,1789.0,2418.0,3129.0,1575.0,1687.57,70.21,1677.71,65.84,2084.53,476.77,2139.93,525.38,2198.3,663.06,-0.07845,-0.00059,-0.05634,-0.61539,866.0,865.0,852.0,915.0,915.0,911.0,510.0,510.0,520.0,0.82719,-0.56192,-0.92963,-0.36848,14,2014-05-27,21,1457.0,-0.14894,train
2014-05-07,bci_value,1681.0,7.42714,1691.0,1829.0,1716.0,1613.0,1696.0,1616.0,1765.0,2343.0,3036.0,1588.0,1685.43,70.15,1671.71,61.28,2039.37,447.79,2141.48,523.88,2177.02,648.43,-0.00593,-0.00888,-0.04876,-0.59115,869.0,866.0,864.0,917.0,915.0,909.0,509.0,510.0,517.0,0.8174,-0.57607,-0.94176,-0.33629,14,2014-05-28,21,1405.0,-0.17935,train
2014-05-08,bci_value,1613.0,7.38585,1681.0,1691.0,1829.0,1600.0,1668.0,1674.0,1724.0,2306.0,3055.0,1611.0,1677.57,74.6,1663.79,61.18,1991.3,412.17,2141.52,523.85,2151.89,625.56,-0.04129,-0.03353,-0.06655,-0.63868,879.0,869.0,868.0,920.0,917.0,912.0,508.0,509.0,517.0,0.80737,-0.59004,-0.95277,-0.3037,14,2014-05-29,21,1379.0,-0.15674,train
2014-05-09,bci_value,1541.0,7.34019,1613.0,1681.0,1691.0,1716.0,1613.0,1692.0,1613.0,2293.0,2993.0,1581.0,1667.29,86.77,1658.64,67.89,1942.9,375.3,2140.85,524.58,2124.61,597.45,-0.04566,-0.04566,-0.04566,-0.66384,898.0,879.0,872.0,918.0,920.0,916.0,506.0,508.0,515.0,0.7971,-0.60385,-0.96265,-0.27074,14,2014-05-30,21,1395.0,-0.09954,train
2014-05-12,bci_value,1483.0,7.30182,1541.0,1613.0,1681.0,1829.0,1600.0,1696.0,1591.0,2029.0,2761.0,1548.0,1650.57,107.02,1650.93,80.17,1900.3,351.82,2139.77,525.87,2095.78,564.17,-0.03836,-0.07594,-0.0703,-0.62153,910.0,898.0,871.0,909.0,918.0,922.0,504.0,506.0,513.0,0.76489,-0.64416,-0.98542,-0.17012,14,2014-06-02,21,1429.0,-0.03709,train
2014-05-13,bci_value,1453.0,7.28139,1483.0,1541.0,1613.0,1691.0,1716.0,1668.0,1616.0,1946.0,2579.0,1557.0,1613.0,122.5,1639.29,94.88,1862.77,337.17,2138.03,527.96,2070.44,540.79,-0.02044,-0.16637,-0.10632,-0.57377,933.0,910.0,871.0,905.0,909.0,919.0,502.0,504.0,514.0,0.7537,-0.65722,-0.99069,-0.13612,14,2014-06-03,21,1545.0,0.06139,train
2014-05-14,bci_value,1496.0,7.31055,1453.0,1483.0,1541.0,1681.0,1829.0,1613.0,1674.0,1865.0,2557.0,1554.0,1565.43,89.63,1626.57,101.1,1827.4,317.57,2137.07,529.08,2047.83,521.45,0.02916,-0.20097,-0.11242,-0.53604,969.0,933.0,865.0,904.0,905.0,915.0,497.0,502.0,510.0,0.74228,-0.67009,-0.99479,-0.10196,14,2014-06-04,21,1604.0,0.06971,train
2014-05-15,bci_value,1546.0,7.34343,1496.0,1453.0,1483.0,1613.0,1691.0,1600.0,1692.0,1789.0,2573.0,1625.0,1544.71,73.53,1616.14,101.34,1793.17,289.46,2135.75,530.45,2028.49,507.22,0.03288,-0.08965,-0.09024,-0.5094,1016.0,969.0,866.0,904.0,904.0,915.0,490.0,497.0,510.0,0.73064,-0.68276,-0.99771,-0.06768,14,2014-06-05,21,1689.0,0.08847,train
2014-05-16,bci_value,1530.0,7.33302,1546.0,1496.0,1453.0,1541.0,1681.0,1716.0,1696.0,1765.0,2505.0,1667.0,1523.14,48.15,1604.29,101.01,1760.67,261.06,2133.47,532.75,2011.97,498.9,-0.0104,-0.09412,-0.103,-0.49302,1041.0,1016.0,869.0,901.0,904.0,917.0,485.0,490.0,509.0,0.71879,-0.69523,-0.99944,-0.03332,14,2014-06-06,21,1793.0,0.15862,train
2014-05-19,bci_value,1494.0,7.30921,1530.0,1546.0,1496.0,1483.0,1613.0,1829.0,1668.0,1724.0,2418.0,1690.0,1506.14,31.58,1591.86,103.09,1729.87,234.88,2130.2,536.05,1997.26,494.41,-0.02381,-0.07664,-0.11017,-0.48148,1054.0,1041.0,879.0,899.0,901.0,920.0,483.0,485.0,508.0,0.68197,-0.73138,-0.99756,0.06983,14,2014-06-09,21,1846.0,0.21156,train
2014-05-20,bci_value,1431.0,7.26613,1494.0,1530.0,1546.0,1453.0,1541.0,1691.0,1613.0,1613.0,2343.0,1680.0,1490.43,37.2,1578.86,110.8,1699.47,211.4,2126.05,540.47,1985.38,495.03,-0.04308,-0.07406,-0.11972,-0.49306,1061.0,1054.0,898.0,896.0,899.0,918.0,482.0,483.0,506.0,0.66929,-0.743,-0.99457,0.1041,14,2014-06-10,21,1903.0,0.28506,train
2014-05-21,bci_value,1354.0,7.21082,1431.0,1494.0,1530.0,1496.0,1483.0,1681.0,1600.0,1591.0,2306.0,1701.0,1472.0,60.79,1561.29,124.68,1667.73,188.15,2120.27,546.8,1977.08,499.27,-0.05531,-0.091,-0.16694,-0.53245,1056.0,1061.0,910.0,891.0,896.0,909.0,480.0,482.0,504.0,0.65641,-0.7544,-0.9904,0.13825,14,2014-06-11,21,1864.0,0.31966,train
2014-05-22,bci_value,1302.0,7.17166,1354.0,1431.0,1494.0,1546.0,1453.0,1613.0,1716.0,1616.0,2293.0,1707.0,1450.43,85.48,1531.71,133.28,1634.7,160.42,2113.52,554.31,1970.91,504.12,-0.03916,-0.10973,-0.27609,-0.56596,1028.0,1056.0,933.0,884.0,891.0,905.0,480.0,480.0,502.0,0.64334,-0.76558,-0.98506,0.17224,14,2014-06-12,21,1792.0,0.31943,train
2014-05-23,bci_value,1358.0,7.21377,1302.0,1354.0,1431.0,1530.0,1496.0,1541.0,1829.0,1674.0,2029.0,1775.0,1430.71,88.55,1498.07,111.69,1612.33,150.35,2106.57,561.08,1965.64,508.0,0.04211,-0.09678,-0.29776,-0.40153,1001.0,1028.0,969.0,872.0,884.0,904.0,480.0,480.0,497.0,0.63007,-0.77654,-0.97855,0.20602,14,2014-06-13,21,1730.0,0.24211,train
2014-05-27,bci_value,1457.0,7.28413,1358.0,1302.0,1354.0,1494.0,1546.0,1483.0,1691.0,1692.0,1946.0,1912.0,1418.0,76.68,1481.36,98.27,1596.03,139.4,2098.98,566.71,1961.14,510.69,0.07037,-0.05929,-0.14894,-0.2894,971.0,1001.0,1016.0,866.0,872.0,904.0,481.0,480.0,490.0,0.57519,-0.81802,-0.94103,0.33831,14,2014-06-16,20,1695.0,0.1513,train
2014-05-28,bci_value,1405.0,7.24779,1457.0,1358.0,1302.0,1431.0,1530.0,1453.0,1681.0,1696.0,1865.0,2049.0,1400.14,61.59,1461.64,82.69,1580.7,134.17,2088.25,573.61,1955.32,514.0,-0.03634,-0.08523,-0.17935,-0.28322,940.0,971.0,1041.0,855.0,866.0,901.0,481.0,481.0,485.0,0.56103,-0.82779,-0.92884,0.37048,14,2014-06-17,20,1676.0,0.17637,train
2014-05-29,bci_value,1379.0,7.22911,1405.0,1457.0,1358.0,1354.0,1494.0,1496.0,1613.0,1668.0,1789.0,2084.0,1383.71,48.26,1444.93,73.56,1567.03,133.14,2076.5,580.75,1948.13,517.47,-0.01868,-0.0801,-0.15674,-0.2603,904.0,940.0,1054.0,846.0,855.0,899.0,484.0,481.0,483.0,0.54671,-0.83732,-0.91555,0.40221,14,2014-06-18,20,1767.0,0.24792,train
2014-05-30,bci_value,1395.0,7.24065,1379.0,1405.0,1457.0,1302.0,1431.0,1546.0,1541.0,1613.0,1765.0,2180.0,1378.57,44.74,1434.5,69.43,1554.7,131.35,2063.42,587.08,1940.5,520.5,0.01154,-0.02548,-0.09954,-0.23526,872.0,904.0,1061.0,839.0,846.0,896.0,485.0,484.0,482.0,0.53223,-0.8466,-0.90117,0.43347,14,2014-06-19,20,1919.0,0.31891,train
2014-06-02,bci_value,1429.0,7.26473,1395.0,1379.0,1405.0,1358.0,1354.0,1530.0,1483.0,1600.0,1724.0,2326.0,1389.29,46.51,1430.64,68.12,1544.87,129.34,2048.47,591.61,1934.46,523.24,0.02408,0.05391,-0.03709,-0.18767,846.0,872.0,1056.0,830.0,839.0,891.0,485.0,485.0,480.0,0.48785,-0.87293,-0.85171,0.52401,14,2014-06-20,18,1950.0,0.31085,train
2014-06-03,bci_value,1545.0,7.34278,1429.0,1395.0,1379.0,1457.0,1302.0,1494.0,1453.0,1716.0,1613.0,2596.0,1424.0,57.74,1437.21,74.13,1542.6,128.72,2030.95,590.7,1930.73,524.8,0.07805,0.17112,0.06139,-0.04307,816.0,846.0,1028.0,829.0,830.0,884.0,485.0,485.0,480.0,0.47276,-0.88119,-0.83318,0.553,14,2014-06-23,20,1896.0,0.20472,train
2014-06-04,bci_value,1604.0,7.38026,1545.0,1429.0,1395.0,1405.0,1358.0,1431.0,1496.0,1829.0,1591.0,2830.0,1459.14,78.14,1444.93,84.71,1543.03,128.9,2010.52,583.87,1928.83,525.67,0.03748,0.16649,0.06971,0.00814,786.0,816.0,1001.0,829.0,829.0,872.0,484.0,485.0,480.0,0.45753,-0.88919,-0.81367,0.58133,14,2014-06-24,20,1848.0,0.1416,train
2014-06-05,bci_value,1689.0,7.43189,1604.0,1545.0,1429.0,1379.0,1457.0,1354.0,1546.0,1691.0,1616.0,2980.0,1492.29,112.04,1455.14,102.94,1545.47,130.93,1989.0,571.4,1928.46,525.83,0.05164,0.14776,0.08847,0.04418,758.0,786.0,971.0,821.0,829.0,866.0,482.0,484.0,481.0,0.44217,-0.89693,-0.79319,0.60897,14,2014-06-25,20,1799.0,0.06309,train
2014-06-06,bci_value,1793.0,7.49165,1689.0,1604.0,1545.0,1395.0,1405.0,1302.0,1530.0,1681.0,1674.0,3023.0,1547.71,145.99,1473.93,134.15,1549.43,136.45,1968.5,555.79,1929.79,525.33,0.05975,0.24385,0.15862,0.06867,727.0,758.0,940.0,811.0,821.0,855.0,481.0,482.0,481.0,0.42667,-0.90441,-0.77177,0.6359,14,2014-06-26,20,1748.0,-0.02542,train
2014-06-09,bci_value,1846.0,7.52078,1793.0,1689.0,1604.0,1429.0,1379.0,1358.0,1494.0,1613.0,1692.0,3045.0,1614.43,159.7,1499.07,165.0,1554.57,144.38,1948.52,537.99,1932.78,524.08,0.02913,0.29166,0.21156,0.08711,713.0,727.0,904.0,802.0,811.0,846.0,478.0,481.0,484.0,0.37945,-0.92521,-0.70215,0.71203,14,2014-06-27,18,1773.0,-0.04035,train
2014-06-10,bci_value,1903.0,7.55119,1846.0,1793.0,1689.0,1545.0,1395.0,1457.0,1431.0,1541.0,1696.0,2600.0,1687.0,158.92,1532.79,193.42,1561.47,155.5,1936.9,531.28,1936.91,522.36,0.03041,0.31054,0.28506,0.11516,699.0,713.0,872.0,797.0,802.0,839.0,475.0,478.0,485.0,0.36348,-0.9316,-0.67724,0.73576,14,2014-06-30,20,1871.0,-0.01696,train
2014-06-11,bci_value,1864.0,7.53048,1903.0,1846.0,1793.0,1604.0,1429.0,1405.0,1354.0,1483.0,1668.0,2654.0,1749.14,127.91,1569.21,204.05,1568.0,163.73,1923.73,523.07,1940.66,520.61,-0.02071,0.26575,0.31966,0.1111,678.0,699.0,846.0,787.0,797.0,830.0,469.0,475.0,485.0,0.3474,-0.93772,-0.65153,0.75862,14,2014-07-01,20,2045.0,0.09267,train
2014-06-12,bci_value,1792.0,7.49109,1864.0,1903.0,1846.0,1689.0,1545.0,1379.0,1302.0,1453.0,1613.0,2677.0,1784.43,97.08,1604.21,197.12,1573.97,168.46,1908.98,514.02,1943.63,518.99,-0.03939,0.14831,0.31943,0.10524,635.0,678.0,816.0,774.0,787.0,829.0,465.0,469.0,485.0,0.33122,-0.94355,-0.62505,0.78058,14,2014-07-02,20,1999.0,0.10931,train
2014-06-13,bci_value,1730.0,7.45588,1792.0,1864.0,1903.0,1793.0,1604.0,1395.0,1358.0,1496.0,1600.0,2691.0,1802.43,69.81,1630.79,186.95,1578.3,170.73,1892.97,504.29,1946.01,517.51,-0.03521,0.07562,0.24211,0.07812,582.0,635.0,786.0,760.0,774.0,829.0,459.0,465.0,484.0,0.31494,-0.94911,-0.59783,0.80162,14,2014-07-03,20,1935.0,0.11199,train
2014-06-16,bci_value,1695.0,7.43544,1730.0,1792.0,1864.0,1846.0,1689.0,1429.0,1457.0,1546.0,1716.0,2818.0,1803.29,68.43,1647.79,181.1,1577.6,170.21,1874.25,490.25,1948.03,516.17,-0.02044,0.00355,0.1513,-0.01231,542.0,582.0,758.0,748.0,760.0,821.0,450.0,459.0,482.0,0.26556,-0.96409,-0.51206,0.85895,14,2014-07-04,18,1864.0,0.09504,train
2014-06-17,bci_value,1676.0,7.42417,1695.0,1730.0,1792.0,1903.0,1793.0,1545.0,1405.0,1530.0,1829.0,2982.0,1786.57,81.87,1667.14,168.14,1572.5,164.8,1852.48,469.12,1949.5,515.2,-0.01127,-0.06748,0.17637,-0.08736,514.0,542.0,727.0,740.0,748.0,811.0,446.0,450.0,481.0,0.24894,-0.96852,-0.48221,0.87606,14,2014-07-07,20,1808.0,0.07581,train
2014-06-18,bci_value,1767.0,7.47704,1676.0,1695.0,1730.0,1864.0,1846.0,1604.0,1379.0,1494.0,1691.0,3129.0,1775.29,78.27,1694.86,149.28,1575.03,167.17,1829.78,438.77,1951.63,514.05,0.05287,-0.04374,0.24792,0.04396,492.0,514.0,713.0,724.0,740.0,802.0,443.0,446.0,478.0,0.23224,-0.97266,-0.45179,0.89213,14,2014-07-08,20,1755.0,-0.00681,train
2014-06-19,bci_value,1919.0,7.55956,1767.0,1676.0,1695.0,1792.0,1903.0,1689.0,1395.0,1431.0,1681.0,3036.0,1777.57,82.11,1732.29,134.35,1582.97,177.35,1811.17,409.95,1955.31,512.61,0.08252,0.00837,0.31891,0.13242,474.0,492.0,699.0,715.0,724.0,797.0,442.0,443.0,475.0,0.21548,-0.97651,-0.42083,0.90714,14,2014-07-09,20,1648.0,-0.15224,train
2014-06-20,bci_value,1950.0,7.57558,1919.0,1767.0,1676.0,1730.0,1864.0,1793.0,1429.0,1354.0,1613.0,3055.0,1789.86,98.85,1769.5,116.1,1594.2,189.17,1792.75,377.17,1959.08,511.31,0.01603,0.0451,0.31085,0.18973,461.0,474.0,678.0,708.0,715.0,787.0,441.0,442.0,469.0,0.19865,-0.98007,-0.38938,0.92108,14,2014-07-10,20,1523.0,-0.24715,train
2014-06-23,bci_value,1896.0,7.5475,1950.0,1919.0,1767.0,1695.0,1792.0,1846.0,1545.0,1302.0,1541.0,2993.0,1804.71,105.64,1794.57,101.95,1606.03,196.44,1774.47,343.64,1962.58,509.79,-0.02808,0.05641,0.20472,0.20731,452.0,461.0,635.0,704.0,708.0,774.0,440.0,441.0,465.0,0.14783,-0.98901,-0.29241,0.95629,14,2014-07-11,18,1465.0,-0.25789,train
2014-06-24,bci_value,1848.0,7.52186,1896.0,1950.0,1919.0,1676.0,1730.0,1903.0,1604.0,1358.0,1483.0,2761.0,1821.57,101.71,1812.0,87.75,1618.2,199.72,1759.25,318.95,1965.91,508.04,-0.02564,0.06598,0.1416,0.22004,446.0,452.0,582.0,701.0,704.0,760.0,438.0,440.0,459.0,0.13079,-0.99141,-0.25934,0.96579,14,2014-07-14,20,1422.0,-0.26204,train
2014-06-25,bci_value,1799.0,7.49499,1848.0,1896.0,1950.0,1767.0,1695.0,1864.0,1689.0,1457.0,1453.0,2579.0,1836.43,88.93,1819.86,81.06,1629.73,199.84,1746.25,300.64,1968.6,506.51,-0.02687,0.05955,0.06309,0.2136,433.0,446.0,542.0,694.0,701.0,748.0,433.0,438.0,450.0,0.11372,-0.99351,-0.22596,0.97414,14,2014-07-15,20,1377.0,-0.26732,train
2014-06-26,bci_value,1748.0,7.46623,1799.0,1848.0,1896.0,1919.0,1676.0,1792.0,1793.0,1405.0,1496.0,2557.0,1846.71,72.41,1816.64,82.93,1638.13,199.33,1732.77,281.51,1970.76,505.15,-0.02876,0.04206,-0.02542,0.15568,423.0,433.0,514.0,687.0,694.0,740.0,427.0,433.0,446.0,0.09661,-0.99532,-0.19232,0.98133,14,2014-07-16,20,1289.0,-0.30461,train
2014-06-27,bci_value,1773.0,7.48043,1748.0,1799.0,1848.0,1950.0,1767.0,1730.0,1846.0,1379.0,1546.0,2573.0,1847.57,71.49,1811.43,83.21,1645.7,200.0,1719.43,259.48,1972.4,504.27,0.0142,0.00339,-0.04035,0.137,419.0,423.0,492.0,679.0,687.0,724.0,420.0,427.0,443.0,0.07948,-0.99684,-0.15845,0.98737,14,2014-07-17,20,1248.0,-0.35113,train
2014-06-30,bci_value,1871.0,7.53423,1773.0,1748.0,1799.0,1896.0,1919.0,1695.0,1903.0,1395.0,1530.0,2505.0,1840.71,66.43,1809.14,81.08,1657.07,202.77,1708.87,239.41,1974.67,503.34,0.0538,-0.02533,-0.01696,0.20121,423.0,419.0,474.0,678.0,679.0,715.0,413.0,420.0,442.0,0.02795,-0.99961,-0.05588,0.99844,14,2014-07-18,18,1235.0,-0.4154,train
2014-07-01,bci_value,2045.0,7.62315,1871.0,1773.0,1748.0,1848.0,1950.0,1676.0,1864.0,1429.0,1494.0,2418.0,1854.29,92.11,1822.07,100.82,1675.43,211.92,1702.65,225.34,1978.61,502.49,0.08892,0.04757,0.09267,0.31394,446.0,423.0,461.0,675.0,678.0,708.0,409.0,413.0,441.0,0.01075,-0.99994,-0.0215,0.99977,14,2014-07-21,20,1194.0,-0.53809,train
2014-07-02,bci_value,1999.0,7.6004,2045.0,1871.0,1773.0,1799.0,1896.0,1767.0,1792.0,1545.0,1431.0,2343.0,1869.0,104.93,1836.86,110.08,1694.37,214.59,1696.92,213.02,1982.16,501.49,-0.02275,0.0529,0.10931,0.33427,485.0,446.0,452.0,676.0,675.0,704.0,408.0,409.0,440.0,-0.00645,-0.99998,0.0129,0.99992,14,2014-07-22,20,1191.0,-0.51785,train
2014-07-03,bci_value,1935.0,7.56786,1999.0,2045.0,1871.0,1748.0,1848.0,1919.0,1730.0,1604.0,1354.0,2306.0,1881.43,106.85,1851.5,108.52,1713.73,209.15,1690.73,200.25,1984.76,500.64,-0.03254,0.046,0.11199,0.35704,557.0,485.0,446.0,677.0,676.0,701.0,404.0,408.0,438.0,-0.02365,-0.99972,0.04729,0.99888,14,2014-07-23,20,1198.0,-0.47945,train
2014-07-04,bci_value,1864.0,7.53048,1935.0,1999.0,2045.0,1773.0,1799.0,1950.0,1695.0,1689.0,1302.0,2293.0,1890.71,101.99,1863.57,99.46,1732.47,196.2,1683.58,185.75,1986.5,499.94,-0.03738,0.03549,0.09504,0.35882,640.0,557.0,433.0,680.0,677.0,694.0,403.0,404.0,433.0,-0.04084,-0.99917,0.08162,0.99666,14,2014-07-24,20,1201.0,-0.43957,train
2014-07-07,bci_value,1808.0,7.49998,1864.0,1935.0,1999.0,1871.0,1748.0,1896.0,1676.0,1793.0,1358.0,2029.0,1899.29,91.63,1873.0,86.66,1747.47,183.81,1679.9,181.0,1986.87,499.79,-0.0305,0.03375,0.07581,0.28621,680.0,640.0,423.0,682.0,680.0,687.0,402.0,403.0,427.0,-0.09233,-0.99573,0.18387,0.98295,14,2014-07-25,18,1193.0,-0.41575,train
2014-07-08,bci_value,1755.0,7.47022,1808.0,1864.0,1935.0,2045.0,1773.0,1848.0,1767.0,1846.0,1457.0,1946.0,1896.71,95.32,1872.14,87.76,1757.4,175.71,1676.72,177.94,1985.12,500.33,-0.02975,-0.0102,-0.00681,0.18609,704.0,680.0,419.0,686.0,682.0,679.0,400.0,402.0,420.0,-0.10945,-0.99399,0.21758,0.97604,14,2014-07-28,20,1187.0,-0.39104,train
2014-07-09,bci_value,1648.0,7.40732,1755.0,1808.0,1864.0,1999.0,1871.0,1799.0,1919.0,1903.0,1405.0,1865.0,1864.86,129.67,1852.79,103.73,1765.5,164.53,1673.1,176.28,1980.67,501.52,-0.06291,-0.12691,-0.15224,0.15953,710.0,704.0,423.0,687.0,686.0,678.0,397.0,400.0,413.0,-0.12653,-0.99196,0.25102,0.96798,14,2014-07-29,20,1195.0,-0.32142,train
2014-07-10,bci_value,1523.0,7.32844,1648.0,1755.0,1808.0,1935.0,2045.0,1748.0,1950.0,1864.0,1379.0,1789.0,1790.29,152.68,1822.29,130.09,1770.3,155.01,1668.67,176.65,1974.43,503.68,-0.07888,-0.29472,-0.24715,0.09932,702.0,710.0,446.0,684.0,687.0,675.0,393.0,397.0,409.0,-0.14357,-0.98964,0.28417,0.95877,14,2014-07-30,20,1200.0,-0.23836,train
2014-07-11,bci_value,1465.0,7.28961,1523.0,1648.0,1755.0,1864.0,1999.0,1773.0,1896.0,1792.0,1395.0,1765.0,1714.0,162.44,1791.5,157.18,1772.63,149.78,1663.67,178.09,1966.49,506.01,-0.03883,-0.31079,-0.25789,0.04896,679.0,702.0,485.0,681.0,684.0,676.0,390.0,393.0,408.0,-0.16057,-0.98702,0.31698,0.94843,14,2014-07-31,20,1195.0,-0.20371,train
2014-07-14,bci_value,1422.0,7.25982,1465.0,1523.0,1648.0,1808.0,1935.0,1871.0,1848.0,1730.0,1429.0,1724.0,1640.71,161.92,1761.07,182.49,1772.4,150.32,1658.63,180.57,1956.44,507.74,-0.02979,-0.30804,-0.26204,-0.00491,666.0,679.0,557.0,679.0,681.0,677.0,385.0,390.0,404.0,-0.21128,-0.97743,0.41301,0.91073,14,2014-08-01,18,1176.0,-0.18995,train
2014-07-15,bci_value,1377.0,7.22766,1422.0,1465.0,1523.0,1755.0,1864.0,2045.0,1799.0,1695.0,1545.0,1613.0,1571.14,155.53,1730.93,206.95,1766.8,161.41,1654.7,184.06,1942.9,506.76,-0.03216,-0.30282,-0.26732,-0.11512,644.0,666.0,640.0,675.0,679.0,680.0,380.0,385.0,403.0,-0.22806,-0.97365,0.4441,0.89598,14,2014-08-04,20,1178.0,-0.15609,train
2014-07-16,bci_value,1289.0,7.16162,1377.0,1422.0,1465.0,1648.0,1808.0,1999.0,1748.0,1676.0,1604.0,1591.0,1497.0,148.49,1698.14,235.97,1756.3,180.74,1649.67,189.77,1925.78,502.51,-0.06604,-0.33835,-0.30461,-0.21863,621.0,644.0,680.0,671.0,675.0,682.0,377.0,380.0,402.0,-0.24477,-0.96958,0.47465,0.88017,14,2014-08-05,20,1163.0,-0.10286,train
2014-07-17,bci_value,1248.0,7.1293,1289.0,1377.0,1422.0,1523.0,1755.0,1935.0,1773.0,1767.0,1689.0,1616.0,1424.57,127.09,1660.64,261.44,1741.6,202.27,1643.53,196.58,1906.53,494.88,-0.03232,-0.34093,-0.35113,-0.30259,603.0,621.0,704.0,666.0,671.0,686.0,373.0,377.0,400.0,-0.26141,-0.96523,0.50465,0.86333,14,2014-08-06,20,1153.0,-0.07918,train
2014-07-18,bci_value,1235.0,7.11883,1248.0,1289.0,1377.0,1465.0,1648.0,1864.0,1871.0,1919.0,1793.0,1674.0,1365.57,103.32,1615.21,275.8,1723.0,221.44,1636.22,203.37,1886.67,485.46,-0.01047,-0.28849,-0.4154,-0.37282,586.0,603.0,710.0,660.0,666.0,687.0,372.0,373.0,397.0,-0.27798,-0.96059,0.53405,0.84546,14,2014-08-07,20,1150.0,-0.07131,train
2014-07-21,bci_value,1194.0,7.08506,1235.0,1248.0,1289.0,1422.0,1523.0,1808.0,2045.0,1950.0,1846.0,1692.0,1318.57,95.55,1554.43,268.05,1701.27,239.55,1627.92,210.94,1866.1,475.05,-0.03376,-0.24337,-0.53809,-0.43571,576.0,586.0,702.0,659.0,660.0,684.0,369.0,372.0,393.0,-0.32716,-0.94497,0.61831,0.78593,14,2014-08-08,18,1166.0,-0.02373,train
2014-07-22,bci_value,1191.0,7.08255,1194.0,1235.0,1248.0,1377.0,1465.0,1755.0,1999.0,1896.0,1903.0,1696.0,1279.43,82.82,1496.71,252.66,1677.53,253.27,1619.5,218.01,1850.44,473.82,-0.00252,-0.20706,-0.51785,-0.46864,576.0,576.0,679.0,659.0,659.0,681.0,364.0,369.0,390.0,-0.34337,-0.9392,0.64498,0.7642,14,2014-08-11,20,1197.0,0.00503,train
2014-07-23,bci_value,1198.0,7.08841,1191.0,1194.0,1235.0,1289.0,1422.0,1648.0,1935.0,1848.0,1864.0,1668.0,1247.43,62.28,1444.07,231.77,1655.33,264.87,1611.67,224.48,1834.27,470.95,0.00586,-0.17141,-0.47945,-0.44207,584.0,576.0,666.0,661.0,659.0,679.0,361.0,364.0,385.0,-0.35947,-0.93316,0.67089,0.74156,14,2014-08-12,20,1350.0,0.11945,train
2014-07-24,bci_value,1201.0,7.09091,1198.0,1191.0,1194.0,1248.0,1377.0,1523.0,1864.0,1799.0,1792.0,1613.0,1222.29,34.01,1396.71,207.6,1635.63,275.73,1604.8,230.55,1817.87,467.0,0.0025,-0.13675,-0.43957,-0.40018,596.0,584.0,644.0,661.0,661.0,675.0,358.0,361.0,380.0,-0.37547,-0.92683,0.696,0.71804,14,2014-08-13,20,1546.0,0.25252,train
2014-07-25,bci_value,1193.0,7.08423,1201.0,1198.0,1191.0,1235.0,1289.0,1465.0,1808.0,1748.0,1730.0,1600.0,1208.57,21.33,1352.79,179.03,1617.73,286.25,1598.02,236.5,1801.22,462.26,-0.00668,-0.0774,-0.41575,-0.37165,606.0,596.0,621.0,666.0,661.0,671.0,357.0,358.0,377.0,-0.39136,-0.92024,0.72029,0.69368,14,2014-08-14,20,1882.0,0.45586,train
2014-07-28,bci_value,1187.0,7.07918,1193.0,1201.0,1198.0,1194.0,1248.0,1422.0,1755.0,1773.0,1695.0,1716.0,1199.86,14.95,1312.21,144.26,1600.8,296.04,1589.2,241.74,1783.1,453.94,-0.00504,-0.05011,-0.39104,-0.35625,616.0,606.0,603.0,679.0,666.0,666.0,358.0,357.0,373.0,-0.43831,-0.89883,0.78792,0.61577,14,2014-08-15,18,2151.0,0.5945,train
2014-07-29,bci_value,1195.0,7.0859,1187.0,1193.0,1201.0,1191.0,1235.0,1377.0,1648.0,1871.0,1676.0,1829.0,1194.14,4.22,1279.86,112.66,1584.77,304.44,1578.63,244.87,1763.24,439.93,0.00672,-0.03292,-0.32142,-0.33826,624.0,616.0,586.0,684.0,679.0,660.0,357.0,358.0,372.0,-0.4537,-0.89115,0.80864,0.58831,14,2014-08-18,20,2254.0,0.63456,train
2014-07-30,bci_value,1200.0,7.09008,1195.0,1187.0,1193.0,1198.0,1194.0,1289.0,1523.0,2045.0,1767.0,1691.0,1195.0,4.69,1256.79,91.62,1565.87,310.09,1570.45,249.14,1741.81,419.38,0.00418,0.00501,-0.23836,-0.38696,625.0,624.0,576.0,688.0,684.0,659.0,356.0,357.0,369.0,-0.46897,-0.88322,0.8284,0.56014,14,2014-08-19,20,2256.0,0.63127,train
2014-07-31,bci_value,1195.0,7.0859,1200.0,1195.0,1187.0,1201.0,1191.0,1248.0,1465.0,1999.0,1919.0,1681.0,1195.57,4.4,1237.5,72.09,1541.73,309.84,1562.35,253.28,1721.36,400.21,-0.00418,0.00335,-0.20371,-0.47366,619.0,625.0,576.0,704.0,688.0,659.0,355.0,356.0,364.0,-0.48409,-0.87502,0.84717,0.53132,14,2014-08-20,20,2380.0,0.68895,train
2014-08-01,bci_value,1176.0,7.06987,1195.0,1200.0,1195.0,1193.0,1198.0,1235.0,1422.0,1935.0,1950.0,1613.0,1192.43,7.96,1219.93,52.23,1515.93,306.98,1555.07,257.96,1700.48,378.52,-0.01603,-0.01853,-0.18995,-0.50571,611.0,619.0,584.0,716.0,704.0,661.0,357.0,355.0,361.0,-0.49907,-0.86656,0.86495,0.50186,14,2014-08-21,20,2578.0,0.7849,train
2014-08-04,bci_value,1178.0,7.07157,1176.0,1195.0,1200.0,1187.0,1201.0,1194.0,1377.0,1864.0,1896.0,1541.0,1189.14,8.48,1205.71,29.81,1492.0,304.39,1549.02,262.44,1680.31,356.85,0.0017,-0.01934,-0.15609,-0.47593,610.0,611.0,596.0,728.0,716.0,661.0,356.0,357.0,358.0,-0.54311,-0.83966,0.91205,0.41007,14,2014-08-22,18,2535.0,0.76638,train
2014-08-05,bci_value,1163.0,7.05876,1178.0,1176.0,1195.0,1195.0,1193.0,1191.0,1289.0,1808.0,1848.0,1483.0,1184.86,12.21,1196.71,21.04,1469.17,302.52,1543.68,266.94,1662.56,342.09,-0.01282,-0.02547,-0.10286,-0.4631,609.0,610.0,606.0,740.0,728.0,666.0,357.0,356.0,357.0,-0.55747,-0.8302,0.92562,0.37846,14,2014-08-26,21,2430.0,0.73689,train
2014-08-06,bci_value,1153.0,7.05012,1163.0,1178.0,1176.0,1200.0,1187.0,1198.0,1248.0,1755.0,1799.0,1453.0,1180.0,16.42,1189.93,18.58,1447.63,301.26,1538.68,271.36,1646.71,332.15,-0.00864,-0.02906,-0.07918,-0.44486,609.0,609.0,616.0,753.0,740.0,679.0,358.0,357.0,358.0,-0.57167,-0.82049,0.93809,0.34639,14,2014-08-27,21,2366.0,0.71883,train
2014-08-07,bci_value,1150.0,7.04752,1153.0,1163.0,1178.0,1195.0,1195.0,1201.0,1235.0,1648.0,1748.0,1496.0,1173.57,18.02,1183.86,16.65,1427.7,300.51,1532.92,275.85,1631.08,321.89,-0.00261,-0.03838,-0.07131,-0.41871,616.0,609.0,624.0,767.0,753.0,684.0,360.0,358.0,357.0,-0.5857,-0.81053,0.94945,0.31392,14,2014-08-28,21,2551.0,0.79672,train
2014-08-08,bci_value,1166.0,7.06133,1150.0,1153.0,1163.0,1176.0,1200.0,1193.0,1194.0,1523.0,1773.0,1546.0,1168.71,14.48,1181.86,16.99,1407.47,297.0,1526.58,279.81,1615.44,309.7,0.01382,-0.02874,-0.02373,-0.41909,624.0,616.0,625.0,785.0,767.0,688.0,363.0,360.0,356.0,-0.59955,-0.80034,0.95969,0.28108,14,2014-08-29,21,2627.0,0.81226,train
2014-08-11,bci_value,1197.0,7.08757,1166.0,1150.0,1153.0,1178.0,1195.0,1187.0,1191.0,1465.0,1871.0,1530.0,1169.0,15.0,1182.29,17.29,1385.0,286.39,1521.03,282.97,1600.91,298.09,0.02624,0.00167,0.00503,-0.44665,634.0,624.0,619.0,804.0,785.0,704.0,366.0,363.0,355.0,-0.64004,-0.76834,0.98354,0.1807,14,2014-09-01,21,2606.0,0.778,train
2014-08-12,bci_value,1350.0,7.20786,1197.0,1166.0,1150.0,1163.0,1176.0,1195.0,1198.0,1422.0,2045.0,1494.0,1193.86,65.42,1193.14,46.61,1361.83,258.85,1518.63,283.8,1589.04,286.36,0.12029,0.13799,0.11945,-0.41529,651.0,634.0,611.0,819.0,804.0,716.0,370.0,366.0,357.0,-0.65316,-0.75722,0.98917,0.14676,14,2014-09-02,21,2568.0,0.64302,train
2014-08-13,bci_value,1546.0,7.34343,1350.0,1197.0,1166.0,1153.0,1178.0,1200.0,1201.0,1377.0,1999.0,1431.0,1246.43,138.55,1217.79,102.25,1346.73,233.18,1520.55,283.59,1580.19,275.0,0.13557,0.27185,0.25252,-0.25698,674.0,651.0,610.0,829.0,819.0,728.0,373.0,370.0,356.0,-0.66609,-0.74587,0.99363,0.11265,14,2014-09-03,21,2489.0,0.47621,train
2014-08-14,bci_value,1882.0,7.54009,1546.0,1350.0,1197.0,1150.0,1163.0,1195.0,1193.0,1289.0,1935.0,1354.0,1349.14,255.65,1267.0,198.75,1344.97,228.87,1529.35,286.46,1575.48,266.01,0.19666,0.48133,0.45586,-0.02777,739.0,674.0,609.0,845.0,829.0,740.0,376.0,373.0,357.0,-0.67882,-0.7343,0.99692,0.07841,14,2014-09-04,21,2464.0,0.26945,train
2014-08-15,bci_value,2151.0,7.67369,1882.0,1546.0,1350.0,1166.0,1153.0,1176.0,1187.0,1248.0,1864.0,1302.0,1491.71,362.48,1335.86,300.2,1354.53,254.89,1543.5,295.7,1573.9,262.14,0.1336,0.62357,0.5945,0.14321,803.0,739.0,609.0,861.0,845.0,753.0,382.0,376.0,358.0,-0.69135,-0.72252,0.99903,0.04407,14,2014-09-05,21,2483.0,0.14353,train
2014-08-18,bci_value,2254.0,7.72046,2151.0,1882.0,1546.0,1197.0,1150.0,1178.0,1195.0,1235.0,1808.0,1358.0,1649.43,415.75,1411.5,378.41,1369.4,291.31,1558.43,308.31,1576.4,267.49,0.04677,0.67294,0.63456,0.22049,836.0,803.0,616.0,877.0,861.0,767.0,387.0,382.0,360.0,-0.7277,-0.68589,0.99825,-0.0591,14,2014-09-08,21,2519.0,0.11116,train
2014-08-19,bci_value,2256.0,7.72135,2254.0,2151.0,1882.0,1350.0,1166.0,1163.0,1200.0,1194.0,1755.0,1457.0,1805.14,409.6,1486.93,430.41,1386.1,325.31,1571.75,320.65,1579.84,274.14,0.00089,0.66001,0.63127,0.25112,837.0,836.0,624.0,889.0,877.0,785.0,394.0,387.0,363.0,-0.73939,-0.67327,0.99563,-0.0934,14,2014-09-09,21,2596.0,0.14038,train
2014-08-20,bci_value,2380.0,7.77486,2256.0,2254.0,2151.0,1546.0,1197.0,1153.0,1195.0,1191.0,1648.0,1405.0,1974.14,365.5,1571.57,478.51,1410.5,368.61,1588.0,336.12,1585.57,285.19,0.05351,0.68728,0.68895,0.36754,828.0,837.0,634.0,902.0,889.0,804.0,399.0,394.0,366.0,-0.75086,-0.66046,0.99183,-0.12759,14,2014-09-10,21,2602.0,0.08918,train
2014-08-21,bci_value,2578.0,7.85477,2380.0,2256.0,2254.0,1882.0,1350.0,1150.0,1176.0,1198.0,1523.0,1379.0,2149.57,315.05,1671.71,529.26,1445.67,423.85,1607.98,358.03,1594.33,302.88,0.07991,0.64691,0.7849,0.52633,818.0,828.0,651.0,912.0,902.0,819.0,406.0,399.0,370.0,-0.76211,-0.64744,0.98685,-0.16164,14,2014-09-11,21,2570.0,-0.00311,train
2014-08-22,bci_value,2535.0,7.83795,2578.0,2380.0,2256.0,2151.0,1546.0,1166.0,1178.0,1201.0,1465.0,1395.0,2290.86,220.16,1768.64,553.66,1481.33,466.82,1626.98,376.02,1602.89,318.08,-0.01682,0.49452,0.76638,0.54834,812.0,818.0,674.0,925.0,912.0,829.0,413.0,406.0,373.0,-0.77314,-0.63424,0.98071,-0.19549,14,2014-09-12,21,2546.0,0.00433,train
2014-08-26,bci_value,2430.0,7.79565,2535.0,2578.0,2380.0,2254.0,1882.0,1197.0,1163.0,1193.0,1422.0,1429.0,2369.14,145.7,1859.14,550.81,1514.93,496.66,1643.67,388.85,1610.73,329.47,-0.0423,0.25556,0.73689,0.53583,808.0,812.0,739.0,937.0,925.0,845.0,420.0,413.0,376.0,-0.81492,-0.57958,0.94462,-0.32818,14,2014-09-15,20,2523.0,0.03756,train
2014-08-27,bci_value,2366.0,7.76896,2430.0,2535.0,2578.0,2256.0,2151.0,1350.0,1153.0,1187.0,1377.0,1545.0,2399.86,116.14,1945.79,527.84,1547.9,518.74,1657.35,399.44,1619.1,338.85,-0.02669,0.09527,0.71883,0.54129,811.0,808.0,803.0,944.0,937.0,861.0,427.0,420.0,382.0,-0.82477,-0.56548,0.93277,-0.36047,14,2014-09-16,20,2442.0,0.03162,train
2014-08-28,bci_value,2551.0,7.84424,2366.0,2430.0,2535.0,2380.0,2254.0,1546.0,1150.0,1195.0,1289.0,1604.0,2442.29,109.14,2045.86,499.53,1589.97,546.47,1673.13,415.41,1629.77,352.62,0.07528,0.12378,0.79672,0.68262,842.0,811.0,836.0,952.0,944.0,877.0,437.0,427.0,387.0,-0.83437,-0.5512,0.91982,-0.39235,14,2014-09-17,20,2342.0,-0.08548,train
2014-08-29,bci_value,2627.0,7.8736,2551.0,2366.0,2430.0,2578.0,2256.0,1882.0,1166.0,1200.0,1248.0,1689.0,2495.29,94.97,2150.21,455.49,1635.93,573.12,1688.77,432.99,1641.0,367.78,0.02936,0.15225,0.81226,0.7443,871.0,842.0,837.0,963.0,952.0,889.0,442.0,437.0,394.0,-0.84373,-0.53677,0.90578,-0.42375,14,2014-09-18,20,2192.0,-0.18103,train
2014-09-01,bci_value,2606.0,7.86557,2627.0,2551.0,2366.0,2535.0,2380.0,2151.0,1197.0,1195.0,1235.0,1793.0,2527.57,88.49,2250.86,383.77,1681.63,593.62,1702.32,448.49,1651.36,381.44,-0.00803,0.09072,0.778,0.74675,888.0,871.0,828.0,970.0,963.0,902.0,450.0,442.0,399.0,-0.87029,-0.49253,0.8573,-0.51482,14,2014-09-19,18,2112.0,-0.21018,train
2014-09-02,bci_value,2568.0,7.85088,2606.0,2627.0,2551.0,2430.0,2578.0,2254.0,1350.0,1176.0,1194.0,1846.0,2526.14,87.74,2337.86,298.21,1727.43,607.09,1714.35,461.67,1661.09,393.34,-0.01469,-0.00389,0.64302,0.76582,903.0,888.0,818.0,977.0,970.0,912.0,456.0,450.0,406.0,-0.87864,-0.47749,0.83908,-0.54401,14,2014-09-22,20,2118.0,-0.19266,train
2014-09-03,bci_value,2489.0,7.81964,2568.0,2606.0,2627.0,2366.0,2535.0,2256.0,1546.0,1178.0,1191.0,1903.0,2519.57,88.55,2405.21,203.06,1770.7,613.53,1724.12,471.65,1669.9,402.79,-0.03125,-0.01831,0.47621,0.73709,919.0,903.0,812.0,983.0,977.0,925.0,462.0,456.0,413.0,-0.88672,-0.4623,0.81987,-0.57255,14,2014-09-23,20,2077.0,-0.18096,train
2014-09-04,bci_value,2464.0,7.80954,2489.0,2568.0,2606.0,2551.0,2430.0,2380.0,1882.0,1163.0,1198.0,1864.0,2524.43,84.33,2446.79,142.12,1812.9,616.22,1734.12,480.78,1678.74,411.3,-0.01009,0.01389,0.26945,0.72113,927.0,919.0,808.0,988.0,983.0,937.0,466.0,462.0,420.0,-0.89454,-0.44698,0.79969,-0.60041,14,2014-09-24,20,1967.0,-0.22528,train
2014-09-05,bci_value,2483.0,7.81722,2464.0,2489.0,2568.0,2627.0,2366.0,2578.0,2151.0,1153.0,1201.0,1792.0,2541.14,59.1,2470.5,116.11,1855.63,616.76,1745.63,490.21,1688.41,419.78,0.00768,0.04827,0.14353,0.72631,931.0,927.0,811.0,993.0,988.0,944.0,469.0,466.0,427.0,-0.9021,-0.43153,0.77856,-0.62756,14,2014-09-25,20,1837.0,-0.30133,train
2014-09-08,bci_value,2519.0,7.83162,2483.0,2464.0,2489.0,2606.0,2551.0,2535.0,2254.0,1150.0,1193.0,1730.0,2536.57,59.39,2489.43,99.71,1899.83,615.2,1758.78,500.1,1698.62,428.59,0.01439,-0.01262,0.11116,0.74739,940.0,931.0,842.0,997.0,993.0,952.0,472.0,469.0,437.0,-0.92316,-0.38442,0.70976,-0.70444,14,2014-09-26,18,1852.0,-0.3076,train
2014-09-09,bci_value,2596.0,7.86173,2519.0,2483.0,2464.0,2568.0,2627.0,2430.0,2256.0,1166.0,1187.0,1695.0,2532.14,53.33,2513.71,79.19,1946.8,612.77,1773.8,511.36,1708.4,438.79,0.03011,-0.01187,0.14038,0.78254,940.0,940.0,871.0,995.0,997.0,963.0,472.0,472.0,442.0,-0.92963,-0.36848,0.68511,-0.72844,14,2014-09-29,20,1922.0,-0.30061,train
2014-09-10,bci_value,2602.0,7.86404,2596.0,2519.0,2483.0,2489.0,2606.0,2366.0,2380.0,1197.0,1195.0,1676.0,2531.57,52.55,2529.57,72.8,1993.7,607.25,1789.23,522.04,1716.99,448.53,0.00231,-0.00154,0.08918,0.77813,916.0,940.0,888.0,1001.0,995.0,970.0,474.0,472.0,450.0,-0.93583,-0.35244,0.65965,-0.75157,14,2014-09-30,20,1915.0,-0.30656,train
2014-09-11,bci_value,2570.0,7.85166,2602.0,2596.0,2519.0,2464.0,2568.0,2551.0,2578.0,1350.0,1200.0,1767.0,2531.86,52.76,2529.0,72.45,2039.37,597.28,1802.62,531.5,1726.76,457.34,-0.01237,0.00078,-0.00311,0.76158,895.0,916.0,903.0,1003.0,1001.0,977.0,476.0,474.0,456.0,-0.94176,-0.33629,0.63341,-0.77382,14,2014-10-01,20,1853.0,-0.3271,train
2014-09-12,bci_value,2546.0,7.84228,2570.0,2602.0,2596.0,2483.0,2489.0,2627.0,2535.0,1546.0,1195.0,1919.0,2540.0,49.83,2529.79,72.57,2084.4,582.67,1813.07,539.79,1736.37,465.29,-0.00938,0.02264,0.00433,0.75638,875.0,895.0,919.0,1000.0,1003.0,983.0,477.0,476.0,462.0,-0.9474,-0.32004,0.60641,-0.79515,14,2014-10-02,20,1788.0,-0.35343,train
2014-09-15,bci_value,2523.0,7.8332,2546.0,2570.0,2602.0,2519.0,2464.0,2606.0,2430.0,1882.0,1176.0,1950.0,2548.43,40.35,2536.43,67.19,2129.3,562.49,1822.62,547.15,1746.48,472.34,-0.00907,0.02366,0.03756,0.76333,860.0,875.0,927.0,1006.0,1000.0,988.0,479.0,477.0,466.0,-0.96265,-0.27074,0.52126,-0.8534,14,2014-10-03,18,1758.0,-0.36127,train
2014-09-16,bci_value,2442.0,7.80057,2523.0,2546.0,2570.0,2596.0,2483.0,2568.0,2366.0,2151.0,1178.0,1896.0,2542.57,51.0,2541.86,55.2,2171.43,536.39,1831.72,552.8,1756.49,477.4,-0.03263,-0.01665,0.03162,0.729,843.0,860.0,931.0,1016.0,1006.0,993.0,484.0,479.0,469.0,-0.96717,-0.25414,0.4916,-0.87082,14,2014-10-06,20,1735.0,-0.34181,train
2014-09-17,bci_value,2342.0,7.75876,2442.0,2523.0,2546.0,2602.0,2519.0,2489.0,2551.0,2254.0,1163.0,1848.0,2517.29,87.34,2526.93,75.31,2210.73,503.23,1839.95,556.65,1766.03,480.41,-0.04181,-0.07286,-0.08548,0.7,829.0,843.0,940.0,1028.0,1016.0,997.0,488.0,484.0,472.0,-0.9714,-0.23747,0.46135,-0.88722,14,2014-10-07,20,1698.0,-0.32155,train
2014-09-18,bci_value,2192.0,7.69257,2342.0,2442.0,2523.0,2570.0,2596.0,2464.0,2627.0,2256.0,1153.0,1799.0,2459.57,136.12,2495.86,109.56,2245.37,463.42,1846.5,558.44,1774.24,481.31,-0.06619,-0.16916,-0.18103,0.64245,819.0,829.0,940.0,1031.0,1028.0,995.0,494.0,488.0,472.0,-0.97534,-0.22072,0.43056,-0.90256,14,2014-10-08,20,1632.0,-0.29501,train
2014-09-19,bci_value,2112.0,7.65539,2192.0,2342.0,2442.0,2546.0,2602.0,2483.0,2606.0,2380.0,1150.0,1748.0,2389.57,167.3,2460.57,142.89,2277.43,417.52,1852.57,559.31,1781.09,481.68,-0.03718,-0.20865,-0.21018,0.60787,814.0,819.0,916.0,1030.0,1031.0,1001.0,498.0,494.0,474.0,-0.97899,-0.20391,0.39926,-0.91684,14,2014-10-09,20,1580.0,-0.29021,train
2014-09-22,bci_value,2118.0,7.65823,2112.0,2192.0,2342.0,2523.0,2570.0,2519.0,2568.0,2578.0,1166.0,1773.0,2325.0,172.35,2428.43,164.14,2309.17,364.68,1858.32,560.24,1787.44,482.31,0.00284,-0.19343,-0.19266,0.59689,809.0,814.0,895.0,1029.0,1030.0,1003.0,505.0,498.0,476.0,-0.9882,-0.15314,0.30267,-0.9531,14,2014-10-10,18,1544.0,-0.3161,train
2014-09-23,bci_value,2077.0,7.63868,2118.0,2112.0,2192.0,2442.0,2546.0,2596.0,2489.0,2535.0,1197.0,1871.0,2258.0,164.39,2399.0,186.1,2338.5,304.46,1861.75,560.93,1793.52,482.47,-0.01955,-0.2036,-0.18096,0.55111,800.0,809.0,875.0,1032.0,1029.0,1000.0,513.0,505.0,477.0,-0.99069,-0.13612,0.26971,-0.96294,14,2014-10-13,20,1521.0,-0.31156,train
2014-09-24,bci_value,1967.0,7.58426,2077.0,2118.0,2112.0,2342.0,2523.0,2602.0,2464.0,2430.0,1350.0,2045.0,2178.57,150.93,2363.5,215.41,2359.07,253.58,1860.45,560.6,1798.78,481.76,-0.05442,-0.24894,-0.22528,0.3764,798.0,800.0,860.0,1041.0,1032.0,1006.0,521.0,513.0,479.0,-0.99289,-0.11906,0.23642,-0.97165,14,2014-10-14,20,1485.0,-0.28109,train
2014-09-25,bci_value,1837.0,7.51589,1967.0,2077.0,2118.0,2192.0,2442.0,2570.0,2483.0,2366.0,1546.0,1999.0,2092.14,148.54,2317.36,251.11,2368.77,226.4,1857.75,560.31,1803.29,480.19,-0.06838,-0.28468,-0.30133,0.17246,799.0,798.0,843.0,1045.0,1041.0,1016.0,525.0,521.0,484.0,-0.99479,-0.10196,0.20286,-0.97921,14,2014-10-15,20,1376.0,-0.28895,train
2014-09-26,bci_value,1852.0,7.52402,1837.0,1967.0,2077.0,2112.0,2342.0,2546.0,2519.0,2551.0,1882.0,1935.0,2022.14,128.39,2269.71,270.83,2367.77,228.61,1856.37,560.22,1808.82,477.85,0.00813,-0.23474,-0.3076,-0.01607,807.0,799.0,829.0,1046.0,1045.0,1028.0,526.0,525.0,488.0,-0.9964,-0.08483,0.16906,-0.98561,14,2014-10-16,20,1315.0,-0.34243,train
2014-09-29,bci_value,1922.0,7.56112,1852.0,1837.0,1967.0,2118.0,2192.0,2523.0,2596.0,2627.0,2151.0,1864.0,1983.57,110.94,2221.57,268.44,2360.13,239.29,1857.33,560.29,1815.71,474.95,0.0371,-0.13145,-0.30061,-0.11257,812.0,807.0,819.0,1053.0,1046.0,1031.0,528.0,526.0,494.0,-0.99944,-0.03332,0.06661,-0.99778,14,2014-10-17,18,1362.0,-0.34441,train
2014-09-30,bci_value,1915.0,7.55747,1922.0,1852.0,1837.0,2077.0,2112.0,2442.0,2602.0,2606.0,2254.0,1808.0,1955.43,99.15,2172.5,256.96,2348.83,251.72,1859.12,560.3,1821.9,472.57,-0.00365,-0.09792,-0.30656,-0.16299,826.0,812.0,814.0,1054.0,1053.0,1030.0,529.0,528.0,498.0,-0.99987,-0.01613,0.03225,-0.99948,14,2014-10-20,20,1512.0,-0.23628,train
2014-10-01,bci_value,1853.0,7.52456,1915.0,1922.0,1852.0,1967.0,2118.0,2342.0,2570.0,2568.0,2256.0,1755.0,1917.57,78.24,2121.29,243.75,2335.4,266.62,1860.75,560.13,1826.3,470.99,-0.03291,-0.13367,-0.3271,-0.19679,854.0,826.0,809.0,1051.0,1054.0,1029.0,531.0,529.0,505.0,-1.0,0.00108,-0.00215,-1.0,14,2014-10-21,20,2003.0,0.07784,train
2014-10-02,bci_value,1788.0,7.48885,1853.0,1915.0,1922.0,1837.0,2077.0,2192.0,2546.0,2489.0,2380.0,1648.0,1876.29,56.43,2067.14,227.0,2315.67,283.94,1863.08,559.53,1830.56,468.89,-0.03571,-0.14983,-0.35343,-0.286,878.0,854.0,800.0,1045.0,1051.0,1032.0,531.0,531.0,513.0,-0.99983,0.01828,-0.03655,-0.99933,14,2014-10-22,20,2186.0,0.20098,train
2014-10-03,bci_value,1758.0,7.47193,1788.0,1853.0,1915.0,1852.0,1967.0,2112.0,2523.0,2464.0,2578.0,1523.0,1846.43,55.82,2012.5,201.32,2288.33,296.56,1867.0,557.96,1834.77,466.51,-0.01692,-0.11233,-0.36127,-0.38284,887.0,878.0,798.0,1033.0,1045.0,1041.0,530.0,531.0,521.0,-0.99937,0.03547,-0.0709,-0.99748,14,2014-10-23,20,2258.0,0.2503,train
2014-10-06,bci_value,1735.0,7.45876,1758.0,1788.0,1853.0,1922.0,1837.0,2118.0,2442.0,2483.0,2535.0,1465.0,1831.86,68.3,1962.0,174.07,2261.67,308.89,1871.5,555.78,1838.54,464.31,-0.01317,-0.05713,-0.34181,-0.37919,889.0,887.0,799.0,1028.0,1033.0,1045.0,530.0,530.0,525.0,-0.99621,0.08698,-0.1733,-0.98487,14,2014-10-24,18,2422.0,0.33359,train
2014-10-07,bci_value,1698.0,7.43721,1735.0,1758.0,1788.0,1915.0,1852.0,2077.0,2342.0,2519.0,2430.0,1422.0,1809.86,81.74,1916.0,151.16,2237.27,323.21,1876.1,553.18,1841.53,462.52,-0.02156,-0.08682,-0.32155,-0.35844,884.0,889.0,807.0,1017.0,1028.0,1046.0,528.0,530.0,526.0,-0.99457,0.1041,-0.20707,-0.97833,14,2014-10-27,20,2852.0,0.51857,train
2014-10-08,bci_value,1632.0,7.39756,1698.0,1735.0,1758.0,1853.0,1922.0,1967.0,2192.0,2596.0,2366.0,1377.0,1768.43,87.68,1876.0,146.87,2212.8,339.89,1880.35,550.3,1842.5,461.99,-0.03964,-0.16356,-0.29501,-0.37139,869.0,884.0,812.0,1007.0,1017.0,1053.0,523.0,528.0,528.0,-0.99263,0.12119,-0.2406,-0.97062,14,2014-10-28,20,3436.0,0.7445,train
2014-10-09,bci_value,1580.0,7.36518,1632.0,1698.0,1735.0,1788.0,1915.0,1837.0,2112.0,2602.0,2551.0,1289.0,1720.57,86.03,1838.0,149.68,2180.43,352.15,1885.2,546.34,1842.23,462.14,-0.03238,-0.19229,-0.29021,-0.47906,864.0,869.0,826.0,993.0,1007.0,1054.0,520.0,523.0,529.0,-0.9904,0.13825,-0.27385,-0.96177,14,2014-10-29,20,3560.0,0.81234,train
2014-10-10,bci_value,1544.0,7.34213,1580.0,1632.0,1698.0,1758.0,1853.0,1852.0,2118.0,2570.0,2627.0,1248.0,1676.43,86.03,1797.0,145.94,2144.33,359.95,1890.13,541.88,1840.62,462.92,-0.02305,-0.18243,-0.3161,-0.53147,865.0,864.0,854.0,980.0,993.0,1051.0,516.0,520.0,531.0,-0.98787,0.15527,-0.30677,-0.95178,14,2014-10-30,20,3534.0,0.82805,train
2014-10-13,bci_value,1521.0,7.32712,1544.0,1580.0,1632.0,1735.0,1788.0,1922.0,2077.0,2546.0,2606.0,1235.0,1638.29,87.29,1757.29,139.87,2108.17,366.2,1894.9,537.33,1837.6,464.11,-0.01501,-0.16173,-0.31156,-0.53845,868.0,865.0,878.0,970.0,980.0,1045.0,513.0,516.0,531.0,-0.97855,0.20602,-0.4032,-0.91511,14,2014-10-31,18,3552.0,0.84814,train
2014-10-14,bci_value,1485.0,7.30317,1521.0,1544.0,1580.0,1698.0,1758.0,1915.0,1967.0,2523.0,2568.0,1194.0,1599.29,86.07,1722.86,143.29,2072.07,372.42,1899.75,532.28,1833.59,465.58,-0.02395,-0.16876,-0.28109,-0.54771,885.0,868.0,887.0,959.0,970.0,1033.0,510.0,513.0,530.0,-0.97486,0.22282,-0.43444,-0.9007,14,2014-11-03,20,3640.0,0.89657,train
2014-10-15,bci_value,1376.0,7.22694,1485.0,1521.0,1544.0,1632.0,1735.0,1853.0,1837.0,2442.0,2489.0,1191.0,1548.0,96.27,1689.93,164.65,2034.97,384.28,1902.83,528.69,1827.73,467.97,-0.07623,-0.23183,-0.28895,-0.5927,909.0,885.0,889.0,952.0,959.0,1028.0,506.0,510.0,530.0,-0.97088,0.23956,-0.46516,-0.88523,14,2014-11-04,20,3781.0,1.01081,train
2014-10-16,bci_value,1315.0,7.18159,1376.0,1485.0,1521.0,1580.0,1698.0,1788.0,1852.0,2342.0,2464.0,1198.0,1493.29,104.0,1651.57,183.86,1996.67,396.67,1904.78,526.29,1821.63,471.03,-0.04534,-0.25561,-0.34243,-0.62795,940.0,909.0,884.0,944.0,952.0,1017.0,503.0,506.0,528.0,-0.96662,0.25622,-0.49534,-0.8687,14,2014-11-05,20,3702.0,1.03504,train
2014-10-17,bci_value,1362.0,7.21671,1315.0,1376.0,1485.0,1544.0,1632.0,1758.0,1922.0,2192.0,2483.0,1201.0,1454.71,95.09,1611.57,181.57,1959.3,401.87,1907.47,523.1,1816.86,473.48,0.03512,-0.18085,-0.34441,-0.60051,966.0,940.0,869.0,933.0,944.0,1007.0,501.0,503.0,523.0,-0.96207,0.27281,-0.52493,-0.85115,14,2014-11-06,20,3612.0,0.97531,train
2014-10-20,bci_value,1512.0,7.32119,1362.0,1315.0,1376.0,1521.0,1580.0,1735.0,1915.0,2112.0,2519.0,1193.0,1445.0,84.7,1582.79,162.09,1925.73,395.72,1912.78,517.4,1814.43,474.48,0.10448,-0.04399,-0.23628,-0.51043,995.0,966.0,864.0,923.0,933.0,993.0,498.0,501.0,520.0,-0.94671,0.32208,-0.60983,-0.79253,14,2014-11-07,18,3661.0,0.8843,train
2014-10-21,bci_value,2003.0,7.6024,1512.0,1362.0,1315.0,1485.0,1544.0,1698.0,1853.0,2118.0,2596.0,1187.0,1510.57,214.37,1593.5,183.18,1905.97,376.07,1926.38,508.8,1817.86,474.71,0.28121,0.26027,0.07784,-0.25933,1032.0,995.0,865.0,916.0,923.0,980.0,498.0,498.0,516.0,-0.94103,0.33831,-0.63673,-0.77109,14,2014-11-10,20,3613.0,0.58989,train
2014-10-22,bci_value,2186.0,7.68983,2003.0,1512.0,1362.0,1376.0,1521.0,1632.0,1788.0,2077.0,2602.0,1195.0,1605.57,319.51,1621.93,234.78,1892.1,357.36,1942.9,500.81,1823.52,476.03,0.08743,0.36271,0.20098,-0.17421,1066.0,1032.0,868.0,911.0,916.0,970.0,496.0,498.0,513.0,-0.93507,0.35445,-0.66288,-0.74873,14,2014-11-11,20,3419.0,0.44727,train
2014-10-23,bci_value,2258.0,7.72223,2186.0,2003.0,1512.0,1315.0,1485.0,1580.0,1758.0,1967.0,2570.0,1200.0,1716.0,385.52,1657.64,285.34,1881.7,341.67,1960.53,492.9,1828.98,478.16,0.03241,0.41906,0.2503,-0.12943,1099.0,1066.0,885.0,907.0,911.0,959.0,491.0,496.0,510.0,-0.92884,0.37048,-0.68824,-0.72549,14,2014-11-12,20,3229.0,0.35769,train
2014-10-24,bci_value,2422.0,7.79235,2258.0,2186.0,2003.0,1362.0,1376.0,1544.0,1735.0,1837.0,2546.0,1195.0,1865.43,425.42,1706.71,346.87,1877.57,334.28,1980.98,486.13,1834.57,482.1,0.07011,0.56541,0.33359,-0.04993,1121.0,1099.0,909.0,906.0,907.0,952.0,489.0,491.0,506.0,-0.92233,0.38641,-0.71279,-0.70138,14,2014-11-13,20,2972.0,0.20464,train
2014-10-27,bci_value,2852.0,7.95578,2422.0,2258.0,2186.0,1512.0,1315.0,1521.0,1698.0,1852.0,2523.0,1176.0,2085.0,478.06,1789.14,455.2,1888.53,359.71,2008.92,487.22,1844.59,493.63,0.16343,0.77418,0.51857,0.12257,1137.0,1121.0,940.0,900.0,906.0,944.0,485.0,489.0,503.0,-0.90117,0.43347,-0.78126,-0.62421,14,2014-11-14,18,2931.0,0.02732,train
2014-10-28,bci_value,3436.0,8.14206,2852.0,2422.0,2258.0,2003.0,1362.0,1485.0,1632.0,1922.0,2442.0,1178.0,2381.29,571.68,1918.0,618.52,1921.67,444.86,2046.55,508.33,1861.7,521.05,0.18629,0.92535,0.7445,0.34149,1172.0,1137.0,966.0,899.0,900.0,933.0,481.0,485.0,501.0,-0.89358,0.44891,-0.80227,-0.59697,14,2014-11-17,20,2971.0,-0.14541,train
2014-10-29,bci_value,3560.0,8.17752,3436.0,2852.0,2422.0,2186.0,1512.0,1376.0,1580.0,1915.0,2342.0,1163.0,2673.86,575.98,2059.43,739.58,1962.27,528.99,2086.5,531.01,1880.72,550.61,0.03545,0.85633,0.81234,0.41876,1202.0,1172.0,995.0,898.0,899.0,923.0,476.0,481.0,498.0,-0.88572,0.46421,-0.82233,-0.56902,14,2014-11-18,20,3106.0,-0.13642,train
2014-10-30,bci_value,3534.0,8.17019,3560.0,3436.0,2852.0,2258.0,2003.0,1315.0,1544.0,1853.0,2192.0,1153.0,2892.57,570.37,2201.57,814.32,2007.0,598.68,2126.18,548.45,1900.0,577.15,-0.00733,0.56778,0.82805,0.47762,1222.0,1202.0,1032.0,896.0,898.0,916.0,472.0,476.0,498.0,-0.87761,0.47938,-0.84141,-0.54039,14,2014-11-19,20,3127.0,-0.12236,train
2014-10-31,bci_value,3552.0,8.17527,3534.0,3560.0,3436.0,2422.0,2186.0,1362.0,1521.0,1788.0,2112.0,1150.0,3087.71,527.29,2346.64,859.8,2055.0,659.78,2166.22,563.2,1920.04,602.3,0.00508,0.48544,0.84814,0.51988,1233.0,1222.0,1066.0,891.0,896.0,911.0,467.0,472.0,496.0,-0.86923,0.4944,-0.8595,-0.51113,14,2014-11-20,20,3130.0,-0.12648,train
2014-11-03,bci_value,3640.0,8.19974,3552.0,3534.0,3560.0,2852.0,2258.0,1512.0,1485.0,1758.0,2118.0,1166.0,3285.14,429.28,2500.57,884.31,2105.73,718.57,2207.45,578.81,1940.79,628.46,0.02447,0.4775,0.89657,0.54151,1241.0,1233.0,1099.0,892.0,891.0,907.0,463.0,467.0,491.0,-0.84257,0.53858,-0.90759,-0.41986,14,2014-11-21,18,3038.0,-0.18078,train
2014-11-04,bci_value,3781.0,8.23774,3640.0,3552.0,3534.0,3436.0,2422.0,2003.0,1376.0,1735.0,2077.0,1197.0,3479.29,274.39,2672.36,882.76,2162.53,778.88,2250.52,597.84,1962.01,657.33,0.038,0.44539,1.01081,0.59906,1238.0,1241.0,1121.0,889.0,892.0,906.0,458.0,463.0,489.0,-0.83318,0.553,-0.9215,-0.38839,14,2014-11-24,20,2975.0,-0.23974,train
2014-11-05,bci_value,3702.0,8.21663,3781.0,3640.0,3552.0,3560.0,2852.0,2186.0,1315.0,1698.0,1967.0,1350.0,3600.71,106.85,2842.86,833.26,2220.37,825.24,2289.72,614.39,1980.42,682.14,-0.02112,0.26085,1.03504,0.63236,1224.0,1238.0,1137.0,888.0,889.0,900.0,457.0,458.0,485.0,-0.82355,0.56725,-0.93431,-0.35646,14,2014-11-25,20,2963.0,-0.22267,train
2014-11-06,bci_value,3612.0,8.19202,3702.0,3781.0,3640.0,3534.0,3436.0,2258.0,1362.0,1632.0,1837.0,1546.0,3625.86,83.23,3003.57,744.39,2279.53,858.59,2324.15,629.45,1998.34,703.25,-0.02461,0.04995,0.97531,0.67613,1205.0,1224.0,1172.0,888.0,888.0,899.0,455.0,457.0,481.0,-0.81367,0.58133,-0.94602,-0.32411,14,2014-11-26,20,2612.0,-0.32415,train
2014-11-07,bci_value,3661.0,8.20549,3612.0,3702.0,3781.0,3552.0,3560.0,2422.0,1512.0,1580.0,1852.0,1882.0,3640.29,79.22,3157.07,634.44,2339.83,889.42,2353.8,649.51,2017.52,724.48,0.01347,0.02798,0.8843,0.68147,1183.0,1205.0,1202.0,886.0,888.0,898.0,454.0,455.0,476.0,-0.80355,0.59524,-0.95661,-0.29138,14,2014-11-27,20,2347.0,-0.4446,train
2014-11-10,bci_value,3613.0,8.19229,3661.0,3612.0,3702.0,3640.0,3534.0,2852.0,2003.0,1544.0,1922.0,2151.0,3651.57,68.12,3272.07,555.88,2396.2,914.39,2378.17,668.59,2036.96,743.31,-0.0132,0.02211,0.58989,0.63117,1168.0,1183.0,1222.0,881.0,886.0,896.0,451.0,454.0,472.0,-0.77177,0.6359,-0.98154,-0.19127,14,2014-11-28,18,2151.0,-0.51861,train
2014-11-11,bci_value,3419.0,8.1371,3613.0,3661.0,3612.0,3781.0,3552.0,3436.0,2186.0,1521.0,1915.0,2254.0,3632.57,102.91,3360.14,467.47,2446.33,927.76,2397.58,681.49,2054.86,756.86,-0.05519,-0.03816,0.44727,0.57963,1150.0,1168.0,1233.0,879.0,881.0,891.0,451.0,451.0,467.0,-0.76072,0.64908,-0.98754,-0.15739,14,2014-12-01,20,2025.0,-0.52378,train
2014-11-12,bci_value,3229.0,8.07993,3419.0,3613.0,3661.0,3702.0,3640.0,3560.0,2258.0,1485.0,1853.0,2256.0,3573.86,174.36,3429.5,358.03,2492.2,931.3,2413.8,689.46,2071.23,766.08,-0.05718,-0.11981,0.35769,0.55537,1133.0,1150.0,1241.0,876.0,879.0,892.0,451.0,451.0,463.0,-0.74944,0.66207,-0.99237,-0.12333,14,2014-12-02,20,1898.0,-0.53137,train
2014-11-13,bci_value,2972.0,7.99699,3229.0,3419.0,3613.0,3612.0,3781.0,3534.0,2422.0,1376.0,1788.0,2380.0,3458.29,250.33,3468.79,262.84,2531.67,925.69,2423.67,693.13,2085.94,770.51,-0.08294,-0.24075,0.20464,0.50814,1112.0,1133.0,1238.0,873.0,876.0,889.0,451.0,451.0,458.0,-0.73794,0.67486,-0.99602,-0.08912,14,2014-12-03,20,1677.0,-0.57223,train
2014-11-14,bci_value,2931.0,7.9831,2972.0,3229.0,3419.0,3661.0,3702.0,3552.0,2852.0,1315.0,1758.0,2578.0,3348.14,285.95,3474.43,250.08,2570.77,916.92,2429.55,695.91,2101.59,773.21,-0.01389,-0.23353,0.02732,0.51117,1089.0,1112.0,1224.0,873.0,873.0,888.0,450.0,451.0,457.0,-0.72622,0.68746,-0.9985,-0.05481,14,2014-12-04,20,1452.0,-0.7024,train
2014-11-17,bci_value,2971.0,7.99665,2931.0,2972.0,3229.0,3613.0,3612.0,3640.0,3436.0,1362.0,1735.0,2535.0,3256.57,289.4,3441.21,281.84,2611.97,906.15,2436.82,699.24,2118.32,775.55,0.01355,-0.19536,-0.14541,0.53789,1069.0,1089.0,1205.0,875.0,873.0,888.0,451.0,450.0,455.0,-0.6898,0.724,-0.99883,0.04836,14,2014-12-05,18,1282.0,-0.84048,train
2014-11-18,bci_value,3106.0,8.04109,2971.0,2931.0,2972.0,3419.0,3661.0,3781.0,3560.0,1512.0,1698.0,2430.0,3177.29,239.46,3408.79,292.23,2658.9,893.97,2448.08,704.46,2137.03,778.83,0.04444,-0.1644,-0.13642,0.60388,1061.0,1069.0,1183.0,875.0,875.0,886.0,453.0,451.0,454.0,-0.67724,0.73576,-0.99658,0.08269,14,2014-12-08,20,1165.0,-0.98061,train
2014-11-19,bci_value,3127.0,8.04783,3106.0,2971.0,2931.0,3229.0,3613.0,3702.0,3534.0,2003.0,1632.0,2366.0,3107.86,160.5,3379.71,298.51,2708.73,876.85,2460.77,709.7,2156.48,781.45,0.00674,-0.14446,-0.12236,0.65027,1055.0,1061.0,1168.0,881.0,875.0,881.0,455.0,453.0,451.0,-0.66448,0.7473,-0.99314,0.11692,14,2014-12-09,20,1075.0,-1.06775,train
2014-11-20,bci_value,3130.0,8.04879,3127.0,3106.0,2971.0,2972.0,3419.0,3612.0,3552.0,2186.0,1580.0,2551.0,3066.57,101.47,3349.57,300.89,2760.4,854.19,2470.42,714.78,2176.93,782.57,0.00096,-0.08832,-0.12648,0.68361,1053.0,1055.0,1150.0,904.0,881.0,879.0,457.0,455.0,451.0,-0.65153,0.75862,-0.98853,0.15102,14,2014-12-10,20,979.0,-1.16226,train
2014-11-21,bci_value,3038.0,8.01895,3130.0,3127.0,3106.0,2931.0,3229.0,3661.0,3640.0,2258.0,1544.0,2627.0,3039.29,76.8,3306.57,299.32,2810.2,824.87,2477.27,718.21,2196.82,781.46,-0.02983,-0.06097,-0.18078,0.67682,1055.0,1053.0,1133.0,926.0,904.0,876.0,462.0,457.0,451.0,-0.63838,0.76972,-0.98275,0.18493,14,2014-12-11,20,879.0,-1.24017,train
2014-11-24,bci_value,2975.0,7.998,3038.0,3130.0,3127.0,2971.0,2972.0,3613.0,3781.0,2422.0,1521.0,2606.0,3039.71,76.43,3249.0,279.38,2858.67,789.66,2483.42,720.86,2216.16,778.94,-0.02096,0.00101,-0.23974,0.67088,1059.0,1055.0,1112.0,942.0,926.0,873.0,469.0,462.0,451.0,-0.59783,0.80162,-0.95847,0.2852,14,2014-12-12,18,763.0,-1.36074,train
2014-11-25,bci_value,2963.0,7.99396,2975.0,3038.0,3130.0,3106.0,2931.0,3419.0,3702.0,2852.0,1485.0,2568.0,3044.29,70.52,3196.21,257.78,2907.93,747.39,2490.0,723.4,2235.81,775.21,-0.00404,0.01086,-0.22267,0.69079,1064.0,1059.0,1089.0,956.0,942.0,873.0,476.0,469.0,450.0,-0.58395,0.81179,-0.94809,0.318,14,2014-12-15,20,659.0,-1.50323,train
2014-11-26,bci_value,2612.0,7.86787,2963.0,2975.0,3038.0,3127.0,2971.0,3229.0,3612.0,3436.0,1376.0,2489.0,2993.0,168.14,3124.79,270.89,2949.13,693.97,2492.05,723.57,2251.6,768.21,-0.12609,-0.12878,-0.32415,0.64094,1073.0,1064.0,1069.0,970.0,956.0,875.0,482.0,476.0,451.0,-0.5699,0.82171,-0.93659,0.35043,14,2014-12-16,20,617.0,-1.443,train
2014-11-27,bci_value,2347.0,7.76089,2612.0,2963.0,2975.0,3130.0,3106.0,2972.0,3661.0,3560.0,1315.0,2464.0,2884.57,272.59,3030.93,295.37,2983.53,635.2,2490.1,723.8,2264.37,760.1,-0.10698,-0.2802,-0.4446,0.5793,1099.0,1073.0,1061.0,980.0,970.0,875.0,487.0,482.0,453.0,-0.55568,0.83139,-0.92398,0.38244,14,2014-12-17,20,571.0,-1.4135,train
2014-11-28,bci_value,2151.0,7.67369,2347.0,2612.0,2963.0,3038.0,3127.0,2931.0,3613.0,3534.0,1362.0,2483.0,2745.14,351.21,2926.5,327.79,3009.83,581.59,2484.57,725.1,2274.92,751.81,-0.08721,-0.37414,-0.51861,0.45698,1120.0,1099.0,1055.0,984.0,980.0,881.0,491.0,487.0,455.0,-0.5413,0.84083,-0.91028,0.41399,14,2014-12-18,20,517.0,-1.42565,train
2014-12-01,bci_value,2025.0,7.61332,2151.0,2347.0,2612.0,2975.0,3130.0,2971.0,3419.0,3552.0,1512.0,2519.0,2587.29,389.04,2826.93,371.83,3026.93,543.6,2476.33,727.47,2284.17,743.52,-0.06036,-0.43546,-0.52378,0.29214,1124.0,1120.0,1053.0,986.0,984.0,904.0,492.0,491.0,457.0,-0.4972,0.86763,-0.86278,0.50558,14,2014-12-19,18,488.0,-1.42301,train
2014-12-02,bci_value,1898.0,7.54856,2025.0,2151.0,2347.0,2963.0,3038.0,3106.0,3229.0,3640.0,2003.0,2596.0,2424.43,404.58,2731.86,423.44,3023.43,550.48,2464.7,731.03,2292.07,735.55,-0.06477,-0.4704,-0.53137,-0.05385,1119.0,1124.0,1055.0,989.0,986.0,926.0,495.0,492.0,462.0,-0.48221,0.87606,-0.84488,0.53496,14,2014-12-22,20,480.0,-1.37477,train
2014-12-03,bci_value,1677.0,7.42476,1898.0,2025.0,2151.0,2612.0,2975.0,3127.0,2972.0,3781.0,2186.0,2602.0,2239.0,407.19,2639.36,496.09,3006.47,582.91,2449.28,737.7,2297.42,729.27,-0.12379,-0.57324,-0.57223,-0.26507,1108.0,1119.0,1059.0,987.0,989.0,942.0,498.0,495.0,469.0,-0.46706,0.88422,-0.82598,0.5637,14,2014-12-23,20,472.0,-1.26778,train
2014-12-04,bci_value,1452.0,7.2807,1677.0,1898.0,2025.0,2347.0,2963.0,3130.0,2931.0,3702.0,2258.0,2570.0,2023.14,364.43,2533.71,574.09,2979.6,633.2,2430.65,748.46,2300.22,725.53,-0.14406,-0.71326,-0.7024,-0.44154,1097.0,1108.0,1064.0,984.0,987.0,956.0,498.0,498.0,476.0,-0.45179,0.89213,-0.8061,0.59178,14,2014-12-24,20,474.0,-1.11949,train
2014-12-05,bci_value,1282.0,7.15618,1452.0,1677.0,1898.0,2151.0,2612.0,3038.0,2971.0,3612.0,2422.0,2546.0,1833.14,354.46,2413.07,642.86,2941.6,696.56,2409.58,762.57,2301.19,724.11,-0.12452,-0.71169,-0.84048,-0.63617,1088.0,1097.0,1073.0,980.0,984.0,970.0,499.0,498.0,482.0,-0.43637,0.89977,-0.78527,0.61916,14,2015-01-02,28,456.0,-1.03368,train
2014-12-08,bci_value,1165.0,7.06048,1282.0,1452.0,1677.0,2025.0,2347.0,2975.0,3106.0,3661.0,2852.0,2523.0,1664.29,350.97,2274.43,686.31,2885.37,766.14,2386.95,778.84,2301.07,724.3,-0.0957,-0.70042,-0.98061,-0.8953,1081.0,1088.0,1099.0,971.0,980.0,980.0,497.0,499.0,487.0,-0.38938,0.92108,-0.7173,0.69677,14,2015-01-05,28,442.0,-0.96917,train
2014-12-09,bci_value,1075.0,6.98008,1165.0,1282.0,1452.0,1898.0,2151.0,2963.0,3127.0,3613.0,3436.0,2442.0,1510.57,339.59,2127.86,707.37,2806.67,824.57,2364.17,796.69,2299.92,726.16,-0.0804,-0.69361,-1.06775,-1.16199,1066.0,1081.0,1120.0,969.0,971.0,984.0,497.0,497.0,491.0,-0.37348,0.92764,-0.6929,0.72103,14,2015-01-06,28,432.0,-0.91165,train
2014-12-10,bci_value,979.0,6.88653,1075.0,1165.0,1282.0,1677.0,2025.0,2612.0,3130.0,3419.0,3560.0,2342.0,1361.14,309.12,1974.21,706.62,2720.63,874.61,2341.45,816.19,2297.88,729.6,-0.09354,-0.72679,-1.16226,-1.29098,1047.0,1066.0,1124.0,966.0,969.0,986.0,494.0,497.0,492.0,-0.35746,0.93393,-0.66769,0.74444,14,2015-01-07,28,397.0,-0.9026,train
2014-12-11,bci_value,879.0,6.77878,979.0,1075.0,1165.0,1452.0,1898.0,2347.0,3038.0,3229.0,3534.0,2192.0,1215.57,257.68,1820.0,693.09,2632.13,920.93,2319.57,837.24,2294.83,734.93,-0.10775,-0.76977,-1.24017,-1.3914,1026.0,1047.0,1119.0,960.0,966.0,989.0,492.0,494.0,495.0,-0.34135,0.93994,-0.64169,0.76697,14,2015-01-08,28,335.0,-0.96465,train
2014-12-12,bci_value,763.0,6.63726,879.0,979.0,1075.0,1282.0,1677.0,2151.0,2975.0,2972.0,3552.0,2112.0,1085.0,219.53,1662.0,663.27,2539.17,963.18,2297.08,860.3,2290.53,742.7,-0.14153,-0.7875,-1.36074,-1.53801,1001.0,1026.0,1108.0,953.0,960.0,987.0,493.0,492.0,498.0,-0.32513,0.94567,-0.61493,0.78858,14,2015-01-09,28,311.0,-0.89747,train
2014-12-15,bci_value,659.0,6.49072,763.0,879.0,979.0,1165.0,1452.0,2025.0,2963.0,2931.0,3640.0,2118.0,971.71,205.05,1497.43,603.16,2439.8,997.64,2272.77,885.28,2284.9,753.06,-0.14653,-0.78997,-1.50323,-1.70902,980.0,1001.0,1097.0,950.0,953.0,984.0,493.0,493.0,498.0,-0.27591,0.96118,-0.53041,0.84774,14,2015-01-12,28,373.0,-0.56915,train
2014-12-16,bci_value,617.0,6.42487,659.0,763.0,879.0,1075.0,1282.0,1898.0,2612.0,2971.0,3781.0,2077.0,876.71,192.97,1354.93,556.89,2334.33,1017.33,2248.43,910.04,2278.46,764.74,-0.06585,-0.73131,-1.443,-1.81287,961.0,980.0,1088.0,947.0,950.0,980.0,495.0,493.0,499.0,-0.25934,0.96579,-0.50093,0.86549,14,2015-01-13,28,537.0,-0.13887,train
2014-12-17,bci_value,571.0,6.34739,617.0,659.0,763.0,979.0,1165.0,1677.0,2347.0,3106.0,3702.0,1967.0,791.86,177.53,1228.07,517.33,2229.97,1032.16,2225.17,934.46,2269.8,779.46,-0.07748,-0.71309,-1.4135,-1.86924,945.0,961.0,1081.0,942.0,947.0,971.0,496.0,495.0,497.0,-0.24269,0.9701,-0.47086,0.88221,14,2015-01-14,28,557.0,-0.02482,train
2014-12-18,bci_value,517.0,6.24804,571.0,617.0,659.0,879.0,1075.0,1452.0,2151.0,3127.0,3612.0,1837.0,712.14,156.53,1111.36,478.84,2126.8,1043.48,2203.17,958.57,2258.37,797.34,-0.09935,-0.73203,-1.42565,-1.94397,929.0,945.0,1066.0,932.0,942.0,969.0,496.0,496.0,497.0,-0.22596,0.97414,-0.44024,0.89788,14,2015-01-15,28,585.0,0.12357,train
2014-12-19,bci_value,488.0,6.19032,517.0,571.0,617.0,763.0,979.0,1282.0,2025.0,3130.0,3661.0,1852.0,642.0,128.79,1001.57,430.54,2021.03,1043.43,2180.43,982.5,2242.88,817.78,-0.05773,-0.69622,-1.42301,-2.01518,907.0,929.0,1047.0,925.0,932.0,966.0,497.0,496.0,494.0,-0.20917,0.97788,-0.40909,0.91249,14,2015-01-16,28,620.0,0.2394,train
2014-12-22,bci_value,480.0,6.17379,488.0,517.0,571.0,659.0,879.0,1165.0,1898.0,3038.0,3613.0,1922.0,585.0,95.2,900.29,370.32,1916.6,1035.62,2156.4,1005.89,2224.31,838.36,-0.01653,-0.605,-1.37477,-2.01851,891.0,907.0,1026.0,917.0,925.0,960.0,495.0,497.0,492.0,-0.15845,0.98737,-0.3129,0.94979,14,2015-01-19,28,662.0,0.32148,train
2014-12-23,bci_value,472.0,6.15698,480.0,488.0,517.0,617.0,763.0,1075.0,1677.0,2975.0,3419.0,1915.0,543.43,68.06,814.21,315.81,1818.37,1028.19,2132.35,1028.37,2204.51,858.23,-0.01681,-0.48028,-1.26778,-1.98012,872.0,891.0,1001.0,906.0,917.0,953.0,495.0,495.0,493.0,-0.14144,0.98995,-0.28004,0.95999,14,2015-01-20,28,752.0,0.46576,train
2014-12-24,bci_value,474.0,6.16121,472.0,480.0,488.0,571.0,659.0,979.0,1452.0,2963.0,3229.0,1853.0,517.0,52.1,744.36,272.16,1726.53,1021.11,2109.37,1049.55,2184.71,877.17,0.00423,-0.32952,-1.11949,-1.91872,856.0,872.0,980.0,897.0,906.0,950.0,495.0,495.0,493.0,-0.12439,0.99223,-0.24686,0.96905,14,2015-01-21,28,971.0,0.71712,train
2015-01-02,bci_value,456.0,6.12249,474.0,472.0,480.0,517.0,617.0,879.0,1282.0,2612.0,2972.0,1788.0,494.0,35.89,685.36,236.39,1642.67,1018.69,2087.17,1070.0,2163.33,895.4,-0.03871,-0.30238,-1.03368,-1.8745,827.0,856.0,961.0,887.0,897.0,947.0,488.0,495.0,495.0,0.0344,0.99941,0.06876,0.99763,14,2015-01-22,20,965.0,0.74964,train
2015-01-05,bci_value,442.0,6.09131,456.0,474.0,472.0,488.0,571.0,763.0,1165.0,2347.0,2931.0,1758.0,475.57,22.09,633.71,202.51,1559.7,1011.72,2065.23,1089.83,2139.6,912.25,-0.03118,-0.25608,-0.96917,-1.89179,811.0,827.0,945.0,884.0,887.0,942.0,482.0,488.0,496.0,0.08591,0.9963,0.17118,0.98524,14,2015-01-23,18,887.0,0.69654,train
2015-01-06,bci_value,432.0,6.06843,442.0,456.0,474.0,480.0,517.0,659.0,1075.0,2151.0,2971.0,1735.0,463.43,19.14,587.79,167.03,1475.07,996.2,2043.52,1109.0,2116.23,928.61,-0.02288,-0.17962,-0.91165,-1.92823,794.0,811.0,929.0,873.0,884.0,932.0,479.0,482.0,496.0,0.10303,0.99468,0.20497,0.97877,14,2015-01-26,20,857.0,0.68501,train
2015-01-07,bci_value,397.0,5.98394,432.0,442.0,456.0,472.0,488.0,617.0,979.0,2025.0,3106.0,1698.0,450.43,27.23,546.21,133.56,1384.77,966.61,2021.83,1128.1,2093.64,945.28,-0.08449,-0.20638,-0.9026,-2.05715,780.0,794.0,907.0,861.0,873.0,925.0,466.0,479.0,497.0,0.12013,0.99276,0.23851,0.97114,14,2015-01-27,20,831.0,0.73869,train
2015-01-08,bci_value,335.0,5.81413,397.0,432.0,442.0,474.0,480.0,571.0,879.0,1898.0,3127.0,1632.0,429.71,45.73,507.36,107.73,1291.7,928.02,2000.22,1147.62,2071.08,962.59,-0.16981,-0.35966,-0.96465,-2.2337,776.0,780.0,891.0,843.0,861.0,917.0,455.0,466.0,495.0,0.13719,0.99055,0.27178,0.96236,14,2015-01-28,20,785.0,0.85155,train
2015-01-09,bci_value,311.0,5.73979,335.0,397.0,432.0,456.0,472.0,517.0,763.0,1677.0,3130.0,1580.0,406.71,57.62,475.07,93.0,1197.73,878.53,1979.07,1166.71,2046.19,978.68,-0.07434,-0.41719,-0.89747,-2.309,764.0,776.0,872.0,820.0,843.0,906.0,446.0,455.0,495.0,0.1542,0.98804,0.30472,0.95244,14,2015-01-29,20,725.0,0.84638,train
2015-01-12,bci_value,373.0,5.92158,311.0,335.0,397.0,442.0,474.0,488.0,659.0,1452.0,3038.0,1544.0,392.29,51.26,454.64,80.99,1108.9,820.8,1959.55,1183.5,2021.14,992.24,0.18179,-0.23963,-0.56915,-2.09738,762.0,764.0,856.0,800.0,820.0,897.0,441.0,446.0,495.0,0.20497,0.97877,0.40123,0.91598,14,2015-01-30,18,679.0,0.59904,train
2015-01-13,bci_value,537.0,6.286,373.0,311.0,335.0,432.0,456.0,480.0,617.0,1282.0,2975.0,1521.0,403.86,70.04,448.93,71.61,1027.63,749.62,1943.15,1196.21,1998.16,1002.34,0.36442,0.16351,-0.13887,-1.712,766.0,762.0,827.0,778.0,800.0,887.0,435.0,441.0,488.0,0.22177,0.9751,0.4325,0.90163,14,2015-02-02,20,665.0,0.21379,train
2015-01-14,bci_value,557.0,6.32257,537.0,373.0,311.0,397.0,442.0,472.0,571.0,1165.0,2963.0,1485.0,420.29,88.19,447.93,69.98,947.43,661.83,1927.68,1207.97,1975.81,1011.76,0.03657,0.23126,-0.02482,-1.67139,766.0,766.0,811.0,763.0,778.0,884.0,429.0,435.0,482.0,0.23851,0.97114,0.46326,0.88622,14,2015-02-03,20,663.0,0.17421,train
2015-01-15,bci_value,585.0,6.37161,557.0,537.0,373.0,335.0,432.0,474.0,517.0,1075.0,2612.0,1376.0,442.14,105.62,452.79,76.65,879.87,587.77,1914.5,1218.2,1954.66,1020.68,0.04905,0.30319,0.12357,-1.49626,766.0,766.0,794.0,752.0,763.0,873.0,425.0,429.0,479.0,0.25518,0.96689,0.49347,0.86976,14,2015-02-04,20,669.0,0.13417,train
2015-01-16,bci_value,620.0,6.42972,585.0,557.0,537.0,311.0,397.0,456.0,488.0,979.0,2347.0,1315.0,474.0,119.87,462.21,87.72,822.3,522.17,1902.92,1227.11,1934.17,1028.72,0.05811,0.44578,0.2394,-1.33117,759.0,766.0,780.0,735.0,752.0,861.0,418.0,425.0,466.0,0.27178,0.96236,0.52309,0.85227,14,2015-02-05,20,680.0,0.09237,train
2015-01-19,bci_value,662.0,6.49527,620.0,585.0,557.0,373.0,335.0,442.0,480.0,879.0,2151.0,1362.0,520.71,120.32,475.21,101.75,772.67,460.66,1891.25,1235.5,1913.93,1035.62,0.06555,0.68114,0.32148,-1.17842,751.0,759.0,776.0,716.0,735.0,843.0,415.0,418.0,455.0,0.32106,0.94706,0.60812,0.79384,14,2015-02-06,18,689.0,0.03998,train
2015-01-20,bci_value,752.0,6.62274,662.0,620.0,585.0,537.0,311.0,432.0,472.0,763.0,2025.0,1512.0,583.71,108.93,495.21,124.2,730.23,397.67,1878.58,1243.19,1894.3,1040.7,0.12747,0.88294,0.46576,-0.99059,741.0,751.0,764.0,699.0,716.0,820.0,410.0,415.0,446.0,0.3373,0.9414,0.63507,0.77246,14,2015-02-09,20,687.0,-0.0904,train
2015-01-21,bci_value,971.0,6.87833,752.0,662.0,620.0,557.0,373.0,397.0,474.0,659.0,1898.0,2003.0,669.14,140.19,530.71,174.08,699.33,337.14,1861.38,1248.48,1876.24,1042.46,0.25559,0.95675,0.71712,-0.67023,725.0,741.0,762.0,684.0,699.0,800.0,402.0,410.0,441.0,0.35344,0.93546,0.66126,0.75015,14,2015-02-10,20,711.0,-0.31165,train
2015-01-22,bci_value,965.0,6.87213,971.0,752.0,662.0,585.0,537.0,335.0,456.0,617.0,1677.0,2186.0,730.29,161.01,567.07,205.07,675.6,289.13,1841.03,1252.97,1858.06,1043.92,-0.0062,0.58613,0.74964,-0.55263,704.0,725.0,766.0,673.0,684.0,778.0,392.0,402.0,435.0,0.36948,0.92924,0.68668,0.72696,14,2015-02-11,20,700.0,-0.32105,train
2015-01-23,bci_value,887.0,6.78784,965.0,971.0,752.0,620.0,557.0,311.0,442.0,571.0,1452.0,2258.0,777.43,151.39,598.86,217.34,656.77,254.24,1818.18,1257.65,1839.36,1046.07,-0.08428,0.46528,0.69654,-0.49285,685.0,704.0,766.0,659.0,673.0,763.0,380.0,392.0,429.0,0.38541,0.92274,0.71128,0.70291,14,2015-02-12,20,652.0,-0.3078,train
2015-01-26,bci_value,857.0,6.75344,887.0,965.0,971.0,662.0,585.0,373.0,432.0,517.0,1282.0,2422.0,816.29,130.48,629.21,221.55,642.6,229.66,1792.1,1261.08,1820.59,1048.37,-0.03441,0.38183,0.68501,-0.40274,669.0,685.0,766.0,650.0,659.0,752.0,373.0,380.0,425.0,0.4325,0.90163,0.77991,0.62589,14,2015-02-13,18,630.0,-0.30772,train
2015-01-27,bci_value,831.0,6.72263,857.0,887.0,965.0,752.0,620.0,537.0,397.0,488.0,1165.0,2852.0,846.43,103.17,660.21,217.21,631.47,211.43,1758.42,1259.31,1801.79,1050.77,-0.03081,0.29291,0.73869,-0.33785,648.0,669.0,759.0,642.0,650.0,735.0,364.0,373.0,418.0,0.44794,0.89406,0.80098,0.59869,14,2015-02-16,20,614.0,-0.30263,train
2015-01-28,bci_value,785.0,6.66568,831.0,857.0,887.0,971.0,662.0,557.0,335.0,480.0,1075.0,3436.0,864.0,77.55,692.36,199.27,621.8,197.08,1714.23,1246.11,1783.38,1053.91,-0.05695,0.17042,0.85155,-0.31439,620.0,648.0,751.0,632.0,642.0,716.0,356.0,364.0,415.0,0.46326,0.88622,0.8211,0.57078,14,2015-02-17,20,589.0,-0.28726,train
2015-01-29,bci_value,725.0,6.58617,785.0,831.0,857.0,965.0,752.0,585.0,311.0,472.0,979.0,3560.0,860.14,83.47,721.93,168.88,613.33,186.73,1666.98,1228.86,1765.41,1058.01,-0.07951,-0.03656,0.84638,-0.30036,550.0,620.0,741.0,618.0,632.0,699.0,348.0,356.0,410.0,0.47843,0.87812,0.84025,0.5422,14,2015-02-18,20,564.0,-0.25112,train
2015-01-30,bci_value,679.0,6.52062,725.0,785.0,831.0,887.0,971.0,620.0,373.0,474.0,879.0,3534.0,818.43,90.33,743.79,139.56,606.67,180.6,1619.4,1210.78,1748.6,1063.1,-0.06555,-0.35771,0.59904,-0.25816,508.0,550.0,725.0,599.0,618.0,684.0,340.0,348.0,402.0,0.49347,0.86976,0.8584,0.51298,14,2015-02-19,20,539.0,-0.23091,train
2015-02-02,bci_value,665.0,6.49979,679.0,725.0,785.0,857.0,965.0,662.0,537.0,456.0,763.0,3552.0,775.57,81.34,752.93,129.55,603.4,178.62,1571.28,1190.22,1732.52,1068.41,-0.02083,-0.37234,0.21379,-0.13747,480.0,508.0,704.0,585.0,599.0,673.0,332.0,340.0,392.0,0.53768,0.84315,0.90669,0.42181,14,2015-02-20,18,542.0,-0.20452,train
2015-02-03,bci_value,663.0,6.49677,665.0,679.0,725.0,831.0,887.0,752.0,557.0,442.0,659.0,3640.0,743.57,75.03,760.5,120.67,603.53,178.66,1521.67,1164.72,1716.36,1073.46,-0.00301,-0.29107,0.17421,0.00605,454.0,480.0,685.0,567.0,585.0,659.0,326.0,332.0,380.0,0.5521,0.83378,0.92066,0.39037,14,2015-02-23,20,543.0,-0.19967,train
2015-02-04,bci_value,669.0,6.50578,663.0,665.0,679.0,785.0,857.0,971.0,585.0,432.0,617.0,3781.0,716.71,62.17,766.5,113.68,605.27,179.03,1469.8,1131.78,1700.71,1078.33,0.00901,-0.24765,0.13417,0.08092,437.0,454.0,669.0,556.0,567.0,650.0,321.0,326.0,373.0,0.56636,0.82416,0.93354,0.35847,14,2015-02-24,20,534.0,-0.22539,train
2015-02-05,bci_value,680.0,6.52209,669.0,663.0,665.0,725.0,831.0,965.0,620.0,397.0,571.0,3702.0,695.14,41.54,770.79,109.12,608.9,179.41,1419.43,1098.06,1686.41,1083.23,0.01631,-0.20054,0.09237,0.1747,428.0,437.0,648.0,545.0,556.0,642.0,309.0,321.0,364.0,0.58045,0.81429,0.94532,0.32614,14,2015-02-25,20,529.0,-0.2511,train
2015-02-06,bci_value,689.0,6.53524,680.0,669.0,663.0,679.0,785.0,887.0,662.0,335.0,517.0,3612.0,681.43,19.74,772.71,107.4,614.63,179.13,1370.72,1064.02,1673.66,1088.13,0.01315,-0.13044,0.03998,0.2872,430.0,428.0,620.0,538.0,545.0,632.0,301.0,309.0,356.0,0.59438,0.80419,0.95598,0.29343,14,2015-02-26,20,525.0,-0.27184,train
2015-02-09,bci_value,687.0,6.53233,689.0,680.0,669.0,665.0,725.0,857.0,752.0,311.0,488.0,3661.0,676.0,9.67,768.07,109.58,621.27,178.0,1321.15,1024.72,1660.71,1092.85,-0.00291,-0.05384,-0.0904,0.34202,434.0,430.0,550.0,530.0,538.0,618.0,295.0,301.0,348.0,0.63507,0.77246,0.98112,0.19338,14,2015-02-27,18,521.0,-0.27658,train
2015-02-10,bci_value,711.0,6.56667,687.0,689.0,680.0,663.0,679.0,831.0,971.0,373.0,480.0,3613.0,680.57,15.69,749.5,94.63,628.97,176.71,1272.78,983.04,1647.26,1097.0,0.03434,0.04605,-0.31165,0.39289,446.0,434.0,508.0,523.0,530.0,599.0,289.0,295.0,340.0,0.64826,0.76142,0.9872,0.15951,14,2015-03-02,20,516.0,-0.32057,train
2015-02-11,bci_value,700.0,6.55108,711.0,687.0,689.0,669.0,665.0,785.0,965.0,537.0,472.0,3419.0,685.57,15.51,730.57,73.85,636.57,174.69,1227.47,944.99,1633.76,1101.09,-0.01559,0.05129,-0.32105,0.3941,469.0,446.0,480.0,516.0,523.0,585.0,281.0,289.0,332.0,0.66126,0.75015,0.9921,0.12546,14,2015-03-03,20,490.0,-0.35667,train
2015-02-12,bci_value,652.0,6.48004,700.0,711.0,687.0,680.0,663.0,725.0,887.0,557.0,474.0,3229.0,684.0,18.06,713.79,62.17,642.5,172.07,1184.52,911.0,1620.41,1105.62,-0.07104,-0.01673,-0.3078,0.31884,489.0,469.0,454.0,508.0,516.0,567.0,273.0,281.0,326.0,0.67407,0.73867,0.99583,0.09126,14,2015-03-04,20,478.0,-0.31043,train
2015-02-13,bci_value,630.0,6.44572,652.0,700.0,711.0,689.0,669.0,679.0,857.0,585.0,456.0,2972.0,678.43,26.07,697.57,51.37,648.3,168.58,1145.48,883.33,1607.54,1110.32,-0.03432,-0.06006,-0.30772,0.32323,499.0,489.0,437.0,496.0,508.0,556.0,268.0,273.0,321.0,0.68668,0.72696,0.99838,0.05695,14,2015-03-05,20,464.0,-0.30584,train
2015-02-16,bci_value,614.0,6.41999,630.0,652.0,700.0,687.0,680.0,665.0,831.0,620.0,442.0,2931.0,669.0,34.4,682.07,40.32,654.03,164.34,1106.87,854.6,1594.83,1115.06,-0.02572,-0.1021,-0.30263,0.32869,505.0,499.0,428.0,486.0,496.0,545.0,263.0,268.0,309.0,0.72326,0.69057,0.99893,-0.04622,14,2015-03-06,18,470.0,-0.26726,train
2015-02-17,bci_value,589.0,6.37843,614.0,630.0,652.0,711.0,689.0,663.0,785.0,662.0,432.0,2971.0,654.71,42.85,668.07,35.94,659.27,159.62,1067.17,821.78,1582.1,1119.92,-0.04157,-0.15682,-0.28726,0.31,508.0,505.0,430.0,480.0,486.0,538.0,261.0,263.0,301.0,0.73503,0.67803,0.99675,-0.08055,14,2015-03-09,20,468.0,-0.22996,train
2015-02-18,bci_value,564.0,6.33505,589.0,614.0,630.0,700.0,687.0,669.0,725.0,752.0,397.0,3106.0,637.14,50.54,656.57,41.25,664.83,153.15,1024.8,780.05,1569.5,1124.92,-0.04337,-0.19728,-0.25112,0.35112,514.0,508.0,434.0,480.0,480.0,530.0,260.0,261.0,295.0,0.74659,0.66529,0.99339,-0.11479,14,2015-03-10,20,457.0,-0.21037,train
2015-02-19,bci_value,539.0,6.28972,564.0,589.0,614.0,652.0,711.0,680.0,679.0,971.0,335.0,3127.0,612.57,50.47,646.57,50.53,671.63,142.52,981.67,732.73,1557.36,1130.07,-0.04534,-0.27696,-0.23091,0.47559,516.0,514.0,446.0,478.0,480.0,523.0,267.0,260.0,289.0,0.75792,0.65235,0.98885,-0.14889,14,2015-03-11,20,431.0,-0.22361,train
2015-02-20,bci_value,542.0,6.29527,539.0,564.0,589.0,630.0,700.0,689.0,665.0,965.0,311.0,3130.0,590.0,40.71,637.79,56.85,679.33,128.36,938.53,679.21,1545.82,1135.06,0.00555,-0.25581,-0.20452,0.55547,514.0,516.0,469.0,483.0,478.0,516.0,270.0,267.0,281.0,0.76903,0.63921,0.98315,-0.18282,14,2015-03-12,20,394.0,-0.31892,train
2015-02-23,bci_value,543.0,6.29711,542.0,539.0,564.0,614.0,652.0,687.0,663.0,887.0,373.0,3038.0,574.43,34.37,629.21,61.28,685.0,118.05,896.95,623.49,1534.7,1139.92,0.00184,-0.18294,-0.19967,0.37553,512.0,514.0,489.0,490.0,483.0,508.0,266.0,270.0,273.0,0.80098,0.59869,0.95908,-0.28314,14,2015-03-13,18,378.0,-0.36222,train
2015-02-24,bci_value,534.0,6.2804,543.0,542.0,539.0,589.0,630.0,711.0,669.0,857.0,537.0,2975.0,560.71,28.03,619.57,64.78,684.9,118.18,856.27,563.31,1523.73,1144.74,-0.01671,-0.16532,-0.22539,-0.0056,514.0,512.0,499.0,492.0,490.0,496.0,274.0,266.0,268.0,0.81116,0.58482,0.94877,-0.31596,14,2015-03-16,20,372.0,-0.3615,train
2015-02-25,bci_value,529.0,6.27099,534.0,543.0,542.0,564.0,614.0,700.0,680.0,831.0,557.0,2963.0,548.57,19.4,608.79,66.37,683.97,119.29,815.7,493.44,1513.11,1149.47,-0.00941,-0.14901,-0.2511,-0.05158,519.0,514.0,505.0,490.0,492.0,486.0,289.0,274.0,263.0,0.8211,0.57078,0.93734,-0.34841,14,2015-03-17,20,366.0,-0.36836,train
2015-02-26,bci_value,525.0,6.2634,529.0,534.0,543.0,539.0,589.0,652.0,689.0,785.0,585.0,2612.0,539.43,11.77,597.07,65.65,681.97,121.42,780.92,435.78,1503.66,1154.05,-0.00759,-0.11503,-0.27184,-0.10821,531.0,519.0,508.0,496.0,490.0,480.0,300.0,289.0,261.0,0.8308,0.55658,0.9248,-0.38045,14,2015-03-18,20,357.0,-0.38566,train
2015-02-27,bci_value,521.0,6.25575,525.0,529.0,534.0,542.0,564.0,630.0,687.0,725.0,620.0,2347.0,533.29,7.94,585.21,63.29,678.67,124.37,750.48,386.29,1494.83,1158.49,-0.00765,-0.0793,-0.27658,-0.17397,540.0,531.0,514.0,506.0,496.0,480.0,308.0,300.0,260.0,0.84025,0.5422,0.91117,-0.41203,14,2015-03-19,20,407.0,-0.24694,train
2015-03-02,bci_value,516.0,6.24611,521.0,525.0,529.0,543.0,539.0,614.0,711.0,679.0,662.0,2151.0,530.0,9.5,571.29,54.98,673.8,127.73,723.23,341.62,1485.43,1162.95,-0.00964,-0.04361,-0.32057,-0.24916,551.0,540.0,516.0,515.0,506.0,478.0,318.0,308.0,267.0,0.8671,0.49814,0.86387,-0.50372,14,2015-03-20,18,423.0,-0.19873,train
2015-03-03,bci_value,490.0,6.19441,516.0,521.0,525.0,534.0,542.0,589.0,700.0,665.0,752.0,2025.0,522.57,15.59,556.29,45.68,665.07,131.0,697.65,297.85,1474.08,1167.61,-0.0517,-0.10086,-0.35667,-0.42833,564.0,551.0,514.0,528.0,515.0,483.0,327.0,318.0,270.0,0.87554,0.48315,0.84603,-0.53314,14,2015-03-23,20,435.0,-0.11906,train
2015-03-04,bci_value,478.0,6.16961,490.0,516.0,521.0,529.0,543.0,564.0,652.0,663.0,971.0,1898.0,513.29,19.52,543.86,41.42,648.63,122.22,673.98,254.84,1457.13,1170.88,-0.02479,-0.1275,-0.31043,-0.70872,576.0,564.0,512.0,541.0,528.0,490.0,338.0,327.0,266.0,0.88372,0.46802,0.82719,-0.56192,14,2015-03-24,20,448.0,-0.06482,train
2015-03-05,bci_value,464.0,6.13988,478.0,490.0,516.0,525.0,534.0,539.0,630.0,669.0,965.0,1677.0,503.29,23.81,532.0,38.74,631.93,111.62,653.77,220.24,1438.0,1172.88,-0.02973,-0.14051,-0.30584,-0.73224,583.0,576.0,514.0,550.0,541.0,492.0,348.0,338.0,274.0,0.89164,0.45274,0.80737,-0.59004,14,2015-03-25,20,455.0,-0.01959,train
2015-03-06,bci_value,470.0,6.15273,464.0,478.0,490.0,521.0,529.0,542.0,614.0,680.0,887.0,1452.0,494.86,23.65,521.71,34.48,618.03,104.75,637.4,195.4,1418.13,1173.96,0.01285,-0.11826,-0.26726,-0.63511,587.0,583.0,519.0,560.0,550.0,490.0,352.0,348.0,289.0,0.8993,0.43734,0.7866,-0.61747,14,2015-03-26,20,456.0,-0.03024,train
2015-03-09,bci_value,468.0,6.14847,470.0,464.0,478.0,516.0,525.0,543.0,589.0,689.0,857.0,1282.0,486.71,21.6,513.07,31.58,605.07,98.24,623.83,177.62,1396.42,1173.26,-0.00426,-0.11493,-0.22996,-0.60497,590.0,587.0,531.0,566.0,560.0,496.0,356.0,352.0,300.0,0.92066,0.39037,0.71879,-0.69523,14,2015-03-27,18,456.0,-0.02598,train
2015-03-10,bci_value,457.0,6.12468,468.0,470.0,464.0,490.0,521.0,534.0,564.0,687.0,831.0,1165.0,477.57,18.47,505.43,31.27,592.6,92.33,612.03,164.29,1369.81,1167.09,-0.02378,-0.13107,-0.21037,-0.59795,591.0,590.0,540.0,573.0,566.0,506.0,357.0,356.0,308.0,0.92724,0.37447,0.69445,-0.71954,14,2015-03-30,20,460.0,0.00654,train
2015-03-11,bci_value,431.0,6.06611,457.0,468.0,470.0,478.0,516.0,529.0,539.0,711.0,785.0,1075.0,465.43,17.1,497.71,35.13,580.8,89.57,601.3,154.44,1336.42,1150.37,-0.05858,-0.18,-0.22361,-0.59958,588.0,591.0,551.0,580.0,573.0,515.0,361.0,357.0,318.0,0.93354,0.35847,0.66929,-0.743,14,2015-03-31,20,475.0,0.09721,train
2015-03-12,bci_value,394.0,5.97635,431.0,457.0,468.0,464.0,490.0,525.0,542.0,700.0,725.0,979.0,451.71,27.33,487.14,41.84,569.77,91.49,591.55,148.64,1301.24,1130.06,-0.08976,-0.21805,-0.31892,-0.60982,586.0,588.0,564.0,589.0,580.0,528.0,364.0,361.0,327.0,0.93957,0.34236,0.64334,-0.76558,14,2015-04-01,20,463.0,0.16138,train
2015-03-13,bci_value,378.0,5.93489,394.0,431.0,457.0,470.0,478.0,521.0,543.0,652.0,679.0,879.0,437.43,34.94,475.36,47.32,559.73,95.38,583.2,146.31,1266.18,1109.01,-0.04146,-0.23472,-0.36222,-0.58573,585.0,586.0,576.0,596.0,589.0,541.0,368.0,364.0,338.0,0.94532,0.32614,0.61662,-0.78726,14,2015-04-02,20,454.0,0.1832,train
2015-03-16,bci_value,372.0,5.91889,378.0,394.0,431.0,468.0,464.0,516.0,534.0,630.0,665.0,763.0,424.29,39.48,463.79,51.21,549.97,99.03,576.68,146.87,1230.84,1086.04,-0.016,-0.22099,-0.3615,-0.58089,588.0,585.0,583.0,606.0,596.0,550.0,370.0,368.0,348.0,0.96089,0.27695,0.53223,-0.8466,14,2015-04-07,22,448.0,0.1859,train
2015-03-17,bci_value,366.0,5.90263,372.0,378.0,394.0,457.0,470.0,490.0,529.0,614.0,663.0,659.0,409.43,39.05,452.14,53.54,540.07,102.04,571.8,148.9,1194.47,1059.23,-0.01626,-0.2501,-0.36836,-0.59414,595.0,588.0,587.0,611.0,606.0,560.0,375.0,370.0,352.0,0.96551,0.26038,0.50279,-0.86441,14,2015-04-08,22,450.0,0.20661,train
2015-03-18,bci_value,357.0,5.87774,366.0,372.0,378.0,431.0,468.0,478.0,525.0,589.0,669.0,617.0,393.57,34.29,440.14,54.68,529.67,104.24,567.47,151.29,1156.42,1026.64,-0.0249,-0.27073,-0.38566,-0.62805,604.0,595.0,590.0,616.0,611.0,566.0,378.0,375.0,356.0,0.96984,0.24373,0.47276,-0.88119,14,2015-04-09,22,461.0,0.25566,train
2015-03-19,bci_value,407.0,6.00881,357.0,366.0,372.0,394.0,457.0,464.0,521.0,564.0,680.0,571.0,386.43,23.99,432.0,50.35,520.57,102.63,564.73,152.68,1119.81,993.42,0.13108,-0.11587,-0.24694,-0.51328,613.0,604.0,591.0,623.0,616.0,573.0,383.0,378.0,357.0,0.97389,0.22701,0.44217,-0.89693,14,2015-04-10,22,466.0,0.13537,train
2015-03-20,bci_value,423.0,6.04737,407.0,357.0,366.0,378.0,431.0,470.0,516.0,539.0,689.0,517.0,385.29,21.95,425.36,44.64,511.7,99.12,563.17,153.64,1084.38,960.21,0.03856,-0.01874,-0.19873,-0.48787,617.0,613.0,588.0,627.0,623.0,580.0,384.0,383.0,361.0,0.97765,0.21022,0.41105,-0.91161,14,2015-04-13,24,460.0,0.08385,train
2015-03-23,bci_value,435.0,6.07535,423.0,407.0,357.0,372.0,394.0,468.0,490.0,542.0,687.0,488.0,391.14,28.1,421.43,41.06,503.3,94.48,562.28,154.22,1048.53,922.85,0.02797,0.099,-0.11906,-0.45699,617.0,617.0,586.0,635.0,627.0,589.0,386.0,384.0,364.0,0.9872,0.15951,0.31494,-0.94911,14,2015-04-14,22,470.0,0.07739,train
2015-03-24,bci_value,448.0,6.10479,435.0,423.0,407.0,366.0,378.0,457.0,478.0,543.0,711.0,480.0,401.14,33.57,419.29,38.77,494.53,86.68,561.75,154.56,1013.37,883.94,0.02945,0.1699,-0.06482,-0.46188,609.0,617.0,585.0,640.0,635.0,596.0,388.0,386.0,368.0,0.98979,0.14251,0.28211,-0.95938,14,2015-04-15,22,494.0,0.09774,train
2015-03-25,bci_value,455.0,6.1203,448.0,435.0,423.0,357.0,372.0,431.0,464.0,534.0,700.0,472.0,413.0,35.77,418.64,38.09,486.37,78.05,561.47,154.74,980.43,848.19,0.0155,0.2014,-0.01959,-0.43078,602.0,609.0,588.0,645.0,640.0,606.0,390.0,388.0,370.0,0.9921,0.12546,0.24894,-0.96852,14,2015-04-16,22,521.0,0.13545,train
2015-03-26,bci_value,456.0,6.12249,455.0,448.0,435.0,407.0,366.0,394.0,470.0,529.0,652.0,474.0,425.86,32.59,417.64,36.89,479.83,71.87,561.17,154.92,949.62,815.69,0.0022,0.21986,-0.03024,-0.35755,599.0,602.0,595.0,648.0,645.0,611.0,390.0,390.0,375.0,0.99411,0.10838,0.21548,-0.97651,14,2015-04-17,22,532.0,0.15415,train
2015-03-27,bci_value,456.0,6.12249,456.0,455.0,448.0,423.0,357.0,378.0,468.0,525.0,630.0,456.0,440.0,17.74,416.79,35.84,474.03,66.32,561.17,154.92,921.67,788.56,0.0,0.24476,-0.02598,-0.32323,597.0,599.0,604.0,648.0,648.0,616.0,390.0,390.0,378.0,0.99583,0.09126,0.18176,-0.98334,14,2015-04-20,24,537.0,0.16351,train
2015-03-30,bci_value,460.0,6.13123,456.0,456.0,455.0,435.0,407.0,372.0,457.0,521.0,614.0,442.0,447.57,12.61,417.0,36.08,468.9,61.04,561.47,154.71,894.21,760.65,0.00873,0.12241,0.00654,-0.28877,600.0,597.0,613.0,647.0,648.0,623.0,393.0,390.0,383.0,0.99921,0.03977,0.07948,-0.99684,14,2015-04-21,22,549.0,0.17687,train
2015-03-31,bci_value,475.0,6.16331,460.0,456.0,456.0,448.0,423.0,366.0,431.0,516.0,589.0,432.0,455.0,11.19,420.14,38.97,465.1,56.85,562.18,154.21,866.48,729.28,0.03209,0.11594,0.09721,-0.21511,598.0,600.0,617.0,649.0,647.0,627.0,392.0,393.0,384.0,0.99975,0.02258,0.04514,-0.99898,14,2015-04-22,22,544.0,0.13563,train
2015-04-01,bci_value,463.0,6.13773,475.0,460.0,456.0,455.0,435.0,357.0,394.0,490.0,564.0,397.0,459.0,7.82,425.07,39.71,461.73,53.8,563.28,153.26,837.11,690.7,-0.02559,0.06238,0.16138,-0.19733,596.0,598.0,617.0,650.0,649.0,635.0,389.0,392.0,386.0,0.99999,0.00538,0.01075,-0.99994,14,2015-04-23,22,543.0,0.15938,train
2015-04-02,bci_value,454.0,6.1181,463.0,475.0,460.0,456.0,448.0,407.0,378.0,478.0,539.0,335.0,459.86,6.83,430.5,38.06,458.9,51.86,565.27,151.04,807.41,647.73,-0.01963,0.0133,0.1832,-0.17162,589.0,596.0,609.0,646.0,650.0,640.0,386.0,389.0,388.0,0.99993,-0.01183,-0.02365,-0.99972,14,2015-04-24,22,545.0,0.18269,train
2015-04-07,bci_value,448.0,6.10479,454.0,463.0,475.0,456.0,455.0,423.0,372.0,464.0,542.0,311.0,458.86,7.9,435.93,34.59,455.77,49.53,567.55,148.19,777.61,600.13,-0.0133,-0.0155,0.1859,-0.19047,584.0,589.0,602.0,636.0,646.0,645.0,385.0,386.0,390.0,0.99522,-0.09768,-0.19443,-0.98092,14,2015-04-27,20,546.0,0.19783,train
2015-04-08,bci_value,450.0,6.10925,448.0,454.0,463.0,460.0,456.0,435.0,366.0,470.0,543.0,373.0,458.0,8.47,441.93,28.73,452.67,46.81,568.83,146.83,748.86,551.14,0.00445,-0.01325,0.20661,-0.18786,585.0,584.0,599.0,631.0,636.0,648.0,382.0,385.0,390.0,0.99339,-0.11479,-0.22806,-0.97365,14,2015-04-28,20,551.0,0.20249,train
2015-04-09,bci_value,461.0,6.1334,450.0,448.0,454.0,475.0,456.0,448.0,357.0,468.0,534.0,537.0,458.71,8.48,449.36,16.76,450.23,44.36,567.57,147.42,720.92,498.83,0.02415,0.01091,0.25566,-0.147,591.0,585.0,597.0,624.0,631.0,648.0,379.0,382.0,390.0,0.99127,-0.13186,-0.26141,-0.96523,14,2015-04-29,20,558.0,0.19096,train
2015-04-10,bci_value,466.0,6.14419,461.0,450.0,448.0,463.0,460.0,455.0,407.0,457.0,529.0,557.0,459.57,8.86,453.57,12.44,448.13,42.01,566.05,147.99,693.18,439.24,0.01079,0.01296,0.13537,-0.1268,600.0,591.0,600.0,617.0,624.0,647.0,373.0,379.0,393.0,0.98885,-0.14889,-0.29446,-0.95566,14,2015-04-30,20,565.0,0.19264,train
2015-04-13,bci_value,460.0,6.13123,466.0,461.0,450.0,454.0,475.0,456.0,423.0,431.0,525.0,585.0,457.43,6.32,456.21,9.17,445.97,39.59,563.97,148.59,669.27,389.94,-0.01296,-0.03209,0.08385,-0.13217,609.0,600.0,598.0,613.0,617.0,649.0,369.0,373.0,392.0,0.97986,-0.1997,-0.39136,-0.92024,14,2015-05-01,18,574.0,0.2214,train
2015-04-14,bci_value,470.0,6.15273,460.0,466.0,461.0,448.0,463.0,456.0,435.0,394.0,521.0,620.0,458.43,7.56,458.71,7.69,444.27,37.37,561.47,148.89,648.41,347.54,0.02151,0.01501,0.07739,-0.10302,619.0,609.0,596.0,609.0,613.0,650.0,366.0,369.0,389.0,0.97628,-0.21653,-0.42278,-0.90623,14,2015-05-05,21,571.0,0.19466,train
2015-04-15,bci_value,494.0,6.20254,470.0,460.0,466.0,450.0,454.0,460.0,448.0,378.0,516.0,662.0,464.14,14.23,462.0,11.36,443.53,36.15,558.67,148.55,630.0,309.23,0.0498,0.08444,0.09774,-0.04357,626.0,619.0,589.0,608.0,609.0,646.0,362.0,366.0,386.0,0.97241,-0.23329,-0.4537,-0.89115,14,2015-05-06,21,574.0,0.15009,train
2015-04-16,bci_value,521.0,6.25575,494.0,470.0,460.0,461.0,448.0,475.0,455.0,372.0,490.0,752.0,474.57,22.76,466.71,18.76,444.57,37.86,554.82,146.47,613.29,271.76,0.05321,0.15096,0.13545,0.06134,636.0,626.0,584.0,608.0,608.0,636.0,360.0,362.0,385.0,0.96825,-0.24998,-0.48409,-0.87502,14,2015-05-07,21,594.0,0.13113,train
2015-04-17,bci_value,532.0,6.27664,521.0,494.0,470.0,466.0,450.0,463.0,456.0,366.0,478.0,971.0,486.29,27.68,472.14,24.88,446.37,40.6,547.5,136.09,598.11,235.29,0.02089,0.1674,0.15415,0.10703,642.0,636.0,585.0,612.0,608.0,631.0,358.0,360.0,382.0,0.96381,-0.2666,-0.5139,-0.85785,14,2015-05-08,21,616.0,0.1466,train
2015-04-20,bci_value,537.0,6.286,532.0,521.0,494.0,460.0,461.0,454.0,456.0,357.0,464.0,965.0,497.14,30.4,477.93,29.45,448.8,43.65,540.37,124.77,585.44,205.69,0.00935,0.1526,0.16351,0.14611,646.0,642.0,591.0,619.0,612.0,624.0,357.0,358.0,379.0,0.94877,-0.31596,-0.59955,-0.80034,14,2015-05-11,21,660.0,0.20624,train
2015-04-21,bci_value,549.0,6.3081,537.0,532.0,521.0,470.0,466.0,448.0,460.0,407.0,470.0,887.0,509.0,32.08,484.29,34.13,451.43,47.1,534.73,116.34,575.41,184.06,0.0221,0.16391,0.17687,0.15537,659.0,646.0,600.0,618.0,619.0,617.0,355.0,357.0,373.0,0.9432,-0.33224,-0.62673,-0.77924,14,2015-05-12,21,731.0,0.28632,train
2015-04-22,bci_value,544.0,6.29895,549.0,537.0,532.0,494.0,460.0,450.0,475.0,423.0,468.0,857.0,521.0,26.78,489.21,37.27,453.97,49.88,529.52,108.52,567.21,168.15,-0.00915,0.16772,0.13563,0.15048,669.0,659.0,609.0,619.0,618.0,613.0,355.0,355.0,369.0,0.93734,-0.34841,-0.65316,-0.75722,14,2015-05-13,21,942.0,0.54906,train
2015-04-23,bci_value,543.0,6.29711,544.0,549.0,537.0,521.0,470.0,461.0,463.0,435.0,457.0,831.0,531.43,17.49,494.93,38.91,456.83,52.38,524.72,101.2,560.3,155.76,-0.00184,0.14438,0.15938,0.17243,680.0,669.0,619.0,620.0,619.0,609.0,351.0,355.0,366.0,0.93121,-0.36448,-0.67882,-0.7343,14,2015-05-14,21,972.0,0.58225,train
2015-04-24,bci_value,545.0,6.30079,543.0,544.0,549.0,532.0,494.0,466.0,454.0,448.0,431.0,785.0,538.71,8.89,501.43,39.13,460.63,54.46,520.72,95.42,554.41,145.9,0.00368,0.09825,0.18269,0.23468,685.0,680.0,626.0,621.0,620.0,608.0,348.0,351.0,362.0,0.9248,-0.38045,-0.70368,-0.71052,14,2015-05-15,21,954.0,0.55988,train
2015-04-27,bci_value,546.0,6.30262,545.0,543.0,544.0,537.0,521.0,460.0,448.0,455.0,394.0,725.0,542.29,5.39,508.43,37.68,465.7,55.1,517.73,91.71,549.6,138.78,0.00183,0.04687,0.19783,0.32627,687.0,685.0,636.0,624.0,621.0,608.0,347.0,348.0,360.0,0.90395,-0.42765,-0.77314,-0.63424,14,2015-05-18,21,950.0,0.55384,train
2015-04-28,bci_value,551.0,6.31173,546.0,545.0,543.0,549.0,532.0,470.0,450.0,456.0,378.0,679.0,545.0,4.17,515.64,35.41,471.47,54.67,515.6,89.39,545.96,134.32,0.00912,0.03509,0.20249,0.37684,685.0,687.0,642.0,626.0,624.0,612.0,346.0,347.0,358.0,0.89646,-0.44313,-0.7945,-0.60727,14,2015-05-19,21,923.0,0.51589,train
2015-04-29,bci_value,558.0,6.32436,551.0,546.0,545.0,544.0,537.0,494.0,461.0,456.0,372.0,665.0,548.0,4.84,522.57,33.47,477.67,53.57,513.82,87.44,543.68,132.34,0.01262,0.03836,0.19096,0.40547,673.0,685.0,646.0,628.0,626.0,619.0,345.0,346.0,357.0,0.8887,-0.45849,-0.81492,-0.57958,14,2015-05-20,21,889.0,0.46574,train
2015-04-30,bci_value,565.0,6.33683,558.0,551.0,546.0,543.0,549.0,521.0,466.0,460.0,366.0,663.0,550.29,7.7,529.64,31.15,484.3,51.62,512.18,85.53,542.63,131.8,0.01247,0.02873,0.19264,0.43419,658.0,673.0,659.0,627.0,628.0,618.0,343.0,345.0,355.0,0.88068,-0.47371,-0.83437,-0.5512,14,2015-05-21,21,844.0,0.40133,train
2015-05-01,bci_value,574.0,6.35263,565.0,558.0,551.0,545.0,544.0,532.0,460.0,475.0,357.0,669.0,554.57,10.76,537.79,26.42,491.53,48.38,510.6,83.47,542.16,131.61,0.0158,0.05368,0.2214,0.47489,647.0,658.0,669.0,625.0,627.0,619.0,340.0,343.0,355.0,0.8724,-0.48879,-0.85284,-0.52218,14,2015-05-22,21,816.0,0.35178,train
2015-05-05,bci_value,571.0,6.34739,574.0,565.0,558.0,546.0,543.0,537.0,470.0,463.0,407.0,680.0,558.57,10.91,545.0,19.92,497.0,47.78,508.78,80.91,542.16,131.61,-0.00524,0.05028,0.19466,0.33858,633.0,647.0,680.0,621.0,625.0,620.0,335.0,340.0,351.0,0.83673,-0.54761,-0.91641,-0.40024,14,2015-05-26,21,806.0,0.34469,train
2015-05-06,bci_value,574.0,6.35263,571.0,574.0,565.0,551.0,545.0,549.0,494.0,454.0,423.0,689.0,562.71,10.47,550.71,15.44,502.03,47.67,506.87,77.92,542.79,131.62,0.00524,0.05184,0.15009,0.30526,618.0,633.0,685.0,618.0,621.0,621.0,332.0,335.0,348.0,0.82719,-0.56192,-0.92963,-0.36848,14,2015-05-27,21,823.0,0.36033,train
2015-05-07,bci_value,594.0,6.38688,574.0,571.0,574.0,558.0,546.0,544.0,521.0,448.0,435.0,687.0,569.57,12.75,555.93,16.79,507.33,48.75,505.32,75.2,543.97,131.6,0.03425,0.08426,0.13113,0.31153,603.0,618.0,687.0,618.0,618.0,624.0,331.0,332.0,347.0,0.8174,-0.57607,-0.94176,-0.33629,14,2015-05-28,21,817.0,0.31876,train
2015-05-08,bci_value,616.0,6.42325,594.0,574.0,571.0,565.0,551.0,543.0,532.0,450.0,448.0,711.0,578.86,18.3,561.93,21.51,512.93,51.2,503.73,71.78,545.48,131.64,0.03637,0.11151,0.1466,0.31845,594.0,603.0,685.0,618.0,618.0,626.0,329.0,331.0,346.0,0.80737,-0.59004,-0.95277,-0.3037,14,2015-05-29,21,810.0,0.27379,train
2015-05-11,bci_value,660.0,6.49224,616.0,594.0,574.0,574.0,558.0,545.0,537.0,461.0,455.0,700.0,593.43,31.64,570.71,32.07,519.77,56.42,503.07,70.12,547.57,131.95,0.06899,0.16788,0.20624,0.37194,586.0,594.0,673.0,618.0,618.0,628.0,328.0,329.0,345.0,0.77586,-0.63091,-0.97899,-0.20391,14,2015-06-01,21,804.0,0.19736,train
2015-05-12,bci_value,731.0,6.59441,660.0,616.0,594.0,571.0,565.0,546.0,549.0,466.0,456.0,652.0,617.14,55.02,583.71,51.58,528.93,66.72,504.38,73.56,550.42,133.1,0.10217,0.25759,0.28632,0.47192,583.0,586.0,658.0,617.0,618.0,627.0,327.0,328.0,343.0,0.76489,-0.64416,-0.98542,-0.17012,14,2015-06-02,21,821.0,0.11611,train
2015-05-13,bci_value,942.0,6.84801,731.0,660.0,616.0,574.0,574.0,551.0,544.0,460.0,456.0,630.0,669.71,122.77,612.14,104.45,545.13,98.48,509.58,91.17,555.82,138.89,0.25359,0.49538,0.54906,0.72551,584.0,583.0,647.0,619.0,617.0,625.0,326.0,327.0,340.0,0.7537,-0.65722,-0.99069,-0.13612,14,2015-06-03,21,821.0,-0.13748,train
2015-05-14,bci_value,972.0,6.87936,942.0,731.0,660.0,594.0,571.0,558.0,543.0,470.0,460.0,614.0,727.0,153.15,642.79,137.4,562.2,123.45,515.55,107.98,561.71,145.04,0.03135,0.53197,0.58225,0.74813,580.0,584.0,633.0,624.0,619.0,621.0,326.0,326.0,335.0,0.74228,-0.67009,-0.99479,-0.10196,14,2015-06-04,21,818.0,-0.17249,train
2015-05-15,bci_value,954.0,6.86066,972.0,942.0,731.0,616.0,574.0,565.0,545.0,494.0,475.0,589.0,781.29,156.6,672.0,155.76,578.17,140.89,521.63,121.39,567.51,150.09,-0.01869,0.50803,0.55988,0.69735,579.0,580.0,618.0,626.0,624.0,618.0,327.0,326.0,332.0,0.73064,-0.68276,-0.99771,-0.06768,14,2015-06-05,21,865.0,-0.09793,train
2015-05-18,bci_value,950.0,6.85646,954.0,972.0,942.0,660.0,594.0,574.0,546.0,521.0,463.0,564.0,832.14,144.89,700.86,166.77,594.4,154.12,528.07,133.13,573.66,154.24,-0.0042,0.46958,0.55384,0.71873,578.0,579.0,603.0,628.0,626.0,618.0,326.0,327.0,331.0,0.69445,-0.71954,-0.99937,0.03547,14,2015-06-08,21,856.0,-0.10419,train
2015-05-19,bci_value,923.0,6.82763,950.0,954.0,972.0,731.0,616.0,571.0,551.0,532.0,454.0,539.0,876.0,116.51,727.43,170.38,610.03,162.63,534.47,142.41,580.19,156.43,-0.02883,0.40438,0.51589,0.70953,574.0,578.0,594.0,626.0,628.0,618.0,325.0,326.0,329.0,0.68197,-0.73138,-0.99756,0.06983,14,2015-06-09,21,834.0,-0.1014,train
2015-05-20,bci_value,889.0,6.7901,923.0,950.0,954.0,942.0,660.0,574.0,558.0,537.0,448.0,542.0,908.71,76.57,751.07,168.18,624.73,167.19,540.25,149.47,586.61,157.11,-0.03753,0.29786,0.46574,0.6853,565.0,574.0,586.0,625.0,626.0,618.0,326.0,325.0,328.0,0.66929,-0.743,-0.99457,0.1041,14,2015-06-10,21,816.0,-0.08568,train
2015-05-21,bci_value,844.0,6.73815,889.0,923.0,950.0,972.0,731.0,594.0,565.0,549.0,450.0,543.0,924.86,41.1,771.0,161.34,637.87,168.42,545.27,154.44,591.84,157.75,-0.05194,0.14374,0.40133,0.6289,556.0,565.0,583.0,623.0,625.0,617.0,327.0,326.0,327.0,0.65641,-0.7544,-0.9904,0.13825,14,2015-06-11,21,810.0,-0.04112,train
2015-05-22,bci_value,816.0,6.70441,844.0,889.0,923.0,954.0,942.0,616.0,574.0,544.0,461.0,534.0,906.86,54.92,788.29,152.0,649.7,168.05,549.97,158.27,594.94,159.38,-0.03374,-0.14359,0.35178,0.57102,549.0,556.0,584.0,624.0,623.0,619.0,327.0,327.0,326.0,0.64334,-0.76558,-0.98506,0.17224,14,2015-06-12,21,820.0,0.00489,train
2015-05-26,bci_value,806.0,6.69208,816.0,844.0,889.0,950.0,972.0,660.0,571.0,543.0,466.0,529.0,883.14,57.45,805.07,139.54,661.03,166.74,554.58,161.6,597.71,160.85,-0.01233,-0.18727,0.34469,0.5479,540.0,549.0,580.0,627.0,624.0,624.0,327.0,327.0,326.0,0.58918,-0.808,-0.95211,0.30574,14,2015-06-15,20,840.0,0.04132,train
2015-05-27,bci_value,823.0,6.71296,806.0,816.0,844.0,923.0,954.0,731.0,574.0,545.0,460.0,525.0,864.43,52.44,822.86,123.96,673.13,164.87,559.55,165.15,600.36,162.57,0.02087,-0.14771,0.36033,0.58173,530.0,540.0,579.0,631.0,627.0,626.0,327.0,327.0,327.0,0.57519,-0.81802,-0.94103,0.33831,14,2015-06-16,20,904.0,0.09387,train
2015-05-28,bci_value,817.0,6.70564,823.0,806.0,816.0,889.0,950.0,942.0,594.0,546.0,470.0,521.0,845.43,40.8,838.79,106.64,684.7,162.36,564.48,168.32,602.54,164.14,-0.00732,-0.15082,0.31876,0.55291,525.0,530.0,578.0,635.0,631.0,628.0,328.0,327.0,326.0,0.56103,-0.82779,-0.92884,0.37048,14,2015-06-17,20,1045.0,0.24613,train
2015-05-29,bci_value,810.0,6.69703,817.0,823.0,806.0,844.0,923.0,972.0,616.0,551.0,494.0,516.0,829.29,26.9,852.64,87.72,695.23,159.88,569.38,171.09,604.19,165.46,-0.0086,-0.13059,0.27379,0.4945,524.0,525.0,574.0,642.0,635.0,626.0,331.0,328.0,325.0,0.54671,-0.83732,-0.91555,0.40221,14,2015-06-18,20,1234.0,0.42098,train
2015-06-01,bci_value,804.0,6.6896,810.0,817.0,823.0,816.0,889.0,954.0,660.0,558.0,521.0,490.0,817.14,12.56,862.93,71.46,704.67,157.66,574.62,173.37,604.77,166.06,-0.00743,-0.1005,0.19736,0.43385,522.0,524.0,565.0,647.0,642.0,625.0,332.0,331.0,326.0,0.50279,-0.86441,-0.86923,0.4944,14,2015-06-19,18,1241.0,0.43407,train
2015-06-02,bci_value,821.0,6.71052,804.0,810.0,817.0,806.0,844.0,950.0,731.0,565.0,532.0,478.0,813.86,6.79,869.36,62.83,714.3,155.63,580.33,175.73,603.1,163.11,0.02092,-0.02763,0.11611,0.43388,528.0,522.0,556.0,652.0,647.0,623.0,332.0,332.0,327.0,0.48785,-0.87293,-0.85171,0.52401,14,2015-06-22,20,1248.0,0.41877,train
2015-06-03,bci_value,821.0,6.71052,821.0,804.0,810.0,823.0,816.0,923.0,942.0,574.0,537.0,464.0,814.57,7.23,860.71,60.53,723.77,153.17,586.28,177.72,601.5,160.23,0.0,0.00611,-0.13748,0.42453,544.0,528.0,549.0,653.0,652.0,624.0,332.0,332.0,327.0,0.47276,-0.88119,-0.83318,0.553,14,2015-06-23,20,1300.0,0.4596,train
2015-06-04,bci_value,818.0,6.70686,821.0,821.0,804.0,817.0,806.0,889.0,972.0,571.0,549.0,470.0,816.29,6.36,849.71,52.8,732.73,150.53,592.08,179.5,600.73,159.02,-0.00366,0.01478,-0.17249,0.39876,570.0,544.0,540.0,654.0,653.0,627.0,333.0,332.0,327.0,0.45753,-0.88919,-0.81367,0.58133,14,2015-06-24,20,1428.0,0.55717,train
2015-06-05,bci_value,865.0,6.76273,818.0,821.0,821.0,810.0,823.0,844.0,954.0,574.0,544.0,468.0,822.29,18.36,843.36,44.58,743.43,148.13,598.7,182.11,600.82,159.17,0.05587,0.04977,-0.09793,0.46378,596.0,570.0,530.0,654.0,654.0,631.0,332.0,333.0,327.0,0.44217,-0.89693,-0.79319,0.60897,14,2015-06-25,20,1432.0,0.5041,train
2015-06-08,bci_value,856.0,6.75227,865.0,818.0,821.0,804.0,817.0,816.0,950.0,594.0,543.0,457.0,827.86,21.55,836.64,33.79,753.87,144.62,605.35,184.08,601.1,159.59,-0.01046,0.04663,-0.10419,0.45516,608.0,596.0,525.0,656.0,654.0,635.0,331.0,332.0,328.0,0.39531,-0.91855,-0.72622,0.68746,14,2015-06-26,18,1393.0,0.48694,train
2015-06-09,bci_value,834.0,6.72623,856.0,865.0,818.0,821.0,810.0,806.0,923.0,616.0,545.0,431.0,831.29,20.31,830.29,23.85,763.5,139.94,612.07,184.95,601.64,160.3,-0.02604,0.0292,-0.1014,0.42545,630.0,608.0,524.0,655.0,656.0,642.0,331.0,331.0,331.0,0.37945,-0.92521,-0.70215,0.71203,14,2015-06-29,20,1346.0,0.47866,train
2015-06-10,bci_value,816.0,6.70441,834.0,856.0,865.0,821.0,804.0,823.0,889.0,660.0,546.0,394.0,833.0,18.35,825.07,17.61,772.5,134.23,619.1,184.55,602.66,161.36,-0.02182,0.01482,-0.08568,0.4018,662.0,630.0,522.0,654.0,655.0,647.0,333.0,331.0,332.0,0.36348,-0.9316,-0.67724,0.73576,14,2015-06-30,20,1292.0,0.45953,train
2015-06-11,bci_value,810.0,6.69703,816.0,834.0,856.0,818.0,821.0,817.0,844.0,731.0,551.0,378.0,831.43,19.73,822.64,17.17,781.13,127.88,626.3,183.42,604.11,162.63,-0.00738,-0.01349,-0.04112,0.3853,696.0,662.0,528.0,661.0,654.0,652.0,336.0,333.0,332.0,0.3474,-0.93772,-0.65153,0.75862,14,2015-07-01,20,1251.0,0.43466,train
2015-06-12,bci_value,820.0,6.7093,810.0,816.0,834.0,865.0,821.0,810.0,816.0,942.0,558.0,372.0,831.29,19.8,822.93,17.09,789.87,121.11,633.77,182.03,605.83,164.07,0.01227,-0.00122,0.00489,0.38495,719.0,696.0,544.0,669.0,661.0,653.0,338.0,336.0,332.0,0.33122,-0.94355,-0.62505,0.78058,14,2015-07-02,20,1226.0,0.40221,train
2015-06-15,bci_value,840.0,6.7334,820.0,810.0,816.0,856.0,818.0,804.0,806.0,972.0,565.0,366.0,834.43,19.18,825.36,16.93,799.03,113.94,641.67,180.52,607.8,165.8,0.0241,0.02654,0.04132,0.39658,742.0,719.0,570.0,678.0,669.0,654.0,341.0,338.0,333.0,0.28211,-0.95938,-0.5413,0.84083,14,2015-07-03,18,1249.0,0.3967,train
2015-06-16,bci_value,904.0,6.80683,840.0,820.0,810.0,834.0,865.0,821.0,823.0,954.0,574.0,357.0,840.0,29.91,831.14,26.35,810.03,107.43,650.78,179.72,610.41,168.57,0.07343,0.0441,0.09387,0.4542,772.0,742.0,596.0,685.0,678.0,654.0,345.0,341.0,332.0,0.26556,-0.96409,-0.51206,0.85895,14,2015-07-06,20,1266.0,0.33679,train
2015-06-17,bci_value,1045.0,6.95177,904.0,840.0,820.0,816.0,856.0,821.0,817.0,950.0,571.0,407.0,867.0,78.31,847.43,60.68,825.83,105.96,661.42,183.81,614.47,174.48,0.14494,0.1995,0.24613,0.60438,817.0,772.0,608.0,695.0,685.0,656.0,349.0,345.0,331.0,0.24894,-0.96852,-0.48221,0.87606,14,2015-07-07,20,1285.0,0.20674,train
2015-06-18,bci_value,1234.0,7.11802,1045.0,904.0,840.0,810.0,834.0,818.0,810.0,923.0,574.0,423.0,924.14,148.17,877.71,115.49,847.83,119.09,674.93,195.25,620.52,186.04,0.16624,0.39178,0.42098,0.76539,847.0,817.0,630.0,706.0,695.0,655.0,351.0,349.0,331.0,0.23224,-0.97266,-0.45179,0.89213,14,2015-07-08,20,1278.0,0.03504,train
2015-06-19,bci_value,1241.0,7.12367,1234.0,1045.0,904.0,820.0,816.0,865.0,804.0,889.0,594.0,435.0,984.86,175.89,908.93,146.3,869.4,129.31,688.37,205.72,626.68,196.98,0.00566,0.41926,0.43407,0.73679,851.0,847.0,662.0,715.0,706.0,654.0,355.0,351.0,333.0,0.21548,-0.97651,-0.42083,0.90714,14,2015-07-09,20,1279.0,0.03016,train
2015-06-22,bci_value,1248.0,7.1293,1241.0,1234.0,1045.0,840.0,810.0,856.0,821.0,844.0,616.0,448.0,1047.43,180.41,939.43,167.73,890.47,137.53,701.7,215.41,632.64,207.31,0.00562,0.43226,0.41877,0.70605,845.0,851.0,696.0,721.0,715.0,661.0,355.0,355.0,336.0,0.16482,-0.98632,-0.32513,0.94567,14,2015-07-10,18,1318.0,0.05457,train
2015-06-23,bci_value,1300.0,7.17012,1248.0,1241.0,1234.0,904.0,820.0,834.0,821.0,816.0,660.0,455.0,1116.0,171.96,973.64,187.74,911.8,149.27,715.78,226.17,639.31,218.7,0.04082,0.46082,0.4596,0.67788,834.0,845.0,719.0,722.0,721.0,669.0,358.0,355.0,338.0,0.14783,-0.98901,-0.29241,0.95629,14,2015-07-13,20,1389.0,0.06622,train
2015-06-24,bci_value,1428.0,7.26403,1300.0,1248.0,1241.0,1045.0,840.0,816.0,818.0,806.0,731.0,456.0,1200.0,159.81,1017.21,215.32,935.03,171.85,731.98,241.29,647.93,233.81,0.09391,0.53063,0.55717,0.66962,829.0,834.0,742.0,721.0,722.0,678.0,359.0,358.0,341.0,0.13079,-0.99141,-0.25934,0.96579,14,2015-07-14,20,1394.0,-0.0241,train
2015-06-25,bci_value,1432.0,7.26683,1428.0,1300.0,1248.0,1234.0,904.0,810.0,865.0,823.0,942.0,456.0,1275.43,122.56,1057.71,235.28,951.37,193.64,748.25,254.67,656.84,247.82,0.0028,0.46,0.5041,0.41882,827.0,829.0,772.0,723.0,721.0,685.0,361.0,359.0,345.0,0.11372,-0.99351,-0.22596,0.97414,14,2015-07-15,20,1462.0,0.02073,train
2015-06-26,bci_value,1393.0,7.23921,1432.0,1428.0,1300.0,1241.0,1045.0,820.0,856.0,817.0,972.0,460.0,1325.14,83.3,1096.07,242.92,965.4,209.26,763.8,264.87,665.5,259.5,-0.02761,0.28744,0.48694,0.35986,833.0,827.0,817.0,723.0,723.0,695.0,362.0,361.0,349.0,0.09661,-0.99532,-0.19232,0.98133,14,2015-07-16,20,1611.0,0.1454,train
2015-06-29,bci_value,1346.0,7.20489,1393.0,1432.0,1428.0,1248.0,1234.0,840.0,834.0,810.0,954.0,475.0,1341.14,74.55,1132.64,239.22,978.47,220.09,778.32,272.41,673.91,268.98,-0.03432,0.08688,0.47866,0.34423,838.0,833.0,847.0,723.0,723.0,706.0,361.0,362.0,351.0,0.04514,-0.99898,-0.09019,0.99592,14,2015-07-17,18,1712.0,0.24053,train
2015-06-30,bci_value,1292.0,7.16395,1346.0,1393.0,1432.0,1300.0,1241.0,904.0,816.0,804.0,950.0,463.0,1348.43,66.47,1166.64,225.22,989.87,227.07,792.13,277.05,682.0,276.39,-0.04095,0.04027,0.45953,0.30748,845.0,838.0,851.0,722.0,723.0,715.0,361.0,361.0,355.0,0.02795,-0.99961,-0.05588,0.99844,14,2015-07-20,20,1763.0,0.31083,train
2015-07-01,bci_value,1251.0,7.1317,1292.0,1346.0,1393.0,1428.0,1248.0,1045.0,810.0,821.0,923.0,454.0,1348.86,65.82,1198.14,202.87,1000.8,231.44,805.42,279.61,689.91,282.31,-0.03225,0.0024,0.43466,0.30407,858.0,845.0,845.0,715.0,722.0,721.0,360.0,361.0,355.0,0.01075,-0.99994,-0.0215,0.99977,14,2015-07-21,20,1935.0,0.43616,train
2015-07-02,bci_value,1226.0,7.11151,1251.0,1292.0,1346.0,1432.0,1300.0,1234.0,820.0,821.0,889.0,448.0,1338.29,77.69,1227.14,173.65,1012.03,233.91,818.38,280.77,697.51,287.39,-0.02019,-0.05861,0.40221,0.32141,883.0,858.0,834.0,713.0,715.0,722.0,360.0,360.0,358.0,-0.00645,-0.99998,0.0129,0.99992,14,2015-07-22,20,1952.0,0.4651,train
2015-07-03,bci_value,1249.0,7.1301,1226.0,1251.0,1292.0,1393.0,1428.0,1241.0,840.0,818.0,844.0,450.0,1312.71,73.29,1256.36,136.49,1025.53,235.5,831.7,281.93,705.36,292.65,0.01859,-0.13393,0.3967,0.39195,908.0,883.0,829.0,712.0,713.0,721.0,361.0,360.0,359.0,-0.02365,-0.99972,0.04729,0.99888,14,2015-07-23,20,1924.0,0.43206,train
2015-07-06,bci_value,1266.0,7.14362,1249.0,1226.0,1251.0,1346.0,1432.0,1248.0,904.0,865.0,816.0,461.0,1289.0,55.57,1282.21,95.4,1040.53,236.01,845.12,283.12,713.49,297.9,0.01352,-0.12321,0.33679,0.4392,927.0,908.0,827.0,716.0,712.0,723.0,362.0,361.0,361.0,-0.07519,-0.99717,0.14995,0.98869,14,2015-07-24,18,1896.0,0.40388,train
2015-07-07,bci_value,1285.0,7.15851,1266.0,1249.0,1226.0,1292.0,1393.0,1300.0,1045.0,856.0,806.0,466.0,1273.57,36.15,1299.36,69.19,1056.5,235.81,858.77,284.26,721.89,303.19,0.0149,-0.0807,0.20674,0.46643,945.0,927.0,833.0,723.0,716.0,723.0,367.0,362.0,362.0,-0.09233,-0.99573,0.18387,0.98295,14,2015-07-27,20,1935.0,0.40935,train
2015-07-08,bci_value,1278.0,7.15305,1285.0,1266.0,1249.0,1251.0,1346.0,1428.0,1234.0,834.0,823.0,460.0,1263.86,21.59,1302.5,67.12,1071.67,234.93,872.4,284.42,730.26,308.0,-0.00546,-0.05184,0.03504,0.4401,973.0,945.0,838.0,742.0,723.0,723.0,373.0,367.0,361.0,-0.10945,-0.99399,0.21758,0.97604,14,2015-07-28,20,1990.0,0.44284,train
2015-07-09,bci_value,1279.0,7.15383,1278.0,1285.0,1266.0,1226.0,1292.0,1432.0,1241.0,816.0,817.0,470.0,1262.0,19.55,1305.21,65.33,1087.07,232.86,885.88,284.2,738.68,312.49,0.00078,-0.01011,0.03016,0.44819,1016.0,973.0,845.0,750.0,742.0,722.0,377.0,373.0,361.0,-0.12653,-0.99196,0.25102,0.96798,14,2015-07-29,20,2103.0,0.49729,train
2015-07-10,bci_value,1318.0,7.18387,1279.0,1278.0,1285.0,1249.0,1251.0,1393.0,1248.0,810.0,810.0,494.0,1271.57,26.86,1310.21,63.41,1104.0,230.56,899.62,284.84,747.59,317.41,0.03004,0.05217,0.05457,0.48684,1052.0,1016.0,858.0,759.0,750.0,715.0,384.0,377.0,360.0,-0.14357,-0.98964,0.28417,0.95877,14,2015-07-30,20,2116.0,0.47341,train
2015-07-13,bci_value,1389.0,7.23634,1318.0,1279.0,1278.0,1266.0,1226.0,1346.0,1300.0,820.0,804.0,521.0,1294.86,43.04,1316.57,66.45,1123.5,229.1,914.08,287.27,757.58,323.24,0.05247,0.12483,0.06622,0.54674,1076.0,1052.0,883.0,767.0,759.0,713.0,391.0,384.0,360.0,-0.19443,-0.98092,0.38144,0.92439,14,2015-07-31,18,2209.0,0.46396,train
2015-07-14,bci_value,1394.0,7.23993,1389.0,1318.0,1279.0,1285.0,1249.0,1292.0,1428.0,840.0,821.0,532.0,1315.57,50.27,1314.14,62.86,1142.6,226.96,928.45,289.35,767.76,328.65,0.00359,0.10983,-0.0241,0.52941,1096.0,1076.0,908.0,774.0,767.0,712.0,399.0,391.0,361.0,-0.21128,-0.97743,0.41301,0.91073,14,2015-08-03,20,2308.0,0.5042,train
2015-07-15,bci_value,1462.0,7.28756,1394.0,1389.0,1318.0,1278.0,1266.0,1251.0,1432.0,904.0,821.0,537.0,1343.57,66.75,1316.29,67.2,1163.97,225.84,943.87,292.71,778.84,334.99,0.04763,0.14394,0.02073,0.57704,1122.0,1096.0,927.0,784.0,774.0,716.0,409.0,399.0,362.0,-0.22806,-0.97365,0.4441,0.89598,14,2015-08-04,20,2512.0,0.54127,train
2015-07-16,bci_value,1611.0,7.38461,1462.0,1394.0,1389.0,1279.0,1285.0,1226.0,1393.0,1045.0,818.0,549.0,1390.14,109.6,1331.86,100.29,1190.4,230.17,961.57,300.31,791.52,344.52,0.09705,0.2261,0.1454,0.67775,1149.0,1122.0,945.0,801.0,784.0,723.0,417.0,409.0,367.0,-0.24477,-0.96958,0.47465,0.88017,14,2015-08-05,20,2604.0,0.48019,train
2015-07-17,bci_value,1712.0,7.44542,1611.0,1462.0,1394.0,1318.0,1278.0,1249.0,1346.0,1234.0,865.0,544.0,1452.14,145.5,1358.0,140.29,1218.63,240.25,981.03,310.3,805.34,356.02,0.06081,0.29237,0.24053,0.68269,1162.0,1149.0,973.0,823.0,801.0,742.0,427.0,417.0,373.0,-0.26141,-0.96523,0.50465,0.86333,14,2015-08-06,20,2514.0,0.38421,train
2015-07-20,bci_value,1763.0,7.47477,1712.0,1611.0,1462.0,1389.0,1279.0,1266.0,1292.0,1241.0,856.0,543.0,1521.29,160.97,1391.64,173.07,1248.87,249.6,1001.37,320.73,819.86,367.95,0.02935,0.32094,0.31083,0.7225,1170.0,1162.0,1016.0,846.0,823.0,750.0,431.0,427.0,377.0,-0.31086,-0.95046,0.59091,0.80674,14,2015-08-07,18,2512.0,0.35406,train
2015-07-21,bci_value,1935.0,7.56786,1763.0,1712.0,1611.0,1394.0,1318.0,1285.0,1251.0,1248.0,834.0,545.0,1609.43,191.55,1440.5,217.35,1285.57,266.29,1024.53,336.73,836.57,383.72,0.09309,0.38399,0.43616,0.84163,1179.0,1170.0,1052.0,862.0,846.0,759.0,432.0,431.0,384.0,-0.32716,-0.94497,0.61831,0.78593,14,2015-08-10,20,2499.0,0.25578,train
2015-07-22,bci_value,1952.0,7.57661,1935.0,1763.0,1712.0,1462.0,1389.0,1278.0,1226.0,1300.0,816.0,546.0,1689.86,200.12,1492.36,244.86,1323.43,277.36,1047.97,351.22,853.88,398.23,0.00875,0.34027,0.4651,0.8722,1179.0,1179.0,1076.0,875.0,862.0,767.0,433.0,432.0,391.0,-0.34337,-0.9392,0.64498,0.7642,14,2015-08-11,20,2367.0,0.19277,train
2015-07-23,bci_value,1924.0,7.56216,1952.0,1935.0,1763.0,1611.0,1394.0,1279.0,1249.0,1428.0,810.0,551.0,1765.57,172.17,1540.57,258.28,1360.57,280.69,1070.85,362.64,871.06,410.49,-0.01445,0.32223,0.43206,0.86513,1161.0,1179.0,1096.0,889.0,875.0,774.0,431.0,433.0,399.0,-0.35947,-0.93316,0.67089,0.74156,14,2015-08-12,20,2107.0,0.09086,train
2015-07-24,bci_value,1896.0,7.5475,1924.0,1952.0,1935.0,1712.0,1462.0,1318.0,1266.0,1432.0,820.0,558.0,1827.57,122.73,1585.57,261.39,1396.43,278.06,1093.15,371.45,887.99,420.86,-0.01466,0.25994,0.40388,0.8382,1137.0,1161.0,1122.0,896.0,889.0,784.0,428.0,431.0,409.0,-0.37547,-0.92683,0.696,0.71804,14,2015-08-13,20,1875.0,-0.01114,train
2015-07-27,bci_value,1935.0,7.56786,1896.0,1924.0,1952.0,1763.0,1611.0,1389.0,1285.0,1393.0,840.0,565.0,1873.86,88.7,1632.0,261.6,1432.93,274.47,1115.98,380.28,905.42,431.24,0.02036,0.18325,0.40935,0.83446,1115.0,1137.0,1149.0,899.0,896.0,801.0,427.0,428.0,417.0,-0.42278,-0.90623,0.76627,0.64251,14,2015-08-14,18,1884.0,-0.02671,train
2015-07-28,bci_value,1990.0,7.59589,1935.0,1896.0,1924.0,1935.0,1712.0,1394.0,1278.0,1346.0,904.0,574.0,1913.57,66.9,1682.86,257.01,1469.13,273.93,1139.58,389.74,923.57,442.01,0.02803,0.15047,0.44284,0.78906,1095.0,1115.0,1162.0,903.0,899.0,823.0,425.0,427.0,427.0,-0.43831,-0.89883,0.78792,0.61577,14,2015-08-17,20,1913.0,-0.03946,train
2015-07-29,bci_value,2103.0,7.65112,1990.0,1935.0,1896.0,1952.0,1763.0,1462.0,1279.0,1292.0,1045.0,571.0,1962.14,63.27,1741.71,252.08,1504.4,284.94,1165.12,401.65,942.41,455.53,0.05523,0.17635,0.49729,0.69935,1069.0,1095.0,1170.0,903.0,903.0,846.0,423.0,425.0,431.0,-0.4537,-0.89115,0.80864,0.58831,14,2015-08-18,20,1838.0,-0.13469,train
2015-07-30,bci_value,2116.0,7.65728,2103.0,1990.0,1935.0,1924.0,1935.0,1611.0,1318.0,1251.0,1234.0,574.0,1988.0,81.31,1798.71,239.75,1533.8,300.6,1190.82,412.2,961.22,468.46,0.00616,0.08942,0.47341,0.53927,1044.0,1069.0,1179.0,898.0,903.0,862.0,422.0,423.0,432.0,-0.46897,-0.88322,0.8284,0.56014,14,2015-08-19,20,1773.0,-0.17685,train
2015-07-31,bci_value,2209.0,7.7003,2116.0,2103.0,1990.0,1896.0,1952.0,1712.0,1389.0,1226.0,1241.0,594.0,2024.71,109.8,1857.29,232.56,1566.07,318.84,1217.73,424.88,980.93,483.0,0.04301,0.12369,0.46396,0.57662,1023.0,1044.0,1179.0,892.0,898.0,875.0,423.0,422.0,433.0,-0.48409,-0.87502,0.84717,0.53132,14,2015-08-20,20,1679.0,-0.27434,train
2015-08-03,bci_value,2308.0,7.74414,2209.0,2116.0,2103.0,1935.0,1924.0,1763.0,1394.0,1249.0,1248.0,616.0,2079.57,138.06,1922.57,221.36,1601.4,339.69,1245.93,439.89,1001.6,499.28,0.04384,0.18197,0.5042,0.61484,1006.0,1023.0,1161.0,899.0,892.0,889.0,424.0,423.0,431.0,-0.52858,-0.84888,0.89741,0.4412,14,2015-08-21,18,1559.0,-0.39234,train
2015-08-04,bci_value,2512.0,7.82883,2308.0,2209.0,2116.0,1990.0,1896.0,1935.0,1462.0,1266.0,1300.0,660.0,2167.57,182.25,1997.57,230.3,1641.8,371.98,1276.8,462.11,1024.46,520.37,0.0847,0.28133,0.54127,0.65871,1001.0,1006.0,1137.0,900.0,899.0,896.0,425.0,424.0,428.0,-0.54311,-0.83966,0.91205,0.41007,14,2015-08-24,20,1403.0,-0.58247,train
2015-08-05,bci_value,2604.0,7.8648,2512.0,2308.0,2209.0,2103.0,1935.0,1952.0,1611.0,1285.0,1428.0,731.0,2263.14,208.72,2068.5,252.2,1681.0,407.63,1308.02,486.79,1048.32,542.53,0.03597,0.29694,0.48019,0.60077,1005.0,1001.0,1115.0,899.0,900.0,899.0,427.0,425.0,427.0,-0.55747,-0.8302,0.92562,0.37846,14,2015-08-25,20,1248.0,-0.73551,train
2015-08-06,bci_value,2514.0,7.82963,2604.0,2512.0,2308.0,2116.0,1990.0,1924.0,1712.0,1278.0,1432.0,942.0,2338.0,190.51,2125.79,255.77,1717.07,431.19,1334.22,508.22,1071.19,560.17,-0.03517,0.23374,0.38421,0.5628,1013.0,1005.0,1095.0,901.0,899.0,903.0,432.0,427.0,425.0,-0.57167,-0.82049,0.93809,0.34639,14,2015-08-26,20,1089.0,-0.83662,train
2015-08-07,bci_value,2512.0,7.82883,2514.0,2604.0,2512.0,2209.0,2103.0,1896.0,1763.0,1279.0,1393.0,972.0,2396.43,171.22,2179.29,252.61,1754.37,449.56,1359.88,527.79,1093.99,576.36,-0.0008,0.17771,0.35406,0.58962,1021.0,1013.0,1069.0,904.0,901.0,903.0,438.0,432.0,423.0,-0.5857,-0.81053,0.94945,0.31392,14,2015-08-27,20,1051.0,-0.87134,train
2015-08-10,bci_value,2499.0,7.82365,2512.0,2514.0,2604.0,2308.0,2116.0,1935.0,1935.0,1318.0,1346.0,954.0,2451.14,128.81,2219.57,255.39,1792.8,462.11,1385.63,544.77,1116.48,591.07,-0.00519,0.16636,0.25578,0.61875,1028.0,1021.0,1044.0,904.0,904.0,898.0,443.0,438.0,422.0,-0.62673,-0.77924,0.97674,0.21443,14,2015-08-28,18,1071.0,-0.8473,train
2015-08-11,bci_value,2367.0,7.76938,2499.0,2512.0,2514.0,2512.0,2209.0,1990.0,1952.0,1389.0,1292.0,950.0,2473.71,93.36,2249.21,246.55,1828.63,463.57,1409.25,555.98,1137.63,601.28,-0.05427,0.06908,0.19277,0.60543,1043.0,1028.0,1023.0,901.0,904.0,892.0,446.0,443.0,423.0,-0.64004,-0.76834,0.98354,0.1807,14,2015-09-01,21,1176.0,-0.6995,train
2015-08-12,bci_value,2107.0,7.65302,2367.0,2499.0,2512.0,2604.0,2308.0,2103.0,1924.0,1394.0,1251.0,923.0,2445.0,152.25,2262.29,233.46,1857.17,453.37,1428.98,559.37,1156.0,605.35,-0.11636,-0.09112,0.09086,0.52132,1053.0,1043.0,1006.0,900.0,901.0,899.0,447.0,446.0,424.0,-0.65316,-0.75722,0.98917,0.14676,14,2015-09-02,21,1194.0,-0.56796,train
2015-08-13,bci_value,1875.0,7.53636,2107.0,2367.0,2499.0,2514.0,2512.0,2116.0,1896.0,1462.0,1226.0,889.0,2354.0,246.32,2260.79,235.87,1878.8,437.95,1445.42,557.74,1171.86,605.29,-0.11666,-0.29247,-0.01114,0.42485,1054.0,1053.0,1001.0,899.0,900.0,900.0,448.0,447.0,425.0,-0.66609,-0.74587,0.99363,0.11265,14,2015-09-03,21,1195.0,-0.45046,train
2015-08-14,bci_value,1884.0,7.54115,1875.0,2107.0,2367.0,2512.0,2604.0,2209.0,1935.0,1611.0,1249.0,844.0,2251.14,269.67,2257.14,241.2,1899.97,422.06,1462.75,554.94,1187.79,604.95,0.00479,-0.32365,-0.02671,0.41105,1057.0,1054.0,1005.0,901.0,899.0,899.0,449.0,448.0,427.0,-0.67882,-0.7343,0.99692,0.07841,14,2015-09-04,21,1187.0,-0.46197,train
2015-08-17,bci_value,1913.0,7.55643,1884.0,1875.0,2107.0,2499.0,2514.0,2308.0,1990.0,1712.0,1266.0,816.0,2165.29,267.98,2251.64,248.02,1921.53,405.31,1481.03,551.39,1203.92,604.72,0.01528,-0.2732,-0.03946,0.41281,1057.0,1057.0,1013.0,905.0,901.0,901.0,449.0,449.0,432.0,-0.7158,-0.69831,0.99969,-0.02473,14,2015-09-07,21,1243.0,-0.43114,train
2015-08-18,bci_value,1838.0,7.51643,1913.0,1884.0,1875.0,2367.0,2512.0,2512.0,2103.0,1763.0,1285.0,806.0,2069.0,246.32,2232.71,267.95,1939.97,388.16,1498.23,546.13,1219.17,603.21,-0.03999,-0.3124,-0.13469,0.35792,1052.0,1057.0,1021.0,908.0,905.0,904.0,449.0,449.0,438.0,-0.7277,-0.68589,0.99825,-0.0591,14,2015-09-08,21,1286.0,-0.35714,train
2015-08-19,bci_value,1773.0,7.48043,1838.0,1913.0,1884.0,2107.0,2499.0,2604.0,2116.0,1935.0,1278.0,823.0,1965.29,189.78,2208.21,292.09,1956.47,369.75,1514.07,540.07,1233.76,600.55,-0.036,-0.34322,-0.17685,0.32738,1049.0,1052.0,1028.0,915.0,908.0,904.0,453.0,449.0,443.0,-0.73939,-0.67327,0.99563,-0.0934,14,2015-09-09,21,1256.0,-0.34474,train
2015-08-20,bci_value,1679.0,7.42595,1773.0,1838.0,1913.0,1875.0,2367.0,2514.0,2209.0,1952.0,1279.0,817.0,1867.0,122.53,2170.36,322.32,1969.8,351.86,1528.43,532.75,1247.19,596.82,-0.05447,-0.34342,-0.27434,0.27212,1052.0,1049.0,1043.0,920.0,915.0,901.0,460.0,453.0,446.0,-0.75086,-0.66046,0.99183,-0.12759,14,2015-09-10,21,1202.0,-0.33421,train
2015-08-21,bci_value,1559.0,7.3518,1679.0,1773.0,1838.0,1884.0,2107.0,2512.0,2308.0,1924.0,1318.0,810.0,1788.71,119.2,2116.86,355.49,1977.83,339.42,1540.92,524.48,1259.02,592.31,-0.07415,-0.30122,-0.39234,0.16793,1054.0,1052.0,1053.0,924.0,920.0,900.0,464.0,460.0,447.0,-0.76211,-0.64744,0.98685,-0.16164,14,2015-09-11,21,1198.0,-0.26339,train
2015-08-24,bci_value,1403.0,7.24637,1559.0,1679.0,1773.0,1913.0,1875.0,2499.0,2512.0,1896.0,1389.0,804.0,1721.29,172.77,2037.64,381.24,1978.3,338.62,1550.9,515.99,1268.82,587.3,-0.10543,-0.29,-0.58247,0.01003,1052.0,1054.0,1054.0,930.0,924.0,899.0,469.0,464.0,448.0,-0.7945,-0.60727,0.96495,-0.26245,14,2015-09-14,21,1185.0,-0.16887,train
2015-08-25,bci_value,1248.0,7.1293,1403.0,1559.0,1679.0,1838.0,1884.0,2367.0,2604.0,1935.0,1394.0,821.0,1630.43,223.19,1940.79,396.98,1973.43,347.9,1558.02,508.77,1276.78,582.09,-0.11707,-0.41185,-0.73551,-0.11064,1047.0,1052.0,1057.0,933.0,930.0,901.0,473.0,469.0,449.0,-0.80483,-0.59351,0.95535,-0.29549,14,2015-09-15,21,1196.0,-0.04256,train
2015-08-26,bci_value,1089.0,6.99302,1248.0,1403.0,1559.0,1773.0,1913.0,2107.0,2514.0,1990.0,1462.0,821.0,1512.71,257.74,1839.0,419.03,1961.0,371.8,1562.48,503.42,1282.91,577.15,-0.13628,-0.56341,-0.83662,-0.29455,1031.0,1047.0,1057.0,934.0,933.0,905.0,477.0,473.0,449.0,-0.81492,-0.57958,0.94462,-0.32818,14,2015-09-16,21,1264.0,0.14902,train
2015-08-27,bci_value,1051.0,6.9575,1089.0,1248.0,1403.0,1679.0,1838.0,1875.0,2512.0,2103.0,1611.0,818.0,1400.29,262.92,1734.64,420.35,1942.33,401.76,1566.37,498.54,1288.49,572.43,-0.03552,-0.55894,-0.87134,-0.42711,1000.0,1031.0,1052.0,933.0,934.0,908.0,479.0,477.0,449.0,-0.82477,-0.56548,0.93277,-0.36047,14,2015-09-17,21,1637.0,0.44312,train
2015-08-28,bci_value,1071.0,6.97635,1051.0,1089.0,1248.0,1559.0,1773.0,1884.0,2499.0,2116.0,1712.0,865.0,1300.0,233.91,1632.64,394.99,1920.97,429.52,1569.8,494.39,1294.34,567.46,0.01885,-0.50408,-0.8473,-0.46907,974.0,1000.0,1049.0,931.0,933.0,915.0,480.0,479.0,453.0,-0.83437,-0.5512,0.91982,-0.39235,14,2015-09-18,21,1995.0,0.62205,train
2015-09-01,bci_value,1176.0,7.06987,1071.0,1051.0,1089.0,1403.0,1679.0,1913.0,2367.0,2209.0,1763.0,856.0,1228.14,176.71,1547.57,353.77,1901.4,449.19,1575.13,488.35,1301.38,562.0,0.09353,-0.35608,-0.6995,-0.4049,949.0,974.0,1052.0,925.0,931.0,920.0,480.0,480.0,460.0,-0.87029,-0.49253,0.8573,-0.51482,14,2015-09-21,20,2096.0,0.57791,train
2015-09-02,bci_value,1194.0,7.08506,1176.0,1071.0,1051.0,1248.0,1559.0,1838.0,2107.0,2308.0,1935.0,834.0,1176.0,114.18,1482.36,327.84,1876.7,466.7,1581.13,481.37,1308.59,556.39,0.01519,-0.26674,-0.56796,-0.4828,912.0,949.0,1054.0,912.0,925.0,924.0,481.0,480.0,464.0,-0.87864,-0.47749,0.83908,-0.54401,14,2015-09-22,20,1873.0,0.45023,train
2015-09-03,bci_value,1195.0,7.0859,1194.0,1176.0,1071.0,1089.0,1403.0,1773.0,1875.0,2512.0,1952.0,816.0,1146.29,69.6,1433.79,316.23,1851.47,482.15,1587.45,473.72,1315.8,550.63,0.00084,-0.16047,-0.45046,-0.49071,870.0,912.0,1052.0,896.0,912.0,930.0,483.0,481.0,469.0,-0.88672,-0.4623,0.81987,-0.57255,14,2015-09-23,20,1872.0,0.44886,train
2015-09-04,bci_value,1187.0,7.07918,1195.0,1194.0,1176.0,1051.0,1248.0,1679.0,1884.0,2604.0,1924.0,810.0,1137.57,59.39,1384.0,295.63,1826.9,496.4,1593.73,465.8,1322.87,544.82,-0.00672,-0.05011,-0.46197,-0.48298,837.0,870.0,1047.0,882.0,896.0,933.0,485.0,483.0,473.0,-0.89454,-0.44698,0.79969,-0.60041,14,2015-09-24,20,1911.0,0.4762,train
2015-09-07,bci_value,1243.0,7.12528,1187.0,1195.0,1194.0,1071.0,1089.0,1559.0,1913.0,2514.0,1896.0,820.0,1159.57,65.53,1336.14,257.95,1805.13,507.09,1600.78,457.15,1330.48,538.84,0.0461,0.13227,-0.43114,-0.42222,812.0,837.0,1031.0,870.0,882.0,934.0,482.0,485.0,477.0,-0.91641,-0.40024,0.73357,-0.67961,14,2015-09-25,18,2024.0,0.48755,train
2015-09-08,bci_value,1286.0,7.15929,1243.0,1187.0,1195.0,1176.0,1051.0,1403.0,1838.0,2512.0,1935.0,840.0,1193.14,61.37,1296.71,217.19,1783.5,514.87,1608.22,448.26,1338.49,532.72,0.03401,0.20179,-0.35714,-0.40857,793.0,812.0,1000.0,857.0,870.0,933.0,477.0,482.0,479.0,-0.92316,-0.38442,0.70976,-0.70444,14,2015-09-28,20,2075.0,0.47842,train
2015-09-09,bci_value,1256.0,7.13569,1286.0,1243.0,1187.0,1194.0,1071.0,1248.0,1773.0,2499.0,1990.0,904.0,1219.57,38.74,1259.79,172.41,1759.03,521.87,1614.08,441.25,1346.07,526.61,-0.0236,0.15934,-0.34474,-0.4602,776.0,793.0,974.0,848.0,857.0,931.0,472.0,477.0,480.0,-0.92963,-0.36848,0.68511,-0.72844,14,2015-09-29,20,2031.0,0.4806,train
2015-09-10,bci_value,1202.0,7.09174,1256.0,1286.0,1243.0,1195.0,1176.0,1089.0,1679.0,2367.0,2103.0,1045.0,1223.29,35.5,1225.71,127.47,1729.0,527.11,1616.7,438.33,1353.08,520.41,-0.04395,0.02187,-0.33421,-0.55938,751.0,776.0,949.0,838.0,848.0,925.0,468.0,472.0,480.0,-0.93583,-0.35244,0.65965,-0.75157,14,2015-09-30,20,1936.0,0.47664,train
2015-09-11,bci_value,1198.0,7.08841,1202.0,1256.0,1286.0,1187.0,1194.0,1051.0,1559.0,2107.0,2116.0,1234.0,1223.86,35.05,1199.93,87.78,1698.4,530.39,1616.1,438.88,1360.01,514.1,-0.00333,0.00334,-0.26339,-0.56887,735.0,751.0,912.0,824.0,838.0,912.0,460.0,468.0,481.0,-0.94176,-0.33629,0.63341,-0.77382,14,2015-10-01,20,1911.0,0.46697,train
2015-09-14,bci_value,1185.0,7.0775,1198.0,1202.0,1256.0,1243.0,1195.0,1071.0,1403.0,1875.0,2209.0,1241.0,1222.43,36.37,1184.36,67.33,1664.27,529.38,1615.17,439.73,1366.58,508.01,-0.01091,-0.0084,-0.16887,-0.6228,723.0,735.0,870.0,810.0,824.0,896.0,452.0,460.0,483.0,-0.95785,-0.28726,0.55031,-0.83496,14,2015-10-02,18,1931.0,0.4883,train
2015-09-15,bci_value,1196.0,7.08674,1185.0,1198.0,1202.0,1286.0,1187.0,1176.0,1248.0,1884.0,2308.0,1248.0,1223.71,35.24,1180.64,65.11,1627.2,521.89,1614.3,440.5,1373.02,502.09,0.00924,0.00755,-0.04256,-0.6574,720.0,723.0,837.0,799.0,810.0,882.0,445.0,452.0,485.0,-0.96265,-0.27074,0.52126,-0.8534,14,2015-10-05,20,1901.0,0.4634,train
2015-09-16,bci_value,1264.0,7.14204,1196.0,1185.0,1198.0,1256.0,1243.0,1194.0,1089.0,1913.0,2512.0,1300.0,1226.71,37.57,1193.14,63.08,1585.6,498.94,1613.7,440.96,1379.73,496.52,0.0553,0.01675,0.14902,-0.6868,716.0,720.0,812.0,789.0,799.0,870.0,439.0,445.0,482.0,-0.96717,-0.25414,0.4916,-0.87082,14,2015-10-06,20,1860.0,0.3863,train
2015-09-17,bci_value,1637.0,7.40062,1264.0,1196.0,1185.0,1202.0,1286.0,1195.0,1051.0,1838.0,2604.0,1428.0,1276.86,149.81,1235.0,121.89,1553.37,461.97,1617.18,440.3,1389.8,492.44,0.25858,0.24133,0.44312,-0.46418,727.0,716.0,793.0,783.0,789.0,857.0,431.0,439.0,477.0,-0.9714,-0.23747,0.46135,-0.88722,14,2015-10-07,20,1742.0,0.06217,train
2015-09-18,bci_value,1995.0,7.5984,1637.0,1264.0,1196.0,1198.0,1256.0,1187.0,1071.0,1773.0,2514.0,1432.0,1382.43,291.4,1301.0,223.24,1536.07,434.58,1626.57,442.25,1401.5,494.16,0.19778,0.46271,0.62205,-0.23123,753.0,727.0,776.0,772.0,783.0,848.0,426.0,431.0,472.0,-0.97534,-0.22072,0.43056,-0.90256,14,2015-10-08,20,1598.0,-0.22189,train
2015-09-21,bci_value,2096.0,7.64779,1995.0,1637.0,1264.0,1185.0,1202.0,1243.0,1176.0,1679.0,2512.0,1393.0,1510.14,369.72,1366.71,299.24,1522.2,409.11,1638.28,445.21,1413.99,497.35,0.04939,0.55604,0.57791,-0.18105,769.0,753.0,751.0,762.0,772.0,838.0,421.0,426.0,468.0,-0.98542,-0.17012,0.33528,-0.94212,14,2015-10-09,18,1549.0,-0.30242,train
2015-09-22,bci_value,1873.0,7.5353,2096.0,1995.0,1637.0,1196.0,1198.0,1286.0,1194.0,1559.0,2499.0,1346.0,1606.57,363.71,1415.21,321.52,1501.33,373.14,1647.07,444.55,1424.2,497.23,-0.11249,0.44689,0.45023,-0.28835,769.0,769.0,735.0,757.0,762.0,824.0,417.0,421.0,460.0,-0.9882,-0.15314,0.30267,-0.9531,14,2015-10-12,20,1551.0,-0.18864,train
2015-09-23,bci_value,1872.0,7.53476,1873.0,2096.0,1995.0,1264.0,1185.0,1256.0,1195.0,1403.0,2367.0,1292.0,1704.71,327.61,1463.57,335.37,1484.83,344.33,1656.73,443.03,1434.44,496.85,-0.00053,0.45726,0.44886,-0.23462,761.0,769.0,723.0,749.0,757.0,810.0,414.0,417.0,452.0,-0.99069,-0.13612,0.26971,-0.96294,14,2015-10-13,20,1531.0,-0.20109,train
2015-09-24,bci_value,1911.0,7.55538,1872.0,1873.0,2096.0,1637.0,1196.0,1202.0,1187.0,1248.0,2107.0,1251.0,1806.86,256.91,1515.29,344.44,1478.3,334.17,1667.73,441.01,1445.42,496.35,0.02062,0.46864,0.4762,-0.09764,751.0,761.0,720.0,742.0,749.0,799.0,411.0,414.0,445.0,-0.99289,-0.11906,0.23642,-0.97165,14,2015-10-14,20,1457.0,-0.27125,train
2015-09-25,bci_value,2024.0,7.61283,1911.0,1872.0,1873.0,1995.0,1264.0,1198.0,1243.0,1089.0,1875.0,1226.0,1915.43,137.3,1571.07,358.77,1483.27,341.06,1681.03,439.52,1458.03,496.47,0.05745,0.47079,0.48755,0.07647,744.0,751.0,716.0,738.0,742.0,789.0,408.0,411.0,439.0,-0.99479,-0.10196,0.20286,-0.97921,14,2015-10-15,20,1368.0,-0.39173,train
2015-09-28,bci_value,2075.0,7.63772,2024.0,1911.0,1872.0,2096.0,1637.0,1185.0,1286.0,1051.0,1884.0,1249.0,1978.0,86.59,1627.43,371.31,1489.63,350.15,1694.8,438.71,1471.71,496.32,0.02489,0.2371,0.47842,0.09656,738.0,744.0,727.0,733.0,738.0,783.0,402.0,408.0,431.0,-0.99872,-0.05051,0.10089,-0.9949,14,2015-10-16,18,1318.0,-0.45385,train
2015-09-29,bci_value,2031.0,7.61628,2075.0,2024.0,1911.0,1873.0,1995.0,1196.0,1256.0,1071.0,1913.0,1266.0,1983.14,88.5,1682.79,369.58,1493.57,355.5,1707.55,437.17,1485.21,494.82,-0.02143,0.01788,0.4806,0.05986,725.0,738.0,753.0,724.0,733.0,772.0,400.0,402.0,426.0,-0.99944,-0.03332,0.06661,-0.99778,14,2015-10-19,20,1312.0,-0.43698,train
2015-09-30,bci_value,1936.0,7.56838,2031.0,2075.0,2024.0,1872.0,2096.0,1264.0,1202.0,1176.0,1838.0,1285.0,1960.29,76.21,1735.21,349.15,1496.83,359.08,1718.4,434.62,1497.77,491.76,-0.0479,-0.07941,0.47664,0.05195,712.0,725.0,769.0,713.0,724.0,762.0,398.0,400.0,421.0,-0.99987,-0.01613,0.03225,-0.99948,14,2015-10-20,20,1399.0,-0.32487,train
2015-10-01,bci_value,1911.0,7.55538,1936.0,2031.0,2075.0,1911.0,1873.0,1637.0,1198.0,1194.0,1773.0,1278.0,1965.71,70.97,1786.14,317.66,1501.43,363.45,1728.95,431.47,1509.86,488.38,-0.013,0.02009,0.46697,0.07495,704.0,712.0,769.0,703.0,713.0,757.0,396.0,398.0,417.0,-1.0,0.00108,-0.00215,-1.0,14,2015-10-21,20,1483.0,-0.25356,train
2015-10-02,bci_value,1931.0,7.56579,1911.0,1936.0,2031.0,2024.0,1872.0,1995.0,1185.0,1195.0,1679.0,1279.0,1974.14,62.31,1839.43,271.57,1509.83,370.3,1739.82,428.2,1522.23,484.77,0.01041,0.03103,0.4883,0.13984,701.0,704.0,761.0,695.0,703.0,749.0,392.0,396.0,414.0,-0.99983,0.01828,-0.03655,-0.99933,14,2015-10-22,20,1512.0,-0.2446,train
2015-10-05,bci_value,1901.0,7.55014,1931.0,1911.0,1936.0,2075.0,1911.0,2096.0,1196.0,1187.0,1559.0,1318.0,1972.71,63.84,1889.79,204.73,1521.23,376.85,1749.53,425.12,1534.36,480.43,-0.01566,-0.00525,0.4634,0.19834,699.0,701.0,751.0,691.0,695.0,742.0,390.0,392.0,411.0,-0.99756,0.06983,-0.13932,-0.99025,14,2015-10-23,18,1461.0,-0.26326,train
2015-10-06,bci_value,1860.0,7.52833,1901.0,1931.0,1911.0,2031.0,2024.0,1873.0,1264.0,1243.0,1403.0,1389.0,1949.29,70.47,1932.36,110.43,1536.47,380.98,1757.38,422.74,1546.09,475.31,-0.0218,-0.0845,0.3863,0.28196,700.0,699.0,744.0,688.0,691.0,738.0,386.0,390.0,408.0,-0.99621,0.08698,-0.1733,-0.98487,14,2015-10-26,20,1403.0,-0.28196,train
2015-10-07,bci_value,1742.0,7.46279,1860.0,1901.0,1931.0,1936.0,2075.0,1872.0,1637.0,1286.0,1248.0,1394.0,1901.71,81.14,1939.86,92.17,1552.93,378.82,1763.18,420.09,1556.32,469.47,-0.06554,-0.17493,0.06217,0.33349,709.0,700.0,738.0,681.0,688.0,733.0,384.0,386.0,402.0,-0.99457,0.1041,-0.20707,-0.97833,14,2015-10-27,20,1307.0,-0.2873,train
2015-10-08,bci_value,1598.0,7.37651,1742.0,1860.0,1901.0,1911.0,2031.0,1911.0,1995.0,1256.0,1089.0,1462.0,1839.86,116.39,1911.5,125.79,1569.9,368.93,1765.45,418.82,1564.96,462.97,-0.08628,-0.23978,-0.22189,0.38349,736.0,709.0,725.0,676.0,681.0,724.0,382.0,384.0,400.0,-0.99263,0.12119,-0.2406,-0.97062,14,2015-10-28,20,1275.0,-0.22581,train
2015-10-09,bci_value,1549.0,7.34536,1598.0,1742.0,1860.0,1931.0,1936.0,2024.0,2096.0,1202.0,1051.0,1611.0,1784.57,145.79,1872.43,145.77,1586.5,356.2,1764.42,419.28,1573.08,456.16,-0.03114,-0.22301,-0.30242,0.38787,761.0,736.0,712.0,672.0,676.0,713.0,380.0,382.0,398.0,-0.9904,0.13825,-0.27385,-0.96177,14,2015-10-29,20,1254.0,-0.21127,train
2015-10-12,bci_value,1551.0,7.34666,1549.0,1598.0,1742.0,1901.0,1911.0,2075.0,1873.0,1198.0,1071.0,1712.0,1733.14,155.31,1849.43,167.63,1602.5,343.22,1761.73,420.12,1580.7,449.95,0.00129,-0.20873,-0.18864,0.37031,768.0,761.0,704.0,669.0,672.0,703.0,380.0,380.0,396.0,-0.98195,0.18916,-0.37148,-0.92844,14,2015-10-30,18,1229.0,-0.2327,train
2015-10-13,bci_value,1531.0,7.33368,1551.0,1549.0,1598.0,1860.0,1931.0,2031.0,1872.0,1185.0,1176.0,1763.0,1676.0,145.26,1825.07,186.32,1614.33,334.32,1757.87,421.16,1588.2,443.38,-0.01298,-0.23212,-0.20109,0.2638,770.0,768.0,701.0,666.0,669.0,695.0,379.0,380.0,392.0,-0.97855,0.20602,-0.4032,-0.91511,14,2015-11-02,20,1184.0,-0.25702,train
2015-10-14,bci_value,1457.0,7.28413,1531.0,1551.0,1549.0,1742.0,1901.0,1936.0,1911.0,1196.0,1194.0,1935.0,1612.57,129.21,1792.64,206.91,1623.1,326.54,1749.9,422.25,1595.12,436.36,-0.04954,-0.266,-0.27125,0.19907,761.0,770.0,699.0,664.0,666.0,691.0,379.0,379.0,390.0,-0.97486,0.22282,-0.43444,-0.9007,14,2015-11-03,20,1099.0,-0.28198,train
2015-10-15,bci_value,1368.0,7.22111,1457.0,1531.0,1551.0,1598.0,1860.0,1911.0,2024.0,1264.0,1195.0,1952.0,1542.29,107.5,1745.79,222.87,1628.87,320.4,1740.17,424.21,1601.26,429.19,-0.06303,-0.30723,-0.39173,0.1352,742.0,761.0,700.0,662.0,664.0,688.0,378.0,379.0,386.0,-0.97088,0.23956,-0.46516,-0.88523,14,2015-11-04,20,1043.0,-0.27125,train
2015-10-16,bci_value,1318.0,7.18387,1368.0,1457.0,1531.0,1549.0,1742.0,1931.0,2075.0,1637.0,1187.0,1924.0,1481.71,96.82,1691.71,228.21,1633.23,315.2,1730.07,426.92,1606.9,422.03,-0.03723,-0.27892,-0.45385,0.10469,722.0,742.0,709.0,661.0,662.0,681.0,376.0,378.0,384.0,-0.96662,0.25622,-0.49534,-0.8687,14,2015-11-05,20,1002.0,-0.27412,train
2015-10-19,bci_value,1312.0,7.17931,1318.0,1368.0,1457.0,1551.0,1598.0,1901.0,2031.0,1995.0,1243.0,1896.0,1440.86,99.44,1640.36,226.98,1635.53,312.58,1720.33,429.67,1612.37,414.93,-0.00456,-0.1972,-0.43698,0.05402,710.0,722.0,736.0,658.0,661.0,676.0,371.0,376.0,382.0,-0.95211,0.30574,-0.5822,-0.81304,14,2015-11-06,18,1003.0,-0.26856,train
2015-10-20,bci_value,1399.0,7.24351,1312.0,1318.0,1368.0,1531.0,1549.0,1860.0,1936.0,2096.0,1286.0,1935.0,1419.43,89.49,1602.0,219.01,1639.3,309.01,1711.4,430.68,1618.58,407.43,0.06421,-0.10185,-0.32487,0.08422,701.0,710.0,761.0,656.0,658.0,672.0,368.0,371.0,380.0,-0.94671,0.32208,-0.60983,-0.79253,14,2015-11-09,20,1021.0,-0.31498,train
2015-10-21,bci_value,1483.0,7.30182,1399.0,1312.0,1318.0,1457.0,1551.0,1742.0,1911.0,1873.0,1256.0,1990.0,1409.71,77.58,1571.43,203.03,1646.87,302.24,1702.95,430.11,1625.01,400.61,0.05831,-0.04483,-0.25356,0.16613,693.0,701.0,768.0,654.0,656.0,669.0,366.0,368.0,380.0,-0.94103,0.33831,-0.63673,-0.77109,14,2015-11-10,20,1018.0,-0.37623,train
2015-10-22,bci_value,1512.0,7.32119,1483.0,1399.0,1312.0,1368.0,1531.0,1598.0,1931.0,1872.0,1202.0,2103.0,1407.0,73.52,1541.5,177.04,1657.2,291.97,1693.1,427.59,1630.2,396.07,0.01937,-0.01249,-0.2446,0.22945,685.0,693.0,770.0,652.0,654.0,666.0,365.0,366.0,379.0,-0.93507,0.35445,-0.66288,-0.74873,14,2015-11-11,20,946.0,-0.46895,train
2015-10-23,bci_value,1461.0,7.28688,1512.0,1483.0,1399.0,1318.0,1457.0,1549.0,1901.0,1911.0,1198.0,2116.0,1407.57,73.92,1510.07,146.92,1665.97,281.83,1682.18,425.01,1632.72,394.25,-0.03431,0.00274,-0.26326,0.19847,683.0,685.0,761.0,649.0,652.0,664.0,362.0,365.0,379.0,-0.92884,0.37048,-0.68824,-0.72549,14,2015-11-12,20,881.0,-0.50582,train
2015-10-26,bci_value,1403.0,7.24637,1461.0,1512.0,1483.0,1312.0,1368.0,1551.0,1860.0,2024.0,1185.0,2209.0,1412.57,72.24,1477.43,112.22,1673.23,271.97,1668.75,420.87,1634.52,392.83,-0.04051,0.02526,-0.28196,0.16887,681.0,683.0,742.0,648.0,649.0,662.0,360.0,362.0,378.0,-0.90849,0.4179,-0.75932,-0.65071,14,2015-11-13,18,809.0,-0.55057,train
2015-10-27,bci_value,1307.0,7.17549,1403.0,1461.0,1512.0,1399.0,1318.0,1531.0,1742.0,2075.0,1196.0,2308.0,1411.0,74.36,1446.36,93.29,1676.93,266.15,1652.07,414.99,1635.18,392.23,-0.07088,-0.00838,-0.2873,0.08875,686.0,681.0,722.0,646.0,648.0,661.0,356.0,360.0,376.0,-0.90117,0.43347,-0.78126,-0.62421,14,2015-11-16,20,770.0,-0.5291,train
2015-10-28,bci_value,1275.0,7.1507,1307.0,1403.0,1461.0,1483.0,1312.0,1457.0,1598.0,2031.0,1264.0,2512.0,1405.71,82.12,1423.29,92.87,1677.3,265.58,1631.45,402.29,1634.9,392.48,-0.02479,-0.02861,-0.22581,0.00866,687.0,686.0,710.0,645.0,646.0,658.0,354.0,356.0,371.0,-0.89358,0.44891,-0.80227,-0.59697,14,2015-11-17,20,733.0,-0.55356,train
2015-10-29,bci_value,1254.0,7.13409,1275.0,1307.0,1403.0,1512.0,1399.0,1368.0,1549.0,1936.0,1637.0,2604.0,1385.0,97.96,1402.21,95.39,1664.53,276.21,1608.95,384.63,1632.97,393.92,-0.01661,-0.10942,-0.21127,-0.26653,682.0,687.0,701.0,643.0,645.0,656.0,351.0,354.0,368.0,-0.88572,0.46421,-0.82233,-0.56902,14,2015-11-18,20,671.0,-0.62532,train
2015-10-30,bci_value,1229.0,7.11396,1254.0,1275.0,1307.0,1461.0,1483.0,1318.0,1551.0,1911.0,1995.0,2514.0,1348.71,101.91,1379.21,95.56,1639.0,279.86,1587.53,369.11,1630.71,395.64,-0.02014,-0.18787,-0.2327,-0.48444,675.0,682.0,693.0,633.0,643.0,654.0,349.0,351.0,366.0,-0.87761,0.47938,-0.84141,-0.54039,14,2015-11-19,20,619.0,-0.68585,train
2015-11-02,bci_value,1184.0,7.07665,1229.0,1254.0,1275.0,1403.0,1512.0,1312.0,1531.0,1931.0,2096.0,2512.0,1301.86,90.86,1354.43,97.95,1608.6,278.09,1565.4,352.45,1628.39,397.64,-0.0373,-0.24453,-0.25702,-0.57113,665.0,675.0,685.0,629.0,633.0,652.0,347.0,349.0,365.0,-0.85171,0.52401,-0.89261,-0.45083,14,2015-11-20,18,606.0,-0.66977,train
2015-11-03,bci_value,1099.0,7.00216,1184.0,1229.0,1254.0,1307.0,1461.0,1399.0,1457.0,1901.0,1873.0,2499.0,1250.14,88.56,1328.86,113.35,1582.8,288.09,1542.07,335.82,1625.64,400.42,-0.0745,-0.28472,-0.28198,-0.53314,653.0,665.0,683.0,620.0,629.0,649.0,339.0,347.0,362.0,-0.84257,0.53858,-0.90759,-0.41986,14,2015-11-23,20,698.0,-0.45394,train
2015-11-04,bci_value,1043.0,6.94986,1099.0,1184.0,1229.0,1275.0,1403.0,1483.0,1368.0,1860.0,1872.0,2367.0,1198.71,89.38,1305.64,134.3,1555.17,298.59,1520.0,324.19,1622.88,403.56,-0.0523,-0.29651,-0.27125,-0.58491,636.0,653.0,681.0,609.0,620.0,648.0,333.0,339.0,360.0,-0.83318,0.553,-0.9215,-0.38839,14,2015-11-24,20,731.0,-0.35544,train
2015-11-05,bci_value,1002.0,6.90975,1043.0,1099.0,1184.0,1254.0,1307.0,1512.0,1318.0,1742.0,1911.0,2107.0,1155.14,99.72,1283.07,155.25,1524.87,306.95,1501.58,321.69,1620.11,406.94,-0.0401,-0.26574,-0.27412,-0.64563,618.0,636.0,686.0,596.0,609.0,646.0,328.0,333.0,356.0,-0.82355,0.56725,-0.93431,-0.35646,14,2015-11-25,20,807.0,-0.21643,train
2015-11-06,bci_value,1003.0,6.91075,1002.0,1043.0,1099.0,1229.0,1275.0,1461.0,1312.0,1598.0,2024.0,1875.0,1116.29,98.43,1261.0,170.76,1490.83,306.32,1487.05,324.18,1617.63,410.0,0.001,-0.23995,-0.26856,-0.70208,603.0,618.0,687.0,584.0,596.0,645.0,323.0,328.0,354.0,-0.81367,0.58133,-0.94602,-0.32411,14,2015-11-26,20,898.0,-0.11058,train
2015-11-09,bci_value,1021.0,6.92854,1003.0,1002.0,1043.0,1184.0,1254.0,1403.0,1399.0,1549.0,2075.0,1884.0,1083.0,84.67,1234.0,176.59,1455.7,297.63,1472.67,325.39,1615.1,412.96,0.01779,-0.20556,-0.31498,-0.70918,589.0,603.0,682.0,571.0,584.0,643.0,319.0,323.0,351.0,-0.7826,0.62253,-0.97438,-0.22492,14,2015-11-27,18,989.0,-0.03184,train
2015-11-10,bci_value,1018.0,6.9256,1021.0,1003.0,1002.0,1099.0,1229.0,1307.0,1483.0,1551.0,2031.0,1913.0,1052.86,61.79,1200.79,170.25,1421.93,287.74,1457.75,325.38,1612.34,416.1,-0.00294,-0.18836,-0.37623,-0.69069,575.0,589.0,675.0,562.0,571.0,633.0,316.0,319.0,349.0,-0.77177,0.6359,-0.98154,-0.19127,14,2015-11-30,20,1007.0,-0.01086,train
2015-11-11,bci_value,946.0,6.85224,1018.0,1021.0,1003.0,1043.0,1184.0,1275.0,1512.0,1531.0,1936.0,1838.0,1018.86,42.85,1160.36,158.33,1388.93,283.64,1442.88,328.03,1608.58,420.56,-0.07335,-0.22441,-0.46895,-0.71614,555.0,575.0,665.0,554.0,562.0,629.0,311.0,316.0,347.0,-0.76072,0.64908,-0.98754,-0.15739,14,2015-12-01,20,1046.0,0.10049,train
2015-11-12,bci_value,881.0,6.78106,946.0,1018.0,1021.0,1002.0,1099.0,1254.0,1461.0,1457.0,1911.0,1773.0,987.71,51.61,1118.93,149.9,1354.6,280.69,1428.02,332.91,1604.17,426.05,-0.07118,-0.2211,-0.50582,-0.77432,534.0,555.0,653.0,543.0,554.0,620.0,307.0,311.0,339.0,-0.74944,0.66207,-0.99237,-0.12333,14,2015-12-02,20,1001.0,0.1277,train
2015-11-13,bci_value,809.0,6.6958,881.0,946.0,1018.0,1003.0,1043.0,1229.0,1403.0,1368.0,1931.0,1679.0,954.29,75.32,1076.5,147.54,1317.2,276.11,1413.52,340.52,1598.94,432.83,-0.08526,-0.25406,-0.55057,-0.86999,514.0,534.0,636.0,533.0,543.0,609.0,304.0,307.0,333.0,-0.73794,0.67486,-0.99602,-0.08912,14,2015-12-03,20,931.0,0.14046,train
2015-11-16,bci_value,770.0,6.64639,809.0,881.0,946.0,1021.0,1002.0,1184.0,1307.0,1318.0,1901.0,1559.0,921.14,95.4,1038.14,152.35,1279.5,270.99,1400.37,349.76,1592.86,440.52,-0.04941,-0.26336,-0.5291,-0.90374,500.0,514.0,618.0,523.0,533.0,596.0,302.0,304.0,328.0,-0.70215,0.71203,-0.9999,0.01398,14,2015-12-04,18,890.0,0.14483,train
2015-11-17,bci_value,733.0,6.59715,770.0,809.0,881.0,1018.0,1003.0,1099.0,1275.0,1312.0,1860.0,1403.0,882.57,108.22,999.43,156.06,1241.93,265.98,1389.2,360.04,1585.57,449.18,-0.04924,-0.31361,-0.55356,-0.93119,487.0,500.0,603.0,516.0,523.0,584.0,296.0,302.0,323.0,-0.6898,0.724,-0.99883,0.04836,14,2015-12-07,20,852.0,0.15044,train
2015-11-18,bci_value,671.0,6.50877,733.0,770.0,809.0,946.0,1021.0,1043.0,1254.0,1399.0,1742.0,1248.0,832.57,113.44,957.79,160.3,1206.23,268.33,1379.58,371.22,1577.53,458.89,-0.08838,-0.41977,-0.62532,-0.95402,477.0,487.0,589.0,504.0,516.0,571.0,292.0,296.0,319.0,-0.67724,0.73576,-0.99658,0.08269,14,2015-12-08,20,870.0,0.25972,train
2015-11-19,bci_value,619.0,6.42811,671.0,733.0,770.0,881.0,1018.0,1002.0,1229.0,1483.0,1598.0,1089.0,775.57,105.95,914.21,163.53,1173.6,278.05,1371.75,382.07,1568.17,469.63,-0.08066,-0.49749,-0.68585,-0.9484,468.0,477.0,575.0,491.0,504.0,562.0,290.0,292.0,316.0,-0.66448,0.7473,-0.99314,0.11692,14,2015-12-09,20,857.0,0.32533,train
2015-11-20,bci_value,606.0,6.40688,619.0,671.0,733.0,809.0,946.0,1003.0,1184.0,1512.0,1549.0,1051.0,727.0,93.93,872.93,163.17,1142.17,287.0,1364.33,392.4,1557.0,480.31,-0.02123,-0.44536,-0.66977,-0.93848,463.0,468.0,555.0,479.0,491.0,554.0,288.0,290.0,311.0,-0.65153,0.75862,-0.98853,0.15102,14,2015-12-10,20,824.0,0.30729,train
2015-11-23,bci_value,698.0,6.54822,606.0,619.0,671.0,770.0,881.0,1021.0,1099.0,1461.0,1551.0,1071.0,700.86,69.8,844.29,156.01,1113.73,287.34,1358.12,399.88,1545.73,488.37,0.14134,-0.23284,-0.45394,-0.79844,461.0,463.0,534.0,472.0,479.0,543.0,286.0,288.0,307.0,-0.61153,0.79122,-0.96771,0.25206,14,2015-12-11,18,779.0,0.10979,train
2015-11-24,bci_value,731.0,6.59441,698.0,606.0,619.0,733.0,809.0,1018.0,1043.0,1403.0,1531.0,1176.0,689.71,56.63,822.0,148.12,1087.07,284.49,1350.7,407.25,1534.27,495.2,0.04619,-0.10139,-0.35544,-0.73926,460.0,461.0,514.0,469.0,472.0,533.0,285.0,286.0,304.0,-0.59783,0.80162,-0.95847,0.2852,14,2015-12-14,20,722.0,-0.01239,train
2015-11-25,bci_value,807.0,6.69332,731.0,698.0,606.0,671.0,770.0,946.0,1002.0,1307.0,1457.0,1194.0,695.0,64.99,808.07,139.45,1065.4,280.21,1344.25,412.71,1521.73,499.16,0.09891,0.04693,-0.21643,-0.59081,463.0,460.0,500.0,467.0,469.0,523.0,285.0,285.0,302.0,-0.58395,0.81179,-0.94809,0.318,14,2015-12-15,20,623.0,-0.25878,train
2015-11-26,bci_value,898.0,6.80017,807.0,731.0,698.0,619.0,733.0,881.0,1003.0,1275.0,1368.0,1195.0,718.57,96.69,800.57,131.36,1049.73,275.96,1339.3,416.24,1510.02,501.28,0.10685,0.20302,-0.11058,-0.42094,459.0,463.0,487.0,467.0,467.0,516.0,284.0,285.0,296.0,-0.5699,0.82171,-0.93659,0.35043,14,2015-12-16,20,549.0,-0.49207,train
2015-11-27,bci_value,989.0,6.89669,898.0,807.0,731.0,606.0,671.0,809.0,1021.0,1254.0,1318.0,1187.0,764.0,131.94,798.29,127.73,1038.77,271.58,1336.0,418.21,1499.63,502.28,0.09652,0.38793,-0.03184,-0.28718,456.0,459.0,477.0,467.0,467.0,504.0,283.0,284.0,292.0,-0.55568,0.83139,-0.92398,0.38244,14,2015-12-17,20,524.0,-0.6352,train
2015-11-30,bci_value,1007.0,6.91473,989.0,898.0,807.0,698.0,619.0,770.0,1018.0,1229.0,1312.0,1243.0,819.43,140.6,797.5,126.4,1028.6,266.83,1332.07,420.17,1489.76,503.13,0.01804,0.48663,-0.01086,-0.26458,453.0,456.0,468.0,467.0,467.0,491.0,285.0,283.0,290.0,-0.51206,0.85895,-0.87966,0.4756,14,2015-12-18,18,524.0,-0.65324,train
2015-12-01,bci_value,1046.0,6.95273,1007.0,989.0,898.0,731.0,606.0,733.0,946.0,1184.0,1399.0,1286.0,882.29,129.01,804.64,136.98,1016.83,257.87,1328.07,421.73,1479.88,503.02,0.038,0.54585,0.10049,-0.29078,450.0,453.0,463.0,469.0,467.0,479.0,286.0,285.0,288.0,-0.4972,0.86763,-0.86278,0.50558,14,2015-12-21,20,512.0,-0.7144,train
2015-12-02,bci_value,1001.0,6.90875,1046.0,1007.0,989.0,807.0,698.0,671.0,881.0,1099.0,1483.0,1256.0,925.57,109.23,813.21,145.0,1000.77,242.9,1323.82,423.72,1468.89,502.56,-0.04397,0.36054,0.1277,-0.39307,446.0,450.0,461.0,471.0,469.0,472.0,286.0,286.0,286.0,-0.48221,0.87606,-0.84488,0.53496,14,2015-12-22,20,485.0,-0.72461,train
2015-12-03,bci_value,931.0,6.83626,1001.0,1046.0,1007.0,898.0,731.0,619.0,809.0,1043.0,1512.0,1202.0,954.14,75.57,821.93,148.12,981.4,223.78,1319.3,426.43,1455.87,501.14,-0.0725,0.24185,0.14046,-0.48493,438.0,446.0,460.0,472.0,471.0,469.0,286.0,286.0,285.0,-0.46706,0.88422,-0.82598,0.5637,14,2015-12-23,20,469.0,-0.68566,train
2015-12-04,bci_value,890.0,6.79122,931.0,1001.0,1046.0,989.0,807.0,606.0,770.0,1002.0,1461.0,1198.0,966.0,55.37,830.5,148.34,962.37,205.73,1314.17,429.7,1442.24,499.67,-0.04504,0.0979,0.14483,-0.49565,433.0,438.0,463.0,470.0,472.0,467.0,286.0,286.0,285.0,-0.45179,0.89213,-0.8061,0.59178,14,2015-12-24,20,470.0,-0.63849,train
2015-12-07,bci_value,852.0,6.74759,890.0,931.0,1001.0,1007.0,898.0,698.0,733.0,1003.0,1403.0,1185.0,959.43,64.95,839.0,145.9,944.0,189.53,1308.62,433.46,1427.17,496.77,-0.04363,-0.05258,0.15044,-0.49878,426.0,433.0,459.0,469.0,470.0,467.0,286.0,286.0,284.0,-0.40516,0.91424,-0.74084,0.67168,14,2016-01-04,28,472.0,-0.59061,train
2015-12-08,bci_value,870.0,6.76849,852.0,890.0,931.0,1046.0,989.0,731.0,671.0,1021.0,1307.0,1196.0,942.43,70.34,853.21,138.34,929.43,177.49,1303.18,436.87,1411.19,491.28,0.02091,-0.1282,0.25972,-0.407,420.0,426.0,456.0,465.0,469.0,467.0,286.0,286.0,283.0,-0.38938,0.92108,-0.7173,0.69677,14,2016-01-05,28,462.0,-0.63293,train
2015-12-09,bci_value,857.0,6.75344,870.0,852.0,890.0,1001.0,1007.0,807.0,619.0,1018.0,1275.0,1264.0,921.0,70.25,870.21,122.19,915.5,165.84,1296.4,440.57,1392.8,480.59,-0.01506,-0.16129,0.32533,-0.39726,412.0,420.0,453.0,461.0,465.0,467.0,286.0,286.0,285.0,-0.37348,0.92764,-0.6929,0.72103,14,2016-01-06,28,467.0,-0.60711,train
2015-12-10,bci_value,824.0,6.71417,857.0,870.0,852.0,931.0,1046.0,898.0,606.0,946.0,1254.0,1637.0,889.29,55.15,885.79,99.27,901.17,154.13,1282.85,442.39,1373.02,466.77,-0.03927,-0.23856,0.30729,-0.41992,408.0,412.0,450.0,460.0,461.0,469.0,285.0,286.0,286.0,-0.35746,0.93393,-0.66769,0.74444,14,2016-01-07,28,399.0,-0.72521,train
2015-12-11,bci_value,779.0,6.65801,824.0,857.0,870.0,890.0,1001.0,989.0,698.0,881.0,1229.0,1995.0,857.57,44.61,891.57,90.09,886.17,142.99,1262.58,437.12,1353.74,454.92,-0.05616,-0.25074,0.10979,-0.45595,410.0,408.0,446.0,455.0,460.0,471.0,282.0,285.0,286.0,-0.34135,0.93994,-0.64169,0.76697,14,2016-01-08,28,343.0,-0.82028,train
2015-12-14,bci_value,722.0,6.58203,779.0,824.0,857.0,852.0,931.0,1007.0,731.0,809.0,1184.0,2096.0,827.71,54.35,890.93,91.26,870.77,134.72,1239.68,428.77,1333.86,442.82,-0.07599,-0.25423,-0.01239,-0.49463,410.0,410.0,438.0,451.0,455.0,472.0,279.0,282.0,286.0,-0.29241,0.95629,-0.55925,0.829,14,2016-01-11,28,314.0,-0.83263,train
2015-12-15,bci_value,623.0,6.43455,722.0,779.0,824.0,870.0,890.0,1046.0,807.0,770.0,1099.0,1873.0,789.57,83.26,877.79,113.05,854.9,134.94,1218.85,427.86,1313.01,431.49,-0.14748,-0.35667,-0.25878,-0.56761,411.0,410.0,433.0,450.0,451.0,470.0,276.0,279.0,286.0,-0.27591,0.96118,-0.53041,0.84774,14,2016-01-12,28,266.0,-0.85105,train
2015-12-16,bci_value,549.0,6.3081,623.0,722.0,779.0,857.0,852.0,1001.0,898.0,733.0,1043.0,1872.0,746.29,113.0,852.86,140.89,838.43,140.98,1196.8,427.72,1292.81,424.17,-0.12645,-0.43949,-0.49207,-0.64176,415.0,411.0,426.0,449.0,450.0,469.0,275.0,276.0,286.0,-0.25934,0.96579,-0.50093,0.86549,14,2016-01-13,28,245.0,-0.80684,train
2015-12-17,bci_value,524.0,6.26149,549.0,623.0,722.0,824.0,870.0,931.0,989.0,671.0,1002.0,1911.0,696.86,123.28,819.64,158.58,822.5,148.41,1173.68,425.97,1275.22,422.86,-0.04661,-0.507,-0.6352,-0.64826,421.0,415.0,420.0,448.0,449.0,465.0,274.0,275.0,286.0,-0.24269,0.9701,-0.47086,0.88221,14,2016-01-14,28,225.0,-0.84539,train
2015-12-18,bci_value,524.0,6.26149,524.0,549.0,623.0,779.0,857.0,890.0,1007.0,619.0,1003.0,2024.0,649.29,116.36,785.14,166.42,806.53,153.8,1148.68,419.3,1260.21,425.28,0.0,-0.49195,-0.65324,-0.64926,426.0,421.0,412.0,448.0,448.0,461.0,273.0,274.0,286.0,-0.22596,0.97414,-0.44024,0.89788,14,2016-01-15,28,198.0,-0.97322,train
2015-12-21,bci_value,512.0,6.23832,524.0,524.0,549.0,722.0,824.0,852.0,1046.0,606.0,1021.0,2075.0,604.71,99.42,747.0,163.43,789.57,157.25,1122.63,409.38,1244.97,427.23,-0.02317,-0.47585,-0.7144,-0.69021,433.0,426.0,408.0,449.0,448.0,460.0,273.0,273.0,285.0,-0.17541,0.9845,-0.34539,0.93846,14,2016-01-18,28,197.0,-0.95512,train
2015-12-22,bci_value,485.0,6.18415,512.0,524.0,524.0,623.0,779.0,870.0,1001.0,698.0,1018.0,2031.0,562.71,76.35,710.14,160.14,771.8,160.51,1096.87,399.94,1229.1,428.64,-0.05418,-0.47386,-0.72461,-0.74145,445.0,433.0,410.0,449.0,449.0,455.0,271.0,273.0,282.0,-0.15845,0.98737,-0.3129,0.94979,14,2016-01-19,28,185.0,-0.96379,train
2015-12-23,bci_value,469.0,6.1506,485.0,512.0,524.0,549.0,722.0,857.0,931.0,731.0,946.0,1936.0,526.57,46.4,677.14,158.82,755.9,166.0,1072.42,392.66,1213.89,431.04,-0.03355,-0.43142,-0.68566,-0.70164,457.0,445.0,410.0,449.0,449.0,451.0,270.0,271.0,279.0,-0.14144,0.98995,-0.28004,0.95999,14,2016-01-20,28,186.0,-0.92486,train
2015-12-24,bci_value,470.0,6.15273,469.0,485.0,512.0,524.0,623.0,824.0,890.0,807.0,881.0,1911.0,504.71,28.35,647.14,155.41,742.2,171.96,1048.4,384.62,1199.41,433.9,0.00213,-0.28181,-0.63849,-0.62832,462.0,457.0,411.0,450.0,449.0,450.0,270.0,270.0,276.0,-0.12439,0.99223,-0.24686,0.96905,14,2016-01-21,28,206.0,-0.82486,train
2016-01-04,bci_value,472.0,6.15698,470.0,469.0,485.0,524.0,549.0,779.0,852.0,898.0,809.0,1931.0,493.71,23.57,620.0,150.37,730.97,178.13,1024.08,374.03,1186.0,437.5,0.00425,-0.15112,-0.59061,-0.53882,464.0,462.0,415.0,450.0,450.0,449.0,267.0,270.0,275.0,0.06876,0.99763,0.13719,0.99055,14,2016-01-22,18,229.0,-0.72326,train
2016-01-05,bci_value,462.0,6.13556,472.0,470.0,469.0,512.0,524.0,722.0,870.0,989.0,770.0,1901.0,484.86,22.13,590.86,138.13,720.7,184.35,1000.1,363.01,1173.81,442.2,-0.02141,-0.12593,-0.63293,-0.51083,466.0,464.0,421.0,449.0,450.0,448.0,266.0,267.0,274.0,0.08591,0.9963,0.17118,0.98524,14,2016-01-25,20,254.0,-0.59823,train
2016-01-06,bci_value,467.0,6.14633,462.0,472.0,470.0,485.0,524.0,623.0,857.0,1007.0,733.0,1860.0,476.71,15.82,563.0,119.75,711.83,189.86,976.88,351.63,1163.41,447.66,0.01076,-0.11516,-0.60711,-0.45082,464.0,466.0,426.0,445.0,449.0,448.0,263.0,266.0,273.0,0.10303,0.99468,0.20497,0.97877,14,2016-01-26,20,242.0,-0.65739,train
2016-01-07,bci_value,399.0,5.98896,467.0,462.0,472.0,469.0,512.0,549.0,824.0,1046.0,671.0,1742.0,460.57,25.97,532.64,102.34,702.77,197.92,954.5,344.9,1153.98,454.67,-0.15737,-0.24936,-0.72521,-0.51981,450.0,464.0,433.0,442.0,445.0,449.0,259.0,263.0,273.0,0.12013,0.99276,0.23851,0.97114,14,2016-01-27,20,235.0,-0.52938,train
2016-01-08,bci_value,343.0,5.83773,399.0,467.0,462.0,470.0,485.0,524.0,779.0,1001.0,619.0,1598.0,440.29,46.39,501.5,87.97,693.57,207.77,933.58,343.29,1145.69,462.51,-0.15123,-0.34642,-0.82028,-0.59037,434.0,450.0,445.0,436.0,442.0,449.0,256.0,259.0,271.0,0.13719,0.99055,0.27178,0.96236,14,2016-01-28,20,216.0,-0.46245,train
2016-01-11,bci_value,314.0,5.74939,343.0,399.0,467.0,472.0,469.0,524.0,722.0,931.0,606.0,1549.0,418.14,61.83,472.36,76.99,683.83,218.22,913.0,342.8,1137.5,470.57,-0.08834,-0.40121,-0.83263,-0.65749,420.0,434.0,457.0,430.0,436.0,449.0,251.0,256.0,270.0,0.1881,0.98215,0.36948,0.92924,14,2016-01-29,18,211.0,-0.39753,train
2016-01-12,bci_value,266.0,5.5835,314.0,343.0,399.0,462.0,470.0,512.0,623.0,890.0,698.0,1551.0,389.0,76.79,446.86,81.84,669.43,230.7,891.58,342.41,1128.56,479.31,-0.1659,-0.56924,-0.85105,-0.96472,411.0,420.0,462.0,422.0,430.0,450.0,250.0,251.0,270.0,0.20497,0.97877,0.40123,0.91598,14,2016-02-01,20,217.0,-0.2036,train
2016-01-13,bci_value,245.0,5.50126,266.0,314.0,343.0,467.0,472.0,485.0,549.0,852.0,731.0,1531.0,356.57,82.6,425.14,91.6,653.23,242.57,870.15,341.96,1118.21,488.14,-0.08224,-0.65572,-0.80684,-1.09316,399.0,411.0,464.0,416.0,422.0,450.0,250.0,250.0,267.0,0.22177,0.9751,0.4325,0.90163,14,2016-02-02,20,217.0,-0.12136,train
2016-01-14,bci_value,225.0,5.4161,245.0,266.0,314.0,399.0,462.0,469.0,524.0,870.0,807.0,1457.0,322.71,81.0,403.79,100.49,633.83,252.56,849.62,343.09,1107.44,496.96,-0.08516,-0.71946,-0.84539,-1.27722,388.0,399.0,466.0,412.0,416.0,449.0,247.0,250.0,266.0,0.23851,0.97114,0.46326,0.88622,14,2016-02-03,20,209.0,-0.07377,train
2016-01-15,bci_value,198.0,5.28827,225.0,245.0,266.0,343.0,467.0,470.0,524.0,857.0,898.0,1368.0,284.29,65.82,380.5,107.46,610.5,259.32,830.12,346.31,1096.37,505.92,-0.12783,-0.85806,-0.97322,-1.5119,381.0,388.0,464.0,402.0,412.0,445.0,245.0,247.0,263.0,0.25518,0.96689,0.49347,0.86976,14,2016-02-04,20,208.0,0.04927,train
2016-01-18,bci_value,197.0,5.2832,198.0,225.0,245.0,314.0,399.0,472.0,512.0,824.0,989.0,1318.0,255.43,52.04,358.0,110.51,584.1,259.76,811.43,349.71,1085.37,514.52,-0.00506,-0.70576,-0.95512,-1.61349,375.0,381.0,450.0,394.0,402.0,442.0,243.0,245.0,259.0,0.30472,0.95244,0.58045,0.81429,14,2016-02-05,18,212.0,0.07338,train
2016-01-19,bci_value,185.0,5.22036,197.0,198.0,225.0,266.0,343.0,462.0,485.0,779.0,1007.0,1312.0,232.86,42.57,336.57,112.87,556.7,257.05,792.65,352.57,1073.61,522.8,-0.06285,-0.61737,-0.96379,-1.69438,369.0,375.0,434.0,388.0,394.0,436.0,240.0,243.0,256.0,0.32106,0.94706,0.60812,0.79384,14,2016-02-08,20,207.0,0.11236,train
2016-01-20,bci_value,186.0,5.22575,185.0,197.0,198.0,245.0,314.0,467.0,469.0,722.0,1046.0,1399.0,214.57,29.16,316.36,112.68,528.03,248.7,772.43,352.0,1061.39,530.49,0.00539,-0.52365,-0.92486,-1.72698,360.0,369.0,420.0,381.0,388.0,430.0,238.0,240.0,251.0,0.3373,0.9414,0.63507,0.77246,14,2016-02-09,20,207.0,0.10697,train
2016-01-21,bci_value,206.0,5.32788,186.0,185.0,197.0,225.0,266.0,399.0,470.0,623.0,1001.0,1483.0,206.0,20.24,297.5,107.36,501.53,239.06,751.15,346.96,1049.72,537.58,0.10213,-0.25562,-0.82486,-1.58088,346.0,360.0,411.0,372.0,381.0,422.0,237.0,238.0,250.0,0.35344,0.93546,0.66126,0.75015,14,2016-02-10,20,208.0,0.00966,train
2016-01-22,bci_value,229.0,5.43372,206.0,186.0,185.0,198.0,245.0,343.0,472.0,549.0,931.0,1512.0,203.71,16.21,280.14,96.87,478.13,230.07,729.77,338.86,1038.91,544.16,0.10585,-0.06754,-0.72326,-1.40254,334.0,346.0,399.0,366.0,372.0,416.0,233.0,237.0,250.0,0.36948,0.92924,0.68668,0.72696,14,2016-02-11,20,206.0,-0.10585,train
2016-01-25,bci_value,254.0,5.53733,229.0,206.0,186.0,197.0,225.0,314.0,462.0,524.0,890.0,1461.0,207.86,23.28,265.29,82.76,456.93,220.23,709.65,330.57,1028.42,550.05,0.10361,0.12123,-0.59823,-1.25389,325.0,334.0,388.0,358.0,366.0,412.0,231.0,233.0,247.0,0.41693,0.90894,0.75792,0.65235,14,2016-02-12,18,199.0,-0.24403,train
2016-01-26,bci_value,242.0,5.48894,254.0,229.0,206.0,185.0,198.0,266.0,467.0,524.0,852.0,1403.0,214.14,25.6,249.21,61.02,436.6,210.77,690.3,323.32,1017.94,555.92,-0.0484,0.20067,-0.65739,-1.25865,312.0,325.0,381.0,350.0,358.0,402.0,229.0,231.0,245.0,0.4325,0.90163,0.77991,0.62589,14,2016-02-15,20,204.0,-0.17082,train
2016-01-27,bci_value,235.0,5.45959,242.0,254.0,229.0,186.0,197.0,245.0,399.0,512.0,870.0,1307.0,219.57,25.42,237.5,44.7,415.43,197.66,672.43,318.33,1007.27,561.6,-0.02935,0.17638,-0.52938,-1.30891,303.0,312.0,375.0,338.0,350.0,394.0,225.0,229.0,243.0,0.44794,0.89406,0.80098,0.59869,14,2016-02-16,20,223.0,-0.05241,train
2016-01-28,bci_value,216.0,5.37528,235.0,242.0,254.0,206.0,185.0,225.0,343.0,485.0,857.0,1275.0,224.0,21.39,228.43,33.97,394.07,182.87,654.78,313.76,995.62,566.99,-0.08431,0.15492,-0.46245,-1.37816,293.0,303.0,369.0,327.0,338.0,388.0,222.0,225.0,240.0,0.46326,0.88622,0.8211,0.57078,14,2016-02-17,20,223.0,0.03189,train
2016-01-29,bci_value,211.0,5.35186,216.0,235.0,242.0,229.0,186.0,198.0,314.0,469.0,824.0,1254.0,227.57,16.2,221.07,24.47,373.63,167.27,637.4,308.93,979.78,568.77,-0.02342,0.12611,-0.39753,-1.36231,287.0,293.0,360.0,316.0,327.0,381.0,219.0,222.0,238.0,0.47843,0.87812,0.84025,0.5422,14,2016-02-18,20,220.0,0.04177,train
2016-02-01,bci_value,217.0,5.3799,211.0,216.0,235.0,254.0,206.0,197.0,266.0,470.0,779.0,1229.0,229.14,14.48,217.57,21.06,354.9,151.55,620.53,303.76,960.02,564.02,0.02804,0.05202,-0.2036,-1.27811,282.0,287.0,346.0,304.0,316.0,372.0,216.0,219.0,237.0,0.52309,0.85227,0.89164,0.45274,14,2016-02-19,18,207.0,-0.04718,train
2016-02-02,bci_value,217.0,5.3799,217.0,211.0,216.0,242.0,229.0,185.0,245.0,472.0,722.0,1184.0,227.43,15.09,215.57,19.64,338.07,137.21,604.42,299.05,939.14,556.31,0.0,-0.05382,-0.12136,-1.20213,282.0,282.0,334.0,299.0,304.0,366.0,212.0,216.0,233.0,0.53768,0.84315,0.90669,0.42181,14,2016-02-22,20,197.0,-0.09669,train
2016-02-03,bci_value,209.0,5.34233,217.0,217.0,211.0,235.0,254.0,186.0,225.0,462.0,623.0,1099.0,221.0,11.58,214.43,19.53,324.27,128.39,589.58,296.21,920.66,552.61,-0.03756,-0.195,-0.07377,-1.09221,284.0,282.0,325.0,289.0,299.0,358.0,203.0,212.0,231.0,0.5521,0.83378,0.92066,0.39037,14,2016-02-23,20,189.0,-0.10059,train
2016-02-04,bci_value,208.0,5.33754,209.0,217.0,217.0,216.0,242.0,206.0,198.0,467.0,549.0,1043.0,216.14,8.46,215.14,19.09,312.9,122.97,575.67,294.19,902.17,548.29,-0.0048,-0.1514,0.04927,-0.97056,289.0,284.0,312.0,280.0,289.0,350.0,197.0,203.0,229.0,0.56636,0.82416,0.93354,0.35847,14,2016-02-24,20,186.0,-0.11179,train
2016-02-05,bci_value,212.0,5.35659,208.0,209.0,217.0,211.0,235.0,229.0,197.0,399.0,524.0,1002.0,212.86,3.52,216.21,18.45,302.5,117.76,562.5,292.48,883.29,542.45,0.01905,-0.103,0.07338,-0.90491,295.0,289.0,303.0,271.0,280.0,338.0,194.0,197.0,225.0,0.58045,0.81429,0.94532,0.32614,14,2016-02-25,20,182.0,-0.15258,train
2016-02-08,bci_value,207.0,5.33272,212.0,208.0,209.0,217.0,216.0,254.0,185.0,343.0,524.0,1003.0,211.57,3.77,217.79,16.57,291.93,111.47,549.23,290.25,863.1,533.35,-0.02387,-0.04256,0.11236,-0.92877,298.0,295.0,293.0,262.0,271.0,327.0,190.0,194.0,222.0,0.62169,0.78327,0.97389,0.22701,14,2016-02-26,18,177.0,-0.15657,train
2016-02-09,bci_value,207.0,5.33272,207.0,212.0,208.0,217.0,211.0,242.0,186.0,314.0,512.0,1021.0,211.0,4.11,219.29,14.43,281.77,104.63,535.67,286.88,842.34,522.01,0.0,-0.01914,0.10697,-0.90561,297.0,298.0,287.0,255.0,262.0,316.0,188.0,190.0,219.0,0.63507,0.77246,0.98112,0.19338,14,2016-02-29,20,174.0,-0.17366,train
2016-02-10,bci_value,208.0,5.33754,207.0,207.0,212.0,209.0,217.0,235.0,206.0,266.0,485.0,1018.0,209.71,3.37,219.43,14.31,272.53,98.32,522.17,282.9,822.09,510.74,0.00482,-0.04236,0.00966,-0.84661,301.0,297.0,282.0,250.0,255.0,304.0,186.0,188.0,216.0,0.64826,0.76142,0.9872,0.15951,14,2016-03-01,20,174.0,-0.17848,train
2016-02-11,bci_value,206.0,5.32788,208.0,207.0,207.0,208.0,217.0,216.0,229.0,245.0,469.0,946.0,208.14,1.81,217.79,14.44,263.77,91.93,509.83,280.27,802.87,500.92,-0.00966,-0.05202,-0.10585,-0.82273,312.0,301.0,282.0,247.0,250.0,299.0,184.0,186.0,212.0,0.66126,0.75015,0.9921,0.12546,14,2016-03-02,20,171.0,-0.18621,train
2016-02-12,bci_value,199.0,5.2933,206.0,208.0,207.0,212.0,209.0,211.0,254.0,225.0,470.0,881.0,206.71,3.61,213.86,11.16,254.73,84.21,498.47,278.81,783.84,490.88,-0.03457,-0.04903,-0.24403,-0.85943,324.0,312.0,284.0,244.0,247.0,289.0,183.0,184.0,203.0,0.67407,0.73867,0.99583,0.09126,14,2016-03-03,20,166.0,-0.18132,train
2016-02-15,bci_value,204.0,5.31812,199.0,206.0,208.0,207.0,208.0,217.0,242.0,198.0,472.0,809.0,206.14,3.68,211.14,8.22,245.8,74.33,488.38,278.34,764.66,479.28,0.02482,-0.01942,-0.17082,-0.83886,334.0,324.0,289.0,243.0,244.0,280.0,183.0,183.0,197.0,0.71128,0.70291,0.99993,-0.01183,14,2016-03-04,18,164.0,-0.21825,train
2016-02-16,bci_value,223.0,5.40717,204.0,199.0,206.0,207.0,212.0,217.0,235.0,197.0,462.0,770.0,207.71,6.84,210.29,6.02,237.83,62.61,479.27,277.93,746.01,467.2,0.08905,0.05059,-0.05241,-0.72839,346.0,334.0,295.0,247.0,243.0,271.0,184.0,183.0,194.0,0.72326,0.69057,0.99893,-0.04622,14,2016-03-07,20,161.0,-0.32577,train
2016-02-17,bci_value,223.0,5.40717,223.0,204.0,199.0,208.0,207.0,209.0,216.0,185.0,467.0,733.0,210.0,8.65,210.79,6.72,229.7,45.94,470.77,277.83,727.82,455.19,0.0,0.07445,0.03189,-0.73916,357.0,346.0,298.0,252.0,247.0,262.0,186.0,184.0,190.0,0.73503,0.67803,0.99675,-0.08055,14,2016-03-08,20,180.0,-0.21421,train
2016-02-18,bci_value,220.0,5.39363,223.0,223.0,204.0,206.0,207.0,208.0,211.0,186.0,399.0,671.0,211.86,9.19,211.43,7.13,223.73,33.51,463.25,278.42,710.91,445.36,-0.01354,0.06091,0.04177,-0.59533,358.0,357.0,297.0,259.0,252.0,255.0,193.0,186.0,188.0,0.74659,0.66529,0.99339,-0.11479,14,2016-03-09,20,178.0,-0.21184,train
2016-02-19,bci_value,207.0,5.33272,220.0,223.0,223.0,199.0,208.0,212.0,217.0,206.0,343.0,619.0,211.71,9.25,210.71,7.03,219.2,25.25,456.38,279.57,695.46,438.39,-0.06091,-0.00482,-0.04718,-0.50501,355.0,358.0,301.0,270.0,259.0,250.0,198.0,193.0,186.0,0.75792,0.65235,0.98885,-0.14889,14,2016-03-10,20,178.0,-0.15094,train
2016-02-22,bci_value,197.0,5.2832,207.0,220.0,223.0,204.0,206.0,207.0,217.0,229.0,314.0,606.0,210.43,10.5,209.29,7.62,215.3,18.42,449.57,280.82,680.43,432.0,-0.04952,-0.04467,-0.09669,-0.46619,350.0,355.0,312.0,286.0,270.0,247.0,200.0,198.0,184.0,0.79056,0.61238,0.96825,-0.24998,14,2016-03-11,18,176.0,-0.11272,train
2016-02-23,bci_value,189.0,5.24175,197.0,207.0,220.0,223.0,199.0,207.0,209.0,254.0,266.0,698.0,209.0,12.46,207.86,9.24,212.73,16.43,441.08,280.87,665.3,425.04,-0.04146,-0.05156,-0.10059,-0.34175,346.0,350.0,324.0,298.0,286.0,244.0,203.0,200.0,183.0,0.80098,0.59869,0.95908,-0.28314,14,2016-03-14,20,179.0,-0.05436,train
2016-02-24,bci_value,186.0,5.22575,189.0,197.0,207.0,223.0,204.0,208.0,208.0,242.0,245.0,731.0,206.43,14.85,206.29,10.82,210.77,15.97,432.0,280.16,650.36,417.93,-0.016,-0.09237,-0.11179,-0.27551,346.0,346.0,334.0,310.0,298.0,243.0,206.0,203.0,183.0,0.81116,0.58482,0.94877,-0.31596,14,2016-03-15,20,186.0,0.0,train
2016-02-25,bci_value,182.0,5.20401,186.0,189.0,197.0,220.0,223.0,206.0,212.0,235.0,225.0,807.0,200.57,15.24,204.14,12.34,209.33,16.55,421.58,277.63,636.19,411.91,-0.02174,-0.20317,-0.15258,-0.21209,346.0,346.0,346.0,321.0,310.0,247.0,209.0,206.0,184.0,0.8211,0.57078,0.93734,-0.34841,14,2016-03-16,20,172.0,-0.05651,train
2016-02-26,bci_value,177.0,5.17615,182.0,186.0,189.0,207.0,223.0,199.0,207.0,216.0,198.0,898.0,194.0,14.02,202.0,14.13,208.63,17.44,409.57,272.31,622.96,407.29,-0.02786,-0.23102,-0.15657,-0.11212,352.0,346.0,357.0,328.0,321.0,252.0,212.0,209.0,186.0,0.8308,0.55658,0.9248,-0.38045,14,2016-03-17,20,178.0,0.00563,train
2016-02-29,bci_value,174.0,5.15906,177.0,182.0,186.0,197.0,220.0,204.0,207.0,211.0,197.0,989.0,187.43,10.68,199.64,15.76,207.87,18.41,395.98,263.24,610.24,403.23,-0.01709,-0.23457,-0.17366,-0.12415,354.0,352.0,358.0,333.0,328.0,259.0,214.0,212.0,193.0,0.8584,0.51298,0.88068,-0.47371,14,2016-03-18,18,197.0,0.12415,train
2016-03-01,bci_value,174.0,5.15906,174.0,177.0,182.0,189.0,207.0,223.0,208.0,217.0,185.0,1007.0,182.71,7.92,197.21,16.87,207.5,18.96,382.1,252.39,597.6,398.85,0.0,-0.17366,-0.17848,-0.0613,357.0,354.0,355.0,339.0,333.0,270.0,217.0,214.0,198.0,0.8671,0.49814,0.86387,-0.50372,14,2016-03-21,20,197.0,0.12415,train
2016-03-02,bci_value,171.0,5.14166,174.0,174.0,177.0,186.0,197.0,223.0,206.0,217.0,186.0,1046.0,179.0,6.28,194.71,17.94,207.0,19.71,367.52,238.51,583.96,392.15,-0.01739,-0.14154,-0.18621,-0.08408,364.0,357.0,350.0,345.0,339.0,286.0,220.0,217.0,200.0,0.87554,0.48315,0.84603,-0.53314,14,2016-03-22,20,186.0,0.08408,train
2016-03-03,bci_value,166.0,5.11199,171.0,174.0,174.0,182.0,189.0,220.0,199.0,209.0,206.0,1001.0,175.71,6.2,192.36,19.33,205.67,21.04,353.6,225.12,569.32,382.79,-0.02968,-0.12976,-0.18132,-0.21589,374.0,364.0,346.0,350.0,345.0,298.0,227.0,220.0,203.0,0.88372,0.46802,0.82719,-0.56192,14,2016-03-23,20,196.0,0.16613,train
2016-03-04,bci_value,164.0,5.09987,166.0,171.0,174.0,177.0,186.0,207.0,204.0,208.0,229.0,931.0,172.57,5.75,189.5,20.33,203.5,21.85,340.82,213.45,554.34,371.82,-0.01212,-0.12588,-0.21825,-0.33386,386.0,374.0,346.0,363.0,350.0,310.0,232.0,227.0,206.0,0.89164,0.45274,0.80737,-0.59004,14,2016-03-24,20,203.0,0.21334,train
2016-03-07,bci_value,161.0,5.0814,164.0,166.0,171.0,174.0,182.0,197.0,223.0,212.0,254.0,890.0,169.57,5.53,185.07,19.28,200.4,21.05,328.67,202.3,539.9,361.43,-0.01846,-0.1226,-0.32577,-0.45593,397.0,386.0,346.0,371.0,363.0,321.0,237.0,232.0,209.0,0.91381,0.40615,0.74228,-0.67009,14,2016-03-29,22,207.0,0.25131,train
2016-03-08,bci_value,180.0,5.19296,161.0,164.0,166.0,174.0,177.0,189.0,223.0,207.0,242.0,852.0,170.0,6.16,182.0,16.16,198.33,19.88,317.47,191.32,526.31,351.58,0.11155,0.01681,-0.21421,-0.29598,422.0,397.0,352.0,377.0,371.0,328.0,240.0,237.0,212.0,0.92066,0.39037,0.71879,-0.69523,14,2016-03-30,22,210.0,0.15415,train
2016-03-09,bci_value,178.0,5.18178,180.0,161.0,164.0,171.0,174.0,186.0,220.0,207.0,235.0,870.0,170.57,6.67,179.0,12.26,196.43,18.99,305.93,178.06,513.77,343.55,-0.01117,0.02273,-0.21184,-0.2778,447.0,422.0,354.0,386.0,377.0,333.0,243.0,240.0,214.0,0.92724,0.37447,0.69445,-0.71954,14,2016-03-31,22,270.0,0.41664,train
2016-03-10,bci_value,178.0,5.18178,178.0,180.0,161.0,166.0,174.0,182.0,207.0,208.0,216.0,857.0,171.14,7.1,176.93,9.49,195.17,18.91,294.62,163.67,501.58,335.7,0.0,0.02273,-0.15094,-0.19349,466.0,447.0,357.0,399.0,386.0,339.0,246.0,243.0,217.0,0.93354,0.35847,0.66929,-0.743,14,2016-04-01,22,345.0,0.66176,train
2016-03-11,bci_value,176.0,5.17048,178.0,178.0,180.0,164.0,171.0,177.0,197.0,206.0,211.0,824.0,171.86,7.3,175.43,7.69,194.0,18.97,283.82,149.12,489.6,327.77,-0.0113,0.02882,-0.11272,-0.18137,477.0,466.0,364.0,412.0,399.0,345.0,249.0,246.0,220.0,0.93957,0.34236,0.64334,-0.76558,14,2016-04-04,24,424.0,0.87925,train
2016-03-14,bci_value,179.0,5.18739,176.0,178.0,178.0,161.0,166.0,174.0,189.0,199.0,217.0,779.0,173.71,7.23,174.71,6.81,192.73,18.66,273.82,135.03,477.93,319.84,0.0169,0.0754,-0.05436,-0.19251,481.0,477.0,374.0,420.0,412.0,350.0,252.0,249.0,227.0,0.95598,0.29343,0.56103,-0.82779,14,2016-04-05,22,466.0,0.9568,train
2016-03-15,bci_value,186.0,5.22575,179.0,176.0,178.0,180.0,164.0,174.0,186.0,204.0,217.0,722.0,176.86,7.1,174.71,6.81,191.7,18.14,264.88,122.2,466.84,312.38,0.03836,0.12588,0.0,-0.15415,481.0,481.0,386.0,427.0,420.0,363.0,255.0,252.0,232.0,0.96089,0.27695,0.53223,-0.8466,14,2016-04-06,22,477.0,0.94177,train
2016-03-16,bci_value,172.0,5.14749,186.0,179.0,176.0,178.0,161.0,171.0,182.0,223.0,209.0,623.0,178.43,3.92,174.0,6.52,190.47,18.18,257.37,113.5,456.54,306.6,-0.07825,0.06609,-0.05651,-0.19484,474.0,481.0,397.0,432.0,427.0,371.0,257.0,255.0,237.0,0.96551,0.26038,0.50279,-0.86441,14,2016-04-07,22,562.0,1.18401,train
2016-03-17,bci_value,178.0,5.18178,172.0,186.0,179.0,178.0,180.0,166.0,177.0,223.0,208.0,549.0,178.14,3.87,174.07,6.56,189.47,18.01,251.18,107.39,446.93,301.58,0.03429,-0.01117,0.00563,-0.15575,467.0,474.0,422.0,439.0,432.0,377.0,258.0,257.0,240.0,0.96984,0.24373,0.47276,-0.88119,14,2016-04-08,22,656.0,1.30438,train
2016-03-18,bci_value,197.0,5.2832,178.0,172.0,186.0,176.0,178.0,164.0,174.0,220.0,212.0,524.0,180.86,7.64,175.71,8.83,188.97,17.58,245.73,101.54,437.99,296.88,0.10142,0.10142,0.12415,-0.07338,463.0,467.0,447.0,445.0,439.0,386.0,260.0,258.0,243.0,0.97389,0.22701,0.44217,-0.89693,14,2016-04-11,24,733.0,1.31394,train
2016-03-21,bci_value,197.0,5.2832,197.0,178.0,172.0,179.0,178.0,161.0,174.0,207.0,207.0,524.0,183.57,9.33,177.36,10.36,188.63,17.33,240.28,95.03,429.03,291.82,0.0,0.10142,0.12415,-0.04952,459.0,463.0,466.0,449.0,445.0,399.0,262.0,260.0,246.0,0.98431,0.17647,0.3474,-0.93772,14,2016-04-12,22,744.0,1.32884,train
2016-03-22,bci_value,186.0,5.22575,197.0,197.0,178.0,186.0,176.0,180.0,171.0,197.0,207.0,512.0,185.0,8.82,178.43,10.42,187.93,16.99,234.85,88.43,419.76,286.07,-0.05746,0.05526,0.08408,-0.10697,455.0,459.0,477.0,460.0,449.0,412.0,264.0,262.0,249.0,0.9872,0.15951,0.31494,-0.94911,14,2016-04-13,22,744.0,1.38629,train
2016-03-23,bci_value,196.0,5.27811,186.0,197.0,197.0,172.0,179.0,178.0,166.0,189.0,208.0,485.0,187.43,9.16,180.57,10.73,187.53,16.65,230.03,82.33,410.62,279.88,0.05237,0.09073,0.16613,-0.05942,458.0,455.0,481.0,464.0,460.0,420.0,266.0,264.0,252.0,0.98979,0.14251,0.28211,-0.95938,14,2016-04-14,22,831.0,1.44452,train
2016-03-24,bci_value,203.0,5.31321,196.0,186.0,197.0,178.0,186.0,178.0,164.0,186.0,206.0,469.0,189.86,10.6,183.36,11.12,187.43,16.55,225.6,76.28,402.37,274.88,0.03509,0.08746,0.21334,-0.01467,466.0,458.0,481.0,468.0,464.0,427.0,268.0,266.0,255.0,0.9921,0.12546,0.24894,-0.96852,14,2016-04-15,22,949.0,1.5422,train
2016-03-29,bci_value,207.0,5.33272,203.0,196.0,186.0,197.0,172.0,176.0,161.0,182.0,199.0,470.0,194.86,9.16,186.64,10.82,187.7,16.8,221.22,69.36,394.88,270.89,0.01951,0.18522,0.25131,0.03941,471.0,466.0,474.0,473.0,468.0,432.0,270.0,268.0,257.0,0.99921,0.03977,0.07948,-0.99684,14,2016-04-18,20,1030.0,1.6046,train
2016-03-30,bci_value,210.0,5.34711,207.0,203.0,196.0,197.0,178.0,179.0,180.0,177.0,204.0,472.0,199.43,7.42,188.79,12.18,187.9,17.03,216.85,61.2,388.22,267.97,0.01439,0.16532,0.15415,0.02899,484.0,471.0,467.0,474.0,473.0,439.0,271.0,270.0,258.0,0.99975,0.02258,0.04514,-0.99898,14,2016-04-19,20,1065.0,1.62362,train
2016-03-31,bci_value,270.0,5.59842,210.0,207.0,203.0,186.0,197.0,186.0,178.0,174.0,223.0,462.0,209.86,25.63,195.36,23.83,189.47,21.7,213.65,52.73,382.67,265.17,0.25131,0.31522,0.41664,0.19125,501.0,484.0,463.0,475.0,474.0,445.0,272.0,271.0,260.0,0.99999,0.00538,0.01075,-0.99994,14,2016-04-20,20,1022.0,1.33109,train
2016-04-01,bci_value,345.0,5.84354,270.0,210.0,207.0,196.0,197.0,172.0,178.0,174.0,223.0,467.0,231.0,52.87,207.29,44.76,193.53,34.98,211.62,44.66,378.36,262.58,0.24512,0.56034,0.66176,0.43637,535.0,501.0,459.0,476.0,475.0,449.0,272.0,272.0,262.0,0.99993,-0.01183,-0.02365,-0.99972,14,2016-04-21,20,1004.0,1.0682,train
2016-04-04,bci_value,424.0,6.04973,345.0,270.0,210.0,203.0,186.0,178.0,176.0,171.0,220.0,399.0,265.0,81.68,225.0,70.53,200.33,54.08,212.03,46.48,375.61,260.79,0.20619,0.82399,0.87925,0.65611,563.0,535.0,455.0,476.0,476.0,460.0,274.0,272.0,264.0,0.99799,-0.06339,-0.12653,-0.99196,14,2016-04-22,18,1085.0,0.9396,train
2016-04-05,bci_value,466.0,6.14419,424.0,345.0,270.0,207.0,196.0,197.0,179.0,166.0,207.0,343.0,303.57,101.37,245.5,92.48,208.97,72.12,214.08,54.27,373.91,259.7,0.09445,0.86607,0.9568,0.81147,596.0,563.0,458.0,479.0,476.0,464.0,275.0,274.0,266.0,0.99675,-0.08055,-0.16057,-0.98702,14,2016-04-25,20,1087.0,0.84699,train
2016-04-06,bci_value,477.0,6.16752,466.0,424.0,345.0,210.0,203.0,197.0,186.0,164.0,197.0,314.0,342.71,107.68,266.29,108.14,218.3,86.62,216.8,62.64,372.48,258.77,0.02333,0.85431,0.94177,0.88431,619.0,596.0,466.0,479.0,479.0,468.0,278.0,275.0,268.0,0.99522,-0.09768,-0.19443,-0.98092,14,2016-04-26,20,1135.0,0.86687,train
2016-04-07,bci_value,562.0,6.3315,477.0,466.0,424.0,270.0,207.0,186.0,172.0,161.0,189.0,266.0,393.43,115.16,294.14,128.57,230.73,106.1,221.73,76.45,370.97,257.25,0.16399,0.99878,1.18401,1.08975,627.0,619.0,471.0,482.0,479.0,473.0,280.0,278.0,270.0,0.99339,-0.11479,-0.22806,-0.97365,14,2016-04-27,20,1160.0,0.72467,train
2016-04-08,bci_value,656.0,6.48616,562.0,477.0,466.0,345.0,210.0,196.0,178.0,180.0,186.0,245.0,457.14,119.35,328.29,154.12,246.4,130.29,228.58,94.51,370.13,256.2,0.15466,1.13905,1.30438,1.26041,643.0,627.0,484.0,485.0,482.0,474.0,286.0,280.0,271.0,0.99127,-0.13186,-0.26141,-0.96523,14,2016-04-28,20,1137.0,0.54999,train
2016-04-11,bci_value,733.0,6.59715,656.0,562.0,477.0,424.0,270.0,203.0,197.0,178.0,182.0,225.0,523.29,125.45,366.57,180.99,264.77,156.18,237.05,114.46,369.31,254.92,0.11098,0.99872,1.31394,1.39314,654.0,643.0,501.0,488.0,485.0,475.0,288.0,286.0,272.0,0.98315,-0.18282,-0.35947,-0.93316,14,2016-04-29,18,1117.0,0.42126,train
2016-04-12,bci_value,744.0,6.61204,733.0,656.0,562.0,466.0,345.0,207.0,197.0,178.0,177.0,198.0,580.29,122.09,405.64,198.37,283.67,177.29,246.15,131.44,367.6,251.86,0.0149,0.7685,1.32884,1.43589,666.0,654.0,535.0,492.0,488.0,476.0,290.0,288.0,272.0,0.97986,-0.1997,-0.39136,-0.92024,14,2016-05-03,21,1055.0,0.34926,train
2016-04-13,bci_value,744.0,6.61204,744.0,733.0,656.0,477.0,424.0,210.0,186.0,176.0,174.0,197.0,626.0,114.7,445.5,206.14,302.67,194.25,255.27,145.89,364.88,246.39,0.0,0.56231,1.38629,1.45299,678.0,666.0,563.0,498.0,492.0,476.0,296.0,290.0,274.0,0.97628,-0.21653,-0.42278,-0.90623,14,2016-05-04,21,954.0,0.24862,train
2016-04-14,bci_value,831.0,6.72263,744.0,744.0,733.0,562.0,466.0,270.0,196.0,179.0,174.0,185.0,678.14,113.07,490.86,215.88,324.57,214.49,266.03,163.13,362.92,241.95,0.11059,0.57844,1.44452,1.56357,700.0,678.0,596.0,506.0,498.0,479.0,309.0,296.0,275.0,0.97241,-0.23329,-0.4537,-0.89115,14,2016-05-05,21,915.0,0.09629,train
2016-04-15,bci_value,949.0,6.85541,831.0,744.0,744.0,656.0,477.0,345.0,203.0,186.0,171.0,186.0,745.57,113.75,544.14,229.87,350.5,239.89,278.75,184.7,361.84,239.1,0.13278,0.68789,1.5422,1.71375,727.0,700.0,619.0,514.0,506.0,479.0,321.0,309.0,278.0,0.96825,-0.24998,-0.48409,-0.87502,14,2016-05-06,21,892.0,-0.06194,train
2016-04-18,bci_value,1030.0,6.93731,949.0,831.0,744.0,733.0,562.0,424.0,207.0,172.0,166.0,206.0,812.43,123.33,602.93,241.09,379.3,266.41,292.48,207.95,362.17,239.98,0.08191,0.60581,1.6046,1.82533,740.0,727.0,627.0,525.0,514.0,482.0,328.0,321.0,280.0,0.95407,-0.29959,-0.57167,-0.82049,14,2016-05-09,21,837.0,-0.20749,train
2016-04-19,bci_value,1065.0,6.97073,1030.0,949.0,831.0,744.0,656.0,466.0,210.0,178.0,164.0,229.0,870.86,131.96,664.0,242.11,409.33,290.17,306.42,230.07,363.66,243.89,0.03342,0.48457,1.62362,1.87086,746.0,740.0,643.0,529.0,525.0,485.0,334.0,328.0,286.0,0.94877,-0.31596,-0.59955,-0.80034,14,2016-05-10,21,752.0,-0.34799,train
2016-04-20,bci_value,1022.0,6.92952,1065.0,1030.0,949.0,744.0,733.0,477.0,270.0,197.0,161.0,254.0,912.14,127.51,717.71,231.95,438.03,306.32,319.22,247.5,365.12,247.42,-0.04121,0.33237,1.33109,1.84811,747.0,746.0,654.0,534.0,529.0,488.0,342.0,334.0,288.0,0.9432,-0.33224,-0.62673,-0.77924,14,2016-05-11,21,713.0,-0.36004,train
2016-04-21,bci_value,1004.0,6.91175,1022.0,1065.0,1030.0,831.0,744.0,562.0,345.0,197.0,180.0,242.0,949.29,109.75,764.79,217.98,465.5,318.65,331.92,262.32,366.81,251.23,-0.01777,0.29971,1.0682,1.71879,743.0,747.0,666.0,543.0,534.0,492.0,348.0,342.0,290.0,0.93734,-0.34841,-0.65316,-0.75722,14,2016-05-12,21,724.0,-0.32696,train
2016-04-22,bci_value,1085.0,6.98934,1004.0,1022.0,1065.0,949.0,744.0,656.0,424.0,186.0,178.0,235.0,998.0,79.27,812.0,210.51,495.73,332.65,346.08,279.11,369.2,256.96,0.07759,0.37729,0.9396,1.80755,736.0,743.0,678.0,551.0,543.0,498.0,354.0,348.0,296.0,0.93121,-0.36448,-0.67882,-0.7343,14,2016-05-13,21,798.0,-0.30723,train
2016-04-25,bci_value,1087.0,6.99118,1085.0,1004.0,1022.0,1030.0,831.0,733.0,466.0,196.0,178.0,216.0,1034.57,45.75,856.36,197.99,526.03,343.55,360.6,294.21,371.76,262.87,0.00184,0.26855,0.84699,1.80939,727.0,736.0,700.0,558.0,551.0,506.0,356.0,354.0,309.0,0.91117,-0.41203,-0.75086,-0.66046,14,2016-05-16,21,854.0,-0.24125,train
2016-04-26,bci_value,1135.0,7.03439,1087.0,1085.0,1004.0,1065.0,949.0,744.0,477.0,203.0,176.0,211.0,1061.14,42.22,903.36,179.6,558.0,353.95,376.0,309.75,375.21,270.72,0.04321,0.17898,0.86687,1.8639,718.0,727.0,727.0,562.0,558.0,514.0,358.0,356.0,321.0,0.90395,-0.42765,-0.77314,-0.63424,14,2016-05-17,21,988.0,-0.13871,train
2016-04-27,bci_value,1160.0,7.05618,1135.0,1087.0,1085.0,1022.0,1030.0,744.0,562.0,207.0,179.0,217.0,1079.71,51.91,946.07,163.75,590.7,362.64,391.72,324.84,379.44,279.83,0.02179,0.11886,0.72467,1.86879,704.0,718.0,740.0,564.0,562.0,525.0,362.0,358.0,328.0,0.89646,-0.44313,-0.7945,-0.60727,14,2016-05-18,21,954.0,-0.19551,train
2016-04-28,bci_value,1137.0,7.03615,1160.0,1135.0,1087.0,1004.0,1065.0,831.0,656.0,210.0,186.0,217.0,1090.0,55.02,980.43,149.09,622.4,367.41,407.05,337.69,384.06,288.71,-0.02003,0.06542,0.54999,1.8104,685.0,704.0,746.0,573.0,564.0,529.0,365.0,362.0,334.0,0.8887,-0.45849,-0.81492,-0.57958,14,2016-05-19,21,906.0,-0.22711,train
2016-04-29,bci_value,1117.0,7.0184,1137.0,1160.0,1135.0,1085.0,1022.0,949.0,733.0,270.0,172.0,209.0,1103.57,47.81,1007.86,135.77,653.9,367.95,422.18,348.64,389.54,297.76,-0.01775,0.08889,0.42126,1.87091,667.0,685.0,747.0,578.0,573.0,534.0,367.0,365.0,342.0,0.88068,-0.47371,-0.83437,-0.5512,14,2016-05-20,21,870.0,-0.24991,train
2016-05-03,bci_value,1055.0,6.9613,1117.0,1137.0,1160.0,1087.0,1004.0,1030.0,744.0,345.0,178.0,208.0,1110.86,33.97,1030.07,114.57,683.13,363.8,436.3,356.74,395.17,305.4,-0.05711,0.04955,0.34926,1.77951,640.0,667.0,743.0,582.0,578.0,543.0,368.0,367.0,348.0,0.84603,-0.53314,-0.9021,-0.43153,14,2016-05-23,20,870.0,-0.1928,train
2016-05-04,bci_value,954.0,6.86066,1055.0,1117.0,1137.0,1135.0,1085.0,1065.0,744.0,424.0,197.0,212.0,1092.14,64.98,1045.07,86.42,708.37,355.36,448.67,361.58,399.94,310.69,-0.10063,-0.12867,0.24862,1.57746,621.0,640.0,736.0,583.0,582.0,551.0,365.0,368.0,354.0,0.83673,-0.54761,-0.91641,-0.40024,14,2016-05-24,20,848.0,-0.11778,train
2016-05-05,bci_value,915.0,6.81892,954.0,1055.0,1117.0,1160.0,1087.0,1022.0,831.0,466.0,197.0,207.0,1067.57,89.99,1051.07,73.27,732.3,344.11,460.47,365.04,404.29,315.1,-0.04174,-0.17225,0.09629,1.53572,607.0,621.0,727.0,583.0,583.0,558.0,365.0,365.0,356.0,0.82719,-0.56192,-0.92963,-0.36848,14,2016-05-25,20,799.0,-0.13556,train
2016-05-06,bci_value,892.0,6.79347,915.0,954.0,1055.0,1137.0,1135.0,1004.0,949.0,477.0,186.0,207.0,1032.86,103.19,1047.0,80.09,755.83,329.79,471.88,367.63,408.51,319.04,-0.02546,-0.24092,-0.06194,1.56772,591.0,607.0,718.0,582.0,583.0,562.0,359.0,365.0,358.0,0.8174,-0.57607,-0.94176,-0.33629,14,2016-05-26,20,793.0,-0.11764,train
2016-05-09,bci_value,837.0,6.72982,892.0,915.0,954.0,1117.0,1160.0,1085.0,1030.0,562.0,196.0,208.0,986.71,108.11,1033.21,96.72,777.2,313.17,482.37,368.92,412.42,322.09,-0.06364,-0.32635,-0.20749,1.45171,584.0,591.0,704.0,578.0,582.0,564.0,355.0,359.0,362.0,0.7866,-0.61747,-0.9714,-0.23747,14,2016-05-27,18,830.0,-0.0084,train
2016-05-10,bci_value,752.0,6.62274,837.0,892.0,915.0,1055.0,1137.0,1087.0,1065.0,656.0,203.0,206.0,931.71,115.36,1010.86,120.13,795.5,294.58,491.47,368.73,415.57,324.0,-0.10709,-0.41341,-0.34799,1.30953,581.0,584.0,685.0,575.0,578.0,573.0,352.0,355.0,365.0,0.77586,-0.63091,-0.97899,-0.20391,14,2016-05-31,21,854.0,0.12719,train
2016-05-11,bci_value,713.0,6.56948,752.0,837.0,892.0,954.0,1117.0,1135.0,1022.0,733.0,207.0,199.0,874.0,109.11,988.79,142.38,812.37,274.18,500.03,367.8,418.27,325.46,-0.05325,-0.44892,-0.36004,1.23676,583.0,581.0,667.0,567.0,575.0,578.0,349.0,352.0,367.0,0.76489,-0.64416,-0.98542,-0.17012,14,2016-06-01,21,861.0,0.18861,train
2016-05-12,bci_value,724.0,6.58479,713.0,752.0,837.0,915.0,1055.0,1160.0,1004.0,744.0,210.0,204.0,826.71,90.58,968.79,157.68,829.5,251.09,508.7,366.85,421.07,326.99,0.01531,-0.3765,-0.32696,1.23768,589.0,583.0,640.0,560.0,567.0,582.0,347.0,349.0,368.0,0.7537,-0.65722,-0.99069,-0.13612,14,2016-06-02,21,854.0,0.16514,train
2016-05-13,bci_value,798.0,6.68211,724.0,713.0,752.0,892.0,954.0,1137.0,1085.0,744.0,270.0,223.0,804.43,74.23,948.29,159.88,847.1,228.76,518.28,366.77,424.8,329.34,0.09732,-0.17856,-0.30723,1.08369,597.0,589.0,621.0,555.0,560.0,583.0,347.0,347.0,365.0,0.74228,-0.67009,-0.99479,-0.10196,14,2016-06-03,21,913.0,0.13463,train
2016-05-16,bci_value,854.0,6.74993,798.0,724.0,713.0,837.0,915.0,1117.0,1087.0,831.0,345.0,223.0,795.71,63.55,931.64,156.67,864.07,208.91,528.8,367.2,429.1,332.38,0.06782,-0.06899,-0.24125,0.90639,598.0,597.0,607.0,553.0,555.0,583.0,347.0,347.0,365.0,0.70673,-0.70749,-1.0,0.00108,14,2016-06-06,21,922.0,0.07661,train
2016-05-17,bci_value,988.0,6.89568,854.0,798.0,724.0,752.0,892.0,1055.0,1135.0,949.0,424.0,220.0,809.43,88.37,921.14,147.34,882.87,193.25,541.6,369.59,435.64,337.48,0.14575,0.10222,-0.13871,0.84595,604.0,598.0,591.0,552.0,553.0,582.0,345.0,347.0,359.0,0.69445,-0.71954,-0.99937,0.03547,14,2016-06-07,21,920.0,-0.07131,train
2016-05-18,bci_value,954.0,6.86066,988.0,854.0,798.0,713.0,837.0,954.0,1160.0,1030.0,466.0,207.0,826.14,102.01,906.43,132.26,899.13,177.36,554.05,370.69,442.43,341.67,-0.03502,0.13084,-0.19551,0.71648,611.0,604.0,584.0,552.0,552.0,578.0,342.0,345.0,355.0,0.68197,-0.73138,-0.99756,0.06983,14,2016-06-08,21,973.0,0.01972,train
2016-05-19,bci_value,906.0,6.80904,954.0,988.0,854.0,724.0,752.0,915.0,1137.0,1065.0,477.0,197.0,848.14,100.24,889.93,115.86,913.43,159.11,565.87,370.42,449.01,344.82,-0.05162,0.1863,-0.22711,0.64152,617.0,611.0,581.0,553.0,552.0,575.0,342.0,342.0,352.0,0.66929,-0.743,-0.99457,0.1041,14,2016-06-09,21,995.0,0.0937,train
2016-05-20,bci_value,870.0,6.76849,906.0,954.0,988.0,798.0,713.0,892.0,1117.0,1022.0,562.0,189.0,870.57,83.69,872.29,97.25,923.7,145.45,577.22,369.13,455.72,347.06,-0.04055,0.19901,-0.24991,0.43699,614.0,617.0,583.0,558.0,553.0,567.0,343.0,342.0,349.0,0.65641,-0.7544,-0.9904,0.13825,14,2016-06-10,21,1006.0,0.14524,train
2016-05-23,bci_value,870.0,6.76849,870.0,906.0,954.0,854.0,724.0,837.0,1055.0,1004.0,656.0,186.0,891.43,59.16,859.07,83.06,930.83,137.16,588.62,367.43,462.67,349.02,0.0,0.1837,-0.1928,0.28233,611.0,614.0,589.0,562.0,558.0,560.0,344.0,343.0,347.0,0.61662,-0.78726,-0.97088,0.23956,14,2016-06-13,21,1014.0,0.15316,train
2016-05-24,bci_value,848.0,6.74288,870.0,870.0,906.0,988.0,798.0,752.0,954.0,1085.0,733.0,182.0,898.57,49.72,851.5,78.78,934.67,133.12,599.72,365.03,469.59,350.41,-0.02561,0.06077,-0.11778,0.14573,608.0,611.0,597.0,565.0,562.0,555.0,345.0,344.0,347.0,0.60299,-0.79775,-0.96207,0.27281,14,2016-06-14,21,1018.0,0.18271,train
2016-05-25,bci_value,799.0,6.68336,848.0,870.0,870.0,954.0,854.0,713.0,915.0,1087.0,744.0,177.0,890.71,59.52,843.21,77.76,936.5,130.84,610.08,361.7,476.27,350.9,-0.05952,-0.06657,-0.13556,0.07132,596.0,608.0,598.0,568.0,565.0,553.0,346.0,345.0,347.0,0.58918,-0.808,-0.95211,0.30574,14,2016-06-15,21,1000.0,0.22439,train
2016-05-26,bci_value,793.0,6.67582,799.0,848.0,870.0,906.0,988.0,724.0,892.0,1135.0,744.0,174.0,862.86,52.71,836.14,77.51,938.13,128.72,620.4,357.92,482.89,351.19,-0.00754,-0.21986,-0.11764,0.06378,586.0,596.0,604.0,571.0,568.0,552.0,347.0,346.0,345.0,0.57519,-0.81802,-0.94103,0.33831,14,2016-06-16,21,976.0,0.20764,train
2016-05-27,bci_value,830.0,6.72143,793.0,799.0,848.0,870.0,954.0,798.0,837.0,1160.0,831.0,174.0,845.14,37.84,835.64,77.52,938.1,128.75,631.33,354.12,490.06,351.62,0.0456,-0.13924,-0.0084,-0.0012,582.0,586.0,611.0,575.0,571.0,552.0,347.0,347.0,342.0,0.56103,-0.82779,-0.92884,0.37048,14,2016-06-17,21,927.0,0.11053,train
2016-05-31,bci_value,854.0,6.74993,830.0,793.0,799.0,870.0,906.0,854.0,752.0,1137.0,949.0,171.0,837.71,29.31,842.93,74.03,934.93,129.61,642.72,350.09,497.48,352.17,0.02851,-0.05911,0.12719,-0.10548,574.0,582.0,617.0,579.0,575.0,553.0,351.0,347.0,342.0,0.50279,-0.86441,-0.86923,0.4944,14,2016-06-20,20,897.0,0.04912,train
2016-06-01,bci_value,861.0,6.75809,854.0,830.0,793.0,848.0,870.0,988.0,713.0,1117.0,1030.0,166.0,836.43,28.03,853.5,64.7,929.3,129.02,654.3,345.59,504.76,352.84,0.00816,-0.0104,0.18861,-0.17922,568.0,574.0,614.0,580.0,579.0,558.0,355.0,351.0,343.0,0.48785,-0.87293,-0.85171,0.52401,14,2016-06-21,20,873.0,0.01384,train
2016-06-02,bci_value,854.0,6.74993,861.0,854.0,830.0,799.0,870.0,954.0,724.0,1055.0,1065.0,164.0,834.14,25.77,862.79,53.87,922.27,127.17,665.8,340.53,511.7,353.5,-0.00816,-0.01856,0.16514,-0.2208,560.0,568.0,611.0,578.0,580.0,562.0,354.0,355.0,344.0,0.47276,-0.88119,-0.83318,0.553,14,2016-06-22,20,878.0,0.02772,train
2016-06-03,bci_value,913.0,6.81674,854.0,861.0,854.0,793.0,848.0,906.0,798.0,954.0,1022.0,161.0,843.43,37.93,871.0,52.11,918.63,125.82,678.33,335.52,519.02,354.91,0.0668,0.07386,0.13463,-0.11278,550.0,560.0,608.0,575.0,578.0,565.0,349.0,354.0,345.0,0.45753,-0.88919,-0.81367,0.58133,14,2016-06-23,20,897.0,-0.01768,train
2016-06-06,bci_value,922.0,6.82655,913.0,854.0,861.0,830.0,799.0,870.0,854.0,915.0,1004.0,180.0,861.0,41.59,875.86,53.45,915.9,124.82,690.7,330.56,526.58,356.16,0.00981,0.14318,0.07661,-0.0852,544.0,550.0,596.0,574.0,575.0,568.0,345.0,349.0,346.0,0.41105,-0.91161,-0.74944,0.66207,14,2016-06-24,18,913.0,-0.00981,train
2016-06-07,bci_value,920.0,6.82437,922.0,913.0,854.0,854.0,793.0,870.0,988.0,892.0,1085.0,178.0,879.14,35.17,871.0,45.54,910.4,120.82,703.07,324.98,534.19,357.17,-0.00217,0.14855,-0.07131,-0.16496,542.0,544.0,586.0,570.0,574.0,571.0,344.0,345.0,347.0,0.39531,-0.91855,-0.72622,0.68746,14,2016-06-27,20,919.0,-0.00109,train
2016-06-08,bci_value,973.0,6.88038,920.0,922.0,913.0,861.0,830.0,848.0,954.0,837.0,1087.0,178.0,899.57,41.63,872.36,48.2,906.6,116.94,716.32,319.47,542.6,358.49,0.05601,0.15896,0.01972,-0.11079,540.0,542.0,582.0,567.0,570.0,575.0,338.0,344.0,347.0,0.37945,-0.92521,-0.70215,0.71203,14,2016-06-28,20,936.0,-0.03877,train
2016-06-09,bci_value,995.0,6.90274,973.0,920.0,922.0,854.0,854.0,799.0,906.0,752.0,1135.0,176.0,919.71,48.29,878.71,57.24,901.93,110.34,729.97,313.53,551.31,359.85,0.02236,0.15281,0.0937,-0.13165,543.0,540.0,574.0,564.0,567.0,579.0,332.0,338.0,351.0,0.36348,-0.9316,-0.67724,0.73576,14,2016-06-29,20,955.0,-0.04103,train
2016-06-10,bci_value,1006.0,6.91374,995.0,973.0,920.0,913.0,861.0,793.0,870.0,713.0,1160.0,179.0,940.43,49.74,888.43,65.83,896.8,101.43,743.75,307.12,560.08,361.2,0.01099,0.15564,0.14524,-0.14244,543.0,543.0,568.0,560.0,564.0,580.0,327.0,332.0,355.0,0.3474,-0.93772,-0.65153,0.75862,14,2016-06-30,20,996.0,-0.00999,train
2016-06-13,bci_value,1014.0,6.92166,1006.0,995.0,973.0,922.0,854.0,830.0,870.0,724.0,1137.0,186.0,963.29,40.71,898.71,73.01,892.7,93.84,757.55,300.27,568.93,362.45,0.00792,0.17173,0.15316,-0.11449,542.0,543.0,560.0,557.0,560.0,578.0,322.0,327.0,354.0,0.29857,-0.95439,-0.5699,0.82171,14,2016-07-01,18,1030.0,0.01566,train
2016-06-14,bci_value,1018.0,6.9256,1014.0,1006.0,995.0,920.0,913.0,854.0,848.0,798.0,1117.0,172.0,978.29,38.72,910.86,77.56,889.4,87.42,771.65,292.2,577.92,363.44,0.00394,0.10886,0.18271,-0.09281,543.0,542.0,550.0,554.0,557.0,575.0,317.0,322.0,349.0,0.28211,-0.95938,-0.5413,0.84083,14,2016-07-04,20,1049.0,0.03,train
2016-06-15,bci_value,1000.0,6.90776,1018.0,1014.0,1006.0,973.0,922.0,861.0,799.0,854.0,1055.0,178.0,989.43,31.46,925.21,74.05,887.57,84.45,785.35,283.18,586.72,363.97,-0.01784,0.08121,0.22439,-0.05354,545.0,543.0,544.0,552.0,554.0,574.0,315.0,317.0,345.0,0.26556,-0.96409,-0.51206,0.85895,14,2016-07-05,20,1034.0,0.03343,train
2016-06-16,bci_value,976.0,6.88346,1000.0,1018.0,1014.0,995.0,920.0,854.0,793.0,988.0,954.0,197.0,997.43,16.21,938.29,65.18,888.3,85.12,798.33,273.6,595.21,364.04,-0.02429,0.05909,0.20764,0.0228,545.0,545.0,542.0,552.0,552.0,570.0,314.0,315.0,344.0,0.24894,-0.96852,-0.48221,0.87606,14,2016-07-06,20,1019.0,0.04311,train
2016-06-17,bci_value,927.0,6.83195,976.0,1000.0,1018.0,1006.0,973.0,913.0,830.0,954.0,915.0,197.0,990.86,29.03,945.21,58.06,888.7,85.27,810.5,262.6,603.21,363.33,-0.05151,-0.04843,0.11053,0.01303,546.0,545.0,540.0,554.0,552.0,567.0,311.0,314.0,338.0,0.23224,-0.97266,-0.45179,0.89213,14,2016-07-07,20,1008.0,0.08377,train
2016-06-20,bci_value,897.0,6.79906,927.0,976.0,1000.0,1014.0,995.0,922.0,854.0,906.0,892.0,186.0,976.86,43.62,948.29,54.16,888.87,85.28,822.35,249.88,610.88,362.17,-0.0329,-0.10369,0.04912,0.00559,546.0,546.0,543.0,555.0,554.0,564.0,312.0,311.0,332.0,0.18176,-0.98334,-0.35746,0.93393,14,2016-07-08,18,1002.0,0.1107,train
2016-06-21,bci_value,873.0,6.77194,897.0,927.0,976.0,1018.0,1006.0,920.0,861.0,870.0,837.0,196.0,957.86,54.42,949.14,52.86,890.07,84.8,833.63,236.26,618.27,360.65,-0.02712,-0.1418,0.01384,0.04211,548.0,546.0,543.0,559.0,555.0,560.0,315.0,312.0,327.0,0.16482,-0.98632,-0.32513,0.94567,14,2016-07-11,20,991.0,0.12678,train
2016-06-22,bci_value,878.0,6.77765,873.0,897.0,927.0,1000.0,1014.0,973.0,854.0,870.0,752.0,203.0,938.43,55.18,950.86,50.06,894.27,80.89,844.88,221.58,625.73,358.99,0.00571,-0.14401,0.02772,0.15491,556.0,548.0,542.0,563.0,559.0,557.0,318.0,315.0,322.0,0.14783,-0.98901,-0.29241,0.95629,14,2016-07-12,20,987.0,0.11702,train
2016-06-23,bci_value,897.0,6.79906,878.0,873.0,897.0,976.0,1018.0,995.0,913.0,848.0,713.0,207.0,921.14,45.68,949.71,51.08,900.4,73.55,856.38,205.5,633.49,357.23,0.02141,-0.12654,-0.01768,0.22957,569.0,556.0,543.0,570.0,563.0,554.0,322.0,318.0,317.0,0.13079,-0.99141,-0.25934,0.96579,14,2016-07-13,20,1010.0,0.11865,train
2016-06-24,bci_value,913.0,6.81674,897.0,878.0,873.0,927.0,1000.0,1006.0,922.0,799.0,724.0,210.0,908.71,32.46,949.07,51.48,906.7,65.86,868.1,187.57,641.37,355.48,0.01768,-0.09102,-0.00981,0.23194,585.0,569.0,545.0,577.0,570.0,552.0,329.0,322.0,315.0,0.11372,-0.99351,-0.22596,0.97414,14,2016-07-14,20,1020.0,0.11082,train
2016-06-27,bci_value,919.0,6.82329,913.0,897.0,878.0,897.0,976.0,1014.0,920.0,793.0,798.0,270.0,900.57,18.85,949.0,51.52,910.73,62.71,878.92,170.72,649.1,353.86,0.00655,-0.06018,-0.00109,0.14118,601.0,585.0,545.0,583.0,577.0,552.0,331.0,329.0,314.0,0.06232,-0.99806,-0.12439,0.99223,14,2016-07-15,18,1023.0,0.10721,train
2016-06-28,bci_value,936.0,6.84162,919.0,913.0,897.0,873.0,927.0,1018.0,973.0,830.0,854.0,345.0,901.86,20.82,946.36,51.17,913.47,61.96,888.77,156.05,657.02,352.21,0.01833,0.00966,-0.03877,0.09168,618.0,601.0,546.0,587.0,583.0,554.0,336.0,331.0,311.0,0.04514,-0.99898,-0.09019,0.99592,14,2016-07-18,20,1016.0,0.08201,train
2016-06-29,bci_value,955.0,6.86171,936.0,919.0,913.0,878.0,897.0,1000.0,995.0,854.0,988.0,424.0,910.14,27.65,943.5,49.46,912.37,60.92,897.62,144.04,665.19,350.5,0.0201,0.06266,-0.04103,-0.03397,634.0,618.0,546.0,593.0,587.0,555.0,338.0,336.0,312.0,0.02795,-0.99961,-0.05588,0.99844,14,2016-07-19,20,986.0,0.03195,train
2016-06-30,bci_value,996.0,6.90375,955.0,936.0,919.0,897.0,873.0,976.0,1006.0,861.0,954.0,466.0,927.71,36.22,942.79,48.62,913.77,62.32,906.45,133.13,673.96,348.79,0.04204,0.13181,-0.00999,0.04308,662.0,634.0,548.0,606.0,593.0,559.0,342.0,338.0,315.0,0.01075,-0.99994,-0.0215,0.99977,14,2016-07-20,20,937.0,-0.06106,train
2016-07-01,bci_value,1030.0,6.93731,996.0,955.0,936.0,913.0,878.0,927.0,1014.0,854.0,906.0,477.0,949.43,44.52,943.93,50.43,917.9,65.69,915.67,121.74,683.21,347.06,0.03357,0.15967,0.01566,0.12827,691.0,662.0,556.0,619.0,606.0,563.0,344.0,342.0,318.0,-0.00645,-0.99998,0.0129,0.99992,14,2016-07-21,20,906.0,-0.12827,train
2016-07-04,bci_value,1049.0,6.95559,1030.0,996.0,955.0,919.0,897.0,897.0,1018.0,913.0,870.0,562.0,971.14,50.34,946.14,54.18,923.87,69.11,923.78,113.87,692.77,345.16,0.01828,0.15654,0.03,0.1871,710.0,691.0,569.0,627.0,619.0,570.0,347.0,344.0,322.0,-0.05803,-0.99832,0.11586,0.99327,14,2016-07-22,18,895.0,-0.15877,train
2016-07-05,bci_value,1034.0,6.94119,1049.0,1030.0,996.0,936.0,913.0,873.0,1000.0,922.0,870.0,656.0,988.43,48.13,948.57,57.22,929.33,71.09,930.08,109.24,702.19,342.76,-0.0144,0.12445,0.03343,0.1727,735.0,710.0,585.0,633.0,627.0,577.0,349.0,347.0,329.0,-0.07519,-0.99717,0.14995,0.98869,14,2016-07-25,20,877.0,-0.16468,train
2016-07-06,bci_value,1019.0,6.92658,1034.0,1049.0,1030.0,955.0,919.0,878.0,976.0,920.0,848.0,733.0,1002.71,39.47,951.64,59.71,935.03,71.2,934.85,106.75,711.49,339.86,-0.01461,0.10329,0.04311,0.1837,755.0,735.0,601.0,637.0,633.0,583.0,349.0,349.0,331.0,-0.09233,-0.99573,0.18387,0.98295,14,2016-07-26,20,841.0,-0.19199,train
2016-07-07,bci_value,1008.0,6.91572,1019.0,1034.0,1049.0,996.0,936.0,897.0,927.0,973.0,799.0,744.0,1013.0,28.64,957.43,60.95,942.0,67.68,939.25,104.2,720.72,336.49,-0.01085,0.07411,0.08377,0.23236,779.0,755.0,618.0,639.0,637.0,587.0,352.0,349.0,336.0,-0.10945,-0.99399,0.21758,0.97604,14,2016-07-27,20,803.0,-0.22737,train
2016-07-08,bci_value,1002.0,6.90975,1008.0,1019.0,1034.0,1030.0,955.0,913.0,897.0,995.0,793.0,744.0,1019.71,17.65,964.93,59.49,948.97,62.55,943.55,101.34,729.92,332.71,-0.00597,0.04804,0.1107,0.23393,792.0,779.0,634.0,644.0,639.0,593.0,354.0,352.0,338.0,-0.12653,-0.99196,0.25102,0.96798,14,2016-07-28,20,780.0,-0.25046,train
2016-07-11,bci_value,991.0,6.89871,1002.0,1008.0,1019.0,1049.0,996.0,919.0,873.0,1006.0,830.0,831.0,1019.0,18.67,973.36,53.98,954.33,58.91,946.22,100.44,739.0,328.54,-0.01104,-0.00503,0.12678,0.17729,799.0,792.0,662.0,647.0,644.0,606.0,356.0,354.0,342.0,-0.17753,-0.98412,0.34942,0.93697,14,2016-07-29,18,768.0,-0.25492,train
2016-07-12,bci_value,987.0,6.89467,991.0,1002.0,1008.0,1034.0,1030.0,936.0,878.0,1014.0,854.0,949.0,1012.86,20.97,981.14,47.08,958.77,56.13,946.85,100.58,748.07,323.97,-0.00404,-0.04264,0.11702,0.14474,809.0,799.0,691.0,651.0,647.0,619.0,358.0,356.0,344.0,-0.19443,-0.98092,0.38144,0.92439,14,2016-08-01,20,757.0,-0.26531,train
2016-07-13,bci_value,1010.0,6.91771,987.0,991.0,1002.0,1019.0,1049.0,955.0,897.0,1018.0,861.0,1030.0,1007.29,14.94,989.21,41.3,963.73,53.81,946.52,100.34,757.44,319.16,0.02304,-0.03789,0.11865,0.15961,819.0,809.0,710.0,666.0,651.0,627.0,360.0,358.0,347.0,-0.21128,-0.97743,0.41301,0.91073,14,2016-08-02,20,757.0,-0.28834,train
2016-07-14,bci_value,1020.0,6.92756,1010.0,987.0,991.0,1008.0,1034.0,996.0,913.0,1000.0,854.0,1065.0,1005.29,11.85,996.86,36.05,969.27,50.68,945.77,99.61,766.96,314.05,0.00985,-0.01363,0.11082,0.17763,842.0,819.0,735.0,679.0,666.0,633.0,361.0,360.0,349.0,-0.22806,-0.97365,0.4441,0.89598,14,2016-08-03,20,758.0,-0.29687,train
2016-07-15,bci_value,1023.0,6.93049,1020.0,1010.0,987.0,1002.0,1019.0,1030.0,919.0,976.0,913.0,1022.0,1005.86,12.57,1004.29,29.33,972.93,50.46,945.78,99.63,776.53,308.52,0.00294,0.00392,0.10721,0.11376,863.0,842.0,755.0,686.0,679.0,637.0,363.0,361.0,349.0,-0.24477,-0.96958,0.47465,0.88017,14,2016-08-04,20,759.0,-0.29849,train
2016-07-18,bci_value,1016.0,6.92363,1023.0,1020.0,1010.0,991.0,1008.0,1049.0,936.0,927.0,922.0,1004.0,1007.0,13.07,1010.0,22.46,976.07,50.12,945.98,99.76,785.82,302.96,-0.00687,0.00791,0.08201,0.09708,874.0,863.0,779.0,693.0,686.0,639.0,366.0,363.0,352.0,-0.29446,-0.95566,0.56281,0.82658,14,2016-08-05,18,770.0,-0.27724,train
2016-07-19,bci_value,986.0,6.89366,1016.0,1023.0,1020.0,987.0,1002.0,1034.0,955.0,897.0,920.0,1085.0,1004.71,15.0,1012.21,18.02,978.27,49.04,944.33,98.25,794.8,296.72,-0.02997,-0.0161,0.03195,0.06928,879.0,874.0,792.0,697.0,693.0,644.0,371.0,366.0,354.0,-0.31086,-0.95046,0.59091,0.80674,14,2016-08-08,20,777.0,-0.23822,train
2016-07-20,bci_value,937.0,6.84268,986.0,1016.0,1023.0,1010.0,991.0,1019.0,996.0,873.0,973.0,1087.0,997.0,28.17,1008.0,26.31,977.07,49.6,941.83,96.48,803.23,289.77,-0.05097,-0.05603,-0.06106,-0.0377,872.0,879.0,799.0,700.0,697.0,647.0,376.0,371.0,356.0,-0.32716,-0.94497,0.61831,0.78593,14,2016-08-09,20,770.0,-0.19629,train
2016-07-21,bci_value,906.0,6.80904,937.0,986.0,1016.0,1020.0,987.0,1008.0,1030.0,878.0,995.0,1135.0,985.43,42.76,999.14,36.36,974.1,51.07,938.02,93.24,811.34,282.22,-0.03364,-0.08563,-0.12827,-0.0937,850.0,872.0,809.0,702.0,700.0,651.0,379.0,376.0,358.0,-0.34337,-0.9392,0.64498,0.7642,14,2016-08-10,20,795.0,-0.1307,train
2016-07-22,bci_value,895.0,6.79682,906.0,937.0,986.0,1023.0,1010.0,1002.0,1049.0,897.0,1006.0,1160.0,969.0,51.39,988.14,42.41,970.4,52.63,933.6,88.79,819.3,274.26,-0.01222,-0.12088,-0.15877,-0.11691,827.0,850.0,819.0,701.0,702.0,666.0,383.0,379.0,360.0,-0.35947,-0.93316,0.67089,0.74156,14,2016-08-11,20,833.0,-0.07179,train
2016-07-25,bci_value,877.0,6.77651,895.0,906.0,937.0,1016.0,1020.0,991.0,1034.0,913.0,1014.0,1137.0,948.57,55.32,976.93,49.04,965.83,54.55,929.27,85.02,826.98,265.97,-0.02032,-0.15105,-0.16468,-0.14515,806.0,827.0,842.0,698.0,701.0,679.0,386.0,383.0,361.0,-0.40713,-0.91337,0.74372,0.66849,14,2016-08-12,18,891.0,0.01584,train
2016-07-26,bci_value,841.0,6.73459,877.0,895.0,906.0,986.0,1023.0,987.0,1019.0,919.0,1018.0,1117.0,922.57,56.98,964.21,58.62,959.93,58.05,924.67,82.16,834.41,256.75,-0.04192,-0.1959,-0.19199,-0.191,784.0,806.0,863.0,697.0,698.0,686.0,390.0,386.0,363.0,-0.42278,-0.90623,0.76627,0.64251,14,2016-08-15,20,920.0,0.08978,train
2016-07-27,bci_value,803.0,6.68835,841.0,877.0,895.0,937.0,1016.0,1010.0,1008.0,936.0,1000.0,1055.0,892.14,55.82,949.57,70.3,953.37,63.99,920.47,81.83,841.36,247.18,-0.04624,-0.23527,-0.22737,-0.2194,752.0,784.0,874.0,690.0,697.0,693.0,392.0,390.0,366.0,-0.43831,-0.89883,0.78792,0.61577,14,2016-08-16,20,926.0,0.14252,train
2016-07-28,bci_value,780.0,6.65929,803.0,841.0,877.0,906.0,986.0,1020.0,1002.0,955.0,976.0,954.0,862.71,52.8,933.71,80.92,946.83,70.97,917.57,83.65,847.83,237.66,-0.02906,-0.23436,-0.25046,-0.22417,719.0,752.0,879.0,684.0,690.0,697.0,396.0,392.0,371.0,-0.4537,-0.89115,0.80864,0.58831,14,2016-08-17,20,885.0,0.12629,train
2016-07-29,bci_value,768.0,6.64379,780.0,803.0,841.0,895.0,937.0,1023.0,991.0,996.0,927.0,915.0,838.57,51.95,917.79,89.56,941.53,77.85,915.12,85.81,854.18,227.61,-0.0155,-0.19889,-0.25492,-0.18816,692.0,719.0,872.0,676.0,684.0,700.0,399.0,396.0,376.0,-0.46897,-0.88322,0.8284,0.56014,14,2016-08-18,20,852.0,0.1038,train
2016-08-01,bci_value,757.0,6.62936,768.0,780.0,803.0,877.0,906.0,1016.0,987.0,1030.0,897.0,892.0,817.29,50.46,901.36,96.21,936.87,84.31,912.87,88.13,860.52,216.59,-0.01443,-0.17968,-0.26531,-0.16969,673.0,692.0,850.0,671.0,676.0,702.0,401.0,399.0,379.0,-0.5139,-0.85785,0.8817,0.47181,14,2016-08-19,18,843.0,0.1076,train
2016-08-02,bci_value,757.0,6.62936,757.0,768.0,780.0,841.0,895.0,986.0,1010.0,1049.0,873.0,837.0,797.57,42.59,883.29,97.85,933.0,89.64,911.53,89.86,866.76,205.15,0.0,-0.16746,-0.28834,-0.14257,658.0,673.0,827.0,667.0,671.0,701.0,400.0,401.0,383.0,-0.52858,-0.84888,0.89741,0.4412,14,2016-08-22,20,848.0,0.11352,train
2016-08-03,bci_value,758.0,6.63068,757.0,757.0,768.0,803.0,877.0,937.0,1020.0,1034.0,878.0,752.0,780.57,29.11,864.57,94.92,929.0,94.55,911.63,89.68,872.92,193.09,0.00132,-0.14582,-0.29687,-0.14696,648.0,658.0,806.0,663.0,667.0,698.0,397.0,400.0,386.0,-0.54311,-0.83966,0.91205,0.41007,14,2016-08-23,20,861.0,0.12741,train
2016-08-04,bci_value,759.0,6.632,758.0,757.0,757.0,780.0,841.0,906.0,1023.0,1019.0,897.0,713.0,768.86,15.98,845.71,87.51,924.4,99.24,912.4,88.16,879.06,180.18,0.00132,-0.10259,-0.29849,-0.16705,641.0,648.0,784.0,660.0,663.0,697.0,395.0,397.0,390.0,-0.55747,-0.8302,0.92562,0.37846,14,2016-08-24,20,910.0,0.18144,train
2016-08-05,bci_value,770.0,6.64639,759.0,758.0,757.0,768.0,803.0,895.0,1016.0,1008.0,913.0,724.0,764.14,8.17,828.14,75.41,919.63,103.03,913.17,86.71,885.28,166.08,0.01439,-0.04196,-0.27724,-0.17035,640.0,641.0,752.0,654.0,660.0,690.0,394.0,395.0,392.0,-0.57167,-0.82049,0.93809,0.34639,14,2016-08-25,20,974.0,0.23502,train
2016-08-08,bci_value,777.0,6.65544,770.0,759.0,758.0,757.0,780.0,877.0,986.0,1002.0,919.0,798.0,763.71,7.36,813.21,62.22,914.9,106.17,912.82,87.22,890.91,153.22,0.00905,-0.00385,-0.23822,-0.16785,638.0,640.0,719.0,647.0,654.0,684.0,392.0,394.0,396.0,-0.61323,-0.7899,0.96879,0.2479,14,2016-08-26,18,1001.0,0.25331,train
2016-08-09,bci_value,770.0,6.64639,777.0,770.0,759.0,757.0,768.0,841.0,937.0,991.0,936.0,854.0,764.0,7.56,801.29,52.61,909.37,109.2,911.42,88.81,895.63,142.49,-0.00905,0.0026,-0.19629,-0.19522,642.0,638.0,692.0,645.0,647.0,676.0,389.0,392.0,399.0,-0.62673,-0.77924,0.97674,0.21443,14,2016-08-30,21,986.0,0.24727,train
2016-08-10,bci_value,795.0,6.67834,770.0,777.0,770.0,758.0,757.0,803.0,906.0,987.0,955.0,988.0,769.43,12.57,793.36,43.87,904.03,110.74,908.2,89.47,899.76,133.9,0.03195,0.04898,-0.1307,-0.18337,659.0,642.0,673.0,642.0,645.0,671.0,391.0,389.0,401.0,-0.64004,-0.76834,0.98354,0.1807,14,2016-08-31,21,978.0,0.20717,train
2016-08-11,bci_value,833.0,6.72503,795.0,770.0,777.0,759.0,757.0,780.0,895.0,1010.0,996.0,954.0,780.29,24.4,788.93,35.77,898.6,110.09,906.18,89.78,903.83,125.98,0.04669,0.09567,-0.07179,-0.17871,687.0,659.0,658.0,639.0,642.0,667.0,394.0,391.0,400.0,-0.65316,-0.75722,0.98917,0.14676,14,2016-09-01,21,1002.0,0.18472,train
2016-08-12,bci_value,891.0,6.79234,833.0,795.0,770.0,770.0,758.0,768.0,877.0,1020.0,1030.0,906.0,799.29,43.75,789.93,38.32,893.97,107.36,905.93,89.8,908.43,117.59,0.06731,0.16166,0.01584,-0.14497,703.0,687.0,648.0,640.0,639.0,663.0,396.0,394.0,397.0,-0.66609,-0.74587,0.99363,0.11265,14,2016-09-02,21,1054.0,0.168,train
2016-08-15,bci_value,920.0,6.82437,891.0,833.0,795.0,777.0,759.0,757.0,841.0,1023.0,1049.0,870.0,822.29,56.88,795.57,49.59,889.67,103.58,906.77,89.69,912.41,111.71,0.03203,0.19237,0.08978,-0.13122,713.0,703.0,641.0,643.0,640.0,660.0,399.0,396.0,395.0,-0.70368,-0.71052,0.99995,0.00968,14,2016-09-05,21,1079.0,0.15942,train
2016-08-16,bci_value,926.0,6.83087,920.0,891.0,833.0,770.0,770.0,757.0,803.0,1016.0,1034.0,870.0,844.57,62.33,804.36,59.94,886.07,100.32,907.7,89.6,915.41,108.36,0.0065,0.18448,0.14252,-0.11032,721.0,713.0,640.0,646.0,643.0,654.0,403.0,399.0,394.0,-0.7158,-0.69831,0.99969,-0.02473,14,2016-09-06,21,1182.0,0.24409,train
2016-08-17,bci_value,885.0,6.78559,926.0,920.0,891.0,795.0,777.0,758.0,780.0,986.0,1019.0,848.0,860.0,56.82,811.86,62.92,881.6,97.24,908.32,89.31,917.1,106.67,-0.04529,0.13015,0.12629,-0.14099,726.0,721.0,638.0,652.0,646.0,647.0,405.0,403.0,392.0,-0.7277,-0.68589,0.99825,-0.0591,14,2016-09-07,21,1371.0,0.43771,train
2016-08-18,bci_value,852.0,6.74759,885.0,926.0,920.0,833.0,770.0,759.0,768.0,937.0,1008.0,799.0,871.71,44.08,817.86,62.45,876.4,94.48,909.2,88.48,918.3,105.32,-0.038,0.1012,0.1038,-0.16814,727.0,726.0,642.0,666.0,652.0,645.0,407.0,405.0,389.0,-0.73939,-0.67327,0.99563,-0.0934,14,2016-09-08,21,1478.0,0.55086,train
2016-08-19,bci_value,843.0,6.73697,852.0,885.0,926.0,891.0,795.0,770.0,757.0,906.0,1002.0,793.0,878.57,34.25,824.0,60.36,871.1,91.7,910.03,87.62,919.4,104.0,-0.01062,0.05862,0.1076,-0.17279,727.0,727.0,659.0,677.0,666.0,642.0,412.0,407.0,391.0,-0.75086,-0.66046,0.99183,-0.12759,14,2016-09-09,21,1566.0,0.61931,train
2016-08-22,bci_value,848.0,6.74288,843.0,852.0,885.0,920.0,833.0,777.0,757.0,895.0,991.0,830.0,880.71,31.7,830.5,57.63,866.33,89.02,910.33,87.37,919.59,103.85,0.00591,0.01785,0.11352,-0.15583,721.0,727.0,687.0,686.0,677.0,639.0,416.0,412.0,394.0,-0.78393,-0.62084,0.9734,-0.2291,14,2016-09-12,21,1581.0,0.62293,train
2016-08-23,bci_value,861.0,6.75809,848.0,843.0,852.0,926.0,891.0,770.0,758.0,877.0,987.0,854.0,876.43,32.05,837.86,54.39,862.13,86.16,910.45,87.3,918.61,103.99,0.01521,-0.03425,0.12741,-0.13658,714.0,721.0,703.0,694.0,686.0,640.0,420.0,416.0,396.0,-0.7945,-0.60727,0.96495,-0.26245,14,2016-09-13,21,1607.0,0.62403,train
2016-08-24,bci_value,910.0,6.81344,861.0,848.0,843.0,885.0,920.0,795.0,759.0,841.0,1010.0,861.0,875.0,30.25,848.64,52.63,858.8,82.21,911.27,87.06,917.28,103.32,0.05535,-0.01093,0.18144,-0.10426,706.0,714.0,713.0,702.0,694.0,643.0,425.0,420.0,399.0,-0.80483,-0.59351,0.95535,-0.29549,14,2016-09-14,21,1444.0,0.46173,train
2016-08-25,bci_value,974.0,6.88141,910.0,861.0,848.0,852.0,926.0,833.0,770.0,803.0,1020.0,854.0,881.86,43.55,863.21,56.9,857.27,79.58,913.27,87.1,916.27,102.31,0.06797,0.05054,0.23502,-0.04615,700.0,706.0,721.0,712.0,702.0,646.0,428.0,425.0,403.0,-0.81492,-0.57958,0.94462,-0.32818,14,2016-09-15,21,1487.0,0.4231,train
2016-08-26,bci_value,1001.0,6.90875,974.0,910.0,861.0,843.0,885.0,891.0,777.0,780.0,1023.0,913.0,898.43,60.4,879.21,61.7,856.53,78.14,914.73,87.82,916.03,102.09,0.02734,0.12317,0.25331,-0.02174,687.0,700.0,726.0,715.0,712.0,652.0,431.0,428.0,405.0,-0.82477,-0.56548,0.93277,-0.36047,14,2016-09-16,21,1680.0,0.51779,train
2016-08-30,bci_value,986.0,6.89366,1001.0,974.0,910.0,848.0,852.0,920.0,770.0,768.0,1016.0,922.0,917.57,63.79,894.64,59.43,855.53,76.26,915.8,88.29,915.83,101.93,-0.0151,0.14607,0.24727,-0.02997,674.0,687.0,727.0,719.0,715.0,666.0,432.0,431.0,407.0,-0.86169,-0.50743,0.8745,-0.48503,14,2016-09-19,20,1853.0,0.6309,train
2016-08-31,bci_value,978.0,6.88551,986.0,1001.0,974.0,861.0,843.0,926.0,795.0,757.0,986.0,920.0,936.86,58.52,907.71,56.11,855.27,75.82,916.77,88.65,914.64,100.57,-0.00815,0.14854,0.20717,-0.00815,660.0,674.0,727.0,721.0,719.0,677.0,432.0,432.0,412.0,-0.87029,-0.49253,0.8573,-0.51482,14,2016-09-20,20,1964.0,0.69723,train
2016-09-01,bci_value,1002.0,6.90975,978.0,986.0,1001.0,910.0,848.0,885.0,833.0,757.0,937.0,973.0,958.86,49.18,919.79,56.91,857.43,78.98,917.25,89.03,913.7,99.34,0.02424,0.16687,0.18472,0.06707,652.0,660.0,721.0,723.0,721.0,686.0,433.0,432.0,416.0,-0.87864,-0.47749,0.83908,-0.54401,14,2016-09-21,20,2118.0,0.74847,train
2016-09-02,bci_value,1054.0,6.96035,1002.0,978.0,986.0,974.0,861.0,852.0,891.0,758.0,906.0,995.0,986.43,39.8,931.43,65.81,862.37,86.16,918.23,90.21,912.8,97.68,0.05059,0.20225,0.168,0.15131,644.0,652.0,714.0,721.0,723.0,694.0,432.0,433.0,420.0,-0.88672,-0.4623,0.81987,-0.57255,14,2016-09-22,20,2389.0,0.81828,train
2016-09-05,bci_value,1079.0,6.98379,1054.0,1002.0,978.0,1001.0,910.0,843.0,920.0,759.0,895.0,1006.0,1010.57,37.29,942.79,75.81,868.5,94.42,919.45,91.86,911.9,95.75,0.02344,0.17035,0.15942,0.18697,640.0,644.0,706.0,718.0,721.0,702.0,429.0,432.0,425.0,-0.90939,-0.41595,0.75652,-0.65397,14,2016-09-23,18,2383.0,0.79233,train
2016-09-06,bci_value,1182.0,7.07496,1079.0,1054.0,1002.0,986.0,974.0,848.0,926.0,770.0,877.0,1014.0,1040.29,67.19,961.07,97.37,878.67,109.93,922.25,97.11,912.4,97.04,0.09117,0.19355,0.24409,0.29846,641.0,640.0,700.0,714.0,718.0,712.0,425.0,429.0,428.0,-0.91641,-0.40024,0.73357,-0.67961,14,2016-09-26,20,2325.0,0.67651,train
2016-09-07,bci_value,1371.0,7.2233,1182.0,1079.0,1054.0,978.0,1001.0,861.0,885.0,777.0,841.0,1018.0,1093.14,130.86,995.79,140.94,896.33,140.73,928.13,112.24,915.22,106.21,0.14833,0.31454,0.43771,0.4887,648.0,641.0,687.0,702.0,714.0,715.0,422.0,425.0,431.0,-0.92316,-0.38442,0.70976,-0.70444,14,2016-09-27,20,2298.0,0.5165,train
2016-09-08,bci_value,1478.0,7.29845,1371.0,1182.0,1079.0,1002.0,986.0,910.0,852.0,770.0,803.0,1000.0,1163.43,178.06,1040.5,181.65,918.83,174.03,936.1,132.24,919.92,120.66,0.07515,0.40479,0.55086,0.61009,655.0,648.0,674.0,694.0,702.0,719.0,420.0,422.0,432.0,-0.92963,-0.36848,0.68511,-0.72844,14,2016-09-28,20,2196.0,0.39595,train
2016-09-09,bci_value,1566.0,7.35628,1478.0,1371.0,1182.0,1054.0,978.0,974.0,843.0,795.0,780.0,976.0,1247.43,207.1,1092.14,217.42,945.03,207.17,945.93,154.85,926.72,138.34,0.05783,0.47077,0.61931,0.69699,658.0,655.0,660.0,688.0,694.0,721.0,419.0,420.0,432.0,-0.93583,-0.35244,0.65965,-0.75157,14,2016-09-29,20,2067.0,0.27757,train
2016-09-12,bci_value,1581.0,7.36581,1566.0,1478.0,1371.0,1079.0,1002.0,1001.0,848.0,833.0,768.0,927.0,1330.14,208.18,1144.5,239.46,972.13,233.71,956.83,174.86,934.12,154.4,0.00953,0.45606,0.62293,0.72202,659.0,658.0,652.0,681.0,688.0,723.0,417.0,419.0,433.0,-0.95277,-0.3037,0.5787,-0.81554,14,2016-09-30,18,2008.0,0.23908,train
2016-09-13,bci_value,1607.0,7.38212,1581.0,1566.0,1478.0,1182.0,1054.0,986.0,861.0,891.0,757.0,897.0,1409.14,192.75,1197.79,253.06,1000.47,256.34,968.67,193.44,942.07,169.67,0.01631,0.42178,0.62403,0.75276,656.0,659.0,644.0,671.0,681.0,721.0,415.0,417.0,432.0,-0.95785,-0.28726,0.55031,-0.83496,14,2016-10-03,20,1971.0,0.20417,train
2016-09-14,bci_value,1444.0,7.27517,1607.0,1581.0,1566.0,1371.0,1079.0,978.0,910.0,920.0,757.0,873.0,1461.29,137.97,1235.93,246.98,1023.37,264.14,978.18,202.34,948.81,177.25,-0.10695,0.29138,0.46173,0.64581,649.0,656.0,640.0,665.0,671.0,718.0,415.0,415.0,429.0,-0.96265,-0.27074,0.52126,-0.8534,14,2016-10-04,20,1970.0,0.31062,train
2016-09-15,bci_value,1487.0,7.30452,1444.0,1607.0,1581.0,1478.0,1182.0,1002.0,974.0,926.0,758.0,878.0,1504.86,78.04,1272.57,243.43,1047.67,272.02,988.33,212.1,956.98,184.77,0.02934,0.22955,0.4231,0.67383,645.0,649.0,641.0,661.0,665.0,714.0,415.0,415.0,425.0,-0.96717,-0.25414,0.4916,-0.87082,14,2016-10-05,20,2012.0,0.30237,train
2016-09-16,bci_value,1680.0,7.42655,1487.0,1444.0,1607.0,1566.0,1371.0,1054.0,1001.0,885.0,759.0,897.0,1549.0,77.23,1321.07,251.98,1078.37,289.14,1001.38,229.46,967.72,197.92,0.12203,0.20325,0.51779,0.79455,646.0,645.0,648.0,660.0,661.0,702.0,415.0,415.0,422.0,-0.9714,-0.23747,0.46135,-0.88722,14,2016-10-06,20,2218.0,0.27781,train
2016-09-19,bci_value,1853.0,7.52456,1680.0,1487.0,1444.0,1581.0,1478.0,1079.0,986.0,852.0,770.0,913.0,1602.57,124.8,1383.0,268.05,1114.47,314.85,1017.05,253.7,980.27,216.94,0.09801,0.22612,0.6309,0.87817,650.0,646.0,655.0,661.0,660.0,694.0,416.0,415.0,420.0,-0.98235,-0.18704,0.36748,-0.93003,14,2016-10-07,18,2245.0,0.1919,train
2016-09-20,bci_value,1964.0,7.58274,1853.0,1680.0,1487.0,1607.0,1566.0,1182.0,978.0,843.0,777.0,919.0,1659.43,175.54,1453.43,281.58,1154.03,343.26,1034.47,280.79,993.22,239.33,0.05818,0.22646,0.69723,0.9273,657.0,650.0,658.0,660.0,661.0,688.0,417.0,416.0,419.0,-0.98542,-0.17012,0.33528,-0.94212,14,2016-10-10,20,2235.0,0.12926,train
2016-09-21,bci_value,2118.0,7.65823,1964.0,1853.0,1680.0,1444.0,1581.0,1371.0,1002.0,848.0,770.0,936.0,1736.14,232.58,1533.14,299.87,1198.97,376.65,1054.17,312.83,1007.27,266.31,0.07549,0.29241,0.74847,1.01184,673.0,657.0,659.0,662.0,660.0,681.0,418.0,417.0,417.0,-0.9882,-0.15314,0.30267,-0.9531,14,2016-10-11,20,2235.0,0.05377,train
2016-09-22,bci_value,2389.0,7.77863,2118.0,1964.0,1853.0,1487.0,1607.0,1478.0,1054.0,861.0,795.0,955.0,1847.86,316.41,1628.5,341.69,1252.1,425.22,1078.07,356.12,1022.83,303.13,0.1204,0.39651,0.81828,1.10029,700.0,673.0,656.0,688.0,662.0,671.0,420.0,418.0,415.0,-0.99069,-0.13612,0.26971,-0.96294,14,2016-10-12,20,2154.0,-0.10355,train
2016-09-23,bci_value,2383.0,7.77612,2389.0,2118.0,1964.0,1680.0,1444.0,1566.0,1079.0,910.0,833.0,996.0,1982.0,315.81,1721.64,356.61,1303.77,463.59,1101.18,393.14,1038.71,334.87,-0.00251,0.50094,0.79233,1.05108,722.0,700.0,649.0,671.0,688.0,665.0,421.0,420.0,415.0,-0.99289,-0.11906,0.23642,-0.97165,14,2016-10-13,20,2018.0,-0.16625,train
2016-09-26,bci_value,2325.0,7.75148,2383.0,2389.0,2118.0,1853.0,1487.0,1581.0,1182.0,974.0,891.0,1030.0,2101.71,259.24,1803.29,354.55,1351.57,491.65,1122.77,423.05,1054.48,360.66,-0.02464,0.44696,0.67651,0.95913,739.0,722.0,645.0,673.0,671.0,661.0,422.0,421.0,415.0,-0.99771,-0.06768,0.13506,-0.99084,14,2016-10-14,18,2018.0,-0.14161,train
2016-09-27,bci_value,2298.0,7.73979,2325.0,2383.0,2389.0,1964.0,1680.0,1607.0,1371.0,1001.0,920.0,1049.0,2190.0,198.77,1869.5,354.2,1397.5,513.09,1143.58,448.85,1070.34,382.92,-0.01168,0.31325,0.5165,0.91542,750.0,739.0,646.0,674.0,673.0,660.0,422.0,422.0,415.0,-0.99872,-0.05051,0.10089,-0.9949,14,2016-10-17,20,2003.0,-0.13739,train
2016-09-28,bci_value,2196.0,7.69439,2298.0,2325.0,2383.0,2118.0,1853.0,1444.0,1478.0,986.0,926.0,1034.0,2239.0,144.53,1920.79,345.68,1439.83,524.7,1162.95,468.35,1085.08,400.06,-0.0454,0.16983,0.39595,0.86352,751.0,750.0,650.0,676.0,674.0,661.0,422.0,422.0,416.0,-0.99944,-0.03332,0.06661,-0.99778,14,2016-10-18,20,1950.0,-0.11881,train
2016-09-29,bci_value,2067.0,7.63385,2196.0,2298.0,2325.0,2389.0,1964.0,1487.0,1566.0,978.0,885.0,1019.0,2253.71,118.73,1956.57,332.79,1479.23,525.93,1180.42,482.0,1098.62,412.25,-0.06054,0.05112,0.27757,0.84827,741.0,751.0,657.0,676.0,676.0,660.0,422.0,422.0,417.0,-0.99987,-0.01613,0.03225,-0.99948,14,2016-10-19,20,1826.0,-0.12397,train
2016-09-30,bci_value,2008.0,7.60489,2067.0,2196.0,2298.0,2383.0,2118.0,1680.0,1581.0,1002.0,852.0,1008.0,2238.0,140.86,1987.07,316.12,1517.77,520.89,1197.08,492.91,1112.06,421.86,-0.02896,-0.05333,0.23908,0.85731,726.0,741.0,673.0,679.0,676.0,662.0,421.0,422.0,418.0,-1.0,0.00108,-0.00215,-1.0,14,2016-10-20,20,1637.0,-0.20427,train
2016-10-03,bci_value,1971.0,7.5863,2008.0,2067.0,2196.0,2325.0,2389.0,1853.0,1607.0,1054.0,843.0,1002.0,2178.29,152.33,2013.07,298.26,1555.37,511.45,1213.23,502.05,1125.14,429.95,-0.0186,-0.19233,0.20417,0.84933,713.0,726.0,700.0,681.0,679.0,688.0,419.0,421.0,420.0,-0.99861,0.05266,-0.10517,-0.99445,14,2016-10-21,18,1575.0,-0.22429,train
2016-10-04,bci_value,1970.0,7.58579,1971.0,2008.0,2067.0,2298.0,2383.0,1964.0,1444.0,1079.0,848.0,991.0,2119.29,141.19,2050.64,254.06,1592.77,499.23,1229.55,510.4,1137.81,437.79,-0.00051,-0.19033,0.31062,0.84291,705.0,713.0,722.0,681.0,681.0,671.0,417.0,419.0,421.0,-0.99756,0.06983,-0.13932,-0.99025,14,2016-10-24,20,1471.0,-0.29209,train
2016-10-05,bci_value,2012.0,7.60688,1970.0,1971.0,2008.0,2196.0,2325.0,2118.0,1487.0,1182.0,861.0,987.0,2074.57,116.33,2088.14,201.38,1631.13,485.56,1246.63,519.07,1150.68,446.2,0.0211,-0.14459,0.30237,0.84879,699.0,705.0,739.0,680.0,681.0,673.0,415.0,417.0,422.0,-0.99621,0.08698,-0.1733,-0.98487,14,2016-10-25,20,1348.0,-0.40051,train
2016-10-06,bci_value,2218.0,7.70436,2012.0,1970.0,1971.0,2067.0,2298.0,2389.0,1680.0,1371.0,910.0,1010.0,2063.14,95.97,2126.57,168.47,1674.73,477.51,1266.77,532.75,1165.76,458.9,0.09748,-0.03543,0.27781,0.89092,704.0,699.0,750.0,678.0,680.0,674.0,413.0,415.0,422.0,-0.99457,0.1041,-0.20707,-0.97833,14,2016-10-26,20,1275.0,-0.55366,train
2016-10-07,bci_value,2245.0,7.71646,2218.0,2012.0,1970.0,2008.0,2196.0,2383.0,1853.0,1478.0,974.0,1020.0,2070.14,106.6,2154.57,152.5,1717.1,469.78,1287.18,546.21,1181.21,471.39,0.0121,0.02207,0.1919,0.83505,717.0,704.0,751.0,677.0,678.0,676.0,411.0,413.0,422.0,-0.99263,0.12119,-0.2406,-0.97062,14,2016-10-27,20,1248.0,-0.58716,train
2016-10-10,bci_value,2235.0,7.712,2245.0,2218.0,2012.0,1971.0,2067.0,2325.0,1964.0,1566.0,1001.0,1023.0,2094.14,121.12,2173.93,144.04,1758.23,459.18,1307.38,558.34,1195.9,483.25,-0.00446,0.07814,0.12926,0.80324,729.0,717.0,741.0,677.0,677.0,676.0,410.0,411.0,422.0,-0.98506,0.17224,-0.33932,-0.94067,14,2016-10-28,18,1417.0,-0.4557,train
2016-10-11,bci_value,2235.0,7.712,2235.0,2245.0,2218.0,1970.0,2008.0,2298.0,2118.0,1581.0,986.0,1016.0,2126.57,124.06,2182.29,143.95,1799.87,443.64,1327.7,569.44,1210.49,494.45,0.0,0.1071,0.05377,0.81834,745.0,729.0,726.0,676.0,677.0,679.0,409.0,410.0,421.0,-0.98195,0.18916,-0.37148,-0.92844,14,2016-10-31,20,1534.0,-0.37636,train
2016-10-12,bci_value,2154.0,7.67508,2235.0,2235.0,2245.0,2012.0,1971.0,2196.0,2389.0,1607.0,978.0,986.0,2152.71,106.57,2165.5,132.08,1839.07,420.65,1347.17,577.33,1224.2,503.24,-0.03691,0.08879,-0.10355,0.78957,763.0,745.0,713.0,674.0,676.0,681.0,408.0,409.0,419.0,-0.97855,0.20602,-0.4032,-0.91511,14,2016-11-01,20,1443.0,-0.4006,train
2016-10-13,bci_value,2018.0,7.60986,2154.0,2235.0,2235.0,2218.0,1970.0,2067.0,2383.0,1444.0,1002.0,937.0,2159.57,95.57,2139.43,122.23,1872.93,391.8,1365.18,581.11,1235.81,509.33,-0.06522,0.02407,-0.16625,0.70011,790.0,763.0,705.0,673.0,674.0,681.0,410.0,408.0,417.0,-0.97486,0.22282,-0.43444,-0.9007,14,2016-11-02,20,1451.0,-0.32985,train
2016-10-14,bci_value,2018.0,7.60986,2018.0,2154.0,2235.0,2245.0,2012.0,2008.0,2325.0,1487.0,1054.0,906.0,2160.43,94.27,2117.5,114.25,1905.07,361.69,1383.72,583.89,1247.18,515.21,0.0,0.00298,-0.14161,0.64951,819.0,790.0,699.0,674.0,673.0,680.0,411.0,410.0,415.0,-0.97088,0.23956,-0.46516,-0.88523,14,2016-11-03,20,1544.0,-0.26773,train
2016-10-17,bci_value,2003.0,7.6024,2018.0,2018.0,2154.0,2235.0,2218.0,1971.0,2298.0,1680.0,1079.0,895.0,2129.71,104.93,2096.43,105.91,1935.87,327.79,1402.18,585.66,1258.26,520.6,-0.00746,-0.10196,-0.13739,0.61861,838.0,819.0,704.0,676.0,674.0,678.0,413.0,411.0,413.0,-0.95723,0.28932,-0.55389,-0.83259,14,2016-11-04,18,1593.0,-0.22903,train
2016-10-18,bci_value,1950.0,7.57558,2003.0,2018.0,2018.0,2235.0,2245.0,1970.0,2196.0,1853.0,1182.0,877.0,2087.57,109.31,2078.86,108.32,1961.47,296.4,1420.07,585.73,1268.66,524.94,-0.02682,-0.14088,-0.11881,0.50062,860.0,838.0,717.0,678.0,676.0,677.0,417.0,413.0,411.0,-0.95211,0.30574,-0.5822,-0.81304,14,2016-11-07,20,1636.0,-0.17558,train
2016-10-19,bci_value,1826.0,7.50988,1950.0,2003.0,2018.0,2154.0,2235.0,2012.0,2067.0,1964.0,1371.0,841.0,2029.14,123.3,2061.64,126.46,1976.63,276.79,1436.48,583.07,1277.63,527.48,-0.0657,-0.20211,-0.12397,0.28659,885.0,860.0,729.0,682.0,678.0,677.0,421.0,417.0,410.0,-0.94671,0.32208,-0.60983,-0.79253,14,2016-11-08,20,1786.0,-0.02215,train
2016-10-20,bci_value,1637.0,7.40062,1826.0,1950.0,2003.0,2018.0,2235.0,2218.0,2008.0,2118.0,1478.0,803.0,1943.71,154.34,2035.14,167.23,1981.93,268.6,1450.38,577.72,1284.71,527.98,-0.10926,-0.31138,-0.20427,0.10218,905.0,885.0,745.0,691.0,682.0,676.0,424.0,421.0,409.0,-0.94103,0.33831,-0.63673,-0.77109,14,2016-11-09,20,1954.0,0.17701,train
2016-10-21,bci_value,1575.0,7.36201,1637.0,1826.0,1950.0,2018.0,2154.0,2245.0,1971.0,2389.0,1566.0,780.0,1861.0,173.44,2006.86,204.93,1982.23,268.14,1463.63,571.27,1291.37,527.83,-0.03861,-0.31307,-0.22429,0.00573,915.0,905.0,763.0,700.0,691.0,674.0,427.0,424.0,408.0,-0.93507,0.35445,-0.66288,-0.74873,14,2016-11-10,20,2010.0,0.24388,train
2016-10-24,bci_value,1471.0,7.2937,1575.0,1637.0,1826.0,2003.0,2018.0,2235.0,1970.0,2383.0,1581.0,768.0,1782.86,205.39,1971.21,247.26,1978.57,274.28,1475.35,564.05,1297.41,526.73,-0.06831,-0.31616,-0.29209,-0.07212,923.0,915.0,790.0,705.0,700.0,673.0,428.0,427.0,410.0,-0.91555,0.40221,-0.73649,-0.67645,14,2016-11-11,18,2303.0,0.44827,train
2016-10-25,bci_value,1348.0,7.20638,1471.0,1575.0,1637.0,1950.0,2018.0,2235.0,2012.0,2325.0,1607.0,757.0,1687.14,228.34,1923.79,294.13,1969.93,289.49,1485.2,556.53,1302.42,525.04,-0.08732,-0.40348,-0.40051,-0.17575,925.0,923.0,819.0,710.0,705.0,674.0,430.0,428.0,411.0,-0.90849,0.4179,-0.75932,-0.65071,14,2016-11-14,20,2338.0,0.55067,train
2016-10-26,bci_value,1275.0,7.1507,1348.0,1471.0,1575.0,1826.0,2003.0,2154.0,2218.0,2298.0,1444.0,757.0,1583.14,226.57,1856.43,325.36,1964.3,301.09,1493.83,549.13,1306.89,523.08,-0.05568,-0.4517,-0.55366,-0.12447,925.0,925.0,838.0,714.0,710.0,676.0,430.0,430.0,413.0,-0.90117,0.43347,-0.78126,-0.62421,14,2016-11-15,20,2282.0,0.58211,train
2016-10-27,bci_value,1248.0,7.1293,1275.0,1348.0,1471.0,1637.0,1950.0,2018.0,2245.0,2196.0,1487.0,758.0,1482.86,195.19,1785.21,341.24,1956.33,316.38,1502.0,541.72,1311.0,521.14,-0.0214,-0.44629,-0.58716,-0.17522,921.0,925.0,860.0,719.0,714.0,678.0,432.0,430.0,417.0,-0.89358,0.44891,-0.80227,-0.59697,14,2016-11-16,20,2441.0,0.67087,train
2016-10-28,bci_value,1417.0,7.2563,1248.0,1275.0,1348.0,1575.0,1826.0,2018.0,2235.0,2067.0,1680.0,759.0,1424.43,135.95,1726.79,329.03,1947.57,327.37,1512.97,533.16,1316.78,519.4,0.127,-0.25359,-0.4557,-0.17025,913.0,921.0,885.0,722.0,719.0,682.0,433.0,432.0,421.0,-0.88572,0.46421,-0.82233,-0.56902,14,2016-11-17,20,2731.0,0.65613,train
2016-10-31,bci_value,1534.0,7.33563,1417.0,1248.0,1275.0,1471.0,1637.0,2003.0,2235.0,2008.0,1853.0,770.0,1409.71,116.3,1676.71,299.94,1936.93,335.35,1525.7,524.32,1323.68,518.11,0.07934,-0.06499,-0.37636,-0.18893,905.0,913.0,905.0,722.0,722.0,691.0,435.0,433.0,424.0,-0.8606,0.50928,-0.87658,-0.48126,14,2016-11-18,18,2752.0,0.58445,train
2016-11-01,bci_value,1443.0,7.27448,1534.0,1417.0,1248.0,1348.0,1575.0,1950.0,2154.0,1971.0,1964.0,777.0,1390.86,97.09,1625.93,273.89,1919.57,346.8,1536.8,515.32,1329.5,516.47,-0.06115,-0.08753,-0.4006,-0.30826,895.0,905.0,915.0,721.0,722.0,700.0,436.0,435.0,427.0,-0.85171,0.52401,-0.89261,-0.45083,14,2016-11-21,20,2638.0,0.6033,train
2016-11-02,bci_value,1451.0,7.28001,1443.0,1534.0,1417.0,1275.0,1471.0,1826.0,2018.0,1970.0,2118.0,770.0,1388.0,94.96,1585.43,254.12,1897.33,354.65,1548.15,505.72,1335.22,514.93,0.00553,-0.01369,-0.32985,-0.37822,885.0,895.0,923.0,718.0,721.0,705.0,434.0,436.0,428.0,-0.84257,0.53858,-0.90759,-0.41986,14,2016-11-22,20,2598.0,0.58249,train
2016-11-03,bci_value,1544.0,7.34213,1451.0,1443.0,1534.0,1248.0,1348.0,1637.0,2018.0,2012.0,2389.0,795.0,1416.0,107.15,1551.57,224.03,1869.17,347.98,1560.63,496.13,1341.77,513.8,0.06212,0.13575,-0.26773,-0.4365,886.0,885.0,925.0,718.0,718.0,710.0,434.0,434.0,430.0,-0.83318,0.553,-0.9215,-0.38839,14,2016-11-23,20,2507.0,0.48471,train
2016-11-04,bci_value,1593.0,7.37337,1544.0,1451.0,1443.0,1417.0,1275.0,1575.0,2003.0,2218.0,2383.0,833.0,1461.43,105.13,1522.29,186.81,1842.83,337.84,1573.3,487.01,1348.4,513.14,0.03124,0.22267,-0.22903,-0.40274,885.0,886.0,925.0,716.0,718.0,714.0,433.0,434.0,430.0,-0.82355,0.56725,-0.93431,-0.35646,14,2016-11-24,20,2374.0,0.39896,train
2016-11-07,bci_value,1636.0,7.40001,1593.0,1544.0,1451.0,1534.0,1248.0,1471.0,1950.0,2245.0,2325.0,891.0,1516.86,76.33,1499.86,149.17,1819.87,327.55,1585.72,478.88,1355.13,512.9,0.02664,0.27071,-0.17558,-0.35147,889.0,885.0,921.0,712.0,716.0,719.0,431.0,433.0,432.0,-0.79319,0.60897,-0.96606,-0.2583,14,2016-11-25,18,2263.0,0.32444,train
2016-11-08,bci_value,1786.0,7.48773,1636.0,1593.0,1544.0,1443.0,1417.0,1348.0,1826.0,2235.0,2298.0,920.0,1569.57,109.42,1497.0,143.16,1802.8,315.3,1600.15,471.6,1363.32,513.83,0.08772,0.23144,-0.02215,-0.25206,903.0,889.0,913.0,708.0,712.0,722.0,431.0,431.0,433.0,-0.7826,0.62253,-0.97438,-0.22492,14,2016-11-28,20,2260.0,0.23539,train
2016-11-09,bci_value,1954.0,7.57763,1786.0,1636.0,1593.0,1451.0,1534.0,1275.0,1637.0,2235.0,2196.0,926.0,1629.57,171.18,1519.64,183.03,1794.73,308.15,1617.28,465.43,1373.54,516.32,0.0899,0.242,0.17701,-0.11676,927.0,903.0,905.0,703.0,708.0,722.0,429.0,431.0,435.0,-0.77177,0.6359,-0.98154,-0.19127,14,2016-11-29,20,2304.0,0.16477,train
2016-11-10,bci_value,2010.0,7.60589,1954.0,1786.0,1636.0,1544.0,1443.0,1248.0,1575.0,2154.0,2067.0,885.0,1710.57,196.07,1550.71,222.46,1792.83,306.64,1636.03,458.15,1384.56,519.2,0.02826,0.33141,0.24388,-0.02796,956.0,927.0,895.0,703.0,703.0,721.0,430.0,429.0,436.0,-0.76072,0.64908,-0.98754,-0.15739,14,2016-11-30,20,2263.0,0.11856,train
2016-11-11,bci_value,2303.0,7.74197,2010.0,1954.0,1786.0,1593.0,1451.0,1417.0,1471.0,2018.0,2008.0,852.0,1832.29,253.27,1610.14,293.13,1802.67,317.9,1660.22,454.41,1398.94,526.46,0.13608,0.46196,0.44827,0.13707,1011.0,956.0,885.0,705.0,703.0,718.0,428.0,430.0,434.0,-0.74944,0.66207,-0.99237,-0.12333,14,2016-12-01,20,2206.0,-0.04303,train
2016-11-14,bci_value,2338.0,7.75705,2303.0,2010.0,1954.0,1636.0,1544.0,1534.0,1348.0,2018.0,1971.0,843.0,1945.71,275.57,1680.86,337.43,1814.9,330.94,1685.13,449.88,1413.79,533.84,0.01508,0.41492,0.55067,0.17075,1058.0,1011.0,886.0,707.0,705.0,718.0,433.0,428.0,434.0,-0.71429,0.69985,-0.99979,-0.02043,14,2016-12-02,18,2193.0,-0.06403,train
2016-11-15,bci_value,2282.0,7.73281,2338.0,2303.0,2010.0,1786.0,1593.0,1443.0,1275.0,2003.0,1970.0,848.0,2044.14,254.23,1752.79,350.33,1825.3,340.42,1709.03,442.81,1428.13,539.6,-0.02424,0.35943,0.58211,0.14702,1162.0,1058.0,885.0,713.0,707.0,716.0,436.0,433.0,433.0,-0.70215,0.71203,-0.9999,0.01398,14,2016-12-05,20,2137.0,-0.06565,train
2016-11-16,bci_value,2441.0,7.80016,2282.0,2338.0,2303.0,1954.0,1636.0,1451.0,1248.0,1950.0,2012.0,861.0,2159.14,223.86,1838.0,362.08,1839.6,356.59,1735.37,438.55,1444.29,547.86,0.06736,0.40015,0.67087,0.19328,1263.0,1162.0,889.0,722.0,713.0,712.0,443.0,436.0,431.0,-0.6898,0.724,-0.99883,0.04836,14,2016-12-06,20,2067.0,-0.16631,train
2016-11-17,bci_value,2731.0,7.91242,2441.0,2282.0,2338.0,2010.0,1786.0,1544.0,1417.0,1826.0,2218.0,910.0,2294.14,242.31,1931.86,408.16,1856.7,385.45,1765.72,443.37,1463.41,562.21,0.11226,0.42469,0.65613,0.20806,1353.0,1263.0,903.0,748.0,722.0,708.0,454.0,443.0,431.0,-0.67724,0.73576,-0.99658,0.08269,14,2016-12-07,20,1935.0,-0.34456,train
2016-11-18,bci_value,2752.0,7.92008,2731.0,2441.0,2282.0,2303.0,1954.0,1593.0,1534.0,1637.0,2245.0,974.0,2408.14,243.18,2018.86,442.45,1873.6,412.29,1795.35,448.85,1482.66,576.17,0.00766,0.34245,0.58445,0.20362,1388.0,1353.0,927.0,809.0,748.0,703.0,466.0,454.0,429.0,-0.66448,0.7473,-0.99314,0.11692,14,2016-12-08,20,1724.0,-0.46768,train
2016-11-21,bci_value,2638.0,7.87778,2752.0,2731.0,2441.0,2338.0,2010.0,1636.0,1443.0,1575.0,2235.0,1001.0,2497.86,189.71,2104.21,438.37,1887.03,430.03,1822.63,449.48,1500.6,586.63,-0.04231,0.27189,0.6033,0.16578,1387.0,1388.0,956.0,835.0,809.0,703.0,477.0,466.0,430.0,-0.62505,0.78058,-0.97581,0.21863,14,2016-12-09,18,1575.0,-0.51577,train
2016-11-22,bci_value,2598.0,7.8625,2638.0,2752.0,2731.0,2282.0,2303.0,1786.0,1451.0,1471.0,2235.0,986.0,2540.0,173.85,2186.14,415.21,1899.13,444.51,1849.5,446.84,1518.18,595.48,-0.01528,0.12053,0.58249,0.1505,1382.0,1387.0,1011.0,852.0,835.0,705.0,485.0,477.0,428.0,-0.61153,0.79122,-0.96771,0.25206,14,2016-12-12,20,1464.0,-0.57357,train
2016-11-23,bci_value,2507.0,7.82684,2598.0,2638.0,2752.0,2441.0,2338.0,1954.0,1544.0,1348.0,2154.0,978.0,2564.14,154.81,2254.93,381.53,1910.9,455.64,1874.98,439.96,1535.08,601.69,-0.03566,0.06979,0.48471,0.15176,1387.0,1382.0,1058.0,874.0,852.0,707.0,501.0,485.0,433.0,-0.59783,0.80162,-0.95847,0.2852,14,2016-12-13,20,1404.0,-0.57976,train
2016-11-24,bci_value,2374.0,7.77233,2507.0,2598.0,2638.0,2731.0,2282.0,2010.0,1593.0,1275.0,2018.0,1002.0,2577.29,132.62,2310.71,334.92,1922.77,462.85,1897.85,429.52,1551.04,604.67,-0.05451,0.03952,0.39896,0.16247,1385.0,1387.0,1162.0,897.0,874.0,713.0,512.0,501.0,436.0,-0.58395,0.81179,-0.94809,0.318,14,2016-12-14,20,1169.0,-0.70843,train
2016-11-25,bci_value,2263.0,7.72445,2374.0,2507.0,2598.0,2752.0,2441.0,2303.0,1636.0,1248.0,2018.0,1054.0,2551.86,168.52,2355.5,278.95,1930.93,466.6,1918.0,417.66,1566.12,605.31,-0.04788,-0.07572,0.32444,0.11458,1389.0,1385.0,1263.0,908.0,897.0,722.0,520.0,512.0,443.0,-0.5699,0.82171,-0.93659,0.35043,14,2016-12-15,20,1058.0,-0.76031,train
2016-11-28,bci_value,2260.0,7.72312,2263.0,2374.0,2507.0,2638.0,2731.0,2338.0,1786.0,1417.0,2003.0,1079.0,2484.57,177.35,2389.36,232.7,1939.5,470.19,1937.68,405.3,1581.29,605.41,-0.00133,-0.1893,0.23539,0.12072,1400.0,1389.0,1353.0,904.0,908.0,748.0,527.0,520.0,454.0,-0.52675,0.85002,-0.8955,0.44506,14,2016-12-16,18,1048.0,-0.76848,train
2016-11-29,bci_value,2304.0,7.7424,2260.0,2263.0,2374.0,2598.0,2752.0,2282.0,1954.0,1534.0,1950.0,1182.0,2420.57,147.65,2414.36,201.26,1951.3,474.73,1956.38,395.77,1597.14,605.44,0.01928,-0.17768,0.16477,0.16682,1424.0,1400.0,1388.0,908.0,904.0,809.0,532.0,527.0,466.0,-0.51206,0.85895,-0.87966,0.4756,14,2016-12-19,20,1039.0,-0.79639,train
2016-11-30,bci_value,2263.0,7.72445,2304.0,2260.0,2263.0,2507.0,2638.0,2441.0,2010.0,1443.0,1826.0,1371.0,2367.0,125.39,2432.43,173.6,1965.87,477.36,1971.25,390.22,1612.94,604.05,-0.01796,-0.15333,0.11856,0.21456,1465.0,1424.0,1387.0,912.0,908.0,835.0,537.0,532.0,477.0,-0.4972,0.86763,-0.86278,0.50558,14,2016-12-20,20,1044.0,-0.77363,train
2016-12-01,bci_value,2206.0,7.69894,2263.0,2304.0,2260.0,2374.0,2598.0,2731.0,2303.0,1451.0,1637.0,1478.0,2311.0,93.1,2425.5,180.43,1984.83,475.21,1983.38,385.99,1628.53,601.05,-0.02551,-0.16356,-0.04303,0.29832,1486.0,1465.0,1382.0,917.0,912.0,852.0,541.0,537.0,485.0,-0.48221,0.87606,-0.84488,0.53496,14,2016-12-21,20,1144.0,-0.65665,train
2016-12-02,bci_value,2193.0,7.69303,2206.0,2263.0,2304.0,2263.0,2507.0,2752.0,2338.0,1544.0,1575.0,1566.0,2266.14,56.18,2415.14,189.11,2005.43,470.37,1993.83,383.03,1644.23,597.12,-0.00591,-0.13382,-0.06403,0.33102,1508.0,1486.0,1387.0,921.0,917.0,874.0,543.0,541.0,501.0,-0.46706,0.88422,-0.82598,0.5637,14,2016-12-22,20,1219.0,-0.58724,train
2016-12-05,bci_value,2137.0,7.66716,2193.0,2206.0,2263.0,2260.0,2374.0,2638.0,2282.0,1593.0,1471.0,1581.0,2232.29,52.25,2404.79,199.79,2027.63,460.23,2003.1,379.64,1659.44,592.02,-0.02587,-0.10517,-0.06565,0.37346,1541.0,1508.0,1385.0,929.0,921.0,897.0,548.0,543.0,512.0,-0.42083,0.90714,-0.7635,0.6458,14,2016-12-23,18,1385.0,-0.4337,train
2016-12-06,bci_value,2067.0,7.63385,2137.0,2193.0,2206.0,2304.0,2263.0,2598.0,2441.0,1636.0,1348.0,1607.0,2204.29,75.59,2378.07,217.39,2051.6,442.6,2010.77,376.19,1674.0,585.72,-0.0333,-0.09059,-0.16631,0.42748,1563.0,1541.0,1389.0,934.0,929.0,908.0,552.0,548.0,520.0,-0.40516,0.91424,-0.74084,0.67168,14,2017-01-03,28,1538.0,-0.29562,train
2016-12-07,bci_value,1935.0,7.56786,2067.0,2137.0,2193.0,2263.0,2260.0,2507.0,2731.0,1786.0,1275.0,1444.0,2157.86,116.08,2321.21,221.7,2073.6,419.24,2018.95,369.04,1687.09,578.2,-0.06599,-0.15526,-0.34456,0.41716,1565.0,1563.0,1400.0,941.0,934.0,904.0,557.0,552.0,527.0,-0.38938,0.92108,-0.7173,0.69677,14,2017-01-04,28,1674.0,-0.14489,train
2016-12-08,bci_value,1724.0,7.4524,1935.0,2067.0,2137.0,2206.0,2304.0,2374.0,2752.0,1954.0,1248.0,1487.0,2075.0,174.49,2247.79,236.6,2089.47,396.06,2022.9,364.57,1697.82,569.76,-0.11546,-0.29,-0.46768,0.3231,1547.0,1565.0,1424.0,957.0,941.0,908.0,562.0,557.0,532.0,-0.37348,0.92764,-0.6929,0.72103,14,2017-01-05,28,1759.0,0.0201,train
2016-12-09,bci_value,1575.0,7.36201,1724.0,1935.0,2067.0,2193.0,2263.0,2263.0,2638.0,2010.0,1417.0,1680.0,1976.71,226.83,2171.86,267.71,2094.73,388.05,2021.15,366.46,1706.89,561.17,-0.09039,-0.36244,-0.51577,0.10571,1508.0,1547.0,1465.0,966.0,957.0,912.0,567.0,562.0,537.0,-0.35746,0.93393,-0.66769,0.74444,14,2017-01-06,28,1658.0,0.05136,train
2016-12-12,bci_value,1464.0,7.28893,1575.0,1724.0,1935.0,2137.0,2206.0,2260.0,2598.0,2303.0,1534.0,1853.0,1870.71,265.07,2090.86,296.52,2092.4,391.61,2014.67,372.76,1714.6,552.95,-0.07308,-0.41001,-0.57357,-0.04671,1469.0,1508.0,1486.0,968.0,966.0,917.0,576.0,567.0,541.0,-0.30881,0.95112,-0.58744,0.80927,14,2017-01-09,28,1598.0,0.08758,train
2016-12-13,bci_value,1404.0,7.24708,1464.0,1575.0,1724.0,2067.0,2193.0,2304.0,2507.0,2338.0,1443.0,1964.0,1758.0,271.73,2012.07,321.01,2091.1,393.82,2005.33,380.84,1721.57,544.99,-0.04185,-0.44595,-0.57976,-0.0274,1419.0,1469.0,1508.0,972.0,968.0,921.0,584.0,576.0,543.0,-0.29241,0.95629,-0.55925,0.829,14,2017-01-10,28,1470.0,0.04594,train
2016-12-14,bci_value,1169.0,7.0639,1404.0,1464.0,1575.0,1935.0,2137.0,2263.0,2374.0,2282.0,1451.0,2118.0,1619.71,289.4,1926.0,370.21,2081.7,411.94,1989.52,395.26,1726.0,538.82,-0.18318,-0.60325,-0.70843,-0.2161,1332.0,1419.0,1541.0,975.0,972.0,929.0,590.0,584.0,548.0,-0.27591,0.96118,-0.53041,0.84774,14,2017-01-11,28,1326.0,0.12602,train
2016-12-15,bci_value,1058.0,6.96414,1169.0,1404.0,1464.0,1724.0,2067.0,2206.0,2263.0,2441.0,1544.0,2389.0,1475.57,281.9,1839.93,418.75,2065.5,441.27,1967.33,409.32,1728.92,534.46,-0.09977,-0.66972,-0.76031,-0.378,1234.0,1332.0,1563.0,968.0,975.0,934.0,596.0,590.0,552.0,-0.25934,0.96579,-0.50093,0.86549,14,2017-01-12,28,1294.0,0.20136,train
2016-12-16,bci_value,1048.0,6.95464,1058.0,1169.0,1404.0,1575.0,1935.0,2193.0,2260.0,2731.0,1593.0,2383.0,1348.86,243.67,1753.36,447.26,2047.33,470.6,1945.08,422.2,1731.31,530.92,-0.0095,-0.61322,-0.76848,-0.41874,1126.0,1234.0,1565.0,960.0,968.0,941.0,600.0,596.0,557.0,-0.24269,0.9701,-0.47086,0.88221,14,2017-01-13,28,1383.0,0.27737,train
2016-12-19,bci_value,1039.0,6.94601,1048.0,1058.0,1169.0,1464.0,1724.0,2137.0,2304.0,2752.0,1636.0,2325.0,1251.0,208.35,1663.0,454.61,2027.43,499.32,1923.65,434.83,1732.96,528.54,-0.00862,-0.50639,-0.79639,-0.454,1037.0,1126.0,1547.0,953.0,960.0,957.0,605.0,600.0,562.0,-0.19232,0.98133,-0.37746,0.92602,14,2017-01-16,28,1468.0,0.34564,train
2016-12-20,bci_value,1044.0,6.95081,1039.0,1048.0,1058.0,1404.0,1575.0,2067.0,2263.0,2638.0,1786.0,2298.0,1175.14,169.65,1575.93,448.05,2002.7,528.2,1902.75,446.31,1734.33,526.57,0.0048,-0.4112,-0.77363,-0.53692,976.0,1037.0,1508.0,941.0,953.0,966.0,605.0,605.0,567.0,-0.17541,0.9845,-0.34539,0.93846,14,2017-01-17,28,1509.0,0.36839,train
2016-12-21,bci_value,1144.0,7.04229,1044.0,1039.0,1048.0,1169.0,1464.0,1935.0,2206.0,2598.0,1954.0,2196.0,1129.43,122.11,1500.07,424.22,1975.7,550.25,1885.22,455.03,1736.76,523.34,0.09147,-0.24664,-0.65665,-0.53535,905.0,976.0,1469.0,926.0,941.0,968.0,604.0,605.0,576.0,-0.15845,0.98737,-0.3129,0.94979,14,2017-01-18,28,1673.0,0.38009,train
2016-12-22,bci_value,1219.0,7.10579,1144.0,1044.0,1039.0,1058.0,1404.0,1724.0,2193.0,2507.0,2010.0,2067.0,1103.0,67.74,1430.5,382.71,1949.33,566.68,1871.08,462.28,1740.47,518.45,0.0635,-0.14129,-0.58724,-0.5001,866.0,905.0,1419.0,914.0,926.0,972.0,601.0,604.0,584.0,-0.14144,0.98995,-0.28004,0.95999,14,2017-01-19,28,1665.0,0.31179,train
2016-12-23,bci_value,1385.0,7.23346,1219.0,1144.0,1044.0,1048.0,1169.0,1575.0,2137.0,2374.0,2303.0,2008.0,1133.86,119.89,1376.79,328.75,1918.73,571.52,1860.7,466.06,1746.39,511.26,0.12767,0.16955,-0.4337,-0.50851,852.0,866.0,1332.0,903.0,914.0,975.0,597.0,601.0,590.0,-0.12439,0.99223,-0.24686,0.96905,14,2017-01-20,28,1610.0,0.15053,train
2017-01-03,bci_value,1538.0,7.33824,1385.0,1219.0,1144.0,1039.0,1058.0,1464.0,2067.0,2263.0,2338.0,1971.0,1202.43,179.4,1339.0,272.91,1892.07,570.0,1853.48,467.65,1754.11,502.73,0.10478,0.3741,-0.29562,-0.41881,811.0,852.0,1234.0,843.0,903.0,968.0,559.0,597.0,596.0,0.05158,0.99867,0.10303,0.99468,14,2017-01-23,20,1579.0,0.02631,train
2017-01-04,bci_value,1674.0,7.42297,1538.0,1385.0,1219.0,1044.0,1048.0,1404.0,1935.0,2260.0,2282.0,1970.0,1291.86,229.23,1320.36,238.27,1871.8,566.57,1848.55,467.96,1763.29,493.56,0.08473,0.46833,-0.14489,-0.30984,807.0,811.0,1126.0,820.0,843.0,960.0,539.0,559.0,600.0,0.06876,0.99763,0.13719,0.99055,14,2017-01-24,20,1466.0,-0.13268,train
2017-01-05,bci_value,1759.0,7.4725,1674.0,1538.0,1385.0,1144.0,1039.0,1169.0,1724.0,2304.0,2441.0,2012.0,1394.71,253.0,1322.86,242.64,1849.07,556.87,1844.33,467.6,1773.27,484.21,0.04953,0.52649,0.0201,-0.32766,837.0,807.0,1037.0,795.0,820.0,953.0,521.0,539.0,605.0,0.08591,0.9963,0.17118,0.98524,14,2017-01-25,20,1369.0,-0.25066,train
2017-01-06,bci_value,1658.0,7.41337,1759.0,1674.0,1538.0,1219.0,1044.0,1058.0,1575.0,2263.0,2731.0,2218.0,1482.43,220.56,1328.79,249.64,1813.3,533.03,1835.0,465.64,1781.58,475.67,-0.05913,0.46255,0.05136,-0.49906,892.0,837.0,976.0,783.0,795.0,941.0,508.0,521.0,605.0,0.10303,0.99468,0.20497,0.97877,14,2017-01-26,20,1287.0,-0.2533,train
2017-01-09,bci_value,1598.0,7.37651,1658.0,1759.0,1674.0,1385.0,1144.0,1048.0,1464.0,2206.0,2752.0,2245.0,1547.29,173.17,1338.36,257.1,1774.83,504.79,1824.22,463.5,1788.51,468.34,-0.03686,0.33422,0.08758,-0.54358,927.0,892.0,905.0,772.0,783.0,926.0,498.0,508.0,604.0,0.1542,0.98804,0.30472,0.95244,14,2017-01-27,18,1239.0,-0.25445,train
2017-01-10,bci_value,1470.0,7.29302,1598.0,1658.0,1759.0,1538.0,1219.0,1039.0,1404.0,2193.0,2638.0,2235.0,1583.14,118.99,1343.07,258.86,1735.9,481.21,1811.47,462.55,1793.72,462.11,-0.08349,0.18723,0.04594,-0.58476,973.0,927.0,866.0,766.0,772.0,914.0,489.0,498.0,601.0,0.17118,0.98524,0.3373,0.9414,14,2017-01-30,20,1205.0,-0.19878,train
2017-01-11,bci_value,1326.0,7.18992,1470.0,1598.0,1658.0,1674.0,1385.0,1044.0,1169.0,2137.0,2598.0,2235.0,1574.71,133.88,1354.29,254.44,1693.5,458.9,1796.32,463.32,1797.5,456.85,-0.1031,-0.04353,0.12602,-0.67258,1021.0,973.0,852.0,758.0,766.0,903.0,477.0,489.0,597.0,0.1881,0.98215,0.36948,0.92924,14,2017-01-31,20,1167.0,-0.12773,train
2017-01-12,bci_value,1294.0,7.16549,1326.0,1470.0,1598.0,1759.0,1538.0,1144.0,1058.0,2067.0,2507.0,2154.0,1539.86,166.65,1371.14,241.75,1653.07,438.42,1781.98,465.33,1801.01,451.73,-0.02443,-0.17274,0.20136,-0.66135,1038.0,1021.0,811.0,748.0,758.0,843.0,466.0,477.0,559.0,0.20497,0.97877,0.40123,0.91598,14,2017-02-01,20,1122.0,-0.14263,train
2017-01-13,bci_value,1383.0,7.23201,1294.0,1326.0,1470.0,1658.0,1674.0,1219.0,1048.0,1935.0,2374.0,2018.0,1498.29,164.29,1395.07,224.55,1620.03,419.8,1771.4,467.06,1805.24,445.97,0.06652,-0.19096,0.27737,-0.54032,1042.0,1038.0,807.0,739.0,748.0,820.0,459.0,466.0,539.0,0.22177,0.9751,0.4325,0.90163,14,2017-02-02,20,1064.0,-0.26222,train
2017-01-16,bci_value,1468.0,7.29166,1383.0,1294.0,1326.0,1598.0,1759.0,1385.0,1039.0,1724.0,2263.0,2018.0,1456.71,125.23,1425.71,202.01,1593.53,403.13,1762.23,467.52,1809.84,440.3,0.05965,-0.18084,0.34564,-0.43279,1039.0,1042.0,837.0,733.0,739.0,795.0,455.0,459.0,521.0,0.27178,0.96236,0.52309,0.85227,14,2017-02-03,18,981.0,-0.40308,train
2017-01-17,bci_value,1509.0,7.3192,1468.0,1383.0,1294.0,1470.0,1658.0,1538.0,1044.0,1575.0,2260.0,2003.0,1435.43,99.16,1458.93,172.6,1568.5,383.83,1754.0,467.56,1814.62,434.64,0.02755,-0.09416,0.36839,-0.40392,1019.0,1039.0,892.0,730.0,733.0,783.0,451.0,455.0,508.0,0.28829,0.95754,0.5521,0.83378,14,2017-02-06,20,911.0,-0.50466,train
2017-01-18,bci_value,1673.0,7.42237,1509.0,1468.0,1383.0,1326.0,1598.0,1674.0,1144.0,1464.0,2304.0,1950.0,1446.14,118.34,1496.71,156.69,1547.47,359.46,1749.38,466.97,1820.08,429.71,0.10317,0.04587,0.38009,-0.32003,998.0,1019.0,927.0,725.0,730.0,772.0,448.0,451.0,498.0,0.30472,0.95244,0.58045,0.81429,14,2017-02-07,20,803.0,-0.73402,train
2017-01-19,bci_value,1665.0,7.41758,1673.0,1509.0,1468.0,1294.0,1470.0,1759.0,1219.0,1404.0,2263.0,1826.0,1474.0,141.38,1528.57,141.6,1527.53,334.98,1746.7,466.98,1823.34,427.4,-0.00479,0.12456,0.31179,-0.30687,981.0,998.0,973.0,722.0,725.0,766.0,446.0,448.0,489.0,0.32106,0.94706,0.60812,0.79384,14,2017-02-08,20,725.0,-0.83141,train
2017-01-20,bci_value,1610.0,7.38399,1665.0,1673.0,1509.0,1383.0,1326.0,1658.0,1385.0,1169.0,2206.0,1637.0,1514.57,133.63,1544.64,137.09,1507.67,310.96,1746.25,467.1,1824.81,426.44,-0.03359,0.19407,0.15053,-0.31495,970.0,981.0,1021.0,718.0,722.0,758.0,441.0,446.0,477.0,0.3373,0.9414,0.63507,0.77246,14,2017-02-09,20,728.0,-0.79369,train
2017-01-23,bci_value,1579.0,7.36455,1610.0,1665.0,1673.0,1468.0,1294.0,1598.0,1538.0,1058.0,2193.0,1575.0,1555.29,99.21,1547.57,137.36,1487.2,284.24,1746.32,467.08,1824.96,426.35,-0.01944,0.19905,0.02631,-0.32848,962.0,970.0,1038.0,714.0,718.0,748.0,437.0,441.0,466.0,0.38541,0.92274,0.71128,0.70291,14,2017-02-10,18,687.0,-0.83221,train
2017-01-24,bci_value,1466.0,7.29029,1579.0,1610.0,1665.0,1509.0,1383.0,1470.0,1674.0,1048.0,2137.0,1471.0,1567.14,81.24,1532.71,134.09,1464.83,257.36,1746.23,467.13,1823.68,427.25,-0.07425,0.05828,-0.13268,-0.37687,964.0,962.0,1042.0,708.0,714.0,739.0,432.0,437.0,459.0,0.40123,0.91598,0.73503,0.67803,14,2017-02-13,20,609.0,-0.87847,train
2017-01-25,bci_value,1369.0,7.22184,1466.0,1579.0,1610.0,1673.0,1468.0,1326.0,1759.0,1039.0,2067.0,1348.0,1553.0,102.98,1504.86,124.34,1441.57,232.19,1746.58,466.84,1821.03,429.32,-0.06846,-0.06982,-0.25066,-0.41202,972.0,964.0,1039.0,702.0,708.0,733.0,428.0,432.0,455.0,0.41693,0.90894,0.75792,0.65235,14,2017-02-14,20,567.0,-0.88148,train
2017-01-26,bci_value,1287.0,7.16007,1369.0,1466.0,1579.0,1665.0,1509.0,1294.0,1658.0,1044.0,1935.0,1275.0,1521.29,139.39,1478.36,128.35,1419.97,214.76,1746.78,466.64,1819.29,431.16,-0.06177,-0.15913,-0.2533,-0.40779,973.0,972.0,1019.0,696.0,702.0,730.0,424.0,428.0,451.0,0.4325,0.90163,0.77991,0.62589,14,2017-02-15,20,556.0,-0.8393,train
2017-01-27,bci_value,1239.0,7.12206,1287.0,1369.0,1466.0,1610.0,1673.0,1383.0,1598.0,1144.0,1724.0,1248.0,1459.29,153.89,1452.71,137.43,1403.8,209.46,1746.63,466.8,1816.53,434.06,-0.03801,-0.30031,-0.25445,-0.33034,968.0,973.0,998.0,692.0,696.0,725.0,419.0,424.0,448.0,0.44794,0.89406,0.80098,0.59869,14,2017-02-16,20,620.0,-0.69234,train
2017-01-30,bci_value,1205.0,7.09423,1239.0,1287.0,1369.0,1579.0,1665.0,1468.0,1470.0,1219.0,1575.0,1417.0,1393.57,150.18,1433.79,151.29,1391.47,209.91,1743.1,470.07,1811.26,438.55,-0.02783,-0.32335,-0.19878,-0.26778,964.0,968.0,981.0,688.0,692.0,722.0,415.0,419.0,446.0,0.49347,0.86976,0.8584,0.51298,14,2017-02-17,18,739.0,-0.48894,train
2017-01-31,bci_value,1167.0,7.06219,1205.0,1239.0,1287.0,1466.0,1610.0,1509.0,1326.0,1385.0,1464.0,1534.0,1330.29,138.53,1422.43,164.36,1381.57,213.23,1736.98,475.11,1803.63,443.69,-0.03204,-0.3218,-0.12773,-0.22674,951.0,964.0,970.0,679.0,688.0,718.0,402.0,415.0,441.0,0.50836,0.86115,0.87554,0.48315,14,2017-02-20,20,791.0,-0.38889,train
2017-02-01,bci_value,1122.0,7.02287,1167.0,1205.0,1239.0,1369.0,1579.0,1673.0,1294.0,1538.0,1404.0,1443.0,1265.0,110.86,1410.14,179.26,1372.17,218.19,1731.63,480.17,1794.28,449.05,-0.03932,-0.34168,-0.14263,-0.22421,933.0,951.0,962.0,674.0,679.0,714.0,395.0,402.0,437.0,0.52309,0.85227,0.89164,0.45274,14,2017-02-21,20,856.0,-0.2706,train
2017-02-02,bci_value,1064.0,6.96979,1122.0,1167.0,1205.0,1287.0,1466.0,1665.0,1383.0,1674.0,1169.0,1451.0,1207.57,94.83,1387.36,200.3,1368.67,222.23,1725.18,486.46,1782.57,454.17,-0.05308,-0.3205,-0.26222,-0.09411,926.0,933.0,964.0,670.0,674.0,708.0,386.0,395.0,432.0,0.53768,0.84315,0.90669,0.42181,14,2017-02-22,20,951.0,-0.11228,train
2017-02-03,bci_value,981.0,6.88857,1064.0,1122.0,1167.0,1239.0,1369.0,1610.0,1468.0,1759.0,1058.0,1544.0,1152.14,97.62,1352.57,224.14,1366.1,226.21,1715.8,495.21,1766.92,457.25,-0.08122,-0.33326,-0.40308,-0.07556,922.0,926.0,972.0,667.0,670.0,702.0,382.0,386.0,428.0,0.5521,0.83378,0.92066,0.39037,14,2017-02-23,20,1134.0,0.14493,train
2017-02-06,bci_value,911.0,6.81454,981.0,1064.0,1122.0,1205.0,1287.0,1579.0,1509.0,1658.0,1048.0,1593.0,1098.43,111.15,1309.86,246.16,1361.53,233.84,1704.43,505.62,1750.57,461.23,-0.07403,-0.34553,-0.50466,-0.1401,922.0,922.0,973.0,665.0,667.0,696.0,377.0,382.0,424.0,0.59438,0.80419,0.95598,0.29343,14,2017-02-24,18,1165.0,0.24593,train
2017-02-07,bci_value,803.0,6.68835,911.0,981.0,1064.0,1167.0,1239.0,1466.0,1673.0,1598.0,1039.0,1636.0,1036.14,134.61,1247.71,256.25,1353.67,248.09,1690.55,518.58,1733.66,467.72,-0.12619,-0.43371,-0.73402,-0.25766,931.0,922.0,968.0,663.0,665.0,692.0,375.0,377.0,419.0,0.60812,0.79384,0.96551,0.26038,14,2017-02-27,20,1151.0,0.36003,train
2017-02-08,bci_value,725.0,6.58617,803.0,911.0,981.0,1122.0,1205.0,1369.0,1665.0,1470.0,1044.0,1786.0,967.57,152.23,1180.57,261.22,1343.03,267.24,1672.87,532.91,1716.18,475.63,-0.10218,-0.50806,-0.83141,-0.36464,934.0,931.0,964.0,665.0,663.0,688.0,378.0,375.0,415.0,0.62169,0.78327,0.97389,0.22701,14,2017-02-28,20,1021.0,0.34237,train
2017-02-09,bci_value,728.0,6.5903,725.0,803.0,911.0,1064.0,1167.0,1287.0,1610.0,1326.0,1144.0,1954.0,904.86,147.51,1117.57,256.36,1329.17,287.25,1652.43,545.11,1699.87,483.99,0.00413,-0.47189,-0.79369,-0.45199,940.0,934.0,951.0,668.0,665.0,679.0,377.0,378.0,402.0,0.63507,0.77246,0.98112,0.19338,14,2017-03-01,20,994.0,0.31144,train
2017-02-10,bci_value,687.0,6.53233,728.0,725.0,803.0,981.0,1122.0,1239.0,1579.0,1294.0,1219.0,2010.0,842.71,133.95,1053.86,244.33,1311.43,309.09,1630.38,556.83,1684.53,493.88,-0.05797,-0.49053,-0.83221,-0.57345,943.0,940.0,933.0,672.0,668.0,674.0,377.0,377.0,395.0,0.64826,0.76142,0.9872,0.15951,14,2017-03-02,20,1097.0,0.468,train
2017-02-13,bci_value,609.0,6.41182,687.0,728.0,725.0,911.0,1064.0,1205.0,1466.0,1383.0,1385.0,2303.0,777.71,120.52,992.64,240.73,1285.57,333.37,1602.15,564.9,1668.99,505.33,-0.12052,-0.55797,-0.87847,-0.82164,944.0,943.0,926.0,676.0,672.0,670.0,376.0,377.0,386.0,0.68668,0.72696,0.99838,0.05695,14,2017-03-03,18,1227.0,0.70051,train
2017-02-14,bci_value,567.0,6.34036,609.0,687.0,728.0,803.0,981.0,1167.0,1369.0,1468.0,1538.0,2338.0,718.57,107.08,935.36,239.78,1253.2,353.8,1572.63,571.9,1653.39,517.3,-0.07146,-0.54821,-0.88148,-0.99788,939.0,944.0,922.0,681.0,676.0,667.0,379.0,376.0,382.0,0.69908,0.71504,0.99975,0.02258,14,2017-03-06,20,1345.0,0.86379,train
2017-02-15,bci_value,556.0,6.32077,567.0,609.0,687.0,725.0,911.0,1122.0,1287.0,1509.0,1674.0,2282.0,667.86,85.91,883.14,237.1,1215.93,366.18,1543.87,578.86,1637.68,528.79,-0.01959,-0.49377,-0.8393,-1.1022,933.0,939.0,922.0,689.0,681.0,665.0,382.0,379.0,377.0,0.71128,0.70291,0.99993,-0.01183,14,2017-03-07,20,1556.0,1.02911,train
2017-02-16,bci_value,620.0,6.42972,556.0,567.0,609.0,728.0,803.0,1064.0,1239.0,1673.0,1759.0,2441.0,641.71,66.44,838.93,223.97,1177.97,366.95,1513.52,578.77,1622.21,537.89,0.10895,-0.25864,-0.69234,-1.04278,923.0,933.0,931.0,707.0,689.0,663.0,387.0,382.0,375.0,0.72326,0.69057,0.99893,-0.04622,14,2017-03-08,20,1578.0,0.93419,train
2017-02-17,bci_value,739.0,6.6053,620.0,556.0,567.0,687.0,725.0,981.0,1205.0,1665.0,1658.0,2731.0,643.71,69.08,805.64,200.48,1147.33,363.95,1480.32,564.95,1605.78,542.02,0.17558,0.01913,-0.48894,-0.80807,917.0,923.0,934.0,729.0,707.0,665.0,391.0,387.0,378.0,0.73503,0.67803,0.99675,-0.08055,14,2017-03-09,20,1678.0,0.82006,train
2017-02-20,bci_value,791.0,6.6733,739.0,620.0,556.0,609.0,728.0,911.0,1167.0,1610.0,1598.0,2752.0,652.71,82.31,778.79,173.67,1120.43,359.44,1447.63,546.87,1589.62,544.39,0.068,0.083,-0.38889,-0.70321,909.0,917.0,940.0,747.0,729.0,668.0,396.0,391.0,377.0,0.76903,0.63921,0.98315,-0.18282,14,2017-03-10,18,1789.0,0.81611,train
2017-02-21,bci_value,856.0,6.75227,791.0,739.0,620.0,567.0,687.0,803.0,1122.0,1579.0,1470.0,2638.0,676.86,109.21,759.79,147.69,1099.97,356.42,1417.93,529.53,1574.3,545.41,0.07897,0.21994,-0.2706,-0.54075,906.0,909.0,943.0,764.0,747.0,672.0,402.0,396.0,377.0,0.77991,0.62589,0.97628,-0.21653,14,2017-03-13,20,1843.0,0.76688,train
2017-02-22,bci_value,951.0,6.85751,856.0,791.0,739.0,556.0,609.0,725.0,1064.0,1466.0,1326.0,2598.0,725.71,140.07,751.71,133.22,1087.47,354.84,1390.48,509.97,1560.03,544.74,0.10524,0.4457,-0.11228,-0.33241,908.0,906.0,944.0,783.0,764.0,676.0,410.0,402.0,376.0,0.79056,0.61238,0.96825,-0.24998,14,2017-03-14,20,1929.0,0.70724,train
2017-02-23,bci_value,1134.0,7.03351,951.0,856.0,791.0,620.0,567.0,728.0,981.0,1369.0,1294.0,2507.0,806.71,182.41,762.64,155.92,1082.13,352.9,1367.6,489.76,1548.7,542.87,0.17599,0.69315,0.14493,-0.13199,927.0,908.0,939.0,797.0,783.0,681.0,420.0,410.0,379.0,0.80098,0.59869,0.95908,-0.28314,14,2017-03-15,20,2136.0,0.63318,train
2017-02-24,bci_value,1165.0,7.06048,1134.0,951.0,856.0,739.0,556.0,687.0,911.0,1287.0,1383.0,2374.0,893.71,187.25,780.79,184.32,1074.87,348.85,1347.45,472.51,1539.22,542.04,0.02697,0.73971,0.24593,-0.17153,947.0,927.0,933.0,809.0,797.0,689.0,428.0,420.0,382.0,0.81116,0.58482,0.94877,-0.31596,14,2017-03-16,20,2265.0,0.66485,train
2017-02-27,bci_value,1151.0,7.04839,1165.0,1134.0,951.0,791.0,620.0,609.0,803.0,1239.0,1468.0,2263.0,969.57,167.52,805.64,207.63,1064.3,341.5,1328.92,457.81,1529.59,541.15,-0.01209,0.61867,0.36003,-0.24327,966.0,947.0,923.0,817.0,809.0,707.0,436.0,428.0,387.0,0.84025,0.5422,0.91117,-0.41203,14,2017-03-17,18,2413.0,0.74024,train
2017-02-28,bci_value,1021.0,6.92854,1151.0,1165.0,1134.0,856.0,739.0,567.0,725.0,1205.0,1509.0,2260.0,1009.86,138.65,826.79,213.34,1048.03,331.41,1308.27,443.06,1518.68,541.39,-0.11985,0.32324,0.34237,-0.39066,995.0,966.0,917.0,825.0,817.0,729.0,444.0,436.0,391.0,0.84945,0.52767,0.89646,-0.44313,14,2017-03-20,20,2466.0,0.88181,train
2017-03-01,bci_value,994.0,6.90174,1021.0,1151.0,1165.0,951.0,791.0,556.0,728.0,1167.0,1673.0,2304.0,1038.86,107.59,845.79,215.53,1025.4,310.48,1286.43,425.37,1508.06,542.2,-0.0268,0.22844,0.31144,-0.52064,1041.0,995.0,909.0,833.0,825.0,747.0,451.0,444.0,396.0,0.8584,0.51298,0.88068,-0.47371,14,2017-03-21,20,2441.0,0.89843,train
2017-03-02,bci_value,1097.0,7.00033,994.0,1021.0,1151.0,1134.0,856.0,620.0,687.0,1122.0,1665.0,2263.0,1073.29,78.08,875.07,219.77,1006.47,287.35,1267.0,406.53,1499.96,542.84,0.0986,0.24806,0.468,-0.41725,1084.0,1041.0,906.0,840.0,833.0,764.0,457.0,451.0,402.0,0.8671,0.49814,0.86387,-0.50372,14,2017-03-22,20,2378.0,0.77368,train
2017-03-03,bci_value,1227.0,7.11233,1097.0,994.0,1021.0,1165.0,951.0,739.0,609.0,1064.0,1610.0,2206.0,1112.71,76.03,919.21,223.92,993.7,268.12,1250.68,387.73,1495.4,543.39,0.11199,0.25481,0.70051,-0.27166,1118.0,1084.0,908.0,846.0,840.0,783.0,462.0,457.0,410.0,0.87554,0.48315,0.84603,-0.53314,14,2017-03-23,20,2345.0,0.64771,train
2017-03-06,bci_value,1345.0,7.20415,1227.0,1097.0,994.0,1151.0,1134.0,791.0,567.0,981.0,1579.0,2193.0,1142.86,111.87,974.79,226.15,985.9,254.01,1236.55,368.08,1492.84,543.55,0.09182,0.17064,0.86379,-0.1604,1154.0,1118.0,927.0,852.0,846.0,797.0,468.0,462.0,420.0,0.8993,0.43734,0.7866,-0.61747,14,2017-03-24,18,2482.0,0.61267,train
2017-03-07,bci_value,1556.0,7.34987,1345.0,1227.0,1097.0,1021.0,1165.0,856.0,556.0,911.0,1466.0,2137.0,1198.71,183.6,1046.21,240.09,988.9,260.12,1226.87,351.53,1493.79,543.58,0.14572,0.2894,1.02911,0.05958,1194.0,1154.0,947.0,861.0,852.0,809.0,477.0,468.0,428.0,0.90669,0.42181,0.76489,-0.64416,14,2017-03-27,20,2620.0,0.52106,train
2017-03-08,bci_value,1578.0,7.36391,1556.0,1345.0,1227.0,994.0,1151.0,951.0,620.0,803.0,1369.0,2067.0,1259.71,224.09,1114.64,245.32,995.87,272.7,1218.72,337.34,1496.34,543.43,0.01404,0.31553,0.93419,0.14208,1220.0,1194.0,966.0,868.0,861.0,817.0,485.0,477.0,436.0,0.91381,0.40615,0.74228,-0.67009,14,2017-03-28,20,2765.0,0.56088,train
2017-03-09,bci_value,1678.0,7.42536,1578.0,1556.0,1345.0,1097.0,1021.0,1134.0,739.0,725.0,1287.0,1935.0,1353.57,241.37,1181.71,261.3,1008.9,294.76,1214.43,329.77,1500.82,543.25,0.06144,0.49682,0.82006,0.26529,1220.0,1220.0,995.0,872.0,868.0,825.0,491.0,485.0,444.0,0.92066,0.39037,0.71879,-0.69523,14,2017-03-29,20,2755.0,0.49581,train
2017-03-10,bci_value,1789.0,7.48941,1678.0,1578.0,1556.0,1227.0,994.0,1165.0,791.0,728.0,1239.0,1724.0,1467.14,232.33,1253.0,280.42,1027.23,324.14,1215.52,331.54,1506.83,543.41,0.06405,0.58767,0.81611,0.36735,1211.0,1220.0,1041.0,874.0,872.0,833.0,495.0,491.0,451.0,0.92724,0.37447,0.69445,-0.71954,14,2017-03-30,20,2690.0,0.40788,train
2017-03-13,bci_value,1843.0,7.51915,1789.0,1678.0,1578.0,1345.0,1097.0,1151.0,856.0,687.0,1205.0,1575.0,1573.71,207.91,1323.5,295.41,1048.5,354.6,1219.98,338.1,1511.57,544.46,0.02974,0.51882,0.76688,0.42492,1207.0,1211.0,1084.0,875.0,874.0,840.0,499.0,495.0,457.0,0.94532,0.32614,0.61662,-0.78726,14,2017-03-31,18,2597.0,0.34296,train
2017-03-14,bci_value,1929.0,7.56476,1843.0,1789.0,1678.0,1556.0,1227.0,1021.0,951.0,609.0,1167.0,1464.0,1674.0,184.47,1393.36,314.11,1073.9,387.91,1227.73,348.76,1515.96,546.22,0.04561,0.45243,0.70724,0.50257,1185.0,1207.0,1118.0,877.0,875.0,846.0,502.0,499.0,462.0,0.95079,0.30983,0.58918,-0.808,14,2017-04-03,20,2518.0,0.26646,train
2017-03-15,bci_value,2136.0,7.66669,1929.0,1843.0,1789.0,1578.0,1345.0,994.0,1134.0,567.0,1122.0,1404.0,1787.0,190.5,1464.93,357.96,1107.7,432.27,1239.93,367.04,1523.66,550.01,0.10193,0.46254,0.63318,0.64382,1150.0,1185.0,1154.0,877.0,877.0,852.0,505.0,502.0,468.0,0.95598,0.29343,0.56103,-0.82779,14,2017-04-04,20,2382.0,0.10901,train
2017-03-16,bci_value,2265.0,7.72533,2136.0,1929.0,1843.0,1678.0,1556.0,1097.0,1165.0,556.0,1064.0,1169.0,1888.29,225.94,1543.5,401.57,1147.73,479.41,1258.2,389.63,1532.7,555.4,0.05864,0.37546,0.66485,0.75554,1129.0,1150.0,1194.0,877.0,877.0,861.0,508.0,505.0,477.0,0.96089,0.27695,0.53223,-0.8466,14,2017-04-05,20,2229.0,-0.01602,train
2017-03-17,bci_value,2413.0,7.78863,2265.0,2136.0,1929.0,1789.0,1578.0,1227.0,1151.0,620.0,981.0,1058.0,2007.57,249.8,1633.64,442.86,1195.47,529.14,1280.78,415.77,1542.36,563.02,0.0633,0.42471,0.74024,0.90005,1108.0,1129.0,1220.0,879.0,877.0,868.0,508.0,508.0,485.0,0.96551,0.26038,0.50279,-0.86441,14,2017-04-06,20,2184.0,-0.09971,train
2017-03-20,bci_value,2466.0,7.81035,2413.0,2265.0,2136.0,1843.0,1678.0,1345.0,1021.0,739.0,911.0,1048.0,2120.14,253.44,1736.86,456.24,1247.3,573.08,1304.42,441.37,1552.06,571.27,0.02173,0.38499,0.88181,0.99581,1103.0,1108.0,1220.0,884.0,879.0,872.0,510.0,508.0,491.0,0.97765,0.21022,0.41105,-0.91161,14,2017-04-07,18,2173.0,-0.12649,train
2017-03-21,bci_value,2441.0,7.80016,2466.0,2413.0,2265.0,1929.0,1789.0,1556.0,994.0,791.0,803.0,1039.0,2213.29,233.66,1840.21,439.85,1301.9,605.27,1327.78,463.27,1561.0,578.76,-0.01019,0.31075,0.89843,1.11181,1101.0,1103.0,1211.0,886.0,884.0,874.0,512.0,510.0,495.0,0.98112,0.19338,0.37945,-0.92521,14,2017-04-10,20,2165.0,-0.11999,train
2017-03-22,bci_value,2378.0,7.77402,2441.0,2466.0,2413.0,2136.0,1843.0,1578.0,1097.0,856.0,725.0,1044.0,2289.71,181.78,1931.71,407.8,1357.0,625.16,1350.02,480.8,1567.58,584.62,-0.02615,0.25487,0.77368,1.18784,1119.0,1101.0,1207.0,888.0,886.0,875.0,516.0,512.0,499.0,0.98431,0.17647,0.3474,-0.93772,14,2017-04-11,20,2227.0,-0.0656,train
2017-03-23,bci_value,2345.0,7.76004,2378.0,2441.0,2466.0,2265.0,1929.0,1678.0,1227.0,951.0,728.0,1144.0,2349.14,106.59,2011.57,369.66,1410.9,638.18,1370.03,496.55,1571.92,588.91,-0.01397,0.19528,0.64771,1.16974,1170.0,1119.0,1185.0,892.0,888.0,877.0,521.0,516.0,502.0,0.9872,0.15951,0.31494,-0.94911,14,2017-04-12,20,2252.0,-0.04047,train
2017-03-24,bci_value,2482.0,7.81682,2345.0,2378.0,2441.0,2413.0,2136.0,1789.0,1345.0,1134.0,687.0,1219.0,2398.57,70.36,2092.79,337.82,1470.73,651.51,1391.08,516.09,1577.17,594.86,0.05678,0.15013,0.61267,1.28449,1218.0,1170.0,1150.0,896.0,892.0,877.0,526.0,521.0,505.0,0.98979,0.14251,0.28211,-0.95938,14,2017-04-13,20,2249.0,-0.09858,train
2017-03-27,bci_value,2620.0,7.87093,2482.0,2345.0,2378.0,2466.0,2265.0,1843.0,1556.0,1165.0,609.0,1385.0,2449.29,82.67,2168.79,328.06,1537.77,662.75,1411.67,539.53,1580.69,600.06,0.05411,0.1456,0.52106,1.45911,1253.0,1218.0,1129.0,895.0,896.0,877.0,530.0,526.0,508.0,0.99583,0.09126,0.18176,-0.98334,14,2017-04-18,22,2220.0,-0.16567,train
2017-03-28,bci_value,2765.0,7.9248,2620.0,2482.0,2345.0,2441.0,2413.0,1929.0,1578.0,1151.0,567.0,1538.0,2499.57,135.49,2253.57,317.64,1611.03,672.8,1432.12,566.51,1585.43,607.67,0.05387,0.13617,0.56088,1.58444,1306.0,1253.0,1108.0,893.0,895.0,879.0,535.0,530.0,508.0,0.99725,0.07412,0.14783,-0.98901,14,2017-04-19,22,2130.0,-0.26092,train
2017-03-29,bci_value,2755.0,7.92117,2765.0,2620.0,2482.0,2378.0,2466.0,2136.0,1678.0,1021.0,556.0,1674.0,2540.86,160.66,2330.5,298.78,1684.33,673.65,1450.13,590.59,1590.69,615.67,-0.00362,0.11082,0.49581,1.6004,1346.0,1306.0,1103.0,885.0,893.0,884.0,538.0,535.0,510.0,0.99838,0.05695,0.11372,-0.99351,14,2017-04-20,22,1991.0,-0.32478,train
2017-03-30,bci_value,2690.0,7.8973,2755.0,2765.0,2620.0,2345.0,2441.0,2265.0,1789.0,994.0,620.0,1759.0,2576.43,162.17,2394.86,270.95,1753.33,667.08,1465.65,610.4,1593.46,620.02,-0.02388,0.09713,0.40788,1.46758,1366.0,1346.0,1101.0,882.0,885.0,886.0,539.0,538.0,512.0,0.99921,0.03977,0.07948,-0.99684,14,2017-04-21,22,1830.0,-0.38523,train
2017-03-31,bci_value,2597.0,7.86211,2690.0,2755.0,2765.0,2482.0,2378.0,2413.0,1843.0,1097.0,739.0,1658.0,2607.71,140.56,2448.71,227.34,1815.27,656.2,1481.3,626.94,1591.97,617.45,-0.03518,0.0881,0.34296,1.25681,1374.0,1366.0,1119.0,881.0,882.0,888.0,540.0,539.0,516.0,0.99975,0.02258,0.04514,-0.99898,14,2017-04-24,24,1780.0,-0.37774,train
2017-04-03,bci_value,2518.0,7.83122,2597.0,2690.0,2755.0,2620.0,2345.0,2466.0,1929.0,1227.0,791.0,1598.0,2632.43,102.15,2490.79,175.96,1872.83,639.35,1496.63,640.71,1589.37,613.03,-0.03089,0.07118,0.26646,1.15792,1379.0,1374.0,1170.0,882.0,881.0,892.0,541.0,540.0,521.0,0.99958,-0.02903,-0.05803,-0.99832,14,2017-04-25,22,1767.0,-0.35418,train
2017-04-04,bci_value,2382.0,7.7757,2518.0,2597.0,2690.0,2765.0,2482.0,2441.0,2136.0,1345.0,856.0,1470.0,2618.14,126.32,2508.36,150.02,1923.7,616.73,1511.83,650.64,1586.52,608.74,-0.05552,-0.04112,0.10901,1.02343,1377.0,1379.0,1218.0,881.0,882.0,896.0,542.0,541.0,526.0,0.99893,-0.04622,-0.09233,-0.99573,14,2017-04-26,22,1790.0,-0.28572,train
2017-04-05,bci_value,2229.0,7.70931,2382.0,2518.0,2597.0,2755.0,2620.0,2378.0,2265.0,1556.0,951.0,1326.0,2562.29,185.66,2505.79,154.42,1966.3,591.71,1526.88,656.58,1582.42,603.13,-0.06639,-0.16162,-0.01602,0.85179,1371.0,1377.0,1253.0,880.0,881.0,895.0,543.0,542.0,530.0,0.99799,-0.06339,-0.12653,-0.99196,14,2017-04-27,22,1798.0,-0.21488,train
2017-04-06,bci_value,2184.0,7.68891,2229.0,2382.0,2518.0,2690.0,2765.0,2345.0,2413.0,1578.0,1134.0,1294.0,2479.29,205.31,2489.43,174.23,2001.3,572.17,1541.72,661.19,1578.83,598.56,-0.02039,-0.23588,-0.09971,0.65541,1387.0,1371.0,1306.0,882.0,880.0,893.0,545.0,543.0,535.0,0.99675,-0.08055,-0.16057,-0.98702,14,2017-04-28,22,1779.0,-0.20511,train
2017-04-07,bci_value,2173.0,7.68386,2184.0,2229.0,2382.0,2597.0,2755.0,2482.0,2466.0,1678.0,1165.0,1383.0,2396.14,194.38,2468.5,192.44,2034.9,551.29,1554.88,665.75,1576.6,595.96,-0.00505,-0.23731,-0.12649,0.62339,1427.0,1387.0,1346.0,886.0,882.0,885.0,547.0,545.0,538.0,0.99522,-0.09768,-0.19443,-0.98092,14,2017-05-02,25,1668.0,-0.26448,train
2017-04-10,bci_value,2165.0,7.68018,2173.0,2184.0,2229.0,2518.0,2690.0,2620.0,2441.0,1789.0,1151.0,1468.0,2321.14,165.69,2448.79,207.77,2068.7,526.59,1566.5,670.2,1575.51,594.79,-0.00369,-0.21712,-0.11999,0.63179,1466.0,1427.0,1366.0,888.0,886.0,882.0,549.0,547.0,539.0,0.98885,-0.14889,-0.29446,-0.95566,14,2017-05-03,23,1542.0,-0.33934,train
2017-04-11,bci_value,2227.0,7.70841,2165.0,2173.0,2184.0,2382.0,2597.0,2765.0,2378.0,1843.0,1021.0,1509.0,2268.29,122.7,2438.0,214.96,2108.9,489.83,1578.47,675.46,1575.14,594.38,0.02824,-0.1537,-0.0656,0.77987,1533.0,1466.0,1374.0,891.0,888.0,881.0,552.0,549.0,540.0,0.98615,-0.16588,-0.32716,-0.94497,14,2017-05-04,23,1458.0,-0.42359,train
2017-04-12,bci_value,2252.0,7.71957,2227.0,2165.0,2173.0,2229.0,2518.0,2755.0,2345.0,1929.0,994.0,1673.0,2230.29,68.86,2431.36,219.13,2150.83,444.32,1588.12,680.85,1574.57,593.7,0.01116,-0.11165,-0.04047,0.81784,1583.0,1533.0,1379.0,893.0,891.0,882.0,554.0,552.0,541.0,0.98315,-0.18282,-0.35947,-0.93316,14,2017-05-05,23,1480.0,-0.41978,train
2017-04-13,bci_value,2249.0,7.71824,2252.0,2227.0,2165.0,2184.0,2382.0,2690.0,2482.0,2136.0,1097.0,1665.0,2211.29,33.79,2414.71,223.46,2189.23,399.06,1597.85,686.04,1574.41,593.52,-0.00133,-0.05745,-0.09858,0.71791,1611.0,1583.0,1377.0,899.0,893.0,881.0,560.0,554.0,542.0,0.97986,-0.1997,-0.39136,-0.92024,14,2017-05-08,25,1571.0,-0.35877,train
2017-04-18,bci_value,2220.0,7.70526,2249.0,2252.0,2227.0,2173.0,2229.0,2597.0,2620.0,2265.0,1227.0,1610.0,2210.0,33.26,2386.14,220.94,2222.33,356.82,1608.02,690.64,1574.57,593.69,-0.01298,-0.00405,-0.16567,0.59294,1621.0,1611.0,1371.0,898.0,899.0,880.0,563.0,560.0,543.0,0.95908,-0.28314,-0.54311,-0.83966,14,2017-05-09,21,1635.0,-0.30586,train
2017-04-19,bci_value,2130.0,7.66388,2220.0,2249.0,2252.0,2165.0,2184.0,2518.0,2765.0,2413.0,1345.0,1579.0,2202.29,43.18,2340.79,202.96,2248.5,318.22,1617.2,693.85,1573.87,592.99,-0.04139,-0.02504,-0.26092,0.45973,1612.0,1621.0,1387.0,900.0,898.0,882.0,568.0,563.0,545.0,0.95407,-0.29959,-0.57167,-0.82049,14,2017-05-10,21,1645.0,-0.25838,train
2017-04-20,bci_value,1991.0,7.59639,2130.0,2220.0,2249.0,2227.0,2173.0,2382.0,2755.0,2466.0,1556.0,1466.0,2176.29,86.27,2286.21,186.27,2263.0,295.43,1625.95,695.2,1572.24,591.65,-0.06748,-0.08747,-0.32478,0.24652,1553.0,1612.0,1427.0,899.0,900.0,886.0,572.0,568.0,547.0,0.94877,-0.31596,-0.59955,-0.80034,14,2017-05-11,21,1695.0,-0.16095,train
2017-04-21,bci_value,1830.0,7.51207,1991.0,2130.0,2220.0,2252.0,2165.0,2229.0,2690.0,2441.0,1578.0,1369.0,2128.43,149.22,2224.79,184.78,2271.4,278.96,1633.63,694.87,1569.61,589.97,-0.08432,-0.1681,-0.38523,0.14816,1494.0,1553.0,1466.0,895.0,899.0,888.0,575.0,572.0,549.0,0.9432,-0.33224,-0.62673,-0.77924,14,2017-05-12,21,1725.0,-0.05909,train
2017-04-24,bci_value,1780.0,7.48437,1830.0,1991.0,2130.0,2249.0,2227.0,2184.0,2597.0,2378.0,1678.0,1287.0,2064.57,184.78,2166.43,187.01,2274.8,272.24,1641.85,693.63,1567.89,589.12,-0.0277,-0.22404,-0.37774,0.05901,1429.0,1494.0,1533.0,892.0,895.0,891.0,577.0,575.0,552.0,0.9248,-0.38045,-0.70368,-0.71052,14,2017-05-15,21,1661.0,-0.06919,train
2017-04-25,bci_value,1767.0,7.47704,1780.0,1830.0,1991.0,2220.0,2252.0,2173.0,2518.0,2345.0,1789.0,1239.0,1995.29,192.29,2112.79,186.18,2274.07,273.58,1650.65,691.81,1568.37,589.27,-0.00733,-0.24254,-0.35418,-0.01237,1371.0,1429.0,1583.0,887.0,892.0,893.0,577.0,577.0,554.0,0.91812,-0.3963,-0.7277,-0.68589,14,2017-05-16,21,1632.0,-0.07948,train
2017-04-26,bci_value,1790.0,7.48997,1767.0,1780.0,1830.0,2130.0,2249.0,2165.0,2382.0,2482.0,1843.0,1205.0,1929.71,171.75,2070.5,187.46,2272.3,276.51,1660.4,689.58,1570.76,589.72,0.01293,-0.22827,-0.28572,-0.02918,1320.0,1371.0,1611.0,881.0,887.0,899.0,576.0,577.0,560.0,0.91117,-0.41203,-0.75086,-0.66046,14,2017-05-17,21,1590.0,-0.11848,train
2017-04-27,bci_value,1798.0,7.49443,1790.0,1767.0,1780.0,1991.0,2220.0,2227.0,2229.0,2620.0,1929.0,1167.0,1869.43,127.69,2039.71,194.17,2267.93,282.86,1670.92,686.78,1574.47,590.09,0.00446,-0.21083,-0.21488,-0.07033,1260.0,1320.0,1621.0,870.0,881.0,898.0,569.0,576.0,563.0,0.90395,-0.42765,-0.77314,-0.63424,14,2017-05-18,21,1638.0,-0.0932,train
2017-04-28,bci_value,1779.0,7.48381,1798.0,1790.0,1767.0,1830.0,2130.0,2252.0,2184.0,2765.0,2136.0,1122.0,1819.29,72.52,2010.79,200.58,2256.03,295.39,1681.87,683.17,1578.63,590.2,-0.01062,-0.18007,-0.20511,-0.18288,1187.0,1260.0,1612.0,861.0,870.0,900.0,559.0,569.0,568.0,0.89646,-0.44313,-0.7945,-0.60727,14,2017-05-19,21,1668.0,-0.06443,train
2017-05-02,bci_value,1668.0,7.41938,1779.0,1798.0,1790.0,1780.0,1991.0,2249.0,2173.0,2755.0,2265.0,1064.0,1773.14,46.77,1974.71,213.18,2236.13,313.66,1691.93,678.43,1584.18,588.66,-0.06443,-0.17701,-0.26448,-0.30595,1140.0,1187.0,1553.0,849.0,861.0,899.0,550.0,559.0,572.0,0.86387,-0.50372,-0.87029,-0.49253,14,2017-05-22,20,1704.0,0.02135,train
2017-05-03,bci_value,1542.0,7.34084,1668.0,1779.0,1798.0,1767.0,1830.0,2220.0,2165.0,2690.0,2413.0,981.0,1732.0,87.55,1930.21,232.92,2207.1,335.5,1701.28,672.4,1589.56,586.04,-0.07855,-0.17124,-0.33934,-0.44779,1096.0,1140.0,1494.0,835.0,849.0,895.0,540.0,550.0,575.0,0.85507,-0.51851,-0.88672,-0.4623,14,2017-05-23,20,1706.0,0.10107,train
2017-05-04,bci_value,1458.0,7.28482,1542.0,1668.0,1779.0,1790.0,1780.0,2130.0,2227.0,2597.0,2466.0,911.0,1686.0,126.27,1875.29,246.72,2173.5,357.63,1710.4,665.3,1594.11,583.4,-0.05601,-0.19955,-0.42359,-0.52553,1048.0,1096.0,1429.0,822.0,835.0,892.0,532.0,540.0,577.0,0.84603,-0.53314,-0.9021,-0.43153,14,2017-05-24,20,1654.0,0.12613,train
2017-05-05,bci_value,1480.0,7.2998,1458.0,1542.0,1668.0,1798.0,1767.0,1991.0,2252.0,2518.0,2441.0,803.0,1645.0,139.24,1820.14,242.6,2141.47,374.86,1721.68,655.48,1599.01,580.56,0.01498,-0.17724,-0.41978,-0.50037,1023.0,1048.0,1371.0,811.0,822.0,887.0,523.0,532.0,577.0,0.83673,-0.54761,-0.91641,-0.40024,14,2017-05-25,20,1595.0,0.07483,train
2017-05-08,bci_value,1571.0,7.35947,1480.0,1458.0,1542.0,1779.0,1790.0,1830.0,2249.0,2382.0,2378.0,725.0,1613.71,127.24,1771.71,218.65,2114.57,385.72,1735.78,642.87,1604.87,577.58,0.05967,-0.1305,-0.35877,-0.41455,1009.0,1023.0,1320.0,799.0,811.0,881.0,517.0,523.0,576.0,0.80737,-0.59004,-0.95277,-0.3037,14,2017-05-26,18,1591.0,0.01265,train
2017-05-09,bci_value,1635.0,7.3994,1571.0,1480.0,1458.0,1668.0,1798.0,1780.0,2220.0,2229.0,2345.0,728.0,1590.43,104.21,1729.93,181.78,2090.9,392.58,1750.9,629.52,1610.32,575.52,0.03993,-0.09503,-0.30586,-0.36064,1007.0,1009.0,1260.0,794.0,799.0,870.0,512.0,517.0,569.0,0.7971,-0.60385,-0.96265,-0.27074,14,2017-05-30,21,1564.0,-0.0444,train
2017-05-10,bci_value,1645.0,7.4055,1635.0,1571.0,1480.0,1542.0,1779.0,1767.0,2130.0,2184.0,2482.0,687.0,1571.29,76.41,1695.29,144.65,2063.0,393.53,1766.87,614.3,1615.06,574.03,0.0061,-0.07831,-0.25838,-0.41132,1011.0,1007.0,1187.0,790.0,794.0,861.0,510.0,512.0,559.0,0.7866,-0.61747,-0.9714,-0.23747,14,2017-05-31,21,1511.0,-0.08497,train
2017-05-11,bci_value,1695.0,7.43544,1645.0,1635.0,1571.0,1458.0,1668.0,1790.0,1991.0,2173.0,2620.0,609.0,1575.14,81.7,1674.14,119.3,2032.17,384.82,1784.97,595.63,1618.5,573.57,0.02994,0.01606,-0.16095,-0.43549,1006.0,1011.0,1140.0,787.0,790.0,849.0,510.0,510.0,550.0,0.77586,-0.63091,-0.97899,-0.20391,14,2017-06-01,21,1430.0,-0.17001,train
2017-05-12,bci_value,1725.0,7.45298,1695.0,1645.0,1635.0,1480.0,1542.0,1798.0,1830.0,2165.0,2765.0,567.0,1601.29,95.09,1666.64,112.36,1997.5,363.5,1804.27,574.23,1620.58,573.61,0.01754,0.11215,-0.05909,-0.47181,992.0,1006.0,1096.0,784.0,787.0,835.0,509.0,510.0,540.0,0.76489,-0.64416,-0.98542,-0.17012,14,2017-06-02,21,1374.0,-0.2275,train
2017-05-15,bci_value,1661.0,7.41518,1725.0,1695.0,1645.0,1571.0,1458.0,1779.0,1780.0,2227.0,2755.0,556.0,1630.29,76.01,1658.14,107.88,1961.03,339.78,1822.68,551.15,1620.43,573.6,-0.03781,0.13035,-0.06919,-0.506,978.0,992.0,1048.0,782.0,784.0,822.0,508.0,509.0,532.0,0.73064,-0.68276,-0.99771,-0.06768,14,2017-06-05,21,1353.0,-0.2051,train
2017-05-16,bci_value,1632.0,7.39756,1661.0,1725.0,1695.0,1635.0,1480.0,1668.0,1767.0,2252.0,2690.0,620.0,1652.0,45.6,1648.5,103.67,1925.77,316.38,1839.55,529.13,1619.02,573.42,-0.01761,0.09776,-0.07948,-0.49973,956.0,978.0,1023.0,778.0,782.0,811.0,507.0,508.0,523.0,0.71879,-0.69523,-0.99944,-0.03332,14,2017-06-06,21,1366.0,-0.17792,train
2017-05-17,bci_value,1590.0,7.37149,1632.0,1661.0,1725.0,1645.0,1571.0,1542.0,1790.0,2249.0,2597.0,739.0,1654.71,41.04,1634.21,96.73,1892.2,296.16,1853.73,510.52,1618.27,573.41,-0.02607,0.01202,-0.11848,-0.49062,925.0,956.0,1009.0,771.0,778.0,799.0,505.0,507.0,517.0,0.70673,-0.70749,-1.0,0.00108,14,2017-06-07,21,1379.0,-0.14238,train
2017-05-18,bci_value,1638.0,7.40123,1590.0,1632.0,1661.0,1695.0,1635.0,1458.0,1798.0,2220.0,2518.0,791.0,1655.14,40.85,1622.79,85.5,1862.87,275.59,1867.85,492.33,1618.71,573.41,0.02974,0.00183,-0.0932,-0.42999,894.0,925.0,1007.0,764.0,771.0,794.0,504.0,505.0,512.0,0.69445,-0.71954,-0.99937,0.03547,14,2017-06-08,21,1381.0,-0.17067,train
2017-05-19,bci_value,1668.0,7.41938,1638.0,1590.0,1632.0,1725.0,1645.0,1480.0,1779.0,2130.0,2382.0,856.0,1658.43,40.82,1614.86,75.17,1839.07,260.13,1881.38,475.19,1620.91,573.21,0.01815,0.01388,-0.06443,-0.35632,870.0,894.0,1011.0,759.0,764.0,790.0,502.0,504.0,510.0,0.68197,-0.73138,-0.99756,0.06983,14,2017-06-09,21,1438.0,-0.14837,train
2017-05-22,bci_value,1704.0,7.44073,1668.0,1638.0,1590.0,1661.0,1695.0,1571.0,1668.0,1991.0,2229.0,951.0,1659.71,42.08,1617.43,77.53,1821.57,250.8,1893.93,460.16,1625.11,572.42,0.02135,0.0053,0.02135,-0.26857,854.0,870.0,1006.0,753.0,759.0,787.0,496.0,502.0,510.0,0.64334,-0.76558,-0.98506,0.17224,14,2017-06-12,21,1481.0,-0.14026,train
2017-05-23,bci_value,1706.0,7.44191,1704.0,1668.0,1638.0,1632.0,1725.0,1635.0,1542.0,1830.0,2184.0,1134.0,1657.0,38.21,1629.14,77.63,1805.63,242.31,1903.47,450.13,1629.69,571.4,0.00117,-0.01108,0.10107,-0.24701,850.0,854.0,992.0,746.0,753.0,784.0,486.0,496.0,509.0,0.63007,-0.77654,-0.97855,0.20602,14,2017-06-13,21,1442.0,-0.16812,train
2017-05-24,bci_value,1654.0,7.41095,1706.0,1704.0,1668.0,1590.0,1661.0,1645.0,1458.0,1780.0,2173.0,1165.0,1656.0,38.19,1643.14,61.51,1788.33,233.84,1911.62,441.02,1632.7,570.81,-0.03095,-0.00422,0.12613,-0.27291,849.0,850.0,978.0,737.0,746.0,782.0,478.0,486.0,508.0,0.61662,-0.78726,-0.97088,0.23956,14,2017-06-14,21,1362.0,-0.19424,train
2017-05-25,bci_value,1595.0,7.37463,1654.0,1706.0,1704.0,1638.0,1632.0,1695.0,1480.0,1767.0,2165.0,1151.0,1650.71,43.35,1651.36,44.5,1769.33,225.47,1919.02,431.83,1634.11,570.56,-0.03632,-0.02293,0.07483,-0.30555,848.0,849.0,956.0,728.0,737.0,778.0,473.0,478.0,507.0,0.60299,-0.79775,-0.96207,0.27281,14,2017-06-15,21,1277.0,-0.22236,train
2017-05-26,bci_value,1591.0,7.37212,1595.0,1654.0,1706.0,1668.0,1590.0,1725.0,1571.0,1790.0,2227.0,1021.0,1650.86,43.16,1652.79,42.15,1748.13,210.87,1928.52,418.01,1635.02,570.42,-0.00251,0.00063,0.01265,-0.33629,845.0,848.0,925.0,721.0,728.0,771.0,469.0,473.0,505.0,0.58918,-0.808,-0.95211,0.30574,14,2017-06-16,21,1213.0,-0.27127,train
2017-05-30,bci_value,1564.0,7.355,1591.0,1595.0,1654.0,1704.0,1638.0,1661.0,1635.0,1798.0,2252.0,994.0,1640.29,52.96,1647.71,47.87,1725.2,191.33,1938.02,402.87,1633.81,570.45,-0.01712,-0.04623,-0.0444,-0.36457,842.0,845.0,894.0,712.0,721.0,764.0,461.0,469.0,504.0,0.53223,-0.8466,-0.90117,0.43347,14,2017-06-19,20,1169.0,-0.2911,train
2017-05-31,bci_value,1511.0,7.32053,1564.0,1591.0,1595.0,1706.0,1668.0,1632.0,1645.0,1779.0,2249.0,1097.0,1617.86,67.67,1638.14,59.45,1700.6,168.48,1944.92,391.8,1632.1,570.59,-0.03447,-0.09885,-0.08497,-0.39771,829.0,842.0,870.0,698.0,712.0,759.0,455.0,461.0,502.0,0.51759,-0.85563,-0.88572,0.46421,14,2017-06-20,20,1110.0,-0.30841,train
2017-06-01,bci_value,1430.0,7.26543,1511.0,1564.0,1591.0,1654.0,1704.0,1590.0,1695.0,1668.0,2220.0,1227.0,1578.71,83.84,1619.21,77.72,1674.27,145.4,1948.3,386.43,1630.1,570.98,-0.0551,-0.1753,-0.17001,-0.43983,810.0,829.0,854.0,685.0,698.0,753.0,449.0,455.0,496.0,0.50279,-0.86441,-0.86923,0.4944,14,2017-06-21,20,1020.0,-0.33787,train
2017-06-02,bci_value,1374.0,7.22548,1430.0,1511.0,1564.0,1595.0,1706.0,1638.0,1725.0,1542.0,2130.0,1345.0,1531.29,91.93,1594.14,94.38,1649.07,128.8,1948.78,385.69,1627.82,571.59,-0.03995,-0.21643,-0.2275,-0.4384,792.0,810.0,850.0,674.0,685.0,746.0,446.0,449.0,486.0,0.48785,-0.87293,-0.85171,0.52401,14,2017-06-22,20,993.0,-0.32475,train
2017-06-05,bci_value,1353.0,7.21008,1374.0,1430.0,1511.0,1591.0,1654.0,1668.0,1661.0,1458.0,1991.0,1556.0,1488.29,94.83,1572.14,110.71,1627.8,123.13,1945.4,389.99,1626.57,572.06,-0.0154,-0.20087,-0.2051,-0.38631,789.0,792.0,849.0,666.0,674.0,737.0,441.0,446.0,478.0,0.44217,-0.89693,-0.79319,0.60897,14,2017-06-23,18,987.0,-0.31541,train
2017-06-06,bci_value,1366.0,7.21964,1353.0,1374.0,1430.0,1564.0,1595.0,1704.0,1632.0,1480.0,1830.0,1578.0,1455.57,91.82,1553.14,121.14,1612.33,125.87,1941.87,394.24,1626.53,572.08,0.00956,-0.15499,-0.17792,-0.29243,783.0,789.0,848.0,658.0,666.0,728.0,434.0,441.0,473.0,0.42667,-0.90441,-0.77177,0.6359,14,2017-06-26,20,1005.0,-0.3069,train
2017-06-07,bci_value,1379.0,7.22911,1366.0,1353.0,1374.0,1511.0,1591.0,1706.0,1590.0,1571.0,1780.0,1678.0,1425.29,75.71,1538.07,128.52,1598.97,128.62,1936.88,399.4,1627.56,571.55,0.00947,-0.143,-0.14238,-0.25525,783.0,783.0,845.0,652.0,658.0,721.0,429.0,434.0,469.0,0.41105,-0.91161,-0.74944,0.66207,14,2017-06-27,20,1066.0,-0.25745,train
2017-06-08,bci_value,1381.0,7.23056,1379.0,1366.0,1353.0,1430.0,1564.0,1654.0,1638.0,1635.0,1767.0,1789.0,1399.14,50.79,1519.71,131.26,1586.1,130.46,1930.08,405.29,1629.13,570.67,0.00145,-0.12444,-0.17067,-0.24648,793.0,783.0,842.0,649.0,652.0,712.0,425.0,429.0,461.0,0.39531,-0.91855,-0.72622,0.68746,14,2017-06-28,20,1170.0,-0.1658,train
2017-06-09,bci_value,1438.0,7.27101,1381.0,1379.0,1366.0,1374.0,1511.0,1595.0,1668.0,1645.0,1790.0,1843.0,1388.71,29.99,1503.29,125.96,1574.37,127.39,1923.33,410.02,1631.72,569.27,0.04045,-0.04952,-0.14837,-0.21896,813.0,793.0,829.0,654.0,649.0,698.0,425.0,425.0,455.0,0.37945,-0.92521,-0.70215,0.71203,14,2017-06-29,20,1146.0,-0.22698,train
2017-06-12,bci_value,1481.0,7.30047,1438.0,1381.0,1379.0,1353.0,1430.0,1591.0,1704.0,1695.0,1798.0,1929.0,1396.0,42.65,1487.36,113.01,1563.8,121.4,1915.87,413.91,1635.21,567.37,0.02946,0.03504,-0.14026,-0.19396,833.0,813.0,810.0,658.0,654.0,685.0,424.0,425.0,449.0,0.33122,-0.94355,-0.62505,0.78058,14,2017-06-30,18,1086.0,-0.31022,train
2017-06-13,bci_value,1442.0,7.27379,1481.0,1438.0,1381.0,1366.0,1374.0,1564.0,1706.0,1725.0,1779.0,2136.0,1405.71,44.25,1468.5,95.64,1552.57,116.46,1904.3,417.28,1638.77,565.14,-0.02669,0.0483,-0.16812,-0.21002,865.0,833.0,792.0,665.0,658.0,674.0,424.0,424.0,446.0,0.31494,-0.94911,-0.59783,0.80162,14,2017-07-03,20,1032.0,-0.33453,train
2017-06-14,bci_value,1362.0,7.21671,1442.0,1481.0,1438.0,1379.0,1353.0,1511.0,1654.0,1661.0,1668.0,2265.0,1407.0,42.81,1447.64,84.05,1542.37,119.27,1889.25,420.28,1642.08,562.63,-0.05708,0.00663,-0.19424,-0.20267,903.0,865.0,789.0,679.0,665.0,666.0,427.0,424.0,441.0,0.29857,-0.95439,-0.5699,0.82171,14,2017-07-04,20,997.0,-0.31196,train
2017-06-15,bci_value,1277.0,7.15227,1362.0,1442.0,1481.0,1381.0,1366.0,1430.0,1595.0,1632.0,1542.0,2413.0,1394.29,62.01,1424.93,84.13,1533.53,128.43,1870.32,421.84,1645.37,559.62,-0.06444,-0.06737,-0.22236,-0.18857,938.0,903.0,783.0,690.0,679.0,658.0,431.0,427.0,434.0,0.28211,-0.95938,-0.5413,0.84083,14,2017-07-05,20,901.0,-0.34876,train
2017-06-16,bci_value,1213.0,7.10085,1277.0,1362.0,1442.0,1438.0,1379.0,1374.0,1591.0,1590.0,1458.0,2466.0,1370.57,89.13,1397.93,87.1,1525.37,140.23,1849.43,422.85,1648.72,556.1,-0.05142,-0.12826,-0.27127,-0.18397,964.0,938.0,783.0,701.0,690.0,652.0,435.0,431.0,429.0,0.26556,-0.96409,-0.51206,0.85895,14,2017-07-06,20,818.0,-0.39399,train
2017-06-19,bci_value,1169.0,7.0639,1213.0,1277.0,1362.0,1481.0,1381.0,1353.0,1564.0,1638.0,1480.0,2441.0,1340.29,113.21,1369.71,92.54,1515.0,154.01,1828.23,424.54,1652.79,551.21,-0.03695,-0.16666,-0.2911,-0.23589,984.0,964.0,793.0,708.0,701.0,649.0,437.0,435.0,425.0,0.21548,-0.97651,-0.42083,0.90714,14,2017-07-07,18,753.0,-0.43984,train
2017-06-20,bci_value,1110.0,7.01212,1169.0,1213.0,1277.0,1442.0,1438.0,1366.0,1511.0,1668.0,1571.0,2378.0,1293.43,129.74,1341.07,105.53,1499.63,169.84,1807.1,428.19,1657.07,545.46,-0.05179,-0.25889,-0.30841,-0.34735,1017.0,984.0,813.0,717.0,708.0,654.0,441.0,437.0,425.0,0.19865,-0.98007,-0.38938,0.92108,14,2017-07-10,20,730.0,-0.41907,train
2017-06-21,bci_value,1020.0,6.92756,1110.0,1169.0,1213.0,1362.0,1481.0,1379.0,1430.0,1704.0,1635.0,2345.0,1227.57,134.72,1311.79,130.68,1479.13,188.37,1785.02,434.01,1660.31,540.77,-0.08456,-0.37291,-0.33787,-0.47184,1070.0,1017.0,833.0,724.0,717.0,658.0,445.0,441.0,424.0,0.18176,-0.98334,-0.35746,0.93393,14,2017-07-11,20,755.0,-0.30084,train
2017-06-22,bci_value,993.0,6.90073,1020.0,1110.0,1169.0,1277.0,1442.0,1381.0,1374.0,1706.0,1645.0,2482.0,1163.43,123.8,1284.57,152.7,1457.4,204.87,1760.2,436.01,1663.71,535.58,-0.02683,-0.37306,-0.32475,-0.50476,1109.0,1070.0,865.0,734.0,724.0,665.0,447.0,445.0,424.0,0.16482,-0.98632,-0.32513,0.94567,14,2017-07-12,20,846.0,-0.16021,train
2017-06-23,bci_value,987.0,6.89467,993.0,1020.0,1110.0,1213.0,1362.0,1438.0,1353.0,1654.0,1695.0,2620.0,1109.86,106.16,1258.43,169.19,1433.8,216.59,1732.98,432.45,1667.91,528.73,-0.00606,-0.32204,-0.31541,-0.54077,1138.0,1109.0,903.0,744.0,734.0,679.0,451.0,447.0,427.0,0.14783,-0.98901,-0.29241,0.95629,14,2017-07-13,20,928.0,-0.06164,train
2017-06-26,bci_value,1005.0,6.91274,987.0,993.0,1020.0,1169.0,1277.0,1481.0,1366.0,1595.0,1725.0,2765.0,1071.0,85.68,1232.64,178.1,1409.8,222.79,1703.65,420.99,1672.78,520.53,0.01807,-0.23953,-0.3069,-0.54024,1145.0,1138.0,938.0,750.0,744.0,690.0,454.0,451.0,431.0,0.09661,-0.99532,-0.19232,0.98133,14,2017-07-14,18,933.0,-0.07434,train
2017-06-27,bci_value,1066.0,6.97167,1005.0,987.0,993.0,1110.0,1213.0,1442.0,1379.0,1591.0,1661.0,2755.0,1050.0,63.43,1210.29,177.97,1389.97,226.01,1675.5,405.95,1678.44,511.03,0.05893,-0.12918,-0.25745,-0.44351,1151.0,1145.0,964.0,757.0,750.0,701.0,458.0,454.0,435.0,0.07948,-0.99684,-0.15845,0.98737,14,2017-07-17,20,933.0,-0.13326,train
2017-06-28,bci_value,1170.0,7.06476,1066.0,1005.0,987.0,1020.0,1169.0,1362.0,1381.0,1564.0,1632.0,2690.0,1050.14,63.69,1195.21,171.7,1374.57,224.73,1650.17,388.92,1684.56,501.53,0.09309,0.00086,-0.1658,-0.3328,1150.0,1151.0,984.0,761.0,757.0,708.0,459.0,458.0,437.0,0.06232,-0.99806,-0.12439,0.99223,14,2017-07-18,20,984.0,-0.17313,train
2017-06-29,bci_value,1146.0,7.04403,1170.0,1066.0,1005.0,993.0,1110.0,1277.0,1438.0,1511.0,1590.0,2597.0,1055.29,69.51,1174.36,158.14,1359.77,224.67,1625.98,374.12,1689.08,494.78,-0.02073,0.03192,-0.22698,-0.32746,1119.0,1150.0,1017.0,758.0,761.0,717.0,464.0,459.0,441.0,0.04514,-0.99898,-0.09019,0.99592,14,2017-07-19,20,1028.0,-0.10866,train
2017-06-30,bci_value,1086.0,6.99026,1146.0,1170.0,1066.0,987.0,1020.0,1213.0,1481.0,1430.0,1638.0,2518.0,1064.71,68.55,1146.14,134.37,1341.37,223.73,1602.12,361.93,1692.36,489.77,-0.05378,0.0627,-0.31022,-0.41097,1091.0,1119.0,1070.0,754.0,758.0,724.0,467.0,464.0,445.0,0.02795,-0.99961,-0.05588,0.99844,14,2017-07-20,20,1093.0,0.00642,train
2017-07-03,bci_value,1032.0,6.93925,1086.0,1146.0,1170.0,1005.0,993.0,1169.0,1442.0,1374.0,1668.0,2382.0,1070.29,63.93,1116.86,108.98,1320.17,221.9,1579.62,354.64,1694.31,486.77,-0.051,0.03852,-0.33453,-0.48013,1068.0,1091.0,1109.0,751.0,754.0,734.0,468.0,467.0,447.0,-0.02365,-0.99972,0.04729,0.99888,14,2017-07-21,18,1154.0,0.11174,train
2017-07-04,bci_value,997.0,6.90475,1032.0,1086.0,1146.0,1066.0,987.0,1110.0,1362.0,1353.0,1704.0,2229.0,1071.71,62.14,1090.79,89.05,1296.6,217.39,1559.08,352.1,1694.82,486.01,-0.0345,0.01008,-0.31196,-0.53598,1062.0,1068.0,1138.0,747.0,751.0,744.0,470.0,468.0,451.0,-0.04084,-0.99917,0.08162,0.99666,14,2017-07-24,20,1171.0,0.16086,train
2017-07-05,bci_value,901.0,6.80351,997.0,1032.0,1086.0,1170.0,1005.0,1020.0,1277.0,1366.0,1706.0,2184.0,1056.86,84.66,1063.93,85.46,1269.77,214.86,1537.7,352.46,1692.23,489.6,-0.10125,-0.10924,-0.34876,-0.6384,1060.0,1062.0,1145.0,742.0,747.0,750.0,470.0,470.0,454.0,-0.05803,-0.99832,0.11586,0.99327,14,2017-07-25,20,1221.0,0.30392,train
2017-07-06,bci_value,818.0,6.70686,901.0,997.0,1032.0,1146.0,1066.0,993.0,1213.0,1379.0,1654.0,2173.0,1021.43,118.54,1035.71,96.13,1241.9,217.42,1515.12,354.43,1688.38,495.07,-0.09664,-0.26481,-0.39399,-0.70409,1063.0,1060.0,1151.0,735.0,742.0,757.0,470.0,470.0,458.0,-0.07519,-0.99717,0.14995,0.98869,14,2017-07-26,20,1206.0,0.3882,train
2017-07-07,bci_value,753.0,6.62407,818.0,901.0,997.0,1086.0,1170.0,987.0,1169.0,1381.0,1595.0,2165.0,961.86,132.82,1006.0,113.13,1213.83,224.27,1491.58,357.37,1683.96,501.59,-0.0828,-0.44069,-0.43984,-0.75056,1062.0,1063.0,1150.0,732.0,735.0,761.0,471.0,470.0,459.0,-0.09233,-0.99573,0.18387,0.98295,14,2017-07-27,20,1138.0,0.41296,train
2017-07-10,bci_value,730.0,6.59304,753.0,818.0,901.0,1032.0,1146.0,1005.0,1110.0,1438.0,1591.0,2227.0,902.43,130.18,978.86,129.34,1185.13,229.2,1466.63,357.41,1680.72,506.76,-0.03102,-0.45099,-0.41907,-0.77907,1061.0,1062.0,1119.0,729.0,732.0,758.0,474.0,471.0,464.0,-0.14357,-0.98964,0.28417,0.95877,14,2017-07-28,18,1139.0,0.44486,train
2017-07-11,bci_value,755.0,6.62672,730.0,753.0,818.0,997.0,1086.0,1066.0,1020.0,1481.0,1564.0,2252.0,855.14,114.02,959.93,140.82,1158.17,230.63,1441.68,353.95,1678.07,510.96,0.03367,-0.36354,-0.30084,-0.72828,1069.0,1061.0,1091.0,733.0,729.0,754.0,477.0,474.0,467.0,-0.16057,-0.98702,0.31698,0.94843,14,2017-07-31,20,1225.0,0.48398,train
2017-07-12,bci_value,846.0,6.74052,755.0,730.0,753.0,901.0,1032.0,1170.0,993.0,1442.0,1511.0,2249.0,828.57,88.54,949.43,143.42,1136.0,227.59,1418.3,346.1,1675.28,514.8,0.1138,-0.19873,-0.16021,-0.58001,1098.0,1069.0,1068.0,744.0,733.0,751.0,480.0,477.0,468.0,-0.17753,-0.98412,0.34942,0.93697,14,2017-08-01,20,1331.0,0.45317,train
2017-07-13,bci_value,928.0,6.83303,846.0,755.0,730.0,818.0,997.0,1146.0,987.0,1362.0,1430.0,2220.0,818.71,71.42,945.21,143.12,1119.27,223.78,1396.77,335.58,1671.96,518.63,0.09251,-0.07172,-0.06164,-0.4324,1141.0,1098.0,1062.0,758.0,744.0,747.0,484.0,480.0,470.0,-0.19443,-0.98092,0.38144,0.92439,14,2017-08-02,20,1475.0,0.46338,train
2017-07-14,bci_value,933.0,6.83841,928.0,846.0,755.0,753.0,901.0,1086.0,1005.0,1277.0,1374.0,2130.0,823.29,77.32,940.07,142.17,1104.57,221.03,1376.82,326.87,1667.38,523.29,0.00537,0.0349,-0.07434,-0.38708,1173.0,1141.0,1060.0,769.0,758.0,742.0,486.0,484.0,470.0,-0.21128,-0.97743,0.41301,0.91073,14,2017-08-03,20,1602.0,0.5406,train
2017-07-17,bci_value,933.0,6.83841,933.0,928.0,846.0,730.0,818.0,1032.0,1066.0,1213.0,1353.0,1991.0,839.71,86.17,930.57,137.81,1090.57,218.13,1359.18,321.75,1660.46,528.81,0.0,0.13154,-0.13326,-0.37167,1202.0,1173.0,1063.0,776.0,769.0,735.0,489.0,486.0,470.0,-0.26141,-0.96523,0.50465,0.86333,14,2017-08-04,18,1637.0,0.56222,train
2017-07-18,bci_value,984.0,6.89163,933.0,933.0,928.0,755.0,753.0,997.0,1170.0,1169.0,1366.0,1830.0,872.71,90.75,917.29,122.17,1077.83,212.77,1345.08,319.34,1653.86,533.48,0.05322,0.26756,-0.17313,-0.32802,1226.0,1202.0,1062.0,786.0,776.0,732.0,492.0,489.0,471.0,-0.27798,-0.96059,0.53405,0.84546,14,2017-08-07,20,1655.0,0.51993,train
2017-07-19,bci_value,1028.0,6.93537,984.0,933.0,933.0,846.0,730.0,901.0,1146.0,1110.0,1379.0,1780.0,915.29,83.42,908.86,109.51,1066.13,205.41,1332.55,316.77,1646.63,537.49,0.04374,0.34233,-0.10866,-0.29374,1252.0,1226.0,1061.0,798.0,786.0,729.0,495.0,492.0,474.0,-0.29446,-0.95566,0.56281,0.82658,14,2017-08-08,20,1659.0,0.4786,train
2017-07-20,bci_value,1093.0,6.99668,1028.0,984.0,933.0,928.0,755.0,818.0,1086.0,1020.0,1381.0,1767.0,963.57,73.95,909.36,110.33,1056.53,197.02,1321.32,313.1,1638.9,540.39,0.06131,0.36996,0.00642,-0.23388,1260.0,1252.0,1069.0,807.0,798.0,733.0,497.0,495.0,477.0,-0.31086,-0.95046,0.59091,0.80674,14,2017-08-09,20,1702.0,0.44288,train
2017-07-21,bci_value,1154.0,7.05099,1093.0,1028.0,984.0,933.0,846.0,753.0,1032.0,993.0,1438.0,1790.0,1007.57,82.09,918.07,123.69,1047.07,184.92,1310.72,307.77,1631.24,542.32,0.05431,0.31047,0.11174,-0.22002,1258.0,1260.0,1098.0,812.0,807.0,744.0,499.0,497.0,480.0,-0.32716,-0.94497,0.61831,0.78593,14,2017-08-10,20,1837.0,0.4649,train
2017-07-24,bci_value,1171.0,7.06561,1154.0,1093.0,1028.0,933.0,928.0,730.0,997.0,987.0,1481.0,1798.0,1042.29,91.89,930.5,138.81,1036.73,168.3,1300.27,301.63,1622.82,543.51,0.01462,0.23258,0.16086,-0.23486,1248.0,1258.0,1141.0,814.0,812.0,758.0,500.0,499.0,484.0,-0.37547,-0.92683,0.696,0.71804,14,2017-08-11,18,2013.0,0.54177,train
2017-07-25,bci_value,1221.0,7.10743,1171.0,1154.0,1093.0,984.0,933.0,755.0,901.0,1005.0,1442.0,1779.0,1083.43,98.02,953.36,157.2,1029.37,154.68,1290.97,295.26,1612.66,542.38,0.04181,0.26902,0.30392,-0.16636,1225.0,1248.0,1173.0,813.0,814.0,769.0,500.0,500.0,486.0,-0.39136,-0.92024,0.72029,0.69368,14,2017-08-14,20,2093.0,0.53893,train
2017-07-26,bci_value,1206.0,7.09506,1221.0,1171.0,1154.0,1028.0,933.0,846.0,818.0,1066.0,1362.0,1668.0,1122.43,83.67,981.07,164.91,1024.17,145.78,1283.27,291.33,1600.89,539.58,-0.01236,0.25666,0.3882,-0.12165,1192.0,1225.0,1202.0,807.0,813.0,776.0,500.0,500.0,489.0,-0.40713,-0.91337,0.74372,0.66849,14,2017-08-15,20,2155.0,0.58048,train
2017-07-27,bci_value,1138.0,7.03703,1206.0,1221.0,1171.0,1093.0,984.0,928.0,753.0,1170.0,1277.0,1542.0,1144.43,61.75,1008.57,156.47,1019.53,139.75,1276.53,289.93,1586.72,534.79,-0.05804,0.1454,0.41296,-0.11524,1146.0,1192.0,1226.0,798.0,807.0,786.0,500.0,500.0,492.0,-0.42278,-0.90623,0.76627,0.64251,14,2017-08-16,20,2324.0,0.71402,train
2017-07-28,bci_value,1139.0,7.03791,1138.0,1206.0,1221.0,1154.0,1028.0,933.0,730.0,1146.0,1213.0,1458.0,1160.29,40.37,1037.79,138.93,1017.07,136.94,1271.22,289.48,1571.98,528.6,0.00088,0.10254,0.44486,-0.06295,1109.0,1146.0,1252.0,789.0,798.0,798.0,498.0,500.0,495.0,-0.43831,-0.89883,0.78792,0.61577,14,2017-08-17,20,2542.0,0.8028,train
2017-07-31,bci_value,1225.0,7.1107,1139.0,1138.0,1206.0,1171.0,1093.0,933.0,755.0,1086.0,1169.0,1480.0,1179.14,35.01,1071.36,122.33,1018.93,139.36,1266.97,288.26,1558.47,521.71,0.07279,0.11401,0.48398,0.04679,1095.0,1109.0,1260.0,783.0,789.0,807.0,496.0,498.0,497.0,-0.48409,-0.87502,0.84717,0.53132,14,2017-08-18,18,2574.0,0.74252,train
2017-08-01,bci_value,1331.0,7.19369,1225.0,1139.0,1138.0,1221.0,1154.0,984.0,846.0,1032.0,1110.0,1571.0,1204.43,61.56,1106.0,122.28,1026.3,149.46,1262.97,285.66,1546.83,514.93,0.08299,0.1427,0.45317,0.18157,1098.0,1095.0,1258.0,779.0,783.0,812.0,492.0,496.0,499.0,-0.49907,-0.86656,0.86495,0.50186,14,2017-08-21,20,2584.0,0.66341,val
2017-08-02,bci_value,1475.0,7.29641,1331.0,1225.0,1139.0,1206.0,1171.0,1028.0,928.0,997.0,1020.0,1635.0,1247.86,110.47,1145.07,144.53,1041.47,169.75,1260.3,282.91,1537.17,507.98,0.10273,0.2308,0.46338,0.36886,1118.0,1098.0,1248.0,772.0,779.0,814.0,488.0,492.0,500.0,-0.5139,-0.85785,0.8817,0.47181,14,2017-08-22,20,2489.0,0.52322,val
2017-08-03,bci_value,1602.0,7.37901,1475.0,1331.0,1225.0,1138.0,1221.0,1093.0,933.0,901.0,993.0,1645.0,1302.29,164.48,1192.86,174.08,1061.77,196.98,1259.58,281.99,1527.39,498.07,0.08259,0.27158,0.5406,0.47828,1143.0,1118.0,1225.0,767.0,772.0,813.0,482.0,488.0,500.0,-0.52858,-0.84888,0.89741,0.4412,14,2017-08-23,20,2382.0,0.39669,val
2017-08-04,bci_value,1637.0,7.40062,1602.0,1475.0,1331.0,1139.0,1206.0,1154.0,933.0,818.0,987.0,1695.0,1363.86,194.79,1243.14,192.47,1083.43,221.75,1258.62,280.59,1516.47,484.59,0.02161,0.30556,0.56222,0.50595,1153.0,1143.0,1192.0,764.0,767.0,807.0,478.0,482.0,500.0,-0.54311,-0.83966,0.91205,0.41007,14,2017-08-24,20,2333.0,0.35429,val
2017-08-07,bci_value,1655.0,7.41156,1637.0,1602.0,1475.0,1225.0,1138.0,1171.0,984.0,753.0,1005.0,1725.0,1437.71,193.16,1291.07,205.1,1105.1,243.7,1257.45,278.79,1504.13,466.44,0.01094,0.37453,0.51993,0.49881,1158.0,1153.0,1146.0,762.0,764.0,798.0,475.0,478.0,500.0,-0.5857,-0.81053,0.94945,0.31392,14,2017-08-25,18,2406.0,0.37416,val
2017-08-08,bci_value,1659.0,7.41397,1655.0,1637.0,1602.0,1331.0,1139.0,1221.0,1028.0,730.0,1066.0,1661.0,1512.0,161.37,1336.14,211.57,1124.87,263.01,1257.42,278.74,1491.96,447.55,0.00241,0.37606,0.4786,0.4423,1170.0,1158.0,1109.0,759.0,762.0,789.0,472.0,475.0,498.0,-0.59955,-0.80034,0.95969,0.28108,14,2017-08-29,21,2381.0,0.36131,val
2017-08-09,bci_value,1702.0,7.43956,1659.0,1655.0,1637.0,1475.0,1225.0,1206.0,1093.0,755.0,1170.0,1632.0,1580.14,121.6,1379.64,219.56,1142.6,282.66,1258.58,280.45,1480.98,429.79,0.02559,0.32886,0.44288,0.3748,1192.0,1170.0,1095.0,756.0,759.0,783.0,467.0,472.0,496.0,-0.61323,-0.7899,0.96879,0.2479,14,2017-08-30,21,2282.0,0.29325,val
2017-08-10,bci_value,1837.0,7.51589,1702.0,1659.0,1655.0,1602.0,1331.0,1138.0,1154.0,846.0,1146.0,1590.0,1652.43,100.6,1428.43,239.02,1165.63,308.93,1262.7,287.02,1472.53,414.99,0.07633,0.3222,0.4649,0.47186,1228.0,1192.0,1098.0,756.0,756.0,779.0,466.0,467.0,492.0,-0.62673,-0.77924,0.97674,0.21443,14,2017-08-31,21,2293.0,0.22173,val
2017-08-11,bci_value,2013.0,7.60738,1837.0,1702.0,1659.0,1637.0,1475.0,1139.0,1171.0,928.0,1086.0,1638.0,1729.29,135.23,1488.57,270.53,1196.53,343.81,1268.95,298.96,1466.92,404.09,0.09149,0.31097,0.54177,0.61712,1256.0,1228.0,1118.0,759.0,756.0,772.0,466.0,466.0,488.0,-0.64004,-0.76834,0.98354,0.1807,14,2017-09-01,21,2264.0,0.11751,val
2017-08-14,bci_value,2093.0,7.64635,2013.0,1837.0,1702.0,1655.0,1602.0,1225.0,1221.0,933.0,1032.0,1668.0,1799.43,173.07,1550.86,300.48,1231.9,377.94,1276.03,313.03,1463.71,397.9,0.03897,0.26735,0.53893,0.7071,1272.0,1256.0,1143.0,760.0,759.0,767.0,465.0,466.0,482.0,-0.67882,-0.7343,0.99692,0.07841,14,2017-09-04,21,2243.0,0.06922,val
2017-08-15,bci_value,2155.0,7.67555,2093.0,2013.0,1837.0,1659.0,1637.0,1331.0,1206.0,933.0,997.0,1704.0,1873.43,196.9,1618.64,321.36,1270.5,409.77,1283.55,328.26,1462.89,396.39,0.02919,0.27493,0.58048,0.7708,1289.0,1272.0,1153.0,765.0,760.0,764.0,464.0,465.0,478.0,-0.69135,-0.72252,0.99903,0.04407,14,2017-09-05,21,2313.0,0.07075,val
2017-08-16,bci_value,2324.0,7.75105,2155.0,2093.0,2013.0,1702.0,1655.0,1475.0,1138.0,984.0,901.0,1706.0,1969.0,227.64,1703.36,339.31,1317.93,445.09,1293.85,350.31,1464.44,399.48,0.0755,0.33949,0.71402,0.94754,1310.0,1289.0,1158.0,776.0,765.0,762.0,464.0,464.0,475.0,-0.70368,-0.71052,0.99995,0.00968,14,2017-09-06,21,2438.0,0.04789,val
2017-08-17,bci_value,2542.0,7.84071,2324.0,2155.0,2093.0,1837.0,1659.0,1602.0,1139.0,1028.0,818.0,1654.0,2095.14,262.84,1803.57,364.11,1375.4,486.23,1308.65,382.49,1468.54,408.53,0.08966,0.42674,0.8028,1.13384,1336.0,1310.0,1170.0,791.0,776.0,759.0,465.0,464.0,472.0,-0.7158,-0.69831,0.99969,-0.02473,14,2017-09-07,21,2614.0,0.02793,val
2017-08-18,bci_value,2574.0,7.85322,2542.0,2324.0,2155.0,2013.0,1702.0,1637.0,1225.0,1093.0,753.0,1595.0,2219.71,253.46,1899.93,376.53,1436.1,517.41,1324.97,413.95,1473.09,418.4,0.01251,0.41366,0.74252,1.22915,1345.0,1336.0,1192.0,806.0,791.0,756.0,465.0,465.0,467.0,-0.7277,-0.68589,0.99825,-0.0591,14,2017-09-08,21,2767.0,0.0723,val
2017-08-21,bci_value,2584.0,7.85709,2574.0,2542.0,2324.0,2093.0,1837.0,1655.0,1331.0,1154.0,730.0,1591.0,2326.43,225.59,1989.43,379.57,1497.9,539.62,1341.52,443.08,1477.06,427.13,0.00388,0.3412,0.66341,1.26405,1349.0,1345.0,1228.0,817.0,806.0,756.0,466.0,465.0,466.0,-0.76211,-0.64744,0.98685,-0.16164,14,2017-09-11,21,2813.0,0.08491,val
2017-08-22,bci_value,2489.0,7.81964,2584.0,2574.0,2542.0,2155.0,2013.0,1659.0,1475.0,1171.0,755.0,1564.0,2394.43,189.76,2061.86,371.15,1555.7,549.73,1356.93,466.05,1479.69,432.6,-0.03746,0.21225,0.52322,1.19292,1345.0,1349.0,1256.0,824.0,817.0,759.0,468.0,466.0,466.0,-0.77314,-0.63424,0.98071,-0.19549,14,2017-09-12,21,2724.0,0.09022,val
2017-08-23,bci_value,2382.0,7.7757,2489.0,2584.0,2574.0,2324.0,2093.0,1702.0,1602.0,1221.0,846.0,1511.0,2435.71,146.1,2117.57,356.18,1606.9,552.76,1371.45,483.85,1481.17,435.44,-0.04394,0.12934,0.39669,1.03518,1311.0,1345.0,1272.0,833.0,824.0,760.0,470.0,468.0,465.0,-0.78393,-0.62084,0.9734,-0.2291,14,2017-09-13,21,2628.0,0.09828,val
2017-08-24,bci_value,2333.0,7.75491,2382.0,2489.0,2584.0,2542.0,2155.0,1837.0,1637.0,1206.0,928.0,1430.0,2461.14,104.63,2167.29,333.48,1653.73,552.78,1386.5,499.23,1482.42,437.73,-0.02079,0.07936,0.35429,0.92188,1259.0,1311.0,1289.0,840.0,833.0,765.0,473.0,470.0,464.0,-0.7945,-0.60727,0.96495,-0.26245,14,2017-09-14,21,2642.0,0.12438,val
2017-08-25,bci_value,2406.0,7.78572,2333.0,2382.0,2489.0,2574.0,2324.0,2013.0,1655.0,1138.0,933.0,1374.0,2472.86,92.51,2220.93,306.04,1702.83,552.0,1403.7,516.0,1485.49,443.19,0.03081,0.03468,0.37416,0.94732,1235.0,1259.0,1310.0,845.0,840.0,776.0,474.0,473.0,464.0,-0.80483,-0.59351,0.95535,-0.29549,14,2017-09-15,21,2685.0,0.10972,val
2017-08-29,bci_value,2381.0,7.77528,2406.0,2333.0,2382.0,2584.0,2542.0,2093.0,1659.0,1139.0,933.0,1353.0,2449.86,92.48,2272.5,265.09,1751.1,545.85,1420.83,530.89,1489.82,449.96,-0.01045,-0.06543,0.36131,0.93687,1215.0,1235.0,1336.0,848.0,845.0,791.0,477.0,474.0,465.0,-0.84373,-0.53677,0.90578,-0.42375,14,2017-09-18,20,2681.0,0.11867,val
2017-08-30,bci_value,2282.0,7.73281,2381.0,2406.0,2333.0,2489.0,2574.0,2155.0,1702.0,1225.0,984.0,1366.0,2408.14,92.93,2313.93,212.88,1794.37,534.66,1436.1,542.14,1494.84,456.21,-0.04247,-0.12041,0.29325,0.84118,1195.0,1215.0,1345.0,851.0,848.0,806.0,482.0,477.0,465.0,-0.85284,-0.52218,0.89066,-0.45466,14,2017-09-19,20,2723.0,0.17668,val
2017-08-31,bci_value,2293.0,7.73762,2282.0,2381.0,2406.0,2382.0,2584.0,2324.0,1837.0,1331.0,1028.0,1379.0,2366.57,66.21,2346.5,167.45,1836.53,522.29,1451.33,553.05,1500.54,462.89,0.00481,-0.11948,0.22173,0.80225,1189.0,1195.0,1349.0,853.0,851.0,817.0,486.0,482.0,466.0,-0.86169,-0.50743,0.8745,-0.48503,14,2017-09-20,20,2861.0,0.22131,val
2017-09-01,bci_value,2264.0,7.72489,2293.0,2282.0,2381.0,2333.0,2489.0,2542.0,2013.0,1475.0,1093.0,1381.0,2334.43,52.07,2364.43,142.34,1875.57,508.85,1466.05,562.65,1506.07,468.96,-0.01273,-0.09475,0.11751,0.72821,1198.0,1189.0,1345.0,856.0,853.0,824.0,486.0,486.0,468.0,-0.87029,-0.49253,0.8573,-0.51482,14,2017-09-21,20,2948.0,0.26399,val
2017-09-04,bci_value,2243.0,7.71557,2264.0,2293.0,2282.0,2406.0,2382.0,2574.0,2093.0,1602.0,1154.0,1438.0,2314.57,56.46,2375.14,126.24,1911.87,494.73,1479.47,571.35,1511.1,474.38,-0.00932,-0.06013,0.06922,0.66458,1227.0,1198.0,1311.0,860.0,856.0,833.0,487.0,486.0,470.0,-0.89454,-0.44698,0.79969,-0.60041,14,2017-09-22,18,3147.0,0.33864,val
2017-09-05,bci_value,2313.0,7.7463,2243.0,2264.0,2293.0,2381.0,2333.0,2584.0,2155.0,1637.0,1171.0,1481.0,2311.71,55.96,2386.43,112.35,1949.93,479.97,1493.33,581.23,1516.82,480.87,0.03073,-0.00861,0.07075,0.68069,1275.0,1227.0,1259.0,863.0,860.0,840.0,491.0,487.0,473.0,-0.9021,-0.43153,0.77856,-0.62756,14,2017-09-25,20,3173.0,0.31613,val
2017-09-06,bci_value,2438.0,7.79893,2313.0,2243.0,2264.0,2282.0,2406.0,2489.0,2324.0,1655.0,1221.0,1442.0,2316.29,64.18,2394.57,111.66,1990.5,467.93,1509.93,593.62,1524.14,489.74,0.05263,0.01321,0.04789,0.69151,1314.0,1275.0,1235.0,868.0,863.0,845.0,494.0,491.0,474.0,-0.90939,-0.41595,0.75652,-0.65397,14,2017-09-26,20,3101.0,0.24055,val
2017-09-07,bci_value,2614.0,7.86864,2438.0,2313.0,2243.0,2293.0,2381.0,2382.0,2542.0,1659.0,1206.0,1362.0,2349.57,122.78,2399.71,119.7,2037.43,457.38,1530.8,609.84,1534.66,502.7,0.0697,0.09336,0.02793,0.77357,1351.0,1314.0,1215.0,875.0,868.0,848.0,499.0,494.0,477.0,-0.91641,-0.40024,0.73357,-0.67961,14,2017-09-27,20,2942.0,0.11821,val
2017-09-08,bci_value,2767.0,7.92552,2614.0,2438.0,2313.0,2264.0,2282.0,2333.0,2574.0,1702.0,1138.0,1277.0,2418.86,185.78,2413.5,146.98,2091.73,443.88,1555.63,629.03,1548.27,519.03,0.05688,0.19271,0.0723,0.88849,1375.0,1351.0,1195.0,888.0,875.0,851.0,504.0,499.0,482.0,-0.92316,-0.38442,0.70976,-0.70444,14,2017-09-28,20,2824.0,0.02039,val
2017-09-11,bci_value,2813.0,7.94201,2767.0,2614.0,2438.0,2243.0,2293.0,2406.0,2584.0,1837.0,1139.0,1213.0,2493.14,221.19,2429.86,175.1,2147.53,425.44,1582.3,647.58,1563.32,535.58,0.01649,0.20439,0.08491,0.9041,1394.0,1375.0,1189.0,898.0,888.0,853.0,509.0,504.0,486.0,-0.94176,-0.33629,0.63341,-0.77382,14,2017-09-29,18,2738.0,-0.02702,val
2017-09-12,bci_value,2724.0,7.90986,2813.0,2767.0,2614.0,2313.0,2264.0,2381.0,2489.0,2013.0,1225.0,1169.0,2558.86,211.47,2446.64,190.55,2197.5,401.51,1608.22,661.49,1577.14,549.14,-0.03215,0.18497,0.09022,0.79916,1429.0,1394.0,1198.0,908.0,898.0,856.0,513.0,509.0,486.0,-0.9474,-0.32004,0.60641,-0.79515,14,2017-10-02,20,2671.0,-0.01965,val
2017-09-13,bci_value,2628.0,7.87398,2724.0,2813.0,2767.0,2438.0,2243.0,2282.0,2382.0,2093.0,1331.0,1110.0,2613.86,167.71,2464.21,195.06,2240.73,374.82,1633.52,670.91,1588.89,560.07,-0.03588,0.15841,0.09828,0.68029,1464.0,1429.0,1227.0,923.0,908.0,860.0,520.0,513.0,487.0,-0.95277,-0.3037,0.5787,-0.81554,14,2017-10-03,20,2618.0,-0.00381,val
2017-09-14,bci_value,2642.0,7.87929,2628.0,2724.0,2813.0,2614.0,2313.0,2293.0,2333.0,2155.0,1475.0,1020.0,2660.86,114.45,2486.29,196.45,2279.63,353.27,1660.55,678.29,1600.08,570.84,0.00531,0.13299,0.12438,0.58288,1499.0,1464.0,1275.0,950.0,923.0,863.0,529.0,520.0,491.0,-0.95785,-0.28726,0.55031,-0.83496,14,2017-10-04,20,2667.0,0.00942,val
2017-09-15,bci_value,2685.0,7.89544,2642.0,2628.0,2724.0,2767.0,2438.0,2264.0,2406.0,2324.0,1602.0,993.0,2696.14,69.59,2506.21,201.38,2315.73,337.14,1688.75,685.08,1611.63,582.05,0.01614,0.0965,0.10972,0.51643,1521.0,1499.0,1314.0,977.0,950.0,868.0,536.0,529.0,494.0,-0.96265,-0.27074,0.52126,-0.8534,14,2017-10-05,20,2888.0,0.07288,val
2017-09-18,bci_value,2681.0,7.89395,2685.0,2642.0,2628.0,2813.0,2614.0,2243.0,2381.0,2542.0,1637.0,987.0,2705.71,61.81,2527.64,202.87,2350.53,318.66,1716.98,690.47,1622.59,592.7,-0.00149,0.02531,0.11867,0.49332,1529.0,1521.0,1351.0,997.0,977.0,875.0,551.0,536.0,499.0,-0.97534,-0.22072,0.43056,-0.90256,14,2017-10-06,18,2929.0,0.08847,val
2017-09-19,bci_value,2723.0,7.90949,2681.0,2685.0,2642.0,2724.0,2767.0,2313.0,2282.0,2574.0,1655.0,1005.0,2699.43,57.33,2559.14,196.42,2386.13,297.96,1745.62,695.95,1633.68,603.74,0.01554,-0.01603,0.17668,0.49793,1536.0,1529.0,1375.0,1017.0,997.0,888.0,562.0,551.0,504.0,-0.97899,-0.20391,0.39926,-0.91684,14,2017-10-09,20,2906.0,0.06504,val
2017-09-20,bci_value,2861.0,7.95893,2723.0,2681.0,2685.0,2628.0,2813.0,2438.0,2293.0,2584.0,1659.0,1066.0,2706.29,71.6,2599.71,195.92,2426.2,277.61,1775.53,704.62,1647.01,617.3,0.04944,0.01692,0.22131,0.54496,1531.0,1536.0,1394.0,1033.0,1017.0,898.0,576.0,562.0,509.0,-0.98235,-0.18704,0.36748,-0.93003,14,2017-10-10,20,2894.0,0.01147,val
2017-09-21,bci_value,2948.0,7.98888,2861.0,2723.0,2681.0,2642.0,2724.0,2614.0,2264.0,2489.0,1702.0,1170.0,2738.29,111.37,2648.57,191.34,2467.73,258.72,1805.17,715.83,1661.63,632.17,0.02996,0.07903,0.26399,0.54932,1514.0,1531.0,1429.0,1050.0,1033.0,908.0,586.0,576.0,513.0,-0.98542,-0.17012,0.33528,-0.94212,14,2017-10-11,20,2882.0,-0.02264,val
2017-09-22,bci_value,3147.0,8.0542,2948.0,2861.0,2723.0,2685.0,2628.0,2767.0,2243.0,2382.0,1837.0,1146.0,2812.43,170.39,2713.14,196.05,2511.4,259.13,1838.52,730.8,1678.93,651.0,0.06532,0.18023,0.33864,0.53832,1493.0,1514.0,1464.0,1061.0,1050.0,923.0,596.0,586.0,520.0,-0.9882,-0.15314,0.30267,-0.9531,14,2017-10-12,20,2859.0,-0.09598,val
2017-09-25,bci_value,3173.0,8.06243,3147.0,2948.0,2861.0,2681.0,2642.0,2813.0,2313.0,2333.0,2013.0,1086.0,2888.29,194.17,2774.57,195.79,2550.07,268.26,1873.3,743.7,1695.99,669.55,0.00823,0.18314,0.31613,0.45505,1474.0,1493.0,1499.0,1068.0,1061.0,950.0,602.0,596.0,529.0,-0.99479,-0.10196,0.20286,-0.97921,14,2017-10-13,18,2871.0,-0.10002,val
2017-09-26,bci_value,3101.0,8.03948,3173.0,3147.0,2948.0,2723.0,2685.0,2724.0,2438.0,2406.0,2093.0,1032.0,2947.71,186.36,2821.93,188.7,2583.67,272.01,1907.78,751.82,1711.91,685.54,-0.02295,0.14404,0.24055,0.39313,1446.0,1474.0,1521.0,1065.0,1068.0,977.0,607.0,602.0,536.0,-0.9964,-0.08483,0.16906,-0.98561,14,2017-10-16,20,2980.0,-0.0398,val
2017-09-27,bci_value,2942.0,7.98684,3101.0,3173.0,3147.0,2861.0,2681.0,2628.0,2614.0,2381.0,2155.0,997.0,2985.0,152.26,2845.36,181.66,2609.9,267.31,1940.2,753.78,1725.67,697.56,-0.05264,0.0929,0.11821,0.3113,1406.0,1446.0,1529.0,1054.0,1065.0,997.0,613.0,607.0,551.0,-0.99771,-0.06768,0.13506,-0.99084,14,2017-10-17,20,3079.0,0.04552,val
2017-09-28,bci_value,2824.0,7.94591,2942.0,3101.0,3173.0,2948.0,2723.0,2642.0,2767.0,2282.0,2324.0,901.0,2999.43,129.89,2849.43,180.5,2626.57,264.54,1972.25,749.78,1738.09,706.99,-0.04094,0.03642,0.02039,0.19486,1352.0,1406.0,1536.0,1041.0,1054.0,1017.0,616.0,613.0,562.0,-0.99872,-0.05051,0.10089,-0.9949,14,2017-10-18,20,3134.0,0.10416,val
2017-09-29,bci_value,2738.0,7.91498,2824.0,2942.0,3101.0,3147.0,2861.0,2685.0,2813.0,2293.0,2542.0,818.0,2981.86,153.59,2844.07,182.6,2633.1,264.79,2004.25,740.76,1750.13,714.65,-0.03093,-0.04394,-0.02702,0.07428,1308.0,1352.0,1531.0,1021.0,1041.0,1033.0,616.0,616.0,576.0,-0.99944,-0.03332,0.06661,-0.99778,14,2017-10-19,20,3186.0,0.15154,val
2017-10-02,bci_value,2671.0,7.89021,2738.0,2824.0,2942.0,3173.0,2948.0,2681.0,2724.0,2264.0,2574.0,753.0,2942.29,188.85,2840.29,185.57,2636.33,264.64,2036.22,727.33,1762.09,720.92,-0.02477,-0.09867,-0.01965,0.03699,1268.0,1308.0,1514.0,1006.0,1021.0,1050.0,614.0,616.0,586.0,-0.99983,0.01828,-0.03655,-0.99933,14,2017-10-20,18,3145.0,0.16336,val
2017-10-03,bci_value,2618.0,7.87017,2671.0,2738.0,2824.0,3101.0,3147.0,2723.0,2628.0,2243.0,2584.0,730.0,2866.71,197.46,2839.57,186.41,2637.47,264.48,2067.68,710.79,1773.5,726.23,-0.02004,-0.18404,-0.00381,0.01307,1247.0,1268.0,1493.0,984.0,1006.0,1061.0,612.0,614.0,596.0,-0.99937,0.03547,-0.0709,-0.99748,14,2017-10-23,20,3187.0,0.19667,val
2017-10-04,bci_value,2667.0,7.88871,2618.0,2671.0,2738.0,2942.0,3173.0,2861.0,2642.0,2313.0,2489.0,755.0,2794.43,161.43,2841.36,184.62,2643.4,263.08,2099.55,693.89,1785.76,731.88,0.01854,-0.17372,0.00942,0.06907,1276.0,1247.0,1474.0,968.0,984.0,1068.0,609.0,612.0,602.0,-0.99861,0.05266,-0.10517,-0.99445,14,2017-10-24,20,3202.0,0.18282,val
2017-10-05,bci_value,2888.0,7.96832,2667.0,2618.0,2671.0,2824.0,3101.0,2948.0,2685.0,2438.0,2382.0,846.0,2764.0,113.84,2855.86,179.67,2660.27,262.0,2133.58,681.54,1801.06,740.32,0.07961,-0.07116,0.07288,0.19262,1345.0,1276.0,1446.0,965.0,968.0,1065.0,607.0,609.0,607.0,-0.99756,0.06983,-0.13932,-0.99025,14,2017-10-25,20,3202.0,0.10321,val
2017-10-06,bci_value,2929.0,7.98242,2888.0,2667.0,2618.0,2738.0,2942.0,3147.0,2681.0,2614.0,2333.0,928.0,2762.14,110.99,2873.57,173.69,2680.13,259.01,2166.93,670.6,1817.71,748.6,0.0141,-0.00443,0.08847,0.22751,1406.0,1345.0,1406.0,971.0,965.0,1054.0,610.0,607.0,613.0,-0.99621,0.08698,-0.1733,-0.98487,14,2017-10-26,20,3182.0,0.08285,val
2017-10-09,bci_value,2906.0,7.97453,2929.0,2888.0,2667.0,2671.0,2824.0,3173.0,2723.0,2767.0,2406.0,933.0,2773.86,120.79,2886.64,168.68,2696.8,256.91,2199.82,657.53,1834.73,755.7,-0.00788,0.02862,0.06504,0.18881,1438.0,1406.0,1352.0,978.0,971.0,1041.0,613.0,610.0,616.0,-0.9904,0.13825,-0.27385,-0.96177,14,2017-10-27,18,3220.0,0.1026,val
2017-10-10,bci_value,2894.0,7.97039,2906.0,2929.0,2888.0,2618.0,2738.0,3101.0,2861.0,2813.0,2381.0,933.0,2796.14,126.38,2889.0,168.53,2713.9,252.35,2232.5,642.31,1851.86,762.02,-0.00414,0.05541,0.01147,0.19512,1465.0,1438.0,1308.0,996.0,978.0,1021.0,618.0,613.0,616.0,-0.98787,0.15527,-0.30677,-0.95178,14,2017-10-30,20,3217.0,0.10581,val
2017-10-11,bci_value,2882.0,7.96624,2894.0,2906.0,2929.0,2667.0,2671.0,2942.0,2948.0,2724.0,2282.0,984.0,2826.29,117.81,2884.29,167.74,2733.9,240.85,2264.13,626.59,1868.7,767.83,-0.00416,0.07603,-0.02264,0.23343,1504.0,1465.0,1268.0,1020.0,996.0,1006.0,623.0,618.0,614.0,-0.98506,0.17224,-0.33932,-0.94067,14,2017-10-31,20,3219.0,0.11059,val
2017-10-12,bci_value,2859.0,7.95823,2882.0,2894.0,2906.0,2888.0,2618.0,2824.0,3147.0,2628.0,2293.0,1028.0,2860.71,81.55,2863.71,151.09,2752.77,227.36,2294.65,610.01,1885.14,773.0,-0.00801,0.08806,-0.09598,0.22061,1556.0,1504.0,1247.0,1050.0,1020.0,984.0,635.0,623.0,612.0,-0.98195,0.18916,-0.37148,-0.92844,14,2017-11-01,20,3137.0,0.0928,val
2017-10-13,bci_value,2871.0,7.96242,2859.0,2882.0,2894.0,2929.0,2667.0,2738.0,3173.0,2642.0,2264.0,1093.0,2889.86,21.32,2842.14,124.64,2773.0,209.25,2324.28,593.89,1901.7,777.96,0.00419,0.07371,-0.10002,0.23753,1606.0,1556.0,1276.0,1069.0,1050.0,968.0,649.0,635.0,609.0,-0.97855,0.20602,-0.4032,-0.91511,14,2017-11-02,20,3059.0,0.06343,val
2017-10-16,bci_value,2980.0,7.99968,2871.0,2859.0,2882.0,2906.0,2888.0,2671.0,3101.0,2685.0,2243.0,1154.0,2903.0,37.98,2833.5,109.68,2797.57,187.74,2354.72,579.76,1918.83,784.52,0.03726,0.03136,-0.0398,0.28411,1637.0,1606.0,1345.0,1082.0,1069.0,965.0,656.0,649.0,607.0,-0.96662,0.25622,-0.49534,-0.8687,14,2017-11-03,18,3036.0,0.01862,val
2017-10-17,bci_value,3079.0,8.03236,2980.0,2871.0,2859.0,2894.0,2929.0,2618.0,2942.0,2681.0,2313.0,1171.0,2924.43,72.88,2843.29,124.09,2823.1,171.49,2386.52,566.12,1936.59,792.45,0.03268,0.04994,0.04552,0.28606,1651.0,1637.0,1406.0,1094.0,1082.0,971.0,663.0,656.0,610.0,-0.96207,0.27281,-0.52493,-0.85115,14,2017-11-06,20,3044.0,-0.01143,val
2017-10-18,bci_value,3134.0,8.05007,3079.0,2980.0,2871.0,2882.0,2906.0,2667.0,2824.0,2723.0,2438.0,1221.0,2957.0,102.36,2865.43,144.63,2846.3,164.77,2418.4,553.31,1955.39,800.52,0.01771,0.07553,0.10416,0.25113,1646.0,1651.0,1438.0,1105.0,1094.0,978.0,666.0,663.0,613.0,-0.95723,0.28932,-0.55389,-0.83259,14,2017-11-07,20,3101.0,-0.01059,val
2017-10-19,bci_value,3186.0,8.06652,3134.0,3079.0,2980.0,2859.0,2894.0,2888.0,2738.0,2861.0,2614.0,1206.0,2998.71,125.14,2897.43,161.48,2865.37,169.8,2451.4,538.87,1975.66,808.29,0.01646,0.09613,0.15154,0.19788,1648.0,1646.0,1465.0,1116.0,1105.0,996.0,673.0,666.0,618.0,-0.95211,0.30574,-0.5822,-0.81304,14,2017-11-08,20,3259.0,0.02265,val
2017-10-20,bci_value,3145.0,8.05357,3186.0,3134.0,3079.0,2871.0,2882.0,2929.0,2671.0,2948.0,2767.0,1138.0,3036.29,123.94,2931.29,160.14,2877.97,175.95,2484.85,518.2,1996.41,814.05,-0.01295,0.08733,0.16336,0.12805,1643.0,1648.0,1504.0,1126.0,1116.0,1020.0,679.0,673.0,623.0,-0.94671,0.32208,-0.60983,-0.79253,14,2017-11-09,20,3349.0,0.06285,val
2017-10-23,bci_value,3187.0,8.06684,3145.0,3186.0,3134.0,2980.0,2859.0,2906.0,2618.0,3147.0,2813.0,1139.0,3083.14,109.18,2971.93,147.15,2890.43,183.97,2518.98,495.38,2018.34,819.22,0.01327,0.10861,0.19667,0.12483,1642.0,1643.0,1556.0,1128.0,1126.0,1050.0,683.0,679.0,635.0,-0.92884,0.37048,-0.68824,-0.72549,14,2017-11-10,18,3360.0,0.05286,val
2017-10-24,bci_value,3202.0,8.07153,3187.0,3145.0,3186.0,3079.0,2871.0,2894.0,2667.0,3173.0,2724.0,1225.0,3130.43,72.61,3010.14,131.65,2906.37,189.49,2551.93,473.48,2040.93,823.51,0.0047,0.10912,0.18282,0.16167,1626.0,1642.0,1606.0,1130.0,1128.0,1069.0,687.0,683.0,649.0,-0.92233,0.38641,-0.71279,-0.70138,14,2017-11-13,20,3351.0,0.04548,val
2017-10-25,bci_value,3202.0,8.07153,3202.0,3187.0,3145.0,3134.0,2980.0,2882.0,2888.0,3101.0,2628.0,1331.0,3162.14,42.03,3032.57,135.62,2925.5,189.39,2583.12,453.22,2064.18,826.42,0.0,0.07185,0.10321,0.19755,1592.0,1626.0,1637.0,1129.0,1130.0,1082.0,690.0,687.0,656.0,-0.91555,0.40221,-0.73649,-0.67645,14,2017-11-14,20,3209.0,0.00218,val
2017-10-26,bci_value,3182.0,8.06527,3202.0,3202.0,3187.0,3186.0,3079.0,2859.0,2929.0,2942.0,2642.0,1475.0,3176.86,24.87,3050.64,137.46,2943.5,187.24,2611.57,436.01,2088.2,827.15,-0.00627,0.03291,0.08285,0.18597,1553.0,1592.0,1651.0,1117.0,1129.0,1094.0,688.0,690.0,663.0,-0.90849,0.4179,-0.75932,-0.65071,14,2017-11-15,20,3108.0,-0.02353,val
2017-10-27,bci_value,3220.0,8.07714,3182.0,3202.0,3202.0,3145.0,3134.0,2871.0,2906.0,2824.0,2685.0,1602.0,3189.14,21.7,3073.07,137.65,2961.33,187.25,2638.53,422.57,2112.94,827.32,0.01187,0.02707,0.1026,0.1817,1517.0,1553.0,1646.0,1100.0,1117.0,1105.0,687.0,688.0,666.0,-0.90117,0.43347,-0.78126,-0.62421,14,2017-11-16,20,3084.0,-0.04315,val
2017-10-30,bci_value,3217.0,8.0762,3220.0,3182.0,3202.0,3187.0,3186.0,2980.0,2894.0,2738.0,2681.0,1637.0,3193.57,23.68,3096.14,132.68,2979.2,185.21,2664.87,408.33,2137.72,826.62,-0.00093,0.00968,0.10581,0.18226,1498.0,1517.0,1648.0,1081.0,1100.0,1116.0,685.0,687.0,673.0,-0.87761,0.47938,-0.84141,-0.54039,14,2017-11-17,18,3153.0,-0.02009,val
2017-10-31,bci_value,3219.0,8.07683,3217.0,3220.0,3182.0,3202.0,3145.0,3079.0,2882.0,2671.0,2723.0,1655.0,3204.14,14.3,3120.21,121.76,2995.73,183.73,2690.93,392.65,2162.32,825.49,0.00062,0.02326,0.11059,0.16734,1492.0,1498.0,1643.0,1060.0,1081.0,1126.0,679.0,685.0,679.0,-0.86923,0.4944,-0.8595,-0.51113,14,2017-11-20,20,3214.0,-0.00155,val
2017-11-01,bci_value,3137.0,8.05102,3219.0,3217.0,3220.0,3202.0,3187.0,3134.0,2859.0,2618.0,2861.0,1659.0,3197.0,27.49,3140.07,97.87,3004.93,183.67,2715.57,373.0,2185.33,823.47,-0.0258,-0.01581,0.0928,0.0921,1503.0,1492.0,1642.0,1043.0,1060.0,1128.0,673.0,679.0,683.0,-0.8606,0.50928,-0.87658,-0.48126,14,2017-11-21,20,3255.0,0.03693,val
2017-11-02,bci_value,3059.0,8.02584,3137.0,3219.0,3217.0,3182.0,3202.0,3186.0,2871.0,2667.0,2948.0,1702.0,3176.57,55.27,3153.5,68.53,3008.63,183.6,2738.18,351.38,2206.32,821.4,-0.02518,-0.04569,0.06343,0.03696,1539.0,1503.0,1626.0,1027.0,1043.0,1130.0,668.0,673.0,687.0,-0.85171,0.52401,-0.89261,-0.45083,14,2017-11-22,20,3298.0,0.07523,val
2017-11-03,bci_value,3036.0,8.0183,3059.0,3137.0,3219.0,3220.0,3202.0,3145.0,2980.0,2888.0,3147.0,1837.0,3152.86,72.27,3157.5,59.3,3004.93,181.88,2758.17,333.18,2227.32,818.17,-0.00755,-0.05323,0.01862,-0.03591,1562.0,1539.0,1592.0,1014.0,1027.0,1129.0,664.0,668.0,690.0,-0.84257,0.53858,-0.90759,-0.41986,14,2017-11-23,20,3420.0,0.1191,val
2017-11-06,bci_value,3044.0,8.02093,3036.0,3059.0,3137.0,3217.0,3182.0,3187.0,3079.0,2929.0,3173.0,2013.0,3133.14,80.04,3155.0,63.17,3000.63,179.37,2775.35,320.66,2249.08,813.56,0.00263,-0.04434,-0.01143,-0.04151,1567.0,1562.0,1553.0,1001.0,1014.0,1117.0,661.0,664.0,688.0,-0.81367,0.58133,-0.94602,-0.32411,14,2017-11-24,18,3453.0,0.12607,val
2017-11-07,bci_value,3101.0,8.03948,3044.0,3036.0,3059.0,3219.0,3220.0,3202.0,3134.0,2906.0,3101.0,2093.0,3116.14,72.02,3152.64,64.51,3000.63,179.37,2792.15,310.72,2272.07,808.05,0.01855,-0.03766,-0.01059,0.0,1558.0,1567.0,1517.0,988.0,1001.0,1100.0,658.0,661.0,687.0,-0.80355,0.59524,-0.95661,-0.29138,14,2017-11-27,20,3540.0,0.1324,val
2017-11-08,bci_value,3259.0,8.08918,3101.0,3044.0,3036.0,3137.0,3217.0,3202.0,3186.0,2894.0,2942.0,2155.0,3122.14,81.32,3157.86,69.73,3011.2,184.86,2810.55,305.08,2297.2,803.17,0.0497,0.01297,0.02265,0.10233,1515.0,1558.0,1498.0,961.0,988.0,1081.0,654.0,658.0,685.0,-0.79319,0.60897,-0.96606,-0.2583,14,2017-11-28,20,3659.0,0.11577,val
2017-11-09,bci_value,3349.0,8.11642,3259.0,3101.0,3044.0,3059.0,3219.0,3182.0,3145.0,2882.0,2824.0,2324.0,3140.71,110.82,3172.43,85.14,3028.7,191.05,2827.63,306.05,2324.4,796.85,0.02724,0.03959,0.06285,0.17051,1468.0,1515.0,1492.0,936.0,961.0,1060.0,648.0,654.0,679.0,-0.7826,0.62253,-0.97438,-0.22492,14,2017-11-29,20,3740.0,0.11042,val
2017-11-10,bci_value,3360.0,8.1197,3349.0,3259.0,3101.0,3036.0,3137.0,3220.0,3187.0,2859.0,2738.0,2542.0,3172.57,134.66,3184.79,97.95,3049.43,192.13,2841.27,311.2,2352.64,787.96,0.00328,0.06867,0.05286,0.20471,1418.0,1468.0,1503.0,912.0,936.0,1043.0,644.0,648.0,673.0,-0.77177,0.6359,-0.98154,-0.19127,14,2017-11-30,20,3848.0,0.13561,val
2017-11-13,bci_value,3351.0,8.11701,3360.0,3349.0,3259.0,3044.0,3059.0,3217.0,3202.0,2871.0,2671.0,2574.0,3214.29,138.2,3195.43,106.92,3072.1,186.16,2854.22,315.94,2381.51,776.33,-0.00268,0.09117,0.04548,0.22681,1387.0,1418.0,1539.0,888.0,912.0,1027.0,642.0,644.0,668.0,-0.73794,0.67486,-0.99602,-0.08912,14,2017-12-01,18,4025.0,0.18327,val
2017-11-14,bci_value,3209.0,8.07371,3351.0,3360.0,3349.0,3101.0,3036.0,3219.0,3202.0,2980.0,2618.0,2584.0,3239.0,118.11,3195.93,106.97,3091.8,167.39,2864.63,317.16,2409.06,761.07,-0.0433,0.05542,0.00218,0.20355,1346.0,1387.0,1562.0,872.0,888.0,1014.0,640.0,642.0,664.0,-0.72622,0.68746,-0.9985,-0.05481,14,2017-12-04,20,4129.0,0.25208,val
2017-11-15,bci_value,3108.0,8.04173,3209.0,3351.0,3360.0,3259.0,3044.0,3137.0,3182.0,3079.0,2667.0,2489.0,3248.14,104.34,3190.64,109.33,3106.5,147.64,2874.95,314.83,2435.2,744.02,-0.03198,0.02081,-0.02353,0.15303,1320.0,1346.0,1567.0,858.0,872.0,1001.0,637.0,640.0,661.0,-0.71429,0.69985,-0.99979,-0.02043,14,2017-12-05,20,4115.0,0.28066,val
2017-11-16,bci_value,3084.0,8.03398,3108.0,3209.0,3351.0,3349.0,3101.0,3059.0,3220.0,3134.0,2888.0,2382.0,3245.71,107.87,3180.93,112.29,3113.03,142.06,2886.65,309.29,2460.07,727.72,-0.00775,-0.0055,-0.04315,0.06566,1298.0,1320.0,1558.0,849.0,858.0,988.0,634.0,637.0,658.0,-0.70215,0.71203,-0.9999,0.01398,14,2017-12-06,20,4126.0,0.29108,val
2017-11-17,bci_value,3153.0,8.05611,3084.0,3108.0,3209.0,3360.0,3259.0,3036.0,3217.0,3186.0,2929.0,2333.0,3230.57,112.29,3176.36,112.03,3120.5,138.02,2900.32,302.57,2484.79,712.89,0.02213,-0.03307,-0.02009,0.07369,1285.0,1298.0,1515.0,845.0,849.0,961.0,630.0,634.0,654.0,-0.6898,0.724,-0.99883,0.04836,14,2017-12-07,20,4147.0,0.27403,val
2017-11-20,bci_value,3214.0,8.07527,3153.0,3084.0,3108.0,3351.0,3349.0,3044.0,3219.0,3145.0,2906.0,2406.0,3211.29,101.36,3176.0,111.9,3130.77,133.04,2913.78,298.22,2510.13,697.66,0.01916,-0.04115,-0.00155,0.10074,1280.0,1285.0,1468.0,850.0,845.0,936.0,628.0,630.0,648.0,-0.65153,0.75862,-0.98853,0.15102,14,2017-12-08,18,4193.0,0.2659,val
2017-11-21,bci_value,3255.0,8.08795,3214.0,3153.0,3084.0,3209.0,3360.0,3101.0,3137.0,3187.0,2894.0,2381.0,3196.29,84.63,3184.43,113.08,3142.8,127.29,2928.35,293.14,2535.93,681.6,0.01268,-0.03175,0.03693,0.11755,1275.0,1280.0,1418.0,856.0,850.0,912.0,625.0,628.0,644.0,-0.63838,0.76972,-0.98275,0.18493,14,2017-12-11,20,4272.0,0.27189,val
2017-11-22,bci_value,3298.0,8.10107,3255.0,3214.0,3153.0,3108.0,3351.0,3259.0,3059.0,3202.0,2882.0,2282.0,3188.71,71.86,3201.5,110.88,3156.67,120.6,2945.28,284.53,2561.64,666.05,0.01312,-0.01594,0.07523,0.13483,1281.0,1275.0,1387.0,875.0,856.0,888.0,624.0,625.0,642.0,-0.62505,0.78058,-0.97581,0.21863,14,2017-12-12,20,4293.0,0.26367,val
2017-11-23,bci_value,3420.0,8.1374,3298.0,3255.0,3214.0,3084.0,3209.0,3349.0,3036.0,3202.0,2859.0,2293.0,3218.86,108.8,3228.93,114.0,3175.37,116.42,2964.07,277.98,2588.22,651.89,0.03632,0.06368,0.1191,0.17917,1284.0,1281.0,1346.0,899.0,875.0,872.0,622.0,624.0,640.0,-0.61153,0.79122,-0.96771,0.25206,14,2017-12-13,20,4211.0,0.20806,val
2017-11-24,bci_value,3453.0,8.147,3420.0,3298.0,3255.0,3153.0,3108.0,3360.0,3044.0,3182.0,2871.0,2264.0,3268.14,124.44,3258.14,115.26,3194.77,112.51,2983.88,269.62,2614.44,638.55,0.0096,0.10526,0.12607,0.18458,1295.0,1284.0,1320.0,914.0,899.0,858.0,620.0,622.0,637.0,-0.59783,0.80162,-0.95847,0.2852,14,2017-12-14,20,3936.0,0.13092,val
2017-11-27,bci_value,3540.0,8.17188,3453.0,3420.0,3298.0,3214.0,3084.0,3351.0,3101.0,3220.0,2980.0,2243.0,3333.29,130.21,3289.5,127.33,3213.43,121.43,3005.5,261.21,2640.96,626.78,0.02488,0.1379,0.1324,0.1722,1299.0,1295.0,1298.0,923.0,914.0,849.0,619.0,620.0,634.0,-0.55568,0.83139,-0.92398,0.38244,14,2017-12-15,18,3777.0,0.0648,val
2017-11-28,bci_value,3659.0,8.20495,3540.0,3453.0,3420.0,3255.0,3153.0,3209.0,3259.0,3217.0,3079.0,2313.0,3405.57,149.14,3318.07,158.37,3232.77,142.78,3027.93,258.56,2668.6,616.12,0.03306,0.14884,0.11577,0.17259,1320.0,1299.0,1285.0,929.0,923.0,845.0,620.0,619.0,630.0,-0.5413,0.84083,-0.91028,0.41399,14,2017-12-18,20,3656.0,-0.00082,val
2017-11-29,bci_value,3740.0,8.22684,3659.0,3540.0,3453.0,3298.0,3214.0,3108.0,3349.0,3219.0,3134.0,2438.0,3480.71,165.32,3346.0,192.22,3252.97,168.02,3049.63,262.74,2696.59,606.87,0.0219,0.15157,0.11042,0.17678,1368.0,1320.0,1280.0,936.0,929.0,850.0,622.0,620.0,628.0,-0.52675,0.85002,-0.8955,0.44506,14,2017-12-19,20,3510.0,-0.06347,val
2017-11-30,bci_value,3848.0,8.25531,3740.0,3659.0,3540.0,3420.0,3255.0,3084.0,3360.0,3137.0,3186.0,2614.0,3565.43,179.3,3380.86,231.78,3275.03,198.48,3070.2,275.81,2725.94,597.89,0.02847,0.16736,0.13561,0.18879,1433.0,1368.0,1275.0,941.0,936.0,856.0,623.0,622.0,625.0,-0.51206,0.85895,-0.87966,0.4756,14,2017-12-20,20,3216.0,-0.17942,val
2017-12-01,bci_value,4025.0,8.30028,3848.0,3740.0,3659.0,3453.0,3298.0,3153.0,3351.0,3059.0,3145.0,2767.0,3669.29,203.26,3429.0,284.56,3304.37,238.16,3091.17,298.82,2758.02,589.22,0.04497,0.19921,0.18327,0.24671,1494.0,1433.0,1281.0,944.0,941.0,875.0,626.0,623.0,624.0,-0.4972,0.86763,-0.86278,0.50558,14,2017-12-21,20,3115.0,-0.2563,val
2017-12-04,bci_value,4129.0,8.32579,4025.0,3848.0,3740.0,3540.0,3420.0,3214.0,3209.0,3036.0,3187.0,2813.0,3770.57,228.85,3494.71,328.94,3335.77,279.18,3113.1,324.77,2791.24,581.23,0.02551,0.18839,0.25208,0.25896,1559.0,1494.0,1284.0,944.0,944.0,899.0,626.0,626.0,622.0,-0.45179,0.89213,-0.8061,0.59178,14,2017-12-22,18,2830.0,-0.37776,val
2017-12-05,bci_value,4115.0,8.32239,4129.0,4025.0,3848.0,3659.0,3453.0,3255.0,3108.0,3044.0,3202.0,2724.0,3865.14,214.4,3566.64,346.16,3366.2,310.9,3136.28,345.17,2823.36,573.6,-0.0034,0.1754,0.28066,0.25086,1571.0,1559.0,1295.0,944.0,944.0,914.0,628.0,626.0,620.0,-0.43637,0.89977,-0.78527,0.61916,14,2018-01-02,28,2281.0,-0.59002,val
2017-12-06,bci_value,4126.0,8.32506,4115.0,4129.0,4025.0,3740.0,3540.0,3298.0,3084.0,3101.0,3202.0,2628.0,3948.86,183.24,3641.07,346.41,3397.0,337.72,3161.25,361.3,2854.41,567.59,0.00267,0.15318,0.29108,0.25353,1563.0,1571.0,1299.0,945.0,944.0,923.0,629.0,628.0,619.0,-0.42083,0.90714,-0.7635,0.6458,14,2018-01-03,28,2426.0,-0.53106,val
2017-12-07,bci_value,4147.0,8.33014,4126.0,4115.0,4129.0,3848.0,3659.0,3420.0,3153.0,3259.0,3182.0,2642.0,4018.57,149.41,3712.07,340.92,3429.17,360.87,3186.33,376.31,2884.1,564.53,0.00508,0.1252,0.27403,0.26488,1564.0,1563.0,1320.0,944.0,945.0,929.0,630.0,629.0,620.0,-0.40516,0.91424,-0.74084,0.67168,14,2018-01-04,28,2715.0,-0.42359,val
2017-12-08,bci_value,4193.0,8.34117,4147.0,4126.0,4115.0,4025.0,3740.0,3453.0,3214.0,3349.0,3220.0,2685.0,4083.29,106.75,3782.0,331.87,3461.6,383.62,3211.47,392.02,2912.89,564.48,0.01103,0.11433,0.2659,0.26404,1588.0,1564.0,1368.0,943.0,944.0,936.0,631.0,630.0,622.0,-0.38938,0.92108,-0.7173,0.69677,14,2018-01-05,28,2791.0,-0.40702,val
2017-12-11,bci_value,4272.0,8.35984,4193.0,4147.0,4126.0,4129.0,3848.0,3540.0,3255.0,3360.0,3217.0,2681.0,4143.86,70.05,3854.64,319.64,3496.77,407.22,3237.98,408.7,2942.17,565.88,0.01867,0.10453,0.27189,0.28363,1624.0,1588.0,1433.0,939.0,943.0,941.0,632.0,631.0,623.0,-0.34135,0.93994,-0.64169,0.76697,14,2018-01-08,28,2826.0,-0.41322,val
2017-12-12,bci_value,4293.0,8.36474,4272.0,4193.0,4147.0,4115.0,4025.0,3659.0,3298.0,3351.0,3219.0,2723.0,4182.14,67.82,3925.71,297.85,3532.57,427.91,3264.15,424.83,2971.48,566.77,0.0049,0.06446,0.26367,0.28792,1672.0,1624.0,1494.0,942.0,939.0,944.0,633.0,632.0,626.0,-0.32513,0.94567,-0.61493,0.78858,14,2018-01-09,28,2820.0,-0.42025,val
2017-12-13,bci_value,4211.0,8.34546,4293.0,4272.0,4193.0,4126.0,4129.0,3740.0,3420.0,3209.0,3137.0,2861.0,4193.86,64.64,3982.21,270.31,3568.37,438.12,3286.65,438.41,2999.83,564.23,-0.01929,0.01966,0.20806,0.29443,1718.0,1672.0,1559.0,943.0,942.0,944.0,633.0,633.0,626.0,-0.30881,0.95112,-0.58744,0.80927,14,2018-01-10,28,2677.0,-0.453,val
2017-12-14,bci_value,3936.0,8.27792,4211.0,4293.0,4272.0,4147.0,4115.0,3848.0,3453.0,3108.0,3059.0,2948.0,4168.29,110.16,4016.71,228.09,3597.6,432.38,3303.12,443.91,3024.66,555.66,-0.06754,-0.04447,0.13092,0.25208,1714.0,1718.0,1571.0,944.0,943.0,944.0,635.0,633.0,628.0,-0.29241,0.95629,-0.55925,0.829,14,2018-01-11,28,2384.0,-0.50139,val
2017-12-15,bci_value,3777.0,8.23669,3936.0,4211.0,4293.0,4193.0,4126.0,4025.0,3540.0,3084.0,3036.0,3147.0,4118.43,176.82,4033.64,199.02,3622.3,420.6,3313.62,447.52,3046.21,546.73,-0.04123,-0.08838,0.0648,0.21839,1677.0,1714.0,1563.0,942.0,944.0,945.0,636.0,635.0,629.0,-0.27591,0.96118,-0.53041,0.84774,14,2018-01-12,28,2296.0,-0.49776,val
2017-12-18,bci_value,3656.0,8.20412,3777.0,3936.0,4211.0,4272.0,4147.0,4129.0,3659.0,3153.0,3044.0,3173.0,4048.29,238.28,4033.43,199.43,3642.7,406.67,3321.67,449.26,3064.47,539.3,-0.03256,-0.12602,-0.00082,0.1832,1643.0,1677.0,1564.0,943.0,942.0,944.0,637.0,636.0,630.0,-0.22596,0.97414,-0.44024,0.89788,14,2018-01-15,28,2231.0,-0.49392,val
2017-12-19,bci_value,3510.0,8.16337,3656.0,3777.0,3936.0,4293.0,4193.0,4115.0,3740.0,3214.0,3101.0,3101.0,3950.71,292.68,4017.0,230.05,3656.33,394.97,3328.48,448.97,3080.21,531.34,-0.04075,-0.1778,-0.06347,0.12389,1593.0,1643.0,1588.0,938.0,943.0,943.0,636.0,637.0,631.0,-0.20917,0.97788,-0.40909,0.91249,14,2018-01-16,28,2010.0,-0.55748,val
2017-12-20,bci_value,3216.0,8.07589,3510.0,3656.0,3777.0,4211.0,4272.0,4126.0,3848.0,3255.0,3259.0,2942.0,3799.86,353.93,3971.86,307.69,3654.9,396.48,3333.05,446.4,3092.0,522.38,-0.08748,-0.28394,-0.17942,-0.01328,1546.0,1593.0,1624.0,933.0,938.0,939.0,632.0,636.0,632.0,-0.19232,0.98133,-0.37746,0.92602,14,2018-01-17,28,1743.0,-0.61253,val
2017-12-21,bci_value,3115.0,8.04398,3216.0,3510.0,3656.0,3936.0,4293.0,4147.0,4025.0,3298.0,3349.0,2824.0,3631.57,359.46,3906.86,377.74,3647.1,404.64,3337.9,442.4,3100.79,516.0,-0.03191,-0.32076,-0.2563,-0.07243,1445.0,1546.0,1672.0,925.0,933.0,942.0,627.0,632.0,633.0,-0.17541,0.9845,-0.34539,0.93846,14,2018-01-18,28,1611.0,-0.65937,val
2017-12-22,bci_value,2830.0,7.94803,3115.0,3216.0,3510.0,3777.0,4211.0,4193.0,4129.0,3420.0,3360.0,2738.0,3434.29,366.22,3814.07,461.94,3629.43,427.7,3339.43,440.48,3103.99,513.41,-0.09595,-0.39742,-0.37776,-0.17166,1395.0,1445.0,1718.0,914.0,925.0,943.0,625.0,627.0,633.0,-0.15845,0.98737,-0.3129,0.94979,14,2018-01-19,28,1493.0,-0.63949,val
2018-01-02,bci_value,2281.0,7.73237,2830.0,3115.0,3216.0,3656.0,3936.0,4272.0,4115.0,3453.0,3351.0,2671.0,3197.86,481.94,3683.07,598.03,3593.77,489.57,3332.93,452.99,3100.73,517.67,-0.21566,-0.54555,-0.59002,-0.38464,1340.0,1395.0,1714.0,901.0,914.0,944.0,612.0,625.0,635.0,0.0344,0.99941,0.06876,0.99763,14,2018-01-22,20,1445.0,-0.4565,val
2018-01-03,bci_value,2426.0,7.794,2281.0,2830.0,3115.0,3510.0,3777.0,4293.0,4126.0,3540.0,3209.0,2618.0,3004.86,481.88,3561.64,664.64,3567.67,528.7,3329.73,458.68,3098.98,519.68,0.06163,-0.44269,-0.53106,-0.27972,1332.0,1340.0,1677.0,894.0,901.0,942.0,607.0,612.0,636.0,0.05158,0.99867,0.10303,0.99468,14,2018-01-23,20,1525.0,-0.46425,val
2018-01-04,bci_value,2715.0,7.90655,2426.0,2281.0,2830.0,3216.0,3656.0,4211.0,4147.0,3659.0,3108.0,2667.0,2870.43,406.91,3459.36,676.77,3554.57,544.56,3330.53,457.56,3101.49,517.27,0.11255,-0.29758,-0.42359,-0.13519,1365.0,1332.0,1643.0,884.0,894.0,943.0,604.0,607.0,637.0,0.06876,0.99763,0.13719,0.99055,14,2018-01-24,20,1676.0,-0.48238,val
2018-01-05,bci_value,2791.0,7.93416,2715.0,2426.0,2281.0,3115.0,3510.0,3936.0,4193.0,3740.0,3084.0,2888.0,2767.71,312.23,3359.21,664.41,3544.8,555.43,3328.92,459.29,3106.03,512.7,0.02761,-0.22922,-0.40702,-0.09983,1400.0,1365.0,1593.0,884.0,884.0,938.0,600.0,604.0,636.0,0.08591,0.9963,0.17118,0.98524,14,2018-01-25,20,1752.0,-0.46564,val
2018-01-08,bci_value,2826.0,7.94662,2791.0,2715.0,2426.0,2830.0,3216.0,3777.0,4272.0,3848.0,3153.0,2929.0,2712.0,257.22,3255.93,625.76,3533.9,566.11,3327.2,460.97,3111.51,507.02,0.01246,-0.12928,-0.41322,-0.10949,1424.0,1400.0,1546.0,886.0,884.0,933.0,594.0,600.0,632.0,0.13719,0.99055,0.27178,0.96236,14,2018-01-26,18,1772.0,-0.46675,val
2018-01-09,bci_value,2820.0,7.94449,2826.0,2791.0,2715.0,2281.0,3115.0,3656.0,4293.0,4025.0,3214.0,2906.0,2669.86,207.01,3150.71,563.25,3520.77,577.83,3325.77,462.41,3116.11,502.45,-0.00213,-0.09949,-0.42025,-0.13078,1428.0,1424.0,1445.0,889.0,886.0,925.0,592.0,594.0,627.0,0.1542,0.98804,0.30472,0.95244,14,2018-01-29,20,1784.0,-0.45788,val
2018-01-10,bci_value,2677.0,7.89245,2820.0,2826.0,2791.0,2426.0,2830.0,3510.0,4211.0,4129.0,3255.0,2894.0,2648.0,196.77,3041.14,490.9,3501.5,595.73,3322.15,466.6,3119.4,498.58,-0.05204,-0.05558,-0.453,-0.1955,1404.0,1428.0,1395.0,898.0,889.0,914.0,589.0,592.0,625.0,0.17118,0.98524,0.3373,0.9414,14,2018-01-30,20,1748.0,-0.42622,val
2018-01-11,bci_value,2384.0,7.77654,2677.0,2820.0,2826.0,2715.0,2281.0,3216.0,3936.0,4115.0,3298.0,2882.0,2662.71,170.93,2930.29,449.82,3471.03,627.87,3313.85,478.63,3120.53,496.79,-0.11592,0.04417,-0.50139,-0.32454,1371.0,1404.0,1340.0,902.0,898.0,901.0,587.0,589.0,612.0,0.1881,0.98215,0.36948,0.92924,14,2018-01-31,20,1613.0,-0.39068,val
2018-01-12,bci_value,2296.0,7.73892,2384.0,2677.0,2820.0,2791.0,2426.0,3115.0,3777.0,4126.0,3420.0,2859.0,2644.14,200.19,2824.5,410.7,3433.57,662.38,3304.47,492.77,3120.57,496.74,-0.03761,-0.05508,-0.49776,-0.39847,1348.0,1371.0,1332.0,907.0,902.0,894.0,587.0,587.0,607.0,0.20497,0.97877,0.40123,0.91598,14,2018-02-01,20,1528.0,-0.40721,val
2018-01-15,bci_value,2231.0,7.71021,2296.0,2384.0,2677.0,2826.0,2715.0,2830.0,3656.0,4147.0,3453.0,2871.0,2575.0,242.82,2722.71,366.18,3392.83,696.62,3293.8,508.7,3120.2,497.38,-0.02872,-0.19634,-0.49392,-0.43679,1340.0,1348.0,1365.0,908.0,907.0,884.0,585.0,587.0,604.0,0.25518,0.96689,0.49347,0.86976,14,2018-02-02,18,1470.0,-0.41719,val
2018-01-16,bci_value,2010.0,7.60589,2231.0,2296.0,2384.0,2820.0,2791.0,2281.0,3510.0,4193.0,3540.0,2980.0,2463.43,292.32,2615.57,338.55,3341.83,738.71,3277.63,533.24,3117.61,502.52,-0.10432,-0.32827,-0.55748,-0.56599,1329.0,1340.0,1400.0,910.0,908.0,884.0,583.0,585.0,600.0,0.27178,0.96236,0.52309,0.85227,14,2018-02-05,20,1433.0,-0.33836,val
2018-01-17,bci_value,1743.0,7.46336,2010.0,2231.0,2296.0,2677.0,2826.0,2426.0,3216.0,4272.0,3659.0,3079.0,2308.71,341.88,2510.36,363.57,3277.97,789.61,3255.37,567.84,3111.28,516.03,-0.14253,-0.48325,-0.61253,-0.74158,1317.0,1329.0,1424.0,910.0,910.0,886.0,581.0,583.0,594.0,0.28829,0.95754,0.5521,0.83378,14,2018-02-06,20,1519.0,-0.13756,val
2018-01-18,bci_value,1611.0,7.38461,1743.0,2010.0,2231.0,2384.0,2820.0,2715.0,3115.0,4293.0,3740.0,3134.0,2136.0,345.33,2402.93,390.26,3207.0,839.02,3229.98,605.49,3102.09,534.95,-0.07875,-0.55988,-0.65937,-0.84223,1311.0,1317.0,1428.0,910.0,910.0,889.0,580.0,581.0,592.0,0.30472,0.95244,0.58045,0.81429,14,2018-02-07,20,1578.0,-0.0207,val
2018-01-19,bci_value,1493.0,7.30854,1611.0,1743.0,2010.0,2296.0,2677.0,2791.0,2830.0,4211.0,3848.0,3186.0,1966.86,328.47,2307.43,435.08,3128.5,884.32,3201.77,645.04,3089.63,558.7,-0.07607,-0.58391,-0.63949,-0.94677,1333.0,1311.0,1404.0,911.0,910.0,898.0,584.0,580.0,589.0,0.32106,0.94706,0.60812,0.79384,14,2018-02-08,20,1662.0,0.10723,val
2018-01-22,bci_value,1445.0,7.27586,1493.0,1611.0,1743.0,2231.0,2384.0,2826.0,2281.0,3936.0,4025.0,3145.0,1832.71,322.41,2247.71,488.68,3042.5,917.77,3173.43,683.12,3074.94,583.8,-0.03268,-0.50067,-0.4565,-1.02442,1362.0,1333.0,1371.0,913.0,911.0,902.0,585.0,584.0,587.0,0.36948,0.92924,0.68668,0.72696,14,2018-02-09,18,1790.0,0.21411,val
2018-01-23,bci_value,1525.0,7.32975,1445.0,1493.0,1611.0,2010.0,2296.0,2820.0,2426.0,3777.0,4129.0,3187.0,1722.57,273.28,2183.36,519.33,2955.7,933.91,3145.73,714.96,3060.63,605.43,0.05389,-0.40917,-0.46425,-0.99604,1404.0,1362.0,1348.0,911.0,913.0,907.0,586.0,585.0,587.0,0.38541,0.92274,0.71128,0.70291,14,2018-02-12,20,1824.0,0.17904,val
2018-01-24,bci_value,1676.0,7.42417,1525.0,1445.0,1493.0,1743.0,2231.0,2677.0,2715.0,3656.0,4115.0,3202.0,1643.29,178.26,2109.14,512.24,2874.4,935.61,3120.3,739.24,3048.99,621.66,0.09442,-0.28604,-0.48238,-0.89823,1456.0,1404.0,1340.0,908.0,911.0,908.0,584.0,586.0,585.0,0.40123,0.91598,0.73503,0.67803,14,2018-02-13,20,1793.0,0.06748,val
2018-01-25,bci_value,1752.0,7.46851,1676.0,1525.0,1445.0,1611.0,2010.0,2384.0,2791.0,3510.0,4126.0,3202.0,1606.43,113.55,2034.93,482.48,2795.27,926.75,3096.13,759.6,3039.26,634.89,0.04435,-0.13738,-0.46564,-0.85655,1481.0,1456.0,1329.0,904.0,908.0,910.0,581.0,584.0,583.0,0.41693,0.90894,0.75792,0.65235,14,2018-02-14,20,1721.0,-0.01785,val
2018-01-26,bci_value,1772.0,7.47986,1752.0,1676.0,1525.0,1493.0,1743.0,2296.0,2826.0,3216.0,4147.0,3182.0,1610.57,118.86,1959.64,432.85,2716.1,909.18,3072.63,778.16,3029.59,647.36,0.01135,0.0165,-0.46675,-0.85028,1492.0,1481.0,1317.0,900.0,904.0,910.0,577.0,581.0,581.0,0.4325,0.90163,0.77991,0.62589,14,2018-02-15,20,1663.0,-0.06349,val
2018-01-29,bci_value,1784.0,7.48661,1772.0,1752.0,1676.0,1445.0,1611.0,2231.0,2820.0,3115.0,4193.0,3220.0,1635.29,133.47,1885.64,362.23,2635.8,881.14,3048.7,795.16,3019.58,659.47,0.00675,0.102,-0.45788,-0.85456,1485.0,1492.0,1311.0,895.0,900.0,910.0,573.0,577.0,580.0,0.47843,0.87812,0.84025,0.5422,14,2018-02-16,18,1608.0,-0.10387,val
2018-01-30,bci_value,1748.0,7.46623,1784.0,1772.0,1752.0,1525.0,1493.0,2010.0,2677.0,2830.0,4272.0,3217.0,1671.71,124.14,1819.29,288.84,2551.67,840.45,3024.22,812.03,3009.21,671.93,-0.02039,0.15768,-0.42622,-0.89361,1450.0,1485.0,1333.0,889.0,895.0,911.0,566.0,573.0,584.0,0.49347,0.86976,0.8584,0.51298,14,2018-02-19,20,1597.0,-0.09035,val
2018-01-31,bci_value,1613.0,7.38585,1748.0,1784.0,1772.0,1676.0,1445.0,1743.0,2384.0,2281.0,4293.0,3219.0,1695.71,89.35,1764.21,246.29,2462.33,791.63,2997.45,831.41,2996.88,687.08,-0.08038,0.10999,-0.39068,-0.97889,1411.0,1450.0,1362.0,884.0,889.0,913.0,558.0,566.0,585.0,0.50836,0.86115,0.87554,0.48315,14,2018-02-20,20,1678.0,0.03951,val
2018-02-01,bci_value,1528.0,7.33171,1613.0,1748.0,1784.0,1752.0,1525.0,1611.0,2296.0,2426.0,4211.0,3137.0,1696.14,88.54,1709.36,203.55,2372.9,738.82,2970.63,852.17,2982.07,704.01,-0.05414,0.00197,-0.40721,-1.01374,1378.0,1411.0,1404.0,877.0,884.0,911.0,552.0,558.0,586.0,0.52309,0.85227,0.89164,0.45274,14,2018-02-21,20,1717.0,0.11662,val
2018-02-02,bci_value,1470.0,7.29302,1528.0,1613.0,1748.0,1772.0,1676.0,1493.0,2231.0,2715.0,3936.0,3059.0,1666.71,119.25,1655.0,152.1,2290.7,696.29,2944.15,873.43,2965.64,721.63,-0.0387,-0.13115,-0.41719,-0.9849,1359.0,1378.0,1456.0,872.0,877.0,908.0,547.0,552.0,584.0,0.53768,0.84315,0.90669,0.42181,14,2018-02-22,20,1725.0,0.15996,val
2018-02-05,bci_value,1433.0,7.26753,1470.0,1528.0,1613.0,1784.0,1752.0,1445.0,2010.0,2791.0,3777.0,3036.0,1621.14,137.51,1613.79,126.31,2212.57,655.44,2917.43,894.48,2946.6,739.0,-0.02549,-0.20099,-0.33836,-0.96916,1339.0,1359.0,1481.0,865.0,872.0,904.0,543.0,547.0,581.0,0.58045,0.81429,0.94532,0.32614,14,2018-02-23,18,1722.0,0.18372,val
2018-02-06,bci_value,1519.0,7.32581,1433.0,1470.0,1528.0,1748.0,1772.0,1525.0,1743.0,2826.0,3656.0,3044.0,1585.0,125.86,1597.79,123.08,2141.33,609.19,2892.02,912.02,2928.22,753.57,0.05828,-0.15406,-0.13756,-0.87832,1316.0,1339.0,1492.0,857.0,865.0,900.0,538.0,543.0,577.0,0.59438,0.80419,0.95598,0.29343,14,2018-02-26,20,1680.0,0.10074,val
2018-02-07,bci_value,1578.0,7.36391,1519.0,1433.0,1470.0,1613.0,1784.0,1676.0,1611.0,2820.0,3510.0,3101.0,1555.57,96.57,1595.43,123.12,2076.93,561.34,2866.63,926.92,2911.3,766.49,0.03811,-0.1227,-0.0207,-0.79946,1293.0,1316.0,1485.0,844.0,857.0,895.0,532.0,538.0,573.0,0.60812,0.79384,0.96551,0.26038,14,2018-02-27,20,1595.0,0.01072,val
2018-02-08,bci_value,1662.0,7.41578,1578.0,1519.0,1433.0,1528.0,1748.0,1752.0,1493.0,2677.0,3216.0,3259.0,1543.29,74.18,1607.5,120.75,2025.13,524.32,2840.02,938.13,2897.08,777.58,0.05186,-0.05045,0.10723,-0.66012,1263.0,1293.0,1450.0,833.0,844.0,889.0,529.0,532.0,566.0,0.62169,0.78327,0.97389,0.22701,14,2018-02-28,20,1560.0,-0.06334,val
2018-02-09,bci_value,1790.0,7.48997,1662.0,1578.0,1519.0,1470.0,1613.0,1772.0,1445.0,2384.0,3115.0,3349.0,1568.57,113.42,1632.14,120.27,1980.97,484.99,2814.03,945.24,2885.59,786.17,0.07419,0.10412,0.21411,-0.55401,1250.0,1263.0,1411.0,825.0,833.0,884.0,526.0,529.0,558.0,0.63507,0.77246,0.98112,0.19338,14,2018-03-01,20,1568.0,-0.13241,val
2018-02-12,bci_value,1824.0,7.50879,1790.0,1662.0,1578.0,1433.0,1528.0,1784.0,1525.0,2296.0,2830.0,3360.0,1610.86,141.99,1653.5,125.77,1947.43,459.22,2788.43,950.89,2875.43,793.87,0.01882,0.17707,0.17904,-0.43924,1237.0,1250.0,1378.0,819.0,825.0,877.0,520.0,526.0,552.0,0.67407,0.73867,0.99583,0.09126,14,2018-03-02,18,1592.0,-0.13604,val
2018-02-13,bci_value,1793.0,7.49165,1824.0,1790.0,1662.0,1519.0,1470.0,1748.0,1676.0,2231.0,2281.0,3351.0,1657.0,141.2,1661.86,130.78,1931.17,455.74,2762.47,956.43,2865.68,801.68,-0.01714,0.19863,0.06748,-0.24072,1228.0,1237.0,1359.0,817.0,819.0,872.0,518.0,520.0,547.0,0.68668,0.72696,0.99838,0.05695,14,2018-03-05,20,1597.0,-0.11576,val
2018-02-14,bci_value,1721.0,7.45066,1793.0,1824.0,1790.0,1578.0,1433.0,1613.0,1752.0,2010.0,2426.0,3209.0,1698.14,107.99,1659.64,129.49,1907.67,447.73,2737.67,963.79,2855.71,810.23,-0.04098,0.18314,-0.01785,-0.34334,1231.0,1228.0,1339.0,823.0,817.0,865.0,516.0,518.0,543.0,0.69908,0.71504,0.99975,0.02258,14,2018-03-06,20,1587.0,-0.08106,val
2018-02-15,bci_value,1663.0,7.41638,1721.0,1793.0,1824.0,1662.0,1519.0,1528.0,1772.0,1743.0,2715.0,3108.0,1718.71,82.65,1651.86,125.72,1872.6,423.67,2713.58,972.25,2844.56,819.61,-0.03428,0.09057,-0.06349,-0.49017,1251.0,1231.0,1316.0,832.0,823.0,857.0,515.0,516.0,538.0,0.71128,0.70291,0.99993,-0.01183,14,2018-03-07,20,1495.0,-0.1065,val
2018-02-16,bci_value,1608.0,7.38275,1663.0,1721.0,1793.0,1790.0,1578.0,1470.0,1784.0,1611.0,2791.0,3084.0,1723.0,75.73,1639.29,120.57,1833.17,390.08,2688.98,981.2,2830.33,829.77,-0.03363,0.01883,-0.10387,-0.55141,1273.0,1251.0,1293.0,837.0,832.0,844.0,515.0,515.0,532.0,0.72326,0.69057,0.99893,-0.04622,14,2018-03-08,20,1489.0,-0.07689,val
2018-02-19,bci_value,1597.0,7.37588,1608.0,1663.0,1721.0,1824.0,1662.0,1433.0,1748.0,1493.0,2826.0,3153.0,1713.71,85.93,1628.5,117.07,1792.2,345.67,2663.05,989.12,2815.53,839.7,-0.00686,-0.03989,-0.09035,-0.57074,1294.0,1273.0,1263.0,840.0,837.0,833.0,517.0,515.0,529.0,0.75792,0.65235,0.98885,-0.14889,14,2018-03-09,18,1479.0,-0.07676,val
2018-02-20,bci_value,1678.0,7.42536,1597.0,1608.0,1663.0,1793.0,1790.0,1519.0,1613.0,1445.0,2820.0,3214.0,1697.71,80.49,1633.14,117.65,1754.13,288.55,2637.45,994.4,2801.89,848.05,0.04948,-0.06461,0.03951,-0.51913,1333.0,1294.0,1250.0,847.0,840.0,825.0,519.0,517.0,526.0,0.76903,0.63921,0.98315,-0.18282,14,2018-03-12,20,1425.0,-0.16343,val
2018-02-21,bci_value,1717.0,7.44833,1678.0,1597.0,1608.0,1721.0,1824.0,1578.0,1528.0,1525.0,2677.0,3255.0,1682.43,63.41,1646.64,115.64,1722.13,232.15,2611.82,997.96,2788.81,855.57,0.02298,-0.06045,0.11662,-0.44412,1388.0,1333.0,1237.0,856.0,847.0,819.0,522.0,519.0,520.0,0.77991,0.62589,0.97628,-0.21653,14,2018-03-13,20,1362.0,-0.23162,val
2018-02-22,bci_value,1725.0,7.45298,1717.0,1678.0,1597.0,1663.0,1793.0,1662.0,1470.0,1676.0,2384.0,3298.0,1672.71,49.38,1664.86,106.06,1700.17,196.99,2585.6,1000.25,2775.96,862.74,0.00465,-0.03866,0.15996,-0.32355,1438.0,1388.0,1228.0,871.0,856.0,817.0,529.0,522.0,518.0,0.79056,0.61238,0.96825,-0.24998,14,2018-03-14,20,1312.0,-0.27367,val
2018-02-23,bci_value,1722.0,7.45124,1725.0,1717.0,1678.0,1608.0,1721.0,1790.0,1433.0,1752.0,2296.0,3420.0,1672.86,49.52,1685.5,84.95,1681.03,163.16,2557.3,1000.26,2763.32,869.73,-0.00174,0.00058,0.18372,-0.28768,1481.0,1438.0,1231.0,892.0,871.0,823.0,534.0,529.0,516.0,0.80098,0.59869,0.95908,-0.28314,14,2018-03-15,20,1238.0,-0.32999,val
2018-02-26,bci_value,1680.0,7.42655,1722.0,1725.0,1717.0,1597.0,1663.0,1824.0,1519.0,1772.0,2231.0,3453.0,1675.29,49.4,1697.0,71.46,1662.67,127.29,2527.75,999.56,2750.09,877.02,-0.02469,0.01017,0.10074,-0.28366,1504.0,1481.0,1251.0,919.0,892.0,832.0,538.0,534.0,515.0,0.8308,0.55658,0.9248,-0.38045,14,2018-03-16,18,1203.0,-0.33398,val
2018-02-27,bci_value,1595.0,7.37463,1680.0,1722.0,1725.0,1678.0,1608.0,1793.0,1578.0,1784.0,2010.0,3540.0,1673.43,52.06,1698.21,69.55,1648.83,110.2,2495.33,997.74,2734.7,884.97,-0.05192,-0.00812,0.01072,-0.23126,1513.0,1504.0,1273.0,948.0,919.0,837.0,545.0,538.0,515.0,0.84025,0.5422,0.91117,-0.41203,14,2018-03-19,20,1171.0,-0.30902,val
2018-02-28,bci_value,1560.0,7.35244,1595.0,1680.0,1722.0,1717.0,1597.0,1721.0,1662.0,1748.0,1743.0,3659.0,1668.14,60.71,1690.93,77.81,1642.73,109.88,2460.35,993.11,2717.82,892.69,-0.02219,-0.02344,-0.06334,-0.11092,1513.0,1513.0,1294.0,973.0,948.0,840.0,557.0,545.0,517.0,0.84945,0.52767,0.89646,-0.44313,14,2018-03-20,20,1112.0,-0.33853,val
2018-03-01,bci_value,1568.0,7.35756,1560.0,1595.0,1680.0,1725.0,1678.0,1663.0,1790.0,1613.0,1611.0,3740.0,1652.43,69.7,1675.07,78.62,1641.3,110.56,2424.15,985.36,2700.42,899.64,0.00512,-0.0678,-0.13241,-0.02705,1505.0,1513.0,1333.0,992.0,973.0,847.0,579.0,557.0,519.0,0.8584,0.51298,0.88068,-0.47371,14,2018-03-21,20,1109.0,-0.34634,val
2018-03-02,bci_value,1592.0,7.37275,1568.0,1560.0,1595.0,1722.0,1717.0,1608.0,1824.0,1528.0,1493.0,3848.0,1634.57,66.82,1658.5,69.39,1644.6,107.52,2386.55,973.28,2682.71,905.58,0.01519,-0.07559,-0.13604,0.0642,1500.0,1505.0,1388.0,1004.0,992.0,856.0,586.0,579.0,522.0,0.8671,0.49814,0.86387,-0.50372,14,2018-03-22,20,1129.0,-0.34366,val
2018-03-05,bci_value,1597.0,7.37588,1592.0,1568.0,1560.0,1680.0,1725.0,1597.0,1793.0,1470.0,1445.0,4025.0,1616.29,56.25,1644.5,59.98,1649.67,101.4,2346.08,954.62,2665.51,911.32,0.00314,-0.0771,-0.11576,0.10002,1502.0,1500.0,1438.0,1006.0,1004.0,871.0,590.0,586.0,529.0,0.89164,0.45274,0.80737,-0.59004,14,2018-03-23,18,1157.0,-0.3223,val
2018-03-06,bci_value,1587.0,7.3696,1597.0,1592.0,1568.0,1595.0,1722.0,1678.0,1721.0,1433.0,1525.0,4129.0,1597.0,36.31,1634.93,57.65,1651.73,99.46,2303.72,930.65,2647.73,916.56,-0.00628,-0.08164,-0.08106,0.03985,1528.0,1502.0,1481.0,1013.0,1006.0,892.0,595.0,590.0,534.0,0.8993,0.43734,0.7866,-0.61747,14,2018-03-26,20,1197.0,-0.28203,val
2018-03-07,bci_value,1495.0,7.30988,1587.0,1597.0,1592.0,1560.0,1680.0,1717.0,1663.0,1519.0,1676.0,4115.0,1570.57,33.5,1622.93,67.25,1645.7,103.22,2260.05,905.78,2628.77,922.54,-0.05972,-0.11667,-0.1065,-0.11428,1553.0,1528.0,1504.0,1020.0,1013.0,919.0,599.0,595.0,538.0,0.90669,0.42181,0.76489,-0.64416,14,2018-03-27,20,1191.0,-0.22733,val
2018-03-08,bci_value,1489.0,7.30586,1495.0,1587.0,1597.0,1568.0,1595.0,1725.0,1608.0,1578.0,1752.0,4126.0,1555.43,41.93,1614.43,75.6,1636.93,104.97,2216.1,877.71,2609.73,928.17,-0.00402,-0.06877,-0.07689,-0.16265,1590.0,1553.0,1513.0,1026.0,1020.0,948.0,607.0,599.0,545.0,0.91381,0.40615,0.74228,-0.67009,14,2018-03-28,20,1065.0,-0.33513,val
2018-03-09,bci_value,1479.0,7.29912,1489.0,1495.0,1587.0,1592.0,1560.0,1722.0,1597.0,1662.0,1772.0,4147.0,1543.86,49.55,1606.0,83.26,1627.17,105.58,2171.63,845.77,2590.81,933.65,-0.00674,-0.05332,-0.07676,-0.18074,1615.0,1590.0,1513.0,1032.0,1026.0,973.0,611.0,607.0,557.0,0.92066,0.39037,0.71879,-0.69523,14,2018-03-29,20,1010.0,-0.38142,val
2018-03-12,bci_value,1425.0,7.26193,1479.0,1489.0,1495.0,1597.0,1568.0,1680.0,1678.0,1790.0,1784.0,4193.0,1523.43,63.03,1587.93,92.61,1615.2,107.45,2125.5,808.94,2570.87,939.16,-0.03719,-0.09563,-0.16343,-0.22469,1624.0,1615.0,1505.0,1040.0,1032.0,992.0,615.0,611.0,579.0,0.93957,0.34236,0.64334,-0.76558,14,2018-04-03,22,924.0,-0.43322,val
2018-03-13,bci_value,1362.0,7.21671,1425.0,1479.0,1489.0,1587.0,1592.0,1595.0,1717.0,1824.0,1748.0,4272.0,1490.57,77.1,1562.57,101.93,1602.33,113.71,2077.0,764.82,2550.26,945.09,-0.04522,-0.15604,-0.23162,-0.24952,1623.0,1624.0,1500.0,1049.0,1040.0,1004.0,617.0,615.0,586.0,0.94532,0.32614,0.61662,-0.78726,14,2018-04-04,22,841.0,-0.48212,val
2018-03-14,bci_value,1312.0,7.17931,1362.0,1425.0,1479.0,1495.0,1597.0,1560.0,1725.0,1793.0,1613.0,4293.0,1449.86,84.99,1533.07,110.09,1592.3,125.04,2027.32,714.42,2529.07,951.21,-0.0374,-0.19657,-0.27367,-0.20654,1623.0,1623.0,1502.0,1061.0,1049.0,1006.0,622.0,617.0,590.0,0.95079,0.30983,0.58918,-0.808,14,2018-04-05,22,809.0,-0.48351,val
2018-03-15,bci_value,1238.0,7.12125,1312.0,1362.0,1425.0,1489.0,1587.0,1568.0,1722.0,1721.0,1528.0,4211.0,1400.0,92.0,1498.5,120.8,1582.63,139.96,1977.77,662.46,2507.97,958.53,-0.05806,-0.24835,-0.32999,-0.21046,1619.0,1623.0,1528.0,1077.0,1061.0,1013.0,626.0,622.0,595.0,0.95598,0.29343,0.56103,-0.82779,14,2018-04-06,22,824.0,-0.40708,val
2018-03-16,bci_value,1203.0,7.09257,1238.0,1312.0,1362.0,1479.0,1495.0,1592.0,1680.0,1663.0,1470.0,3936.0,1358.29,104.78,1464.43,131.59,1573.73,154.57,1932.22,618.76,2487.34,966.38,-0.02868,-0.21731,-0.33398,-0.20044,1618.0,1619.0,1553.0,1091.0,1077.0,1020.0,627.0,626.0,599.0,0.96089,0.27695,0.53223,-0.8466,14,2018-04-09,24,854.0,-0.34264,val
2018-03-19,bci_value,1171.0,7.06561,1203.0,1238.0,1312.0,1425.0,1489.0,1597.0,1595.0,1608.0,1433.0,3777.0,1312.86,107.17,1434.14,146.05,1565.0,169.0,1888.78,577.86,2466.62,974.36,-0.02696,-0.24025,-0.30902,-0.20191,1621.0,1618.0,1590.0,1099.0,1091.0,1026.0,629.0,627.0,607.0,0.97389,0.22701,0.44217,-0.89693,14,2018-04-10,22,930.0,-0.23043,val
2018-03-20,bci_value,1112.0,7.01392,1171.0,1203.0,1238.0,1362.0,1479.0,1587.0,1560.0,1597.0,1519.0,3656.0,1260.43,102.74,1402.14,163.06,1551.43,187.47,1846.38,538.63,2445.16,982.65,-0.0517,-0.28521,-0.33853,-0.31189,1615.0,1621.0,1615.0,1109.0,1099.0,1032.0,630.0,629.0,611.0,0.97765,0.21022,0.41105,-0.91161,14,2018-04-11,22,940.0,-0.16804,val
2018-03-21,bci_value,1109.0,7.01121,1112.0,1171.0,1203.0,1312.0,1425.0,1495.0,1568.0,1678.0,1578.0,3510.0,1215.29,89.02,1369.36,172.3,1535.8,203.48,1806.37,501.46,2423.02,990.03,-0.0027,-0.25071,-0.34634,-0.3527,1606.0,1615.0,1624.0,1117.0,1109.0,1040.0,634.0,630.0,615.0,0.98112,0.19338,0.37945,-0.92521,14,2018-04-12,22,982.0,-0.12162,val
2018-03-22,bci_value,1129.0,7.02909,1109.0,1112.0,1171.0,1238.0,1362.0,1489.0,1592.0,1717.0,1662.0,3216.0,1182.0,69.32,1336.29,170.82,1518.03,214.65,1771.58,474.11,2399.36,995.21,0.01787,-0.18762,-0.34366,-0.38669,1593.0,1606.0,1623.0,1122.0,1117.0,1049.0,639.0,634.0,617.0,0.98431,0.17647,0.3474,-0.93772,14,2018-04-13,22,1038.0,-0.08404,val
2018-03-23,bci_value,1157.0,7.05359,1129.0,1109.0,1112.0,1203.0,1312.0,1479.0,1597.0,1725.0,1790.0,3115.0,1159.86,44.61,1304.86,160.1,1496.93,217.96,1738.95,447.14,2375.0,998.49,0.0245,-0.12572,-0.3223,-0.43639,1587.0,1593.0,1623.0,1121.0,1122.0,1061.0,641.0,639.0,622.0,0.9872,0.15951,0.31494,-0.94911,14,2018-04-16,24,1061.0,-0.08662,val
2018-03-26,bci_value,1197.0,7.08757,1157.0,1129.0,1109.0,1171.0,1238.0,1425.0,1587.0,1722.0,1824.0,2830.0,1154.0,35.78,1277.0,141.42,1476.03,215.65,1711.73,429.24,2350.97,1000.52,0.03399,-0.03368,-0.28203,-0.42121,1575.0,1587.0,1619.0,1116.0,1121.0,1077.0,645.0,641.0,626.0,0.99411,0.10838,0.21548,-0.97651,14,2018-04-17,22,1152.0,-0.03832,val
2018-03-27,bci_value,1191.0,7.08255,1197.0,1157.0,1129.0,1112.0,1203.0,1362.0,1495.0,1680.0,1793.0,2281.0,1152.29,33.61,1255.29,129.09,1455.97,213.21,1693.57,427.82,2326.97,1002.15,-0.00503,-0.01003,-0.22733,-0.4091,1552.0,1575.0,1618.0,1106.0,1116.0,1091.0,648.0,645.0,627.0,0.99583,0.09126,0.18176,-0.98334,14,2018-04-18,22,1402.0,0.16311,val
2018-03-28,bci_value,1065.0,6.97073,1191.0,1197.0,1157.0,1109.0,1171.0,1312.0,1489.0,1595.0,1721.0,2426.0,1137.14,44.03,1225.0,120.13,1434.1,218.48,1670.88,424.46,2303.14,1006.38,-0.11182,-0.09488,-0.33513,-0.47993,1520.0,1552.0,1621.0,1093.0,1106.0,1099.0,650.0,648.0,629.0,0.99725,0.07412,0.14783,-0.98901,14,2018-04-19,22,1668.0,0.44865,val
2018-03-29,bci_value,1010.0,6.91771,1065.0,1191.0,1197.0,1129.0,1112.0,1238.0,1479.0,1560.0,1663.0,2715.0,1122.57,62.81,1191.5,109.55,1412.33,226.96,1642.47,410.45,2279.83,1011.75,-0.05302,-0.09621,-0.38142,-0.49867,1495.0,1520.0,1615.0,1080.0,1093.0,1109.0,652.0,650.0,630.0,0.99838,0.05695,0.11372,-0.99351,14,2018-04-20,22,1915.0,0.63977,val
2018-04-03,bci_value,924.0,6.82871,1010.0,1065.0,1191.0,1157.0,1109.0,1203.0,1425.0,1568.0,1608.0,2791.0,1096.14,94.09,1155.71,109.26,1389.53,240.13,1611.35,392.58,2255.83,1017.99,-0.08899,-0.1825,-0.43322,-0.55403,1455.0,1495.0,1606.0,1067.0,1080.0,1117.0,650.0,652.0,634.0,0.99958,-0.02903,-0.05803,-0.99832,14,2018-04-23,20,2009.0,0.77668,val
2018-04-04,bci_value,841.0,6.73459,924.0,1010.0,1065.0,1197.0,1129.0,1171.0,1362.0,1592.0,1597.0,2826.0,1055.0,127.7,1118.5,120.78,1364.33,256.17,1578.27,371.92,2230.14,1024.17,-0.09412,-0.2945,-0.48212,-0.64129,1397.0,1455.0,1593.0,1056.0,1067.0,1122.0,648.0,650.0,639.0,0.99893,-0.04622,-0.09233,-0.99573,14,2018-04-24,20,2130.0,0.92929,val
2018-04-05,bci_value,809.0,6.6958,841.0,924.0,1010.0,1191.0,1157.0,1112.0,1312.0,1597.0,1678.0,2820.0,1005.29,144.89,1082.57,132.16,1335.37,267.93,1544.75,348.37,2203.42,1029.52,-0.03879,-0.35779,-0.48351,-0.72956,1343.0,1397.0,1587.0,1042.0,1056.0,1121.0,644.0,648.0,641.0,0.99799,-0.06339,-0.12653,-0.99196,14,2018-04-25,20,2314.0,1.05093,val
2018-04-06,bci_value,824.0,6.71417,809.0,841.0,924.0,1065.0,1197.0,1109.0,1238.0,1587.0,1717.0,2677.0,952.0,132.66,1053.0,140.14,1305.6,273.42,1513.87,328.18,2176.41,1033.46,0.01837,-0.3734,-0.40708,-0.73416,1317.0,1343.0,1575.0,1032.0,1042.0,1116.0,643.0,644.0,645.0,0.99675,-0.08055,-0.16057,-0.98702,14,2018-04-26,20,2306.0,1.0291,val
2018-04-09,bci_value,854.0,6.74993,824.0,809.0,841.0,1010.0,1191.0,1129.0,1203.0,1495.0,1725.0,2384.0,903.86,92.16,1028.07,142.27,1276.57,273.59,1488.37,318.89,2149.26,1035.73,0.03576,-0.33262,-0.34264,-0.70305,1315.0,1317.0,1552.0,1024.0,1032.0,1106.0,638.0,643.0,648.0,0.99127,-0.13186,-0.26141,-0.96523,14,2018-04-27,18,2251.0,0.9692,val
2018-04-10,bci_value,930.0,6.83518,854.0,824.0,809.0,924.0,1065.0,1157.0,1171.0,1489.0,1722.0,2296.0,884.57,67.15,1010.86,138.46,1250.17,267.48,1465.6,309.02,2121.59,1034.68,0.08525,-0.13555,-0.23043,-0.61606,1319.0,1315.0,1520.0,1016.0,1024.0,1093.0,636.0,638.0,650.0,0.98885,-0.14889,-0.29446,-0.95566,14,2018-04-30,20,2173.0,0.84868,val
2018-04-11,bci_value,940.0,6.84588,930.0,854.0,824.0,841.0,1010.0,1197.0,1112.0,1479.0,1680.0,2231.0,874.57,51.0,998.57,136.56,1225.5,260.74,1444.08,299.79,2093.67,1032.28,0.0107,-0.07183,-0.16804,-0.58067,1325.0,1319.0,1495.0,1014.0,1016.0,1080.0,634.0,636.0,652.0,0.98615,-0.16588,-0.32716,-0.94497,14,2018-05-01,20,2136.0,0.82081,val
2018-04-12,bci_value,982.0,6.88959,940.0,930.0,854.0,809.0,924.0,1191.0,1109.0,1425.0,1595.0,2010.0,882.86,61.9,989.5,133.1,1205.07,254.94,1426.95,296.31,2065.24,1027.26,0.04371,0.06088,-0.12162,-0.48504,1335.0,1325.0,1455.0,1014.0,1014.0,1067.0,630.0,634.0,650.0,0.98315,-0.18282,-0.35947,-0.93316,14,2018-05-02,20,2197.0,0.80526,val
2018-04-13,bci_value,1038.0,6.94505,982.0,940.0,930.0,824.0,841.0,1065.0,1129.0,1362.0,1560.0,1743.0,911.0,78.92,983.0,128.26,1187.67,247.83,1415.2,297.52,2036.12,1018.79,0.05546,0.21046,-0.08404,-0.40739,1351.0,1335.0,1397.0,1013.0,1014.0,1056.0,628.0,630.0,648.0,0.97986,-0.1997,-0.39136,-0.92024,14,2018-05-03,20,2308.0,0.79909,val
2018-04-16,bci_value,1061.0,6.96697,1038.0,982.0,940.0,854.0,809.0,1010.0,1157.0,1312.0,1568.0,1611.0,947.0,81.61,976.14,121.15,1170.77,238.43,1406.03,299.81,2006.36,1007.64,0.02192,0.27117,-0.08662,-0.39059,1359.0,1351.0,1343.0,1016.0,1013.0,1042.0,626.0,628.0,644.0,0.96825,-0.24998,-0.48409,-0.87502,14,2018-05-04,18,2337.0,0.78966,val
2018-04-17,bci_value,1152.0,7.04925,1061.0,1038.0,982.0,930.0,824.0,924.0,1197.0,1238.0,1592.0,1493.0,993.86,91.14,972.93,115.72,1156.1,225.23,1400.35,301.34,1976.4,992.41,0.08229,0.33508,-0.03832,-0.32349,1353.0,1359.0,1317.0,1018.0,1016.0,1032.0,626.0,626.0,643.0,0.96381,-0.2666,-0.5139,-0.85785,14,2018-05-08,21,2482.0,0.76757,val
2018-04-18,bci_value,1402.0,7.24566,1152.0,1061.0,1038.0,940.0,854.0,841.0,1191.0,1203.0,1597.0,1445.0,1072.14,152.25,988.0,151.38,1149.6,215.0,1399.63,301.28,1947.26,970.08,0.1964,0.49572,0.16311,-0.13023,1329.0,1353.0,1315.0,1022.0,1018.0,1024.0,626.0,626.0,638.0,0.95908,-0.28314,-0.54311,-0.83966,14,2018-05-09,21,2616.0,0.62375,val
2018-04-19,bci_value,1668.0,7.41938,1402.0,1152.0,1061.0,982.0,930.0,809.0,1065.0,1171.0,1587.0,1525.0,1177.57,244.74,1031.07,231.66,1152.3,220.9,1402.02,302.82,1919.91,942.49,0.17373,0.5842,0.44865,0.04978,1306.0,1329.0,1319.0,1022.0,1022.0,1016.0,623.0,626.0,636.0,0.95407,-0.29959,-0.57167,-0.82049,14,2018-05-10,21,2565.0,0.43033,val
2018-04-20,bci_value,1915.0,7.55747,1668.0,1402.0,1152.0,1038.0,940.0,824.0,1010.0,1112.0,1495.0,1676.0,1316.86,331.85,1095.71,324.45,1166.3,253.13,1406.0,307.93,1895.47,913.32,0.13809,0.71159,0.63977,0.24759,1289.0,1306.0,1325.0,1025.0,1022.0,1014.0,621.0,623.0,634.0,0.94877,-0.31596,-0.59955,-0.80034,14,2018-05-11,21,2630.0,0.31727,val
2018-04-23,bci_value,2009.0,7.60539,1915.0,1668.0,1402.0,1061.0,982.0,854.0,924.0,1109.0,1489.0,1752.0,1463.57,375.52,1173.21,395.89,1183.63,289.79,1410.28,314.43,1871.94,882.31,0.04792,0.7158,0.77668,0.29953,1281.0,1289.0,1335.0,1027.0,1025.0,1014.0,621.0,621.0,630.0,0.93121,-0.36448,-0.67882,-0.7343,14,2018-05-14,21,2635.0,0.27125,val
2018-04-24,bci_value,2130.0,7.66388,2009.0,1915.0,1668.0,1152.0,1038.0,930.0,841.0,1129.0,1479.0,1772.0,1619.57,392.75,1265.29,453.61,1205.33,332.34,1416.25,324.48,1849.53,849.23,0.05848,0.71883,0.92929,0.36476,1269.0,1281.0,1351.0,1030.0,1027.0,1013.0,617.0,621.0,628.0,0.9248,-0.38045,-0.70368,-0.71052,14,2018-05-15,21,2602.0,0.20016,val
2018-04-25,bci_value,2314.0,7.74673,2130.0,2009.0,1915.0,1402.0,1061.0,940.0,809.0,1157.0,1425.0,1784.0,1798.57,382.79,1372.79,507.83,1234.97,385.92,1425.08,341.15,1828.66,813.72,0.08286,0.77977,1.05093,0.48481,1264.0,1269.0,1359.0,1037.0,1030.0,1016.0,614.0,617.0,626.0,0.91812,-0.3963,-0.7277,-0.68589,14,2018-05-16,21,2407.0,0.0394,val
2018-04-26,bci_value,2306.0,7.74327,2314.0,2130.0,2009.0,1668.0,1152.0,982.0,824.0,1197.0,1362.0,1748.0,1963.43,310.51,1478.64,536.08,1266.43,430.87,1434.38,357.06,1806.81,773.21,-0.00346,0.69401,1.0291,0.52656,1272.0,1264.0,1353.0,1040.0,1037.0,1018.0,610.0,614.0,626.0,0.91117,-0.41203,-0.75086,-0.66046,14,2018-05-17,21,2106.0,-0.09072,val
2018-04-27,bci_value,2251.0,7.71913,2306.0,2314.0,2130.0,1915.0,1402.0,1038.0,854.0,1191.0,1312.0,1613.0,2084.71,220.2,1578.43,540.52,1297.73,465.73,1445.02,371.44,1784.12,728.6,-0.02414,0.47347,0.9692,0.53982,1275.0,1272.0,1329.0,1042.0,1040.0,1022.0,605.0,610.0,626.0,0.90395,-0.42765,-0.77314,-0.63424,14,2018-05-18,21,2053.0,-0.09207,val
2018-04-30,bci_value,2173.0,7.68386,2251.0,2306.0,2314.0,2009.0,1668.0,1061.0,930.0,1065.0,1238.0,1528.0,2156.86,139.97,1667.21,528.67,1328.9,491.28,1455.77,382.84,1761.48,683.07,-0.03527,0.26448,0.84868,0.56261,1276.0,1275.0,1306.0,1045.0,1042.0,1022.0,603.0,605.0,623.0,0.88068,-0.47371,-0.83437,-0.5512,14,2018-05-21,21,1957.0,-0.1047,val
2018-05-01,bci_value,2136.0,7.66669,2173.0,2251.0,2306.0,2130.0,1915.0,1152.0,940.0,1010.0,1203.0,1470.0,2188.43,101.49,1752.64,500.12,1360.0,511.44,1466.87,392.62,1741.48,644.36,-0.01717,0.10922,0.82081,0.57412,1271.0,1276.0,1289.0,1043.0,1045.0,1025.0,601.0,603.0,621.0,0.8724,-0.48879,-0.85284,-0.52218,14,2018-05-22,21,1854.0,-0.14159,val
2018-05-02,bci_value,2197.0,7.69485,2136.0,2173.0,2251.0,2314.0,2009.0,1402.0,982.0,924.0,1171.0,1433.0,2215.29,70.64,1839.43,462.9,1394.2,531.57,1479.6,403.55,1723.92,609.23,0.02816,0.08946,0.80526,0.62923,1271.0,1271.0,1281.0,1043.0,1043.0,1027.0,597.0,601.0,621.0,0.86387,-0.50372,-0.87029,-0.49253,14,2018-05-23,21,1759.0,-0.22235,val
2018-05-03,bci_value,2308.0,7.74414,2197.0,2136.0,2173.0,2306.0,2130.0,1668.0,1038.0,841.0,1112.0,1519.0,2240.71,67.32,1930.14,419.34,1434.07,553.31,1492.75,417.25,1708.94,577.28,0.04929,0.08026,0.79909,0.73022,1266.0,1271.0,1269.0,1047.0,1043.0,1030.0,591.0,597.0,617.0,0.85507,-0.51851,-0.88672,-0.4623,14,2018-05-24,21,1551.0,-0.39748,val
2018-05-04,bci_value,2337.0,7.75662,2308.0,2197.0,2136.0,2251.0,2314.0,1915.0,1061.0,809.0,1109.0,1578.0,2244.0,71.27,2021.29,354.13,1475.0,572.83,1505.4,430.92,1695.91,549.02,0.01249,0.00989,0.78966,0.74541,1265.0,1266.0,1264.0,1050.0,1047.0,1037.0,589.0,591.0,614.0,0.84603,-0.53314,-0.9021,-0.43153,14,2018-05-25,21,1395.0,-0.51597,val
2018-05-08,bci_value,2482.0,7.81682,2337.0,2308.0,2197.0,2173.0,2306.0,2009.0,1152.0,824.0,1129.0,1662.0,2269.14,109.5,2116.29,278.51,1520.1,596.58,1519.07,448.32,1687.76,531.55,0.0602,0.07355,0.76757,0.78773,1257.0,1265.0,1272.0,1051.0,1050.0,1040.0,585.0,589.0,610.0,0.80737,-0.59004,-0.95277,-0.3037,14,2018-05-29,21,1324.0,-0.62841,val
2018-05-09,bci_value,2616.0,7.8694,2482.0,2337.0,2308.0,2136.0,2251.0,2130.0,1402.0,854.0,1157.0,1790.0,2321.29,162.51,2203.0,226.81,1568.73,623.85,1532.83,468.65,1682.21,519.09,0.05258,0.15027,0.62375,0.81582,1253.0,1257.0,1275.0,1048.0,1051.0,1042.0,585.0,585.0,605.0,0.7971,-0.60385,-0.96265,-0.27074,14,2018-05-30,21,1276.0,-0.71792,val
2018-05-10,bci_value,2565.0,7.84971,2616.0,2482.0,2337.0,2197.0,2173.0,2314.0,1668.0,930.0,1197.0,1824.0,2377.29,169.17,2267.07,190.4,1614.33,644.66,1545.18,485.62,1679.27,513.29,-0.01969,0.16585,0.43033,0.76214,1246.0,1253.0,1276.0,1052.0,1048.0,1045.0,584.0,585.0,603.0,0.7866,-0.61747,-0.9714,-0.23747,14,2018-05-31,21,1401.0,-0.60477,val
2018-05-11,bci_value,2630.0,7.87474,2565.0,2616.0,2482.0,2308.0,2136.0,2306.0,1915.0,940.0,1191.0,1793.0,2447.86,156.35,2318.14,184.93,1662.3,664.6,1559.13,504.2,1683.14,519.11,0.02503,0.20805,0.31727,0.79219,1245.0,1246.0,1271.0,1053.0,1052.0,1043.0,584.0,584.0,601.0,0.77586,-0.63091,-0.97899,-0.20391,14,2018-06-01,21,1602.0,-0.49573,val
2018-05-14,bci_value,2635.0,7.87664,2630.0,2565.0,2616.0,2337.0,2197.0,2251.0,2009.0,982.0,1065.0,1721.0,2510.43,128.62,2362.86,180.4,1714.63,677.2,1574.37,522.34,1685.47,522.88,0.0019,0.18179,0.27125,0.90591,1240.0,1245.0,1271.0,1055.0,1053.0,1043.0,585.0,584.0,597.0,0.74228,-0.67009,-0.99479,-0.10196,14,2018-06-04,21,1712.0,-0.43122,val
2018-05-15,bci_value,2602.0,7.86404,2635.0,2630.0,2565.0,2482.0,2308.0,2173.0,2130.0,1038.0,1010.0,1663.0,2552.43,100.61,2396.57,177.82,1767.7,682.26,1590.02,538.58,1684.21,520.54,-0.0126,0.1199,0.20016,0.94633,1237.0,1240.0,1266.0,1053.0,1055.0,1047.0,586.0,585.0,591.0,0.73064,-0.68276,-0.99771,-0.06768,14,2018-06-05,21,1835.0,-0.34924,val
2018-05-16,bci_value,2407.0,7.78614,2602.0,2635.0,2630.0,2616.0,2337.0,2136.0,2314.0,1061.0,924.0,1608.0,2562.43,80.09,2403.21,176.34,1817.13,673.0,1603.33,548.64,1679.94,512.96,-0.0779,0.02951,0.0394,0.95742,1237.0,1237.0,1265.0,1056.0,1053.0,1050.0,587.0,586.0,589.0,0.71879,-0.69523,-0.99944,-0.03332,14,2018-06-06,21,2088.0,-0.14217,val
2018-05-17,bci_value,2106.0,7.65255,2407.0,2602.0,2635.0,2565.0,2482.0,2197.0,2306.0,1152.0,841.0,1597.0,2508.71,179.91,2388.93,191.12,1859.3,649.75,1611.82,552.4,1671.94,500.49,-0.13359,-0.16427,-0.09072,0.91795,1239.0,1237.0,1257.0,1064.0,1056.0,1051.0,589.0,587.0,585.0,0.70673,-0.70749,-1.0,0.00108,14,2018-06-07,21,2220.0,0.05272,val
2018-05-18,bci_value,2053.0,7.62706,2106.0,2407.0,2602.0,2630.0,2616.0,2308.0,2251.0,1402.0,809.0,1678.0,2428.29,232.21,2374.79,207.43,1900.77,620.43,1618.07,555.23,1663.42,487.22,-0.02549,-0.24234,-0.09207,0.93126,1241.0,1239.0,1253.0,1069.0,1064.0,1048.0,590.0,589.0,585.0,0.69445,-0.71954,-0.99937,0.03547,14,2018-06-08,21,2151.0,0.04663,val
2018-05-21,bci_value,1957.0,7.57917,2053.0,2106.0,2407.0,2635.0,2565.0,2337.0,2173.0,1668.0,824.0,1717.0,2341.43,274.66,2359.36,228.8,1938.53,587.34,1622.07,556.79,1655.42,476.3,-0.04789,-0.27055,-0.1047,0.865,1243.0,1241.0,1246.0,1071.0,1069.0,1052.0,591.0,590.0,584.0,0.65641,-0.7544,-0.9904,0.13825,14,2018-06-11,21,2091.0,0.06623,val
2018-05-22,bci_value,1854.0,7.5251,1957.0,2053.0,2106.0,2602.0,2630.0,2482.0,2136.0,1915.0,854.0,1725.0,2230.57,291.88,2339.21,258.11,1971.87,552.17,1624.22,557.43,1649.53,470.5,-0.05407,-0.34964,-0.14159,0.77517,1239.0,1243.0,1245.0,1074.0,1071.0,1053.0,590.0,591.0,584.0,0.64334,-0.76558,-0.98506,0.17224,14,2018-06-12,21,2068.0,0.10924,val
2018-05-23,bci_value,1759.0,7.4725,1854.0,1957.0,2053.0,2407.0,2635.0,2616.0,2197.0,2009.0,930.0,1722.0,2105.43,279.17,2307.93,297.06,1999.5,519.09,1624.83,557.56,1643.57,465.65,-0.0526,-0.40414,-0.22235,0.63732,1222.0,1239.0,1240.0,1074.0,1074.0,1055.0,591.0,590.0,585.0,0.63007,-0.77654,-0.97855,0.20602,14,2018-06-13,21,2091.0,0.1729,val
2018-05-24,bci_value,1551.0,7.34666,1759.0,1854.0,1957.0,2106.0,2602.0,2565.0,2308.0,2130.0,940.0,1680.0,1955.29,253.14,2253.86,355.31,2019.87,488.19,1622.68,557.59,1636.01,461.55,-0.12585,-0.51738,-0.39748,0.50078,1202.0,1222.0,1237.0,1074.0,1074.0,1053.0,590.0,591.0,586.0,0.61662,-0.78726,-0.97088,0.23956,14,2018-06-14,21,2184.0,0.34226,val
2018-05-25,bci_value,1395.0,7.24065,1551.0,1759.0,1854.0,2053.0,2407.0,2630.0,2337.0,2314.0,982.0,1595.0,1810.71,242.64,2186.57,417.03,2033.63,463.95,1619.35,558.35,1629.18,460.51,-0.10601,-0.54549,-0.51597,0.35106,1187.0,1202.0,1237.0,1071.0,1074.0,1056.0,587.0,590.0,587.0,0.60299,-0.79775,-0.96207,0.27281,14,2018-06-15,21,2223.0,0.46596,val
2018-05-29,bci_value,1324.0,7.18841,1395.0,1551.0,1759.0,1957.0,2106.0,2635.0,2482.0,2306.0,1038.0,1560.0,1699.0,260.34,2103.86,462.58,2043.17,445.98,1615.42,559.58,1624.52,461.46,-0.05224,-0.46413,-0.62841,0.24336,1163.0,1187.0,1239.0,1068.0,1071.0,1064.0,586.0,587.0,589.0,0.54671,-0.83732,-0.91555,0.40221,14,2018-06-18,20,2228.0,0.52045,val
2018-05-30,bci_value,1276.0,7.15149,1324.0,1395.0,1551.0,1854.0,2053.0,2602.0,2616.0,2251.0,1061.0,1568.0,1588.0,251.23,2008.14,484.81,2050.33,431.64,1610.55,561.24,1620.8,462.9,-0.03693,-0.47557,-0.71792,0.18452,1149.0,1163.0,1241.0,1064.0,1068.0,1069.0,584.0,586.0,590.0,0.53223,-0.8466,-0.90117,0.43347,14,2018-06-19,20,2187.0,0.5388,val
2018-05-31,bci_value,1401.0,7.24494,1276.0,1324.0,1395.0,1759.0,1957.0,2407.0,2565.0,2173.0,1152.0,1592.0,1508.57,205.8,1925.0,481.98,2058.63,416.41,1607.37,561.88,1619.78,463.28,0.09346,-0.33423,-0.60477,0.19569,1160.0,1149.0,1243.0,1063.0,1064.0,1071.0,583.0,584.0,591.0,0.51759,-0.85563,-0.88572,0.46421,14,2018-06-20,20,2090.0,0.39998,val
2018-06-01,bci_value,1602.0,7.37901,1401.0,1276.0,1324.0,1551.0,1854.0,2106.0,2630.0,2136.0,1402.0,1597.0,1472.57,158.92,1851.57,445.94,2065.3,407.34,1607.45,561.87,1621.52,462.92,0.13407,-0.14609,-0.49573,0.13335,1192.0,1160.0,1239.0,1061.0,1063.0,1074.0,583.0,583.0,590.0,0.50279,-0.86441,-0.86923,0.4944,14,2018-06-21,20,2038.0,0.24072,val
2018-06-04,bci_value,1712.0,7.44542,1602.0,1401.0,1276.0,1395.0,1759.0,2053.0,2635.0,2197.0,1668.0,1587.0,1465.86,147.24,1785.64,389.96,2066.77,405.99,1609.53,562.03,1623.6,462.9,0.06641,-0.02708,-0.43122,0.02604,1217.0,1192.0,1222.0,1061.0,1061.0,1074.0,583.0,583.0,591.0,0.45753,-0.88919,-0.81367,0.58133,14,2018-06-22,18,2011.0,0.16097,val
2018-06-05,bci_value,1835.0,7.5148,1712.0,1602.0,1401.0,1324.0,1551.0,1957.0,2602.0,2308.0,1915.0,1495.0,1506.43,196.13,1730.86,318.81,2064.1,407.24,1615.2,562.56,1625.37,463.4,0.06938,0.16814,-0.34924,-0.04267,1250.0,1217.0,1202.0,1065.0,1061.0,1074.0,584.0,583.0,590.0,0.44217,-0.89693,-0.79319,0.60897,14,2018-06-25,20,2001.0,0.0866,val
2018-06-06,bci_value,2088.0,7.64396,1835.0,1712.0,1602.0,1276.0,1395.0,1854.0,2407.0,2337.0,2009.0,1489.0,1605.43,274.24,1708.07,278.53,2066.73,407.13,1625.18,565.54,1629.1,465.75,0.12916,0.40331,-0.14217,0.03857,1290.0,1250.0,1187.0,1065.0,1065.0,1071.0,583.0,584.0,587.0,0.42667,-0.90441,-0.77177,0.6359,14,2018-06-26,20,1986.0,-0.05008,val
2018-06-07,bci_value,2220.0,7.70526,2088.0,1835.0,1712.0,1401.0,1324.0,1759.0,2106.0,2482.0,2130.0,1479.0,1733.43,318.54,1716.21,291.41,2069.73,407.91,1637.53,570.28,1634.08,469.63,0.0613,0.51685,0.05272,0.04139,1344.0,1290.0,1163.0,1072.0,1065.0,1068.0,583.0,583.0,586.0,0.41105,-0.91161,-0.74944,0.66207,14,2018-06-27,20,1942.0,-0.13379,val
2018-06-08,bci_value,2151.0,7.67369,2220.0,2088.0,1835.0,1602.0,1276.0,1551.0,2053.0,2616.0,2314.0,1425.0,1858.43,284.36,1723.21,300.45,2064.3,405.7,1649.63,573.34,1638.16,472.5,-0.03157,0.5222,0.04663,-0.07304,1418.0,1344.0,1149.0,1075.0,1072.0,1064.0,584.0,583.0,584.0,0.39531,-0.91855,-0.72622,0.68746,14,2018-06-28,20,2025.0,-0.06036,val
2018-06-11,bci_value,2091.0,7.6454,2151.0,2220.0,2088.0,1712.0,1401.0,1395.0,1957.0,2565.0,2306.0,1362.0,1957.0,221.31,1732.79,309.74,2057.13,403.26,1661.78,574.83,1641.97,474.75,-0.02829,0.40046,0.06623,-0.09787,1451.0,1418.0,1160.0,1078.0,1075.0,1063.0,586.0,584.0,583.0,0.3474,-0.93772,-0.65153,0.75862,14,2018-06-29,18,2170.0,0.03708,val
2018-06-12,bci_value,2068.0,7.63434,2091.0,2151.0,2220.0,1835.0,1602.0,1324.0,1854.0,2630.0,2251.0,1312.0,2023.57,168.24,1748.07,320.44,2051.03,401.66,1674.38,575.31,1647.02,476.83,-0.01106,0.25533,0.10924,-0.08479,1474.0,1451.0,1192.0,1084.0,1078.0,1061.0,588.0,586.0,583.0,0.33122,-0.94355,-0.62505,0.78058,14,2018-07-02,20,2304.0,0.10806,val
2018-06-13,bci_value,2091.0,7.6454,2068.0,2091.0,2151.0,2088.0,1712.0,1276.0,1759.0,2635.0,2173.0,1238.0,2077.71,110.25,1771.79,332.43,2048.3,401.1,1688.6,574.89,1653.28,478.92,0.01106,0.19998,0.1729,-0.03847,1488.0,1474.0,1217.0,1088.0,1084.0,1061.0,591.0,588.0,583.0,0.31494,-0.94911,-0.59783,0.80162,14,2018-07-03,20,2478.0,0.16981,val
2018-06-14,bci_value,2184.0,7.68891,2091.0,2068.0,2091.0,2220.0,1835.0,1401.0,1551.0,2602.0,2136.0,1203.0,2127.57,53.54,1817.0,342.23,2049.9,401.55,1704.95,574.8,1661.21,481.72,0.04352,0.17411,0.34226,0.02222,1498.0,1488.0,1250.0,1089.0,1088.0,1065.0,592.0,591.0,584.0,0.29857,-0.95439,-0.5699,0.82171,14,2018-07-04,20,2743.0,0.22789,val
2018-06-15,bci_value,2223.0,7.70661,2184.0,2091.0,2068.0,2151.0,2088.0,1602.0,1395.0,2407.0,2197.0,1171.0,2146.86,59.76,1876.14,335.67,2050.77,401.89,1722.48,574.29,1669.99,484.67,0.0177,0.06265,0.46596,0.01176,1495.0,1498.0,1290.0,1091.0,1089.0,1065.0,593.0,592.0,583.0,0.28211,-0.95938,-0.5413,0.84083,14,2018-07-05,20,3013.0,0.30408,val
2018-06-18,bci_value,2228.0,7.70886,2223.0,2184.0,2091.0,2091.0,2220.0,1712.0,1324.0,2106.0,2308.0,1112.0,2148.0,61.21,1940.71,309.15,2048.1,400.44,1741.08,572.29,1677.87,487.9,0.00225,0.0036,0.52045,-0.03528,1482.0,1495.0,1344.0,1092.0,1091.0,1072.0,595.0,593.0,583.0,0.23224,-0.97266,-0.45179,0.89213,14,2018-07-06,18,3086.0,0.32577,val
2018-06-19,bci_value,2187.0,7.69029,2228.0,2223.0,2184.0,2068.0,2151.0,1835.0,1276.0,2053.0,2337.0,1109.0,2153.14,62.74,2005.79,253.2,2043.1,397.73,1759.05,569.07,1684.63,490.69,-0.01857,0.0166,0.5388,-0.06634,1458.0,1482.0,1418.0,1093.0,1092.0,1075.0,594.0,595.0,584.0,0.21548,-0.97651,-0.42083,0.90714,14,2018-07-09,20,3016.0,0.3214,val
2018-06-20,bci_value,2090.0,7.64492,2187.0,2228.0,2223.0,2091.0,2091.0,2088.0,1401.0,1957.0,2482.0,1129.0,2153.0,62.88,2055.0,189.92,2030.03,389.44,1775.07,564.62,1689.39,492.51,-0.04537,-0.00048,0.39998,-0.1719,1419.0,1458.0,1451.0,1094.0,1093.0,1078.0,593.0,594.0,586.0,0.19865,-0.98007,-0.38938,0.92108,14,2018-07-10,20,2792.0,0.28959,val
2018-06-21,bci_value,2038.0,7.61972,2090.0,2187.0,2228.0,2184.0,2068.0,2220.0,1602.0,1854.0,2616.0,1157.0,2148.71,69.23,2086.14,143.05,2010.77,373.97,1789.75,559.79,1692.14,493.76,-0.0252,-0.01461,0.24072,-0.24968,1382.0,1419.0,1474.0,1094.0,1094.0,1084.0,592.0,593.0,588.0,0.18176,-0.98334,-0.35746,0.93393,14,2018-07-11,20,2793.0,0.31515,val
2018-06-22,bci_value,2011.0,7.60639,2038.0,2090.0,2187.0,2223.0,2091.0,2151.0,1712.0,1759.0,2565.0,1197.0,2137.29,83.04,2107.5,102.04,1992.3,359.54,1803.32,555.11,1694.22,494.7,-0.01334,-0.03901,0.16097,-0.24333,1355.0,1382.0,1488.0,1092.0,1094.0,1088.0,593.0,592.0,591.0,0.16482,-0.98632,-0.32513,0.94567,14,2018-07-12,20,3041.0,0.41355,val
2018-06-25,bci_value,2001.0,7.6014,2011.0,2038.0,2090.0,2228.0,2184.0,2091.0,1835.0,1551.0,2630.0,1191.0,2111.14,92.49,2119.36,76.01,1971.33,339.53,1816.82,549.88,1696.53,495.65,-0.00499,-0.08751,0.0866,-0.27334,1339.0,1355.0,1498.0,1085.0,1092.0,1089.0,592.0,593.0,592.0,0.11372,-0.99351,-0.22596,0.97414,14,2018-07-13,18,3156.0,0.45566,val
2018-06-26,bci_value,1986.0,7.59388,2001.0,2011.0,2038.0,2187.0,2223.0,2068.0,2088.0,1395.0,2635.0,1065.0,2077.29,88.64,2112.07,83.22,1949.7,316.45,1832.17,541.46,1699.48,496.57,-0.00752,-0.11274,-0.05008,-0.28276,1321.0,1339.0,1495.0,1078.0,1085.0,1091.0,589.0,592.0,593.0,0.09661,-0.99532,-0.19232,0.98133,14,2018-07-16,20,3238.0,0.48883,val
2018-06-27,bci_value,1942.0,7.57147,1986.0,2001.0,2011.0,2090.0,2228.0,2091.0,2220.0,1324.0,2602.0,1010.0,2036.43,74.55,2092.21,88.12,1927.7,292.36,1847.7,530.92,1702.58,497.2,-0.0224,-0.13739,-0.13379,-0.29256,1324.0,1321.0,1482.0,1067.0,1078.0,1092.0,585.0,589.0,595.0,0.07948,-0.99684,-0.15845,0.98737,14,2018-07-17,20,3335.0,0.54075,val
2018-06-28,bci_value,2025.0,7.61332,1942.0,1986.0,2001.0,2038.0,2187.0,2184.0,2151.0,1276.0,2407.0,924.0,2013.29,42.45,2083.21,88.09,1914.97,279.23,1866.05,517.54,1707.21,498.24,0.04185,-0.07696,-0.06036,-0.17281,1331.0,1324.0,1458.0,1055.0,1067.0,1093.0,583.0,585.0,594.0,0.06232,-0.99806,-0.12439,0.99223,14,2018-07-18,20,3230.0,0.46691,val
2018-06-29,bci_value,2170.0,7.68248,2025.0,1942.0,1986.0,2011.0,2090.0,2223.0,2091.0,1401.0,2106.0,841.0,2024.71,65.87,2088.86,90.89,1917.1,280.92,1888.2,501.38,1713.58,500.45,0.06916,0.03756,0.03708,0.02994,1336.0,1331.0,1419.0,1042.0,1055.0,1094.0,581.0,583.0,593.0,0.04514,-0.99898,-0.09019,0.99592,14,2018-07-19,20,3130.0,0.36631,val
2018-07-02,bci_value,2304.0,7.7424,2170.0,2025.0,1942.0,2001.0,2038.0,2228.0,2068.0,1602.0,2053.0,809.0,2062.71,118.38,2105.71,106.08,1925.47,288.48,1913.12,483.97,1720.53,504.24,0.05992,0.12268,0.10806,0.11534,1338.0,1336.0,1382.0,1034.0,1042.0,1094.0,575.0,581.0,592.0,-0.00645,-0.99998,0.0129,0.99992,14,2018-07-20,18,3205.0,0.33007,val
2018-07-03,bci_value,2478.0,7.81521,2304.0,2170.0,2025.0,1986.0,2011.0,2187.0,2091.0,1712.0,1957.0,824.0,2129.43,183.9,2133.36,142.73,1942.83,305.06,1940.68,468.0,1728.99,510.45,0.07281,0.20882,0.16981,0.23604,1336.0,1338.0,1355.0,1025.0,1034.0,1092.0,571.0,575.0,593.0,-0.02365,-0.99972,0.04729,0.99888,14,2018-07-23,20,3304.0,0.28768,val
2018-07-04,bci_value,2743.0,7.91681,2478.0,2304.0,2170.0,1942.0,2001.0,2090.0,2184.0,1835.0,1854.0,854.0,2235.43,272.04,2173.29,212.47,1972.47,336.54,1972.17,457.25,1740.3,521.4,0.1016,0.31541,0.22789,0.39171,1334.0,1336.0,1339.0,1017.0,1025.0,1085.0,569.0,571.0,592.0,-0.04084,-0.99917,0.08162,0.99666,14,2018-07-24,20,3461.0,0.23251,val
2018-07-05,bci_value,3013.0,8.01069,2743.0,2478.0,2304.0,2025.0,1986.0,2038.0,2223.0,2088.0,1759.0,930.0,2382.14,360.51,2229.71,303.56,2014.27,382.21,2006.88,455.88,1754.64,538.19,0.09388,0.41681,0.30408,0.53819,1339.0,1334.0,1321.0,1005.0,1017.0,1078.0,565.0,569.0,589.0,-0.05803,-0.99832,0.11586,0.99327,14,2018-07-25,20,3462.0,0.13891,val
2018-07-06,bci_value,3086.0,8.03463,3013.0,2743.0,2478.0,2170.0,1942.0,2011.0,2228.0,2220.0,1551.0,940.0,2545.57,382.57,2291.0,375.19,2065.43,417.85,2042.65,454.95,1770.27,555.91,0.02394,0.46316,0.32577,0.68798,1347.0,1339.0,1324.0,999.0,1005.0,1067.0,563.0,565.0,585.0,-0.07519,-0.99717,0.14995,0.98869,14,2018-07-26,20,3303.0,0.06796,val
2018-07-09,bci_value,3016.0,8.01169,3086.0,3013.0,2743.0,2304.0,2025.0,2001.0,2187.0,2151.0,1395.0,982.0,2687.14,345.28,2350.21,417.17,2119.47,432.22,2076.55,450.42,1786.06,570.69,-0.02294,0.39836,0.3214,0.77104,1367.0,1347.0,1331.0,997.0,999.0,1055.0,562.0,563.0,583.0,-0.12653,-0.99196,0.25102,0.96798,14,2018-07-27,18,3197.0,0.05828,val
2018-07-10,bci_value,2792.0,7.93451,3016.0,3086.0,3013.0,2478.0,2170.0,1986.0,2090.0,2091.0,1324.0,1038.0,2776.0,273.29,2400.36,424.99,2168.4,422.38,2105.78,438.83,1799.74,579.81,-0.07717,0.25203,0.28959,0.7461,1431.0,1367.0,1336.0,994.0,997.0,1042.0,560.0,562.0,581.0,-0.14357,-0.98964,0.28417,0.95877,14,2018-07-30,20,3280.0,0.16109,val
2018-07-11,bci_value,2793.0,7.93487,2792.0,3016.0,3086.0,2743.0,2304.0,1942.0,2038.0,2068.0,1276.0,1061.0,2845.86,194.99,2454.29,423.49,2218.97,402.88,2134.65,425.93,1813.36,588.52,0.00036,0.19247,0.31515,0.78339,1498.0,1431.0,1338.0,992.0,994.0,1034.0,558.0,560.0,575.0,-0.16057,-0.98702,0.31698,0.94843,14,2018-07-31,20,3471.0,0.21733,val
2018-07-12,bci_value,3041.0,8.01994,2793.0,2792.0,3016.0,3013.0,2478.0,2025.0,2011.0,2091.0,1401.0,1152.0,2926.29,132.89,2527.86,429.52,2273.63,399.43,2166.13,421.93,1829.46,601.91,0.08507,0.20473,0.41355,0.775,1517.0,1498.0,1336.0,994.0,992.0,1025.0,558.0,558.0,571.0,-0.17753,-0.98412,0.34942,0.93697,14,2018-08-01,20,3515.0,0.14485,val
2018-07-13,bci_value,3156.0,8.05706,3041.0,2793.0,2792.0,3086.0,2743.0,2170.0,2001.0,2184.0,1602.0,1402.0,2985.29,130.07,2610.36,431.32,2325.43,409.6,2195.37,428.68,1846.78,617.21,0.03712,0.14025,0.45566,0.67805,1527.0,1517.0,1334.0,995.0,994.0,1017.0,559.0,558.0,569.0,-0.19443,-0.98092,0.38144,0.92439,14,2018-08-02,20,3534.0,0.11312,val
2018-07-16,bci_value,3238.0,8.08271,3156.0,3041.0,2793.0,3016.0,3013.0,2304.0,1986.0,2223.0,1712.0,1668.0,3017.43,157.8,2699.79,422.29,2376.3,424.74,2221.53,443.36,1865.12,633.54,0.02565,0.07202,0.48883,0.63729,1529.0,1527.0,1339.0,998.0,995.0,1005.0,559.0,559.0,565.0,-0.24477,-0.96958,0.47465,0.88017,14,2018-08-03,18,3632.0,0.11483,val
2018-07-17,bci_value,3335.0,8.11223,3238.0,3156.0,3041.0,2792.0,3086.0,2478.0,1942.0,2228.0,1835.0,1915.0,3053.0,193.31,2799.29,395.27,2426.3,445.84,2245.2,463.79,1885.57,650.72,0.02952,0.0776,0.54075,0.59743,1530.0,1529.0,1347.0,1003.0,998.0,999.0,561.0,559.0,563.0,-0.26141,-0.96523,0.50465,0.86333,14,2018-08-06,20,3654.0,0.09135,val
2018-07-18,bci_value,3230.0,8.08024,3335.0,3238.0,3156.0,2793.0,3016.0,2743.0,2025.0,2187.0,2088.0,2009.0,3083.57,201.78,2885.36,345.33,2464.37,463.73,2265.55,479.51,1904.91,664.38,-0.03199,0.06855,0.46691,0.43628,1529.0,1530.0,1367.0,1008.0,1003.0,997.0,561.0,561.0,562.0,-0.27798,-0.96059,0.53405,0.84546,14,2018-08-07,20,3550.0,0.09447,val
2018-07-19,bci_value,3130.0,8.04879,3230.0,3335.0,3238.0,3041.0,2792.0,3013.0,2170.0,2090.0,2220.0,2130.0,3131.86,162.93,2953.93,286.84,2494.7,476.34,2282.22,491.73,1923.26,675.07,-0.03145,0.11427,0.36631,0.34353,1538.0,1529.0,1431.0,1016.0,1008.0,994.0,561.0,561.0,560.0,-0.29446,-0.95566,0.56281,0.82658,14,2018-08-08,20,3483.0,0.10686,val
2018-07-20,bci_value,3205.0,8.07247,3130.0,3230.0,3335.0,3156.0,2793.0,3086.0,2304.0,2038.0,2151.0,2314.0,3190.71,86.28,3018.29,229.05,2529.83,488.41,2297.07,505.72,1943.03,686.17,0.02368,0.1376,0.33007,0.39878,1557.0,1538.0,1498.0,1023.0,1016.0,992.0,560.0,561.0,558.0,-0.31086,-0.95046,0.59091,0.80674,14,2018-08-09,20,3472.0,0.08002,val
2018-07-23,bci_value,3304.0,8.10289,3205.0,3130.0,3230.0,3238.0,3041.0,3016.0,2478.0,2011.0,2091.0,2306.0,3228.29,68.29,3077.29,184.29,2570.27,500.47,2313.7,521.89,1964.61,697.99,0.03042,0.08295,0.28768,0.45749,1566.0,1557.0,1517.0,1028.0,1023.0,994.0,560.0,560.0,558.0,-0.35947,-0.93316,0.67089,0.74156,14,2018-08-10,18,3480.0,0.0519,val
2018-07-24,bci_value,3461.0,8.14931,3304.0,3205.0,3130.0,3335.0,3156.0,2792.0,2743.0,2001.0,2068.0,2251.0,3271.86,98.77,3128.57,184.03,2616.7,516.09,2333.87,542.07,1988.49,711.87,0.04642,0.09225,0.23251,0.51498,1581.0,1566.0,1527.0,1030.0,1028.0,995.0,559.0,560.0,559.0,-0.37547,-0.92683,0.696,0.71804,14,2018-08-13,20,3536.0,0.02144,val
2018-07-25,bci_value,3462.0,8.1496,3461.0,3304.0,3205.0,3230.0,3238.0,2793.0,3013.0,1986.0,2091.0,2173.0,3303.86,117.19,3160.64,199.57,2662.4,528.08,2355.35,560.5,2013.2,723.89,0.00029,0.06689,0.13891,0.5042,1588.0,1581.0,1529.0,1033.0,1030.0,998.0,556.0,559.0,559.0,-0.39136,-0.92024,0.72029,0.69368,14,2018-08-14,20,3587.0,0.03547,val
2018-07-26,bci_value,3303.0,8.10259,3462.0,3461.0,3304.0,3130.0,3335.0,3041.0,3086.0,1942.0,2184.0,2136.0,3299.29,116.5,3176.14,201.58,2699.7,532.47,2374.8,572.66,2036.53,731.21,-0.04702,-0.00964,0.06796,0.41367,1583.0,1588.0,1530.0,1034.0,1033.0,1003.0,554.0,556.0,561.0,-0.40713,-0.91337,0.74372,0.66849,14,2018-08-15,20,3560.0,0.07493,val
2018-07-27,bci_value,3197.0,8.06997,3303.0,3462.0,3461.0,3205.0,3230.0,3156.0,3016.0,2025.0,2223.0,2197.0,3294.57,119.83,3189.07,196.64,2732.17,532.11,2391.47,581.73,2059.04,735.39,-0.03262,-0.01027,0.05828,0.36336,1588.0,1583.0,1529.0,1035.0,1034.0,1008.0,553.0,554.0,561.0,-0.42278,-0.90623,0.76627,0.64251,14,2018-08-16,20,3476.0,0.08367,val
2018-07-30,bci_value,3280.0,8.0956,3197.0,3303.0,3462.0,3304.0,3130.0,3238.0,2792.0,2170.0,2228.0,2308.0,3316.0,100.31,3223.93,163.65,2767.23,532.39,2407.67,592.61,2083.13,739.47,0.02563,0.04681,0.16109,0.38674,1587.0,1588.0,1538.0,1035.0,1035.0,1016.0,551.0,553.0,561.0,-0.46897,-0.88322,0.8284,0.56014,14,2018-08-17,18,3454.0,0.05169,val
2018-07-31,bci_value,3471.0,8.1522,3280.0,3197.0,3303.0,3461.0,3205.0,3335.0,2793.0,2304.0,2187.0,2337.0,3354.0,101.44,3272.36,124.63,2810.03,535.63,2426.57,607.94,2109.38,746.32,0.0566,0.07973,0.21733,0.46191,1570.0,1587.0,1557.0,1035.0,1035.0,1023.0,549.0,551.0,560.0,-0.48409,-0.87502,0.84717,0.53132,14,2018-08-20,20,3424.0,-0.01363,val
2018-08-01,bci_value,3515.0,8.16479,3471.0,3280.0,3197.0,3462.0,3304.0,3230.0,3041.0,2478.0,2090.0,2482.0,3384.14,112.81,3306.21,121.52,2857.53,532.85,2443.78,623.69,2135.89,753.37,0.0126,0.06191,0.14485,0.51988,1539.0,1570.0,1566.0,1036.0,1035.0,1028.0,547.0,549.0,560.0,-0.49907,-0.86656,0.86495,0.50186,14,2018-08-21,20,3426.0,-0.02565,test
2018-08-02,bci_value,3534.0,8.17019,3515.0,3471.0,3280.0,3303.0,3461.0,3130.0,3156.0,2743.0,2038.0,2616.0,3394.57,122.4,3333.21,127.02,2907.4,523.74,2459.08,638.8,2162.3,760.22,0.00539,0.02087,0.11312,0.55046,1491.0,1539.0,1581.0,1032.0,1036.0,1030.0,544.0,547.0,559.0,-0.5139,-0.85785,0.8817,0.47181,14,2018-08-22,20,3371.0,-0.04722,test
2018-08-03,bci_value,3632.0,8.19754,3534.0,3515.0,3471.0,3197.0,3462.0,3205.0,3238.0,3013.0,2011.0,2565.0,3418.86,147.64,3361.36,145.16,2961.43,511.96,2476.87,656.12,2189.36,768.67,0.02735,0.04794,0.11483,0.59115,1447.0,1491.0,1588.0,1030.0,1032.0,1033.0,543.0,544.0,556.0,-0.52858,-0.84888,0.89741,0.4412,14,2018-08-23,20,3232.0,-0.11668,test
2018-08-06,bci_value,3654.0,8.20358,3632.0,3534.0,3515.0,3280.0,3303.0,3304.0,3335.0,3086.0,2001.0,2630.0,3469.0,158.94,3384.14,163.15,3016.53,494.28,2493.93,672.98,2216.72,776.44,0.00604,0.10099,0.09135,0.60218,1420.0,1447.0,1583.0,1030.0,1030.0,1034.0,542.0,543.0,554.0,-0.57167,-0.82049,0.93809,0.34639,14,2018-08-24,18,3164.0,-0.14399,test
2018-08-07,bci_value,3550.0,8.1747,3654.0,3632.0,3534.0,3471.0,3197.0,3461.0,3230.0,3016.0,1986.0,2635.0,3519.43,114.41,3407.0,162.37,3068.67,464.41,2509.18,686.24,2244.33,779.17,-0.02887,0.10473,0.09447,0.58083,1386.0,1420.0,1588.0,1032.0,1030.0,1035.0,541.0,542.0,553.0,-0.5857,-0.81053,0.94945,0.31392,14,2018-08-28,21,3088.0,-0.13942,test
2018-08-08,bci_value,3483.0,8.15565,3550.0,3654.0,3632.0,3515.0,3280.0,3462.0,3130.0,2792.0,1942.0,2602.0,3548.43,65.17,3432.21,143.74,3120.03,420.06,2523.87,697.41,2271.81,778.76,-0.01905,0.06005,0.10686,0.58418,1365.0,1386.0,1587.0,1035.0,1032.0,1035.0,541.0,541.0,551.0,-0.59955,-0.80034,0.95969,0.28108,14,2018-08-29,21,2994.0,-0.15128,test
2018-08-09,bci_value,3472.0,8.15249,3483.0,3550.0,3654.0,3534.0,3471.0,3303.0,3205.0,2793.0,2025.0,2407.0,3548.57,65.01,3451.29,129.31,3168.27,371.86,2541.62,707.68,2300.12,775.56,-0.00316,0.00029,0.08002,0.53916,1349.0,1365.0,1570.0,1036.0,1035.0,1035.0,543.0,541.0,549.0,-0.61323,-0.7899,0.96879,0.2479,14,2018-08-30,21,2826.0,-0.20587,test
2018-08-10,bci_value,3480.0,8.15479,3472.0,3483.0,3550.0,3632.0,3515.0,3197.0,3304.0,3041.0,2170.0,2106.0,3543.57,68.64,3463.86,122.77,3211.93,326.18,2564.52,715.4,2329.44,769.71,0.0023,-0.01001,0.0519,0.47231,1339.0,1349.0,1539.0,1039.0,1036.0,1036.0,542.0,543.0,547.0,-0.62673,-0.77924,0.97674,0.21443,14,2018-08-31,21,2732.0,-0.242,test
2018-08-13,bci_value,3536.0,8.17075,3480.0,3472.0,3483.0,3654.0,3534.0,3280.0,3461.0,3156.0,2304.0,2053.0,3543.86,68.6,3469.21,124.16,3253.0,284.13,2589.23,722.88,2359.74,762.9,0.01596,0.00057,0.02144,0.42835,1339.0,1339.0,1491.0,1040.0,1039.0,1032.0,543.0,542.0,544.0,-0.66609,-0.74587,0.99363,0.11265,14,2018-09-03,21,2672.0,-0.28017,test
2018-08-14,bci_value,3587.0,8.18507,3536.0,3480.0,3472.0,3550.0,3632.0,3471.0,3462.0,3238.0,2478.0,1957.0,3537.43,61.82,3478.14,127.76,3289.97,251.12,2616.4,729.21,2390.44,756.05,0.01432,-0.01247,0.03547,0.36986,1362.0,1339.0,1447.0,1042.0,1040.0,1030.0,543.0,543.0,543.0,-0.67882,-0.7343,0.99692,0.07841,14,2018-09-04,21,2535.0,-0.34712,test
2018-08-15,bci_value,3560.0,8.17752,3587.0,3536.0,3480.0,3483.0,3654.0,3515.0,3303.0,3335.0,2743.0,1854.0,3524.0,42.1,3496.5,119.47,3317.2,234.05,2644.83,732.19,2420.51,748.11,-0.00756,-0.02606,0.07493,0.26071,1403.0,1362.0,1420.0,1045.0,1042.0,1030.0,543.0,543.0,542.0,-0.69135,-0.72252,0.99903,0.04407,14,2018-09-05,21,2410.0,-0.39013,test
2018-08-16,bci_value,3476.0,8.15364,3560.0,3587.0,3536.0,3472.0,3550.0,3534.0,3197.0,3230.0,3013.0,1759.0,3513.43,43.51,3516.43,86.6,3332.63,228.68,2673.45,730.56,2448.8,739.3,-0.02388,-0.02107,0.08367,0.14295,1447.0,1403.0,1386.0,1050.0,1045.0,1032.0,544.0,543.0,541.0,-0.70368,-0.71052,0.99995,0.00968,14,2018-09-06,21,2424.0,-0.36046,test
2018-08-17,bci_value,3454.0,8.14729,3476.0,3560.0,3587.0,3480.0,3483.0,3632.0,3280.0,3130.0,3086.0,1551.0,3509.29,47.42,3528.86,60.26,3344.9,224.97,2705.17,722.4,2476.73,729.19,-0.00635,-0.00836,0.05169,0.11266,1485.0,1447.0,1365.0,1056.0,1050.0,1035.0,545.0,544.0,541.0,-0.7158,-0.69831,0.99969,-0.02473,14,2018-09-07,21,2411.0,-0.35949,test
2018-08-20,bci_value,3424.0,8.13856,3454.0,3476.0,3560.0,3536.0,3472.0,3654.0,3471.0,3205.0,3016.0,1395.0,3502.43,55.15,3525.5,64.54,3358.5,216.86,2738.98,707.62,2503.87,718.42,-0.00872,-0.01392,-0.01363,0.12688,1506.0,1485.0,1349.0,1062.0,1056.0,1036.0,543.0,545.0,543.0,-0.75086,-0.66046,0.99183,-0.12759,14,2018-09-10,21,2363.0,-0.37088,test
2018-08-21,bci_value,3426.0,8.13915,3424.0,3454.0,3476.0,3587.0,3480.0,3550.0,3515.0,3304.0,2792.0,1324.0,3494.71,61.19,3519.14,69.46,3379.63,189.83,2774.02,688.47,2530.4,707.81,0.00058,-0.01564,-0.02565,0.20464,1530.0,1506.0,1339.0,1069.0,1062.0,1039.0,543.0,543.0,542.0,-0.76211,-0.64744,0.98685,-0.16164,14,2018-09-11,21,2191.0,-0.44704,test
2018-08-22,bci_value,3371.0,8.12296,3426.0,3424.0,3454.0,3560.0,3536.0,3483.0,3534.0,3461.0,2793.0,1276.0,3471.14,71.64,3507.5,79.0,3398.9,155.55,2808.93,664.31,2556.07,695.84,-0.01618,-0.04779,-0.04722,0.18809,1560.0,1530.0,1339.0,1078.0,1069.0,1040.0,548.0,543.0,543.0,-0.77314,-0.63424,0.98071,-0.19549,14,2018-09-12,21,2074.0,-0.48573,test
2018-08-23,bci_value,3232.0,8.08086,3371.0,3426.0,3424.0,3476.0,3587.0,3472.0,3632.0,3462.0,3041.0,1401.0,3420.43,93.88,3478.93,98.69,3405.27,144.27,2839.45,640.57,2579.18,683.25,-0.04211,-0.10422,-0.11668,0.06091,1607.0,1560.0,1362.0,1087.0,1078.0,1042.0,547.0,548.0,543.0,-0.78393,-0.62084,0.9734,-0.2291,14,2018-09-13,21,1980.0,-0.49,test
2018-08-24,bci_value,3164.0,8.05959,3232.0,3371.0,3426.0,3454.0,3560.0,3480.0,3654.0,3303.0,3156.0,1602.0,3363.86,110.56,3443.93,115.8,3405.53,143.81,2865.48,621.2,2598.76,674.43,-0.02126,-0.11792,-0.14399,0.00253,1630.0,1607.0,1403.0,1095.0,1087.0,1045.0,551.0,547.0,543.0,-0.7945,-0.60727,0.96495,-0.26245,14,2018-09-14,21,1900.0,-0.50998,test
2018-08-28,bci_value,3088.0,8.03528,3164.0,3232.0,3371.0,3424.0,3476.0,3536.0,3550.0,3197.0,3238.0,1712.0,3308.43,135.0,3410.93,143.41,3400.53,151.93,2888.42,603.33,2614.53,669.06,-0.02431,-0.11836,-0.13942,-0.04743,1643.0,1630.0,1447.0,1110.0,1095.0,1050.0,554.0,551.0,544.0,-0.83437,-0.5512,0.91982,-0.39235,14,2018-09-17,20,1853.0,-0.51072,test
2018-08-29,bci_value,2994.0,8.00437,3088.0,3164.0,3232.0,3426.0,3454.0,3587.0,3483.0,3280.0,3335.0,1835.0,3242.71,158.12,3376.0,177.17,3389.17,168.28,2907.73,587.64,2626.52,666.08,-0.03091,-0.14292,-0.15128,-0.10786,1639.0,1643.0,1485.0,1121.0,1110.0,1056.0,556.0,554.0,545.0,-0.84373,-0.53677,0.90578,-0.42375,14,2018-09-18,20,1826.0,-0.49448,test
2018-08-30,bci_value,2826.0,7.94662,2994.0,3088.0,3164.0,3371.0,3424.0,3560.0,3472.0,3471.0,3230.0,2088.0,3157.29,194.47,3329.86,224.08,3375.7,194.59,2920.03,578.0,2635.6,663.16,-0.05775,-0.19195,-0.20587,-0.13362,1608.0,1639.0,1506.0,1128.0,1121.0,1062.0,559.0,556.0,543.0,-0.85284,-0.52218,0.89066,-0.45466,14,2018-09-19,20,1850.0,-0.42368,test
2018-08-31,bci_value,2732.0,7.91279,2826.0,2994.0,3088.0,3232.0,3426.0,3476.0,3480.0,3515.0,3130.0,2220.0,3058.14,208.59,3276.43,266.98,3362.43,222.46,2928.57,571.34,2642.29,661.06,-0.03383,-0.22636,-0.242,-0.136,1571.0,1608.0,1530.0,1132.0,1128.0,1069.0,562.0,559.0,543.0,-0.86169,-0.50743,0.8745,-0.48503,14,2018-09-20,20,1838.0,-0.39636,test
2018-09-03,bci_value,2672.0,7.89058,2732.0,2826.0,2994.0,3164.0,3371.0,3454.0,3536.0,3534.0,3205.0,2151.0,2958.29,202.13,3214.71,297.91,3344.67,253.45,2937.25,563.36,2646.27,660.15,-0.02221,-0.23238,-0.28017,-0.18188,1540.0,1571.0,1560.0,1133.0,1132.0,1078.0,563.0,562.0,548.0,-0.88672,-0.4623,0.81987,-0.57255,14,2018-09-21,18,1840.0,-0.37306,test
2018-09-04,bci_value,2535.0,7.83795,2672.0,2732.0,2826.0,3088.0,3232.0,3424.0,3587.0,3632.0,3304.0,2091.0,2858.71,214.09,3139.57,325.89,3319.03,292.19,2944.65,555.06,2648.81,659.27,-0.05263,-0.24291,-0.34712,-0.26494,1517.0,1540.0,1607.0,1135.0,1133.0,1087.0,564.0,563.0,547.0,-0.89454,-0.44698,0.79969,-0.60041,14,2018-09-24,20,1864.0,-0.30747,test
2018-09-05,bci_value,2410.0,7.78738,2535.0,2672.0,2732.0,2994.0,3164.0,3426.0,3560.0,3654.0,3461.0,2068.0,2751.0,222.9,3057.43,353.34,3284.0,333.2,2950.35,547.73,2650.58,658.42,-0.05057,-0.27221,-0.39013,-0.36193,1504.0,1517.0,1630.0,1135.0,1135.0,1095.0,565.0,564.0,551.0,-0.9021,-0.43153,0.77856,-0.62756,14,2018-09-25,20,1868.0,-0.25476,test
2018-09-06,bci_value,2424.0,7.79317,2410.0,2535.0,2672.0,2826.0,3088.0,3371.0,3476.0,3550.0,3462.0,2091.0,2656.14,199.34,2982.29,367.9,3249.4,365.27,2955.9,540.64,2653.37,656.92,0.00579,-0.2421,-0.36046,-0.35643,1516.0,1504.0,1643.0,1135.0,1135.0,1110.0,565.0,565.0,554.0,-0.90939,-0.41595,0.75652,-0.65397,14,2018-09-26,20,1910.0,-0.23832,test
2018-09-07,bci_value,2411.0,7.7878,2424.0,2410.0,2535.0,2732.0,2994.0,3232.0,3454.0,3483.0,3303.0,2184.0,2572.86,158.36,2907.79,370.43,3219.67,394.81,2959.68,536.0,2656.42,655.14,-0.00538,-0.21657,-0.35949,-0.31479,1528.0,1516.0,1639.0,1134.0,1135.0,1121.0,568.0,565.0,556.0,-0.91641,-0.40024,0.73357,-0.67961,14,2018-09-27,20,1949.0,-0.21273,test
2018-09-10,bci_value,2363.0,7.76769,2411.0,2424.0,2410.0,2672.0,2826.0,3164.0,3424.0,3472.0,3197.0,2223.0,2506.71,133.57,2832.0,365.57,3191.87,423.73,2962.02,533.08,2658.27,654.08,-0.02011,-0.17893,-0.37088,-0.30228,1544.0,1528.0,1608.0,1136.0,1134.0,1128.0,569.0,568.0,559.0,-0.93583,-0.35244,0.65965,-0.75157,14,2018-09-28,18,2000.0,-0.16678,test
2018-09-11,bci_value,2191.0,7.69211,2363.0,2411.0,2424.0,2535.0,2732.0,3088.0,3426.0,3480.0,3280.0,2228.0,2429.43,137.32,2743.79,360.56,3155.57,459.74,2961.4,533.95,2656.97,654.89,-0.07557,-0.22068,-0.44704,-0.40349,1556.0,1544.0,1571.0,1135.0,1136.0,1132.0,572.0,569.0,562.0,-0.94176,-0.33629,0.63341,-0.77382,14,2018-10-01,20,2061.0,-0.06117,test
2018-09-12,bci_value,2074.0,7.63723,2191.0,2363.0,2411.0,2410.0,2672.0,2994.0,3371.0,3536.0,3471.0,2187.0,2344.0,145.6,2651.14,354.07,3109.0,494.84,2959.52,536.87,2654.04,656.89,-0.05488,-0.25335,-0.48573,-0.51496,1550.0,1556.0,1540.0,1134.0,1135.0,1133.0,576.0,572.0,563.0,-0.9474,-0.32004,0.60641,-0.79515,14,2018-10-02,20,2148.0,0.03506,test
2018-09-13,bci_value,1980.0,7.59085,2074.0,2191.0,2363.0,2424.0,2535.0,2826.0,3232.0,3587.0,3515.0,2090.0,2264.71,169.2,2561.71,354.18,3057.83,528.44,2957.68,540.01,2648.47,660.45,-0.04638,-0.2471,-0.49,-0.57394,1534.0,1550.0,1517.0,1132.0,1134.0,1135.0,581.0,576.0,564.0,-0.95277,-0.3037,0.5787,-0.81554,14,2018-10-03,20,2199.0,0.10491,test
2018-09-14,bci_value,1900.0,7.54961,1980.0,2074.0,2191.0,2411.0,2410.0,2732.0,3164.0,3560.0,3534.0,2038.0,2191.86,198.26,2471.43,350.22,3003.37,559.83,2955.38,544.2,2640.51,665.09,-0.04124,-0.23777,-0.50998,-0.62058,1523.0,1534.0,1504.0,1134.0,1132.0,1135.0,588.0,581.0,565.0,-0.95785,-0.28726,0.55031,-0.83496,14,2018-10-04,20,2148.0,0.12268,test
2018-09-17,bci_value,1853.0,7.52456,1900.0,1980.0,2074.0,2363.0,2424.0,2672.0,3088.0,3476.0,3632.0,2011.0,2110.29,203.37,2383.21,339.17,2944.07,583.8,2952.75,549.13,2632.6,670.16,-0.02505,-0.26861,-0.51072,-0.67298,1518.0,1523.0,1516.0,1138.0,1134.0,1135.0,596.0,588.0,565.0,-0.9714,-0.23747,0.46135,-0.88722,14,2018-10-05,18,2081.0,0.11604,test
2018-09-18,bci_value,1826.0,7.50988,1853.0,1900.0,1980.0,2191.0,2411.0,2535.0,2994.0,3454.0,3654.0,2001.0,2026.71,181.67,2299.79,321.88,2883.13,601.65,2949.83,554.61,2623.67,675.47,-0.01468,-0.27791,-0.49448,-0.69369,1525.0,1518.0,1528.0,1151.0,1138.0,1134.0,600.0,596.0,568.0,-0.97534,-0.22072,0.43056,-0.90256,14,2018-10-08,20,2042.0,0.1118,test
2018-09-19,bci_value,1850.0,7.52294,1826.0,1853.0,1900.0,2074.0,2363.0,2410.0,2826.0,3424.0,3550.0,1986.0,1953.43,126.24,2230.07,305.65,2826.47,616.06,2947.57,558.81,2614.94,680.32,0.01306,-0.24475,-0.42368,-0.65176,1530.0,1525.0,1544.0,1159.0,1151.0,1136.0,604.0,600.0,569.0,-0.97899,-0.20391,0.39926,-0.91684,14,2018-10-09,20,1961.0,0.05827,test
2018-09-20,bci_value,1838.0,7.51643,1850.0,1826.0,1853.0,1980.0,2191.0,2424.0,2732.0,3426.0,3483.0,1942.0,1903.0,85.06,2166.21,286.93,2771.63,628.27,2945.83,562.08,2606.46,685.18,-0.00651,-0.17568,-0.39636,-0.63922,1557.0,1530.0,1556.0,1169.0,1159.0,1135.0,612.0,604.0,572.0,-0.98235,-0.18704,0.36748,-0.93003,14,2018-10-10,20,1949.0,0.05864,test
2018-09-21,bci_value,1840.0,7.51752,1838.0,1850.0,1826.0,1900.0,2074.0,2411.0,2672.0,3371.0,3472.0,2025.0,1869.57,50.07,2106.79,261.01,2717.23,635.88,2942.75,567.6,2600.16,689.57,0.00109,-0.11971,-0.37306,-0.63497,1586.0,1557.0,1550.0,1175.0,1169.0,1134.0,617.0,612.0,576.0,-0.98542,-0.17012,0.33528,-0.94212,14,2018-10-11,20,2005.0,0.08588,test
2018-09-24,bci_value,1864.0,7.53048,1840.0,1838.0,1850.0,1853.0,1980.0,2363.0,2535.0,3232.0,3480.0,2170.0,1853.0,22.24,2058.86,238.62,2663.37,637.43,2937.65,575.84,2597.47,691.96,0.01296,-0.06037,-0.30747,-0.62431,1609.0,1586.0,1534.0,1185.0,1175.0,1132.0,622.0,617.0,581.0,-0.99289,-0.11906,0.23642,-0.97165,14,2018-10-12,18,2169.0,0.15154,test
2018-09-25,bci_value,1868.0,7.53262,1864.0,1840.0,1838.0,1826.0,1900.0,2191.0,2410.0,3164.0,3536.0,2304.0,1848.43,13.79,2020.14,221.89,2607.77,631.61,2930.38,586.44,2595.41,693.85,0.00214,-0.01699,-0.25476,-0.63813,1639.0,1609.0,1523.0,1190.0,1185.0,1134.0,622.0,622.0,588.0,-0.99479,-0.10196,0.20286,-0.97921,14,2018-10-15,20,2189.0,0.15858,test
2018-09-26,bci_value,1910.0,7.55486,1868.0,1864.0,1840.0,1850.0,1853.0,2074.0,2424.0,3088.0,3587.0,2478.0,1856.57,25.74,1983.43,192.62,2551.87,616.5,2920.92,598.13,2594.89,694.35,0.02223,0.0303,-0.23832,-0.63021,1677.0,1639.0,1518.0,1194.0,1190.0,1138.0,626.0,622.0,596.0,-0.9964,-0.08483,0.16906,-0.98561,14,2018-10-16,20,2164.0,0.12486,test
2018-09-27,bci_value,1949.0,7.57507,1910.0,1868.0,1864.0,1838.0,1826.0,1980.0,2411.0,2994.0,3560.0,2743.0,1874.14,37.96,1950.43,151.79,2498.17,596.17,2907.68,610.58,2595.94,693.29,0.02021,0.06519,-0.21273,-0.60244,1689.0,1677.0,1525.0,1195.0,1194.0,1151.0,627.0,626.0,600.0,-0.99771,-0.06768,0.13506,-0.99084,14,2018-10-17,20,2106.0,0.07747,test
2018-09-28,bci_value,2000.0,7.6009,1949.0,1910.0,1868.0,1840.0,1850.0,1900.0,2363.0,2826.0,3476.0,3013.0,1895.57,56.22,1924.5,101.91,2448.97,573.94,2890.8,621.34,2598.62,690.51,0.02583,0.07796,-0.16678,-0.55274,1695.0,1689.0,1530.0,1194.0,1195.0,1159.0,629.0,627.0,604.0,-0.99872,-0.05051,0.10089,-0.9949,14,2018-10-18,20,2176.0,0.08434,test
2018-10-01,bci_value,2061.0,7.63095,2000.0,1949.0,1910.0,1864.0,1838.0,1853.0,2191.0,2732.0,3454.0,3086.0,1927.43,74.71,1915.21,80.98,2402.53,546.44,2873.72,629.77,2604.29,683.95,0.03004,0.11451,-0.06117,-0.51634,1692.0,1695.0,1557.0,1193.0,1194.0,1169.0,630.0,629.0,612.0,-1.0,0.00108,-0.00215,-1.0,14,2018-10-19,18,2230.0,0.07881,test
2018-10-02,bci_value,2148.0,7.67229,2061.0,2000.0,1949.0,1868.0,1840.0,1826.0,2074.0,2672.0,3424.0,3016.0,1971.43,97.49,1920.5,92.73,2360.0,513.97,2859.25,636.28,2612.66,673.64,0.04135,0.15477,0.03506,-0.46627,1678.0,1692.0,1586.0,1189.0,1193.0,1175.0,631.0,630.0,617.0,-0.99983,0.01828,-0.03655,-0.99933,14,2018-10-22,20,2296.0,0.06663,test
2018-10-03,bci_value,2199.0,7.69576,2148.0,2061.0,2000.0,1910.0,1864.0,1850.0,1980.0,2535.0,3426.0,2792.0,2019.29,113.86,1936.14,116.8,2319.1,474.84,2849.37,641.82,2622.38,661.17,0.02347,0.16528,0.10491,-0.44339,1679.0,1678.0,1609.0,1190.0,1189.0,1185.0,633.0,631.0,622.0,-0.99937,0.03547,-0.0709,-0.99748,14,2018-10-23,20,2363.0,0.07193,test
2018-10-04,bci_value,2148.0,7.67229,2199.0,2148.0,2061.0,1949.0,1868.0,1838.0,1900.0,2410.0,3371.0,2793.0,2059.29,102.28,1953.86,128.22,2278.33,433.48,2838.62,648.05,2632.07,647.62,-0.02347,0.13967,0.12268,-0.45067,1706.0,1679.0,1639.0,1192.0,1190.0,1190.0,634.0,633.0,622.0,-0.99861,0.05266,-0.10517,-0.99445,14,2018-10-24,20,2388.0,0.10592,test
2018-10-05,bci_value,2081.0,7.6406,2148.0,2199.0,2148.0,2000.0,1910.0,1840.0,1853.0,2424.0,3232.0,3041.0,2083.71,82.15,1970.14,128.86,2239.97,396.76,2822.62,654.67,2639.62,637.09,-0.03169,0.08575,0.11604,-0.44025,1727.0,1706.0,1677.0,1197.0,1192.0,1194.0,637.0,634.0,626.0,-0.99756,0.06983,-0.13932,-0.99025,14,2018-10-25,20,2353.0,0.12284,test
2018-10-08,bci_value,2042.0,7.62168,2081.0,2148.0,2199.0,2061.0,1949.0,1864.0,1826.0,2411.0,3164.0,3156.0,2097.0,65.02,1985.57,123.49,2202.57,358.98,2804.05,660.72,2644.51,630.77,-0.01892,0.04661,0.1118,-0.43791,1749.0,1727.0,1689.0,1201.0,1197.0,1195.0,639.0,637.0,627.0,-0.99263,0.12119,-0.2406,-0.97062,14,2018-10-26,18,2526.0,0.21271,test
2018-10-09,bci_value,1961.0,7.58121,2042.0,2081.0,2148.0,2148.0,2000.0,1868.0,1850.0,2363.0,3088.0,3238.0,2091.43,74.13,1993.5,117.97,2165.0,321.35,2782.77,666.94,2647.28,627.21,-0.04048,-0.01969,0.05827,-0.45407,1747.0,1749.0,1695.0,1203.0,1201.0,1194.0,643.0,639.0,629.0,-0.9904,0.13825,-0.27385,-0.96177,14,2018-10-29,20,2607.0,0.28475,test
2018-10-10,bci_value,1949.0,7.57507,1961.0,2042.0,2081.0,2199.0,2061.0,1910.0,1838.0,2191.0,2994.0,3335.0,2075.43,89.47,2001.43,110.77,2130.17,284.07,2759.67,671.4,2648.54,625.68,-0.00614,-0.05587,0.05864,-0.42929,1749.0,1747.0,1692.0,1205.0,1203.0,1193.0,647.0,643.0,630.0,-0.98787,0.15527,-0.30677,-0.95178,14,2018-10-30,20,2630.0,0.29967,test
2018-10-11,bci_value,2005.0,7.6034,1949.0,1961.0,2042.0,2148.0,2148.0,1949.0,1840.0,2074.0,2826.0,3230.0,2055.0,86.85,2013.21,101.34,2102.8,253.64,2739.25,675.4,2647.62,626.56,0.02833,-0.06889,0.08588,-0.34322,1763.0,1749.0,1678.0,1207.0,1205.0,1189.0,652.0,647.0,631.0,-0.98506,0.17224,-0.33932,-0.94067,14,2018-10-31,20,2596.0,0.25833,test
2018-10-12,bci_value,2169.0,7.68202,2005.0,1949.0,1961.0,2081.0,2199.0,2000.0,1864.0,1980.0,2732.0,3130.0,2050.71,80.12,2035.0,99.69,2084.03,225.68,2723.23,677.34,2647.06,626.97,0.07862,-0.01374,0.15154,-0.23077,1775.0,1763.0,1679.0,1204.0,1207.0,1190.0,657.0,652.0,633.0,-0.98195,0.18916,-0.37148,-0.92844,14,2018-11-01,20,2530.0,0.15395,test
2018-10-15,bci_value,2189.0,7.6912,2169.0,2005.0,1949.0,2042.0,2148.0,2061.0,1868.0,1900.0,2672.0,3205.0,2056.57,88.12,2057.93,95.47,2067.93,198.78,2706.3,677.78,2647.48,626.65,0.00918,0.01891,0.15858,-0.19938,1779.0,1775.0,1706.0,1200.0,1204.0,1192.0,661.0,657.0,634.0,-0.97088,0.23956,-0.46516,-0.88523,14,2018-11-02,18,2502.0,0.13365,test
2018-10-16,bci_value,2164.0,7.67971,2189.0,2169.0,2005.0,1961.0,2081.0,2148.0,1910.0,1853.0,2535.0,3304.0,2068.43,95.85,2076.07,89.59,2055.57,179.99,2687.3,676.74,2648.29,625.98,-0.01149,0.03911,0.12486,-0.15824,1793.0,1779.0,1727.0,1196.0,1200.0,1197.0,663.0,661.0,637.0,-0.96662,0.25622,-0.49534,-0.8687,14,2018-11-05,20,2397.0,0.10226,test
2018-10-17,bci_value,2106.0,7.65255,2164.0,2189.0,2169.0,1949.0,2042.0,2199.0,1949.0,1826.0,2410.0,3461.0,2077.57,95.95,2087.29,82.53,2045.43,167.91,2664.72,673.14,2648.71,625.6,-0.02717,0.03086,0.07747,-0.13484,1796.0,1793.0,1749.0,1192.0,1196.0,1201.0,665.0,663.0,639.0,-0.96207,0.27281,-0.52493,-0.85115,14,2018-11-06,20,2296.0,0.08638,test
2018-10-18,bci_value,2176.0,7.68524,2106.0,2164.0,2189.0,2005.0,1961.0,2148.0,2000.0,1850.0,2424.0,3462.0,2108.29,87.78,2099.86,81.68,2037.17,154.64,2643.28,667.87,2649.66,624.82,0.0327,0.10403,0.08434,-0.10793,1789.0,1796.0,1747.0,1181.0,1192.0,1203.0,668.0,665.0,643.0,-0.95723,0.28932,-0.55389,-0.83259,14,2018-11-07,20,1968.0,-0.10047,test
2018-10-19,bci_value,2230.0,7.70976,2176.0,2106.0,2164.0,2169.0,1949.0,2081.0,2061.0,1838.0,2411.0,3303.0,2148.43,67.72,2111.93,87.33,2031.13,143.04,2625.4,664.32,2650.17,624.46,0.02451,0.13469,0.07881,-0.07804,1775.0,1789.0,1749.0,1170.0,1181.0,1205.0,670.0,668.0,647.0,-0.95211,0.30574,-0.5822,-0.81304,14,2018-11-08,20,1747.0,-0.2441,test
2018-10-22,bci_value,2296.0,7.73892,2230.0,2176.0,2106.0,2189.0,2005.0,2042.0,2148.0,1840.0,2363.0,3197.0,2190.0,55.04,2122.5,99.21,2028.9,138.28,2610.38,661.41,2650.98,623.95,0.02917,0.13552,0.06663,-0.02876,1756.0,1775.0,1763.0,1163.0,1170.0,1207.0,671.0,670.0,652.0,-0.93507,0.35445,-0.66288,-0.74873,14,2018-11-09,18,1461.0,-0.45205,test
2018-10-23,bci_value,2363.0,7.76769,2296.0,2230.0,2176.0,2164.0,2169.0,1961.0,2199.0,1864.0,2191.0,3280.0,2217.71,80.46,2134.21,115.84,2034.63,148.1,2595.1,656.33,2652.48,623.09,0.02876,0.08567,0.07193,0.07557,1715.0,1756.0,1775.0,1156.0,1163.0,1204.0,673.0,671.0,657.0,-0.92884,0.37048,-0.68824,-0.72549,14,2018-11-12,20,1398.0,-0.52489,test
2018-10-24,bci_value,2388.0,7.77821,2363.0,2296.0,2230.0,2106.0,2189.0,1949.0,2148.0,1868.0,2074.0,3471.0,2246.14,98.44,2151.36,133.09,2045.1,161.04,2577.05,646.82,2654.71,621.78,0.01052,0.08701,0.10592,0.14098,1669.0,1715.0,1779.0,1144.0,1156.0,1200.0,675.0,673.0,661.0,-0.92233,0.38641,-0.71279,-0.70138,14,2018-11-13,20,1153.0,-0.72809,test
2018-10-25,bci_value,2353.0,7.76345,2388.0,2363.0,2296.0,2176.0,2164.0,2005.0,2081.0,1910.0,1980.0,3515.0,2273.14,98.13,2170.79,141.01,2057.53,169.7,2557.68,635.74,2657.63,619.73,-0.01477,0.08373,0.12284,0.17259,1622.0,1669.0,1793.0,1132.0,1144.0,1196.0,676.0,675.0,663.0,-0.91555,0.40221,-0.73649,-0.67645,14,2018-11-14,20,940.0,-0.91757,test
2018-10-26,bci_value,2526.0,7.83439,2353.0,2388.0,2363.0,2230.0,2106.0,2169.0,2042.0,1949.0,1900.0,3534.0,2333.14,105.7,2205.36,162.84,2078.4,186.69,2540.88,622.91,2663.06,616.41,0.07095,0.18185,0.21271,0.28478,1583.0,1622.0,1796.0,1117.0,1132.0,1192.0,675.0,676.0,665.0,-0.90849,0.4179,-0.75932,-0.65071,14,2018-11-15,20,1007.0,-0.91966,test
2018-10-29,bci_value,2607.0,7.86596,2526.0,2353.0,2388.0,2296.0,2176.0,2189.0,1961.0,2000.0,1853.0,3632.0,2394.71,120.69,2251.5,177.89,2103.53,204.55,2523.8,606.6,2669.68,612.56,0.03156,0.18071,0.28475,0.34139,1556.0,1583.0,1789.0,1106.0,1117.0,1181.0,675.0,675.0,668.0,-0.88572,0.46421,-0.82233,-0.56902,14,2018-11-16,18,1057.0,-0.90277,test
2018-10-30,bci_value,2630.0,7.87474,2607.0,2526.0,2353.0,2363.0,2230.0,2164.0,1949.0,2061.0,1826.0,3654.0,2451.86,123.83,2300.14,181.6,2130.33,218.62,2506.73,588.7,2676.67,608.47,0.00878,0.16498,0.29967,0.36486,1530.0,1556.0,1775.0,1087.0,1106.0,1170.0,675.0,675.0,670.0,-0.87761,0.47938,-0.84141,-0.54039,14,2018-11-19,20,1050.0,-0.91819,test
2018-10-31,bci_value,2596.0,7.86173,2630.0,2607.0,2526.0,2388.0,2296.0,2106.0,2005.0,2148.0,1850.0,3550.0,2494.71,114.0,2342.36,176.71,2155.2,227.56,2490.83,572.98,2683.44,604.12,-0.01301,0.1228,0.25833,0.33879,1524.0,1530.0,1756.0,1073.0,1087.0,1163.0,671.0,675.0,671.0,-0.86923,0.4944,-0.8595,-0.51113,14,2018-11-20,20,1002.0,-0.95197,test
2018-11-01,bci_value,2530.0,7.83597,2596.0,2630.0,2607.0,2353.0,2363.0,2176.0,2169.0,2199.0,1838.0,3483.0,2518.57,100.63,2368.14,175.87,2178.27,229.3,2474.95,558.28,2689.98,599.23,-0.02575,0.06829,0.15395,0.31954,1526.0,1524.0,1715.0,1061.0,1073.0,1156.0,668.0,671.0,673.0,-0.8606,0.50928,-0.87658,-0.48126,14,2018-11-21,20,1056.0,-0.87373,test
2018-11-02,bci_value,2502.0,7.82485,2530.0,2596.0,2630.0,2526.0,2388.0,2230.0,2189.0,2148.0,1840.0,3472.0,2534.86,86.4,2390.5,171.51,2200.33,227.54,2458.78,543.01,2695.28,595.42,-0.01113,0.04663,0.13365,0.30732,1530.0,1526.0,1669.0,1051.0,1061.0,1144.0,666.0,668.0,675.0,-0.85171,0.52401,-0.89261,-0.45083,14,2018-11-22,20,1089.0,-0.83183,test
2018-11-05,bci_value,2397.0,7.78197,2502.0,2530.0,2596.0,2607.0,2353.0,2296.0,2164.0,2081.0,1864.0,3480.0,2541.14,73.59,2407.14,159.62,2218.1,221.31,2440.73,526.51,2697.8,593.67,-0.04287,0.01853,0.10226,0.25149,1531.0,1530.0,1622.0,1041.0,1051.0,1132.0,665.0,666.0,676.0,-0.82355,0.56725,-0.93431,-0.35646,14,2018-11-23,18,1358.0,-0.5682,test
2018-11-06,bci_value,2296.0,7.73892,2397.0,2502.0,2530.0,2630.0,2526.0,2363.0,2106.0,2042.0,1868.0,3536.0,2508.29,113.52,2420.71,140.35,2232.37,211.87,2420.07,507.09,2697.71,593.73,-0.04305,-0.09547,0.08638,0.2063,1528.0,1531.0,1583.0,1033.0,1041.0,1117.0,663.0,665.0,675.0,-0.81367,0.58133,-0.94602,-0.32411,14,2018-11-26,20,1789.0,-0.24951,test
2018-11-07,bci_value,1968.0,7.58477,2296.0,2397.0,2502.0,2596.0,2607.0,2388.0,2176.0,1961.0,1910.0,3587.0,2417.0,211.81,2405.86,172.74,2234.3,209.17,2393.08,486.95,2692.04,598.21,-0.15415,-0.28118,-0.10047,0.02991,1511.0,1528.0,1556.0,1021.0,1033.0,1106.0,660.0,663.0,675.0,-0.80355,0.59524,-0.95661,-0.29138,14,2018-11-27,20,2170.0,0.09771,test
2018-11-08,bci_value,1747.0,7.46566,1968.0,2296.0,2397.0,2530.0,2630.0,2353.0,2230.0,1949.0,1949.0,3560.0,2290.86,294.28,2371.36,239.68,2227.57,221.15,2362.87,469.54,2680.98,606.32,-0.11912,-0.40908,-0.2441,-0.10942,1496.0,1511.0,1530.0,1013.0,1021.0,1087.0,658.0,660.0,675.0,-0.79319,0.60897,-0.96606,-0.2583,14,2018-11-28,20,2121.0,0.19399,test
2018-11-09,bci_value,1461.0,7.28688,1747.0,1968.0,2296.0,2502.0,2596.0,2526.0,2296.0,2005.0,2000.0,3476.0,2128.71,381.3,2311.71,335.68,2209.6,257.77,2329.28,460.7,2663.73,618.58,-0.17878,-0.57485,-0.45205,-0.31403,1495.0,1496.0,1524.0,1003.0,1013.0,1073.0,656.0,658.0,671.0,-0.7826,0.62253,-0.97438,-0.22492,14,2018-11-29,20,1950.0,0.28871,test
2018-11-12,bci_value,1398.0,7.2428,1461.0,1747.0,1968.0,2397.0,2530.0,2607.0,2363.0,2169.0,2061.0,3454.0,1967.0,415.34,2242.79,409.12,2187.5,295.26,2295.02,452.16,2644.98,630.96,-0.04408,-0.59318,-0.52489,-0.38815,1496.0,1495.0,1526.0,994.0,1003.0,1061.0,654.0,656.0,668.0,-0.74944,0.66207,-0.99237,-0.12333,14,2018-11-30,18,1755.0,0.22743,test
2018-11-13,bci_value,1153.0,7.05012,1398.0,1461.0,1747.0,2296.0,2502.0,2630.0,2388.0,2189.0,2148.0,3424.0,1774.29,434.9,2154.57,492.87,2154.33,348.85,2257.17,451.12,2624.28,648.76,-0.19268,-0.77472,-0.72809,-0.62217,1498.0,1496.0,1530.0,986.0,994.0,1051.0,653.0,654.0,666.0,-0.73794,0.67486,-0.99602,-0.08912,14,2018-12-03,20,1638.0,0.35111,test
2018-11-14,bci_value,940.0,6.84588,1153.0,1398.0,1461.0,1968.0,2397.0,2596.0,2353.0,2164.0,2199.0,3426.0,1566.14,435.72,2053.64,579.04,2112.37,411.13,2215.73,456.0,2603.7,672.07,-0.20424,-0.93609,-0.91757,-0.84988,1484.0,1498.0,1531.0,982.0,986.0,1041.0,652.0,653.0,665.0,-0.72622,0.68746,-0.9985,-0.05481,14,2018-12-04,20,1739.0,0.61519,test
2018-11-15,bci_value,1007.0,6.91473,940.0,1153.0,1398.0,1747.0,2296.0,2530.0,2526.0,2106.0,2148.0,3371.0,1382.0,352.86,1945.14,621.15,2074.33,456.36,2176.33,456.61,2583.86,692.25,0.06885,-0.82419,-0.91966,-0.75756,1466.0,1484.0,1528.0,970.0,982.0,1033.0,649.0,652.0,663.0,-0.71429,0.69985,-0.99979,-0.02043,14,2018-12-05,20,1925.0,0.64795,test
2018-11-16,bci_value,1057.0,6.96319,1007.0,940.0,1153.0,1461.0,1968.0,2502.0,2607.0,2176.0,2081.0,3232.0,1251.86,271.3,1834.43,631.37,2040.2,491.52,2140.08,457.69,2561.81,708.73,0.04846,-0.62158,-0.90277,-0.67741,1453.0,1466.0,1511.0,969.0,970.0,1021.0,646.0,649.0,660.0,-0.70215,0.71203,-0.9999,0.01398,14,2018-12-06,20,2080.0,0.67693,test
2018-11-19,bci_value,1050.0,6.95655,1057.0,1007.0,940.0,1398.0,1747.0,2397.0,2630.0,2230.0,2042.0,3164.0,1152.29,185.7,1721.57,620.18,2007.13,522.67,2104.85,458.88,2538.41,723.34,-0.00664,-0.50911,-0.91819,-0.66514,1437.0,1453.0,1496.0,964.0,969.0,1013.0,645.0,646.0,658.0,-0.66448,0.7473,-0.99314,0.11692,14,2018-12-07,18,2197.0,0.7383,test
2018-11-20,bci_value,1002.0,6.90975,1050.0,1057.0,1007.0,1153.0,1461.0,2296.0,2596.0,2296.0,1961.0,3088.0,1086.71,140.7,1607.71,595.01,1975.17,552.96,2070.08,462.09,2513.57,737.16,-0.04679,-0.37712,-0.95197,-0.67146,1416.0,1437.0,1495.0,963.0,964.0,1003.0,644.0,645.0,656.0,-0.65153,0.75862,-0.98853,0.15102,14,2018-12-10,20,2244.0,0.80626,test
2018-11-21,bci_value,1056.0,6.96224,1002.0,1050.0,1057.0,940.0,1398.0,1968.0,2530.0,2363.0,1949.0,2994.0,1037.86,60.85,1502.43,551.3,1945.4,577.08,2037.78,464.11,2488.24,747.57,0.05249,-0.28055,-0.87373,-0.61283,1393.0,1416.0,1496.0,959.0,963.0,994.0,642.0,644.0,654.0,-0.63838,0.76972,-0.98275,0.18493,14,2018-12-11,20,2183.0,0.72621,test
2018-11-22,bci_value,1089.0,6.99302,1056.0,1002.0,1050.0,1007.0,1153.0,1747.0,2502.0,2388.0,2005.0,2826.0,1028.71,45.81,1401.5,484.34,1914.87,597.01,2008.83,468.19,2464.46,757.59,0.03077,-0.05711,-0.83183,-0.61038,1378.0,1393.0,1498.0,956.0,959.0,986.0,638.0,642.0,653.0,-0.62505,0.78058,-0.97581,0.21863,14,2018-12-12,20,2153.0,0.6816,test
2018-11-23,bci_value,1358.0,7.21377,1089.0,1056.0,1002.0,1057.0,940.0,1461.0,2397.0,2353.0,2169.0,2732.0,1088.43,113.57,1327.29,398.03,1887.83,603.22,1985.93,465.86,2444.77,763.04,0.22075,0.36789,-0.5682,-0.46825,1376.0,1378.0,1484.0,952.0,956.0,982.0,635.0,638.0,652.0,-0.61153,0.79122,-0.96771,0.25206,14,2018-12-13,20,2180.0,0.47331,test
2018-11-26,bci_value,1789.0,7.48941,1358.0,1089.0,1056.0,1050.0,1007.0,1398.0,2296.0,2526.0,2189.0,2672.0,1200.14,263.79,1291.07,324.52,1874.5,600.83,1971.22,457.83,2429.03,761.8,0.27564,0.57468,-0.24951,-0.20179,1389.0,1376.0,1466.0,947.0,952.0,970.0,633.0,635.0,649.0,-0.5699,0.82171,-0.93659,0.35043,14,2018-12-14,18,2383.0,0.2867,test
2018-11-27,bci_value,2170.0,7.68248,1789.0,1358.0,1089.0,1002.0,1057.0,1153.0,1968.0,2607.0,2164.0,2535.0,1359.14,419.23,1305.5,357.15,1874.7,600.93,1965.13,452.7,2416.43,756.59,0.19307,0.71929,0.09771,0.00277,1416.0,1389.0,1453.0,943.0,947.0,969.0,631.0,633.0,646.0,-0.55568,0.83139,-0.92398,0.38244,14,2018-12-17,20,2433.0,0.1144,test
2018-11-28,bci_value,2121.0,7.65964,2170.0,1789.0,1358.0,1056.0,1050.0,940.0,1747.0,2630.0,2106.0,2410.0,1512.14,470.75,1332.21,400.53,1875.2,601.13,1960.32,449.46,2401.54,749.03,-0.02284,0.7031,0.19399,0.0071,1444.0,1416.0,1437.0,942.0,943.0,964.0,629.0,631.0,645.0,-0.5413,0.84083,-0.91028,0.41399,14,2018-12-18,20,2393.0,0.12066,test
2018-11-29,bci_value,1950.0,7.57558,2121.0,2170.0,1789.0,1089.0,1002.0,1007.0,1461.0,2596.0,2176.0,2424.0,1647.57,439.86,1367.14,430.44,1867.67,598.72,1952.42,445.39,2384.74,741.98,-0.08406,0.66583,0.28871,-0.10966,1455.0,1444.0,1416.0,945.0,942.0,963.0,628.0,629.0,644.0,-0.52675,0.85002,-0.8955,0.44506,14,2018-12-19,20,2264.0,0.1493,test
2018-11-30,bci_value,1755.0,7.47022,1950.0,2121.0,2170.0,1358.0,1056.0,1057.0,1398.0,2530.0,2230.0,2411.0,1747.43,367.64,1392.64,441.93,1851.83,595.2,1941.48,442.04,2367.54,738.43,-0.10536,0.50798,0.22743,-0.23953,1463.0,1455.0,1393.0,944.0,945.0,959.0,626.0,628.0,642.0,-0.51206,0.85895,-0.87966,0.4756,14,2018-12-20,20,2071.0,0.16556,test
2018-12-03,bci_value,1638.0,7.40123,1755.0,1950.0,2121.0,1789.0,1089.0,1050.0,1153.0,2502.0,2296.0,2363.0,1825.86,262.27,1427.29,440.8,1829.9,590.53,1929.4,440.26,2350.22,737.05,-0.06899,0.40822,0.35111,-0.33769,1469.0,1463.0,1378.0,945.0,944.0,956.0,626.0,626.0,638.0,-0.46706,0.88422,-0.82598,0.5637,14,2018-12-21,18,1913.0,0.1552,test
2018-12-04,bci_value,1739.0,7.46107,1638.0,1755.0,1950.0,2170.0,1358.0,1002.0,940.0,2397.0,2363.0,2191.0,1880.29,188.77,1484.36,425.47,1809.1,582.32,1921.87,439.58,2333.1,733.14,0.05983,0.2473,0.61519,-0.30662,1474.0,1469.0,1376.0,949.0,945.0,952.0,625.0,626.0,635.0,-0.45179,0.89213,-0.8061,0.59178,14,2018-12-24,20,1905.0,0.09117,test
2018-12-05,bci_value,1925.0,7.56268,1739.0,1638.0,1755.0,2121.0,1789.0,1056.0,1007.0,2296.0,2388.0,2074.0,1899.71,185.34,1549.93,417.51,1793.67,572.83,1919.38,439.14,2315.92,724.34,0.10162,0.07327,0.64795,-0.21553,1472.0,1474.0,1389.0,950.0,949.0,947.0,625.0,625.0,633.0,-0.43637,0.89977,-0.78527,0.61916,14,2019-01-02,28,1987.0,0.0317,test
2018-12-06,bci_value,2080.0,7.64012,1925.0,1739.0,1638.0,1950.0,2170.0,1089.0,1057.0,1968.0,2353.0,1980.0,1886.86,168.5,1623.0,414.36,1784.57,566.0,1921.05,439.55,2299.98,713.48,0.07744,-0.04236,0.67693,-0.12332,1473.0,1472.0,1416.0,951.0,950.0,943.0,625.0,625.0,631.0,-0.42083,0.90714,-0.7635,0.6458,14,2019-01-03,28,1963.0,-0.05789,test
2018-12-07,bci_value,2197.0,7.69485,2080.0,1925.0,1739.0,1755.0,2121.0,1358.0,1050.0,1747.0,2526.0,1900.0,1897.71,184.89,1704.93,406.28,1773.6,554.6,1926.0,440.96,2285.12,701.45,0.05472,0.03521,0.7383,-0.13954,1469.0,1473.0,1444.0,953.0,951.0,942.0,625.0,625.0,629.0,-0.40516,0.91424,-0.74084,0.67168,14,2019-01-04,28,2003.0,-0.09245,test
2018-12-10,bci_value,2244.0,7.71602,2197.0,2080.0,1925.0,1638.0,1950.0,1789.0,1002.0,1461.0,2607.0,1853.0,1939.71,221.72,1793.64,377.7,1761.5,540.06,1932.52,442.72,2269.7,686.78,0.02117,0.14043,0.80626,-0.14994,1464.0,1469.0,1455.0,955.0,953.0,945.0,624.0,625.0,628.0,-0.35746,0.93393,-0.66769,0.74444,14,2019-01-07,28,2016.0,-0.10714,test
2018-12-11,bci_value,2183.0,7.68846,2244.0,2197.0,2080.0,1739.0,1755.0,2170.0,1056.0,1398.0,2630.0,1826.0,2000.86,221.37,1874.14,328.84,1746.6,521.75,1938.47,443.64,2253.36,670.96,-0.02756,0.21823,0.72621,-0.18628,1454.0,1464.0,1463.0,958.0,955.0,944.0,623.0,624.0,626.0,-0.34135,0.93994,-0.64169,0.76697,14,2019-01-08,28,2117.0,-0.0307,test
2018-12-12,bci_value,2153.0,7.67462,2183.0,2244.0,2197.0,1925.0,1638.0,2121.0,1089.0,1153.0,2596.0,1850.0,2074.43,167.59,1950.14,252.75,1731.83,503.45,1943.52,444.33,2237.83,656.79,-0.01384,0.27339,0.6816,-0.18711,1445.0,1454.0,1469.0,963.0,958.0,945.0,622.0,623.0,626.0,-0.32513,0.94567,-0.61493,0.78858,14,2019-01-09,28,2078.0,-0.03546,test
2018-12-13,bci_value,2180.0,7.68708,2153.0,2183.0,2244.0,2080.0,1739.0,1950.0,1358.0,940.0,2530.0,1838.0,2137.43,98.17,2008.86,197.9,1720.17,488.65,1949.22,445.13,2223.36,643.41,0.01246,0.22601,0.47331,-0.14889,1459.0,1445.0,1474.0,968.0,963.0,949.0,621.0,622.0,625.0,-0.30881,0.95112,-0.58744,0.80927,14,2019-01-10,28,1987.0,-0.0927,test
2018-12-14,bci_value,2383.0,7.77612,2180.0,2153.0,2183.0,2197.0,1925.0,1755.0,1789.0,1007.0,2502.0,1840.0,2202.86,86.75,2051.29,209.55,1716.2,482.74,1958.27,448.33,2211.26,629.91,0.08904,0.21343,0.2867,-0.04873,1478.0,1459.0,1472.0,974.0,968.0,950.0,617.0,621.0,625.0,-0.29241,0.95629,-0.55925,0.829,14,2019-01-11,28,1966.0,-0.19236,test
2018-12-17,bci_value,2433.0,7.79688,2383.0,2180.0,2153.0,2244.0,2080.0,1638.0,2170.0,1057.0,2397.0,1864.0,2253.29,101.94,2070.07,230.13,1717.4,484.47,1967.75,452.24,2199.62,615.88,0.02076,0.15676,0.1144,0.01491,1490.0,1478.0,1473.0,978.0,974.0,951.0,614.0,617.0,625.0,-0.24269,0.9701,-0.47086,0.88221,14,2019-01-14,28,1952.0,-0.22027,test
2018-12-18,bci_value,2393.0,7.7803,2433.0,2383.0,2180.0,2183.0,2197.0,1739.0,2121.0,1050.0,2296.0,1868.0,2281.29,109.29,2089.5,244.63,1720.63,488.63,1976.5,455.29,2186.92,599.77,-0.01658,0.08546,0.12066,0.04138,1494.0,1490.0,1469.0,977.0,978.0,953.0,611.0,614.0,625.0,-0.22596,0.97414,-0.44024,0.89788,14,2019-01-15,28,1831.0,-0.26769,test
2018-12-19,bci_value,2264.0,7.72489,2393.0,2433.0,2383.0,2153.0,2244.0,1925.0,1950.0,1002.0,1968.0,1910.0,2284.14,108.54,2111.93,245.21,1730.5,496.45,1982.4,456.68,2172.22,581.2,-0.05541,0.00887,0.1493,0.14012,1492.0,1494.0,1464.0,979.0,977.0,955.0,607.0,611.0,624.0,-0.20917,0.97788,-0.40909,0.91249,14,2019-01-16,28,1748.0,-0.25866,test
2018-12-20,bci_value,2071.0,7.63579,2264.0,2393.0,2433.0,2180.0,2183.0,2080.0,1755.0,1056.0,1747.0,1949.0,2268.14,128.66,2134.5,225.03,1741.3,500.2,1984.43,456.8,2155.68,562.35,-0.0891,-0.05267,0.16556,0.17013,1473.0,1492.0,1454.0,979.0,979.0,958.0,602.0,607.0,623.0,-0.19232,0.98133,-0.37746,0.92602,14,2019-01-17,28,1868.0,-0.10316,test
2018-12-21,bci_value,1913.0,7.55643,2071.0,2264.0,2393.0,2383.0,2153.0,2197.0,1638.0,1089.0,1461.0,2000.0,2233.86,177.49,2154.14,190.13,1756.37,498.33,1982.98,456.89,2138.31,545.18,-0.07936,-0.11819,0.1552,0.26955,1437.0,1473.0,1445.0,977.0,979.0,963.0,597.0,602.0,622.0,-0.17541,0.9845,-0.34539,0.93846,14,2019-01-18,28,2037.0,0.06281,test
2018-12-24,bci_value,1905.0,7.55224,1913.0,2071.0,2264.0,2433.0,2180.0,2244.0,1739.0,1358.0,1398.0,2061.0,2194.57,212.12,2166.0,167.72,1773.27,494.48,1980.38,456.88,2121.1,527.53,-0.00419,-0.13484,0.09117,0.30944,1421.0,1437.0,1459.0,975.0,977.0,968.0,596.0,597.0,621.0,-0.12439,0.99223,-0.24686,0.96905,14,2019-01-21,28,2024.0,0.06059,test
2019-01-02,bci_value,1987.0,7.59438,1905.0,1913.0,2071.0,2393.0,2383.0,2183.0,1925.0,1789.0,1153.0,2148.0,2138.0,207.06,2170.43,162.02,1801.07,482.11,1977.7,456.36,2105.13,509.29,0.04214,-0.18173,0.0317,0.54426,1391.0,1421.0,1478.0,967.0,975.0,974.0,588.0,596.0,617.0,0.0344,0.99941,0.06876,0.99763,14,2019-01-22,20,1892.0,-0.04899,test
2019-01-03,bci_value,1963.0,7.58223,1987.0,1905.0,1913.0,2264.0,2433.0,2153.0,2080.0,2170.0,940.0,2199.0,2070.86,174.1,2162.07,169.33,1835.17,455.44,1973.77,455.45,2088.88,489.85,-0.01215,-0.21465,-0.05789,0.73635,1365.0,1391.0,1490.0,958.0,967.0,978.0,578.0,588.0,614.0,0.05158,0.99867,0.10303,0.99468,14,2019-01-23,20,1775.0,-0.10067,test
2019-01-04,bci_value,2003.0,7.6024,1963.0,1987.0,1905.0,2071.0,2393.0,2180.0,2197.0,2121.0,1007.0,2148.0,2015.14,114.19,2148.21,173.78,1868.37,429.42,1971.35,454.91,2073.68,470.68,0.02017,-0.1779,-0.09245,0.68767,1331.0,1365.0,1494.0,946.0,958.0,977.0,571.0,578.0,611.0,0.06876,0.99763,0.13719,0.99055,14,2019-01-24,20,1726.0,-0.14884,test
2019-01-07,bci_value,2016.0,7.60887,2003.0,1963.0,1987.0,1913.0,2264.0,2383.0,2244.0,1950.0,1057.0,2081.0,1979.71,54.19,2131.93,174.72,1900.33,402.7,1970.27,454.72,2060.17,454.4,0.00647,-0.11602,-0.10714,0.64568,1300.0,1331.0,1492.0,933.0,946.0,979.0,563.0,571.0,607.0,0.12013,0.99276,0.23851,0.97114,14,2019-01-25,18,1730.0,-0.15299,test
2019-01-08,bci_value,2117.0,7.65776,2016.0,2003.0,1963.0,1905.0,2071.0,2433.0,2183.0,1755.0,1050.0,2042.0,1986.29,66.3,2127.21,174.17,1935.9,371.97,1971.52,455.02,2048.53,439.14,0.04888,0.02197,-0.0307,0.70121,1257.0,1300.0,1473.0,918.0,933.0,979.0,556.0,563.0,602.0,0.13719,0.99055,0.27178,0.96236,14,2019-01-28,20,1631.0,-0.26081,test
2019-01-09,bci_value,2078.0,7.63916,2117.0,2016.0,2003.0,1987.0,1913.0,2393.0,2153.0,1638.0,1002.0,1961.0,2009.86,65.38,2121.86,174.45,1971.77,329.66,1973.47,455.22,2037.31,425.12,-0.01859,0.08273,-0.03546,0.72941,1218.0,1257.0,1437.0,893.0,918.0,977.0,546.0,556.0,597.0,0.1542,0.98804,0.30472,0.95244,14,2019-01-29,20,1508.0,-0.32062,test
2019-01-10,bci_value,1987.0,7.59438,2078.0,2117.0,2016.0,1963.0,1905.0,2264.0,2180.0,1739.0,1056.0,1949.0,2021.57,51.39,2108.07,176.92,2002.8,282.43,1974.1,455.21,2026.12,412.87,-0.04478,0.04214,-0.0927,0.63214,1170.0,1218.0,1421.0,870.0,893.0,975.0,536.0,546.0,596.0,0.17118,0.98524,0.3373,0.9414,14,2019-01-30,20,1295.0,-0.42812,test
2019-01-11,bci_value,1966.0,7.58376,1987.0,2078.0,2117.0,2003.0,1987.0,2071.0,2383.0,1925.0,1089.0,2005.0,2018.57,53.88,2078.29,162.65,2032.03,226.1,1973.45,455.2,2016.57,404.1,-0.01062,-0.01062,-0.19236,0.59074,1137.0,1170.0,1391.0,842.0,870.0,967.0,524.0,536.0,588.0,0.1881,0.98215,0.36948,0.92924,14,2019-01-31,20,1116.0,-0.56625,test
2019-01-14,bci_value,1952.0,7.57661,1966.0,1987.0,2078.0,2016.0,1963.0,1913.0,2433.0,2080.0,1358.0,2169.0,2017.0,55.61,2043.93,132.01,2051.83,189.21,1969.83,454.49,2007.9,396.97,-0.00715,-0.00562,-0.22027,0.36284,1118.0,1137.0,1365.0,814.0,842.0,958.0,511.0,524.0,578.0,0.23851,0.97114,0.46326,0.88622,14,2019-02-01,18,1014.0,-0.65495,test
2019-01-15,bci_value,1831.0,7.51262,1952.0,1966.0,1987.0,2117.0,2003.0,1905.0,2393.0,2197.0,1789.0,2189.0,1992.43,86.04,2003.79,101.73,2053.23,187.4,1963.87,453.92,1998.56,391.08,-0.06399,-0.08978,-0.26769,0.02321,1104.0,1118.0,1331.0,785.0,814.0,946.0,499.0,511.0,571.0,0.25518,0.96689,0.49347,0.86976,14,2019-02-04,20,984.0,-0.62099,test
2019-01-16,bci_value,1748.0,7.46623,1831.0,1952.0,1966.0,2078.0,2016.0,1987.0,2264.0,2244.0,2170.0,2164.0,1954.14,119.97,1966.93,93.96,2039.17,193.84,1956.93,453.99,1989.81,387.77,-0.04639,-0.14264,-0.25866,-0.21625,1079.0,1104.0,1300.0,755.0,785.0,933.0,483.0,499.0,563.0,0.27178,0.96236,0.52309,0.85227,14,2019-02-05,20,972.0,-0.58687,test
2019-01-17,bci_value,1868.0,7.53262,1748.0,1831.0,1952.0,1987.0,2117.0,1963.0,2071.0,2183.0,2121.0,2106.0,1918.57,101.97,1952.43,92.43,2030.73,195.59,1952.97,453.71,1983.79,385.4,0.0664,-0.12513,-0.10316,-0.12702,1045.0,1079.0,1257.0,729.0,755.0,918.0,466.0,483.0,556.0,0.28829,0.95754,0.5521,0.83378,14,2019-02-06,20,929.0,-0.69851,test
2019-01-18,bci_value,2037.0,7.61923,1868.0,1748.0,1831.0,1966.0,2078.0,2003.0,1913.0,2153.0,1950.0,2176.0,1912.71,93.47,1961.29,94.15,2033.63,195.02,1950.65,452.92,1979.49,382.61,0.08661,-0.01993,0.06281,0.04365,1018.0,1045.0,1218.0,701.0,729.0,893.0,451.0,466.0,546.0,0.30472,0.95244,0.58045,0.81429,14,2019-02-07,20,846.0,-0.87871,test
2019-01-21,bci_value,2024.0,7.61283,2037.0,1868.0,1748.0,1952.0,1987.0,2016.0,1905.0,2180.0,1755.0,2230.0,1918.0,98.43,1969.79,94.06,2042.6,188.06,1947.22,451.57,1975.19,379.9,-0.0064,0.01845,0.06059,0.14261,991.0,1018.0,1170.0,680.0,701.0,870.0,442.0,451.0,536.0,0.35344,0.93546,0.66126,0.75015,14,2019-02-08,18,792.0,-0.93827,test
2019-01-22,bci_value,1892.0,7.54539,2024.0,2037.0,1868.0,1831.0,1966.0,2117.0,1987.0,2383.0,1638.0,2296.0,1907.43,96.67,1963.0,95.98,2051.07,174.91,1940.48,449.32,1969.96,377.76,-0.06744,-0.03837,-0.04899,0.14416,950.0,991.0,1137.0,660.0,680.0,842.0,432.0,442.0,524.0,0.36948,0.92924,0.68668,0.72696,14,2019-02-11,20,736.0,-0.94416,test
2019-01-23,bci_value,1775.0,7.48156,1892.0,2024.0,2037.0,1748.0,1952.0,2078.0,1963.0,2433.0,1739.0,2363.0,1882.14,104.53,1949.57,107.5,2052.27,172.88,1930.68,446.4,1965.33,377.58,-0.06383,-0.09505,-0.10067,0.02049,893.0,950.0,1118.0,638.0,660.0,814.0,423.0,432.0,511.0,0.38541,0.92274,0.71128,0.70291,14,2019-02-12,20,711.0,-0.91488,test
2019-01-24,bci_value,1726.0,7.45356,1775.0,1892.0,2024.0,1868.0,1831.0,1987.0,2003.0,2393.0,1925.0,2388.0,1867.14,117.52,1929.79,120.55,2045.63,181.25,1919.65,443.13,1961.47,378.22,-0.02799,-0.05906,-0.14884,-0.10912,828.0,893.0,1104.0,607.0,638.0,785.0,409.0,423.0,499.0,0.40123,0.91598,0.73503,0.67803,14,2019-02-13,20,707.0,-0.89253,test
2019-01-25,bci_value,1730.0,7.45588,1726.0,1775.0,1892.0,2037.0,1748.0,1966.0,2016.0,2264.0,2080.0,2353.0,1864.57,120.27,1909.36,128.19,2033.97,189.73,1909.27,440.15,1958.69,378.99,0.00231,-0.01035,-0.15299,-0.18425,748.0,828.0,1079.0,576.0,607.0,755.0,395.0,409.0,483.0,0.41693,0.90894,0.75792,0.65235,14,2019-02-14,20,729.0,-0.8642,test
2019-01-28,bci_value,1631.0,7.39695,1730.0,1726.0,1775.0,2024.0,1868.0,1952.0,2117.0,2071.0,2197.0,2526.0,1830.71,145.29,1874.64,132.98,2015.1,200.42,1894.35,434.12,1955.7,380.5,-0.05893,-0.13568,-0.26081,-0.2979,687.0,748.0,1045.0,552.0,576.0,729.0,384.0,395.0,466.0,0.46326,0.88622,0.8211,0.57078,14,2019-02-15,18,727.0,-0.80802,test
2019-01-29,bci_value,1508.0,7.31854,1631.0,1730.0,1726.0,1892.0,2037.0,1831.0,2078.0,1913.0,2244.0,2607.0,1755.14,155.55,1833.93,150.58,1990.57,215.38,1876.03,426.78,1951.87,383.25,-0.07841,-0.30069,-0.32062,-0.39748,644.0,687.0,1018.0,526.0,552.0,701.0,368.0,384.0,451.0,0.47843,0.87812,0.84025,0.5422,14,2019-02-18,20,713.0,-0.74906,test
2019-01-30,bci_value,1295.0,7.16627,1508.0,1631.0,1730.0,1775.0,2024.0,1748.0,1987.0,1905.0,2183.0,2630.0,1651.0,182.41,1784.5,198.25,1960.97,245.78,1853.78,421.67,1945.97,389.18,-0.15227,-0.44657,-0.42812,-0.52219,612.0,644.0,991.0,498.0,526.0,680.0,347.0,368.0,442.0,0.49347,0.86976,0.8584,0.51298,14,2019-02-19,20,650.0,-0.68929,test
2019-01-31,bci_value,1116.0,7.01751,1295.0,1508.0,1631.0,1726.0,1892.0,1868.0,1966.0,1987.0,2153.0,2596.0,1540.14,231.46,1723.79,255.31,1926.4,285.98,1829.12,420.81,1937.81,398.68,-0.14876,-0.52788,-0.56625,-0.65711,574.0,612.0,950.0,472.0,498.0,660.0,328.0,347.0,432.0,0.50836,0.86115,0.87554,0.48315,14,2019-02-20,20,578.0,-0.65793,test
2019-02-01,bci_value,1014.0,6.92166,1116.0,1295.0,1508.0,1730.0,1775.0,2037.0,1952.0,1963.0,2180.0,2530.0,1431.43,270.97,1656.79,304.9,1887.53,325.39,1803.85,423.48,1928.66,410.16,-0.09585,-0.5599,-0.65495,-0.76542,560.0,574.0,893.0,450.0,472.0,638.0,311.0,328.0,423.0,0.52309,0.85227,0.89164,0.45274,14,2019-02-21,20,570.0,-0.57602,test
2019-02-04,bci_value,984.0,6.89163,1014.0,1116.0,1295.0,1631.0,1726.0,2024.0,1831.0,2003.0,2383.0,2502.0,1325.43,279.98,1596.29,345.64,1840.9,350.33,1778.55,426.35,1919.14,421.87,-0.03003,-0.56194,-0.62099,-0.88449,552.0,560.0,828.0,438.0,450.0,607.0,301.0,311.0,409.0,0.56636,0.82416,0.93354,0.35847,14,2019-02-22,18,545.0,-0.59084,test
2019-02-05,bci_value,972.0,6.87936,984.0,1014.0,1116.0,1508.0,1730.0,1892.0,1748.0,2016.0,2433.0,2397.0,1217.14,247.24,1540.86,377.61,1792.2,365.84,1754.8,430.9,1909.23,433.37,-0.01227,-0.57652,-0.58687,-0.91752,553.0,552.0,748.0,423.0,438.0,576.0,294.0,301.0,395.0,0.58045,0.81429,0.94532,0.32614,14,2019-02-25,20,520.0,-0.62553,test
2019-02-06,bci_value,929.0,6.83411,972.0,984.0,1014.0,1295.0,1631.0,1775.0,1868.0,2117.0,2393.0,2296.0,1116.86,196.12,1473.79,396.46,1743.4,379.82,1732.02,437.77,1898.8,445.37,-0.04525,-0.56284,-0.69851,-0.94619,553.0,553.0,687.0,415.0,423.0,552.0,294.0,294.0,384.0,0.59438,0.80419,0.95598,0.29343,14,2019-02-26,20,522.0,-0.57644,test
2019-02-07,bci_value,846.0,6.74052,929.0,972.0,984.0,1116.0,1508.0,1726.0,2037.0,2078.0,2264.0,1968.0,1022.29,134.69,1388.71,394.26,1696.13,399.8,1713.32,451.05,1886.98,458.84,-0.09359,-0.57802,-0.87871,-0.98437,561.0,553.0,644.0,414.0,415.0,526.0,290.0,294.0,368.0,0.60812,0.79384,0.96551,0.26038,14,2019-02-27,20,500.0,-0.52591,test
2019-02-08,bci_value,792.0,6.67456,846.0,929.0,972.0,1014.0,1295.0,1730.0,2024.0,1987.0,2071.0,1747.0,950.43,99.65,1300.71,379.87,1653.5,424.95,1697.4,466.18,1874.12,472.91,-0.06596,-0.4917,-0.93827,-0.96123,574.0,561.0,612.0,415.0,414.0,498.0,290.0,290.0,347.0,0.62169,0.78327,0.97389,0.22701,14,2019-02-28,20,459.0,-0.54551,test
2019-02-11,bci_value,736.0,6.60123,792.0,846.0,929.0,984.0,1116.0,1631.0,1892.0,1966.0,1913.0,1461.0,896.14,98.16,1218.14,367.82,1614.27,452.62,1685.32,481.3,1860.08,487.51,-0.07333,-0.41628,-0.94416,-0.9552,586.0,574.0,574.0,429.0,415.0,472.0,292.0,290.0,328.0,0.66126,0.75015,0.9921,0.12546,14,2019-03-01,18,383.0,-0.6532,test
2019-02-12,bci_value,711.0,6.56667,736.0,792.0,846.0,972.0,1014.0,1508.0,1775.0,1952.0,1905.0,1398.0,852.86,103.32,1142.14,354.59,1574.47,477.13,1673.87,495.95,1845.08,501.66,-0.03456,-0.35499,-0.91488,-0.98556,600.0,586.0,560.0,454.0,429.0,450.0,296.0,292.0,311.0,0.67407,0.73867,0.99583,0.09126,14,2019-03-04,20,355.0,-0.69455,test
2019-02-13,bci_value,707.0,6.56103,711.0,736.0,792.0,929.0,984.0,1295.0,1726.0,1831.0,1987.0,1153.0,813.29,98.44,1069.36,331.08,1531.8,495.22,1666.43,506.92,1829.07,514.56,-0.00564,-0.3306,-0.89253,-1.03335,611.0,600.0,552.0,478.0,454.0,438.0,302.0,296.0,301.0,0.68668,0.72696,0.99838,0.05695,14,2019-03-05,20,299.0,-0.86059,test
2019-02-14,bci_value,729.0,6.59167,707.0,711.0,736.0,846.0,972.0,1116.0,1730.0,1748.0,1963.0,940.0,778.57,76.82,997.86,285.66,1490.67,508.76,1662.92,512.64,1812.73,525.77,0.03064,-0.28768,-0.8642,-0.99056,619.0,611.0,553.0,526.0,478.0,423.0,311.0,302.0,294.0,0.69908,0.71504,0.99975,0.02258,14,2019-03-06,20,270.0,-0.99325,test
2019-02-15,bci_value,727.0,6.58893,729.0,707.0,711.0,792.0,929.0,1014.0,1631.0,1868.0,2003.0,1007.0,749.71,47.08,933.29,232.46,1448.13,517.42,1658.25,519.82,1796.94,536.69,-0.00275,-0.24518,-0.80802,-1.01347,624.0,619.0,553.0,560.0,526.0,415.0,315.0,311.0,294.0,0.71128,0.70291,0.99993,-0.01183,14,2019-03-07,20,236.0,-1.12509,test
2019-02-18,bci_value,713.0,6.56948,727.0,729.0,707.0,736.0,846.0,984.0,1508.0,2037.0,2016.0,1057.0,730.71,26.9,876.5,175.18,1404.7,522.59,1652.52,528.25,1781.74,547.69,-0.01945,-0.17104,-0.74906,-1.03939,628.0,624.0,561.0,594.0,560.0,414.0,322.0,315.0,290.0,0.74659,0.66529,0.99339,-0.11479,14,2019-03-08,18,235.0,-1.1099,test
2019-02-19,bci_value,650.0,6.47697,713.0,727.0,729.0,711.0,792.0,972.0,1295.0,2024.0,2117.0,1050.0,710.43,26.58,830.43,140.42,1355.8,522.29,1645.85,538.24,1766.28,559.64,-0.09251,-0.19759,-0.68929,-1.18078,639.0,628.0,574.0,625.0,594.0,415.0,335.0,322.0,290.0,0.75792,0.65235,0.98885,-0.14889,14,2019-03-11,20,250.0,-0.95551,test
2019-02-20,bci_value,578.0,6.35957,650.0,713.0,727.0,707.0,736.0,929.0,1116.0,1892.0,2078.0,1002.0,687.86,51.08,792.0,130.26,1305.8,522.55,1638.78,549.31,1750.91,572.92,-0.1174,-0.24166,-0.65793,-1.27959,649.0,639.0,586.0,649.0,625.0,429.0,345.0,335.0,292.0,0.76903,0.63921,0.98315,-0.18282,14,2019-03-12,20,278.0,-0.73195,test
2019-02-21,bci_value,570.0,6.34564,578.0,650.0,713.0,729.0,711.0,846.0,1014.0,1775.0,1987.0,1056.0,667.71,64.12,760.29,126.34,1258.57,522.89,1630.68,561.3,1735.59,585.71,-0.01394,-0.22104,-0.57602,-1.24874,657.0,649.0,600.0,686.0,649.0,454.0,353.0,345.0,296.0,0.77991,0.62589,0.97628,-0.21653,14,2019-03-13,20,327.0,-0.55568,test
2019-02-22,bci_value,545.0,6.30079,570.0,578.0,650.0,727.0,707.0,792.0,984.0,1726.0,1966.0,1089.0,644.57,74.2,728.93,121.3,1211.2,521.02,1621.62,574.22,1719.37,598.11,-0.04485,-0.26024,-0.59084,-1.28297,666.0,657.0,611.0,707.0,686.0,478.0,359.0,353.0,302.0,0.79056,0.61238,0.96825,-0.24998,14,2019-03-14,20,403.0,-0.30185,test
2019-02-25,bci_value,520.0,6.25383,545.0,570.0,578.0,713.0,729.0,736.0,972.0,1730.0,1952.0,1358.0,614.71,76.24,696.64,112.12,1163.47,516.54,1607.65,590.43,1701.04,609.21,-0.04696,-0.33784,-0.62553,-1.32278,685.0,666.0,619.0,721.0,707.0,526.0,366.0,359.0,311.0,0.8211,0.57078,0.93734,-0.34841,14,2019-03-15,18,520.0,0.0,test
2019-02-26,bci_value,522.0,6.25767,520.0,545.0,570.0,650.0,727.0,711.0,929.0,1631.0,1831.0,1789.0,585.43,66.2,667.57,100.23,1119.83,513.59,1586.53,606.01,1682.52,619.35,0.00384,-0.33126,-0.57644,-1.25495,713.0,685.0,624.0,729.0,721.0,560.0,372.0,366.0,315.0,0.8308,0.55658,0.9248,-0.38045,14,2019-03-18,20,476.0,-0.09225,test
2019-02-27,bci_value,500.0,6.21461,522.0,520.0,545.0,578.0,713.0,707.0,846.0,1508.0,1748.0,2170.0,555.0,46.63,642.86,95.75,1078.23,511.56,1558.7,616.83,1664.03,629.46,-0.04306,-0.35487,-0.52591,-1.25162,752.0,713.0,628.0,738.0,729.0,594.0,382.0,372.0,322.0,0.84025,0.5422,0.91117,-0.41203,14,2019-03-19,20,421.0,-0.17198,test
2019-02-28,bci_value,459.0,6.12905,500.0,522.0,520.0,570.0,650.0,729.0,792.0,1295.0,1868.0,2121.0,527.71,38.17,619.07,97.1,1031.27,501.48,1531.0,628.17,1645.73,640.19,-0.08556,-0.34792,-0.54551,-1.40357,813.0,752.0,639.0,749.0,738.0,625.0,388.0,382.0,335.0,0.84945,0.52767,0.89646,-0.44313,14,2019-03-20,20,399.0,-0.14009,test
2019-03-01,bci_value,383.0,5.94803,459.0,500.0,522.0,545.0,578.0,727.0,736.0,1116.0,2037.0,1950.0,499.86,57.54,593.86,108.61,976.13,478.26,1504.88,642.62,1625.81,651.18,-0.18102,-0.41154,-0.6532,-1.6712,863.0,813.0,649.0,759.0,749.0,649.0,393.0,388.0,345.0,0.8584,0.51298,0.88068,-0.47371,14,2019-03-21,20,288.0,-0.28507,test
2019-03-04,bci_value,355.0,5.87212,383.0,459.0,500.0,520.0,570.0,713.0,711.0,1014.0,2024.0,1755.0,469.14,68.28,568.43,119.35,920.5,449.33,1481.55,658.34,1604.98,661.43,-0.07592,-0.47352,-0.69455,-1.74071,900.0,863.0,657.0,767.0,759.0,686.0,397.0,393.0,353.0,0.88372,0.46802,0.82719,-0.56192,14,2019-03-22,18,251.0,-0.34666,test
2019-03-05,bci_value,299.0,5.70044,355.0,383.0,459.0,522.0,545.0,650.0,707.0,984.0,1892.0,1638.0,434.0,82.1,539.29,131.18,867.4,424.84,1459.23,675.14,1582.79,671.3,-0.17167,-0.60034,-0.86059,-1.84495,924.0,900.0,666.0,776.0,767.0,707.0,407.0,397.0,359.0,0.89164,0.45274,0.80737,-0.59004,14,2019-03-25,20,230.0,-0.26236,test
2019-03-06,bci_value,270.0,5.59842,299.0,355.0,383.0,500.0,520.0,578.0,729.0,972.0,1775.0,1739.0,398.29,90.84,506.5,136.9,817.23,403.0,1434.75,691.0,1559.53,680.07,-0.10202,-0.65541,-0.99325,-1.88313,938.0,924.0,685.0,783.0,776.0,721.0,413.0,407.0,366.0,0.8993,0.43734,0.7866,-0.61747,14,2019-03-26,20,190.0,-0.3514,test
2019-03-07,bci_value,236.0,5.46383,270.0,299.0,355.0,459.0,522.0,570.0,727.0,929.0,1726.0,1925.0,357.43,90.32,471.43,138.8,767.57,379.05,1406.6,704.72,1535.62,688.3,-0.13459,-0.79384,-1.12509,-1.98973,926.0,938.0,713.0,790.0,783.0,729.0,418.0,413.0,372.0,0.90669,0.42181,0.76489,-0.64416,14,2019-03-27,20,178.0,-0.28205,test
2019-03-08,bci_value,235.0,5.45959,236.0,270.0,299.0,383.0,500.0,545.0,713.0,846.0,1730.0,2080.0,319.57,77.22,437.29,133.88,717.73,346.08,1375.85,714.84,1512.09,696.12,-0.00425,-0.75502,-1.1099,-1.99629,894.0,926.0,752.0,790.0,790.0,738.0,421.0,418.0,382.0,0.91381,0.40615,0.74228,-0.67009,14,2019-03-28,20,167.0,-0.34159,test
2019-03-11,bci_value,250.0,5.52146,235.0,236.0,270.0,355.0,459.0,520.0,650.0,792.0,1631.0,2197.0,289.71,54.64,408.71,127.99,671.7,311.68,1343.4,721.0,1486.8,700.15,0.06188,-0.60759,-0.95551,-1.87549,866.0,894.0,813.0,790.0,790.0,749.0,424.0,421.0,388.0,0.93354,0.35847,0.66929,-0.743,14,2019-03-29,18,150.0,-0.51083,test
2019-03-12,bci_value,278.0,5.62762,250.0,235.0,236.0,299.0,383.0,522.0,578.0,736.0,1508.0,2244.0,274.71,39.2,387.29,122.87,630.7,278.06,1310.63,723.99,1460.92,701.31,0.10616,-0.32041,-0.73195,-1.69092,839.0,866.0,863.0,789.0,790.0,759.0,429.0,424.0,393.0,0.93957,0.34236,0.64334,-0.76558,14,2019-04-01,20,122.0,-0.8236,test
2019-03-13,bci_value,327.0,5.78996,278.0,250.0,235.0,270.0,355.0,500.0,570.0,711.0,1295.0,2183.0,270.71,31.47,369.93,112.56,598.43,254.24,1279.7,725.7,1435.33,700.2,0.16234,-0.08216,-0.55568,-1.37631,823.0,839.0,900.0,789.0,789.0,767.0,430.0,429.0,397.0,0.94532,0.32614,0.61662,-0.78726,14,2019-04-02,20,92.0,-1.26817,test
2019-03-14,bci_value,403.0,5.99894,327.0,278.0,250.0,236.0,299.0,459.0,545.0,707.0,1116.0,2153.0,285.57,56.17,359.79,102.25,574.67,237.52,1250.53,725.19,1410.97,697.54,0.20898,0.29849,-0.30185,-1.01857,841.0,823.0,924.0,786.0,789.0,776.0,434.0,430.0,407.0,0.95079,0.30983,0.58918,-0.808,14,2019-04-03,20,104.0,-1.35455,test
2019-03-15,bci_value,520.0,6.25383,403.0,327.0,278.0,235.0,270.0,383.0,520.0,729.0,1014.0,2180.0,321.29,98.47,359.79,102.25,558.2,223.19,1222.87,720.85,1388.63,693.52,0.25489,0.65541,0.0,-0.66783,883.0,841.0,938.0,786.0,786.0,783.0,437.0,434.0,413.0,0.95598,0.29343,0.56103,-0.82779,14,2019-04-04,20,210.0,-0.90672,test
2019-03-18,bci_value,476.0,6.16542,520.0,403.0,327.0,250.0,236.0,355.0,522.0,727.0,984.0,2383.0,355.57,104.41,356.5,97.62,541.27,209.06,1191.08,710.97,1366.12,689.89,-0.08841,0.70159,-0.09225,-0.72621,905.0,883.0,926.0,787.0,786.0,790.0,440.0,437.0,418.0,0.96984,0.24373,0.47276,-0.88119,14,2019-04-05,18,276.0,-0.54502,test
2019-03-19,bci_value,421.0,6.04263,476.0,520.0,403.0,278.0,235.0,299.0,500.0,713.0,972.0,2433.0,382.14,93.43,350.86,91.24,522.9,194.08,1157.55,698.95,1344.17,688.17,-0.12279,0.58305,-0.17198,-0.83672,922.0,905.0,894.0,789.0,787.0,790.0,443.0,440.0,421.0,0.97389,0.22701,0.44217,-0.89693,14,2019-04-08,20,312.0,-0.29963,test
2019-03-20,bci_value,399.0,5.98896,421.0,476.0,520.0,327.0,250.0,270.0,459.0,650.0,929.0,2393.0,403.43,76.31,346.57,87.39,505.23,179.92,1124.32,686.72,1323.09,687.75,-0.05367,0.4675,-0.14009,-0.84515,962.0,922.0,866.0,796.0,789.0,790.0,446.0,443.0,424.0,0.97765,0.21022,0.41105,-0.91161,14,2019-04-09,20,375.0,-0.06204,test
2019-03-21,bci_value,288.0,5.66296,399.0,421.0,476.0,403.0,278.0,236.0,383.0,578.0,846.0,2264.0,404.86,74.0,339.79,87.98,486.63,172.41,1091.38,678.61,1304.42,692.77,-0.326,0.03534,-0.28507,-1.07756,1009.0,962.0,839.0,813.0,796.0,789.0,449.0,446.0,429.0,0.98112,0.19338,0.37945,-0.92521,14,2019-04-10,20,428.0,0.39616,test
2019-03-22,bci_value,251.0,5.52545,288.0,399.0,421.0,520.0,327.0,235.0,355.0,570.0,792.0,2071.0,394.0,88.74,332.36,90.73,468.6,167.76,1061.05,674.81,1287.8,699.86,-0.13751,-0.26451,-0.34666,-1.14911,1027.0,1009.0,823.0,826.0,813.0,789.0,455.0,449.0,430.0,0.98431,0.17647,0.3474,-0.93772,14,2019-04-11,20,423.0,0.52192,test
2019-03-25,bci_value,230.0,5.43808,251.0,288.0,399.0,476.0,403.0,250.0,299.0,545.0,736.0,1913.0,369.29,105.33,327.43,94.22,451.73,165.45,1033.0,673.79,1274.12,708.32,-0.08737,-0.56086,-0.26236,-1.16315,1036.0,1027.0,841.0,830.0,826.0,786.0,458.0,455.0,434.0,0.9921,0.12546,0.24894,-0.96852,14,2019-04-12,18,418.0,0.5974,test
2019-03-26,bci_value,190.0,5.24702,230.0,251.0,288.0,421.0,520.0,278.0,270.0,520.0,711.0,1905.0,322.14,101.09,321.71,99.79,434.37,164.67,1004.42,672.56,1260.7,717.24,-0.19106,-1.0068,-0.3514,-1.31965,1053.0,1036.0,883.0,833.0,830.0,786.0,463.0,458.0,437.0,0.99411,0.10838,0.21548,-0.97651,14,2019-04-15,20,445.0,0.85105,test
2019-03-27,bci_value,178.0,5.18178,190.0,230.0,251.0,399.0,476.0,327.0,236.0,522.0,707.0,1987.0,279.57,89.4,317.57,104.36,416.73,162.84,974.27,668.38,1249.87,726.09,-0.06524,-0.98363,-0.28205,-1.37925,1056.0,1053.0,905.0,831.0,833.0,787.0,466.0,463.0,440.0,0.99583,0.09126,0.18176,-0.98334,14,2019-04-16,20,459.0,0.94727,test
2019-03-28,bci_value,167.0,5.11799,178.0,190.0,230.0,288.0,421.0,403.0,235.0,500.0,729.0,1963.0,243.29,75.03,312.71,109.54,398.0,158.1,944.33,663.62,1241.28,734.23,-0.06379,-0.92464,-0.34159,-1.47368,1087.0,1056.0,922.0,823.0,831.0,789.0,467.0,466.0,443.0,0.99725,0.07412,0.14783,-0.98901,14,2019-04-17,20,463.0,1.01973,test
2019-03-29,bci_value,150.0,5.01064,167.0,178.0,190.0,251.0,399.0,520.0,250.0,459.0,727.0,2003.0,207.71,46.29,305.57,116.44,378.77,151.88,913.45,656.72,1231.76,742.71,-0.10736,-0.97833,-0.51083,-1.57829,1102.0,1087.0,962.0,813.0,823.0,796.0,464.0,467.0,446.0,0.99838,0.05695,0.11372,-0.99351,14,2019-04-18,20,490.0,1.18377,test
2019-04-01,bci_value,122.0,4.80402,150.0,167.0,178.0,230.0,288.0,476.0,278.0,383.0,713.0,2016.0,184.0,41.35,294.43,125.65,359.07,145.44,881.88,648.43,1221.37,751.57,-0.20661,-0.85894,-0.8236,-1.76546,1110.0,1102.0,1009.0,807.0,813.0,813.0,461.0,464.0,449.0,0.99999,0.00538,0.01075,-0.99994,14,2019-04-23,22,572.0,1.54512,test
2019-04-02,bci_value,92.0,4.52179,122.0,150.0,167.0,190.0,251.0,421.0,327.0,355.0,650.0,2117.0,161.29,41.97,277.64,135.49,340.47,142.7,848.13,635.84,1210.72,760.65,-0.28223,-1.00366,-1.26817,-1.95518,1120.0,1110.0,1027.0,795.0,807.0,826.0,455.0,461.0,455.0,0.99993,-0.01183,-0.02365,-0.99972,14,2019-04-24,22,648.0,1.9521,test
2019-04-03,bci_value,104.0,4.64439,92.0,122.0,150.0,178.0,230.0,399.0,403.0,299.0,578.0,2078.0,143.29,35.09,256.29,137.59,324.67,141.76,815.23,622.28,1200.74,769.17,0.1226,-0.79369,-1.35455,-1.71518,1127.0,1120.0,1036.0,775.0,795.0,830.0,448.0,455.0,458.0,0.99958,-0.02903,-0.05803,-0.99832,14,2019-04-25,22,691.0,1.89375,test
2019-04-04,bci_value,210.0,5.34711,104.0,92.0,122.0,167.0,190.0,288.0,520.0,270.0,570.0,1987.0,146.14,39.34,234.14,116.74,312.67,135.59,785.62,607.93,1191.34,776.02,0.70272,0.10008,-0.90672,-0.99853,1124.0,1127.0,1053.0,757.0,775.0,833.0,437.0,448.0,463.0,0.99893,-0.04622,-0.09233,-0.99573,14,2019-04-26,22,783.0,1.31603,test
2019-04-05,bci_value,276.0,5.6204,210.0,104.0,92.0,150.0,178.0,251.0,476.0,236.0,545.0,1966.0,160.14,60.13,219.86,96.8,303.7,128.65,757.45,591.52,1182.31,781.87,0.27329,0.43862,-0.54502,-0.68038,1114.0,1124.0,1056.0,742.0,757.0,831.0,432.0,437.0,466.0,0.99799,-0.06339,-0.12653,-0.99196,14,2019-04-29,24,884.0,1.16406,test
2019-04-08,bci_value,312.0,5.743,276.0,210.0,104.0,122.0,167.0,230.0,421.0,235.0,520.0,1952.0,180.86,80.46,212.07,83.82,296.77,122.25,730.12,573.3,1170.69,786.93,0.1226,0.62501,-0.29963,-0.51083,1101.0,1114.0,1087.0,733.0,742.0,823.0,425.0,432.0,467.0,0.99339,-0.11479,-0.22806,-0.97365,14,2019-04-30,22,1276.0,1.40848,test
2019-04-09,bci_value,375.0,5.92693,312.0,276.0,210.0,92.0,150.0,190.0,399.0,250.0,522.0,1831.0,213.0,103.39,210.36,80.15,291.87,115.9,705.85,556.76,1154.98,788.54,0.18392,0.91629,-0.06204,-0.33074,1085.0,1101.0,1102.0,726.0,733.0,813.0,419.0,425.0,464.0,0.99127,-0.13186,-0.26141,-0.96523,14,2019-05-01,22,1389.0,1.30941,test
2019-04-10,bci_value,428.0,6.05912,375.0,312.0,276.0,104.0,122.0,178.0,288.0,278.0,500.0,1748.0,256.71,119.16,220.36,96.31,289.47,112.26,683.85,541.0,1135.62,784.76,0.1322,1.2551,0.39616,-0.15548,1074.0,1085.0,1110.0,718.0,726.0,807.0,411.0,419.0,461.0,0.98885,-0.14889,-0.29446,-0.95566,14,2019-05-02,22,1420.0,1.19929,test
2019-04-11,bci_value,423.0,6.04737,428.0,375.0,312.0,210.0,92.0,167.0,251.0,327.0,459.0,1868.0,304.0,109.72,232.64,109.5,288.27,110.62,659.77,519.49,1116.76,781.24,-0.01175,1.52558,0.52192,-0.08168,1071.0,1074.0,1120.0,715.0,718.0,795.0,406.0,411.0,455.0,0.98615,-0.16588,-0.32716,-0.94497,14,2019-05-03,22,1290.0,1.11503,test
2019-04-12,bci_value,418.0,6.03548,423.0,428.0,375.0,276.0,104.0,150.0,230.0,403.0,383.0,2037.0,348.86,78.53,246.07,119.43,289.43,111.79,632.78,488.37,1099.73,779.59,-0.01189,1.39109,0.5974,0.08745,1073.0,1071.0,1127.0,711.0,715.0,775.0,403.0,406.0,448.0,0.98315,-0.18282,-0.35947,-0.93316,14,2019-05-07,25,1119.0,0.98471,test
2019-04-15,bci_value,445.0,6.09807,418.0,423.0,428.0,312.0,210.0,122.0,190.0,520.0,355.0,2024.0,382.43,60.05,264.29,128.59,292.43,114.68,606.47,454.03,1085.18,779.45,0.06259,0.75097,0.85105,0.22596,1092.0,1073.0,1124.0,714.0,711.0,757.0,399.0,403.0,437.0,0.97241,-0.23329,-0.4537,-0.89115,14,2019-05-08,23,1159.0,0.95724,test
2019-04-16,bci_value,459.0,6.12905,445.0,418.0,423.0,375.0,276.0,92.0,178.0,476.0,299.0,1892.0,408.57,46.29,284.36,135.31,297.77,118.52,582.58,422.36,1072.08,779.96,0.03098,0.50865,0.94727,0.42861,1119.0,1092.0,1114.0,718.0,714.0,742.0,397.0,399.0,432.0,0.96825,-0.24998,-0.48409,-0.87502,14,2019-05-09,23,1270.0,1.01772,test
2019-04-17,bci_value,463.0,6.13773,459.0,445.0,418.0,428.0,312.0,104.0,167.0,421.0,270.0,1775.0,430.14,27.72,305.5,138.41,304.2,122.02,560.72,393.0,1057.9,779.3,0.00868,0.39472,1.01973,0.53931,1147.0,1119.0,1101.0,726.0,718.0,733.0,394.0,397.0,425.0,0.96381,-0.2666,-0.5139,-0.85785,14,2019-05-10,23,1371.0,1.08557,test
2019-04-18,bci_value,490.0,6.19441,463.0,459.0,445.0,423.0,375.0,210.0,150.0,399.0,236.0,1726.0,446.57,23.99,329.79,138.82,312.67,125.75,540.12,362.6,1041.96,776.07,0.05668,0.26748,1.18377,0.73057,1162.0,1147.0,1085.0,732.0,726.0,726.0,390.0,394.0,419.0,0.95908,-0.28314,-0.54311,-0.83966,14,2019-05-13,25,1405.0,1.05339,test
2019-04-23,bci_value,572.0,6.34914,490.0,463.0,459.0,418.0,428.0,276.0,122.0,288.0,235.0,1730.0,467.14,48.48,361.93,139.09,323.9,133.14,520.82,327.91,1025.2,769.73,0.15473,0.29002,1.54512,0.88955,1171.0,1162.0,1074.0,751.0,732.0,718.0,391.0,390.0,411.0,0.93121,-0.36448,-0.67882,-0.7343,14,2019-05-14,21,1462.0,0.93842,test
2019-04-24,bci_value,648.0,6.47389,572.0,490.0,463.0,445.0,423.0,312.0,92.0,251.0,250.0,1631.0,499.29,75.58,401.64,135.68,337.17,144.47,504.43,294.93,1007.99,760.6,0.12475,0.42652,1.9521,0.95243,1177.0,1171.0,1071.0,773.0,751.0,715.0,392.0,391.0,406.0,0.9248,-0.38045,-0.70368,-0.71052,14,2019-05-15,21,1417.0,0.78241,test
2019-04-25,bci_value,691.0,6.53814,648.0,572.0,490.0,459.0,418.0,375.0,104.0,230.0,278.0,1508.0,538.29,92.18,443.57,127.68,350.93,157.28,490.82,265.7,990.73,749.91,0.06425,0.50266,1.89375,0.91052,1182.0,1177.0,1073.0,781.0,773.0,711.0,391.0,392.0,403.0,0.91812,-0.3963,-0.7277,-0.68589,14,2019-05-16,21,1428.0,0.72589,test
2019-04-26,bci_value,783.0,6.66313,691.0,648.0,572.0,463.0,445.0,428.0,210.0,190.0,327.0,1295.0,586.57,116.09,484.5,137.7,366.13,175.24,482.28,247.32,975.18,739.46,0.12499,0.56506,1.31603,0.87317,1186.0,1182.0,1092.0,780.0,781.0,714.0,389.0,391.0,399.0,0.91117,-0.41203,-0.75086,-0.66046,14,2019-05-17,21,1463.0,0.62511,test
2019-04-29,bci_value,884.0,6.78446,783.0,691.0,648.0,490.0,459.0,423.0,276.0,178.0,403.0,1116.0,647.29,141.79,527.93,159.28,382.17,198.36,478.42,239.05,961.08,728.89,0.12132,0.65541,1.16406,0.78552,1189.0,1186.0,1119.0,777.0,780.0,718.0,386.0,389.0,397.0,0.8887,-0.45849,-0.81492,-0.57958,14,2019-05-20,21,1470.0,0.50856,test
2019-04-30,bci_value,1276.0,7.15149,884.0,783.0,691.0,572.0,463.0,418.0,312.0,167.0,520.0,1014.0,763.43,241.31,596.79,239.31,407.37,254.38,482.78,250.9,951.03,718.17,0.36703,1.01376,1.40848,0.89766,1188.0,1189.0,1147.0,768.0,777.0,726.0,384.0,386.0,394.0,0.88068,-0.47371,-0.83437,-0.5512,14,2019-05-21,21,1501.0,0.1624,test
2019-05-01,bci_value,1389.0,7.23634,1276.0,884.0,783.0,648.0,490.0,445.0,375.0,150.0,476.0,984.0,891.86,294.9,669.21,305.52,437.8,309.43,489.53,269.08,939.99,703.56,0.08485,1.04193,1.30941,1.07092,1187.0,1188.0,1162.0,763.0,768.0,732.0,386.0,384.0,390.0,0.8724,-0.48879,-0.85284,-0.52218,14,2019-05-22,21,1537.0,0.10125,test
2019-05-02,bci_value,1420.0,7.25841,1389.0,1276.0,884.0,691.0,572.0,459.0,428.0,122.0,421.0,972.0,1013.0,312.28,740.07,352.74,471.1,356.07,497.0,287.92,928.73,687.51,0.02207,0.90927,1.19929,1.21578,1189.0,1187.0,1171.0,755.0,763.0,751.0,384.0,386.0,391.0,0.86387,-0.50372,-0.87029,-0.49253,14,2019-05-23,21,1558.0,0.09275,test
2019-05-03,bci_value,1290.0,7.1624,1420.0,1389.0,1276.0,783.0,648.0,463.0,423.0,92.0,399.0,929.0,1104.71,284.67,802.0,367.44,500.8,384.82,503.02,300.39,916.48,670.93,-0.09601,0.68851,1.11503,1.17344,1190.0,1189.0,1177.0,752.0,755.0,773.0,382.0,384.0,392.0,0.85507,-0.51851,-0.88672,-0.4623,14,2019-05-24,21,1545.0,0.18038,test
2019-05-07,bci_value,1119.0,7.02019,1290.0,1420.0,1389.0,884.0,691.0,490.0,418.0,104.0,288.0,846.0,1165.86,229.95,852.07,359.37,528.5,398.18,507.57,307.53,903.76,655.94,-0.14221,0.48205,0.98471,1.35723,1189.0,1190.0,1182.0,761.0,752.0,781.0,382.0,382.0,391.0,0.8174,-0.57607,-0.94176,-0.33629,14,2019-05-28,21,1585.0,0.34815,test
2019-05-08,bci_value,1159.0,7.05531,1119.0,1290.0,1420.0,1276.0,783.0,572.0,445.0,210.0,251.0,792.0,1219.57,170.47,903.07,348.48,558.77,410.26,513.68,316.64,893.62,644.78,0.03512,0.39218,0.95724,1.52986,1188.0,1189.0,1186.0,770.0,761.0,780.0,382.0,382.0,389.0,0.80737,-0.59004,-0.95277,-0.3037,14,2019-05-29,21,1659.0,0.35866,test
2019-05-09,bci_value,1270.0,7.14677,1159.0,1119.0,1290.0,1389.0,884.0,648.0,459.0,276.0,230.0,736.0,1274.71,101.46,961.0,337.07,593.43,424.7,522.58,329.99,886.48,636.96,0.09146,0.36232,1.01772,1.70869,1193.0,1188.0,1189.0,776.0,770.0,777.0,382.0,382.0,386.0,0.7971,-0.60385,-0.96265,-0.27074,14,2019-05-30,21,1623.0,0.24526,test
2019-05-10,bci_value,1371.0,7.2233,1270.0,1159.0,1119.0,1420.0,1276.0,691.0,463.0,312.0,190.0,711.0,1288.29,106.93,1025.86,322.03,632.8,439.94,533.58,346.67,880.54,629.89,0.07652,0.07181,1.08557,1.97627,1198.0,1193.0,1188.0,779.0,776.0,768.0,382.0,382.0,384.0,0.7866,-0.61747,-0.9714,-0.23747,14,2019-05-31,21,1620.0,0.16689,test
2019-05-13,bci_value,1405.0,7.24779,1371.0,1270.0,1159.0,1290.0,1389.0,783.0,490.0,375.0,178.0,707.0,1290.57,109.21,1091.21,298.64,673.7,452.61,545.22,363.59,874.08,621.43,0.0245,0.01145,1.05339,2.06601,1211.0,1198.0,1187.0,782.0,779.0,763.0,382.0,382.0,386.0,0.7537,-0.65722,-0.99069,-0.13612,14,2019-06-03,21,1650.0,0.16074,test
2019-05-14,bci_value,1462.0,7.28756,1405.0,1371.0,1270.0,1119.0,1420.0,884.0,572.0,428.0,167.0,729.0,1296.57,117.03,1154.79,275.16,716.87,463.84,557.43,381.43,868.51,613.85,0.03977,0.02915,0.93842,2.16957,1229.0,1211.0,1189.0,783.0,782.0,755.0,381.0,382.0,384.0,0.74228,-0.67009,-0.99479,-0.10196,14,2019-06-04,21,1739.0,0.1735,test
2019-05-15,bci_value,1417.0,7.2563,1462.0,1405.0,1371.0,1159.0,1290.0,1276.0,648.0,423.0,150.0,727.0,1314.71,124.23,1209.71,243.43,759.1,467.97,568.93,396.48,862.0,604.83,-0.03126,0.0939,0.78241,2.24566,1243.0,1229.0,1190.0,784.0,783.0,752.0,381.0,381.0,382.0,0.73064,-0.68276,-0.99771,-0.06768,14,2019-06-05,21,1806.0,0.24257,test
2019-05-16,bci_value,1428.0,7.26403,1417.0,1462.0,1405.0,1270.0,1119.0,1389.0,691.0,418.0,122.0,713.0,1358.86,99.22,1262.36,201.68,802.63,467.42,580.85,411.1,855.47,595.43,0.00773,0.24384,0.72589,2.46001,1252.0,1243.0,1189.0,783.0,784.0,761.0,383.0,381.0,382.0,0.71879,-0.69523,-0.99944,-0.03332,14,2019-06-06,21,1826.0,0.24585,test
2019-05-17,bci_value,1463.0,7.28824,1428.0,1417.0,1462.0,1371.0,1159.0,1420.0,783.0,445.0,92.0,650.0,1402.29,61.66,1310.93,157.41,848.33,462.71,594.4,426.28,848.2,583.87,0.02421,0.23293,0.62511,2.76646,1255.0,1252.0,1188.0,780.0,783.0,770.0,385.0,383.0,382.0,0.70673,-0.70749,-1.0,0.00108,14,2019-06-07,21,1862.0,0.24116,test
2019-05-20,bci_value,1470.0,7.29302,1463.0,1428.0,1417.0,1405.0,1270.0,1290.0,884.0,459.0,104.0,578.0,1430.86,33.78,1352.79,108.69,893.87,454.36,609.27,440.76,841.44,573.01,0.00477,0.14625,0.50856,2.64863,1256.0,1255.0,1193.0,778.0,780.0,776.0,386.0,385.0,382.0,0.66929,-0.743,-0.99457,0.1041,14,2019-06-10,21,1848.0,0.22884,test
2019-05-21,bci_value,1501.0,7.31389,1470.0,1463.0,1428.0,1462.0,1371.0,1119.0,1276.0,463.0,210.0,570.0,1449.43,31.42,1368.86,112.71,936.9,448.65,624.78,455.25,836.04,564.42,0.02087,0.09059,0.1624,1.96678,1258.0,1256.0,1198.0,777.0,778.0,779.0,388.0,386.0,382.0,0.65641,-0.7544,-0.9904,0.13825,14,2019-06-11,21,1798.0,0.18054,test
2019-05-22,bci_value,1537.0,7.33759,1501.0,1470.0,1463.0,1417.0,1405.0,1159.0,1389.0,490.0,276.0,545.0,1468.29,38.01,1379.43,120.75,978.93,443.81,641.32,469.83,831.28,556.61,0.0237,0.0898,0.10125,1.71719,1268.0,1258.0,1211.0,778.0,777.0,782.0,389.0,388.0,382.0,0.64334,-0.76558,-0.98506,0.17224,14,2019-06-12,21,1746.0,0.12749,test
2019-05-23,bci_value,1558.0,7.35116,1537.0,1501.0,1470.0,1428.0,1462.0,1270.0,1420.0,572.0,312.0,520.0,1482.0,49.0,1389.29,129.01,1020.47,437.71,658.62,483.94,826.9,549.28,0.01357,0.0636,0.09275,1.60816,1287.0,1268.0,1229.0,779.0,778.0,783.0,391.0,389.0,381.0,0.63007,-0.77654,-0.97855,0.20602,14,2019-06-13,21,1718.0,0.09776,test
2019-05-24,bci_value,1545.0,7.34278,1558.0,1537.0,1501.0,1463.0,1417.0,1371.0,1290.0,648.0,375.0,522.0,1500.29,45.06,1407.5,131.68,1059.47,430.53,675.67,496.68,823.72,544.27,-0.00838,0.08648,0.18038,1.41585,1304.0,1287.0,1243.0,778.0,779.0,784.0,393.0,391.0,381.0,0.61662,-0.78726,-0.97088,0.23956,14,2019-06-14,21,1800.0,0.15276,test
2019-05-28,bci_value,1585.0,7.36834,1545.0,1558.0,1537.0,1470.0,1428.0,1405.0,1119.0,691.0,428.0,500.0,1522.71,42.5,1440.79,111.97,1098.03,424.0,693.75,509.54,821.91,541.45,0.02556,0.10431,0.34815,1.30922,1322.0,1304.0,1252.0,771.0,778.0,783.0,394.0,393.0,383.0,0.56103,-0.82779,-0.92884,0.37048,14,2019-06-17,20,1826.0,0.14154,test
2019-05-29,bci_value,1659.0,7.41397,1585.0,1545.0,1558.0,1501.0,1463.0,1462.0,1159.0,783.0,423.0,459.0,1550.71,56.27,1476.5,94.83,1139.23,416.39,713.75,523.3,819.59,537.39,0.04563,0.12573,0.35866,1.3666,1337.0,1322.0,1255.0,763.0,771.0,780.0,395.0,394.0,385.0,0.54671,-0.83732,-0.91555,0.40221,14,2019-06-18,20,1956.0,0.16469,test
2019-05-30,bci_value,1623.0,7.39203,1659.0,1585.0,1545.0,1537.0,1470.0,1417.0,1270.0,884.0,418.0,383.0,1572.57,50.04,1501.71,82.72,1179.4,402.78,734.42,534.2,814.99,528.66,-0.02194,0.09901,0.24526,1.35655,1340.0,1337.0,1256.0,756.0,763.0,778.0,397.0,395.0,386.0,0.53223,-0.8466,-0.90117,0.43347,14,2019-06-19,20,2051.0,0.23405,test
2019-05-31,bci_value,1620.0,7.39018,1623.0,1659.0,1585.0,1558.0,1501.0,1428.0,1371.0,1276.0,445.0,355.0,1589.57,42.48,1519.5,79.41,1218.57,386.25,755.5,543.69,810.5,520.01,-0.00185,0.07629,0.16689,1.29211,1335.0,1340.0,1258.0,752.0,756.0,777.0,398.0,397.0,388.0,0.51759,-0.85563,-0.88572,0.46421,14,2019-06-20,20,2080.0,0.24994,test
2019-06-03,bci_value,1650.0,7.40853,1620.0,1623.0,1659.0,1545.0,1537.0,1463.0,1405.0,1389.0,459.0,299.0,1605.71,40.88,1537.0,79.24,1258.27,366.86,778.02,552.23,807.81,515.02,0.01835,0.07094,0.16074,1.27948,1325.0,1335.0,1268.0,748.0,752.0,778.0,401.0,398.0,389.0,0.47276,-0.88119,-0.83318,0.553,14,2019-06-21,18,2278.0,0.32252,test
2019-06-04,bci_value,1739.0,7.46107,1650.0,1620.0,1623.0,1585.0,1558.0,1470.0,1462.0,1420.0,463.0,270.0,1631.57,56.7,1556.79,91.66,1300.8,345.54,802.5,561.65,807.41,514.28,0.05253,0.10991,0.1735,1.32334,1304.0,1325.0,1287.0,739.0,748.0,779.0,403.0,401.0,391.0,0.45753,-0.88919,-0.81367,0.58133,14,2019-06-24,20,2363.0,0.30662,test
2019-06-05,bci_value,1806.0,7.49887,1739.0,1650.0,1620.0,1659.0,1545.0,1501.0,1417.0,1290.0,490.0,236.0,1668.86,71.42,1584.57,103.29,1344.67,322.6,828.67,571.14,808.3,515.93,0.0378,0.15609,0.24257,1.30446,1285.0,1304.0,1304.0,731.0,739.0,778.0,405.0,403.0,393.0,0.44217,-0.89693,-0.79319,0.60897,14,2019-06-25,20,2389.0,0.27976,test
2019-06-06,bci_value,1826.0,7.50988,1806.0,1739.0,1650.0,1623.0,1585.0,1537.0,1428.0,1119.0,572.0,235.0,1703.29,80.24,1613.0,110.79,1386.47,300.24,855.18,579.83,809.37,517.93,0.01101,0.14154,0.24585,1.16074,1246.0,1285.0,1322.0,726.0,731.0,771.0,408.0,405.0,394.0,0.42667,-0.90441,-0.77177,0.6359,14,2019-06-26,20,2440.0,0.28987,test
2019-06-07,bci_value,1862.0,7.52941,1826.0,1806.0,1739.0,1620.0,1659.0,1558.0,1463.0,1159.0,648.0,250.0,1732.29,94.42,1641.5,119.51,1426.93,279.05,882.05,588.44,811.93,522.55,0.01952,0.11544,0.24116,1.05552,1213.0,1246.0,1337.0,719.0,726.0,763.0,412.0,408.0,395.0,0.41105,-0.91161,-0.74944,0.66207,14,2019-06-27,20,2465.0,0.28054,test
2019-06-10,bci_value,1848.0,7.52186,1862.0,1826.0,1806.0,1650.0,1623.0,1545.0,1470.0,1270.0,691.0,278.0,1764.43,89.94,1668.5,120.41,1465.5,253.45,908.22,595.86,815.71,528.76,-0.00755,0.12983,0.22884,0.98372,1187.0,1213.0,1340.0,717.0,719.0,756.0,411.0,412.0,397.0,0.36348,-0.9316,-0.67724,0.73576,14,2019-06-28,18,2488.0,0.29738,test
2019-06-11,bci_value,1798.0,7.49443,1848.0,1862.0,1826.0,1739.0,1620.0,1585.0,1501.0,1371.0,783.0,327.0,1789.86,68.0,1689.71,115.08,1499.33,226.39,932.73,601.68,821.3,536.4,-0.02743,0.10425,0.18054,0.8313,1166.0,1187.0,1335.0,714.0,717.0,752.0,414.0,411.0,398.0,0.3474,-0.93772,-0.65153,0.75862,14,2019-07-01,20,2557.0,0.35216,test
2019-06-12,bci_value,1746.0,7.46508,1798.0,1848.0,1862.0,1806.0,1650.0,1659.0,1537.0,1405.0,884.0,403.0,1803.57,43.77,1704.64,107.61,1528.07,199.58,955.12,606.52,828.3,544.25,-0.02935,0.05655,0.12749,0.68063,1149.0,1166.0,1325.0,712.0,714.0,748.0,416.0,414.0,401.0,0.33122,-0.94355,-0.62505,0.78058,14,2019-07-02,20,2717.0,0.4422,test
2019-06-13,bci_value,1718.0,7.44892,1746.0,1798.0,1848.0,1826.0,1739.0,1623.0,1558.0,1462.0,1276.0,520.0,1800.57,48.55,1716.07,99.63,1542.8,196.72,975.08,611.56,836.12,551.87,-0.01617,-0.01215,0.09776,0.29743,1137.0,1149.0,1304.0,710.0,712.0,739.0,419.0,416.0,403.0,0.31494,-0.94911,-0.59783,0.80162,14,2019-07-03,20,2939.0,0.53691,test
2019-06-14,bci_value,1800.0,7.49554,1718.0,1746.0,1798.0,1862.0,1806.0,1620.0,1545.0,1417.0,1389.0,476.0,1799.71,48.5,1734.29,89.48,1556.5,199.82,997.15,617.02,845.19,560.86,0.04663,-0.00333,0.15276,0.2592,1131.0,1137.0,1285.0,716.0,710.0,731.0,420.0,419.0,405.0,0.29857,-0.95439,-0.5699,0.82171,14,2019-07-04,20,3298.0,0.60553,test
2019-06-17,bci_value,1826.0,7.50988,1800.0,1718.0,1746.0,1848.0,1826.0,1650.0,1585.0,1428.0,1420.0,421.0,1799.71,48.5,1751.5,81.98,1570.03,203.83,1020.57,621.35,854.68,570.07,0.01434,0.0,0.14154,0.25147,1125.0,1131.0,1246.0,720.0,716.0,726.0,422.0,420.0,408.0,0.24894,-0.96852,-0.48221,0.87606,14,2019-07-05,18,3346.0,0.60564,test
2019-06-18,bci_value,1956.0,7.57866,1826.0,1800.0,1718.0,1798.0,1862.0,1739.0,1659.0,1463.0,1290.0,399.0,1813.14,71.47,1772.71,92.98,1592.23,208.34,1046.52,627.34,866.09,581.61,0.06877,0.04925,0.16469,0.41626,1117.0,1125.0,1213.0,728.0,720.0,719.0,428.0,422.0,412.0,0.23224,-0.97266,-0.45179,0.89213,14,2019-07-08,20,3260.0,0.51083,test
2019-06-19,bci_value,2051.0,7.62608,1956.0,1826.0,1800.0,1746.0,1848.0,1806.0,1623.0,1470.0,1119.0,288.0,1842.14,110.34,1803.29,107.9,1623.3,204.91,1075.9,632.39,879.48,594.71,0.04743,0.10422,0.23405,0.60589,1110.0,1117.0,1187.0,736.0,728.0,717.0,432.0,428.0,411.0,0.21548,-0.97651,-0.42083,0.90714,14,2019-07-09,20,3343.0,0.48854,test
2019-06-20,bci_value,2080.0,7.64012,2051.0,1956.0,1826.0,1718.0,1798.0,1826.0,1620.0,1501.0,1159.0,251.0,1882.43,135.48,1836.14,116.76,1654.0,202.02,1106.38,635.96,893.79,607.79,0.01404,0.14569,0.24994,0.58481,1101.0,1110.0,1166.0,743.0,736.0,714.0,437.0,432.0,414.0,0.19865,-0.98007,-0.38938,0.92108,14,2019-07-10,20,3361.0,0.47987,test
2019-06-21,bci_value,2278.0,7.73105,2080.0,2051.0,1956.0,1800.0,1746.0,1862.0,1650.0,1537.0,1270.0,230.0,1958.43,179.65,1881.0,151.96,1687.6,218.51,1140.52,642.93,910.92,624.6,0.09093,0.26597,0.32252,0.58428,1096.0,1101.0,1149.0,751.0,743.0,712.0,440.0,437.0,416.0,0.18176,-0.98334,-0.35746,0.93393,14,2019-07-11,20,3416.0,0.40517,test
2019-06-24,bci_value,2363.0,7.76769,2278.0,2080.0,2051.0,1826.0,1718.0,1848.0,1739.0,1558.0,1371.0,190.0,2050.57,197.25,1925.57,190.42,1720.67,241.91,1176.73,649.54,929.28,642.47,0.03663,0.31877,0.30662,0.54439,1111.0,1096.0,1137.0,756.0,751.0,710.0,442.0,440.0,419.0,0.13079,-0.99141,-0.25934,0.96579,14,2019-07-12,18,3541.0,0.40448,test
2019-06-25,bci_value,2389.0,7.77863,2363.0,2278.0,2080.0,1956.0,1800.0,1798.0,1806.0,1545.0,1405.0,178.0,2134.71,198.04,1967.21,221.01,1753.47,262.7,1213.58,654.53,947.97,659.96,0.01094,0.28309,0.27976,0.53084,1150.0,1111.0,1131.0,765.0,756.0,716.0,442.0,442.0,420.0,0.11372,-0.99351,-0.22596,0.97414,14,2019-07-15,20,3724.0,0.44392,test
2019-06-26,bci_value,2440.0,7.79975,2389.0,2363.0,2278.0,2051.0,1826.0,1746.0,1826.0,1585.0,1462.0,167.0,2222.43,176.71,2011.07,247.91,1786.07,284.3,1251.47,658.62,966.98,677.78,0.02112,0.28987,0.28987,0.51219,1191.0,1150.0,1125.0,774.0,765.0,720.0,442.0,442.0,422.0,0.09661,-0.99532,-0.19232,0.98133,14,2019-07-16,20,3968.0,0.48626,test
2019-06-27,bci_value,2465.0,7.80995,2440.0,2389.0,2363.0,2080.0,1956.0,1718.0,1862.0,1659.0,1417.0,150.0,2295.14,155.58,2054.14,269.7,1821.0,300.72,1290.05,660.77,986.29,695.21,0.01019,0.23129,0.28054,0.55365,1243.0,1191.0,1117.0,783.0,774.0,728.0,443.0,442.0,428.0,0.07948,-0.99684,-0.15845,0.98737,14,2019-07-17,20,4095.0,0.50757,test
2019-06-28,bci_value,2488.0,7.81923,2465.0,2440.0,2389.0,2278.0,2051.0,1800.0,1848.0,1623.0,1428.0,122.0,2357.57,130.79,2099.86,284.71,1856.33,314.43,1329.48,660.49,1006.01,712.14,0.00929,0.19315,0.29738,0.5552,1286.0,1243.0,1110.0,787.0,783.0,736.0,442.0,443.0,432.0,0.06232,-0.99806,-0.12439,0.99223,14,2019-07-18,20,4256.0,0.53685,test
2019-07-01,bci_value,2557.0,7.84659,2488.0,2465.0,2440.0,2363.0,2080.0,1826.0,1798.0,1620.0,1463.0,92.0,2425.71,84.48,2154.07,294.17,1892.8,329.76,1370.57,658.9,1027.2,729.4,0.02736,0.20647,0.35216,0.55835,1317.0,1286.0,1101.0,792.0,787.0,743.0,441.0,442.0,437.0,0.01075,-0.99994,-0.0215,0.99977,14,2019-07-19,18,4379.0,0.53799,test
2019-07-02,bci_value,2717.0,7.90728,2557.0,2488.0,2465.0,2389.0,2278.0,1956.0,1746.0,1650.0,1470.0,104.0,2488.43,110.49,2223.43,304.08,1934.37,351.71,1414.12,660.1,1050.97,748.96,0.06069,0.17623,0.4422,0.61427,1370.0,1317.0,1096.0,796.0,792.0,751.0,439.0,441.0,440.0,-0.00645,-0.99998,0.0129,0.99992,14,2019-07-22,20,4438.0,0.49068,test
2019-07-03,bci_value,2939.0,7.98582,2717.0,2557.0,2488.0,2440.0,2363.0,2051.0,1718.0,1739.0,1501.0,210.0,2570.71,179.42,2310.64,321.23,1982.3,385.73,1459.6,669.52,1077.29,772.84,0.07854,0.21814,0.53691,0.67194,1433.0,1370.0,1111.0,803.0,796.0,756.0,440.0,439.0,442.0,-0.02365,-0.99972,0.04729,0.99888,14,2019-07-23,20,4315.0,0.38403,test
2019-07-04,bci_value,3298.0,8.10107,2939.0,2717.0,2557.0,2465.0,2389.0,2080.0,1800.0,1806.0,1537.0,276.0,2700.57,293.56,2417.64,377.82,2041.0,443.21,1509.97,691.88,1107.88,804.98,0.11525,0.32244,0.60553,0.76348,1569.0,1433.0,1150.0,814.0,803.0,765.0,443.0,440.0,442.0,-0.04084,-0.99917,0.08162,0.99666,14,2019-07-24,20,3808.0,0.14379,test
2019-07-05,bci_value,3346.0,8.11552,3298.0,2939.0,2717.0,2488.0,2440.0,2278.0,1826.0,1826.0,1558.0,312.0,2830.0,345.3,2526.21,409.29,2100.6,491.8,1560.53,713.02,1139.28,835.96,0.01445,0.31577,0.60564,0.76436,1665.0,1569.0,1191.0,820.0,814.0,774.0,448.0,443.0,442.0,-0.05803,-0.99832,0.11586,0.99327,14,2019-07-25,20,3609.0,0.07567,test
2019-07-08,bci_value,3260.0,8.08948,3346.0,3298.0,2939.0,2557.0,2465.0,2363.0,1956.0,1862.0,1545.0,375.0,2943.57,337.22,2619.36,417.23,2157.77,522.61,1608.62,728.56,1169.7,862.35,-0.02604,0.27954,0.51083,0.7467,1695.0,1665.0,1243.0,829.0,820.0,783.0,454.0,448.0,443.0,-0.10945,-0.99399,0.21758,0.97604,14,2019-07-26,18,3647.0,0.11218,test
2019-07-09,bci_value,3343.0,8.11462,3260.0,3346.0,3298.0,2717.0,2488.0,2389.0,2051.0,1848.0,1585.0,428.0,3065.71,303.22,2711.64,424.14,2216.37,552.79,1657.2,745.22,1201.29,888.9,0.02514,0.29539,0.48854,0.74628,1739.0,1695.0,1286.0,835.0,829.0,787.0,458.0,454.0,442.0,-0.12653,-0.99196,0.25102,0.96798,14,2019-07-29,20,3660.0,0.09059,test
2019-07-10,bci_value,3361.0,8.11999,3343.0,3260.0,3346.0,2939.0,2557.0,2440.0,2080.0,1798.0,1659.0,423.0,3180.57,232.89,2803.14,416.1,2273.1,579.37,1706.17,758.91,1233.53,913.68,0.00537,0.2734,0.47987,0.70602,1791.0,1739.0,1317.0,845.0,835.0,792.0,463.0,458.0,441.0,-0.14357,-0.98964,0.28417,0.95877,14,2019-07-30,20,3664.0,0.08632,test
2019-07-11,bci_value,3416.0,8.13623,3361.0,3343.0,3260.0,3298.0,2717.0,2465.0,2278.0,1746.0,1623.0,418.0,3280.43,146.57,2884.43,416.73,2332.87,601.3,1756.13,771.05,1267.23,937.31,0.01623,0.22894,0.40517,0.74419,1881.0,1791.0,1370.0,860.0,845.0,796.0,468.0,463.0,439.0,-0.16057,-0.98702,0.31698,0.94843,14,2019-07-31,20,3657.0,0.06817,test
