origin_date,target_index,current_known_level,log_level,lag_1,lag_2,lag_3,lag_5,lag_7,lag_10,lag_14,lag_21,lag_30,lag_60,rolling_mean_7,rolling_std_7,rolling_mean_14,rolling_std_14,rolling_mean_30,rolling_std_30,rolling_mean_60,rolling_std_60,rolling_mean_90,rolling_std_90,log_return_1,log_return_7,log_return_14,log_return_30,bci_lag_0,bci_lag_1,bci_lag_7,bsi_lag_0,bsi_lag_1,bsi_lag_7,bhsi_lag_0,bhsi_lag_1,bhsi_lag_7,fourier_sin_1,fourier_cos_1,fourier_sin_2,fourier_cos_2,horizon_sessions,target_date,calendar_days_elapsed,target_value,target_log_return,split_set
2012-12-06,bpi_value,940.0,6.84588,949.0,962.0,973.0,994.0,1023.0,991.0,886.0,737.0,811.0,527.0,972.43,22.58,975.21,34.82,867.1,108.87,754.17,191.19,756.44,168.8,-0.00953,-0.08461,0.05916,0.14761,1897.0,2000.0,2275.0,771.0,772.0,724.0,446.0,446.0,438.0,-0.40516,0.91424,-0.74084,0.67168,60,2013-03-08,92,1124.0,0.17877,train
2012-12-07,bpi_value,936.0,6.84162,940.0,949.0,962.0,980.0,1009.0,1013.0,902.0,726.0,804.0,502.0,962.0,19.99,977.64,30.55,871.5,108.9,761.4,189.71,756.5,168.85,-0.00426,-0.0751,0.037,0.15202,1832.0,1897.0,2275.0,768.0,771.0,732.0,447.0,446.0,442.0,-0.38938,0.92108,-0.7173,0.69677,60,2013-03-11,94,1128.0,0.18659,train
2012-12-10,bpi_value,928.0,6.83303,936.0,940.0,949.0,973.0,994.0,1021.0,933.0,722.0,799.0,483.0,952.57,18.16,977.29,31.1,875.8,108.49,768.82,187.37,756.7,169.05,-0.00858,-0.06871,-0.00537,0.14967,1762.0,1832.0,2241.0,765.0,768.0,742.0,447.0,447.0,446.0,-0.34135,0.93994,-0.64169,0.76697,60,2013-03-12,92,1131.0,0.19783,train
2012-12-11,bpi_value,914.0,6.81783,928.0,936.0,940.0,962.0,980.0,1023.0,963.0,720.0,792.0,474.0,943.14,18.6,973.79,35.02,879.87,107.56,776.15,184.27,756.97,169.27,-0.0152,-0.06972,-0.05222,0.14327,1652.0,1762.0,2199.0,760.0,765.0,751.0,447.0,447.0,448.0,-0.32513,0.94567,-0.61493,0.78858,60,2013-03-13,92,1138.0,0.2192,train
2012-12-12,bpi_value,894.0,6.79571,914.0,928.0,936.0,949.0,973.0,1009.0,991.0,732.0,782.0,468.0,931.86,20.88,966.86,40.15,883.6,106.03,783.25,180.43,757.26,169.49,-0.02212,-0.08468,-0.10301,0.13385,1446.0,1652.0,2166.0,751.0,760.0,760.0,444.0,447.0,448.0,-0.30881,0.95112,-0.58744,0.80927,60,2013-03-14,92,1147.0,0.2492,train
2012-12-13,bpi_value,871.0,6.76964,894.0,914.0,928.0,940.0,962.0,994.0,1013.0,774.0,770.0,468.0,918.86,25.81,956.71,44.87,886.97,103.95,789.97,176.01,757.6,169.69,-0.02606,-0.09937,-0.15103,0.12325,1407.0,1446.0,2095.0,751.0,751.0,766.0,443.0,444.0,447.0,-0.29241,0.95629,-0.55925,0.829,60,2013-03-15,92,1162.0,0.28826,train
2012-12-14,bpi_value,839.0,6.73221,871.0,894.0,914.0,936.0,949.0,980.0,1021.0,846.0,766.0,467.0,903.14,34.65,943.71,50.38,889.4,101.93,796.17,171.01,757.78,169.76,-0.03743,-0.1232,-0.19633,0.09103,1440.0,1407.0,2000.0,748.0,751.0,772.0,443.0,443.0,446.0,-0.27591,0.96118,-0.53041,0.84774,60,2013-03-18,94,1172.0,0.33426,train
2012-12-17,bpi_value,815.0,6.70319,839.0,871.0,894.0,928.0,940.0,973.0,1023.0,886.0,757.0,461.0,885.29,42.4,928.86,55.25,891.33,99.93,802.07,165.36,757.79,169.77,-0.02902,-0.14269,-0.22731,0.07382,1403.0,1440.0,1897.0,746.0,748.0,771.0,444.0,443.0,446.0,-0.22596,0.97414,-0.44024,0.89788,60,2013-03-19,92,1184.0,0.37347,train
2012-12-18,bpi_value,793.0,6.67582,815.0,839.0,871.0,914.0,936.0,962.0,1009.0,902.0,747.0,441.0,864.86,47.22,913.43,60.61,892.87,98.04,807.93,158.55,757.67,169.74,-0.02736,-0.16579,-0.24089,0.05976,1315.0,1403.0,1832.0,745.0,746.0,768.0,444.0,444.0,447.0,-0.20917,0.97788,-0.40909,0.91249,60,2013-03-20,92,1190.0,0.40589,train
2012-12-19,bpi_value,765.0,6.63988,793.0,815.0,839.0,894.0,928.0,949.0,994.0,933.0,737.0,426.0,841.57,50.42,897.07,67.2,893.8,96.67,813.58,150.68,757.24,169.67,-0.03595,-0.19316,-0.26186,0.03729,1233.0,1315.0,1762.0,742.0,745.0,765.0,444.0,444.0,447.0,-0.19232,0.98133,-0.37746,0.92602,60,2013-03-21,92,1202.0,0.45187,train
2012-12-20,bpi_value,734.0,6.59851,765.0,793.0,815.0,871.0,914.0,940.0,980.0,963.0,726.0,418.0,815.86,52.77,879.5,74.94,894.07,96.22,818.85,142.04,756.5,169.62,-0.04137,-0.21932,-0.28904,0.01096,1226.0,1233.0,1652.0,738.0,742.0,760.0,445.0,444.0,447.0,-0.17541,0.9845,-0.34539,0.93846,60,2013-03-22,92,1208.0,0.49821,train
2012-12-21,bpi_value,710.0,6.56526,734.0,765.0,793.0,839.0,894.0,936.0,973.0,991.0,722.0,425.0,789.57,53.12,860.71,81.8,893.67,96.96,823.6,133.28,755.49,169.63,-0.03324,-0.23044,-0.31512,-0.01676,1228.0,1226.0,1446.0,738.0,738.0,751.0,446.0,445.0,444.0,-0.15845,0.98737,-0.3129,0.94979,60,2013-03-25,94,1210.0,0.53311,train
2012-12-24,bpi_value,699.0,6.54965,710.0,734.0,765.0,815.0,871.0,928.0,962.0,1013.0,720.0,439.0,765.0,49.43,841.93,86.45,892.97,98.27,827.93,124.65,754.3,169.64,-0.01561,-0.21999,-0.31936,-0.0296,1235.0,1228.0,1407.0,735.0,738.0,751.0,447.0,446.0,443.0,-0.10731,0.99423,-0.21338,0.97697,60,2013-03-26,92,1204.0,0.54375,train
2013-01-02,bpi_value,685.0,6.52942,699.0,710.0,734.0,793.0,839.0,914.0,949.0,1021.0,732.0,463.0,743.0,45.73,823.07,89.76,891.4,101.16,831.63,116.81,752.81,169.66,-0.02023,-0.20279,-0.32599,-0.06636,1237.0,1235.0,1440.0,732.0,735.0,748.0,446.0,447.0,443.0,0.0344,0.99941,0.06876,0.99763,60,2013-03-27,84,1191.0,0.55313,train
2013-01-03,bpi_value,675.0,6.51471,685.0,699.0,710.0,765.0,815.0,894.0,940.0,1023.0,774.0,496.0,723.0,40.14,804.14,91.04,888.1,106.41,834.62,110.31,751.06,169.64,-0.01471,-0.18848,-0.33117,-0.13686,1254.0,1237.0,1403.0,737.0,732.0,746.0,447.0,446.0,444.0,0.05158,0.99867,0.10303,0.99468,60,2013-03-28,84,1176.0,0.55516,train
2013-01-04,bpi_value,670.0,6.50728,675.0,685.0,699.0,734.0,793.0,871.0,936.0,1009.0,846.0,544.0,705.43,31.68,785.14,89.28,882.23,113.21,836.72,105.87,749.13,169.56,-0.00743,-0.16855,-0.33434,-0.23324,1285.0,1254.0,1315.0,739.0,737.0,745.0,446.0,447.0,444.0,0.06876,0.99763,0.13719,0.99055,60,2013-04-02,88,1155.0,0.54458,train
2013-01-07,bpi_value,670.0,6.50728,670.0,675.0,685.0,710.0,765.0,839.0,928.0,994.0,886.0,598.0,691.86,22.18,766.71,84.38,875.03,119.44,837.92,103.54,747.24,169.49,0.0,-0.1326,-0.32575,-0.27944,1319.0,1285.0,1233.0,739.0,739.0,742.0,443.0,446.0,444.0,0.12013,0.99276,0.23851,0.97114,60,2013-04-03,86,1129.0,0.52181,train
2013-01-08,bpi_value,682.0,6.52503,670.0,670.0,675.0,699.0,734.0,815.0,914.0,980.0,902.0,647.0,684.43,14.03,750.14,76.22,867.7,124.21,838.5,102.55,745.62,169.41,0.01775,-0.07348,-0.2928,-0.27958,1386.0,1319.0,1226.0,739.0,739.0,738.0,442.0,443.0,445.0,0.13719,0.99055,0.27178,0.96236,60,2013-04-04,86,1106.0,0.48348,train
2013-01-09,bpi_value,717.0,6.57508,682.0,670.0,670.0,685.0,710.0,793.0,894.0,973.0,933.0,712.0,685.43,15.94,737.5,65.19,860.5,126.46,838.58,102.45,744.57,169.28,0.05005,0.00981,-0.22063,-0.26333,1384.0,1386.0,1228.0,740.0,739.0,738.0,443.0,442.0,446.0,0.1542,0.98804,0.30472,0.95244,60,2013-04-05,86,1094.0,0.42252,train
2013-01-10,bpi_value,754.0,6.62539,717.0,682.0,670.0,675.0,699.0,765.0,871.0,962.0,963.0,784.0,693.29,28.94,729.14,54.09,853.53,126.38,838.08,102.79,744.19,169.22,0.05032,0.07574,-0.14425,-0.24466,1367.0,1384.0,1235.0,741.0,740.0,735.0,443.0,443.0,447.0,0.17118,0.98524,0.3373,0.9414,60,2013-04-08,88,1084.0,0.36302,train
2013-01-11,bpi_value,772.0,6.64898,754.0,717.0,682.0,670.0,685.0,734.0,839.0,949.0,991.0,843.0,705.71,39.48,724.36,46.61,846.23,124.54,836.9,103.13,744.34,169.24,0.02359,0.11957,-0.08323,-0.24973,1367.0,1367.0,1237.0,743.0,741.0,732.0,448.0,443.0,446.0,0.1881,0.98215,0.36948,0.92924,60,2013-04-09,88,1077.0,0.33295,train
2013-01-14,bpi_value,774.0,6.65157,772.0,754.0,717.0,670.0,675.0,710.0,815.0,940.0,1013.0,871.0,719.86,43.47,721.43,41.87,838.27,121.22,835.28,103.35,744.78,169.27,0.00259,0.13686,-0.05162,-0.2691,1370.0,1367.0,1254.0,745.0,743.0,737.0,451.0,448.0,447.0,0.23851,0.97114,0.46326,0.88622,60,2013-04-10,86,1080.0,0.33314,train
2013-01-15,bpi_value,768.0,6.64379,774.0,772.0,754.0,682.0,670.0,699.0,793.0,936.0,1021.0,885.0,733.86,40.86,719.64,39.23,829.83,116.93,833.33,103.5,745.38,169.25,-0.00778,0.13651,-0.03203,-0.28475,1365.0,1370.0,1285.0,743.0,745.0,739.0,454.0,451.0,446.0,0.25518,0.96689,0.49347,0.86976,60,2013-04-11,86,1095.0,0.35472,train
2013-01-16,bpi_value,754.0,6.62539,768.0,774.0,772.0,717.0,670.0,685.0,765.0,928.0,1023.0,904.0,745.86,31.64,718.86,38.41,820.87,111.99,830.83,103.57,746.13,169.14,-0.0184,0.11811,-0.01448,-0.3051,1431.0,1365.0,1319.0,740.0,743.0,739.0,457.0,454.0,443.0,0.27178,0.96236,0.52309,0.85227,60,2013-04-12,86,1112.0,0.38852,train
2013-01-17,bpi_value,743.0,6.6107,754.0,768.0,774.0,754.0,682.0,675.0,734.0,914.0,1009.0,904.0,754.57,18.55,719.5,38.73,812.0,107.17,828.15,103.72,747.2,168.81,-0.0147,0.08567,0.01219,-0.30602,1573.0,1431.0,1386.0,738.0,740.0,739.0,464.0,457.0,442.0,0.28829,0.95754,0.5521,0.83378,60,2013-04-15,88,1125.0,0.41484,train
2013-01-18,bpi_value,740.0,6.60665,743.0,754.0,768.0,772.0,717.0,670.0,710.0,894.0,994.0,895.0,757.86,12.72,721.64,38.98,803.53,102.38,825.57,103.96,748.57,168.25,-0.00405,0.03157,0.04139,-0.29509,1605.0,1573.0,1384.0,735.0,738.0,740.0,470.0,464.0,443.0,0.30472,0.95244,0.58045,0.81429,60,2013-04-16,88,1143.0,0.43476,train
2013-01-21,bpi_value,736.0,6.60123,740.0,743.0,754.0,774.0,754.0,670.0,699.0,871.0,980.0,879.0,755.29,14.88,724.29,38.61,795.4,97.62,823.18,104.34,750.09,167.51,-0.00542,-0.02416,0.05158,-0.28632,1604.0,1605.0,1367.0,730.0,735.0,741.0,474.0,470.0,443.0,0.35344,0.93546,0.66126,0.75015,60,2013-04-17,86,1167.0,0.46096,train
2013-01-22,bpi_value,729.0,6.59167,736.0,740.0,743.0,768.0,772.0,682.0,685.0,839.0,973.0,861.0,749.14,15.57,727.43,37.04,787.27,92.52,820.98,104.91,751.72,166.58,-0.00956,-0.05731,0.06225,-0.28871,1577.0,1604.0,1367.0,728.0,730.0,743.0,477.0,474.0,448.0,0.36948,0.92924,0.68668,0.72696,60,2013-04-18,86,1180.0,0.4816,train
2013-01-23,bpi_value,727.0,6.58893,729.0,736.0,740.0,754.0,774.0,717.0,675.0,815.0,962.0,843.0,742.43,13.38,731.14,34.09,779.43,87.18,819.05,105.56,753.51,165.43,-0.00275,-0.06265,0.07421,-0.28009,1564.0,1577.0,1370.0,721.0,728.0,745.0,478.0,477.0,451.0,0.38541,0.92274,0.71128,0.70291,60,2013-04-19,86,1196.0,0.49781,train
2013-01-24,bpi_value,723.0,6.58341,727.0,729.0,736.0,743.0,768.0,754.0,670.0,793.0,949.0,825.0,736.0,9.91,734.93,29.75,771.9,81.81,817.35,106.27,755.49,163.99,-0.00552,-0.06038,0.07613,-0.272,1541.0,1564.0,1365.0,713.0,721.0,743.0,478.0,478.0,454.0,0.40123,0.91598,0.73503,0.67803,60,2013-04-22,88,1202.0,0.50833,train
2013-01-25,bpi_value,718.0,6.57647,723.0,727.0,729.0,740.0,754.0,772.0,670.0,765.0,940.0,811.0,730.86,8.48,738.36,24.35,764.5,76.11,815.8,107.02,757.61,162.24,-0.00694,-0.04892,0.06919,-0.26941,1520.0,1541.0,1431.0,712.0,713.0,740.0,475.0,478.0,457.0,0.41693,0.90894,0.75792,0.65235,60,2013-04-23,88,1193.0,0.50776,train
2013-01-28,bpi_value,713.0,6.56948,718.0,723.0,727.0,736.0,743.0,774.0,682.0,734.0,936.0,804.0,726.57,8.83,740.57,20.17,757.07,69.61,814.28,107.82,759.96,160.04,-0.00699,-0.04121,0.04445,-0.27213,1507.0,1520.0,1573.0,711.0,712.0,738.0,472.0,475.0,464.0,0.46326,0.88622,0.8211,0.57078,60,2013-04-24,86,1165.0,0.49099,train
2013-01-29,bpi_value,703.0,6.55536,713.0,718.0,723.0,729.0,740.0,768.0,717.0,710.0,928.0,799.0,721.29,10.18,739.57,21.61,749.57,62.55,812.68,108.74,762.4,157.45,-0.01412,-0.05129,-0.01972,-0.27767,1491.0,1507.0,1605.0,710.0,711.0,735.0,467.0,472.0,470.0,0.47843,0.87812,0.84025,0.5422,60,2013-04-25,86,1121.0,0.46662,train
2013-01-30,bpi_value,690.0,6.53669,703.0,713.0,718.0,727.0,736.0,754.0,754.0,699.0,914.0,792.0,714.71,13.01,735.0,24.63,742.1,55.44,810.98,109.85,764.8,154.66,-0.01867,-0.06454,-0.0887,-0.28114,1477.0,1491.0,1604.0,695.0,710.0,730.0,461.0,467.0,474.0,0.49347,0.86976,0.8584,0.51298,60,2013-04-26,86,1082.0,0.44987,train
2013-01-31,bpi_value,677.0,6.51767,690.0,703.0,713.0,723.0,729.0,743.0,772.0,685.0,894.0,782.0,707.29,16.98,728.21,26.52,734.87,48.92,809.23,111.12,767.12,151.73,-0.01902,-0.074,-0.13131,-0.27803,1468.0,1477.0,1577.0,688.0,695.0,728.0,455.0,461.0,477.0,0.50836,0.86115,0.87554,0.48315,60,2013-04-29,88,1058.0,0.44646,train
2013-02-01,bpi_value,664.0,6.49828,677.0,690.0,703.0,718.0,727.0,740.0,774.0,675.0,871.0,770.0,698.29,20.48,720.36,28.04,727.97,43.54,807.47,112.57,769.3,148.79,-0.01939,-0.09064,-0.15329,-0.27136,1454.0,1468.0,1564.0,684.0,688.0,721.0,449.0,455.0,478.0,0.52309,0.85227,0.89164,0.45274,60,2013-04-30,88,1028.0,0.43709,train
2013-02-04,bpi_value,653.0,6.48158,664.0,677.0,690.0,713.0,723.0,736.0,768.0,670.0,839.0,766.0,688.29,22.91,712.14,29.68,721.77,40.42,805.58,114.18,771.37,145.84,-0.01671,-0.10183,-0.16221,-0.25063,1461.0,1454.0,1541.0,682.0,684.0,713.0,444.0,449.0,478.0,0.56636,0.82416,0.93354,0.35847,60,2013-05-01,86,1018.0,0.44402,train
2013-02-05,bpi_value,651.0,6.47851,653.0,664.0,677.0,703.0,718.0,729.0,754.0,670.0,815.0,757.0,678.71,22.49,704.79,31.12,716.3,38.48,803.82,115.73,773.48,142.68,-0.00307,-0.09796,-0.14688,-0.22468,1466.0,1461.0,1520.0,681.0,682.0,712.0,438.0,444.0,475.0,0.58045,0.81429,0.94532,0.32614,60,2013-05-02,86,1010.0,0.4392,train
2013-02-06,bpi_value,657.0,6.48768,651.0,653.0,664.0,690.0,713.0,727.0,743.0,682.0,793.0,747.0,670.71,18.48,698.64,31.46,711.77,37.17,802.32,117.03,775.88,138.83,0.00917,-0.0818,-0.12301,-0.18814,1484.0,1466.0,1507.0,677.0,681.0,711.0,431.0,438.0,472.0,0.59438,0.80419,0.95598,0.29343,60,2013-05-03,86,1006.0,0.42605,train
2013-02-07,bpi_value,695.0,6.54391,657.0,651.0,653.0,677.0,703.0,723.0,740.0,717.0,765.0,737.0,669.57,16.59,695.43,29.29,709.43,35.93,801.62,117.54,778.87,134.08,0.05623,-0.01145,-0.06274,-0.09596,1481.0,1484.0,1491.0,674.0,677.0,710.0,425.0,431.0,467.0,0.60812,0.79384,0.96551,0.26038,60,2013-05-07,89,999.0,0.36284,train
2013-02-08,bpi_value,723.0,6.58341,695.0,657.0,651.0,664.0,690.0,718.0,736.0,754.0,734.0,726.0,674.29,24.52,694.5,28.18,709.07,35.73,801.57,117.57,782.26,128.66,0.0395,0.04672,-0.01782,-0.0151,1461.0,1481.0,1477.0,671.0,674.0,695.0,421.0,425.0,461.0,0.62169,0.78327,0.97389,0.22701,60,2013-05-08,89,995.0,0.31933,train
2013-02-11,bpi_value,737.0,6.60259,723.0,695.0,657.0,653.0,677.0,713.0,729.0,772.0,710.0,722.0,682.86,33.0,695.07,28.94,709.97,36.08,801.82,117.42,785.72,123.07,0.01918,0.08492,0.01091,0.03732,1453.0,1461.0,1468.0,669.0,671.0,688.0,418.0,421.0,455.0,0.66126,0.75015,0.9921,0.12546,60,2013-05-09,87,995.0,0.30015,train
2013-02-12,bpi_value,749.0,6.61874,737.0,723.0,695.0,651.0,664.0,703.0,727.0,774.0,699.0,720.0,695.0,38.93,696.64,31.15,711.63,36.68,802.3,117.14,789.17,117.53,0.01615,0.12046,0.02981,0.06909,1448.0,1453.0,1454.0,666.0,669.0,684.0,417.0,418.0,449.0,0.67407,0.73867,0.99583,0.09126,60,2013-05-10,87,994.0,0.283,train
2013-02-13,bpi_value,782.0,6.66185,749.0,737.0,723.0,657.0,653.0,690.0,723.0,768.0,685.0,732.0,713.43,44.78,700.86,37.72,714.87,38.43,803.13,116.82,792.71,112.34,0.04312,0.18028,0.07845,0.13244,1448.0,1448.0,1461.0,668.0,666.0,682.0,414.0,417.0,444.0,0.68668,0.72696,0.99838,0.05695,60,2013-05-13,89,993.0,0.23888,train
2013-02-14,bpi_value,808.0,6.69456,782.0,749.0,737.0,695.0,651.0,677.0,718.0,754.0,675.0,774.0,735.86,47.15,707.29,46.7,719.3,41.15,803.7,116.76,796.18,107.85,0.03271,0.21605,0.11809,0.17985,1429.0,1448.0,1466.0,664.0,668.0,681.0,412.0,414.0,438.0,0.69908,0.71504,0.99975,0.02258,60,2013-05-14,89,988.0,0.20112,train
2013-02-15,bpi_value,832.0,6.72383,808.0,782.0,749.0,723.0,657.0,664.0,713.0,743.0,670.0,846.0,760.86,45.06,715.79,56.72,724.7,44.79,803.47,116.68,799.38,104.54,0.02927,0.23615,0.15435,0.21655,1434.0,1429.0,1484.0,667.0,664.0,677.0,412.0,412.0,431.0,0.71128,0.70291,0.99993,-0.01183,60,2013-05-15,89,974.0,0.15758,train
2013-02-18,bpi_value,845.0,6.73934,832.0,808.0,782.0,737.0,695.0,653.0,703.0,740.0,670.0,886.0,782.29,44.3,725.93,65.54,730.53,48.53,802.78,116.32,802.12,102.44,0.0155,0.19542,0.18398,0.23206,1408.0,1434.0,1481.0,672.0,667.0,674.0,411.0,412.0,425.0,0.74659,0.66529,0.99339,-0.11479,60,2013-05-16,87,951.0,0.11818,train
2013-02-19,bpi_value,859.0,6.75577,845.0,832.0,808.0,749.0,723.0,651.0,690.0,736.0,682.0,902.0,801.71,43.86,738.0,72.95,736.43,52.84,802.07,115.84,804.48,101.28,0.01643,0.17236,0.21908,0.23074,1377.0,1408.0,1461.0,679.0,672.0,671.0,411.0,411.0,421.0,0.75792,0.65235,0.98885,-0.14889,60,2013-05-17,87,930.0,0.07942,train
2013-02-20,bpi_value,875.0,6.77422,859.0,845.0,832.0,782.0,737.0,657.0,677.0,729.0,717.0,933.0,821.43,41.28,752.14,78.72,741.7,58.24,801.1,114.98,806.29,101.06,0.01845,0.17164,0.25655,0.19915,1355.0,1377.0,1453.0,687.0,679.0,669.0,410.0,411.0,418.0,0.76903,0.63921,0.98315,-0.18282,60,2013-05-20,89,917.0,0.04688,train
2013-02-21,bpi_value,892.0,6.79347,875.0,859.0,845.0,808.0,749.0,695.0,664.0,727.0,754.0,963.0,841.86,35.34,768.43,82.3,746.3,64.17,799.92,113.66,807.49,101.43,0.01924,0.17473,0.29518,0.16807,1344.0,1355.0,1448.0,695.0,687.0,666.0,411.0,410.0,417.0,0.77991,0.62589,0.97628,-0.21653,60,2013-05-21,89,899.0,0.00782,train
2013-02-22,bpi_value,909.0,6.81235,892.0,875.0,859.0,832.0,782.0,723.0,653.0,723.0,772.0,991.0,860.0,32.43,786.71,83.06,750.87,70.41,798.55,111.84,808.22,101.92,0.01888,0.15049,0.33077,0.16336,1335.0,1344.0,1448.0,705.0,695.0,668.0,412.0,411.0,414.0,0.79056,0.61238,0.96825,-0.24998,60,2013-05-22,89,880.0,-0.03242,train
2013-02-25,bpi_value,922.0,6.82655,909.0,892.0,875.0,845.0,808.0,737.0,651.0,718.0,774.0,1013.0,876.29,30.82,806.07,80.72,755.8,76.76,797.03,109.51,808.79,102.41,0.0142,0.13198,0.34804,0.17497,1323.0,1335.0,1429.0,717.0,705.0,664.0,414.0,412.0,412.0,0.8211,0.57078,0.93734,-0.34841,60,2013-05-23,87,863.0,-0.06613,train
2013-02-26,bpi_value,939.0,6.84482,922.0,909.0,892.0,859.0,832.0,749.0,657.0,713.0,768.0,1021.0,891.57,31.59,826.21,76.06,761.5,83.51,795.67,107.2,809.39,103.01,0.01827,0.12098,0.35713,0.20103,1291.0,1323.0,1434.0,724.0,717.0,667.0,419.0,414.0,412.0,0.8308,0.55658,0.9248,-0.38045,60,2013-05-24,87,854.0,-0.09488,train
2013-02-27,bpi_value,961.0,6.86797,939.0,922.0,909.0,875.0,845.0,782.0,695.0,703.0,754.0,1023.0,908.14,33.19,845.21,74.11,768.4,90.83,794.63,105.28,810.02,103.77,0.02316,0.12864,0.32406,0.24258,1264.0,1291.0,1408.0,734.0,724.0,672.0,426.0,419.0,411.0,0.84025,0.5422,0.91117,-0.41203,60,2013-05-28,90,838.0,-0.13696,train
2013-02-28,bpi_value,990.0,6.8977,961.0,939.0,922.0,892.0,859.0,808.0,723.0,690.0,743.0,1009.0,926.86,36.93,864.29,74.56,776.63,98.98,794.32,104.66,810.98,105.02,0.02973,0.14194,0.3143,0.28701,1249.0,1264.0,1377.0,745.0,734.0,679.0,436.0,426.0,411.0,0.84945,0.52767,0.89646,-0.44313,60,2013-05-29,90,821.0,-0.18718,train
2013-03-01,bpi_value,1036.0,6.94312,990.0,961.0,939.0,909.0,875.0,832.0,737.0,677.0,740.0,994.0,949.86,46.39,885.64,77.79,786.5,109.08,795.02,106.13,812.54,107.28,0.04542,0.1689,0.34053,0.33647,1243.0,1249.0,1355.0,764.0,745.0,687.0,447.0,436.0,410.0,0.8584,0.51298,0.88068,-0.47371,60,2013-05-30,90,806.0,-0.25104,train
2013-03-04,bpi_value,1058.0,6.96414,1036.0,990.0,961.0,922.0,892.0,845.0,749.0,664.0,736.0,980.0,973.57,52.75,907.71,79.71,797.23,118.98,796.32,108.83,814.53,110.12,0.02101,0.17067,0.3454,0.36291,1239.0,1243.0,1344.0,781.0,764.0,695.0,454.0,447.0,411.0,0.88372,0.46802,0.82719,-0.56192,60,2013-05-31,88,795.0,-0.28579,train
2013-03-05,bpi_value,1080.0,6.98472,1058.0,1036.0,990.0,939.0,909.0,859.0,782.0,653.0,729.0,973.0,998.0,56.64,929.0,83.01,808.93,128.56,798.1,112.52,816.97,113.49,0.02058,0.17237,0.32286,0.39304,1246.0,1239.0,1335.0,801.0,781.0,705.0,466.0,454.0,412.0,0.89164,0.45274,0.80737,-0.59004,60,2013-06-03,90,786.0,-0.31776,train
2013-03-06,bpi_value,1090.0,6.99393,1080.0,1058.0,1036.0,961.0,922.0,875.0,808.0,651.0,727.0,962.0,1022.0,54.92,949.14,85.39,821.03,137.08,800.23,116.74,819.71,117.02,0.00922,0.16739,0.29937,0.40501,1251.0,1246.0,1323.0,818.0,801.0,717.0,472.0,466.0,414.0,0.8993,0.43734,0.7866,-0.61747,60,2013-06-04,90,776.0,-0.33978,train
2013-03-07,bpi_value,1112.0,7.01392,1090.0,1080.0,1058.0,990.0,939.0,892.0,832.0,657.0,723.0,949.0,1046.71,50.78,969.14,88.35,834.0,145.34,802.95,121.95,822.9,120.96,0.01998,0.1691,0.29008,0.43051,1260.0,1251.0,1291.0,837.0,818.0,724.0,478.0,472.0,419.0,0.90669,0.42181,0.76489,-0.64416,60,2013-06-05,90,768.0,-0.37013,train
2013-03-08,bpi_value,1124.0,7.02465,1112.0,1090.0,1080.0,1036.0,961.0,909.0,845.0,695.0,718.0,940.0,1070.0,42.9,989.07,89.56,847.53,152.63,806.02,127.55,826.38,125.0,0.01073,0.15667,0.28531,0.44818,1262.0,1260.0,1264.0,852.0,837.0,734.0,483.0,478.0,426.0,0.91381,0.40615,0.74228,-0.67009,60,2013-06-06,90,764.0,-0.38608,train
2013-03-11,bpi_value,1128.0,7.0282,1124.0,1112.0,1090.0,1058.0,990.0,922.0,859.0,723.0,713.0,936.0,1089.71,31.9,1008.29,88.44,861.37,158.51,809.22,133.06,829.98,128.91,0.00355,0.1305,0.27243,0.45872,1260.0,1262.0,1249.0,864.0,852.0,745.0,485.0,483.0,436.0,0.93354,0.35847,0.66929,-0.743,60,2013-06-07,88,764.0,-0.38963,train
2013-03-12,bpi_value,1131.0,7.03086,1128.0,1124.0,1112.0,1080.0,1036.0,939.0,875.0,737.0,703.0,928.0,1103.29,25.78,1026.57,85.4,875.63,162.81,812.6,138.5,833.67,132.67,0.00266,0.08774,0.25663,0.4755,1314.0,1260.0,1243.0,876.0,864.0,764.0,486.0,485.0,447.0,0.93957,0.34236,0.64334,-0.76558,60,2013-06-10,90,766.0,-0.38968,train
2013-03-13,bpi_value,1138.0,7.03703,1131.0,1128.0,1124.0,1090.0,1058.0,961.0,892.0,749.0,690.0,914.0,1114.71,20.33,1044.14,81.11,890.57,165.62,816.33,144.09,837.51,136.36,0.00617,0.07289,0.24356,0.50034,1314.0,1314.0,1239.0,889.0,876.0,781.0,490.0,486.0,454.0,0.94532,0.32614,0.61662,-0.78726,60,2013-06-11,90,777.0,-0.38159,train
2013-03-14,bpi_value,1147.0,7.04491,1138.0,1131.0,1128.0,1112.0,1080.0,990.0,909.0,782.0,677.0,894.0,1124.29,17.28,1061.14,75.77,906.23,166.9,820.55,149.89,841.57,140.03,0.00788,0.06019,0.23256,0.52723,1302.0,1314.0,1246.0,903.0,889.0,801.0,494.0,490.0,466.0,0.95079,0.30983,0.58918,-0.808,60,2013-06-12,90,808.0,-0.35034,train
2013-03-15,bpi_value,1162.0,7.0579,1147.0,1138.0,1131.0,1124.0,1090.0,1036.0,922.0,808.0,664.0,871.0,1134.57,15.1,1078.29,69.21,922.83,166.75,825.4,156.03,845.92,143.78,0.01299,0.06396,0.23135,0.55962,1299.0,1302.0,1251.0,913.0,903.0,818.0,506.0,494.0,472.0,0.95598,0.29343,0.56103,-0.82779,60,2013-06-13,90,833.0,-0.33286,train
2013-03-18,bpi_value,1172.0,7.06647,1162.0,1147.0,1138.0,1128.0,1112.0,1058.0,939.0,832.0,653.0,839.0,1143.14,16.79,1094.93,61.28,940.13,164.77,830.95,162.21,850.43,147.53,0.00857,0.05255,0.22165,0.58489,1295.0,1299.0,1260.0,925.0,913.0,837.0,513.0,506.0,478.0,0.96984,0.24373,0.47276,-0.88119,60,2013-06-14,88,859.0,-0.3107,train
2013-03-19,bpi_value,1184.0,7.07665,1172.0,1162.0,1147.0,1131.0,1124.0,1080.0,961.0,845.0,651.0,815.0,1151.71,19.86,1110.86,52.79,957.9,161.34,837.1,168.37,855.18,151.26,0.01019,0.052,0.20868,0.59814,1290.0,1295.0,1262.0,937.0,925.0,852.0,522.0,513.0,483.0,0.97389,0.22701,0.44217,-0.89693,60,2013-06-17,90,878.0,-0.29901,train
2013-03-20,bpi_value,1190.0,7.08171,1184.0,1172.0,1162.0,1138.0,1128.0,1090.0,990.0,859.0,657.0,793.0,1160.57,21.1,1125.14,44.57,975.67,156.5,843.72,174.2,860.1,154.83,0.00505,0.05351,0.184,0.59402,1294.0,1290.0,1260.0,950.0,937.0,864.0,532.0,522.0,485.0,0.97765,0.21022,0.41105,-0.91161,60,2013-06-18,90,892.0,-0.28824,train
2013-03-21,bpi_value,1202.0,7.09174,1190.0,1184.0,1172.0,1147.0,1131.0,1112.0,1036.0,875.0,695.0,765.0,1170.71,21.51,1137.0,41.23,992.57,152.6,851.0,179.81,865.27,158.35,0.01003,0.06088,0.14862,0.54783,1290.0,1294.0,1314.0,959.0,950.0,876.0,539.0,532.0,486.0,0.98112,0.19338,0.37945,-0.92521,60,2013-06-19,90,909.0,-0.2794,train
2013-03-22,bpi_value,1208.0,7.09672,1202.0,1190.0,1184.0,1162.0,1138.0,1124.0,1058.0,892.0,723.0,734.0,1180.71,20.2,1147.71,38.73,1008.73,148.83,858.9,184.83,870.62,161.67,0.00498,0.05969,0.13259,0.51331,1284.0,1290.0,1314.0,968.0,959.0,889.0,542.0,539.0,490.0,0.98431,0.17647,0.3474,-0.93772,60,2013-06-20,90,920.0,-0.27235,train
2013-03-25,bpi_value,1210.0,7.09838,1208.0,1202.0,1190.0,1172.0,1147.0,1128.0,1080.0,909.0,737.0,710.0,1189.71,16.95,1157.0,36.92,1024.5,144.19,867.23,189.15,876.04,164.75,0.00165,0.05347,0.11366,0.49579,1284.0,1284.0,1302.0,978.0,968.0,903.0,543.0,542.0,494.0,0.9921,0.12546,0.24894,-0.96852,60,2013-06-21,88,927.0,-0.26642,train
2013-03-26,bpi_value,1204.0,7.0934,1210.0,1208.0,1202.0,1184.0,1162.0,1131.0,1090.0,922.0,749.0,699.0,1195.71,13.07,1165.14,33.67,1039.67,138.22,875.65,192.68,881.42,167.44,-0.00497,0.03551,0.09947,0.47467,1275.0,1284.0,1299.0,981.0,978.0,913.0,545.0,543.0,506.0,0.99411,0.10838,0.21548,-0.97651,60,2013-06-24,90,937.0,-0.25072,train
2013-03-27,bpi_value,1191.0,7.08255,1204.0,1210.0,1208.0,1190.0,1172.0,1138.0,1112.0,939.0,782.0,685.0,1198.43,9.29,1170.79,30.79,1053.3,132.17,884.08,195.21,886.52,169.79,-0.01086,0.01608,0.06863,0.42069,1258.0,1275.0,1295.0,977.0,981.0,925.0,547.0,545.0,513.0,0.99583,0.09126,0.18176,-0.98334,60,2013-06-25,90,959.0,-0.21666,train
2013-03-28,bpi_value,1176.0,7.06987,1191.0,1204.0,1210.0,1202.0,1184.0,1147.0,1124.0,961.0,808.0,675.0,1197.29,11.27,1174.5,27.93,1065.57,125.76,892.43,196.8,890.99,172.04,-0.01267,-0.00678,0.04523,0.37531,1249.0,1258.0,1290.0,965.0,977.0,937.0,547.0,547.0,522.0,0.99725,0.07412,0.14783,-0.98901,60,2013-06-26,90,976.0,-0.18641,train
2013-04-02,bpi_value,1155.0,7.05186,1176.0,1191.0,1204.0,1208.0,1190.0,1162.0,1128.0,990.0,832.0,670.0,1192.29,18.71,1176.43,25.47,1076.33,118.94,900.52,197.46,894.42,174.18,-0.01802,-0.02985,0.02365,0.32802,1229.0,1249.0,1294.0,944.0,965.0,950.0,543.0,547.0,532.0,0.99993,-0.01183,-0.02365,-0.99972,60,2013-06-27,86,994.0,-0.15012,train
2013-04-03,bpi_value,1129.0,7.02909,1155.0,1176.0,1191.0,1210.0,1202.0,1172.0,1131.0,1036.0,845.0,670.0,1181.86,28.28,1176.29,25.73,1085.8,111.21,908.17,197.27,897.12,175.9,-0.02277,-0.06265,-0.00177,0.28975,1209.0,1229.0,1290.0,933.0,944.0,959.0,537.0,543.0,539.0,0.99958,-0.02903,-0.05803,-0.99832,60,2013-06-28,86,1007.0,-0.11436,train
2013-04-04,bpi_value,1106.0,7.00851,1129.0,1155.0,1176.0,1204.0,1208.0,1184.0,1138.0,1058.0,859.0,682.0,1167.29,36.22,1174.0,30.09,1094.03,102.95,915.23,196.63,899.39,177.26,-0.02058,-0.08822,-0.02852,0.25274,1209.0,1209.0,1284.0,924.0,933.0,968.0,529.0,537.0,542.0,0.99893,-0.04622,-0.09233,-0.99573,60,2013-07-01,88,1014.0,-0.08685,train
2013-04-05,bpi_value,1094.0,6.9976,1106.0,1129.0,1155.0,1191.0,1210.0,1190.0,1147.0,1080.0,875.0,717.0,1150.71,39.29,1170.21,36.0,1101.33,94.58,921.52,196.22,901.18,178.4,-0.01091,-0.10078,-0.04731,0.22337,1215.0,1209.0,1284.0,915.0,924.0,978.0,525.0,529.0,543.0,0.99799,-0.06339,-0.12653,-0.99196,60,2013-07-02,88,1016.0,-0.07397,train
2013-04-08,bpi_value,1084.0,6.98841,1094.0,1106.0,1129.0,1176.0,1204.0,1202.0,1162.0,1090.0,892.0,754.0,1133.57,38.47,1164.64,42.32,1107.73,86.33,927.02,196.07,902.52,179.31,-0.00918,-0.10499,-0.06948,0.19495,1223.0,1215.0,1275.0,912.0,915.0,981.0,523.0,525.0,545.0,0.99339,-0.11479,-0.22806,-0.97365,60,2013-07-03,86,1017.0,-0.0638,train
2013-04-09,bpi_value,1077.0,6.98193,1084.0,1094.0,1106.0,1155.0,1191.0,1208.0,1172.0,1112.0,909.0,772.0,1117.29,34.66,1157.86,47.85,1113.33,78.34,932.1,195.94,903.48,180.01,-0.00648,-0.10061,-0.08453,0.16959,1236.0,1223.0,1258.0,907.0,912.0,977.0,518.0,523.0,547.0,0.99127,-0.13186,-0.26141,-0.96523,60,2013-07-04,86,1012.0,-0.06225,train
2013-04-10,bpi_value,1080.0,6.98472,1077.0,1084.0,1094.0,1129.0,1176.0,1210.0,1184.0,1124.0,922.0,774.0,1103.57,26.82,1150.43,51.17,1118.6,70.19,937.2,195.74,904.22,180.6,0.00278,-0.08516,-0.09194,0.15817,1250.0,1236.0,1249.0,902.0,907.0,965.0,518.0,518.0,547.0,0.98885,-0.14889,-0.29446,-0.95566,60,2013-07-05,86,1008.0,-0.06899,train
2013-04-11,bpi_value,1095.0,6.99851,1080.0,1077.0,1084.0,1106.0,1155.0,1204.0,1190.0,1128.0,939.0,768.0,1095.0,16.68,1143.64,51.77,1123.8,61.99,942.65,195.51,905.04,181.3,0.01379,-0.05335,-0.0832,0.15369,1257.0,1250.0,1229.0,900.0,902.0,944.0,521.0,518.0,543.0,0.98615,-0.16588,-0.32716,-0.94497,60,2013-07-08,88,1002.0,-0.08876,train
2013-04-12,bpi_value,1112.0,7.01392,1095.0,1080.0,1077.0,1094.0,1129.0,1191.0,1202.0,1131.0,961.0,754.0,1092.57,12.19,1137.21,49.67,1128.83,54.21,948.62,195.12,906.03,182.18,0.01541,-0.01517,-0.07783,0.14594,1265.0,1257.0,1209.0,901.0,900.0,933.0,526.0,521.0,537.0,0.98315,-0.18282,-0.35947,-0.93316,60,2013-07-09,88,1006.0,-0.10018,train
2013-04-15,bpi_value,1125.0,7.02554,1112.0,1095.0,1080.0,1084.0,1106.0,1176.0,1208.0,1138.0,990.0,743.0,1095.29,16.3,1131.29,45.66,1133.33,47.71,954.98,194.54,907.32,183.31,0.01162,0.01703,-0.07118,0.12783,1257.0,1265.0,1209.0,902.0,901.0,924.0,528.0,526.0,529.0,0.97241,-0.23329,-0.4537,-0.89115,60,2013-07-10,86,1024.0,-0.09407,train
2013-04-16,bpi_value,1143.0,7.04141,1125.0,1112.0,1095.0,1077.0,1094.0,1155.0,1210.0,1147.0,1036.0,740.0,1102.29,23.27,1126.5,40.36,1136.9,44.17,961.7,193.96,908.98,184.75,0.01587,0.04382,-0.05696,0.09829,1251.0,1257.0,1215.0,902.0,902.0,915.0,531.0,528.0,525.0,0.96825,-0.24998,-0.48409,-0.87502,60,2013-07-11,86,1062.0,-0.0735,train
2013-04-17,bpi_value,1167.0,7.06219,1143.0,1125.0,1112.0,1080.0,1084.0,1129.0,1204.0,1162.0,1058.0,736.0,1114.14,30.85,1123.86,36.2,1140.53,41.96,968.88,193.45,911.06,186.58,0.02078,0.07378,-0.03121,0.09806,1245.0,1251.0,1223.0,900.0,902.0,912.0,537.0,531.0,523.0,0.96381,-0.2666,-0.5139,-0.85785,60,2013-07-12,86,1097.0,-0.06186,train
2013-04-18,bpi_value,1180.0,7.07327,1167.0,1143.0,1125.0,1095.0,1077.0,1106.0,1191.0,1172.0,1080.0,729.0,1128.86,34.02,1123.07,34.82,1143.87,40.98,976.4,192.74,913.36,188.59,0.01108,0.09134,-0.00928,0.08855,1238.0,1245.0,1236.0,899.0,900.0,907.0,538.0,537.0,518.0,0.95908,-0.28314,-0.54311,-0.83966,60,2013-07-15,88,1118.0,-0.05397,train
2013-04-19,bpi_value,1196.0,7.08674,1180.0,1167.0,1143.0,1112.0,1080.0,1094.0,1176.0,1184.0,1090.0,727.0,1145.43,34.44,1124.5,37.29,1147.4,40.75,984.22,191.98,915.96,190.85,0.01347,0.10202,0.01686,0.0928,1234.0,1238.0,1250.0,898.0,899.0,902.0,539.0,538.0,518.0,0.95407,-0.29959,-0.57167,-0.82049,60,2013-07-16,88,1136.0,-0.05147,train
2013-04-22,bpi_value,1202.0,7.09174,1196.0,1180.0,1167.0,1125.0,1095.0,1084.0,1155.0,1190.0,1112.0,723.0,1160.71,32.35,1127.86,41.74,1150.4,41.34,992.2,190.9,918.77,193.16,0.005,0.09323,0.03989,0.07783,1230.0,1234.0,1257.0,902.0,898.0,900.0,540.0,539.0,521.0,0.93734,-0.34841,-0.65316,-0.75722,60,2013-07-17,86,1153.0,-0.04162,train
2013-04-23,bpi_value,1193.0,7.08423,1202.0,1196.0,1180.0,1143.0,1112.0,1077.0,1129.0,1202.0,1124.0,718.0,1172.29,26.87,1132.43,44.99,1152.7,41.72,1000.12,189.21,921.58,195.28,-0.00752,0.07031,0.05514,0.05958,1220.0,1230.0,1265.0,902.0,902.0,901.0,540.0,540.0,526.0,0.93121,-0.36448,-0.67882,-0.7343,60,2013-07-18,86,1165.0,-0.02375,train
2013-04-24,bpi_value,1165.0,7.06048,1193.0,1202.0,1196.0,1167.0,1125.0,1080.0,1106.0,1208.0,1128.0,713.0,1178.0,19.43,1136.64,45.08,1153.93,41.52,1007.65,186.61,924.12,196.94,-0.02375,0.03494,0.05197,0.03227,1214.0,1220.0,1257.0,903.0,902.0,902.0,543.0,540.0,528.0,0.9248,-0.38045,-0.70368,-0.71052,60,2013-07-19,86,1172.0,0.00599,train
2013-04-25,bpi_value,1121.0,7.02198,1165.0,1193.0,1202.0,1180.0,1143.0,1095.0,1094.0,1210.0,1131.0,703.0,1174.86,25.63,1138.57,43.77,1153.6,41.74,1014.62,182.87,926.27,198.02,-0.0385,-0.01944,0.02438,-0.00888,1220.0,1214.0,1251.0,905.0,903.0,902.0,544.0,543.0,531.0,0.91812,-0.3963,-0.7277,-0.68589,60,2013-07-22,88,1170.0,0.04278,train
2013-04-26,bpi_value,1082.0,6.98657,1121.0,1165.0,1193.0,1196.0,1167.0,1112.0,1084.0,1204.0,1138.0,690.0,1162.71,41.62,1138.43,43.95,1151.73,43.61,1021.15,178.1,928.13,198.68,-0.03541,-0.07563,-0.00185,-0.05046,1246.0,1220.0,1245.0,904.0,905.0,900.0,545.0,544.0,537.0,0.91117,-0.41203,-0.75086,-0.66046,60,2013-07-23,88,1159.0,0.06875,train
2013-04-29,bpi_value,1058.0,6.96414,1082.0,1121.0,1165.0,1202.0,1180.0,1125.0,1077.0,1191.0,1147.0,677.0,1145.29,54.34,1137.07,46.07,1148.77,46.75,1027.5,172.41,929.96,199.11,-0.02243,-0.10913,-0.0178,-0.08077,1260.0,1246.0,1238.0,900.0,904.0,899.0,545.0,545.0,538.0,0.8887,-0.45849,-0.81492,-0.57958,60,2013-07-24,86,1145.0,0.07902,train
2013-04-30,bpi_value,1028.0,6.93537,1058.0,1082.0,1121.0,1193.0,1196.0,1143.0,1080.0,1176.0,1162.0,664.0,1121.29,63.04,1133.36,52.21,1144.3,51.44,1033.57,165.79,931.7,199.28,-0.02877,-0.15137,-0.04935,-0.12253,1273.0,1260.0,1234.0,895.0,900.0,898.0,544.0,545.0,539.0,0.88068,-0.47371,-0.83437,-0.5512,60,2013-07-25,86,1123.0,0.08839,train
2013-05-01,bpi_value,1018.0,6.9256,1028.0,1058.0,1082.0,1165.0,1202.0,1167.0,1095.0,1155.0,1172.0,653.0,1095.0,62.26,1127.86,59.51,1139.17,55.91,1039.65,158.24,933.69,199.23,-0.00978,-0.16615,-0.07291,-0.14087,1279.0,1273.0,1230.0,888.0,895.0,902.0,545.0,544.0,540.0,0.8724,-0.48879,-0.85284,-0.52218,60,2013-07-26,86,1104.0,0.0811,train
2013-05-02,bpi_value,1010.0,6.91771,1018.0,1028.0,1058.0,1121.0,1193.0,1180.0,1112.0,1129.0,1184.0,651.0,1068.86,53.42,1120.57,66.8,1133.37,59.84,1045.63,150.01,935.86,198.99,-0.00789,-0.16652,-0.09621,-0.15895,1322.0,1279.0,1220.0,884.0,888.0,902.0,546.0,545.0,540.0,0.86387,-0.50372,-0.87029,-0.49253,60,2013-07-29,88,1090.0,0.07623,train
2013-05-03,bpi_value,1006.0,6.91374,1010.0,1018.0,1028.0,1082.0,1165.0,1196.0,1125.0,1106.0,1190.0,657.0,1046.14,39.77,1112.07,72.98,1127.23,63.06,1051.45,141.34,938.22,198.54,-0.00397,-0.14674,-0.1118,-0.16797,1344.0,1322.0,1214.0,880.0,884.0,903.0,546.0,546.0,543.0,0.85507,-0.51851,-0.88672,-0.4623,60,2013-07-30,88,1075.0,0.06634,train
2013-05-07,bpi_value,999.0,6.90675,1006.0,1010.0,1018.0,1058.0,1121.0,1202.0,1143.0,1094.0,1202.0,695.0,1028.71,28.19,1101.79,77.88,1120.47,65.52,1056.52,133.72,940.82,197.79,-0.00698,-0.11522,-0.13466,-0.18499,1393.0,1344.0,1220.0,876.0,880.0,905.0,546.0,546.0,544.0,0.8174,-0.57607,-0.94176,-0.33629,60,2013-07-31,85,1057.0,0.05644,train
2013-05-08,bpi_value,995.0,6.90274,999.0,1006.0,1010.0,1028.0,1082.0,1193.0,1167.0,1084.0,1208.0,723.0,1016.29,19.92,1089.5,80.16,1113.37,67.17,1061.05,126.76,943.72,196.65,-0.00401,-0.08382,-0.15945,-0.19398,1408.0,1393.0,1246.0,874.0,876.0,904.0,548.0,546.0,545.0,0.80737,-0.59004,-0.95277,-0.3037,60,2013-08-01,85,1041.0,0.04519,train
2013-05-09,bpi_value,995.0,6.90274,995.0,999.0,1006.0,1018.0,1058.0,1165.0,1180.0,1077.0,1210.0,737.0,1007.29,11.49,1076.29,79.39,1106.2,67.94,1065.35,119.89,946.89,195.15,0.0,-0.06139,-0.17053,-0.19563,1398.0,1408.0,1260.0,872.0,874.0,900.0,551.0,548.0,545.0,0.7971,-0.60385,-0.96265,-0.27074,60,2013-08-02,85,1021.0,0.0258,train
2013-05-10,bpi_value,994.0,6.90174,995.0,995.0,999.0,1010.0,1028.0,1121.0,1196.0,1080.0,1204.0,749.0,1002.43,8.5,1061.86,74.53,1099.2,68.32,1069.43,113.02,950.17,193.42,-0.00101,-0.03363,-0.185,-0.19167,1382.0,1398.0,1273.0,869.0,872.0,895.0,551.0,551.0,544.0,0.7866,-0.61747,-0.9714,-0.23747,60,2013-08-05,87,1009.0,0.01498,train
2013-05-13,bpi_value,993.0,6.90073,994.0,995.0,995.0,1006.0,1018.0,1082.0,1202.0,1095.0,1191.0,782.0,998.86,6.13,1046.93,65.33,1092.6,68.7,1072.95,107.15,953.59,191.42,-0.00101,-0.02486,-0.19101,-0.18182,1370.0,1382.0,1279.0,866.0,869.0,888.0,553.0,551.0,545.0,0.7537,-0.65722,-0.99069,-0.13612,60,2013-08-06,85,992.0,-0.00101,train
2013-05-14,bpi_value,988.0,6.89568,993.0,994.0,995.0,999.0,1010.0,1058.0,1193.0,1112.0,1176.0,808.0,995.71,5.17,1032.29,52.7,1086.33,69.38,1075.95,102.09,957.07,189.15,-0.00505,-0.02202,-0.18854,-0.17419,1360.0,1370.0,1322.0,861.0,866.0,884.0,555.0,553.0,546.0,0.74228,-0.67009,-0.99479,-0.10196,60,2013-08-07,85,977.0,-0.0112,train
2013-05-15,bpi_value,974.0,6.88141,988.0,993.0,994.0,995.0,1006.0,1028.0,1165.0,1125.0,1155.0,832.0,991.14,7.62,1018.64,39.7,1080.3,71.0,1078.32,97.97,960.44,186.7,-0.01427,-0.03233,-0.17907,-0.17044,1338.0,1360.0,1344.0,857.0,861.0,880.0,555.0,555.0,546.0,0.73064,-0.68276,-0.99771,-0.06768,60,2013-08-08,85,962.0,-0.0124,train
2013-05-16,bpi_value,951.0,6.85751,974.0,988.0,993.0,995.0,999.0,1018.0,1121.0,1143.0,1129.0,845.0,984.29,15.25,1006.5,31.73,1074.37,74.05,1080.08,94.64,963.57,184.14,-0.0239,-0.04924,-0.16446,-0.17157,1334.0,1338.0,1393.0,854.0,857.0,876.0,554.0,555.0,546.0,0.71879,-0.69523,-0.99944,-0.03332,60,2013-08-09,85,948.0,-0.00316,train
2013-05-17,bpi_value,930.0,6.83518,951.0,974.0,988.0,994.0,995.0,1010.0,1082.0,1167.0,1106.0,859.0,975.0,23.47,995.64,30.0,1068.5,78.17,1081.27,92.29,966.32,181.75,-0.02233,-0.06756,-0.15138,-0.17332,1326.0,1334.0,1408.0,853.0,854.0,874.0,553.0,554.0,548.0,0.70673,-0.70749,-1.0,0.00108,60,2013-08-12,87,940.0,0.0107,train
2013-05-20,bpi_value,917.0,6.82111,930.0,951.0,974.0,993.0,995.0,1006.0,1058.0,1180.0,1094.0,875.0,963.86,29.16,985.57,31.02,1062.6,82.58,1081.97,90.87,968.54,179.9,-0.01408,-0.08164,-0.14303,-0.17649,1317.0,1326.0,1398.0,851.0,853.0,872.0,555.0,553.0,551.0,0.66929,-0.743,-0.99457,0.1041,60,2013-08-13,85,933.0,0.0173,train
2013-05-21,bpi_value,899.0,6.80128,917.0,930.0,951.0,988.0,994.0,999.0,1028.0,1196.0,1084.0,892.0,950.29,33.72,976.36,35.84,1056.43,87.51,1082.08,90.63,970.16,178.62,-0.01982,-0.10045,-0.13409,-0.18713,1321.0,1317.0,1382.0,852.0,851.0,869.0,554.0,555.0,551.0,0.65641,-0.7544,-0.9904,0.13825,60,2013-08-14,85,928.0,0.03175,train
2013-05-22,bpi_value,880.0,6.77992,899.0,917.0,930.0,974.0,993.0,995.0,1018.0,1202.0,1077.0,909.0,934.14,36.35,966.5,41.55,1049.87,92.94,1081.6,91.62,971.36,177.64,-0.02136,-0.12081,-0.14567,-0.20201,1333.0,1321.0,1370.0,851.0,852.0,866.0,552.0,554.0,553.0,0.64334,-0.76558,-0.98506,0.17224,60,2013-08-15,85,926.0,0.05095,train
2013-05-23,bpi_value,863.0,6.76041,880.0,899.0,917.0,951.0,988.0,995.0,1010.0,1193.0,1080.0,922.0,916.29,36.21,956.0,47.39,1042.63,98.59,1080.62,93.63,972.34,176.79,-0.01951,-0.13527,-0.15729,-0.2243,1339.0,1333.0,1360.0,853.0,851.0,861.0,551.0,552.0,555.0,0.63007,-0.77654,-0.97855,0.20602,60,2013-08-16,85,923.0,0.06721,train
2013-05-24,bpi_value,854.0,6.74993,863.0,880.0,899.0,930.0,974.0,994.0,1006.0,1165.0,1095.0,939.0,899.14,33.1,945.14,51.89,1034.6,103.68,1079.2,96.36,973.3,175.91,-0.01048,-0.13148,-0.16381,-0.24858,1350.0,1339.0,1338.0,855.0,853.0,857.0,546.0,551.0,555.0,0.61662,-0.78726,-0.97088,0.23956,60,2013-08-19,87,917.0,0.07118,train
2013-05-28,bpi_value,838.0,6.73102,854.0,863.0,880.0,917.0,951.0,993.0,999.0,1121.0,1112.0,961.0,883.0,31.39,933.64,56.33,1025.47,108.42,1077.15,100.09,974.23,174.96,-0.01891,-0.1265,-0.17574,-0.2829,1346.0,1350.0,1334.0,857.0,855.0,854.0,545.0,546.0,554.0,0.56103,-0.82779,-0.92884,0.37048,60,2013-08-20,84,912.0,0.08462,train
2013-05-29,bpi_value,821.0,6.71052,838.0,854.0,863.0,899.0,930.0,988.0,995.0,1082.0,1125.0,990.0,867.43,31.24,921.21,60.47,1015.33,112.76,1074.33,104.77,975.1,174.01,-0.02049,-0.12466,-0.19222,-0.31502,1348.0,1346.0,1326.0,858.0,857.0,853.0,543.0,545.0,553.0,0.54671,-0.83732,-0.91555,0.40221,60,2013-08-21,84,905.0,0.09741,train
2013-05-30,bpi_value,806.0,6.69208,821.0,838.0,854.0,880.0,917.0,974.0,995.0,1058.0,1143.0,1036.0,851.57,30.21,907.71,63.51,1004.1,116.22,1070.5,110.17,975.83,173.15,-0.01844,-0.12902,-0.21066,-0.34933,1339.0,1348.0,1317.0,859.0,858.0,851.0,537.0,543.0,555.0,0.53223,-0.8466,-0.90117,0.43347,60,2013-08-22,84,904.0,0.11475,train
2013-05-31,bpi_value,795.0,6.67834,806.0,821.0,838.0,863.0,899.0,951.0,994.0,1028.0,1167.0,1058.0,836.71,28.77,893.5,64.86,991.7,118.01,1066.12,115.68,976.49,172.35,-0.01374,-0.12294,-0.2234,-0.38385,1336.0,1339.0,1321.0,865.0,859.0,852.0,533.0,537.0,554.0,0.51759,-0.85563,-0.88572,0.46421,60,2013-08-23,84,903.0,0.12738,train
2013-06-03,bpi_value,786.0,6.66696,795.0,806.0,821.0,854.0,880.0,930.0,993.0,1018.0,1180.0,1080.0,823.29,27.34,878.71,64.08,978.57,118.25,1061.22,121.08,977.12,171.54,-0.01139,-0.11297,-0.23377,-0.40631,1333.0,1336.0,1333.0,871.0,865.0,851.0,529.0,533.0,552.0,0.47276,-0.88119,-0.83318,0.553,60,2013-08-27,85,904.0,0.13987,train
2013-06-04,bpi_value,776.0,6.65415,786.0,795.0,806.0,838.0,863.0,917.0,988.0,1010.0,1196.0,1090.0,810.86,26.21,863.57,61.47,964.57,116.52,1055.98,126.4,977.67,170.83,-0.0128,-0.10626,-0.24153,-0.43259,1338.0,1333.0,1339.0,873.0,871.0,853.0,526.0,529.0,551.0,0.45753,-0.88919,-0.81367,0.58133,60,2013-08-28,85,901.0,0.14935,train
2013-06-05,bpi_value,768.0,6.64379,776.0,786.0,795.0,821.0,854.0,899.0,974.0,1006.0,1202.0,1112.0,798.57,23.08,848.86,57.82,950.1,113.04,1050.25,131.43,978.17,170.14,-0.01036,-0.10614,-0.23762,-0.44795,1335.0,1338.0,1350.0,877.0,873.0,855.0,521.0,526.0,546.0,0.44217,-0.89693,-0.79319,0.60897,60,2013-08-29,85,904.0,0.16304,train
2013-06-06,bpi_value,764.0,6.63857,768.0,776.0,786.0,806.0,838.0,880.0,951.0,999.0,1193.0,1124.0,788.0,19.22,835.5,54.16,935.8,108.45,1044.25,136.06,978.68,169.43,-0.00522,-0.09245,-0.21895,-0.44566,1344.0,1335.0,1346.0,880.0,877.0,857.0,521.0,521.0,545.0,0.42667,-0.90441,-0.77177,0.6359,60,2013-08-30,85,907.0,0.17157,train
2013-06-07,bpi_value,764.0,6.63857,764.0,768.0,776.0,795.0,821.0,863.0,930.0,995.0,1165.0,1128.0,779.86,15.16,823.64,50.2,922.43,103.99,1038.18,140.24,979.24,168.62,0.0,-0.07196,-0.19662,-0.42191,1352.0,1344.0,1348.0,885.0,880.0,858.0,524.0,521.0,543.0,0.41105,-0.91161,-0.74944,0.66207,60,2013-09-02,87,912.0,0.17707,train
2013-06-10,bpi_value,766.0,6.64118,764.0,764.0,768.0,786.0,806.0,854.0,917.0,995.0,1121.0,1131.0,774.14,11.27,812.86,44.93,910.6,100.88,1032.1,143.95,979.94,167.6,0.00261,-0.0509,-0.17993,-0.38079,1359.0,1352.0,1339.0,889.0,885.0,859.0,525.0,524.0,537.0,0.36348,-0.9316,-0.67724,0.73576,60,2013-09-03,85,921.0,0.18428,train
2013-06-11,bpi_value,777.0,6.65544,766.0,764.0,764.0,776.0,795.0,838.0,899.0,994.0,1082.0,1138.0,771.57,7.71,804.14,38.79,900.43,98.43,1026.08,146.91,980.91,166.17,0.01426,-0.0229,-0.14584,-0.33113,1379.0,1359.0,1336.0,890.0,889.0,865.0,525.0,525.0,533.0,0.3474,-0.93772,-0.65153,0.75862,60,2013-09-04,85,933.0,0.18296,train
2013-06-12,bpi_value,808.0,6.69456,777.0,766.0,764.0,768.0,786.0,821.0,880.0,993.0,1058.0,1147.0,774.71,14.47,799.0,32.68,892.1,95.27,1020.43,148.66,982.37,164.06,0.03912,0.02761,-0.08536,-0.26957,1427.0,1379.0,1333.0,892.0,890.0,871.0,525.0,525.0,529.0,0.33122,-0.94355,-0.62505,0.78058,60,2013-09-05,85,961.0,0.17341,train
2013-06-13,bpi_value,833.0,6.72503,808.0,777.0,766.0,764.0,776.0,806.0,863.0,988.0,1028.0,1162.0,782.86,25.06,796.86,29.22,885.6,92.38,1014.95,149.4,984.24,161.35,0.03047,0.07088,-0.03538,-0.21034,1484.0,1427.0,1338.0,895.0,892.0,873.0,528.0,525.0,526.0,0.31494,-0.94911,-0.59783,0.80162,60,2013-09-06,85,1020.0,0.20252,train
2013-06-14,bpi_value,859.0,6.75577,833.0,808.0,777.0,764.0,768.0,795.0,854.0,974.0,1018.0,1172.0,795.86,35.44,797.21,29.93,880.3,89.14,1009.73,149.29,986.53,158.07,0.03074,0.11198,0.00584,-0.16983,1537.0,1484.0,1335.0,895.0,895.0,877.0,533.0,528.0,521.0,0.29857,-0.95439,-0.5699,0.82171,60,2013-09-09,87,1105.0,0.25183,train
2013-06-17,bpi_value,878.0,6.77765,859.0,833.0,808.0,766.0,764.0,786.0,838.0,951.0,1010.0,1184.0,812.14,42.54,800.07,35.15,875.9,85.83,1004.63,148.48,989.06,154.46,0.02188,0.13908,0.04663,-0.14006,1588.0,1537.0,1344.0,900.0,895.0,880.0,539.0,533.0,521.0,0.24894,-0.96852,-0.48221,0.87606,60,2013-09-10,85,1186.0,0.30069,train
2013-06-18,bpi_value,892.0,6.79347,878.0,859.0,833.0,777.0,764.0,776.0,821.0,930.0,1006.0,1190.0,830.43,45.33,805.14,42.21,872.1,82.44,999.67,147.17,991.67,150.77,0.01582,0.1549,0.08294,-0.12027,1674.0,1588.0,1352.0,900.0,900.0,885.0,544.0,539.0,524.0,0.23224,-0.97266,-0.45179,0.89213,60,2013-09-11,85,1241.0,0.33021,train
2013-06-19,bpi_value,909.0,6.81235,892.0,878.0,859.0,808.0,766.0,768.0,806.0,917.0,999.0,1202.0,850.86,43.89,812.5,49.98,869.1,79.34,994.78,145.23,994.04,147.73,0.01888,0.17116,0.12026,-0.09441,1757.0,1674.0,1359.0,903.0,900.0,889.0,547.0,544.0,525.0,0.21548,-0.97651,-0.42083,0.90714,60,2013-09-12,85,1278.0,0.34071,train
2013-06-20,bpi_value,920.0,6.82437,909.0,892.0,878.0,833.0,777.0,764.0,795.0,899.0,995.0,1208.0,871.29,37.59,821.43,56.76,866.6,76.47,989.98,142.84,996.23,145.13,0.01203,0.16893,0.14603,-0.07837,1792.0,1757.0,1379.0,909.0,903.0,890.0,548.0,547.0,525.0,0.19865,-0.98007,-0.38938,0.92108,60,2013-09-13,85,1306.0,0.35035,train
2013-06-21,bpi_value,927.0,6.83195,920.0,909.0,892.0,859.0,808.0,764.0,786.0,880.0,995.0,1210.0,888.29,31.55,831.5,61.86,864.33,73.58,985.27,140.14,998.34,142.71,0.00758,0.13739,0.165,-0.07079,1822.0,1792.0,1427.0,916.0,909.0,892.0,552.0,548.0,525.0,0.18176,-0.98334,-0.35746,0.93393,60,2013-09-16,87,1321.0,0.35419,train
2013-06-24,bpi_value,937.0,6.84268,927.0,920.0,909.0,878.0,833.0,766.0,776.0,863.0,994.0,1204.0,903.14,26.02,843.0,65.34,862.43,70.9,980.82,137.34,1000.43,140.4,0.01073,0.11765,0.18853,-0.05905,1912.0,1822.0,1484.0,923.0,916.0,895.0,552.0,552.0,528.0,0.13079,-0.99141,-0.25934,0.96579,60,2013-09-17,85,1349.0,0.36444,train
2013-06-25,bpi_value,959.0,6.86589,937.0,927.0,920.0,892.0,859.0,777.0,768.0,854.0,993.0,1191.0,917.43,25.3,856.64,68.14,861.3,69.05,976.95,134.61,1002.4,138.56,0.02321,0.11012,0.2221,-0.03484,1959.0,1912.0,1537.0,930.0,923.0,895.0,552.0,552.0,533.0,0.11372,-0.99351,-0.22596,0.97414,60,2013-09-18,85,1385.0,0.36756,train
2013-06-26,bpi_value,976.0,6.88346,959.0,937.0,927.0,909.0,878.0,808.0,764.0,838.0,988.0,1176.0,931.43,26.69,871.79,69.41,860.9,68.34,973.62,132.09,1004.27,137.05,0.01757,0.10582,0.24489,-0.01222,2061.0,1959.0,1588.0,937.0,930.0,900.0,554.0,552.0,539.0,0.09661,-0.99532,-0.19232,0.98133,60,2013-09-19,85,1415.0,0.37142,train
2013-06-27,bpi_value,994.0,6.90174,976.0,959.0,937.0,920.0,892.0,833.0,764.0,821.0,974.0,1155.0,946.0,28.93,888.21,69.18,861.57,69.53,970.93,129.99,1006.07,135.83,0.01827,0.10827,0.26317,0.02033,2120.0,2061.0,1674.0,944.0,937.0,900.0,558.0,554.0,544.0,0.07948,-0.99684,-0.15845,0.98737,60,2013-09-20,85,1453.0,0.37965,train
2013-06-28,bpi_value,1007.0,6.91473,994.0,976.0,959.0,927.0,909.0,859.0,766.0,806.0,951.0,1129.0,960.0,31.26,905.43,66.56,863.43,72.59,968.9,128.45,1007.87,134.75,0.01299,0.10239,0.27355,0.05722,2165.0,2120.0,1757.0,950.0,944.0,903.0,564.0,558.0,547.0,0.06232,-0.99806,-0.12439,0.99223,60,2013-09-23,87,1509.0,0.40447,train
2013-07-01,bpi_value,1014.0,6.92166,1007.0,994.0,976.0,937.0,920.0,878.0,777.0,795.0,930.0,1106.0,973.43,31.38,922.36,61.7,866.23,76.61,967.37,127.35,1009.59,133.83,0.00693,0.09728,0.26622,0.08647,2176.0,2165.0,1792.0,954.0,950.0,909.0,566.0,564.0,548.0,0.01075,-0.99994,-0.0215,0.99977,60,2013-09-24,85,1602.0,0.45735,train
2013-07-02,bpi_value,1016.0,6.92363,1014.0,1007.0,994.0,959.0,927.0,892.0,808.0,786.0,917.0,1094.0,986.14,27.82,937.21,57.26,869.53,80.75,966.07,126.45,1011.16,133.07,0.00197,0.09168,0.22907,0.10252,2134.0,2176.0,1822.0,954.0,954.0,916.0,569.0,566.0,552.0,-0.00645,-0.99998,0.0129,0.99992,60,2013-09-25,85,1745.0,0.54088,train
2013-07-03,bpi_value,1017.0,6.92461,1016.0,1014.0,1007.0,976.0,937.0,909.0,833.0,776.0,899.0,1084.0,997.57,20.85,950.36,52.77,873.47,84.86,964.95,125.69,1012.54,132.47,0.00098,0.08193,0.19958,0.12333,2020.0,2134.0,1912.0,952.0,954.0,923.0,569.0,569.0,552.0,-0.02365,-0.99972,0.04729,0.99888,60,2013-09-26,85,1794.0,0.56759,train
2013-07-04,bpi_value,1012.0,6.91968,1017.0,1016.0,1014.0,994.0,959.0,920.0,859.0,768.0,880.0,1077.0,1005.14,13.94,961.29,48.38,877.87,88.43,963.87,125.0,1013.69,132.01,-0.00493,0.05379,0.16391,0.13976,1936.0,2020.0,1959.0,943.0,952.0,930.0,568.0,569.0,552.0,-0.04084,-0.99917,0.08162,0.99666,60,2013-09-27,85,1800.0,0.57586,train
2013-07-05,bpi_value,1008.0,6.91572,1012.0,1017.0,1016.0,1007.0,976.0,927.0,878.0,764.0,863.0,1080.0,1009.71,7.3,970.57,43.76,882.7,91.4,962.67,124.22,1014.64,131.65,-0.00396,0.03226,0.13808,0.15531,1929.0,1936.0,2061.0,932.0,943.0,937.0,568.0,568.0,554.0,-0.05803,-0.99832,0.11586,0.99327,60,2013-09-30,87,1795.0,0.57704,train
2013-07-08,bpi_value,1002.0,6.90975,1008.0,1012.0,1017.0,1014.0,994.0,937.0,892.0,764.0,854.0,1095.0,1010.86,5.03,978.43,38.51,887.63,93.68,961.12,123.14,1015.34,131.42,-0.00597,0.00802,0.11629,0.15982,1977.0,1929.0,2120.0,924.0,932.0,944.0,568.0,568.0,558.0,-0.10945,-0.99399,0.21758,0.97604,60,2013-10-01,85,1786.0,0.57798,train
2013-07-09,bpi_value,1006.0,6.91374,1002.0,1008.0,1012.0,1016.0,1007.0,959.0,909.0,766.0,838.0,1112.0,1010.71,5.15,985.36,33.83,893.23,95.55,959.35,121.71,1015.84,131.3,0.00398,-0.00099,0.10139,0.18272,2012.0,1977.0,2165.0,920.0,924.0,950.0,566.0,568.0,564.0,-0.12653,-0.99196,0.25102,0.96798,60,2013-10-02,85,1813.0,0.589,train
2013-07-10,bpi_value,1024.0,6.93147,1006.0,1002.0,1008.0,1017.0,1014.0,976.0,920.0,777.0,821.0,1125.0,1012.14,6.94,992.79,29.85,900.0,97.37,957.67,120.1,1016.22,131.27,0.01773,0.00981,0.1071,0.22095,2037.0,2012.0,2176.0,911.0,920.0,954.0,564.0,566.0,566.0,-0.14357,-0.98964,0.28417,0.95877,60,2013-10-03,85,1862.0,0.59793,train
2013-07-11,bpi_value,1062.0,6.96791,1024.0,1006.0,1002.0,1012.0,1016.0,994.0,927.0,808.0,806.0,1143.0,1018.71,18.92,1002.43,28.83,908.53,99.94,956.32,118.45,1016.51,131.34,0.03644,0.04428,0.13596,0.27583,2047.0,2037.0,2134.0,904.0,911.0,954.0,561.0,564.0,569.0,-0.16057,-0.98702,0.31698,0.94843,60,2013-10-04,85,1914.0,0.58904,train
2013-07-12,bpi_value,1097.0,7.00033,1062.0,1024.0,1006.0,1008.0,1017.0,1007.0,937.0,833.0,795.0,1167.0,1030.14,33.2,1013.86,32.15,918.6,103.15,955.15,116.7,1016.94,131.54,0.03243,0.07572,0.15765,0.32199,2058.0,2047.0,2020.0,901.0,904.0,952.0,561.0,561.0,569.0,-0.17753,-0.98412,0.34942,0.93697,60,2013-10-07,87,1947.0,0.57371,train
2013-07-15,bpi_value,1118.0,7.0193,1097.0,1062.0,1024.0,1002.0,1012.0,1014.0,959.0,859.0,786.0,1180.0,1045.29,43.92,1025.21,38.27,929.67,106.1,954.12,114.97,1017.37,131.8,0.01896,0.09961,0.15341,0.35234,2052.0,2058.0,1936.0,897.0,901.0,943.0,560.0,561.0,568.0,-0.22806,-0.97365,0.4441,0.89598,60,2013-10-08,85,1989.0,0.57609,train
2013-07-16,bpi_value,1136.0,7.03527,1118.0,1097.0,1062.0,1006.0,1008.0,1016.0,976.0,878.0,776.0,1196.0,1063.57,50.71,1036.64,45.14,941.67,108.38,953.12,113.1,1017.88,132.17,0.01597,0.11955,0.15181,0.38112,2044.0,2052.0,1929.0,894.0,897.0,932.0,559.0,560.0,568.0,-0.24477,-0.96958,0.47465,0.88017,60,2013-10-09,85,2016.0,0.5736,train
2013-07-17,bpi_value,1153.0,7.05012,1136.0,1118.0,1097.0,1024.0,1002.0,1017.0,994.0,892.0,768.0,1202.0,1085.14,52.03,1048.0,52.4,954.5,109.84,952.3,111.47,1018.33,132.57,0.01485,0.14037,0.14839,0.40633,2034.0,2044.0,1977.0,895.0,894.0,924.0,556.0,559.0,568.0,-0.26141,-0.96523,0.50465,0.86333,60,2013-10-10,85,2027.0,0.56419,train
2013-07-18,bpi_value,1165.0,7.06048,1153.0,1136.0,1118.0,1062.0,1006.0,1012.0,1007.0,909.0,764.0,1193.0,1107.86,46.98,1059.29,58.96,967.87,110.24,951.83,110.52,1018.79,133.0,0.01035,0.14674,0.14575,0.42191,2006.0,2034.0,2012.0,894.0,895.0,920.0,550.0,556.0,566.0,-0.27798,-0.96059,0.53405,0.84546,60,2013-10-11,85,2024.0,0.55235,train
2013-07-19,bpi_value,1172.0,7.06647,1165.0,1153.0,1136.0,1097.0,1024.0,1008.0,1014.0,920.0,764.0,1165.0,1129.0,36.65,1070.57,64.11,981.47,109.41,951.95,110.74,1019.28,133.48,0.00599,0.135,0.14481,0.4279,1987.0,2006.0,2037.0,897.0,894.0,911.0,544.0,550.0,564.0,-0.29446,-0.95566,0.56281,0.82658,60,2013-10-14,87,2020.0,0.54439,train
2013-07-22,bpi_value,1170.0,7.06476,1172.0,1165.0,1153.0,1118.0,1062.0,1002.0,1016.0,927.0,766.0,1121.0,1144.43,26.54,1081.57,66.95,994.93,106.9,952.77,112.16,1019.71,133.9,-0.00171,0.09685,0.14113,0.42358,1978.0,1987.0,2047.0,898.0,897.0,904.0,541.0,544.0,561.0,-0.34337,-0.9392,0.64498,0.7642,60,2013-10-15,85,2021.0,0.54659,train
2013-07-23,bpi_value,1159.0,7.05531,1170.0,1172.0,1165.0,1136.0,1097.0,1006.0,1017.0,937.0,777.0,1082.0,1153.29,18.3,1091.71,67.15,1007.67,102.86,954.05,114.06,1019.94,134.13,-0.00945,0.05498,0.1307,0.39987,1956.0,1978.0,2058.0,902.0,898.0,901.0,539.0,541.0,561.0,-0.35947,-0.93316,0.67089,0.74156,60,2013-10-16,85,2030.0,0.56048,train
2013-07-24,bpi_value,1145.0,7.04316,1159.0,1170.0,1172.0,1153.0,1118.0,1024.0,1012.0,959.0,808.0,1058.0,1157.14,12.32,1101.21,64.56,1018.9,98.76,955.5,115.91,1019.92,134.11,-0.01215,0.02386,0.12348,0.3486,1936.0,1956.0,2052.0,907.0,902.0,897.0,539.0,539.0,560.0,-0.37547,-0.92683,0.696,0.71804,60,2013-10-17,85,2059.0,0.58682,train
2013-07-25,bpi_value,1123.0,7.02376,1145.0,1159.0,1170.0,1165.0,1136.0,1062.0,1008.0,976.0,833.0,1028.0,1155.29,15.84,1109.43,59.28,1028.57,94.17,957.08,117.52,1019.49,133.71,-0.0194,-0.01151,0.10804,0.29873,1890.0,1936.0,2044.0,914.0,907.0,894.0,535.0,539.0,559.0,-0.39136,-0.92024,0.72029,0.69368,60,2013-10-18,85,2060.0,0.6067,train
2013-07-26,bpi_value,1104.0,7.0067,1123.0,1145.0,1159.0,1172.0,1153.0,1097.0,1002.0,994.0,859.0,1018.0,1148.29,24.02,1116.71,51.37,1036.73,89.63,958.52,118.77,1018.73,133.04,-0.01706,-0.04343,0.09694,0.25093,1873.0,1890.0,2034.0,917.0,914.0,895.0,534.0,535.0,556.0,-0.40713,-0.91337,0.74372,0.66849,60,2013-10-21,87,2054.0,0.62085,train
2013-07-29,bpi_value,1090.0,6.99393,1104.0,1123.0,1145.0,1170.0,1165.0,1118.0,1006.0,1007.0,878.0,1010.0,1137.57,30.13,1122.71,42.17,1043.8,85.08,959.85,119.79,1017.69,132.1,-0.01276,-0.06654,0.0802,0.21629,1864.0,1873.0,2006.0,917.0,917.0,894.0,534.0,534.0,550.0,-0.4537,-0.89115,0.80864,0.58831,60,2013-10-22,85,2038.0,0.62579,train
2013-07-30,bpi_value,1075.0,6.98008,1090.0,1104.0,1123.0,1159.0,1172.0,1136.0,1024.0,1014.0,892.0,1006.0,1123.71,33.25,1126.36,35.09,1049.9,80.41,961.0,120.56,1016.41,130.98,-0.01386,-0.08639,0.0486,0.18661,1856.0,1864.0,1987.0,919.0,917.0,897.0,532.0,534.0,544.0,-0.46897,-0.88322,0.8284,0.56014,60,2013-10-23,85,2010.0,0.62581,train
2013-07-31,bpi_value,1057.0,6.96319,1075.0,1090.0,1104.0,1145.0,1170.0,1153.0,1062.0,1016.0,909.0,999.0,1107.57,34.28,1126.0,35.77,1054.83,76.03,961.97,121.09,1014.8,129.57,-0.01689,-0.10157,-0.00472,0.15084,1881.0,1856.0,1978.0,916.0,919.0,898.0,531.0,532.0,541.0,-0.48409,-0.87502,0.84717,0.53132,60,2013-10-24,85,1959.0,0.617,train
2013-08-01,bpi_value,1041.0,6.94794,1057.0,1075.0,1090.0,1123.0,1159.0,1165.0,1097.0,1017.0,920.0,995.0,1090.71,33.85,1122.0,41.46,1058.87,71.87,962.73,121.44,1012.94,127.98,-0.01525,-0.10738,-0.0524,0.12356,1935.0,1881.0,1956.0,912.0,916.0,902.0,530.0,531.0,539.0,-0.49907,-0.86656,0.86495,0.50186,60,2013-10-25,85,1904.0,0.60378,train
2013-08-02,bpi_value,1021.0,6.92854,1041.0,1057.0,1075.0,1104.0,1145.0,1172.0,1118.0,1012.0,927.0,995.0,1073.0,33.25,1115.07,48.98,1062.0,67.99,963.17,121.6,1010.84,126.27,-0.0194,-0.11462,-0.09076,0.09658,1950.0,1935.0,1936.0,909.0,912.0,907.0,529.0,530.0,539.0,-0.5139,-0.85785,0.8817,0.47181,60,2013-10-28,87,1855.0,0.5971,train
2013-08-05,bpi_value,1009.0,6.91672,1021.0,1041.0,1057.0,1090.0,1123.0,1170.0,1136.0,1008.0,937.0,994.0,1056.71,32.68,1106.0,55.58,1064.4,64.73,963.42,121.68,1008.68,124.59,-0.01182,-0.10704,-0.11855,0.07403,1939.0,1950.0,1890.0,908.0,909.0,914.0,527.0,529.0,535.0,-0.55747,-0.8302,0.92562,0.37846,60,2013-10-29,85,1790.0,0.57326,train
2013-08-06,bpi_value,992.0,6.89972,1009.0,1021.0,1041.0,1075.0,1104.0,1159.0,1153.0,1002.0,959.0,993.0,1040.71,33.03,1094.5,61.05,1065.5,63.19,963.4,121.68,1006.47,123.1,-0.01699,-0.10697,-0.1504,0.03383,1907.0,1939.0,1873.0,908.0,908.0,917.0,526.0,527.0,534.0,-0.57167,-0.82049,0.93809,0.34639,60,2013-10-30,85,1716.0,0.54803,train
2013-08-07,bpi_value,977.0,6.88449,992.0,1009.0,1021.0,1057.0,1090.0,1145.0,1165.0,1006.0,976.0,988.0,1024.57,32.61,1081.07,64.64,1065.53,63.15,963.22,121.65,1004.26,121.81,-0.01524,-0.10945,-0.17599,0.00102,1853.0,1907.0,1864.0,907.0,908.0,917.0,525.0,526.0,534.0,-0.5857,-0.81053,0.94945,0.31392,60,2013-10-31,85,1667.0,0.53429,train
2013-08-08,bpi_value,962.0,6.86901,977.0,992.0,1009.0,1041.0,1075.0,1123.0,1172.0,1024.0,994.0,974.0,1008.43,31.6,1066.07,66.14,1064.47,64.6,963.02,121.64,1002.11,120.83,-0.01547,-0.11106,-0.19745,-0.03272,1829.0,1853.0,1856.0,911.0,907.0,919.0,522.0,525.0,532.0,-0.59955,-0.80034,0.95969,0.28108,60,2013-11-01,85,1631.0,0.52793,train
2013-08-09,bpi_value,948.0,6.85435,962.0,977.0,992.0,1021.0,1057.0,1104.0,1170.0,1062.0,1007.0,951.0,992.86,30.68,1050.21,65.94,1062.5,67.17,962.97,121.64,1000.1,120.21,-0.01466,-0.10884,-0.2104,-0.06038,1813.0,1829.0,1881.0,913.0,911.0,916.0,521.0,522.0,531.0,-0.61323,-0.7899,0.96879,0.2479,60,2013-11-04,87,1612.0,0.53088,train
2013-08-12,bpi_value,940.0,6.84588,948.0,962.0,977.0,1009.0,1041.0,1090.0,1159.0,1097.0,1014.0,930.0,978.43,28.3,1034.57,64.23,1060.03,70.19,963.13,121.61,998.26,119.84,-0.00847,-0.10206,-0.20943,-0.07578,1805.0,1813.0,1935.0,911.0,913.0,912.0,518.0,521.0,530.0,-0.65316,-0.75722,0.98917,0.14676,60,2013-11-05,85,1617.0,0.54245,train
2013-08-13,bpi_value,933.0,6.83841,940.0,948.0,962.0,992.0,1021.0,1075.0,1145.0,1118.0,1016.0,917.0,965.86,26.05,1019.43,61.33,1057.27,73.43,963.4,121.52,996.47,119.6,-0.00747,-0.09013,-0.20475,-0.08522,1846.0,1805.0,1950.0,910.0,911.0,909.0,516.0,518.0,529.0,-0.66609,-0.74587,0.99363,0.11265,60,2013-11-06,85,1614.0,0.54807,train
2013-08-14,bpi_value,928.0,6.83303,933.0,940.0,948.0,977.0,1009.0,1057.0,1123.0,1136.0,1017.0,899.0,954.29,21.99,1005.5,58.3,1054.3,76.73,963.88,121.32,994.73,119.45,-0.00537,-0.08368,-0.19073,-0.09158,2021.0,1846.0,1939.0,909.0,910.0,908.0,518.0,516.0,527.0,-0.67882,-0.7343,0.99692,0.07841,60,2013-11-07,85,1594.0,0.54097,train
2013-08-15,bpi_value,926.0,6.83087,928.0,933.0,940.0,962.0,992.0,1041.0,1104.0,1153.0,1012.0,880.0,944.86,17.49,992.79,54.73,1051.43,79.8,964.65,120.93,993.06,119.34,-0.00216,-0.06885,-0.17582,-0.08881,2099.0,2021.0,1907.0,910.0,909.0,908.0,517.0,518.0,526.0,-0.69135,-0.72252,0.99903,0.04407,60,2013-11-08,85,1565.0,0.52477,train
2013-08-16,bpi_value,923.0,6.82763,926.0,928.0,933.0,948.0,977.0,1021.0,1090.0,1165.0,1008.0,863.0,937.14,12.92,980.86,50.26,1048.6,82.74,965.65,120.34,991.31,119.21,-0.00325,-0.05686,-0.1663,-0.08809,2112.0,2099.0,1853.0,913.0,910.0,907.0,517.0,517.0,525.0,-0.70368,-0.71052,0.99995,0.00968,60,2013-11-11,87,1542.0,0.51321,train
2013-08-19,bpi_value,917.0,6.82111,923.0,926.0,928.0,940.0,962.0,1009.0,1075.0,1172.0,1002.0,854.0,930.71,9.76,969.57,45.35,1045.77,85.69,966.7,119.63,989.33,118.95,-0.00652,-0.04791,-0.15897,-0.08865,2140.0,2112.0,1829.0,916.0,913.0,911.0,519.0,517.0,522.0,-0.73939,-0.67327,0.99563,-0.0934,60,2013-11-12,85,1510.0,0.49876,train
2013-08-20,bpi_value,912.0,6.81564,917.0,923.0,926.0,933.0,948.0,992.0,1057.0,1170.0,1006.0,838.0,925.57,8.73,959.21,40.5,1042.63,88.75,967.93,118.67,987.11,118.5,-0.00547,-0.03871,-0.14755,-0.0981,2218.0,2140.0,1813.0,917.0,916.0,913.0,520.0,519.0,521.0,-0.75086,-0.66046,0.99183,-0.12759,60,2013-11-13,85,1474.0,0.4801,train
2013-08-21,bpi_value,905.0,6.80793,912.0,917.0,923.0,928.0,940.0,977.0,1041.0,1159.0,1024.0,821.0,920.57,9.05,949.5,35.75,1038.67,92.09,969.33,117.42,984.67,117.9,-0.00771,-0.03794,-0.14,-0.12354,2268.0,2218.0,1805.0,919.0,917.0,911.0,522.0,520.0,518.0,-0.76211,-0.64744,0.98685,-0.16164,60,2013-11-14,85,1438.0,0.46307,train
2013-08-22,bpi_value,904.0,6.80683,905.0,912.0,917.0,926.0,933.0,962.0,1021.0,1145.0,1062.0,806.0,916.43,9.05,941.14,31.48,1033.4,95.08,970.97,115.81,982.01,116.99,-0.00111,-0.03158,-0.12171,-0.16108,2284.0,2268.0,1846.0,920.0,919.0,910.0,525.0,522.0,516.0,-0.77314,-0.63424,0.98071,-0.19549,60,2013-11-15,85,1409.0,0.44381,train
2013-08-23,bpi_value,903.0,6.80572,904.0,905.0,912.0,923.0,928.0,948.0,1009.0,1123.0,1097.0,795.0,912.86,8.71,933.57,26.62,1026.93,97.11,972.77,113.88,979.08,115.62,-0.00111,-0.02731,-0.11099,-0.19461,2312.0,2284.0,2021.0,925.0,920.0,909.0,528.0,525.0,518.0,-0.78393,-0.62084,0.9734,-0.2291,60,2013-11-18,87,1382.0,0.42556,train
2013-08-27,bpi_value,904.0,6.80683,903.0,904.0,905.0,917.0,926.0,940.0,992.0,1104.0,1118.0,786.0,909.71,7.24,927.29,22.09,1019.8,98.01,974.73,111.64,976.01,113.9,0.00111,-0.02404,-0.09289,-0.21247,2335.0,2312.0,2099.0,927.0,925.0,910.0,531.0,528.0,517.0,-0.82477,-0.56548,0.93277,-0.36047,60,2013-11-19,84,1353.0,0.40325,train
2013-08-28,bpi_value,901.0,6.80351,904.0,903.0,904.0,912.0,923.0,933.0,977.0,1090.0,1136.0,776.0,906.57,5.31,921.86,18.2,1011.97,97.8,976.82,109.05,972.73,111.74,-0.00332,-0.02412,-0.08098,-0.23176,2284.0,2335.0,2112.0,929.0,927.0,913.0,531.0,531.0,517.0,-0.83437,-0.5512,0.91982,-0.39235,60,2013-11-20,84,1346.0,0.40139,train
2013-08-29,bpi_value,904.0,6.80683,901.0,904.0,903.0,905.0,917.0,928.0,962.0,1075.0,1153.0,768.0,904.71,3.19,917.71,14.89,1003.67,96.03,979.08,106.05,969.42,109.29,0.00332,-0.01428,-0.06219,-0.24329,2256.0,2284.0,2140.0,934.0,929.0,916.0,530.0,531.0,519.0,-0.84373,-0.53677,0.90578,-0.42375,60,2013-11-21,84,1345.0,0.39732,train
2013-08-30,bpi_value,907.0,6.81014,904.0,901.0,904.0,904.0,912.0,926.0,948.0,1057.0,1165.0,764.0,904.0,1.69,914.79,12.49,995.07,92.69,981.47,102.75,966.24,106.87,0.00331,-0.0055,-0.04421,-0.25033,2243.0,2256.0,2218.0,937.0,934.0,917.0,531.0,530.0,520.0,-0.85284,-0.52218,0.89066,-0.45466,60,2013-11-22,84,1362.0,0.40657,train
2013-09-02,bpi_value,912.0,6.81564,907.0,904.0,901.0,903.0,905.0,923.0,940.0,1041.0,1172.0,764.0,905.0,3.3,912.79,10.35,986.4,87.77,983.93,99.21,963.43,104.92,0.0055,0.00771,-0.03024,-0.25083,2263.0,2243.0,2268.0,939.0,937.0,919.0,534.0,531.0,522.0,-0.87864,-0.47749,0.83908,-0.54401,60,2013-11-25,84,1387.0,0.41926,train
2013-09-03,bpi_value,921.0,6.82546,912.0,907.0,904.0,904.0,904.0,917.0,933.0,1021.0,1170.0,766.0,907.43,6.43,911.93,9.05,978.1,81.57,986.52,95.45,961.21,103.67,0.00982,0.01863,-0.01295,-0.2393,2344.0,2263.0,2284.0,939.0,939.0,920.0,534.0,534.0,525.0,-0.88672,-0.4623,0.81987,-0.57255,60,2013-11-26,84,1427.0,0.43787,train
2013-09-04,bpi_value,933.0,6.83841,921.0,912.0,907.0,901.0,903.0,912.0,928.0,1009.0,1159.0,777.0,911.71,10.66,912.29,9.75,970.57,74.66,989.12,91.76,959.56,102.91,0.01295,0.03268,0.00537,-0.21691,2445.0,2344.0,2312.0,939.0,939.0,925.0,535.0,534.0,528.0,-0.89454,-0.44698,0.79969,-0.60041,60,2013-11-27,84,1510.0,0.48146,train
2013-09-05,bpi_value,961.0,6.86797,933.0,921.0,912.0,904.0,904.0,905.0,926.0,992.0,1145.0,808.0,919.86,19.64,914.79,15.65,964.43,67.27,991.67,88.77,958.48,102.38,0.02957,0.06115,0.0371,-0.17519,2660.0,2445.0,2335.0,943.0,939.0,927.0,534.0,535.0,531.0,-0.9021,-0.43153,0.77856,-0.62756,60,2013-11-28,84,1613.0,0.51788,train
2013-09-06,bpi_value,1020.0,6.92756,961.0,933.0,921.0,907.0,901.0,904.0,923.0,977.0,1123.0,833.0,936.86,38.45,921.71,31.35,961.0,61.47,994.78,86.4,958.39,102.33,0.05958,0.12405,0.09993,-0.0962,2799.0,2660.0,2284.0,952.0,943.0,929.0,537.0,534.0,531.0,-0.90939,-0.41595,0.75652,-0.65397,60,2013-11-29,84,1665.0,0.49002,train
2013-09-09,bpi_value,1105.0,7.0076,1020.0,961.0,933.0,912.0,904.0,903.0,917.0,962.0,1104.0,859.0,965.57,67.37,935.14,56.57,961.03,61.54,998.88,85.69,959.36,103.29,0.08004,0.20077,0.18649,0.00091,3113.0,2799.0,2256.0,959.0,952.0,934.0,540.0,537.0,530.0,-0.92963,-0.36848,0.68511,-0.72844,60,2013-12-02,84,1695.0,0.42784,train
2013-09-10,bpi_value,1186.0,7.07834,1105.0,1020.0,961.0,921.0,907.0,904.0,912.0,948.0,1090.0,878.0,1005.43,96.96,954.71,85.29,964.23,70.07,1004.02,87.5,961.31,105.86,0.07074,0.2682,0.2627,0.08441,3255.0,3113.0,2243.0,965.0,959.0,937.0,542.0,540.0,531.0,-0.93583,-0.35244,0.65965,-0.75157,60,2013-12-03,84,1741.0,0.38387,train
2013-09-11,bpi_value,1241.0,7.12367,1186.0,1105.0,1020.0,933.0,912.0,901.0,905.0,940.0,1075.0,892.0,1052.43,117.78,978.71,111.25,969.77,83.81,1009.83,91.38,963.92,109.76,0.04533,0.30803,0.31574,0.1436,3431.0,3255.0,2263.0,958.0,965.0,939.0,543.0,542.0,534.0,-0.94176,-0.33629,0.63341,-0.77382,60,2013-12-04,84,1795.0,0.36909,train
2013-09-12,bpi_value,1278.0,7.15305,1241.0,1186.0,1105.0,961.0,921.0,904.0,904.0,933.0,1057.0,909.0,1103.43,126.78,1005.43,132.9,977.13,99.41,1015.98,96.65,967.02,114.54,0.02938,0.32759,0.34622,0.18986,3397.0,3431.0,2344.0,954.0,958.0,939.0,545.0,543.0,534.0,-0.9474,-0.32004,0.60641,-0.79515,60,2013-12-05,84,1867.0,0.37904,train
2013-09-13,bpi_value,1306.0,7.17472,1278.0,1241.0,1186.0,1020.0,933.0,907.0,903.0,928.0,1041.0,920.0,1156.71,122.26,1034.21,150.12,985.97,115.21,1022.42,102.7,970.48,119.9,0.02167,0.33632,0.369,0.22679,3446.0,3397.0,2445.0,946.0,954.0,939.0,544.0,545.0,535.0,-0.95277,-0.3037,0.5787,-0.81554,60,2013-12-06,84,1923.0,0.38692,train
2013-09-16,bpi_value,1321.0,7.18614,1306.0,1278.0,1241.0,1105.0,961.0,912.0,904.0,926.0,1021.0,927.0,1208.14,103.37,1064.0,162.21,995.97,129.9,1028.98,108.81,974.1,125.39,0.01142,0.31817,0.37931,0.25761,3480.0,3446.0,2660.0,940.0,946.0,943.0,547.0,544.0,534.0,-0.96717,-0.25414,0.4916,-0.87082,60,2013-12-09,84,1955.0,0.392,train
2013-09-17,bpi_value,1349.0,7.20712,1321.0,1306.0,1278.0,1186.0,1020.0,921.0,901.0,923.0,1009.0,937.0,1255.14,79.08,1096.0,170.86,1007.3,144.55,1035.85,115.58,978.04,131.39,0.02097,0.27956,0.40361,0.2904,3691.0,3480.0,2799.0,936.0,940.0,952.0,548.0,547.0,537.0,-0.9714,-0.23747,0.46135,-0.88722,60,2013-12-10,84,1997.0,0.39228,train
2013-09-18,bpi_value,1385.0,7.23346,1349.0,1321.0,1306.0,1241.0,1105.0,933.0,904.0,917.0,992.0,959.0,1295.14,61.99,1130.36,177.05,1020.4,159.6,1042.95,123.45,982.4,138.14,0.02634,0.22585,0.42663,0.33373,3838.0,3691.0,3113.0,934.0,936.0,959.0,549.0,548.0,540.0,-0.97534,-0.22072,0.43056,-0.90256,60,2013-12-11,84,2050.0,0.39214,train
2013-09-19,bpi_value,1415.0,7.25488,1385.0,1349.0,1321.0,1278.0,1186.0,961.0,907.0,912.0,977.0,976.0,1327.86,55.88,1166.64,179.59,1035.0,174.31,1050.27,131.98,987.14,145.39,0.02143,0.17654,0.44474,0.3704,3924.0,3838.0,3255.0,942.0,934.0,965.0,554.0,549.0,542.0,-0.97899,-0.20391,0.39926,-0.91684,60,2013-12-12,84,2085.0,0.38764,train
2013-09-20,bpi_value,1453.0,7.28139,1415.0,1385.0,1349.0,1306.0,1241.0,1020.0,912.0,905.0,962.0,994.0,1358.14,58.01,1205.29,178.84,1051.37,189.11,1057.92,141.46,992.47,153.36,0.0265,0.15771,0.46575,0.41237,4018.0,3924.0,3431.0,951.0,942.0,958.0,558.0,554.0,543.0,-0.98235,-0.18704,0.36748,-0.93003,60,2013-12-13,84,2096.0,0.3664,train
2013-09-23,bpi_value,1509.0,7.3192,1453.0,1415.0,1385.0,1321.0,1278.0,1105.0,921.0,904.0,948.0,1007.0,1391.14,67.9,1247.29,176.17,1070.07,205.03,1066.28,152.61,998.67,162.56,0.03782,0.16615,0.49374,0.46485,4111.0,4018.0,3397.0,964.0,951.0,954.0,561.0,558.0,545.0,-0.99069,-0.13612,0.26971,-0.96294,60,2013-12-16,84,2082.0,0.32188,train
2013-09-24,bpi_value,1602.0,7.37901,1509.0,1453.0,1415.0,1349.0,1306.0,1186.0,933.0,903.0,940.0,1014.0,1433.43,90.21,1295.07,175.17,1092.13,224.54,1076.08,167.13,1006.13,174.25,0.05981,0.20428,0.5406,0.53313,4253.0,4111.0,3446.0,971.0,964.0,946.0,567.0,561.0,544.0,-0.99289,-0.11906,0.23642,-0.97165,60,2013-12-17,84,2025.0,0.23432,train
2013-09-25,bpi_value,1745.0,7.46451,1602.0,1509.0,1453.0,1385.0,1321.0,1241.0,961.0,904.0,933.0,1016.0,1494.0,128.57,1351.07,184.49,1119.2,251.1,1088.23,187.56,1015.33,190.41,0.0855,0.27837,0.59654,0.6261,4329.0,4253.0,3480.0,986.0,971.0,940.0,576.0,567.0,547.0,-0.99479,-0.10196,0.20286,-0.97921,60,2013-12-18,84,1946.0,0.10902,train
2013-09-26,bpi_value,1794.0,7.4922,1745.0,1602.0,1509.0,1415.0,1349.0,1278.0,1020.0,901.0,928.0,1017.0,1557.57,149.48,1406.36,192.78,1148.07,276.0,1101.18,207.92,1025.28,206.75,0.02769,0.28508,0.56465,0.65917,4193.0,4329.0,3691.0,1012.0,986.0,936.0,585.0,576.0,548.0,-0.9964,-0.08483,0.16906,-0.98561,60,2013-12-19,84,1883.0,0.04842,train
2013-09-27,bpi_value,1800.0,7.49554,1794.0,1745.0,1602.0,1453.0,1385.0,1306.0,1105.0,904.0,926.0,1012.0,1616.86,151.56,1456.0,198.2,1177.2,296.4,1114.32,225.97,1035.5,221.53,0.00334,0.26209,0.48794,0.66467,3967.0,4193.0,3838.0,1046.0,1012.0,934.0,594.0,585.0,549.0,-0.99771,-0.06768,0.13506,-0.99084,60,2013-12-20,84,1858.0,0.03171,train
2013-09-30,bpi_value,1795.0,7.49276,1800.0,1794.0,1745.0,1509.0,1415.0,1321.0,1186.0,907.0,923.0,1008.0,1671.14,136.88,1499.5,200.97,1206.27,312.37,1127.43,241.71,1045.86,234.62,-0.00278,0.23788,0.41442,0.66513,3853.0,3967.0,3924.0,1069.0,1046.0,942.0,597.0,594.0,554.0,-0.99987,-0.01613,0.03225,-0.99948,60,2013-12-23,84,1835.0,0.02204,train
2013-10-01,bpi_value,1786.0,7.48773,1795.0,1800.0,1794.0,1602.0,1453.0,1349.0,1241.0,912.0,917.0,1002.0,1718.71,107.51,1538.43,199.91,1235.23,324.27,1140.5,255.38,1056.21,246.2,-0.00503,0.20635,0.36406,0.66663,3816.0,3853.0,4018.0,1079.0,1069.0,951.0,597.0,597.0,558.0,-1.0,0.00108,-0.00215,-1.0,60,2013-12-24,84,1825.0,0.0216,train
2013-10-02,bpi_value,1813.0,7.50274,1786.0,1795.0,1800.0,1745.0,1509.0,1385.0,1278.0,921.0,912.0,1006.0,1762.14,68.27,1576.64,197.6,1265.27,334.5,1153.95,268.84,1067.04,257.55,0.015,0.18354,0.34969,0.6871,3810.0,3816.0,4111.0,1087.0,1079.0,964.0,599.0,597.0,561.0,-0.99983,0.01828,-0.03655,-0.99933,60,2014-01-02,92,1780.0,-0.01837,train
2013-10-03,bpi_value,1862.0,7.52941,1813.0,1786.0,1795.0,1794.0,1602.0,1415.0,1306.0,933.0,905.0,1024.0,1799.29,32.27,1616.36,195.07,1297.17,344.12,1167.92,283.12,1078.61,269.35,0.02667,0.1504,0.35468,0.72147,3878.0,3810.0,4253.0,1093.0,1087.0,971.0,602.0,599.0,567.0,-0.99937,0.03547,-0.0709,-0.99748,60,2014-01-03,92,1750.0,-0.06204,train
2013-10-04,bpi_value,1914.0,7.55695,1862.0,1813.0,1786.0,1800.0,1745.0,1453.0,1321.0,961.0,904.0,1062.0,1823.43,43.79,1658.71,190.67,1330.83,353.29,1182.12,298.4,1090.92,281.65,0.02754,0.09244,0.37081,0.75012,3943.0,3878.0,4329.0,1101.0,1093.0,986.0,609.0,602.0,576.0,-0.99861,0.05266,-0.10517,-0.99445,60,2014-01-06,94,1724.0,-0.10455,train
2013-10-07,bpi_value,1947.0,7.57405,1914.0,1862.0,1813.0,1795.0,1794.0,1509.0,1349.0,1020.0,903.0,1097.0,1845.29,59.14,1701.43,183.34,1365.63,360.77,1196.28,313.81,1103.72,293.82,0.01709,0.08184,0.36693,0.76832,4020.0,3943.0,4193.0,1113.0,1101.0,1012.0,618.0,609.0,585.0,-0.99457,0.1041,-0.20707,-0.97833,60,2014-01-07,92,1692.0,-0.14038,train
2013-10-08,bpi_value,1989.0,7.59539,1947.0,1914.0,1862.0,1786.0,1800.0,1602.0,1385.0,1105.0,904.0,1118.0,1872.29,73.66,1744.57,174.67,1401.8,367.01,1210.8,329.6,1117.09,306.17,0.02134,0.09985,0.36193,0.78856,4085.0,4020.0,3967.0,1127.0,1113.0,1046.0,622.0,618.0,594.0,-0.99263,0.12119,-0.2406,-0.97062,60,2014-01-08,92,1672.0,-0.17361,train
2013-10-09,bpi_value,2016.0,7.60887,1989.0,1947.0,1914.0,1813.0,1795.0,1745.0,1415.0,1186.0,901.0,1136.0,1903.86,80.79,1787.5,161.77,1438.97,370.85,1225.47,345.15,1130.87,318.17,0.01348,0.11611,0.35399,0.80537,3959.0,4085.0,3853.0,1145.0,1127.0,1069.0,629.0,622.0,597.0,-0.9904,0.13825,-0.27385,-0.96177,60,2014-01-09,92,1645.0,-0.20337,train
2013-10-10,bpi_value,2027.0,7.61431,2016.0,1989.0,1947.0,1862.0,1786.0,1794.0,1453.0,1241.0,904.0,1153.0,1938.29,74.32,1828.5,143.51,1476.4,371.64,1240.03,359.92,1144.86,329.39,0.00544,0.12658,0.33293,0.80748,3621.0,3959.0,3816.0,1162.0,1145.0,1079.0,630.0,629.0,597.0,-0.98787,0.15527,-0.30677,-0.95178,60,2014-01-10,92,1621.0,-0.22351,train
2013-10-11,bpi_value,2024.0,7.61283,2027.0,2016.0,1989.0,1914.0,1813.0,1800.0,1509.0,1278.0,907.0,1165.0,1968.43,58.5,1865.29,121.16,1513.63,368.67,1254.35,373.48,1158.86,339.53,-0.00148,0.11009,0.29363,0.80269,3527.0,3621.0,3810.0,1175.0,1162.0,1087.0,632.0,630.0,599.0,-0.98506,0.17224,-0.33932,-0.94067,60,2014-01-13,94,1598.0,-0.23632,train
2013-10-14,bpi_value,2020.0,7.61085,2024.0,2027.0,2016.0,1947.0,1862.0,1795.0,1602.0,1306.0,912.0,1172.0,1991.0,40.92,1895.14,102.7,1550.57,361.99,1268.48,385.93,1172.81,348.7,-0.00198,0.08145,0.23184,0.79521,3455.0,3527.0,3878.0,1182.0,1175.0,1093.0,634.0,632.0,602.0,-0.97486,0.22282,-0.43444,-0.9007,60,2014-01-14,92,1580.0,-0.24567,train
2013-10-15,bpi_value,2021.0,7.61135,2020.0,2024.0,2027.0,1989.0,1914.0,1786.0,1745.0,1321.0,921.0,1170.0,2006.29,26.87,1914.86,98.38,1587.23,351.94,1282.67,397.51,1186.76,357.14,0.00049,0.0544,0.14684,0.78589,3469.0,3455.0,3943.0,1185.0,1182.0,1101.0,637.0,634.0,609.0,-0.97088,0.23956,-0.46516,-0.88523,60,2014-01-15,92,1572.0,-0.25124,train
2013-10-16,bpi_value,2030.0,7.61579,2021.0,2020.0,2024.0,2016.0,1947.0,1813.0,1794.0,1349.0,933.0,1159.0,2018.14,12.64,1931.71,96.43,1623.8,338.8,1297.18,408.48,1200.68,365.23,0.00444,0.04175,0.12359,0.77739,3478.0,3469.0,4020.0,1186.0,1185.0,1113.0,634.0,637.0,618.0,-0.96662,0.25622,-0.49534,-0.8687,60,2014-01-16,92,1570.0,-0.25696,train
2013-10-17,bpi_value,2059.0,7.62998,2030.0,2021.0,2020.0,2027.0,1989.0,1862.0,1800.0,1385.0,961.0,1145.0,2028.14,13.3,1950.21,94.2,1660.4,324.22,1312.42,419.42,1214.58,373.73,0.01418,0.03459,0.13443,0.762,3451.0,3478.0,4085.0,1199.0,1186.0,1127.0,632.0,634.0,622.0,-0.96207,0.27281,-0.52493,-0.85115,60,2014-01-17,92,1564.0,-0.27497,train
2013-10-18,bpi_value,2060.0,7.63046,2059.0,2030.0,2021.0,2024.0,2016.0,1914.0,1795.0,1415.0,1020.0,1123.0,2034.43,16.17,1969.14,87.5,1695.07,309.14,1328.03,429.4,1228.21,381.85,0.00049,0.02159,0.1377,0.7029,3264.0,3451.0,3959.0,1206.0,1199.0,1145.0,634.0,632.0,629.0,-0.95723,0.28932,-0.55389,-0.83259,60,2014-01-20,94,1552.0,-0.28316,train
2013-10-21,bpi_value,2054.0,7.62754,2060.0,2059.0,2030.0,2020.0,2027.0,1947.0,1786.0,1453.0,1105.0,1104.0,2038.29,17.13,1988.29,73.54,1726.7,295.39,1343.87,438.27,1241.49,389.48,-0.00292,0.01323,0.13981,0.61994,3200.0,3264.0,3621.0,1213.0,1206.0,1162.0,635.0,634.0,630.0,-0.94103,0.33831,-0.63673,-0.77109,60,2014-01-21,92,1530.0,-0.29452,train
2013-10-22,bpi_value,2038.0,7.61972,2054.0,2060.0,2059.0,2021.0,2024.0,1989.0,1813.0,1509.0,1186.0,1090.0,2040.29,16.13,2004.36,55.96,1755.1,282.73,1359.67,445.86,1254.38,396.37,-0.00782,0.00689,0.11699,0.54138,3110.0,3200.0,3527.0,1221.0,1213.0,1175.0,636.0,635.0,632.0,-0.93507,0.35445,-0.66288,-0.74873,60,2014-01-22,92,1496.0,-0.30917,train
2013-10-23,bpi_value,2010.0,7.60589,2038.0,2054.0,2060.0,2030.0,2020.0,2016.0,1862.0,1602.0,1241.0,1075.0,2038.86,18.18,2014.93,39.69,1780.73,269.51,1375.25,451.94,1266.8,402.3,-0.01383,-0.00496,0.07648,0.48222,2943.0,3110.0,3455.0,1228.0,1221.0,1182.0,639.0,636.0,634.0,-0.92884,0.37048,-0.68824,-0.72549,60,2014-01-23,92,1468.0,-0.31423,train
2013-10-24,bpi_value,1959.0,7.58019,2010.0,2038.0,2054.0,2059.0,2021.0,2027.0,1914.0,1745.0,1278.0,1057.0,2030.0,33.43,2018.14,32.56,1803.43,254.47,1390.28,456.08,1278.47,406.95,-0.0257,-0.03116,0.02324,0.42714,2775.0,2943.0,3469.0,1243.0,1228.0,1185.0,644.0,639.0,637.0,-0.92233,0.38641,-0.71279,-0.70138,60,2014-01-24,92,1437.0,-0.30988,train
2013-10-25,bpi_value,1904.0,7.55171,1959.0,2010.0,2038.0,2060.0,2030.0,2024.0,1947.0,1794.0,1306.0,1041.0,2012.0,55.33,2015.07,40.25,1823.37,237.58,1404.67,458.44,1289.4,410.37,-0.02848,-0.06408,-0.02233,0.37699,2681.0,2775.0,3478.0,1252.0,1243.0,1186.0,649.0,644.0,634.0,-0.91555,0.40221,-0.73649,-0.67645,60,2014-01-27,94,1413.0,-0.29824,train
2013-10-28,bpi_value,1855.0,7.52564,1904.0,1959.0,2010.0,2054.0,2059.0,2020.0,1989.0,1800.0,1321.0,1021.0,1982.86,73.61,2005.5,57.53,1841.17,218.52,1418.57,459.24,1299.71,412.79,-0.02607,-0.10434,-0.06975,0.3395,2526.0,2681.0,3451.0,1258.0,1252.0,1199.0,653.0,649.0,632.0,-0.89358,0.44891,-0.80227,-0.59697,60,2014-01-28,92,1387.0,-0.29074,train
2013-10-29,bpi_value,1790.0,7.48997,1855.0,1904.0,1959.0,2038.0,2060.0,2021.0,2016.0,1795.0,1349.0,1009.0,1944.29,91.62,1989.36,79.74,1855.87,198.86,1431.58,458.52,1309.19,414.14,-0.03567,-0.14049,-0.1189,0.28285,2340.0,2526.0,3264.0,1260.0,1258.0,1206.0,656.0,653.0,634.0,-0.88572,0.46421,-0.82233,-0.56902,60,2014-01-29,92,1369.0,-0.26814,train
2013-10-30,bpi_value,1716.0,7.44775,1790.0,1855.0,1904.0,2010.0,2054.0,2030.0,2027.0,1786.0,1385.0,992.0,1896.0,108.57,1967.14,105.36,1866.9,180.79,1443.65,456.31,1317.6,414.63,-0.04222,-0.17979,-0.16656,0.2143,2164.0,2340.0,3200.0,1266.0,1260.0,1213.0,660.0,656.0,635.0,-0.87761,0.47938,-0.84141,-0.54039,60,2014-01-30,92,1347.0,-0.24212,train
2013-10-31,bpi_value,1667.0,7.41878,1716.0,1790.0,1855.0,1959.0,2038.0,2059.0,2024.0,1813.0,1415.0,977.0,1843.0,116.57,1941.64,129.05,1875.3,164.74,1455.15,453.09,1325.28,414.63,-0.02897,-0.20094,-0.19405,0.1639,2245.0,2164.0,3110.0,1268.0,1266.0,1221.0,665.0,660.0,636.0,-0.86923,0.4944,-0.8595,-0.51113,60,2014-01-31,92,1337.0,-0.2206,train
2013-11-01,bpi_value,1631.0,7.39695,1667.0,1716.0,1790.0,1904.0,2010.0,2060.0,2020.0,1862.0,1453.0,962.0,1788.86,114.43,1913.86,149.46,1881.23,152.15,1466.3,449.03,1332.36,414.36,-0.02183,-0.20894,-0.2139,0.11556,2316.0,2245.0,2943.0,1269.0,1268.0,1228.0,669.0,665.0,639.0,-0.8606,0.50928,-0.87658,-0.48126,60,2014-02-03,94,1326.0,-0.20703,train
2013-11-04,bpi_value,1612.0,7.38523,1631.0,1667.0,1716.0,1855.0,1959.0,2054.0,2021.0,1914.0,1509.0,948.0,1739.29,104.74,1884.64,164.84,1884.67,144.69,1477.37,444.28,1339.08,413.93,-0.01172,-0.19496,-0.22612,0.06603,2400.0,2316.0,2775.0,1273.0,1269.0,1243.0,673.0,669.0,644.0,-0.83318,0.553,-0.9215,-0.38839,60,2014-02-04,92,1313.0,-0.20516,train
2013-11-05,bpi_value,1617.0,7.38833,1612.0,1631.0,1667.0,1790.0,1904.0,2038.0,2030.0,1947.0,1602.0,940.0,1698.29,86.89,1855.14,172.94,1885.17,143.74,1488.65,439.05,1345.78,413.49,0.0031,-0.16338,-0.22746,0.00932,2553.0,2400.0,2681.0,1280.0,1273.0,1252.0,678.0,673.0,649.0,-0.82355,0.56725,-0.93431,-0.35646,60,2014-02-05,92,1307.0,-0.21284,train
2013-11-06,bpi_value,1614.0,7.38647,1617.0,1612.0,1631.0,1716.0,1855.0,2010.0,2059.0,1989.0,1745.0,933.0,1663.86,62.21,1823.36,173.45,1880.8,149.79,1500.0,433.3,1352.42,412.95,-0.00186,-0.13917,-0.2435,-0.07804,2554.0,2553.0,2526.0,1285.0,1280.0,1258.0,681.0,678.0,653.0,-0.81367,0.58133,-0.94602,-0.32411,60,2014-02-06,92,1307.0,-0.21098,train
2013-11-07,bpi_value,1594.0,7.374,1614.0,1617.0,1612.0,1667.0,1790.0,1959.0,2060.0,2016.0,1794.0,928.0,1635.86,38.86,1790.07,169.51,1874.13,157.75,1511.1,426.99,1358.83,412.17,-0.01247,-0.11597,-0.25646,-0.1182,2533.0,2554.0,2340.0,1291.0,1285.0,1260.0,685.0,681.0,656.0,-0.80355,0.59524,-0.95661,-0.29138,60,2014-02-07,92,1304.0,-0.20081,train
2013-11-08,bpi_value,1565.0,7.35564,1594.0,1614.0,1617.0,1631.0,1716.0,1904.0,2054.0,2027.0,1800.0,926.0,1614.29,29.06,1755.14,161.73,1866.3,166.81,1521.75,420.18,1364.98,411.07,-0.01836,-0.09211,-0.2719,-0.1399,2514.0,2533.0,2164.0,1305.0,1291.0,1266.0,690.0,685.0,660.0,-0.79319,0.60897,-0.96606,-0.2583,60,2014-02-10,94,1305.0,-0.18168,train
2013-11-11,bpi_value,1542.0,7.34084,1565.0,1594.0,1614.0,1612.0,1667.0,1855.0,2038.0,2024.0,1795.0,923.0,1596.43,29.58,1719.71,149.77,1857.87,176.32,1532.07,412.89,1370.91,409.73,-0.01481,-0.07795,-0.27889,-0.15192,2506.0,2514.0,2245.0,1315.0,1305.0,1268.0,692.0,690.0,665.0,-0.76072,0.64908,-0.98754,-0.15739,60,2014-02-11,92,1322.0,-0.15393,train
2013-11-12,bpi_value,1510.0,7.31986,1542.0,1565.0,1594.0,1617.0,1631.0,1790.0,2010.0,2020.0,1786.0,917.0,1579.14,38.38,1684.0,135.2,1848.67,186.73,1541.95,405.07,1376.56,408.1,-0.02097,-0.07708,-0.28603,-0.16787,2473.0,2506.0,2316.0,1320.0,1315.0,1269.0,693.0,692.0,669.0,-0.74944,0.66207,-0.99237,-0.12333,60,2014-02-12,92,1324.0,-0.13145,train
2013-11-13,bpi_value,1474.0,7.29574,1510.0,1542.0,1565.0,1614.0,1612.0,1716.0,1959.0,2021.0,1813.0,912.0,1559.43,50.09,1649.36,121.76,1837.37,198.43,1551.32,396.81,1381.76,406.33,-0.02413,-0.0895,-0.28445,-0.207,2455.0,2473.0,2400.0,1321.0,1320.0,1273.0,696.0,693.0,673.0,-0.73794,0.67486,-0.99602,-0.08912,60,2014-02-13,92,1313.0,-0.11567,train
2013-11-14,bpi_value,1438.0,7.27101,1474.0,1510.0,1542.0,1594.0,1617.0,1667.0,1904.0,2030.0,1862.0,905.0,1533.86,59.06,1616.07,110.81,1823.23,210.89,1560.2,388.11,1386.36,404.59,-0.02473,-0.11732,-0.2807,-0.2584,2397.0,2455.0,2553.0,1325.0,1321.0,1280.0,699.0,696.0,678.0,-0.72622,0.68746,-0.9985,-0.05481,60,2014-02-14,92,1311.0,-0.09246,train
2013-11-15,bpi_value,1409.0,7.25064,1438.0,1474.0,1510.0,1565.0,1614.0,1631.0,1855.0,2059.0,1914.0,904.0,1504.57,62.77,1584.21,101.23,1806.4,222.79,1568.62,379.16,1390.21,403.13,-0.02037,-0.13584,-0.275,-0.30632,2377.0,2397.0,2554.0,1339.0,1325.0,1285.0,703.0,699.0,681.0,-0.71429,0.69985,-0.99979,-0.02043,60,2014-02-17,94,1308.0,-0.07438,train
2013-11-18,bpi_value,1382.0,7.23129,1409.0,1438.0,1474.0,1542.0,1594.0,1612.0,1790.0,2060.0,1947.0,903.0,1474.29,63.45,1555.07,96.41,1787.57,233.72,1576.6,370.0,1393.38,401.93,-0.01935,-0.14271,-0.25868,-0.34276,2366.0,2377.0,2533.0,1354.0,1339.0,1291.0,705.0,703.0,685.0,-0.67724,0.73576,-0.99658,0.08269,60,2014-02-18,92,1298.0,-0.06271,train
2013-11-19,bpi_value,1353.0,7.21008,1382.0,1409.0,1438.0,1510.0,1565.0,1617.0,1716.0,2054.0,1989.0,904.0,1444.0,63.52,1529.14,98.43,1766.37,243.14,1584.08,360.74,1395.99,400.9,-0.02121,-0.14556,-0.23767,-0.38531,2366.0,2366.0,2514.0,1360.0,1354.0,1305.0,708.0,705.0,690.0,-0.66448,0.7473,-0.99314,0.11692,60,2014-02-19,92,1282.0,-0.0539,train
2013-11-20,bpi_value,1346.0,7.20489,1353.0,1382.0,1409.0,1474.0,1542.0,1614.0,1667.0,2038.0,2016.0,901.0,1416.0,57.02,1506.21,101.0,1744.03,249.86,1591.5,351.07,1398.32,399.99,-0.00519,-0.13594,-0.21389,-0.40398,2511.0,2366.0,2506.0,1363.0,1360.0,1315.0,715.0,708.0,692.0,-0.65153,0.75862,-0.98853,0.15102,60,2014-02-20,92,1261.0,-0.06523,train
2013-11-21,bpi_value,1345.0,7.20415,1346.0,1353.0,1382.0,1438.0,1510.0,1594.0,1631.0,2010.0,2027.0,904.0,1392.43,46.4,1485.79,102.61,1721.3,254.07,1598.85,341.07,1400.46,399.18,-0.00074,-0.11572,-0.1928,-0.41016,2447.0,2511.0,2473.0,1371.0,1363.0,1320.0,721.0,715.0,693.0,-0.63838,0.76972,-0.98275,0.18493,60,2014-02-21,92,1244.0,-0.07806,train
2013-11-22,bpi_value,1362.0,7.21671,1345.0,1346.0,1353.0,1409.0,1474.0,1565.0,1612.0,1959.0,2024.0,907.0,1376.43,32.85,1467.93,100.83,1699.23,255.57,1606.43,330.5,1402.64,398.43,0.01256,-0.07903,-0.16852,-0.39612,2390.0,2447.0,2455.0,1378.0,1371.0,1321.0,728.0,721.0,696.0,-0.62505,0.78058,-0.97581,0.21863,60,2014-02-24,94,1222.0,-0.10847,train
2013-11-25,bpi_value,1387.0,7.2349,1362.0,1345.0,1346.0,1382.0,1438.0,1542.0,1617.0,1904.0,2020.0,912.0,1369.14,22.37,1451.5,93.69,1678.13,254.34,1614.35,319.27,1405.03,397.68,0.01819,-0.03611,-0.15343,-0.37595,2391.0,2390.0,2397.0,1393.0,1378.0,1325.0,732.0,728.0,699.0,-0.58395,0.81179,-0.94809,0.318,60,2014-02-25,92,1187.0,-0.15571,train
2013-11-26,bpi_value,1427.0,7.26333,1387.0,1362.0,1345.0,1353.0,1409.0,1510.0,1614.0,1855.0,2021.0,921.0,1371.71,27.3,1438.14,82.19,1658.33,249.96,1622.78,307.3,1407.89,396.9,0.02843,0.01269,-0.12314,-0.34802,2399.0,2391.0,2377.0,1404.0,1393.0,1339.0,737.0,732.0,703.0,-0.5699,0.82171,-0.93659,0.35043,60,2014-02-26,92,1154.0,-0.21234,train
2013-11-27,bpi_value,1510.0,7.31986,1427.0,1387.0,1362.0,1346.0,1382.0,1474.0,1594.0,1790.0,2030.0,933.0,1390.0,55.92,1432.14,73.16,1641.0,241.48,1632.4,294.32,1411.79,396.16,0.05654,0.08858,-0.05414,-0.29593,2496.0,2399.0,2366.0,1418.0,1404.0,1354.0,745.0,737.0,705.0,-0.55568,0.83139,-0.92398,0.38244,60,2014-02-27,92,1123.0,-0.29611,train
2013-11-28,bpi_value,1613.0,7.38585,1510.0,1427.0,1387.0,1345.0,1353.0,1438.0,1565.0,1716.0,2059.0,961.0,1427.14,93.04,1435.57,80.11,1626.13,228.67,1643.27,281.07,1416.99,395.7,0.06599,0.17577,0.03021,-0.24412,2848.0,2496.0,2366.0,1441.0,1418.0,1360.0,757.0,745.0,708.0,-0.5413,0.84083,-0.91028,0.41399,60,2014-02-28,92,1099.0,-0.3837,train
2013-11-29,bpi_value,1665.0,7.41758,1613.0,1510.0,1427.0,1362.0,1346.0,1409.0,1542.0,1667.0,2060.0,1020.0,1472.71,117.14,1444.36,96.39,1612.97,214.23,1654.02,269.1,1423.01,395.3,0.03173,0.21269,0.07674,-0.21288,3089.0,2848.0,2511.0,1458.0,1441.0,1363.0,764.0,757.0,715.0,-0.52675,0.85002,-0.8955,0.44506,60,2014-03-03,94,1080.0,-0.43286,train
2013-12-02,bpi_value,1695.0,7.43544,1665.0,1613.0,1510.0,1387.0,1345.0,1382.0,1510.0,1631.0,2054.0,1105.0,1522.71,126.29,1457.57,115.31,1601.0,198.72,1663.85,259.47,1429.58,394.86,0.01786,0.23129,0.11557,-0.19211,3194.0,3089.0,2447.0,1475.0,1458.0,1371.0,771.0,764.0,721.0,-0.48221,0.87606,-0.84488,0.53496,60,2014-03-04,92,1062.0,-0.46753,train
2013-12-03,bpi_value,1741.0,7.46221,1695.0,1665.0,1613.0,1427.0,1362.0,1353.0,1474.0,1612.0,2038.0,1186.0,1576.86,127.03,1476.64,136.57,1591.1,183.52,1673.1,252.06,1436.81,394.53,0.02678,0.24551,0.16648,-0.15751,3316.0,3194.0,2390.0,1488.0,1475.0,1378.0,776.0,771.0,728.0,-0.46706,0.88422,-0.82598,0.5637,60,2014-03-05,92,1053.0,-0.50282,train
2013-12-04,bpi_value,1795.0,7.49276,1741.0,1695.0,1665.0,1510.0,1387.0,1346.0,1438.0,1617.0,2010.0,1241.0,1635.14,119.95,1502.14,158.53,1583.93,170.78,1682.33,246.14,1444.81,394.42,0.03055,0.25786,0.22175,-0.11313,3481.0,3316.0,2391.0,1507.0,1488.0,1393.0,782.0,776.0,732.0,-0.45179,0.89213,-0.8061,0.59178,60,2014-03-06,92,1056.0,-0.53052,train
2013-12-05,bpi_value,1867.0,7.53209,1795.0,1741.0,1695.0,1613.0,1427.0,1345.0,1409.0,1614.0,1959.0,1278.0,1698.0,109.21,1534.86,181.53,1580.87,164.74,1692.15,241.52,1453.81,394.7,0.03933,0.26876,0.28145,-0.0481,3843.0,3481.0,2399.0,1522.0,1507.0,1404.0,786.0,782.0,737.0,-0.43637,0.89977,-0.78527,0.61916,60,2014-03-07,92,1075.0,-0.55201,train
2013-12-06,bpi_value,1923.0,7.56164,1867.0,1795.0,1741.0,1665.0,1510.0,1362.0,1382.0,1594.0,1904.0,1306.0,1757.0,103.09,1573.5,201.37,1581.5,166.01,1702.43,237.96,1463.61,395.28,0.02955,0.24178,0.33035,0.00993,3842.0,3843.0,2496.0,1531.0,1522.0,1418.0,789.0,786.0,745.0,-0.42083,0.90714,-0.7635,0.6458,60,2014-03-10,94,1088.0,-0.56955,train
2013-12-09,bpi_value,1955.0,7.57815,1923.0,1867.0,1795.0,1695.0,1613.0,1387.0,1353.0,1565.0,1855.0,1321.0,1805.86,104.31,1616.5,213.6,1584.83,172.35,1713.0,234.85,1473.99,395.79,0.0165,0.19229,0.36807,0.05251,3831.0,3842.0,2848.0,1552.0,1531.0,1441.0,792.0,789.0,757.0,-0.37348,0.92764,-0.6929,0.72103,60,2014-03-11,92,1104.0,-0.57145,train
2013-12-10,bpi_value,1997.0,7.5994,1955.0,1923.0,1867.0,1741.0,1665.0,1427.0,1346.0,1542.0,1790.0,1349.0,1853.29,104.95,1663.0,220.4,1591.73,184.17,1723.8,232.75,1484.97,396.44,0.02126,0.18182,0.39451,0.10943,4011.0,3831.0,3089.0,1557.0,1552.0,1458.0,796.0,792.0,764.0,-0.35746,0.93393,-0.66769,0.74444,60,2014-03-12,92,1102.0,-0.59452,train
2013-12-11,bpi_value,2050.0,7.6256,1997.0,1955.0,1923.0,1795.0,1695.0,1510.0,1345.0,1510.0,1716.0,1385.0,1904.0,101.94,1713.36,222.52,1602.87,200.69,1734.88,232.19,1496.72,397.33,0.02619,0.19016,0.42145,0.17784,4210.0,4011.0,3194.0,1554.0,1557.0,1475.0,803.0,796.0,771.0,-0.34135,0.93994,-0.64169,0.76697,60,2014-03-13,92,1106.0,-0.61709,train
2013-12-12,bpi_value,2085.0,7.64252,2050.0,1997.0,1955.0,1867.0,1741.0,1613.0,1362.0,1474.0,1667.0,1415.0,1953.14,94.14,1765.0,218.85,1616.8,218.39,1746.05,232.65,1509.03,398.2,0.01693,0.18031,0.42581,0.22374,4291.0,4210.0,3316.0,1560.0,1554.0,1488.0,810.0,803.0,776.0,-0.32513,0.94567,-0.61493,0.78858,60,2014-03-14,92,1113.0,-0.62771,train
2013-12-13,bpi_value,2096.0,7.64779,2085.0,2050.0,1997.0,1923.0,1795.0,1665.0,1387.0,1438.0,1631.0,1453.0,1996.14,79.72,1815.64,207.25,1632.3,234.74,1756.77,233.71,1521.63,398.63,0.00526,0.15503,0.41289,0.25084,4246.0,4291.0,3481.0,1562.0,1560.0,1507.0,814.0,810.0,782.0,-0.30881,0.95112,-0.58744,0.80927,60,2014-03-17,94,1116.0,-0.63028,train
2013-12-16,bpi_value,2082.0,7.64108,2096.0,2085.0,2050.0,1955.0,1867.0,1695.0,1427.0,1409.0,1612.0,1509.0,2026.86,63.9,1862.43,187.19,1647.97,248.16,1766.32,235.09,1534.23,398.22,-0.0067,0.109,0.37775,0.25585,4065.0,4246.0,3843.0,1553.0,1562.0,1522.0,817.0,814.0,786.0,-0.25934,0.96579,-0.50093,0.86549,60,2014-03-18,92,1118.0,-0.62179,train
2013-12-17,bpi_value,2025.0,7.61332,2082.0,2096.0,2085.0,1997.0,1923.0,1741.0,1510.0,1382.0,1617.0,1602.0,2041.43,48.27,1899.21,163.41,1661.57,257.11,1773.37,236.4,1546.29,396.47,-0.02776,0.05168,0.29346,0.225,3818.0,4065.0,3842.0,1546.0,1553.0,1531.0,821.0,817.0,789.0,-0.24269,0.9701,-0.47086,0.88221,60,2014-03-19,92,1120.0,-0.59224,train
2013-12-18,bpi_value,1946.0,7.57353,2025.0,2082.0,2096.0,2050.0,1955.0,1795.0,1613.0,1353.0,1614.0,1745.0,2040.14,50.62,1923.0,142.98,1672.63,261.93,1776.72,237.39,1557.54,393.27,-0.03979,-0.00461,0.18768,0.18706,3638.0,3818.0,3831.0,1541.0,1546.0,1552.0,820.0,821.0,792.0,-0.22596,0.97414,-0.44024,0.89788,60,2014-03-20,92,1120.0,-0.55245,train
2013-12-19,bpi_value,1883.0,7.54062,1946.0,2025.0,2082.0,2085.0,1997.0,1867.0,1665.0,1346.0,1594.0,1794.0,2023.86,74.56,1938.57,124.74,1682.27,264.16,1778.2,237.77,1568.16,389.0,-0.03291,-0.05878,0.12304,0.16662,3596.0,3638.0,4011.0,1517.0,1541.0,1557.0,818.0,820.0,796.0,-0.20917,0.97788,-0.40909,0.91249,60,2014-03-21,92,1112.0,-0.52671,train
2013-12-20,bpi_value,1858.0,7.52726,1883.0,1946.0,2025.0,2096.0,2050.0,1923.0,1695.0,1345.0,1565.0,1800.0,1996.43,92.94,1950.21,107.94,1692.03,265.06,1779.17,237.98,1578.51,384.14,-0.01337,-0.09834,0.09182,0.17161,3875.0,3596.0,4210.0,1499.0,1517.0,1554.0,811.0,818.0,803.0,-0.19232,0.98133,-0.37746,0.92602,60,2014-03-24,94,1107.0,-0.51785,train
2013-12-23,bpi_value,1835.0,7.5148,1858.0,1883.0,1946.0,2082.0,2085.0,1955.0,1741.0,1362.0,1542.0,1795.0,1960.71,99.83,1956.93,97.1,1701.8,264.75,1779.83,238.08,1588.64,378.71,-0.01246,-0.12772,0.05258,0.17396,3996.0,3875.0,4291.0,1482.0,1499.0,1560.0,805.0,811.0,810.0,-0.14144,0.98995,-0.28004,0.95999,60,2014-03-25,92,1088.0,-0.5227,train
2013-12-24,bpi_value,1825.0,7.50934,1835.0,1858.0,1883.0,2025.0,2096.0,1997.0,1795.0,1387.0,1510.0,1786.0,1922.0,92.1,1959.07,93.77,1712.3,263.18,1780.48,238.15,1598.73,372.73,-0.00546,-0.13845,0.01657,0.18947,4078.0,3996.0,4246.0,1468.0,1482.0,1562.0,801.0,805.0,814.0,-0.12439,0.99223,-0.24686,0.96905,60,2014-03-26,92,1062.0,-0.54143,train
2014-01-02,bpi_value,1780.0,7.48437,1825.0,1835.0,1858.0,1946.0,2082.0,2050.0,1867.0,1427.0,1474.0,1813.0,1878.86,76.45,1952.86,102.18,1722.5,259.65,1779.93,238.11,1608.38,366.0,-0.02497,-0.15672,-0.04772,0.18863,3733.0,4078.0,4065.0,1453.0,1468.0,1553.0,773.0,801.0,817.0,0.0344,0.99941,0.06876,0.99763,60,2014-03-27,84,1018.0,-0.55877,train
2014-01-03,bpi_value,1750.0,7.46737,1780.0,1825.0,1835.0,1883.0,2025.0,2085.0,1923.0,1510.0,1438.0,1862.0,1839.57,60.19,1940.5,114.73,1732.9,254.24,1778.07,237.9,1617.77,358.6,-0.017,-0.14595,-0.09427,0.19636,3531.0,3733.0,3818.0,1330.0,1453.0,1546.0,763.0,773.0,821.0,0.05158,0.99867,0.10303,0.99468,60,2014-03-28,84,978.0,-0.58186,train
2014-01-06,bpi_value,1724.0,7.4524,1750.0,1780.0,1825.0,1858.0,1946.0,2096.0,1955.0,1613.0,1409.0,1914.0,1807.86,53.91,1924.0,127.37,1743.4,247.05,1774.9,237.33,1626.88,350.68,-0.01497,-0.12113,-0.12574,0.20177,3287.0,3531.0,3638.0,1276.0,1330.0,1541.0,750.0,763.0,820.0,0.10303,0.99468,0.20497,0.97877,60,2014-03-31,84,942.0,-0.6044,train
2014-01-07,bpi_value,1692.0,7.43367,1724.0,1750.0,1780.0,1835.0,1883.0,2082.0,1997.0,1665.0,1382.0,1947.0,1780.57,57.21,1902.21,138.61,1753.73,238.03,1770.65,236.49,1635.64,342.23,-0.01874,-0.10695,-0.16573,0.20238,3017.0,3287.0,3596.0,1239.0,1276.0,1517.0,744.0,750.0,818.0,0.12013,0.99276,0.23851,0.97114,60,2014-04-01,84,897.0,-0.63461,train
2014-01-08,bpi_value,1672.0,7.42178,1692.0,1724.0,1750.0,1825.0,1858.0,2025.0,2050.0,1695.0,1353.0,1989.0,1754.0,58.26,1875.21,143.91,1764.37,226.75,1765.37,235.09,1644.18,333.34,-0.01189,-0.10548,-0.20382,0.2117,2818.0,3017.0,3875.0,1204.0,1239.0,1499.0,741.0,744.0,811.0,0.13719,0.99055,0.27178,0.96236,60,2014-04-02,84,867.0,-0.65674,train
2014-01-09,bpi_value,1645.0,7.4055,1672.0,1692.0,1724.0,1780.0,1835.0,1946.0,2085.0,1741.0,1346.0,2016.0,1726.86,58.46,1843.79,142.7,1774.33,214.38,1759.18,233.29,1652.44,323.9,-0.01628,-0.1093,-0.23703,0.2006,2500.0,2818.0,3996.0,1191.0,1204.0,1482.0,735.0,741.0,805.0,0.1542,0.98804,0.30472,0.95244,60,2014-04-03,84,836.0,-0.67687,train
2014-01-10,bpi_value,1621.0,7.3908,1645.0,1672.0,1692.0,1750.0,1825.0,1883.0,2096.0,1795.0,1345.0,2027.0,1697.71,52.85,1809.86,134.96,1783.53,201.28,1752.42,231.3,1660.41,314.07,-0.0147,-0.11854,-0.25699,0.18665,2101.0,2500.0,4078.0,1188.0,1191.0,1468.0,730.0,735.0,801.0,0.17118,0.98524,0.3373,0.9414,60,2014-04-04,84,822.0,-0.67906,train
2014-01-13,bpi_value,1598.0,7.37651,1621.0,1645.0,1672.0,1724.0,1780.0,1858.0,2082.0,1867.0,1362.0,2024.0,1671.71,50.7,1775.29,122.21,1791.4,188.88,1745.32,229.39,1668.09,303.83,-0.01429,-0.10786,-0.26458,0.1598,1857.0,2101.0,3733.0,1190.0,1188.0,1453.0,726.0,730.0,773.0,0.22177,0.9751,0.4325,0.90163,60,2014-04-07,84,812.0,-0.67701,train
2014-01-14,bpi_value,1580.0,7.36518,1598.0,1621.0,1645.0,1692.0,1750.0,1835.0,2025.0,1923.0,1387.0,2020.0,1647.43,48.03,1743.5,110.43,1797.83,177.97,1737.98,227.52,1675.51,293.25,-0.01133,-0.10219,-0.24814,0.13028,1832.0,1857.0,3531.0,1191.0,1190.0,1330.0,725.0,726.0,763.0,0.23851,0.97114,0.46326,0.88622,60,2014-04-08,84,801.0,-0.67932,train
2014-01-15,bpi_value,1572.0,7.3601,1580.0,1598.0,1621.0,1672.0,1724.0,1825.0,1946.0,1955.0,1427.0,2021.0,1625.71,42.55,1716.79,103.21,1802.67,169.6,1730.5,225.46,1682.74,282.37,-0.00508,-0.0923,-0.21343,0.09677,1862.0,1832.0,3287.0,1189.0,1191.0,1276.0,724.0,725.0,750.0,0.25518,0.96689,0.49347,0.86976,60,2014-04-09,84,794.0,-0.68302,train
2014-01-16,bpi_value,1570.0,7.35883,1572.0,1580.0,1598.0,1645.0,1692.0,1780.0,1883.0,1997.0,1510.0,2030.0,1608.29,36.37,1694.43,98.58,1804.67,166.46,1722.83,222.95,1689.82,271.26,-0.00127,-0.07484,-0.18179,0.03897,1929.0,1862.0,3017.0,1182.0,1189.0,1239.0,722.0,724.0,744.0,0.27178,0.96236,0.52309,0.85227,60,2014-04-10,84,787.0,-0.6906,train
2014-01-17,bpi_value,1564.0,7.355,1570.0,1572.0,1580.0,1621.0,1672.0,1750.0,1858.0,2050.0,1613.0,2059.0,1592.86,28.01,1673.43,92.64,1803.03,168.56,1714.58,219.49,1696.52,260.4,-0.00383,-0.06677,-0.17225,-0.03085,2026.0,1929.0,2818.0,1175.0,1182.0,1204.0,719.0,722.0,741.0,0.28829,0.95754,0.5521,0.83378,60,2014-04-11,84,782.0,-0.69315,train
2014-01-20,bpi_value,1552.0,7.3473,1564.0,1570.0,1572.0,1598.0,1645.0,1724.0,1835.0,2085.0,1665.0,2060.0,1579.57,21.41,1653.21,85.8,1799.27,172.82,1706.12,215.77,1702.43,250.84,-0.0077,-0.0582,-0.1675,-0.07028,2082.0,2026.0,2500.0,1165.0,1175.0,1191.0,719.0,719.0,735.0,0.3373,0.9414,0.63507,0.77246,60,2014-04-14,84,778.0,-0.69057,train
2014-01-21,bpi_value,1530.0,7.33302,1552.0,1564.0,1570.0,1580.0,1621.0,1692.0,1825.0,2096.0,1695.0,2054.0,1566.57,19.88,1632.14,76.77,1793.77,178.58,1697.38,212.08,1707.16,243.44,-0.01428,-0.05778,-0.17631,-0.10242,1973.0,2082.0,2101.0,1154.0,1165.0,1188.0,715.0,719.0,730.0,0.35344,0.93546,0.66126,0.75015,60,2014-04-15,84,777.0,-0.67758,train
2014-01-22,bpi_value,1496.0,7.31055,1530.0,1552.0,1564.0,1572.0,1598.0,1672.0,1780.0,2082.0,1741.0,2038.0,1552.0,27.44,1611.86,72.42,1785.6,186.24,1688.35,208.9,1710.6,238.18,-0.02247,-0.06596,-0.17382,-0.15166,1880.0,1973.0,1857.0,1141.0,1154.0,1190.0,715.0,715.0,726.0,0.36948,0.92924,0.68668,0.72696,60,2014-04-16,84,792.0,-0.63599,train
2014-01-23,bpi_value,1468.0,7.29166,1496.0,1530.0,1552.0,1570.0,1580.0,1645.0,1750.0,2025.0,1795.0,2010.0,1536.0,37.32,1591.71,70.39,1774.7,194.75,1679.32,206.5,1713.12,234.36,-0.01889,-0.07352,-0.17571,-0.2011,1775.0,1880.0,1832.0,1130.0,1141.0,1191.0,715.0,715.0,725.0,0.38541,0.92274,0.71128,0.70291,60,2014-04-17,84,812.0,-0.59216,train
2014-01-24,bpi_value,1437.0,7.27031,1468.0,1496.0,1530.0,1564.0,1572.0,1621.0,1724.0,1946.0,1867.0,1959.0,1516.71,47.29,1571.21,70.67,1760.37,203.07,1670.62,205.53,1714.89,231.66,-0.02134,-0.08979,-0.18209,-0.26178,1723.0,1775.0,1862.0,1121.0,1130.0,1189.0,712.0,715.0,724.0,0.40123,0.91598,0.73503,0.67803,60,2014-04-22,88,828.0,-0.5513,train
2014-01-27,bpi_value,1413.0,7.25347,1437.0,1468.0,1496.0,1552.0,1570.0,1598.0,1692.0,1883.0,1923.0,1904.0,1494.29,53.52,1551.29,73.09,1743.37,209.97,1662.43,205.85,1716.08,229.83,-0.01684,-0.10536,-0.1802,-0.30817,1673.0,1723.0,1929.0,1112.0,1121.0,1182.0,708.0,712.0,722.0,0.44794,0.89406,0.80098,0.59869,60,2014-04-23,86,840.0,-0.52007,train
2014-01-28,bpi_value,1387.0,7.2349,1413.0,1437.0,1468.0,1530.0,1564.0,1580.0,1672.0,1858.0,1955.0,1855.0,1469.0,56.35,1530.93,76.26,1724.43,215.57,1654.63,207.27,1716.81,228.67,-0.01857,-0.1201,-0.18688,-0.34325,1577.0,1673.0,2026.0,1098.0,1112.0,1175.0,705.0,708.0,719.0,0.46326,0.88622,0.8211,0.57078,60,2014-04-24,86,852.0,-0.48731,train
2014-01-29,bpi_value,1369.0,7.22184,1387.0,1413.0,1437.0,1496.0,1552.0,1572.0,1645.0,1835.0,1997.0,1790.0,1442.86,54.18,1511.21,79.81,1703.5,218.56,1647.62,209.68,1717.03,228.32,-0.01306,-0.12546,-0.18366,-0.37757,1531.0,1577.0,2082.0,1079.0,1098.0,1165.0,700.0,705.0,719.0,0.47843,0.87812,0.84025,0.5422,60,2014-04-25,86,864.0,-0.46026,train
2014-01-30,bpi_value,1347.0,7.20564,1369.0,1387.0,1413.0,1468.0,1530.0,1570.0,1621.0,1825.0,2050.0,1716.0,1416.71,49.8,1491.64,83.98,1680.07,217.84,1641.47,212.97,1716.61,228.97,-0.0162,-0.12739,-0.18516,-0.41996,1527.0,1531.0,1973.0,1056.0,1079.0,1154.0,691.0,700.0,715.0,0.49347,0.86976,0.8584,0.51298,60,2014-04-28,88,868.0,-0.43944,train
2014-01-31,bpi_value,1337.0,7.19818,1347.0,1369.0,1387.0,1437.0,1496.0,1564.0,1598.0,1780.0,2085.0,1667.0,1394.0,44.43,1473.0,87.2,1655.13,212.81,1635.97,216.47,1715.74,230.25,-0.00745,-0.11237,-0.17832,-0.44434,1524.0,1527.0,1880.0,1018.0,1056.0,1141.0,684.0,691.0,715.0,0.50836,0.86115,0.87554,0.48315,60,2014-04-29,88,872.0,-0.42739,train
2014-02-03,bpi_value,1326.0,7.18992,1337.0,1347.0,1369.0,1413.0,1468.0,1552.0,1580.0,1750.0,2096.0,1631.0,1373.71,37.96,1454.86,89.45,1629.47,204.36,1630.88,220.08,1714.33,232.24,-0.00826,-0.10173,-0.17526,-0.45786,1516.0,1524.0,1775.0,996.0,1018.0,1130.0,682.0,684.0,715.0,0.5521,0.83378,0.92066,0.39037,60,2014-04-30,86,871.0,-0.42028,train
2014-02-04,bpi_value,1313.0,7.18007,1326.0,1337.0,1347.0,1387.0,1437.0,1530.0,1572.0,1724.0,2082.0,1612.0,1356.0,32.89,1436.36,90.09,1603.83,193.95,1625.9,223.8,1712.16,235.05,-0.00985,-0.09024,-0.18003,-0.46101,1513.0,1516.0,1723.0,975.0,996.0,1121.0,681.0,682.0,712.0,0.56636,0.82416,0.93354,0.35847,60,2014-05-01,86,871.0,-0.41043,train
2014-02-05,bpi_value,1307.0,7.17549,1313.0,1326.0,1337.0,1369.0,1413.0,1496.0,1570.0,1692.0,2025.0,1617.0,1340.86,27.04,1417.57,87.65,1579.9,184.58,1620.73,227.5,1708.88,238.6,-0.00458,-0.07798,-0.18334,-0.43784,1544.0,1513.0,1673.0,961.0,975.0,1112.0,677.0,681.0,708.0,0.58045,0.81429,0.94532,0.32614,60,2014-05-02,86,865.0,-0.41276,train
2014-02-06,bpi_value,1307.0,7.17549,1307.0,1313.0,1326.0,1347.0,1387.0,1468.0,1564.0,1672.0,1946.0,1614.0,1329.43,21.45,1399.21,81.78,1558.6,177.85,1615.62,231.02,1704.01,242.25,0.0,-0.05941,-0.17951,-0.39804,1575.0,1544.0,1577.0,948.0,961.0,1098.0,676.0,677.0,705.0,0.59438,0.80419,0.95598,0.29343,60,2014-05-06,89,866.0,-0.4116,train
2014-02-07,bpi_value,1304.0,7.17319,1307.0,1307.0,1313.0,1337.0,1369.0,1437.0,1552.0,1645.0,1883.0,1594.0,1320.14,15.57,1381.5,73.17,1539.3,172.95,1610.78,234.43,1698.57,245.65,-0.0023,-0.04864,-0.17411,-0.36743,1588.0,1575.0,1531.0,937.0,948.0,1079.0,674.0,676.0,700.0,0.60812,0.79384,0.96551,0.26038,60,2014-05-07,89,869.0,-0.40585,train
2014-02-10,bpi_value,1305.0,7.17396,1304.0,1307.0,1307.0,1326.0,1347.0,1413.0,1530.0,1621.0,1858.0,1565.0,1314.14,11.67,1365.43,62.76,1520.87,167.38,1606.45,237.61,1693.07,248.84,0.00077,-0.03168,-0.15906,-0.3533,1611.0,1588.0,1527.0,929.0,937.0,1056.0,669.0,674.0,691.0,0.64826,0.76142,0.9872,0.15951,60,2014-05-08,87,879.0,-0.39517,train
2014-02-11,bpi_value,1322.0,7.1869,1305.0,1304.0,1307.0,1313.0,1337.0,1387.0,1496.0,1598.0,1835.0,1542.0,1312.0,8.11,1353.0,51.97,1503.77,160.47,1602.78,240.26,1687.81,251.61,0.01294,-0.01128,-0.12365,-0.3279,1581.0,1611.0,1524.0,929.0,929.0,1018.0,667.0,669.0,684.0,0.66126,0.75015,0.9921,0.12546,60,2014-05-09,87,898.0,-0.38673,train
2014-02-12,bpi_value,1324.0,7.18841,1322.0,1305.0,1304.0,1307.0,1326.0,1369.0,1468.0,1580.0,1825.0,1510.0,1311.71,7.63,1342.71,41.36,1487.07,152.02,1599.68,242.63,1682.68,254.25,0.00151,-0.00151,-0.10324,-0.32092,1548.0,1581.0,1516.0,928.0,929.0,996.0,665.0,667.0,682.0,0.67407,0.73867,0.99583,0.09126,60,2014-05-12,89,910.0,-0.37497,train
2014-02-13,bpi_value,1313.0,7.18007,1324.0,1322.0,1305.0,1307.0,1313.0,1347.0,1437.0,1572.0,1780.0,1474.0,1311.71,7.63,1333.86,32.56,1471.5,144.97,1597.0,244.88,1677.12,256.79,-0.00834,0.0,-0.09024,-0.3043,1557.0,1548.0,1513.0,938.0,928.0,975.0,668.0,665.0,681.0,0.68668,0.72696,0.99838,0.05695,60,2014-05-13,89,933.0,-0.34166,train
2014-02-14,bpi_value,1311.0,7.17855,1313.0,1324.0,1322.0,1304.0,1307.0,1337.0,1413.0,1570.0,1750.0,1438.0,1312.29,7.4,1326.57,24.43,1456.87,138.12,1594.88,246.79,1671.0,258.87,-0.00152,0.00306,-0.07492,-0.28883,1554.0,1557.0,1544.0,965.0,938.0,961.0,671.0,668.0,677.0,0.69908,0.71504,0.99975,0.02258,60,2014-05-14,89,969.0,-0.30228,train
2014-02-17,bpi_value,1308.0,7.17625,1311.0,1313.0,1324.0,1305.0,1307.0,1326.0,1387.0,1564.0,1724.0,1409.0,1312.43,7.31,1320.93,18.14,1443.0,131.32,1593.2,248.39,1664.27,260.34,-0.00229,0.00076,-0.05864,-0.27615,1625.0,1554.0,1575.0,998.0,965.0,948.0,676.0,671.0,676.0,0.73503,0.67803,0.99675,-0.08055,60,2014-05-15,87,1016.0,-0.25263,train
2014-02-18,bpi_value,1298.0,7.16858,1308.0,1311.0,1313.0,1322.0,1304.0,1313.0,1369.0,1552.0,1692.0,1382.0,1311.57,8.5,1315.86,13.25,1429.87,125.32,1591.8,249.81,1657.06,261.4,-0.00767,-0.00461,-0.05326,-0.26509,1667.0,1625.0,1588.0,1026.0,998.0,937.0,677.0,676.0,674.0,0.74659,0.66529,0.99339,-0.11479,60,2014-05-16,87,1041.0,-0.22064,train
2014-02-19,bpi_value,1282.0,7.15618,1298.0,1308.0,1311.0,1324.0,1305.0,1307.0,1347.0,1530.0,1672.0,1353.0,1308.29,13.42,1311.21,12.91,1416.87,119.63,1590.62,251.1,1649.2,261.93,-0.0124,-0.01778,-0.04946,-0.2656,1690.0,1667.0,1611.0,1049.0,1026.0,929.0,678.0,677.0,669.0,0.75792,0.65235,0.98885,-0.14889,60,2014-05-19,89,1054.0,-0.19583,train
2014-02-20,bpi_value,1261.0,7.13966,1282.0,1298.0,1308.0,1313.0,1322.0,1307.0,1337.0,1496.0,1645.0,1346.0,1299.57,19.92,1305.79,16.43,1404.07,114.99,1589.2,252.71,1640.81,262.13,-0.01652,-0.04724,-0.05852,-0.26584,1680.0,1690.0,1581.0,1068.0,1049.0,929.0,676.0,678.0,667.0,0.76903,0.63921,0.98315,-0.18282,60,2014-05-20,89,1061.0,-0.17269,train
2014-02-21,bpi_value,1244.0,7.12609,1261.0,1282.0,1298.0,1311.0,1324.0,1304.0,1326.0,1468.0,1621.0,1345.0,1288.14,24.94,1299.93,21.89,1391.5,111.13,1587.52,254.66,1632.11,262.17,-0.01357,-0.06233,-0.06383,-0.26471,1701.0,1680.0,1548.0,1087.0,1068.0,928.0,677.0,676.0,665.0,0.77991,0.62589,0.97628,-0.21653,60,2014-05-21,89,1056.0,-0.16384,train
2014-02-24,bpi_value,1222.0,7.10824,1244.0,1261.0,1282.0,1308.0,1313.0,1305.0,1313.0,1437.0,1598.0,1362.0,1275.14,31.46,1293.43,29.3,1378.97,108.3,1585.18,257.35,1623.2,262.32,-0.01784,-0.07183,-0.07183,-0.26826,1707.0,1701.0,1557.0,1098.0,1087.0,938.0,679.0,677.0,668.0,0.81116,0.58482,0.94877,-0.31596,60,2014-05-22,87,1028.0,-0.17287,train
2014-02-25,bpi_value,1187.0,7.07918,1222.0,1244.0,1261.0,1298.0,1311.0,1322.0,1307.0,1413.0,1580.0,1387.0,1257.43,40.03,1284.86,39.76,1365.87,106.95,1581.85,261.16,1613.94,262.86,-0.02906,-0.09936,-0.09631,-0.286,1775.0,1707.0,1554.0,1096.0,1098.0,965.0,679.0,679.0,671.0,0.8211,0.57078,0.93734,-0.34841,60,2014-05-23,87,1001.0,-0.17043,train
2014-02-26,bpi_value,1154.0,7.05099,1187.0,1222.0,1244.0,1282.0,1308.0,1324.0,1307.0,1387.0,1572.0,1427.0,1235.43,47.76,1273.93,51.47,1351.93,106.42,1577.3,266.15,1604.31,263.65,-0.02819,-0.12527,-0.1245,-0.30911,1912.0,1775.0,1625.0,1096.0,1096.0,998.0,674.0,679.0,676.0,0.8308,0.55658,0.9248,-0.38045,60,2014-05-27,90,971.0,-0.17266,train
2014-02-27,bpi_value,1123.0,7.02376,1154.0,1187.0,1222.0,1261.0,1298.0,1313.0,1304.0,1369.0,1570.0,1510.0,1210.43,53.88,1261.0,63.6,1337.03,106.13,1570.85,272.32,1594.23,264.52,-0.02723,-0.14482,-0.14943,-0.33507,2049.0,1912.0,1667.0,1097.0,1096.0,1026.0,673.0,674.0,677.0,0.84025,0.5422,0.91117,-0.41203,60,2014-05-28,90,940.0,-0.17788,train
2014-02-28,bpi_value,1099.0,7.00216,1123.0,1154.0,1187.0,1244.0,1282.0,1311.0,1305.0,1347.0,1564.0,1613.0,1184.29,57.11,1246.29,74.6,1321.53,105.81,1562.28,278.86,1583.57,264.91,-0.0216,-0.15402,-0.1718,-0.35285,2084.0,2049.0,1690.0,1100.0,1097.0,1049.0,669.0,673.0,678.0,0.84945,0.52767,0.89646,-0.44313,60,2014-05-29,90,904.0,-0.19533,train
2014-03-03,bpi_value,1080.0,6.98472,1099.0,1123.0,1154.0,1222.0,1261.0,1308.0,1322.0,1337.0,1552.0,1665.0,1158.43,57.49,1229.0,82.65,1305.8,105.46,1552.53,285.26,1572.68,265.25,-0.01744,-0.15494,-0.20218,-0.36258,2180.0,2084.0,1680.0,1103.0,1100.0,1068.0,666.0,669.0,676.0,0.87554,0.48315,0.84603,-0.53314,60,2014-05-30,88,872.0,-0.21393,train
2014-03-04,bpi_value,1062.0,6.96791,1080.0,1099.0,1123.0,1187.0,1244.0,1298.0,1324.0,1326.0,1530.0,1695.0,1132.43,53.96,1210.29,88.48,1290.2,105.76,1541.98,291.43,1561.66,265.63,-0.01681,-0.15818,-0.2205,-0.36511,2326.0,2180.0,1701.0,1107.0,1103.0,1087.0,662.0,666.0,677.0,0.88372,0.46802,0.82719,-0.56192,60,2014-06-02,90,846.0,-0.22739,train
2014-03-05,bpi_value,1053.0,6.9594,1062.0,1080.0,1099.0,1154.0,1222.0,1282.0,1313.0,1313.0,1496.0,1741.0,1108.29,45.65,1191.71,92.18,1275.43,106.91,1530.52,296.86,1550.71,266.07,-0.00851,-0.14885,-0.22067,-0.35115,2596.0,2326.0,1707.0,1115.0,1107.0,1098.0,661.0,662.0,679.0,0.89164,0.45274,0.80737,-0.59004,60,2014-06-03,90,816.0,-0.25498,train
2014-03-06,bpi_value,1056.0,6.96224,1053.0,1062.0,1080.0,1123.0,1187.0,1261.0,1311.0,1307.0,1468.0,1795.0,1089.57,35.2,1173.5,92.0,1261.7,107.75,1518.2,300.93,1540.11,266.56,0.00284,-0.11694,-0.2163,-0.32941,2830.0,2596.0,1775.0,1116.0,1115.0,1096.0,663.0,661.0,679.0,0.8993,0.43734,0.7866,-0.61747,60,2014-06-04,90,786.0,-0.29529,train
2014-03-07,bpi_value,1075.0,6.98008,1056.0,1053.0,1062.0,1099.0,1154.0,1244.0,1308.0,1307.0,1437.0,1867.0,1078.29,23.43,1156.86,87.11,1249.63,107.71,1505.0,302.71,1530.29,267.23,0.01783,-0.07091,-0.19618,-0.29024,2980.0,2830.0,1912.0,1122.0,1116.0,1096.0,663.0,663.0,674.0,0.90669,0.42181,0.76489,-0.64416,60,2014-06-05,90,758.0,-0.34939,train
2014-03-10,bpi_value,1088.0,6.9921,1075.0,1056.0,1053.0,1080.0,1123.0,1222.0,1298.0,1304.0,1413.0,1923.0,1073.29,15.87,1141.86,79.24,1238.8,107.08,1491.08,302.37,1521.22,268.24,0.01202,-0.03166,-0.17648,-0.26137,3023.0,2980.0,2049.0,1131.0,1122.0,1097.0,663.0,663.0,673.0,0.92724,0.37447,0.69445,-0.71954,60,2014-06-06,88,727.0,-0.40317,train
2014-03-11,bpi_value,1104.0,7.0067,1088.0,1075.0,1056.0,1062.0,1099.0,1187.0,1282.0,1305.0,1387.0,1955.0,1074.0,17.08,1129.14,69.41,1229.37,106.07,1476.9,300.22,1512.88,269.41,0.0146,0.00454,-0.14948,-0.2282,3045.0,3023.0,2084.0,1137.0,1131.0,1100.0,666.0,663.0,669.0,0.93354,0.35847,0.66929,-0.743,60,2014-06-09,90,713.0,-0.43721,train
2014-03-12,bpi_value,1102.0,7.00488,1104.0,1088.0,1075.0,1053.0,1080.0,1154.0,1261.0,1322.0,1369.0,1997.0,1077.14,19.72,1117.79,59.15,1220.47,105.18,1461.98,296.22,1505.23,271.19,-0.00181,0.02017,-0.13478,-0.21695,2600.0,3045.0,2180.0,1149.0,1137.0,1103.0,668.0,666.0,666.0,0.93957,0.34236,0.64334,-0.76558,60,2014-06-10,90,699.0,-0.45523,train
2014-03-13,bpi_value,1106.0,7.00851,1102.0,1104.0,1088.0,1056.0,1062.0,1123.0,1244.0,1324.0,1347.0,2050.0,1083.43,20.87,1107.93,47.68,1212.43,104.41,1446.25,289.56,1498.46,273.45,0.00362,0.0406,-0.11758,-0.19713,2654.0,2600.0,2326.0,1159.0,1149.0,1107.0,668.0,668.0,662.0,0.94532,0.32614,0.61662,-0.78726,60,2014-06-11,90,678.0,-0.48936,train
2014-03-14,bpi_value,1113.0,7.01481,1106.0,1102.0,1104.0,1075.0,1053.0,1099.0,1222.0,1313.0,1337.0,2085.0,1092.0,18.83,1100.14,35.85,1204.97,103.24,1430.05,280.42,1492.3,275.81,0.00631,0.05542,-0.09343,-0.18337,2677.0,2654.0,2596.0,1173.0,1159.0,1115.0,671.0,668.0,661.0,0.95079,0.30983,0.58918,-0.808,60,2014-06-12,90,635.0,-0.56119,train
2014-03-17,bpi_value,1116.0,7.01751,1113.0,1106.0,1102.0,1088.0,1056.0,1080.0,1187.0,1311.0,1326.0,2096.0,1100.57,13.35,1095.07,27.18,1197.97,101.9,1413.72,269.48,1486.58,278.21,0.00269,0.05526,-0.06168,-0.17242,2691.0,2677.0,2830.0,1183.0,1173.0,1116.0,671.0,671.0,663.0,0.96551,0.26038,0.50279,-0.86441,60,2014-06-13,88,582.0,-0.65104,train
2014-03-18,bpi_value,1118.0,7.0193,1116.0,1113.0,1106.0,1104.0,1075.0,1062.0,1154.0,1308.0,1313.0,2082.0,1106.71,9.51,1092.5,22.84,1191.47,100.57,1397.65,257.64,1481.09,280.54,0.00179,0.03922,-0.03169,-0.16077,2818.0,2691.0,2980.0,1191.0,1183.0,1122.0,668.0,671.0,663.0,0.96984,0.24373,0.47276,-0.88119,60,2014-06-16,90,542.0,-0.72403,train
2014-03-19,bpi_value,1120.0,7.02108,1118.0,1116.0,1113.0,1102.0,1088.0,1053.0,1123.0,1298.0,1307.0,2025.0,1111.29,6.69,1092.29,22.57,1185.23,99.0,1382.57,246.73,1475.57,282.7,0.00179,0.02899,-0.00267,-0.15441,2982.0,2818.0,3023.0,1198.0,1191.0,1131.0,667.0,668.0,663.0,0.97389,0.22701,0.44217,-0.89693,60,2014-06-17,90,514.0,-0.77886,train
2014-03-20,bpi_value,1120.0,7.02108,1120.0,1118.0,1116.0,1106.0,1104.0,1056.0,1099.0,1282.0,1307.0,1946.0,1113.57,6.54,1093.79,23.64,1179.0,97.0,1368.8,237.79,1470.08,284.74,0.0,0.01439,0.01893,-0.15441,3129.0,2982.0,3045.0,1200.0,1198.0,1137.0,671.0,667.0,666.0,0.97765,0.21022,0.41105,-0.91161,60,2014-06-18,90,492.0,-0.82261,train
2014-03-21,bpi_value,1112.0,7.01392,1120.0,1120.0,1118.0,1113.0,1102.0,1075.0,1080.0,1261.0,1304.0,1883.0,1115.0,4.69,1096.07,23.74,1172.6,94.85,1355.95,230.37,1464.72,286.89,-0.00717,0.00903,0.0292,-0.15928,3036.0,3129.0,2600.0,1205.0,1200.0,1149.0,674.0,671.0,668.0,0.98112,0.19338,0.37945,-0.92521,60,2014-06-19,90,474.0,-0.85271,train
2014-03-24,bpi_value,1107.0,7.00941,1112.0,1120.0,1120.0,1116.0,1106.0,1088.0,1062.0,1244.0,1305.0,1858.0,1115.14,4.42,1099.29,21.88,1166.0,92.26,1343.43,223.04,1459.63,289.12,-0.00451,0.0009,0.0415,-0.16455,3055.0,3036.0,2654.0,1209.0,1205.0,1159.0,676.0,674.0,668.0,0.98979,0.14251,0.28211,-0.95938,60,2014-06-20,88,461.0,-0.87601,train
2014-03-25,bpi_value,1088.0,6.9921,1107.0,1112.0,1120.0,1118.0,1113.0,1104.0,1053.0,1222.0,1322.0,1835.0,1111.57,10.55,1101.79,18.13,1158.2,88.56,1330.98,215.99,1454.59,291.58,-0.01731,-0.02272,0.0327,-0.1948,2993.0,3055.0,2677.0,1207.0,1209.0,1173.0,676.0,676.0,671.0,0.9921,0.12546,0.24894,-0.96852,60,2014-06-23,90,452.0,-0.87841,train
2014-03-26,bpi_value,1062.0,6.96791,1088.0,1107.0,1112.0,1120.0,1116.0,1102.0,1056.0,1187.0,1324.0,1825.0,1103.86,20.0,1102.21,17.08,1149.47,84.61,1318.27,208.87,1449.61,294.41,-0.02419,-0.0496,0.00567,-0.2205,2761.0,2993.0,2691.0,1201.0,1207.0,1183.0,672.0,676.0,671.0,0.99411,0.10838,0.21548,-0.97651,60,2014-06-24,90,446.0,-0.86759,train
2014-03-27,bpi_value,1018.0,6.9256,1062.0,1088.0,1107.0,1120.0,1118.0,1106.0,1075.0,1154.0,1313.0,1780.0,1089.57,34.94,1098.14,27.0,1139.63,82.14,1305.57,203.51,1444.54,297.85,-0.04231,-0.0937,-0.05448,-0.25447,2579.0,2761.0,2818.0,1180.0,1201.0,1191.0,659.0,672.0,668.0,0.99583,0.09126,0.18176,-0.98334,60,2014-06-25,90,433.0,-0.85486,train
2014-03-28,bpi_value,978.0,6.88551,1018.0,1062.0,1088.0,1112.0,1120.0,1113.0,1088.0,1123.0,1311.0,1750.0,1069.29,49.55,1090.29,41.12,1128.53,80.72,1292.7,199.37,1439.43,301.84,-0.04009,-0.13557,-0.10659,-0.29304,2557.0,2579.0,2982.0,1139.0,1180.0,1198.0,649.0,659.0,667.0,0.99725,0.07412,0.14783,-0.98901,60,2014-06-26,90,423.0,-0.83814,train
2014-03-31,bpi_value,942.0,6.84801,978.0,1018.0,1062.0,1107.0,1120.0,1116.0,1104.0,1099.0,1308.0,1724.0,1043.86,61.28,1078.71,55.81,1116.33,80.33,1279.67,196.28,1434.24,306.3,-0.0375,-0.17308,-0.15869,-0.32825,2573.0,2557.0,3129.0,1115.0,1139.0,1200.0,642.0,649.0,671.0,0.99975,0.02258,0.04514,-0.99898,60,2014-06-27,88,419.0,-0.81013,train
2014-04-01,bpi_value,897.0,6.79906,942.0,978.0,1018.0,1088.0,1112.0,1118.0,1102.0,1080.0,1298.0,1692.0,1013.14,72.32,1064.07,72.25,1102.97,82.33,1266.42,194.83,1428.86,311.39,-0.04895,-0.21486,-0.20583,-0.36952,2505.0,2573.0,3036.0,1090.0,1115.0,1205.0,632.0,642.0,674.0,0.99999,0.00538,0.01075,-0.99994,60,2014-06-30,90,423.0,-0.75168,train
2014-04-02,bpi_value,867.0,6.76504,897.0,942.0,978.0,1062.0,1107.0,1120.0,1106.0,1062.0,1282.0,1672.0,978.86,76.47,1047.0,87.04,1089.13,85.87,1253.0,194.15,1423.46,316.83,-0.03402,-0.24437,-0.24347,-0.39114,2418.0,2505.0,3055.0,1068.0,1090.0,1209.0,621.0,632.0,676.0,0.99993,-0.01183,-0.02365,-0.99972,60,2014-07-01,90,446.0,-0.66472,train
2014-04-03,bpi_value,836.0,6.72863,867.0,897.0,942.0,1018.0,1088.0,1120.0,1113.0,1053.0,1261.0,1645.0,942.86,75.93,1027.21,100.27,1074.97,91.24,1239.52,194.55,1417.79,322.67,-0.03641,-0.26347,-0.28619,-0.41103,2343.0,2418.0,2993.0,1047.0,1068.0,1207.0,610.0,621.0,676.0,0.99958,-0.02903,-0.05803,-0.99832,60,2014-07-02,90,485.0,-0.54448,train
2014-04-04,bpi_value,822.0,6.71174,836.0,867.0,897.0,978.0,1062.0,1112.0,1116.0,1056.0,1244.0,1621.0,908.57,68.18,1006.21,109.81,1060.9,96.48,1226.2,195.33,1411.98,328.58,-0.01689,-0.25617,-0.30577,-0.41435,2306.0,2343.0,2761.0,1025.0,1047.0,1201.0,598.0,610.0,672.0,0.99893,-0.04622,-0.09233,-0.99573,60,2014-07-03,90,557.0,-0.38918,train
2014-04-07,bpi_value,812.0,6.6995,822.0,836.0,867.0,942.0,1018.0,1107.0,1118.0,1075.0,1222.0,1598.0,879.14,58.34,984.36,115.68,1047.23,101.59,1213.1,196.31,1405.87,334.52,-0.01224,-0.22609,-0.3198,-0.40874,2293.0,2306.0,2579.0,1003.0,1025.0,1180.0,588.0,598.0,659.0,0.99522,-0.09768,-0.19443,-0.98092,60,2014-07-04,88,640.0,-0.23803,train
2014-04-08,bpi_value,801.0,6.68586,812.0,822.0,836.0,897.0,978.0,1088.0,1120.0,1088.0,1187.0,1580.0,853.86,47.33,961.57,118.11,1034.37,107.36,1200.12,197.37,1399.36,340.47,-0.01364,-0.19965,-0.33522,-0.39332,2029.0,2293.0,2557.0,982.0,1003.0,1139.0,580.0,588.0,649.0,0.99339,-0.11479,-0.22806,-0.97365,60,2014-07-07,90,680.0,-0.16377,train
2014-04-09,bpi_value,794.0,6.67708,801.0,812.0,822.0,867.0,942.0,1062.0,1120.0,1104.0,1154.0,1572.0,832.71,34.57,938.29,116.71,1022.37,113.27,1187.15,198.07,1392.32,346.31,-0.00878,-0.17092,-0.344,-0.37391,1946.0,2029.0,2573.0,965.0,982.0,1115.0,571.0,580.0,642.0,0.99127,-0.13186,-0.26141,-0.96523,60,2014-07-08,90,704.0,-0.12031,train
2014-04-10,bpi_value,787.0,6.66823,794.0,801.0,812.0,836.0,897.0,1018.0,1112.0,1102.0,1123.0,1570.0,817.0,25.62,915.07,112.08,1011.17,119.22,1174.1,198.21,1384.29,351.83,-0.00886,-0.13083,-0.34569,-0.35553,1865.0,1946.0,2505.0,949.0,965.0,1090.0,562.0,571.0,632.0,0.98885,-0.14889,-0.29446,-0.95566,60,2014-07-09,90,710.0,-0.10296,train
2014-04-11,bpi_value,782.0,6.66185,787.0,794.0,801.0,822.0,867.0,978.0,1107.0,1106.0,1099.0,1564.0,804.86,18.08,891.86,103.23,1000.6,124.88,1161.07,197.85,1375.06,356.58,-0.00637,-0.10318,-0.34755,-0.3403,1789.0,1865.0,2418.0,936.0,949.0,1068.0,556.0,562.0,621.0,0.98615,-0.16588,-0.32716,-0.94497,60,2014-07-10,90,702.0,-0.10792,train
2014-04-14,bpi_value,778.0,6.65673,782.0,787.0,794.0,812.0,836.0,942.0,1088.0,1113.0,1080.0,1552.0,796.57,14.93,869.71,91.34,990.53,130.14,1148.17,197.17,1365.2,360.67,-0.00513,-0.0719,-0.33537,-0.32799,1765.0,1789.0,2343.0,927.0,936.0,1047.0,549.0,556.0,610.0,0.97628,-0.21653,-0.42278,-0.90623,60,2014-07-11,88,679.0,-0.13611,train
2014-04-15,bpi_value,777.0,6.65544,778.0,782.0,787.0,801.0,822.0,897.0,1062.0,1116.0,1062.0,1530.0,790.14,11.99,849.36,76.83,981.03,134.89,1135.62,196.43,1355.0,364.16,-0.00129,-0.0563,-0.31247,-0.31247,1724.0,1765.0,2306.0,921.0,927.0,1025.0,543.0,549.0,598.0,0.97241,-0.23329,-0.4537,-0.89115,60,2014-07-14,90,666.0,-0.15415,train
2014-04-16,bpi_value,792.0,6.67456,777.0,778.0,782.0,794.0,812.0,867.0,1018.0,1118.0,1053.0,1496.0,787.29,8.24,833.21,62.01,972.33,138.34,1123.88,195.58,1344.46,366.56,0.01912,-0.02494,-0.25103,-0.28484,1613.0,1724.0,2293.0,916.0,921.0,1003.0,536.0,543.0,588.0,0.96825,-0.24998,-0.48409,-0.87502,60,2014-07-15,90,644.0,-0.20686,train
2014-04-17,bpi_value,812.0,6.6995,792.0,777.0,778.0,787.0,801.0,836.0,978.0,1120.0,1056.0,1468.0,788.86,11.22,821.36,47.32,964.2,140.34,1112.95,194.37,1333.53,367.62,0.02494,0.01364,-0.18601,-0.26274,1591.0,1613.0,2029.0,909.0,916.0,982.0,533.0,536.0,580.0,0.96381,-0.2666,-0.5139,-0.85785,60,2014-07-16,90,621.0,-0.26817,train
2014-04-22,bpi_value,828.0,6.71901,812.0,792.0,777.0,782.0,794.0,822.0,942.0,1120.0,1075.0,1437.0,793.71,17.81,813.21,33.71,955.97,140.84,1102.8,193.08,1321.99,367.0,0.01951,0.04193,-0.12899,-0.26106,1616.0,1591.0,1946.0,908.0,909.0,965.0,528.0,533.0,571.0,0.93734,-0.34841,-0.65316,-0.75722,60,2014-07-17,86,603.0,-0.3171,train
2014-04-23,bpi_value,840.0,6.7334,828.0,812.0,792.0,778.0,787.0,812.0,897.0,1112.0,1088.0,1413.0,801.29,23.66,809.14,25.88,947.7,140.13,1093.25,191.67,1309.96,364.84,0.01439,0.06517,-0.06565,-0.25869,1674.0,1616.0,1865.0,909.0,908.0,949.0,524.0,528.0,562.0,0.93121,-0.36448,-0.67882,-0.7343,60,2014-07-18,86,586.0,-0.36008,train
2014-04-24,bpi_value,852.0,6.74759,840.0,828.0,812.0,777.0,782.0,801.0,867.0,1107.0,1104.0,1387.0,811.29,27.82,808.07,23.68,939.3,138.04,1084.33,190.23,1297.7,361.48,0.01418,0.08573,-0.01745,-0.25911,1692.0,1674.0,1789.0,911.0,909.0,936.0,520.0,524.0,556.0,0.9248,-0.38045,-0.70368,-0.71052,60,2014-07-21,88,576.0,-0.39148,train
2014-04-25,bpi_value,864.0,6.76157,852.0,840.0,828.0,792.0,778.0,794.0,836.0,1088.0,1102.0,1369.0,823.57,29.35,810.07,26.92,931.37,135.27,1075.92,188.61,1285.11,356.6,0.01399,0.10485,0.03294,-0.24331,1696.0,1692.0,1765.0,909.0,911.0,927.0,517.0,520.0,549.0,0.91812,-0.3963,-0.7277,-0.68589,60,2014-07-22,88,576.0,-0.40547,train
2014-04-28,bpi_value,868.0,6.76619,864.0,852.0,840.0,812.0,777.0,787.0,822.0,1062.0,1106.0,1347.0,836.57,25.78,813.36,30.71,923.43,131.73,1067.93,187.1,1271.98,349.89,0.00462,0.11075,0.05445,-0.24231,1668.0,1696.0,1724.0,912.0,909.0,921.0,517.0,517.0,543.0,0.89646,-0.44313,-0.7945,-0.60727,60,2014-07-23,86,584.0,-0.39629,train
2014-04-29,bpi_value,872.0,6.77079,868.0,864.0,852.0,828.0,792.0,782.0,812.0,1018.0,1113.0,1337.0,848.0,20.73,817.64,34.21,915.4,127.2,1060.18,185.42,1258.5,341.58,0.0046,0.09623,0.07129,-0.24402,1613.0,1668.0,1613.0,916.0,912.0,916.0,515.0,517.0,536.0,0.8887,-0.45849,-0.81492,-0.57958,60,2014-07-24,86,596.0,-0.38055,train
2014-04-30,bpi_value,871.0,6.76964,872.0,868.0,864.0,840.0,812.0,778.0,801.0,978.0,1116.0,1326.0,856.43,15.78,822.64,36.45,907.23,121.81,1052.6,183.69,1244.89,332.21,-0.00115,0.07014,0.08378,-0.24786,1600.0,1613.0,1591.0,922.0,916.0,909.0,513.0,515.0,533.0,0.88068,-0.47371,-0.83437,-0.5512,60,2014-07-25,86,606.0,-0.36276,train
2014-05-01,bpi_value,871.0,6.76964,871.0,872.0,868.0,852.0,828.0,777.0,794.0,942.0,1118.0,1313.0,862.57,11.24,828.14,37.51,899.0,115.47,1045.23,181.95,1231.43,322.41,0.0,0.05063,0.09256,-0.24965,1716.0,1600.0,1616.0,919.0,922.0,908.0,514.0,513.0,528.0,0.8724,-0.48879,-0.85284,-0.52218,60,2014-07-28,88,616.0,-0.3464,train
2014-05-02,bpi_value,865.0,6.76273,871.0,871.0,872.0,864.0,840.0,792.0,787.0,897.0,1120.0,1307.0,866.14,6.45,833.71,36.77,890.5,108.03,1037.87,180.15,1218.54,313.5,-0.00691,0.02933,0.0945,-0.25835,1829.0,1716.0,1674.0,915.0,919.0,909.0,510.0,514.0,524.0,0.86387,-0.50372,-0.87029,-0.49253,60,2014-07-29,88,624.0,-0.32658,train
2014-05-06,bpi_value,866.0,6.76388,865.0,871.0,871.0,868.0,852.0,812.0,782.0,867.0,1120.0,1307.0,868.14,3.0,839.71,34.64,882.03,99.31,1030.52,178.0,1206.54,306.0,0.00116,0.0163,0.10203,-0.2572,1691.0,1829.0,1692.0,915.0,915.0,911.0,510.0,510.0,520.0,0.82719,-0.56192,-0.92963,-0.36848,60,2014-07-30,85,625.0,-0.32613,train
2014-05-07,bpi_value,869.0,6.76734,866.0,865.0,871.0,872.0,864.0,828.0,778.0,836.0,1112.0,1304.0,868.86,2.47,846.21,30.77,873.93,89.67,1023.27,175.55,1195.28,299.49,0.00346,0.00577,0.11062,-0.24657,1681.0,1691.0,1696.0,917.0,915.0,909.0,509.0,510.0,517.0,0.8174,-0.57607,-0.94176,-0.33629,60,2014-07-31,85,619.0,-0.33924,train
2014-05-08,bpi_value,879.0,6.77878,869.0,866.0,865.0,871.0,868.0,840.0,777.0,822.0,1107.0,1305.0,870.43,4.27,853.5,25.06,866.33,78.57,1016.17,172.61,1184.4,292.92,0.01144,0.01259,0.12334,-0.23062,1613.0,1681.0,1668.0,920.0,917.0,912.0,508.0,509.0,517.0,0.80737,-0.59004,-0.95277,-0.3037,60,2014-08-01,85,611.0,-0.36369,train
2014-05-09,bpi_value,898.0,6.80017,879.0,869.0,866.0,871.0,872.0,852.0,792.0,812.0,1088.0,1322.0,874.14,10.62,861.07,21.03,860.0,67.29,1009.1,168.57,1173.99,286.19,0.02139,0.02938,0.12561,-0.19193,1541.0,1613.0,1613.0,918.0,920.0,916.0,506.0,508.0,515.0,0.7971,-0.60385,-0.96265,-0.27074,60,2014-08-04,87,610.0,-0.38671,train
2014-05-12,bpi_value,910.0,6.81344,898.0,879.0,869.0,865.0,871.0,864.0,812.0,801.0,1062.0,1324.0,879.71,16.25,868.07,19.8,854.93,56.8,1002.2,163.95,1163.82,279.05,0.01327,0.0438,0.11394,-0.15446,1483.0,1541.0,1600.0,909.0,918.0,922.0,504.0,506.0,513.0,0.76489,-0.64416,-0.98542,-0.17012,60,2014-08-05,85,609.0,-0.40163,train
2014-05-13,bpi_value,933.0,6.83841,910.0,898.0,879.0,866.0,871.0,868.0,828.0,794.0,1018.0,1313.0,888.57,24.09,875.57,22.85,852.1,50.35,995.87,159.09,1154.41,272.31,0.02496,0.06876,0.11939,-0.08719,1453.0,1483.0,1716.0,905.0,909.0,919.0,502.0,504.0,514.0,0.7537,-0.65722,-0.99069,-0.13612,60,2014-08-06,85,609.0,-0.42659,train
2014-05-14,bpi_value,969.0,6.87626,933.0,910.0,898.0,869.0,865.0,872.0,840.0,787.0,978.0,1311.0,903.43,34.7,884.79,31.15,851.8,49.62,990.17,153.73,1145.73,265.55,0.03786,0.11354,0.14286,-0.00925,1496.0,1453.0,1829.0,904.0,905.0,915.0,497.0,502.0,510.0,0.74228,-0.67009,-0.99479,-0.10196,60,2014-08-07,85,616.0,-0.45302,train
2014-05-15,bpi_value,1016.0,6.92363,969.0,933.0,910.0,879.0,866.0,871.0,852.0,782.0,942.0,1308.0,924.86,48.53,896.5,44.57,854.27,55.53,985.3,148.11,1137.87,258.7,0.04736,0.15974,0.17604,0.07562,1546.0,1496.0,1691.0,904.0,904.0,915.0,490.0,497.0,510.0,0.73064,-0.68276,-0.99771,-0.06768,60,2014-08-08,85,624.0,-0.48748,train
2014-05-16,bpi_value,1041.0,6.94794,1016.0,969.0,933.0,898.0,869.0,871.0,864.0,778.0,897.0,1298.0,949.43,56.86,909.14,56.94,859.07,64.51,981.02,142.62,1130.63,252.12,0.02431,0.18059,0.18636,0.14888,1530.0,1546.0,1681.0,901.0,904.0,917.0,485.0,490.0,509.0,0.71879,-0.69523,-0.99944,-0.03332,60,2014-08-11,87,634.0,-0.49589,train
2014-05-19,bpi_value,1054.0,6.96035,1041.0,1016.0,969.0,910.0,879.0,865.0,868.0,777.0,867.0,1282.0,974.43,58.83,922.43,66.66,865.3,73.4,977.22,137.5,1123.77,245.62,0.01241,0.18156,0.19416,0.19531,1494.0,1530.0,1613.0,899.0,901.0,920.0,483.0,485.0,508.0,0.68197,-0.73138,-0.99756,0.06983,60,2014-08-12,85,651.0,-0.48184,train
2014-05-20,bpi_value,1061.0,6.96697,1054.0,1041.0,1016.0,933.0,898.0,866.0,872.0,792.0,836.0,1261.0,997.71,56.17,935.93,73.83,872.8,81.11,973.88,132.93,1117.28,239.4,0.00662,0.1668,0.19618,0.23834,1431.0,1494.0,1541.0,896.0,899.0,918.0,482.0,483.0,506.0,0.66929,-0.743,-0.99457,0.1041,60,2014-08-13,85,674.0,-0.45374,train
2014-05-21,bpi_value,1056.0,6.96224,1061.0,1054.0,1041.0,969.0,910.0,869.0,871.0,812.0,822.0,1244.0,1018.57,45.9,949.14,77.5,880.6,86.9,970.75,128.67,1111.0,233.44,-0.00472,0.1488,0.1926,0.2505,1354.0,1431.0,1483.0,891.0,896.0,909.0,480.0,482.0,504.0,0.65641,-0.7544,-0.9904,0.13825,60,2014-08-14,85,739.0,-0.35695,train
2014-05-22,bpi_value,1028.0,6.93537,1056.0,1061.0,1054.0,1016.0,933.0,879.0,871.0,828.0,812.0,1222.0,1032.14,29.82,960.36,76.73,887.8,89.81,967.52,124.69,1104.67,227.81,-0.02687,0.09697,0.16573,0.23587,1302.0,1354.0,1453.0,884.0,891.0,905.0,480.0,480.0,502.0,0.64334,-0.76558,-0.98506,0.17224,60,2014-08-15,85,803.0,-0.24702,train
2014-05-23,bpi_value,1001.0,6.90875,1028.0,1056.0,1061.0,1041.0,969.0,898.0,865.0,840.0,801.0,1187.0,1036.71,20.91,970.07,72.54,894.47,90.54,964.42,121.47,1098.23,222.4,-0.02662,0.03249,0.14603,0.22289,1358.0,1302.0,1496.0,872.0,884.0,904.0,480.0,480.0,497.0,0.63007,-0.77654,-0.97855,0.20602,60,2014-08-18,87,836.0,-0.18013,train
2014-05-27,bpi_value,971.0,6.87833,1001.0,1028.0,1056.0,1054.0,1016.0,910.0,866.0,852.0,794.0,1154.0,1030.29,30.84,977.57,66.57,900.37,89.57,961.37,118.94,1091.56,217.04,-0.03043,-0.0453,0.11444,0.20124,1457.0,1358.0,1546.0,866.0,872.0,904.0,481.0,480.0,490.0,0.57519,-0.81802,-0.94103,0.33831,60,2014-08-19,84,837.0,-0.1485,train
2014-05-28,bpi_value,940.0,6.84588,971.0,1001.0,1028.0,1061.0,1041.0,933.0,869.0,864.0,787.0,1123.0,1015.86,43.49,982.64,60.54,905.47,87.29,958.32,117.09,1084.56,211.58,-0.03245,-0.10206,0.07854,0.17765,1405.0,1457.0,1530.0,855.0,866.0,901.0,481.0,481.0,485.0,0.56103,-0.82779,-0.92884,0.37048,60,2014-08-20,84,828.0,-0.12687,train
2014-05-29,bpi_value,904.0,6.80683,940.0,971.0,1001.0,1056.0,1054.0,969.0,879.0,868.0,782.0,1099.0,994.43,54.88,984.43,57.76,909.53,84.23,955.07,115.84,1077.22,206.21,-0.03905,-0.15352,0.02804,0.14497,1379.0,1405.0,1494.0,846.0,855.0,899.0,484.0,481.0,483.0,0.54671,-0.83732,-0.91555,0.40221,60,2014-08-21,84,818.0,-0.09997,train
2014-05-30,bpi_value,872.0,6.77079,904.0,940.0,971.0,1028.0,1061.0,1016.0,898.0,872.0,778.0,1080.0,967.43,61.57,982.57,60.85,912.67,80.97,951.6,115.16,1069.67,201.07,-0.03604,-0.19618,-0.02938,0.11406,1395.0,1379.0,1431.0,839.0,846.0,896.0,485.0,484.0,482.0,0.53223,-0.8466,-0.90117,0.43347,60,2014-08-22,84,812.0,-0.07129,train
2014-06-02,bpi_value,846.0,6.74052,872.0,904.0,940.0,1001.0,1056.0,1041.0,910.0,871.0,777.0,1062.0,937.43,62.26,978.0,68.1,914.97,78.01,948.0,115.03,1062.07,196.4,-0.03027,-0.22172,-0.07293,0.08508,1429.0,1395.0,1354.0,830.0,839.0,891.0,485.0,485.0,480.0,0.48785,-0.87293,-0.85171,0.52401,60,2014-08-26,85,808.0,-0.04596,train
2014-06-03,bpi_value,816.0,6.70441,846.0,872.0,904.0,971.0,1028.0,1054.0,933.0,871.0,792.0,1053.0,907.14,62.4,969.64,79.36,915.77,76.86,944.05,115.42,1054.51,192.6,-0.03611,-0.23096,-0.13399,0.02985,1545.0,1429.0,1302.0,829.0,830.0,884.0,485.0,485.0,480.0,0.47276,-0.88119,-0.83318,0.553,60,2014-08-27,85,811.0,-0.00615,train
2014-06-04,bpi_value,786.0,6.66696,816.0,846.0,872.0,940.0,1001.0,1061.0,969.0,865.0,812.0,1056.0,876.43,61.55,956.57,92.39,914.9,78.16,939.55,116.23,1046.93,189.58,-0.03746,-0.2418,-0.20931,-0.03254,1604.0,1545.0,1358.0,829.0,829.0,872.0,484.0,485.0,480.0,0.45753,-0.88919,-0.81367,0.58133,60,2014-08-28,85,842.0,0.06882,train
2014-06-05,bpi_value,758.0,6.63068,786.0,816.0,846.0,904.0,971.0,1056.0,1016.0,866.0,828.0,1075.0,846.0,59.9,938.14,103.73,912.57,81.68,934.27,117.15,1039.39,187.4,-0.03627,-0.24764,-0.29295,-0.08833,1689.0,1604.0,1457.0,821.0,829.0,866.0,482.0,484.0,481.0,0.44217,-0.89693,-0.79319,0.60897,60,2014-08-29,85,871.0,0.13896,train
2014-06-06,bpi_value,727.0,6.58893,758.0,786.0,816.0,872.0,940.0,1028.0,1041.0,869.0,840.0,1088.0,815.57,58.51,915.71,112.63,908.8,87.35,928.25,118.37,1031.77,185.99,-0.04176,-0.25695,-0.35901,-0.14448,1793.0,1689.0,1405.0,811.0,821.0,855.0,481.0,482.0,481.0,0.42667,-0.90441,-0.77177,0.6359,60,2014-09-01,87,888.0,0.20005,train
2014-06-09,bpi_value,713.0,6.56948,727.0,758.0,786.0,846.0,904.0,1001.0,1054.0,879.0,852.0,1104.0,788.29,55.36,891.36,116.88,904.17,93.7,921.73,119.27,1024.28,185.11,-0.01945,-0.23735,-0.39087,-0.17811,1846.0,1793.0,1379.0,802.0,811.0,846.0,478.0,481.0,484.0,0.37945,-0.92521,-0.70215,0.71203,60,2014-09-02,85,903.0,0.23624,train
2014-06-10,bpi_value,699.0,6.54965,713.0,727.0,758.0,816.0,872.0,971.0,1061.0,898.0,864.0,1102.0,763.57,50.91,865.5,116.54,898.67,100.49,915.02,120.27,1016.83,184.57,-0.01983,-0.22114,-0.41732,-0.21192,1903.0,1846.0,1395.0,797.0,802.0,839.0,475.0,478.0,485.0,0.36348,-0.9316,-0.67724,0.73576,60,2014-09-03,85,919.0,0.27364,train
2014-06-11,bpi_value,678.0,6.51915,699.0,713.0,727.0,786.0,846.0,940.0,1056.0,910.0,868.0,1106.0,739.57,45.73,838.5,113.01,892.33,107.93,907.88,121.42,1009.4,184.59,-0.0305,-0.22137,-0.4431,-0.24704,1864.0,1903.0,1429.0,787.0,797.0,830.0,469.0,475.0,485.0,0.3474,-0.93772,-0.65153,0.75862,60,2014-09-04,85,927.0,0.31281,train
2014-06-12,bpi_value,635.0,6.45362,678.0,699.0,713.0,758.0,816.0,904.0,1028.0,933.0,872.0,1113.0,713.71,46.37,810.43,111.25,884.43,117.39,899.92,123.37,1001.6,185.41,-0.06552,-0.25079,-0.48175,-0.31716,1792.0,1864.0,1545.0,774.0,787.0,829.0,465.0,469.0,485.0,0.33122,-0.94355,-0.62505,0.78058,60,2014-09-05,85,931.0,0.38263,train
2014-06-13,bpi_value,582.0,6.36647,635.0,678.0,699.0,727.0,786.0,872.0,1001.0,969.0,871.0,1116.0,684.57,55.07,780.5,112.31,874.8,129.35,891.02,126.68,993.33,187.34,-0.08715,-0.30049,-0.54228,-0.40317,1730.0,1792.0,1604.0,760.0,774.0,829.0,459.0,465.0,484.0,0.31494,-0.94911,-0.59783,0.80162,60,2014-09-08,87,940.0,0.47941,train
2014-06-16,bpi_value,542.0,6.29527,582.0,635.0,678.0,713.0,758.0,846.0,971.0,1016.0,871.0,1118.0,653.71,64.92,749.86,114.65,863.83,142.49,881.42,130.87,984.77,190.13,-0.0712,-0.33542,-0.58306,-0.47438,1695.0,1730.0,1689.0,748.0,760.0,821.0,450.0,459.0,482.0,0.26556,-0.96409,-0.51206,0.85895,60,2014-09-09,85,940.0,0.55061,train
2014-06-17,bpi_value,514.0,6.24222,542.0,582.0,635.0,699.0,727.0,816.0,940.0,1041.0,865.0,1120.0,623.29,72.87,719.43,116.66,852.13,155.71,871.32,135.37,975.96,193.35,-0.05304,-0.3467,-0.60366,-0.52051,1676.0,1695.0,1793.0,740.0,748.0,811.0,446.0,450.0,481.0,0.24894,-0.96852,-0.48221,0.87606,60,2014-09-10,85,916.0,0.57779,train
2014-06-18,bpi_value,492.0,6.19848,514.0,542.0,582.0,678.0,713.0,786.0,904.0,1054.0,866.0,1120.0,591.71,75.0,690.0,118.34,839.67,168.54,860.85,139.94,966.9,196.69,-0.04374,-0.371,-0.60835,-0.56541,1767.0,1676.0,1846.0,724.0,740.0,802.0,443.0,446.0,478.0,0.23224,-0.97266,-0.45179,0.89213,60,2014-09-11,85,895.0,0.59835,train
2014-06-19,bpi_value,474.0,6.16121,492.0,514.0,542.0,635.0,699.0,758.0,872.0,1061.0,869.0,1112.0,559.57,70.2,661.57,119.01,826.5,180.72,850.22,144.61,957.68,200.09,-0.03727,-0.38844,-0.60958,-0.60614,1919.0,1767.0,1903.0,715.0,724.0,797.0,442.0,443.0,475.0,0.21548,-0.97651,-0.42083,0.90714,60,2014-09-12,85,875.0,0.61302,train
2014-06-20,bpi_value,461.0,6.1334,474.0,492.0,514.0,582.0,678.0,727.0,846.0,1056.0,879.0,1107.0,528.57,57.89,634.07,117.69,812.57,191.91,839.45,149.07,948.3,203.35,-0.02781,-0.38575,-0.60712,-0.64539,1950.0,1919.0,1864.0,708.0,715.0,787.0,441.0,442.0,469.0,0.19865,-0.98007,-0.38938,0.92108,60,2014-09-15,87,860.0,0.62353,train
2014-06-23,bpi_value,452.0,6.11368,461.0,474.0,492.0,542.0,635.0,713.0,816.0,1028.0,898.0,1088.0,502.43,43.44,608.07,114.8,797.7,201.74,828.85,153.57,938.63,206.01,-0.01972,-0.33994,-0.59073,-0.68649,1896.0,1950.0,1792.0,704.0,708.0,774.0,440.0,441.0,465.0,0.14783,-0.98901,-0.29241,0.95629,60,2014-09-16,85,843.0,0.62328,train
2014-06-24,bpi_value,446.0,6.10032,452.0,461.0,474.0,514.0,582.0,699.0,786.0,1001.0,910.0,1062.0,483.0,32.55,583.79,110.47,782.23,210.14,818.58,158.16,928.88,208.31,-0.01336,-0.26615,-0.56664,-0.71313,1848.0,1896.0,1730.0,701.0,704.0,760.0,438.0,440.0,459.0,0.13079,-0.99141,-0.25934,0.96579,60,2014-09-17,85,829.0,0.6199,train
2014-06-25,bpi_value,433.0,6.07074,446.0,452.0,461.0,492.0,542.0,678.0,758.0,971.0,933.0,1018.0,467.43,26.02,560.57,105.46,765.57,217.23,808.83,163.51,919.1,210.69,-0.02958,-0.22453,-0.55995,-0.76767,1799.0,1848.0,1695.0,694.0,701.0,748.0,433.0,438.0,450.0,0.11372,-0.99351,-0.22596,0.97414,60,2014-09-18,85,819.0,0.63735,train
2014-06-26,bpi_value,423.0,6.04737,433.0,446.0,452.0,474.0,514.0,635.0,727.0,940.0,969.0,978.0,454.43,21.91,538.86,100.12,747.37,222.24,799.58,169.27,909.23,212.89,-0.02337,-0.19485,-0.54155,-0.82889,1748.0,1799.0,1676.0,687.0,694.0,740.0,427.0,433.0,446.0,0.09661,-0.99532,-0.19232,0.98133,60,2014-09-19,85,814.0,0.65459,train
2014-06-27,bpi_value,419.0,6.03787,423.0,433.0,446.0,461.0,492.0,582.0,713.0,904.0,1016.0,942.0,444.0,18.69,517.86,91.88,727.47,224.02,790.87,175.08,899.36,214.77,-0.0095,-0.16061,-0.53161,-0.88576,1773.0,1748.0,1767.0,679.0,687.0,724.0,420.0,427.0,443.0,0.07948,-0.99684,-0.15845,0.98737,60,2014-09-22,87,809.0,0.65793,train
2014-06-30,bpi_value,423.0,6.04737,419.0,423.0,433.0,452.0,474.0,542.0,699.0,872.0,1041.0,897.0,436.71,15.18,498.14,79.7,706.87,222.65,782.97,180.72,889.63,216.3,0.0095,-0.11384,-0.50228,-0.90056,1871.0,1773.0,1919.0,678.0,679.0,715.0,413.0,420.0,442.0,0.02795,-0.99961,-0.05588,0.99844,60,2014-09-23,85,800.0,0.63724,train
2014-07-01,bpi_value,446.0,6.10032,423.0,419.0,423.0,446.0,461.0,514.0,678.0,846.0,1054.0,867.0,434.57,12.41,481.57,62.94,686.6,217.75,775.95,185.43,880.34,217.2,0.05295,-0.03308,-0.41883,-0.86003,2045.0,1871.0,1950.0,675.0,678.0,708.0,409.0,413.0,441.0,0.01075,-0.99994,-0.0215,0.99977,60,2014-09-24,85,798.0,0.58179,train
2014-07-02,bpi_value,485.0,6.18415,446.0,423.0,419.0,433.0,452.0,492.0,635.0,816.0,1061.0,836.0,439.29,21.25,470.86,46.54,667.4,209.11,770.1,188.95,871.72,217.32,0.08383,0.07047,-0.26948,-0.78282,1999.0,2045.0,1896.0,676.0,675.0,704.0,408.0,409.0,440.0,-0.00645,-0.99998,0.0129,0.99992,60,2014-09-25,85,799.0,0.49921,train
2014-07-03,bpi_value,557.0,6.32257,485.0,446.0,423.0,423.0,446.0,474.0,582.0,786.0,1056.0,822.0,455.14,46.62,469.07,42.55,650.77,197.04,765.68,190.77,864.09,216.18,0.13842,0.22225,-0.04391,-0.63968,1935.0,1999.0,1848.0,677.0,676.0,701.0,404.0,408.0,438.0,-0.02365,-0.99972,0.04729,0.99888,60,2014-09-26,85,807.0,0.37076,train
2014-07-04,bpi_value,640.0,6.46147,557.0,485.0,446.0,419.0,433.0,461.0,542.0,758.0,1028.0,812.0,484.71,78.17,476.07,58.89,637.83,184.17,762.82,191.34,857.62,214.07,0.1389,0.39073,0.1662,-0.4739,1864.0,1935.0,1799.0,680.0,677.0,694.0,403.0,404.0,433.0,-0.04084,-0.99917,0.08162,0.99666,60,2014-09-29,87,812.0,0.23803,train
2014-07-07,bpi_value,680.0,6.52209,640.0,557.0,485.0,423.0,423.0,452.0,514.0,727.0,1001.0,801.0,521.43,98.32,487.93,78.71,627.13,171.65,760.8,191.57,851.99,211.99,0.06062,0.47472,0.27987,-0.38666,1808.0,1864.0,1748.0,682.0,680.0,687.0,402.0,403.0,427.0,-0.09233,-0.99573,0.18387,0.98295,60,2014-09-30,85,826.0,0.1945,train
2014-07-08,bpi_value,704.0,6.55678,680.0,640.0,557.0,446.0,419.0,446.0,492.0,713.0,971.0,794.0,562.14,106.17,503.07,96.44,618.23,160.13,759.3,191.65,846.99,210.1,0.03469,0.51891,0.3583,-0.32155,1755.0,1808.0,1773.0,686.0,682.0,679.0,400.0,402.0,420.0,-0.10945,-0.99399,0.21758,0.97604,60,2014-10-01,85,854.0,0.19315,train
2014-07-09,bpi_value,710.0,6.56526,704.0,680.0,640.0,485.0,423.0,433.0,474.0,699.0,940.0,787.0,603.14,99.74,519.93,109.61,610.57,149.71,758.02,191.72,842.4,208.53,0.00849,0.51789,0.40406,-0.28061,1648.0,1755.0,1871.0,687.0,686.0,678.0,397.0,400.0,413.0,-0.12653,-0.99196,0.25102,0.96798,60,2014-10-02,85,878.0,0.21238,train
2014-07-10,bpi_value,702.0,6.55393,710.0,704.0,680.0,557.0,446.0,423.0,461.0,678.0,904.0,782.0,639.71,80.49,537.14,117.63,603.83,140.63,756.68,191.83,837.99,207.25,-0.01133,0.45361,0.42054,-0.2529,1523.0,1648.0,2045.0,684.0,687.0,675.0,393.0,397.0,409.0,-0.14357,-0.98964,0.28417,0.95877,60,2014-10-03,85,887.0,0.23391,train
2014-07-11,bpi_value,679.0,6.52062,702.0,710.0,704.0,640.0,485.0,419.0,452.0,635.0,872.0,778.0,667.43,50.12,553.36,120.39,597.4,132.38,755.03,192.06,833.53,206.31,-0.03331,0.33647,0.40694,-0.25017,1465.0,1523.0,1999.0,681.0,684.0,676.0,390.0,393.0,408.0,-0.16057,-0.98702,0.31698,0.94843,60,2014-10-06,87,889.0,0.26948,train
2014-07-14,bpi_value,666.0,6.50129,679.0,702.0,710.0,680.0,557.0,423.0,446.0,582.0,846.0,777.0,683.0,22.97,569.07,119.71,591.4,124.84,753.18,192.38,829.13,205.61,-0.01933,0.17872,0.40097,-0.23923,1422.0,1465.0,1935.0,679.0,681.0,677.0,385.0,390.0,404.0,-0.21128,-0.97743,0.41301,0.91073,60,2014-10-07,85,884.0,0.28317,train
2014-07-15,bpi_value,644.0,6.4677,666.0,679.0,702.0,704.0,640.0,446.0,433.0,542.0,816.0,792.0,683.57,21.92,584.14,114.81,585.67,118.17,750.72,192.81,824.59,205.13,-0.03359,0.00623,0.39696,-0.23672,1377.0,1422.0,1864.0,675.0,679.0,680.0,380.0,385.0,403.0,-0.22806,-0.97365,0.4441,0.89598,60,2014-10-08,85,869.0,0.29964,train
2014-07-16,bpi_value,621.0,6.43133,644.0,666.0,679.0,710.0,680.0,485.0,423.0,514.0,786.0,812.0,675.14,31.1,598.29,105.94,580.17,112.42,747.53,193.35,819.76,204.74,-0.03637,-0.09076,0.38396,-0.23563,1289.0,1377.0,1808.0,671.0,675.0,682.0,377.0,380.0,402.0,-0.24477,-0.96958,0.47465,0.88017,60,2014-10-09,85,864.0,0.33024,train
2014-07-17,bpi_value,603.0,6.40192,621.0,644.0,666.0,702.0,704.0,557.0,419.0,492.0,758.0,828.0,660.71,37.19,611.43,93.58,575.0,107.58,743.78,193.94,814.51,204.18,-0.02941,-0.15486,0.36405,-0.22877,1248.0,1289.0,1755.0,666.0,671.0,686.0,373.0,377.0,400.0,-0.26141,-0.96523,0.50465,0.86333,60,2014-10-10,85,865.0,0.36081,train
2014-07-18,bpi_value,586.0,6.37332,603.0,621.0,644.0,679.0,710.0,640.0,423.0,474.0,727.0,840.0,643.0,38.99,623.07,78.3,570.3,103.86,739.55,194.56,808.93,203.49,-0.0286,-0.19195,0.32595,-0.21561,1235.0,1248.0,1648.0,660.0,666.0,687.0,372.0,373.0,397.0,-0.27798,-0.96059,0.53405,0.84546,60,2014-10-13,87,868.0,0.39287,train
2014-07-21,bpi_value,576.0,6.35611,586.0,603.0,621.0,666.0,702.0,680.0,446.0,461.0,713.0,852.0,625.0,36.61,632.36,62.96,565.73,100.44,734.95,195.11,803.07,202.51,-0.01721,-0.19783,0.25579,-0.21337,1194.0,1235.0,1523.0,659.0,660.0,684.0,369.0,372.0,393.0,-0.32716,-0.94497,0.61831,0.78593,60,2014-10-14,85,885.0,0.42948,train
2014-07-22,bpi_value,576.0,6.35611,576.0,586.0,603.0,644.0,679.0,704.0,485.0,452.0,699.0,864.0,610.29,32.4,638.86,50.96,561.63,97.38,730.15,195.42,797.22,201.38,0.0,-0.16451,0.17196,-0.19354,1191.0,1194.0,1465.0,659.0,659.0,681.0,364.0,369.0,390.0,-0.34337,-0.9392,0.64498,0.7642,60,2014-10-15,85,909.0,0.45624,train
2014-07-23,bpi_value,584.0,6.3699,576.0,576.0,586.0,621.0,666.0,710.0,557.0,446.0,678.0,868.0,598.57,23.83,640.79,48.27,558.5,95.07,725.42,195.46,791.42,199.92,0.01379,-0.13139,0.04734,-0.14925,1198.0,1191.0,1422.0,661.0,659.0,679.0,361.0,364.0,385.0,-0.35947,-0.93316,0.67089,0.74156,60,2014-10-16,85,940.0,0.47598,train
2014-07-24,bpi_value,596.0,6.39024,584.0,576.0,576.0,603.0,644.0,702.0,640.0,433.0,635.0,872.0,591.71,15.07,637.64,49.63,557.2,94.27,720.82,195.2,785.68,198.02,0.02034,-0.07746,-0.07123,-0.06338,1201.0,1198.0,1377.0,661.0,661.0,675.0,358.0,361.0,380.0,-0.37547,-0.92683,0.696,0.71804,60,2014-10-17,85,966.0,0.48292,train
2014-07-25,bpi_value,606.0,6.40688,596.0,584.0,576.0,586.0,621.0,679.0,680.0,423.0,582.0,871.0,589.57,11.36,632.36,48.77,558.0,94.58,716.4,194.75,780.01,195.77,0.01664,-0.02445,-0.11521,0.04041,1193.0,1201.0,1289.0,666.0,661.0,671.0,357.0,358.0,377.0,-0.39136,-0.92024,0.72029,0.69368,60,2014-10-20,87,995.0,0.49586,train
2014-07-28,bpi_value,616.0,6.42325,606.0,596.0,584.0,576.0,603.0,666.0,704.0,419.0,542.0,871.0,591.43,14.13,626.07,44.63,560.47,95.1,712.15,194.11,774.43,193.19,0.01637,0.02133,-0.13353,0.12798,1187.0,1193.0,1248.0,679.0,666.0,666.0,358.0,357.0,373.0,-0.43831,-0.89883,0.78792,0.61577,60,2014-10-21,85,1032.0,0.51601,train
2014-07-29,bpi_value,624.0,6.43615,616.0,606.0,596.0,576.0,586.0,644.0,710.0,423.0,514.0,865.0,596.86,17.82,619.93,38.09,564.13,95.36,708.13,193.4,768.92,190.31,0.0129,0.06283,-0.12911,0.19393,1195.0,1187.0,1235.0,684.0,679.0,660.0,357.0,358.0,372.0,-0.4537,-0.89115,0.80864,0.58831,60,2014-10-22,85,1066.0,0.53552,train
2014-07-30,bpi_value,625.0,6.43775,624.0,616.0,606.0,584.0,576.0,621.0,702.0,446.0,492.0,866.0,603.86,17.88,614.43,30.68,568.57,94.99,704.12,192.58,763.42,187.21,0.0016,0.08164,-0.11618,0.23927,1200.0,1195.0,1194.0,688.0,684.0,659.0,356.0,357.0,369.0,-0.46897,-0.88322,0.8284,0.56014,60,2014-10-23,85,1099.0,0.5644,train
2014-07-31,bpi_value,619.0,6.42811,625.0,624.0,616.0,596.0,576.0,603.0,679.0,485.0,474.0,869.0,610.0,14.27,610.14,25.04,573.4,93.74,699.95,191.67,757.94,184.12,-0.00965,0.072,-0.09252,0.2669,1195.0,1200.0,1191.0,704.0,688.0,659.0,355.0,356.0,364.0,-0.48409,-0.87502,0.84717,0.53132,60,2014-10-24,85,1121.0,0.59387,train
2014-08-01,bpi_value,611.0,6.4151,619.0,625.0,624.0,606.0,584.0,586.0,666.0,557.0,461.0,879.0,613.86,9.61,606.21,19.71,578.4,91.58,695.48,190.57,752.43,180.98,-0.01301,0.0452,-0.08619,0.2817,1176.0,1195.0,1198.0,716.0,704.0,661.0,357.0,355.0,361.0,-0.49907,-0.86656,0.86495,0.50186,60,2014-10-27,87,1137.0,0.62105,train
2014-08-04,bpi_value,610.0,6.41346,611.0,619.0,625.0,616.0,596.0,576.0,644.0,640.0,452.0,898.0,615.86,6.71,603.79,16.79,583.67,88.66,690.68,189.03,747.12,178.05,-0.00164,0.02322,-0.05424,0.29978,1178.0,1176.0,1201.0,728.0,716.0,661.0,356.0,357.0,358.0,-0.54311,-0.83966,0.91205,0.41007,60,2014-10-28,85,1172.0,0.65301,train
2014-08-05,bpi_value,609.0,6.41182,610.0,611.0,619.0,624.0,606.0,576.0,621.0,680.0,446.0,910.0,616.29,6.13,602.93,16.18,589.1,84.97,685.67,187.12,742.09,175.46,-0.00164,0.00494,-0.01951,0.3115,1163.0,1178.0,1193.0,740.0,728.0,666.0,357.0,356.0,357.0,-0.55747,-0.8302,0.92562,0.37846,60,2014-10-29,85,1202.0,0.67992,train
2014-08-06,bpi_value,609.0,6.41182,609.0,610.0,611.0,625.0,616.0,584.0,603.0,704.0,433.0,933.0,615.29,6.65,603.36,16.26,594.97,79.92,680.27,184.57,737.54,173.54,0.0,-0.01143,0.0099,0.34108,1153.0,1163.0,1187.0,753.0,740.0,679.0,358.0,357.0,358.0,-0.57167,-0.82049,0.93809,0.34639,60,2014-10-30,85,1222.0,0.69643,train
2014-08-07,bpi_value,616.0,6.42325,609.0,609.0,610.0,619.0,624.0,596.0,586.0,710.0,423.0,969.0,614.14,5.67,605.5,15.8,601.4,73.31,674.38,180.86,733.52,172.11,0.01143,-0.0129,0.04993,0.37587,1150.0,1153.0,1195.0,767.0,753.0,684.0,360.0,358.0,357.0,-0.5857,-0.81053,0.94945,0.31392,60,2014-10-31,85,1233.0,0.69396,train
2014-08-08,bpi_value,624.0,6.43615,616.0,609.0,609.0,611.0,625.0,606.0,576.0,702.0,419.0,1016.0,614.0,5.4,608.93,14.14,608.23,65.08,667.85,175.4,729.99,171.05,0.0129,-0.0016,0.08004,0.39828,1166.0,1150.0,1200.0,785.0,767.0,688.0,363.0,360.0,356.0,-0.59955,-0.80034,0.95969,0.28108,60,2014-11-03,87,1241.0,0.68752,train
2014-08-11,bpi_value,634.0,6.45205,624.0,616.0,609.0,610.0,619.0,616.0,576.0,679.0,423.0,1041.0,616.14,8.84,613.07,12.26,615.27,55.36,661.07,168.57,727.07,170.42,0.0159,0.02394,0.09594,0.40468,1197.0,1166.0,1195.0,804.0,785.0,704.0,366.0,363.0,355.0,-0.64004,-0.76834,0.98354,0.1807,60,2014-11-04,85,1238.0,0.6692,train
2014-08-12,bpi_value,651.0,6.47851,634.0,624.0,616.0,609.0,611.0,624.0,584.0,666.0,446.0,1054.0,621.86,14.67,617.86,13.03,622.1,45.89,654.35,160.62,724.67,169.95,0.02646,0.06341,0.10861,0.37819,1350.0,1197.0,1176.0,819.0,804.0,716.0,370.0,366.0,357.0,-0.65316,-0.75722,0.98917,0.14676,60,2014-11-05,85,1224.0,0.63137,train
2014-08-13,bpi_value,674.0,6.51323,651.0,634.0,624.0,609.0,610.0,625.0,596.0,644.0,485.0,1061.0,631.0,22.36,623.43,18.16,628.4,39.11,647.9,151.69,722.87,169.62,0.03472,0.09977,0.12299,0.32908,1546.0,1350.0,1178.0,829.0,819.0,728.0,373.0,370.0,356.0,-0.66609,-0.74587,0.99363,0.11265,60,2014-11-06,85,1205.0,0.581,train
2014-08-14,bpi_value,739.0,6.6053,674.0,651.0,634.0,616.0,609.0,619.0,606.0,621.0,557.0,1056.0,649.57,41.86,632.93,34.23,634.47,41.6,642.62,142.63,721.94,169.31,0.09207,0.19348,0.19842,0.28273,1882.0,1546.0,1163.0,845.0,829.0,740.0,376.0,373.0,357.0,-0.67882,-0.7343,0.99692,0.07841,60,2014-11-07,85,1183.0,0.47051,train
2014-08-15,bpi_value,803.0,6.68835,739.0,674.0,651.0,624.0,609.0,611.0,616.0,603.0,640.0,1028.0,677.29,64.12,646.29,55.13,639.9,51.44,638.87,135.21,721.84,169.26,0.08306,0.27654,0.26511,0.22689,2151.0,1882.0,1153.0,861.0,845.0,753.0,382.0,376.0,358.0,-0.69135,-0.72252,0.99903,0.04407,60,2014-11-10,87,1168.0,0.37469,train
2014-08-18,bpi_value,836.0,6.72863,803.0,739.0,674.0,634.0,616.0,610.0,624.0,586.0,680.0,1001.0,708.71,78.65,661.43,73.11,645.1,62.03,636.12,129.37,722.23,169.48,0.04027,0.30538,0.29248,0.20654,2254.0,2151.0,1150.0,877.0,861.0,767.0,387.0,382.0,360.0,-0.7277,-0.68589,0.99825,-0.0591,60,2014-11-11,85,1150.0,0.31889,train
2014-08-19,bpi_value,837.0,6.72982,836.0,803.0,739.0,651.0,624.0,609.0,625.0,576.0,704.0,971.0,739.14,81.15,676.57,84.99,649.53,70.28,633.88,124.64,722.71,169.74,0.0012,0.29367,0.29207,0.17305,2256.0,2254.0,1166.0,889.0,877.0,785.0,394.0,387.0,363.0,-0.73939,-0.67327,0.99563,-0.0934,60,2014-11-12,85,1133.0,0.3028,train
2014-08-20,bpi_value,828.0,6.71901,837.0,836.0,803.0,674.0,634.0,609.0,619.0,576.0,710.0,940.0,766.86,73.26,691.5,91.66,653.47,76.58,632.02,120.82,723.17,169.97,-0.01081,0.26696,0.29091,0.15375,2380.0,2256.0,1197.0,902.0,889.0,804.0,399.0,394.0,366.0,-0.75086,-0.66046,0.99183,-0.12759,60,2014-11-13,85,1112.0,0.2949,train
2014-08-21,bpi_value,818.0,6.70686,828.0,837.0,836.0,739.0,651.0,616.0,611.0,584.0,702.0,904.0,790.71,57.04,706.29,94.14,657.33,81.69,630.58,118.07,723.57,170.15,-0.01215,0.22835,0.29177,0.15293,2578.0,2380.0,1350.0,912.0,902.0,819.0,406.0,399.0,370.0,-0.76211,-0.64744,0.98685,-0.16164,60,2014-11-14,85,1089.0,0.28615,train
2014-08-22,bpi_value,812.0,6.6995,818.0,828.0,837.0,803.0,674.0,624.0,610.0,596.0,679.0,872.0,810.43,31.36,720.71,93.76,661.77,86.23,629.58,116.26,723.94,170.31,-0.00736,0.18627,0.28604,0.17888,2535.0,2578.0,1546.0,925.0,912.0,829.0,413.0,406.0,373.0,-0.77314,-0.63424,0.98071,-0.19549,60,2014-11-17,87,1069.0,0.27498,train
2014-08-26,bpi_value,808.0,6.69456,812.0,818.0,828.0,836.0,739.0,634.0,609.0,606.0,666.0,846.0,820.29,12.59,734.93,90.78,666.5,90.14,628.95,115.18,724.29,170.44,-0.00494,0.08926,0.28274,0.19327,2430.0,2535.0,1882.0,937.0,925.0,845.0,420.0,413.0,376.0,-0.81492,-0.57958,0.94462,-0.32818,60,2014-11-18,84,1061.0,0.27241,train
2014-08-27,bpi_value,811.0,6.69827,808.0,812.0,818.0,837.0,803.0,651.0,609.0,616.0,644.0,816.0,821.43,11.26,749.36,85.52,672.07,93.67,628.87,115.04,724.5,170.54,0.00371,0.00991,0.28645,0.23057,2366.0,2430.0,2151.0,944.0,937.0,861.0,427.0,420.0,382.0,-0.82477,-0.56548,0.93277,-0.36047,60,2014-11-19,84,1055.0,0.26303,train
2014-08-28,bpi_value,842.0,6.73578,811.0,808.0,812.0,828.0,836.0,674.0,616.0,624.0,621.0,786.0,822.29,12.5,765.5,79.97,679.43,97.95,629.8,116.53,724.83,170.74,0.03751,0.00715,0.31253,0.30445,2551.0,2366.0,2254.0,952.0,944.0,877.0,437.0,427.0,387.0,-0.83437,-0.5512,0.91982,-0.39235,60,2014-11-20,84,1053.0,0.22362,train
2014-08-29,bpi_value,871.0,6.76964,842.0,811.0,808.0,818.0,837.0,739.0,624.0,625.0,603.0,758.0,827.14,20.99,783.14,73.82,688.37,102.68,631.68,119.46,725.31,171.09,0.03386,0.03982,0.33349,0.36772,2627.0,2551.0,2256.0,963.0,952.0,889.0,442.0,437.0,394.0,-0.84373,-0.53677,0.90578,-0.42375,60,2014-11-21,84,1055.0,0.19165,train
2014-09-01,bpi_value,888.0,6.78897,871.0,842.0,811.0,812.0,828.0,803.0,634.0,619.0,586.0,727.0,835.71,29.94,801.29,65.7,698.43,106.87,634.37,123.32,725.84,171.52,0.01933,0.06996,0.33692,0.41565,2606.0,2627.0,2380.0,970.0,963.0,902.0,450.0,442.0,399.0,-0.87029,-0.49253,0.8573,-0.51482,60,2014-11-24,84,1059.0,0.17611,train
2014-09-02,bpi_value,903.0,6.80572,888.0,871.0,842.0,808.0,818.0,836.0,651.0,611.0,576.0,713.0,847.86,36.75,819.29,55.84,709.33,110.44,637.53,127.66,726.41,172.02,0.01675,0.09886,0.32721,0.44961,2568.0,2606.0,2578.0,977.0,970.0,912.0,456.0,450.0,406.0,-0.87864,-0.47749,0.83908,-0.54401,60,2014-11-25,84,1064.0,0.16407,train
2014-09-03,bpi_value,919.0,6.82329,903.0,888.0,871.0,811.0,812.0,837.0,674.0,610.0,576.0,699.0,863.14,40.7,836.79,44.89,720.77,113.75,641.2,132.45,727.02,172.6,0.01756,0.12379,0.31006,0.46718,2489.0,2568.0,2535.0,983.0,977.0,925.0,462.0,456.0,413.0,-0.88672,-0.4623,0.81987,-0.57255,60,2014-11-26,84,1073.0,0.15493,train
2014-09-04,bpi_value,927.0,6.83195,919.0,903.0,888.0,842.0,808.0,828.0,739.0,609.0,584.0,678.0,880.14,38.93,850.21,41.63,732.2,116.63,645.35,137.34,727.68,173.25,0.00867,0.13739,0.22666,0.46205,2464.0,2489.0,2430.0,988.0,983.0,937.0,466.0,462.0,420.0,-0.89454,-0.44698,0.79969,-0.60041,60,2014-11-27,84,1099.0,0.1702,train
2014-09-05,bpi_value,931.0,6.83626,927.0,919.0,903.0,871.0,811.0,818.0,803.0,609.0,596.0,635.0,897.29,30.14,859.36,44.23,743.37,119.07,650.28,142.12,728.33,173.9,0.00431,0.13799,0.1479,0.44602,2483.0,2464.0,2366.0,993.0,988.0,944.0,469.0,466.0,427.0,-0.9021,-0.43153,0.77856,-0.62756,60,2014-11-28,84,1120.0,0.18482,train
2014-09-08,bpi_value,940.0,6.84588,931.0,927.0,919.0,888.0,842.0,812.0,836.0,616.0,606.0,582.0,911.29,23.16,866.79,48.23,754.5,121.3,656.25,146.57,729.1,174.68,0.00962,0.1101,0.11725,0.439,2519.0,2483.0,2551.0,997.0,993.0,952.0,472.0,469.0,437.0,-0.92316,-0.38442,0.70976,-0.70444,60,2014-12-01,84,1124.0,0.17877,train
2014-09-09,bpi_value,940.0,6.84588,940.0,931.0,927.0,903.0,871.0,808.0,837.0,624.0,616.0,542.0,921.14,18.03,874.14,50.91,765.3,122.9,662.88,150.21,729.87,175.45,0.0,0.07624,0.11606,0.42263,2596.0,2519.0,2627.0,995.0,997.0,963.0,472.0,472.0,442.0,-0.92963,-0.36848,0.68511,-0.72844,60,2014-12-02,84,1119.0,0.17431,train
2014-09-10,bpi_value,916.0,6.82002,940.0,940.0,931.0,919.0,888.0,811.0,828.0,634.0,624.0,514.0,925.14,12.48,880.43,50.25,775.03,122.89,669.58,152.37,730.43,175.97,-0.02586,0.03104,0.101,0.38387,2602.0,2596.0,2606.0,1001.0,995.0,970.0,474.0,472.0,450.0,-0.93583,-0.35244,0.65965,-0.75157,60,2014-12-03,84,1108.0,0.1903,train
2014-09-11,bpi_value,895.0,6.79682,916.0,940.0,940.0,927.0,903.0,842.0,818.0,651.0,625.0,492.0,924.0,14.64,885.93,47.24,784.03,121.45,676.3,153.27,730.76,176.24,-0.02319,-0.0089,0.08996,0.35907,2570.0,2602.0,2568.0,1003.0,1001.0,977.0,476.0,474.0,456.0,-0.94176,-0.33629,0.63341,-0.77382,60,2014-12-04,84,1097.0,0.20351,train
2014-09-12,bpi_value,875.0,6.77422,895.0,916.0,940.0,931.0,919.0,871.0,812.0,674.0,619.0,474.0,917.71,22.68,890.43,42.78,792.57,118.51,682.98,153.05,730.82,176.3,-0.0226,-0.04906,0.07472,0.34612,2546.0,2570.0,2489.0,1000.0,1003.0,983.0,477.0,476.0,462.0,-0.9474,-0.32004,0.60641,-0.79515,60,2014-12-05,84,1088.0,0.21787,train
2014-09-15,bpi_value,860.0,6.75693,875.0,895.0,916.0,940.0,927.0,888.0,808.0,739.0,611.0,461.0,908.14,29.77,894.14,37.37,800.87,114.14,689.63,151.92,730.61,176.13,-0.01729,-0.07502,0.06237,0.34184,2523.0,2546.0,2464.0,1006.0,1000.0,988.0,479.0,477.0,466.0,-0.96265,-0.27074,0.52126,-0.8534,60,2014-12-08,84,1081.0,0.22871,train
2014-09-16,bpi_value,843.0,6.73697,860.0,875.0,895.0,940.0,931.0,903.0,811.0,803.0,610.0,452.0,895.57,35.49,896.43,32.93,808.63,108.69,696.15,149.96,730.0,175.64,-0.01997,-0.09929,0.0387,0.32351,2442.0,2523.0,2483.0,1016.0,1006.0,993.0,484.0,479.0,469.0,-0.96717,-0.25414,0.4916,-0.87082,60,2014-12-09,84,1066.0,0.2347,train
2014-09-17,bpi_value,829.0,6.72022,843.0,860.0,875.0,916.0,940.0,919.0,842.0,836.0,609.0,446.0,879.71,36.87,895.5,34.6,815.97,102.2,702.53,147.31,729.1,174.92,-0.01675,-0.12566,-0.01556,0.3084,2342.0,2442.0,2519.0,1028.0,1016.0,997.0,488.0,484.0,472.0,-0.9714,-0.23747,0.46135,-0.88722,60,2014-12-10,84,1047.0,0.23346,train
2014-09-18,bpi_value,819.0,6.70808,829.0,843.0,860.0,895.0,940.0,927.0,871.0,837.0,609.0,433.0,862.43,32.68,891.79,39.48,822.97,94.7,708.97,143.78,727.83,173.85,-0.01214,-0.1378,-0.06156,0.29627,2192.0,2342.0,2596.0,1031.0,1028.0,995.0,494.0,488.0,472.0,-0.97534,-0.22072,0.43056,-0.90256,60,2014-12-11,84,1026.0,0.22534,train
2014-09-19,bpi_value,814.0,6.70196,819.0,829.0,843.0,875.0,916.0,931.0,888.0,828.0,616.0,423.0,847.86,27.94,886.5,44.29,829.57,86.6,715.48,139.47,726.11,172.21,-0.00612,-0.11806,-0.08701,0.27871,2112.0,2192.0,2602.0,1030.0,1031.0,1001.0,498.0,494.0,474.0,-0.97899,-0.20391,0.39926,-0.91684,60,2014-12-12,84,1001.0,0.20679,train
2014-09-22,bpi_value,809.0,6.6958,814.0,819.0,829.0,860.0,895.0,940.0,903.0,818.0,624.0,419.0,835.57,22.98,879.79,48.23,835.73,77.89,721.98,134.5,723.81,169.69,-0.00616,-0.10102,-0.10992,0.25965,2118.0,2112.0,2570.0,1029.0,1030.0,1003.0,505.0,498.0,476.0,-0.9882,-0.15314,0.30267,-0.9531,60,2014-12-15,84,980.0,0.19175,train
2014-09-23,bpi_value,800.0,6.68461,809.0,814.0,819.0,843.0,875.0,940.0,919.0,812.0,634.0,423.0,824.86,19.28,871.29,50.98,841.27,68.72,728.27,129.08,721.13,166.54,-0.01119,-0.08961,-0.13867,0.23256,2077.0,2118.0,2546.0,1032.0,1029.0,1000.0,513.0,505.0,477.0,-0.99069,-0.13612,0.26971,-0.96294,60,2014-12-16,84,961.0,0.18336,train
2014-09-24,bpi_value,798.0,6.68211,800.0,809.0,814.0,829.0,860.0,916.0,927.0,808.0,651.0,446.0,816.0,14.83,862.07,51.73,846.17,59.61,734.13,124.02,718.29,162.98,-0.0025,-0.07482,-0.14984,0.2036,1967.0,2077.0,2523.0,1041.0,1032.0,1006.0,521.0,513.0,479.0,-0.99289,-0.11906,0.23642,-0.97165,60,2014-12-17,84,945.0,0.16908,train
2014-09-25,bpi_value,799.0,6.68336,798.0,800.0,809.0,819.0,843.0,895.0,931.0,811.0,674.0,485.0,809.71,10.85,852.64,50.31,850.33,51.21,739.37,119.96,715.38,159.12,0.00125,-0.05361,-0.1529,0.17013,1837.0,1967.0,2442.0,1045.0,1041.0,1016.0,525.0,521.0,484.0,-0.99479,-0.10196,0.20286,-0.97921,60,2014-12-18,84,929.0,0.15075,train
2014-09-26,bpi_value,807.0,6.69332,799.0,798.0,800.0,814.0,829.0,875.0,940.0,842.0,739.0,557.0,806.57,7.46,843.14,45.22,852.6,47.61,743.53,117.87,712.61,155.29,0.00996,-0.0269,-0.15256,0.08803,1852.0,1837.0,2342.0,1046.0,1045.0,1028.0,526.0,525.0,488.0,-0.9964,-0.08483,0.16906,-0.98561,60,2014-12-19,84,907.0,0.11682,train
2014-09-29,bpi_value,812.0,6.6995,807.0,799.0,798.0,809.0,819.0,860.0,940.0,871.0,803.0,640.0,805.57,6.07,834.0,36.89,852.9,47.33,746.4,117.41,710.21,152.04,0.00618,-0.00858,-0.14638,0.01115,1922.0,1852.0,2192.0,1053.0,1046.0,1031.0,528.0,526.0,494.0,-0.99944,-0.03332,0.06661,-0.99778,60,2014-12-22,84,891.0,0.09284,train
2014-09-30,bpi_value,826.0,6.71659,812.0,807.0,799.0,800.0,814.0,843.0,916.0,888.0,836.0,680.0,807.29,9.13,827.57,29.04,852.57,47.48,748.83,117.52,708.27,149.4,0.01709,0.01463,-0.10342,-0.01203,1915.0,1922.0,2112.0,1054.0,1053.0,1030.0,529.0,528.0,498.0,-0.99987,-0.01613,0.03225,-0.99948,60,2014-12-23,84,872.0,0.05419,train
2014-10-01,bpi_value,854.0,6.74993,826.0,812.0,807.0,798.0,809.0,829.0,895.0,903.0,837.0,704.0,813.71,18.8,824.64,23.67,853.13,47.39,751.33,118.14,706.97,147.61,0.03334,0.05413,-0.04689,0.02011,1853.0,1915.0,2118.0,1051.0,1054.0,1029.0,531.0,529.0,505.0,-1.0,0.00108,-0.00215,-1.0,60,2014-12-24,84,856.0,0.00234,train
2014-10-02,bpi_value,878.0,6.77765,854.0,826.0,812.0,799.0,800.0,819.0,875.0,919.0,828.0,710.0,824.86,28.15,824.86,24.13,854.8,47.36,754.13,119.11,706.28,146.66,0.02772,0.09303,0.00342,0.05863,1788.0,1853.0,2077.0,1045.0,1051.0,1032.0,531.0,531.0,513.0,-0.99983,0.01828,-0.03655,-0.99933,60,2015-01-02,92,827.0,-0.05984,train
2014-10-03,bpi_value,887.0,6.78784,878.0,854.0,826.0,807.0,798.0,814.0,860.0,927.0,818.0,702.0,837.57,32.86,826.79,27.68,857.1,47.19,757.22,120.11,706.09,146.42,0.0102,0.10574,0.03091,0.08098,1758.0,1788.0,1967.0,1033.0,1045.0,1041.0,530.0,531.0,521.0,-0.99937,0.03547,-0.0709,-0.99748,60,2015-01-05,94,811.0,-0.08958,train
2014-10-06,bpi_value,889.0,6.7901,887.0,878.0,854.0,812.0,799.0,809.0,843.0,931.0,812.0,679.0,850.43,32.86,830.07,31.83,859.67,46.76,760.72,120.84,706.28,146.64,0.00225,0.10674,0.05313,0.0906,1735.0,1758.0,1837.0,1028.0,1033.0,1045.0,530.0,530.0,525.0,-0.99621,0.08698,-0.1733,-0.98487,60,2015-01-06,92,794.0,-0.11301,train
2014-10-07,bpi_value,884.0,6.78446,889.0,887.0,878.0,826.0,807.0,800.0,829.0,940.0,808.0,666.0,861.43,29.16,834.0,34.72,862.2,45.94,764.35,121.21,706.7,147.1,-0.00564,0.09113,0.06424,0.0899,1698.0,1735.0,1852.0,1017.0,1028.0,1046.0,528.0,530.0,526.0,-0.99457,0.1041,-0.20707,-0.97833,60,2015-01-07,92,780.0,-0.12516,train
2014-10-08,bpi_value,869.0,6.76734,884.0,889.0,887.0,854.0,812.0,798.0,819.0,940.0,811.0,644.0,869.57,21.05,837.57,35.55,864.13,44.96,768.1,120.91,707.29,147.64,-0.01711,0.06784,0.05926,0.06908,1632.0,1698.0,1922.0,1007.0,1017.0,1053.0,523.0,528.0,528.0,-0.99263,0.12119,-0.2406,-0.97062,60,2015-01-08,92,776.0,-0.11319,train
2014-10-09,bpi_value,864.0,6.76157,869.0,884.0,889.0,878.0,826.0,799.0,814.0,916.0,842.0,621.0,875.0,12.12,841.14,35.52,864.87,44.77,772.15,119.98,708.16,148.32,-0.00577,0.04498,0.05961,0.02579,1580.0,1632.0,1915.0,993.0,1007.0,1054.0,520.0,523.0,529.0,-0.9904,0.13825,-0.27385,-0.96177,60,2015-01-09,92,764.0,-0.123,train
2014-10-10,bpi_value,865.0,6.76273,864.0,869.0,884.0,887.0,854.0,807.0,809.0,895.0,871.0,603.0,876.57,9.78,845.14,34.82,864.67,44.75,776.52,118.51,709.34,149.15,0.00116,0.0128,0.06693,-0.00691,1544.0,1580.0,1853.0,980.0,993.0,1051.0,516.0,520.0,531.0,-0.98787,0.15527,-0.30677,-0.95178,60,2015-01-12,94,762.0,-0.12678,train
2014-10-13,bpi_value,868.0,6.76619,865.0,864.0,869.0,889.0,878.0,812.0,800.0,875.0,888.0,586.0,875.14,10.19,850.0,32.87,864.0,44.55,781.22,116.43,710.91,150.06,0.00346,-0.01145,0.08158,-0.02278,1521.0,1544.0,1788.0,970.0,980.0,1045.0,513.0,516.0,531.0,-0.97855,0.20602,-0.4032,-0.91511,60,2015-01-13,92,766.0,-0.12501,train
2014-10-14,bpi_value,885.0,6.78559,868.0,865.0,864.0,884.0,887.0,826.0,798.0,860.0,903.0,576.0,874.86,9.88,856.21,30.6,863.4,44.14,786.37,114.05,712.82,151.17,0.0194,-0.00226,0.10348,-0.02013,1485.0,1521.0,1758.0,959.0,970.0,1033.0,510.0,513.0,530.0,-0.97486,0.22282,-0.43444,-0.9007,60,2015-01-14,92,766.0,-0.14441,train
2014-10-15,bpi_value,909.0,6.81235,885.0,868.0,865.0,869.0,889.0,854.0,799.0,843.0,919.0,576.0,877.71,15.08,864.07,28.98,863.07,43.75,791.92,111.76,715.16,152.55,0.02676,0.02225,0.12898,-0.01094,1376.0,1485.0,1735.0,952.0,959.0,1028.0,506.0,510.0,530.0,-0.97088,0.23956,-0.46516,-0.88523,60,2015-01-15,92,766.0,-0.17116,train
2014-10-16,bpi_value,940.0,6.84588,909.0,885.0,868.0,864.0,884.0,878.0,807.0,829.0,927.0,584.0,885.71,26.68,873.57,30.47,863.5,44.44,797.85,110.0,718.07,154.3,0.03353,0.06142,0.15256,0.01393,1315.0,1376.0,1698.0,944.0,952.0,1017.0,503.0,506.0,528.0,-0.96662,0.25622,-0.49534,-0.8687,60,2015-01-16,92,759.0,-0.21388,train
2014-10-17,bpi_value,966.0,6.87316,940.0,909.0,885.0,865.0,869.0,887.0,812.0,819.0,931.0,596.0,899.57,37.43,884.57,33.87,864.67,46.61,804.02,108.87,721.74,156.21,0.02728,0.10582,0.17366,0.0369,1362.0,1315.0,1632.0,933.0,944.0,1007.0,501.0,503.0,523.0,-0.96207,0.27281,-0.52493,-0.85115,60,2015-01-19,94,751.0,-0.25176,train
2014-10-20,bpi_value,995.0,6.90274,966.0,940.0,909.0,868.0,864.0,889.0,826.0,814.0,940.0,606.0,918.29,46.59,896.64,40.34,866.5,50.46,810.5,108.47,726.33,158.09,0.02958,0.14117,0.18615,0.05686,1512.0,1362.0,1580.0,923.0,933.0,993.0,498.0,501.0,520.0,-0.94671,0.32208,-0.60983,-0.79253,60,2015-01-20,92,741.0,-0.29474,train
2014-10-21,bpi_value,1032.0,6.93925,995.0,966.0,940.0,885.0,865.0,884.0,854.0,809.0,940.0,616.0,942.14,55.17,909.36,51.42,869.57,57.18,817.43,109.11,731.78,160.08,0.03651,0.17652,0.18932,0.09337,2003.0,1512.0,1544.0,916.0,923.0,980.0,498.0,498.0,516.0,-0.94103,0.33831,-0.63673,-0.77109,60,2015-01-21,92,725.0,-0.35308,train
2014-10-22,bpi_value,1066.0,6.97167,1032.0,995.0,966.0,909.0,868.0,869.0,878.0,800.0,916.0,624.0,970.43,60.41,922.79,64.39,874.57,66.77,824.8,110.71,737.91,162.18,0.03241,0.20548,0.19402,0.15165,2186.0,2003.0,1521.0,911.0,916.0,970.0,496.0,498.0,513.0,-0.93507,0.35445,-0.66288,-0.74873,60,2015-01-22,92,704.0,-0.41489,train
2014-10-23,bpi_value,1099.0,7.00216,1066.0,1032.0,995.0,940.0,885.0,864.0,887.0,798.0,895.0,625.0,1001.0,63.51,937.93,77.74,881.37,77.96,832.7,113.06,744.66,164.42,0.03049,0.21657,0.21431,0.20533,2258.0,2186.0,1485.0,907.0,911.0,959.0,491.0,496.0,510.0,-0.92884,0.37048,-0.68824,-0.72549,60,2015-01-23,92,685.0,-0.47274,train
2014-10-24,bpi_value,1121.0,7.02198,1099.0,1066.0,1032.0,966.0,909.0,865.0,889.0,799.0,875.0,619.0,1031.29,62.96,954.5,89.4,889.57,89.01,841.07,115.48,751.84,166.56,0.01982,0.20963,0.23188,0.24775,2422.0,2258.0,1376.0,906.0,907.0,952.0,489.0,491.0,506.0,-0.92233,0.38641,-0.71279,-0.70138,60,2015-01-26,94,669.0,-0.51619,train
2014-10-27,bpi_value,1137.0,7.03615,1121.0,1099.0,1066.0,995.0,940.0,868.0,884.0,807.0,860.0,611.0,1059.43,59.82,972.57,98.43,898.8,99.25,849.83,117.63,759.36,168.5,0.01417,0.19027,0.25169,0.27922,2852.0,2422.0,1315.0,900.0,906.0,944.0,485.0,489.0,503.0,-0.90117,0.43347,-0.78126,-0.62421,60,2015-01-27,92,648.0,-0.56226,train
2014-10-28,bpi_value,1172.0,7.06647,1137.0,1121.0,1099.0,1032.0,966.0,885.0,869.0,812.0,843.0,610.0,1088.86,57.23,994.21,106.28,909.77,110.06,859.2,120.5,767.36,170.8,0.03032,0.1933,0.29912,0.3295,3436.0,2852.0,1362.0,899.0,900.0,933.0,481.0,485.0,501.0,-0.89358,0.44891,-0.80227,-0.59697,60,2015-01-28,92,620.0,-0.63675,train
2014-10-29,bpi_value,1202.0,7.09174,1172.0,1137.0,1121.0,1066.0,995.0,909.0,864.0,826.0,829.0,609.0,1118.43,54.51,1018.36,112.19,922.2,120.78,869.08,123.85,775.76,173.36,0.02528,0.189,0.33017,0.37152,3560.0,3436.0,1512.0,898.0,899.0,923.0,476.0,481.0,498.0,-0.88572,0.46421,-0.82233,-0.56902,60,2015-01-29,92,550.0,-0.78182,train
2014-10-30,bpi_value,1222.0,7.10824,1202.0,1172.0,1137.0,1099.0,1032.0,940.0,865.0,854.0,819.0,609.0,1145.57,51.96,1043.86,114.97,935.63,130.57,879.3,127.21,784.52,175.73,0.0165,0.16899,0.34551,0.40016,3534.0,3560.0,2003.0,896.0,898.0,916.0,472.0,476.0,498.0,-0.87761,0.47938,-0.84141,-0.54039,60,2015-01-30,92,508.0,-0.87776,train
2014-10-31,bpi_value,1233.0,7.11721,1222.0,1202.0,1172.0,1121.0,1066.0,966.0,868.0,878.0,814.0,616.0,1169.43,48.15,1069.93,113.51,949.6,138.95,889.58,130.41,793.52,177.72,0.00896,0.14554,0.35101,0.41525,3552.0,3534.0,2186.0,891.0,896.0,911.0,467.0,472.0,496.0,-0.86923,0.4944,-0.8595,-0.51113,60,2015-02-02,94,480.0,-0.94342,train
2014-11-03,bpi_value,1241.0,7.12367,1233.0,1222.0,1202.0,1137.0,1099.0,995.0,885.0,887.0,809.0,624.0,1189.71,43.93,1095.36,109.02,964.0,145.85,899.87,133.35,802.66,179.35,0.00647,0.12152,0.33809,0.42787,3640.0,3552.0,2258.0,892.0,891.0,907.0,463.0,467.0,491.0,-0.84257,0.53858,-0.90759,-0.41986,60,2015-02-03,92,454.0,-1.00558,train
2014-11-04,bpi_value,1238.0,7.12125,1241.0,1233.0,1222.0,1172.0,1121.0,1032.0,909.0,889.0,800.0,634.0,1206.43,36.19,1118.86,101.52,978.6,150.55,909.93,135.68,811.71,180.53,-0.00242,0.09928,0.30891,0.43664,3781.0,3640.0,2422.0,889.0,892.0,906.0,458.0,463.0,489.0,-0.83318,0.553,-0.9215,-0.38839,60,2015-02-04,92,437.0,-1.04132,train
2014-11-05,bpi_value,1224.0,7.10988,1238.0,1241.0,1233.0,1202.0,1137.0,1066.0,940.0,884.0,798.0,651.0,1218.86,22.59,1139.14,91.65,992.8,152.92,919.48,137.27,820.36,181.43,-0.01137,0.07373,0.264,0.42777,3702.0,3781.0,2852.0,888.0,889.0,900.0,457.0,458.0,485.0,-0.82355,0.56725,-0.93431,-0.35646,60,2015-02-05,92,428.0,-1.05076,train
2014-11-06,bpi_value,1205.0,7.09423,1224.0,1238.0,1241.0,1222.0,1172.0,1099.0,966.0,869.0,799.0,674.0,1223.57,14.21,1156.21,79.22,1006.33,153.13,928.33,138.28,828.36,182.34,-0.01564,0.02777,0.22107,0.41087,3612.0,3702.0,3436.0,888.0,888.0,899.0,455.0,457.0,481.0,-0.81367,0.58133,-0.94602,-0.32411,60,2015-02-06,92,430.0,-1.03045,train
2014-11-07,bpi_value,1183.0,7.07581,1205.0,1224.0,1238.0,1233.0,1202.0,1121.0,995.0,864.0,807.0,739.0,1220.86,19.06,1169.64,65.5,1018.87,151.68,935.73,139.82,835.31,183.79,-0.01843,-0.01593,0.17307,0.38249,3661.0,3612.0,3560.0,886.0,888.0,898.0,454.0,455.0,476.0,-0.80355,0.59524,-0.95661,-0.29138,60,2015-02-09,94,434.0,-1.00276,train
2014-11-10,bpi_value,1168.0,7.06305,1183.0,1205.0,1224.0,1241.0,1222.0,1137.0,1032.0,865.0,812.0,803.0,1213.14,26.51,1179.36,53.32,1030.73,148.94,941.82,141.84,841.18,185.88,-0.01276,-0.0452,0.12379,0.36355,3613.0,3661.0,3534.0,881.0,886.0,896.0,451.0,454.0,472.0,-0.77177,0.6359,-0.98154,-0.19127,60,2015-02-10,92,446.0,-0.96273,train
2014-11-11,bpi_value,1150.0,7.04752,1168.0,1183.0,1205.0,1238.0,1233.0,1172.0,1066.0,868.0,826.0,836.0,1201.29,32.79,1185.36,44.17,1041.53,145.41,947.05,143.62,846.4,187.87,-0.01553,-0.06969,0.07585,0.33092,3419.0,3613.0,3552.0,879.0,881.0,891.0,451.0,451.0,467.0,-0.76072,0.64908,-0.98754,-0.15739,60,2015-02-11,92,469.0,-0.89691,train
2014-11-12,bpi_value,1133.0,7.03262,1150.0,1168.0,1183.0,1224.0,1241.0,1202.0,1099.0,885.0,854.0,837.0,1185.86,35.75,1187.79,40.1,1050.83,142.0,951.98,144.83,851.17,189.63,-0.01489,-0.09105,0.03047,0.28269,3229.0,3419.0,3640.0,876.0,879.0,892.0,451.0,451.0,463.0,-0.74944,0.66207,-0.99237,-0.12333,60,2015-02-12,92,489.0,-0.84026,train
2014-11-13,bpi_value,1112.0,7.01392,1133.0,1150.0,1168.0,1205.0,1238.0,1222.0,1121.0,909.0,878.0,828.0,1167.86,36.67,1187.14,41.22,1058.63,138.68,956.72,145.34,855.63,190.98,-0.01871,-0.10734,-0.00806,0.23627,2972.0,3229.0,3781.0,873.0,876.0,889.0,451.0,451.0,458.0,-0.73794,0.67486,-0.99602,-0.08912,60,2015-02-13,92,499.0,-0.80131,train
2014-11-14,bpi_value,1089.0,6.99302,1112.0,1133.0,1150.0,1183.0,1224.0,1233.0,1137.0,940.0,887.0,818.0,1148.57,37.56,1183.71,46.86,1065.37,135.03,961.23,145.17,859.93,191.83,-0.0209,-0.11686,-0.04313,0.20517,2931.0,2972.0,3702.0,873.0,873.0,888.0,450.0,451.0,457.0,-0.72622,0.68746,-0.9985,-0.05481,60,2015-02-16,94,505.0,-0.76846,train
2014-11-17,bpi_value,1069.0,6.97448,1089.0,1112.0,1133.0,1168.0,1205.0,1241.0,1172.0,966.0,889.0,812.0,1129.14,38.51,1176.36,55.42,1071.37,131.0,965.52,144.49,864.27,192.09,-0.01854,-0.11976,-0.09199,0.18438,2971.0,2931.0,3612.0,875.0,873.0,888.0,451.0,450.0,455.0,-0.6898,0.724,-0.99883,0.04836,60,2015-02-17,92,508.0,-0.744,train
2014-11-18,bpi_value,1061.0,6.96697,1069.0,1089.0,1112.0,1150.0,1183.0,1238.0,1202.0,995.0,884.0,808.0,1111.71,37.8,1166.29,62.24,1077.27,126.33,969.73,143.52,868.66,192.03,-0.00751,-0.10884,-0.12477,0.18251,3106.0,2971.0,3661.0,875.0,875.0,886.0,453.0,451.0,454.0,-0.67724,0.73576,-0.99658,0.08269,60,2015-02-18,92,514.0,-0.72474,train
2014-11-19,bpi_value,1055.0,6.9613,1061.0,1069.0,1089.0,1133.0,1168.0,1224.0,1222.0,1032.0,869.0,811.0,1095.57,34.28,1154.36,66.29,1083.47,120.39,973.8,142.42,873.22,191.52,-0.00567,-0.10175,-0.14695,0.19395,3127.0,3106.0,3613.0,881.0,875.0,881.0,455.0,453.0,451.0,-0.66448,0.7473,-0.99314,0.11692,60,2015-02-19,92,516.0,-0.71519,train
2014-11-20,bpi_value,1053.0,6.9594,1055.0,1061.0,1069.0,1112.0,1150.0,1205.0,1233.0,1066.0,864.0,842.0,1081.71,28.61,1141.5,67.24,1089.77,113.48,977.32,141.73,878.02,190.55,-0.0019,-0.08812,-0.15781,0.19783,3130.0,3127.0,3419.0,904.0,881.0,879.0,457.0,455.0,451.0,-0.65153,0.75862,-0.98853,0.15102,60,2015-02-20,92,514.0,-0.71718,train
2014-11-21,bpi_value,1055.0,6.9613,1053.0,1055.0,1061.0,1089.0,1133.0,1183.0,1241.0,1099.0,865.0,871.0,1070.57,20.51,1128.21,64.59,1096.1,105.8,980.38,141.38,883.04,189.18,0.0019,-0.07133,-0.16238,0.19857,3038.0,3130.0,3229.0,926.0,904.0,876.0,462.0,457.0,451.0,-0.63838,0.76972,-0.98275,0.18493,60,2015-02-23,94,512.0,-0.72297,train
2014-11-24,bpi_value,1059.0,6.96508,1055.0,1053.0,1055.0,1069.0,1112.0,1168.0,1238.0,1121.0,868.0,888.0,1063.0,11.71,1115.43,59.07,1102.47,97.29,983.23,141.22,888.3,187.42,0.00378,-0.04884,-0.15617,0.19889,2975.0,3038.0,2972.0,942.0,926.0,873.0,469.0,462.0,451.0,-0.59783,0.80162,-0.95847,0.2852,60,2015-02-24,92,514.0,-0.72286,train
2014-11-25,bpi_value,1064.0,6.96979,1059.0,1055.0,1053.0,1061.0,1089.0,1150.0,1224.0,1137.0,885.0,903.0,1059.43,5.29,1104.0,52.02,1108.43,88.9,985.92,141.19,893.72,185.35,0.00471,-0.02322,-0.14009,0.1842,2963.0,2975.0,2931.0,956.0,942.0,873.0,476.0,469.0,450.0,-0.58395,0.81179,-0.94809,0.318,60,2015-02-25,92,519.0,-0.71789,train
2014-11-26,bpi_value,1073.0,6.97821,1064.0,1059.0,1055.0,1055.0,1069.0,1133.0,1205.0,1172.0,909.0,919.0,1060.0,6.39,1094.57,44.24,1113.9,81.17,988.48,141.35,899.24,183.2,0.00842,0.00373,-0.11602,0.16587,2612.0,2963.0,2971.0,970.0,956.0,875.0,482.0,476.0,451.0,-0.5699,0.82171,-0.93659,0.35043,60,2015-02-26,92,531.0,-0.70345,train
2014-11-27,bpi_value,1099.0,7.00216,1073.0,1064.0,1059.0,1053.0,1061.0,1112.0,1183.0,1202.0,940.0,927.0,1065.43,15.12,1088.57,36.93,1119.2,74.57,991.35,141.82,904.97,181.29,0.02394,0.03519,-0.07365,0.15628,2347.0,2612.0,3106.0,980.0,970.0,875.0,487.0,482.0,453.0,-0.55568,0.83139,-0.92398,0.38244,60,2015-02-27,92,540.0,-0.71059,train
2014-11-28,bpi_value,1120.0,7.02108,1099.0,1073.0,1064.0,1055.0,1055.0,1089.0,1168.0,1222.0,966.0,931.0,1074.71,23.5,1085.14,31.18,1124.33,68.93,994.5,142.54,910.79,179.69,0.01893,0.05979,-0.04196,0.14792,2151.0,2347.0,3127.0,984.0,980.0,881.0,491.0,487.0,455.0,-0.5413,0.84083,-0.91028,0.41399,60,2015-03-02,94,551.0,-0.70935,train
2014-12-01,bpi_value,1124.0,7.02465,1120.0,1099.0,1073.0,1059.0,1053.0,1069.0,1150.0,1233.0,995.0,940.0,1084.86,27.0,1083.29,27.86,1128.63,64.62,997.57,143.32,916.54,178.12,0.00357,0.06525,-0.02287,0.12191,2025.0,2151.0,3130.0,986.0,984.0,904.0,492.0,491.0,457.0,-0.4972,0.86763,-0.86278,0.50558,60,2015-03-03,92,564.0,-0.68959,train
2014-12-02,bpi_value,1119.0,7.02019,1124.0,1120.0,1099.0,1064.0,1055.0,1061.0,1133.0,1241.0,1032.0,940.0,1094.0,26.16,1082.29,26.26,1131.53,62.12,1000.55,143.95,922.13,176.49,-0.00446,0.05889,-0.01243,0.08094,1898.0,2025.0,3038.0,989.0,986.0,926.0,495.0,492.0,462.0,-0.48221,0.87606,-0.84488,0.53496,60,2015-03-04,92,576.0,-0.66408,train
2014-12-03,bpi_value,1108.0,7.01031,1119.0,1124.0,1120.0,1073.0,1059.0,1055.0,1112.0,1238.0,1066.0,916.0,1101.0,22.1,1082.0,25.96,1132.93,61.09,1003.75,144.17,927.51,174.68,-0.00988,0.04523,-0.0036,0.03864,1677.0,1898.0,2975.0,987.0,989.0,942.0,498.0,495.0,469.0,-0.46706,0.88422,-0.82598,0.5637,60,2015-03-05,92,583.0,-0.64212,train
2014-12-04,bpi_value,1097.0,7.00033,1108.0,1119.0,1124.0,1099.0,1064.0,1053.0,1089.0,1224.0,1099.0,895.0,1105.71,16.52,1082.57,26.19,1132.87,61.13,1007.12,143.95,932.76,172.6,-0.00998,0.03054,0.00732,-0.00182,1452.0,1677.0,2963.0,984.0,987.0,956.0,498.0,498.0,476.0,-0.45179,0.89213,-0.8061,0.59178,60,2015-03-06,92,587.0,-0.62531,train
2014-12-05,bpi_value,1088.0,6.9921,1097.0,1108.0,1119.0,1120.0,1073.0,1055.0,1069.0,1205.0,1121.0,875.0,1107.86,12.67,1083.93,25.95,1131.77,61.63,1010.67,143.27,937.97,170.11,-0.00824,0.01388,0.01762,-0.02988,1282.0,1452.0,2612.0,980.0,984.0,970.0,499.0,498.0,482.0,-0.43637,0.89977,-0.78527,0.61916,60,2015-03-09,94,590.0,-0.61197,train
2014-12-08,bpi_value,1081.0,6.98564,1088.0,1097.0,1108.0,1124.0,1099.0,1059.0,1061.0,1183.0,1137.0,860.0,1105.29,15.67,1085.36,25.18,1129.9,62.29,1014.35,142.18,943.19,167.18,-0.00645,-0.01651,0.01867,-0.05051,1165.0,1282.0,2347.0,971.0,980.0,980.0,497.0,499.0,487.0,-0.38938,0.92108,-0.7173,0.69677,60,2015-03-10,92,591.0,-0.60383,train
2014-12-09,bpi_value,1066.0,6.97167,1081.0,1088.0,1097.0,1119.0,1120.0,1064.0,1055.0,1168.0,1172.0,843.0,1097.57,19.38,1086.14,24.38,1126.37,62.8,1018.07,140.56,948.26,163.88,-0.01397,-0.04942,0.01037,-0.0948,1075.0,1165.0,2151.0,969.0,971.0,984.0,497.0,497.0,491.0,-0.37348,0.92764,-0.6929,0.72103,60,2015-03-11,92,588.0,-0.59494,train
2014-12-10,bpi_value,1047.0,6.95368,1066.0,1081.0,1088.0,1108.0,1124.0,1073.0,1053.0,1150.0,1202.0,829.0,1086.57,22.81,1085.71,25.01,1121.2,62.75,1021.7,138.43,953.12,160.2,-0.01798,-0.07096,-0.00571,-0.13806,979.0,1075.0,2025.0,966.0,969.0,986.0,494.0,497.0,492.0,-0.35746,0.93393,-0.66769,0.74444,60,2015-03-12,92,586.0,-0.58036,train
2014-12-11,bpi_value,1026.0,6.93342,1047.0,1066.0,1081.0,1097.0,1119.0,1099.0,1055.0,1133.0,1222.0,819.0,1073.29,26.79,1083.64,28.43,1114.67,62.11,1025.15,135.89,957.76,156.15,-0.02026,-0.08677,-0.02787,-0.17482,879.0,979.0,1898.0,960.0,966.0,989.0,492.0,494.0,495.0,-0.34135,0.93994,-0.64169,0.76697,60,2015-03-13,92,585.0,-0.56181,train
2014-12-12,bpi_value,1001.0,6.90875,1026.0,1047.0,1066.0,1088.0,1108.0,1120.0,1059.0,1112.0,1233.0,814.0,1058.0,32.53,1079.5,35.15,1106.93,61.33,1028.27,133.13,962.03,151.95,-0.02467,-0.10156,-0.05633,-0.20845,763.0,879.0,1677.0,953.0,960.0,987.0,493.0,492.0,498.0,-0.32513,0.94567,-0.61493,0.78858,60,2015-03-16,94,588.0,-0.53203,train
2014-12-15,bpi_value,980.0,6.88755,1001.0,1026.0,1047.0,1081.0,1097.0,1124.0,1064.0,1089.0,1241.0,809.0,1041.29,37.83,1073.5,43.47,1098.23,60.2,1031.12,130.2,965.99,147.67,-0.0212,-0.11278,-0.08224,-0.23612,659.0,763.0,1452.0,950.0,953.0,984.0,493.0,493.0,498.0,-0.27591,0.96118,-0.53041,0.84774,60,2015-03-17,92,595.0,-0.49899,train
2014-12-16,bpi_value,961.0,6.86797,980.0,1001.0,1026.0,1066.0,1088.0,1119.0,1073.0,1069.0,1238.0,800.0,1023.14,41.36,1065.5,52.25,1089.0,59.29,1033.8,127.03,969.62,143.42,-0.01958,-0.12412,-0.11024,-0.25328,617.0,659.0,1282.0,947.0,950.0,980.0,495.0,493.0,499.0,-0.25934,0.96579,-0.50093,0.86549,60,2015-03-18,92,604.0,-0.4644,train
2014-12-17,bpi_value,945.0,6.85118,961.0,980.0,1001.0,1047.0,1081.0,1108.0,1099.0,1061.0,1224.0,798.0,1003.71,41.56,1054.5,59.71,1079.7,59.27,1036.25,123.84,972.89,139.42,-0.01679,-0.13446,-0.15097,-0.25869,571.0,617.0,1165.0,942.0,947.0,971.0,496.0,495.0,497.0,-0.24269,0.9701,-0.47086,0.88221,60,2015-03-19,92,613.0,-0.43282,train
2014-12-18,bpi_value,929.0,6.83411,945.0,961.0,980.0,1026.0,1066.0,1097.0,1120.0,1055.0,1205.0,799.0,984.14,39.84,1040.86,64.79,1070.5,60.51,1038.42,120.77,975.72,135.86,-0.01708,-0.13756,-0.18698,-0.26013,517.0,571.0,1075.0,932.0,942.0,969.0,496.0,496.0,497.0,-0.22596,0.97414,-0.44024,0.89788,60,2015-03-20,92,617.0,-0.40924,train
2014-12-19,bpi_value,907.0,6.81014,929.0,945.0,961.0,1001.0,1047.0,1088.0,1124.0,1053.0,1183.0,807.0,964.14,38.38,1025.36,68.88,1061.3,63.61,1040.08,118.23,977.59,133.73,-0.02397,-0.14354,-0.21451,-0.26567,488.0,517.0,979.0,925.0,932.0,966.0,497.0,496.0,494.0,-0.20917,0.97788,-0.40909,0.91249,60,2015-03-23,94,617.0,-0.38527,train
2014-12-22,bpi_value,891.0,6.79234,907.0,929.0,945.0,980.0,1026.0,1081.0,1119.0,1055.0,1168.0,812.0,944.86,36.32,1009.07,71.71,1052.07,67.44,1041.4,116.1,978.57,132.77,-0.0178,-0.14108,-0.22785,-0.2707,480.0,488.0,879.0,917.0,925.0,960.0,495.0,497.0,492.0,-0.15845,0.98737,-0.3129,0.94979,60,2015-03-24,92,609.0,-0.38053,train
2014-12-23,bpi_value,872.0,6.77079,891.0,907.0,929.0,961.0,1001.0,1066.0,1108.0,1059.0,1150.0,826.0,926.43,35.88,992.21,74.17,1042.8,72.27,1042.17,114.82,978.97,132.4,-0.02156,-0.13797,-0.23952,-0.27673,472.0,480.0,763.0,906.0,917.0,953.0,495.0,495.0,493.0,-0.14144,0.98995,-0.28004,0.95999,60,2015-03-25,92,602.0,-0.37053,train
2014-12-24,bpi_value,856.0,6.75227,872.0,891.0,907.0,945.0,980.0,1047.0,1097.0,1064.0,1133.0,854.0,908.71,35.67,975.0,75.8,1033.57,77.65,1042.2,114.76,979.18,132.19,-0.01852,-0.13528,-0.24806,-0.28035,474.0,472.0,659.0,897.0,906.0,950.0,495.0,495.0,493.0,-0.12439,0.99223,-0.24686,0.96905,60,2015-03-26,92,599.0,-0.35701,train
2015-01-02,bpi_value,827.0,6.7178,856.0,872.0,891.0,929.0,961.0,1026.0,1088.0,1073.0,1112.0,878.0,889.57,38.33,956.36,77.78,1024.07,84.6,1041.35,116.16,979.17,132.2,-0.03447,-0.15017,-0.27429,-0.29611,456.0,474.0,617.0,887.0,897.0,947.0,488.0,495.0,495.0,0.0344,0.99941,0.06876,0.99763,60,2015-03-27,84,597.0,-0.32589,train
2015-01-05,bpi_value,811.0,6.69827,827.0,856.0,872.0,907.0,945.0,1001.0,1081.0,1099.0,1089.0,887.0,870.43,39.32,937.07,77.96,1014.8,91.89,1040.08,118.23,979.09,132.29,-0.01954,-0.15292,-0.28737,-0.29475,442.0,456.0,571.0,884.0,887.0,942.0,482.0,488.0,496.0,0.08591,0.9963,0.17118,0.98524,60,2015-03-30,84,600.0,-0.30134,train
2015-01-06,bpi_value,794.0,6.67708,811.0,827.0,856.0,891.0,929.0,980.0,1066.0,1120.0,1069.0,889.0,851.14,38.96,917.64,77.3,1005.63,99.43,1038.5,120.85,978.89,132.56,-0.02118,-0.15703,-0.29459,-0.2974,432.0,442.0,517.0,873.0,884.0,932.0,479.0,482.0,496.0,0.10303,0.99468,0.20497,0.97877,60,2015-03-31,84,598.0,-0.28349,train
2015-01-07,bpi_value,780.0,6.65929,794.0,811.0,827.0,872.0,907.0,961.0,1047.0,1124.0,1061.0,884.0,833.0,38.29,898.57,75.96,996.27,106.74,1036.77,123.76,978.58,132.99,-0.01779,-0.15085,-0.29439,-0.30767,397.0,432.0,488.0,861.0,873.0,925.0,466.0,479.0,497.0,0.12013,0.99276,0.23851,0.97114,60,2015-04-01,84,596.0,-0.26905,train
2015-01-08,bpi_value,776.0,6.65415,780.0,794.0,811.0,856.0,891.0,945.0,1026.0,1119.0,1055.0,869.0,816.57,34.35,880.71,73.24,986.97,113.18,1035.22,126.41,978.19,133.53,-0.00514,-0.13819,-0.27927,-0.30714,335.0,397.0,480.0,843.0,861.0,917.0,455.0,466.0,495.0,0.13719,0.99055,0.27178,0.96236,60,2015-04-02,84,589.0,-0.27573,train
2015-01-09,bpi_value,764.0,6.63857,776.0,780.0,794.0,827.0,872.0,929.0,1001.0,1108.0,1053.0,864.0,801.14,29.96,863.79,70.83,977.33,119.29,1033.55,129.28,977.32,134.66,-0.01558,-0.13222,-0.27019,-0.32083,311.0,335.0,472.0,820.0,843.0,906.0,446.0,455.0,495.0,0.1542,0.98804,0.30472,0.95244,60,2015-04-07,88,584.0,-0.26867,train
2015-01-12,bpi_value,762.0,6.63595,764.0,776.0,780.0,811.0,856.0,907.0,980.0,1097.0,1055.0,865.0,787.71,22.51,848.21,67.45,967.57,124.41,1031.83,132.16,976.11,136.1,-0.00262,-0.11632,-0.25161,-0.32535,373.0,311.0,474.0,800.0,820.0,897.0,441.0,446.0,495.0,0.20497,0.97877,0.40123,0.91598,60,2015-04-08,86,585.0,-0.26433,train
2015-01-13,bpi_value,766.0,6.64118,762.0,764.0,776.0,794.0,827.0,891.0,961.0,1088.0,1059.0,868.0,779.0,16.66,834.29,62.69,957.8,128.29,1030.13,134.89,974.76,137.57,0.00524,-0.07662,-0.22679,-0.3239,537.0,373.0,456.0,778.0,800.0,887.0,435.0,441.0,488.0,0.22177,0.9751,0.4325,0.90163,60,2015-04-09,86,591.0,-0.25937,train
2015-01-14,bpi_value,766.0,6.64118,766.0,762.0,764.0,780.0,811.0,872.0,945.0,1081.0,1064.0,885.0,772.57,10.68,821.5,56.78,947.87,131.19,1028.15,137.85,973.23,139.1,0.0,-0.05709,-0.21,-0.32861,557.0,537.0,442.0,763.0,778.0,884.0,429.0,435.0,482.0,0.23851,0.97114,0.46326,0.88622,60,2015-04-10,86,600.0,-0.24425,train
2015-01-15,bpi_value,766.0,6.64118,766.0,766.0,762.0,776.0,794.0,856.0,929.0,1066.0,1073.0,909.0,768.57,6.21,809.86,49.83,937.63,132.99,1025.77,141.09,971.53,140.68,0.0,-0.0359,-0.19293,-0.33703,585.0,557.0,432.0,752.0,763.0,873.0,425.0,429.0,479.0,0.25518,0.96689,0.49347,0.86976,60,2015-04-13,88,609.0,-0.22936,train
2015-01-16,bpi_value,759.0,6.632,766.0,766.0,766.0,764.0,780.0,827.0,907.0,1047.0,1099.0,940.0,765.57,4.89,799.29,43.38,926.3,133.24,1022.75,144.77,969.67,142.36,-0.00918,-0.02729,-0.17814,-0.37015,620.0,585.0,397.0,735.0,752.0,861.0,418.0,425.0,466.0,0.27178,0.96236,0.52309,0.85227,60,2015-04-14,88,619.0,-0.2039,train
2015-01-19,bpi_value,751.0,6.62141,759.0,766.0,766.0,762.0,776.0,811.0,891.0,1026.0,1120.0,966.0,762.0,5.1,789.29,36.71,914.0,131.82,1019.17,148.74,967.67,144.14,-0.0106,-0.03275,-0.17094,-0.39968,662.0,620.0,335.0,716.0,735.0,843.0,415.0,418.0,455.0,0.32106,0.94706,0.60812,0.79384,60,2015-04-15,86,626.0,-0.18206,train
2015-01-20,bpi_value,741.0,6.608,751.0,759.0,766.0,766.0,764.0,794.0,872.0,1001.0,1124.0,995.0,758.71,8.81,779.93,30.62,901.23,129.38,1014.93,152.92,965.46,146.07,-0.01341,-0.03057,-0.16279,-0.41665,752.0,662.0,311.0,699.0,716.0,820.0,410.0,415.0,446.0,0.3373,0.9414,0.63507,0.77246,60,2015-04-16,86,636.0,-0.1528,train
2015-01-21,bpi_value,725.0,6.58617,741.0,751.0,759.0,766.0,762.0,780.0,856.0,980.0,1119.0,1032.0,753.43,14.51,770.57,25.54,888.1,126.58,1009.82,157.34,963.07,148.21,-0.02183,-0.04977,-0.1661,-0.43402,971.0,752.0,373.0,684.0,699.0,800.0,402.0,410.0,441.0,0.35344,0.93546,0.66126,0.75015,60,2015-04-17,86,642.0,-0.12158,train
2015-01-22,bpi_value,704.0,6.55678,725.0,741.0,751.0,766.0,766.0,776.0,827.0,961.0,1108.0,1066.0,744.57,21.41,761.79,25.77,874.63,123.93,1003.78,161.94,960.71,150.6,-0.02939,-0.0844,-0.16103,-0.45353,965.0,971.0,537.0,673.0,684.0,778.0,392.0,402.0,435.0,0.36948,0.92924,0.68668,0.72696,60,2015-04-20,88,646.0,-0.08598,train
2015-01-23,bpi_value,685.0,6.52942,704.0,725.0,741.0,759.0,766.0,764.0,811.0,945.0,1097.0,1099.0,733.0,27.68,752.79,28.83,860.9,121.33,996.88,166.49,958.38,153.2,-0.02736,-0.11176,-0.16885,-0.47092,887.0,965.0,557.0,659.0,673.0,763.0,380.0,392.0,429.0,0.38541,0.92274,0.71128,0.70291,60,2015-04-21,88,659.0,-0.0387,train
2015-01-26,bpi_value,669.0,6.50578,685.0,704.0,725.0,751.0,766.0,762.0,794.0,929.0,1088.0,1121.0,719.14,31.68,743.86,33.64,846.93,118.46,989.35,170.88,956.09,155.95,-0.02363,-0.1354,-0.1713,-0.48631,857.0,887.0,585.0,650.0,659.0,752.0,373.0,380.0,425.0,0.4325,0.90163,0.77991,0.62589,60,2015-04-22,86,669.0,0.0,train
2015-01-27,bpi_value,648.0,6.47389,669.0,685.0,704.0,741.0,759.0,766.0,780.0,907.0,1081.0,1137.0,703.29,35.33,734.43,40.07,832.5,115.41,981.2,175.25,953.73,158.95,-0.03189,-0.15811,-0.1854,-0.51175,831.0,857.0,620.0,642.0,650.0,735.0,364.0,373.0,418.0,0.44794,0.89406,0.80098,0.59869,60,2015-04-23,86,680.0,0.0482,train
2015-01-28,bpi_value,620.0,6.42972,648.0,669.0,685.0,725.0,751.0,766.0,776.0,891.0,1066.0,1172.0,684.57,39.54,723.29,47.89,817.63,113.07,972.0,179.43,951.26,162.36,-0.04417,-0.19169,-0.22443,-0.54195,785.0,831.0,662.0,632.0,642.0,716.0,356.0,364.0,415.0,0.46326,0.88622,0.8211,0.57078,60,2015-04-24,86,685.0,0.0997,train
2015-01-29,bpi_value,550.0,6.30992,620.0,648.0,669.0,704.0,741.0,766.0,764.0,872.0,1047.0,1202.0,657.29,54.33,708.0,63.93,801.07,114.65,961.13,184.83,948.16,167.26,-0.1198,-0.29808,-0.32865,-0.64377,725.0,785.0,752.0,618.0,632.0,699.0,348.0,356.0,410.0,0.47843,0.87812,0.84025,0.5422,60,2015-04-27,88,687.0,0.22242,train
2015-01-30,bpi_value,508.0,6.23048,550.0,620.0,648.0,685.0,725.0,759.0,762.0,856.0,1026.0,1222.0,626.29,67.22,689.86,80.04,783.8,118.42,949.23,190.55,944.7,173.0,-0.07944,-0.35569,-0.40547,-0.70294,679.0,725.0,971.0,599.0,618.0,684.0,340.0,348.0,402.0,0.49347,0.86976,0.8584,0.51298,60,2015-04-28,88,685.0,0.29894,train
2015-02-02,bpi_value,480.0,6.17379,508.0,550.0,620.0,669.0,704.0,751.0,766.0,827.0,1001.0,1233.0,594.29,75.43,669.43,93.38,766.43,123.39,936.68,196.16,940.99,179.24,-0.0567,-0.38299,-0.4674,-0.73497,665.0,679.0,965.0,585.0,599.0,673.0,332.0,340.0,392.0,0.53768,0.84315,0.90669,0.42181,60,2015-04-29,86,673.0,0.33796,train
2015-02-03,bpi_value,454.0,6.1181,480.0,508.0,550.0,648.0,685.0,741.0,766.0,811.0,980.0,1241.0,561.29,78.97,647.14,104.27,748.9,129.04,923.57,201.61,937.04,185.88,-0.05569,-0.41132,-0.52308,-0.76946,663.0,665.0,887.0,567.0,585.0,659.0,326.0,332.0,380.0,0.5521,0.83378,0.92066,0.39037,60,2015-04-30,86,658.0,0.37111,train
2015-02-04,bpi_value,437.0,6.07993,454.0,480.0,508.0,620.0,669.0,725.0,766.0,794.0,961.0,1238.0,528.14,75.41,623.64,111.65,731.43,134.5,910.22,206.8,933.01,192.63,-0.03816,-0.42585,-0.56125,-0.78804,669.0,663.0,857.0,556.0,567.0,650.0,321.0,326.0,373.0,0.56636,0.82416,0.93354,0.35847,60,2015-05-01,86,647.0,0.39241,train
2015-02-05,bpi_value,428.0,6.05912,437.0,454.0,480.0,550.0,648.0,704.0,759.0,780.0,945.0,1224.0,496.71,63.87,600.0,115.46,714.2,139.07,896.95,211.72,928.9,199.3,-0.02081,-0.41477,-0.57288,-0.79206,680.0,669.0,831.0,545.0,556.0,642.0,309.0,321.0,364.0,0.58045,0.81429,0.94532,0.32614,60,2015-05-05,89,633.0,0.39135,train
2015-02-06,bpi_value,430.0,6.06379,428.0,437.0,454.0,508.0,620.0,685.0,751.0,776.0,929.0,1205.0,469.57,42.51,577.07,115.07,697.57,142.19,884.03,216.13,924.8,205.62,0.00466,-0.36593,-0.55762,-0.77032,689.0,680.0,785.0,538.0,545.0,632.0,301.0,309.0,356.0,0.59438,0.80419,0.95598,0.29343,60,2015-05-06,89,618.0,0.3627,train
2015-02-09,bpi_value,434.0,6.07304,430.0,428.0,437.0,480.0,550.0,669.0,741.0,764.0,907.0,1183.0,453.0,28.1,555.14,110.92,681.8,144.3,871.55,220.09,920.66,211.63,0.00926,-0.23687,-0.53496,-0.7371,687.0,689.0,725.0,530.0,538.0,618.0,295.0,301.0,348.0,0.63507,0.77246,0.98112,0.19338,60,2015-05-07,87,603.0,0.32887,train
2015-02-10,bpi_value,446.0,6.10032,434.0,430.0,428.0,454.0,508.0,648.0,725.0,762.0,891.0,1168.0,444.14,16.91,535.21,103.42,666.97,144.91,859.52,223.27,916.59,217.12,0.02727,-0.13016,-0.48585,-0.69203,711.0,687.0,679.0,523.0,530.0,599.0,289.0,295.0,340.0,0.64826,0.76142,0.9872,0.15951,60,2015-05-08,87,594.0,0.28656,train
2015-02-11,bpi_value,469.0,6.1506,446.0,434.0,430.0,437.0,480.0,620.0,704.0,766.0,872.0,1150.0,442.57,13.71,518.43,93.24,653.53,143.96,848.17,225.51,912.62,221.95,0.05028,-0.02318,-0.40618,-0.62019,700.0,711.0,665.0,516.0,523.0,585.0,281.0,289.0,332.0,0.66126,0.75015,0.9921,0.12546,60,2015-05-11,89,586.0,0.22272,train
2015-02-12,bpi_value,489.0,6.19236,469.0,446.0,434.0,428.0,454.0,550.0,685.0,766.0,856.0,1133.0,447.57,21.27,504.43,81.1,641.3,141.81,837.43,227.02,908.57,226.27,0.04176,0.07427,-0.33706,-0.55991,652.0,700.0,663.0,508.0,516.0,567.0,273.0,281.0,326.0,0.67407,0.73867,0.99583,0.09126,60,2015-05-12,89,583.0,0.17582,train
2015-02-13,bpi_value,499.0,6.21261,489.0,469.0,446.0,430.0,437.0,508.0,669.0,766.0,827.0,1112.0,456.43,27.12,492.29,67.06,630.37,139.7,827.22,228.22,904.36,230.29,0.02024,0.13267,-0.29318,-0.5052,630.0,652.0,669.0,496.0,508.0,556.0,268.0,273.0,321.0,0.68668,0.72696,0.99838,0.05695,60,2015-05-13,89,584.0,0.15729,train
2015-02-16,bpi_value,505.0,6.22456,499.0,489.0,469.0,434.0,428.0,480.0,648.0,759.0,811.0,1089.0,467.43,28.92,482.07,51.69,620.17,137.29,817.48,229.3,900.11,234.06,0.01195,0.16544,-0.24933,-0.47371,614.0,630.0,680.0,486.0,496.0,545.0,263.0,268.0,309.0,0.72326,0.69057,0.99893,-0.04622,60,2015-05-14,87,580.0,0.13847,train
2015-02-17,bpi_value,508.0,6.23048,505.0,499.0,489.0,446.0,430.0,454.0,620.0,751.0,794.0,1069.0,478.57,27.33,474.07,36.02,610.63,134.79,808.13,230.29,895.88,237.64,0.00592,0.1667,-0.19924,-0.4466,589.0,614.0,689.0,480.0,486.0,538.0,261.0,263.0,301.0,0.73503,0.67803,0.99675,-0.08055,60,2015-05-15,87,579.0,0.13082,train
2015-02-18,bpi_value,514.0,6.24222,508.0,505.0,499.0,469.0,434.0,437.0,550.0,741.0,780.0,1061.0,490.0,22.63,471.5,31.51,601.77,132.08,799.02,230.93,891.77,240.99,0.01174,0.16918,-0.0677,-0.41707,564.0,589.0,687.0,480.0,480.0,530.0,260.0,261.0,295.0,0.74659,0.66529,0.99339,-0.11479,60,2015-05-18,89,578.0,0.11735,train
2015-02-19,bpi_value,516.0,6.24611,514.0,508.0,505.0,489.0,446.0,428.0,508.0,725.0,776.0,1055.0,500.0,15.23,472.07,32.23,593.1,128.85,790.03,231.28,887.84,244.18,0.00388,0.14579,0.01563,-0.40805,539.0,564.0,711.0,478.0,480.0,523.0,267.0,260.0,289.0,0.75792,0.65235,0.98885,-0.14889,60,2015-05-19,89,574.0,0.10652,train
2015-02-20,bpi_value,514.0,6.24222,516.0,514.0,508.0,499.0,469.0,430.0,480.0,704.0,764.0,1053.0,506.43,9.02,474.5,33.97,584.77,125.57,781.05,231.36,883.96,247.3,-0.00388,0.09162,0.06844,-0.39634,542.0,539.0,700.0,483.0,478.0,516.0,270.0,267.0,281.0,0.76903,0.63921,0.98315,-0.18282,60,2015-05-20,89,565.0,0.0946,train
2015-02-23,bpi_value,512.0,6.23832,514.0,516.0,514.0,505.0,489.0,434.0,454.0,685.0,762.0,1055.0,509.71,5.62,478.64,34.75,576.43,121.77,772.0,231.08,880.03,250.35,-0.0039,0.04596,0.12023,-0.39762,543.0,542.0,652.0,490.0,483.0,508.0,266.0,270.0,273.0,0.80098,0.59869,0.95908,-0.28314,60,2015-05-21,87,556.0,0.08244,train
2015-02-24,bpi_value,514.0,6.24222,512.0,514.0,516.0,508.0,499.0,446.0,437.0,669.0,766.0,1059.0,511.86,3.64,484.14,33.8,568.03,117.01,762.92,230.33,876.1,253.27,0.0039,0.02962,0.16229,-0.39896,534.0,543.0,630.0,492.0,490.0,496.0,274.0,266.0,268.0,0.81116,0.58482,0.94877,-0.31596,60,2015-05-22,87,549.0,0.06588,train
2015-02-25,bpi_value,519.0,6.2519,514.0,512.0,514.0,514.0,505.0,469.0,428.0,648.0,766.0,1064.0,513.86,3.14,490.64,31.02,559.8,111.34,753.83,229.02,872.03,256.02,0.00968,0.02735,0.19278,-0.38928,529.0,534.0,614.0,490.0,492.0,486.0,289.0,274.0,263.0,0.8211,0.57078,0.93734,-0.34841,60,2015-05-26,90,540.0,0.03967,train
2015-02-26,bpi_value,531.0,6.27476,519.0,514.0,512.0,516.0,508.0,489.0,430.0,620.0,766.0,1073.0,517.14,6.01,497.86,27.63,551.97,104.62,744.8,226.94,867.83,258.47,0.02286,0.04428,0.21098,-0.36642,525.0,529.0,589.0,496.0,490.0,480.0,300.0,289.0,261.0,0.8308,0.55658,0.9248,-0.38045,60,2015-05-27,90,530.0,-0.00189,train
2015-02-27,bpi_value,540.0,6.29157,531.0,519.0,514.0,514.0,514.0,499.0,434.0,550.0,759.0,1099.0,520.86,9.78,505.43,23.28,544.67,97.3,735.48,223.66,863.39,260.62,0.01681,0.04935,0.21852,-0.34043,521.0,525.0,564.0,506.0,496.0,480.0,308.0,300.0,260.0,0.84025,0.5422,0.91117,-0.41203,60,2015-05-28,90,525.0,-0.02817,train
2015-03-02,bpi_value,551.0,6.31173,540.0,531.0,519.0,512.0,516.0,505.0,446.0,508.0,751.0,1120.0,525.86,14.03,512.93,19.54,538.0,89.48,726.0,219.17,858.78,262.43,0.02017,0.06563,0.21142,-0.30967,516.0,521.0,539.0,515.0,506.0,478.0,318.0,308.0,267.0,0.8671,0.49814,0.86387,-0.50372,60,2015-05-29,88,524.0,-0.05024,train
2015-03-03,bpi_value,564.0,6.33505,551.0,540.0,531.0,514.0,514.0,508.0,469.0,480.0,741.0,1124.0,533.0,18.27,519.71,19.6,532.1,81.36,716.67,213.88,853.99,263.82,0.02332,0.09283,0.18445,-0.27295,490.0,516.0,542.0,528.0,515.0,483.0,327.0,318.0,270.0,0.87554,0.48315,0.84603,-0.53314,60,2015-06-01,90,522.0,-0.07739,train
2015-03-04,bpi_value,576.0,6.35611,564.0,551.0,540.0,519.0,512.0,514.0,489.0,454.0,725.0,1119.0,542.14,21.24,525.93,22.46,527.13,73.62,707.62,208.07,848.92,264.73,0.02105,0.11778,0.16375,-0.23006,478.0,490.0,543.0,541.0,528.0,490.0,338.0,327.0,266.0,0.88372,0.46802,0.82719,-0.56192,60,2015-06-02,90,528.0,-0.08701,train
2015-03-05,bpi_value,583.0,6.36819,576.0,564.0,551.0,531.0,514.0,516.0,499.0,437.0,704.0,1108.0,552.0,21.9,531.93,25.48,523.1,66.82,698.87,202.0,843.56,265.17,0.01208,0.12596,0.15558,-0.18859,464.0,478.0,534.0,550.0,541.0,492.0,348.0,338.0,274.0,0.89164,0.45274,0.80737,-0.59004,60,2015-06-03,90,544.0,-0.06924,train
2015-03-06,bpi_value,587.0,6.37502,583.0,576.0,564.0,540.0,519.0,514.0,505.0,428.0,685.0,1097.0,561.71,20.11,537.79,27.92,519.83,60.96,690.37,195.7,837.87,265.13,0.00684,0.12312,0.15047,-0.15439,470.0,464.0,529.0,560.0,550.0,490.0,352.0,348.0,289.0,0.8993,0.43734,0.7866,-0.61747,60,2015-06-04,90,570.0,-0.02939,train
2015-03-09,bpi_value,590.0,6.38012,587.0,583.0,576.0,551.0,531.0,512.0,508.0,430.0,669.0,1088.0,570.14,17.69,543.64,29.61,517.2,55.96,682.07,189.11,831.97,264.67,0.0051,0.10536,0.14964,-0.12566,468.0,470.0,525.0,566.0,560.0,496.0,356.0,352.0,300.0,0.92066,0.39037,0.71879,-0.69523,60,2015-06-05,88,596.0,0.01012,train
2015-03-10,bpi_value,591.0,6.38182,590.0,587.0,583.0,564.0,540.0,514.0,514.0,434.0,648.0,1081.0,577.43,13.87,549.14,30.72,515.3,52.34,673.9,182.16,825.9,263.86,0.00169,0.09025,0.13959,-0.09207,457.0,468.0,521.0,573.0,566.0,506.0,357.0,356.0,308.0,0.92724,0.37447,0.69445,-0.71954,60,2015-06-08,90,608.0,0.02836,train
2015-03-11,bpi_value,588.0,6.37673,591.0,590.0,587.0,576.0,551.0,519.0,516.0,446.0,620.0,1066.0,582.71,8.97,554.29,30.77,514.23,50.49,665.93,175.16,819.41,262.45,-0.00509,0.06499,0.13062,-0.05299,431.0,457.0,516.0,580.0,573.0,515.0,361.0,357.0,318.0,0.93354,0.35847,0.66929,-0.743,60,2015-06-09,90,630.0,0.06899,train
2015-03-12,bpi_value,586.0,6.37332,588.0,591.0,590.0,583.0,564.0,531.0,514.0,469.0,550.0,1047.0,585.86,4.7,559.43,29.6,515.43,51.73,658.25,168.25,812.57,260.41,-0.00341,0.03827,0.1311,0.0634,394.0,431.0,490.0,589.0,580.0,528.0,364.0,361.0,327.0,0.93957,0.34236,0.64334,-0.76558,60,2015-06-10,90,662.0,0.12195,train
2015-03-13,bpi_value,585.0,6.37161,586.0,588.0,591.0,587.0,576.0,540.0,512.0,489.0,508.0,1026.0,587.14,2.59,564.64,27.12,518.0,53.19,650.9,161.52,805.49,257.83,-0.00171,0.0155,0.13329,0.14113,378.0,394.0,478.0,596.0,589.0,541.0,368.0,364.0,338.0,0.94532,0.32614,0.61662,-0.78726,60,2015-06-11,90,696.0,0.17374,train
2015-03-16,bpi_value,588.0,6.37673,585.0,586.0,588.0,590.0,583.0,551.0,514.0,499.0,480.0,1001.0,587.86,1.96,569.93,23.73,521.6,54.14,644.02,155.13,798.32,254.79,0.00512,0.00854,0.1345,0.20294,372.0,378.0,464.0,606.0,596.0,550.0,370.0,368.0,348.0,0.96089,0.27695,0.53223,-0.8466,60,2015-06-12,88,719.0,0.20113,train
2015-03-17,bpi_value,595.0,6.38856,588.0,585.0,586.0,591.0,587.0,564.0,519.0,505.0,454.0,980.0,589.0,3.12,575.36,19.83,526.3,54.19,637.6,148.94,791.14,251.29,0.01183,0.01354,0.13666,0.27046,366.0,372.0,470.0,611.0,606.0,560.0,375.0,370.0,352.0,0.96551,0.26038,0.50279,-0.86441,60,2015-06-15,90,742.0,0.22079,train
2015-03-18,bpi_value,604.0,6.40357,595.0,588.0,585.0,588.0,590.0,576.0,531.0,508.0,437.0,961.0,591.0,6.14,580.57,16.86,531.87,53.3,631.65,142.91,784.1,247.52,0.01501,0.02345,0.12881,0.32364,357.0,366.0,468.0,616.0,611.0,566.0,378.0,375.0,356.0,0.96984,0.24373,0.47276,-0.88119,60,2015-06-16,90,772.0,0.24541,train
2015-03-19,bpi_value,613.0,6.41836,604.0,595.0,588.0,586.0,591.0,583.0,540.0,514.0,428.0,945.0,594.14,9.85,585.79,14.64,538.03,51.6,626.12,136.97,777.31,243.72,0.01479,0.03655,0.1268,0.35924,407.0,357.0,457.0,623.0,616.0,573.0,383.0,378.0,357.0,0.97389,0.22701,0.44217,-0.89693,60,2015-06-17,90,817.0,0.28727,train
2015-03-20,bpi_value,617.0,6.42487,613.0,604.0,595.0,585.0,588.0,587.0,551.0,516.0,430.0,929.0,598.29,12.21,590.5,13.24,544.27,49.43,620.92,131.17,770.78,240.02,0.0065,0.04814,0.11313,0.36108,423.0,407.0,431.0,627.0,623.0,580.0,384.0,383.0,361.0,0.97765,0.21022,0.41105,-0.91161,60,2015-06-18,90,847.0,0.31683,train
2015-03-23,bpi_value,617.0,6.42487,617.0,613.0,604.0,588.0,586.0,590.0,564.0,514.0,434.0,907.0,602.71,12.57,594.29,12.69,550.37,46.66,616.08,125.77,764.49,236.52,0.0,0.05155,0.08981,0.35182,435.0,423.0,394.0,635.0,627.0,589.0,386.0,384.0,364.0,0.9872,0.15951,0.31494,-0.94911,60,2015-06-19,88,851.0,0.32154,train
2015-03-24,bpi_value,609.0,6.41182,617.0,617.0,613.0,595.0,585.0,591.0,576.0,512.0,446.0,891.0,606.14,10.34,596.64,12.13,555.8,43.57,611.38,120.57,758.28,233.16,-0.01305,0.04021,0.05571,0.3115,448.0,435.0,378.0,640.0,635.0,596.0,388.0,386.0,368.0,0.98979,0.14251,0.28211,-0.95938,60,2015-06-22,90,845.0,0.32752,train
2015-03-25,bpi_value,602.0,6.40026,609.0,617.0,617.0,604.0,588.0,588.0,583.0,514.0,469.0,872.0,608.14,7.64,598.0,11.58,560.23,41.22,606.88,115.7,752.19,229.99,-0.01156,0.02353,0.03207,0.24965,455.0,448.0,372.0,645.0,640.0,606.0,390.0,388.0,370.0,0.9921,0.12546,0.24894,-0.96852,60,2015-06-23,90,834.0,0.32598,train
2015-03-26,bpi_value,599.0,6.39526,602.0,609.0,617.0,613.0,595.0,586.0,587.0,519.0,489.0,856.0,608.71,6.73,598.86,11.17,563.9,39.58,602.6,111.07,746.26,226.95,-0.005,0.0067,0.02024,0.2029,456.0,455.0,366.0,648.0,645.0,611.0,390.0,390.0,375.0,0.99411,0.10838,0.21548,-0.97651,60,2015-06-24,90,829.0,0.32496,train
2015-03-27,bpi_value,597.0,6.39192,599.0,602.0,609.0,617.0,604.0,585.0,590.0,531.0,499.0,827.0,607.71,7.8,599.36,10.91,567.17,38.11,598.77,107.16,740.53,224.13,-0.00334,-0.01166,0.01179,0.17931,456.0,456.0,357.0,648.0,648.0,616.0,390.0,390.0,378.0,0.99583,0.09126,0.18176,-0.98334,60,2015-06-25,90,827.0,0.32589,train
2015-03-30,bpi_value,600.0,6.39693,597.0,599.0,602.0,617.0,613.0,588.0,591.0,540.0,505.0,811.0,605.86,7.86,600.0,10.66,570.33,36.73,595.25,103.53,735.1,221.53,0.00501,-0.02144,0.01511,0.17237,460.0,456.0,407.0,647.0,648.0,623.0,393.0,390.0,383.0,0.99921,0.03977,0.07948,-0.99684,60,2015-06-26,88,833.0,0.3281,train
2015-03-31,bpi_value,598.0,6.39359,600.0,597.0,599.0,609.0,617.0,595.0,588.0,551.0,508.0,794.0,603.14,6.75,600.71,10.16,573.33,35.16,591.98,100.25,729.87,219.13,-0.00334,-0.03128,0.01686,0.16311,475.0,460.0,423.0,649.0,647.0,627.0,392.0,393.0,384.0,0.99975,0.02258,0.04514,-0.99898,60,2015-06-29,90,838.0,0.33743,train
2015-04-01,bpi_value,596.0,6.39024,598.0,600.0,597.0,602.0,617.0,604.0,586.0,564.0,514.0,780.0,600.14,4.05,601.43,9.42,576.07,33.59,588.92,97.22,724.7,216.73,-0.00335,-0.03463,0.01692,0.14802,463.0,475.0,435.0,650.0,649.0,635.0,389.0,392.0,386.0,0.99999,0.00538,0.01075,-0.99994,60,2015-06-30,90,845.0,0.3491,train
2015-04-02,bpi_value,589.0,6.37843,596.0,598.0,600.0,599.0,609.0,613.0,585.0,576.0,516.0,776.0,597.29,3.84,601.71,8.97,578.5,31.75,585.8,94.12,719.52,214.33,-0.01181,-0.03339,0.00681,0.13232,454.0,463.0,448.0,646.0,650.0,640.0,386.0,389.0,388.0,0.99993,-0.01183,-0.02365,-0.99972,60,2015-07-01,90,858.0,0.37618,train
2015-04-07,bpi_value,584.0,6.3699,589.0,596.0,598.0,597.0,602.0,617.0,588.0,583.0,514.0,764.0,594.71,5.5,601.43,9.45,580.83,29.41,582.8,91.22,714.31,211.85,-0.00853,-0.03036,-0.00683,0.12768,448.0,454.0,455.0,636.0,646.0,645.0,385.0,386.0,390.0,0.99522,-0.09768,-0.19443,-0.98092,60,2015-07-02,86,883.0,0.41342,train
2015-04-08,bpi_value,585.0,6.37161,584.0,589.0,596.0,600.0,599.0,617.0,595.0,587.0,512.0,762.0,592.71,6.09,600.71,10.26,583.27,26.49,579.85,88.19,709.09,209.16,0.00171,-0.02365,-0.01695,0.13329,450.0,448.0,456.0,631.0,636.0,648.0,382.0,385.0,390.0,0.99339,-0.11479,-0.22806,-0.97365,60,2015-07-03,86,908.0,0.43963,train
2015-04-09,bpi_value,591.0,6.38182,585.0,584.0,589.0,598.0,597.0,609.0,604.0,590.0,514.0,766.0,591.86,5.84,599.79,10.5,585.83,23.17,576.93,84.81,703.89,206.2,0.0102,-0.0101,-0.02176,0.13959,461.0,450.0,456.0,624.0,631.0,648.0,379.0,382.0,390.0,0.99127,-0.13186,-0.26141,-0.96523,60,2015-07-06,88,927.0,0.45014,train
2015-04-10,bpi_value,600.0,6.39693,591.0,585.0,584.0,596.0,600.0,602.0,613.0,591.0,519.0,766.0,591.86,5.84,598.86,9.85,588.53,19.68,574.17,81.23,698.73,202.9,0.01511,0.0,-0.02144,0.14503,466.0,461.0,460.0,617.0,624.0,647.0,373.0,379.0,393.0,0.98885,-0.14889,-0.29446,-0.95566,60,2015-07-07,88,945.0,0.45426,train
2015-04-13,bpi_value,609.0,6.41182,600.0,591.0,585.0,589.0,598.0,599.0,617.0,588.0,531.0,766.0,593.43,8.26,598.29,8.97,591.13,16.86,571.55,77.45,693.58,199.19,0.01489,0.01823,-0.01305,0.13706,460.0,466.0,475.0,613.0,617.0,649.0,369.0,373.0,392.0,0.97986,-0.1997,-0.39136,-0.92024,60,2015-07-08,86,973.0,0.46857,train
2015-04-14,bpi_value,619.0,6.42811,609.0,600.0,591.0,584.0,596.0,597.0,617.0,586.0,540.0,759.0,596.71,12.24,598.43,9.28,593.77,14.7,569.22,73.79,688.24,194.64,0.01629,0.03786,0.00324,0.13654,470.0,460.0,463.0,609.0,613.0,650.0,366.0,369.0,389.0,0.97628,-0.21653,-0.42278,-0.90623,60,2015-07-09,86,1016.0,0.49552,train
2015-04-15,bpi_value,626.0,6.43935,619.0,609.0,600.0,585.0,589.0,600.0,609.0,585.0,551.0,751.0,602.0,15.36,599.64,11.44,596.27,13.55,567.13,70.31,682.76,189.27,0.01125,0.06092,0.02753,0.12762,494.0,470.0,454.0,608.0,609.0,646.0,362.0,366.0,386.0,0.97241,-0.23329,-0.4537,-0.89115,60,2015-07-10,86,1052.0,0.5191,train
2015-04-16,bpi_value,636.0,6.4552,626.0,619.0,609.0,591.0,584.0,598.0,602.0,588.0,564.0,741.0,609.43,17.31,602.07,14.8,598.67,13.99,565.38,67.2,677.33,183.46,0.01585,0.0853,0.05494,0.12014,521.0,494.0,448.0,608.0,608.0,636.0,360.0,362.0,385.0,0.96825,-0.24998,-0.48409,-0.87502,60,2015-07-13,88,1076.0,0.52581,train
2015-04-17,bpi_value,642.0,6.46459,636.0,626.0,619.0,600.0,585.0,596.0,599.0,595.0,576.0,725.0,617.57,17.31,605.14,17.97,600.87,15.37,564.0,64.71,672.03,177.41,0.00939,0.09298,0.06933,0.10848,532.0,521.0,450.0,612.0,608.0,631.0,358.0,360.0,382.0,0.96381,-0.2666,-0.5139,-0.85785,60,2015-07-14,88,1096.0,0.53483,train
2015-04-20,bpi_value,646.0,6.4708,642.0,636.0,626.0,609.0,591.0,589.0,597.0,604.0,583.0,704.0,625.43,15.89,608.64,20.62,602.97,17.0,563.03,63.02,666.9,171.3,0.00621,0.08898,0.07888,0.10261,537.0,532.0,461.0,619.0,612.0,624.0,357.0,358.0,379.0,0.94877,-0.31596,-0.59955,-0.80034,60,2015-07-15,86,1122.0,0.55207,train
2015-04-21,bpi_value,659.0,6.49072,646.0,642.0,636.0,619.0,600.0,584.0,600.0,613.0,587.0,685.0,633.86,15.82,612.86,24.15,605.37,19.48,562.6,62.26,662.03,165.12,0.01992,0.09379,0.09379,0.1157,549.0,537.0,466.0,618.0,619.0,617.0,355.0,357.0,373.0,0.9432,-0.33224,-0.62673,-0.77924,60,2015-07-16,86,1149.0,0.55592,train
2015-04-22,bpi_value,669.0,6.50578,659.0,646.0,642.0,626.0,609.0,585.0,598.0,617.0,590.0,669.0,642.43,16.27,617.93,27.69,608.0,22.35,562.6,62.26,657.38,158.83,0.01506,0.09397,0.11219,0.12566,544.0,549.0,460.0,619.0,618.0,613.0,355.0,355.0,369.0,0.93734,-0.34841,-0.65316,-0.75722,60,2015-07-17,86,1162.0,0.55211,train
2015-04-23,bpi_value,680.0,6.52209,669.0,659.0,646.0,636.0,619.0,591.0,596.0,617.0,591.0,648.0,651.14,17.67,623.93,31.17,610.97,25.58,563.13,63.12,652.92,152.38,0.01631,0.09399,0.13185,0.14028,543.0,544.0,470.0,620.0,619.0,609.0,351.0,355.0,366.0,0.93121,-0.36448,-0.67882,-0.7343,60,2015-07-20,88,1170.0,0.54267,train
2015-04-24,bpi_value,685.0,6.52942,680.0,669.0,659.0,642.0,626.0,600.0,589.0,609.0,588.0,620.0,659.57,17.74,630.79,33.22,614.2,28.44,564.22,64.63,648.69,146.01,0.00733,0.09007,0.15099,0.15269,545.0,543.0,494.0,621.0,620.0,608.0,348.0,351.0,362.0,0.9248,-0.38045,-0.70368,-0.71052,60,2015-07-21,88,1179.0,0.543,train
2015-04-27,bpi_value,687.0,6.53233,685.0,680.0,669.0,646.0,636.0,609.0,584.0,602.0,586.0,550.0,666.86,17.02,638.14,33.45,617.57,30.78,566.5,66.48,644.69,139.84,0.00292,0.07714,0.16243,0.15901,546.0,545.0,521.0,624.0,621.0,608.0,347.0,348.0,360.0,0.90395,-0.42765,-0.77314,-0.63424,60,2015-07-22,86,1179.0,0.54009,train
2015-04-28,bpi_value,685.0,6.52942,687.0,685.0,680.0,659.0,642.0,619.0,585.0,599.0,585.0,508.0,673.0,14.51,645.29,31.99,620.9,32.45,569.45,67.74,640.9,133.95,-0.00292,0.06483,0.15781,0.15781,551.0,546.0,532.0,626.0,624.0,612.0,346.0,347.0,358.0,0.89646,-0.44313,-0.7945,-0.60727,60,2015-07-23,86,1161.0,0.52762,train
2015-04-29,bpi_value,673.0,6.51175,685.0,687.0,685.0,669.0,646.0,626.0,591.0,597.0,588.0,480.0,676.86,9.57,651.14,28.87,623.73,33.15,572.67,67.99,637.26,128.45,-0.01767,0.04095,0.12993,0.13502,558.0,551.0,537.0,628.0,626.0,619.0,345.0,346.0,357.0,0.8887,-0.45849,-0.81492,-0.57958,60,2015-07-24,86,1137.0,0.5244,train
2015-04-30,bpi_value,658.0,6.4892,673.0,685.0,687.0,680.0,659.0,636.0,600.0,600.0,595.0,454.0,676.71,9.84,655.29,25.15,625.83,33.26,576.07,67.07,633.68,123.24,-0.02254,-0.00152,0.09228,0.10064,565.0,558.0,549.0,627.0,628.0,618.0,343.0,345.0,355.0,0.88068,-0.47371,-0.83437,-0.5512,60,2015-07-27,88,1115.0,0.5274,train
2015-05-01,bpi_value,647.0,6.47235,658.0,673.0,685.0,685.0,669.0,642.0,609.0,598.0,604.0,437.0,673.57,14.3,658.0,21.84,627.27,33.22,579.57,65.17,630.19,118.27,-0.01686,-0.03344,0.06053,0.06877,574.0,565.0,544.0,625.0,627.0,619.0,340.0,343.0,355.0,0.8724,-0.48879,-0.85284,-0.52218,60,2015-07-28,88,1095.0,0.52616,train
2015-05-05,bpi_value,633.0,6.45047,647.0,658.0,673.0,687.0,680.0,646.0,619.0,596.0,613.0,428.0,666.86,19.72,659.0,20.3,627.93,33.12,582.98,62.45,626.72,113.46,-0.02188,-0.07162,0.02237,0.03211,571.0,574.0,543.0,621.0,625.0,620.0,335.0,340.0,351.0,0.83673,-0.54761,-0.91641,-0.40024,60,2015-07-29,85,1069.0,0.52401,train
2015-05-06,bpi_value,618.0,6.42649,633.0,647.0,658.0,685.0,685.0,659.0,626.0,589.0,617.0,430.0,657.29,24.31,658.43,21.31,627.97,33.11,586.12,59.34,623.27,108.85,-0.02398,-0.10293,-0.01286,0.00162,574.0,571.0,545.0,618.0,621.0,621.0,332.0,335.0,348.0,0.82719,-0.56192,-0.92963,-0.36848,60,2015-07-30,85,1044.0,0.52433,train
2015-05-07,bpi_value,603.0,6.40192,618.0,633.0,647.0,673.0,687.0,669.0,636.0,584.0,617.0,434.0,645.29,27.24,656.07,25.14,627.5,33.36,588.93,55.97,619.89,104.62,-0.02457,-0.13042,-0.05328,-0.02295,594.0,574.0,546.0,618.0,618.0,624.0,331.0,332.0,347.0,0.8174,-0.57607,-0.94176,-0.33629,60,2015-07-31,85,1023.0,0.52858,train
2015-05-08,bpi_value,594.0,6.38688,603.0,618.0,633.0,658.0,685.0,680.0,642.0,585.0,609.0,446.0,632.29,26.9,652.64,29.69,627.0,33.75,591.4,52.78,616.59,100.63,-0.01504,-0.14254,-0.07771,-0.02494,616.0,594.0,551.0,618.0,618.0,626.0,329.0,331.0,346.0,0.80737,-0.59004,-0.95277,-0.3037,60,2015-08-03,87,1006.0,0.52686,train
2015-05-11,bpi_value,586.0,6.37332,594.0,603.0,618.0,647.0,673.0,685.0,646.0,591.0,602.0,469.0,619.86,25.26,648.36,34.31,626.47,34.26,593.35,50.33,613.41,96.96,-0.01356,-0.13843,-0.09748,-0.02694,660.0,616.0,558.0,618.0,618.0,628.0,328.0,329.0,345.0,0.77586,-0.63091,-0.97899,-0.20391,60,2015-08-04,85,1001.0,0.53543,train
2015-05-12,bpi_value,583.0,6.36819,586.0,594.0,603.0,633.0,658.0,687.0,659.0,600.0,599.0,489.0,609.14,22.57,642.93,38.01,625.93,34.8,594.92,48.49,610.38,93.53,-0.00513,-0.12102,-0.12254,-0.02707,731.0,660.0,565.0,617.0,618.0,627.0,327.0,328.0,343.0,0.76489,-0.64416,-0.98542,-0.17012,60,2015-08-05,85,1005.0,0.54456,train
2015-05-13,bpi_value,584.0,6.3699,583.0,586.0,594.0,618.0,647.0,685.0,669.0,609.0,597.0,499.0,600.14,17.72,636.86,40.09,625.5,35.24,596.33,46.88,607.68,90.71,0.00171,-0.10245,-0.13588,-0.02202,942.0,731.0,574.0,619.0,617.0,625.0,326.0,327.0,340.0,0.7537,-0.65722,-0.99069,-0.13612,60,2015-08-06,85,1013.0,0.55077,train
2015-05-14,bpi_value,580.0,6.36303,584.0,583.0,586.0,603.0,633.0,673.0,680.0,619.0,600.0,505.0,592.57,12.67,629.71,40.67,624.83,35.9,597.58,45.4,605.11,88.15,-0.00687,-0.08744,-0.15906,-0.0339,972.0,942.0,571.0,624.0,619.0,621.0,326.0,326.0,335.0,0.74228,-0.67009,-0.99479,-0.10196,60,2015-08-07,85,1021.0,0.56551,train
2015-05-15,bpi_value,579.0,6.3613,580.0,584.0,583.0,594.0,618.0,658.0,685.0,626.0,598.0,508.0,587.0,7.96,622.14,39.53,624.2,36.53,598.77,43.96,602.72,85.88,-0.00173,-0.06519,-0.16812,-0.03229,954.0,972.0,574.0,626.0,624.0,618.0,327.0,326.0,332.0,0.73064,-0.68276,-0.99771,-0.06768,60,2015-08-10,87,1028.0,0.57407,train
2015-05-18,bpi_value,578.0,6.35957,579.0,580.0,584.0,586.0,603.0,647.0,687.0,636.0,596.0,514.0,583.43,5.07,614.36,36.61,623.6,37.13,599.83,42.64,600.48,83.83,-0.00173,-0.04234,-0.17276,-0.03067,950.0,954.0,594.0,628.0,626.0,618.0,326.0,327.0,331.0,0.69445,-0.71954,-0.99937,0.03547,60,2015-08-11,85,1043.0,0.59028,train
2015-05-19,bpi_value,574.0,6.35263,578.0,579.0,580.0,583.0,594.0,633.0,685.0,642.0,589.0,516.0,580.57,3.77,606.43,32.21,623.1,37.69,600.8,41.37,598.23,81.78,-0.00694,-0.03425,-0.17679,-0.0258,923.0,950.0,616.0,626.0,628.0,618.0,325.0,326.0,329.0,0.68197,-0.73138,-0.99756,0.06983,60,2015-08-12,85,1053.0,0.60677,train
2015-05-20,bpi_value,565.0,6.33683,574.0,578.0,579.0,584.0,586.0,618.0,673.0,646.0,584.0,514.0,577.57,5.97,598.71,28.0,622.47,38.49,601.65,40.08,596.02,79.94,-0.0158,-0.03649,-0.17492,-0.03308,889.0,923.0,660.0,625.0,626.0,618.0,326.0,325.0,328.0,0.66929,-0.743,-0.99457,0.1041,60,2015-08-13,85,1054.0,0.62352,train
2015-05-21,bpi_value,556.0,6.32077,565.0,574.0,578.0,580.0,583.0,603.0,658.0,659.0,585.0,512.0,573.71,9.11,591.43,24.7,621.5,39.76,602.38,38.82,593.73,78.08,-0.01606,-0.04742,-0.16844,-0.05084,844.0,889.0,731.0,623.0,625.0,617.0,327.0,326.0,327.0,0.65641,-0.7544,-0.9904,0.13825,60,2015-08-14,85,1057.0,0.64242,train
2015-05-22,bpi_value,549.0,6.3081,556.0,565.0,574.0,579.0,584.0,594.0,647.0,669.0,591.0,514.0,568.71,11.41,584.43,21.66,620.1,41.51,602.97,37.73,591.32,76.05,-0.01267,-0.0618,-0.16425,-0.07372,816.0,844.0,942.0,624.0,623.0,619.0,327.0,327.0,326.0,0.64334,-0.76558,-0.98506,0.17224,60,2015-08-17,87,1057.0,0.65509,train
2015-05-26,bpi_value,540.0,6.29157,549.0,556.0,565.0,578.0,580.0,586.0,633.0,680.0,600.0,519.0,563.0,14.04,577.79,19.94,618.1,43.81,603.32,37.04,588.81,73.94,-0.01653,-0.07146,-0.1589,-0.10536,806.0,816.0,972.0,627.0,624.0,624.0,327.0,327.0,326.0,0.58918,-0.808,-0.95211,0.30574,60,2015-08-18,84,1052.0,0.66688,train
2015-05-27,bpi_value,530.0,6.27288,540.0,549.0,556.0,574.0,579.0,583.0,618.0,685.0,609.0,531.0,556.0,16.34,571.5,20.14,615.47,46.57,603.3,37.07,586.19,71.77,-0.01869,-0.08843,-0.15361,-0.13894,823.0,806.0,954.0,631.0,627.0,626.0,327.0,327.0,327.0,0.57519,-0.81802,-0.94103,0.33831,60,2015-08-19,84,1049.0,0.68272,train
2015-05-28,bpi_value,525.0,6.2634,530.0,540.0,549.0,565.0,578.0,584.0,603.0,687.0,619.0,540.0,548.43,16.67,565.93,21.4,612.33,49.31,603.05,37.55,583.59,69.67,-0.00948,-0.09618,-0.13852,-0.16471,817.0,823.0,950.0,635.0,631.0,628.0,328.0,327.0,326.0,0.56103,-0.82779,-0.92884,0.37048,60,2015-08-20,84,1052.0,0.69505,train
2015-05-29,bpi_value,524.0,6.26149,525.0,530.0,540.0,556.0,574.0,580.0,594.0,685.0,626.0,551.0,541.29,14.79,560.93,22.41,608.93,51.71,602.6,38.32,581.07,67.64,-0.00191,-0.09114,-0.12539,-0.17786,810.0,817.0,923.0,642.0,635.0,626.0,331.0,328.0,325.0,0.54671,-0.83732,-0.91555,0.40221,60,2015-08-21,84,1054.0,0.69886,train
2015-06-01,bpi_value,522.0,6.25767,524.0,525.0,530.0,549.0,565.0,579.0,586.0,673.0,636.0,564.0,535.14,12.4,556.36,23.34,605.13,53.73,601.9,39.39,578.63,65.76,-0.00382,-0.07916,-0.11565,-0.19753,804.0,810.0,889.0,647.0,642.0,625.0,332.0,331.0,326.0,0.50279,-0.86441,-0.86923,0.4944,60,2015-08-24,84,1052.0,0.70078,train
2015-06-02,bpi_value,528.0,6.2691,522.0,524.0,525.0,540.0,556.0,578.0,583.0,658.0,642.0,576.0,531.14,9.11,552.43,23.15,601.33,55.0,601.1,40.38,576.44,64.1,0.01143,-0.05167,-0.09909,-0.19549,821.0,804.0,844.0,652.0,647.0,623.0,332.0,332.0,327.0,0.48785,-0.87293,-0.85171,0.52401,60,2015-08-25,84,1047.0,0.68459,train
2015-06-03,bpi_value,544.0,6.29895,528.0,522.0,524.0,530.0,549.0,574.0,584.0,647.0,646.0,583.0,530.43,7.78,549.57,21.49,597.93,55.29,600.45,40.98,574.67,62.75,0.02985,-0.00915,-0.07095,-0.17185,821.0,821.0,816.0,653.0,652.0,624.0,332.0,332.0,327.0,0.47276,-0.88119,-0.83318,0.553,60,2015-08-26,84,1031.0,0.63934,train
2015-06-04,bpi_value,570.0,6.34564,544.0,528.0,522.0,525.0,540.0,565.0,580.0,633.0,659.0,587.0,534.71,15.9,548.86,20.62,594.97,54.31,600.17,41.13,573.39,61.65,0.04669,0.05407,-0.01739,-0.14509,818.0,821.0,806.0,654.0,653.0,627.0,333.0,332.0,327.0,0.45753,-0.88919,-0.81367,0.58133,60,2015-08-27,84,1000.0,0.56212,train
2015-06-05,bpi_value,596.0,6.39024,570.0,544.0,528.0,524.0,530.0,556.0,579.0,618.0,669.0,590.0,544.14,26.41,550.07,22.75,592.53,52.55,600.27,41.11,572.58,60.86,0.0446,0.11736,0.02894,-0.11554,865.0,818.0,823.0,654.0,654.0,631.0,332.0,333.0,327.0,0.44217,-0.89693,-0.79319,0.60897,60,2015-08-28,84,974.0,0.49117,train
2015-06-08,bpi_value,608.0,6.41017,596.0,570.0,544.0,522.0,525.0,549.0,578.0,603.0,680.0,591.0,556.0,32.97,552.21,26.4,590.13,50.08,600.55,41.11,572.13,60.45,0.01993,0.14678,0.0506,-0.11192,856.0,865.0,817.0,656.0,654.0,635.0,331.0,332.0,328.0,0.39531,-0.91855,-0.72622,0.68746,60,2015-09-01,85,949.0,0.44523,train
2015-06-09,bpi_value,630.0,6.44572,608.0,596.0,570.0,528.0,524.0,540.0,574.0,594.0,685.0,588.0,571.14,38.65,556.21,32.85,588.3,47.52,601.25,41.24,572.24,60.55,0.03554,0.18423,0.09309,-0.0837,834.0,856.0,810.0,655.0,656.0,642.0,331.0,331.0,331.0,0.37945,-0.92521,-0.70215,0.71203,60,2015-09-02,85,912.0,0.36992,train
2015-06-10,bpi_value,662.0,6.49527,630.0,608.0,596.0,544.0,522.0,530.0,565.0,586.0,687.0,586.0,591.14,43.91,563.14,42.72,587.47,45.97,602.52,41.92,573.49,61.23,0.04955,0.2376,0.15844,-0.03707,816.0,834.0,804.0,654.0,655.0,647.0,333.0,331.0,332.0,0.36348,-0.9316,-0.67724,0.73576,60,2015-09-03,85,870.0,0.27323,train
2015-06-11,bpi_value,696.0,6.54535,662.0,630.0,608.0,570.0,528.0,525.0,556.0,583.0,685.0,585.0,615.14,48.51,573.14,54.61,587.83,46.79,604.37,43.52,575.58,62.16,0.05008,0.27625,0.22458,0.01593,810.0,816.0,821.0,661.0,654.0,652.0,336.0,333.0,332.0,0.3474,-0.93772,-0.65153,0.75862,60,2015-09-04,85,837.0,0.18447,train
2015-06-12,bpi_value,719.0,6.57786,696.0,662.0,630.0,596.0,544.0,524.0,549.0,584.0,673.0,588.0,640.14,50.46,585.29,65.67,589.37,50.18,606.55,45.87,578.23,63.11,0.03251,0.27891,0.26976,0.06612,820.0,810.0,821.0,669.0,661.0,653.0,338.0,336.0,332.0,0.33122,-0.94355,-0.62505,0.78058,60,2015-09-07,87,812.0,0.12164,train
2015-06-15,bpi_value,742.0,6.60935,719.0,696.0,662.0,608.0,570.0,522.0,540.0,580.0,658.0,595.0,664.71,52.17,599.71,75.58,592.17,55.95,609.0,49.01,581.43,64.03,0.03149,0.26371,0.31778,0.12014,840.0,820.0,818.0,678.0,669.0,654.0,341.0,338.0,333.0,0.28211,-0.95938,-0.5413,0.84083,60,2015-09-08,85,793.0,0.06647,train
2015-06-16,bpi_value,772.0,6.64898,742.0,719.0,696.0,630.0,596.0,528.0,530.0,579.0,647.0,604.0,689.86,55.31,617.0,84.77,596.33,63.96,611.8,53.25,585.16,65.25,0.03964,0.25874,0.37611,0.17664,904.0,840.0,865.0,685.0,678.0,654.0,345.0,341.0,332.0,0.26556,-0.96409,-0.51206,0.85895,60,2015-09-09,85,776.0,0.00517,train
2015-06-17,bpi_value,817.0,6.70564,772.0,742.0,719.0,662.0,608.0,544.0,525.0,578.0,633.0,613.0,719.71,59.33,637.86,94.89,602.47,75.04,615.2,59.38,589.48,67.54,0.05665,0.29546,0.44224,0.25517,1045.0,904.0,856.0,695.0,685.0,656.0,349.0,345.0,331.0,0.24894,-0.96852,-0.48221,0.87606,60,2015-09-10,85,751.0,-0.08423,train
2015-06-18,bpi_value,847.0,6.7417,817.0,772.0,742.0,696.0,630.0,570.0,524.0,574.0,618.0,617.0,750.71,61.02,660.93,103.3,610.1,86.94,619.03,66.39,594.11,70.67,0.03606,0.29598,0.48021,0.31521,1234.0,1045.0,834.0,706.0,695.0,655.0,351.0,349.0,331.0,0.23224,-0.97266,-0.45179,0.89213,60,2015-09-11,85,735.0,-0.14183,train
2015-06-19,bpi_value,851.0,6.74641,847.0,817.0,772.0,719.0,662.0,596.0,522.0,565.0,603.0,617.0,777.71,57.5,684.43,106.39,618.37,97.07,622.93,72.72,598.74,73.63,0.00471,0.25115,0.48874,0.34449,1241.0,1234.0,816.0,715.0,706.0,654.0,355.0,351.0,333.0,0.21548,-0.97651,-0.42083,0.90714,60,2015-09-14,87,723.0,-0.163,train
2015-06-22,bpi_value,845.0,6.73934,851.0,847.0,817.0,742.0,696.0,608.0,528.0,556.0,594.0,609.0,799.0,50.46,707.07,104.41,626.73,105.09,626.87,78.05,603.18,76.27,-0.00708,0.19399,0.47024,0.35246,1248.0,1241.0,810.0,721.0,715.0,661.0,355.0,355.0,336.0,0.16482,-0.98632,-0.32513,0.94567,60,2015-09-15,85,720.0,-0.16009,train
2015-06-23,bpi_value,834.0,6.72623,845.0,851.0,847.0,772.0,719.0,630.0,544.0,549.0,586.0,602.0,815.43,39.21,727.79,98.6,635.0,111.14,630.73,82.35,607.23,78.69,-0.0131,0.14837,0.42728,0.35291,1300.0,1248.0,820.0,722.0,721.0,669.0,358.0,355.0,338.0,0.14783,-0.98901,-0.29241,0.95629,60,2015-09-16,85,716.0,-0.15255,train
2015-06-24,bpi_value,829.0,6.72022,834.0,845.0,851.0,817.0,742.0,662.0,570.0,540.0,583.0,599.0,827.86,25.28,746.29,91.29,643.2,115.98,634.57,86.05,611.01,81.05,-0.00601,0.11087,0.37458,0.35203,1428.0,1300.0,840.0,721.0,722.0,678.0,359.0,358.0,341.0,0.13079,-0.99141,-0.25934,0.96579,60,2015-09-17,85,727.0,-0.13129,train
2015-06-25,bpi_value,827.0,6.7178,829.0,834.0,845.0,847.0,772.0,696.0,596.0,530.0,584.0,597.0,835.71,11.47,762.79,83.15,651.3,119.97,638.4,89.35,614.66,83.27,-0.00242,0.06882,0.32756,0.3479,1432.0,1428.0,904.0,723.0,721.0,685.0,361.0,359.0,345.0,0.11372,-0.99351,-0.22596,0.97414,60,2015-09-18,85,753.0,-0.09374,train
2015-06-26,bpi_value,833.0,6.72503,827.0,829.0,834.0,851.0,817.0,719.0,608.0,525.0,580.0,600.0,838.0,8.8,778.86,72.78,659.73,123.51,642.28,92.61,618.3,85.54,0.00723,0.01939,0.31486,0.36201,1393.0,1432.0,1045.0,723.0,723.0,695.0,362.0,361.0,349.0,0.09661,-0.99532,-0.19232,0.98133,60,2015-09-21,87,769.0,-0.07994,train
2015-06-29,bpi_value,838.0,6.73102,833.0,827.0,829.0,845.0,847.0,742.0,630.0,524.0,579.0,598.0,836.71,8.01,793.71,61.18,668.37,126.58,646.28,95.74,621.97,87.78,0.00598,-0.01068,0.2853,0.36972,1346.0,1393.0,1234.0,723.0,723.0,706.0,361.0,362.0,351.0,0.04514,-0.99898,-0.09019,0.99592,60,2015-09-22,85,769.0,-0.08593,train
2015-06-30,bpi_value,845.0,6.73934,838.0,833.0,827.0,834.0,851.0,772.0,662.0,522.0,578.0,596.0,835.86,6.64,806.79,50.21,677.27,129.27,650.43,98.81,625.64,90.08,0.00832,-0.00708,0.24407,0.37976,1292.0,1346.0,1241.0,722.0,723.0,715.0,361.0,361.0,355.0,0.02795,-0.99961,-0.05588,0.99844,60,2015-09-23,85,761.0,-0.1047,train
2015-07-01,bpi_value,858.0,6.7546,845.0,838.0,833.0,829.0,845.0,817.0,696.0,528.0,574.0,589.0,837.71,9.94,818.36,41.2,686.73,131.73,654.92,101.98,629.44,92.56,0.01527,0.01527,0.20925,0.40197,1251.0,1292.0,1248.0,715.0,722.0,721.0,360.0,361.0,355.0,0.01075,-0.99994,-0.0215,0.99977,60,2015-09-24,85,751.0,-0.1332,train
2015-07-02,bpi_value,883.0,6.78333,858.0,845.0,838.0,827.0,834.0,847.0,719.0,544.0,565.0,584.0,844.71,18.46,830.07,33.96,697.33,134.28,659.9,105.63,633.54,95.48,0.02872,0.05709,0.20546,0.4465,1226.0,1251.0,1300.0,713.0,715.0,722.0,360.0,360.0,358.0,-0.00645,-0.99998,0.0129,0.99992,60,2015-09-25,85,744.0,-0.17128,train
2015-07-03,bpi_value,908.0,6.81124,883.0,858.0,845.0,833.0,829.0,851.0,742.0,570.0,556.0,585.0,856.0,27.39,841.93,29.88,709.07,136.77,665.28,109.82,637.94,98.84,0.02792,0.09102,0.2019,0.49048,1249.0,1226.0,1428.0,712.0,713.0,721.0,361.0,360.0,359.0,-0.02365,-0.99972,0.04729,0.99888,60,2015-09-28,87,738.0,-0.2073,train
2015-07-06,bpi_value,927.0,6.83195,908.0,883.0,858.0,838.0,827.0,845.0,772.0,596.0,549.0,591.0,870.29,33.86,853.0,30.62,721.67,138.84,670.88,114.36,642.53,102.5,0.02071,0.11415,0.18297,0.52386,1266.0,1249.0,1432.0,716.0,712.0,723.0,362.0,361.0,361.0,-0.07519,-0.99717,0.14995,0.98869,60,2015-09-29,85,725.0,-0.24578,train
2015-07-07,bpi_value,945.0,6.85118,927.0,908.0,883.0,845.0,833.0,834.0,817.0,608.0,540.0,600.0,886.29,38.59,862.14,36.96,735.17,140.21,676.63,119.23,647.27,106.44,0.01923,0.12615,0.14555,0.55962,1285.0,1266.0,1393.0,723.0,716.0,723.0,367.0,362.0,362.0,-0.09233,-0.99573,0.18387,0.98295,60,2015-09-30,85,712.0,-0.28311,train
2015-07-08,bpi_value,973.0,6.88038,945.0,927.0,908.0,858.0,838.0,829.0,847.0,630.0,530.0,609.0,905.57,43.11,871.14,46.33,749.93,141.15,682.7,124.76,652.18,111.06,0.0292,0.14937,0.13868,0.60751,1278.0,1285.0,1346.0,742.0,723.0,723.0,373.0,367.0,361.0,-0.10945,-0.99399,0.21758,0.97604,60,2015-10-01,85,704.0,-0.32361,train
2015-07-09,bpi_value,1016.0,6.92363,973.0,945.0,927.0,883.0,845.0,827.0,851.0,662.0,525.0,619.0,930.0,49.79,882.93,58.97,766.3,142.57,689.32,131.55,657.47,116.78,0.04324,0.18429,0.17722,0.66023,1279.0,1278.0,1292.0,750.0,742.0,722.0,377.0,373.0,361.0,-0.12653,-0.99196,0.25102,0.96798,60,2015-10-02,85,701.0,-0.37112,train
2015-07-10,bpi_value,1052.0,6.95845,1016.0,973.0,945.0,908.0,858.0,833.0,845.0,696.0,524.0,626.0,957.71,55.65,897.71,72.1,783.9,144.16,696.42,139.22,663.03,123.33,0.03482,0.20384,0.21911,0.69696,1318.0,1279.0,1251.0,759.0,750.0,715.0,384.0,377.0,360.0,-0.14357,-0.98964,0.28417,0.95877,60,2015-10-05,87,699.0,-0.4088,train
2015-07-13,bpi_value,1076.0,6.98101,1052.0,1016.0,973.0,927.0,883.0,838.0,834.0,719.0,522.0,636.0,985.29,59.48,915.0,82.94,802.37,144.91,703.75,147.2,668.72,130.25,0.02256,0.19768,0.25477,0.72334,1389.0,1318.0,1226.0,767.0,759.0,713.0,391.0,384.0,360.0,-0.19443,-0.98092,0.38144,0.92439,60,2015-10-06,85,700.0,-0.42993,train
2015-07-14,bpi_value,1096.0,6.99942,1076.0,1052.0,1016.0,945.0,908.0,845.0,829.0,742.0,528.0,642.0,1012.14,60.95,934.07,91.26,821.3,144.93,711.32,155.28,674.5,137.35,0.01842,0.18818,0.2792,0.73033,1394.0,1389.0,1249.0,774.0,767.0,712.0,399.0,391.0,361.0,-0.21128,-0.97743,0.41301,0.91073,60,2015-10-07,85,709.0,-0.43557,train
2015-07-15,bpi_value,1122.0,7.02287,1096.0,1076.0,1052.0,973.0,927.0,858.0,827.0,772.0,544.0,646.0,1040.0,60.23,955.14,97.92,840.57,145.2,719.25,163.67,680.49,144.78,0.02345,0.19091,0.30506,0.72392,1462.0,1394.0,1266.0,784.0,774.0,716.0,409.0,399.0,362.0,-0.22806,-0.97365,0.4441,0.89598,60,2015-10-08,85,736.0,-0.42164,train
2015-07-16,bpi_value,1149.0,7.04665,1122.0,1096.0,1076.0,1016.0,945.0,883.0,833.0,817.0,570.0,659.0,1069.14,56.44,977.71,103.42,859.87,146.43,727.42,172.45,686.73,152.52,0.02378,0.19546,0.32161,0.70101,1611.0,1462.0,1285.0,801.0,784.0,723.0,417.0,409.0,367.0,-0.24477,-0.96958,0.47465,0.88017,60,2015-10-09,85,761.0,-0.41201,train
2015-07-17,bpi_value,1162.0,7.0579,1149.0,1122.0,1096.0,1052.0,973.0,908.0,838.0,847.0,596.0,669.0,1096.14,48.66,1000.86,105.79,878.73,147.68,735.63,181.0,693.09,160.09,0.01125,0.17751,0.32688,0.66766,1712.0,1611.0,1278.0,823.0,801.0,742.0,427.0,417.0,373.0,-0.26141,-0.96523,0.50465,0.86333,60,2015-10-12,87,768.0,-0.41411,train
2015-07-20,bpi_value,1170.0,7.06476,1162.0,1149.0,1122.0,1076.0,1016.0,927.0,845.0,851.0,608.0,680.0,1118.14,41.78,1024.07,104.7,897.47,147.79,743.8,189.18,699.52,167.33,0.00686,0.14113,0.32542,0.65458,1763.0,1712.0,1279.0,846.0,823.0,750.0,431.0,427.0,377.0,-0.31086,-0.95046,0.59091,0.80674,60,2015-10-13,85,770.0,-0.41837,train
2015-07-21,bpi_value,1179.0,7.07242,1170.0,1162.0,1149.0,1096.0,1052.0,945.0,858.0,845.0,630.0,685.0,1136.29,36.34,1047.0,100.9,915.77,147.53,752.03,197.03,706.09,174.27,0.00766,0.11397,0.31782,0.6267,1935.0,1763.0,1318.0,862.0,846.0,759.0,432.0,431.0,384.0,-0.32716,-0.94497,0.61831,0.78593,60,2015-10-14,85,761.0,-0.43779,train
2015-07-22,bpi_value,1179.0,7.07242,1179.0,1170.0,1162.0,1122.0,1076.0,973.0,883.0,834.0,662.0,687.0,1151.0,29.08,1068.14,95.17,933.0,147.07,760.23,204.26,712.68,180.7,0.0,0.09142,0.2891,0.57716,1952.0,1935.0,1389.0,875.0,862.0,767.0,433.0,432.0,391.0,-0.34337,-0.9392,0.64498,0.7642,60,2015-10-15,85,742.0,-0.46307,train
2015-07-23,bpi_value,1161.0,7.05704,1179.0,1179.0,1170.0,1149.0,1096.0,1016.0,908.0,829.0,696.0,685.0,1160.29,18.48,1086.21,86.69,948.5,145.78,768.17,210.33,719.08,186.18,-0.01538,0.05761,0.24579,0.51169,1924.0,1952.0,1394.0,889.0,875.0,774.0,431.0,433.0,399.0,-0.35947,-0.93316,0.67089,0.74156,60,2015-10-16,85,722.0,-0.47501,train
2015-07-24,bpi_value,1137.0,7.03615,1161.0,1179.0,1179.0,1162.0,1122.0,1052.0,927.0,827.0,719.0,673.0,1162.43,14.32,1101.21,75.25,962.43,143.13,775.9,215.17,725.18,190.73,-0.02089,0.01328,0.20419,0.45829,1896.0,1924.0,1462.0,896.0,889.0,784.0,428.0,431.0,409.0,-0.37547,-0.92683,0.696,0.71804,60,2015-10-19,87,710.0,-0.47088,train
2015-07-27,bpi_value,1115.0,7.01661,1137.0,1161.0,1179.0,1170.0,1149.0,1076.0,945.0,833.0,742.0,658.0,1157.57,21.84,1113.36,61.53,974.87,139.6,783.52,218.91,730.96,194.53,-0.01954,-0.03004,0.16542,0.40726,1935.0,1896.0,1611.0,899.0,896.0,801.0,427.0,428.0,417.0,-0.42278,-0.90623,0.76627,0.64251,60,2015-10-20,85,701.0,-0.4641,train
2015-07-28,bpi_value,1095.0,6.99851,1115.0,1137.0,1161.0,1179.0,1162.0,1096.0,973.0,838.0,772.0,647.0,1148.0,30.69,1122.07,48.24,985.63,135.94,790.98,221.75,736.41,197.75,-0.0181,-0.05939,0.11813,0.34953,1990.0,1935.0,1712.0,903.0,899.0,823.0,425.0,427.0,427.0,-0.43831,-0.89883,0.78792,0.61577,60,2015-10-21,85,693.0,-0.45748,train
2015-07-29,bpi_value,1069.0,6.97448,1095.0,1115.0,1137.0,1179.0,1170.0,1122.0,1016.0,845.0,817.0,633.0,1133.57,39.45,1125.86,41.36,994.03,133.02,798.25,223.59,741.48,200.35,-0.02403,-0.09028,0.05085,0.26884,2103.0,1990.0,1763.0,903.0,903.0,846.0,423.0,425.0,431.0,-0.4537,-0.89115,0.80864,0.58831,60,2015-10-22,85,685.0,-0.44506,train
2015-07-30,bpi_value,1044.0,6.95081,1069.0,1095.0,1115.0,1161.0,1179.0,1149.0,1052.0,858.0,847.0,618.0,1114.29,45.12,1125.29,42.42,1000.6,130.44,805.35,224.52,746.22,202.39,-0.02366,-0.12161,-0.00763,0.20911,2116.0,2103.0,1935.0,898.0,903.0,862.0,422.0,423.0,432.0,-0.46897,-0.88322,0.8284,0.56014,60,2015-10-23,85,683.0,-0.42432,train
2015-07-31,bpi_value,1023.0,6.93049,1044.0,1069.0,1095.0,1137.0,1179.0,1162.0,1076.0,883.0,851.0,603.0,1092.0,46.16,1121.5,48.57,1006.33,127.48,812.35,224.65,750.73,203.98,-0.02032,-0.14193,-0.05051,0.18408,2209.0,2116.0,1952.0,892.0,898.0,875.0,423.0,422.0,433.0,-0.48409,-0.87502,0.84717,0.53132,60,2015-10-26,87,681.0,-0.40693,train
2015-08-03,bpi_value,1006.0,6.91374,1023.0,1044.0,1069.0,1115.0,1161.0,1170.0,1096.0,908.0,845.0,594.0,1069.86,44.91,1115.07,56.78,1011.7,123.91,819.22,224.16,755.14,205.16,-0.01676,-0.1433,-0.08569,0.1744,2308.0,2209.0,1924.0,899.0,892.0,889.0,424.0,423.0,431.0,-0.52858,-0.84888,0.89741,0.4412,60,2015-10-27,85,686.0,-0.38286,train
2015-08-04,bpi_value,1001.0,6.90875,1006.0,1023.0,1044.0,1095.0,1137.0,1179.0,1122.0,927.0,834.0,586.0,1050.43,40.9,1106.43,63.84,1017.27,119.48,826.13,223.26,759.58,206.11,-0.00498,-0.12739,-0.11411,0.18252,2512.0,2308.0,1896.0,900.0,899.0,896.0,425.0,424.0,428.0,-0.54311,-0.83966,0.91205,0.41007,60,2015-10-28,85,687.0,-0.37642,train
2015-08-05,bpi_value,1005.0,6.91274,1001.0,1006.0,1023.0,1069.0,1115.0,1179.0,1149.0,945.0,829.0,583.0,1034.71,33.55,1096.14,67.64,1023.13,114.3,833.17,222.14,764.09,206.99,0.00399,-0.10387,-0.1339,0.19252,2604.0,2512.0,1935.0,899.0,900.0,899.0,427.0,425.0,427.0,-0.55747,-0.8302,0.92562,0.37846,60,2015-10-29,85,682.0,-0.38771,train
2015-08-06,bpi_value,1013.0,6.92067,1005.0,1001.0,1006.0,1044.0,1095.0,1161.0,1162.0,973.0,827.0,584.0,1023.0,23.16,1085.5,68.16,1029.33,108.38,840.32,220.9,768.71,207.85,0.00793,-0.07784,-0.13723,0.20287,2514.0,2604.0,1990.0,901.0,899.0,903.0,432.0,427.0,425.0,-0.57167,-0.82049,0.93809,0.34639,60,2015-10-30,85,675.0,-0.40596,train
2015-08-07,bpi_value,1021.0,6.92854,1013.0,1005.0,1001.0,1023.0,1069.0,1137.0,1170.0,1016.0,833.0,580.0,1016.14,13.69,1074.86,65.72,1035.6,102.1,847.67,219.45,773.39,208.73,0.00787,-0.04594,-0.13622,0.2035,2512.0,2514.0,2103.0,904.0,901.0,903.0,438.0,432.0,423.0,-0.5857,-0.81053,0.94945,0.31392,60,2015-11-02,87,665.0,-0.42875,train
2015-08-10,bpi_value,1028.0,6.93537,1021.0,1013.0,1005.0,1006.0,1044.0,1115.0,1179.0,1052.0,838.0,579.0,1013.86,9.57,1064.07,59.88,1041.93,95.32,855.15,217.81,778.17,209.58,0.00683,-0.01544,-0.13705,0.20435,2499.0,2512.0,2116.0,904.0,904.0,898.0,443.0,438.0,422.0,-0.62673,-0.77924,0.97674,0.21443,60,2015-11-03,85,653.0,-0.45379,train
2015-08-11,bpi_value,1043.0,6.94986,1028.0,1021.0,1013.0,1001.0,1023.0,1095.0,1179.0,1076.0,845.0,578.0,1016.71,13.88,1054.36,50.78,1048.53,88.03,862.9,216.08,783.13,210.5,0.01449,0.01936,-0.12257,0.21052,2367.0,2499.0,2209.0,901.0,904.0,892.0,446.0,443.0,423.0,-0.64004,-0.76834,0.98354,0.1807,60,2015-11-04,85,636.0,-0.49466,train
2015-08-12,bpi_value,1053.0,6.9594,1043.0,1028.0,1021.0,1005.0,1006.0,1069.0,1161.0,1096.0,858.0,574.0,1023.43,17.87,1046.64,41.32,1055.03,80.61,870.88,214.1,788.29,211.36,0.00954,0.04566,-0.09764,0.20479,2107.0,2367.0,2308.0,900.0,901.0,899.0,447.0,446.0,424.0,-0.65316,-0.75722,0.98917,0.14676,60,2015-11-05,85,618.0,-0.53291,train
2015-08-13,bpi_value,1054.0,6.96035,1053.0,1043.0,1028.0,1013.0,1001.0,1044.0,1137.0,1122.0,883.0,565.0,1031.0,17.99,1040.71,33.06,1060.73,74.02,879.03,211.59,793.51,212.06,0.00095,0.05159,-0.0758,0.17702,1875.0,2107.0,2512.0,899.0,900.0,900.0,448.0,447.0,425.0,-0.66609,-0.74587,0.99363,0.11265,60,2015-11-06,85,603.0,-0.55843,train
2015-08-14,bpi_value,1057.0,6.96319,1054.0,1053.0,1043.0,1021.0,1005.0,1023.0,1115.0,1149.0,908.0,556.0,1038.43,16.39,1036.57,26.46,1065.7,68.39,887.38,208.54,798.76,212.67,0.00284,0.05045,-0.05342,0.15195,1884.0,1875.0,2604.0,901.0,899.0,899.0,449.0,448.0,427.0,-0.67882,-0.7343,0.99692,0.07841,60,2015-11-09,87,589.0,-0.58476,train
2015-08-17,bpi_value,1057.0,6.96319,1057.0,1054.0,1053.0,1028.0,1013.0,1006.0,1095.0,1162.0,927.0,549.0,1044.71,13.64,1033.86,21.89,1070.03,63.4,895.85,204.91,803.93,213.22,0.0,0.04252,-0.03532,0.13124,1913.0,1884.0,2514.0,905.0,901.0,901.0,449.0,449.0,432.0,-0.7158,-0.69831,0.99969,-0.02473,60,2015-11-10,85,575.0,-0.60882,train
2015-08-18,bpi_value,1052.0,6.95845,1057.0,1057.0,1054.0,1043.0,1021.0,1001.0,1069.0,1170.0,945.0,540.0,1049.14,9.67,1032.64,20.32,1073.6,59.13,904.38,200.53,808.96,213.68,-0.00474,0.02991,-0.01603,0.10726,1838.0,1913.0,2512.0,908.0,905.0,904.0,449.0,449.0,438.0,-0.7277,-0.68589,0.99825,-0.0591,60,2015-11-11,85,555.0,-0.63948,train
2015-08-19,bpi_value,1049.0,6.95559,1052.0,1057.0,1057.0,1053.0,1028.0,1005.0,1044.0,1179.0,973.0,530.0,1052.14,4.55,1033.0,20.56,1076.13,56.32,913.03,195.32,813.84,214.08,-0.00286,0.02022,0.00478,0.07521,1773.0,1838.0,2499.0,915.0,908.0,904.0,453.0,449.0,443.0,-0.73939,-0.67327,0.99563,-0.0934,60,2015-11-12,85,534.0,-0.6752,train
2015-08-20,bpi_value,1052.0,6.95845,1049.0,1052.0,1057.0,1054.0,1043.0,1013.0,1023.0,1179.0,1016.0,525.0,1053.43,2.66,1035.07,20.9,1077.33,55.41,921.82,189.43,818.66,214.52,0.00286,0.00859,0.02795,0.03482,1679.0,1773.0,2367.0,920.0,915.0,901.0,460.0,453.0,446.0,-0.75086,-0.66046,0.99183,-0.12759,60,2015-11-13,85,514.0,-0.71623,train
2015-08-21,bpi_value,1054.0,6.96035,1052.0,1049.0,1052.0,1057.0,1053.0,1021.0,1006.0,1161.0,1052.0,524.0,1053.57,2.66,1038.5,19.76,1077.4,55.38,930.65,182.92,823.41,214.94,0.0019,0.00095,0.04661,0.0019,1559.0,1679.0,2107.0,924.0,920.0,900.0,464.0,460.0,447.0,-0.76211,-0.64744,0.98685,-0.16164,60,2015-11-16,87,500.0,-0.74574,train
2015-08-24,bpi_value,1052.0,6.95845,1054.0,1052.0,1049.0,1057.0,1054.0,1028.0,1001.0,1137.0,1076.0,522.0,1053.29,2.71,1042.14,17.02,1076.6,55.56,939.48,175.62,828.03,215.33,-0.0019,-0.0019,0.04969,-0.02256,1403.0,1559.0,1875.0,930.0,924.0,899.0,469.0,464.0,448.0,-0.7945,-0.60727,0.96495,-0.26245,60,2015-11-17,85,487.0,-0.77018,train
2015-08-25,bpi_value,1047.0,6.95368,1052.0,1054.0,1052.0,1052.0,1057.0,1043.0,1005.0,1115.0,1096.0,528.0,1051.86,3.0,1045.14,13.56,1074.97,55.69,948.13,167.75,832.53,215.63,-0.00476,-0.00951,0.04094,-0.04574,1248.0,1403.0,1884.0,933.0,930.0,901.0,473.0,469.0,449.0,-0.80483,-0.59351,0.95535,-0.29549,60,2015-11-18,85,477.0,-0.78617,train
2015-08-26,bpi_value,1031.0,6.93828,1047.0,1052.0,1054.0,1049.0,1057.0,1053.0,1013.0,1095.0,1122.0,544.0,1048.14,7.32,1046.43,11.08,1071.93,55.52,956.25,159.58,836.81,215.7,-0.0154,-0.02491,0.01761,-0.08458,1089.0,1248.0,1913.0,934.0,933.0,905.0,477.0,473.0,449.0,-0.81492,-0.57958,0.94462,-0.32818,60,2015-11-19,85,468.0,-0.78982,train
2015-08-27,bpi_value,1000.0,6.90776,1031.0,1047.0,1052.0,1052.0,1052.0,1054.0,1021.0,1069.0,1149.0,570.0,1040.71,18.09,1044.93,15.11,1066.97,55.07,963.42,151.53,840.6,215.54,-0.03053,-0.05069,-0.02078,-0.13889,1051.0,1089.0,1838.0,933.0,934.0,908.0,479.0,477.0,449.0,-0.82477,-0.56548,0.93277,-0.36047,60,2015-11-20,85,463.0,-0.77003,train
2015-08-28,bpi_value,974.0,6.88141,1000.0,1031.0,1047.0,1054.0,1049.0,1057.0,1028.0,1044.0,1162.0,596.0,1030.0,28.96,1041.07,23.5,1060.7,54.59,969.72,143.78,843.99,215.21,-0.02634,-0.07418,-0.05396,-0.17649,1071.0,1051.0,1773.0,931.0,933.0,915.0,480.0,479.0,453.0,-0.83437,-0.5512,0.91982,-0.39235,60,2015-11-23,87,461.0,-0.74801,train
2015-09-01,bpi_value,949.0,6.85541,974.0,1000.0,1031.0,1052.0,1052.0,1057.0,1043.0,1023.0,1170.0,608.0,1015.29,38.6,1034.36,33.35,1053.33,54.26,975.4,135.89,846.98,214.78,-0.026,-0.10304,-0.09445,-0.20935,1176.0,1071.0,1679.0,925.0,931.0,920.0,480.0,480.0,460.0,-0.87029,-0.49253,0.8573,-0.51482,60,2015-11-24,84,460.0,-0.72418,train
2015-09-02,bpi_value,912.0,6.81564,949.0,974.0,1000.0,1047.0,1054.0,1052.0,1053.0,1006.0,1179.0,630.0,995.0,48.87,1024.29,45.34,1044.43,54.81,980.1,128.54,849.5,214.2,-0.03977,-0.14471,-0.14376,-0.25678,1194.0,1176.0,1559.0,912.0,925.0,924.0,481.0,480.0,464.0,-0.87864,-0.47749,0.83908,-0.54401,60,2015-11-25,84,463.0,-0.67791,train
2015-09-03,bpi_value,870.0,6.76849,912.0,949.0,974.0,1031.0,1052.0,1049.0,1054.0,1001.0,1179.0,662.0,969.0,59.0,1011.14,59.33,1034.13,57.52,983.57,122.58,851.53,213.51,-0.04715,-0.18996,-0.19185,-0.30393,1195.0,1194.0,1403.0,896.0,912.0,930.0,483.0,481.0,469.0,-0.88672,-0.4623,0.81987,-0.57255,60,2015-11-26,84,459.0,-0.63944,train
2015-09-04,bpi_value,837.0,6.72982,870.0,912.0,949.0,1000.0,1047.0,1052.0,1057.0,1005.0,1161.0,696.0,939.0,64.81,995.43,72.73,1023.33,62.86,985.92,118.33,853.22,212.79,-0.03867,-0.22386,-0.23337,-0.32721,1187.0,1195.0,1248.0,882.0,896.0,933.0,485.0,483.0,473.0,-0.89454,-0.44698,0.79969,-0.60041,60,2015-11-27,84,456.0,-0.60733,train
2015-09-07,bpi_value,812.0,6.6995,837.0,870.0,912.0,974.0,1031.0,1054.0,1057.0,1013.0,1137.0,719.0,907.71,65.7,977.93,84.35,1012.5,69.94,987.47,115.39,854.77,211.98,-0.03032,-0.23878,-0.26369,-0.33665,1243.0,1187.0,1089.0,870.0,882.0,934.0,482.0,485.0,477.0,-0.91641,-0.40024,0.73357,-0.67961,60,2015-11-30,84,453.0,-0.58361,train
2015-09-08,bpi_value,793.0,6.67582,812.0,837.0,870.0,949.0,1000.0,1052.0,1052.0,1021.0,1115.0,742.0,878.14,64.07,959.43,93.94,1001.77,77.67,988.32,113.76,856.27,211.06,-0.02368,-0.23193,-0.28263,-0.34079,1286.0,1243.0,1051.0,857.0,870.0,933.0,477.0,482.0,479.0,-0.92316,-0.38442,0.70976,-0.70444,60,2015-12-01,84,450.0,-0.56658,train
2015-09-09,bpi_value,776.0,6.65415,793.0,812.0,837.0,912.0,974.0,1047.0,1049.0,1028.0,1095.0,772.0,849.86,59.02,939.93,101.36,991.13,85.61,988.38,113.63,857.7,210.07,-0.02167,-0.22726,-0.30144,-0.34436,1256.0,1286.0,1071.0,848.0,857.0,931.0,472.0,477.0,480.0,-0.92963,-0.36848,0.68511,-0.72844,60,2015-12-02,84,446.0,-0.55383,train
2015-09-10,bpi_value,751.0,6.62141,776.0,793.0,812.0,870.0,949.0,1031.0,1052.0,1043.0,1069.0,817.0,821.57,51.72,918.43,107.07,980.53,94.53,987.28,115.59,859.01,209.03,-0.03275,-0.234,-0.33704,-0.35307,1202.0,1256.0,1176.0,838.0,848.0,925.0,468.0,472.0,480.0,-0.93583,-0.35244,0.65965,-0.75157,60,2015-12-03,84,438.0,-0.53919,train
2015-09-11,bpi_value,735.0,6.59987,751.0,776.0,793.0,837.0,912.0,1000.0,1054.0,1053.0,1044.0,847.0,796.29,44.03,895.64,109.71,970.23,103.47,985.42,118.7,860.31,207.88,-0.02154,-0.21577,-0.36048,-0.35094,1198.0,1202.0,1194.0,824.0,838.0,912.0,460.0,468.0,481.0,-0.94176,-0.33629,0.63341,-0.77382,60,2015-12-04,84,433.0,-0.52913,train
2015-09-14,bpi_value,723.0,6.58341,735.0,751.0,776.0,812.0,870.0,974.0,1052.0,1054.0,1023.0,851.0,775.29,38.58,872.14,108.93,960.23,112.03,983.28,122.2,861.64,206.61,-0.01646,-0.18508,-0.37504,-0.34709,1185.0,1198.0,1195.0,810.0,824.0,896.0,452.0,460.0,483.0,-0.95785,-0.28726,0.55031,-0.83496,60,2015-12-07,84,426.0,-0.52897,train
2015-09-15,bpi_value,720.0,6.57925,723.0,735.0,751.0,793.0,837.0,949.0,1047.0,1057.0,1006.0,845.0,758.57,33.19,848.79,103.87,950.7,119.64,981.2,125.56,863.04,205.21,-0.00416,-0.15057,-0.37443,-0.33449,1196.0,1185.0,1187.0,799.0,810.0,882.0,445.0,452.0,485.0,-0.96265,-0.27074,0.52126,-0.8534,60,2015-12-08,84,420.0,-0.539,train
2015-09-16,bpi_value,716.0,6.57368,720.0,723.0,735.0,776.0,812.0,912.0,1031.0,1057.0,1001.0,834.0,744.86,27.65,826.29,95.77,941.2,126.39,979.23,128.73,864.49,203.71,-0.00557,-0.12582,-0.3646,-0.33507,1264.0,1196.0,1243.0,789.0,799.0,870.0,439.0,445.0,482.0,-0.96717,-0.25414,0.4916,-0.87082,60,2015-12-09,84,412.0,-0.55266,train
2015-09-17,bpi_value,727.0,6.58893,716.0,720.0,723.0,751.0,793.0,870.0,1000.0,1052.0,1005.0,829.0,735.43,19.75,806.79,85.67,931.93,131.46,977.53,131.35,866.09,202.05,0.01525,-0.0869,-0.31883,-0.32382,1637.0,1264.0,1286.0,783.0,789.0,857.0,431.0,439.0,477.0,-0.9714,-0.23747,0.46135,-0.88722,60,2015-12-10,84,408.0,-0.57766,train
2015-09-18,bpi_value,753.0,6.62407,727.0,716.0,720.0,735.0,776.0,837.0,974.0,1049.0,1013.0,827.0,732.14,13.72,791.0,72.8,923.27,134.37,976.3,133.09,867.97,200.2,0.03514,-0.03009,-0.25735,-0.29661,1995.0,1637.0,1256.0,772.0,783.0,848.0,426.0,431.0,472.0,-0.97534,-0.22072,0.43056,-0.90256,60,2015-12-11,84,410.0,-0.60791,train
2015-09-21,bpi_value,769.0,6.64509,753.0,727.0,716.0,723.0,751.0,812.0,949.0,1052.0,1021.0,833.0,734.71,18.02,778.14,58.19,914.87,135.87,975.23,134.49,870.07,198.15,0.02103,0.02369,-0.21032,-0.28345,2096.0,1995.0,1202.0,762.0,772.0,838.0,421.0,426.0,468.0,-0.98542,-0.17012,0.33528,-0.94212,60,2015-12-14,84,410.0,-0.62893,train
2015-09-22,bpi_value,769.0,6.64509,769.0,753.0,727.0,720.0,735.0,793.0,912.0,1054.0,1028.0,838.0,739.57,21.66,767.93,44.81,906.23,136.63,974.08,135.94,872.18,196.04,0.0,0.04522,-0.17055,-0.29028,1873.0,2096.0,1198.0,757.0,762.0,824.0,417.0,421.0,460.0,-0.9882,-0.15314,0.30267,-0.9531,60,2015-12-15,84,411.0,-0.6265,train
2015-09-23,bpi_value,761.0,6.63463,769.0,769.0,753.0,716.0,723.0,776.0,870.0,1052.0,1043.0,845.0,745.0,21.59,760.14,34.73,896.83,136.6,972.68,137.69,874.21,193.91,-0.01046,0.05122,-0.13386,-0.31522,1872.0,1873.0,1185.0,749.0,757.0,810.0,414.0,417.0,452.0,-0.99069,-0.13612,0.26971,-0.96294,60,2015-12-16,84,415.0,-0.60635,train
2015-09-24,bpi_value,751.0,6.62141,761.0,769.0,769.0,727.0,720.0,751.0,837.0,1047.0,1053.0,858.0,749.43,19.03,754.0,27.44,886.77,135.84,970.9,139.84,876.18,191.74,-0.01323,0.04215,-0.10842,-0.33799,1911.0,1872.0,1196.0,742.0,749.0,799.0,411.0,414.0,445.0,-0.99289,-0.11906,0.23642,-0.97165,60,2015-12-17,84,421.0,-0.57877,train
2015-09-25,bpi_value,744.0,6.61204,751.0,761.0,769.0,753.0,716.0,735.0,812.0,1031.0,1054.0,883.0,753.43,13.81,749.14,22.27,876.43,134.51,968.58,142.4,878.17,189.42,-0.00936,0.03836,-0.08746,-0.34831,2024.0,1911.0,1264.0,738.0,742.0,789.0,408.0,411.0,439.0,-0.99479,-0.10196,0.20286,-0.97921,60,2015-12-18,84,426.0,-0.5576,train
2015-09-28,bpi_value,738.0,6.60394,744.0,751.0,761.0,769.0,727.0,723.0,793.0,1000.0,1057.0,908.0,755.0,11.07,745.21,18.76,865.8,132.41,965.75,145.24,880.19,186.92,-0.0081,0.01502,-0.07188,-0.35925,2075.0,2024.0,1637.0,733.0,738.0,783.0,402.0,408.0,431.0,-0.99872,-0.05051,0.10089,-0.9949,60,2015-12-21,84,433.0,-0.53321,train
2015-09-29,bpi_value,725.0,6.58617,738.0,744.0,751.0,769.0,753.0,720.0,776.0,974.0,1057.0,927.0,751.0,15.32,741.57,17.33,854.73,129.82,962.38,148.41,882.14,184.35,-0.01777,-0.03789,-0.06798,-0.37702,2031.0,2075.0,1995.0,724.0,733.0,772.0,400.0,402.0,426.0,-0.99944,-0.03332,0.06661,-0.99778,60,2015-12-22,84,445.0,-0.4881,train
2015-09-30,bpi_value,712.0,6.56808,725.0,738.0,744.0,761.0,769.0,716.0,751.0,949.0,1052.0,945.0,742.86,18.42,738.79,18.67,843.4,126.91,958.5,151.82,884.06,181.67,-0.01809,-0.07701,-0.05333,-0.39037,1936.0,2031.0,2096.0,713.0,724.0,762.0,398.0,400.0,421.0,-0.99987,-0.01613,0.03225,-0.99948,60,2015-12-23,84,457.0,-0.44339,train
2015-10-01,bpi_value,704.0,6.55678,712.0,725.0,738.0,751.0,769.0,727.0,735.0,912.0,1049.0,973.0,733.57,19.26,736.57,20.71,831.9,123.34,954.02,155.26,885.99,178.79,-0.0113,-0.08831,-0.04309,-0.39881,1911.0,1936.0,1873.0,703.0,713.0,757.0,396.0,398.0,417.0,-1.0,0.00108,-0.00215,-1.0,60,2015-12-24,84,462.0,-0.42121,train
2015-10-02,bpi_value,701.0,6.55251,704.0,712.0,725.0,744.0,761.0,753.0,723.0,870.0,1052.0,1016.0,725.0,18.49,735.0,22.45,820.2,118.46,948.77,158.37,887.94,175.77,-0.00427,-0.08213,-0.0309,-0.40594,1931.0,1911.0,1872.0,695.0,703.0,749.0,392.0,396.0,414.0,-0.99983,0.01828,-0.03655,-0.99933,60,2016-01-04,94,464.0,-0.41262,train
2015-10-05,bpi_value,699.0,6.54965,701.0,704.0,712.0,738.0,751.0,769.0,720.0,837.0,1054.0,1052.0,717.57,16.93,733.5,24.04,808.37,112.07,942.88,160.96,889.89,172.67,-0.00286,-0.07175,-0.0296,-0.4107,1901.0,1931.0,1911.0,691.0,695.0,742.0,390.0,392.0,411.0,-0.99756,0.06983,-0.13932,-0.99025,60,2016-01-05,92,466.0,-0.40547,train
2015-10-06,bpi_value,700.0,6.55108,699.0,701.0,704.0,725.0,744.0,769.0,716.0,812.0,1052.0,1076.0,711.29,13.83,732.36,25.2,796.63,104.09,936.62,162.96,891.87,169.44,0.00143,-0.06096,-0.0226,-0.40737,1860.0,1901.0,2024.0,688.0,691.0,738.0,386.0,390.0,408.0,-0.99621,0.08698,-0.1733,-0.98487,60,2016-01-06,92,464.0,-0.4112,train
2015-10-07,bpi_value,709.0,6.56386,700.0,699.0,701.0,712.0,738.0,761.0,727.0,793.0,1047.0,1096.0,707.14,8.54,731.07,25.89,785.37,94.2,930.17,164.18,893.88,166.15,0.01278,-0.04009,-0.02507,-0.38983,1742.0,1860.0,2075.0,681.0,688.0,733.0,384.0,386.0,402.0,-0.99457,0.1041,-0.20707,-0.97833,60,2016-01-07,92,450.0,-0.45461,train
2015-10-08,bpi_value,736.0,6.60123,709.0,700.0,699.0,704.0,725.0,751.0,753.0,776.0,1031.0,1122.0,708.71,12.0,729.86,25.22,775.53,82.75,923.73,164.1,896.01,162.84,0.03737,0.01506,-0.02284,-0.33705,1598.0,1742.0,2031.0,676.0,681.0,724.0,382.0,384.0,400.0,-0.99263,0.12119,-0.2406,-0.97062,60,2016-01-08,92,434.0,-0.52819,train
2015-10-09,bpi_value,761.0,6.63463,736.0,709.0,700.0,701.0,712.0,744.0,769.0,751.0,1000.0,1149.0,715.71,22.0,729.29,24.41,767.57,71.5,917.27,162.73,898.13,159.8,0.0334,0.06656,-0.01046,-0.27312,1549.0,1598.0,1936.0,672.0,676.0,713.0,380.0,382.0,398.0,-0.9904,0.13825,-0.27385,-0.96177,60,2016-01-11,94,420.0,-0.59438,train
2015-10-12,bpi_value,768.0,6.64379,761.0,736.0,709.0,699.0,704.0,738.0,769.0,735.0,974.0,1162.0,724.86,27.77,729.21,24.29,760.7,60.37,910.7,160.66,900.04,157.18,0.00916,0.08701,-0.0013,-0.23762,1551.0,1549.0,1911.0,669.0,672.0,703.0,380.0,380.0,396.0,-0.98195,0.18916,-0.37148,-0.92844,60,2016-01-12,92,411.0,-0.6252,train
2015-10-13,bpi_value,770.0,6.64639,768.0,761.0,736.0,700.0,701.0,725.0,761.0,723.0,949.0,1170.0,734.71,29.73,729.86,25.23,754.73,49.29,904.03,158.04,901.84,154.73,0.0026,0.09388,0.01176,-0.20902,1531.0,1551.0,1931.0,666.0,669.0,695.0,379.0,380.0,392.0,-0.97855,0.20602,-0.4032,-0.91511,60,2016-01-13,92,399.0,-0.65743,train
2015-10-14,bpi_value,761.0,6.63463,770.0,768.0,761.0,709.0,699.0,712.0,751.0,720.0,912.0,1179.0,743.57,26.87,730.57,25.95,749.7,39.77,897.07,154.95,903.3,152.77,-0.01176,0.08498,0.01323,-0.18101,1457.0,1531.0,1901.0,664.0,666.0,691.0,379.0,379.0,390.0,-0.97486,0.22282,-0.43444,-0.9007,60,2016-01-14,92,388.0,-0.67363,train
2015-10-15,bpi_value,742.0,6.60935,761.0,770.0,768.0,736.0,700.0,704.0,744.0,716.0,870.0,1179.0,749.57,20.37,730.43,25.88,745.43,32.9,889.78,151.76,904.19,151.59,-0.02528,0.05827,-0.00269,-0.15914,1368.0,1457.0,1860.0,662.0,664.0,688.0,378.0,379.0,386.0,-0.97088,0.23956,-0.46516,-0.88523,60,2016-01-15,92,381.0,-0.66655,train
2015-10-16,bpi_value,722.0,6.58203,742.0,761.0,770.0,761.0,709.0,701.0,738.0,727.0,837.0,1161.0,751.43,16.88,729.29,25.87,741.6,28.4,882.47,149.07,904.48,151.22,-0.02732,0.01817,-0.02192,-0.1478,1318.0,1368.0,1742.0,661.0,662.0,681.0,376.0,378.0,384.0,-0.96662,0.25622,-0.49534,-0.8687,60,2016-01-18,94,375.0,-0.6551,train
2015-10-19,bpi_value,710.0,6.56526,722.0,742.0,761.0,768.0,736.0,699.0,725.0,753.0,812.0,1137.0,747.71,21.97,728.21,26.33,738.2,25.75,875.35,146.93,904.38,151.35,-0.01676,-0.03597,-0.02091,-0.13424,1312.0,1318.0,1598.0,658.0,661.0,676.0,371.0,376.0,382.0,-0.95211,0.30574,-0.5822,-0.81304,60,2016-01-19,92,369.0,-0.65447,train
2015-10-20,bpi_value,701.0,6.55251,710.0,722.0,742.0,770.0,761.0,700.0,712.0,769.0,793.0,1115.0,739.14,26.37,727.43,26.96,735.13,24.49,868.45,145.22,903.92,151.89,-0.01276,-0.08213,-0.01557,-0.12332,1399.0,1312.0,1549.0,656.0,658.0,672.0,368.0,371.0,380.0,-0.94671,0.32208,-0.60983,-0.79253,60,2016-01-20,92,360.0,-0.6664,train
2015-10-21,bpi_value,693.0,6.54103,701.0,710.0,722.0,761.0,768.0,709.0,704.0,769.0,776.0,1095.0,728.43,27.68,726.64,27.78,732.37,24.41,861.75,143.88,903.04,152.88,-0.01148,-0.10276,-0.01575,-0.11312,1483.0,1399.0,1551.0,654.0,656.0,669.0,366.0,368.0,380.0,-0.94103,0.33831,-0.63673,-0.77109,60,2016-01-21,92,346.0,-0.69459,train
2015-10-22,bpi_value,685.0,6.52942,693.0,701.0,710.0,742.0,770.0,736.0,701.0,761.0,751.0,1069.0,716.29,25.32,725.5,29.11,730.17,25.58,855.35,143.06,901.58,154.32,-0.01161,-0.11697,-0.02309,-0.09199,1512.0,1483.0,1531.0,652.0,654.0,666.0,365.0,366.0,379.0,-0.93507,0.35445,-0.66288,-0.74873,60,2016-01-22,92,334.0,-0.71828,train
2015-10-23,bpi_value,683.0,6.52649,685.0,693.0,701.0,722.0,761.0,761.0,699.0,751.0,735.0,1044.0,705.14,19.74,724.36,30.41,728.43,26.92,849.33,142.59,899.76,155.92,-0.00292,-0.10814,-0.02316,-0.07338,1461.0,1512.0,1457.0,649.0,652.0,664.0,362.0,365.0,379.0,-0.92884,0.37048,-0.68824,-0.72549,60,2016-01-25,94,325.0,-0.74267,train
2015-10-26,bpi_value,681.0,6.52356,683.0,685.0,693.0,710.0,742.0,768.0,700.0,744.0,723.0,1023.0,696.43,14.24,723.0,31.86,727.03,28.22,843.63,142.37,897.87,157.52,-0.00293,-0.08579,-0.02752,-0.05985,1403.0,1461.0,1368.0,648.0,649.0,662.0,360.0,362.0,378.0,-0.90849,0.4179,-0.75932,-0.65071,60,2016-01-26,92,312.0,-0.78056,train
2015-10-27,bpi_value,686.0,6.53088,681.0,683.0,685.0,701.0,722.0,770.0,709.0,738.0,720.0,1006.0,691.29,9.92,721.36,33.11,725.9,29.15,838.3,142.18,896.1,158.99,0.00732,-0.05115,-0.03298,-0.04837,1307.0,1403.0,1318.0,646.0,648.0,661.0,356.0,360.0,376.0,-0.90117,0.43347,-0.78126,-0.62421,60,2016-01-27,92,303.0,-0.81714,train
2015-10-28,bpi_value,687.0,6.53233,686.0,681.0,683.0,693.0,710.0,761.0,736.0,725.0,716.0,1001.0,688.0,6.35,717.86,33.95,724.93,29.93,833.07,141.87,894.47,160.37,0.00146,-0.03293,-0.0689,-0.04135,1275.0,1307.0,1312.0,645.0,646.0,658.0,354.0,356.0,371.0,-0.89358,0.44891,-0.80227,-0.59697,60,2016-01-28,92,293.0,-0.85216,train
2015-10-29,bpi_value,682.0,6.52503,687.0,686.0,681.0,685.0,701.0,742.0,761.0,712.0,727.0,1005.0,685.29,3.73,712.21,32.86,723.43,30.9,827.68,141.37,892.83,161.77,-0.0073,-0.02748,-0.1096,-0.0639,1254.0,1275.0,1399.0,643.0,645.0,656.0,351.0,354.0,368.0,-0.88572,0.46421,-0.82233,-0.56902,60,2016-01-29,92,287.0,-0.86555,train
2015-10-30,bpi_value,675.0,6.51471,682.0,687.0,686.0,683.0,693.0,722.0,768.0,704.0,753.0,1013.0,682.71,3.73,705.57,30.21,720.83,31.58,822.05,140.61,891.14,163.23,-0.01032,-0.02632,-0.12908,-0.10935,1229.0,1254.0,1483.0,633.0,643.0,654.0,349.0,351.0,366.0,-0.87761,0.47938,-0.84141,-0.54039,60,2016-02-01,94,282.0,-0.87281,train
2015-11-02,bpi_value,665.0,6.49979,675.0,682.0,687.0,681.0,685.0,710.0,770.0,701.0,769.0,1021.0,679.86,7.06,698.07,26.02,717.37,31.81,816.12,139.6,889.28,164.84,-0.01493,-0.02963,-0.1466,-0.1453,1184.0,1229.0,1512.0,629.0,633.0,652.0,347.0,349.0,365.0,-0.85171,0.52401,-0.89261,-0.45083,60,2016-02-02,92,282.0,-0.85788,train
2015-11-03,bpi_value,653.0,6.48158,665.0,675.0,682.0,686.0,683.0,701.0,761.0,699.0,769.0,1028.0,675.57,11.54,690.36,21.91,713.5,32.34,809.87,138.36,887.22,166.61,-0.01821,-0.04492,-0.15306,-0.16351,1099.0,1184.0,1461.0,620.0,629.0,649.0,339.0,347.0,362.0,-0.84257,0.53858,-0.90759,-0.41986,60,2016-02-03,92,284.0,-0.8326,train
2015-11-04,bpi_value,636.0,6.4552,653.0,665.0,675.0,687.0,681.0,693.0,742.0,700.0,761.0,1043.0,669.14,17.64,682.79,21.05,709.33,33.97,803.08,136.73,884.9,168.63,-0.02638,-0.06836,-0.15415,-0.17943,1043.0,1099.0,1403.0,609.0,620.0,648.0,333.0,339.0,360.0,-0.83318,0.553,-0.9215,-0.38839,60,2016-02-04,92,289.0,-0.78877,train
2015-11-05,bpi_value,618.0,6.42649,636.0,653.0,665.0,682.0,686.0,685.0,722.0,709.0,751.0,1053.0,659.43,23.45,675.36,24.04,704.9,36.8,795.83,134.81,882.23,170.91,-0.02871,-0.10439,-0.15554,-0.19492,1002.0,1043.0,1307.0,596.0,609.0,646.0,328.0,333.0,356.0,-0.82355,0.56725,-0.93431,-0.35646,60,2016-02-05,92,295.0,-0.73951,train
2015-11-06,bpi_value,603.0,6.40192,618.0,636.0,653.0,675.0,687.0,683.0,710.0,736.0,744.0,1054.0,647.43,27.43,667.71,28.42,700.2,40.34,788.32,132.76,879.12,173.4,-0.02457,-0.13042,-0.16335,-0.21012,1003.0,1002.0,1275.0,584.0,596.0,645.0,323.0,328.0,354.0,-0.81367,0.58133,-0.94602,-0.32411,60,2016-02-08,94,298.0,-0.70482,train
2015-11-09,bpi_value,589.0,6.37843,603.0,618.0,636.0,665.0,682.0,681.0,701.0,761.0,738.0,1057.0,634.14,29.88,659.71,33.27,695.23,44.35,780.52,130.47,875.58,176.01,-0.02349,-0.1466,-0.17408,-0.22552,1021.0,1003.0,1254.0,571.0,584.0,643.0,319.0,323.0,351.0,-0.7826,0.62253,-0.97438,-0.22492,60,2016-02-09,92,297.0,-0.68469,train
2015-11-10,bpi_value,575.0,6.35437,589.0,603.0,618.0,653.0,675.0,686.0,693.0,768.0,725.0,1057.0,619.86,30.82,651.29,38.34,690.23,48.94,772.48,128.02,871.67,178.72,-0.02406,-0.16034,-0.18666,-0.2318,1018.0,1021.0,1229.0,562.0,571.0,633.0,316.0,319.0,349.0,-0.77177,0.6359,-0.98154,-0.19127,60,2016-02-10,92,301.0,-0.64726,train
2015-11-11,bpi_value,555.0,6.31897,575.0,589.0,603.0,636.0,665.0,687.0,685.0,770.0,712.0,1052.0,604.14,31.82,642.0,44.32,685.0,54.42,764.2,125.72,867.33,181.59,-0.0354,-0.18082,-0.21045,-0.24911,946.0,1018.0,1184.0,554.0,562.0,629.0,311.0,316.0,347.0,-0.76072,0.64908,-0.98754,-0.15739,60,2016-02-11,92,312.0,-0.57596,train
2015-11-12,bpi_value,534.0,6.2804,555.0,575.0,589.0,618.0,653.0,682.0,683.0,761.0,704.0,1049.0,587.14,32.95,631.36,50.64,679.33,60.64,755.62,123.55,862.46,184.56,-0.03857,-0.20118,-0.2461,-0.27638,881.0,946.0,1099.0,543.0,554.0,620.0,307.0,311.0,339.0,-0.74944,0.66207,-0.99237,-0.12333,60,2016-02-12,92,324.0,-0.49965,train
2015-11-13,bpi_value,514.0,6.24222,534.0,555.0,575.0,603.0,636.0,675.0,681.0,742.0,701.0,1052.0,569.71,34.71,619.43,56.83,673.1,67.33,746.65,121.21,856.88,187.4,-0.03817,-0.21298,-0.28134,-0.31028,809.0,881.0,1043.0,533.0,543.0,609.0,304.0,307.0,333.0,-0.73794,0.67486,-0.99602,-0.08912,60,2016-02-15,94,334.0,-0.43108,train
2015-11-16,bpi_value,500.0,6.21461,514.0,534.0,555.0,589.0,618.0,665.0,686.0,722.0,699.0,1054.0,552.86,35.81,606.14,61.28,666.47,73.93,737.42,118.52,850.74,189.93,-0.02762,-0.21188,-0.31627,-0.33504,770.0,809.0,1002.0,523.0,533.0,596.0,302.0,304.0,328.0,-0.70215,0.71203,-0.9999,0.01398,60,2016-02-16,92,346.0,-0.36817,train
2015-11-17,bpi_value,487.0,6.18826,500.0,514.0,534.0,575.0,603.0,653.0,687.0,710.0,700.0,1052.0,536.29,35.61,591.86,64.02,659.37,80.32,728.0,115.56,844.2,192.19,-0.02634,-0.21365,-0.34407,-0.36282,733.0,770.0,1003.0,516.0,523.0,584.0,296.0,302.0,323.0,-0.6898,0.724,-0.99883,0.04836,60,2016-02-17,92,357.0,-0.31053,train
2015-11-18,bpi_value,477.0,6.16752,487.0,500.0,514.0,555.0,589.0,636.0,682.0,701.0,709.0,1047.0,520.29,33.42,577.21,65.16,651.63,86.13,718.5,112.33,837.32,194.12,-0.02075,-0.21091,-0.35751,-0.39634,671.0,733.0,1021.0,504.0,516.0,571.0,292.0,296.0,319.0,-0.67724,0.73576,-0.99658,0.08269,60,2016-02-18,92,358.0,-0.28698,train
2015-11-19,bpi_value,468.0,6.14847,477.0,487.0,500.0,534.0,575.0,618.0,675.0,693.0,736.0,1031.0,505.0,29.09,562.43,64.78,642.7,90.69,709.12,109.31,830.06,195.56,-0.01905,-0.2059,-0.36624,-0.45276,619.0,671.0,1018.0,491.0,504.0,562.0,290.0,292.0,316.0,-0.66448,0.7473,-0.99314,0.11692,60,2016-02-19,92,355.0,-0.27635,train
2015-11-20,bpi_value,463.0,6.13773,468.0,477.0,487.0,514.0,555.0,603.0,665.0,685.0,761.0,1000.0,491.86,23.84,548.0,62.79,632.77,93.47,700.17,107.08,822.43,196.35,-0.01074,-0.18124,-0.36206,-0.49691,606.0,619.0,946.0,479.0,491.0,554.0,288.0,290.0,311.0,-0.65153,0.75862,-0.98853,0.15102,60,2016-02-22,94,350.0,-0.27979,train
2015-11-23,bpi_value,461.0,6.1334,463.0,468.0,477.0,500.0,534.0,589.0,653.0,683.0,768.0,974.0,481.43,18.49,534.29,59.23,622.53,94.9,691.62,105.35,814.64,196.63,-0.00433,-0.147,-0.34818,-0.51039,698.0,606.0,881.0,472.0,479.0,543.0,286.0,288.0,307.0,-0.61153,0.79122,-0.96771,0.25206,60,2016-02-23,92,346.0,-0.28696,train
2015-11-24,bpi_value,460.0,6.13123,461.0,463.0,468.0,487.0,514.0,575.0,636.0,681.0,770.0,949.0,473.71,14.02,521.71,54.82,612.2,95.16,683.47,104.02,806.76,196.46,-0.00217,-0.111,-0.32397,-0.51516,731.0,698.0,809.0,469.0,472.0,533.0,285.0,286.0,304.0,-0.59783,0.80162,-0.95847,0.2852,60,2016-02-24,92,346.0,-0.28479,train
2015-11-25,bpi_value,463.0,6.13773,460.0,461.0,463.0,477.0,500.0,555.0,618.0,686.0,761.0,912.0,468.43,9.29,510.64,49.66,602.27,94.66,675.98,103.46,798.8,195.72,0.0065,-0.07688,-0.28876,-0.49691,807.0,731.0,770.0,467.0,469.0,523.0,285.0,285.0,302.0,-0.58395,0.81179,-0.94809,0.318,60,2016-02-25,92,346.0,-0.29129,train
2015-11-26,bpi_value,459.0,6.12905,463.0,460.0,461.0,468.0,487.0,534.0,603.0,687.0,742.0,870.0,464.43,5.8,500.36,44.06,592.83,94.36,669.13,104.0,790.8,194.73,-0.00868,-0.05921,-0.27287,-0.4803,898.0,807.0,733.0,467.0,467.0,516.0,284.0,285.0,296.0,-0.5699,0.82171,-0.93659,0.35043,60,2016-02-26,92,352.0,-0.26542,train
2015-11-27,bpi_value,456.0,6.12249,459.0,463.0,460.0,463.0,477.0,514.0,589.0,682.0,722.0,837.0,461.43,3.5,490.86,37.82,583.97,94.31,662.78,105.18,782.97,193.86,-0.00656,-0.04502,-0.25593,-0.45953,989.0,898.0,671.0,467.0,467.0,504.0,283.0,284.0,292.0,-0.55568,0.83139,-0.92398,0.38244,60,2016-02-29,94,354.0,-0.2532,train
2015-11-30,bpi_value,453.0,6.11589,456.0,459.0,463.0,461.0,468.0,500.0,575.0,675.0,710.0,812.0,459.29,3.41,482.14,30.84,575.4,94.14,656.8,106.72,775.37,193.23,-0.0066,-0.03258,-0.23848,-0.44937,1007.0,989.0,619.0,467.0,467.0,491.0,285.0,283.0,290.0,-0.51206,0.85895,-0.87966,0.4756,60,2016-03-01,92,357.0,-0.23816,train
2015-12-01,bpi_value,450.0,6.10925,453.0,456.0,459.0,460.0,463.0,487.0,555.0,665.0,701.0,793.0,457.43,4.3,474.64,24.29,567.03,93.76,651.08,108.44,767.98,192.82,-0.00664,-0.02848,-0.20972,-0.44326,1046.0,1007.0,606.0,469.0,467.0,479.0,286.0,285.0,288.0,-0.4972,0.86763,-0.86278,0.50558,60,2016-03-02,92,364.0,-0.21209,train
2015-12-02,bpi_value,446.0,6.10032,450.0,453.0,456.0,463.0,461.0,477.0,534.0,653.0,693.0,776.0,455.29,5.55,468.36,18.9,558.8,93.18,645.58,110.32,760.77,192.59,-0.00893,-0.03308,-0.18008,-0.44071,1001.0,1046.0,698.0,471.0,469.0,472.0,286.0,286.0,286.0,-0.48221,0.87606,-0.84488,0.53496,60,2016-03-03,92,374.0,-0.17606,train
2015-12-03,bpi_value,438.0,6.08222,446.0,450.0,453.0,459.0,460.0,468.0,514.0,636.0,685.0,751.0,452.14,7.77,462.93,15.65,550.57,92.58,640.37,112.59,753.76,192.73,-0.0181,-0.04901,-0.16,-0.4472,931.0,1001.0,731.0,472.0,471.0,469.0,286.0,286.0,285.0,-0.46706,0.88422,-0.82598,0.5637,60,2016-03-04,92,386.0,-0.12638,train
2015-12-04,bpi_value,433.0,6.07074,438.0,446.0,450.0,456.0,463.0,463.0,500.0,618.0,683.0,735.0,447.86,8.81,458.14,13.7,542.23,91.53,635.33,114.97,746.97,193.14,-0.01148,-0.06699,-0.14387,-0.45576,890.0,931.0,807.0,470.0,472.0,467.0,286.0,286.0,285.0,-0.45179,0.89213,-0.8061,0.59178,60,2016-03-07,94,397.0,-0.0868,train
2015-12-07,bpi_value,426.0,6.05444,433.0,438.0,446.0,453.0,459.0,461.0,487.0,603.0,681.0,723.0,443.14,10.29,453.79,13.53,533.73,90.07,630.38,117.46,740.33,193.8,-0.0163,-0.07461,-0.13382,-0.46912,852.0,890.0,898.0,469.0,470.0,467.0,286.0,286.0,284.0,-0.40516,0.91424,-0.74084,0.67168,60,2016-03-08,92,422.0,-0.00943,train
2015-12-08,bpi_value,420.0,6.04025,426.0,433.0,438.0,450.0,456.0,460.0,477.0,589.0,686.0,720.0,438.0,11.5,449.71,14.47,524.87,87.71,625.38,119.9,733.82,194.61,-0.01418,-0.08224,-0.12726,-0.49062,870.0,852.0,989.0,465.0,469.0,467.0,286.0,286.0,283.0,-0.38938,0.92108,-0.7173,0.69677,60,2016-03-09,92,447.0,0.0623,train
2015-12-09,bpi_value,412.0,6.02102,420.0,426.0,433.0,446.0,453.0,463.0,468.0,575.0,687.0,716.0,432.14,12.74,445.71,16.47,515.7,84.6,620.32,122.36,727.28,195.42,-0.01923,-0.09487,-0.12744,-0.51131,857.0,870.0,1007.0,461.0,465.0,467.0,286.0,286.0,285.0,-0.37348,0.92764,-0.6929,0.72103,60,2016-03-10,92,466.0,0.12316,train
2015-12-10,bpi_value,408.0,6.01127,412.0,420.0,426.0,438.0,450.0,459.0,463.0,555.0,682.0,727.0,426.14,12.81,441.79,18.33,506.57,80.86,615.0,124.52,720.64,196.01,-0.00976,-0.09798,-0.12646,-0.51376,824.0,857.0,1046.0,460.0,461.0,469.0,285.0,286.0,286.0,-0.35746,0.93393,-0.66769,0.74444,60,2016-03-11,92,477.0,0.15625,train
2015-12-11,bpi_value,410.0,6.01616,408.0,412.0,420.0,433.0,446.0,456.0,461.0,534.0,675.0,753.0,421.0,10.89,438.14,19.2,497.73,76.33,609.28,125.92,713.94,196.2,0.00489,-0.08416,-0.11724,-0.49856,779.0,824.0,1001.0,455.0,460.0,471.0,282.0,285.0,286.0,-0.34135,0.93994,-0.64169,0.76697,60,2016-03-14,94,481.0,0.15971,train
2015-12-14,bpi_value,410.0,6.01616,410.0,408.0,412.0,426.0,438.0,453.0,460.0,514.0,665.0,769.0,417.0,8.86,434.57,19.45,489.23,71.26,603.3,126.71,707.16,196.03,0.0,-0.06606,-0.11507,-0.48363,722.0,779.0,931.0,451.0,455.0,472.0,279.0,282.0,286.0,-0.29241,0.95629,-0.55925,0.829,60,2016-03-15,92,481.0,0.15971,train
2015-12-15,bpi_value,411.0,6.01859,410.0,410.0,408.0,420.0,433.0,450.0,463.0,500.0,653.0,769.0,413.86,6.1,430.86,18.61,481.17,65.75,597.33,127.2,700.3,195.48,0.00244,-0.05214,-0.11913,-0.46298,623.0,722.0,890.0,450.0,451.0,470.0,276.0,279.0,286.0,-0.27591,0.96118,-0.53041,0.84774,60,2016-03-16,92,474.0,0.14261,train
2015-12-16,bpi_value,415.0,6.02828,411.0,410.0,410.0,412.0,426.0,446.0,459.0,487.0,636.0,761.0,412.29,3.73,427.71,17.26,473.8,60.12,591.57,127.49,693.32,194.33,0.00969,-0.02616,-0.10077,-0.42692,549.0,623.0,852.0,449.0,450.0,469.0,275.0,276.0,286.0,-0.25934,0.96579,-0.50093,0.86549,60,2016-03-17,92,467.0,0.11805,train
2015-12-17,bpi_value,421.0,6.04263,415.0,411.0,410.0,408.0,420.0,438.0,456.0,477.0,618.0,751.0,412.43,4.03,425.21,15.42,467.23,54.51,586.07,127.61,686.3,192.62,0.01435,0.00238,-0.07986,-0.38386,524.0,549.0,870.0,448.0,449.0,465.0,274.0,275.0,286.0,-0.24269,0.9701,-0.47086,0.88221,60,2016-03-18,92,463.0,0.09509,train
2015-12-18,bpi_value,426.0,6.05444,421.0,415.0,411.0,410.0,412.0,433.0,453.0,468.0,603.0,744.0,414.43,6.21,423.29,13.38,461.33,48.78,580.77,127.54,679.32,190.53,0.01181,0.03342,-0.06145,-0.34748,524.0,524.0,857.0,448.0,448.0,461.0,273.0,274.0,286.0,-0.22596,0.97414,-0.44024,0.89788,60,2016-03-21,94,459.0,0.07461,train
2015-12-21,bpi_value,433.0,6.07074,426.0,421.0,415.0,410.0,408.0,426.0,450.0,463.0,589.0,738.0,418.0,8.32,422.07,11.54,456.13,42.84,575.68,127.25,672.39,188.0,0.0163,0.05947,-0.03851,-0.30769,512.0,524.0,824.0,449.0,448.0,460.0,273.0,273.0,285.0,-0.17541,0.9845,-0.34539,0.93846,60,2016-03-22,92,455.0,0.04956,train
2015-12-22,bpi_value,445.0,6.09807,433.0,426.0,421.0,411.0,410.0,420.0,446.0,461.0,575.0,725.0,423.0,11.8,422.0,11.4,451.8,36.74,571.02,126.83,665.59,185.01,0.02734,0.08192,-0.00224,-0.2563,485.0,512.0,779.0,449.0,449.0,455.0,271.0,273.0,282.0,-0.15845,0.98737,-0.3129,0.94979,60,2016-03-23,92,458.0,0.02879,train
2015-12-23,bpi_value,457.0,6.12468,445.0,433.0,426.0,415.0,410.0,412.0,438.0,460.0,555.0,712.0,429.71,15.33,423.36,14.04,448.53,31.39,566.77,126.3,658.98,181.68,0.02661,0.10853,0.04246,-0.19428,469.0,485.0,722.0,449.0,449.0,451.0,270.0,271.0,279.0,-0.14144,0.98995,-0.28004,0.95999,60,2016-03-24,92,466.0,0.0195,train
2015-12-24,bpi_value,462.0,6.13556,457.0,445.0,433.0,421.0,411.0,408.0,433.0,463.0,534.0,704.0,437.0,16.76,425.43,17.12,446.13,27.24,562.73,125.72,652.46,178.07,0.01088,0.11697,0.06483,-0.14483,470.0,469.0,623.0,450.0,449.0,450.0,270.0,270.0,276.0,-0.12439,0.99223,-0.24686,0.96905,60,2016-03-29,96,471.0,0.01929,train
2016-01-04,bpi_value,464.0,6.13988,462.0,457.0,445.0,426.0,415.0,410.0,426.0,459.0,514.0,701.0,444.0,16.34,428.14,19.79,444.47,24.42,558.78,125.03,645.92,174.03,0.00432,0.11161,0.08545,-0.10234,472.0,470.0,549.0,450.0,450.0,449.0,267.0,270.0,275.0,0.06876,0.99763,0.13719,0.99055,60,2016-03-30,86,484.0,0.0422,train
2016-01-05,bpi_value,466.0,6.14419,464.0,462.0,457.0,433.0,421.0,410.0,420.0,456.0,500.0,699.0,450.43,14.8,431.43,21.88,443.33,22.53,554.9,124.23,639.39,169.57,0.0043,0.10155,0.10393,-0.07042,462.0,472.0,524.0,449.0,450.0,448.0,266.0,267.0,274.0,0.08591,0.9963,0.17118,0.98524,60,2016-03-31,86,501.0,0.07242,train
2016-01-06,bpi_value,464.0,6.13988,466.0,464.0,462.0,445.0,426.0,411.0,412.0,453.0,487.0,700.0,455.86,11.43,435.14,22.66,442.57,21.39,550.97,123.31,632.86,164.8,-0.0043,0.08545,0.11886,-0.04838,467.0,462.0,524.0,445.0,449.0,448.0,263.0,266.0,273.0,0.10303,0.99468,0.20497,0.97877,60,2016-04-01,86,535.0,0.14238,train
2016-01-07,bpi_value,450.0,6.10925,464.0,466.0,464.0,457.0,433.0,415.0,408.0,450.0,477.0,709.0,458.29,7.42,438.14,21.63,441.67,20.47,546.65,122.23,626.22,159.94,-0.03064,0.03851,0.09798,-0.05827,399.0,467.0,512.0,442.0,445.0,449.0,259.0,263.0,273.0,0.12013,0.99276,0.23851,0.97114,60,2016-04-04,88,563.0,0.22403,train
2016-01-08,bpi_value,434.0,6.07304,450.0,464.0,466.0,462.0,445.0,421.0,410.0,446.0,468.0,736.0,456.71,10.57,439.86,20.24,440.53,19.92,541.62,120.54,619.59,155.33,-0.0362,-0.02503,0.05689,-0.07542,343.0,399.0,485.0,436.0,442.0,449.0,256.0,259.0,271.0,0.13719,0.99055,0.27178,0.96236,60,2016-04-05,88,596.0,0.3172,train
2016-01-11,bpi_value,420.0,6.04025,434.0,450.0,464.0,464.0,457.0,426.0,410.0,438.0,463.0,761.0,451.43,16.62,440.57,19.33,439.1,19.8,535.93,118.07,613.14,151.4,-0.03279,-0.08443,0.0241,-0.09747,314.0,343.0,469.0,430.0,436.0,449.0,251.0,256.0,270.0,0.1881,0.98215,0.36948,0.92924,60,2016-04-06,86,619.0,0.38785,train
2016-01-12,bpi_value,411.0,6.01859,420.0,434.0,450.0,466.0,462.0,433.0,411.0,433.0,461.0,768.0,444.14,20.99,440.57,19.33,437.43,19.99,529.98,115.19,606.89,147.95,-0.02166,-0.11697,0.0,-0.1148,266.0,314.0,470.0,422.0,430.0,450.0,250.0,251.0,270.0,0.20497,0.97877,0.40123,0.91598,60,2016-04-07,86,627.0,0.42235,train
2016-01-13,bpi_value,399.0,5.98896,411.0,420.0,434.0,464.0,464.0,445.0,415.0,426.0,460.0,770.0,434.86,24.27,439.43,21.19,435.4,20.68,523.8,112.05,600.78,145.02,-0.02963,-0.15092,-0.03932,-0.14227,245.0,266.0,472.0,416.0,422.0,450.0,250.0,250.0,267.0,0.22177,0.9751,0.4325,0.90163,60,2016-04-08,86,643.0,0.47718,train
2016-01-14,bpi_value,388.0,5.96101,399.0,411.0,420.0,450.0,466.0,457.0,421.0,420.0,463.0,761.0,423.71,25.3,437.07,24.66,432.9,21.7,517.58,109.03,594.96,142.91,-0.02796,-0.18318,-0.08163,-0.17672,225.0,245.0,462.0,412.0,416.0,449.0,247.0,250.0,266.0,0.23851,0.97114,0.46326,0.88622,60,2016-04-11,88,654.0,0.5221,train
2016-01-15,bpi_value,381.0,5.9428,388.0,399.0,411.0,434.0,464.0,462.0,426.0,412.0,459.0,742.0,411.86,22.99,433.86,28.52,430.3,23.05,511.57,106.41,589.52,141.64,-0.01821,-0.19709,-0.11164,-0.18625,198.0,225.0,467.0,402.0,412.0,445.0,245.0,247.0,263.0,0.25518,0.96689,0.49347,0.86976,60,2016-04-12,88,666.0,0.55849,train
2016-01-18,bpi_value,375.0,5.92693,381.0,388.0,399.0,420.0,450.0,464.0,433.0,408.0,456.0,722.0,401.14,20.0,429.71,32.31,427.6,24.57,505.78,104.22,584.39,140.95,-0.01587,-0.18232,-0.14381,-0.19557,197.0,198.0,399.0,394.0,402.0,442.0,243.0,245.0,259.0,0.30472,0.95244,0.58045,0.81429,60,2016-04-13,86,678.0,0.59222,train
2016-01-19,bpi_value,369.0,5.9108,375.0,381.0,388.0,411.0,434.0,466.0,445.0,410.0,453.0,710.0,391.86,17.52,424.29,35.51,424.8,26.25,500.1,102.2,579.47,140.65,-0.01613,-0.16225,-0.18728,-0.2051,185.0,197.0,343.0,388.0,394.0,436.0,240.0,243.0,256.0,0.32106,0.94706,0.60812,0.79384,60,2016-04-14,86,700.0,0.64028,train
2016-01-20,bpi_value,360.0,5.8861,369.0,375.0,381.0,399.0,420.0,464.0,457.0,410.0,450.0,701.0,383.29,16.29,417.36,37.84,421.8,28.26,494.42,100.34,574.66,140.67,-0.02469,-0.15415,-0.23858,-0.22314,186.0,185.0,314.0,381.0,388.0,430.0,238.0,240.0,251.0,0.3373,0.9414,0.63507,0.77246,60,2016-04-15,86,727.0,0.70282,train
2016-01-21,bpi_value,346.0,5.84644,360.0,369.0,375.0,388.0,411.0,450.0,462.0,411.0,446.0,693.0,374.0,16.37,409.07,39.8,418.47,30.98,488.63,98.71,569.88,141.05,-0.03967,-0.17215,-0.28913,-0.25388,206.0,186.0,266.0,372.0,381.0,422.0,237.0,238.0,250.0,0.35344,0.93546,0.66126,0.75015,60,2016-04-18,88,740.0,0.76021,train
2016-01-22,bpi_value,334.0,5.81114,346.0,360.0,369.0,381.0,399.0,434.0,464.0,415.0,438.0,685.0,364.71,17.92,399.79,41.05,415.0,34.25,482.78,97.29,565.24,141.87,-0.0353,-0.17782,-0.32874,-0.27108,229.0,206.0,245.0,366.0,372.0,416.0,233.0,237.0,250.0,0.36948,0.92924,0.68668,0.72696,60,2016-04-19,88,746.0,0.80358,train
2016-01-25,bpi_value,325.0,5.78383,334.0,346.0,360.0,375.0,388.0,420.0,466.0,421.0,433.0,683.0,355.71,19.7,389.71,40.87,411.4,37.67,476.82,95.8,560.69,142.93,-0.02732,-0.17718,-0.36036,-0.28691,254.0,229.0,225.0,358.0,366.0,412.0,231.0,233.0,247.0,0.41693,0.90894,0.75792,0.65235,60,2016-04-20,86,747.0,0.83224,train
2016-01-26,bpi_value,312.0,5.743,325.0,334.0,346.0,369.0,381.0,411.0,464.0,426.0,426.0,681.0,345.86,21.73,378.86,39.87,407.6,41.55,470.67,94.33,556.12,144.23,-0.04082,-0.1998,-0.39688,-0.31144,242.0,254.0,198.0,350.0,358.0,402.0,229.0,231.0,245.0,0.4325,0.90163,0.77991,0.62589,60,2016-04-21,86,743.0,0.86769,train
2016-01-27,bpi_value,303.0,5.71373,312.0,325.0,334.0,360.0,375.0,399.0,450.0,433.0,420.0,686.0,335.57,22.53,368.36,39.1,403.7,45.51,464.28,92.48,551.49,145.58,-0.02927,-0.21319,-0.39551,-0.32652,235.0,242.0,197.0,338.0,350.0,394.0,225.0,229.0,243.0,0.44794,0.89406,0.80098,0.59869,60,2016-04-22,86,736.0,0.8875,train
2016-01-28,bpi_value,293.0,5.68017,303.0,312.0,325.0,346.0,369.0,388.0,434.0,445.0,412.0,687.0,324.71,22.11,358.29,39.05,399.73,49.61,457.72,90.4,546.79,147.02,-0.03356,-0.23062,-0.39287,-0.34085,216.0,235.0,185.0,327.0,338.0,388.0,222.0,225.0,240.0,0.46326,0.88622,0.8211,0.57078,60,2016-04-25,88,727.0,0.90875,train
2016-01-29,bpi_value,287.0,5.65948,293.0,303.0,312.0,334.0,360.0,381.0,420.0,457.0,408.0,682.0,314.29,20.14,348.79,39.06,395.7,53.54,451.13,88.18,541.9,148.25,-0.02069,-0.22662,-0.38077,-0.35178,211.0,216.0,186.0,316.0,327.0,381.0,219.0,222.0,238.0,0.47843,0.87812,0.84025,0.5422,60,2016-04-26,88,718.0,0.91699,train
2016-02-01,bpi_value,282.0,5.64191,287.0,293.0,303.0,325.0,346.0,375.0,411.0,462.0,410.0,675.0,305.14,18.09,339.57,38.51,391.43,57.21,444.58,85.87,536.67,149.02,-0.01758,-0.20453,-0.37669,-0.37425,217.0,211.0,206.0,304.0,316.0,372.0,216.0,219.0,237.0,0.52309,0.85227,0.89164,0.45274,60,2016-04-27,86,704.0,0.91487,train
2016-02-02,bpi_value,282.0,5.64191,282.0,287.0,293.0,312.0,334.0,369.0,399.0,464.0,410.0,665.0,297.71,15.15,331.21,37.38,387.17,60.35,438.2,83.45,531.26,149.33,0.0,-0.16923,-0.34705,-0.37425,217.0,217.0,229.0,299.0,304.0,366.0,212.0,216.0,233.0,0.53768,0.84315,0.90669,0.42181,60,2016-04-28,86,685.0,0.88751,train
2016-02-03,bpi_value,284.0,5.64897,282.0,282.0,287.0,303.0,325.0,360.0,388.0,466.0,411.0,653.0,291.86,10.76,323.79,35.66,382.93,62.93,432.05,80.95,525.87,149.4,0.00707,-0.13485,-0.31203,-0.36962,209.0,217.0,254.0,289.0,299.0,358.0,203.0,212.0,231.0,0.5521,0.83378,0.92066,0.39037,60,2016-04-29,86,667.0,0.85382,train
2016-02-04,bpi_value,289.0,5.66643,284.0,282.0,282.0,293.0,312.0,346.0,381.0,464.0,415.0,636.0,288.57,6.95,317.21,32.87,378.73,64.82,426.27,78.54,520.62,149.34,0.01745,-0.07658,-0.27637,-0.36185,208.0,209.0,242.0,280.0,289.0,350.0,197.0,203.0,229.0,0.56636,0.82416,0.93354,0.35847,60,2016-05-03,89,640.0,0.79504,train
2016-02-05,bpi_value,295.0,5.68698,289.0,284.0,282.0,287.0,303.0,334.0,375.0,450.0,421.0,618.0,287.43,4.81,311.5,29.07,374.53,66.02,420.88,76.25,515.56,149.17,0.02055,-0.02676,-0.23995,-0.35566,212.0,208.0,235.0,271.0,280.0,338.0,194.0,197.0,225.0,0.58045,0.81429,0.94532,0.32614,60,2016-05-04,89,621.0,0.74436,train
2016-02-08,bpi_value,298.0,5.69709,295.0,289.0,284.0,282.0,293.0,325.0,369.0,434.0,426.0,603.0,288.14,5.84,306.43,24.41,370.27,66.69,415.8,74.07,510.6,148.91,0.01012,0.01692,-0.2137,-0.35735,207.0,212.0,216.0,262.0,271.0,327.0,190.0,194.0,222.0,0.62169,0.78327,0.97389,0.22701,60,2016-05-05,87,607.0,0.71144,train
2016-02-09,bpi_value,297.0,5.69373,298.0,295.0,289.0,282.0,287.0,312.0,360.0,420.0,433.0,589.0,289.57,6.57,301.93,19.42,365.73,66.89,410.93,72.1,505.7,148.6,-0.00336,0.03425,-0.19237,-0.37701,207.0,207.0,211.0,255.0,262.0,316.0,188.0,190.0,219.0,0.63507,0.77246,0.98112,0.19338,60,2016-05-06,87,591.0,0.68808,train
2016-02-10,bpi_value,301.0,5.70711,297.0,298.0,295.0,284.0,282.0,303.0,346.0,411.0,445.0,575.0,292.29,6.8,298.71,15.1,360.93,66.2,406.37,70.21,500.99,148.3,0.01338,0.0652,-0.13933,-0.39096,208.0,207.0,217.0,250.0,255.0,304.0,186.0,188.0,216.0,0.64826,0.76142,0.9872,0.15951,60,2016-05-09,89,584.0,0.66279,train
2016-02-11,bpi_value,312.0,5.743,301.0,297.0,298.0,289.0,282.0,293.0,334.0,399.0,457.0,555.0,296.57,8.26,297.14,12.22,356.1,64.27,402.32,68.51,496.54,147.9,0.03589,0.1011,-0.06814,-0.38168,206.0,208.0,217.0,247.0,250.0,299.0,184.0,186.0,212.0,0.66126,0.75015,0.9921,0.12546,60,2016-05-10,89,581.0,0.62175,train
2016-02-12,bpi_value,324.0,5.78074,312.0,301.0,297.0,295.0,284.0,287.0,325.0,388.0,462.0,534.0,302.29,10.98,297.07,12.06,351.5,61.4,398.82,67.04,492.32,147.34,0.03774,0.13177,-0.00308,-0.35482,199.0,206.0,209.0,244.0,247.0,289.0,183.0,184.0,203.0,0.67407,0.73867,0.99583,0.09126,60,2016-05-11,89,583.0,0.58744,train
2016-02-15,bpi_value,334.0,5.81114,324.0,312.0,301.0,298.0,289.0,282.0,312.0,381.0,464.0,514.0,308.71,14.06,298.64,14.98,347.17,57.79,395.82,65.84,488.24,146.58,0.0304,0.14471,0.06814,-0.32874,204.0,199.0,208.0,243.0,244.0,280.0,183.0,183.0,197.0,0.71128,0.70291,0.99993,-0.01183,60,2016-05-12,87,589.0,0.56729,train
2016-02-16,bpi_value,346.0,5.84644,334.0,324.0,312.0,297.0,295.0,282.0,303.0,375.0,466.0,500.0,316.0,17.78,301.71,19.33,343.17,53.41,393.25,64.72,484.32,145.61,0.0353,0.15946,0.13271,-0.29775,223.0,204.0,212.0,247.0,243.0,271.0,184.0,183.0,194.0,0.72326,0.69057,0.99893,-0.04622,60,2016-05-13,87,597.0,0.54548,train
2016-02-17,bpi_value,357.0,5.87774,346.0,334.0,324.0,301.0,298.0,284.0,293.0,369.0,464.0,487.0,324.43,20.95,306.29,23.79,339.6,48.58,391.08,63.71,480.51,144.4,0.0313,0.18064,0.19756,-0.26215,223.0,223.0,207.0,252.0,247.0,262.0,186.0,184.0,190.0,0.73503,0.67803,0.99675,-0.08055,60,2016-05-16,89,598.0,0.51585,train
2016-02-18,bpi_value,358.0,5.88053,357.0,346.0,334.0,312.0,297.0,289.0,287.0,360.0,450.0,477.0,333.14,20.41,311.36,26.54,336.53,44.22,389.1,62.85,476.61,142.91,0.0028,0.1868,0.22105,-0.22871,220.0,223.0,207.0,259.0,252.0,255.0,193.0,186.0,188.0,0.74659,0.66529,0.99339,-0.11479,60,2016-05-17,89,604.0,0.52304,train
2016-02-19,bpi_value,355.0,5.87212,358.0,357.0,346.0,324.0,301.0,295.0,282.0,346.0,434.0,468.0,340.86,16.67,316.57,27.42,333.9,40.54,387.22,62.15,472.38,140.79,-0.00842,0.16501,0.23021,-0.20093,207.0,220.0,208.0,270.0,259.0,250.0,198.0,193.0,186.0,0.75792,0.65235,0.98885,-0.14889,60,2016-05-18,89,611.0,0.54298,train
2016-02-22,bpi_value,350.0,5.85793,355.0,358.0,357.0,334.0,312.0,298.0,282.0,334.0,420.0,463.0,346.29,11.89,321.43,26.88,331.57,37.41,385.33,61.53,467.81,137.99,-0.01418,0.11493,0.21603,-0.18232,197.0,207.0,206.0,286.0,270.0,247.0,200.0,198.0,184.0,0.79056,0.61238,0.96825,-0.24998,60,2016-05-19,87,617.0,0.56694,train
2016-02-23,bpi_value,346.0,5.84644,350.0,355.0,358.0,346.0,324.0,297.0,284.0,325.0,411.0,461.0,349.43,7.78,325.86,25.42,329.4,34.52,383.42,60.94,463.12,134.85,-0.01149,0.0657,0.19746,-0.17215,189.0,197.0,199.0,298.0,286.0,244.0,203.0,200.0,183.0,0.80098,0.59869,0.95908,-0.28314,60,2016-05-20,87,614.0,0.57356,train
2016-02-24,bpi_value,346.0,5.84644,346.0,350.0,355.0,357.0,334.0,301.0,289.0,312.0,399.0,460.0,351.14,5.03,329.93,23.7,327.63,32.19,381.52,60.29,458.41,131.4,0.0,0.0353,0.18001,-0.14252,186.0,189.0,204.0,310.0,298.0,243.0,206.0,203.0,183.0,0.81116,0.58482,0.94877,-0.31596,60,2016-05-23,89,611.0,0.56866,train
2016-02-25,bpi_value,346.0,5.84644,346.0,346.0,350.0,358.0,346.0,312.0,295.0,303.0,388.0,463.0,351.14,5.03,333.57,21.9,326.23,30.39,379.57,59.51,453.8,127.94,0.0,0.0,0.15946,-0.11457,182.0,186.0,223.0,321.0,310.0,247.0,209.0,206.0,184.0,0.8211,0.57078,0.93734,-0.34841,60,2016-05-24,89,608.0,0.56374,train
2016-02-26,bpi_value,352.0,5.86363,346.0,346.0,346.0,355.0,357.0,324.0,298.0,293.0,381.0,459.0,350.43,4.47,337.43,19.96,325.27,29.07,377.78,58.7,449.47,124.67,0.01719,-0.0141,0.16654,-0.07917,177.0,182.0,223.0,328.0,321.0,252.0,212.0,209.0,186.0,0.8308,0.55658,0.9248,-0.38045,60,2016-05-25,89,596.0,0.52661,train
2016-02-29,bpi_value,354.0,5.8693,352.0,346.0,346.0,350.0,358.0,334.0,297.0,287.0,375.0,456.0,349.86,3.64,341.5,16.88,324.57,28.1,376.08,57.88,445.38,121.66,0.00567,-0.01124,0.17556,-0.05763,174.0,177.0,220.0,333.0,328.0,259.0,214.0,212.0,193.0,0.8584,0.51298,0.88068,-0.47371,60,2016-05-26,87,586.0,0.50402,train
2016-03-01,bpi_value,357.0,5.87774,354.0,352.0,346.0,346.0,355.0,346.0,301.0,282.0,369.0,453.0,350.14,4.09,345.5,12.99,324.17,27.54,374.48,57.06,441.46,118.72,0.00844,0.00562,0.17063,-0.03306,174.0,174.0,207.0,339.0,333.0,270.0,217.0,214.0,198.0,0.8671,0.49814,0.86387,-0.50372,60,2016-05-27,87,582.0,0.48873,train
2016-03-02,bpi_value,364.0,5.89715,357.0,354.0,352.0,346.0,350.0,357.0,312.0,282.0,360.0,450.0,352.14,6.33,349.21,9.97,324.3,27.73,373.05,56.22,437.71,115.76,0.01942,0.03922,0.15415,0.01105,171.0,174.0,197.0,345.0,339.0,286.0,220.0,217.0,200.0,0.87554,0.48315,0.84603,-0.53314,60,2016-05-31,90,574.0,0.45548,train
2016-03-03,bpi_value,374.0,5.92426,364.0,357.0,354.0,346.0,346.0,358.0,324.0,284.0,346.0,446.0,356.14,9.33,352.79,9.22,325.23,28.89,371.85,55.41,434.17,112.73,0.0271,0.07782,0.14351,0.07782,166.0,171.0,189.0,350.0,345.0,298.0,227.0,220.0,203.0,0.88372,0.46802,0.82719,-0.56192,60,2016-06-01,90,568.0,0.41787,train
2016-03-04,bpi_value,386.0,5.95584,374.0,364.0,357.0,352.0,346.0,355.0,334.0,289.0,334.0,438.0,361.86,12.92,356.5,11.17,326.97,30.85,370.98,54.77,430.84,109.65,0.03158,0.1094,0.1447,0.1447,164.0,166.0,186.0,363.0,350.0,310.0,232.0,227.0,206.0,0.89164,0.45274,0.80737,-0.59004,60,2016-06-02,90,560.0,0.3721,train
2016-03-07,bpi_value,397.0,5.98394,386.0,374.0,364.0,354.0,346.0,350.0,346.0,295.0,325.0,433.0,369.14,15.95,360.14,14.86,329.37,33.31,370.38,54.28,427.67,106.39,0.0281,0.1375,0.1375,0.20011,161.0,164.0,182.0,371.0,363.0,321.0,237.0,232.0,209.0,0.91381,0.40615,0.74228,-0.67009,60,2016-06-03,88,550.0,0.32598,train
2016-03-08,bpi_value,422.0,6.04501,397.0,386.0,374.0,357.0,352.0,346.0,357.0,298.0,312.0,426.0,379.14,22.62,364.79,21.72,333.03,37.04,370.32,54.22,424.79,102.95,0.06107,0.18137,0.16727,0.302,180.0,161.0,177.0,377.0,371.0,328.0,240.0,237.0,212.0,0.92066,0.39037,0.71879,-0.69523,60,2016-06-06,90,544.0,0.25394,train
2016-03-09,bpi_value,447.0,6.10256,422.0,397.0,386.0,364.0,354.0,346.0,358.0,297.0,303.0,420.0,392.43,30.04,371.14,30.18,337.83,41.86,370.77,54.74,422.13,99.19,0.05755,0.23326,0.22203,0.38883,178.0,180.0,174.0,386.0,377.0,333.0,243.0,240.0,214.0,0.92724,0.37447,0.69445,-0.71954,60,2016-06-07,90,542.0,0.19271,train
2016-03-10,bpi_value,466.0,6.14419,447.0,422.0,397.0,374.0,357.0,346.0,355.0,301.0,293.0,412.0,408.0,35.41,379.07,38.37,343.6,46.9,371.67,55.84,419.68,95.26,0.04163,0.26645,0.27207,0.46401,178.0,178.0,174.0,399.0,386.0,339.0,246.0,243.0,217.0,0.93354,0.35847,0.66929,-0.743,60,2016-06-08,90,540.0,0.14738,train
2016-03-11,bpi_value,477.0,6.16752,466.0,447.0,422.0,386.0,364.0,352.0,350.0,312.0,287.0,408.0,424.14,37.38,388.14,44.88,349.93,51.43,372.82,57.27,417.4,91.33,0.02333,0.27036,0.30958,0.50803,176.0,178.0,171.0,412.0,399.0,345.0,249.0,246.0,220.0,0.93957,0.34236,0.64334,-0.76558,60,2016-06-09,90,543.0,0.12959,train
2016-03-14,bpi_value,481.0,6.17587,477.0,466.0,447.0,397.0,374.0,354.0,346.0,324.0,282.0,410.0,439.43,35.58,397.79,49.1,356.57,54.96,374.0,58.74,415.24,87.43,0.00835,0.25161,0.32943,0.53396,179.0,176.0,166.0,420.0,412.0,350.0,252.0,249.0,227.0,0.95598,0.29343,0.56103,-0.82779,60,2016-06-10,88,543.0,0.12124,train
2016-03-15,bpi_value,481.0,6.17587,481.0,477.0,466.0,422.0,386.0,357.0,346.0,334.0,282.0,410.0,453.0,30.35,407.43,51.19,363.2,57.51,375.18,60.15,413.2,83.64,0.0,0.22003,0.32943,0.53396,186.0,179.0,164.0,427.0,420.0,363.0,255.0,252.0,232.0,0.96089,0.27695,0.53223,-0.8466,60,2016-06-13,90,542.0,0.1194,train
2016-03-16,bpi_value,474.0,6.16121,481.0,481.0,477.0,447.0,397.0,364.0,346.0,346.0,284.0,411.0,464.0,20.37,416.57,50.83,369.53,58.88,376.23,61.31,411.21,79.96,-0.01466,0.17727,0.31477,0.51223,172.0,186.0,161.0,432.0,427.0,371.0,257.0,255.0,237.0,0.96551,0.26038,0.50279,-0.86441,60,2016-06-14,90,543.0,0.1359,train
2016-03-17,bpi_value,467.0,6.14633,474.0,481.0,481.0,466.0,422.0,374.0,352.0,357.0,289.0,415.0,470.43,11.08,424.79,48.99,375.47,59.43,377.1,62.21,409.33,76.57,-0.01488,0.10132,0.2827,0.4799,178.0,172.0,180.0,439.0,432.0,377.0,258.0,257.0,240.0,0.96984,0.24373,0.47276,-0.88119,60,2016-06-15,90,545.0,0.15446,train
2016-03-18,bpi_value,463.0,6.13773,467.0,474.0,481.0,477.0,447.0,386.0,354.0,358.0,295.0,421.0,472.71,6.86,432.57,45.68,381.07,59.5,377.8,62.93,407.61,73.54,-0.0086,0.03517,0.26843,0.45075,197.0,178.0,178.0,445.0,439.0,386.0,260.0,258.0,243.0,0.97389,0.22701,0.44217,-0.89693,60,2016-06-16,90,545.0,0.16306,train
2016-03-21,bpi_value,459.0,6.12905,463.0,467.0,474.0,481.0,466.0,397.0,357.0,355.0,298.0,426.0,471.71,8.15,439.86,40.93,386.43,59.03,378.35,63.49,406.01,70.79,-0.00868,-0.01514,0.25131,0.43196,197.0,197.0,178.0,449.0,445.0,399.0,262.0,260.0,246.0,0.98431,0.17647,0.3474,-0.93772,60,2016-06-17,88,546.0,0.17357,train
2016-03-22,bpi_value,455.0,6.1203,459.0,463.0,467.0,481.0,477.0,422.0,364.0,350.0,297.0,433.0,468.57,9.62,446.36,35.19,391.7,57.85,378.72,63.87,404.52,68.29,-0.00875,-0.04722,0.22314,0.42657,186.0,197.0,176.0,460.0,449.0,412.0,264.0,262.0,249.0,0.9872,0.15951,0.31494,-0.94911,60,2016-06-20,90,546.0,0.18232,train
2016-03-23,bpi_value,458.0,6.12687,455.0,459.0,463.0,474.0,481.0,447.0,374.0,346.0,301.0,445.0,465.29,8.7,452.36,28.95,396.93,56.49,378.93,64.11,403.22,66.11,0.00657,-0.049,0.20261,0.41976,196.0,186.0,179.0,464.0,460.0,420.0,266.0,264.0,252.0,0.98979,0.14251,0.28211,-0.95938,60,2016-06-21,90,548.0,0.17941,train
2016-03-24,bpi_value,466.0,6.14419,458.0,455.0,459.0,467.0,481.0,466.0,386.0,346.0,312.0,457.0,463.14,5.99,458.07,22.45,402.07,55.53,379.08,64.31,402.23,64.48,0.01732,-0.03168,0.18835,0.40118,203.0,196.0,186.0,468.0,464.0,427.0,268.0,266.0,255.0,0.9921,0.12546,0.24894,-0.96852,60,2016-06-22,90,556.0,0.17658,train
2016-03-29,bpi_value,471.0,6.15486,466.0,458.0,455.0,463.0,474.0,477.0,397.0,346.0,324.0,462.0,462.71,5.26,463.36,14.89,406.97,54.91,379.23,64.51,401.53,63.37,0.01067,-0.00635,0.17092,0.37411,207.0,203.0,172.0,473.0,468.0,432.0,270.0,268.0,257.0,0.99921,0.03977,0.07948,-0.99684,60,2016-06-23,86,569.0,0.18902,train
2016-03-30,bpi_value,484.0,6.18208,471.0,466.0,458.0,459.0,467.0,481.0,422.0,352.0,334.0,464.0,465.14,9.16,467.79,10.5,411.97,54.87,379.57,65.0,401.2,62.86,0.02723,0.03576,0.13708,0.37094,210.0,207.0,178.0,474.0,473.0,439.0,271.0,270.0,258.0,0.99975,0.02258,0.04514,-0.99898,60,2016-06-24,86,585.0,0.18953,train
2016-03-31,bpi_value,501.0,6.21661,484.0,471.0,466.0,455.0,463.0,481.0,447.0,354.0,346.0,466.0,470.57,15.41,471.64,11.97,417.13,55.7,380.15,65.92,401.21,62.88,0.03452,0.07888,0.11405,0.37017,270.0,210.0,197.0,475.0,474.0,445.0,272.0,271.0,260.0,0.99999,0.00538,0.01075,-0.99994,60,2016-06-27,88,601.0,0.18199,train
2016-04-01,bpi_value,535.0,6.28227,501.0,484.0,471.0,458.0,459.0,474.0,466.0,357.0,357.0,464.0,481.43,26.33,476.57,20.09,423.07,58.4,381.33,68.02,401.74,63.8,0.06566,0.15322,0.13808,0.40453,345.0,270.0,197.0,476.0,475.0,449.0,272.0,272.0,262.0,0.99993,-0.01183,-0.02365,-0.99972,60,2016-06-28,88,618.0,0.14422,train
2016-04-04,bpi_value,563.0,6.33328,535.0,501.0,484.0,466.0,455.0,467.0,477.0,364.0,358.0,450.0,496.86,36.14,482.71,29.99,429.9,62.25,383.22,71.38,402.7,65.54,0.05101,0.21298,0.16576,0.45275,424.0,345.0,186.0,476.0,476.0,460.0,274.0,272.0,264.0,0.99799,-0.06339,-0.12653,-0.99196,60,2016-06-29,86,634.0,0.11877,train
2016-04-05,bpi_value,596.0,6.39024,563.0,535.0,501.0,471.0,458.0,463.0,481.0,374.0,355.0,434.0,516.57,45.89,490.93,41.81,437.93,67.4,385.92,76.15,404.12,68.27,0.05696,0.26337,0.21437,0.51812,466.0,424.0,196.0,479.0,476.0,464.0,275.0,274.0,266.0,0.99675,-0.08055,-0.16057,-0.98702,60,2016-06-30,86,662.0,0.10502,train
2016-04-06,bpi_value,619.0,6.42811,596.0,563.0,535.0,484.0,466.0,459.0,481.0,386.0,350.0,420.0,538.43,52.55,500.79,53.06,446.9,72.79,389.23,81.69,405.86,71.64,0.03786,0.28392,0.25224,0.57017,477.0,466.0,203.0,479.0,479.0,468.0,278.0,275.0,268.0,0.99522,-0.09768,-0.19443,-0.98092,60,2016-07-01,86,691.0,0.11003,train
2016-04-07,bpi_value,627.0,6.44095,619.0,596.0,563.0,501.0,471.0,455.0,474.0,397.0,346.0,411.0,560.71,52.31,511.71,61.51,456.27,77.15,392.83,87.15,407.7,75.09,0.01284,0.28609,0.27974,0.59451,562.0,477.0,207.0,482.0,479.0,473.0,280.0,278.0,270.0,0.99339,-0.11479,-0.22806,-0.97365,60,2016-07-04,88,710.0,0.12432,train
2016-04-08,bpi_value,643.0,6.46614,627.0,619.0,596.0,535.0,484.0,458.0,467.0,422.0,346.0,399.0,583.43,48.44,524.29,68.65,466.17,81.31,396.9,92.85,409.73,78.86,0.0252,0.28406,0.31982,0.61971,656.0,562.0,210.0,485.0,482.0,474.0,286.0,280.0,271.0,0.99127,-0.13186,-0.26141,-0.96523,60,2016-07-05,88,735.0,0.13373,train
2016-04-11,bpi_value,654.0,6.48311,643.0,627.0,619.0,563.0,501.0,466.0,463.0,447.0,346.0,388.0,605.29,40.12,537.93,73.9,476.43,84.85,401.33,98.5,411.86,82.74,0.01696,0.2665,0.34538,0.63667,733.0,656.0,270.0,488.0,485.0,475.0,288.0,286.0,272.0,0.98315,-0.18282,-0.35947,-0.93316,60,2016-07-06,86,755.0,0.14361,train
2016-04-12,bpi_value,666.0,6.50129,654.0,643.0,627.0,596.0,535.0,471.0,459.0,466.0,352.0,381.0,624.0,32.87,552.71,77.26,486.9,88.16,406.08,104.12,414.16,86.8,0.01818,0.21902,0.37224,0.63766,744.0,733.0,345.0,492.0,488.0,476.0,290.0,288.0,272.0,0.97986,-0.1997,-0.39136,-0.92024,60,2016-07-07,86,779.0,0.15672,train
2016-04-13,bpi_value,678.0,6.51915,666.0,654.0,643.0,619.0,563.0,484.0,455.0,477.0,354.0,375.0,640.43,26.38,568.64,78.45,497.7,91.02,411.13,109.68,416.62,91.01,0.01786,0.18587,0.39885,0.64985,744.0,744.0,424.0,498.0,492.0,476.0,296.0,290.0,274.0,0.97628,-0.21653,-0.42278,-0.90623,60,2016-07-08,86,792.0,0.15541,train
2016-04-14,bpi_value,700.0,6.55108,678.0,666.0,654.0,627.0,596.0,501.0,458.0,481.0,357.0,369.0,655.29,26.46,585.93,78.82,509.13,94.12,416.65,115.59,419.37,95.67,0.03193,0.16084,0.42421,0.67334,831.0,744.0,466.0,506.0,498.0,479.0,309.0,296.0,275.0,0.97241,-0.23329,-0.4537,-0.89115,60,2016-07-11,88,799.0,0.13228,train
2016-04-15,bpi_value,727.0,6.58893,700.0,678.0,666.0,643.0,619.0,535.0,466.0,481.0,364.0,360.0,670.71,31.76,604.57,79.12,521.23,97.94,422.77,121.97,422.44,100.91,0.03785,0.16082,0.44474,0.69177,949.0,831.0,477.0,514.0,506.0,479.0,321.0,309.0,278.0,0.96825,-0.24998,-0.48409,-0.87502,60,2016-07-12,88,809.0,0.10687,train
2016-04-18,bpi_value,740.0,6.60665,727.0,700.0,678.0,654.0,627.0,563.0,471.0,474.0,374.0,346.0,686.86,34.07,623.79,76.98,533.43,101.56,429.33,128.11,425.71,106.24,0.01772,0.1657,0.45179,0.68239,1030.0,949.0,562.0,525.0,514.0,482.0,328.0,321.0,280.0,0.95407,-0.29959,-0.57167,-0.82049,60,2016-07-13,86,819.0,0.10143,train
2016-04-19,bpi_value,746.0,6.61473,740.0,727.0,700.0,666.0,643.0,596.0,484.0,467.0,386.0,334.0,701.57,34.19,642.5,72.44,545.43,104.66,436.2,133.73,429.13,111.42,0.00808,0.14858,0.43264,0.65889,1065.0,1030.0,656.0,529.0,525.0,485.0,334.0,328.0,286.0,0.94877,-0.31596,-0.59955,-0.80034,60,2016-07-14,86,842.0,0.12105,train
2016-04-20,bpi_value,747.0,6.61607,746.0,740.0,727.0,678.0,654.0,619.0,501.0,463.0,397.0,325.0,714.86,31.05,660.07,65.49,557.1,106.94,443.23,138.7,432.62,116.29,0.00134,0.13296,0.39946,0.63213,1022.0,1065.0,733.0,534.0,529.0,488.0,342.0,334.0,288.0,0.9432,-0.33224,-0.62673,-0.77924,60,2016-07-15,86,863.0,0.14435,train
2016-04-21,bpi_value,743.0,6.6107,747.0,746.0,740.0,700.0,666.0,627.0,535.0,459.0,422.0,312.0,725.86,24.8,674.93,58.67,567.8,108.93,450.42,142.82,436.14,120.75,-0.00537,0.10941,0.32843,0.56569,1004.0,1022.0,744.0,543.0,534.0,492.0,348.0,342.0,290.0,0.93734,-0.34841,-0.65316,-0.75722,60,2016-07-18,88,874.0,0.16238,train
2016-04-22,bpi_value,736.0,6.60123,743.0,747.0,746.0,727.0,678.0,643.0,563.0,455.0,447.0,303.0,734.14,15.3,687.29,51.58,577.43,110.59,457.63,146.09,439.66,124.76,-0.00947,0.08208,0.26795,0.49867,1085.0,1004.0,744.0,551.0,543.0,498.0,354.0,348.0,296.0,0.93121,-0.36448,-0.67882,-0.7343,60,2016-07-19,88,879.0,0.17755,train
2016-04-25,bpi_value,727.0,6.58893,736.0,743.0,747.0,740.0,700.0,654.0,596.0,458.0,466.0,293.0,738.0,7.75,696.64,45.72,586.13,111.74,464.87,148.49,443.16,128.3,-0.0123,0.03785,0.19869,0.44474,1087.0,1085.0,831.0,558.0,551.0,506.0,356.0,354.0,309.0,0.91117,-0.41203,-0.75086,-0.66046,60,2016-07-20,86,872.0,0.18186,train
2016-04-26,bpi_value,718.0,6.57647,727.0,736.0,743.0,746.0,727.0,666.0,619.0,466.0,477.0,287.0,736.71,9.91,703.71,40.53,594.17,112.27,472.05,150.12,446.6,131.44,-0.01246,-0.01246,0.14836,0.40895,1135.0,1087.0,949.0,562.0,558.0,514.0,358.0,356.0,321.0,0.90395,-0.42765,-0.77314,-0.63424,60,2016-07-21,86,850.0,0.16877,train
2016-04-27,bpi_value,704.0,6.55678,718.0,727.0,736.0,747.0,740.0,678.0,627.0,471.0,481.0,282.0,731.57,14.94,709.21,34.52,601.6,111.91,479.08,150.94,449.87,134.11,-0.01969,-0.04987,0.11583,0.38091,1160.0,1135.0,1030.0,564.0,562.0,525.0,362.0,358.0,328.0,0.89646,-0.44313,-0.7945,-0.60727,60,2016-07-22,86,827.0,0.16103,train
2016-04-28,bpi_value,685.0,6.52942,704.0,718.0,727.0,743.0,746.0,700.0,643.0,484.0,481.0,282.0,722.86,20.67,712.21,30.19,608.4,110.57,485.8,150.99,452.92,136.29,-0.02736,-0.08531,0.06327,0.35355,1137.0,1160.0,1065.0,573.0,564.0,529.0,365.0,362.0,334.0,0.8887,-0.45849,-0.81492,-0.57958,60,2016-07-25,88,806.0,0.16266,train
2016-04-29,bpi_value,667.0,6.50279,685.0,704.0,718.0,736.0,747.0,727.0,654.0,501.0,474.0,284.0,711.43,25.67,713.14,28.54,614.83,108.15,492.18,150.41,455.77,138.04,-0.02663,-0.11328,0.01968,0.34158,1117.0,1137.0,1022.0,578.0,573.0,534.0,367.0,365.0,342.0,0.88068,-0.47371,-0.83437,-0.5512,60,2016-07-26,88,784.0,0.16162,train
2016-05-03,bpi_value,640.0,6.46147,667.0,685.0,704.0,727.0,743.0,740.0,666.0,535.0,467.0,289.0,696.71,32.08,711.29,32.16,620.6,104.67,498.03,149.22,458.27,139.31,-0.04132,-0.14923,-0.03982,0.31514,1055.0,1117.0,1004.0,582.0,578.0,543.0,368.0,367.0,348.0,0.84603,-0.53314,-0.9021,-0.43153,60,2016-07-27,85,752.0,0.16127,train
2016-05-04,bpi_value,621.0,6.43133,640.0,667.0,685.0,718.0,736.0,746.0,678.0,563.0,463.0,295.0,680.29,36.85,707.21,39.0,625.87,100.5,503.47,147.65,460.49,140.29,-0.03014,-0.1699,-0.08782,0.2936,954.0,1055.0,1085.0,583.0,582.0,551.0,365.0,368.0,354.0,0.83673,-0.54761,-0.91641,-0.40024,60,2016-07-28,85,719.0,0.14653,train
2016-05-05,bpi_value,607.0,6.40853,621.0,640.0,667.0,704.0,727.0,747.0,700.0,596.0,459.0,298.0,663.14,38.98,700.57,46.8,630.8,95.7,508.62,145.77,462.5,141.08,-0.0228,-0.1804,-0.14255,0.27948,915.0,954.0,1087.0,583.0,583.0,558.0,365.0,365.0,356.0,0.82719,-0.56192,-0.92963,-0.36848,60,2016-07-29,85,692.0,0.13106,train
2016-05-06,bpi_value,591.0,6.38182,607.0,621.0,640.0,685.0,718.0,743.0,727.0,619.0,455.0,297.0,645.0,38.78,690.86,53.89,635.33,90.34,513.52,143.5,464.26,141.68,-0.02671,-0.19465,-0.20711,0.26152,892.0,915.0,1135.0,582.0,583.0,562.0,359.0,365.0,358.0,0.8174,-0.57607,-0.94176,-0.33629,60,2016-08-01,87,673.0,0.12993,train
2016-05-09,bpi_value,584.0,6.3699,591.0,607.0,621.0,667.0,704.0,736.0,740.0,627.0,458.0,301.0,627.86,35.27,679.71,58.5,639.53,84.75,518.23,141.07,465.8,142.22,-0.01192,-0.18688,-0.23675,0.24303,837.0,892.0,1160.0,578.0,582.0,564.0,355.0,359.0,362.0,0.7866,-0.61747,-0.9714,-0.23747,60,2016-08-02,85,658.0,0.1193,train
2016-05-10,bpi_value,581.0,6.36475,584.0,591.0,607.0,640.0,685.0,727.0,746.0,643.0,466.0,312.0,613.0,29.51,667.93,60.55,643.37,79.24,522.72,138.7,467.18,142.73,-0.00515,-0.16467,-0.24997,0.22057,752.0,837.0,1137.0,575.0,578.0,573.0,352.0,355.0,365.0,0.77586,-0.63091,-0.97899,-0.20391,60,2016-08-03,85,648.0,0.10914,train
2016-05-11,bpi_value,583.0,6.36819,581.0,584.0,591.0,621.0,667.0,718.0,747.0,654.0,471.0,324.0,601.0,20.94,656.21,59.98,647.1,73.45,527.03,136.46,468.52,143.24,0.00344,-0.1346,-0.24788,0.21333,713.0,752.0,1117.0,567.0,575.0,578.0,349.0,352.0,367.0,0.76489,-0.64416,-0.98542,-0.17012,60,2016-08-04,85,641.0,0.09484,train
2016-05-12,bpi_value,589.0,6.37843,583.0,581.0,584.0,607.0,640.0,704.0,743.0,666.0,484.0,334.0,593.71,13.74,645.21,57.11,650.6,67.89,531.28,134.34,469.91,143.8,0.01024,-0.08304,-0.23227,0.19634,724.0,713.0,1055.0,560.0,567.0,582.0,347.0,349.0,368.0,0.7537,-0.65722,-0.99069,-0.13612,60,2016-08-05,85,640.0,0.08304,train
2016-05-13,bpi_value,597.0,6.39192,589.0,583.0,581.0,591.0,621.0,685.0,736.0,678.0,501.0,346.0,590.29,8.5,635.29,52.34,653.8,62.84,535.47,132.4,471.37,144.41,0.01349,-0.03941,-0.20931,0.17531,798.0,724.0,954.0,555.0,560.0,583.0,347.0,347.0,365.0,0.74228,-0.67009,-0.99479,-0.10196,60,2016-08-08,87,638.0,0.06642,train
2016-05-16,bpi_value,598.0,6.39359,597.0,589.0,583.0,584.0,607.0,667.0,727.0,700.0,535.0,357.0,589.0,6.26,626.07,46.41,655.9,59.81,539.48,130.56,472.86,145.02,0.00167,-0.01494,-0.19534,0.11132,854.0,798.0,915.0,553.0,555.0,583.0,347.0,347.0,365.0,0.70673,-0.70749,-1.0,0.00108,60,2016-08-09,85,642.0,0.071,train
2016-05-17,bpi_value,604.0,6.40357,598.0,597.0,589.0,581.0,591.0,640.0,718.0,727.0,563.0,358.0,590.86,8.2,617.93,38.97,657.27,58.12,543.58,128.65,474.57,145.64,0.00998,0.02176,-0.1729,0.07029,988.0,854.0,892.0,552.0,553.0,582.0,345.0,347.0,359.0,0.69445,-0.71954,-0.99937,0.03547,60,2016-08-10,85,659.0,0.08715,train
2016-05-18,bpi_value,611.0,6.4151,604.0,598.0,597.0,583.0,584.0,621.0,704.0,740.0,596.0,355.0,594.71,10.18,611.29,30.8,657.77,57.65,547.85,126.55,476.53,146.28,0.01152,0.0452,-0.14168,0.02486,954.0,988.0,837.0,552.0,552.0,578.0,342.0,345.0,355.0,0.68197,-0.73138,-0.99756,0.06983,60,2016-08-11,85,687.0,0.11724,train
2016-05-19,bpi_value,617.0,6.42487,611.0,604.0,598.0,589.0,581.0,607.0,685.0,746.0,619.0,350.0,599.86,11.01,606.43,23.22,657.7,57.7,552.3,124.19,478.72,146.89,0.00977,0.06012,-0.10455,-0.00324,906.0,954.0,752.0,553.0,552.0,575.0,342.0,342.0,352.0,0.66929,-0.743,-0.99457,0.1041,60,2016-08-12,85,703.0,0.13049,train
2016-05-20,bpi_value,614.0,6.41999,617.0,611.0,604.0,597.0,583.0,591.0,667.0,747.0,627.0,346.0,604.29,9.47,602.64,16.33,657.27,57.98,556.77,121.48,480.98,147.39,-0.00487,0.05181,-0.0828,-0.02095,870.0,906.0,713.0,558.0,553.0,567.0,343.0,342.0,349.0,0.65641,-0.7544,-0.9904,0.13825,60,2016-08-15,87,713.0,0.14949,train
2016-05-23,bpi_value,611.0,6.4151,614.0,617.0,611.0,598.0,589.0,584.0,640.0,743.0,643.0,346.0,607.43,7.27,600.57,12.95,656.2,58.52,561.18,118.52,483.33,147.75,-0.0049,0.03667,-0.04637,-0.05105,870.0,870.0,724.0,562.0,558.0,560.0,344.0,343.0,347.0,0.61662,-0.78726,-0.97088,0.23956,60,2016-08-16,85,721.0,0.16554,train
2016-05-24,bpi_value,608.0,6.41017,611.0,614.0,617.0,604.0,597.0,581.0,621.0,736.0,654.0,346.0,609.0,5.9,599.64,11.88,654.67,59.16,565.55,115.29,485.78,147.97,-0.00492,0.01826,-0.02116,-0.07293,848.0,870.0,798.0,565.0,562.0,555.0,345.0,344.0,347.0,0.60299,-0.79775,-0.96207,0.27281,60,2016-08-17,85,726.0,0.17738,train
2016-05-25,bpi_value,596.0,6.39024,608.0,611.0,614.0,611.0,598.0,583.0,607.0,727.0,666.0,352.0,608.71,6.45,598.86,11.73,652.33,60.04,569.62,111.94,488.17,148.0,-0.01993,-0.00335,-0.01829,-0.11105,799.0,848.0,854.0,568.0,565.0,553.0,346.0,345.0,347.0,0.58918,-0.808,-0.95211,0.30574,60,2016-08-18,85,727.0,0.19869,train
2016-05-26,bpi_value,586.0,6.37332,596.0,608.0,611.0,617.0,604.0,589.0,591.0,718.0,678.0,354.0,606.14,10.27,598.5,12.03,649.27,60.99,573.48,108.38,490.51,147.86,-0.01692,-0.03025,-0.0085,-0.14583,793.0,799.0,988.0,571.0,568.0,552.0,347.0,346.0,345.0,0.57519,-0.81802,-0.94103,0.33831,60,2016-08-19,85,727.0,0.21561,train
2016-05-27,bpi_value,582.0,6.36647,586.0,596.0,608.0,614.0,611.0,597.0,584.0,704.0,700.0,357.0,602.0,12.97,598.36,12.22,645.33,61.4,577.23,104.65,492.88,147.6,-0.00685,-0.04863,-0.00343,-0.18461,830.0,793.0,954.0,575.0,571.0,552.0,347.0,347.0,342.0,0.56103,-0.82779,-0.92884,0.37048,60,2016-08-22,87,721.0,0.21417,train
2016-05-31,bpi_value,574.0,6.35263,582.0,586.0,596.0,611.0,617.0,598.0,581.0,685.0,727.0,364.0,595.86,14.51,597.86,13.03,640.23,60.75,580.73,100.9,495.26,147.16,-0.01384,-0.07224,-0.01212,-0.2363,854.0,830.0,906.0,579.0,575.0,553.0,351.0,347.0,342.0,0.50279,-0.86441,-0.86923,0.4944,60,2016-08-23,84,714.0,0.21825,train
2016-06-01,bpi_value,568.0,6.34212,574.0,582.0,586.0,608.0,614.0,604.0,583.0,667.0,740.0,374.0,589.29,15.2,596.79,14.72,634.5,59.16,583.97,97.27,497.72,146.5,-0.01051,-0.07787,-0.02607,-0.26453,861.0,854.0,870.0,580.0,579.0,558.0,355.0,351.0,343.0,0.48785,-0.87293,-0.85171,0.52401,60,2016-08-24,84,706.0,0.21749,train
2016-06-02,bpi_value,560.0,6.32794,568.0,574.0,582.0,596.0,611.0,611.0,589.0,640.0,746.0,386.0,582.0,15.27,594.71,17.45,628.3,56.85,586.87,93.86,500.23,145.61,-0.01418,-0.08716,-0.05049,-0.28679,854.0,861.0,870.0,578.0,580.0,562.0,354.0,355.0,344.0,0.47276,-0.88119,-0.83318,0.553,60,2016-08-25,84,700.0,0.22314,train
2016-06-03,bpi_value,550.0,6.30992,560.0,568.0,574.0,586.0,608.0,617.0,597.0,621.0,747.0,397.0,573.71,14.64,591.36,20.88,621.73,54.07,589.42,90.69,502.73,144.5,-0.01802,-0.10026,-0.082,-0.30615,913.0,854.0,848.0,575.0,578.0,565.0,349.0,354.0,345.0,0.45753,-0.88919,-0.81367,0.58133,60,2016-08-26,84,687.0,0.22242,train
2016-06-06,bpi_value,544.0,6.29895,550.0,560.0,568.0,582.0,596.0,614.0,598.0,607.0,743.0,422.0,566.29,14.64,587.5,24.04,615.1,50.9,591.45,88.25,505.31,143.14,-0.01097,-0.09129,-0.09464,-0.31175,922.0,913.0,799.0,574.0,575.0,568.0,345.0,349.0,346.0,0.41105,-0.91161,-0.74944,0.66207,60,2016-08-30,85,674.0,0.21428,train
2016-06-07,bpi_value,542.0,6.29527,544.0,550.0,560.0,574.0,586.0,611.0,604.0,591.0,736.0,447.0,560.0,14.26,583.07,26.21,608.63,47.33,593.03,86.48,507.97,141.57,-0.00368,-0.07805,-0.10831,-0.30596,920.0,922.0,793.0,570.0,574.0,571.0,344.0,345.0,347.0,0.39531,-0.91855,-0.72622,0.68746,60,2016-08-31,85,660.0,0.19697,train
2016-06-08,bpi_value,540.0,6.29157,542.0,544.0,550.0,568.0,582.0,608.0,611.0,584.0,727.0,466.0,554.0,12.47,578.0,27.16,602.4,43.49,594.27,85.17,510.71,139.76,-0.0037,-0.0749,-0.12353,-0.29736,973.0,920.0,830.0,567.0,570.0,575.0,338.0,344.0,347.0,0.37945,-0.92521,-0.70215,0.71203,60,2016-09-01,85,652.0,0.18848,train
2016-06-09,bpi_value,543.0,6.29711,540.0,542.0,544.0,560.0,574.0,596.0,617.0,581.0,718.0,477.0,549.57,9.8,572.71,26.24,596.57,39.11,595.37,84.07,513.56,137.77,0.00554,-0.05552,-0.12776,-0.27936,995.0,973.0,854.0,564.0,567.0,579.0,332.0,338.0,351.0,0.36348,-0.9316,-0.67724,0.73576,60,2016-09-02,85,644.0,0.17059,train
2016-06-10,bpi_value,543.0,6.29711,543.0,540.0,542.0,550.0,568.0,586.0,614.0,583.0,704.0,481.0,546.0,6.39,567.64,24.58,591.2,34.81,596.4,83.03,516.46,135.59,0.0,-0.04501,-0.12289,-0.25967,1006.0,995.0,861.0,560.0,564.0,580.0,327.0,332.0,355.0,0.3474,-0.93772,-0.65153,0.75862,60,2016-09-05,87,640.0,0.16436,train
2016-06-13,bpi_value,542.0,6.29527,543.0,543.0,540.0,544.0,560.0,582.0,611.0,589.0,685.0,481.0,543.43,2.92,562.71,22.2,586.43,31.24,597.42,81.98,519.34,133.32,-0.00184,-0.03267,-0.11983,-0.23415,1014.0,1006.0,854.0,557.0,560.0,578.0,322.0,327.0,354.0,0.29857,-0.95439,-0.5699,0.82171,60,2016-09-06,85,641.0,0.16776,train
2016-06-14,bpi_value,543.0,6.29711,542.0,543.0,543.0,542.0,550.0,574.0,608.0,597.0,667.0,474.0,542.43,1.18,558.07,18.77,582.3,28.38,598.57,80.72,522.22,130.98,0.00184,-0.01281,-0.11307,-0.20568,1018.0,1014.0,913.0,554.0,557.0,575.0,317.0,322.0,349.0,0.28211,-0.95938,-0.5413,0.84083,60,2016-09-07,85,648.0,0.17678,train
2016-06-15,bpi_value,545.0,6.30079,543.0,542.0,543.0,540.0,544.0,568.0,596.0,598.0,640.0,467.0,542.57,1.4,554.43,15.77,579.13,27.04,599.87,79.2,525.07,128.64,0.00368,0.00184,-0.08945,-0.16068,1000.0,1018.0,922.0,552.0,554.0,574.0,315.0,317.0,345.0,0.26556,-0.96409,-0.51206,0.85895,60,2016-09-08,85,655.0,0.18385,train
2016-06-16,bpi_value,545.0,6.30079,545.0,543.0,542.0,543.0,542.0,560.0,586.0,604.0,621.0,463.0,543.0,1.6,551.5,13.24,576.6,26.55,601.23,77.52,527.84,126.32,0.0,0.00552,-0.07253,-0.13055,976.0,1000.0,920.0,552.0,552.0,570.0,314.0,315.0,344.0,0.24894,-0.96852,-0.48221,0.87606,60,2016-09-09,85,658.0,0.18842,train
2016-06-17,bpi_value,546.0,6.30262,545.0,545.0,543.0,543.0,540.0,550.0,582.0,611.0,607.0,459.0,543.86,1.36,548.93,10.22,574.57,26.48,602.68,75.63,530.6,123.96,0.00183,0.01105,-0.06385,-0.10591,927.0,976.0,973.0,554.0,552.0,567.0,311.0,314.0,338.0,0.23224,-0.97266,-0.45179,0.89213,60,2016-09-12,87,659.0,0.1881,train
2016-06-20,bpi_value,546.0,6.30262,546.0,545.0,545.0,542.0,543.0,544.0,574.0,617.0,591.0,455.0,544.29,1.48,546.93,7.49,573.07,26.78,604.2,73.54,533.37,121.47,0.0,0.00551,-0.05001,-0.0792,897.0,927.0,995.0,555.0,554.0,564.0,312.0,311.0,332.0,0.18176,-0.98334,-0.35746,0.93393,60,2016-09-13,85,656.0,0.18354,train
2016-06-21,bpi_value,548.0,6.30628,546.0,546.0,545.0,543.0,543.0,542.0,568.0,614.0,584.0,458.0,545.0,1.85,545.5,4.73,571.87,27.07,605.7,71.43,536.11,118.96,0.00366,0.00917,-0.03585,-0.06363,873.0,897.0,1006.0,559.0,555.0,560.0,315.0,312.0,327.0,0.16482,-0.98632,-0.32513,0.94567,60,2016-09-14,85,649.0,0.16916,train
2016-06-22,bpi_value,556.0,6.32077,548.0,546.0,546.0,545.0,542.0,540.0,560.0,611.0,581.0,466.0,547.0,3.93,545.21,3.89,571.03,27.16,607.2,69.4,538.82,116.57,0.01449,0.0255,-0.00717,-0.04398,878.0,873.0,1014.0,563.0,559.0,557.0,318.0,315.0,322.0,0.14783,-0.98901,-0.29241,0.95629,60,2016-09-15,85,645.0,0.14848,train
2016-06-23,bpi_value,569.0,6.34388,556.0,548.0,546.0,545.0,543.0,543.0,550.0,608.0,583.0,471.0,550.71,8.28,546.57,7.22,570.57,27.07,608.83,67.29,541.54,114.37,0.02311,0.04677,0.03396,-0.02431,897.0,878.0,1018.0,570.0,563.0,554.0,322.0,318.0,317.0,0.13079,-0.99141,-0.25934,0.96579,60,2016-09-16,85,646.0,0.12692,train
2016-06-24,bpi_value,585.0,6.37161,569.0,556.0,548.0,546.0,545.0,543.0,544.0,596.0,589.0,484.0,556.43,14.11,549.5,12.19,570.43,26.99,610.52,65.39,544.33,112.31,0.02773,0.07083,0.07266,-0.00681,913.0,897.0,1000.0,577.0,570.0,552.0,329.0,322.0,315.0,0.11372,-0.99351,-0.22596,0.97414,60,2016-09-19,87,650.0,0.10536,train
2016-06-27,bpi_value,601.0,6.39859,585.0,569.0,556.0,546.0,545.0,542.0,542.0,586.0,597.0,501.0,564.43,20.01,553.71,17.78,570.57,27.13,612.18,63.83,547.17,110.48,0.02698,0.09781,0.10333,0.00668,919.0,913.0,976.0,583.0,577.0,552.0,331.0,329.0,314.0,0.06232,-0.99806,-0.12439,0.99223,60,2016-09-20,85,657.0,0.08909,train
2016-06-28,bpi_value,618.0,6.42649,601.0,585.0,569.0,548.0,546.0,543.0,540.0,582.0,598.0,535.0,574.71,25.61,559.29,23.81,571.23,28.02,613.57,63.04,550.07,108.86,0.02789,0.12387,0.13492,0.0329,936.0,919.0,927.0,587.0,583.0,554.0,336.0,331.0,311.0,0.04514,-0.99898,-0.09019,0.99592,60,2016-09-21,85,673.0,0.08526,train
2016-06-29,bpi_value,634.0,6.45205,618.0,601.0,585.0,556.0,546.0,545.0,543.0,574.0,604.0,563.0,587.29,29.7,565.79,30.07,572.23,29.66,614.75,62.74,553.13,107.28,0.02556,0.14943,0.15494,0.04847,955.0,936.0,897.0,593.0,587.0,555.0,338.0,336.0,312.0,0.02795,-0.99961,-0.05588,0.99844,60,2016-09-22,85,700.0,0.09903,train
2016-06-30,bpi_value,662.0,6.49527,634.0,618.0,601.0,569.0,548.0,545.0,543.0,568.0,611.0,596.0,603.57,34.55,574.29,38.16,573.93,33.1,615.85,62.98,556.54,105.8,0.04322,0.18899,0.19816,0.08017,996.0,955.0,873.0,606.0,593.0,559.0,342.0,338.0,315.0,0.01075,-0.99994,-0.0215,0.99977,60,2016-09-23,85,722.0,0.08676,train
2016-07-01,bpi_value,691.0,6.53814,662.0,634.0,618.0,585.0,556.0,546.0,542.0,560.0,617.0,619.0,622.86,39.88,584.93,47.35,576.4,38.53,617.05,63.71,560.33,104.43,0.04287,0.21737,0.24287,0.11327,1030.0,996.0,878.0,619.0,606.0,563.0,344.0,342.0,318.0,-0.00645,-0.99998,0.0129,0.99992,60,2016-09-26,87,739.0,0.06716,train
2016-07-04,bpi_value,710.0,6.56526,691.0,662.0,634.0,601.0,569.0,546.0,543.0,550.0,614.0,627.0,643.0,43.07,596.86,55.6,579.6,44.97,618.43,64.8,564.38,103.09,0.02713,0.22138,0.26816,0.14527,1049.0,1030.0,897.0,627.0,619.0,570.0,347.0,344.0,322.0,-0.05803,-0.99832,0.11586,0.99327,60,2016-09-27,85,750.0,0.05481,train
2016-07-05,bpi_value,735.0,6.59987,710.0,691.0,662.0,618.0,585.0,548.0,545.0,544.0,611.0,643.0,664.43,46.1,610.43,63.86,583.73,52.7,619.97,66.44,568.7,101.99,0.03461,0.22826,0.29908,0.18477,1034.0,1049.0,913.0,633.0,627.0,577.0,349.0,347.0,329.0,-0.07519,-0.99717,0.14995,0.98869,60,2016-09-28,85,751.0,0.02154,train
2016-07-06,bpi_value,755.0,6.62672,735.0,710.0,691.0,634.0,601.0,556.0,545.0,542.0,608.0,654.0,686.43,47.31,625.43,70.99,588.63,60.92,621.65,68.52,573.24,101.08,0.02685,0.22812,0.32593,0.21654,1019.0,1034.0,919.0,637.0,633.0,583.0,349.0,349.0,331.0,-0.09233,-0.99573,0.18387,0.98295,60,2016-09-29,85,741.0,-0.01872,train
2016-07-07,bpi_value,779.0,6.65801,755.0,735.0,710.0,662.0,618.0,569.0,546.0,540.0,596.0,666.0,709.43,47.58,642.07,77.44,594.73,69.86,623.53,71.22,577.99,100.6,0.03129,0.23152,0.35539,0.26777,1008.0,1019.0,936.0,639.0,637.0,587.0,352.0,349.0,336.0,-0.10945,-0.99399,0.21758,0.97604,60,2016-09-30,85,726.0,-0.07046,train
2016-07-08,bpi_value,792.0,6.67456,779.0,755.0,735.0,691.0,634.0,585.0,546.0,543.0,586.0,678.0,732.0,43.77,659.64,81.45,601.6,78.28,625.43,74.11,582.86,100.24,0.01655,0.22251,0.37194,0.30124,1002.0,1008.0,955.0,644.0,639.0,593.0,354.0,352.0,338.0,-0.12653,-0.99196,0.25102,0.96798,60,2016-10-03,87,713.0,-0.10508,train
2016-07-11,bpi_value,799.0,6.68336,792.0,779.0,755.0,710.0,662.0,601.0,548.0,543.0,582.0,700.0,751.57,38.4,677.57,82.52,608.83,85.8,627.08,76.8,587.77,99.88,0.0088,0.1881,0.37709,0.31689,991.0,1002.0,996.0,647.0,644.0,606.0,356.0,354.0,342.0,-0.17753,-0.98412,0.34942,0.93697,60,2016-10-04,85,705.0,-0.12516,train
2016-07-12,bpi_value,809.0,6.6958,799.0,792.0,779.0,735.0,691.0,618.0,556.0,542.0,574.0,727.0,768.43,33.72,695.64,81.62,616.67,92.71,628.45,79.26,592.71,99.7,0.01244,0.15766,0.37503,0.34317,987.0,991.0,1030.0,651.0,647.0,619.0,358.0,356.0,344.0,-0.19443,-0.98092,0.38144,0.92439,60,2016-10-05,85,699.0,-0.14615,train
2016-07-13,bpi_value,819.0,6.70808,809.0,799.0,792.0,755.0,710.0,634.0,569.0,543.0,568.0,740.0,784.0,27.79,713.5,79.27,625.03,99.05,629.77,81.72,597.66,99.76,0.01229,0.14282,0.3642,0.36596,1010.0,987.0,1049.0,666.0,651.0,627.0,360.0,358.0,347.0,-0.21128,-0.97743,0.41301,0.91073,60,2016-10-06,85,704.0,-0.15131,train
2016-07-14,bpi_value,842.0,6.73578,819.0,809.0,799.0,779.0,735.0,662.0,585.0,545.0,560.0,746.0,799.29,26.0,731.86,77.12,634.43,105.6,631.37,84.86,602.72,100.46,0.0277,0.13591,0.36417,0.40784,1020.0,1010.0,1034.0,679.0,666.0,633.0,361.0,360.0,349.0,-0.22806,-0.97365,0.4441,0.89598,60,2016-10-07,85,717.0,-0.1607,train
2016-07-15,bpi_value,863.0,6.76041,842.0,819.0,809.0,792.0,755.0,691.0,601.0,545.0,550.0,747.0,814.71,27.16,750.57,74.85,644.87,112.01,633.3,88.7,607.9,101.73,0.02463,0.1337,0.36182,0.4505,1023.0,1020.0,1019.0,686.0,679.0,637.0,363.0,361.0,349.0,-0.24477,-0.96958,0.47465,0.88017,60,2016-10-10,87,729.0,-0.16874,train
2016-07-18,bpi_value,874.0,6.77308,863.0,842.0,819.0,799.0,779.0,710.0,618.0,546.0,544.0,743.0,828.29,29.56,768.86,71.42,655.87,117.62,635.48,92.89,612.92,103.57,0.01267,0.11507,0.34659,0.47413,1016.0,1023.0,1008.0,693.0,686.0,639.0,366.0,363.0,352.0,-0.29446,-0.95566,0.56281,0.82658,60,2016-10-11,85,745.0,-0.1597,train
2016-07-19,bpi_value,879.0,6.77878,874.0,863.0,842.0,809.0,792.0,735.0,634.0,546.0,542.0,736.0,840.71,29.97,786.36,66.05,667.1,122.22,637.87,97.17,617.72,105.75,0.0057,0.10422,0.32674,0.48352,986.0,1016.0,1002.0,697.0,693.0,644.0,371.0,366.0,354.0,-0.31086,-0.95046,0.59091,0.80674,60,2016-10-12,85,763.0,-0.14153,train
2016-07-20,bpi_value,872.0,6.77079,879.0,874.0,863.0,819.0,799.0,755.0,662.0,548.0,540.0,727.0,851.14,26.1,801.36,59.63,678.17,125.2,640.28,101.09,622.23,107.82,-0.008,0.08743,0.27552,0.47922,937.0,986.0,991.0,700.0,697.0,647.0,376.0,371.0,356.0,-0.32716,-0.94497,0.61831,0.78593,60,2016-10-13,85,790.0,-0.09876,train
2016-07-21,bpi_value,850.0,6.74524,872.0,879.0,874.0,842.0,809.0,779.0,691.0,556.0,543.0,718.0,857.0,19.83,812.71,52.21,688.4,126.28,642.48,104.14,626.38,109.32,-0.02555,0.04944,0.2071,0.44813,906.0,937.0,987.0,702.0,700.0,651.0,379.0,376.0,358.0,-0.34337,-0.9392,0.64498,0.7642,60,2016-10-14,85,819.0,-0.03715,train
2016-07-22,bpi_value,827.0,6.7178,850.0,872.0,879.0,863.0,819.0,792.0,710.0,569.0,543.0,704.0,858.14,17.72,821.07,43.79,697.87,125.67,644.53,106.52,630.22,110.22,-0.02743,0.00972,0.15254,0.4207,895.0,906.0,1010.0,701.0,702.0,666.0,383.0,379.0,360.0,-0.35947,-0.93316,0.67089,0.74156,60,2016-10-17,87,838.0,0.01321,train
2016-07-25,bpi_value,806.0,6.69208,827.0,850.0,872.0,874.0,842.0,799.0,735.0,585.0,542.0,685.0,853.0,25.28,826.14,37.13,706.67,123.67,646.55,108.39,633.83,110.59,-0.02572,-0.0437,0.09221,0.39682,877.0,895.0,1020.0,698.0,701.0,679.0,386.0,383.0,361.0,-0.40713,-0.91337,0.74372,0.66849,60,2016-10-18,85,860.0,0.06485,train
2016-07-26,bpi_value,784.0,6.66441,806.0,827.0,850.0,879.0,863.0,809.0,755.0,601.0,543.0,667.0,841.71,34.31,828.21,33.76,714.7,120.57,648.5,109.79,637.28,110.39,-0.02767,-0.09601,0.03769,0.3673,841.0,877.0,1023.0,697.0,698.0,686.0,390.0,386.0,363.0,-0.42278,-0.90623,0.76627,0.64251,60,2016-10-19,85,885.0,0.12118,train
2016-07-27,bpi_value,752.0,6.62274,784.0,806.0,827.0,872.0,874.0,819.0,779.0,618.0,545.0,640.0,824.29,43.3,826.29,37.12,721.6,116.51,650.37,110.58,640.44,109.54,-0.04167,-0.15034,-0.03527,0.32195,803.0,841.0,1016.0,690.0,697.0,693.0,392.0,390.0,366.0,-0.43831,-0.89883,0.78792,0.61577,60,2016-10-20,85,905.0,0.1852,train
2016-07-28,bpi_value,719.0,6.57786,752.0,784.0,806.0,850.0,879.0,842.0,792.0,634.0,545.0,621.0,801.43,50.08,821.07,45.71,727.4,111.81,652.0,110.85,643.29,108.22,-0.04487,-0.20092,-0.0967,0.27708,780.0,803.0,986.0,684.0,690.0,697.0,396.0,392.0,371.0,-0.4537,-0.89115,0.80864,0.58831,60,2016-10-21,85,915.0,0.24106,train
2016-07-29,bpi_value,692.0,6.53959,719.0,752.0,784.0,827.0,872.0,863.0,799.0,662.0,546.0,607.0,775.71,53.35,813.43,56.44,732.27,106.88,653.42,110.81,645.88,106.55,-0.03828,-0.2312,-0.14377,0.23697,768.0,780.0,937.0,676.0,684.0,700.0,399.0,396.0,376.0,-0.46897,-0.88322,0.8284,0.56014,60,2016-10-24,87,923.0,0.28804,train
2016-08-01,bpi_value,673.0,6.51175,692.0,719.0,752.0,806.0,850.0,874.0,809.0,691.0,546.0,591.0,750.43,54.09,803.71,67.07,736.5,101.81,654.78,110.54,648.3,104.64,-0.02784,-0.23349,-0.18405,0.20913,757.0,768.0,906.0,671.0,676.0,702.0,401.0,399.0,379.0,-0.5139,-0.85785,0.8817,0.47181,60,2016-10-25,85,925.0,0.31805,train
2016-08-02,bpi_value,658.0,6.4892,673.0,692.0,719.0,784.0,827.0,879.0,819.0,710.0,548.0,584.0,726.29,52.2,792.21,76.59,740.17,96.82,656.02,110.16,650.52,102.68,-0.02254,-0.2286,-0.21888,0.18293,757.0,757.0,895.0,667.0,671.0,701.0,400.0,401.0,383.0,-0.52858,-0.84888,0.89741,0.4412,60,2016-10-26,85,925.0,0.34059,train
2016-08-03,bpi_value,648.0,6.47389,658.0,673.0,692.0,752.0,806.0,872.0,842.0,735.0,556.0,581.0,703.71,46.73,778.36,83.56,743.23,92.29,657.13,109.73,652.54,100.81,-0.01531,-0.21819,-0.26189,0.15312,758.0,757.0,877.0,663.0,667.0,698.0,397.0,400.0,386.0,-0.54311,-0.83966,0.91205,0.41007,60,2016-10-27,85,921.0,0.35157,train
2016-08-04,bpi_value,641.0,6.46303,648.0,658.0,673.0,719.0,784.0,850.0,863.0,755.0,569.0,583.0,683.29,37.51,762.5,86.99,745.63,88.58,658.1,109.33,654.43,98.96,-0.01086,-0.20138,-0.29739,0.11915,759.0,758.0,841.0,660.0,663.0,697.0,395.0,397.0,390.0,-0.55747,-0.8302,0.92562,0.37846,60,2016-10-28,85,913.0,0.35371,train
2016-08-05,bpi_value,640.0,6.46147,641.0,648.0,658.0,692.0,752.0,827.0,874.0,779.0,585.0,589.0,667.29,27.29,745.79,86.44,747.47,85.77,658.95,108.98,656.17,97.31,-0.00156,-0.16127,-0.31161,0.08986,770.0,759.0,803.0,654.0,660.0,690.0,394.0,395.0,392.0,-0.57167,-0.82049,0.93809,0.34639,60,2016-10-31,87,905.0,0.34647,train
2016-08-08,bpi_value,638.0,6.45834,640.0,641.0,648.0,673.0,719.0,806.0,879.0,792.0,601.0,597.0,655.71,18.74,728.57,82.08,748.7,83.9,659.63,108.72,657.69,95.94,-0.00313,-0.11952,-0.32045,0.05974,777.0,770.0,780.0,647.0,654.0,684.0,392.0,394.0,396.0,-0.61323,-0.7899,0.96879,0.2479,60,2016-11-01,85,895.0,0.33849,train
2016-08-09,bpi_value,642.0,6.46459,638.0,640.0,641.0,658.0,692.0,784.0,872.0,799.0,618.0,598.0,648.57,11.78,712.14,74.39,749.5,82.75,660.37,108.45,658.88,95.07,0.00625,-0.075,-0.3062,0.0381,770.0,777.0,768.0,645.0,647.0,676.0,389.0,392.0,399.0,-0.62673,-0.77924,0.97674,0.21443,60,2016-11-02,85,885.0,0.321,train
2016-08-10,bpi_value,659.0,6.49072,642.0,638.0,640.0,648.0,673.0,752.0,850.0,809.0,634.0,604.0,646.57,8.07,698.5,64.74,750.33,81.7,661.28,108.2,659.94,94.52,0.02614,-0.02102,-0.25451,0.03867,795.0,770.0,757.0,642.0,645.0,671.0,391.0,389.0,401.0,-0.64004,-0.76834,0.98354,0.1807,60,2016-11-03,85,886.0,0.29599,train
2016-08-11,bpi_value,687.0,6.53233,659.0,642.0,638.0,641.0,658.0,719.0,827.0,819.0,662.0,611.0,650.71,16.21,688.5,54.05,751.17,80.92,662.55,108.05,660.96,94.32,0.04161,0.04313,-0.18547,0.03707,833.0,795.0,757.0,639.0,642.0,667.0,394.0,391.0,400.0,-0.65316,-0.75722,0.98917,0.14676,60,2016-11-04,85,885.0,0.25325,train
2016-08-12,bpi_value,703.0,6.55536,687.0,659.0,642.0,640.0,648.0,692.0,806.0,842.0,691.0,617.0,658.57,24.3,681.14,43.55,751.57,80.65,663.98,108.01,661.89,94.32,0.02302,0.08147,-0.13673,0.01722,891.0,833.0,758.0,640.0,639.0,663.0,396.0,394.0,397.0,-0.66609,-0.74587,0.99363,0.11265,60,2016-11-07,87,889.0,0.23474,train
2016-08-15,bpi_value,713.0,6.56948,703.0,687.0,659.0,638.0,641.0,673.0,784.0,863.0,710.0,614.0,668.86,29.39,676.07,34.46,751.67,80.6,665.63,107.99,662.84,94.39,0.01412,0.10645,-0.09493,0.00422,920.0,891.0,759.0,643.0,640.0,660.0,399.0,396.0,395.0,-0.70368,-0.71052,0.99995,0.00968,60,2016-11-08,85,903.0,0.23624,train
2016-08-16,bpi_value,721.0,6.58064,713.0,703.0,687.0,642.0,640.0,658.0,752.0,874.0,735.0,611.0,680.43,31.61,673.86,30.25,751.2,80.74,667.47,107.98,663.71,94.57,0.01116,0.11917,-0.0421,-0.01923,926.0,920.0,770.0,646.0,643.0,654.0,403.0,399.0,394.0,-0.7158,-0.69831,0.99969,-0.02473,60,2016-11-09,85,927.0,0.25131,train
2016-08-17,bpi_value,726.0,6.58755,721.0,713.0,703.0,659.0,638.0,648.0,719.0,879.0,755.0,608.0,693.0,29.68,674.36,31.04,750.23,80.86,669.43,107.95,664.51,94.78,0.00691,0.12921,0.00969,-0.03917,885.0,926.0,777.0,652.0,646.0,647.0,405.0,403.0,392.0,-0.7277,-0.68589,0.99825,-0.0591,60,2016-11-10,85,956.0,0.27521,train
2016-08-18,bpi_value,727.0,6.58893,726.0,721.0,713.0,687.0,642.0,641.0,692.0,872.0,779.0,596.0,705.14,22.96,676.86,33.66,748.5,80.78,671.62,107.77,665.19,95.01,0.00138,0.12434,0.04934,-0.06908,852.0,885.0,770.0,666.0,652.0,645.0,407.0,405.0,389.0,-0.73939,-0.67327,0.99563,-0.0934,60,2016-11-11,85,1011.0,0.32977,train
2016-08-19,bpi_value,727.0,6.58893,727.0,726.0,721.0,703.0,659.0,640.0,673.0,850.0,792.0,586.0,714.86,14.02,680.71,36.01,746.33,80.46,673.97,107.41,665.73,95.22,0.0,0.0982,0.07718,-0.08563,843.0,852.0,795.0,677.0,666.0,642.0,412.0,407.0,391.0,-0.75086,-0.66046,0.99183,-0.12759,60,2016-11-14,87,1058.0,0.37521,train
2016-08-22,bpi_value,721.0,6.58064,727.0,727.0,726.0,713.0,687.0,638.0,658.0,827.0,799.0,582.0,719.71,8.22,685.21,36.82,743.73,79.97,676.28,106.9,665.97,95.33,-0.00829,0.0483,0.09143,-0.10272,848.0,843.0,833.0,686.0,677.0,639.0,416.0,412.0,394.0,-0.78393,-0.62084,0.9734,-0.2291,60,2016-11-15,85,1162.0,0.47726,train
2016-08-23,bpi_value,714.0,6.57088,721.0,727.0,727.0,721.0,703.0,642.0,648.0,806.0,809.0,574.0,721.29,5.47,689.93,35.97,740.57,79.2,678.62,106.17,665.82,95.25,-0.00976,0.01553,0.09699,-0.12492,861.0,848.0,891.0,694.0,686.0,640.0,420.0,416.0,396.0,-0.7945,-0.60727,0.96495,-0.26245,60,2016-11-16,85,1263.0,0.57036,train
2016-08-24,bpi_value,706.0,6.55962,714.0,721.0,727.0,726.0,713.0,659.0,641.0,784.0,819.0,568.0,720.29,7.24,694.57,33.46,736.8,78.06,680.92,105.24,665.44,95.02,-0.01127,-0.00987,0.09659,-0.14847,910.0,861.0,920.0,702.0,694.0,643.0,425.0,420.0,399.0,-0.80483,-0.59351,0.95535,-0.29549,60,2016-11-17,85,1353.0,0.65046,train
2016-08-25,bpi_value,700.0,6.55108,706.0,714.0,721.0,727.0,721.0,687.0,640.0,752.0,842.0,560.0,717.29,10.11,698.86,29.84,732.07,75.81,683.25,104.08,664.93,94.71,-0.00853,-0.02956,0.08961,-0.1847,974.0,910.0,926.0,712.0,702.0,646.0,428.0,425.0,403.0,-0.81492,-0.57958,0.94462,-0.32818,60,2016-11-18,85,1388.0,0.68454,train
2016-08-26,bpi_value,687.0,6.53233,700.0,706.0,714.0,727.0,726.0,703.0,638.0,719.0,863.0,550.0,711.71,13.83,702.36,24.97,726.2,72.18,685.53,102.62,664.27,94.34,-0.01875,-0.05522,0.074,-0.22808,1001.0,974.0,885.0,715.0,712.0,652.0,431.0,428.0,405.0,-0.82477,-0.56548,0.93277,-0.36047,60,2016-11-21,87,1387.0,0.70256,train
2016-08-30,bpi_value,674.0,6.51323,687.0,700.0,706.0,721.0,727.0,713.0,642.0,692.0,874.0,544.0,704.14,17.43,704.64,20.39,719.53,67.29,687.7,100.97,663.5,93.98,-0.0191,-0.0757,0.04864,-0.25985,986.0,1001.0,852.0,719.0,715.0,666.0,432.0,431.0,407.0,-0.86169,-0.50743,0.8745,-0.48503,60,2016-11-22,84,1382.0,0.71806,train
2016-08-31,bpi_value,660.0,6.49224,674.0,687.0,700.0,714.0,727.0,721.0,659.0,673.0,879.0,542.0,694.57,20.4,704.71,20.23,712.23,61.2,689.67,99.25,662.66,93.66,-0.02099,-0.09669,0.00152,-0.28655,978.0,986.0,843.0,721.0,719.0,677.0,432.0,432.0,412.0,-0.87029,-0.49253,0.8573,-0.51482,60,2016-11-23,84,1387.0,0.74266,train
2016-09-01,bpi_value,652.0,6.48004,660.0,674.0,687.0,706.0,721.0,726.0,687.0,658.0,872.0,540.0,684.71,21.86,702.21,24.06,704.9,54.42,691.53,97.45,661.82,93.42,-0.0122,-0.10059,-0.05229,-0.29074,1002.0,978.0,848.0,723.0,721.0,686.0,433.0,432.0,416.0,-0.87864,-0.47749,0.83908,-0.54401,60,2016-11-24,84,1385.0,0.75341,train
2016-09-02,bpi_value,644.0,6.4677,652.0,660.0,674.0,700.0,714.0,727.0,703.0,648.0,850.0,543.0,674.71,22.19,698.0,28.34,698.03,48.33,693.22,95.73,661.0,93.25,-0.01235,-0.10318,-0.08766,-0.27754,1054.0,1002.0,861.0,721.0,723.0,694.0,432.0,433.0,420.0,-0.88672,-0.4623,0.81987,-0.57255,60,2016-11-25,84,1389.0,0.76864,train
2016-09-05,bpi_value,640.0,6.46147,644.0,652.0,660.0,687.0,706.0,727.0,713.0,641.0,827.0,543.0,665.29,20.87,692.79,31.63,691.8,43.07,694.83,93.98,660.29,93.16,-0.00623,-0.09815,-0.10801,-0.25634,1079.0,1054.0,910.0,718.0,721.0,702.0,429.0,432.0,425.0,-0.90939,-0.41595,0.75652,-0.65397,60,2016-11-28,84,1400.0,0.78276,train
2016-09-06,bpi_value,641.0,6.46303,640.0,644.0,652.0,674.0,700.0,721.0,721.0,640.0,806.0,542.0,656.86,16.63,687.07,33.2,686.3,38.42,696.48,92.13,659.8,93.14,0.00156,-0.08805,-0.11761,-0.22905,1182.0,1079.0,974.0,714.0,718.0,712.0,425.0,429.0,428.0,-0.91641,-0.40024,0.73357,-0.67961,60,2016-11-29,84,1424.0,0.7982,train
2016-09-07,bpi_value,648.0,6.47389,641.0,640.0,644.0,660.0,687.0,714.0,726.0,638.0,784.0,543.0,651.29,11.27,681.5,32.74,681.77,34.44,698.23,90.18,659.59,93.15,0.01086,-0.05844,-0.11366,-0.19052,1371.0,1182.0,1001.0,702.0,714.0,715.0,422.0,425.0,431.0,-0.92316,-0.38442,0.70976,-0.70444,60,2016-11-30,84,1465.0,0.81572,train
2016-09-08,bpi_value,655.0,6.48464,648.0,641.0,640.0,652.0,674.0,706.0,727.0,642.0,752.0,545.0,648.57,6.93,676.36,30.79,678.53,32.18,700.07,88.14,659.76,93.13,0.01074,-0.02859,-0.10429,-0.1381,1478.0,1371.0,986.0,694.0,702.0,719.0,420.0,422.0,432.0,-0.92963,-0.36848,0.68511,-0.72844,60,2016-12-01,84,1486.0,0.81921,train
2016-09-09,bpi_value,658.0,6.4892,655.0,648.0,641.0,644.0,660.0,700.0,727.0,659.0,719.0,545.0,648.29,6.47,671.43,27.65,676.5,31.47,701.95,85.99,660.17,93.04,0.00457,-0.00303,-0.09972,-0.08866,1566.0,1478.0,978.0,688.0,694.0,721.0,419.0,420.0,432.0,-0.93583,-0.35244,0.65965,-0.75157,60,2016-12-02,84,1508.0,0.82933,train
2016-09-12,bpi_value,659.0,6.49072,658.0,655.0,648.0,640.0,652.0,687.0,721.0,687.0,692.0,546.0,649.29,7.44,667.0,24.09,675.4,31.49,703.83,83.76,660.74,92.87,0.00152,0.01068,-0.08992,-0.04886,1581.0,1566.0,1002.0,681.0,688.0,723.0,417.0,419.0,433.0,-0.95277,-0.3037,0.5787,-0.81554,60,2016-12-05,84,1541.0,0.84946,train
2016-09-13,bpi_value,656.0,6.48616,659.0,658.0,655.0,641.0,644.0,674.0,714.0,703.0,673.0,546.0,651.0,7.41,662.86,20.35,674.83,31.68,705.67,81.46,661.47,92.57,-0.00456,0.01846,-0.08472,-0.02558,1607.0,1581.0,1054.0,671.0,681.0,721.0,415.0,417.0,432.0,-0.95785,-0.28726,0.55031,-0.83496,60,2016-12-06,84,1563.0,0.8682,train
2016-09-14,bpi_value,649.0,6.47543,656.0,659.0,658.0,648.0,640.0,660.0,706.0,713.0,658.0,548.0,652.29,6.04,658.79,16.68,674.53,31.88,707.35,79.19,662.19,92.22,-0.01073,0.01396,-0.08418,-0.01377,1444.0,1607.0,1079.0,665.0,671.0,718.0,415.0,415.0,429.0,-0.96265,-0.27074,0.52126,-0.8534,60,2016-12-07,84,1565.0,0.88021,train
2016-09-15,bpi_value,645.0,6.46925,649.0,656.0,659.0,655.0,641.0,652.0,700.0,721.0,648.0,556.0,652.86,5.05,654.86,12.45,674.43,31.97,708.83,77.15,662.9,91.84,-0.00618,0.00622,-0.08183,-0.00464,1487.0,1444.0,1182.0,661.0,665.0,714.0,415.0,415.0,425.0,-0.96717,-0.25414,0.4916,-0.87082,60,2016-12-08,84,1547.0,0.87482,train
2016-09-16,bpi_value,646.0,6.4708,645.0,649.0,656.0,658.0,648.0,644.0,687.0,726.0,641.0,569.0,652.57,5.37,651.93,8.85,674.6,31.81,710.12,75.44,663.6,91.46,0.00155,-0.00309,-0.06153,0.00777,1680.0,1487.0,1371.0,660.0,661.0,702.0,415.0,415.0,422.0,-0.9714,-0.23747,0.46135,-0.88722,60,2016-12-09,84,1508.0,0.84774,train
2016-09-19,bpi_value,650.0,6.47697,646.0,645.0,649.0,659.0,655.0,640.0,674.0,727.0,640.0,585.0,651.86,5.33,650.21,6.39,674.93,31.49,711.2,74.09,664.28,91.13,0.00617,-0.00766,-0.03626,0.0155,1853.0,1680.0,1478.0,661.0,660.0,694.0,416.0,415.0,420.0,-0.98235,-0.18704,0.36748,-0.93003,60,2016-12-12,84,1469.0,0.81536,train
2016-09-20,bpi_value,657.0,6.48768,650.0,646.0,645.0,656.0,658.0,641.0,660.0,727.0,638.0,601.0,651.71,5.17,650.0,6.11,675.57,30.93,712.13,73.04,664.94,90.86,0.01071,-0.00152,-0.00456,0.02935,1964.0,1853.0,1566.0,660.0,661.0,688.0,417.0,416.0,419.0,-0.98542,-0.17012,0.33528,-0.94212,60,2016-12-13,84,1419.0,0.77002,train
2016-09-21,bpi_value,673.0,6.51175,657.0,650.0,646.0,649.0,659.0,648.0,652.0,721.0,642.0,618.0,653.71,8.94,651.5,8.52,676.6,30.3,713.05,72.19,665.78,90.58,0.02406,0.02102,0.0317,0.04716,2118.0,1964.0,1581.0,662.0,660.0,681.0,418.0,417.0,417.0,-0.9882,-0.15314,0.30267,-0.9531,60,2016-12-14,84,1332.0,0.68269,train
2016-09-22,bpi_value,700.0,6.55108,673.0,657.0,650.0,645.0,656.0,655.0,644.0,714.0,659.0,634.0,660.0,18.59,655.5,14.85,677.97,30.4,714.15,71.48,666.84,90.42,0.03934,0.06492,0.08338,0.06036,2389.0,2118.0,1607.0,688.0,662.0,671.0,420.0,418.0,415.0,-0.99069,-0.13612,0.26971,-0.96294,60,2016-12-15,84,1234.0,0.56694,train
2016-09-23,bpi_value,722.0,6.58203,700.0,673.0,657.0,646.0,649.0,658.0,640.0,706.0,687.0,662.0,670.43,27.73,661.36,22.02,679.13,31.38,715.15,71.16,668.08,90.4,0.03094,0.10659,0.12056,0.04969,2383.0,2389.0,1444.0,671.0,688.0,665.0,421.0,420.0,415.0,-0.99289,-0.11906,0.23642,-0.97165,60,2016-12-16,84,1126.0,0.4444,train
2016-09-26,bpi_value,739.0,6.6053,722.0,700.0,673.0,650.0,645.0,659.0,641.0,700.0,703.0,691.0,683.86,34.17,668.36,28.93,680.33,32.92,715.95,71.15,669.43,90.54,0.02327,0.13605,0.14227,0.04994,2325.0,2383.0,1487.0,673.0,671.0,661.0,422.0,421.0,415.0,-0.99771,-0.06768,0.13506,-0.99084,60,2016-12-19,84,1037.0,0.33879,train
2016-09-27,bpi_value,750.0,6.62007,739.0,722.0,700.0,657.0,646.0,656.0,648.0,687.0,713.0,710.0,698.71,36.98,675.64,35.08,681.57,34.76,716.62,71.28,670.94,90.74,0.01478,0.14927,0.14618,0.05059,2298.0,2325.0,1680.0,674.0,673.0,660.0,422.0,422.0,415.0,-0.99872,-0.05051,0.10089,-0.9949,60,2016-12-20,84,976.0,0.26339,train
2016-09-28,bpi_value,751.0,6.62141,750.0,739.0,722.0,673.0,650.0,649.0,655.0,674.0,721.0,735.0,713.14,34.8,682.5,39.48,682.57,36.28,716.88,71.38,672.5,90.9,0.00133,0.14443,0.13677,0.04077,2196.0,2298.0,1853.0,676.0,674.0,661.0,422.0,422.0,416.0,-0.99944,-0.03332,0.06661,-0.99778,60,2016-12-21,84,905.0,0.18653,train
2016-09-29,bpi_value,741.0,6.608,751.0,750.0,739.0,700.0,657.0,645.0,658.0,660.0,726.0,755.0,725.14,26.97,688.43,41.53,683.07,36.97,716.65,71.28,673.98,90.92,-0.01341,0.12032,0.1188,0.02045,2067.0,2196.0,1964.0,676.0,676.0,660.0,422.0,422.0,417.0,-0.99987,-0.01613,0.03225,-0.99948,60,2016-12-22,84,866.0,0.15588,train
2016-09-30,bpi_value,726.0,6.58755,741.0,751.0,750.0,722.0,673.0,646.0,659.0,652.0,727.0,779.0,732.71,16.78,693.21,41.73,683.03,36.93,715.77,70.83,675.42,90.7,-0.02045,0.0758,0.09683,-0.00138,2008.0,2067.0,2118.0,679.0,676.0,662.0,421.0,422.0,418.0,-1.0,0.00108,-0.00215,-1.0,60,2016-12-23,84,852.0,0.16004,train
2016-10-03,bpi_value,713.0,6.56948,726.0,741.0,751.0,739.0,700.0,650.0,656.0,644.0,727.0,792.0,734.57,13.45,697.29,40.66,682.57,36.46,714.45,70.13,676.83,90.28,-0.01807,0.0184,0.08332,-0.01945,1971.0,2008.0,2389.0,681.0,679.0,688.0,419.0,421.0,420.0,-0.99861,0.05266,-0.10517,-0.99445,60,2017-01-03,92,811.0,0.12879,train
2016-10-04,bpi_value,705.0,6.5582,713.0,726.0,741.0,750.0,722.0,657.0,649.0,640.0,721.0,799.0,732.14,16.65,701.29,38.41,682.03,36.01,712.88,69.27,678.2,89.77,-0.01128,-0.02383,0.08277,-0.02244,1970.0,1971.0,2383.0,681.0,681.0,671.0,417.0,419.0,421.0,-0.99756,0.06983,-0.13932,-0.99025,60,2017-01-04,92,807.0,0.13513,train
2016-10-05,bpi_value,699.0,6.54965,705.0,713.0,726.0,751.0,739.0,673.0,645.0,641.0,714.0,809.0,726.43,19.87,705.14,35.13,681.53,35.66,711.05,68.15,679.59,89.11,-0.00855,-0.05565,0.0804,-0.02123,2012.0,1970.0,2325.0,680.0,681.0,673.0,415.0,417.0,422.0,-0.99621,0.08698,-0.1733,-0.98487,60,2017-01-05,92,837.0,0.18017,train
2016-10-06,bpi_value,704.0,6.55678,699.0,705.0,713.0,741.0,750.0,700.0,646.0,648.0,706.0,819.0,719.86,18.55,709.29,31.1,681.47,35.62,709.13,66.68,681.1,88.35,0.00713,-0.06329,0.08598,-0.00284,2218.0,2012.0,2298.0,678.0,680.0,674.0,413.0,415.0,422.0,-0.99457,0.1041,-0.20707,-0.97833,60,2017-01-06,92,892.0,0.23669,train
2016-10-07,bpi_value,717.0,6.57508,704.0,699.0,705.0,726.0,751.0,722.0,650.0,655.0,700.0,842.0,715.0,13.53,714.07,26.42,682.03,36.04,707.05,64.42,682.84,87.49,0.0183,-0.04633,0.0981,0.024,2245.0,2218.0,2196.0,677.0,678.0,676.0,411.0,413.0,422.0,-0.99263,0.12119,-0.2406,-0.97062,60,2017-01-09,94,927.0,0.25688,train
2016-10-10,bpi_value,729.0,6.59167,717.0,704.0,699.0,713.0,741.0,739.0,657.0,658.0,687.0,863.0,713.29,10.57,719.21,21.32,683.43,37.01,704.82,61.21,684.83,86.48,0.0166,-0.01633,0.10399,0.05934,2235.0,2245.0,2067.0,677.0,677.0,676.0,410.0,411.0,422.0,-0.98506,0.17224,-0.33932,-0.94067,60,2017-01-10,92,973.0,0.28871,train
2016-10-11,bpi_value,745.0,6.61338,729.0,717.0,704.0,705.0,726.0,750.0,673.0,659.0,674.0,874.0,716.0,15.0,724.36,17.97,685.8,38.57,702.67,57.38,687.07,85.4,0.02171,0.02583,0.10164,0.10015,2235.0,2235.0,2008.0,676.0,677.0,679.0,409.0,410.0,421.0,-0.98195,0.18916,-0.37148,-0.92844,60,2017-01-11,92,1021.0,0.31515,train
2016-10-12,bpi_value,763.0,6.63726,745.0,729.0,717.0,699.0,713.0,751.0,700.0,656.0,660.0,879.0,723.14,22.09,728.86,19.16,689.23,40.65,700.73,53.21,689.52,84.37,0.02387,0.06778,0.08618,0.14502,2154.0,2235.0,1971.0,674.0,676.0,681.0,408.0,409.0,419.0,-0.97855,0.20602,-0.4032,-0.91511,60,2017-01-12,92,1038.0,0.30779,train
2016-10-13,bpi_value,790.0,6.67203,763.0,745.0,729.0,704.0,705.0,741.0,722.0,649.0,652.0,872.0,735.29,30.53,733.71,24.64,693.83,43.86,699.37,49.73,692.3,83.51,0.03477,0.11384,0.09001,0.19199,2018.0,2154.0,1970.0,673.0,674.0,681.0,410.0,408.0,417.0,-0.97486,0.22282,-0.43444,-0.9007,60,2017-01-13,92,1042.0,0.27686,train
2016-10-14,bpi_value,819.0,6.70808,790.0,763.0,745.0,717.0,699.0,726.0,739.0,645.0,644.0,850.0,752.43,38.1,739.43,33.05,699.67,48.26,698.85,48.3,695.37,83.04,0.03605,0.15843,0.10279,0.24039,2018.0,2018.0,2012.0,674.0,673.0,680.0,411.0,410.0,415.0,-0.97088,0.23956,-0.46516,-0.88523,60,2017-01-16,94,1039.0,0.23793,train
2016-10-17,bpi_value,838.0,6.73102,819.0,790.0,763.0,729.0,704.0,713.0,750.0,646.0,640.0,827.0,771.57,42.38,745.71,41.7,706.27,52.96,699.03,48.81,698.64,82.78,0.02293,0.17424,0.11094,0.26955,2003.0,2018.0,2218.0,676.0,674.0,678.0,413.0,411.0,413.0,-0.95723,0.28932,-0.55389,-0.83259,60,2017-01-17,92,1019.0,0.19556,train
2016-10-18,bpi_value,860.0,6.75693,838.0,819.0,790.0,745.0,717.0,705.0,751.0,650.0,641.0,806.0,792.0,45.5,753.5,51.08,713.57,58.28,699.93,51.21,702.18,82.8,0.02591,0.18186,0.13553,0.2939,1950.0,2003.0,2245.0,678.0,676.0,677.0,417.0,413.0,411.0,-0.95211,0.30574,-0.5822,-0.81304,60,2017-01-18,92,998.0,0.14882,train
2016-10-19,bpi_value,885.0,6.78559,860.0,838.0,819.0,763.0,729.0,699.0,741.0,657.0,648.0,784.0,814.29,47.35,763.79,61.05,721.47,64.58,701.62,55.43,705.98,83.26,0.02866,0.19391,0.17759,0.3117,1826.0,1950.0,2235.0,682.0,678.0,677.0,421.0,417.0,410.0,-0.94671,0.32208,-0.60983,-0.79253,60,2017-01-19,92,981.0,0.10298,train
2016-10-20,bpi_value,905.0,6.80793,885.0,860.0,838.0,790.0,745.0,704.0,726.0,673.0,655.0,752.0,837.14,47.01,776.57,69.9,729.8,71.25,704.17,60.94,709.98,84.07,0.02235,0.19455,0.22038,0.3233,1637.0,1826.0,2235.0,691.0,682.0,676.0,424.0,421.0,409.0,-0.94103,0.33831,-0.63673,-0.77109,60,2017-01-20,92,970.0,0.06936,train
2016-10-21,bpi_value,915.0,6.81892,905.0,885.0,860.0,819.0,763.0,717.0,713.0,700.0,658.0,719.0,858.86,42.65,791.0,75.88,738.37,77.3,707.43,66.63,714.09,84.95,0.01099,0.18167,0.24944,0.32972,1575.0,1637.0,2154.0,700.0,691.0,674.0,427.0,424.0,408.0,-0.93507,0.35445,-0.66288,-0.74873,60,2017-01-23,94,962.0,0.05009,train
2016-10-24,bpi_value,923.0,6.82763,915.0,905.0,885.0,838.0,790.0,729.0,705.0,722.0,659.0,692.0,877.86,36.99,806.57,78.94,747.17,82.61,711.28,72.08,718.28,85.84,0.00871,0.1556,0.26943,0.33691,1471.0,1575.0,2018.0,705.0,700.0,673.0,428.0,427.0,410.0,-0.91555,0.40221,-0.73649,-0.67645,60,2017-01-24,92,964.0,0.04346,train
2016-10-25,bpi_value,925.0,6.82979,923.0,915.0,905.0,860.0,819.0,745.0,699.0,739.0,656.0,673.0,893.0,31.01,822.71,78.4,756.13,86.72,715.48,76.91,722.49,86.58,0.00216,0.12171,0.28014,0.34363,1348.0,1471.0,2018.0,710.0,705.0,674.0,430.0,428.0,411.0,-0.90849,0.4179,-0.75932,-0.65071,60,2017-01-25,92,972.0,0.04956,train
2016-10-26,bpi_value,925.0,6.82979,925.0,923.0,915.0,885.0,838.0,763.0,704.0,750.0,649.0,658.0,905.43,22.83,838.5,75.09,765.33,89.47,719.93,81.06,726.68,87.16,0.0,0.09878,0.27302,0.35436,1275.0,1348.0,2003.0,714.0,710.0,676.0,430.0,430.0,413.0,-0.90117,0.43347,-0.78126,-0.62421,60,2017-01-26,92,973.0,0.05059,train
2016-10-27,bpi_value,921.0,6.82546,925.0,925.0,923.0,905.0,860.0,790.0,717.0,751.0,645.0,648.0,914.14,13.6,853.07,69.69,774.53,90.8,724.48,84.49,730.73,87.61,-0.00433,0.06853,0.25038,0.35621,1248.0,1275.0,1950.0,719.0,714.0,678.0,432.0,430.0,417.0,-0.89358,0.44891,-0.80227,-0.59697,60,2017-01-27,92,968.0,0.04977,train
2016-10-28,bpi_value,913.0,6.81674,921.0,925.0,925.0,915.0,885.0,819.0,729.0,741.0,646.0,641.0,918.14,6.92,866.21,61.98,783.43,90.85,729.02,87.14,734.56,87.98,-0.00872,0.03115,0.22506,0.34594,1417.0,1248.0,1826.0,722.0,719.0,682.0,433.0,432.0,421.0,-0.88572,0.46421,-0.82233,-0.56902,60,2017-01-30,94,964.0,0.05436,train
2016-10-31,bpi_value,905.0,6.80793,913.0,921.0,925.0,923.0,905.0,838.0,745.0,726.0,650.0,640.0,918.14,6.92,877.64,52.62,791.93,89.89,733.43,89.21,738.11,88.32,-0.0088,0.0,0.19455,0.33096,1534.0,1417.0,1637.0,722.0,722.0,691.0,435.0,433.0,424.0,-0.8606,0.50928,-0.87658,-0.48126,60,2017-01-31,92,951.0,0.04958,train
2016-11-01,bpi_value,895.0,6.79682,905.0,913.0,921.0,925.0,915.0,860.0,763.0,713.0,657.0,638.0,915.29,10.71,887.07,41.99,799.87,88.12,737.72,90.68,741.38,88.63,-0.01111,-0.0221,0.15957,0.30914,1443.0,1534.0,1575.0,721.0,722.0,700.0,436.0,435.0,427.0,-0.85171,0.52401,-0.89261,-0.45083,60,2017-02-01,92,933.0,0.04158,train
2016-11-02,bpi_value,885.0,6.78559,895.0,905.0,913.0,925.0,923.0,885.0,790.0,705.0,673.0,642.0,909.86,14.42,893.86,32.31,806.93,86.14,741.77,91.74,744.34,88.92,-0.01124,-0.04204,0.11355,0.27384,1451.0,1443.0,1471.0,718.0,721.0,705.0,434.0,436.0,428.0,-0.84257,0.53858,-0.90759,-0.41986,60,2017-02-02,92,926.0,0.04529,train
2016-11-03,bpi_value,886.0,6.78672,885.0,895.0,905.0,921.0,925.0,905.0,819.0,699.0,700.0,659.0,904.29,15.01,898.64,25.0,813.13,84.9,745.55,92.92,747.14,89.37,0.00113,-0.04308,0.07863,0.23564,1544.0,1451.0,1348.0,718.0,718.0,710.0,434.0,434.0,430.0,-0.83318,0.553,-0.9215,-0.38839,60,2017-02-03,92,922.0,0.03983,train
2016-11-04,bpi_value,885.0,6.78559,886.0,885.0,895.0,913.0,925.0,915.0,838.0,704.0,722.0,687.0,898.57,13.58,902.0,19.09,818.57,84.11,748.85,94.29,749.62,90.06,-0.00113,-0.04421,0.05457,0.20356,1593.0,1544.0,1275.0,716.0,718.0,714.0,433.0,434.0,430.0,-0.82355,0.56725,-0.93431,-0.35646,60,2017-02-06,94,922.0,0.04096,train
2016-11-07,bpi_value,889.0,6.7901,885.0,886.0,885.0,905.0,921.0,923.0,860.0,717.0,739.0,703.0,894.0,10.24,904.07,15.7,823.57,83.69,751.95,95.77,751.82,91.01,0.00451,-0.03536,0.03316,0.1848,1636.0,1593.0,1248.0,712.0,716.0,719.0,431.0,433.0,432.0,-0.79319,0.60897,-0.96606,-0.2583,60,2017-02-07,92,931.0,0.04616,train
2016-11-08,bpi_value,903.0,6.80572,889.0,885.0,886.0,895.0,913.0,925.0,885.0,729.0,750.0,713.0,892.57,7.93,905.36,14.79,828.67,83.71,755.12,97.56,753.97,92.27,0.01563,-0.01101,0.02013,0.18565,1786.0,1636.0,1417.0,708.0,712.0,722.0,431.0,431.0,433.0,-0.7826,0.62253,-0.97438,-0.22492,60,2017-02-08,92,934.0,0.03375,train
2016-11-09,bpi_value,927.0,6.83195,903.0,889.0,885.0,885.0,905.0,925.0,905.0,745.0,751.0,721.0,895.71,14.15,906.93,15.8,834.53,84.23,758.55,99.89,756.1,94.01,0.02623,0.02402,0.02402,0.21055,1954.0,1786.0,1534.0,703.0,708.0,722.0,429.0,431.0,435.0,-0.77177,0.6359,-0.98154,-0.19127,60,2017-02-09,92,940.0,0.01393,train
2016-11-10,bpi_value,956.0,6.86276,927.0,903.0,889.0,886.0,895.0,921.0,915.0,763.0,741.0,726.0,904.43,25.37,909.86,20.21,841.7,85.11,762.38,102.94,758.33,96.32,0.0308,0.06593,0.04383,0.25476,2010.0,1954.0,1443.0,703.0,703.0,721.0,430.0,429.0,436.0,-0.76072,0.64908,-0.98754,-0.15739,60,2017-02-10,92,943.0,-0.01369,train
2016-11-11,bpi_value,1011.0,6.9187,956.0,927.0,903.0,885.0,885.0,913.0,923.0,790.0,726.0,727.0,922.43,43.45,916.14,32.98,851.2,87.54,767.12,107.63,760.91,99.87,0.05594,0.13311,0.09107,0.33115,2303.0,2010.0,1451.0,705.0,703.0,718.0,428.0,430.0,434.0,-0.74944,0.66207,-0.99237,-0.12333,60,2017-02-13,94,944.0,-0.06857,train
2016-11-14,bpi_value,1058.0,6.96414,1011.0,956.0,927.0,889.0,886.0,905.0,925.0,819.0,713.0,727.0,947.0,60.99,925.64,49.28,862.7,91.21,772.63,113.74,763.87,104.57,0.04544,0.17742,0.13434,0.39465,2338.0,2303.0,1544.0,707.0,705.0,718.0,433.0,428.0,434.0,-0.71429,0.69985,-0.99979,-0.02043,60,2017-02-14,92,939.0,-0.11932,train
2016-11-15,bpi_value,1162.0,7.0579,1058.0,1011.0,956.0,903.0,885.0,895.0,925.0,838.0,705.0,721.0,986.57,90.6,942.57,78.31,877.93,101.21,779.98,123.95,767.9,112.55,0.09376,0.27231,0.2281,0.4997,2282.0,2338.0,1593.0,713.0,707.0,716.0,436.0,433.0,433.0,-0.70215,0.71203,-0.9999,0.01398,60,2017-02-15,92,933.0,-0.21949,train
2016-11-16,bpi_value,1263.0,7.14125,1162.0,1058.0,1011.0,927.0,889.0,885.0,921.0,860.0,699.0,714.0,1040.0,122.11,967.0,113.3,896.73,117.33,789.13,138.19,772.94,123.88,0.08335,0.35115,0.31579,0.59159,2441.0,2282.0,1636.0,722.0,713.0,712.0,443.0,436.0,431.0,-0.6898,0.724,-0.99883,0.04836,60,2017-02-16,92,923.0,-0.31362,train
2016-11-17,bpi_value,1353.0,7.21008,1263.0,1162.0,1058.0,956.0,903.0,886.0,913.0,885.0,704.0,706.0,1104.29,148.63,998.43,149.28,918.37,137.84,799.92,155.45,778.88,137.94,0.06883,0.40436,0.39334,0.6533,2731.0,2441.0,1786.0,748.0,722.0,708.0,454.0,443.0,431.0,-0.67724,0.73576,-0.99658,0.08269,60,2017-02-17,92,917.0,-0.38897,train
2016-11-18,bpi_value,1388.0,7.23562,1353.0,1263.0,1162.0,1011.0,927.0,885.0,905.0,905.0,717.0,700.0,1170.14,157.37,1032.93,176.95,940.73,156.52,811.38,172.14,784.94,151.88,0.02554,0.40367,0.42768,0.66054,2752.0,2731.0,1954.0,809.0,748.0,703.0,466.0,454.0,429.0,-0.66448,0.7473,-0.99314,0.11692,60,2017-02-20,94,909.0,-0.42327,train
2016-11-21,bpi_value,1387.0,7.2349,1388.0,1353.0,1263.0,1058.0,956.0,889.0,895.0,915.0,729.0,687.0,1231.71,145.4,1068.07,194.09,962.67,170.77,823.05,186.44,790.77,164.3,-0.00072,0.37214,0.43807,0.64322,2638.0,2752.0,2010.0,835.0,809.0,703.0,477.0,466.0,430.0,-0.62505,0.78058,-0.97581,0.21863,60,2017-02-21,92,906.0,-0.42586,train
2016-11-22,bpi_value,1382.0,7.23129,1387.0,1388.0,1353.0,1162.0,1011.0,903.0,885.0,923.0,745.0,674.0,1284.71,120.82,1103.57,202.62,983.9,181.64,834.85,198.64,796.41,175.41,-0.00361,0.31259,0.4457,0.6179,2598.0,2638.0,2303.0,852.0,835.0,705.0,485.0,477.0,428.0,-0.61153,0.79122,-0.96771,0.25206,60,2017-02-22,92,908.0,-0.42004,train
2016-11-23,bpi_value,1387.0,7.2349,1382.0,1387.0,1388.0,1263.0,1058.0,927.0,886.0,925.0,763.0,660.0,1331.71,80.88,1139.36,205.26,1004.7,190.66,846.97,209.48,802.06,185.84,0.00361,0.27076,0.44818,0.59764,2507.0,2598.0,2338.0,874.0,852.0,707.0,501.0,485.0,433.0,-0.59783,0.80162,-0.95847,0.2852,60,2017-02-23,92,927.0,-0.40294,train
2016-11-24,bpi_value,1385.0,7.23346,1387.0,1382.0,1387.0,1353.0,1162.0,956.0,885.0,925.0,790.0,652.0,1363.57,42.63,1175.07,201.36,1024.53,198.09,859.18,218.91,807.76,195.51,-0.00144,0.17556,0.44787,0.56142,2374.0,2507.0,2282.0,897.0,874.0,713.0,512.0,501.0,436.0,-0.58395,0.81179,-0.94809,0.318,60,2017-02-24,92,947.0,-0.38016,train
2016-11-25,bpi_value,1389.0,7.23634,1385.0,1387.0,1382.0,1388.0,1263.0,1011.0,889.0,921.0,819.0,644.0,1381.57,11.85,1210.79,191.55,1043.53,204.7,871.6,227.32,813.74,204.75,0.00288,0.09509,0.44624,0.52826,2263.0,2374.0,2441.0,908.0,897.0,722.0,520.0,512.0,443.0,-0.5699,0.82171,-0.93659,0.35043,60,2017-02-27,94,966.0,-0.36318,train
2016-11-28,bpi_value,1400.0,7.24423,1389.0,1385.0,1387.0,1387.0,1353.0,1058.0,903.0,913.0,838.0,640.0,1388.29,5.23,1246.29,176.7,1062.27,210.66,884.27,235.11,820.11,213.78,0.00789,0.03415,0.4385,0.51321,2260.0,2263.0,2731.0,904.0,908.0,748.0,527.0,520.0,454.0,-0.52675,0.85002,-0.8955,0.44506,60,2017-02-28,92,995.0,-0.34148,train
2016-11-29,bpi_value,1424.0,7.26123,1400.0,1389.0,1385.0,1382.0,1388.0,1162.0,927.0,905.0,860.0,641.0,1393.43,13.53,1281.79,157.92,1081.07,216.84,897.32,242.84,826.98,222.94,0.017,0.02561,0.42927,0.50429,2304.0,2260.0,2752.0,908.0,904.0,809.0,532.0,527.0,466.0,-0.51206,0.85895,-0.87966,0.4756,60,2017-03-01,92,1041.0,-0.31329,train
2016-11-30,bpi_value,1465.0,7.28961,1424.0,1400.0,1389.0,1387.0,1387.0,1263.0,956.0,895.0,885.0,648.0,1404.57,28.01,1318.14,135.77,1100.4,224.23,910.93,251.24,834.54,232.7,0.02839,0.05471,0.42685,0.50402,2263.0,2304.0,2638.0,912.0,908.0,835.0,537.0,532.0,477.0,-0.4972,0.86763,-0.86278,0.50558,60,2017-03-02,92,1084.0,-0.3012,train
2016-12-01,bpi_value,1486.0,7.30384,1465.0,1424.0,1400.0,1385.0,1382.0,1353.0,1011.0,885.0,905.0,655.0,1419.43,37.93,1352.07,112.05,1119.77,231.49,924.78,259.52,842.7,242.32,0.01423,0.07256,0.38515,0.49591,2206.0,2263.0,2598.0,917.0,912.0,852.0,541.0,537.0,485.0,-0.48221,0.87606,-0.84488,0.53496,60,2017-03-03,92,1118.0,-0.28455,train
2016-12-02,bpi_value,1508.0,7.31854,1486.0,1465.0,1424.0,1389.0,1387.0,1388.0,1058.0,886.0,915.0,658.0,1436.71,45.94,1384.21,84.15,1139.53,238.38,938.95,267.64,851.47,251.78,0.0147,0.08364,0.3544,0.49962,2193.0,2206.0,2507.0,921.0,917.0,874.0,543.0,541.0,501.0,-0.46706,0.88422,-0.82598,0.5637,60,2017-03-06,94,1154.0,-0.26755,train
2016-12-05,bpi_value,1541.0,7.34019,1508.0,1486.0,1465.0,1400.0,1385.0,1387.0,1162.0,885.0,923.0,659.0,1459.0,52.77,1411.29,67.66,1160.13,245.38,953.65,275.96,860.9,261.35,0.02165,0.10673,0.28229,0.51256,2137.0,2193.0,2374.0,929.0,921.0,897.0,548.0,543.0,512.0,-0.42083,0.90714,-0.7635,0.6458,60,2017-03-07,92,1194.0,-0.25512,train
2016-12-06,bpi_value,1563.0,7.35436,1541.0,1508.0,1486.0,1424.0,1389.0,1382.0,1263.0,889.0,925.0,656.0,1483.86,54.89,1432.71,64.75,1181.4,251.64,968.77,283.96,870.79,270.72,0.01418,0.11802,0.21312,0.52457,2067.0,2137.0,2263.0,934.0,929.0,908.0,552.0,548.0,520.0,-0.40516,0.91424,-0.74084,0.67168,60,2017-03-08,92,1220.0,-0.24776,train
2016-12-07,bpi_value,1565.0,7.35564,1563.0,1541.0,1508.0,1465.0,1400.0,1387.0,1353.0,903.0,925.0,649.0,1507.43,48.92,1447.86,68.98,1202.73,256.09,984.03,290.9,880.87,279.36,0.00128,0.11141,0.14556,0.52585,1935.0,2067.0,2260.0,941.0,934.0,904.0,557.0,552.0,527.0,-0.38938,0.92108,-0.7173,0.69677,60,2017-03-09,92,1220.0,-0.24903,train
2016-12-08,bpi_value,1547.0,7.34407,1565.0,1563.0,1541.0,1486.0,1424.0,1385.0,1388.0,927.0,921.0,645.0,1525.0,36.24,1459.21,71.25,1223.6,257.78,999.07,296.25,890.86,286.83,-0.01157,0.08285,0.10845,0.51861,1724.0,1935.0,2304.0,957.0,941.0,908.0,562.0,557.0,532.0,-0.37348,0.92764,-0.6929,0.72103,60,2017-03-10,92,1211.0,-0.24487,train
2016-12-09,bpi_value,1508.0,7.31854,1547.0,1565.0,1563.0,1508.0,1465.0,1389.0,1387.0,956.0,913.0,646.0,1531.14,28.33,1467.86,69.27,1243.43,256.01,1013.43,299.66,900.49,292.77,-0.02553,0.02893,0.08364,0.5018,1575.0,1724.0,2263.0,966.0,957.0,912.0,567.0,562.0,537.0,-0.35746,0.93393,-0.66769,0.74444,60,2017-03-13,94,1207.0,-0.22265,train
2016-12-12,bpi_value,1469.0,7.29234,1508.0,1547.0,1565.0,1541.0,1486.0,1400.0,1382.0,1011.0,905.0,650.0,1528.71,32.52,1474.07,65.07,1262.23,251.12,1027.08,301.44,909.7,297.43,-0.0262,-0.01151,0.06105,0.4844,1464.0,1575.0,2206.0,968.0,966.0,917.0,576.0,567.0,541.0,-0.30881,0.95112,-0.58744,0.80927,60,2017-03-14,92,1185.0,-0.21484,train
2016-12-13,bpi_value,1419.0,7.25771,1469.0,1508.0,1547.0,1563.0,1508.0,1424.0,1387.0,1058.0,895.0,657.0,1516.0,50.54,1476.36,62.48,1279.7,243.07,1039.78,301.63,918.38,300.75,-0.03463,-0.06083,0.02281,0.46088,1404.0,1464.0,2193.0,972.0,968.0,921.0,584.0,576.0,543.0,-0.29241,0.95629,-0.55925,0.829,60,2017-03-15,92,1150.0,-0.21019,train
2016-12-14,bpi_value,1332.0,7.19444,1419.0,1469.0,1508.0,1565.0,1541.0,1465.0,1385.0,1162.0,885.0,673.0,1486.14,80.06,1472.57,69.15,1294.6,231.86,1050.77,300.07,926.04,302.4,-0.06327,-0.14575,-0.03902,0.40885,1169.0,1404.0,2137.0,975.0,972.0,929.0,590.0,584.0,548.0,-0.27591,0.96118,-0.53041,0.84774,60,2017-03-16,92,1129.0,-0.16535,train
2016-12-15,bpi_value,1234.0,7.11802,1332.0,1419.0,1469.0,1547.0,1563.0,1486.0,1389.0,1263.0,886.0,700.0,1439.14,111.53,1461.5,90.7,1306.2,219.5,1059.67,297.45,932.43,302.77,-0.07642,-0.23635,-0.11832,0.3313,1058.0,1169.0,2067.0,968.0,975.0,934.0,596.0,590.0,552.0,-0.25934,0.96579,-0.50093,0.86549,60,2017-03-17,92,1108.0,-0.1077,train
2016-12-16,bpi_value,1126.0,7.02643,1234.0,1332.0,1419.0,1508.0,1565.0,1508.0,1400.0,1353.0,885.0,722.0,1376.43,142.31,1441.93,124.95,1314.23,208.05,1066.4,294.28,937.31,302.31,-0.09159,-0.32921,-0.2178,0.24084,1048.0,1058.0,1935.0,960.0,968.0,941.0,600.0,596.0,557.0,-0.24269,0.9701,-0.47086,0.88221,60,2017-03-20,94,1103.0,-0.02064,train
2016-12-19,bpi_value,1037.0,6.94409,1126.0,1234.0,1332.0,1469.0,1547.0,1541.0,1424.0,1388.0,889.0,739.0,1303.57,165.06,1414.29,162.9,1319.17,199.49,1071.37,291.21,941.02,301.46,-0.08234,-0.39999,-0.31714,0.15399,1039.0,1048.0,1724.0,953.0,960.0,957.0,605.0,600.0,562.0,-0.19232,0.98133,-0.37746,0.92602,60,2017-03-21,92,1101.0,0.05989,train
2016-12-20,bpi_value,976.0,6.88346,1037.0,1126.0,1234.0,1419.0,1508.0,1563.0,1465.0,1387.0,903.0,750.0,1227.57,175.58,1379.36,197.12,1321.6,194.79,1075.13,288.48,943.94,300.51,-0.06062,-0.43508,-0.40615,0.07774,1044.0,1039.0,1575.0,941.0,953.0,966.0,605.0,605.0,567.0,-0.17541,0.9845,-0.34539,0.93846,60,2017-03-22,92,1119.0,0.13673,train
2016-12-21,bpi_value,905.0,6.80793,976.0,1037.0,1126.0,1332.0,1469.0,1565.0,1486.0,1382.0,927.0,751.0,1147.0,175.71,1337.86,228.89,1320.87,196.31,1077.7,286.26,945.99,299.61,-0.07553,-0.4844,-0.49591,-0.02402,1144.0,1044.0,1464.0,926.0,941.0,968.0,604.0,605.0,576.0,-0.15845,0.98737,-0.3129,0.94979,60,2017-03-23,92,1170.0,0.25682,train
2016-12-22,bpi_value,866.0,6.76388,905.0,976.0,1037.0,1234.0,1419.0,1547.0,1508.0,1387.0,956.0,741.0,1068.0,159.2,1292.0,253.23,1317.87,202.45,1079.78,284.25,947.54,298.82,-0.04405,-0.49382,-0.55465,-0.09887,1219.0,1144.0,1404.0,914.0,926.0,972.0,601.0,604.0,584.0,-0.14144,0.98995,-0.28004,0.95999,60,2017-03-24,92,1218.0,0.34108,train
2016-12-23,bpi_value,852.0,6.74759,866.0,905.0,976.0,1126.0,1332.0,1508.0,1541.0,1385.0,1011.0,726.0,999.43,131.72,1242.79,266.65,1312.57,212.26,1081.88,282.09,948.93,298.09,-0.0163,-0.44685,-0.5926,-0.17111,1385.0,1219.0,1169.0,903.0,914.0,975.0,597.0,601.0,590.0,-0.12439,0.99223,-0.24686,0.96905,60,2017-03-27,94,1253.0,0.38571,train
2017-01-03,bpi_value,811.0,6.69827,852.0,866.0,905.0,1037.0,1234.0,1469.0,1563.0,1389.0,1058.0,713.0,939.0,104.46,1189.07,272.42,1304.33,226.3,1083.52,280.22,949.87,297.52,-0.04932,-0.41975,-0.65609,-0.26587,1538.0,1385.0,1058.0,843.0,903.0,968.0,559.0,597.0,596.0,0.05158,0.99867,0.10303,0.99468,60,2017-03-28,84,1306.0,0.47646,train
2017-01-04,bpi_value,807.0,6.69332,811.0,852.0,866.0,976.0,1126.0,1419.0,1565.0,1400.0,1162.0,705.0,893.43,79.55,1134.93,267.6,1292.5,242.16,1085.22,278.22,950.82,296.92,-0.00494,-0.3331,-0.66232,-0.36457,1674.0,1538.0,1048.0,820.0,843.0,960.0,539.0,559.0,600.0,0.06876,0.99763,0.13719,0.99055,60,2017-03-29,84,1346.0,0.51157,train
2017-01-05,bpi_value,837.0,6.72982,807.0,811.0,852.0,905.0,1037.0,1332.0,1547.0,1424.0,1263.0,699.0,864.86,54.97,1084.21,251.5,1278.3,255.59,1087.52,275.58,952.19,296.11,0.0365,-0.21426,-0.61425,-0.41142,1759.0,1674.0,1039.0,795.0,820.0,953.0,521.0,539.0,605.0,0.08591,0.9963,0.17118,0.98524,60,2017-03-30,84,1366.0,0.48982,train
2017-01-06,bpi_value,892.0,6.79347,837.0,807.0,811.0,866.0,976.0,1234.0,1508.0,1465.0,1353.0,704.0,852.86,34.91,1040.21,226.11,1262.93,264.35,1090.65,272.25,954.26,295.03,0.06364,-0.09,-0.52507,-0.41661,1658.0,1759.0,1044.0,783.0,795.0,941.0,508.0,521.0,605.0,0.10303,0.99468,0.20497,0.97877,60,2017-03-31,84,1374.0,0.43202,train
2017-01-09,bpi_value,927.0,6.83195,892.0,837.0,807.0,852.0,905.0,1126.0,1469.0,1486.0,1388.0,717.0,856.0,40.07,1001.5,193.42,1247.57,269.97,1094.15,268.75,956.78,293.81,0.03849,0.02402,-0.46038,-0.40367,1598.0,1658.0,1144.0,772.0,783.0,926.0,498.0,508.0,604.0,0.1542,0.98804,0.30472,0.95244,60,2017-04-03,84,1379.0,0.39716,train
2017-01-10,bpi_value,973.0,6.88038,927.0,892.0,837.0,811.0,866.0,1037.0,1419.0,1508.0,1387.0,729.0,871.29,57.56,969.64,154.93,1233.77,273.05,1098.22,265.02,959.96,292.42,0.04843,0.1165,-0.37732,-0.35451,1470.0,1598.0,1219.0,766.0,772.0,914.0,489.0,498.0,601.0,0.17118,0.98524,0.3373,0.9414,60,2017-04-04,84,1377.0,0.34728,train
2017-01-11,bpi_value,1021.0,6.92854,973.0,927.0,892.0,807.0,852.0,976.0,1332.0,1541.0,1382.0,745.0,895.43,76.68,947.43,119.66,1221.73,274.21,1102.82,261.21,963.81,290.91,0.04815,0.18095,-0.2659,-0.30275,1326.0,1470.0,1385.0,758.0,766.0,903.0,477.0,489.0,597.0,0.1881,0.98215,0.36948,0.92924,60,2017-04-05,84,1371.0,0.29476,train
2017-01-12,bpi_value,1038.0,6.94505,1021.0,973.0,927.0,837.0,811.0,905.0,1234.0,1563.0,1387.0,763.0,927.86,81.93,933.43,94.04,1210.1,274.35,1107.4,257.6,968.01,289.22,0.01651,0.24678,-0.17297,-0.28985,1294.0,1326.0,1538.0,748.0,758.0,843.0,466.0,477.0,559.0,0.20497,0.97877,0.40123,0.91598,60,2017-04-06,84,1387.0,0.28985,train
2017-01-13,bpi_value,1042.0,6.9489,1038.0,1021.0,973.0,892.0,807.0,866.0,1126.0,1565.0,1385.0,790.0,961.43,73.22,927.43,83.67,1198.67,273.97,1111.6,254.42,972.34,287.37,0.00385,0.25557,-0.07753,-0.28456,1383.0,1294.0,1674.0,739.0,748.0,820.0,459.0,466.0,539.0,0.22177,0.9751,0.4325,0.90163,60,2017-04-07,84,1427.0,0.31443,train
2017-01-16,bpi_value,1039.0,6.94601,1042.0,1038.0,1021.0,927.0,837.0,852.0,1037.0,1547.0,1389.0,819.0,990.29,56.36,927.57,83.86,1187.0,273.07,1115.27,251.75,976.73,285.33,-0.00288,0.21619,0.00193,-0.29033,1468.0,1383.0,1759.0,733.0,739.0,795.0,455.0,459.0,521.0,0.27178,0.96236,0.52309,0.85227,60,2017-04-10,84,1466.0,0.34428,train
2017-01-17,bpi_value,1019.0,6.92658,1039.0,1042.0,1038.0,973.0,892.0,811.0,976.0,1508.0,1400.0,838.0,1008.43,39.81,930.64,86.33,1174.3,271.72,1118.28,249.49,980.94,283.11,-0.01944,0.13311,0.04311,-0.31765,1509.0,1468.0,1658.0,730.0,733.0,783.0,451.0,455.0,508.0,0.28829,0.95754,0.5521,0.83378,60,2017-04-11,84,1533.0,0.4084,train
2017-01-18,bpi_value,998.0,6.90575,1019.0,1039.0,1042.0,1021.0,927.0,807.0,905.0,1469.0,1424.0,860.0,1018.57,23.45,937.29,87.67,1160.1,269.42,1120.58,247.72,984.91,280.82,-0.02082,0.0738,0.09782,-0.35547,1673.0,1509.0,1598.0,725.0,730.0,772.0,448.0,451.0,498.0,0.30472,0.95244,0.58045,0.81429,60,2017-04-12,84,1583.0,0.46132,train
2017-01-19,bpi_value,981.0,6.88857,998.0,1019.0,1039.0,1038.0,973.0,837.0,866.0,1419.0,1465.0,885.0,1019.71,21.3,945.5,85.97,1143.97,265.14,1122.18,246.5,988.61,278.54,-0.01718,0.00819,0.12469,-0.40104,1665.0,1673.0,1470.0,722.0,725.0,766.0,446.0,448.0,489.0,0.32106,0.94706,0.60812,0.79384,60,2017-04-13,84,1611.0,0.49604,train
2017-01-20,bpi_value,970.0,6.8773,981.0,998.0,1019.0,1042.0,1021.0,892.0,852.0,1332.0,1486.0,905.0,1012.43,27.45,953.93,82.09,1126.77,259.06,1123.27,245.69,992.11,276.29,-0.01128,-0.05124,0.12971,-0.42655,1610.0,1665.0,1326.0,718.0,722.0,758.0,441.0,446.0,477.0,0.3373,0.9414,0.63507,0.77246,60,2017-04-18,88,1621.0,0.5135,train
2017-01-23,bpi_value,962.0,6.86901,970.0,981.0,998.0,1039.0,1038.0,927.0,811.0,1234.0,1508.0,915.0,1001.57,30.09,964.71,71.89,1108.57,250.68,1124.05,245.1,995.49,274.04,-0.00828,-0.07604,0.17075,-0.44953,1579.0,1610.0,1294.0,714.0,718.0,748.0,437.0,441.0,466.0,0.38541,0.92274,0.71128,0.70291,60,2017-04-19,86,1612.0,0.51622,train
2017-01-24,bpi_value,964.0,6.87109,962.0,970.0,981.0,1019.0,1042.0,973.0,807.0,1126.0,1541.0,923.0,990.43,27.37,975.93,57.14,1089.33,238.61,1124.73,244.59,998.88,271.73,0.00208,-0.07781,0.17777,-0.4691,1466.0,1579.0,1383.0,708.0,714.0,739.0,432.0,437.0,459.0,0.40123,0.91598,0.73503,0.67803,60,2017-04-20,86,1553.0,0.47685,train
2017-01-25,bpi_value,972.0,6.87936,964.0,962.0,970.0,998.0,1039.0,1021.0,837.0,1037.0,1563.0,925.0,980.86,19.22,985.57,42.37,1069.63,222.55,1125.52,244.03,1002.39,269.31,0.00826,-0.06666,0.14953,-0.47501,1369.0,1466.0,1468.0,702.0,708.0,733.0,428.0,432.0,455.0,0.41693,0.90894,0.75792,0.65235,60,2017-04-21,86,1494.0,0.42986,train
2017-01-26,bpi_value,973.0,6.88038,972.0,964.0,962.0,981.0,1019.0,1038.0,892.0,976.0,1565.0,925.0,974.29,11.27,991.36,33.87,1049.9,203.15,1126.32,243.45,1005.99,266.71,0.00103,-0.04619,0.08692,-0.47526,1287.0,1369.0,1509.0,696.0,702.0,730.0,424.0,428.0,451.0,0.4325,0.90163,0.77991,0.62589,60,2017-04-24,88,1429.0,0.38435,train
2017-01-27,bpi_value,968.0,6.87523,973.0,972.0,964.0,970.0,998.0,1042.0,927.0,905.0,1547.0,921.0,970.0,5.83,994.29,29.69,1030.6,181.34,1127.1,242.86,1009.58,263.99,-0.00515,-0.03052,0.04328,-0.46884,1239.0,1287.0,1673.0,692.0,696.0,725.0,419.0,424.0,448.0,0.44794,0.89406,0.80098,0.59869,60,2017-04-25,88,1371.0,0.34806,train
2017-01-30,bpi_value,964.0,6.87109,968.0,973.0,972.0,962.0,981.0,1039.0,973.0,866.0,1508.0,913.0,967.57,3.99,993.64,30.24,1012.47,158.45,1127.95,242.2,1013.11,261.21,-0.00414,-0.01748,-0.00929,-0.44745,1205.0,1239.0,1665.0,688.0,692.0,722.0,415.0,419.0,446.0,0.49347,0.86976,0.8584,0.51298,60,2017-04-26,86,1320.0,0.3143,train
2017-01-31,bpi_value,951.0,6.85751,964.0,968.0,973.0,964.0,970.0,1019.0,1021.0,852.0,1469.0,905.0,964.86,6.85,988.64,31.08,995.2,134.11,1128.72,241.56,1016.46,258.46,-0.01358,-0.01978,-0.07102,-0.43482,1167.0,1205.0,1610.0,679.0,688.0,718.0,402.0,415.0,441.0,0.50836,0.86115,0.87554,0.48315,60,2017-04-27,86,1260.0,0.28135,train
2017-02-01,bpi_value,933.0,6.83841,951.0,964.0,968.0,972.0,962.0,998.0,1038.0,811.0,1419.0,895.0,960.71,13.18,981.14,30.93,979.0,108.93,1129.35,241.0,1019.52,255.8,-0.01911,-0.03061,-0.10665,-0.4193,1122.0,1167.0,1579.0,674.0,679.0,714.0,395.0,402.0,437.0,0.52309,0.85227,0.89164,0.45274,60,2017-04-28,86,1187.0,0.24078,train
2017-02-02,bpi_value,926.0,6.83087,933.0,951.0,964.0,973.0,964.0,981.0,1042.0,807.0,1332.0,885.0,955.29,17.74,972.86,29.0,965.47,87.31,1130.03,240.36,1022.33,253.35,-0.00753,-0.04022,-0.11802,-0.36356,1064.0,1122.0,1466.0,670.0,674.0,708.0,386.0,395.0,432.0,0.53768,0.84315,0.90669,0.42181,60,2017-05-02,89,1140.0,0.20791,train
2017-02-03,bpi_value,922.0,6.82655,926.0,933.0,951.0,968.0,972.0,970.0,1039.0,837.0,1234.0,886.0,948.14,19.55,964.5,25.36,955.07,71.93,1130.63,239.79,1024.8,251.27,-0.00433,-0.05281,-0.11947,-0.29147,981.0,1064.0,1369.0,667.0,670.0,702.0,382.0,386.0,428.0,0.5521,0.83378,0.92066,0.39037,60,2017-05-03,89,1096.0,0.17288,train
2017-02-06,bpi_value,922.0,6.82655,922.0,926.0,933.0,964.0,973.0,962.0,1019.0,892.0,1126.0,885.0,940.86,18.4,957.57,22.63,948.27,64.73,1131.25,239.21,1027.02,249.46,0.0,-0.05384,-0.10003,-0.19988,911.0,981.0,1287.0,665.0,667.0,696.0,377.0,382.0,424.0,0.59438,0.80419,0.95598,0.29343,60,2017-05-04,87,1048.0,0.12809,train
2017-02-07,bpi_value,931.0,6.83626,922.0,922.0,926.0,951.0,968.0,964.0,998.0,927.0,1037.0,889.0,935.57,14.8,952.79,20.56,944.73,62.65,1131.95,238.56,1029.16,247.81,0.00971,-0.03897,-0.06949,-0.10783,803.0,911.0,1239.0,663.0,665.0,692.0,375.0,377.0,419.0,0.60812,0.79384,0.96551,0.26038,60,2017-05-05,87,1023.0,0.09424,train
2017-02-08,bpi_value,934.0,6.83948,931.0,922.0,922.0,933.0,964.0,972.0,981.0,973.0,976.0,903.0,931.29,9.25,949.43,19.49,943.33,62.41,1132.47,238.1,1031.2,246.25,0.00322,-0.03161,-0.0491,-0.04399,725.0,803.0,1205.0,665.0,663.0,688.0,378.0,375.0,415.0,0.62169,0.78327,0.97389,0.22701,60,2017-05-08,89,1009.0,0.07724,train
2017-02-09,bpi_value,940.0,6.84588,934.0,931.0,922.0,926.0,951.0,973.0,970.0,1021.0,905.0,927.0,929.71,6.2,947.29,18.75,944.5,62.0,1132.68,237.91,1033.3,244.65,0.0064,-0.01163,-0.03142,0.03794,728.0,725.0,1167.0,668.0,665.0,679.0,377.0,378.0,402.0,0.63507,0.77246,0.98112,0.19338,60,2017-05-09,89,1007.0,0.06885,train
2017-02-10,bpi_value,943.0,6.84907,940.0,934.0,931.0,922.0,933.0,968.0,962.0,1038.0,866.0,956.0,931.14,7.75,945.93,18.32,947.07,60.27,1132.47,238.08,1035.54,242.88,0.00319,0.01066,-0.01995,0.08518,687.0,728.0,1122.0,672.0,668.0,674.0,377.0,377.0,395.0,0.64826,0.76142,0.9872,0.15951,60,2017-05-10,89,1011.0,0.06963,train
2017-02-13,bpi_value,944.0,6.85013,943.0,940.0,934.0,922.0,926.0,964.0,964.0,1042.0,852.0,1011.0,933.71,8.56,944.5,17.62,950.13,57.64,1131.35,238.8,1037.97,240.86,0.00106,0.01925,-0.02097,0.10254,609.0,687.0,1064.0,676.0,672.0,670.0,376.0,377.0,386.0,0.68668,0.72696,0.99838,0.05695,60,2017-05-11,87,1006.0,0.06361,train
2017-02-14,bpi_value,939.0,6.84482,944.0,943.0,940.0,931.0,922.0,951.0,972.0,1039.0,811.0,1058.0,936.14,7.2,942.14,15.91,954.4,51.6,1129.37,239.9,1040.48,238.63,-0.00531,0.01827,-0.03454,0.14655,567.0,609.0,981.0,681.0,676.0,667.0,379.0,376.0,382.0,0.69908,0.71504,0.99975,0.02258,60,2017-05-12,87,992.0,0.05491,train
2017-02-15,bpi_value,933.0,6.83841,939.0,944.0,943.0,934.0,922.0,933.0,973.0,1019.0,807.0,1162.0,937.71,4.71,939.29,13.52,958.6,44.0,1125.55,241.17,1043.01,236.25,-0.00641,0.01186,-0.04198,0.14508,556.0,567.0,911.0,689.0,681.0,665.0,382.0,379.0,377.0,0.71128,0.70291,0.99993,-0.01183,60,2017-05-15,89,978.0,0.0471,train
2017-02-16,bpi_value,923.0,6.82763,933.0,939.0,944.0,940.0,931.0,926.0,968.0,998.0,837.0,1263.0,936.57,6.74,936.07,11.51,961.47,38.44,1119.88,241.86,1045.5,233.78,-0.01078,-0.00863,-0.0476,0.09781,620.0,556.0,803.0,707.0,689.0,663.0,387.0,382.0,375.0,0.72326,0.69057,0.99893,-0.04622,60,2017-05-16,89,956.0,0.03513,train
2017-02-17,bpi_value,917.0,6.82111,923.0,933.0,939.0,943.0,934.0,922.0,964.0,981.0,892.0,1353.0,934.14,9.66,932.71,9.57,962.3,37.17,1112.62,241.3,1047.87,231.38,-0.00652,-0.01837,-0.04998,0.02764,739.0,620.0,725.0,729.0,707.0,665.0,391.0,387.0,378.0,0.73503,0.67803,0.99675,-0.08055,60,2017-05-17,89,925.0,0.00869,train
2017-02-20,bpi_value,909.0,6.81235,917.0,923.0,933.0,944.0,940.0,922.0,951.0,970.0,927.0,1388.0,929.71,12.61,929.71,9.94,961.7,37.88,1104.63,239.98,1050.0,229.19,-0.00876,-0.03353,-0.04517,-0.01961,791.0,739.0,728.0,747.0,729.0,668.0,396.0,391.0,377.0,0.76903,0.63921,0.98315,-0.18282,60,2017-05-18,87,894.0,-0.01664,train
2017-02-21,bpi_value,906.0,6.80904,909.0,917.0,923.0,939.0,943.0,931.0,933.0,962.0,973.0,1387.0,924.43,13.65,927.79,11.6,959.47,39.1,1096.62,238.44,1051.97,227.18,-0.00331,-0.04003,-0.02937,-0.07134,856.0,791.0,687.0,764.0,747.0,672.0,402.0,396.0,377.0,0.77991,0.62589,0.97628,-0.21653,60,2017-05-19,87,870.0,-0.04055,train
2017-02-22,bpi_value,908.0,6.81124,906.0,909.0,917.0,933.0,944.0,934.0,926.0,964.0,1021.0,1382.0,919.29,11.98,926.5,12.67,955.7,38.43,1088.72,236.7,1053.78,225.37,0.00221,-0.03888,-0.01963,-0.11729,951.0,856.0,609.0,783.0,764.0,676.0,410.0,402.0,376.0,0.79056,0.61238,0.96825,-0.24998,60,2017-05-22,89,854.0,-0.06131,train
2017-02-23,bpi_value,927.0,6.83195,908.0,906.0,909.0,923.0,939.0,940.0,922.0,972.0,1038.0,1387.0,917.57,9.68,926.86,12.61,952.0,35.56,1081.05,234.35,1055.6,223.66,0.02071,-0.01286,0.00541,-0.1131,1134.0,951.0,567.0,797.0,783.0,681.0,420.0,410.0,379.0,0.80098,0.59869,0.95908,-0.28314,60,2017-05-23,89,850.0,-0.08672,train
2017-02-24,bpi_value,947.0,6.8533,927.0,908.0,906.0,917.0,933.0,943.0,922.0,973.0,1042.0,1385.0,919.57,13.39,928.64,13.53,948.83,31.39,1073.75,231.57,1057.34,222.19,0.02135,0.01489,0.02675,-0.0956,1165.0,1134.0,556.0,809.0,797.0,689.0,428.0,420.0,382.0,0.81116,0.58482,0.94877,-0.31596,60,2017-05-24,89,849.0,-0.10924,train
2017-02-27,bpi_value,966.0,6.87316,947.0,927.0,908.0,909.0,923.0,944.0,931.0,968.0,1039.0,1389.0,925.71,21.16,931.14,16.62,946.4,26.8,1066.7,228.29,1058.98,220.97,0.01986,0.04553,0.0369,-0.07285,1151.0,1165.0,620.0,817.0,809.0,707.0,436.0,428.0,387.0,0.84025,0.5422,0.91117,-0.41203,60,2017-05-25,87,848.0,-0.13028,train
2017-02-28,bpi_value,995.0,6.90274,966.0,947.0,927.0,906.0,917.0,939.0,934.0,964.0,1019.0,1400.0,936.86,31.6,935.5,23.41,945.6,24.91,1059.95,224.28,1060.72,219.84,0.02958,0.08164,0.06327,-0.02383,1021.0,1151.0,739.0,825.0,817.0,729.0,444.0,436.0,391.0,0.84945,0.52767,0.89646,-0.44313,60,2017-05-26,87,845.0,-0.16341,train
2017-03-01,bpi_value,1041.0,6.94794,995.0,966.0,947.0,908.0,909.0,933.0,940.0,951.0,998.0,1424.0,955.71,45.62,942.71,35.91,947.03,28.82,1053.57,219.22,1062.73,218.82,0.04519,0.13559,0.10206,0.04218,994.0,1021.0,791.0,833.0,825.0,747.0,451.0,444.0,396.0,0.8584,0.51298,0.88068,-0.47371,60,2017-05-30,90,842.0,-0.21216,train
2017-03-02,bpi_value,1084.0,6.98841,1041.0,995.0,966.0,927.0,906.0,923.0,943.0,933.0,981.0,1465.0,981.14,58.59,952.79,51.12,950.47,37.49,1047.22,212.63,1064.94,218.01,0.04048,0.17937,0.13935,0.09984,1097.0,994.0,856.0,840.0,833.0,764.0,457.0,451.0,402.0,0.8671,0.49814,0.86387,-0.50372,60,2017-05-31,90,829.0,-0.26819,train
2017-03-03,bpi_value,1118.0,7.0193,1084.0,1041.0,995.0,947.0,908.0,917.0,944.0,926.0,970.0,1486.0,1011.14,66.67,965.21,66.36,955.4,48.0,1041.08,205.06,1067.31,217.42,0.03088,0.20805,0.16917,0.142,1227.0,1097.0,951.0,846.0,840.0,783.0,462.0,457.0,410.0,0.87554,0.48315,0.84603,-0.53314,60,2017-06-01,90,810.0,-0.32226,train
2017-03-06,bpi_value,1154.0,7.05099,1118.0,1084.0,1041.0,966.0,927.0,909.0,939.0,922.0,962.0,1508.0,1043.57,72.78,980.57,81.63,961.8,59.8,1035.18,196.45,1069.97,217.0,0.03169,0.21904,0.20617,0.18197,1345.0,1227.0,1134.0,852.0,846.0,797.0,468.0,462.0,420.0,0.8993,0.43734,0.7866,-0.61747,60,2017-06-02,88,792.0,-0.37643,train
2017-03-07,bpi_value,1194.0,7.08506,1154.0,1118.0,1084.0,995.0,947.0,906.0,933.0,922.0,964.0,1541.0,1078.86,77.15,999.21,97.0,969.47,72.9,1029.4,186.33,1072.98,216.82,0.03407,0.23177,0.24666,0.21397,1556.0,1345.0,1165.0,861.0,852.0,809.0,477.0,468.0,428.0,0.90669,0.42181,0.76489,-0.64416,60,2017-06-05,90,789.0,-0.4143,train
2017-03-08,bpi_value,1220.0,7.10661,1194.0,1154.0,1118.0,1041.0,966.0,908.0,923.0,931.0,972.0,1563.0,1115.14,75.25,1020.43,109.66,977.73,85.66,1023.68,174.77,1076.26,216.79,0.02154,0.23344,0.27898,0.22725,1578.0,1556.0,1151.0,868.0,861.0,817.0,485.0,477.0,436.0,0.91381,0.40615,0.74228,-0.67009,60,2017-06-06,90,783.0,-0.44347,train
2017-03-09,bpi_value,1220.0,7.10661,1220.0,1194.0,1154.0,1084.0,995.0,927.0,917.0,934.0,973.0,1565.0,1147.29,64.32,1042.07,116.78,985.97,96.05,1017.93,162.08,1079.53,216.71,0.0,0.20386,0.2855,0.22622,1678.0,1578.0,1021.0,872.0,868.0,825.0,491.0,485.0,444.0,0.92066,0.39037,0.71879,-0.69523,60,2017-06-07,90,783.0,-0.44347,train
2017-03-10,bpi_value,1211.0,7.0992,1220.0,1220.0,1194.0,1118.0,1041.0,947.0,909.0,940.0,968.0,1547.0,1171.57,50.14,1063.64,118.09,994.07,104.11,1012.33,148.98,1082.76,216.48,-0.0074,0.15126,0.28686,0.22397,1789.0,1678.0,994.0,874.0,872.0,833.0,495.0,491.0,451.0,0.92724,0.37447,0.69445,-0.71954,60,2017-06-08,90,793.0,-0.42338,train
2017-03-13,bpi_value,1207.0,7.09589,1211.0,1220.0,1220.0,1154.0,1084.0,966.0,906.0,943.0,964.0,1508.0,1189.14,35.9,1085.14,114.79,1002.17,110.7,1007.32,136.77,1086.02,216.12,-0.00331,0.10748,0.28685,0.2248,1843.0,1789.0,1097.0,875.0,874.0,840.0,499.0,495.0,457.0,0.94532,0.32614,0.61662,-0.78726,60,2017-06-09,88,813.0,-0.39516,train
2017-03-14,bpi_value,1185.0,7.0775,1207.0,1211.0,1220.0,1194.0,1118.0,995.0,908.0,944.0,951.0,1469.0,1198.71,21.83,1104.93,106.1,1009.97,114.98,1002.58,125.13,1089.13,215.5,-0.0184,0.0582,0.26625,0.21998,1929.0,1843.0,1227.0,877.0,875.0,846.0,502.0,499.0,462.0,0.95079,0.30983,0.58918,-0.808,60,2017-06-12,90,833.0,-0.35246,train
2017-03-15,bpi_value,1150.0,7.04752,1185.0,1207.0,1211.0,1220.0,1154.0,1041.0,927.0,939.0,933.0,1419.0,1198.14,23.01,1120.86,94.27,1017.2,116.72,998.1,114.5,1091.97,214.61,-0.02998,-0.00347,0.21556,0.20911,2136.0,1929.0,1345.0,877.0,877.0,852.0,505.0,502.0,468.0,0.95598,0.29343,0.56103,-0.82779,60,2017-06-13,90,865.0,-0.28479,train
2017-03-16,bpi_value,1129.0,7.02909,1150.0,1185.0,1207.0,1220.0,1194.0,1084.0,947.0,933.0,926.0,1332.0,1188.86,33.52,1133.86,81.01,1023.97,117.12,994.72,107.36,1094.68,213.51,-0.01843,-0.05598,0.17579,0.19821,2265.0,2136.0,1556.0,877.0,877.0,861.0,508.0,505.0,477.0,0.96089,0.27695,0.53223,-0.8466,60,2017-06-14,90,903.0,-0.22337,train
2017-03-17,bpi_value,1108.0,7.01031,1129.0,1150.0,1185.0,1211.0,1220.0,1118.0,966.0,923.0,922.0,1234.0,1172.86,40.78,1144.0,67.05,1030.17,116.48,992.62,103.83,1097.14,212.37,-0.01878,-0.09629,0.13715,0.18377,2413.0,2265.0,1578.0,879.0,877.0,868.0,508.0,508.0,485.0,0.96551,0.26038,0.50279,-0.86441,60,2017-06-15,90,938.0,-0.16656,train
2017-03-20,bpi_value,1103.0,7.00579,1108.0,1129.0,1150.0,1207.0,1220.0,1154.0,995.0,917.0,922.0,1126.0,1156.14,41.99,1151.71,54.5,1036.2,115.4,992.23,103.38,1099.57,211.17,-0.00452,-0.10082,0.10305,0.17924,2466.0,2413.0,1678.0,884.0,879.0,872.0,510.0,508.0,491.0,0.97765,0.21022,0.41105,-0.91161,60,2017-06-16,88,964.0,-0.1347,train
2017-03-21,bpi_value,1101.0,7.00397,1103.0,1108.0,1129.0,1185.0,1211.0,1194.0,1041.0,909.0,931.0,1037.0,1140.43,39.0,1156.0,47.54,1041.87,114.27,993.3,104.16,1101.92,209.99,-0.00181,-0.09523,0.05604,0.16771,2441.0,2466.0,1789.0,886.0,884.0,874.0,512.0,510.0,495.0,0.98112,0.19338,0.37945,-0.92521,60,2017-06-19,90,984.0,-0.11235,train
2017-03-22,bpi_value,1119.0,7.02019,1101.0,1103.0,1108.0,1150.0,1207.0,1220.0,1084.0,906.0,934.0,976.0,1127.86,28.21,1158.5,44.51,1048.03,113.27,995.68,105.37,1104.32,208.93,0.01622,-0.0757,0.03178,0.18071,2378.0,2441.0,1843.0,888.0,886.0,875.0,516.0,512.0,499.0,0.98431,0.17647,0.3474,-0.93772,60,2017-06-20,90,1017.0,-0.09558,train
2017-03-23,bpi_value,1170.0,7.06476,1119.0,1101.0,1103.0,1129.0,1185.0,1220.0,1118.0,908.0,940.0,905.0,1125.71,24.05,1162.21,43.12,1055.7,113.48,1000.1,107.02,1107.02,208.19,0.04457,-0.01274,0.04546,0.21888,2345.0,2378.0,1929.0,892.0,888.0,877.0,521.0,516.0,502.0,0.9872,0.15951,0.31494,-0.94911,60,2017-06-21,90,1070.0,-0.08935,train
2017-03-24,bpi_value,1218.0,7.10497,1170.0,1119.0,1101.0,1108.0,1150.0,1211.0,1154.0,927.0,943.0,866.0,1135.43,40.2,1166.79,45.34,1064.87,115.1,1005.97,109.13,1109.93,207.89,0.04021,0.05745,0.05398,0.2559,2482.0,2345.0,2136.0,896.0,892.0,877.0,526.0,521.0,505.0,0.98979,0.14251,0.28211,-0.95938,60,2017-06-22,90,1109.0,-0.09375,train
2017-03-27,bpi_value,1253.0,7.1333,1218.0,1170.0,1119.0,1103.0,1129.0,1207.0,1194.0,947.0,944.0,852.0,1153.14,57.19,1171.0,50.16,1075.17,117.62,1012.65,111.74,1112.62,208.16,0.02833,0.10421,0.04823,0.28317,2620.0,2482.0,2265.0,895.0,896.0,877.0,530.0,526.0,508.0,0.99583,0.09126,0.18176,-0.98334,60,2017-06-23,88,1138.0,-0.09627,train
2017-03-28,bpi_value,1306.0,7.17472,1253.0,1218.0,1170.0,1101.0,1108.0,1185.0,1220.0,966.0,939.0,811.0,1181.43,74.28,1177.14,60.07,1087.4,121.83,1020.9,114.78,1115.38,209.06,0.04143,0.16441,0.06812,0.32991,2765.0,2620.0,2413.0,893.0,895.0,879.0,535.0,530.0,508.0,0.99725,0.07412,0.14783,-0.98901,60,2017-06-26,90,1145.0,-0.13156,train
2017-03-29,bpi_value,1346.0,7.20489,1306.0,1253.0,1218.0,1119.0,1103.0,1150.0,1220.0,995.0,933.0,807.0,1216.14,85.46,1186.14,73.71,1101.17,126.84,1029.88,118.72,1117.42,210.4,0.03017,0.1991,0.09829,0.36649,2755.0,2765.0,2466.0,885.0,893.0,884.0,538.0,535.0,510.0,0.99838,0.05695,0.11372,-0.99351,60,2017-06-27,90,1151.0,-0.15651,train
2017-03-30,bpi_value,1366.0,7.21964,1346.0,1306.0,1253.0,1170.0,1101.0,1129.0,1211.0,1041.0,923.0,837.0,1254.0,84.76,1197.21,87.05,1115.93,130.96,1038.7,123.61,1118.57,211.47,0.01475,0.21567,0.12044,0.39201,2690.0,2755.0,2441.0,882.0,885.0,886.0,539.0,538.0,512.0,0.99921,0.03977,0.07948,-0.99684,60,2017-06-28,90,1150.0,-0.17212,train
2017-03-31,bpi_value,1374.0,7.22548,1366.0,1346.0,1306.0,1218.0,1119.0,1108.0,1207.0,1084.0,917.0,892.0,1290.43,72.88,1209.14,98.29,1131.17,133.49,1046.73,129.34,1118.8,211.74,0.00584,0.20529,0.12959,0.40437,2597.0,2690.0,2378.0,881.0,882.0,888.0,540.0,539.0,516.0,0.99975,0.02258,0.04514,-0.99898,60,2017-06-29,90,1119.0,-0.20529,train
2017-04-03,bpi_value,1379.0,7.22911,1374.0,1366.0,1346.0,1253.0,1170.0,1103.0,1185.0,1118.0,909.0,927.0,1320.29,58.89,1223.0,107.18,1146.83,134.07,1054.27,135.18,1118.7,211.61,0.00363,0.16435,0.15162,0.41677,2518.0,2597.0,2345.0,882.0,881.0,892.0,541.0,540.0,521.0,0.99958,-0.02903,-0.05803,-0.99832,60,2017-06-30,88,1091.0,-0.23426,train
2017-04-04,bpi_value,1377.0,7.22766,1379.0,1374.0,1366.0,1306.0,1218.0,1101.0,1150.0,1154.0,906.0,973.0,1343.0,43.79,1239.21,111.97,1162.53,132.52,1061.0,140.9,1118.59,211.47,-0.00145,0.1227,0.18015,0.41862,2382.0,2518.0,2482.0,881.0,882.0,896.0,542.0,541.0,526.0,0.99893,-0.04622,-0.09233,-0.99573,60,2017-07-03,90,1068.0,-0.25412,train
2017-04-05,bpi_value,1371.0,7.2233,1377.0,1379.0,1374.0,1346.0,1253.0,1119.0,1129.0,1194.0,908.0,1021.0,1359.86,24.25,1256.5,112.3,1177.97,128.89,1066.83,146.27,1118.47,211.33,-0.00437,0.09,0.19421,0.41205,2229.0,2382.0,2620.0,880.0,881.0,895.0,543.0,542.0,530.0,0.99799,-0.06339,-0.12653,-0.99196,60,2017-07-04,90,1062.0,-0.25539,train
2017-04-06,bpi_value,1387.0,7.2349,1371.0,1377.0,1379.0,1366.0,1306.0,1170.0,1108.0,1220.0,927.0,1038.0,1371.43,12.03,1276.43,108.89,1193.3,125.44,1072.65,151.84,1118.47,211.33,0.0116,0.06017,0.22459,0.40294,2184.0,2229.0,2765.0,882.0,880.0,893.0,545.0,543.0,535.0,0.99675,-0.08055,-0.16057,-0.98702,60,2017-07-05,90,1060.0,-0.26887,train
2017-04-07,bpi_value,1427.0,7.26333,1387.0,1371.0,1377.0,1374.0,1346.0,1218.0,1103.0,1220.0,947.0,1042.0,1383.0,18.97,1299.57,103.88,1209.3,123.6,1079.07,158.4,1118.93,211.96,0.02843,0.05844,0.25754,0.41003,2173.0,2184.0,2755.0,886.0,882.0,885.0,547.0,545.0,538.0,0.99522,-0.09768,-0.19443,-0.98092,60,2017-07-06,90,1063.0,-0.29448,train
2017-04-10,bpi_value,1466.0,7.29029,1427.0,1387.0,1371.0,1379.0,1366.0,1253.0,1101.0,1211.0,966.0,1039.0,1397.29,33.14,1325.64,96.3,1225.97,123.38,1086.18,165.86,1119.79,213.2,0.02696,0.07065,0.28632,0.41713,2165.0,2173.0,2690.0,888.0,886.0,882.0,549.0,547.0,539.0,0.98885,-0.14889,-0.29446,-0.95566,60,2017-07-07,88,1062.0,-0.32238,train
2017-04-11,bpi_value,1533.0,7.33498,1466.0,1427.0,1387.0,1377.0,1374.0,1306.0,1119.0,1207.0,995.0,1019.0,1420.0,56.0,1355.21,91.76,1243.9,127.53,1094.75,175.18,1121.27,215.58,0.04469,0.1095,0.31479,0.43224,2227.0,2165.0,2597.0,891.0,888.0,881.0,552.0,549.0,540.0,0.98615,-0.16588,-0.32716,-0.94497,60,2017-07-10,90,1061.0,-0.36801,train
2017-04-12,bpi_value,1583.0,7.36708,1533.0,1466.0,1427.0,1371.0,1379.0,1346.0,1170.0,1185.0,1041.0,998.0,1449.14,76.44,1384.71,93.84,1261.97,135.64,1104.5,185.5,1123.03,218.69,0.0321,0.13796,0.30232,0.41914,2252.0,2227.0,2518.0,893.0,891.0,882.0,554.0,552.0,541.0,0.98315,-0.18282,-0.35947,-0.93316,60,2017-07-11,90,1069.0,-0.3926,train
2017-04-13,bpi_value,1611.0,7.38461,1583.0,1533.0,1466.0,1387.0,1377.0,1366.0,1218.0,1150.0,1084.0,981.0,1482.57,87.89,1412.79,98.44,1279.53,145.24,1115.0,195.76,1124.66,221.74,0.01753,0.15695,0.27964,0.3962,2249.0,2252.0,2382.0,899.0,893.0,881.0,560.0,554.0,542.0,0.97986,-0.1997,-0.39136,-0.92024,60,2017-07-12,90,1098.0,-0.38336,train
2017-04-18,bpi_value,1621.0,7.3908,1611.0,1583.0,1533.0,1427.0,1371.0,1374.0,1253.0,1129.0,1118.0,970.0,1518.29,86.07,1439.07,101.35,1296.3,154.37,1125.85,205.23,1126.16,224.61,0.00619,0.1675,0.2575,0.3715,2220.0,2249.0,2229.0,898.0,899.0,880.0,563.0,560.0,543.0,0.95908,-0.28314,-0.54311,-0.83966,60,2017-07-13,86,1141.0,-0.35114,train
2017-04-19,bpi_value,1612.0,7.38523,1621.0,1611.0,1583.0,1466.0,1387.0,1379.0,1306.0,1108.0,1154.0,962.0,1550.43,71.88,1460.93,103.28,1311.57,162.0,1136.68,213.3,1127.31,226.83,-0.00557,0.15033,0.21051,0.33424,2130.0,2220.0,2184.0,900.0,898.0,882.0,568.0,563.0,545.0,0.95407,-0.29959,-0.57167,-0.82049,60,2017-07-14,86,1173.0,-0.31791,train
2017-04-20,bpi_value,1553.0,7.34794,1612.0,1621.0,1611.0,1533.0,1427.0,1377.0,1346.0,1103.0,1194.0,964.0,1568.43,51.65,1475.71,100.55,1323.53,166.09,1146.5,218.61,1127.44,227.08,-0.03729,0.08461,0.14305,0.26288,1991.0,2130.0,2173.0,899.0,900.0,886.0,572.0,568.0,547.0,0.94877,-0.31596,-0.59955,-0.80034,60,2017-07-17,88,1202.0,-0.2562,train
2017-04-21,bpi_value,1494.0,7.30921,1553.0,1612.0,1621.0,1583.0,1466.0,1371.0,1366.0,1101.0,1220.0,972.0,1572.43,44.09,1484.86,95.86,1332.67,167.67,1155.2,221.86,1126.68,225.72,-0.03873,0.01892,0.08957,0.20261,1830.0,1991.0,2165.0,895.0,899.0,888.0,575.0,572.0,549.0,0.9432,-0.33224,-0.62673,-0.77924,60,2017-07-18,88,1226.0,-0.1977,train
2017-04-24,bpi_value,1429.0,7.26473,1494.0,1553.0,1612.0,1611.0,1533.0,1387.0,1374.0,1119.0,1220.0,973.0,1557.57,66.63,1488.79,92.3,1339.63,167.18,1162.8,223.29,1125.17,223.22,-0.04448,-0.07025,0.03925,0.15812,1780.0,1830.0,2227.0,892.0,895.0,891.0,577.0,575.0,552.0,0.9248,-0.38045,-0.70368,-0.71052,60,2017-07-19,86,1252.0,-0.13223,train
2017-04-25,bpi_value,1371.0,7.2233,1429.0,1494.0,1553.0,1621.0,1583.0,1427.0,1379.0,1170.0,1211.0,968.0,1527.29,91.67,1488.21,93.0,1344.97,165.54,1169.52,223.39,1123.21,220.27,-0.04143,-0.14378,-0.00582,0.12409,1767.0,1780.0,2252.0,887.0,892.0,893.0,577.0,577.0,554.0,0.91812,-0.3963,-0.7277,-0.68589,60,2017-07-20,86,1260.0,-0.08443,train
2017-04-26,bpi_value,1320.0,7.18539,1371.0,1429.0,1494.0,1612.0,1611.0,1466.0,1377.0,1218.0,1207.0,964.0,1485.71,108.68,1484.14,98.85,1348.73,163.63,1175.45,222.58,1121.12,217.48,-0.03791,-0.19922,-0.04228,0.08949,1790.0,1767.0,2249.0,881.0,887.0,899.0,576.0,577.0,560.0,0.91117,-0.41203,-0.75086,-0.66046,60,2017-07-21,86,1258.0,-0.04811,train
2017-04-27,bpi_value,1260.0,7.13887,1320.0,1371.0,1429.0,1553.0,1621.0,1533.0,1371.0,1253.0,1185.0,951.0,1434.14,117.54,1476.21,111.27,1351.23,161.67,1180.6,220.89,1118.8,214.86,-0.04652,-0.25193,-0.08443,0.06137,1798.0,1790.0,2220.0,870.0,881.0,898.0,569.0,576.0,563.0,0.90395,-0.42765,-0.77314,-0.63424,60,2017-07-24,88,1248.0,-0.00957,train
2017-04-28,bpi_value,1187.0,7.07918,1260.0,1320.0,1371.0,1494.0,1612.0,1583.0,1387.0,1306.0,1150.0,933.0,1373.43,119.73,1461.93,132.6,1352.47,160.27,1184.83,218.53,1116.22,212.62,-0.05968,-0.30605,-0.15571,0.03167,1779.0,1798.0,2130.0,861.0,870.0,900.0,559.0,569.0,568.0,0.89646,-0.44313,-0.7945,-0.60727,60,2017-07-25,88,1225.0,0.03151,train
2017-05-02,bpi_value,1140.0,7.03878,1187.0,1260.0,1320.0,1429.0,1553.0,1611.0,1427.0,1346.0,1129.0,926.0,1314.43,118.46,1441.43,156.46,1352.83,159.77,1188.4,216.01,1114.09,211.4,-0.0404,-0.30916,-0.22455,0.0097,1668.0,1779.0,1991.0,849.0,861.0,899.0,550.0,559.0,572.0,0.86387,-0.50372,-0.87029,-0.49253,60,2017-07-26,85,1192.0,0.0446,train
2017-05-03,bpi_value,1096.0,6.99942,1140.0,1187.0,1260.0,1371.0,1494.0,1621.0,1466.0,1366.0,1108.0,922.0,1257.57,114.06,1415.0,179.61,1352.43,160.39,1191.3,213.57,1112.56,211.03,-0.03936,-0.30979,-0.29087,-0.01089,1542.0,1668.0,1830.0,835.0,849.0,895.0,540.0,550.0,575.0,0.85507,-0.51851,-0.88672,-0.4623,60,2017-07-27,85,1146.0,0.04461,train
2017-05-04,bpi_value,1048.0,6.95464,1096.0,1140.0,1187.0,1320.0,1429.0,1612.0,1533.0,1374.0,1103.0,922.0,1203.14,110.1,1380.36,199.21,1350.6,163.52,1193.4,211.52,1111.69,211.13,-0.04478,-0.31009,-0.38034,-0.05115,1458.0,1542.0,1780.0,822.0,835.0,892.0,532.0,540.0,577.0,0.84603,-0.53314,-0.9021,-0.43153,60,2017-07-28,85,1109.0,0.05658,train
2017-05-05,bpi_value,1023.0,6.93049,1048.0,1096.0,1140.0,1260.0,1371.0,1553.0,1583.0,1379.0,1101.0,931.0,1153.43,101.3,1340.36,210.42,1348.0,168.02,1194.93,209.94,1111.53,211.19,-0.02414,-0.2928,-0.43658,-0.07348,1480.0,1458.0,1767.0,811.0,822.0,887.0,523.0,532.0,577.0,0.83673,-0.54761,-0.91641,-0.40024,60,2017-07-31,87,1095.0,0.06801,train
2017-05-08,bpi_value,1009.0,6.91672,1023.0,1048.0,1096.0,1187.0,1320.0,1494.0,1611.0,1377.0,1119.0,934.0,1109.0,85.47,1297.36,212.22,1344.33,174.07,1196.18,208.6,1111.9,210.98,-0.01378,-0.26867,-0.4679,-0.10348,1571.0,1480.0,1790.0,799.0,811.0,881.0,517.0,523.0,576.0,0.80737,-0.59004,-0.95277,-0.3037,60,2017-08-01,85,1098.0,0.08453,train
2017-05-09,bpi_value,1007.0,6.91473,1009.0,1023.0,1048.0,1140.0,1260.0,1429.0,1621.0,1371.0,1170.0,940.0,1072.86,65.02,1253.5,204.09,1338.9,181.8,1197.3,207.4,1113.03,210.14,-0.00198,-0.22414,-0.47607,-0.15003,1635.0,1571.0,1798.0,794.0,799.0,870.0,512.0,517.0,569.0,0.7971,-0.60385,-0.96265,-0.27074,60,2017-08-02,85,1118.0,0.10457,train
2017-05-10,bpi_value,1011.0,6.9187,1007.0,1009.0,1023.0,1096.0,1187.0,1371.0,1612.0,1387.0,1218.0,943.0,1047.71,47.75,1210.57,186.63,1332.0,190.0,1198.43,206.19,1114.64,208.79,0.00396,-0.16049,-0.46654,-0.18627,1645.0,1635.0,1779.0,790.0,794.0,861.0,510.0,512.0,559.0,0.7866,-0.61747,-0.9714,-0.23747,60,2017-08-03,85,1143.0,0.12272,train
2017-05-11,bpi_value,1006.0,6.91374,1011.0,1007.0,1009.0,1048.0,1140.0,1320.0,1553.0,1427.0,1253.0,944.0,1028.57,30.76,1171.5,167.09,1323.77,198.41,1199.47,205.06,1116.36,207.26,-0.00496,-0.12505,-0.43421,-0.21956,1695.0,1645.0,1668.0,787.0,790.0,849.0,510.0,510.0,550.0,0.77586,-0.63091,-0.97899,-0.20391,60,2017-08-04,85,1153.0,0.13639,train
2017-05-12,bpi_value,992.0,6.89972,1006.0,1011.0,1007.0,1023.0,1096.0,1260.0,1494.0,1466.0,1306.0,939.0,1013.71,16.33,1135.64,146.64,1313.3,207.16,1200.35,204.05,1118.37,205.15,-0.01401,-0.0997,-0.40949,-0.275,1725.0,1695.0,1542.0,784.0,787.0,835.0,509.0,510.0,540.0,0.76489,-0.64416,-0.98542,-0.17012,60,2017-08-07,87,1158.0,0.15473,train
2017-05-15,bpi_value,978.0,6.88551,992.0,1006.0,1011.0,1009.0,1048.0,1187.0,1429.0,1533.0,1346.0,933.0,1003.71,13.46,1103.43,126.87,1301.03,215.59,1201.1,203.15,1120.27,203.04,-0.01421,-0.06913,-0.37922,-0.31938,1661.0,1725.0,1458.0,782.0,784.0,822.0,508.0,509.0,532.0,0.73064,-0.68276,-0.99771,-0.06768,60,2017-08-08,85,1170.0,0.17925,train
2017-05-16,bpi_value,956.0,6.86276,978.0,992.0,1006.0,1007.0,1023.0,1140.0,1371.0,1583.0,1366.0,923.0,994.14,19.01,1073.79,107.96,1287.37,223.87,1201.65,202.44,1121.59,201.58,-0.02275,-0.06774,-0.36054,-0.35688,1632.0,1661.0,1480.0,778.0,782.0,811.0,507.0,508.0,523.0,0.71879,-0.69523,-0.99944,-0.03332,60,2017-08-09,85,1192.0,0.22063,train
2017-05-17,bpi_value,925.0,6.82979,956.0,978.0,992.0,1011.0,1009.0,1096.0,1320.0,1611.0,1374.0,917.0,982.14,29.48,1045.57,90.06,1272.4,232.42,1201.78,202.25,1121.96,201.19,-0.03296,-0.08692,-0.35559,-0.39569,1590.0,1632.0,1571.0,771.0,778.0,799.0,505.0,507.0,517.0,0.70673,-0.70749,-1.0,0.00108,60,2017-08-10,85,1228.0,0.28335,train
2017-05-18,bpi_value,894.0,6.79571,925.0,956.0,978.0,1006.0,1007.0,1048.0,1260.0,1621.0,1379.0,909.0,966.0,40.37,1019.43,76.05,1256.23,241.15,1201.53,202.62,1121.59,201.57,-0.03409,-0.11903,-0.34316,-0.43341,1638.0,1590.0,1635.0,764.0,771.0,794.0,504.0,505.0,512.0,0.69445,-0.71954,-0.99937,0.03547,60,2017-08-11,85,1256.0,0.33998,train
2017-05-19,bpi_value,870.0,6.76849,894.0,925.0,956.0,992.0,1011.0,1023.0,1187.0,1612.0,1377.0,906.0,945.86,47.45,996.79,69.71,1239.33,249.71,1200.93,203.55,1120.44,202.7,-0.02721,-0.1502,-0.31069,-0.45917,1668.0,1638.0,1645.0,759.0,764.0,790.0,502.0,504.0,510.0,0.68197,-0.73138,-0.99756,0.06983,60,2017-08-14,87,1272.0,0.37985,train
2017-05-22,bpi_value,854.0,6.74993,870.0,894.0,925.0,978.0,1006.0,1009.0,1140.0,1553.0,1371.0,908.0,924.14,49.69,976.36,66.59,1222.1,257.74,1200.03,204.96,1118.59,204.36,-0.01856,-0.16381,-0.28885,-0.47336,1704.0,1668.0,1695.0,753.0,759.0,787.0,496.0,502.0,510.0,0.64334,-0.76558,-0.98506,0.17224,60,2017-08-15,85,1289.0,0.41169,train
2017-05-23,bpi_value,850.0,6.74524,854.0,870.0,894.0,956.0,992.0,1007.0,1096.0,1494.0,1387.0,927.0,903.86,46.74,958.79,65.14,1204.2,264.23,1198.75,206.9,1116.5,206.13,-0.00469,-0.15449,-0.25419,-0.48966,1706.0,1704.0,1725.0,746.0,753.0,784.0,486.0,496.0,509.0,0.63007,-0.77654,-0.97855,0.20602,60,2017-08-16,85,1310.0,0.43255,train
2017-05-24,bpi_value,849.0,6.74406,850.0,854.0,870.0,925.0,978.0,1011.0,1048.0,1429.0,1427.0,947.0,885.43,38.6,944.57,65.83,1184.93,268.32,1197.12,209.25,1114.36,207.89,-0.00118,-0.14145,-0.21058,-0.51927,1654.0,1706.0,1661.0,737.0,746.0,782.0,478.0,486.0,508.0,0.61662,-0.78726,-0.97088,0.23956,60,2017-08-17,85,1336.0,0.45338,train
2017-05-25,bpi_value,848.0,6.74288,849.0,850.0,854.0,894.0,956.0,1006.0,1023.0,1371.0,1466.0,966.0,870.0,27.21,932.07,66.36,1164.33,269.67,1195.15,211.95,1112.23,209.61,-0.00118,-0.11988,-0.18761,-0.54741,1595.0,1654.0,1632.0,728.0,737.0,778.0,473.0,478.0,507.0,0.60299,-0.79775,-0.96207,0.27281,60,2017-08-18,85,1345.0,0.46127,train
2017-05-26,bpi_value,845.0,6.73934,848.0,849.0,850.0,870.0,925.0,992.0,1009.0,1320.0,1533.0,995.0,858.57,16.33,920.36,66.22,1141.4,266.58,1192.65,215.16,1110.3,211.26,-0.00354,-0.09046,-0.17738,-0.59565,1591.0,1595.0,1590.0,721.0,728.0,771.0,469.0,473.0,505.0,0.58918,-0.808,-0.95211,0.30574,60,2017-08-21,87,1349.0,0.46778,train
2017-05-30,bpi_value,842.0,6.73578,845.0,848.0,849.0,854.0,894.0,978.0,1007.0,1260.0,1583.0,1041.0,851.14,8.46,908.57,64.41,1116.7,258.74,1189.33,218.97,1108.57,212.81,-0.00356,-0.05993,-0.17895,-0.6313,1564.0,1591.0,1638.0,712.0,721.0,764.0,461.0,469.0,504.0,0.53223,-0.8466,-0.90117,0.43347,60,2017-08-22,84,1345.0,0.46837,train
2017-05-31,bpi_value,829.0,6.72022,842.0,845.0,848.0,850.0,870.0,956.0,1011.0,1187.0,1611.0,1084.0,845.29,7.52,895.57,60.69,1090.63,246.74,1185.08,223.4,1106.88,214.41,-0.01556,-0.04827,-0.19848,-0.66439,1511.0,1564.0,1668.0,698.0,712.0,759.0,455.0,461.0,502.0,0.51759,-0.85563,-0.88572,0.46421,60,2017-08-23,84,1311.0,0.45833,train
2017-06-01,bpi_value,810.0,6.69703,829.0,842.0,845.0,849.0,854.0,925.0,1006.0,1140.0,1621.0,1118.0,839.0,13.56,881.57,56.02,1063.6,231.08,1179.95,228.37,1105.1,216.2,-0.02319,-0.0529,-0.2167,-0.69376,1430.0,1511.0,1704.0,685.0,698.0,753.0,449.0,455.0,496.0,0.50279,-0.86441,-0.86923,0.4944,60,2017-08-24,84,1259.0,0.44104,train
2017-06-02,bpi_value,792.0,6.67456,810.0,829.0,842.0,848.0,850.0,894.0,992.0,1096.0,1612.0,1154.0,830.71,20.34,867.29,51.35,1036.27,212.33,1173.92,233.69,1103.21,218.17,-0.02247,-0.07067,-0.22516,-0.71067,1374.0,1430.0,1706.0,674.0,685.0,746.0,446.0,449.0,486.0,0.48785,-0.87293,-0.85171,0.52401,60,2017-08-25,84,1235.0,0.44426,train
2017-06-05,bpi_value,789.0,6.67077,792.0,810.0,829.0,845.0,849.0,870.0,978.0,1048.0,1553.0,1194.0,822.14,23.26,853.79,44.91,1010.8,193.84,1167.17,238.81,1101.27,220.17,-0.0038,-0.07329,-0.21474,-0.67718,1353.0,1374.0,1654.0,666.0,674.0,737.0,441.0,446.0,478.0,0.44217,-0.89693,-0.79319,0.60897,60,2017-08-29,85,1215.0,0.43173,train
2017-06-06,bpi_value,783.0,6.66313,789.0,792.0,810.0,842.0,848.0,854.0,956.0,1023.0,1494.0,1220.0,812.86,24.04,841.43,38.41,987.1,175.95,1159.88,243.7,1099.17,222.29,-0.00763,-0.07975,-0.19963,-0.64608,1366.0,1353.0,1595.0,658.0,666.0,728.0,434.0,441.0,473.0,0.42667,-0.90441,-0.77177,0.6359,60,2017-08-30,85,1195.0,0.42277,train
2017-06-07,bpi_value,783.0,6.66313,783.0,789.0,792.0,829.0,845.0,850.0,925.0,1009.0,1429.0,1220.0,804.0,21.9,831.29,33.43,965.57,159.29,1152.6,248.28,1097.06,224.37,0.0,-0.0762,-0.16666,-0.6016,1379.0,1366.0,1591.0,652.0,658.0,721.0,429.0,434.0,469.0,0.41105,-0.91161,-0.74944,0.66207,60,2017-08-31,85,1189.0,0.41774,train
2017-06-08,bpi_value,793.0,6.67582,783.0,783.0,789.0,810.0,842.0,849.0,894.0,1007.0,1371.0,1211.0,797.0,15.54,824.07,29.82,946.3,143.24,1145.63,252.38,1095.11,226.23,0.01269,-0.05996,-0.11988,-0.54747,1381.0,1379.0,1564.0,649.0,652.0,712.0,425.0,429.0,461.0,0.39531,-0.91855,-0.72622,0.68746,60,2017-09-01,85,1198.0,0.41259,train
2017-06-09,bpi_value,813.0,6.70073,793.0,783.0,783.0,792.0,829.0,848.0,870.0,1011.0,1320.0,1207.0,794.71,11.25,820.0,27.03,929.4,127.15,1139.07,255.8,1093.43,227.75,0.02491,-0.01949,-0.06776,-0.48466,1438.0,1381.0,1511.0,654.0,649.0,698.0,425.0,425.0,455.0,0.37945,-0.92521,-0.70215,0.71203,60,2017-09-04,87,1227.0,0.4116,train
2017-06-12,bpi_value,833.0,6.72503,813.0,793.0,783.0,789.0,810.0,845.0,854.0,1006.0,1260.0,1185.0,798.0,17.08,818.5,25.65,915.17,112.39,1133.2,258.7,1092.12,228.9,0.0243,0.028,-0.0249,-0.41383,1481.0,1438.0,1430.0,658.0,654.0,685.0,424.0,425.0,449.0,0.33122,-0.94355,-0.62505,0.78058,60,2017-09-05,85,1275.0,0.42567,train
2017-06-13,bpi_value,865.0,6.76273,833.0,813.0,793.0,783.0,792.0,842.0,850.0,992.0,1187.0,1150.0,808.43,28.62,819.57,27.21,904.43,100.69,1128.45,260.95,1091.37,229.54,0.0377,0.08817,0.01749,-0.31645,1442.0,1481.0,1374.0,665.0,658.0,674.0,424.0,424.0,446.0,0.31494,-0.94911,-0.59783,0.80162,60,2017-09-06,85,1314.0,0.4181,train
2017-06-14,bpi_value,903.0,6.80572,865.0,833.0,813.0,783.0,789.0,829.0,849.0,978.0,1140.0,1129.0,824.71,42.16,823.43,34.07,896.53,90.7,1124.68,262.54,1091.11,229.74,0.04299,0.13496,0.06166,-0.23306,1362.0,1442.0,1353.0,679.0,665.0,666.0,427.0,424.0,441.0,0.29857,-0.95439,-0.5699,0.82171,60,2017-09-07,85,1351.0,0.40288,train
2017-06-15,bpi_value,938.0,6.84375,903.0,865.0,833.0,793.0,783.0,810.0,848.0,956.0,1096.0,1108.0,846.86,53.59,829.86,44.88,891.27,83.24,1121.85,263.62,1091.29,229.61,0.03803,0.18062,0.10087,-0.15567,1277.0,1362.0,1366.0,690.0,679.0,658.0,431.0,427.0,434.0,0.28211,-0.95938,-0.5413,0.84083,60,2017-09-08,85,1375.0,0.38246,train
2017-06-16,bpi_value,964.0,6.87109,938.0,903.0,865.0,813.0,783.0,792.0,845.0,925.0,1048.0,1103.0,872.71,59.84,838.36,56.66,888.47,79.24,1119.53,264.39,1091.76,229.31,0.02734,0.20796,0.13175,-0.08355,1213.0,1277.0,1379.0,701.0,690.0,652.0,435.0,431.0,429.0,0.26556,-0.96409,-0.51206,0.85895,60,2017-09-11,87,1394.0,0.36884,train
2017-06-19,bpi_value,984.0,6.89163,964.0,938.0,903.0,833.0,793.0,789.0,842.0,894.0,1023.0,1101.0,900.0,60.81,848.5,67.99,887.17,77.32,1117.58,264.95,1092.34,228.96,0.02053,0.2158,0.15585,-0.03887,1169.0,1213.0,1381.0,708.0,701.0,649.0,437.0,435.0,425.0,0.21548,-0.97651,-0.42083,0.90714,60,2017-09-12,85,1429.0,0.3731,train
2017-06-20,bpi_value,1017.0,6.92461,984.0,964.0,938.0,865.0,813.0,783.0,829.0,870.0,1009.0,1119.0,929.14,61.02,861.93,80.27,887.43,77.75,1115.88,265.26,1093.27,228.49,0.03299,0.22388,0.20439,0.0079,1110.0,1169.0,1438.0,717.0,708.0,654.0,441.0,437.0,425.0,0.19865,-0.98007,-0.38938,0.92108,60,2017-09-13,85,1464.0,0.36432,train
2017-06-21,bpi_value,1070.0,6.97541,1017.0,984.0,964.0,903.0,833.0,783.0,810.0,854.0,1007.0,1170.0,963.0,63.96,880.5,94.86,889.53,81.7,1114.22,265.23,1094.71,227.93,0.0508,0.25038,0.27838,0.06068,1020.0,1110.0,1481.0,724.0,717.0,658.0,445.0,441.0,424.0,0.18176,-0.98334,-0.35746,0.93393,60,2017-09-14,85,1499.0,0.33714,train
2017-06-22,bpi_value,1109.0,7.01121,1070.0,1017.0,984.0,938.0,865.0,793.0,792.0,850.0,1011.0,1218.0,997.86,67.45,903.14,107.96,892.8,88.19,1112.4,264.88,1096.56,227.36,0.0358,0.24848,0.33665,0.09252,993.0,1020.0,1442.0,734.0,724.0,665.0,447.0,445.0,424.0,0.16482,-0.98632,-0.32513,0.94567,60,2017-09-15,85,1521.0,0.31591,train
2017-06-23,bpi_value,1138.0,7.03703,1109.0,1070.0,1017.0,964.0,903.0,813.0,789.0,849.0,1006.0,1253.0,1031.43,70.3,928.07,118.5,897.2,96.62,1110.48,264.28,1098.71,226.83,0.02581,0.23131,0.36626,0.12329,987.0,993.0,1362.0,744.0,734.0,679.0,451.0,447.0,427.0,0.14783,-0.98901,-0.29241,0.95629,60,2017-09-18,87,1529.0,0.29534,train
2017-06-26,bpi_value,1145.0,7.04316,1138.0,1109.0,1070.0,984.0,938.0,833.0,783.0,848.0,992.0,1306.0,1061.0,68.29,953.93,123.42,902.3,105.15,1107.8,263.09,1101.0,226.24,0.00613,0.19941,0.38003,0.14344,1005.0,987.0,1277.0,750.0,744.0,690.0,454.0,451.0,431.0,0.09661,-0.99532,-0.19232,0.98133,60,2017-09-19,85,1536.0,0.29378,train
2017-06-27,bpi_value,1151.0,7.04839,1145.0,1138.0,1109.0,1017.0,964.0,865.0,783.0,845.0,978.0,1346.0,1087.71,61.34,980.21,123.4,908.07,113.55,1104.55,261.33,1103.42,225.6,0.00523,0.1773,0.38525,0.16288,1066.0,1005.0,1213.0,757.0,750.0,701.0,458.0,454.0,435.0,0.07948,-0.99684,-0.15845,0.98737,60,2017-09-20,85,1531.0,0.28529,train
2017-06-28,bpi_value,1150.0,7.04752,1151.0,1145.0,1138.0,1070.0,984.0,903.0,793.0,842.0,956.0,1366.0,1111.43,47.1,1005.71,118.88,914.53,121.36,1100.95,259.18,1105.94,224.83,-0.00087,0.15589,0.37169,0.18476,1170.0,1066.0,1169.0,761.0,757.0,708.0,459.0,458.0,437.0,0.06232,-0.99806,-0.12439,0.99223,60,2017-09-21,85,1514.0,0.27499,train
2017-06-29,bpi_value,1119.0,7.02019,1150.0,1151.0,1145.0,1109.0,1017.0,938.0,813.0,829.0,925.0,1374.0,1126.0,27.2,1027.57,109.18,921.0,126.79,1096.7,256.75,1108.19,223.94,-0.02733,0.09558,0.31946,0.1904,1146.0,1170.0,1110.0,758.0,761.0,717.0,464.0,459.0,441.0,0.04514,-0.99898,-0.09019,0.99592,60,2017-09-22,85,1493.0,0.28835,train
2017-06-30,bpi_value,1091.0,6.99485,1119.0,1150.0,1151.0,1138.0,1070.0,964.0,833.0,810.0,894.0,1379.0,1129.0,21.4,1046.0,95.73,927.57,130.27,1091.9,254.1,1110.21,222.95,-0.02534,0.01944,0.26982,0.19914,1086.0,1146.0,1020.0,754.0,758.0,724.0,467.0,464.0,445.0,0.02795,-0.99961,-0.05588,0.99844,60,2017-09-25,87,1474.0,0.30089,train
2017-07-03,bpi_value,1068.0,6.97354,1091.0,1119.0,1150.0,1145.0,1109.0,984.0,865.0,792.0,870.0,1377.0,1123.14,29.97,1060.5,81.53,934.17,132.19,1086.75,251.39,1112.01,221.95,-0.02131,-0.03767,0.21081,0.20505,1032.0,1086.0,993.0,751.0,754.0,734.0,468.0,467.0,447.0,-0.02365,-0.99972,0.04729,0.99888,60,2017-09-26,85,1446.0,0.30301,train
2017-07-04,bpi_value,1062.0,6.96791,1068.0,1091.0,1119.0,1151.0,1138.0,1017.0,903.0,789.0,854.0,1371.0,1112.29,35.82,1071.86,68.9,941.1,133.26,1081.6,248.66,1113.72,220.96,-0.00563,-0.06912,0.16219,0.21798,997.0,1032.0,987.0,747.0,751.0,744.0,470.0,468.0,451.0,-0.04084,-0.99917,0.08162,0.99666,60,2017-09-27,85,1406.0,0.28059,train
2017-07-05,bpi_value,1060.0,6.96602,1062.0,1068.0,1091.0,1150.0,1145.0,1070.0,938.0,783.0,850.0,1387.0,1100.14,37.05,1080.57,58.32,948.1,133.8,1076.15,245.47,1115.2,220.15,-0.00189,-0.07714,0.12227,0.22079,901.0,997.0,1005.0,742.0,747.0,750.0,470.0,470.0,454.0,-0.05803,-0.99832,0.11586,0.99327,60,2017-09-28,85,1352.0,0.24332,train
2017-07-06,bpi_value,1063.0,6.96885,1060.0,1062.0,1068.0,1119.0,1151.0,1109.0,964.0,783.0,849.0,1427.0,1087.57,32.29,1087.64,49.02,955.23,134.03,1070.08,241.19,1116.49,219.5,0.00283,-0.07954,0.09776,0.22479,818.0,901.0,1066.0,735.0,742.0,757.0,470.0,470.0,458.0,-0.07519,-0.99717,0.14995,0.98869,60,2017-09-29,85,1308.0,0.2074,train
2017-07-07,bpi_value,1062.0,6.96791,1063.0,1060.0,1062.0,1091.0,1150.0,1138.0,984.0,793.0,848.0,1466.0,1075.0,20.52,1093.21,40.64,962.37,133.83,1063.35,235.62,1117.56,219.0,-0.00094,-0.07961,0.07628,0.22503,753.0,818.0,1170.0,732.0,735.0,761.0,471.0,470.0,459.0,-0.09233,-0.99573,0.18387,0.98295,60,2017-10-02,87,1268.0,0.17729,train
2017-07-10,bpi_value,1061.0,6.96697,1062.0,1063.0,1060.0,1068.0,1119.0,1145.0,1017.0,813.0,845.0,1533.0,1066.71,10.19,1096.36,36.06,969.57,133.13,1055.48,227.54,1118.29,218.7,-0.00094,-0.05322,0.04235,0.22763,730.0,753.0,1146.0,729.0,732.0,758.0,474.0,471.0,464.0,-0.14357,-0.98964,0.28417,0.95877,60,2017-10-03,85,1247.0,0.16153,train
2017-07-11,bpi_value,1069.0,6.97448,1061.0,1062.0,1063.0,1062.0,1091.0,1151.0,1070.0,833.0,842.0,1583.0,1063.57,3.25,1096.29,36.12,977.13,132.11,1046.92,216.95,1118.6,218.61,0.00751,-0.02037,-0.00094,0.2387,755.0,730.0,1086.0,733.0,729.0,754.0,477.0,474.0,467.0,-0.16057,-0.98702,0.31698,0.94843,60,2017-10-04,85,1276.0,0.17701,train
2017-07-12,bpi_value,1098.0,7.00125,1069.0,1061.0,1062.0,1060.0,1068.0,1150.0,1109.0,865.0,829.0,1611.0,1067.86,12.6,1095.5,35.95,986.1,130.88,1038.37,204.29,1118.76,218.59,0.02677,0.0277,-0.00997,0.28103,846.0,755.0,1032.0,744.0,733.0,751.0,480.0,477.0,468.0,-0.17753,-0.98412,0.34942,0.93697,60,2017-10-05,85,1345.0,0.2029,train
2017-07-13,bpi_value,1141.0,7.03966,1098.0,1069.0,1061.0,1063.0,1062.0,1119.0,1138.0,903.0,810.0,1621.0,1079.14,28.12,1095.71,36.21,997.13,129.51,1030.37,190.24,1119.01,218.6,0.03841,0.07175,0.00263,0.34263,928.0,846.0,997.0,758.0,744.0,747.0,484.0,480.0,470.0,-0.19443,-0.98092,0.38144,0.92439,60,2017-10-06,85,1406.0,0.20884,train
2017-07-14,bpi_value,1173.0,7.06732,1141.0,1098.0,1069.0,1062.0,1060.0,1091.0,1145.0,938.0,792.0,1612.0,1095.29,41.67,1097.71,39.5,1009.83,127.44,1023.05,175.6,1119.22,218.64,0.02766,0.1013,0.02416,0.39276,933.0,928.0,901.0,769.0,758.0,742.0,486.0,484.0,470.0,-0.21128,-0.97743,0.41301,0.91073,60,2017-10-09,87,1438.0,0.20369,train
2017-07-17,bpi_value,1202.0,7.09174,1173.0,1141.0,1098.0,1061.0,1063.0,1068.0,1151.0,964.0,789.0,1553.0,1115.14,53.1,1101.36,46.06,1023.6,125.12,1017.2,163.27,1119.31,218.67,0.02442,0.12289,0.04336,0.42098,933.0,933.0,818.0,776.0,769.0,735.0,489.0,486.0,470.0,-0.26141,-0.96523,0.50465,0.86333,60,2017-10-10,85,1465.0,0.19787,train
2017-07-18,bpi_value,1226.0,7.11151,1202.0,1173.0,1141.0,1069.0,1062.0,1062.0,1150.0,984.0,783.0,1494.0,1138.57,60.19,1106.79,55.07,1038.37,121.96,1012.73,153.54,1119.38,218.71,0.01977,0.1436,0.06399,0.44838,984.0,933.0,753.0,786.0,776.0,732.0,492.0,489.0,471.0,-0.27798,-0.96059,0.53405,0.84546,60,2017-10-11,85,1504.0,0.20437,train
2017-07-19,bpi_value,1252.0,7.1325,1226.0,1202.0,1173.0,1098.0,1061.0,1060.0,1119.0,1017.0,783.0,1429.0,1165.86,62.1,1116.29,66.62,1054.0,118.22,1009.78,147.07,1119.73,218.9,0.02099,0.16553,0.11231,0.46936,1028.0,984.0,730.0,798.0,786.0,729.0,495.0,492.0,474.0,-0.29446,-0.95566,0.56281,0.82658,60,2017-10-12,85,1556.0,0.21738,train
2017-07-20,bpi_value,1260.0,7.13887,1252.0,1226.0,1202.0,1141.0,1069.0,1063.0,1091.0,1070.0,793.0,1371.0,1193.14,55.12,1128.36,75.64,1069.57,113.48,1007.93,143.16,1120.28,219.18,0.00637,0.16439,0.14402,0.46304,1093.0,1028.0,755.0,807.0,798.0,733.0,497.0,495.0,477.0,-0.31086,-0.95046,0.59091,0.80674,60,2017-10-13,85,1606.0,0.24263,train
2017-07-21,bpi_value,1258.0,7.13728,1260.0,1252.0,1226.0,1173.0,1098.0,1062.0,1068.0,1109.0,813.0,1320.0,1216.0,42.7,1141.93,80.48,1084.4,107.92,1006.9,141.12,1120.84,219.47,-0.00159,0.13603,0.16374,0.43655,1154.0,1093.0,846.0,812.0,807.0,744.0,499.0,497.0,480.0,-0.32716,-0.94497,0.61831,0.78593,60,2017-10-16,87,1637.0,0.26334,train
2017-07-24,bpi_value,1248.0,7.1293,1258.0,1260.0,1252.0,1202.0,1141.0,1061.0,1062.0,1138.0,833.0,1260.0,1231.29,30.54,1155.21,81.54,1098.23,101.2,1006.7,140.77,1121.54,219.78,-0.00798,0.08964,0.16139,0.40426,1171.0,1154.0,928.0,814.0,812.0,758.0,500.0,499.0,484.0,-0.37547,-0.92683,0.696,0.71804,60,2017-10-17,85,1651.0,0.27984,train
2017-07-25,bpi_value,1225.0,7.1107,1248.0,1258.0,1260.0,1226.0,1173.0,1069.0,1060.0,1145.0,865.0,1187.0,1238.71,19.95,1167.0,78.8,1110.23,93.91,1007.33,141.66,1122.38,220.02,-0.0186,0.04338,0.14467,0.34797,1221.0,1171.0,933.0,813.0,814.0,769.0,500.0,500.0,486.0,-0.39136,-0.92024,0.72029,0.69368,60,2017-10-18,85,1646.0,0.29541,train
2017-07-26,bpi_value,1192.0,7.08339,1225.0,1248.0,1258.0,1252.0,1202.0,1098.0,1063.0,1151.0,903.0,1140.0,1237.29,22.69,1176.21,73.47,1119.87,86.71,1008.2,142.62,1123.08,220.14,-0.02731,-0.00835,0.11454,0.27767,1206.0,1221.0,933.0,807.0,813.0,776.0,500.0,500.0,489.0,-0.40713,-0.91337,0.74372,0.66849,60,2017-10-19,85,1648.0,0.32393,train
2017-07-27,bpi_value,1146.0,7.04403,1192.0,1225.0,1248.0,1260.0,1226.0,1141.0,1062.0,1150.0,938.0,1096.0,1225.86,39.45,1182.21,67.04,1126.8,79.94,1009.03,143.28,1123.5,220.15,-0.03935,-0.06748,0.07612,0.20028,1138.0,1206.0,984.0,798.0,807.0,786.0,500.0,500.0,492.0,-0.42278,-0.90623,0.76627,0.64251,60,2017-10-20,85,1643.0,0.36025,train
2017-07-28,bpi_value,1109.0,7.01121,1146.0,1192.0,1225.0,1258.0,1252.0,1173.0,1061.0,1119.0,964.0,1048.0,1205.43,54.7,1185.64,61.78,1131.63,74.12,1010.05,143.77,1123.57,220.15,-0.03282,-0.12128,0.04425,0.14012,1139.0,1138.0,1028.0,789.0,798.0,798.0,498.0,500.0,495.0,-0.43831,-0.89883,0.78792,0.61577,60,2017-10-23,87,1642.0,0.39246,train
2017-07-31,bpi_value,1095.0,6.99851,1109.0,1146.0,1192.0,1248.0,1260.0,1202.0,1069.0,1091.0,984.0,1023.0,1181.86,61.27,1187.5,58.55,1135.33,69.27,1011.25,144.17,1123.5,220.15,-0.0127,-0.14036,0.02403,0.10688,1225.0,1139.0,1093.0,783.0,789.0,807.0,496.0,498.0,497.0,-0.48409,-0.87502,0.84717,0.53132,60,2017-10-24,85,1626.0,0.39537,train
2017-08-01,bpi_value,1098.0,7.00125,1095.0,1109.0,1146.0,1225.0,1258.0,1226.0,1098.0,1068.0,1017.0,1009.0,1159.0,58.37,1187.5,58.55,1138.03,66.12,1012.73,144.6,1123.27,220.17,0.00274,-0.13603,0.0,0.07663,1331.0,1225.0,1154.0,779.0,783.0,812.0,492.0,496.0,499.0,-0.49907,-0.86656,0.86495,0.50186,60,2017-10-25,85,1592.0,0.3715,val
2017-08-02,bpi_value,1118.0,7.0193,1098.0,1095.0,1109.0,1192.0,1248.0,1252.0,1141.0,1062.0,1070.0,1007.0,1140.43,46.6,1185.86,60.13,1139.63,65.02,1014.58,145.22,1122.69,220.11,0.01805,-0.11,-0.02036,0.04388,1475.0,1331.0,1171.0,772.0,779.0,814.0,488.0,492.0,500.0,-0.5139,-0.85785,0.8817,0.47181,60,2017-10-26,85,1553.0,0.32865,val
2017-08-03,bpi_value,1143.0,7.04141,1118.0,1098.0,1095.0,1146.0,1225.0,1260.0,1173.0,1060.0,1109.0,1011.0,1128.71,31.83,1183.71,61.08,1140.77,64.77,1016.78,146.15,1121.86,219.89,0.02212,-0.06928,-0.02591,0.0302,1602.0,1475.0,1221.0,767.0,772.0,813.0,482.0,488.0,500.0,-0.52858,-0.84888,0.89741,0.4412,60,2017-10-27,85,1517.0,0.28308,val
2017-08-04,bpi_value,1153.0,7.05012,1143.0,1118.0,1098.0,1109.0,1192.0,1258.0,1202.0,1063.0,1138.0,1006.0,1123.14,22.23,1180.21,61.33,1141.27,64.81,1019.23,147.17,1120.74,219.48,0.00871,-0.03327,-0.04162,0.01309,1637.0,1602.0,1206.0,764.0,767.0,807.0,478.0,482.0,500.0,-0.54311,-0.83966,0.91205,0.41007,60,2017-10-30,87,1498.0,0.26176,val
2017-08-07,bpi_value,1158.0,7.05445,1153.0,1143.0,1118.0,1095.0,1146.0,1248.0,1226.0,1062.0,1145.0,992.0,1124.86,24.29,1175.36,60.2,1141.7,64.88,1022.0,148.19,1119.1,218.64,0.00433,0.01042,-0.05706,0.01129,1655.0,1637.0,1138.0,762.0,764.0,798.0,475.0,478.0,500.0,-0.5857,-0.81053,0.94945,0.31392,60,2017-10-31,85,1492.0,0.25342,val
2017-08-08,bpi_value,1170.0,7.06476,1158.0,1153.0,1143.0,1098.0,1109.0,1225.0,1252.0,1061.0,1151.0,978.0,1133.57,27.74,1169.5,56.32,1142.33,65.06,1025.2,149.28,1117.14,217.38,0.01031,0.05355,-0.06774,0.01637,1659.0,1655.0,1139.0,759.0,762.0,789.0,472.0,475.0,498.0,-0.59955,-0.80034,0.95969,0.28108,60,2017-11-01,85,1503.0,0.25046,val
2017-08-09,bpi_value,1192.0,7.08339,1170.0,1158.0,1153.0,1118.0,1095.0,1192.0,1260.0,1069.0,1150.0,956.0,1147.43,29.2,1164.64,50.98,1143.73,65.66,1029.13,150.51,1115.21,215.93,0.01863,0.08488,-0.05548,0.03587,1702.0,1659.0,1225.0,756.0,759.0,783.0,467.0,472.0,496.0,-0.61323,-0.7899,0.96879,0.2479,60,2017-11-02,85,1539.0,0.2555,val
2017-08-10,bpi_value,1228.0,7.11314,1192.0,1170.0,1158.0,1143.0,1098.0,1146.0,1258.0,1098.0,1119.0,925.0,1166.0,32.95,1162.5,47.53,1147.37,67.18,1034.18,152.0,1113.59,214.52,0.02975,0.1119,-0.02414,0.09295,1837.0,1702.0,1331.0,756.0,756.0,779.0,466.0,467.0,492.0,-0.62673,-0.77924,0.97674,0.21443,60,2017-11-03,85,1562.0,0.24058,val
2017-08-11,bpi_value,1256.0,7.13569,1228.0,1192.0,1170.0,1153.0,1118.0,1109.0,1248.0,1141.0,1091.0,894.0,1185.71,39.06,1163.07,48.59,1152.87,69.07,1040.22,153.5,1112.22,213.22,0.02255,0.11639,0.00639,0.14084,2013.0,1837.0,1475.0,759.0,756.0,772.0,466.0,466.0,488.0,-0.64004,-0.76834,0.98354,0.1807,60,2017-11-06,87,1567.0,0.22123,val
2017-08-14,bpi_value,1272.0,7.14835,1256.0,1228.0,1192.0,1158.0,1143.0,1095.0,1225.0,1173.0,1068.0,870.0,1204.14,44.59,1166.43,54.07,1159.67,70.41,1046.92,154.69,1111.06,212.05,0.01266,0.10693,0.03765,0.1748,2093.0,2013.0,1602.0,760.0,759.0,767.0,465.0,466.0,482.0,-0.67882,-0.7343,0.99692,0.07841,60,2017-11-07,85,1558.0,0.20281,val
2017-08-15,bpi_value,1289.0,7.16162,1272.0,1256.0,1228.0,1170.0,1153.0,1098.0,1192.0,1202.0,1062.0,854.0,1223.57,47.61,1173.36,62.46,1167.23,71.69,1054.17,155.67,1110.14,211.1,0.01328,0.1115,0.07823,0.19371,2155.0,2093.0,1637.0,765.0,760.0,764.0,464.0,465.0,478.0,-0.69135,-0.72252,0.99903,0.04407,60,2017-11-08,85,1515.0,0.16155,val
2017-08-16,bpi_value,1310.0,7.17778,1289.0,1272.0,1256.0,1192.0,1158.0,1118.0,1146.0,1226.0,1060.0,850.0,1245.29,47.41,1185.07,71.03,1175.57,73.26,1061.83,156.75,1109.29,210.13,0.01616,0.12333,0.13375,0.21176,2324.0,2155.0,1655.0,776.0,765.0,762.0,464.0,464.0,475.0,-0.70368,-0.71052,0.99995,0.00968,60,2017-11-09,85,1468.0,0.11387,val
2017-08-17,bpi_value,1336.0,7.19744,1310.0,1289.0,1272.0,1228.0,1170.0,1143.0,1109.0,1252.0,1063.0,849.0,1269.0,45.29,1201.29,77.43,1184.67,75.63,1069.95,158.12,1108.28,208.82,0.01965,0.13268,0.18622,0.22858,2542.0,2324.0,1659.0,791.0,776.0,759.0,465.0,464.0,472.0,-0.7158,-0.69831,0.99969,-0.02473,60,2017-11-10,85,1418.0,0.05957,val
2017-08-18,bpi_value,1345.0,7.20415,1336.0,1310.0,1289.0,1256.0,1192.0,1153.0,1095.0,1260.0,1062.0,848.0,1290.86,39.39,1219.14,79.66,1194.1,77.37,1078.23,159.29,1106.93,206.89,0.00671,0.12076,0.20564,0.23624,2574.0,2542.0,1702.0,806.0,791.0,756.0,465.0,465.0,467.0,-0.7277,-0.68589,0.99825,-0.0591,60,2017-11-13,87,1387.0,0.03075,val
2017-08-21,bpi_value,1349.0,7.20712,1345.0,1336.0,1310.0,1272.0,1228.0,1158.0,1098.0,1258.0,1061.0,845.0,1308.14,34.22,1237.07,78.61,1203.7,78.12,1086.63,160.06,1104.89,203.55,0.00297,0.09398,0.20587,0.24015,2584.0,2574.0,1837.0,817.0,806.0,756.0,466.0,465.0,466.0,-0.76211,-0.64744,0.98685,-0.16164,60,2017-11-14,85,1346.0,-0.00223,val
2017-08-22,bpi_value,1345.0,7.20415,1349.0,1345.0,1336.0,1289.0,1256.0,1170.0,1118.0,1248.0,1069.0,842.0,1320.86,28.55,1253.29,75.74,1212.9,77.97,1095.02,160.2,1102.24,198.82,-0.00297,0.06846,0.18485,0.22967,2489.0,2584.0,2013.0,824.0,817.0,759.0,468.0,466.0,466.0,-0.77314,-0.63424,0.98071,-0.19549,60,2017-11-15,85,1320.0,-0.01876,val
2017-08-23,bpi_value,1311.0,7.17855,1345.0,1349.0,1345.0,1310.0,1272.0,1192.0,1143.0,1225.0,1098.0,829.0,1326.43,21.38,1265.29,70.44,1220.0,76.87,1103.05,158.73,1098.91,192.68,-0.0256,0.0302,0.13713,0.1773,2382.0,2489.0,2093.0,833.0,824.0,760.0,470.0,468.0,465.0,-0.78393,-0.62084,0.9734,-0.2291,60,2017-11-16,85,1298.0,-0.00997,val
2017-08-24,bpi_value,1259.0,7.13807,1311.0,1345.0,1349.0,1336.0,1289.0,1228.0,1153.0,1192.0,1141.0,810.0,1322.14,29.8,1272.86,63.3,1223.93,75.74,1110.53,155.29,1094.89,185.38,-0.04047,-0.02355,0.08795,0.09841,2333.0,2382.0,2155.0,840.0,833.0,765.0,473.0,470.0,464.0,-0.7945,-0.60727,0.96495,-0.26245,60,2017-11-17,85,1285.0,0.02044,val
2017-08-25,bpi_value,1235.0,7.11883,1259.0,1311.0,1345.0,1345.0,1310.0,1256.0,1158.0,1146.0,1173.0,792.0,1311.43,42.86,1278.36,56.0,1226.0,75.17,1117.92,150.42,1090.7,177.75,-0.01925,-0.05896,0.06438,0.05151,2406.0,2333.0,2324.0,845.0,840.0,776.0,474.0,473.0,464.0,-0.80483,-0.59351,0.95535,-0.29549,60,2017-11-20,87,1280.0,0.03579,val
2017-08-29,bpi_value,1215.0,7.1025,1235.0,1259.0,1311.0,1349.0,1336.0,1272.0,1170.0,1109.0,1202.0,789.0,1294.14,52.73,1281.57,50.73,1226.43,75.06,1125.02,144.67,1086.94,171.4,-0.01633,-0.09494,0.03774,0.01076,2381.0,2406.0,2542.0,848.0,845.0,791.0,477.0,474.0,465.0,-0.84373,-0.53677,0.90578,-0.42375,60,2017-11-21,84,1275.0,0.0482,val
2017-08-30,bpi_value,1195.0,7.0859,1215.0,1235.0,1259.0,1345.0,1345.0,1289.0,1192.0,1095.0,1226.0,783.0,1272.71,57.93,1281.79,50.36,1225.4,75.28,1131.88,137.9,1083.62,166.3,-0.0166,-0.11825,0.00251,-0.02561,2282.0,2381.0,2574.0,851.0,848.0,806.0,482.0,477.0,465.0,-0.85284,-0.52218,0.89066,-0.45466,60,2017-11-22,84,1281.0,0.06949,val
2017-08-31,bpi_value,1189.0,7.08087,1195.0,1215.0,1235.0,1311.0,1349.0,1310.0,1228.0,1098.0,1252.0,783.0,1249.86,54.8,1279.0,54.19,1223.3,75.38,1138.65,130.37,1080.96,162.62,-0.00503,-0.12625,-0.03227,-0.05163,2293.0,2282.0,2584.0,853.0,851.0,817.0,486.0,482.0,466.0,-0.86169,-0.50743,0.8745,-0.48503,60,2017-11-23,84,1284.0,0.07687,val
2017-09-01,bpi_value,1198.0,7.08841,1189.0,1195.0,1215.0,1259.0,1345.0,1336.0,1256.0,1118.0,1260.0,793.0,1228.86,40.66,1274.86,57.88,1221.23,75.2,1145.4,122.54,1079.03,160.19,0.00754,-0.11574,-0.04728,-0.05046,2264.0,2293.0,2489.0,856.0,853.0,824.0,486.0,486.0,468.0,-0.87029,-0.49253,0.8573,-0.51482,60,2017-11-24,84,1295.0,0.07786,val
2017-09-04,bpi_value,1227.0,7.11233,1198.0,1189.0,1195.0,1235.0,1311.0,1345.0,1272.0,1143.0,1258.0,813.0,1216.86,23.36,1271.64,59.19,1220.2,74.9,1152.3,115.06,1078.0,158.92,0.02392,-0.06622,-0.03602,-0.02495,2243.0,2264.0,2382.0,860.0,856.0,833.0,487.0,486.0,470.0,-0.89454,-0.44698,0.79969,-0.60041,60,2017-11-27,84,1299.0,0.05702,val
2017-09-05,bpi_value,1275.0,7.1507,1227.0,1198.0,1189.0,1215.0,1259.0,1349.0,1289.0,1153.0,1248.0,833.0,1219.14,27.75,1270.64,59.0,1221.1,75.39,1159.67,108.33,1078.17,159.12,0.03837,0.01263,-0.01092,0.0214,2313.0,2243.0,2333.0,863.0,860.0,840.0,491.0,487.0,473.0,-0.9021,-0.43153,0.77856,-0.62756,60,2017-11-28,84,1320.0,0.03469,val
2017-09-06,bpi_value,1314.0,7.18083,1275.0,1227.0,1198.0,1195.0,1235.0,1345.0,1310.0,1158.0,1225.0,865.0,1230.43,43.5,1270.93,59.2,1224.07,77.21,1167.15,103.1,1079.58,160.64,0.03013,0.062,0.00305,0.07014,2438.0,2313.0,2406.0,868.0,863.0,845.0,494.0,491.0,474.0,-0.90939,-0.41595,0.75652,-0.65397,60,2017-11-29,84,1368.0,0.04027,val
2017-09-07,bpi_value,1351.0,7.2086,1314.0,1275.0,1227.0,1189.0,1215.0,1311.0,1336.0,1170.0,1192.0,903.0,1249.86,59.64,1272.0,60.49,1229.37,80.23,1174.62,99.87,1081.92,163.02,0.02777,0.1061,0.01116,0.12521,2614.0,2438.0,2381.0,875.0,868.0,848.0,499.0,494.0,477.0,-0.91641,-0.40024,0.73357,-0.67961,60,2017-11-30,84,1433.0,0.05893,val
2017-09-08,bpi_value,1375.0,7.22621,1351.0,1314.0,1275.0,1198.0,1195.0,1259.0,1345.0,1192.0,1146.0,938.0,1275.57,68.58,1274.14,63.5,1237.0,82.78,1181.9,98.28,1085.02,165.89,0.01761,0.14031,0.02206,0.18218,2767.0,2614.0,2282.0,888.0,875.0,851.0,504.0,499.0,482.0,-0.92316,-0.38442,0.70976,-0.70444,60,2017-12-01,84,1494.0,0.083,val
2017-09-11,bpi_value,1394.0,7.23993,1375.0,1351.0,1314.0,1227.0,1189.0,1235.0,1349.0,1228.0,1109.0,964.0,1304.86,69.13,1277.36,68.17,1246.5,83.9,1189.07,97.8,1088.87,168.97,0.01372,0.15906,0.03281,0.22872,2813.0,2767.0,2293.0,898.0,888.0,853.0,509.0,504.0,486.0,-0.94176,-0.33629,0.63341,-0.77382,60,2017-12-04,84,1559.0,0.11187,val
2017-09-12,bpi_value,1429.0,7.26473,1394.0,1375.0,1351.0,1275.0,1198.0,1215.0,1345.0,1256.0,1095.0,984.0,1337.86,65.27,1283.36,76.99,1257.63,85.2,1196.48,98.84,1093.38,172.53,0.0248,0.17632,0.06058,0.26622,2724.0,2813.0,2264.0,908.0,898.0,856.0,513.0,509.0,486.0,-0.9474,-0.32004,0.60641,-0.79515,60,2017-12-05,84,1571.0,0.09474,val
2017-09-13,bpi_value,1464.0,7.28893,1429.0,1394.0,1375.0,1314.0,1227.0,1195.0,1311.0,1272.0,1098.0,1017.0,1371.71,60.26,1294.29,89.91,1269.83,87.64,1203.93,101.83,1098.43,176.6,0.0242,0.1766,0.11038,0.28768,2628.0,2724.0,2243.0,923.0,908.0,860.0,520.0,513.0,487.0,-0.95277,-0.3037,0.5787,-0.81554,60,2017-12-06,84,1563.0,0.06543,val
2017-09-14,bpi_value,1499.0,7.31255,1464.0,1429.0,1394.0,1351.0,1275.0,1189.0,1259.0,1289.0,1118.0,1070.0,1403.71,59.88,1311.43,103.41,1282.53,92.21,1211.08,107.1,1103.9,181.24,0.02363,0.16185,0.17448,0.29326,2642.0,2628.0,2313.0,950.0,923.0,863.0,529.0,520.0,491.0,-0.95785,-0.28726,0.55031,-0.83496,60,2017-12-07,84,1564.0,0.04245,val
2017-09-15,bpi_value,1521.0,7.32712,1499.0,1464.0,1429.0,1375.0,1314.0,1198.0,1235.0,1310.0,1143.0,1109.0,1433.29,59.38,1331.86,114.0,1295.13,97.93,1217.95,113.36,1109.57,186.15,0.01457,0.14629,0.2083,0.28571,2685.0,2642.0,2438.0,977.0,950.0,868.0,536.0,529.0,494.0,-0.96265,-0.27074,0.52126,-0.8534,60,2017-12-08,84,1588.0,0.04311,val
2017-09-18,bpi_value,1529.0,7.33237,1521.0,1499.0,1464.0,1394.0,1351.0,1227.0,1215.0,1336.0,1153.0,1138.0,1458.71,56.76,1354.29,119.56,1307.67,102.87,1224.47,119.64,1115.38,190.93,0.00525,0.12377,0.22987,0.28225,2681.0,2685.0,2614.0,997.0,977.0,875.0,551.0,536.0,499.0,-0.97534,-0.22072,0.43056,-0.90256,60,2017-12-11,84,1624.0,0.06028,val
2017-09-19,bpi_value,1536.0,7.33694,1529.0,1521.0,1499.0,1429.0,1375.0,1275.0,1195.0,1345.0,1158.0,1145.0,1481.71,50.44,1378.64,119.36,1320.27,106.84,1230.98,125.63,1121.42,195.49,0.00457,0.11073,0.25104,0.28249,2723.0,2681.0,2767.0,1017.0,997.0,888.0,562.0,551.0,504.0,-0.97899,-0.20391,0.39926,-0.91684,60,2017-12-12,84,1672.0,0.08484,val
2017-09-20,bpi_value,1531.0,7.33368,1536.0,1529.0,1521.0,1464.0,1394.0,1314.0,1189.0,1349.0,1170.0,1151.0,1501.29,37.54,1403.07,112.87,1332.3,109.53,1237.32,130.91,1127.57,199.53,-0.00326,0.09374,0.25281,0.26892,2861.0,2723.0,2813.0,1033.0,1017.0,898.0,576.0,562.0,509.0,-0.98235,-0.18704,0.36748,-0.93003,60,2017-12-13,84,1718.0,0.11524,val
2017-09-21,bpi_value,1514.0,7.32251,1531.0,1536.0,1529.0,1499.0,1429.0,1351.0,1198.0,1345.0,1192.0,1150.0,1513.43,23.21,1425.64,100.53,1343.03,111.03,1243.38,135.09,1133.77,202.75,-0.01117,0.05778,0.2341,0.23912,2948.0,2861.0,2724.0,1050.0,1033.0,908.0,586.0,576.0,513.0,-0.98542,-0.17012,0.33528,-0.94212,60,2017-12-14,84,1714.0,0.12407,val
2017-09-22,bpi_value,1493.0,7.30854,1514.0,1531.0,1536.0,1521.0,1464.0,1375.0,1227.0,1311.0,1228.0,1119.0,1517.57,15.23,1444.64,85.15,1351.87,112.06,1249.62,137.81,1140.08,204.98,-0.01397,0.01962,0.19622,0.1954,3147.0,2948.0,2628.0,1061.0,1050.0,923.0,596.0,586.0,520.0,-0.9882,-0.15314,0.30267,-0.9531,60,2017-12-15,84,1677.0,0.11622,val
2017-09-25,bpi_value,1474.0,7.29574,1493.0,1514.0,1531.0,1529.0,1499.0,1394.0,1275.0,1259.0,1256.0,1091.0,1514.0,21.0,1458.86,71.09,1359.13,112.67,1256.0,139.17,1146.52,206.25,-0.01281,-0.01682,0.14503,0.16005,3173.0,3147.0,2642.0,1068.0,1061.0,950.0,602.0,596.0,529.0,-0.99479,-0.10196,0.20286,-0.97921,60,2017-12-18,84,1643.0,0.10854,val
2017-09-26,bpi_value,1446.0,7.27656,1474.0,1493.0,1514.0,1536.0,1521.0,1429.0,1314.0,1235.0,1272.0,1068.0,1503.29,31.3,1468.29,58.98,1364.93,112.52,1262.3,139.08,1152.92,206.51,-0.01918,-0.05057,0.09573,0.12821,3101.0,3173.0,2685.0,1065.0,1068.0,977.0,607.0,602.0,536.0,-0.9964,-0.08483,0.16906,-0.98561,60,2017-12-19,84,1593.0,0.09682,val
2017-09-27,bpi_value,1406.0,7.2485,1446.0,1474.0,1493.0,1531.0,1529.0,1464.0,1351.0,1215.0,1289.0,1062.0,1485.71,43.92,1472.21,52.51,1368.83,111.84,1268.03,137.79,1159.06,205.74,-0.02805,-0.08387,0.0399,0.08688,2942.0,3101.0,2681.0,1054.0,1065.0,997.0,613.0,607.0,551.0,-0.99771,-0.06768,0.13506,-0.99084,60,2017-12-20,84,1546.0,0.09492,val
2017-09-28,bpi_value,1352.0,7.20934,1406.0,1446.0,1474.0,1514.0,1536.0,1499.0,1375.0,1195.0,1310.0,1060.0,1459.43,58.57,1470.57,55.78,1370.23,111.36,1272.9,135.49,1164.63,204.08,-0.03916,-0.1276,-0.01687,0.03156,2824.0,2942.0,2723.0,1041.0,1054.0,1017.0,616.0,613.0,562.0,-0.99872,-0.05051,0.10089,-0.9949,60,2017-12-21,84,1445.0,0.06652,val
2017-09-29,bpi_value,1308.0,7.17625,1352.0,1406.0,1446.0,1493.0,1531.0,1521.0,1394.0,1189.0,1336.0,1063.0,1427.57,70.43,1464.43,67.4,1369.3,111.76,1276.98,132.77,1169.73,201.85,-0.03309,-0.15742,-0.06368,-0.02118,2738.0,2824.0,2861.0,1021.0,1041.0,1033.0,616.0,616.0,576.0,-0.99944,-0.03332,0.06661,-0.99778,60,2017-12-22,84,1395.0,0.0644,val
2017-10-02,bpi_value,1268.0,7.1452,1308.0,1352.0,1406.0,1474.0,1514.0,1529.0,1429.0,1198.0,1345.0,1062.0,1392.43,79.34,1452.93,84.13,1366.73,113.16,1280.42,129.79,1174.4,199.2,-0.03106,-0.17731,-0.11953,-0.05895,2671.0,2738.0,2948.0,1006.0,1021.0,1050.0,614.0,616.0,586.0,-0.99983,0.01828,-0.03655,-0.99933,60,2018-01-02,92,1340.0,0.05523,val
2017-10-03,bpi_value,1247.0,7.1285,1268.0,1308.0,1352.0,1446.0,1493.0,1536.0,1464.0,1227.0,1349.0,1061.0,1357.29,81.47,1437.43,99.28,1363.33,115.16,1283.52,126.7,1178.87,196.25,-0.0167,-0.18005,-0.16043,-0.07862,2618.0,2671.0,3147.0,984.0,1006.0,1061.0,612.0,614.0,596.0,-0.99937,0.03547,-0.0709,-0.99748,60,2018-01-03,92,1332.0,0.06594,val
2017-10-04,bpi_value,1276.0,7.15149,1247.0,1268.0,1308.0,1406.0,1474.0,1531.0,1499.0,1275.0,1345.0,1069.0,1329.0,69.53,1421.5,105.8,1361.03,116.19,1286.97,123.59,1183.69,193.22,0.02299,-0.14425,-0.16107,-0.05266,2667.0,2618.0,3173.0,968.0,984.0,1068.0,609.0,612.0,602.0,-0.99861,0.05266,-0.10517,-0.99445,60,2018-01-04,92,1365.0,0.06742,val
2017-10-05,bpi_value,1345.0,7.20415,1276.0,1247.0,1268.0,1352.0,1446.0,1514.0,1521.0,1314.0,1311.0,1098.0,1314.57,52.03,1408.93,103.67,1362.17,115.86,1291.08,121.32,1189.42,190.24,0.05266,-0.07241,-0.12297,0.0256,2888.0,2667.0,3101.0,965.0,968.0,1065.0,607.0,609.0,607.0,-0.99756,0.06983,-0.13932,-0.99025,60,2018-01-05,92,1400.0,0.04008,val
2017-10-06,bpi_value,1406.0,7.2485,1345.0,1276.0,1247.0,1308.0,1406.0,1493.0,1529.0,1351.0,1259.0,1141.0,1314.57,52.03,1400.14,98.19,1367.07,114.49,1295.5,120.6,1196.04,187.27,0.04435,0.0,-0.08387,0.11043,2929.0,2888.0,2942.0,971.0,965.0,1054.0,610.0,607.0,613.0,-0.99621,0.08698,-0.1733,-0.98487,60,2018-01-08,94,1424.0,0.01272,val
2017-10-09,bpi_value,1438.0,7.27101,1406.0,1345.0,1276.0,1268.0,1352.0,1474.0,1536.0,1375.0,1235.0,1173.0,1326.86,67.33,1393.14,91.52,1373.83,112.47,1299.92,120.89,1203.22,184.0,0.0225,0.06167,-0.06593,0.15218,2906.0,2929.0,2824.0,978.0,971.0,1041.0,613.0,610.0,616.0,-0.9904,0.13825,-0.27385,-0.96177,60,2018-01-09,92,1428.0,-0.00698,val
2017-10-10,bpi_value,1465.0,7.28961,1438.0,1406.0,1345.0,1247.0,1308.0,1446.0,1531.0,1394.0,1215.0,1202.0,1349.29,81.88,1388.43,85.82,1382.17,109.62,1304.3,122.02,1210.73,180.7,0.0186,0.11336,-0.04407,0.18711,2894.0,2906.0,2738.0,996.0,978.0,1021.0,618.0,613.0,616.0,-0.98787,0.15527,-0.30677,-0.95178,60,2018-01-10,92,1404.0,-0.04253,val
2017-10-11,bpi_value,1504.0,7.31588,1465.0,1438.0,1406.0,1276.0,1268.0,1406.0,1514.0,1429.0,1195.0,1226.0,1383.0,89.69,1387.71,84.81,1392.47,106.0,1308.93,124.22,1218.74,177.52,0.02627,0.17069,-0.00663,0.22998,2882.0,2894.0,2671.0,1020.0,996.0,1006.0,623.0,618.0,614.0,-0.98506,0.17224,-0.33932,-0.94067,60,2018-01-11,92,1371.0,-0.09259,val
2017-10-12,bpi_value,1556.0,7.34987,1504.0,1465.0,1438.0,1345.0,1247.0,1352.0,1493.0,1464.0,1189.0,1252.0,1427.14,87.91,1392.21,91.67,1404.7,102.95,1314.0,127.93,1227.33,174.91,0.03399,0.22138,0.04133,0.26901,2859.0,2882.0,2618.0,1050.0,1020.0,984.0,635.0,623.0,612.0,-0.98195,0.18916,-0.37148,-0.92844,60,2018-01-12,92,1348.0,-0.1435,val
2017-10-13,bpi_value,1606.0,7.3815,1556.0,1504.0,1465.0,1406.0,1276.0,1308.0,1474.0,1499.0,1198.0,1260.0,1474.29,82.54,1401.64,105.36,1418.3,101.69,1319.77,133.07,1236.37,173.23,0.03163,0.23002,0.08577,0.29309,2871.0,2859.0,2667.0,1069.0,1050.0,968.0,649.0,635.0,609.0,-0.97855,0.20602,-0.4032,-0.91511,60,2018-01-15,94,1340.0,-0.18108,val
2017-10-16,bpi_value,1637.0,7.40062,1606.0,1556.0,1504.0,1438.0,1345.0,1268.0,1446.0,1521.0,1227.0,1258.0,1516.0,80.42,1415.29,121.37,1431.97,102.61,1326.08,138.85,1245.52,172.38,0.01912,0.19647,0.12406,0.28829,2980.0,2871.0,2888.0,1082.0,1069.0,965.0,656.0,649.0,607.0,-0.96662,0.25622,-0.49534,-0.8687,60,2018-01-16,92,1329.0,-0.20844,val
2017-10-17,bpi_value,1651.0,7.40914,1637.0,1606.0,1556.0,1465.0,1406.0,1247.0,1406.0,1529.0,1275.0,1248.0,1551.0,78.21,1432.79,135.6,1444.5,105.59,1332.8,144.54,1254.61,171.96,0.00852,0.16063,0.16063,0.25843,3079.0,2980.0,2929.0,1094.0,1082.0,971.0,663.0,656.0,610.0,-0.96207,0.27281,-0.52493,-0.85115,60,2018-01-17,92,1317.0,-0.22602,val
2017-10-18,bpi_value,1646.0,7.4061,1651.0,1637.0,1606.0,1504.0,1438.0,1276.0,1352.0,1536.0,1314.0,1225.0,1580.71,68.55,1453.79,143.97,1455.57,108.68,1339.82,149.28,1263.29,171.78,-0.00303,0.13509,0.19676,0.22527,3134.0,3079.0,2906.0,1105.0,1094.0,978.0,666.0,663.0,613.0,-0.95723,0.28932,-0.55389,-0.83259,60,2018-01-18,92,1311.0,-0.22756,val
2017-10-19,bpi_value,1648.0,7.40732,1646.0,1651.0,1637.0,1556.0,1465.0,1345.0,1308.0,1531.0,1351.0,1192.0,1606.86,52.44,1478.07,145.99,1465.47,112.18,1347.42,153.12,1271.57,172.17,0.00121,0.11771,0.23106,0.19872,3186.0,3134.0,2894.0,1116.0,1105.0,996.0,673.0,666.0,618.0,-0.95211,0.30574,-0.5822,-0.81304,60,2018-01-19,92,1333.0,-0.21213,val
2017-10-20,bpi_value,1643.0,7.40428,1648.0,1646.0,1651.0,1606.0,1504.0,1406.0,1268.0,1514.0,1375.0,1146.0,1626.71,32.11,1504.86,139.24,1474.4,115.25,1355.7,155.43,1279.4,172.85,-0.00304,0.0884,0.25908,0.17807,3145.0,3186.0,2882.0,1126.0,1116.0,1020.0,679.0,673.0,623.0,-0.94671,0.32208,-0.60983,-0.79253,60,2018-01-22,94,1362.0,-0.18757,val
2017-10-23,bpi_value,1642.0,7.40367,1643.0,1648.0,1646.0,1637.0,1556.0,1438.0,1247.0,1493.0,1394.0,1109.0,1639.0,14.1,1533.07,123.23,1482.67,118.04,1364.58,156.3,1286.93,173.72,-0.00061,0.0538,0.27517,0.16374,3187.0,3145.0,2859.0,1128.0,1126.0,1050.0,683.0,679.0,635.0,-0.92884,0.37048,-0.68824,-0.72549,60,2018-01-23,92,1404.0,-0.15659,val
2017-10-24,bpi_value,1626.0,7.39388,1642.0,1643.0,1648.0,1651.0,1606.0,1465.0,1276.0,1474.0,1429.0,1095.0,1641.86,7.7,1558.07,102.25,1489.23,120.33,1373.43,155.82,1294.07,174.31,-0.00979,0.01238,0.24239,0.12915,3202.0,3187.0,2871.0,1130.0,1128.0,1069.0,687.0,683.0,649.0,-0.92233,0.38641,-0.71279,-0.70138,60,2018-01-24,92,1456.0,-0.11043,val
2017-10-25,bpi_value,1592.0,7.37275,1626.0,1642.0,1643.0,1646.0,1637.0,1504.0,1345.0,1446.0,1464.0,1098.0,1635.43,19.23,1575.71,83.57,1493.5,121.63,1381.67,154.09,1300.46,174.58,-0.02113,-0.02787,0.1686,0.08382,3202.0,3202.0,2980.0,1129.0,1130.0,1082.0,690.0,687.0,656.0,-0.91555,0.40221,-0.73649,-0.67645,60,2018-01-25,92,1481.0,-0.07227,val
2017-10-26,bpi_value,1553.0,7.34794,1592.0,1626.0,1642.0,1648.0,1651.0,1556.0,1406.0,1406.0,1499.0,1118.0,1621.43,33.31,1586.21,69.67,1495.3,122.09,1388.92,151.73,1305.82,174.83,-0.0248,-0.06119,0.09944,0.03539,3182.0,3202.0,3079.0,1117.0,1129.0,1094.0,688.0,690.0,663.0,-0.90849,0.4179,-0.75932,-0.65071,60,2018-01-26,92,1492.0,-0.04007,val
2017-10-27,bpi_value,1517.0,7.32449,1553.0,1592.0,1626.0,1643.0,1646.0,1606.0,1438.0,1352.0,1521.0,1143.0,1603.0,47.35,1591.86,59.96,1495.17,122.07,1395.15,149.16,1310.36,174.96,-0.02345,-0.08161,0.05348,-0.00263,3220.0,3182.0,3134.0,1100.0,1117.0,1105.0,687.0,688.0,666.0,-0.90117,0.43347,-0.78126,-0.62421,60,2018-01-29,94,1485.0,-0.02132,val
2017-10-30,bpi_value,1498.0,7.31189,1517.0,1553.0,1592.0,1642.0,1648.0,1637.0,1465.0,1308.0,1529.0,1153.0,1581.57,55.39,1594.21,55.4,1494.13,121.91,1400.9,146.34,1314.36,175.09,-0.0126,-0.09543,0.02228,-0.02048,3217.0,3220.0,3186.0,1081.0,1100.0,1116.0,685.0,687.0,673.0,-0.87761,0.47938,-0.84141,-0.54039,60,2018-01-30,92,1450.0,-0.03257,val
2017-10-31,bpi_value,1492.0,7.30787,1498.0,1517.0,1553.0,1626.0,1643.0,1651.0,1504.0,1268.0,1536.0,1158.0,1560.0,56.66,1593.36,56.86,1492.67,121.66,1406.47,143.31,1318.21,175.14,-0.00401,-0.09641,-0.00801,-0.02906,3219.0,3217.0,3145.0,1060.0,1081.0,1126.0,679.0,685.0,679.0,-0.86923,0.4944,-0.8595,-0.51113,60,2018-01-31,92,1411.0,-0.05582,val
2017-11-01,bpi_value,1503.0,7.31522,1492.0,1498.0,1517.0,1592.0,1642.0,1646.0,1556.0,1247.0,1531.0,1170.0,1540.14,48.16,1589.57,60.85,1491.73,121.47,1412.02,140.47,1322.12,175.29,0.00735,-0.08845,-0.03466,-0.01846,3137.0,3219.0,3187.0,1043.0,1060.0,1128.0,673.0,679.0,683.0,-0.8606,0.50928,-0.87658,-0.48126,60,2018-02-01,92,1378.0,-0.08683,val
2017-11-02,bpi_value,1539.0,7.33889,1503.0,1492.0,1498.0,1553.0,1626.0,1648.0,1606.0,1276.0,1514.0,1192.0,1527.71,33.35,1584.79,61.99,1492.57,121.7,1417.8,138.42,1326.44,175.79,0.02367,-0.05499,-0.04261,0.01638,3059.0,3137.0,3202.0,1027.0,1043.0,1130.0,668.0,673.0,687.0,-0.85171,0.52401,-0.89261,-0.45083,60,2018-02-02,92,1359.0,-0.12438,val
2017-11-03,bpi_value,1562.0,7.35372,1539.0,1503.0,1492.0,1517.0,1592.0,1643.0,1637.0,1345.0,1493.0,1228.0,1523.43,25.91,1579.43,60.47,1494.87,122.34,1423.37,137.38,1331.37,176.11,0.01483,-0.01902,-0.0469,0.04518,3036.0,3059.0,3202.0,1014.0,1027.0,1129.0,664.0,668.0,690.0,-0.84257,0.53858,-0.90759,-0.41986,60,2018-02-05,94,1339.0,-0.15404,val
2017-11-06,bpi_value,1567.0,7.35692,1562.0,1539.0,1503.0,1498.0,1553.0,1642.0,1651.0,1406.0,1474.0,1256.0,1525.43,28.52,1573.43,57.14,1497.97,122.95,1428.55,136.84,1336.66,175.96,0.0032,0.00897,-0.05222,0.06118,3044.0,3036.0,3182.0,1001.0,1014.0,1117.0,661.0,664.0,688.0,-0.81367,0.58133,-0.94602,-0.32411,60,2018-02-06,92,1316.0,-0.17457,val
2017-11-07,bpi_value,1558.0,7.35116,1567.0,1562.0,1539.0,1492.0,1517.0,1626.0,1646.0,1438.0,1446.0,1272.0,1531.29,30.34,1567.14,53.54,1501.7,123.01,1433.32,136.28,1342.1,175.14,-0.00576,0.02667,-0.05495,0.0746,3101.0,3044.0,3220.0,988.0,1001.0,1100.0,658.0,661.0,687.0,-0.80355,0.59524,-0.95661,-0.29138,60,2018-02-07,92,1293.0,-0.18644,val
2017-11-08,bpi_value,1515.0,7.32317,1558.0,1567.0,1562.0,1503.0,1498.0,1592.0,1648.0,1465.0,1406.0,1289.0,1533.71,28.18,1557.64,50.04,1505.33,121.74,1437.08,135.36,1347.13,173.52,-0.02799,0.01128,-0.08415,0.07467,3259.0,3101.0,3217.0,961.0,988.0,1081.0,654.0,658.0,685.0,-0.79319,0.60897,-0.96606,-0.2583,60,2018-02-08,92,1263.0,-0.18193,val
2017-11-09,bpi_value,1468.0,7.29166,1515.0,1558.0,1567.0,1539.0,1492.0,1553.0,1643.0,1504.0,1352.0,1310.0,1530.29,33.92,1545.14,49.0,1509.2,118.61,1439.72,134.4,1351.67,171.28,-0.03151,-0.01622,-0.11262,0.08232,3349.0,3259.0,3219.0,936.0,961.0,1060.0,648.0,654.0,679.0,-0.7826,0.62253,-0.97438,-0.22492,60,2018-02-09,92,1250.0,-0.16076,val
2017-11-10,bpi_value,1418.0,7.257,1468.0,1515.0,1558.0,1562.0,1503.0,1517.0,1642.0,1556.0,1308.0,1336.0,1518.14,51.94,1529.14,51.28,1512.87,113.94,1441.08,133.75,1355.61,168.65,-0.03465,-0.05822,-0.14667,0.08075,3360.0,3349.0,3137.0,912.0,936.0,1043.0,644.0,648.0,673.0,-0.77177,0.6359,-0.98154,-0.19127,60,2018-02-12,94,1237.0,-0.13656,val
2017-11-13,bpi_value,1387.0,7.2349,1418.0,1468.0,1515.0,1567.0,1539.0,1498.0,1626.0,1606.0,1268.0,1345.0,1496.43,67.98,1512.07,55.78,1516.83,107.22,1441.78,133.35,1359.22,165.78,-0.0221,-0.10399,-0.15898,0.0897,3351.0,3360.0,3059.0,888.0,912.0,1027.0,642.0,644.0,668.0,-0.73794,0.67486,-0.99602,-0.08912,60,2018-02-13,92,1228.0,-0.12176,val
2017-11-14,bpi_value,1346.0,7.20489,1387.0,1418.0,1468.0,1558.0,1562.0,1492.0,1592.0,1637.0,1247.0,1349.0,1465.57,79.29,1494.5,65.7,1520.13,100.15,1441.73,133.39,1362.39,162.75,-0.03001,-0.14883,-0.16785,0.0764,3209.0,3351.0,3036.0,872.0,888.0,1014.0,640.0,642.0,664.0,-0.72622,0.68746,-0.9985,-0.05481,60,2018-02-14,92,1231.0,-0.08931,val
2017-11-15,bpi_value,1320.0,7.18539,1346.0,1387.0,1418.0,1515.0,1567.0,1503.0,1553.0,1651.0,1276.0,1345.0,1430.29,81.24,1477.86,77.26,1521.6,96.84,1441.32,133.73,1365.18,159.82,-0.01951,-0.17153,-0.16256,0.0339,3108.0,3209.0,3044.0,858.0,872.0,1001.0,637.0,640.0,661.0,-0.71429,0.69985,-0.99979,-0.02043,60,2018-02-15,92,1251.0,-0.05369,val
2017-11-16,bpi_value,1298.0,7.16858,1320.0,1346.0,1387.0,1468.0,1558.0,1539.0,1517.0,1646.0,1345.0,1311.0,1393.14,73.42,1462.21,89.03,1520.03,100.01,1441.1,133.95,1367.4,157.46,-0.01681,-0.18258,-0.15591,-0.03557,3084.0,3108.0,3101.0,849.0,858.0,988.0,634.0,637.0,658.0,-0.70215,0.71203,-0.9999,0.01398,60,2018-02-16,92,1273.0,-0.01945,val
2017-11-17,bpi_value,1285.0,7.15851,1298.0,1320.0,1346.0,1418.0,1515.0,1562.0,1498.0,1648.0,1406.0,1259.0,1360.29,62.13,1447.0,99.23,1516.0,106.74,1441.53,133.4,1369.0,155.88,-0.01007,-0.16466,-0.15337,-0.08999,3153.0,3084.0,3259.0,845.0,849.0,961.0,630.0,634.0,654.0,-0.6898,0.724,-0.99883,0.04836,60,2018-02-19,94,1294.0,0.00698,val
2017-11-20,bpi_value,1280.0,7.15462,1285.0,1298.0,1320.0,1387.0,1468.0,1567.0,1492.0,1643.0,1438.0,1235.0,1333.43,49.01,1431.86,107.07,1510.73,114.1,1442.28,132.36,1370.19,154.78,-0.0039,-0.13704,-0.15326,-0.11639,3214.0,3153.0,3349.0,850.0,845.0,936.0,628.0,630.0,648.0,-0.65153,0.75862,-0.98853,0.15102,60,2018-02-20,92,1333.0,0.04057,val
2017-11-21,bpi_value,1275.0,7.1507,1280.0,1285.0,1298.0,1346.0,1418.0,1558.0,1503.0,1642.0,1465.0,1215.0,1313.0,38.09,1415.57,112.23,1504.4,121.5,1443.28,130.86,1371.0,154.09,-0.00391,-0.1063,-0.16452,-0.13891,3255.0,3214.0,3360.0,856.0,850.0,912.0,625.0,628.0,644.0,-0.63838,0.76972,-0.98275,0.18493,60,2018-02-21,92,1388.0,0.08492,val
2017-11-22,bpi_value,1281.0,7.1554,1275.0,1280.0,1285.0,1320.0,1387.0,1515.0,1539.0,1626.0,1504.0,1195.0,1297.86,24.2,1397.14,111.63,1496.97,127.95,1444.72,128.58,1371.61,153.62,0.00469,-0.0795,-0.18349,-0.16049,3298.0,3255.0,3351.0,875.0,856.0,888.0,624.0,625.0,642.0,-0.62505,0.78058,-0.97581,0.21863,60,2018-02-22,92,1438.0,0.11561,val
2017-11-23,bpi_value,1284.0,7.15774,1281.0,1275.0,1280.0,1298.0,1346.0,1468.0,1562.0,1592.0,1556.0,1189.0,1289.0,14.26,1377.29,105.07,1487.9,132.98,1446.3,125.98,1371.97,153.38,0.00234,-0.04716,-0.19599,-0.19214,3420.0,3298.0,3209.0,899.0,875.0,872.0,622.0,624.0,640.0,-0.61153,0.79122,-0.96771,0.25206,60,2018-02-23,92,1481.0,0.14274,val
2017-11-24,bpi_value,1295.0,7.16627,1284.0,1281.0,1275.0,1285.0,1320.0,1418.0,1567.0,1553.0,1606.0,1198.0,1285.43,7.65,1357.86,92.6,1477.53,135.47,1447.92,123.38,1372.36,153.14,0.00853,-0.01912,-0.19065,-0.21524,3453.0,3420.0,3108.0,914.0,899.0,858.0,620.0,622.0,637.0,-0.59783,0.80162,-0.95847,0.2852,60,2018-02-26,94,1504.0,0.14962,val
2017-11-27,bpi_value,1299.0,7.16935,1295.0,1284.0,1281.0,1280.0,1298.0,1387.0,1558.0,1517.0,1637.0,1227.0,1285.57,7.89,1339.36,74.96,1466.27,135.79,1449.12,121.56,1372.81,152.86,0.00308,0.00077,-0.18181,-0.23127,3540.0,3453.0,3084.0,923.0,914.0,849.0,619.0,620.0,634.0,-0.55568,0.83139,-0.92398,0.38244,60,2018-02-27,92,1513.0,0.1525,val
2017-11-28,bpi_value,1320.0,7.18539,1299.0,1295.0,1284.0,1275.0,1285.0,1346.0,1515.0,1498.0,1651.0,1275.0,1290.57,14.37,1325.43,56.99,1455.23,133.77,1449.87,120.62,1373.61,152.39,0.01604,0.02687,-0.13778,-0.22375,3659.0,3540.0,3153.0,929.0,923.0,845.0,620.0,619.0,630.0,-0.5413,0.84083,-0.91028,0.41399,60,2018-02-28,92,1513.0,0.13646,val
2017-11-29,bpi_value,1368.0,7.22111,1320.0,1299.0,1295.0,1281.0,1280.0,1320.0,1468.0,1492.0,1646.0,1314.0,1303.14,29.82,1318.29,43.3,1445.97,129.8,1450.77,119.8,1375.2,151.58,0.03572,0.06649,-0.07055,-0.185,3740.0,3659.0,3214.0,936.0,929.0,850.0,622.0,620.0,628.0,-0.52675,0.85002,-0.8955,0.44506,60,2018-03-01,92,1505.0,0.09544,val
2017-11-30,bpi_value,1433.0,7.26753,1368.0,1320.0,1299.0,1284.0,1275.0,1298.0,1418.0,1503.0,1648.0,1351.0,1325.71,51.72,1319.36,45.86,1438.8,124.26,1452.13,119.12,1377.88,150.44,0.04642,0.11682,0.01052,-0.13979,3848.0,3740.0,3255.0,941.0,936.0,856.0,623.0,622.0,625.0,-0.51206,0.85895,-0.87966,0.4756,60,2018-03-02,92,1500.0,0.04569,val
2017-12-01,bpi_value,1494.0,7.30921,1433.0,1368.0,1320.0,1295.0,1281.0,1285.0,1387.0,1539.0,1643.0,1375.0,1356.14,74.23,1327.0,62.42,1433.83,118.86,1454.12,118.81,1381.74,148.9,0.04169,0.15382,0.07431,-0.09507,4025.0,3848.0,3298.0,944.0,941.0,875.0,626.0,623.0,624.0,-0.4972,0.86763,-0.86278,0.50558,60,2018-03-05,94,1502.0,0.00534,val
2017-12-04,bpi_value,1559.0,7.3518,1494.0,1433.0,1368.0,1299.0,1284.0,1280.0,1346.0,1562.0,1642.0,1394.0,1395.43,95.4,1342.21,86.51,1431.07,114.89,1456.87,119.3,1386.74,147.2,0.04259,0.19406,0.14691,-0.05187,4129.0,4025.0,3420.0,944.0,944.0,899.0,626.0,626.0,622.0,-0.45179,0.89213,-0.8061,0.59178,60,2018-03-06,92,1528.0,-0.02008,val
2017-12-05,bpi_value,1571.0,7.35947,1559.0,1494.0,1433.0,1320.0,1295.0,1275.0,1320.0,1567.0,1626.0,1429.0,1434.86,102.52,1360.14,104.24,1429.23,112.17,1459.23,120.13,1392.03,145.16,0.00767,0.1932,0.17408,-0.03441,4115.0,4129.0,3453.0,944.0,944.0,914.0,628.0,626.0,620.0,-0.43637,0.89977,-0.78527,0.61916,60,2018-03-07,92,1553.0,-0.01152,val
2017-12-06,bpi_value,1563.0,7.35436,1571.0,1559.0,1494.0,1368.0,1299.0,1281.0,1298.0,1558.0,1592.0,1464.0,1472.57,93.79,1379.07,114.77,1428.27,110.88,1460.88,120.86,1397.2,142.86,-0.00511,0.18501,0.18578,-0.01838,4126.0,4115.0,3540.0,945.0,944.0,923.0,629.0,628.0,619.0,-0.42083,0.90714,-0.7635,0.6458,60,2018-03-08,92,1590.0,0.01713,val
2017-12-07,bpi_value,1564.0,7.355,1563.0,1571.0,1559.0,1433.0,1320.0,1284.0,1285.0,1515.0,1553.0,1499.0,1507.43,73.82,1399.0,120.77,1428.63,111.31,1461.97,121.49,1402.16,140.81,0.00064,0.16961,0.19649,0.00706,4147.0,4126.0,3659.0,944.0,945.0,929.0,630.0,629.0,620.0,-0.40516,0.91424,-0.74084,0.67168,60,2018-03-09,92,1615.0,0.03209,val
2017-12-08,bpi_value,1588.0,7.37023,1564.0,1563.0,1571.0,1494.0,1368.0,1295.0,1280.0,1468.0,1517.0,1521.0,1538.86,51.11,1421.0,125.06,1431.0,113.89,1463.08,122.33,1407.1,139.43,0.01523,0.14913,0.21562,0.04574,4193.0,4147.0,3740.0,943.0,944.0,936.0,631.0,630.0,622.0,-0.38938,0.92108,-0.7173,0.69677,60,2018-03-12,94,1624.0,0.02242,val
2017-12-11,bpi_value,1624.0,7.39265,1588.0,1564.0,1563.0,1559.0,1433.0,1299.0,1275.0,1418.0,1498.0,1529.0,1566.14,36.09,1445.93,128.22,1435.2,118.51,1464.67,123.78,1412.33,138.63,0.02242,0.12512,0.24195,0.08076,4272.0,4193.0,3848.0,939.0,943.0,941.0,632.0,631.0,623.0,-0.34135,0.93994,-0.64169,0.76697,60,2018-03-13,92,1623.0,-0.00062,val
2017-12-12,bpi_value,1672.0,7.42178,1624.0,1588.0,1564.0,1571.0,1494.0,1320.0,1281.0,1387.0,1492.0,1536.0,1591.57,38.9,1473.86,131.79,1441.2,125.58,1466.93,126.28,1418.04,138.63,0.02913,0.11256,0.26638,0.1139,4293.0,4272.0,4025.0,942.0,939.0,944.0,633.0,632.0,626.0,-0.32513,0.94567,-0.61493,0.78858,60,2018-03-14,92,1623.0,-0.02974,val
2017-12-13,bpi_value,1718.0,7.44892,1672.0,1624.0,1588.0,1563.0,1559.0,1368.0,1284.0,1346.0,1503.0,1531.0,1614.29,55.94,1504.86,134.5,1448.37,134.7,1470.05,130.08,1424.13,139.63,0.02714,0.09712,0.29118,0.1337,4211.0,4293.0,4129.0,943.0,942.0,944.0,633.0,633.0,626.0,-0.30881,0.95112,-0.58744,0.80927,60,2018-03-15,92,1619.0,-0.05935,val
2017-12-14,bpi_value,1714.0,7.44659,1718.0,1672.0,1624.0,1564.0,1571.0,1433.0,1295.0,1320.0,1539.0,1514.0,1634.71,62.17,1534.79,131.05,1454.2,142.09,1473.38,133.67,1429.93,140.7,-0.00233,0.08712,0.28032,0.1077,3936.0,4211.0,4115.0,944.0,943.0,944.0,635.0,633.0,628.0,-0.29241,0.95629,-0.55925,0.829,60,2018-03-16,92,1618.0,-0.05764,val
2017-12-15,bpi_value,1677.0,7.42476,1714.0,1718.0,1672.0,1588.0,1563.0,1494.0,1299.0,1298.0,1562.0,1493.0,1651.0,55.86,1561.79,117.97,1458.03,146.43,1476.45,136.18,1434.92,141.41,-0.02182,0.0704,0.25541,0.07104,3777.0,3936.0,4126.0,942.0,944.0,945.0,636.0,635.0,629.0,-0.27591,0.96118,-0.53041,0.84774,60,2018-03-19,94,1621.0,-0.03396,val
2017-12-18,bpi_value,1643.0,7.40428,1677.0,1714.0,1718.0,1624.0,1564.0,1559.0,1320.0,1285.0,1567.0,1474.0,1662.29,43.83,1584.86,98.39,1460.57,148.93,1479.27,137.83,1439.22,141.79,-0.02048,0.04928,0.21889,0.04736,3656.0,3777.0,4147.0,943.0,942.0,944.0,637.0,636.0,630.0,-0.22596,0.97414,-0.44024,0.89788,60,2018-03-20,92,1615.0,-0.01719,val
2017-12-19,bpi_value,1593.0,7.37337,1643.0,1677.0,1714.0,1672.0,1588.0,1571.0,1368.0,1280.0,1558.0,1446.0,1663.0,42.63,1600.93,77.9,1461.73,149.82,1481.72,138.53,1442.79,141.58,-0.0309,0.00314,0.15227,0.02222,3510.0,3656.0,4193.0,938.0,943.0,943.0,636.0,637.0,631.0,-0.20917,0.97788,-0.40909,0.91249,60,2018-03-21,92,1606.0,0.00813,val
2017-12-20,bpi_value,1546.0,7.34343,1593.0,1643.0,1677.0,1718.0,1624.0,1563.0,1433.0,1275.0,1515.0,1406.0,1651.86,58.58,1609.0,64.84,1462.77,150.29,1484.05,138.41,1445.64,141.04,-0.02995,-0.04922,0.0759,0.02026,3216.0,3510.0,4272.0,933.0,938.0,939.0,632.0,636.0,632.0,-0.19232,0.98133,-0.37746,0.92602,60,2018-03-22,92,1593.0,0.02995,val
2017-12-21,bpi_value,1445.0,7.27586,1546.0,1593.0,1643.0,1714.0,1672.0,1564.0,1494.0,1281.0,1468.0,1352.0,1619.43,91.84,1605.5,71.89,1462.0,150.32,1485.6,137.44,1447.14,140.3,-0.06756,-0.14591,-0.03335,-0.01579,3115.0,3216.0,4293.0,925.0,933.0,942.0,627.0,632.0,633.0,-0.17541,0.9845,-0.34539,0.93846,60,2018-03-23,92,1587.0,0.09374,val
2017-12-22,bpi_value,1395.0,7.24065,1445.0,1546.0,1593.0,1677.0,1718.0,1588.0,1559.0,1284.0,1418.0,1308.0,1573.29,110.06,1593.79,89.67,1461.23,150.6,1487.05,136.01,1447.8,139.92,-0.03521,-0.20827,-0.11115,-0.01635,2830.0,3115.0,4211.0,914.0,925.0,943.0,625.0,627.0,633.0,-0.15845,0.98737,-0.3129,0.94979,60,2018-03-26,94,1575.0,0.12136,val
2018-01-02,bpi_value,1340.0,7.20042,1395.0,1445.0,1546.0,1643.0,1714.0,1624.0,1571.0,1295.0,1387.0,1268.0,1519.86,119.18,1577.29,111.05,1459.67,151.61,1488.25,134.38,1447.74,139.96,-0.04022,-0.24616,-0.15904,-0.03447,2281.0,2830.0,3936.0,901.0,914.0,944.0,612.0,625.0,635.0,0.0344,0.99941,0.06876,0.99763,60,2018-03-27,84,1552.0,0.14687,val
2018-01-03,bpi_value,1332.0,7.19444,1340.0,1395.0,1445.0,1593.0,1677.0,1672.0,1563.0,1299.0,1346.0,1247.0,1470.57,115.28,1560.79,127.84,1459.2,151.98,1489.67,132.26,1447.56,140.1,-0.00599,-0.23032,-0.15993,-0.01046,2426.0,2281.0,3777.0,894.0,901.0,942.0,607.0,612.0,636.0,0.05158,0.99867,0.10303,0.99468,60,2018-03-28,84,1520.0,0.13203,val
2018-01-04,bpi_value,1365.0,7.21891,1332.0,1340.0,1395.0,1546.0,1643.0,1718.0,1564.0,1320.0,1320.0,1276.0,1430.86,95.17,1546.57,137.4,1460.7,150.82,1491.15,130.34,1447.78,139.96,0.02447,-0.18537,-0.13609,0.03352,2715.0,2426.0,3656.0,884.0,894.0,943.0,604.0,607.0,637.0,0.06876,0.99763,0.13719,0.99055,60,2018-03-29,84,1495.0,0.09097,val
2018-01-05,bpi_value,1400.0,7.24423,1365.0,1332.0,1340.0,1445.0,1593.0,1714.0,1588.0,1368.0,1298.0,1345.0,1403.29,68.39,1533.14,141.81,1464.1,148.24,1492.07,129.5,1448.77,139.3,0.02532,-0.12915,-0.126,0.07565,2791.0,2715.0,3510.0,884.0,884.0,938.0,600.0,604.0,636.0,0.08591,0.9963,0.17118,0.98524,60,2018-04-03,88,1455.0,0.03853,val
2018-01-08,bpi_value,1424.0,7.26123,1400.0,1365.0,1332.0,1395.0,1546.0,1677.0,1624.0,1433.0,1285.0,1406.0,1385.86,39.05,1518.86,142.01,1468.73,144.7,1492.37,129.32,1450.6,137.87,0.017,-0.0822,-0.13142,0.10271,2826.0,2791.0,3216.0,886.0,884.0,933.0,594.0,600.0,632.0,0.13719,0.99055,0.27178,0.96236,60,2018-04-04,86,1397.0,-0.01914,val
2018-01-09,bpi_value,1428.0,7.26403,1424.0,1400.0,1365.0,1340.0,1445.0,1643.0,1672.0,1494.0,1280.0,1438.0,1383.43,35.68,1501.43,137.03,1473.67,140.64,1492.2,129.4,1452.74,135.99,0.00281,-0.01183,-0.15775,0.10941,2820.0,2826.0,3115.0,889.0,886.0,925.0,592.0,594.0,627.0,0.1542,0.98804,0.30472,0.95244,60,2018-04-05,86,1343.0,-0.06137,val
2018-01-10,bpi_value,1404.0,7.24708,1428.0,1424.0,1400.0,1332.0,1395.0,1593.0,1718.0,1559.0,1275.0,1465.0,1384.71,36.23,1479.0,124.91,1477.97,136.41,1491.18,129.85,1454.84,133.74,-0.01695,0.00643,-0.20184,0.09638,2677.0,2820.0,2830.0,898.0,889.0,914.0,589.0,592.0,625.0,0.17118,0.98524,0.3373,0.9414,60,2018-04-06,86,1317.0,-0.06397,val
2018-01-11,bpi_value,1371.0,7.2233,1404.0,1428.0,1424.0,1365.0,1340.0,1546.0,1714.0,1571.0,1281.0,1504.0,1389.14,32.16,1454.5,109.05,1480.97,133.0,1488.97,130.74,1456.8,131.19,-0.02378,0.02287,-0.22329,0.0679,2384.0,2677.0,2281.0,902.0,898.0,901.0,587.0,589.0,612.0,0.1881,0.98215,0.36948,0.92924,60,2018-04-09,88,1315.0,-0.0417,val
2018-01-12,bpi_value,1348.0,7.20638,1371.0,1404.0,1428.0,1400.0,1332.0,1445.0,1677.0,1563.0,1284.0,1556.0,1391.43,28.36,1431.0,92.81,1483.1,130.3,1485.5,131.67,1458.57,128.62,-0.01692,0.01194,-0.21838,0.04864,2296.0,2384.0,2426.0,907.0,902.0,894.0,587.0,587.0,607.0,0.20497,0.97877,0.40123,0.91598,60,2018-04-10,88,1319.0,-0.02175,val
2018-01-15,bpi_value,1340.0,7.20042,1348.0,1371.0,1404.0,1424.0,1365.0,1395.0,1643.0,1564.0,1295.0,1606.0,1387.86,32.71,1409.36,74.33,1484.6,128.38,1481.07,132.02,1460.14,126.26,-0.00595,-0.01848,-0.20385,0.03416,2231.0,2296.0,2715.0,908.0,907.0,884.0,585.0,587.0,604.0,0.25518,0.96689,0.49347,0.86976,60,2018-04-11,86,1325.0,-0.01126,val
2018-01-16,bpi_value,1329.0,7.19218,1340.0,1348.0,1371.0,1428.0,1400.0,1340.0,1593.0,1588.0,1299.0,1637.0,1377.71,37.96,1390.5,56.77,1485.6,127.04,1475.93,131.84,1461.28,124.61,-0.00824,-0.05205,-0.18119,0.02283,2010.0,2231.0,2791.0,910.0,908.0,884.0,583.0,585.0,600.0,0.27178,0.96236,0.52309,0.85227,60,2018-04-12,86,1335.0,0.0045,val
2018-01-17,bpi_value,1317.0,7.18311,1329.0,1340.0,1348.0,1404.0,1424.0,1332.0,1546.0,1624.0,1320.0,1651.0,1362.43,37.78,1374.14,40.17,1485.5,127.17,1470.37,131.38,1461.74,123.99,-0.00907,-0.07811,-0.16031,-0.00228,1743.0,2010.0,2826.0,910.0,910.0,886.0,581.0,583.0,594.0,0.28829,0.95754,0.5521,0.83378,60,2018-04-13,86,1351.0,0.02549,val
2018-01-18,bpi_value,1311.0,7.17855,1317.0,1329.0,1340.0,1371.0,1428.0,1365.0,1445.0,1672.0,1368.0,1646.0,1345.71,30.2,1364.57,38.05,1483.6,129.32,1464.78,130.92,1461.71,124.03,-0.00457,-0.08548,-0.09732,-0.04256,1611.0,1743.0,2820.0,910.0,910.0,889.0,580.0,581.0,592.0,0.30472,0.95244,0.58045,0.81429,60,2018-04-16,88,1359.0,0.03596,val
2018-01-19,bpi_value,1333.0,7.19519,1311.0,1317.0,1329.0,1348.0,1404.0,1400.0,1395.0,1718.0,1433.0,1648.0,1335.57,18.62,1360.14,37.86,1480.27,131.84,1459.53,129.78,1461.51,124.22,0.01664,-0.05189,-0.04546,-0.07234,1493.0,1611.0,2677.0,911.0,910.0,898.0,584.0,580.0,589.0,0.32106,0.94706,0.60812,0.79384,60,2018-04-17,88,1353.0,0.01489,val
2018-01-22,bpi_value,1362.0,7.21671,1333.0,1311.0,1317.0,1340.0,1371.0,1424.0,1340.0,1714.0,1494.0,1643.0,1334.29,16.3,1361.71,37.45,1475.87,133.5,1454.85,128.13,1461.37,124.33,0.02152,-0.00659,0.01628,-0.0925,1445.0,1493.0,2384.0,913.0,911.0,902.0,585.0,584.0,587.0,0.36948,0.92924,0.68668,0.72696,60,2018-04-18,86,1329.0,-0.02453,val
2018-01-23,bpi_value,1404.0,7.24708,1362.0,1333.0,1311.0,1329.0,1348.0,1428.0,1332.0,1677.0,1559.0,1642.0,1342.29,29.48,1366.86,37.95,1470.7,133.18,1450.88,125.94,1461.48,124.27,0.03037,0.0407,0.05264,-0.10472,1525.0,1445.0,2296.0,911.0,913.0,907.0,586.0,585.0,587.0,0.38541,0.92274,0.71128,0.70291,60,2018-04-19,86,1306.0,-0.07236,val
2018-01-24,bpi_value,1456.0,7.28345,1404.0,1362.0,1333.0,1317.0,1340.0,1404.0,1365.0,1643.0,1571.0,1626.0,1358.86,49.41,1373.36,44.34,1466.87,131.89,1448.05,123.86,1461.78,124.23,0.03637,0.08302,0.06454,-0.07602,1676.0,1525.0,2231.0,908.0,911.0,908.0,584.0,586.0,585.0,0.40123,0.91598,0.73503,0.67803,60,2018-04-20,86,1289.0,-0.12183,val
2018-01-25,bpi_value,1481.0,7.30047,1456.0,1404.0,1362.0,1311.0,1329.0,1371.0,1400.0,1593.0,1563.0,1592.0,1380.57,63.03,1379.14,52.05,1464.13,130.71,1446.2,122.52,1461.97,124.24,0.01702,0.10829,0.05625,-0.05389,1752.0,1676.0,2010.0,904.0,908.0,910.0,581.0,584.0,583.0,0.41693,0.90894,0.75792,0.65235,60,2018-04-23,88,1281.0,-0.14508,val
2018-01-26,bpi_value,1492.0,7.30787,1481.0,1456.0,1404.0,1333.0,1317.0,1348.0,1424.0,1546.0,1564.0,1553.0,1405.57,67.42,1384.0,58.75,1461.73,129.51,1445.18,121.88,1461.89,124.22,0.0074,0.12476,0.04665,-0.04713,1772.0,1752.0,1743.0,900.0,904.0,910.0,577.0,581.0,581.0,0.4325,0.90163,0.77991,0.62589,60,2018-04-24,88,1269.0,-0.16189,val
2018-01-29,bpi_value,1485.0,7.30317,1492.0,1481.0,1456.0,1362.0,1311.0,1340.0,1428.0,1445.0,1588.0,1517.0,1430.43,59.59,1388.07,63.45,1458.3,127.47,1444.65,121.64,1461.49,124.09,-0.0047,0.12462,0.03914,-0.06706,1784.0,1772.0,1611.0,895.0,900.0,910.0,573.0,577.0,580.0,0.47843,0.87812,0.84025,0.5422,60,2018-04-25,86,1264.0,-0.16113,val
2018-01-30,bpi_value,1450.0,7.27932,1485.0,1492.0,1481.0,1404.0,1333.0,1329.0,1404.0,1395.0,1624.0,1498.0,1447.14,44.38,1391.36,65.35,1452.5,123.7,1443.85,121.44,1460.61,123.89,-0.02385,0.08413,0.03224,-0.11333,1748.0,1784.0,1493.0,889.0,895.0,911.0,566.0,573.0,584.0,0.49347,0.86976,0.8584,0.51298,60,2018-04-26,86,1272.0,-0.13097,val
2018-01-31,bpi_value,1411.0,7.25205,1450.0,1485.0,1492.0,1456.0,1362.0,1317.0,1371.0,1340.0,1672.0,1492.0,1454.14,32.74,1394.21,65.27,1443.8,116.95,1442.5,121.35,1459.22,123.73,-0.02726,0.03534,0.02876,-0.16972,1613.0,1748.0,1445.0,884.0,889.0,913.0,558.0,566.0,585.0,0.50836,0.86115,0.87554,0.48315,60,2018-04-27,86,1275.0,-0.10135,val
2018-02-01,bpi_value,1378.0,7.22839,1411.0,1450.0,1485.0,1481.0,1404.0,1311.0,1348.0,1332.0,1718.0,1503.0,1450.43,39.08,1396.36,64.2,1432.47,105.77,1440.42,121.37,1457.52,123.79,-0.02367,-0.01869,0.02201,-0.22053,1528.0,1613.0,1525.0,877.0,884.0,911.0,552.0,558.0,586.0,0.52309,0.85227,0.89164,0.45274,60,2018-04-30,88,1276.0,-0.0769,val
2018-02-02,bpi_value,1359.0,7.2145,1378.0,1411.0,1450.0,1492.0,1456.0,1333.0,1340.0,1365.0,1714.0,1539.0,1436.57,50.25,1397.71,63.19,1420.63,92.66,1437.42,121.12,1455.8,124.07,-0.01388,-0.06894,0.01408,-0.23208,1470.0,1528.0,1676.0,872.0,877.0,908.0,547.0,552.0,584.0,0.53768,0.84315,0.90669,0.42181,60,2018-05-01,88,1271.0,-0.06695,val
2018-02-05,bpi_value,1339.0,7.19968,1359.0,1378.0,1411.0,1485.0,1481.0,1362.0,1329.0,1400.0,1677.0,1562.0,1416.29,56.49,1398.43,62.46,1409.37,80.56,1433.7,120.66,1454.09,124.6,-0.01483,-0.10079,0.0075,-0.22508,1433.0,1470.0,1752.0,865.0,872.0,904.0,543.0,547.0,581.0,0.58045,0.81429,0.94532,0.32614,60,2018-05-02,86,1271.0,-0.05212,val
2018-02-06,bpi_value,1316.0,7.18235,1339.0,1359.0,1378.0,1450.0,1492.0,1404.0,1317.0,1424.0,1643.0,1567.0,1391.14,56.36,1398.36,62.55,1398.47,69.59,1429.52,120.31,1452.33,125.42,-0.01733,-0.12552,-0.00076,-0.22193,1519.0,1433.0,1772.0,857.0,865.0,900.0,538.0,543.0,577.0,0.59438,0.80419,0.95598,0.29343,60,2018-05-03,86,1266.0,-0.03873,val
2018-02-07,bpi_value,1293.0,7.16472,1316.0,1339.0,1359.0,1411.0,1485.0,1456.0,1311.0,1428.0,1593.0,1558.0,1363.71,50.42,1397.07,64.49,1388.47,62.06,1425.1,120.38,1450.63,126.53,-0.01763,-0.13845,-0.01383,-0.20865,1578.0,1519.0,1784.0,844.0,857.0,895.0,532.0,538.0,573.0,0.60812,0.79384,0.96551,0.26038,60,2018-05-04,86,1265.0,-0.02189,val
2018-02-08,bpi_value,1263.0,7.14125,1293.0,1316.0,1339.0,1378.0,1450.0,1481.0,1333.0,1404.0,1546.0,1515.0,1337.0,47.05,1392.07,71.59,1379.03,58.82,1420.9,121.56,1449.04,127.97,-0.02348,-0.13807,-0.05394,-0.20218,1662.0,1578.0,1748.0,833.0,844.0,889.0,529.0,532.0,566.0,0.62169,0.78327,0.97389,0.22701,60,2018-05-08,89,1257.0,-0.00476,val
2018-02-09,bpi_value,1250.0,7.1309,1263.0,1293.0,1316.0,1359.0,1411.0,1492.0,1362.0,1371.0,1445.0,1468.0,1314.0,44.54,1384.07,80.24,1372.53,61.87,1417.27,123.34,1447.91,129.27,-0.01035,-0.12116,-0.08581,-0.14497,1790.0,1662.0,1613.0,825.0,833.0,884.0,526.0,529.0,558.0,0.63507,0.77246,0.98112,0.19338,60,2018-05-09,89,1253.0,0.0024,val
2018-02-12,bpi_value,1237.0,7.12044,1250.0,1263.0,1293.0,1339.0,1378.0,1485.0,1404.0,1348.0,1395.0,1418.0,1293.86,42.9,1372.14,88.39,1367.27,66.3,1414.25,125.48,1447.12,130.33,-0.01045,-0.10794,-0.12664,-0.12021,1824.0,1790.0,1528.0,819.0,825.0,877.0,520.0,526.0,552.0,0.67407,0.73867,0.99583,0.09126,60,2018-05-10,87,1246.0,0.00725,val
2018-02-13,bpi_value,1228.0,7.11314,1237.0,1250.0,1263.0,1316.0,1359.0,1450.0,1456.0,1340.0,1340.0,1387.0,1275.14,38.77,1355.86,92.35,1363.53,70.73,1411.6,127.69,1446.68,131.01,-0.0073,-0.10136,-0.17031,-0.08728,1793.0,1824.0,1470.0,817.0,819.0,872.0,518.0,520.0,547.0,0.68668,0.72696,0.99838,0.05695,60,2018-05-11,87,1245.0,0.01375,val
2018-02-14,bpi_value,1231.0,7.11558,1228.0,1237.0,1250.0,1293.0,1339.0,1411.0,1481.0,1329.0,1332.0,1346.0,1259.71,31.0,1338.0,90.58,1360.17,74.46,1409.68,129.51,1446.5,131.29,0.00244,-0.0841,-0.18489,-0.07885,1721.0,1793.0,1433.0,823.0,817.0,865.0,516.0,518.0,543.0,0.69908,0.71504,0.99975,0.02258,60,2018-05-14,89,1240.0,0.00728,val
2018-02-15,bpi_value,1251.0,7.1317,1231.0,1228.0,1237.0,1263.0,1316.0,1378.0,1492.0,1317.0,1365.0,1320.0,1250.43,20.81,1320.79,82.19,1356.37,76.98,1408.53,130.6,1446.22,131.67,0.01612,-0.05065,-0.17617,-0.08721,1663.0,1721.0,1519.0,832.0,823.0,857.0,515.0,516.0,538.0,0.71128,0.70291,0.99993,-0.01183,60,2018-05-15,89,1237.0,-0.01125,val
2018-02-16,bpi_value,1273.0,7.14913,1251.0,1231.0,1228.0,1250.0,1293.0,1359.0,1485.0,1311.0,1400.0,1298.0,1247.57,15.45,1305.64,69.01,1352.13,77.95,1408.12,130.99,1445.42,132.5,0.01743,-0.01559,-0.15404,-0.0951,1608.0,1663.0,1578.0,837.0,832.0,844.0,515.0,515.0,532.0,0.72326,0.69057,0.99893,-0.04622,60,2018-05-16,89,1237.0,-0.02869,val
2018-02-19,bpi_value,1294.0,7.16549,1273.0,1251.0,1231.0,1237.0,1263.0,1339.0,1450.0,1333.0,1424.0,1285.0,1252.0,22.21,1294.5,56.21,1347.8,77.45,1408.27,130.86,1444.18,133.39,0.01636,0.02425,-0.11383,-0.09573,1597.0,1608.0,1662.0,840.0,837.0,833.0,517.0,515.0,529.0,0.75792,0.65235,0.98885,-0.14889,60,2018-05-17,87,1239.0,-0.04343,val
2018-02-20,bpi_value,1333.0,7.19519,1294.0,1273.0,1251.0,1228.0,1250.0,1316.0,1411.0,1362.0,1428.0,1280.0,1263.86,35.91,1288.93,47.59,1344.63,76.03,1409.15,130.17,1443.01,133.9,0.02969,0.06429,-0.05687,-0.06884,1678.0,1597.0,1790.0,847.0,840.0,825.0,519.0,517.0,526.0,0.76903,0.63921,0.98315,-0.18282,60,2018-05-18,87,1241.0,-0.07151,val
2018-02-21,bpi_value,1388.0,7.23562,1333.0,1294.0,1273.0,1231.0,1237.0,1293.0,1378.0,1404.0,1404.0,1275.0,1285.43,54.06,1289.64,48.98,1344.1,75.67,1411.03,129.02,1442.16,134.0,0.04043,0.11517,0.00723,-0.01146,1717.0,1678.0,1824.0,856.0,847.0,819.0,522.0,519.0,520.0,0.77991,0.62589,0.97628,-0.21653,60,2018-05-21,89,1243.0,-0.11034,val
2018-02-22,bpi_value,1438.0,7.27101,1388.0,1333.0,1294.0,1251.0,1228.0,1263.0,1359.0,1456.0,1371.0,1281.0,1315.43,69.83,1295.29,59.96,1346.33,77.4,1413.65,127.95,1441.42,133.84,0.03539,0.15787,0.0565,0.04771,1725.0,1717.0,1793.0,871.0,856.0,817.0,529.0,522.0,518.0,0.79056,0.61238,0.96825,-0.24998,60,2018-05-22,89,1239.0,-0.14895,val
2018-02-23,bpi_value,1481.0,7.30047,1438.0,1388.0,1333.0,1273.0,1231.0,1250.0,1339.0,1481.0,1348.0,1284.0,1351.14,80.62,1305.43,76.29,1350.77,81.09,1416.93,127.1,1440.59,133.36,0.02946,0.18489,0.10079,0.0941,1722.0,1725.0,1721.0,892.0,871.0,823.0,534.0,529.0,516.0,0.80098,0.59869,0.95908,-0.28314,60,2018-05-23,89,1222.0,-0.19223,val
2018-02-26,bpi_value,1504.0,7.31588,1481.0,1438.0,1388.0,1294.0,1251.0,1237.0,1316.0,1492.0,1340.0,1295.0,1387.29,84.25,1318.86,91.91,1356.23,85.58,1420.42,126.58,1439.46,132.38,0.01541,0.18418,0.13353,0.11546,1680.0,1722.0,1663.0,919.0,892.0,832.0,538.0,534.0,515.0,0.8308,0.55658,0.9248,-0.38045,60,2018-05-24,87,1202.0,-0.22414,val
2018-02-27,bpi_value,1513.0,7.32185,1504.0,1481.0,1438.0,1333.0,1273.0,1228.0,1293.0,1485.0,1329.0,1299.0,1421.57,79.46,1334.57,104.14,1362.37,89.9,1423.98,126.12,1438.08,130.95,0.00597,0.17272,0.15713,0.12967,1595.0,1680.0,1608.0,948.0,919.0,837.0,545.0,538.0,515.0,0.84025,0.5422,0.91117,-0.41203,60,2018-05-25,87,1187.0,-0.24267,val
2018-02-28,bpi_value,1513.0,7.32185,1513.0,1504.0,1481.0,1388.0,1294.0,1231.0,1263.0,1450.0,1317.0,1320.0,1452.86,64.85,1352.43,111.51,1368.9,93.42,1427.2,125.89,1436.54,129.25,0.0,0.15636,0.1806,0.13874,1560.0,1595.0,1597.0,973.0,948.0,840.0,557.0,545.0,517.0,0.84945,0.52767,0.89646,-0.44313,60,2018-05-29,90,1163.0,-0.26309,val
2018-03-01,bpi_value,1505.0,7.31655,1513.0,1513.0,1504.0,1438.0,1333.0,1251.0,1250.0,1411.0,1311.0,1368.0,1477.43,44.02,1370.64,114.09,1375.37,95.87,1429.48,126.04,1434.98,127.54,-0.0053,0.12136,0.18565,0.138,1568.0,1560.0,1678.0,992.0,973.0,847.0,579.0,557.0,519.0,0.8584,0.51298,0.88068,-0.47371,60,2018-05-30,90,1149.0,-0.2699,val
2018-03-02,bpi_value,1500.0,7.31322,1505.0,1513.0,1513.0,1481.0,1388.0,1273.0,1237.0,1378.0,1333.0,1433.0,1493.43,24.73,1389.43,112.17,1380.93,98.07,1430.6,126.36,1433.33,125.72,-0.00333,0.0776,0.19278,0.11803,1592.0,1568.0,1717.0,1004.0,992.0,856.0,586.0,579.0,522.0,0.8671,0.49814,0.86387,-0.50372,60,2018-05-31,90,1160.0,-0.25705,val
2018-03-05,bpi_value,1502.0,7.31455,1500.0,1505.0,1513.0,1504.0,1438.0,1294.0,1228.0,1359.0,1362.0,1494.0,1502.57,9.98,1409.0,106.04,1385.6,100.36,1430.73,126.43,1431.77,123.97,0.00133,0.04354,0.20141,0.09784,1597.0,1592.0,1725.0,1006.0,1004.0,871.0,590.0,586.0,529.0,0.89164,0.45274,0.80737,-0.59004,60,2018-06-01,88,1192.0,-0.23116,val
2018-03-06,bpi_value,1528.0,7.33171,1502.0,1500.0,1505.0,1513.0,1481.0,1333.0,1231.0,1339.0,1404.0,1559.0,1509.29,8.97,1430.21,97.68,1389.73,103.54,1430.22,125.97,1430.5,122.39,0.01716,0.03124,0.21613,0.08463,1587.0,1597.0,1722.0,1013.0,1006.0,892.0,595.0,590.0,534.0,0.8993,0.43734,0.7866,-0.61747,60,2018-06-04,90,1217.0,-0.22757,val
2018-03-07,bpi_value,1553.0,7.34794,1528.0,1502.0,1500.0,1513.0,1504.0,1388.0,1251.0,1316.0,1456.0,1571.0,1516.29,17.33,1451.79,88.65,1392.97,107.01,1429.92,125.65,1429.69,121.32,0.01623,0.03206,0.21625,0.0645,1495.0,1587.0,1680.0,1020.0,1013.0,919.0,599.0,595.0,538.0,0.90669,0.42181,0.76489,-0.64416,60,2018-06-05,90,1250.0,-0.21704,val
2018-03-08,bpi_value,1590.0,7.37149,1553.0,1528.0,1502.0,1505.0,1513.0,1438.0,1273.0,1293.0,1481.0,1563.0,1527.29,30.89,1474.43,80.18,1396.6,111.69,1430.37,126.18,1429.67,121.29,0.02355,0.04964,0.22236,0.07102,1489.0,1495.0,1595.0,1026.0,1020.0,948.0,607.0,599.0,545.0,0.91381,0.40615,0.74228,-0.67009,60,2018-06-06,90,1290.0,-0.20909,val
2018-03-09,bpi_value,1615.0,7.38709,1590.0,1553.0,1528.0,1500.0,1513.0,1481.0,1294.0,1263.0,1492.0,1564.0,1541.86,42.57,1497.36,70.63,1400.7,117.23,1431.22,127.24,1430.36,122.17,0.0156,0.06524,0.2216,0.07922,1479.0,1489.0,1560.0,1032.0,1026.0,973.0,611.0,607.0,557.0,0.92066,0.39037,0.71879,-0.69523,60,2018-06-07,90,1344.0,-0.18368,val
2018-03-12,bpi_value,1624.0,7.39265,1615.0,1590.0,1553.0,1502.0,1505.0,1504.0,1333.0,1250.0,1485.0,1588.0,1558.86,47.88,1518.14,61.42,1405.33,123.07,1431.82,128.06,1431.54,123.52,0.00556,0.0761,0.19746,0.08948,1425.0,1479.0,1568.0,1040.0,1032.0,992.0,615.0,611.0,579.0,0.93957,0.34236,0.64334,-0.76558,60,2018-06-08,88,1418.0,-0.13564,val
2018-03-13,bpi_value,1623.0,7.39203,1624.0,1615.0,1590.0,1528.0,1500.0,1513.0,1388.0,1237.0,1450.0,1624.0,1576.43,45.57,1534.93,55.38,1411.1,128.95,1431.8,128.04,1432.93,124.95,-0.00062,0.07881,0.15641,0.11271,1362.0,1425.0,1592.0,1049.0,1040.0,1004.0,617.0,615.0,586.0,0.94532,0.32614,0.61662,-0.78726,60,2018-06-11,90,1451.0,-0.11202,val
2018-03-14,bpi_value,1623.0,7.39203,1623.0,1624.0,1615.0,1553.0,1502.0,1513.0,1438.0,1228.0,1411.0,1672.0,1593.71,36.01,1548.14,52.68,1418.17,134.44,1430.98,126.65,1434.39,126.39,0.0,0.07748,0.12102,0.13998,1312.0,1362.0,1597.0,1061.0,1049.0,1006.0,622.0,617.0,590.0,0.95079,0.30983,0.58918,-0.808,60,2018-06-12,90,1474.0,-0.0963,val
2018-03-15,bpi_value,1619.0,7.38956,1623.0,1623.0,1624.0,1590.0,1528.0,1505.0,1481.0,1231.0,1378.0,1718.0,1606.71,24.53,1558.0,52.1,1426.2,138.92,1429.33,123.51,1435.68,127.66,-0.00247,0.05785,0.08909,0.16118,1238.0,1312.0,1587.0,1077.0,1061.0,1013.0,626.0,622.0,595.0,0.95598,0.29343,0.56103,-0.82779,60,2018-06-13,90,1488.0,-0.08438,val
2018-03-16,bpi_value,1618.0,7.38895,1619.0,1623.0,1623.0,1615.0,1553.0,1500.0,1504.0,1251.0,1359.0,1714.0,1616.0,11.03,1566.14,51.93,1434.83,142.48,1427.73,120.39,1436.56,128.64,-0.00062,0.041,0.07306,0.17444,1203.0,1238.0,1495.0,1091.0,1077.0,1020.0,627.0,626.0,599.0,0.96089,0.27695,0.53223,-0.8466,60,2018-06-14,90,1498.0,-0.07706,val
2018-03-19,bpi_value,1621.0,7.3908,1618.0,1619.0,1623.0,1624.0,1590.0,1502.0,1513.0,1273.0,1339.0,1677.0,1620.43,3.02,1573.86,51.48,1444.23,145.13,1426.8,118.66,1437.21,129.42,0.00185,0.01931,0.06895,0.19112,1171.0,1203.0,1489.0,1099.0,1091.0,1026.0,629.0,627.0,607.0,0.97389,0.22701,0.44217,-0.89693,60,2018-06-15,88,1495.0,-0.08092,val
2018-03-20,bpi_value,1615.0,7.38709,1621.0,1618.0,1619.0,1623.0,1615.0,1528.0,1513.0,1294.0,1316.0,1643.0,1620.43,3.02,1581.14,49.54,1454.2,146.24,1426.33,117.86,1437.74,130.06,-0.00371,0.0,0.06524,0.20474,1112.0,1171.0,1479.0,1109.0,1099.0,1032.0,630.0,629.0,611.0,0.97765,0.21022,0.41105,-0.91161,60,2018-06-18,90,1482.0,-0.08594,val
2018-03-21,bpi_value,1606.0,7.3815,1615.0,1621.0,1618.0,1623.0,1624.0,1553.0,1505.0,1333.0,1293.0,1593.0,1617.86,5.51,1588.36,45.08,1464.63,145.53,1426.55,118.18,1438.28,130.64,-0.00559,-0.01115,0.06495,0.21678,1109.0,1112.0,1425.0,1117.0,1109.0,1040.0,634.0,630.0,615.0,0.98112,0.19338,0.37945,-0.92521,60,2018-06-19,90,1458.0,-0.09668,val
2018-03-22,bpi_value,1593.0,7.37337,1606.0,1615.0,1621.0,1619.0,1623.0,1590.0,1500.0,1388.0,1263.0,1546.0,1613.57,9.82,1595.0,37.84,1475.63,142.31,1427.33,119.12,1439.14,131.41,-0.00813,-0.01866,0.06015,0.23213,1129.0,1109.0,1362.0,1122.0,1117.0,1049.0,639.0,634.0,617.0,0.98431,0.17647,0.3474,-0.93772,60,2018-06-20,90,1419.0,-0.11567,val
2018-03-23,bpi_value,1587.0,7.3696,1593.0,1606.0,1615.0,1618.0,1623.0,1615.0,1502.0,1438.0,1250.0,1445.0,1608.43,12.58,1601.07,27.96,1486.87,137.27,1429.7,120.84,1440.47,132.29,-0.00377,-0.02243,0.05505,0.2387,1157.0,1129.0,1312.0,1121.0,1122.0,1061.0,641.0,639.0,622.0,0.9872,0.15951,0.31494,-0.94911,60,2018-06-21,90,1382.0,-0.13831,val
2018-03-26,bpi_value,1575.0,7.36201,1587.0,1593.0,1606.0,1621.0,1619.0,1624.0,1528.0,1481.0,1237.0,1395.0,1602.14,16.2,1604.43,20.91,1498.13,129.98,1432.7,122.17,1442.21,133.01,-0.00759,-0.02755,0.0303,0.24157,1197.0,1157.0,1238.0,1116.0,1121.0,1077.0,645.0,641.0,626.0,0.99411,0.10838,0.21548,-0.97651,60,2018-06-22,88,1355.0,-0.15045,val
2018-03-27,bpi_value,1552.0,7.3473,1575.0,1587.0,1593.0,1615.0,1618.0,1623.0,1553.0,1504.0,1228.0,1340.0,1592.71,22.29,1604.36,21.09,1508.93,120.17,1436.23,122.51,1444.04,133.37,-0.01471,-0.04165,-0.00064,0.23416,1191.0,1197.0,1203.0,1106.0,1116.0,1091.0,648.0,645.0,627.0,0.99583,0.09126,0.18176,-0.98334,60,2018-06-25,90,1339.0,-0.14762,val
2018-03-28,bpi_value,1520.0,7.32647,1552.0,1575.0,1587.0,1606.0,1621.0,1623.0,1590.0,1513.0,1231.0,1332.0,1578.29,30.49,1599.36,30.22,1518.57,108.53,1439.37,122.2,1445.98,133.2,-0.02083,-0.06433,-0.04502,0.21088,1065.0,1191.0,1171.0,1093.0,1106.0,1099.0,650.0,648.0,629.0,0.99725,0.07412,0.14783,-0.98901,60,2018-06-26,90,1321.0,-0.14032,val
2018-03-29,bpi_value,1495.0,7.30988,1520.0,1552.0,1575.0,1593.0,1615.0,1619.0,1615.0,1513.0,1251.0,1365.0,1561.14,37.87,1590.79,40.0,1526.7,96.66,1441.53,122.02,1447.92,132.62,-0.01658,-0.07721,-0.07721,0.17818,1010.0,1065.0,1112.0,1080.0,1093.0,1109.0,652.0,650.0,630.0,0.99838,0.05695,0.11372,-0.99351,60,2018-06-27,90,1324.0,-0.12147,val
2018-04-03,bpi_value,1455.0,7.28276,1495.0,1520.0,1552.0,1587.0,1606.0,1618.0,1624.0,1505.0,1273.0,1400.0,1539.57,47.86,1578.71,51.89,1532.77,85.63,1442.45,121.91,1449.67,131.67,-0.02712,-0.09874,-0.10989,0.13363,924.0,1010.0,1109.0,1067.0,1080.0,1117.0,650.0,652.0,634.0,0.99958,-0.02903,-0.05803,-0.99832,60,2018-06-28,86,1331.0,-0.08908,val
2018-04-04,bpi_value,1397.0,7.24208,1455.0,1495.0,1520.0,1575.0,1593.0,1621.0,1623.0,1500.0,1294.0,1424.0,1511.57,63.27,1562.57,68.2,1536.2,77.69,1442.0,122.03,1450.91,130.63,-0.04068,-0.13129,-0.14995,0.07659,841.0,924.0,1129.0,1056.0,1067.0,1122.0,648.0,650.0,639.0,0.99893,-0.04622,-0.09233,-0.99573,60,2018-06-29,86,1336.0,-0.04465,val
2018-04-05,bpi_value,1343.0,7.20266,1397.0,1455.0,1495.0,1552.0,1587.0,1615.0,1623.0,1502.0,1333.0,1428.0,1476.71,77.68,1542.57,86.22,1536.53,76.83,1440.58,122.67,1451.61,129.88,-0.03942,-0.16694,-0.18937,0.00747,809.0,841.0,1157.0,1042.0,1056.0,1121.0,644.0,648.0,641.0,0.99799,-0.06339,-0.12653,-0.99196,60,2018-07-02,88,1338.0,-0.00373,val
2018-04-06,bpi_value,1317.0,7.18311,1343.0,1397.0,1455.0,1520.0,1575.0,1606.0,1619.0,1528.0,1388.0,1404.0,1439.86,83.31,1521.0,100.92,1534.17,82.27,1439.13,123.61,1452.08,129.32,-0.01955,-0.1789,-0.20645,-0.05251,824.0,809.0,1197.0,1032.0,1042.0,1116.0,643.0,644.0,645.0,0.99675,-0.08055,-0.16057,-0.98702,60,2018-07-03,88,1336.0,0.01432,val
2018-04-09,bpi_value,1315.0,7.18159,1317.0,1343.0,1397.0,1495.0,1552.0,1593.0,1618.0,1553.0,1438.0,1371.0,1406.0,78.89,1499.36,109.89,1530.07,89.69,1438.2,124.33,1452.46,128.87,-0.00152,-0.16571,-0.20735,-0.08942,854.0,824.0,1191.0,1024.0,1032.0,1106.0,638.0,643.0,648.0,0.99127,-0.13186,-0.26141,-0.96523,60,2018-07-04,86,1334.0,0.01435,val
2018-04-10,bpi_value,1319.0,7.18463,1315.0,1317.0,1343.0,1455.0,1520.0,1587.0,1621.0,1590.0,1481.0,1348.0,1377.29,68.0,1477.79,113.48,1524.67,97.06,1437.72,124.73,1452.84,128.41,0.00304,-0.14184,-0.20617,-0.11584,930.0,854.0,1065.0,1016.0,1024.0,1093.0,636.0,638.0,650.0,0.98885,-0.14889,-0.29446,-0.95566,60,2018-07-05,86,1339.0,0.01505,val
2018-04-11,bpi_value,1325.0,7.18917,1319.0,1315.0,1317.0,1397.0,1495.0,1575.0,1615.0,1615.0,1504.0,1340.0,1353.0,49.45,1457.07,113.01,1518.7,103.44,1437.47,124.94,1453.18,128.04,0.00454,-0.12071,-0.19792,-0.12672,940.0,930.0,1010.0,1014.0,1016.0,1080.0,634.0,636.0,652.0,0.98615,-0.16588,-0.32716,-0.94497,60,2018-07-06,86,1347.0,0.01647,val
2018-04-12,bpi_value,1335.0,7.19669,1325.0,1319.0,1315.0,1343.0,1455.0,1552.0,1606.0,1624.0,1513.0,1329.0,1335.86,26.68,1437.71,108.98,1512.77,108.57,1437.57,124.86,1453.58,127.61,0.00752,-0.08607,-0.18482,-0.12516,982.0,940.0,924.0,1014.0,1014.0,1067.0,630.0,634.0,650.0,0.98315,-0.18282,-0.35947,-0.93316,60,2018-07-09,88,1367.0,0.02369,val
2018-04-13,bpi_value,1351.0,7.2086,1335.0,1325.0,1319.0,1317.0,1397.0,1520.0,1593.0,1623.0,1513.0,1317.0,1329.29,12.94,1420.43,101.94,1507.37,112.39,1438.13,124.39,1453.92,127.29,0.01191,-0.03348,-0.16477,-0.11325,1038.0,982.0,841.0,1013.0,1014.0,1056.0,628.0,630.0,648.0,0.97986,-0.1997,-0.39136,-0.92024,60,2018-07-10,88,1431.0,0.05753,val
2018-04-16,bpi_value,1359.0,7.2145,1351.0,1335.0,1325.0,1315.0,1343.0,1495.0,1587.0,1623.0,1505.0,1311.0,1331.57,16.17,1404.14,91.73,1502.5,115.5,1438.93,123.72,1453.82,127.36,0.0059,0.01184,-0.1551,-0.10204,1061.0,1038.0,809.0,1016.0,1013.0,1042.0,626.0,628.0,644.0,0.96825,-0.24998,-0.48409,-0.87502,60,2018-07-11,86,1498.0,0.09738,val
2018-04-17,bpi_value,1353.0,7.21008,1359.0,1351.0,1335.0,1319.0,1317.0,1455.0,1575.0,1619.0,1500.0,1333.0,1336.71,16.44,1388.29,79.15,1497.6,118.58,1439.27,123.46,1452.93,127.79,-0.00442,0.02697,-0.15193,-0.10314,1152.0,1061.0,824.0,1018.0,1016.0,1032.0,626.0,626.0,643.0,0.96381,-0.2666,-0.5139,-0.85785,60,2018-07-12,86,1517.0,0.11441,val
2018-04-18,bpi_value,1329.0,7.19218,1353.0,1359.0,1351.0,1325.0,1315.0,1397.0,1552.0,1618.0,1502.0,1362.0,1338.71,14.4,1372.36,65.94,1491.83,122.37,1438.72,123.87,1451.1,128.37,-0.0179,0.01059,-0.15512,-0.12237,1402.0,1152.0,854.0,1022.0,1018.0,1024.0,626.0,626.0,638.0,0.95908,-0.28314,-0.54311,-0.83966,60,2018-07-13,86,1527.0,0.13888,val
2018-04-19,bpi_value,1306.0,7.17472,1329.0,1353.0,1359.0,1335.0,1319.0,1343.0,1520.0,1621.0,1528.0,1404.0,1336.86,17.36,1357.07,53.59,1484.43,126.6,1437.08,124.96,1448.29,128.74,-0.01746,-0.0099,-0.15174,-0.15699,1668.0,1402.0,930.0,1022.0,1022.0,1016.0,623.0,626.0,636.0,0.95407,-0.29959,-0.57167,-0.82049,60,2018-07-16,88,1529.0,0.15764,val
2018-04-20,bpi_value,1289.0,7.16162,1306.0,1329.0,1353.0,1351.0,1325.0,1317.0,1495.0,1615.0,1553.0,1456.0,1331.71,24.12,1342.36,40.34,1475.63,130.64,1434.3,126.36,1445.16,129.15,-0.0131,-0.02755,-0.14826,-0.18632,1915.0,1668.0,940.0,1025.0,1022.0,1014.0,621.0,623.0,634.0,0.94877,-0.31596,-0.59955,-0.80034,60,2018-07-17,88,1530.0,0.1714,val
2018-04-23,bpi_value,1281.0,7.1554,1289.0,1306.0,1329.0,1359.0,1335.0,1315.0,1455.0,1606.0,1590.0,1481.0,1324.0,29.8,1329.93,28.9,1465.33,133.37,1430.97,127.72,1442.02,129.67,-0.00623,-0.04129,-0.12736,-0.21609,2009.0,1915.0,982.0,1027.0,1025.0,1014.0,621.0,621.0,630.0,0.93121,-0.36448,-0.67882,-0.7343,60,2018-07-18,86,1529.0,0.17697,val
2018-04-24,bpi_value,1269.0,7.14598,1281.0,1289.0,1306.0,1353.0,1351.0,1319.0,1397.0,1593.0,1615.0,1492.0,1312.29,32.85,1320.79,26.37,1453.8,134.88,1427.25,129.12,1438.74,130.27,-0.00941,-0.06262,-0.0961,-0.24111,2130.0,2009.0,1038.0,1030.0,1027.0,1013.0,617.0,621.0,628.0,0.9248,-0.38045,-0.70368,-0.71052,60,2018-07-19,86,1538.0,0.19225,val
2018-04-25,bpi_value,1264.0,7.14204,1269.0,1281.0,1289.0,1329.0,1359.0,1325.0,1343.0,1587.0,1624.0,1485.0,1298.71,30.27,1315.14,29.3,1441.8,135.22,1423.57,130.57,1435.14,130.57,-0.00395,-0.07247,-0.06062,-0.25061,2314.0,2130.0,1061.0,1037.0,1030.0,1016.0,614.0,617.0,626.0,0.91812,-0.3963,-0.7277,-0.68589,60,2018-07-20,86,1557.0,0.20848,val
2018-04-26,bpi_value,1272.0,7.14835,1264.0,1269.0,1281.0,1306.0,1353.0,1335.0,1317.0,1575.0,1623.0,1450.0,1287.14,21.52,1311.93,31.32,1430.1,134.21,1420.6,131.95,1431.23,130.13,0.00631,-0.06173,-0.03477,-0.24369,2306.0,2314.0,1152.0,1040.0,1037.0,1018.0,610.0,614.0,626.0,0.91117,-0.41203,-0.75086,-0.66046,60,2018-07-23,88,1566.0,0.20793,val
2018-04-27,bpi_value,1275.0,7.1507,1272.0,1264.0,1269.0,1289.0,1329.0,1351.0,1315.0,1552.0,1623.0,1411.0,1279.43,13.21,1309.07,32.71,1418.5,132.06,1418.33,133.26,1426.82,128.61,0.00236,-0.04148,-0.03089,-0.24133,2251.0,2306.0,1402.0,1042.0,1040.0,1022.0,605.0,610.0,626.0,0.90395,-0.42765,-0.77314,-0.63424,60,2018-07-24,88,1581.0,0.21511,val
2018-04-30,bpi_value,1276.0,7.15149,1275.0,1272.0,1264.0,1281.0,1306.0,1359.0,1319.0,1520.0,1619.0,1378.0,1275.14,7.55,1306.0,33.63,1407.07,129.02,1416.63,134.41,1421.91,125.81,0.00078,-0.02324,-0.03314,-0.23808,2173.0,2251.0,1668.0,1045.0,1042.0,1022.0,603.0,605.0,623.0,0.88068,-0.47371,-0.83437,-0.5512,60,2018-07-25,86,1588.0,0.21875,val
2018-05-01,bpi_value,1271.0,7.14756,1276.0,1275.0,1272.0,1269.0,1289.0,1353.0,1325.0,1495.0,1618.0,1359.0,1272.57,5.04,1302.14,34.32,1395.5,125.09,1415.17,135.5,1416.99,122.92,-0.00393,-0.01406,-0.04161,-0.24139,2136.0,2173.0,1915.0,1043.0,1045.0,1025.0,601.0,603.0,621.0,0.8724,-0.48879,-0.85284,-0.52218,60,2018-07-26,86,1583.0,0.21952,val
2018-05-02,bpi_value,1271.0,7.14756,1271.0,1276.0,1275.0,1264.0,1281.0,1329.0,1335.0,1455.0,1621.0,1339.0,1271.14,3.68,1297.57,33.9,1383.83,119.72,1414.03,136.42,1412.48,120.72,0.0,-0.00784,-0.04913,-0.24324,2197.0,2136.0,2009.0,1043.0,1043.0,1027.0,597.0,601.0,621.0,0.86387,-0.50372,-0.87029,-0.49253,60,2018-07-27,86,1588.0,0.22267,val
2018-05-03,bpi_value,1266.0,7.14362,1271.0,1271.0,1276.0,1272.0,1269.0,1306.0,1351.0,1397.0,1615.0,1316.0,1270.71,4.06,1291.5,31.3,1372.2,113.48,1413.2,137.16,1408.29,119.18,-0.00394,-0.00237,-0.06498,-0.24347,2308.0,2197.0,2130.0,1047.0,1043.0,1030.0,591.0,597.0,617.0,0.85507,-0.51851,-0.88672,-0.4623,60,2018-07-30,88,1587.0,0.22598,val
2018-05-04,bpi_value,1265.0,7.14283,1266.0,1271.0,1271.0,1275.0,1264.0,1289.0,1359.0,1343.0,1606.0,1293.0,1270.86,3.83,1284.79,25.68,1360.83,106.35,1412.73,137.62,1404.64,118.49,-0.00079,0.00079,-0.07168,-0.23867,2337.0,2308.0,2314.0,1050.0,1047.0,1037.0,589.0,591.0,614.0,0.84603,-0.53314,-0.9021,-0.43153,60,2018-07-31,88,1570.0,0.216,val
2018-05-08,bpi_value,1257.0,7.13648,1265.0,1266.0,1271.0,1276.0,1272.0,1281.0,1353.0,1317.0,1593.0,1263.0,1268.71,6.11,1277.93,18.31,1349.63,98.73,1412.63,137.73,1401.43,118.53,-0.00634,-0.01186,-0.0736,-0.23689,2482.0,2337.0,2306.0,1051.0,1050.0,1040.0,585.0,589.0,610.0,0.80737,-0.59004,-0.95277,-0.3037,60,2018-08-01,85,1539.0,0.2024,val
2018-05-09,bpi_value,1253.0,7.1333,1257.0,1265.0,1266.0,1271.0,1275.0,1269.0,1329.0,1315.0,1587.0,1250.0,1265.57,7.56,1272.5,12.8,1338.5,89.76,1412.68,137.67,1399.3,119.45,-0.00319,-0.01741,-0.05889,-0.2363,2616.0,2482.0,2251.0,1048.0,1051.0,1042.0,585.0,585.0,605.0,0.7971,-0.60385,-0.96265,-0.27074,60,2018-08-02,85,1491.0,0.17391,val
2018-05-10,bpi_value,1246.0,7.12769,1253.0,1257.0,1265.0,1271.0,1276.0,1264.0,1306.0,1319.0,1575.0,1237.0,1261.29,8.83,1268.21,10.74,1327.53,79.73,1412.83,137.48,1397.64,120.53,-0.0056,-0.02379,-0.04703,-0.23432,2565.0,2616.0,2173.0,1052.0,1048.0,1045.0,584.0,585.0,603.0,0.7866,-0.61747,-0.9714,-0.23747,60,2018-08-03,85,1447.0,0.14955,val
2018-05-11,bpi_value,1245.0,7.12689,1246.0,1253.0,1257.0,1266.0,1271.0,1272.0,1289.0,1325.0,1552.0,1228.0,1257.57,9.41,1265.07,10.64,1317.3,69.28,1413.12,137.12,1396.59,121.44,-0.0008,-0.02067,-0.03473,-0.22041,2630.0,2565.0,2136.0,1053.0,1052.0,1043.0,584.0,584.0,601.0,0.77586,-0.63091,-0.97899,-0.20391,60,2018-08-06,87,1420.0,0.13152,val
2018-05-14,bpi_value,1240.0,7.12287,1245.0,1246.0,1253.0,1265.0,1271.0,1275.0,1281.0,1335.0,1520.0,1231.0,1253.14,9.34,1262.14,11.46,1307.97,59.52,1413.27,136.92,1395.57,122.37,-0.00402,-0.02469,-0.03253,-0.2036,2635.0,2630.0,2197.0,1055.0,1053.0,1043.0,585.0,584.0,597.0,0.74228,-0.67009,-0.99479,-0.10196,60,2018-08-07,85,1386.0,0.11131,val
2018-05-15,bpi_value,1237.0,7.12044,1240.0,1245.0,1246.0,1257.0,1266.0,1276.0,1269.0,1351.0,1495.0,1251.0,1249.0,9.15,1259.86,12.96,1299.37,49.71,1413.03,137.21,1394.14,123.45,-0.00242,-0.02317,-0.02554,-0.18944,2602.0,2635.0,2308.0,1053.0,1055.0,1047.0,586.0,585.0,591.0,0.73064,-0.68276,-0.99771,-0.06768,60,2018-08-08,85,1365.0,0.09847,val
2018-05-16,bpi_value,1237.0,7.12044,1237.0,1240.0,1245.0,1253.0,1265.0,1271.0,1264.0,1359.0,1455.0,1273.0,1245.0,7.19,1257.93,14.15,1292.1,41.71,1412.43,137.9,1392.33,124.54,0.0,-0.02238,-0.02159,-0.16232,2407.0,2602.0,2337.0,1056.0,1053.0,1050.0,587.0,586.0,589.0,0.71879,-0.69523,-0.99944,-0.03332,60,2018-08-09,85,1349.0,0.08667,val
2018-05-17,bpi_value,1239.0,7.12206,1237.0,1237.0,1240.0,1246.0,1257.0,1271.0,1272.0,1353.0,1397.0,1294.0,1242.43,5.45,1255.57,14.36,1286.83,37.94,1411.52,138.86,1390.28,125.53,0.00162,-0.01442,-0.02629,-0.12002,2106.0,2407.0,2482.0,1064.0,1056.0,1051.0,589.0,587.0,585.0,0.70673,-0.70749,-1.0,0.00108,60,2018-08-10,85,1339.0,0.07762,val
2018-05-18,bpi_value,1241.0,7.12367,1239.0,1237.0,1237.0,1245.0,1253.0,1266.0,1275.0,1329.0,1343.0,1333.0,1240.71,3.33,1253.14,13.73,1283.43,37.32,1409.98,140.22,1388.2,126.43,0.00161,-0.00962,-0.02703,-0.07899,2053.0,2106.0,2616.0,1069.0,1064.0,1048.0,590.0,589.0,585.0,0.69445,-0.71954,-0.99937,0.03547,60,2018-08-13,87,1339.0,0.07601,val
2018-05-21,bpi_value,1243.0,7.12528,1241.0,1239.0,1237.0,1240.0,1246.0,1265.0,1276.0,1306.0,1317.0,1388.0,1240.29,2.76,1250.79,12.37,1280.97,37.47,1407.57,141.82,1386.41,127.33,0.00161,-0.00241,-0.0262,-0.05783,1957.0,2053.0,2565.0,1071.0,1069.0,1052.0,591.0,590.0,584.0,0.65641,-0.7544,-0.9904,0.13825,60,2018-08-14,85,1362.0,0.09143,val
2018-05-22,bpi_value,1239.0,7.12206,1243.0,1241.0,1239.0,1237.0,1245.0,1257.0,1271.0,1289.0,1315.0,1438.0,1239.43,1.99,1248.5,11.34,1278.43,37.65,1404.25,143.39,1384.94,128.26,-0.00322,-0.00483,-0.0255,-0.05953,1854.0,1957.0,2630.0,1074.0,1071.0,1053.0,590.0,591.0,584.0,0.64334,-0.76558,-0.98506,0.17224,60,2018-08-15,85,1403.0,0.12431,val
2018-05-23,bpi_value,1222.0,7.10824,1239.0,1243.0,1241.0,1237.0,1240.0,1253.0,1271.0,1281.0,1319.0,1481.0,1236.86,6.38,1245.0,11.41,1275.2,38.19,1399.93,144.91,1383.54,129.33,-0.01382,-0.01462,-0.03932,-0.07639,1759.0,1854.0,2635.0,1074.0,1074.0,1055.0,591.0,590.0,585.0,0.63007,-0.77654,-0.97855,0.20602,60,2018-08-16,85,1447.0,0.169,val
2018-05-24,bpi_value,1202.0,7.09174,1222.0,1239.0,1243.0,1239.0,1237.0,1246.0,1266.0,1269.0,1325.0,1504.0,1231.86,13.76,1240.43,14.49,1271.1,39.21,1394.9,146.44,1382.01,130.65,-0.0165,-0.0287,-0.05188,-0.09743,1551.0,1759.0,2602.0,1074.0,1074.0,1053.0,590.0,591.0,586.0,0.61662,-0.78726,-0.97088,0.23956,60,2018-08-17,85,1485.0,0.21143,val
2018-05-25,bpi_value,1187.0,7.07918,1202.0,1222.0,1239.0,1241.0,1237.0,1245.0,1265.0,1264.0,1335.0,1513.0,1224.71,20.54,1234.86,18.43,1266.17,40.16,1389.47,148.0,1380.43,132.13,-0.01256,-0.04126,-0.06364,-0.1175,1395.0,1551.0,2407.0,1071.0,1074.0,1056.0,587.0,590.0,587.0,0.60299,-0.79775,-0.96207,0.27281,60,2018-08-20,87,1506.0,0.23803,val
2018-05-29,bpi_value,1163.0,7.05876,1187.0,1202.0,1222.0,1243.0,1239.0,1240.0,1257.0,1272.0,1351.0,1513.0,1213.86,28.62,1228.14,25.07,1259.9,41.09,1383.63,149.9,1378.72,133.93,-0.02043,-0.0633,-0.07773,-0.14984,1324.0,1395.0,2106.0,1068.0,1071.0,1064.0,586.0,587.0,589.0,0.54671,-0.83732,-0.91555,0.40221,60,2018-08-21,84,1530.0,0.27426,val
2018-05-30,bpi_value,1149.0,7.04665,1163.0,1187.0,1202.0,1239.0,1241.0,1237.0,1253.0,1275.0,1359.0,1505.0,1200.71,33.79,1220.71,31.25,1252.9,41.5,1377.7,152.01,1376.92,135.9,-0.01211,-0.07703,-0.08665,-0.16786,1276.0,1324.0,2053.0,1064.0,1068.0,1069.0,584.0,586.0,590.0,0.53223,-0.8466,-0.90117,0.43347,60,2018-08-22,84,1560.0,0.30579,val
2018-05-31,bpi_value,1160.0,7.05618,1149.0,1163.0,1187.0,1222.0,1243.0,1237.0,1246.0,1276.0,1353.0,1500.0,1188.86,31.35,1214.57,34.01,1246.47,40.43,1372.03,153.67,1375.0,137.72,0.00953,-0.06911,-0.07152,-0.1539,1401.0,1276.0,1957.0,1063.0,1064.0,1071.0,583.0,584.0,591.0,0.51759,-0.85563,-0.88572,0.46421,60,2018-08-23,84,1607.0,0.32595,val
2018-06-01,bpi_value,1192.0,7.08339,1160.0,1149.0,1163.0,1202.0,1239.0,1239.0,1245.0,1271.0,1329.0,1502.0,1182.14,24.08,1210.79,33.35,1241.9,38.54,1366.87,154.42,1373.11,139.04,0.02721,-0.03867,-0.0435,-0.10879,1602.0,1401.0,1854.0,1061.0,1063.0,1074.0,583.0,583.0,590.0,0.50279,-0.86441,-0.86923,0.4944,60,2018-08-24,84,1630.0,0.31295,val
2018-06-04,bpi_value,1217.0,7.10414,1192.0,1160.0,1149.0,1187.0,1222.0,1241.0,1240.0,1271.0,1306.0,1528.0,1181.43,22.93,1209.14,32.43,1238.93,36.88,1361.68,154.15,1371.03,139.96,0.02076,-0.0041,-0.01872,-0.07058,1712.0,1602.0,1759.0,1061.0,1061.0,1074.0,583.0,583.0,591.0,0.45753,-0.88919,-0.81367,0.58133,60,2018-08-28,85,1643.0,0.30014,val
2018-06-05,bpi_value,1250.0,7.1309,1217.0,1192.0,1160.0,1163.0,1202.0,1243.0,1237.0,1266.0,1289.0,1553.0,1188.29,33.02,1210.07,33.38,1237.63,35.76,1356.63,152.75,1368.74,140.24,0.02675,0.03916,0.01045,-0.03072,1835.0,1712.0,1551.0,1065.0,1061.0,1074.0,584.0,583.0,590.0,0.44217,-0.89693,-0.79319,0.60897,60,2018-08-29,85,1639.0,0.27094,val
2018-06-06,bpi_value,1290.0,7.1624,1250.0,1217.0,1192.0,1149.0,1187.0,1239.0,1237.0,1265.0,1281.0,1590.0,1203.0,48.49,1213.86,38.79,1237.93,36.16,1351.63,149.92,1366.62,139.97,0.0315,0.08321,0.04195,0.007,2088.0,1835.0,1395.0,1065.0,1065.0,1071.0,583.0,584.0,587.0,0.42667,-0.90441,-0.77177,0.6359,60,2018-08-30,85,1608.0,0.22035,val
2018-06-07,bpi_value,1344.0,7.20341,1290.0,1250.0,1217.0,1160.0,1163.0,1222.0,1239.0,1257.0,1269.0,1615.0,1228.86,65.53,1221.36,51.12,1240.43,40.55,1347.12,145.94,1364.98,139.35,0.04101,0.14465,0.08135,0.05742,2220.0,2088.0,1324.0,1072.0,1065.0,1068.0,583.0,583.0,586.0,0.41105,-0.91161,-0.74944,0.66207,60,2018-08-31,85,1571.0,0.15606,val
2018-06-08,bpi_value,1418.0,7.257,1344.0,1290.0,1250.0,1192.0,1149.0,1202.0,1241.0,1253.0,1264.0,1624.0,1267.29,83.77,1234.0,72.02,1245.57,51.48,1343.68,141.75,1364.23,138.89,0.0536,0.21036,0.13333,0.11497,2151.0,2220.0,1276.0,1075.0,1072.0,1064.0,584.0,583.0,584.0,0.39531,-0.91855,-0.72622,0.68746,60,2018-09-03,87,1540.0,0.08253,val
2018-06-11,bpi_value,1451.0,7.28001,1418.0,1344.0,1290.0,1217.0,1160.0,1187.0,1243.0,1246.0,1272.0,1623.0,1308.86,92.01,1248.86,91.24,1251.53,63.23,1340.82,137.76,1364.24,138.89,0.02301,0.22383,0.15473,0.13166,2091.0,2151.0,1401.0,1078.0,1075.0,1063.0,586.0,584.0,583.0,0.3474,-0.93772,-0.65153,0.75862,60,2018-09-04,85,1517.0,0.04448,val
2018-06-12,bpi_value,1474.0,7.29574,1451.0,1418.0,1344.0,1250.0,1192.0,1163.0,1239.0,1245.0,1275.0,1623.0,1349.14,93.75,1265.64,107.97,1258.17,74.74,1338.33,133.94,1364.94,139.29,0.01573,0.21235,0.17368,0.14503,2068.0,2091.0,1602.0,1084.0,1078.0,1061.0,588.0,586.0,583.0,0.33122,-0.94355,-0.62505,0.78058,60,2018-09-05,85,1504.0,0.02015,val
2018-06-13,bpi_value,1488.0,7.30519,1474.0,1451.0,1418.0,1290.0,1217.0,1149.0,1222.0,1240.0,1276.0,1619.0,1387.86,86.89,1284.64,121.21,1265.23,85.36,1336.15,130.37,1366.17,139.88,0.00945,0.20104,0.19694,0.1537,2091.0,2068.0,1712.0,1088.0,1084.0,1061.0,591.0,588.0,583.0,0.31494,-0.94911,-0.59783,0.80162,60,2018-09-06,85,1516.0,0.01864,val
2018-06-14,bpi_value,1498.0,7.31189,1488.0,1474.0,1451.0,1344.0,1250.0,1160.0,1202.0,1237.0,1271.0,1618.0,1423.29,72.89,1305.79,130.41,1272.8,95.04,1334.15,126.9,1367.71,140.55,0.0067,0.18099,0.22014,0.16433,2184.0,2091.0,1835.0,1089.0,1088.0,1065.0,592.0,591.0,584.0,0.29857,-0.95439,-0.5699,0.82171,60,2018-09-07,85,1528.0,0.01983,val
2018-06-15,bpi_value,1495.0,7.30988,1498.0,1488.0,1474.0,1418.0,1290.0,1192.0,1187.0,1237.0,1271.0,1621.0,1452.57,51.5,1327.79,134.44,1280.27,103.07,1332.05,123.12,1369.44,141.15,-0.002,0.14748,0.2307,0.16232,2223.0,2184.0,2088.0,1091.0,1089.0,1065.0,593.0,592.0,583.0,0.28211,-0.95938,-0.5413,0.84083,60,2018-09-10,87,1544.0,0.03225,val
2018-06-18,bpi_value,1482.0,7.30115,1495.0,1498.0,1488.0,1451.0,1344.0,1217.0,1163.0,1239.0,1266.0,1615.0,1472.29,26.52,1350.57,131.58,1287.47,109.18,1329.83,119.14,1371.29,141.52,-0.00873,0.09774,0.24239,0.15753,2228.0,2223.0,2220.0,1092.0,1091.0,1072.0,595.0,593.0,583.0,0.23224,-0.97266,-0.45179,0.89213,60,2018-09-11,85,1556.0,0.04873,val
2018-06-19,bpi_value,1458.0,7.28482,1482.0,1495.0,1498.0,1474.0,1418.0,1250.0,1149.0,1241.0,1265.0,1606.0,1478.0,16.69,1372.64,121.44,1293.9,113.28,1327.37,114.85,1373.12,141.57,-0.01633,0.02782,0.23817,0.14199,2187.0,2228.0,2151.0,1093.0,1092.0,1075.0,594.0,595.0,584.0,0.21548,-0.97651,-0.42083,0.90714,60,2018-09-12,85,1550.0,0.06119,val
2018-06-20,bpi_value,1419.0,7.25771,1458.0,1482.0,1495.0,1488.0,1451.0,1290.0,1160.0,1243.0,1257.0,1593.0,1473.43,25.51,1391.14,106.44,1299.3,115.24,1324.47,110.21,1374.86,141.16,-0.02711,-0.0223,0.20153,0.12122,2090.0,2187.0,2091.0,1094.0,1093.0,1078.0,593.0,594.0,586.0,0.19865,-0.98007,-0.38938,0.92108,60,2018-09-13,85,1534.0,0.07793,val
2018-06-21,bpi_value,1382.0,7.23129,1419.0,1458.0,1482.0,1498.0,1474.0,1344.0,1192.0,1239.0,1253.0,1587.0,1460.29,40.89,1404.71,91.21,1303.6,115.83,1321.05,105.08,1376.32,140.54,-0.02642,-0.06445,0.1479,0.09799,2038.0,2090.0,2068.0,1094.0,1094.0,1084.0,592.0,593.0,588.0,0.18176,-0.98334,-0.35746,0.93393,60,2018-09-14,85,1523.0,0.09715,val
2018-06-22,bpi_value,1355.0,7.21156,1382.0,1419.0,1458.0,1495.0,1488.0,1418.0,1217.0,1222.0,1246.0,1575.0,1441.29,52.77,1414.57,76.69,1307.23,115.68,1317.38,99.86,1377.63,139.78,-0.01973,-0.09363,0.10741,0.08386,2011.0,2038.0,2091.0,1092.0,1094.0,1088.0,593.0,592.0,591.0,0.16482,-0.98632,-0.32513,0.94567,60,2018-09-17,87,1518.0,0.11359,val
2018-06-25,bpi_value,1339.0,7.19968,1355.0,1382.0,1419.0,1482.0,1498.0,1451.0,1250.0,1202.0,1245.0,1552.0,1418.57,57.48,1420.93,65.68,1310.37,115.22,1313.83,95.13,1378.87,138.95,-0.01188,-0.11221,0.06878,0.07279,2001.0,2011.0,2184.0,1085.0,1092.0,1089.0,592.0,593.0,592.0,0.11372,-0.99351,-0.22596,0.97414,60,2018-09-18,85,1525.0,0.13007,val
2018-06-26,bpi_value,1321.0,7.18614,1339.0,1355.0,1382.0,1458.0,1495.0,1474.0,1290.0,1187.0,1240.0,1520.0,1393.71,56.67,1423.14,61.63,1313.07,114.49,1310.52,91.28,1379.87,138.2,-0.01353,-0.12374,0.02375,0.06328,1986.0,2001.0,2223.0,1078.0,1085.0,1091.0,589.0,592.0,593.0,0.09661,-0.99532,-0.19232,0.98133,60,2018-09-19,85,1530.0,0.14688,val
2018-06-27,bpi_value,1324.0,7.18841,1321.0,1339.0,1355.0,1419.0,1482.0,1488.0,1344.0,1163.0,1237.0,1495.0,1371.14,47.78,1421.71,63.64,1315.97,113.62,1307.67,88.09,1380.68,137.65,0.00227,-0.11274,-0.01499,0.06797,1942.0,1986.0,2228.0,1067.0,1078.0,1092.0,585.0,589.0,595.0,0.07948,-0.99684,-0.15845,0.98737,60,2018-09-20,85,1557.0,0.1621,val
2018-06-28,bpi_value,1331.0,7.19369,1324.0,1321.0,1339.0,1382.0,1458.0,1498.0,1418.0,1149.0,1237.0,1455.0,1353.0,33.27,1415.5,67.81,1319.1,112.7,1305.6,86.04,1381.32,137.28,0.00527,-0.09114,-0.06332,0.07324,2025.0,1942.0,2187.0,1055.0,1067.0,1093.0,583.0,585.0,594.0,0.06232,-0.99806,-0.12439,0.99223,60,2018-09-21,85,1586.0,0.17528,val
2018-06-29,bpi_value,1336.0,7.19744,1331.0,1324.0,1321.0,1355.0,1419.0,1495.0,1451.0,1160.0,1239.0,1397.0,1341.14,19.62,1407.29,69.95,1322.33,111.74,1304.58,85.31,1381.79,137.06,0.00375,-0.06027,-0.08257,0.07538,2170.0,2025.0,2090.0,1042.0,1055.0,1094.0,581.0,583.0,593.0,0.04514,-0.99898,-0.09019,0.99592,60,2018-09-24,87,1609.0,0.18593,val
2018-07-02,bpi_value,1338.0,7.19893,1336.0,1331.0,1324.0,1339.0,1382.0,1482.0,1474.0,1192.0,1241.0,1343.0,1334.86,10.41,1397.57,69.45,1325.57,110.74,1304.5,85.27,1381.84,137.04,0.0015,-0.03236,-0.0968,0.07526,2304.0,2170.0,2038.0,1034.0,1042.0,1094.0,575.0,581.0,592.0,-0.00645,-0.99998,0.0129,0.99992,60,2018-09-25,85,1639.0,0.20291,val
2018-07-03,bpi_value,1336.0,7.19744,1338.0,1336.0,1331.0,1321.0,1355.0,1458.0,1488.0,1217.0,1243.0,1317.0,1332.14,6.58,1386.71,66.27,1328.67,109.68,1304.82,85.36,1381.27,137.12,-0.0015,-0.01412,-0.10775,0.07215,2478.0,2304.0,2011.0,1025.0,1034.0,1092.0,571.0,575.0,593.0,-0.02365,-0.99972,0.04729,0.99888,60,2018-09-26,85,1677.0,0.22733,val
2018-07-04,bpi_value,1334.0,7.19594,1336.0,1338.0,1336.0,1324.0,1339.0,1419.0,1498.0,1250.0,1239.0,1315.0,1331.43,6.04,1375.0,59.74,1331.83,108.41,1305.13,85.43,1380.11,137.08,-0.0015,-0.00374,-0.11595,0.07388,2743.0,2478.0,2001.0,1017.0,1025.0,1085.0,569.0,571.0,592.0,-0.04084,-0.99917,0.08162,0.99666,60,2018-09-27,85,1689.0,0.23595,val
2018-07-05,bpi_value,1339.0,7.19968,1334.0,1336.0,1338.0,1331.0,1321.0,1382.0,1495.0,1290.0,1222.0,1319.0,1334.0,4.75,1363.86,50.09,1335.73,106.48,1305.47,85.52,1378.53,136.72,0.00374,0.01353,-0.1102,0.09143,3013.0,2743.0,1986.0,1005.0,1017.0,1078.0,565.0,569.0,589.0,-0.05803,-0.99832,0.11586,0.99327,60,2018-09-28,85,1695.0,0.23576,val
2018-07-06,bpi_value,1347.0,7.20564,1339.0,1334.0,1336.0,1336.0,1324.0,1355.0,1482.0,1344.0,1202.0,1325.0,1337.29,4.65,1354.21,37.93,1340.57,103.55,1305.83,85.65,1376.79,136.11,0.00596,0.01722,-0.09551,0.11389,3086.0,3013.0,1942.0,999.0,1005.0,1067.0,563.0,565.0,585.0,-0.07519,-0.99717,0.14995,0.98869,60,2018-10-01,87,1692.0,0.22803,val
2018-07-09,bpi_value,1367.0,7.22037,1347.0,1339.0,1334.0,1338.0,1331.0,1339.0,1458.0,1418.0,1187.0,1335.0,1342.43,10.76,1347.71,25.28,1346.57,99.61,1306.37,85.93,1375.17,135.35,0.01474,0.02669,-0.06445,0.14119,3016.0,3086.0,2025.0,997.0,999.0,1055.0,562.0,563.0,583.0,-0.12653,-0.99196,0.25102,0.96798,60,2018-10-02,85,1678.0,0.20498,val
2018-07-10,bpi_value,1431.0,7.26613,1367.0,1347.0,1339.0,1336.0,1336.0,1321.0,1419.0,1451.0,1163.0,1351.0,1356.0,32.35,1348.57,27.76,1355.5,94.64,1307.7,87.22,1374.26,134.69,0.04575,0.06869,0.00842,0.20737,2792.0,3016.0,2170.0,994.0,997.0,1042.0,560.0,562.0,581.0,-0.14357,-0.98964,0.28417,0.95877,60,2018-10-03,85,1679.0,0.15982,val
2018-07-11,bpi_value,1498.0,7.31189,1431.0,1367.0,1347.0,1334.0,1338.0,1324.0,1382.0,1474.0,1149.0,1359.0,1378.86,57.95,1356.86,47.09,1367.13,89.88,1310.02,90.34,1374.18,134.62,0.04576,0.11295,0.0806,0.26524,2793.0,2792.0,2304.0,992.0,994.0,1034.0,558.0,560.0,575.0,-0.16057,-0.98702,0.31698,0.94843,60,2018-10-04,85,1706.0,0.13002,val
2018-07-12,bpi_value,1517.0,7.32449,1498.0,1431.0,1367.0,1339.0,1336.0,1331.0,1355.0,1488.0,1160.0,1353.0,1404.71,71.79,1368.43,62.57,1379.03,85.17,1312.75,94.01,1374.37,134.8,0.0126,0.12705,0.11293,0.26831,3041.0,2793.0,2478.0,994.0,992.0,1025.0,558.0,558.0,571.0,-0.17753,-0.98412,0.34942,0.93697,60,2018-10-05,85,1727.0,0.12965,val
2018-07-13,bpi_value,1527.0,7.33106,1517.0,1498.0,1431.0,1347.0,1334.0,1336.0,1339.0,1498.0,1192.0,1329.0,1432.29,76.26,1381.86,73.95,1390.2,81.81,1316.05,97.92,1374.64,135.09,0.00657,0.13512,0.13138,0.24767,3156.0,3041.0,2743.0,995.0,994.0,1017.0,559.0,558.0,569.0,-0.19443,-0.98092,0.38144,0.92439,60,2018-10-08,87,1749.0,0.13574,val
2018-07-16,bpi_value,1529.0,7.33237,1527.0,1517.0,1498.0,1367.0,1339.0,1338.0,1321.0,1495.0,1217.0,1306.0,1459.43,71.91,1396.71,80.81,1400.6,78.92,1319.77,101.63,1374.66,135.11,0.00131,0.13269,0.14622,0.22823,3238.0,3156.0,3013.0,998.0,995.0,1005.0,559.0,559.0,565.0,-0.24477,-0.96958,0.47465,0.88017,60,2018-10-09,85,1747.0,0.13329,val
2018-07-17,bpi_value,1530.0,7.33302,1529.0,1527.0,1517.0,1431.0,1347.0,1336.0,1324.0,1482.0,1250.0,1289.0,1485.57,58.26,1411.43,84.88,1409.93,77.09,1323.78,105.04,1374.4,134.79,0.00065,0.12739,0.14461,0.20212,3335.0,3238.0,3086.0,1003.0,998.0,999.0,561.0,559.0,563.0,-0.26141,-0.96523,0.50465,0.86333,60,2018-10-10,85,1749.0,0.13378,val
2018-07-18,bpi_value,1529.0,7.33237,1530.0,1529.0,1527.0,1498.0,1367.0,1334.0,1331.0,1458.0,1290.0,1281.0,1508.71,33.45,1425.57,86.78,1417.9,76.63,1327.92,108.11,1373.72,133.85,-0.00065,0.112,0.13868,0.16997,3230.0,3335.0,3016.0,1008.0,1003.0,997.0,561.0,561.0,562.0,-0.27798,-0.96059,0.53405,0.84546,60,2018-10-11,85,1763.0,0.1424,val
2018-07-19,bpi_value,1538.0,7.33824,1529.0,1530.0,1529.0,1517.0,1431.0,1339.0,1336.0,1419.0,1344.0,1269.0,1524.0,12.05,1440.0,87.47,1424.37,78.29,1332.4,111.11,1372.87,132.55,0.00587,0.07211,0.1408,0.13483,3130.0,3230.0,2792.0,1016.0,1008.0,994.0,561.0,561.0,560.0,-0.29446,-0.95566,0.56281,0.82658,60,2018-10-12,85,1775.0,0.14332,val
2018-07-20,bpi_value,1557.0,7.35052,1538.0,1529.0,1530.0,1527.0,1498.0,1347.0,1338.0,1382.0,1418.0,1264.0,1532.43,11.54,1455.64,87.42,1429.0,81.81,1337.28,114.38,1372.12,131.32,0.01228,0.03863,0.15158,0.09351,3205.0,3130.0,2793.0,1023.0,1016.0,992.0,560.0,561.0,558.0,-0.31086,-0.95046,0.59091,0.80674,60,2018-10-15,87,1779.0,0.13329,val
2018-07-23,bpi_value,1566.0,7.35628,1557.0,1538.0,1529.0,1529.0,1517.0,1367.0,1336.0,1355.0,1451.0,1272.0,1539.43,14.53,1472.07,84.97,1432.83,85.37,1342.18,117.73,1371.49,130.24,0.00576,0.03179,0.15884,0.07627,3304.0,3205.0,3041.0,1028.0,1023.0,994.0,560.0,560.0,558.0,-0.35947,-0.93316,0.67089,0.74156,60,2018-10-16,85,1793.0,0.13537,val
2018-07-24,bpi_value,1581.0,7.36581,1566.0,1557.0,1538.0,1530.0,1527.0,1431.0,1334.0,1339.0,1474.0,1275.0,1547.14,19.4,1489.71,79.96,1436.4,89.16,1347.28,121.28,1371.02,129.41,0.00953,0.03475,0.16988,0.07008,3461.0,3304.0,3156.0,1030.0,1028.0,995.0,559.0,560.0,559.0,-0.37547,-0.92683,0.696,0.71804,60,2018-10-17,85,1796.0,0.1275,val
2018-07-25,bpi_value,1588.0,7.37023,1581.0,1566.0,1557.0,1529.0,1529.0,1498.0,1339.0,1321.0,1488.0,1276.0,1555.57,22.29,1507.5,71.73,1439.73,92.82,1352.48,124.75,1370.68,128.79,0.00442,0.03786,0.17055,0.06504,3462.0,3461.0,3238.0,1033.0,1030.0,998.0,556.0,559.0,559.0,-0.39136,-0.92024,0.72029,0.69368,60,2018-10-18,85,1789.0,0.11918,val
2018-07-26,bpi_value,1583.0,7.36708,1588.0,1581.0,1566.0,1538.0,1530.0,1517.0,1347.0,1324.0,1498.0,1271.0,1563.14,21.3,1524.36,58.55,1442.57,95.81,1357.68,127.72,1370.29,128.09,-0.00315,0.03405,0.16144,0.05519,3303.0,3462.0,3335.0,1034.0,1033.0,1003.0,554.0,556.0,561.0,-0.40713,-0.91337,0.74372,0.66849,60,2018-10-19,85,1775.0,0.11448,val
2018-07-27,bpi_value,1588.0,7.37023,1583.0,1588.0,1581.0,1557.0,1529.0,1527.0,1367.0,1331.0,1495.0,1271.0,1571.57,17.44,1540.14,41.22,1445.67,98.91,1362.97,130.55,1369.92,127.42,0.00315,0.03786,0.14986,0.06035,3197.0,3303.0,3230.0,1035.0,1034.0,1008.0,553.0,554.0,561.0,-0.42278,-0.90623,0.76627,0.64251,60,2018-10-22,87,1756.0,0.10056,val
2018-07-30,bpi_value,1587.0,7.3696,1588.0,1583.0,1588.0,1566.0,1538.0,1529.0,1431.0,1336.0,1482.0,1266.0,1578.57,11.32,1551.29,29.69,1449.17,101.95,1368.32,133.02,1369.61,126.85,-0.00063,0.03136,0.10347,0.06845,3280.0,3197.0,3130.0,1035.0,1035.0,1016.0,551.0,553.0,561.0,-0.46897,-0.88322,0.8284,0.56014,60,2018-10-23,85,1715.0,0.07757,val
2018-07-31,bpi_value,1570.0,7.35883,1587.0,1588.0,1583.0,1581.0,1557.0,1530.0,1498.0,1338.0,1458.0,1265.0,1580.43,8.3,1556.43,26.02,1452.9,104.23,1373.4,134.79,1369.21,126.16,-0.01077,0.00831,0.04694,0.07401,3471.0,3280.0,3205.0,1035.0,1035.0,1023.0,549.0,551.0,560.0,-0.48409,-0.87502,0.84717,0.53132,60,2018-10-24,85,1669.0,0.06115,val
2018-08-01,bpi_value,1539.0,7.33889,1570.0,1587.0,1588.0,1588.0,1566.0,1529.0,1517.0,1336.0,1419.0,1257.0,1576.57,16.41,1558.0,24.19,1456.9,105.15,1378.1,135.56,1368.61,125.22,-0.01994,-0.01739,0.0144,0.08118,3515.0,3471.0,3304.0,1036.0,1035.0,1028.0,547.0,549.0,560.0,-0.49907,-0.86656,0.86495,0.50186,60,2018-10-25,85,1622.0,0.05253,test
2018-08-02,bpi_value,1491.0,7.3072,1539.0,1570.0,1587.0,1583.0,1581.0,1538.0,1527.0,1334.0,1382.0,1253.0,1563.71,33.87,1555.43,28.82,1460.53,104.38,1382.07,135.33,1367.54,123.76,-0.03169,-0.05861,-0.02386,0.07592,3534.0,3515.0,3461.0,1032.0,1036.0,1030.0,544.0,547.0,559.0,-0.5139,-0.85785,0.8817,0.47181,60,2018-10-26,85,1583.0,0.05987,test
2018-08-03,bpi_value,1447.0,7.27725,1491.0,1539.0,1570.0,1588.0,1588.0,1557.0,1529.0,1339.0,1355.0,1246.0,1543.57,51.02,1549.57,39.83,1463.6,102.57,1385.42,134.4,1366.12,122.09,-0.02995,-0.09298,-0.05512,0.06569,3632.0,3534.0,3462.0,1030.0,1032.0,1033.0,543.0,544.0,556.0,-0.52858,-0.84888,0.89741,0.4412,60,2018-10-29,87,1556.0,0.07263,test
2018-08-06,bpi_value,1420.0,7.25841,1447.0,1491.0,1539.0,1587.0,1583.0,1566.0,1530.0,1347.0,1339.0,1245.0,1520.29,63.41,1541.71,51.92,1466.3,100.29,1388.33,133.21,1364.66,120.63,-0.01884,-0.10866,-0.07461,0.05873,3654.0,3632.0,3303.0,1030.0,1030.0,1034.0,542.0,543.0,554.0,-0.57167,-0.82049,0.93809,0.34639,60,2018-10-30,85,1530.0,0.07461,test
2018-08-07,bpi_value,1386.0,7.23418,1420.0,1447.0,1491.0,1570.0,1588.0,1581.0,1529.0,1367.0,1321.0,1240.0,1491.43,71.48,1531.5,65.67,1468.47,97.8,1390.77,131.81,1363.17,119.53,-0.02423,-0.13605,-0.09819,0.04803,3550.0,3654.0,3197.0,1032.0,1030.0,1035.0,541.0,542.0,553.0,-0.5857,-0.81053,0.94945,0.31392,60,2018-10-31,85,1524.0,0.09492,test
2018-08-08,bpi_value,1365.0,7.21891,1386.0,1420.0,1447.0,1539.0,1587.0,1588.0,1538.0,1431.0,1324.0,1237.0,1459.71,71.29,1519.14,78.34,1469.83,96.04,1392.9,130.33,1361.72,118.71,-0.01527,-0.15069,-0.11933,0.0305,3483.0,3550.0,3280.0,1035.0,1032.0,1035.0,541.0,541.0,551.0,-0.59955,-0.80034,0.95969,0.28108,60,2018-11-01,85,1526.0,0.1115,test
2018-08-09,bpi_value,1349.0,7.20712,1365.0,1386.0,1420.0,1491.0,1570.0,1583.0,1557.0,1498.0,1331.0,1237.0,1428.14,64.02,1504.29,88.78,1470.43,95.23,1394.77,128.88,1360.54,118.3,-0.01179,-0.15171,-0.1434,0.01343,3472.0,3483.0,3471.0,1036.0,1035.0,1035.0,543.0,541.0,549.0,-0.61323,-0.7899,0.96879,0.2479,60,2018-11-02,85,1530.0,0.1259,test
2018-08-10,bpi_value,1339.0,7.19968,1349.0,1365.0,1386.0,1447.0,1539.0,1588.0,1566.0,1517.0,1336.0,1239.0,1399.57,51.59,1488.07,96.42,1470.53,95.09,1396.43,127.49,1359.9,118.26,-0.00744,-0.13921,-0.1566,0.00224,3480.0,3472.0,3515.0,1039.0,1036.0,1036.0,542.0,543.0,547.0,-0.62673,-0.77924,0.97674,0.21443,60,2018-11-05,87,1531.0,0.134,test
2018-08-13,bpi_value,1339.0,7.19968,1339.0,1349.0,1365.0,1420.0,1491.0,1587.0,1581.0,1527.0,1338.0,1241.0,1377.86,38.99,1470.79,99.85,1470.57,95.04,1398.07,126.11,1359.86,118.27,0.0,-0.10752,-0.16613,0.00075,3536.0,3480.0,3534.0,1040.0,1039.0,1032.0,543.0,542.0,544.0,-0.66609,-0.74587,0.99363,0.11265,60,2018-11-06,85,1528.0,0.13204,test
2018-08-14,bpi_value,1362.0,7.21671,1339.0,1339.0,1349.0,1386.0,1447.0,1570.0,1588.0,1529.0,1336.0,1243.0,1365.71,26.94,1454.64,97.84,1471.43,93.92,1400.05,124.58,1360.36,118.18,0.01703,-0.06054,-0.15352,0.01927,3587.0,3536.0,3632.0,1042.0,1040.0,1030.0,543.0,543.0,543.0,-0.67882,-0.7343,0.99692,0.07841,60,2018-11-07,85,1511.0,0.10382,test
2018-08-15,bpi_value,1403.0,7.24637,1362.0,1339.0,1339.0,1365.0,1420.0,1539.0,1583.0,1530.0,1334.0,1239.0,1363.29,22.3,1441.79,91.77,1473.73,91.34,1402.78,122.81,1361.33,118.16,0.02966,-0.01204,-0.12071,0.05043,3560.0,3587.0,3654.0,1045.0,1042.0,1030.0,543.0,543.0,542.0,-0.69135,-0.72252,0.99903,0.04407,60,2018-11-08,85,1496.0,0.06418,test
2018-08-16,bpi_value,1447.0,7.27725,1403.0,1362.0,1339.0,1349.0,1386.0,1491.0,1588.0,1529.0,1339.0,1222.0,1372.0,36.73,1431.71,82.43,1477.33,88.02,1406.53,120.64,1362.76,118.42,0.03088,0.04307,-0.09298,0.07757,3476.0,3560.0,3550.0,1050.0,1045.0,1032.0,544.0,543.0,541.0,-0.70368,-0.71052,0.99995,0.00968,60,2018-11-09,85,1495.0,0.03263,test
2018-08-17,bpi_value,1485.0,7.30317,1447.0,1403.0,1362.0,1339.0,1365.0,1447.0,1587.0,1538.0,1347.0,1202.0,1389.14,53.59,1424.43,72.26,1481.93,84.63,1411.25,118.06,1364.53,119.04,0.02592,0.08426,-0.06643,0.09753,3454.0,3476.0,3483.0,1056.0,1050.0,1035.0,545.0,544.0,541.0,-0.7158,-0.69831,0.99969,-0.02473,60,2018-11-12,87,1496.0,0.00738,test
2018-08-20,bpi_value,1506.0,7.31721,1485.0,1447.0,1403.0,1339.0,1349.0,1420.0,1570.0,1557.0,1367.0,1187.0,1411.57,63.95,1419.86,64.52,1486.57,81.98,1416.57,114.98,1366.43,119.91,0.01404,0.11009,-0.04162,0.09684,3424.0,3454.0,3472.0,1062.0,1056.0,1036.0,543.0,545.0,543.0,-0.75086,-0.66046,0.99183,-0.12759,60,2018-11-13,85,1498.0,-0.00533,test
2018-08-21,bpi_value,1530.0,7.33302,1506.0,1485.0,1447.0,1362.0,1339.0,1386.0,1539.0,1566.0,1431.0,1163.0,1438.86,67.8,1419.21,63.36,1489.87,81.67,1422.68,111.03,1368.42,121.12,0.01581,0.13334,-0.00587,0.06689,3426.0,3424.0,3480.0,1069.0,1062.0,1039.0,543.0,543.0,542.0,-0.76211,-0.64744,0.98685,-0.16164,60,2018-11-14,85,1484.0,-0.03053,test
2018-08-22,bpi_value,1560.0,7.35244,1530.0,1506.0,1485.0,1403.0,1339.0,1365.0,1491.0,1581.0,1498.0,1149.0,1470.43,65.36,1424.14,70.98,1491.93,82.62,1429.53,106.52,1370.66,122.76,0.01942,0.15276,0.04524,0.04055,3371.0,3426.0,3536.0,1078.0,1069.0,1040.0,548.0,543.0,543.0,-0.77314,-0.63424,0.98071,-0.19549,60,2018-11-15,85,1466.0,-0.06215,test
2018-08-23,bpi_value,1607.0,7.38212,1560.0,1530.0,1506.0,1447.0,1362.0,1349.0,1447.0,1588.0,1517.0,1160.0,1505.43,63.5,1435.57,85.2,1494.93,85.08,1436.98,102.98,1373.48,125.22,0.02968,0.16541,0.10488,0.05763,3232.0,3371.0,3587.0,1087.0,1078.0,1042.0,547.0,548.0,543.0,-0.78393,-0.62084,0.9734,-0.2291,60,2018-11-16,85,1453.0,-0.10074,test
2018-08-24,bpi_value,1630.0,7.39634,1607.0,1560.0,1530.0,1485.0,1403.0,1339.0,1420.0,1583.0,1527.0,1192.0,1537.86,60.81,1450.57,98.57,1498.37,88.32,1444.28,100.86,1376.82,127.98,0.01421,0.14997,0.13792,0.06527,3164.0,3232.0,3560.0,1095.0,1087.0,1045.0,551.0,547.0,543.0,-0.7945,-0.60727,0.96495,-0.26245,60,2018-11-19,87,1437.0,-0.12602,test
2018-08-28,bpi_value,1643.0,7.40428,1630.0,1607.0,1560.0,1506.0,1447.0,1339.0,1386.0,1588.0,1529.0,1217.0,1565.86,57.57,1468.93,108.29,1502.17,91.93,1451.38,99.59,1380.57,130.75,0.00794,0.12703,0.1701,0.07191,3088.0,3164.0,3476.0,1110.0,1095.0,1050.0,554.0,551.0,544.0,-0.83437,-0.5512,0.91982,-0.39235,60,2018-11-20,84,1416.0,-0.14869,test
2018-08-29,bpi_value,1639.0,7.40184,1643.0,1630.0,1607.0,1530.0,1485.0,1362.0,1365.0,1587.0,1530.0,1250.0,1587.86,51.58,1488.5,112.42,1505.8,95.06,1457.87,98.93,1384.46,133.15,-0.00244,0.09867,0.18293,0.06882,2994.0,3088.0,3454.0,1121.0,1110.0,1056.0,556.0,554.0,545.0,-0.84373,-0.53677,0.90578,-0.42375,60,2018-11-21,84,1393.0,-0.16263,test
2018-08-30,bpi_value,1608.0,7.38275,1639.0,1643.0,1630.0,1560.0,1506.0,1403.0,1349.0,1570.0,1529.0,1290.0,1602.43,39.36,1507.0,109.21,1508.43,96.75,1463.17,98.31,1388.09,134.73,-0.0191,0.06553,0.17563,0.05038,2826.0,2994.0,3424.0,1128.0,1121.0,1062.0,559.0,556.0,543.0,-0.85284,-0.52218,0.89066,-0.45466,60,2018-11-22,84,1378.0,-0.15436,test
2018-08-31,bpi_value,1571.0,7.35947,1608.0,1639.0,1643.0,1607.0,1530.0,1447.0,1339.0,1539.0,1538.0,1344.0,1608.29,30.1,1523.57,99.64,1509.53,97.26,1466.95,98.02,1391.44,135.48,-0.02328,0.02644,0.15979,0.02123,2732.0,2826.0,3426.0,1132.0,1128.0,1069.0,562.0,559.0,543.0,-0.86169,-0.50743,0.8745,-0.48503,60,2018-11-23,84,1376.0,-0.13253,test
2018-09-03,bpi_value,1540.0,7.33954,1571.0,1608.0,1639.0,1630.0,1560.0,1485.0,1339.0,1491.0,1557.0,1418.0,1605.43,35.09,1537.93,85.48,1508.97,97.03,1468.98,98.25,1394.51,135.69,-0.01993,-0.0129,0.13986,-0.01098,2672.0,2732.0,3371.0,1133.0,1132.0,1078.0,563.0,562.0,548.0,-0.88672,-0.4623,0.81987,-0.57255,60,2018-11-26,84,1389.0,-0.1032,test
2018-09-04,bpi_value,1517.0,7.32449,1540.0,1571.0,1608.0,1643.0,1607.0,1506.0,1362.0,1447.0,1566.0,1451.0,1592.57,46.72,1549.0,70.75,1507.33,96.47,1470.08,98.41,1397.23,135.66,-0.01505,-0.05763,0.10778,-0.03179,2535.0,2672.0,3232.0,1135.0,1133.0,1087.0,564.0,563.0,547.0,-0.89454,-0.44698,0.79969,-0.60041,60,2018-11-27,84,1416.0,-0.0689,test
2018-09-05,bpi_value,1504.0,7.31588,1517.0,1540.0,1571.0,1639.0,1630.0,1530.0,1403.0,1420.0,1581.0,1474.0,1574.57,52.72,1556.21,59.8,1504.77,95.5,1470.58,98.51,1399.78,135.49,-0.00861,-0.08045,0.06952,-0.04993,2410.0,2535.0,3164.0,1135.0,1135.0,1095.0,565.0,564.0,551.0,-0.9021,-0.43153,0.77856,-0.62756,60,2018-11-28,84,1444.0,-0.04071,test
2018-09-06,bpi_value,1516.0,7.32383,1504.0,1517.0,1540.0,1608.0,1643.0,1560.0,1447.0,1386.0,1588.0,1488.0,1556.43,47.66,1561.14,53.06,1502.37,94.27,1471.05,98.65,1402.44,135.39,0.00795,-0.08045,0.04658,-0.0464,2424.0,2410.0,3088.0,1135.0,1135.0,1110.0,565.0,565.0,554.0,-0.90939,-0.41595,0.75652,-0.65397,60,2018-11-29,84,1455.0,-0.04107,test
2018-09-07,bpi_value,1528.0,7.33171,1516.0,1504.0,1517.0,1571.0,1639.0,1607.0,1485.0,1365.0,1583.0,1498.0,1540.57,34.07,1564.21,49.7,1500.53,93.22,1471.55,98.86,1405.3,135.3,0.00788,-0.07013,0.02854,-0.03536,2411.0,2424.0,2994.0,1134.0,1135.0,1121.0,568.0,565.0,556.0,-0.91641,-0.40024,0.73357,-0.67961,60,2018-11-30,84,1463.0,-0.04347,test
2018-09-10,bpi_value,1544.0,7.34213,1528.0,1516.0,1504.0,1540.0,1608.0,1630.0,1506.0,1349.0,1588.0,1495.0,1531.43,20.73,1566.93,47.43,1499.07,92.17,1472.37,99.26,1408.33,135.31,0.01042,-0.04061,0.02492,-0.0281,2363.0,2411.0,2826.0,1136.0,1134.0,1128.0,569.0,568.0,559.0,-0.93583,-0.35244,0.65965,-0.75157,60,2018-12-03,84,1469.0,-0.04979,test
2018-09-11,bpi_value,1556.0,7.34987,1544.0,1528.0,1516.0,1517.0,1571.0,1643.0,1530.0,1339.0,1587.0,1482.0,1529.29,16.96,1568.79,46.45,1498.03,91.35,1473.6,99.83,1411.56,135.34,0.00774,-0.00959,0.01685,-0.01973,2191.0,2363.0,2732.0,1135.0,1136.0,1132.0,572.0,569.0,562.0,-0.94176,-0.33629,0.63341,-0.77382,60,2018-12-04,84,1474.0,-0.05414,test
2018-09-12,bpi_value,1550.0,7.34601,1556.0,1544.0,1528.0,1504.0,1540.0,1639.0,1560.0,1339.0,1570.0,1458.0,1530.71,18.18,1568.07,46.65,1497.37,90.89,1475.13,100.28,1414.72,135.21,-0.00386,0.00647,-0.00643,-0.01282,2074.0,2191.0,2672.0,1134.0,1135.0,1133.0,576.0,572.0,563.0,-0.9474,-0.32004,0.60641,-0.79515,60,2018-12-05,84,1472.0,-0.05163,test
2018-09-13,bpi_value,1534.0,7.33563,1550.0,1556.0,1544.0,1516.0,1517.0,1608.0,1607.0,1362.0,1539.0,1419.0,1533.14,17.3,1562.86,46.09,1497.2,90.82,1477.05,100.29,1417.8,134.73,-0.01038,0.01114,-0.04649,-0.00325,1980.0,2074.0,2535.0,1132.0,1134.0,1135.0,581.0,576.0,564.0,-0.95277,-0.3037,0.5787,-0.81554,60,2018-12-06,84,1473.0,-0.04058,test
2018-09-14,bpi_value,1523.0,7.32844,1534.0,1550.0,1556.0,1528.0,1504.0,1571.0,1630.0,1403.0,1491.0,1382.0,1535.86,13.61,1555.21,43.09,1498.27,90.93,1479.4,99.68,1420.8,134.03,-0.0072,0.01255,-0.0679,0.02124,1900.0,1980.0,2410.0,1134.0,1132.0,1135.0,588.0,581.0,565.0,-0.95785,-0.28726,0.55031,-0.83496,60,2018-12-07,84,1469.0,-0.0361,test
2018-09-17,bpi_value,1518.0,7.32515,1523.0,1534.0,1550.0,1544.0,1516.0,1540.0,1643.0,1447.0,1447.0,1355.0,1536.14,13.21,1546.29,36.41,1500.63,90.48,1482.12,98.47,1423.82,133.12,-0.00329,0.00132,-0.07913,0.0479,1853.0,1900.0,2424.0,1138.0,1134.0,1135.0,596.0,588.0,565.0,-0.9714,-0.23747,0.46135,-0.88722,60,2018-12-10,84,1464.0,-0.03622,test
2018-09-18,bpi_value,1525.0,7.32975,1518.0,1523.0,1534.0,1556.0,1528.0,1517.0,1639.0,1485.0,1420.0,1339.0,1535.71,13.51,1538.14,26.03,1504.13,89.32,1485.22,96.83,1426.93,132.17,0.0046,-0.00197,-0.07209,0.07134,1826.0,1853.0,2411.0,1151.0,1138.0,1134.0,600.0,596.0,568.0,-0.97534,-0.22072,0.43056,-0.90256,60,2018-12-11,84,1454.0,-0.04768,test
2018-09-19,bpi_value,1530.0,7.33302,1525.0,1518.0,1523.0,1550.0,1544.0,1504.0,1608.0,1506.0,1386.0,1321.0,1533.71,13.17,1532.57,17.4,1508.93,86.67,1488.7,94.59,1430.16,131.11,0.00327,-0.00911,-0.04972,0.09885,1850.0,1826.0,2363.0,1159.0,1151.0,1136.0,604.0,600.0,569.0,-0.97899,-0.20391,0.39926,-0.91684,60,2018-12-12,84,1445.0,-0.05716,test
2018-09-20,bpi_value,1557.0,7.35052,1530.0,1525.0,1518.0,1534.0,1556.0,1516.0,1571.0,1530.0,1365.0,1324.0,1533.86,13.41,1531.57,15.46,1515.33,82.81,1492.58,92.51,1433.71,130.16,0.01749,0.00064,-0.00895,0.13161,1838.0,1850.0,2191.0,1169.0,1159.0,1135.0,612.0,604.0,572.0,-0.98235,-0.18704,0.36748,-0.93003,60,2018-12-13,84,1459.0,-0.06501,test
2018-09-21,bpi_value,1586.0,7.36897,1557.0,1530.0,1525.0,1523.0,1550.0,1528.0,1540.0,1560.0,1349.0,1331.0,1539.0,22.46,1534.86,20.85,1523.23,77.72,1496.83,90.83,1437.59,129.44,0.01845,0.02296,0.02943,0.16185,1840.0,1838.0,2074.0,1175.0,1169.0,1134.0,617.0,612.0,576.0,-0.98542,-0.17012,0.33528,-0.94212,60,2018-12-14,84,1478.0,-0.07053,test
2018-09-24,bpi_value,1609.0,7.38337,1586.0,1557.0,1530.0,1518.0,1534.0,1544.0,1517.0,1607.0,1339.0,1336.0,1549.71,32.96,1541.43,27.59,1532.23,71.22,1501.38,89.49,1441.7,128.94,0.0144,0.04773,0.05888,0.18369,1864.0,1840.0,1980.0,1185.0,1175.0,1132.0,622.0,617.0,581.0,-0.99289,-0.11906,0.23642,-0.97165,60,2018-12-17,84,1490.0,-0.07684,test
2018-09-25,bpi_value,1639.0,7.40184,1609.0,1586.0,1557.0,1525.0,1523.0,1556.0,1504.0,1630.0,1339.0,1338.0,1566.29,42.99,1551.07,35.33,1542.23,64.09,1506.4,88.62,1446.12,128.8,0.01847,0.0734,0.08596,0.20216,1868.0,1864.0,1900.0,1190.0,1185.0,1134.0,622.0,622.0,588.0,-0.99479,-0.10196,0.20286,-0.97921,60,2018-12-18,84,1494.0,-0.09263,test
2018-09-26,bpi_value,1677.0,7.42476,1639.0,1609.0,1586.0,1530.0,1518.0,1550.0,1516.0,1643.0,1362.0,1336.0,1589.0,52.45,1562.57,46.49,1552.73,59.33,1512.08,88.45,1450.94,129.23,0.02292,0.09961,0.10093,0.20805,1910.0,1868.0,1853.0,1194.0,1190.0,1138.0,626.0,622.0,596.0,-0.9964,-0.08483,0.16906,-0.98561,60,2018-12-19,84,1492.0,-0.11689,test
2018-09-27,bpi_value,1689.0,7.43189,1677.0,1639.0,1609.0,1557.0,1525.0,1534.0,1528.0,1639.0,1403.0,1334.0,1612.43,55.18,1574.07,55.54,1562.27,57.45,1518.0,88.21,1455.94,129.64,0.00713,0.10214,0.10018,0.18552,1949.0,1910.0,1826.0,1195.0,1194.0,1151.0,627.0,626.0,600.0,-0.99771,-0.06768,0.13506,-0.99084,60,2018-12-20,84,1473.0,-0.13684,test
2018-09-28,bpi_value,1695.0,7.43544,1689.0,1677.0,1639.0,1586.0,1530.0,1523.0,1544.0,1608.0,1447.0,1339.0,1636.0,49.93,1584.86,62.84,1570.53,58.11,1523.93,87.94,1461.2,129.64,0.00355,0.10242,0.09331,0.15819,2000.0,1949.0,1850.0,1194.0,1195.0,1159.0,629.0,627.0,604.0,-0.99872,-0.05051,0.10089,-0.9949,60,2018-12-21,84,1437.0,-0.16513,test
2018-10-01,bpi_value,1692.0,7.43367,1695.0,1689.0,1677.0,1609.0,1557.0,1518.0,1556.0,1571.0,1485.0,1347.0,1655.29,40.96,1594.57,67.93,1577.43,59.81,1529.68,87.46,1466.64,128.93,-0.00177,0.08315,0.08379,0.1305,2061.0,2000.0,1838.0,1193.0,1194.0,1169.0,630.0,629.0,612.0,-1.0,0.00108,-0.00215,-1.0,60,2018-12-24,84,1421.0,-0.17455,test
2018-10-02,bpi_value,1678.0,7.42536,1692.0,1695.0,1689.0,1639.0,1586.0,1525.0,1550.0,1540.0,1506.0,1367.0,1668.43,29.88,1603.71,69.9,1583.17,60.92,1534.87,86.88,1472.1,127.36,-0.00831,0.05639,0.07935,0.10815,2148.0,2061.0,1840.0,1189.0,1193.0,1175.0,631.0,630.0,617.0,-0.99983,0.01828,-0.03655,-0.99933,60,2019-01-02,92,1391.0,-0.18758,test
2018-10-03,bpi_value,1679.0,7.42595,1678.0,1692.0,1695.0,1677.0,1609.0,1530.0,1534.0,1517.0,1530.0,1431.0,1678.43,17.43,1614.07,69.55,1588.13,62.44,1539.0,87.74,1477.83,124.9,0.0006,0.04259,0.09032,0.09293,2199.0,2148.0,1864.0,1190.0,1189.0,1185.0,633.0,631.0,622.0,-0.99937,0.03547,-0.0709,-0.99748,60,2019-01-03,92,1365.0,-0.20704,test
2018-10-04,bpi_value,1706.0,7.44191,1679.0,1678.0,1692.0,1689.0,1639.0,1557.0,1523.0,1504.0,1560.0,1498.0,1688.0,9.94,1627.14,68.39,1593.0,65.66,1542.47,90.13,1484.02,122.23,0.01595,0.04007,0.11347,0.08947,2148.0,2199.0,1868.0,1192.0,1190.0,1190.0,634.0,633.0,622.0,-0.99861,0.05266,-0.10517,-0.99445,60,2019-01-04,92,1331.0,-0.24822,test
2018-10-05,bpi_value,1727.0,7.45414,1706.0,1679.0,1678.0,1695.0,1677.0,1586.0,1518.0,1516.0,1607.0,1517.0,1695.14,15.74,1642.07,65.69,1597.0,69.91,1545.97,93.1,1490.32,119.95,0.01223,0.02938,0.12899,0.07202,2081.0,2148.0,1910.0,1197.0,1192.0,1194.0,637.0,634.0,626.0,-0.99756,0.06983,-0.13932,-0.99025,60,2019-01-07,94,1300.0,-0.28402,test
2018-10-08,bpi_value,1749.0,7.4668,1727.0,1706.0,1679.0,1692.0,1689.0,1609.0,1525.0,1528.0,1630.0,1527.0,1703.71,24.15,1658.07,62.43,1600.97,74.87,1549.67,96.62,1496.51,118.77,0.01266,0.03491,0.13705,0.07046,2042.0,2081.0,1949.0,1201.0,1197.0,1195.0,639.0,637.0,627.0,-0.99263,0.12119,-0.2406,-0.97062,60,2019-01-08,92,1257.0,-0.33032,test
2018-10-09,bpi_value,1747.0,7.46566,1749.0,1727.0,1706.0,1678.0,1695.0,1639.0,1530.0,1544.0,1643.0,1529.0,1711.14,28.02,1673.57,55.23,1604.43,79.03,1553.3,99.82,1502.4,117.9,-0.00114,0.03022,0.13263,0.06138,1961.0,2042.0,2000.0,1203.0,1201.0,1194.0,643.0,639.0,629.0,-0.9904,0.13825,-0.27385,-0.96177,60,2019-01-09,92,1218.0,-0.36069,test
2018-10-10,bpi_value,1749.0,7.4668,1747.0,1749.0,1727.0,1679.0,1692.0,1677.0,1557.0,1556.0,1639.0,1530.0,1719.29,29.51,1687.29,47.94,1608.1,83.0,1556.95,102.86,1507.94,117.63,0.00114,0.03313,0.11628,0.06496,1949.0,1961.0,2061.0,1205.0,1203.0,1193.0,647.0,643.0,630.0,-0.98787,0.15527,-0.30677,-0.95178,60,2019-01-10,92,1170.0,-0.40204,test
2018-10-11,bpi_value,1763.0,7.47477,1749.0,1747.0,1749.0,1706.0,1678.0,1689.0,1586.0,1550.0,1608.0,1529.0,1731.43,27.44,1699.93,42.6,1613.27,87.53,1560.85,106.11,1513.2,118.34,0.00797,0.04941,0.1058,0.09203,2005.0,1949.0,2148.0,1207.0,1205.0,1189.0,652.0,647.0,631.0,-0.98506,0.17224,-0.33932,-0.94067,60,2019-01-11,92,1137.0,-0.43862,test
2018-10-12,bpi_value,1775.0,7.48156,1763.0,1749.0,1747.0,1727.0,1679.0,1695.0,1609.0,1534.0,1571.0,1538.0,1745.14,21.06,1711.79,38.55,1620.07,91.81,1564.8,109.54,1517.99,120.1,0.00678,0.0556,0.09819,0.12209,2169.0,2005.0,2199.0,1204.0,1207.0,1190.0,657.0,652.0,633.0,-0.98195,0.18916,-0.37148,-0.92844,60,2019-01-14,94,1118.0,-0.46226,test
2018-10-15,bpi_value,1779.0,7.48381,1775.0,1763.0,1749.0,1749.0,1706.0,1692.0,1639.0,1523.0,1540.0,1557.0,1755.57,16.72,1721.79,36.48,1628.03,94.83,1568.5,112.91,1522.0,122.7,0.00225,0.0419,0.08197,0.14427,2189.0,2169.0,2148.0,1200.0,1204.0,1192.0,661.0,657.0,634.0,-0.97088,0.23956,-0.46516,-0.88523,60,2019-01-15,92,1104.0,-0.47711,test
2018-10-16,bpi_value,1793.0,7.49165,1779.0,1775.0,1763.0,1747.0,1727.0,1678.0,1677.0,1518.0,1517.0,1566.0,1765.0,16.56,1730.07,38.48,1637.23,96.98,1572.28,116.51,1525.8,125.7,0.00784,0.0375,0.06688,0.16716,2164.0,2189.0,2081.0,1196.0,1200.0,1197.0,663.0,661.0,637.0,-0.96662,0.25622,-0.49534,-0.8687,60,2019-01-16,92,1079.0,-0.50786,test
2018-10-17,bpi_value,1796.0,7.49332,1793.0,1779.0,1775.0,1749.0,1749.0,1679.0,1689.0,1525.0,1504.0,1581.0,1771.71,18.16,1737.71,40.16,1646.97,97.77,1575.87,119.98,1529.38,128.72,0.00167,0.02652,0.06143,0.17743,2106.0,2164.0,2042.0,1192.0,1196.0,1201.0,665.0,663.0,639.0,-0.96207,0.27281,-0.52493,-0.85115,60,2019-01-17,92,1045.0,-0.54155,test
2018-10-18,bpi_value,1789.0,7.48941,1796.0,1793.0,1779.0,1763.0,1747.0,1706.0,1695.0,1530.0,1516.0,1588.0,1777.71,15.79,1744.43,40.31,1656.07,97.86,1579.22,123.04,1532.72,131.48,-0.00391,0.02376,0.05397,0.16558,2176.0,2106.0,1961.0,1181.0,1192.0,1203.0,668.0,665.0,643.0,-0.95723,0.28932,-0.55389,-0.83259,60,2019-01-18,92,1018.0,-0.56382,test
2018-10-19,bpi_value,1775.0,7.48156,1789.0,1796.0,1793.0,1775.0,1749.0,1727.0,1692.0,1557.0,1528.0,1583.0,1781.43,10.9,1750.36,38.21,1664.3,97.13,1582.42,125.56,1535.8,133.85,-0.00786,0.01476,0.04789,0.14984,2230.0,2176.0,1949.0,1170.0,1181.0,1205.0,670.0,668.0,647.0,-0.95211,0.30574,-0.5822,-0.81304,60,2019-01-21,94,991.0,-0.58284,test
2018-10-22,bpi_value,1756.0,7.47079,1775.0,1789.0,1796.0,1779.0,1763.0,1749.0,1678.0,1586.0,1544.0,1588.0,1780.43,12.72,1755.93,32.52,1671.37,95.82,1585.22,127.51,1538.7,135.75,-0.01076,-0.00398,0.04544,0.12866,2296.0,2230.0,2005.0,1163.0,1170.0,1207.0,671.0,670.0,652.0,-0.93507,0.35445,-0.66288,-0.74873,60,2019-01-22,92,950.0,-0.61433,test
2018-10-23,bpi_value,1715.0,7.44717,1756.0,1775.0,1789.0,1793.0,1775.0,1747.0,1679.0,1609.0,1556.0,1587.0,1771.86,26.37,1758.5,27.35,1676.67,93.67,1587.35,128.59,1541.29,136.86,-0.02363,-0.03439,0.02121,0.09729,2363.0,2296.0,2169.0,1156.0,1163.0,1204.0,673.0,671.0,657.0,-0.92884,0.37048,-0.68824,-0.72549,60,2019-01-23,92,893.0,-0.65258,test
2018-10-24,bpi_value,1669.0,7.41998,1715.0,1756.0,1775.0,1796.0,1779.0,1749.0,1706.0,1639.0,1550.0,1570.0,1756.14,44.19,1755.86,33.41,1680.63,90.69,1589.0,128.99,1543.63,137.22,-0.02719,-0.06383,-0.02193,0.07397,2388.0,2363.0,2189.0,1144.0,1156.0,1200.0,675.0,673.0,661.0,-0.92233,0.38641,-0.71279,-0.70138,60,2019-01-24,92,828.0,-0.70097,test
2018-10-25,bpi_value,1622.0,7.39142,1669.0,1715.0,1756.0,1789.0,1793.0,1763.0,1727.0,1677.0,1534.0,1539.0,1731.71,61.09,1748.36,47.75,1683.57,87.26,1590.38,128.9,1545.89,136.82,-0.02856,-0.10023,-0.06273,0.05578,2353.0,2388.0,2164.0,1132.0,1144.0,1196.0,676.0,675.0,663.0,-0.91555,0.40221,-0.73649,-0.67645,60,2019-01-25,92,748.0,-0.77401,test
2018-10-26,bpi_value,1583.0,7.36708,1622.0,1669.0,1715.0,1775.0,1796.0,1775.0,1749.0,1689.0,1523.0,1491.0,1701.29,73.32,1736.5,63.98,1685.57,84.19,1591.92,128.25,1548.12,135.77,-0.02434,-0.12624,-0.09972,0.03864,2526.0,2353.0,2106.0,1117.0,1132.0,1192.0,675.0,676.0,665.0,-0.90849,0.4179,-0.75932,-0.65071,60,2019-01-28,94,687.0,-0.83474,test
2018-10-29,bpi_value,1556.0,7.34987,1583.0,1622.0,1669.0,1756.0,1789.0,1779.0,1747.0,1695.0,1518.0,1447.0,1668.0,78.64,1722.86,78.9,1686.83,81.91,1593.73,126.95,1550.36,134.22,-0.0172,-0.13954,-0.11578,0.02472,2607.0,2526.0,2176.0,1106.0,1117.0,1181.0,675.0,675.0,668.0,-0.88572,0.46421,-0.82233,-0.56902,60,2019-01-29,92,644.0,-0.88217,test
2018-10-30,bpi_value,1530.0,7.33302,1556.0,1583.0,1622.0,1715.0,1775.0,1793.0,1749.0,1692.0,1525.0,1420.0,1633.0,77.74,1707.21,92.68,1687.0,81.59,1595.57,125.21,1552.48,132.35,-0.01685,-0.14853,-0.13378,0.00327,2630.0,2607.0,2230.0,1087.0,1106.0,1170.0,675.0,675.0,670.0,-0.87761,0.47938,-0.84141,-0.54039,60,2019-01-30,92,612.0,-0.91629,test
2018-10-31,bpi_value,1524.0,7.32909,1530.0,1556.0,1583.0,1669.0,1756.0,1796.0,1763.0,1678.0,1530.0,1386.0,1599.86,66.94,1690.14,102.34,1686.8,81.98,1597.87,122.58,1554.73,130.1,-0.00393,-0.1417,-0.14568,-0.00393,2596.0,2630.0,2296.0,1073.0,1087.0,1163.0,671.0,675.0,671.0,-0.86923,0.4944,-0.8595,-0.51113,60,2019-01-31,92,574.0,-0.97646,test
2018-11-01,bpi_value,1526.0,7.33041,1524.0,1530.0,1556.0,1622.0,1715.0,1789.0,1775.0,1679.0,1557.0,1365.0,1572.86,51.36,1672.36,107.55,1685.77,83.78,1600.55,119.17,1556.98,127.82,0.00131,-0.11676,-0.15115,-0.02011,2530.0,2596.0,2363.0,1061.0,1073.0,1156.0,668.0,671.0,673.0,-0.8606,0.50928,-0.87658,-0.48126,60,2019-02-01,92,560.0,-1.00247,test
2018-11-02,bpi_value,1530.0,7.33302,1526.0,1524.0,1530.0,1583.0,1669.0,1775.0,1779.0,1706.0,1586.0,1349.0,1553.0,34.43,1654.57,109.02,1683.9,86.56,1603.57,114.98,1559.19,125.6,0.00262,-0.08696,-0.15078,-0.03595,2502.0,2530.0,2388.0,1051.0,1061.0,1144.0,666.0,668.0,675.0,-0.85171,0.52401,-0.89261,-0.45083,60,2019-02-04,94,552.0,-1.01947,test
2018-11-05,bpi_value,1531.0,7.33368,1530.0,1526.0,1524.0,1556.0,1622.0,1756.0,1793.0,1727.0,1609.0,1339.0,1540.0,20.14,1635.86,106.1,1681.3,89.88,1606.77,110.14,1561.36,123.39,0.00065,-0.05774,-0.15797,-0.04969,2397.0,2502.0,2353.0,1041.0,1051.0,1132.0,665.0,666.0,676.0,-0.82355,0.56725,-0.93431,-0.35646,60,2019-02-05,92,553.0,-1.01832,test
2018-11-06,bpi_value,1528.0,7.33171,1531.0,1530.0,1526.0,1530.0,1583.0,1715.0,1796.0,1749.0,1639.0,1339.0,1532.14,10.01,1616.71,99.45,1677.6,93.75,1609.92,105.02,1563.47,121.16,-0.00196,-0.03536,-0.1616,-0.07013,2296.0,2397.0,2526.0,1033.0,1041.0,1117.0,663.0,665.0,675.0,-0.81367,0.58133,-0.94602,-0.32411,60,2019-02-06,92,553.0,-1.01636,test
2018-11-07,bpi_value,1511.0,7.32053,1528.0,1531.0,1530.0,1524.0,1556.0,1669.0,1789.0,1747.0,1677.0,1362.0,1525.71,6.43,1596.86,90.41,1672.07,98.4,1612.4,100.81,1565.41,118.87,-0.01119,-0.02935,-0.16889,-0.10423,1968.0,2296.0,2607.0,1021.0,1033.0,1106.0,660.0,663.0,675.0,-0.80355,0.59524,-0.95661,-0.29138,60,2019-02-07,92,561.0,-0.99081,test
2018-11-08,bpi_value,1496.0,7.31055,1511.0,1528.0,1531.0,1526.0,1530.0,1622.0,1775.0,1749.0,1689.0,1403.0,1520.86,11.89,1576.93,78.97,1665.63,103.27,1613.95,98.26,1567.21,116.56,-0.00998,-0.02247,-0.17101,-0.12134,1747.0,1968.0,2630.0,1013.0,1021.0,1087.0,658.0,660.0,675.0,-0.79319,0.60897,-0.96606,-0.2583,60,2019-02-08,92,574.0,-0.95792,test
2018-11-09,bpi_value,1495.0,7.30988,1496.0,1511.0,1528.0,1530.0,1524.0,1583.0,1756.0,1763.0,1695.0,1447.0,1516.71,14.77,1558.29,63.86,1658.97,107.53,1614.75,97.08,1568.94,114.29,-0.00067,-0.01921,-0.16091,-0.12556,1461.0,1747.0,2596.0,1003.0,1013.0,1073.0,656.0,658.0,671.0,-0.7826,0.62253,-0.97438,-0.22492,60,2019-02-11,94,586.0,-0.93656,test
2018-11-12,bpi_value,1496.0,7.31055,1495.0,1496.0,1511.0,1531.0,1526.0,1556.0,1715.0,1775.0,1692.0,1485.0,1512.43,15.77,1542.64,48.54,1652.43,111.22,1614.93,96.85,1570.6,112.12,0.00067,-0.01986,-0.13662,-0.12312,1398.0,1461.0,2530.0,994.0,1003.0,1061.0,654.0,656.0,668.0,-0.74944,0.66207,-0.99237,-0.12333,60,2019-02-12,92,600.0,-0.91362,test
2018-11-13,bpi_value,1498.0,7.31189,1496.0,1495.0,1496.0,1528.0,1530.0,1530.0,1669.0,1779.0,1678.0,1506.0,1507.86,14.61,1530.43,34.77,1646.43,114.48,1614.8,97.0,1572.06,110.31,0.00134,-0.02114,-0.10809,-0.11347,1153.0,1398.0,2502.0,986.0,994.0,1051.0,653.0,654.0,666.0,-0.73794,0.67486,-0.99602,-0.08912,60,2019-02-13,92,611.0,-0.89679,test
2018-11-14,bpi_value,1484.0,7.3025,1498.0,1496.0,1495.0,1511.0,1531.0,1524.0,1622.0,1793.0,1679.0,1530.0,1501.14,13.16,1520.57,25.82,1639.93,117.93,1614.03,97.85,1572.64,109.69,-0.00939,-0.03118,-0.08892,-0.12346,940.0,1153.0,2397.0,982.0,986.0,1041.0,652.0,653.0,665.0,-0.72622,0.68746,-0.9985,-0.05481,60,2019-02-14,92,619.0,-0.87439,test
2018-11-15,bpi_value,1466.0,7.29029,1484.0,1498.0,1496.0,1496.0,1528.0,1526.0,1583.0,1796.0,1706.0,1560.0,1492.29,12.97,1512.21,23.05,1631.93,121.27,1612.47,99.44,1572.29,109.98,-0.0122,-0.04142,-0.07678,-0.15161,1007.0,940.0,2296.0,970.0,982.0,1033.0,649.0,652.0,663.0,-0.71429,0.69985,-0.99979,-0.02043,60,2019-02-15,92,624.0,-0.85414,test
2018-11-16,bpi_value,1453.0,7.28139,1466.0,1484.0,1498.0,1495.0,1511.0,1530.0,1556.0,1789.0,1727.0,1607.0,1484.0,16.43,1504.86,24.3,1622.8,124.06,1609.9,101.51,1571.58,110.54,-0.00891,-0.03914,-0.06849,-0.17276,1057.0,1007.0,1968.0,969.0,970.0,1021.0,646.0,649.0,660.0,-0.70215,0.71203,-0.9999,0.01398,60,2019-02-18,94,628.0,-0.83885,test
2018-11-19,bpi_value,1437.0,7.27031,1453.0,1466.0,1484.0,1496.0,1496.0,1531.0,1530.0,1775.0,1749.0,1630.0,1475.57,22.23,1498.21,28.82,1612.4,126.1,1606.68,103.86,1570.58,111.35,-0.01107,-0.04024,-0.06271,-0.19649,1050.0,1057.0,1747.0,964.0,969.0,1013.0,645.0,646.0,658.0,-0.66448,0.7473,-0.99314,0.11692,60,2019-02-19,92,639.0,-0.81041,test
2018-11-20,bpi_value,1416.0,7.25559,1437.0,1453.0,1466.0,1498.0,1495.0,1528.0,1524.0,1756.0,1747.0,1643.0,1464.29,28.63,1490.5,34.73,1601.37,128.3,1602.9,106.56,1569.32,112.44,-0.01472,-0.05429,-0.0735,-0.21006,1002.0,1050.0,1461.0,963.0,964.0,1003.0,644.0,645.0,656.0,-0.65153,0.75862,-0.98853,0.15102,60,2019-02-20,92,649.0,-0.78016,test
2018-11-21,bpi_value,1393.0,7.23921,1416.0,1437.0,1453.0,1484.0,1496.0,1511.0,1526.0,1715.0,1749.0,1639.0,1449.57,34.43,1481.0,41.29,1589.5,130.54,1598.8,109.78,1567.8,113.88,-0.01638,-0.07134,-0.09119,-0.22758,1056.0,1002.0,1398.0,959.0,963.0,994.0,642.0,644.0,654.0,-0.63838,0.76972,-0.98275,0.18493,60,2019-02-21,92,657.0,-0.75153,test
2018-11-22,bpi_value,1378.0,7.22839,1393.0,1416.0,1437.0,1466.0,1498.0,1496.0,1530.0,1669.0,1763.0,1608.0,1432.43,35.89,1470.14,46.62,1576.67,131.77,1594.97,113.35,1566.12,115.54,-0.01083,-0.0835,-0.10463,-0.24638,1089.0,1056.0,1153.0,956.0,959.0,986.0,638.0,642.0,653.0,-0.62505,0.78058,-0.97581,0.21863,60,2019-02-22,92,666.0,-0.7271,test
2018-11-23,bpi_value,1376.0,7.22694,1378.0,1393.0,1416.0,1453.0,1484.0,1495.0,1531.0,1622.0,1775.0,1571.0,1417.0,33.54,1459.07,49.19,1563.37,131.22,1591.72,116.74,1564.32,117.21,-0.00145,-0.07556,-0.10674,-0.25462,1358.0,1089.0,940.0,952.0,956.0,982.0,635.0,638.0,652.0,-0.61153,0.79122,-0.96771,0.25206,60,2019-02-25,94,685.0,-0.69752,test
2018-11-26,bpi_value,1389.0,7.23634,1376.0,1378.0,1393.0,1437.0,1466.0,1496.0,1528.0,1583.0,1779.0,1540.0,1406.0,27.81,1449.14,48.29,1550.37,128.5,1589.2,119.42,1562.46,118.64,0.0094,-0.05395,-0.09538,-0.24747,1789.0,1358.0,1007.0,947.0,952.0,970.0,633.0,635.0,649.0,-0.5699,0.82171,-0.93659,0.35043,60,2019-02-26,92,713.0,-0.66686,test
2018-11-27,bpi_value,1416.0,7.25559,1389.0,1376.0,1378.0,1416.0,1453.0,1498.0,1511.0,1556.0,1793.0,1517.0,1400.71,21.07,1442.36,45.73,1537.8,122.45,1587.52,121.13,1560.79,119.63,0.01925,-0.02579,-0.06494,-0.23605,2170.0,1789.0,1057.0,943.0,947.0,969.0,631.0,633.0,646.0,-0.55568,0.83139,-0.92398,0.38244,60,2019-02-27,92,752.0,-0.63285,test
2018-11-28,bpi_value,1444.0,7.27517,1416.0,1389.0,1376.0,1393.0,1437.0,1484.0,1496.0,1530.0,1796.0,1504.0,1401.71,22.86,1438.64,43.27,1526.07,113.7,1586.52,122.06,1559.27,120.24,0.01958,0.00486,-0.03538,-0.21814,2121.0,2170.0,1050.0,942.0,943.0,964.0,629.0,631.0,645.0,-0.5413,0.84083,-0.91028,0.41399,60,2019-02-28,92,813.0,-0.57444,test
2018-11-29,bpi_value,1455.0,7.28276,1444.0,1416.0,1389.0,1378.0,1416.0,1466.0,1495.0,1524.0,1789.0,1516.0,1407.29,29.46,1435.79,40.69,1514.93,103.29,1585.5,122.89,1557.79,120.69,0.00759,0.02717,-0.02712,-0.20665,1950.0,2121.0,1002.0,945.0,942.0,963.0,628.0,629.0,644.0,-0.52675,0.85002,-0.8955,0.44506,60,2019-03-01,92,863.0,-0.52235,test
2018-11-30,bpi_value,1463.0,7.28824,1455.0,1444.0,1416.0,1376.0,1393.0,1453.0,1496.0,1526.0,1775.0,1528.0,1417.29,34.38,1433.43,38.01,1504.53,91.63,1584.42,123.68,1556.46,121.07,0.00548,0.04903,-0.02231,-0.19331,1755.0,1950.0,1056.0,944.0,945.0,959.0,626.0,628.0,642.0,-0.51206,0.85895,-0.87966,0.4756,60,2019-03-04,94,900.0,-0.48585,test
2018-12-03,bpi_value,1469.0,7.29234,1463.0,1455.0,1444.0,1389.0,1378.0,1437.0,1498.0,1530.0,1756.0,1544.0,1430.29,34.27,1431.36,35.11,1494.97,78.98,1583.17,124.45,1555.13,121.36,0.00409,0.06395,-0.01955,-0.17846,1638.0,1755.0,1089.0,945.0,944.0,956.0,626.0,626.0,638.0,-0.46706,0.88422,-0.82598,0.5637,60,2019-03-05,92,924.0,-0.46363,test
2018-12-04,bpi_value,1474.0,7.29574,1469.0,1463.0,1455.0,1416.0,1376.0,1416.0,1484.0,1531.0,1715.0,1556.0,1444.29,28.82,1430.64,34.12,1486.93,67.63,1581.8,125.19,1553.88,121.61,0.0034,0.0688,-0.00676,-0.15143,1739.0,1638.0,1358.0,949.0,945.0,952.0,625.0,626.0,635.0,-0.45179,0.89213,-0.8061,0.59178,60,2019-03-06,92,938.0,-0.45199,test
2018-12-05,bpi_value,1472.0,7.29438,1474.0,1469.0,1463.0,1444.0,1389.0,1393.0,1466.0,1528.0,1669.0,1550.0,1456.14,19.06,1431.07,34.59,1480.37,58.6,1580.5,125.92,1552.79,121.9,-0.00136,0.05804,0.00408,-0.1256,1925.0,1739.0,1789.0,950.0,949.0,947.0,625.0,625.0,633.0,-0.43637,0.89977,-0.78527,0.61916,60,2019-03-07,92,926.0,-0.4635,test
2018-12-06,bpi_value,1473.0,7.29506,1472.0,1474.0,1469.0,1455.0,1416.0,1378.0,1453.0,1511.0,1622.0,1534.0,1464.29,10.36,1432.5,35.86,1475.4,52.36,1579.48,126.54,1552.06,122.18,0.00068,0.03947,0.01367,-0.09636,2080.0,1925.0,2170.0,951.0,950.0,943.0,625.0,625.0,631.0,-0.42083,0.90714,-0.7635,0.6458,60,2019-03-08,92,894.0,-0.49935,test
2018-12-07,bpi_value,1469.0,7.29234,1473.0,1472.0,1474.0,1463.0,1444.0,1376.0,1437.0,1496.0,1583.0,1523.0,1467.86,6.24,1434.79,37.07,1471.6,48.4,1578.58,127.12,1551.81,122.32,-0.00272,0.01716,0.02202,-0.07474,2197.0,2080.0,2121.0,953.0,951.0,942.0,625.0,625.0,629.0,-0.40516,0.91424,-0.74084,0.67168,60,2019-03-11,94,866.0,-0.52845,test
2018-12-10,bpi_value,1464.0,7.28893,1469.0,1473.0,1472.0,1469.0,1455.0,1389.0,1416.0,1495.0,1556.0,1518.0,1469.14,3.98,1438.21,37.4,1468.53,45.81,1577.68,127.74,1552.0,122.18,-0.00341,0.00617,0.03334,-0.06095,2244.0,2197.0,1950.0,955.0,953.0,945.0,624.0,625.0,628.0,-0.35746,0.93393,-0.66769,0.74444,60,2019-03-12,92,839.0,-0.55672,test
2018-12-11,bpi_value,1454.0,7.28207,1464.0,1469.0,1473.0,1474.0,1463.0,1416.0,1393.0,1496.0,1530.0,1525.0,1467.86,6.45,1442.57,35.37,1466.0,44.42,1576.5,128.55,1552.38,121.82,-0.00685,-0.00617,0.04286,-0.05095,2183.0,2244.0,1755.0,958.0,955.0,944.0,623.0,624.0,626.0,-0.34135,0.93994,-0.64169,0.76697,60,2019-03-13,92,823.0,-0.56912,test
2018-12-12,bpi_value,1445.0,7.27586,1454.0,1464.0,1469.0,1472.0,1469.0,1444.0,1378.0,1498.0,1524.0,1530.0,1464.43,10.21,1447.36,30.51,1463.37,43.23,1575.08,129.52,1553.03,121.08,-0.00621,-0.01647,0.04748,-0.05323,2153.0,2183.0,1638.0,963.0,958.0,945.0,622.0,623.0,626.0,-0.32513,0.94567,-0.61493,0.78858,60,2019-03-14,92,841.0,-0.54127,test
2018-12-13,bpi_value,1459.0,7.28551,1445.0,1454.0,1464.0,1473.0,1474.0,1455.0,1376.0,1484.0,1526.0,1557.0,1462.29,9.53,1453.29,23.28,1461.13,41.63,1573.45,130.35,1554.08,119.85,0.00964,-0.01023,0.05857,-0.0449,2180.0,2153.0,1739.0,968.0,963.0,949.0,621.0,622.0,625.0,-0.30881,0.95112,-0.58744,0.80927,60,2019-03-15,92,883.0,-0.50218,test
2018-12-14,bpi_value,1478.0,7.29845,1459.0,1445.0,1454.0,1469.0,1472.0,1463.0,1389.0,1466.0,1530.0,1586.0,1463.14,10.58,1459.64,15.81,1459.4,39.77,1571.65,130.91,1555.51,118.15,0.01294,0.00407,0.06211,-0.03458,2383.0,2180.0,1925.0,974.0,968.0,950.0,617.0,621.0,625.0,-0.29241,0.95629,-0.55925,0.829,60,2019-03-18,94,905.0,-0.49051,test
2018-12-17,bpi_value,1490.0,7.30653,1478.0,1459.0,1445.0,1464.0,1473.0,1469.0,1416.0,1453.0,1531.0,1609.0,1465.57,13.97,1464.93,12.31,1458.03,37.95,1569.67,131.23,1557.19,116.12,0.00809,0.01147,0.05094,-0.02714,2433.0,2383.0,2080.0,978.0,974.0,951.0,614.0,617.0,625.0,-0.24269,0.9701,-0.47086,0.88221,60,2019-03-19,92,922.0,-0.47999,test
2018-12-18,bpi_value,1494.0,7.30921,1490.0,1478.0,1459.0,1454.0,1469.0,1474.0,1444.0,1437.0,1528.0,1639.0,1469.14,17.21,1468.5,12.96,1456.9,36.32,1567.25,131.27,1558.91,114.0,0.00268,0.01688,0.03404,-0.0225,2393.0,2433.0,2197.0,977.0,978.0,953.0,611.0,614.0,625.0,-0.22596,0.97414,-0.44024,0.89788,60,2019-03-20,92,962.0,-0.4402,test
2018-12-19,bpi_value,1492.0,7.30787,1494.0,1490.0,1478.0,1445.0,1464.0,1472.0,1455.0,1416.0,1511.0,1677.0,1473.14,18.73,1471.14,13.69,1456.27,35.52,1564.17,130.82,1560.36,112.31,-0.00134,0.01895,0.02511,-0.01265,2264.0,2393.0,2244.0,979.0,977.0,955.0,607.0,611.0,624.0,-0.20917,0.97788,-0.40909,0.91249,60,2019-03-21,92,1009.0,-0.39116,test
2018-12-20,bpi_value,1473.0,7.29506,1492.0,1494.0,1490.0,1459.0,1454.0,1473.0,1463.0,1393.0,1496.0,1689.0,1475.86,17.07,1471.86,13.51,1455.5,34.9,1560.57,130.31,1561.13,111.45,-0.01282,0.01298,0.00681,-0.01549,2071.0,2264.0,2183.0,979.0,979.0,958.0,602.0,607.0,623.0,-0.19232,0.98133,-0.37746,0.92602,60,2019-03-22,92,1027.0,-0.36066,test
2018-12-21,bpi_value,1437.0,7.27031,1473.0,1492.0,1494.0,1478.0,1445.0,1469.0,1469.0,1378.0,1495.0,1695.0,1474.71,19.23,1469.57,16.23,1453.57,34.26,1556.27,130.06,1561.02,111.57,-0.02474,-0.00555,-0.02202,-0.03957,1913.0,2071.0,2153.0,977.0,979.0,963.0,597.0,602.0,622.0,-0.17541,0.9845,-0.34539,0.93846,60,2019-03-25,94,1036.0,-0.32719,test
2018-12-24,bpi_value,1421.0,7.25912,1437.0,1473.0,1492.0,1490.0,1459.0,1464.0,1474.0,1376.0,1496.0,1692.0,1469.29,26.78,1465.79,20.4,1451.07,33.81,1551.75,129.97,1560.31,112.25,-0.0112,-0.02639,-0.03662,-0.05143,1905.0,1913.0,2180.0,975.0,977.0,968.0,596.0,597.0,621.0,-0.12439,0.99223,-0.24686,0.96905,60,2019-03-26,92,1053.0,-0.29972,test
2019-01-02,bpi_value,1391.0,7.23778,1421.0,1437.0,1473.0,1494.0,1478.0,1454.0,1472.0,1389.0,1498.0,1678.0,1456.86,37.78,1460.0,27.92,1447.5,34.31,1546.97,130.52,1559.03,113.51,-0.02134,-0.06067,-0.0566,-0.07411,1987.0,1905.0,2383.0,967.0,975.0,974.0,588.0,596.0,617.0,0.0344,0.99941,0.06876,0.99763,60,2019-03-27,84,1056.0,-0.27553,test
2019-01-03,bpi_value,1365.0,7.21891,1391.0,1421.0,1437.0,1492.0,1490.0,1445.0,1473.0,1416.0,1484.0,1679.0,1439.0,46.44,1452.29,36.78,1443.53,36.66,1541.73,131.41,1557.2,115.29,-0.01887,-0.08762,-0.07615,-0.08359,1963.0,1987.0,2433.0,958.0,967.0,978.0,578.0,588.0,614.0,0.05158,0.99867,0.10303,0.99468,60,2019-03-28,84,1087.0,-0.22773,test
2019-01-04,bpi_value,1331.0,7.19369,1365.0,1391.0,1421.0,1473.0,1494.0,1459.0,1469.0,1444.0,1466.0,1706.0,1415.71,53.37,1442.43,47.81,1439.03,41.58,1535.48,132.37,1554.66,117.7,-0.02522,-0.11553,-0.09865,-0.09661,2003.0,1963.0,2393.0,946.0,958.0,977.0,571.0,578.0,611.0,0.06876,0.99763,0.13719,0.99055,60,2019-03-29,84,1102.0,-0.1888,test
2019-01-07,bpi_value,1300.0,7.17012,1331.0,1365.0,1391.0,1437.0,1492.0,1478.0,1464.0,1455.0,1453.0,1727.0,1388.29,56.37,1430.71,59.7,1433.93,48.38,1528.37,133.35,1551.24,120.55,-0.02357,-0.13775,-0.11881,-0.11127,2016.0,2003.0,2264.0,933.0,946.0,979.0,563.0,571.0,607.0,0.12013,0.99276,0.23851,0.97114,60,2019-04-01,84,1110.0,-0.158,test
2019-01-08,bpi_value,1257.0,7.13648,1300.0,1331.0,1365.0,1421.0,1473.0,1490.0,1454.0,1463.0,1437.0,1749.0,1357.43,60.52,1416.64,74.05,1427.93,57.86,1520.17,134.65,1547.1,124.13,-0.03364,-0.15857,-0.14559,-0.13383,2117.0,2016.0,2071.0,918.0,933.0,979.0,556.0,563.0,602.0,0.13719,0.99055,0.27178,0.96236,60,2019-04-02,84,1120.0,-0.1154,test
2019-01-09,bpi_value,1218.0,7.10497,1257.0,1300.0,1331.0,1391.0,1437.0,1494.0,1445.0,1469.0,1416.0,1747.0,1326.14,67.5,1400.43,89.34,1421.33,69.05,1511.35,136.81,1542.38,128.4,-0.03152,-0.16535,-0.1709,-0.15063,2078.0,2117.0,1913.0,893.0,918.0,977.0,546.0,556.0,597.0,0.1542,0.98804,0.30472,0.95244,60,2019-04-03,84,1127.0,-0.07765,test
2019-01-10,bpi_value,1170.0,7.06476,1218.0,1257.0,1300.0,1365.0,1421.0,1492.0,1459.0,1474.0,1393.0,1749.0,1290.29,73.95,1379.79,105.37,1413.9,82.41,1501.7,140.09,1537.17,133.78,-0.04021,-0.19436,-0.22075,-0.17446,1987.0,2078.0,1905.0,870.0,893.0,975.0,536.0,546.0,596.0,0.17118,0.98524,0.3373,0.9414,60,2019-04-04,84,1124.0,-0.04011,test
2019-01-11,bpi_value,1137.0,7.03615,1170.0,1218.0,1257.0,1331.0,1391.0,1473.0,1478.0,1472.0,1378.0,1763.0,1254.0,77.84,1355.43,118.45,1405.87,96.13,1491.27,143.51,1531.93,139.97,-0.02861,-0.20163,-0.2623,-0.19224,1966.0,1987.0,1987.0,842.0,870.0,967.0,524.0,536.0,588.0,0.1881,0.98215,0.36948,0.92924,60,2019-04-05,84,1114.0,-0.02044,test
2019-01-14,bpi_value,1118.0,7.0193,1137.0,1170.0,1218.0,1300.0,1365.0,1437.0,1490.0,1473.0,1376.0,1775.0,1218.71,75.48,1328.86,126.72,1397.27,109.08,1480.32,146.48,1526.9,146.47,-0.01685,-0.19961,-0.28723,-0.20764,1952.0,1966.0,1963.0,814.0,842.0,958.0,511.0,524.0,578.0,0.23851,0.97114,0.46326,0.88622,60,2019-04-08,84,1101.0,-0.01532,test
2019-01-15,bpi_value,1104.0,7.0067,1118.0,1137.0,1170.0,1257.0,1331.0,1421.0,1494.0,1469.0,1389.0,1779.0,1186.29,68.73,1301.0,130.18,1387.77,121.13,1469.07,149.01,1522.06,153.02,-0.0126,-0.18699,-0.30252,-0.22964,1831.0,1952.0,2003.0,785.0,814.0,946.0,499.0,511.0,571.0,0.25518,0.96689,0.49347,0.86976,60,2019-04-09,84,1085.0,-0.01736,test
2019-01-16,bpi_value,1079.0,6.98379,1104.0,1118.0,1137.0,1218.0,1300.0,1391.0,1492.0,1464.0,1416.0,1793.0,1154.71,59.36,1271.5,130.35,1376.53,133.04,1457.17,151.16,1517.19,159.91,-0.02291,-0.18633,-0.32408,-0.2718,1748.0,1831.0,2016.0,755.0,785.0,933.0,483.0,499.0,563.0,0.27178,0.96236,0.52309,0.85227,60,2019-04-10,84,1074.0,-0.00464,test
2019-01-17,bpi_value,1045.0,6.95177,1079.0,1104.0,1118.0,1170.0,1257.0,1365.0,1473.0,1454.0,1444.0,1796.0,1124.43,53.21,1240.93,129.69,1363.23,145.03,1444.65,153.65,1512.09,167.4,-0.03202,-0.18471,-0.34328,-0.3234,1868.0,1748.0,2117.0,729.0,755.0,918.0,466.0,483.0,556.0,0.28829,0.95754,0.5521,0.83378,60,2019-04-11,84,1071.0,0.02458,test
2019-01-18,bpi_value,1018.0,6.9256,1045.0,1079.0,1104.0,1137.0,1218.0,1331.0,1437.0,1445.0,1455.0,1789.0,1095.86,48.81,1211.0,129.34,1348.67,156.57,1431.8,156.53,1506.56,175.22,-0.02618,-0.17937,-0.34472,-0.35717,2037.0,1868.0,2078.0,701.0,729.0,893.0,451.0,466.0,546.0,0.30472,0.95244,0.58045,0.81429,60,2019-04-12,84,1073.0,0.05262,test
2019-01-21,bpi_value,991.0,6.89871,1018.0,1045.0,1079.0,1118.0,1170.0,1300.0,1421.0,1459.0,1463.0,1775.0,1070.29,50.14,1180.29,126.85,1332.93,167.61,1418.73,160.02,1500.59,183.35,-0.02688,-0.16604,-0.3604,-0.38953,2024.0,2037.0,1987.0,680.0,701.0,870.0,442.0,451.0,536.0,0.35344,0.93546,0.66126,0.75015,60,2019-04-15,84,1092.0,0.09705,test
2019-01-22,bpi_value,950.0,6.85646,991.0,1018.0,1045.0,1104.0,1137.0,1257.0,1391.0,1478.0,1469.0,1756.0,1043.57,56.85,1148.79,125.36,1315.63,179.07,1405.3,164.9,1493.99,192.15,-0.04225,-0.17969,-0.38132,-0.43588,1892.0,2024.0,1966.0,660.0,680.0,842.0,432.0,442.0,524.0,0.36948,0.92924,0.68668,0.72696,60,2019-04-16,84,1119.0,0.16373,test
2019-01-23,bpi_value,893.0,6.79459,950.0,991.0,1018.0,1079.0,1118.0,1218.0,1365.0,1490.0,1474.0,1715.0,1011.43,68.16,1115.07,126.15,1296.27,191.86,1391.6,172.57,1486.62,202.08,-0.06188,-0.22471,-0.42432,-0.50115,1775.0,1892.0,1952.0,638.0,660.0,814.0,423.0,432.0,511.0,0.38541,0.92274,0.71128,0.70291,60,2019-04-17,84,1147.0,0.25032,test
2019-01-24,bpi_value,828.0,6.71901,893.0,950.0,991.0,1045.0,1104.0,1170.0,1331.0,1494.0,1472.0,1669.0,972.0,81.69,1079.14,131.07,1274.8,206.46,1377.58,183.29,1478.6,213.42,-0.07557,-0.28768,-0.47467,-0.57536,1726.0,1775.0,1831.0,607.0,638.0,785.0,409.0,423.0,499.0,0.40123,0.91598,0.73503,0.67803,60,2019-04-18,84,1162.0,0.33888,test
2019-01-25,bpi_value,748.0,6.6174,828.0,893.0,950.0,1018.0,1079.0,1137.0,1300.0,1492.0,1473.0,1622.0,924.71,99.85,1039.71,141.32,1250.63,223.57,1363.02,197.47,1469.87,226.64,-0.10161,-0.36639,-0.55272,-0.67765,1730.0,1726.0,1748.0,576.0,607.0,755.0,395.0,409.0,483.0,0.41693,0.90894,0.75792,0.65235,60,2019-04-23,88,1171.0,0.44821,test
2019-01-28,bpi_value,687.0,6.53233,748.0,828.0,893.0,991.0,1045.0,1118.0,1257.0,1473.0,1469.0,1583.0,873.57,115.59,999.0,154.36,1224.57,241.47,1348.08,213.5,1460.58,240.96,-0.08507,-0.41944,-0.60415,-0.76,1631.0,1730.0,1868.0,552.0,576.0,729.0,384.0,395.0,466.0,0.46326,0.88622,0.8211,0.57078,60,2019-04-24,86,1177.0,0.53839,test
2019-01-29,bpi_value,644.0,6.4677,687.0,748.0,828.0,950.0,1018.0,1104.0,1218.0,1437.0,1464.0,1556.0,820.14,122.7,958.0,166.5,1197.23,258.62,1332.88,229.98,1450.87,255.61,-0.06464,-0.4579,-0.63727,-0.82123,1508.0,1631.0,2037.0,526.0,552.0,701.0,368.0,384.0,451.0,0.47843,0.87812,0.84025,0.5422,60,2019-04-25,86,1182.0,0.60726,test
2019-01-30,bpi_value,612.0,6.41673,644.0,687.0,748.0,893.0,991.0,1079.0,1170.0,1421.0,1454.0,1530.0,766.0,118.92,918.14,177.41,1169.17,274.43,1317.58,246.31,1440.72,270.17,-0.05097,-0.48198,-0.64803,-0.86534,1295.0,1508.0,2024.0,498.0,526.0,680.0,347.0,368.0,442.0,0.49347,0.86976,0.8584,0.51298,60,2019-04-26,86,1186.0,0.66161,test
2019-01-31,bpi_value,574.0,6.35263,612.0,644.0,687.0,828.0,950.0,1045.0,1137.0,1391.0,1445.0,1524.0,712.29,108.1,877.93,186.81,1140.13,289.38,1301.75,262.54,1430.1,284.85,-0.0641,-0.50383,-0.68352,-0.92324,1116.0,1295.0,1892.0,472.0,498.0,660.0,328.0,347.0,432.0,0.50836,0.86115,0.87554,0.48315,60,2019-04-29,88,1189.0,0.72824,test
2019-02-01,bpi_value,560.0,6.32794,574.0,612.0,644.0,748.0,893.0,1018.0,1118.0,1365.0,1459.0,1526.0,664.71,89.84,838.07,190.82,1110.17,301.12,1285.65,277.48,1419.02,298.74,-0.02469,-0.46665,-0.69136,-0.95757,1014.0,1116.0,1775.0,450.0,472.0,638.0,311.0,328.0,423.0,0.52309,0.85227,0.89164,0.45274,60,2019-04-30,88,1188.0,0.75209,test
2019-02-04,bpi_value,552.0,6.31355,560.0,574.0,612.0,687.0,828.0,991.0,1104.0,1331.0,1478.0,1530.0,625.29,67.25,798.64,188.81,1079.3,309.19,1269.35,291.05,1407.53,311.7,-0.01439,-0.40547,-0.69315,-0.9849,984.0,1014.0,1726.0,438.0,450.0,607.0,301.0,311.0,409.0,0.56636,0.82416,0.93354,0.35847,60,2019-05-01,86,1187.0,0.76564,test
2019-02-05,bpi_value,553.0,6.31536,552.0,560.0,574.0,644.0,748.0,950.0,1079.0,1300.0,1490.0,1531.0,597.43,48.39,761.07,181.48,1048.07,313.42,1253.05,303.07,1395.8,323.55,0.00181,-0.30204,-0.66843,-0.99117,972.0,984.0,1730.0,423.0,438.0,576.0,294.0,301.0,395.0,0.58045,0.81429,0.94532,0.32614,60,2019-05-02,86,1189.0,0.76551,test
2019-02-06,bpi_value,553.0,6.31536,553.0,552.0,560.0,612.0,687.0,893.0,1045.0,1257.0,1494.0,1528.0,578.29,33.33,725.93,170.39,1016.7,314.31,1236.8,313.84,1383.73,334.33,0.0,-0.21698,-0.63641,-0.99385,929.0,972.0,1631.0,415.0,423.0,552.0,294.0,294.0,384.0,0.59438,0.80419,0.95598,0.29343,60,2019-05-03,86,1190.0,0.76635,test
2019-02-07,bpi_value,561.0,6.32972,553.0,553.0,552.0,574.0,644.0,828.0,1018.0,1218.0,1492.0,1511.0,566.43,19.91,693.29,154.33,985.67,311.8,1220.97,323.43,1371.33,343.78,0.01436,-0.13798,-0.59587,-0.97815,846.0,929.0,1508.0,414.0,415.0,526.0,290.0,294.0,368.0,0.60812,0.79384,0.96551,0.26038,60,2019-05-07,89,1189.0,0.75115,test
2019-02-08,bpi_value,574.0,6.35263,561.0,553.0,553.0,560.0,612.0,748.0,991.0,1170.0,1473.0,1496.0,561.0,8.85,663.5,132.73,955.7,306.68,1205.6,331.79,1358.94,352.1,0.02291,-0.0641,-0.54609,-0.94243,792.0,846.0,1295.0,415.0,414.0,498.0,290.0,290.0,347.0,0.62169,0.78327,0.97389,0.22701,60,2019-05-08,89,1188.0,0.7274,test
2019-02-11,bpi_value,586.0,6.37332,574.0,561.0,553.0,552.0,574.0,687.0,950.0,1137.0,1437.0,1495.0,562.71,11.85,637.5,107.27,927.33,300.13,1190.45,338.91,1346.62,359.45,0.02069,0.02069,-0.48314,-0.89699,736.0,792.0,1116.0,429.0,415.0,472.0,292.0,290.0,328.0,0.66126,0.75015,0.9921,0.12546,60,2019-05-09,87,1193.0,0.71091,test
2019-02-12,bpi_value,600.0,6.39693,586.0,574.0,561.0,553.0,560.0,644.0,893.0,1118.0,1421.0,1496.0,568.43,17.48,616.57,80.66,899.97,291.17,1175.52,344.8,1334.49,365.96,0.02361,0.06899,-0.39766,-0.86219,711.0,736.0,1014.0,454.0,429.0,450.0,296.0,292.0,311.0,0.67407,0.73867,0.99583,0.09126,60,2019-05-10,87,1198.0,0.69148,test
2019-02-13,bpi_value,611.0,6.4151,600.0,586.0,574.0,553.0,552.0,612.0,828.0,1104.0,1391.0,1498.0,576.86,21.32,601.07,55.45,873.97,280.8,1160.73,349.64,1322.63,371.88,0.01817,0.10155,-0.30392,-0.82268,707.0,711.0,984.0,478.0,454.0,438.0,302.0,296.0,301.0,0.68668,0.72696,0.99838,0.05695,60,2019-05-13,89,1211.0,0.6841,test
2019-02-14,bpi_value,619.0,6.42811,611.0,600.0,586.0,561.0,553.0,574.0,748.0,1079.0,1365.0,1484.0,586.29,23.2,591.86,38.35,849.1,269.0,1146.32,353.82,1310.86,377.15,0.01301,0.11275,-0.1893,-0.7908,729.0,707.0,972.0,526.0,478.0,423.0,311.0,302.0,294.0,0.69908,0.71504,0.99975,0.02258,60,2019-05-14,89,1229.0,0.68585,test
2019-02-15,bpi_value,624.0,6.43615,619.0,611.0,600.0,574.0,553.0,560.0,687.0,1045.0,1331.0,1466.0,596.43,21.91,587.36,29.63,825.53,256.43,1132.28,357.54,1298.83,381.58,0.00805,0.12079,-0.09618,-0.75754,727.0,729.0,929.0,560.0,526.0,415.0,315.0,311.0,294.0,0.71128,0.70291,0.99993,-0.01183,60,2019-05-15,89,1243.0,0.68913,test
2019-02-18,bpi_value,628.0,6.44254,624.0,619.0,611.0,586.0,561.0,552.0,644.0,1018.0,1300.0,1453.0,606.0,18.75,586.21,27.67,803.13,243.0,1118.53,360.79,1286.62,385.25,0.00639,0.11282,-0.02516,-0.72758,713.0,727.0,846.0,594.0,560.0,414.0,322.0,315.0,290.0,0.74659,0.66529,0.99339,-0.11479,60,2019-05-16,87,1252.0,0.68996,test
2019-02-19,bpi_value,639.0,6.4599,628.0,624.0,619.0,600.0,574.0,553.0,612.0,991.0,1257.0,1437.0,615.29,16.58,588.14,30.22,782.53,229.47,1105.23,363.51,1274.29,388.01,0.01736,0.10728,0.04317,-0.67658,650.0,713.0,792.0,625.0,594.0,415.0,335.0,322.0,290.0,0.75792,0.65235,0.98885,-0.14889,60,2019-05-17,87,1255.0,0.67499,test
2019-02-20,bpi_value,649.0,6.47543,639.0,628.0,624.0,611.0,586.0,553.0,574.0,950.0,1218.0,1416.0,624.29,15.29,593.5,33.69,763.57,215.8,1092.45,365.83,1262.09,390.21,0.01553,0.10211,0.1228,-0.62953,578.0,650.0,736.0,649.0,625.0,429.0,345.0,335.0,292.0,0.76903,0.63921,0.98315,-0.18282,60,2019-05-20,89,1256.0,0.66025,test
2019-02-21,bpi_value,657.0,6.48768,649.0,639.0,628.0,619.0,600.0,561.0,560.0,893.0,1170.0,1393.0,632.43,15.36,600.43,35.98,746.47,202.85,1080.18,367.88,1249.96,391.86,0.01225,0.09075,0.15975,-0.57708,570.0,578.0,711.0,686.0,649.0,454.0,353.0,345.0,296.0,0.77991,0.62589,0.97628,-0.21653,60,2019-05-21,89,1258.0,0.64959,test
2019-02-22,bpi_value,666.0,6.50129,657.0,649.0,639.0,624.0,611.0,574.0,552.0,828.0,1137.0,1378.0,640.29,16.42,608.57,36.99,730.77,189.83,1068.32,369.56,1237.77,392.77,0.01361,0.08619,0.18774,-0.53486,545.0,570.0,707.0,707.0,686.0,478.0,359.0,353.0,302.0,0.79056,0.61238,0.96825,-0.24998,60,2019-05-22,89,1268.0,0.64391,test
2019-02-25,bpi_value,685.0,6.52942,666.0,657.0,649.0,628.0,619.0,586.0,553.0,748.0,1118.0,1376.0,649.71,20.04,618.0,38.42,716.33,175.78,1056.8,370.56,1225.66,392.82,0.02813,0.10131,0.21406,-0.48988,520.0,545.0,729.0,721.0,707.0,526.0,366.0,359.0,311.0,0.8211,0.57078,0.93734,-0.34841,60,2019-05-23,87,1287.0,0.63065,test
2019-02-26,bpi_value,713.0,6.56948,685.0,666.0,657.0,639.0,624.0,600.0,553.0,687.0,1104.0,1389.0,662.43,26.79,629.43,41.08,703.3,160.37,1045.53,370.57,1213.81,392.03,0.04006,0.13333,0.25412,-0.43721,522.0,520.0,727.0,729.0,721.0,560.0,372.0,366.0,315.0,0.8308,0.55658,0.9248,-0.38045,60,2019-05-24,87,1304.0,0.60371,test
2019-02-27,bpi_value,752.0,6.62274,713.0,685.0,666.0,649.0,628.0,611.0,561.0,644.0,1079.0,1416.0,680.14,37.16,643.07,47.33,692.4,144.83,1034.47,369.25,1202.24,390.12,0.05325,0.1802,0.29302,-0.36105,500.0,522.0,713.0,738.0,729.0,594.0,382.0,372.0,322.0,0.84025,0.5422,0.91117,-0.41203,60,2019-05-28,90,1322.0,0.56416,test
2019-02-28,bpi_value,813.0,6.70073,752.0,713.0,685.0,657.0,639.0,619.0,574.0,612.0,1045.0,1444.0,705.0,55.16,660.14,60.59,684.67,131.36,1023.95,366.41,1191.32,387.09,0.07799,0.24083,0.3481,-0.25104,459.0,500.0,650.0,749.0,738.0,625.0,388.0,382.0,335.0,0.84945,0.52767,0.89646,-0.44313,60,2019-05-29,90,1337.0,0.49745,test
2019-03-01,bpi_value,863.0,6.76041,813.0,752.0,713.0,666.0,649.0,624.0,586.0,574.0,1018.0,1455.0,735.57,72.29,679.93,76.33,679.5,120.77,1014.08,362.62,1181.03,383.36,0.05968,0.28498,0.38709,-0.16518,383.0,459.0,578.0,759.0,749.0,649.0,393.0,388.0,345.0,0.8584,0.51298,0.88068,-0.47371,60,2019-05-30,90,1340.0,0.44001,test
2019-03-04,bpi_value,900.0,6.80239,863.0,813.0,752.0,685.0,657.0,628.0,600.0,560.0,991.0,1463.0,770.29,83.68,701.36,91.49,676.47,113.85,1004.7,358.14,1171.31,379.25,0.04198,0.31471,0.40547,-0.09632,355.0,383.0,570.0,767.0,759.0,686.0,397.0,393.0,353.0,0.88372,0.46802,0.82719,-0.56192,60,2019-05-31,88,1335.0,0.39429,test
2019-03-05,bpi_value,924.0,6.82871,900.0,863.0,813.0,713.0,666.0,639.0,611.0,552.0,950.0,1469.0,807.14,86.4,723.71,104.06,675.6,111.85,995.62,353.13,1162.07,375.0,0.02632,0.32742,0.41362,-0.02775,299.0,355.0,545.0,776.0,767.0,707.0,407.0,397.0,359.0,0.89164,0.45274,0.80737,-0.59004,60,2019-06-03,90,1325.0,0.36046,test
2019-03-06,bpi_value,938.0,6.84375,924.0,900.0,863.0,752.0,685.0,649.0,619.0,553.0,893.0,1474.0,843.29,80.46,746.5,113.16,677.1,115.01,986.68,347.65,1153.43,371.09,0.01504,0.31433,0.41564,0.04916,270.0,299.0,520.0,783.0,776.0,721.0,413.0,407.0,366.0,0.8993,0.43734,0.7866,-0.61747,60,2019-06-04,90,1304.0,0.32944,test
2019-03-07,bpi_value,926.0,6.83087,938.0,924.0,900.0,813.0,713.0,657.0,624.0,553.0,828.0,1472.0,873.71,64.03,768.07,116.49,680.37,120.51,977.58,341.93,1145.18,367.78,-0.01288,0.26139,0.39472,0.11186,236.0,270.0,522.0,790.0,783.0,729.0,418.0,413.0,372.0,0.90669,0.42181,0.76489,-0.64416,60,2019-06-05,90,1285.0,0.32764,test
2019-03-08,bpi_value,894.0,6.79571,926.0,938.0,924.0,863.0,752.0,666.0,628.0,561.0,748.0,1473.0,894.0,40.39,787.07,113.75,685.23,125.97,967.93,335.93,1137.09,365.2,-0.03517,0.17297,0.35317,0.1783,235.0,236.0,500.0,790.0,790.0,738.0,421.0,418.0,382.0,0.91381,0.40615,0.74228,-0.67009,60,2019-06-06,90,1246.0,0.33199,test
2019-03-11,bpi_value,866.0,6.76388,894.0,926.0,938.0,900.0,813.0,685.0,639.0,574.0,687.0,1469.0,901.57,27.36,803.29,107.5,691.2,130.08,957.88,329.75,1129.12,363.2,-0.03182,0.06315,0.30398,0.23155,250.0,235.0,459.0,790.0,790.0,749.0,424.0,421.0,388.0,0.93354,0.35847,0.66929,-0.743,60,2019-06-07,88,1213.0,0.33697,test
2019-03-12,bpi_value,839.0,6.73221,866.0,894.0,926.0,924.0,863.0,713.0,649.0,586.0,644.0,1464.0,898.14,32.92,816.86,98.8,697.7,132.41,947.47,323.41,1121.16,361.61,-0.03167,-0.0282,0.25678,0.26451,278.0,250.0,383.0,789.0,790.0,759.0,429.0,424.0,393.0,0.93957,0.34236,0.64334,-0.76558,60,2019-06-10,90,1187.0,0.34697,test
2019-03-13,bpi_value,823.0,6.71296,839.0,866.0,894.0,938.0,900.0,752.0,657.0,600.0,612.0,1454.0,887.14,42.06,828.71,88.31,704.73,133.27,936.95,316.96,1113.3,360.32,-0.01925,-0.08944,0.22527,0.29622,327.0,278.0,355.0,789.0,789.0,767.0,430.0,429.0,397.0,0.94532,0.32614,0.61662,-0.78726,60,2019-06-11,90,1166.0,0.34838,test
2019-03-14,bpi_value,841.0,6.73459,823.0,839.0,866.0,926.0,924.0,813.0,666.0,611.0,574.0,1445.0,875.29,41.69,841.21,75.91,713.63,133.16,926.88,310.18,1105.71,358.78,0.02164,-0.09412,0.2333,0.38196,403.0,327.0,299.0,786.0,789.0,776.0,434.0,430.0,407.0,0.95079,0.30983,0.58918,-0.808,60,2019-06-12,90,1149.0,0.31206,test
2019-03-15,bpi_value,883.0,6.78333,841.0,823.0,839.0,894.0,938.0,863.0,685.0,619.0,560.0,1459.0,867.43,33.51,855.36,62.8,724.4,133.36,917.28,302.38,1098.57,356.74,0.04873,-0.06042,0.25391,0.45539,520.0,403.0,270.0,786.0,786.0,783.0,437.0,434.0,413.0,0.95598,0.29343,0.56103,-0.82779,60,2019-06-13,90,1137.0,0.25282,test
2019-03-18,bpi_value,905.0,6.80793,883.0,841.0,823.0,866.0,926.0,900.0,713.0,624.0,552.0,1478.0,864.43,28.73,869.07,49.84,736.17,133.21,907.73,293.44,1091.62,354.35,0.02461,-0.02294,0.23845,0.49439,476.0,520.0,236.0,787.0,786.0,790.0,440.0,437.0,418.0,0.96984,0.24373,0.47276,-0.88119,60,2019-06-14,88,1131.0,0.22292,test
2019-03-19,bpi_value,922.0,6.82655,905.0,883.0,841.0,839.0,894.0,924.0,752.0,628.0,553.0,1490.0,868.43,34.03,881.21,39.47,748.47,132.76,898.27,283.49,1084.86,351.7,0.01861,0.03084,0.20381,0.51119,421.0,476.0,235.0,789.0,787.0,790.0,443.0,440.0,421.0,0.97389,0.22701,0.44217,-0.89693,60,2019-06-17,90,1125.0,0.19899,test
2019-03-20,bpi_value,962.0,6.86901,922.0,905.0,883.0,823.0,866.0,938.0,813.0,639.0,553.0,1494.0,882.14,47.12,891.86,39.73,762.1,132.99,889.4,272.84,1078.57,348.76,0.04247,0.10513,0.16828,0.55366,399.0,421.0,250.0,796.0,789.0,790.0,446.0,443.0,424.0,0.97765,0.21022,0.41105,-0.91161,60,2019-06-18,90,1117.0,0.14939,test
2019-03-21,bpi_value,1009.0,6.91672,962.0,922.0,905.0,841.0,839.0,926.0,863.0,649.0,561.0,1492.0,906.43,60.53,902.29,48.89,777.03,134.71,881.35,261.85,1072.99,345.8,0.0477,0.1845,0.1563,0.58699,288.0,399.0,278.0,813.0,796.0,789.0,449.0,446.0,429.0,0.98112,0.19338,0.37945,-0.92521,60,2019-06-19,90,1110.0,0.0954,test
2019-03-22,bpi_value,1027.0,6.9344,1009.0,962.0,922.0,883.0,823.0,894.0,900.0,657.0,574.0,1473.0,935.57,62.42,911.36,58.47,792.13,136.48,873.92,251.05,1067.78,342.91,0.01768,0.22144,0.132,0.58177,251.0,288.0,327.0,826.0,813.0,789.0,455.0,449.0,430.0,0.98431,0.17647,0.3474,-0.93772,60,2019-06-20,90,1101.0,0.06958,test
2019-03-25,bpi_value,1036.0,6.94312,1027.0,1009.0,962.0,905.0,841.0,866.0,924.0,666.0,586.0,1437.0,963.43,57.3,919.36,66.73,807.13,137.73,867.23,241.12,1062.68,339.92,0.00873,0.20853,0.11441,0.5698,230.0,251.0,403.0,830.0,826.0,786.0,458.0,455.0,434.0,0.9921,0.12546,0.24894,-0.96852,60,2019-06-21,88,1096.0,0.0563,test
2019-03-26,bpi_value,1053.0,6.9594,1036.0,1027.0,1009.0,922.0,883.0,839.0,938.0,685.0,600.0,1421.0,987.71,54.0,927.57,75.08,822.23,139.01,861.1,231.44,1057.76,336.8,0.01628,0.17607,0.11565,0.56247,190.0,230.0,520.0,833.0,830.0,786.0,463.0,458.0,437.0,0.99411,0.10838,0.21548,-0.97651,60,2019-06-24,90,1111.0,0.05362,test
2019-03-27,bpi_value,1056.0,6.96224,1053.0,1036.0,1027.0,962.0,905.0,823.0,926.0,713.0,611.0,1391.0,1009.29,46.25,936.86,82.03,837.07,139.42,855.52,222.45,1052.84,333.55,0.00284,0.15431,0.13137,0.54715,178.0,190.0,476.0,831.0,833.0,787.0,466.0,463.0,440.0,0.99583,0.09126,0.18176,-0.98334,60,2019-06-25,90,1150.0,0.08527,test
2019-03-28,bpi_value,1087.0,6.99118,1056.0,1053.0,1036.0,1009.0,922.0,841.0,894.0,752.0,619.0,1365.0,1032.86,36.85,950.64,89.54,852.67,140.33,850.88,214.55,1048.43,330.43,0.02893,0.16463,0.19547,0.56307,167.0,178.0,421.0,823.0,831.0,789.0,467.0,466.0,443.0,0.99725,0.07412,0.14783,-0.98901,60,2019-06-26,90,1191.0,0.09137,test
2019-03-29,bpi_value,1102.0,7.00488,1087.0,1056.0,1053.0,1027.0,962.0,883.0,866.0,813.0,624.0,1331.0,1052.86,30.39,967.5,94.12,868.6,140.6,847.07,207.91,1044.39,327.51,0.01371,0.13587,0.241,0.56873,150.0,167.0,399.0,813.0,823.0,796.0,464.0,467.0,446.0,0.99838,0.05695,0.11372,-0.99351,60,2019-06-27,90,1243.0,0.1204,test
2019-04-01,bpi_value,1110.0,7.01212,1102.0,1087.0,1056.0,1036.0,1009.0,905.0,839.0,863.0,628.0,1300.0,1067.29,30.12,986.86,93.56,884.67,139.73,843.9,202.36,1040.58,324.72,0.00723,0.0954,0.2799,0.56958,122.0,150.0,288.0,807.0,813.0,813.0,461.0,464.0,449.0,0.99999,0.00538,0.01075,-0.99994,60,2019-06-28,88,1286.0,0.14718,test
2019-04-02,bpi_value,1120.0,7.02108,1110.0,1102.0,1087.0,1053.0,1027.0,922.0,823.0,900.0,639.0,1257.0,1080.57,29.93,1008.07,87.48,900.7,138.2,841.62,198.42,1037.06,322.11,0.00897,0.08669,0.30813,0.56118,92.0,122.0,251.0,795.0,807.0,826.0,455.0,461.0,455.0,0.99993,-0.01183,-0.02365,-0.99972,60,2019-07-01,90,1317.0,0.16203,test
2019-04-03,bpi_value,1127.0,7.02731,1120.0,1110.0,1102.0,1056.0,1036.0,962.0,841.0,924.0,649.0,1218.0,1093.57,27.41,1028.5,79.07,916.63,135.8,840.1,195.87,1033.84,319.75,0.00623,0.08419,0.29272,0.55188,104.0,92.0,230.0,775.0,795.0,830.0,448.0,455.0,458.0,0.99958,-0.02903,-0.05803,-0.99832,60,2019-07-02,90,1370.0,0.19525,test
2019-04-04,bpi_value,1124.0,7.02465,1127.0,1120.0,1110.0,1087.0,1053.0,1009.0,883.0,938.0,657.0,1170.0,1103.71,23.35,1045.71,71.38,932.2,131.86,839.33,194.66,1030.86,317.63,-0.00267,0.06525,0.24132,0.53697,210.0,104.0,190.0,757.0,775.0,833.0,437.0,448.0,463.0,0.99893,-0.04622,-0.09233,-0.99573,60,2019-07-03,90,1433.0,0.24288,test
2019-04-05,bpi_value,1114.0,7.01571,1124.0,1127.0,1120.0,1102.0,1056.0,1027.0,905.0,926.0,666.0,1137.0,1112.0,12.91,1060.64,61.57,947.13,126.11,838.95,194.09,1027.92,315.62,-0.00894,0.05347,0.20778,0.51442,276.0,210.0,178.0,742.0,757.0,831.0,432.0,437.0,466.0,0.99799,-0.06339,-0.12653,-0.99196,60,2019-07-04,90,1569.0,0.34248,test
2019-04-08,bpi_value,1101.0,7.00397,1114.0,1124.0,1127.0,1110.0,1087.0,1036.0,922.0,894.0,685.0,1118.0,1114.0,9.52,1073.43,48.69,961.0,119.2,838.67,193.7,1024.87,313.56,-0.01174,0.0128,0.17743,0.47456,312.0,276.0,167.0,733.0,742.0,823.0,425.0,432.0,467.0,0.99339,-0.11479,-0.22806,-0.97365,60,2019-07-05,88,1665.0,0.41361,test
2019-04-09,bpi_value,1085.0,6.98934,1101.0,1114.0,1124.0,1120.0,1102.0,1053.0,962.0,866.0,713.0,1104.0,1111.57,13.57,1082.21,37.63,973.4,111.88,838.35,193.28,1021.49,311.25,-0.01464,-0.01555,0.12032,0.41985,375.0,312.0,150.0,726.0,733.0,813.0,419.0,425.0,464.0,0.99127,-0.13186,-0.26141,-0.96523,60,2019-07-08,90,1695.0,0.4461,test
2019-04-10,bpi_value,1074.0,6.97915,1085.0,1101.0,1114.0,1127.0,1110.0,1056.0,1009.0,839.0,752.0,1079.0,1106.43,18.95,1086.86,31.88,984.13,105.38,838.27,193.18,1017.69,308.48,-0.01019,-0.03297,0.06243,0.35641,428.0,375.0,122.0,718.0,726.0,807.0,411.0,419.0,461.0,0.98885,-0.14889,-0.29446,-0.95566,60,2019-07-09,90,1739.0,0.48192,test
2019-04-11,bpi_value,1071.0,6.97635,1074.0,1085.0,1101.0,1124.0,1120.0,1087.0,1027.0,823.0,813.0,1045.0,1099.43,21.52,1090.0,27.72,992.73,101.52,838.7,193.67,1013.54,305.22,-0.0028,-0.04474,0.04195,0.27562,423.0,428.0,92.0,715.0,718.0,795.0,406.0,411.0,455.0,0.98615,-0.16588,-0.32716,-0.94497,60,2019-07-10,90,1791.0,0.51418,test
2019-04-12,bpi_value,1073.0,6.97821,1071.0,1074.0,1085.0,1114.0,1127.0,1102.0,1036.0,841.0,863.0,1018.0,1091.71,19.87,1092.64,23.95,999.73,99.56,839.62,194.64,1009.3,301.68,0.00187,-0.0491,0.03509,0.2178,418.0,423.0,104.0,711.0,715.0,775.0,403.0,406.0,448.0,0.98315,-0.18282,-0.35947,-0.93316,60,2019-07-11,90,1881.0,0.56135,test
2019-04-15,bpi_value,1092.0,6.99577,1073.0,1071.0,1074.0,1101.0,1124.0,1110.0,1053.0,883.0,900.0,991.0,1087.14,15.0,1095.43,21.3,1006.13,99.11,841.3,196.37,1005.18,297.97,0.01755,-0.02888,0.03637,0.19337,445.0,418.0,210.0,714.0,711.0,757.0,399.0,403.0,437.0,0.97241,-0.23329,-0.4537,-0.89115,60,2019-07-12,88,1945.0,0.57725,test
2019-04-16,bpi_value,1119.0,7.02019,1092.0,1073.0,1071.0,1085.0,1114.0,1120.0,1056.0,905.0,924.0,950.0,1087.86,16.32,1099.93,19.03,1012.63,99.9,844.12,199.11,1001.29,294.15,0.02442,0.00448,0.05795,0.19148,459.0,445.0,276.0,718.0,714.0,742.0,397.0,399.0,432.0,0.96825,-0.24998,-0.48409,-0.87502,60,2019-07-15,90,1992.0,0.5767,test
2019-04-17,bpi_value,1147.0,7.04491,1119.0,1092.0,1073.0,1074.0,1101.0,1127.0,1087.0,922.0,938.0,893.0,1094.43,26.42,1104.21,22.14,1019.6,101.73,848.35,202.77,997.66,290.28,0.02471,0.04093,0.05373,0.20116,463.0,459.0,312.0,726.0,718.0,733.0,394.0,397.0,425.0,0.96381,-0.2666,-0.5139,-0.85785,60,2019-07-16,90,2052.0,0.58167,test
2019-04-18,bpi_value,1162.0,7.0579,1147.0,1119.0,1092.0,1071.0,1085.0,1124.0,1102.0,962.0,926.0,828.0,1105.43,34.88,1108.5,26.65,1027.47,103.3,853.92,206.68,994.21,286.45,0.01299,0.06856,0.05302,0.22702,490.0,463.0,375.0,732.0,726.0,726.0,390.0,394.0,419.0,0.95908,-0.28314,-0.54311,-0.83966,60,2019-07-17,90,2085.0,0.58463,test
2019-04-23,bpi_value,1171.0,7.06561,1162.0,1147.0,1119.0,1073.0,1074.0,1114.0,1110.0,1009.0,894.0,748.0,1119.29,38.7,1112.86,31.14,1036.7,103.33,860.97,210.13,990.86,282.56,0.00772,0.08647,0.0535,0.26991,572.0,490.0,428.0,751.0,732.0,718.0,391.0,390.0,411.0,0.93121,-0.36448,-0.67882,-0.7343,60,2019-07-18,86,2134.0,0.60014,test
2019-04-24,bpi_value,1177.0,7.07072,1171.0,1162.0,1147.0,1092.0,1071.0,1101.0,1120.0,1027.0,866.0,687.0,1134.43,37.57,1116.93,35.26,1047.07,101.27,869.13,212.72,987.61,278.7,0.00511,0.09438,0.04964,0.30684,648.0,572.0,423.0,773.0,751.0,715.0,392.0,391.0,406.0,0.9248,-0.38045,-0.70368,-0.71052,60,2019-07-19,86,2170.0,0.61176,test
2019-04-25,bpi_value,1182.0,7.07496,1177.0,1171.0,1162.0,1119.0,1073.0,1085.0,1127.0,1036.0,839.0,644.0,1150.0,30.87,1120.86,39.03,1058.5,96.38,878.1,214.37,984.48,274.89,0.00424,0.09675,0.04765,0.34275,691.0,648.0,418.0,781.0,773.0,711.0,391.0,392.0,403.0,0.91812,-0.3963,-0.7277,-0.68589,60,2019-07-22,88,2201.0,0.6217,test
2019-04-26,bpi_value,1186.0,7.07834,1182.0,1177.0,1171.0,1147.0,1092.0,1074.0,1124.0,1053.0,823.0,612.0,1163.43,21.85,1125.29,42.5,1070.6,88.52,887.67,215.09,981.5,271.21,0.00338,0.08258,0.05369,0.36539,783.0,691.0,445.0,780.0,781.0,714.0,389.0,391.0,399.0,0.91117,-0.41203,-0.75086,-0.66046,60,2019-07-23,88,2219.0,0.62647,test
2019-04-29,bpi_value,1189.0,7.08087,1186.0,1182.0,1177.0,1162.0,1119.0,1071.0,1114.0,1056.0,841.0,574.0,1173.43,13.74,1130.64,45.37,1082.2,80.07,897.92,214.55,978.66,267.66,0.00253,0.06068,0.06516,0.34628,884.0,783.0,459.0,777.0,780.0,718.0,386.0,389.0,397.0,0.8887,-0.45849,-0.81492,-0.57958,60,2019-07-24,86,2209.0,0.61943,test
2019-04-30,bpi_value,1188.0,7.08003,1189.0,1186.0,1182.0,1171.0,1147.0,1073.0,1101.0,1087.0,883.0,560.0,1179.29,9.22,1136.86,46.82,1092.37,73.2,908.38,213.12,975.64,263.73,-0.00084,0.03512,0.07605,0.2967,1276.0,884.0,463.0,768.0,777.0,726.0,384.0,386.0,394.0,0.88068,-0.47371,-0.83437,-0.5512,60,2019-07-25,86,2180.0,0.60705,test
2019-05-01,bpi_value,1187.0,7.07918,1188.0,1189.0,1186.0,1177.0,1162.0,1092.0,1085.0,1102.0,905.0,552.0,1182.86,6.17,1144.14,46.11,1101.77,66.32,918.97,210.92,972.41,259.3,-0.00084,0.02129,0.08985,0.27125,1389.0,1276.0,490.0,763.0,768.0,732.0,386.0,384.0,390.0,0.8724,-0.48879,-0.85284,-0.52218,60,2019-07-26,86,2109.0,0.57478,test
2019-05-02,bpi_value,1189.0,7.08087,1187.0,1188.0,1189.0,1182.0,1171.0,1119.0,1074.0,1110.0,922.0,553.0,1185.43,4.1,1152.36,43.02,1110.67,59.12,929.57,208.22,969.07,254.5,0.00168,0.01525,0.10172,0.25432,1420.0,1389.0,572.0,755.0,763.0,751.0,384.0,386.0,391.0,0.86387,-0.50372,-0.87029,-0.49253,60,2019-07-29,88,2050.0,0.54473,test
2019-05-03,bpi_value,1190.0,7.08171,1189.0,1187.0,1188.0,1186.0,1177.0,1147.0,1071.0,1120.0,962.0,553.0,1187.29,2.49,1160.86,37.51,1118.27,53.95,940.18,204.97,965.69,249.48,0.00084,0.01098,0.10536,0.21269,1290.0,1420.0,648.0,752.0,755.0,773.0,382.0,384.0,392.0,0.85507,-0.51851,-0.88672,-0.4623,60,2019-07-30,88,1969.0,0.50357,test
2019-05-07,bpi_value,1189.0,7.08087,1190.0,1189.0,1187.0,1189.0,1182.0,1162.0,1073.0,1127.0,1009.0,561.0,1188.29,1.28,1169.14,29.05,1124.27,51.41,950.65,201.34,962.32,244.34,-0.00084,0.0059,0.10265,0.16415,1119.0,1290.0,691.0,761.0,752.0,781.0,382.0,382.0,391.0,0.8174,-0.57607,-0.94176,-0.33629,60,2019-07-31,85,1891.0,0.46399,test
