origin_date,target_index,current_known_level,log_level,lag_1,lag_2,lag_3,lag_5,lag_7,lag_10,lag_14,lag_21,lag_30,lag_60,rolling_mean_7,rolling_std_7,rolling_mean_14,rolling_std_14,rolling_mean_30,rolling_std_30,rolling_mean_60,rolling_std_60,rolling_mean_90,rolling_std_90,log_return_1,log_return_7,log_return_14,log_return_30,bpi_lag_0,bpi_lag_1,bpi_lag_7,bci_lag_0,bci_lag_1,bci_lag_7,bsi_lag_0,bsi_lag_1,bsi_lag_7,fourier_sin_1,fourier_cos_1,fourier_sin_2,fourier_cos_2,horizon_sessions,target_date,calendar_days_elapsed,target_value,target_log_return,split_set
2012-12-06,bhsi_value,446.0,6.10032,446.0,447.0,448.0,446.0,438.0,424.0,405.0,412.0,437.0,475.0,446.14,1.88,434.43,14.29,424.6,15.66,441.22,23.52,458.14,36.07,0.0,0.0181,0.09643,0.02039,940.0,949.0,1023.0,1897.0,2000.0,2275.0,771.0,772.0,724.0,-0.40516,0.91424,-0.74084,0.67168,180,2013-08-30,267,531.0,0.17444,train
2012-12-07,bhsi_value,447.0,6.10256,446.0,446.0,447.0,448.0,442.0,431.0,407.0,409.0,434.0,477.0,446.86,0.83,437.29,12.39,425.03,16.09,440.72,23.06,456.91,34.5,0.00224,0.01125,0.09375,0.02951,936.0,940.0,1009.0,1832.0,1897.0,2275.0,768.0,771.0,732.0,-0.38938,0.92108,-0.7173,0.69677,180,2013-09-02,269,534.0,0.17784,train
2012-12-10,bhsi_value,447.0,6.10256,447.0,446.0,446.0,448.0,446.0,434.0,409.0,407.0,432.0,479.0,447.0,0.76,440.0,9.78,425.53,16.52,440.18,22.54,455.74,33.0,0.0,0.00224,0.08884,0.03413,928.0,936.0,994.0,1762.0,1832.0,2241.0,765.0,768.0,742.0,-0.34135,0.93994,-0.64169,0.76697,180,2013-09-03,267,534.0,0.17784,train
2012-12-11,bhsi_value,447.0,6.10256,447.0,447.0,446.0,447.0,448.0,438.0,416.0,405.0,430.0,480.0,446.86,0.64,442.21,7.29,426.1,16.95,439.63,21.95,454.67,31.66,0.0,-0.00223,0.07187,0.03877,914.0,928.0,980.0,1652.0,1762.0,2199.0,760.0,765.0,751.0,-0.32513,0.94567,-0.61493,0.78858,180,2013-09-04,267,535.0,0.17971,train
2012-12-12,bhsi_value,444.0,6.09582,447.0,447.0,447.0,446.0,448.0,442.0,424.0,405.0,429.0,480.0,446.29,1.03,443.64,5.26,426.6,17.25,439.03,21.32,453.61,30.39,-0.00673,-0.00897,0.04609,0.03437,894.0,914.0,973.0,1446.0,1652.0,2166.0,751.0,760.0,760.0,-0.30881,0.95112,-0.58744,0.80927,180,2013-09-05,267,534.0,0.18457,train
2012-12-13,bhsi_value,443.0,6.09357,444.0,447.0,447.0,446.0,447.0,446.0,431.0,402.0,426.0,482.0,445.71,1.48,444.5,3.94,427.17,17.5,438.38,20.59,452.56,29.06,-0.00225,-0.00899,0.02746,0.03913,871.0,894.0,962.0,1407.0,1446.0,2095.0,751.0,751.0,766.0,-0.29241,0.95629,-0.55925,0.829,180,2013-09-06,267,537.0,0.19243,train
2012-12-14,bhsi_value,443.0,6.09357,443.0,444.0,447.0,447.0,446.0,448.0,434.0,403.0,422.0,484.0,445.29,1.75,445.14,2.72,427.87,17.7,437.7,19.72,451.53,27.73,0.0,-0.00675,0.02053,0.04856,839.0,871.0,949.0,1440.0,1407.0,2000.0,748.0,751.0,772.0,-0.27591,0.96118,-0.53041,0.84774,180,2013-09-09,269,540.0,0.198,train
2012-12-17,bhsi_value,444.0,6.09582,443.0,443.0,444.0,447.0,446.0,448.0,438.0,405.0,419.0,486.0,445.0,1.77,445.57,1.92,428.7,17.85,437.0,18.72,450.57,26.43,0.00225,-0.00449,0.01361,0.05795,815.0,839.0,940.0,1403.0,1440.0,1897.0,746.0,748.0,771.0,-0.22596,0.97414,-0.44024,0.89788,180,2013-09-10,267,542.0,0.19944,train
2012-12-18,bhsi_value,444.0,6.09582,444.0,443.0,443.0,447.0,447.0,447.0,442.0,407.0,416.0,483.0,444.57,1.59,445.71,1.71,429.63,17.89,436.35,17.76,449.69,25.3,0.0,-0.00673,0.00451,0.06514,793.0,815.0,936.0,1315.0,1403.0,1832.0,745.0,746.0,768.0,-0.20917,0.97788,-0.40909,0.91249,180,2013-09-11,267,543.0,0.20128,train
2012-12-19,bhsi_value,444.0,6.09582,444.0,444.0,443.0,444.0,447.0,446.0,446.0,409.0,412.0,479.0,444.14,1.25,445.57,1.76,430.7,17.76,435.77,16.9,448.93,24.42,0.0,-0.00673,-0.00449,0.0748,765.0,793.0,928.0,1233.0,1315.0,1762.0,742.0,745.0,765.0,-0.19232,0.98133,-0.37746,0.92602,180,2013-09-12,267,545.0,0.20496,train
2012-12-20,bhsi_value,445.0,6.09807,444.0,444.0,444.0,443.0,447.0,446.0,448.0,416.0,409.0,476.0,443.86,0.64,445.36,1.63,431.9,17.47,435.25,16.12,448.26,23.67,0.00225,-0.00448,-0.00672,0.08436,734.0,765.0,914.0,1226.0,1233.0,1652.0,738.0,742.0,760.0,-0.17541,0.9845,-0.34539,0.93846,180,2013-09-13,267,544.0,0.20087,train
2012-12-21,bhsi_value,446.0,6.10032,445.0,444.0,444.0,443.0,444.0,447.0,448.0,424.0,407.0,472.0,444.14,0.99,445.21,1.47,433.2,17.01,434.82,15.46,447.63,22.97,0.00224,0.00449,-0.00447,0.09151,710.0,734.0,894.0,1228.0,1226.0,1446.0,738.0,738.0,751.0,-0.15845,0.98737,-0.3129,0.94979,180,2013-09-16,269,547.0,0.20413,train
2012-12-24,bhsi_value,447.0,6.10256,446.0,445.0,444.0,444.0,443.0,447.0,447.0,431.0,405.0,467.0,444.71,1.28,445.21,1.47,434.6,16.35,434.48,14.97,447.09,22.39,0.00224,0.00899,0.0,0.09867,699.0,710.0,871.0,1235.0,1228.0,1407.0,735.0,738.0,751.0,-0.10731,0.99423,-0.21338,0.97697,180,2013-09-17,267,548.0,0.20372,train
2013-01-02,bhsi_value,446.0,6.10032,447.0,446.0,445.0,444.0,443.0,447.0,446.0,434.0,405.0,454.0,445.14,1.12,445.21,1.47,435.97,15.51,434.35,14.84,446.6,21.93,-0.00224,0.00675,0.0,0.09643,685.0,699.0,839.0,1237.0,1235.0,1440.0,732.0,735.0,748.0,0.0344,0.99941,0.06876,0.99763,180,2013-09-18,259,549.0,0.20778,train
2013-01-03,bhsi_value,447.0,6.10256,446.0,447.0,446.0,444.0,444.0,444.0,446.0,438.0,402.0,448.0,445.57,1.18,445.29,1.53,437.47,14.28,434.33,14.82,446.18,21.54,0.00224,0.00673,0.00224,0.10611,675.0,685.0,815.0,1254.0,1237.0,1403.0,737.0,732.0,746.0,0.05158,0.99867,0.10303,0.99468,180,2013-09-19,259,554.0,0.21461,train
2013-01-04,bhsi_value,446.0,6.10032,447.0,446.0,447.0,445.0,444.0,443.0,447.0,442.0,403.0,445.0,445.86,0.99,445.21,1.47,438.9,12.83,434.35,14.83,445.79,21.23,-0.00224,0.00449,-0.00224,0.10138,670.0,675.0,793.0,1285.0,1254.0,1315.0,739.0,737.0,745.0,0.06876,0.99763,0.13719,0.99055,180,2013-09-20,259,558.0,0.22404,train
2013-01-07,bhsi_value,443.0,6.09357,446.0,447.0,446.0,446.0,444.0,443.0,447.0,446.0,405.0,444.0,445.71,1.28,444.93,1.49,440.17,11.2,434.33,14.82,445.41,20.97,-0.00675,-0.00225,-0.00899,0.08968,670.0,670.0,765.0,1319.0,1285.0,1233.0,739.0,739.0,742.0,0.12013,0.99276,0.23851,0.97114,180,2013-09-23,259,561.0,0.23615,train
2013-01-08,bhsi_value,442.0,6.09131,443.0,446.0,447.0,447.0,445.0,444.0,447.0,448.0,407.0,444.0,445.29,1.83,444.57,1.55,441.33,9.35,434.3,14.8,445.06,20.75,-0.00226,-0.00676,-0.01125,0.0825,682.0,670.0,734.0,1386.0,1319.0,1226.0,739.0,739.0,738.0,0.13719,0.99055,0.27178,0.96236,180,2013-09-24,259,567.0,0.24905,train
2013-01-09,bhsi_value,443.0,6.09357,442.0,443.0,446.0,446.0,446.0,444.0,444.0,448.0,409.0,442.0,444.86,1.96,444.5,1.59,442.47,7.17,434.32,14.81,444.73,20.55,0.00226,-0.00675,-0.00225,0.07985,717.0,682.0,710.0,1384.0,1386.0,1228.0,740.0,739.0,738.0,0.1542,0.98804,0.30472,0.95244,180,2013-09-25,259,576.0,0.26254,train
2013-01-10,bhsi_value,443.0,6.09357,443.0,442.0,443.0,447.0,447.0,444.0,443.0,447.0,416.0,442.0,444.29,1.83,444.5,1.59,443.37,5.22,434.33,14.82,444.48,20.43,0.0,-0.00899,0.0,0.06288,754.0,717.0,699.0,1367.0,1384.0,1235.0,741.0,740.0,735.0,0.17118,0.98524,0.3373,0.9414,180,2013-09-26,259,585.0,0.27804,train
2013-01-11,bhsi_value,448.0,6.10479,443.0,443.0,442.0,446.0,446.0,445.0,443.0,446.0,424.0,444.0,444.57,2.19,444.86,1.77,444.17,3.85,434.4,14.87,444.31,20.34,0.01122,0.00447,0.01122,0.05506,772.0,754.0,685.0,1367.0,1367.0,1237.0,743.0,741.0,732.0,0.1881,0.98215,0.36948,0.92924,180,2013-09-27,259,594.0,0.28209,train
2013-01-14,bhsi_value,451.0,6.11147,448.0,443.0,443.0,443.0,447.0,446.0,444.0,446.0,431.0,444.0,445.14,3.09,445.36,2.35,444.83,3.18,434.52,14.98,444.22,20.29,0.00667,0.00891,0.01564,0.04536,774.0,772.0,675.0,1370.0,1367.0,1254.0,745.0,743.0,737.0,0.23851,0.97114,0.46326,0.88622,180,2013-09-30,259,597.0,0.28045,train
2013-01-15,bhsi_value,454.0,6.1181,451.0,448.0,443.0,442.0,446.0,447.0,444.0,447.0,434.0,444.0,446.29,4.4,446.07,3.2,445.5,2.93,434.68,15.14,444.18,20.27,0.00663,0.01778,0.02227,0.04505,768.0,774.0,670.0,1365.0,1370.0,1285.0,743.0,745.0,739.0,0.25518,0.96689,0.49347,0.86976,180,2013-10-01,259,597.0,0.27382,train
2013-01-16,bhsi_value,457.0,6.12468,454.0,451.0,448.0,443.0,443.0,446.0,444.0,447.0,438.0,443.0,448.29,5.5,447.0,4.19,446.13,3.27,434.92,15.37,444.19,20.27,0.00659,0.03111,0.02886,0.04246,754.0,768.0,670.0,1431.0,1365.0,1319.0,740.0,743.0,739.0,0.27178,0.96236,0.52309,0.85227,180,2013-10-02,259,599.0,0.27058,train
2013-01-17,bhsi_value,464.0,6.13988,457.0,454.0,451.0,443.0,442.0,447.0,445.0,447.0,442.0,443.0,451.43,7.07,448.36,6.01,446.87,4.5,435.27,15.78,444.29,20.35,0.0152,0.04857,0.04181,0.04857,743.0,754.0,682.0,1573.0,1431.0,1386.0,738.0,740.0,739.0,0.28829,0.95754,0.5521,0.83378,180,2013-10-03,259,602.0,0.26037,train
2013-01-18,bhsi_value,470.0,6.15273,464.0,457.0,454.0,448.0,443.0,446.0,446.0,444.0,446.0,444.0,455.29,8.61,450.07,8.14,447.67,6.12,435.7,16.36,444.43,20.48,0.01285,0.05916,0.05241,0.05241,740.0,743.0,717.0,1605.0,1573.0,1384.0,735.0,738.0,740.0,0.30472,0.95244,0.58045,0.81429,180,2013-10-04,259,609.0,0.25909,train
2013-01-21,bhsi_value,474.0,6.16121,470.0,464.0,457.0,451.0,443.0,443.0,447.0,443.0,448.0,445.0,459.71,9.11,452.0,10.13,448.53,7.73,436.18,17.04,444.61,20.67,0.00847,0.06764,0.05865,0.05641,736.0,740.0,754.0,1604.0,1605.0,1367.0,730.0,735.0,741.0,0.35344,0.93546,0.66126,0.75015,180,2013-10-07,259,618.0,0.26528,train
2013-01-22,bhsi_value,477.0,6.16752,474.0,470.0,464.0,454.0,448.0,442.0,446.0,443.0,448.0,445.0,463.86,9.43,454.21,11.83,449.5,9.27,436.72,17.8,444.79,20.88,0.00631,0.06272,0.0672,0.06272,729.0,736.0,772.0,1577.0,1604.0,1367.0,728.0,730.0,743.0,0.36948,0.92924,0.68668,0.72696,180,2013-10-08,259,622.0,0.26542,train
2013-01-23,bhsi_value,478.0,6.16961,477.0,474.0,470.0,457.0,451.0,443.0,447.0,444.0,447.0,442.0,467.71,8.89,456.43,13.1,450.53,10.57,437.32,18.55,444.92,21.05,0.00209,0.05814,0.06705,0.06705,727.0,729.0,774.0,1564.0,1577.0,1370.0,721.0,728.0,745.0,0.38541,0.92274,0.71128,0.70291,180,2013-10-09,259,629.0,0.27452,train
2013-01-24,bhsi_value,478.0,6.16961,478.0,477.0,474.0,464.0,454.0,443.0,446.0,444.0,446.0,440.0,471.14,7.45,458.71,13.85,451.6,11.62,437.95,19.27,445.0,21.16,0.0,0.05151,0.06929,0.06929,723.0,727.0,768.0,1541.0,1564.0,1365.0,713.0,721.0,743.0,0.40123,0.91598,0.73503,0.67803,180,2013-10-10,259,630.0,0.27611,train
2013-01-25,bhsi_value,475.0,6.16331,478.0,478.0,477.0,470.0,457.0,448.0,443.0,444.0,446.0,437.0,473.71,4.74,461.0,13.71,452.57,12.3,438.58,19.84,445.0,21.16,-0.0063,0.03863,0.06975,0.063,718.0,723.0,754.0,1520.0,1541.0,1431.0,712.0,713.0,740.0,0.41693,0.90894,0.75792,0.65235,180,2013-10-11,259,632.0,0.28557,train
2013-01-28,bhsi_value,472.0,6.15698,475.0,478.0,478.0,474.0,464.0,451.0,442.0,445.0,447.0,434.0,474.86,2.85,463.14,12.89,453.4,12.73,439.22,20.29,444.94,21.08,-0.00634,0.01709,0.06567,0.05442,713.0,718.0,743.0,1507.0,1520.0,1573.0,711.0,712.0,738.0,0.46326,0.88622,0.8211,0.57078,180,2013-10-14,259,634.0,0.29507,train
2013-01-29,bhsi_value,467.0,6.14633,472.0,475.0,478.0,477.0,470.0,454.0,443.0,446.0,447.0,432.0,474.43,3.66,464.86,11.64,454.07,12.9,439.8,20.57,444.81,20.9,-0.01065,-0.0064,0.05276,0.04377,703.0,713.0,740.0,1491.0,1507.0,1605.0,710.0,711.0,735.0,0.47843,0.87812,0.84025,0.5422,180,2013-10-15,259,637.0,0.31044,train
2013-01-30,bhsi_value,461.0,6.1334,467.0,472.0,475.0,478.0,474.0,457.0,443.0,447.0,447.0,430.0,472.57,5.97,466.14,10.03,454.53,12.89,440.32,20.71,444.6,20.64,-0.01293,-0.02781,0.03983,0.03084,690.0,703.0,736.0,1477.0,1491.0,1604.0,695.0,710.0,730.0,0.49347,0.86976,0.8584,0.51298,180,2013-10-16,259,634.0,0.31865,train
2013-01-31,bhsi_value,455.0,6.1203,461.0,467.0,472.0,478.0,477.0,464.0,448.0,446.0,444.0,429.0,469.43,8.19,466.64,9.26,454.9,12.74,440.75,20.74,444.32,20.33,-0.0131,-0.04722,0.0155,0.02447,677.0,690.0,729.0,1468.0,1477.0,1577.0,688.0,695.0,728.0,0.50836,0.86115,0.87554,0.48315,180,2013-10-17,259,632.0,0.32859,train
2013-02-01,bhsi_value,449.0,6.10702,455.0,461.0,467.0,475.0,478.0,470.0,451.0,447.0,443.0,426.0,465.29,9.95,466.5,9.52,455.1,12.6,441.13,20.68,443.96,19.94,-0.01327,-0.06259,-0.00444,0.01345,664.0,677.0,727.0,1454.0,1468.0,1564.0,684.0,688.0,721.0,0.52309,0.85227,0.89164,0.45274,180,2013-10-18,259,634.0,0.34503,train
2013-02-04,bhsi_value,444.0,6.09582,449.0,455.0,461.0,472.0,478.0,474.0,454.0,446.0,443.0,422.0,460.43,10.82,465.79,10.72,455.13,12.57,441.5,20.53,443.51,19.48,-0.0112,-0.07379,-0.02227,0.00225,653.0,664.0,723.0,1461.0,1454.0,1541.0,682.0,684.0,713.0,0.56636,0.82416,0.93354,0.35847,180,2013-10-21,259,635.0,0.3578,train
2013-02-05,bhsi_value,438.0,6.08222,444.0,449.0,455.0,467.0,475.0,477.0,457.0,443.0,444.0,419.0,455.14,11.43,464.43,12.76,454.93,12.79,441.82,20.33,442.98,18.96,-0.01361,-0.0811,-0.04246,-0.01361,651.0,653.0,718.0,1466.0,1461.0,1520.0,681.0,682.0,712.0,0.58045,0.81429,0.94532,0.32614,180,2013-10-22,259,636.0,0.37298,train
2013-02-06,bhsi_value,431.0,6.06611,438.0,444.0,449.0,461.0,472.0,478.0,464.0,442.0,444.0,416.0,449.29,11.79,462.07,15.4,454.5,13.36,442.07,20.1,442.4,18.52,-0.01611,-0.09087,-0.07378,-0.02972,657.0,651.0,713.0,1484.0,1466.0,1507.0,677.0,681.0,711.0,0.59438,0.80419,0.95598,0.29343,180,2013-10-23,259,639.0,0.3938,train
2013-02-07,bhsi_value,425.0,6.05209,431.0,438.0,444.0,455.0,467.0,478.0,470.0,443.0,444.0,412.0,443.29,11.94,458.86,17.9,453.87,14.26,442.28,19.84,441.8,18.2,-0.01402,-0.09424,-0.10064,-0.04374,695.0,657.0,703.0,1481.0,1484.0,1491.0,674.0,677.0,710.0,0.60812,0.79384,0.96551,0.26038,180,2013-10-24,259,644.0,0.41561,train
2013-02-08,bhsi_value,421.0,6.04263,425.0,431.0,438.0,449.0,461.0,475.0,474.0,443.0,445.0,409.0,437.57,11.66,455.07,19.8,453.07,15.37,442.48,19.56,441.19,17.96,-0.00946,-0.09077,-0.11857,-0.05544,723.0,695.0,690.0,1461.0,1481.0,1477.0,671.0,674.0,695.0,0.62169,0.78327,0.97389,0.22701,180,2013-10-25,259,649.0,0.4328,train
2013-02-11,bhsi_value,418.0,6.03548,421.0,425.0,431.0,444.0,455.0,472.0,477.0,448.0,446.0,407.0,432.29,10.92,450.86,20.93,452.13,16.57,442.67,19.28,440.59,17.82,-0.00715,-0.08482,-0.13204,-0.06484,737.0,723.0,677.0,1453.0,1461.0,1468.0,669.0,671.0,688.0,0.66126,0.75015,0.9921,0.12546,180,2013-10-28,259,653.0,0.4461,train
2013-02-12,bhsi_value,417.0,6.03309,418.0,421.0,425.0,438.0,449.0,467.0,478.0,451.0,447.0,405.0,427.71,9.59,446.5,21.18,451.13,17.72,442.87,18.95,440.03,17.77,-0.0024,-0.07394,-0.13652,-0.06947,749.0,737.0,664.0,1448.0,1453.0,1454.0,666.0,669.0,684.0,0.67407,0.73867,0.99583,0.09126,180,2013-10-29,259,656.0,0.45307,train
2013-02-13,bhsi_value,414.0,6.02587,417.0,418.0,421.0,431.0,444.0,461.0,478.0,454.0,446.0,405.0,423.43,7.91,441.93,20.79,450.07,18.92,443.02,18.68,439.59,17.91,-0.00722,-0.06996,-0.14374,-0.07445,782.0,749.0,653.0,1448.0,1448.0,1461.0,668.0,666.0,682.0,0.68668,0.72696,0.99838,0.05695,180,2013-10-30,259,660.0,0.46637,train
2013-02-14,bhsi_value,412.0,6.02102,414.0,417.0,418.0,425.0,438.0,455.0,475.0,457.0,447.0,402.0,419.71,6.09,437.43,19.94,448.9,20.11,443.18,18.35,439.19,18.12,-0.00484,-0.0612,-0.14229,-0.08154,808.0,782.0,651.0,1429.0,1448.0,1466.0,664.0,668.0,681.0,0.69908,0.71504,0.99975,0.02258,180,2013-10-31,259,665.0,0.47876,train
2013-02-15,bhsi_value,412.0,6.02102,412.0,414.0,417.0,421.0,431.0,449.0,472.0,464.0,446.0,403.0,417.0,4.47,433.14,18.44,447.77,21.17,443.33,18.06,438.82,18.33,0.0,-0.04508,-0.13596,-0.0793,832.0,808.0,657.0,1434.0,1429.0,1484.0,667.0,664.0,677.0,0.71128,0.70291,0.99993,-0.01183,180,2013-11-01,259,669.0,0.48476,train
2013-02-18,bhsi_value,411.0,6.01859,412.0,412.0,414.0,418.0,425.0,444.0,467.0,470.0,443.0,405.0,415.0,3.46,429.14,16.65,446.7,22.17,443.43,17.86,438.46,18.56,-0.00243,-0.0335,-0.12774,-0.07498,845.0,832.0,695.0,1408.0,1434.0,1481.0,672.0,667.0,674.0,0.74659,0.66529,0.99339,-0.11479,180,2013-11-04,259,673.0,0.49315,train
2013-02-19,bhsi_value,411.0,6.01859,411.0,412.0,412.0,417.0,421.0,438.0,461.0,474.0,442.0,407.0,413.57,2.66,425.57,14.68,445.67,23.07,443.5,17.73,438.09,18.77,0.0,-0.02404,-0.1148,-0.07272,859.0,845.0,723.0,1377.0,1408.0,1461.0,679.0,672.0,671.0,0.75792,0.65235,0.98885,-0.14889,180,2013-11-05,259,678.0,0.50055,train
2013-02-20,bhsi_value,410.0,6.01616,411.0,411.0,412.0,414.0,418.0,431.0,455.0,477.0,443.0,409.0,412.43,2.19,422.36,12.68,444.57,23.94,443.52,17.7,437.73,18.99,-0.00244,-0.01932,-0.10414,-0.07741,875.0,859.0,737.0,1355.0,1377.0,1453.0,687.0,679.0,669.0,0.76903,0.63921,0.98315,-0.18282,180,2013-11-06,259,681.0,0.50741,train
2013-02-21,bhsi_value,411.0,6.01859,410.0,411.0,411.0,412.0,417.0,425.0,449.0,478.0,443.0,416.0,411.57,1.18,419.64,10.57,443.5,24.69,443.43,17.84,437.39,19.19,0.00244,-0.01449,-0.08843,-0.07498,892.0,875.0,749.0,1344.0,1355.0,1448.0,695.0,687.0,666.0,0.77991,0.62589,0.97628,-0.21653,180,2013-11-07,259,685.0,0.51083,train
2013-02-22,bhsi_value,412.0,6.02102,411.0,410.0,411.0,412.0,414.0,421.0,444.0,478.0,448.0,424.0,411.29,0.7,417.36,8.27,442.3,25.31,443.23,18.12,437.03,19.36,0.00243,-0.00484,-0.0748,-0.08377,909.0,892.0,782.0,1335.0,1344.0,1448.0,705.0,695.0,668.0,0.79056,0.61238,0.96825,-0.24998,180,2013-11-08,259,690.0,0.51567,train
2013-02-25,bhsi_value,414.0,6.02587,412.0,411.0,410.0,411.0,412.0,418.0,438.0,475.0,451.0,431.0,411.57,1.18,415.64,5.98,441.07,25.75,442.95,18.44,436.7,19.5,0.00484,0.00484,-0.05635,-0.0856,922.0,909.0,808.0,1323.0,1335.0,1429.0,717.0,705.0,664.0,0.8211,0.57078,0.93734,-0.34841,180,2013-11-11,259,692.0,0.51372,train
2013-02-26,bhsi_value,419.0,6.03787,414.0,412.0,411.0,411.0,412.0,417.0,431.0,472.0,454.0,434.0,412.57,2.87,414.79,4.36,439.9,25.93,442.7,18.66,436.42,19.57,0.012,0.01685,-0.02824,-0.08023,939.0,922.0,832.0,1291.0,1323.0,1434.0,724.0,717.0,667.0,0.8308,0.55658,0.9248,-0.38045,180,2013-11-12,259,693.0,0.50316,train
2013-02-27,bhsi_value,426.0,6.05444,419.0,414.0,412.0,410.0,411.0,414.0,425.0,467.0,457.0,438.0,414.71,5.39,414.86,4.53,438.87,25.85,442.5,18.78,436.23,19.59,0.01657,0.03585,0.00235,-0.07024,961.0,939.0,845.0,1264.0,1291.0,1408.0,734.0,724.0,672.0,0.84025,0.5422,0.91117,-0.41203,180,2013-11-13,259,696.0,0.49091,train
2013-02-28,bhsi_value,436.0,6.07764,426.0,419.0,414.0,411.0,411.0,412.0,421.0,461.0,464.0,442.0,418.29,8.89,415.93,6.97,437.93,25.42,442.4,18.79,436.16,19.57,0.0232,0.05905,0.03501,-0.06224,990.0,961.0,859.0,1249.0,1264.0,1377.0,745.0,734.0,679.0,0.84945,0.52767,0.89646,-0.44313,180,2013-11-14,259,699.0,0.47201,train
2013-03-01,bhsi_value,447.0,6.10256,436.0,426.0,419.0,412.0,410.0,412.0,418.0,455.0,470.0,446.0,423.57,12.61,418.0,10.63,437.17,24.78,442.42,18.8,436.19,19.59,0.02492,0.0864,0.06708,-0.05017,1036.0,990.0,875.0,1243.0,1249.0,1355.0,764.0,745.0,687.0,0.8584,0.51298,0.88068,-0.47371,180,2013-11-15,259,703.0,0.4528,train
2013-03-04,bhsi_value,454.0,6.1181,447.0,436.0,426.0,414.0,411.0,411.0,417.0,449.0,474.0,448.0,429.71,15.2,420.64,14.09,436.5,24.04,442.52,18.84,436.29,19.66,0.01554,0.0995,0.08501,-0.04311,1058.0,1036.0,892.0,1239.0,1243.0,1344.0,781.0,764.0,695.0,0.88372,0.46802,0.82719,-0.56192,180,2013-11-18,259,705.0,0.4401,train
2013-03-05,bhsi_value,466.0,6.14419,454.0,447.0,436.0,419.0,412.0,411.0,414.0,444.0,477.0,448.0,437.43,17.74,424.36,18.12,436.13,23.5,442.82,19.07,436.52,19.88,0.02609,0.12316,0.11832,-0.02333,1080.0,1058.0,909.0,1246.0,1239.0,1335.0,801.0,781.0,705.0,0.89164,0.45274,0.80737,-0.59004,180,2013-11-19,259,708.0,0.41826,train
2013-03-06,bhsi_value,472.0,6.15698,466.0,454.0,447.0,426.0,414.0,410.0,412.0,438.0,478.0,447.0,445.71,18.4,428.64,21.48,435.93,23.16,443.23,19.43,436.86,20.22,0.01279,0.13111,0.13596,-0.01263,1090.0,1080.0,922.0,1251.0,1246.0,1323.0,818.0,801.0,717.0,0.8993,0.43734,0.7866,-0.61747,180,2013-11-20,259,715.0,0.4153,train
2013-03-07,bhsi_value,478.0,6.16961,472.0,466.0,454.0,436.0,419.0,411.0,412.0,431.0,478.0,446.0,454.14,17.73,433.36,24.36,435.93,23.16,443.77,19.93,437.28,20.67,0.01263,0.13174,0.14859,0.0,1112.0,1090.0,939.0,1260.0,1251.0,1291.0,837.0,818.0,724.0,0.90669,0.42181,0.76489,-0.64416,180,2013-11-21,259,721.0,0.41103,train
2013-03-08,bhsi_value,483.0,6.18002,478.0,472.0,466.0,447.0,426.0,412.0,411.0,425.0,475.0,446.0,462.29,15.93,438.5,26.59,436.2,23.65,444.38,20.55,437.79,21.22,0.01041,0.12558,0.16142,0.0167,1124.0,1112.0,961.0,1262.0,1260.0,1264.0,852.0,837.0,734.0,0.91381,0.40615,0.74228,-0.67009,180,2013-11-22,259,728.0,0.41028,train
2013-03-11,bhsi_value,485.0,6.18415,483.0,478.0,472.0,454.0,436.0,414.0,411.0,421.0,472.0,447.0,469.29,13.41,443.79,27.92,436.63,24.41,445.02,21.2,438.36,21.78,0.00413,0.10651,0.16556,0.02717,1128.0,1124.0,990.0,1260.0,1262.0,1249.0,864.0,852.0,745.0,0.93354,0.35847,0.66929,-0.743,180,2013-11-25,259,732.0,0.41163,train
2013-03-12,bhsi_value,486.0,6.18621,485.0,483.0,478.0,466.0,447.0,419.0,410.0,418.0,467.0,447.0,474.86,10.86,449.21,28.21,437.27,25.42,445.67,21.84,438.96,22.34,0.00206,0.08365,0.17005,0.03988,1131.0,1128.0,1036.0,1314.0,1260.0,1243.0,876.0,864.0,764.0,0.93957,0.34236,0.64334,-0.76558,180,2013-11-26,259,737.0,0.41638,train
2013-03-13,bhsi_value,490.0,6.19441,486.0,485.0,483.0,472.0,454.0,426.0,411.0,417.0,461.0,447.0,480.0,7.87,454.86,27.91,438.23,26.82,446.38,22.56,439.62,22.95,0.0082,0.07631,0.17581,0.06101,1138.0,1131.0,1058.0,1314.0,1314.0,1239.0,889.0,876.0,781.0,0.94532,0.32614,0.61662,-0.78726,180,2013-11-27,259,745.0,0.41898,train
2013-03-14,bhsi_value,494.0,6.20254,490.0,486.0,485.0,478.0,466.0,436.0,412.0,414.0,455.0,444.0,484.0,6.78,460.71,26.88,439.53,28.49,447.22,23.37,440.34,23.62,0.00813,0.05835,0.18151,0.08224,1147.0,1138.0,1080.0,1302.0,1314.0,1246.0,903.0,889.0,801.0,0.95079,0.30983,0.58918,-0.808,180,2013-11-28,259,757.0,0.42683,train
2013-03-15,bhsi_value,506.0,6.22654,494.0,490.0,486.0,483.0,472.0,447.0,414.0,412.0,449.0,443.0,488.86,8.42,467.29,25.89,441.43,30.86,448.27,24.54,441.23,24.55,0.024,0.06956,0.20067,0.11951,1162.0,1147.0,1090.0,1299.0,1302.0,1251.0,913.0,903.0,818.0,0.95598,0.29343,0.56103,-0.82779,180,2013-11-29,259,764.0,0.41203,train
2013-03-18,bhsi_value,513.0,6.24028,506.0,494.0,490.0,485.0,478.0,454.0,419.0,412.0,444.0,443.0,493.86,10.6,474.0,24.65,443.73,33.43,449.43,25.89,442.24,25.58,0.01374,0.07067,0.2024,0.14445,1172.0,1162.0,1112.0,1295.0,1299.0,1260.0,925.0,913.0,837.0,0.96984,0.24373,0.47276,-0.88119,180,2013-12-02,259,771.0,0.40741,train
2013-03-19,bhsi_value,522.0,6.25767,513.0,506.0,494.0,486.0,483.0,466.0,426.0,411.0,438.0,444.0,499.43,13.33,480.86,23.68,446.53,36.23,450.73,27.49,443.39,26.79,0.01739,0.07765,0.20323,0.17545,1184.0,1172.0,1124.0,1290.0,1295.0,1262.0,937.0,925.0,852.0,0.97389,0.22701,0.44217,-0.89693,180,2013-12-03,259,776.0,0.39648,train
2013-03-20,bhsi_value,532.0,6.27664,522.0,513.0,506.0,490.0,485.0,472.0,436.0,411.0,431.0,444.0,506.14,15.95,487.71,23.6,449.9,39.2,452.2,29.38,444.68,28.2,0.01898,0.09249,0.199,0.21054,1190.0,1184.0,1128.0,1294.0,1290.0,1260.0,950.0,937.0,864.0,0.97765,0.21022,0.41105,-0.91161,180,2013-12-04,259,782.0,0.38521,train
2013-03-21,bhsi_value,539.0,6.28972,532.0,522.0,513.0,494.0,486.0,478.0,447.0,410.0,425.0,444.0,513.71,17.13,494.29,24.15,453.7,42.03,453.78,31.38,446.09,29.67,0.01307,0.10351,0.18716,0.23763,1202.0,1190.0,1131.0,1290.0,1294.0,1314.0,959.0,950.0,876.0,0.98112,0.19338,0.37945,-0.92521,180,2013-12-05,259,786.0,0.37724,train
2013-03-22,bhsi_value,542.0,6.29527,539.0,532.0,522.0,506.0,490.0,483.0,454.0,411.0,421.0,445.0,521.14,16.5,500.57,24.29,457.73,44.43,455.4,33.33,447.57,31.06,0.00555,0.10086,0.17717,0.25263,1208.0,1202.0,1138.0,1284.0,1290.0,1314.0,968.0,959.0,889.0,0.98431,0.17647,0.3474,-0.93772,180,2013-12-06,259,789.0,0.3755,train
2013-03-25,bhsi_value,543.0,6.29711,542.0,539.0,532.0,513.0,494.0,485.0,466.0,412.0,418.0,446.0,528.14,13.64,506.07,24.56,461.9,46.33,457.02,35.14,449.08,32.34,0.00184,0.09457,0.15292,0.26163,1210.0,1208.0,1147.0,1284.0,1284.0,1302.0,978.0,968.0,903.0,0.9921,0.12546,0.24894,-0.96852,180,2013-12-09,259,792.0,0.37745,train
2013-03-26,bhsi_value,545.0,6.30079,543.0,542.0,539.0,522.0,506.0,486.0,472.0,414.0,417.0,447.0,533.71,11.21,511.29,24.52,466.17,47.87,458.65,36.87,450.63,33.52,0.00368,0.07425,0.14381,0.2677,1204.0,1210.0,1162.0,1275.0,1284.0,1299.0,981.0,978.0,913.0,0.99411,0.10838,0.21548,-0.97651,180,2013-12-10,259,796.0,0.37881,train
2013-03-27,bhsi_value,547.0,6.30445,545.0,543.0,542.0,532.0,513.0,490.0,478.0,419.0,414.0,446.0,538.57,8.12,516.21,24.27,470.6,48.98,460.33,38.52,452.21,34.66,0.00366,0.06417,0.13484,0.27858,1191.0,1204.0,1172.0,1258.0,1275.0,1295.0,977.0,981.0,925.0,0.99583,0.09126,0.18176,-0.98334,180,2013-12-11,259,803.0,0.38391,train
2013-03-28,bhsi_value,547.0,6.30445,547.0,545.0,543.0,539.0,522.0,494.0,483.0,426.0,412.0,447.0,542.14,4.91,520.79,23.6,475.1,49.59,462.0,40.04,453.82,35.65,0.0,0.04678,0.12443,0.28343,1176.0,1191.0,1184.0,1249.0,1258.0,1290.0,965.0,977.0,937.0,0.99725,0.07412,0.14783,-0.98901,180,2013-12-12,259,810.0,0.39259,train
2013-04-02,bhsi_value,543.0,6.29711,547.0,547.0,545.0,542.0,532.0,506.0,485.0,436.0,412.0,446.0,543.71,2.66,524.93,21.99,479.47,49.61,463.62,41.3,455.38,36.44,-0.00734,0.02047,0.11296,0.27609,1155.0,1176.0,1190.0,1229.0,1249.0,1294.0,944.0,965.0,950.0,0.99993,-0.01183,-0.02365,-0.99972,180,2013-12-13,255,814.0,0.40485,train
2013-04-03,bhsi_value,537.0,6.286,543.0,547.0,547.0,543.0,539.0,513.0,486.0,447.0,411.0,443.0,543.43,3.2,528.57,19.3,483.67,48.96,465.18,42.26,456.84,37.03,-0.01111,-0.00372,0.09979,0.2674,1129.0,1155.0,1202.0,1209.0,1229.0,1290.0,933.0,944.0,959.0,0.99958,-0.02903,-0.05803,-0.99832,180,2013-12-16,257,817.0,0.41964,train
2013-04-04,bhsi_value,529.0,6.27099,537.0,543.0,547.0,545.0,542.0,522.0,490.0,454.0,411.0,442.0,541.57,6.02,531.36,16.08,487.6,47.69,466.63,42.93,458.2,37.42,-0.01501,-0.02428,0.07658,0.2524,1106.0,1129.0,1208.0,1209.0,1209.0,1284.0,924.0,933.0,968.0,0.99893,-0.04622,-0.09233,-0.99573,180,2013-12-17,257,821.0,0.43953,train
2013-04-05,bhsi_value,525.0,6.2634,529.0,537.0,543.0,547.0,543.0,532.0,494.0,466.0,410.0,443.0,539.0,8.28,533.57,12.52,491.43,45.88,468.0,43.46,459.49,37.7,-0.00759,-0.03371,0.06086,0.24724,1094.0,1106.0,1210.0,1215.0,1209.0,1284.0,915.0,924.0,978.0,0.99799,-0.06339,-0.12653,-0.99196,180,2013-12-18,257,820.0,0.44591,train
2013-04-08,bhsi_value,523.0,6.25958,525.0,529.0,537.0,547.0,545.0,539.0,506.0,472.0,411.0,443.0,535.86,9.49,534.79,10.44,495.17,43.69,469.33,43.89,460.68,37.99,-0.00382,-0.0412,0.03304,0.24099,1084.0,1094.0,1204.0,1223.0,1215.0,1275.0,912.0,915.0,981.0,0.99339,-0.11479,-0.22806,-0.97365,180,2013-12-19,255,818.0,0.44728,train
2013-04-09,bhsi_value,518.0,6.24998,523.0,525.0,529.0,543.0,547.0,542.0,513.0,478.0,412.0,448.0,531.71,10.04,535.14,9.75,498.7,41.03,470.5,44.24,461.72,38.26,-0.00961,-0.05447,0.0097,0.22895,1077.0,1084.0,1191.0,1236.0,1223.0,1258.0,907.0,912.0,977.0,0.99127,-0.13186,-0.26141,-0.96523,180,2013-12-20,255,811.0,0.44829,train
2013-04-10,bhsi_value,518.0,6.24998,518.0,523.0,525.0,537.0,547.0,543.0,522.0,483.0,414.0,451.0,527.57,8.78,534.86,10.18,502.17,38.01,471.62,44.58,462.69,38.57,0.0,-0.05447,-0.00769,0.22411,1080.0,1077.0,1176.0,1250.0,1236.0,1249.0,902.0,907.0,965.0,0.98885,-0.14889,-0.29446,-0.95566,180,2013-12-23,257,805.0,0.44087,train
2013-04-11,bhsi_value,521.0,6.25575,518.0,518.0,523.0,529.0,543.0,545.0,532.0,485.0,419.0,454.0,524.43,6.28,534.07,10.78,505.57,34.85,472.73,44.96,463.66,38.93,0.00577,-0.04136,-0.02089,0.21788,1095.0,1080.0,1155.0,1257.0,1250.0,1229.0,900.0,902.0,944.0,0.98615,-0.16588,-0.32716,-0.94497,180,2013-12-24,257,801.0,0.43011,train
2013-04-12,bhsi_value,526.0,6.2653,521.0,518.0,518.0,525.0,537.0,547.0,539.0,486.0,426.0,457.0,522.86,3.83,533.14,10.87,508.9,31.72,473.88,45.42,464.63,39.37,0.00955,-0.0207,-0.02441,0.21086,1112.0,1095.0,1129.0,1265.0,1257.0,1209.0,901.0,900.0,933.0,0.98315,-0.18282,-0.35947,-0.93316,180,2014-01-02,265,773.0,0.38498,train
2013-04-15,bhsi_value,528.0,6.2691,526.0,521.0,518.0,523.0,529.0,547.0,542.0,490.0,436.0,464.0,522.71,3.61,532.14,10.66,511.97,28.84,474.95,45.93,465.59,39.85,0.0038,-0.00189,-0.02617,0.19145,1125.0,1112.0,1106.0,1257.0,1265.0,1209.0,902.0,901.0,924.0,0.97241,-0.23329,-0.4537,-0.89115,180,2014-01-03,263,763.0,0.36816,train
2013-04-16,bhsi_value,531.0,6.27476,528.0,526.0,521.0,518.0,525.0,543.0,543.0,494.0,447.0,470.0,523.57,4.62,531.29,10.22,514.77,26.37,475.97,46.48,466.53,40.38,0.00567,0.01136,-0.02235,0.1722,1143.0,1125.0,1094.0,1251.0,1257.0,1215.0,902.0,902.0,915.0,0.96825,-0.24998,-0.48409,-0.87502,180,2014-01-06,265,750.0,0.34531,train
2013-04-17,bhsi_value,537.0,6.286,531.0,528.0,526.0,518.0,523.0,537.0,545.0,506.0,454.0,474.0,525.57,6.57,530.71,9.65,517.53,24.1,477.02,47.13,467.52,41.0,0.01124,0.02642,-0.01479,0.1679,1167.0,1143.0,1084.0,1245.0,1251.0,1223.0,900.0,902.0,912.0,0.96381,-0.2666,-0.5139,-0.85785,180,2014-01-07,265,744.0,0.32604,train
2013-04-18,bhsi_value,538.0,6.28786,537.0,531.0,528.0,521.0,518.0,529.0,547.0,513.0,466.0,477.0,528.43,6.99,530.07,8.8,519.93,22.38,478.03,47.77,468.52,41.6,0.00186,0.03788,-0.01659,0.14367,1180.0,1167.0,1077.0,1238.0,1245.0,1236.0,899.0,900.0,907.0,0.95908,-0.28314,-0.54311,-0.83966,180,2014-01-08,265,741.0,0.32014,train
2013-04-19,bhsi_value,539.0,6.28972,538.0,537.0,531.0,526.0,518.0,525.0,547.0,522.0,472.0,478.0,531.43,6.34,529.5,7.9,522.17,20.77,479.05,48.4,469.54,42.19,0.00186,0.03974,-0.01473,0.13274,1196.0,1180.0,1080.0,1234.0,1238.0,1250.0,898.0,899.0,902.0,0.95407,-0.29959,-0.57167,-0.82049,180,2014-01-09,265,735.0,0.31015,train
2013-04-22,bhsi_value,540.0,6.29157,539.0,538.0,537.0,528.0,521.0,523.0,543.0,532.0,478.0,478.0,534.14,5.28,529.29,7.56,524.23,19.3,480.08,49.03,470.59,42.75,0.00185,0.03582,-0.00554,0.12196,1202.0,1196.0,1095.0,1230.0,1234.0,1257.0,902.0,898.0,900.0,0.93734,-0.34841,-0.65316,-0.75722,180,2014-01-10,263,730.0,0.30148,train
2013-04-23,bhsi_value,540.0,6.29157,540.0,539.0,538.0,531.0,526.0,518.0,537.0,539.0,483.0,475.0,536.14,4.39,529.5,7.82,526.13,17.9,481.17,49.62,471.63,43.28,0.0,0.02627,0.00557,0.11155,1193.0,1202.0,1112.0,1220.0,1230.0,1265.0,902.0,902.0,901.0,0.93121,-0.36448,-0.67882,-0.7343,180,2014-01-13,265,726.0,0.29598,train
2013-04-24,bhsi_value,543.0,6.29711,540.0,540.0,539.0,537.0,528.0,518.0,529.0,542.0,485.0,472.0,538.29,3.45,530.5,8.55,528.07,16.43,482.35,50.23,472.7,43.84,0.00554,0.02801,0.02612,0.11296,1165.0,1193.0,1125.0,1214.0,1220.0,1257.0,903.0,902.0,902.0,0.9248,-0.38045,-0.70368,-0.71052,180,2014-01-14,265,725.0,0.28906,train
2013-04-25,bhsi_value,544.0,6.29895,543.0,540.0,540.0,538.0,531.0,521.0,525.0,543.0,486.0,467.0,540.14,2.36,531.86,9.06,530.0,14.68,483.63,50.8,473.78,44.39,0.00184,0.02419,0.03555,0.11274,1121.0,1165.0,1143.0,1220.0,1214.0,1251.0,905.0,903.0,902.0,0.91812,-0.3963,-0.7277,-0.68589,180,2014-01-15,265,724.0,0.28584,train
2013-04-26,bhsi_value,545.0,6.30079,544.0,543.0,540.0,539.0,537.0,526.0,523.0,545.0,490.0,461.0,541.29,2.49,533.43,9.29,531.83,12.9,485.03,51.31,474.87,44.92,0.00184,0.01479,0.0412,0.10638,1082.0,1121.0,1167.0,1246.0,1220.0,1245.0,904.0,905.0,900.0,0.91117,-0.41203,-0.75086,-0.66046,180,2014-01-16,265,722.0,0.28124,train
2013-04-29,bhsi_value,545.0,6.30079,545.0,544.0,543.0,540.0,538.0,528.0,518.0,547.0,494.0,455.0,542.29,2.37,535.36,8.67,533.53,11.03,486.53,51.73,475.99,45.39,0.0,0.01293,0.05081,0.09825,1058.0,1082.0,1180.0,1260.0,1246.0,1238.0,900.0,904.0,899.0,0.8887,-0.45849,-0.81492,-0.57958,180,2014-01-17,263,719.0,0.27708,train
2013-04-30,bhsi_value,544.0,6.29895,545.0,545.0,544.0,540.0,539.0,531.0,518.0,547.0,506.0,449.0,543.0,2.0,537.21,7.46,534.8,9.92,488.12,52.01,477.11,45.81,-0.00184,0.00923,0.04897,0.07241,1028.0,1058.0,1196.0,1273.0,1260.0,1234.0,895.0,900.0,898.0,0.88068,-0.47371,-0.83437,-0.5512,180,2014-01-20,265,719.0,0.27891,train
2013-05-01,bhsi_value,545.0,6.30079,544.0,545.0,545.0,543.0,540.0,537.0,521.0,543.0,513.0,444.0,543.71,1.67,538.93,6.18,535.87,9.21,489.8,52.19,478.24,46.21,0.00184,0.00922,0.04504,0.06051,1018.0,1028.0,1202.0,1279.0,1273.0,1230.0,888.0,895.0,902.0,0.8724,-0.48879,-0.85284,-0.52218,180,2014-01-21,265,715.0,0.2715,train
2013-05-02,bhsi_value,546.0,6.30262,545.0,544.0,545.0,544.0,540.0,538.0,526.0,537.0,522.0,438.0,544.57,0.9,540.36,5.27,536.67,9.01,491.6,52.23,479.38,46.6,0.00183,0.01105,0.03732,0.04495,1010.0,1018.0,1193.0,1322.0,1279.0,1220.0,884.0,888.0,902.0,0.86387,-0.50372,-0.87029,-0.49253,180,2014-01-22,265,715.0,0.26966,train
2013-05-03,bhsi_value,546.0,6.30262,546.0,545.0,544.0,545.0,543.0,539.0,528.0,529.0,532.0,431.0,545.0,0.76,541.64,4.19,537.13,9.12,493.52,52.08,480.51,46.97,0.0,0.00551,0.03352,0.02598,1006.0,1010.0,1165.0,1344.0,1322.0,1214.0,880.0,884.0,903.0,0.85507,-0.51851,-0.88672,-0.4623,180,2014-01-23,265,715.0,0.26966,train
2013-05-07,bhsi_value,546.0,6.30262,546.0,546.0,545.0,545.0,544.0,540.0,531.0,525.0,539.0,425.0,545.29,0.7,542.71,3.1,537.37,9.25,495.53,51.73,481.64,47.3,0.0,0.00367,0.02786,0.0129,999.0,1006.0,1121.0,1393.0,1344.0,1220.0,876.0,880.0,905.0,0.8174,-0.57607,-0.94176,-0.33629,180,2014-01-24,262,712.0,0.26546,train
2013-05-08,bhsi_value,548.0,6.30628,546.0,546.0,546.0,544.0,545.0,540.0,537.0,523.0,542.0,421.0,545.71,1.16,543.5,2.95,537.57,9.42,497.65,51.23,482.79,47.65,0.00366,0.00549,0.02028,0.01101,995.0,999.0,1082.0,1408.0,1393.0,1246.0,874.0,876.0,904.0,0.80737,-0.59004,-0.95277,-0.3037,180,2014-01-27,264,708.0,0.25617,train
2013-05-09,bhsi_value,551.0,6.31173,548.0,546.0,546.0,545.0,545.0,543.0,538.0,518.0,543.0,418.0,546.57,2.13,544.43,3.11,537.83,9.67,499.87,50.61,483.96,48.02,0.00546,0.01095,0.02388,0.01463,995.0,995.0,1058.0,1398.0,1408.0,1260.0,872.0,874.0,900.0,0.7971,-0.60385,-0.96265,-0.27074,180,2014-01-28,264,705.0,0.24646,train
2013-05-10,bhsi_value,551.0,6.31173,551.0,548.0,546.0,546.0,544.0,544.0,539.0,518.0,545.0,417.0,547.57,2.32,545.29,3.15,538.03,9.88,502.1,49.86,485.11,48.36,0.0,0.01279,0.02202,0.01095,994.0,995.0,1028.0,1382.0,1398.0,1273.0,869.0,872.0,895.0,0.7866,-0.61747,-0.9714,-0.23747,180,2014-01-29,264,700.0,0.23935,train
2013-05-13,bhsi_value,553.0,6.31536,551.0,551.0,548.0,546.0,545.0,545.0,540.0,521.0,547.0,414.0,548.71,2.71,546.21,3.36,538.23,10.12,504.42,48.93,486.3,48.7,0.00362,0.01457,0.02379,0.01091,993.0,994.0,1018.0,1370.0,1382.0,1279.0,866.0,869.0,888.0,0.7537,-0.65722,-0.99069,-0.13612,180,2014-01-30,262,691.0,0.22278,train
2013-05-14,bhsi_value,555.0,6.31897,553.0,551.0,551.0,546.0,546.0,545.0,540.0,526.0,547.0,412.0,550.0,3.21,547.29,3.59,538.5,10.45,506.8,47.84,487.5,49.05,0.00361,0.01635,0.0274,0.01452,988.0,993.0,1010.0,1360.0,1370.0,1322.0,861.0,866.0,884.0,0.74228,-0.67009,-0.99479,-0.10196,180,2014-01-31,262,684.0,0.20899,train
2013-05-15,bhsi_value,555.0,6.31897,555.0,553.0,551.0,548.0,546.0,544.0,543.0,528.0,543.0,412.0,551.29,3.15,548.14,3.89,538.9,10.83,509.18,46.61,488.71,49.35,0.0,0.01635,0.02186,0.02186,974.0,988.0,1006.0,1338.0,1360.0,1344.0,857.0,861.0,880.0,0.73064,-0.68276,-0.99771,-0.06768,180,2014-02-03,264,682.0,0.20606,train
2013-05-16,bhsi_value,554.0,6.31716,555.0,555.0,553.0,551.0,546.0,545.0,544.0,531.0,537.0,411.0,552.43,2.38,548.86,3.98,539.47,11.16,511.57,45.16,489.94,49.58,-0.0018,0.01455,0.01822,0.03117,951.0,974.0,999.0,1334.0,1338.0,1393.0,854.0,857.0,876.0,0.71879,-0.69523,-0.99944,-0.03332,180,2014-02-04,264,681.0,0.2064,train
2013-05-17,bhsi_value,553.0,6.31536,554.0,555.0,555.0,551.0,548.0,546.0,545.0,537.0,529.0,411.0,553.14,1.55,549.43,3.96,540.27,11.24,513.93,43.52,491.18,49.75,-0.00181,0.00908,0.01457,0.04437,930.0,951.0,995.0,1326.0,1334.0,1408.0,853.0,854.0,874.0,0.70673,-0.70749,-1.0,0.00108,180,2014-02-05,264,677.0,0.20231,train
2013-05-20,bhsi_value,555.0,6.31897,553.0,554.0,555.0,553.0,551.0,546.0,545.0,538.0,525.0,410.0,553.71,1.39,550.14,4.0,541.27,11.17,516.35,41.66,492.42,49.93,0.00361,0.00723,0.01818,0.05557,917.0,930.0,995.0,1317.0,1326.0,1398.0,851.0,853.0,872.0,0.66929,-0.743,-0.99457,0.1041,180,2014-02-06,262,676.0,0.19722,train
2013-05-21,bhsi_value,554.0,6.31716,555.0,553.0,554.0,555.0,551.0,546.0,544.0,539.0,523.0,411.0,554.14,0.83,550.86,3.72,542.3,10.86,518.73,39.61,493.66,50.07,-0.0018,0.00543,0.01822,0.05758,899.0,917.0,994.0,1321.0,1317.0,1382.0,852.0,851.0,869.0,0.65641,-0.7544,-0.9904,0.13825,180,2014-02-07,262,674.0,0.19607,train
2013-05-22,bhsi_value,552.0,6.31355,554.0,555.0,553.0,555.0,553.0,548.0,545.0,540.0,518.0,412.0,554.0,1.07,551.36,3.35,543.43,10.01,521.07,37.31,494.81,50.2,-0.00362,-0.00181,0.01276,0.06357,880.0,899.0,993.0,1333.0,1321.0,1370.0,851.0,852.0,866.0,0.64334,-0.76558,-0.98506,0.17224,180,2014-02-10,264,669.0,0.19224,train
2013-05-23,bhsi_value,551.0,6.31173,552.0,554.0,555.0,554.0,555.0,551.0,546.0,540.0,518.0,414.0,553.43,1.4,551.71,3.01,544.53,8.91,523.35,34.8,495.92,50.33,-0.00181,-0.00723,0.00912,0.06176,863.0,880.0,988.0,1339.0,1333.0,1360.0,853.0,851.0,861.0,0.63007,-0.77654,-0.97855,0.20602,180,2014-02-11,264,667.0,0.19106,train
2013-05-24,bhsi_value,546.0,6.30262,551.0,552.0,554.0,553.0,555.0,551.0,546.0,543.0,521.0,419.0,552.14,2.8,551.71,3.01,545.37,7.76,525.47,32.14,496.94,50.4,-0.00912,-0.01635,0.0,0.04687,854.0,863.0,974.0,1350.0,1339.0,1338.0,855.0,853.0,857.0,0.61662,-0.78726,-0.97088,0.23956,180,2014-02-12,264,665.0,0.19717,train
2013-05-28,bhsi_value,545.0,6.30079,546.0,551.0,552.0,555.0,554.0,553.0,546.0,544.0,526.0,426.0,550.86,3.6,551.64,3.15,546.0,6.88,527.45,29.51,497.92,50.47,-0.00183,-0.01638,-0.00183,0.03548,838.0,854.0,951.0,1346.0,1350.0,1334.0,857.0,855.0,854.0,0.56103,-0.82779,-0.92884,0.37048,180,2014-02-13,261,668.0,0.2035,train
2013-05-29,bhsi_value,543.0,6.29711,545.0,546.0,551.0,554.0,553.0,555.0,548.0,545.0,528.0,436.0,549.43,4.37,551.29,3.77,546.5,6.05,529.23,27.06,498.8,50.56,-0.00368,-0.01825,-0.00917,0.02801,821.0,838.0,930.0,1348.0,1346.0,1326.0,858.0,857.0,853.0,0.54671,-0.83732,-0.91555,0.40221,180,2014-02-14,261,671.0,0.21166,train
2013-05-30,bhsi_value,537.0,6.286,543.0,545.0,546.0,552.0,555.0,555.0,551.0,545.0,531.0,447.0,546.86,5.49,550.29,5.27,546.7,5.62,530.73,24.87,499.54,50.62,-0.01111,-0.03297,-0.02574,0.01124,806.0,821.0,917.0,1339.0,1348.0,1317.0,859.0,858.0,851.0,0.53223,-0.8466,-0.90117,0.43347,180,2014-02-17,263,676.0,0.23019,train
2013-05-31,bhsi_value,533.0,6.27852,537.0,543.0,545.0,551.0,554.0,554.0,551.0,544.0,537.0,454.0,543.86,6.42,549.0,6.89,546.57,5.89,532.05,22.77,500.2,50.67,-0.00748,-0.03864,-0.03321,-0.00748,795.0,806.0,899.0,1336.0,1339.0,1321.0,865.0,859.0,852.0,0.51759,-0.85563,-0.88572,0.46421,180,2014-02-18,263,677.0,0.23915,train
2013-06-03,bhsi_value,529.0,6.27099,533.0,537.0,543.0,546.0,552.0,553.0,553.0,545.0,538.0,466.0,540.57,7.25,547.29,8.48,546.27,6.51,533.1,21.09,500.78,50.7,-0.00753,-0.04256,-0.04437,-0.01687,786.0,795.0,880.0,1333.0,1336.0,1333.0,871.0,865.0,851.0,0.47276,-0.88119,-0.83318,0.553,180,2014-02-19,261,678.0,0.24816,train
2013-06-04,bhsi_value,526.0,6.2653,529.0,533.0,537.0,545.0,551.0,555.0,555.0,546.0,539.0,472.0,537.0,7.39,545.21,9.78,545.83,7.36,534.0,19.56,501.31,50.71,-0.00569,-0.04643,-0.05367,-0.02441,776.0,786.0,863.0,1338.0,1333.0,1339.0,873.0,871.0,853.0,0.45753,-0.88919,-0.81367,0.58133,180,2014-02-20,261,676.0,0.25089,train
2013-06-05,bhsi_value,521.0,6.25575,526.0,529.0,533.0,543.0,546.0,554.0,555.0,546.0,540.0,478.0,533.43,8.17,542.79,11.18,545.2,8.55,534.72,18.24,501.79,50.69,-0.00955,-0.04687,-0.06322,-0.03582,768.0,776.0,854.0,1335.0,1338.0,1350.0,877.0,873.0,855.0,0.44217,-0.89693,-0.79319,0.60897,180,2014-02-21,261,677.0,0.26192,train
2013-06-06,bhsi_value,521.0,6.25575,521.0,526.0,529.0,537.0,545.0,552.0,554.0,546.0,540.0,483.0,530.0,7.62,540.43,12.01,544.57,9.56,535.35,17.06,502.3,50.65,0.0,-0.04504,-0.06141,-0.03582,764.0,768.0,838.0,1344.0,1335.0,1346.0,880.0,877.0,857.0,0.42667,-0.90441,-0.77177,0.6359,180,2014-02-24,263,679.0,0.26487,train
2013-06-07,bhsi_value,524.0,6.26149,521.0,521.0,526.0,533.0,543.0,551.0,553.0,548.0,543.0,485.0,527.29,5.62,538.36,12.16,543.93,10.25,536.0,15.82,502.88,50.59,0.00574,-0.03562,-0.05387,-0.03562,764.0,764.0,821.0,1352.0,1344.0,1348.0,885.0,880.0,858.0,0.41105,-0.91161,-0.74944,0.66207,180,2014-02-25,263,679.0,0.25913,train
2013-06-10,bhsi_value,525.0,6.2634,524.0,521.0,521.0,529.0,537.0,546.0,555.0,551.0,544.0,486.0,525.57,3.99,536.21,11.68,543.3,10.8,536.65,14.5,503.52,50.5,0.00191,-0.0226,-0.05557,-0.03555,766.0,764.0,806.0,1359.0,1352.0,1339.0,889.0,885.0,859.0,0.36348,-0.9316,-0.67724,0.73576,180,2014-02-26,261,674.0,0.24983,train
2013-06-11,bhsi_value,525.0,6.2634,525.0,524.0,521.0,526.0,533.0,545.0,554.0,551.0,545.0,490.0,524.43,2.61,534.14,10.88,542.63,11.28,537.23,13.26,504.23,50.35,0.0,-0.01512,-0.05377,-0.03739,777.0,766.0,795.0,1379.0,1359.0,1336.0,890.0,889.0,865.0,0.3474,-0.93772,-0.65153,0.75862,180,2014-02-27,261,673.0,0.24835,train
2013-06-12,bhsi_value,525.0,6.2634,525.0,525.0,524.0,521.0,529.0,543.0,552.0,553.0,545.0,494.0,523.86,1.88,532.21,9.89,541.97,11.7,537.75,12.13,505.01,50.12,0.0,-0.00759,-0.05015,-0.03739,808.0,777.0,786.0,1427.0,1379.0,1333.0,892.0,890.0,871.0,0.33122,-0.94355,-0.62505,0.78058,180,2014-02-28,261,669.0,0.24239,train
2013-06-13,bhsi_value,528.0,6.2691,525.0,525.0,525.0,521.0,526.0,537.0,551.0,555.0,544.0,506.0,524.14,2.29,530.57,8.44,541.43,11.96,538.12,11.47,505.89,49.82,0.0057,0.0038,-0.04264,-0.02985,833.0,808.0,776.0,1484.0,1427.0,1338.0,895.0,892.0,873.0,0.31494,-0.94911,-0.59783,0.80162,180,2014-03-03,263,666.0,0.23219,train
2013-06-14,bhsi_value,533.0,6.27852,528.0,525.0,525.0,524.0,521.0,533.0,546.0,555.0,545.0,513.0,525.86,3.48,529.64,7.33,541.03,12.03,538.45,11.02,506.88,49.47,0.00943,0.02277,-0.0241,-0.02226,859.0,833.0,768.0,1537.0,1484.0,1335.0,895.0,895.0,877.0,0.29857,-0.95439,-0.5699,0.82171,180,2014-03-04,263,662.0,0.21674,train
2013-06-17,bhsi_value,539.0,6.28972,533.0,528.0,525.0,525.0,521.0,529.0,545.0,554.0,546.0,522.0,528.43,5.18,529.21,6.56,540.8,12.0,538.73,10.81,508.0,49.04,0.01119,0.03397,-0.01107,-0.0129,878.0,859.0,764.0,1588.0,1537.0,1344.0,900.0,895.0,880.0,0.24894,-0.96852,-0.48221,0.87606,180,2014-03-05,261,661.0,0.20404,train
2013-06-18,bhsi_value,544.0,6.29895,539.0,533.0,528.0,525.0,524.0,526.0,543.0,553.0,546.0,532.0,531.29,7.11,529.29,6.71,540.73,11.98,538.93,10.8,509.26,48.49,0.00923,0.03746,0.00184,-0.00367,892.0,878.0,764.0,1674.0,1588.0,1352.0,900.0,900.0,885.0,0.23224,-0.97266,-0.45179,0.89213,180,2014-03-06,261,663.0,0.19783,train
2013-06-19,bhsi_value,547.0,6.30445,544.0,539.0,533.0,525.0,525.0,521.0,537.0,555.0,546.0,539.0,534.43,8.38,530.0,7.92,540.77,11.99,539.07,10.85,510.61,47.82,0.0055,0.04105,0.01845,0.00183,909.0,892.0,766.0,1757.0,1674.0,1359.0,903.0,900.0,889.0,0.21548,-0.97651,-0.42083,0.90714,180,2014-03-07,261,663.0,0.19233,train
2013-06-20,bhsi_value,548.0,6.30628,547.0,544.0,539.0,528.0,525.0,521.0,533.0,554.0,548.0,542.0,537.71,8.55,531.07,9.17,540.77,11.99,539.17,10.9,512.02,47.02,0.00183,0.04288,0.02775,0.0,920.0,909.0,777.0,1792.0,1757.0,1379.0,909.0,903.0,890.0,0.19865,-0.98007,-0.38938,0.92108,180,2014-03-10,263,663.0,0.1905,train
2013-06-21,bhsi_value,552.0,6.31355,548.0,547.0,544.0,533.0,525.0,524.0,529.0,552.0,551.0,543.0,541.57,8.02,532.71,10.6,540.8,12.02,539.32,11.01,513.51,46.13,0.00727,0.05015,0.04256,0.00181,927.0,920.0,808.0,1822.0,1792.0,1427.0,916.0,909.0,892.0,0.18176,-0.98334,-0.35746,0.93393,180,2014-03-11,263,666.0,0.18774,train
2013-06-24,bhsi_value,552.0,6.31355,552.0,548.0,547.0,539.0,528.0,525.0,526.0,551.0,551.0,545.0,545.0,6.46,534.57,11.5,540.83,12.05,539.43,11.11,515.01,45.16,0.0,0.04445,0.04825,0.00181,937.0,927.0,833.0,1912.0,1822.0,1484.0,923.0,916.0,895.0,0.13079,-0.99141,-0.25934,0.96579,180,2014-03-12,261,668.0,0.19074,train
2013-06-25,bhsi_value,552.0,6.31355,552.0,552.0,548.0,544.0,533.0,525.0,521.0,546.0,553.0,547.0,547.71,4.56,536.79,11.66,540.8,12.02,539.52,11.18,516.54,44.03,0.0,0.03503,0.0578,-0.00181,959.0,937.0,859.0,1959.0,1912.0,1537.0,930.0,923.0,895.0,0.11372,-0.99351,-0.22596,0.97414,180,2014-03-13,261,668.0,0.19074,train
2013-06-26,bhsi_value,554.0,6.31716,552.0,552.0,552.0,547.0,539.0,525.0,521.0,545.0,555.0,547.0,549.86,3.31,539.14,11.56,540.77,11.98,539.63,11.3,518.12,42.78,0.00362,0.02745,0.06141,-0.0018,976.0,959.0,878.0,2061.0,1959.0,1588.0,937.0,930.0,900.0,0.09661,-0.99532,-0.19232,0.98133,180,2014-03-14,261,671.0,0.1916,train
2013-06-27,bhsi_value,558.0,6.32436,554.0,552.0,552.0,548.0,544.0,528.0,524.0,543.0,555.0,543.0,551.86,3.4,541.57,11.7,540.87,12.11,539.88,11.53,519.74,41.47,0.00719,0.02541,0.06287,0.00539,994.0,976.0,892.0,2120.0,2061.0,1674.0,944.0,937.0,900.0,0.07948,-0.99684,-0.15845,0.98737,180,2014-03-17,263,671.0,0.18441,train
2013-06-28,bhsi_value,564.0,6.33505,558.0,554.0,552.0,552.0,547.0,533.0,525.0,537.0,554.0,537.0,554.29,4.83,544.36,12.06,541.2,12.6,540.33,11.93,521.44,40.09,0.0107,0.03061,0.07166,0.01789,1007.0,994.0,909.0,2165.0,2120.0,1757.0,950.0,944.0,903.0,0.06232,-0.99806,-0.12439,0.99223,180,2014-03-18,263,668.0,0.16923,train
2013-07-01,bhsi_value,566.0,6.33859,564.0,558.0,554.0,552.0,548.0,539.0,525.0,533.0,553.0,529.0,556.86,5.54,547.29,11.98,541.63,13.2,540.95,12.28,523.17,38.61,0.00354,0.03232,0.0752,0.02324,1014.0,1007.0,920.0,2176.0,2165.0,1792.0,954.0,950.0,909.0,0.01075,-0.99994,-0.0215,0.99977,180,2014-03-19,261,667.0,0.1642,train
2013-07-02,bhsi_value,569.0,6.34388,566.0,564.0,558.0,552.0,552.0,544.0,525.0,529.0,555.0,525.0,559.29,6.52,550.43,11.48,542.1,13.9,541.68,12.62,524.93,37.0,0.00529,0.03033,0.08048,0.02491,1016.0,1014.0,927.0,2134.0,2176.0,1822.0,954.0,954.0,916.0,-0.00645,-0.99998,0.0129,0.99992,180,2014-03-20,261,671.0,0.16489,train
2013-07-03,bhsi_value,569.0,6.34388,569.0,566.0,564.0,554.0,552.0,547.0,528.0,526.0,554.0,523.0,561.71,6.52,553.36,10.58,542.6,14.57,542.45,12.85,526.69,35.26,0.0,0.03033,0.07478,0.02672,1017.0,1016.0,937.0,2020.0,2134.0,1912.0,952.0,954.0,923.0,-0.02365,-0.99972,0.04729,0.99888,180,2014-03-21,261,674.0,0.16935,train
2013-07-04,bhsi_value,568.0,6.34212,569.0,569.0,566.0,558.0,552.0,548.0,533.0,521.0,552.0,518.0,564.0,5.42,555.86,9.56,543.13,15.18,543.28,12.86,528.42,33.36,-0.00176,0.02857,0.0636,0.02857,1012.0,1017.0,959.0,1936.0,2020.0,1959.0,943.0,952.0,930.0,-0.04084,-0.99917,0.08162,0.99666,180,2014-03-24,263,676.0,0.17407,train
2013-07-05,bhsi_value,568.0,6.34212,568.0,569.0,569.0,564.0,554.0,552.0,539.0,521.0,551.0,518.0,566.0,3.66,557.93,8.8,543.7,15.77,544.12,12.82,530.13,31.34,0.0,0.02496,0.05241,0.03039,1008.0,1012.0,976.0,1929.0,1936.0,2061.0,932.0,943.0,937.0,-0.05803,-0.99832,0.11586,0.99327,180,2014-03-25,263,676.0,0.17407,train
2013-07-08,bhsi_value,568.0,6.34212,568.0,568.0,569.0,566.0,558.0,552.0,544.0,524.0,546.0,521.0,567.43,1.68,559.64,8.23,544.43,16.36,544.9,12.81,531.79,29.29,0.0,0.01776,0.04317,0.0395,1002.0,1008.0,994.0,1977.0,1929.0,2120.0,924.0,932.0,944.0,-0.10945,-0.99399,0.21758,0.97604,180,2014-03-26,261,672.0,0.16814,train
2013-07-09,bhsi_value,566.0,6.33859,568.0,568.0,568.0,569.0,564.0,552.0,547.0,525.0,545.0,526.0,567.71,1.16,561.0,7.58,545.13,16.82,545.57,12.85,533.34,27.28,-0.00353,0.00354,0.03415,0.03781,1006.0,1002.0,1007.0,2012.0,1977.0,2165.0,920.0,924.0,950.0,-0.12653,-0.99196,0.25102,0.96798,180,2014-03-27,261,659.0,0.15213,train
2013-07-10,bhsi_value,564.0,6.33505,566.0,568.0,568.0,569.0,566.0,554.0,548.0,525.0,543.0,528.0,567.43,1.68,562.14,6.69,545.83,17.15,546.17,12.86,534.77,25.44,-0.00354,-0.00354,0.02878,0.03794,1024.0,1006.0,1014.0,2037.0,2012.0,2176.0,911.0,920.0,954.0,-0.14357,-0.98964,0.28417,0.95877,180,2014-03-28,261,649.0,0.14038,train
2013-07-11,bhsi_value,561.0,6.32972,564.0,566.0,568.0,568.0,569.0,558.0,552.0,525.0,537.0,531.0,566.29,2.66,562.79,6.08,546.63,17.28,546.67,12.84,536.03,23.83,-0.00533,-0.01416,0.01617,0.04372,1062.0,1024.0,1016.0,2047.0,2037.0,2134.0,904.0,911.0,954.0,-0.16057,-0.98702,0.31698,0.94843,180,2014-03-31,263,642.0,0.13487,train
2013-07-12,bhsi_value,561.0,6.32972,561.0,564.0,566.0,568.0,569.0,564.0,552.0,528.0,533.0,537.0,565.14,2.95,563.43,5.34,547.57,17.27,547.07,12.91,537.22,22.33,0.0,-0.01416,0.01617,0.0512,1097.0,1062.0,1017.0,2058.0,2047.0,2020.0,901.0,904.0,952.0,-0.17753,-0.98412,0.34942,0.93697,180,2014-04-01,263,632.0,0.11917,train
2013-07-15,bhsi_value,560.0,6.32794,561.0,561.0,564.0,568.0,568.0,566.0,552.0,533.0,529.0,538.0,564.0,3.16,564.0,4.44,548.6,17.05,547.43,12.96,538.27,21.14,-0.00178,-0.01418,0.01439,0.05695,1118.0,1097.0,1012.0,2052.0,2058.0,1936.0,897.0,901.0,943.0,-0.22806,-0.97365,0.4441,0.89598,180,2014-04-02,261,621.0,0.10339,train
2013-07-16,bhsi_value,559.0,6.32615,560.0,561.0,561.0,566.0,568.0,569.0,554.0,539.0,526.0,539.0,562.71,3.1,564.36,3.77,549.7,16.62,547.77,13.0,539.23,20.05,-0.00179,-0.01597,0.00898,0.06085,1136.0,1118.0,1008.0,2044.0,2052.0,1929.0,894.0,897.0,932.0,-0.24477,-0.96958,0.47465,0.88017,180,2014-04-03,261,610.0,0.08731,train
2013-07-17,bhsi_value,556.0,6.32077,559.0,560.0,561.0,564.0,568.0,569.0,558.0,544.0,521.0,540.0,561.0,3.02,564.21,4.04,550.87,15.77,548.03,13.0,540.1,19.04,-0.00538,-0.02135,-0.00359,0.06502,1153.0,1136.0,1002.0,2034.0,2044.0,1977.0,895.0,894.0,924.0,-0.26141,-0.96523,0.50465,0.86333,180,2014-04-04,261,598.0,0.07282,train
2013-07-18,bhsi_value,550.0,6.30992,556.0,559.0,560.0,561.0,566.0,568.0,564.0,547.0,521.0,540.0,558.71,4.2,563.21,5.45,551.83,14.77,548.2,12.96,540.84,18.08,-0.01085,-0.02868,-0.02514,0.05417,1165.0,1153.0,1006.0,2006.0,2034.0,2012.0,894.0,895.0,920.0,-0.27798,-0.96059,0.53405,0.84546,180,2014-04-07,263,588.0,0.06681,train
2013-07-19,bhsi_value,544.0,6.29895,550.0,556.0,559.0,561.0,564.0,568.0,566.0,548.0,524.0,543.0,555.86,6.03,561.64,7.29,552.5,13.92,548.22,12.95,541.5,17.09,-0.01097,-0.03611,-0.03964,0.03746,1172.0,1165.0,1024.0,1987.0,2006.0,2037.0,897.0,894.0,911.0,-0.29446,-0.95566,0.56281,0.82658,180,2014-04-08,263,580.0,0.06408,train
2013-07-22,bhsi_value,541.0,6.29342,544.0,550.0,556.0,560.0,561.0,568.0,569.0,552.0,525.0,544.0,553.0,7.48,559.64,8.7,553.03,13.14,548.17,12.97,542.11,16.04,-0.00553,-0.0363,-0.05046,0.03002,1170.0,1172.0,1062.0,1978.0,1987.0,2047.0,898.0,897.0,904.0,-0.34337,-0.9392,0.64498,0.7642,180,2014-04-09,261,571.0,0.05397,train
2013-07-23,bhsi_value,539.0,6.28972,541.0,544.0,550.0,559.0,561.0,566.0,569.0,552.0,525.0,545.0,549.86,8.06,557.5,9.76,553.5,12.37,548.07,13.02,542.66,15.07,-0.0037,-0.04001,-0.05416,0.02632,1159.0,1170.0,1097.0,1956.0,1978.0,2058.0,902.0,898.0,901.0,-0.35947,-0.93316,0.67089,0.74156,180,2014-04-10,261,562.0,0.04179,train
2013-07-24,bhsi_value,539.0,6.28972,539.0,541.0,544.0,556.0,560.0,564.0,568.0,552.0,525.0,545.0,546.86,7.62,555.43,10.37,553.97,11.52,547.97,13.07,543.16,14.17,0.0,-0.03822,-0.05241,0.02632,1145.0,1159.0,1118.0,1936.0,1956.0,2052.0,907.0,902.0,897.0,-0.37547,-0.92683,0.696,0.71804,180,2014-04-11,261,556.0,0.03105,train
2013-07-25,bhsi_value,535.0,6.28227,539.0,539.0,541.0,550.0,559.0,561.0,568.0,554.0,528.0,544.0,543.43,6.74,553.07,10.98,554.2,11.05,547.82,13.16,543.48,13.64,-0.00745,-0.04388,-0.05985,0.01317,1123.0,1145.0,1136.0,1890.0,1936.0,2044.0,914.0,907.0,894.0,-0.39136,-0.92024,0.72029,0.69368,180,2014-04-14,263,549.0,0.02583,train
2013-07-26,bhsi_value,534.0,6.2804,535.0,539.0,539.0,544.0,556.0,561.0,568.0,558.0,533.0,545.0,540.29,5.06,550.64,11.17,554.23,10.99,547.63,13.28,543.71,13.29,-0.00187,-0.04037,-0.06173,0.00187,1104.0,1123.0,1153.0,1873.0,1890.0,2034.0,917.0,914.0,895.0,-0.40713,-0.91337,0.74372,0.66849,180,2014-04-15,263,543.0,0.01671,train
2013-07-29,bhsi_value,534.0,6.2804,534.0,535.0,539.0,541.0,550.0,560.0,566.0,564.0,539.0,546.0,538.0,3.55,548.36,11.06,554.07,11.25,547.43,13.39,543.84,13.13,0.0,-0.02952,-0.0582,-0.00932,1090.0,1104.0,1165.0,1864.0,1873.0,2006.0,917.0,917.0,894.0,-0.4537,-0.89115,0.80864,0.58831,180,2014-04-16,261,536.0,0.00374,train
2013-07-30,bhsi_value,532.0,6.27664,534.0,534.0,535.0,539.0,544.0,559.0,564.0,566.0,544.0,546.0,536.29,3.1,546.07,10.9,553.67,11.8,547.2,13.53,543.84,13.13,-0.00375,-0.02231,-0.05841,-0.02231,1075.0,1090.0,1172.0,1856.0,1864.0,1987.0,919.0,917.0,897.0,-0.46897,-0.88322,0.8284,0.56014,180,2014-04-17,261,533.0,0.00188,train
2013-07-31,bhsi_value,531.0,6.27476,532.0,534.0,534.0,539.0,541.0,556.0,561.0,569.0,547.0,546.0,534.86,2.9,543.93,10.7,553.13,12.44,546.95,13.69,543.76,13.19,-0.00188,-0.01866,-0.05496,-0.02969,1057.0,1075.0,1170.0,1881.0,1856.0,1978.0,916.0,919.0,898.0,-0.48409,-0.87502,0.84717,0.53132,180,2014-04-22,265,528.0,-0.00567,train
2013-08-01,bhsi_value,530.0,6.27288,531.0,532.0,534.0,535.0,539.0,550.0,561.0,569.0,548.0,548.0,533.57,2.77,541.71,10.13,552.53,13.09,546.65,13.86,543.62,13.27,-0.00189,-0.01684,-0.05684,-0.0334,1041.0,1057.0,1159.0,1935.0,1881.0,1956.0,912.0,916.0,902.0,-0.49907,-0.86656,0.86495,0.50186,180,2014-04-23,265,524.0,-0.01139,train
2013-08-02,bhsi_value,529.0,6.27099,530.0,531.0,532.0,534.0,539.0,544.0,560.0,568.0,552.0,551.0,532.14,2.1,539.5,9.24,551.77,13.75,546.28,14.03,543.47,13.35,-0.00189,-0.01873,-0.05695,-0.04256,1021.0,1041.0,1145.0,1950.0,1935.0,1936.0,909.0,912.0,907.0,-0.5139,-0.85785,0.8817,0.47181,180,2014-04-24,265,520.0,-0.01716,train
2013-08-05,bhsi_value,527.0,6.2672,529.0,530.0,531.0,534.0,535.0,541.0,559.0,568.0,552.0,551.0,531.0,2.39,537.21,8.01,550.93,14.45,545.88,14.23,543.27,13.46,-0.00379,-0.01507,-0.05895,-0.04635,1009.0,1021.0,1123.0,1939.0,1950.0,1890.0,908.0,909.0,914.0,-0.55747,-0.8302,0.92562,0.37846,180,2014-04-25,263,517.0,-0.01916,train
2013-08-06,bhsi_value,526.0,6.2653,527.0,529.0,530.0,532.0,534.0,539.0,556.0,568.0,552.0,553.0,529.86,2.59,535.07,6.58,550.07,15.13,545.43,14.43,543.03,13.58,-0.0019,-0.01509,-0.05547,-0.04825,992.0,1009.0,1104.0,1907.0,1939.0,1873.0,908.0,908.0,917.0,-0.57167,-0.82049,0.93809,0.34639,180,2014-04-28,265,517.0,-0.01726,train
2013-08-07,bhsi_value,525.0,6.2634,526.0,527.0,529.0,531.0,534.0,539.0,550.0,566.0,554.0,555.0,528.57,2.44,533.29,5.61,549.1,15.76,544.93,14.6,542.79,13.7,-0.0019,-0.017,-0.04652,-0.05377,977.0,992.0,1090.0,1853.0,1907.0,1864.0,907.0,908.0,917.0,-0.5857,-0.81053,0.94945,0.31392,180,2014-04-29,265,515.0,-0.01923,train
2013-08-08,bhsi_value,522.0,6.25767,525.0,526.0,527.0,530.0,532.0,535.0,544.0,564.0,558.0,555.0,527.14,2.9,531.71,5.47,547.9,16.39,544.38,14.83,542.56,13.87,-0.00573,-0.01898,-0.04128,-0.06669,962.0,977.0,1075.0,1829.0,1853.0,1856.0,911.0,907.0,919.0,-0.59955,-0.80034,0.95969,0.28108,180,2014-04-30,265,513.0,-0.01739,train
2013-08-09,bhsi_value,521.0,6.25575,522.0,525.0,526.0,529.0,531.0,534.0,541.0,561.0,564.0,554.0,525.71,3.1,530.29,5.47,546.47,16.8,543.83,15.08,542.38,14.05,-0.00192,-0.01901,-0.03767,-0.0793,948.0,962.0,1057.0,1813.0,1829.0,1881.0,913.0,911.0,916.0,-0.61323,-0.7899,0.96879,0.2479,180,2014-05-01,265,514.0,-0.01353,train
2013-08-12,bhsi_value,518.0,6.24998,521.0,522.0,525.0,527.0,530.0,534.0,539.0,561.0,566.0,553.0,524.0,3.55,528.79,5.75,544.87,17.14,543.25,15.39,542.26,14.21,-0.00577,-0.0229,-0.03974,-0.08862,940.0,948.0,1041.0,1805.0,1813.0,1935.0,911.0,913.0,912.0,-0.65316,-0.75722,0.98917,0.14676,180,2014-05-02,263,510.0,-0.01556,train
2013-08-13,bhsi_value,516.0,6.24611,518.0,521.0,522.0,526.0,529.0,532.0,539.0,560.0,569.0,555.0,522.14,3.83,527.14,5.88,543.1,17.29,542.6,15.7,542.16,14.36,-0.00387,-0.02488,-0.04361,-0.09777,933.0,940.0,1021.0,1846.0,1805.0,1950.0,910.0,911.0,909.0,-0.66609,-0.74587,0.99363,0.11265,180,2014-05-06,266,510.0,-0.0117,train
2013-08-14,bhsi_value,518.0,6.24998,516.0,518.0,521.0,525.0,527.0,531.0,535.0,559.0,569.0,554.0,520.86,3.48,525.93,5.89,541.4,17.17,542.0,15.94,542.1,14.44,0.00387,-0.01723,-0.03229,-0.09391,928.0,933.0,1009.0,2021.0,1846.0,1939.0,909.0,910.0,908.0,-0.67882,-0.7343,0.99692,0.07841,180,2014-05-07,266,509.0,-0.01753,train
2013-08-15,bhsi_value,517.0,6.24804,518.0,516.0,518.0,522.0,526.0,530.0,534.0,556.0,568.0,552.0,519.57,2.97,524.71,5.85,539.7,16.98,541.42,16.2,542.09,14.46,-0.00193,-0.01726,-0.03235,-0.09408,926.0,928.0,992.0,2099.0,2021.0,1907.0,910.0,909.0,908.0,-0.69135,-0.72252,0.99903,0.04407,180,2014-05-08,266,508.0,-0.01756,train
2013-08-16,bhsi_value,517.0,6.24804,517.0,518.0,516.0,521.0,525.0,529.0,534.0,550.0,568.0,551.0,518.43,2.06,523.5,5.55,538.0,16.61,540.85,16.44,542.08,14.48,0.0,-0.01536,-0.03235,-0.09408,923.0,926.0,977.0,2112.0,2099.0,1853.0,913.0,910.0,907.0,-0.70368,-0.71052,0.99995,0.00968,180,2014-05-09,266,506.0,-0.02151,train
2013-08-19,bhsi_value,519.0,6.2519,517.0,517.0,518.0,518.0,522.0,527.0,532.0,544.0,568.0,546.0,518.0,1.51,522.57,5.12,536.37,15.97,540.4,16.67,542.06,14.52,0.00386,-0.00576,-0.02474,-0.09022,917.0,923.0,962.0,2140.0,2112.0,1829.0,916.0,913.0,911.0,-0.73939,-0.67327,0.99563,-0.0934,180,2014-05-12,266,504.0,-0.02933,train
2013-08-20,bhsi_value,520.0,6.25383,519.0,517.0,517.0,516.0,521.0,526.0,531.0,541.0,566.0,545.0,517.86,1.25,521.79,4.59,534.83,15.25,539.98,16.86,541.99,14.6,0.00192,-0.00192,-0.02093,-0.08477,912.0,917.0,948.0,2218.0,2140.0,1813.0,917.0,916.0,913.0,-0.75086,-0.66046,0.99183,-0.12759,180,2014-05-13,266,502.0,-0.03523,train
2013-08-21,bhsi_value,522.0,6.25767,520.0,519.0,517.0,518.0,518.0,525.0,530.0,539.0,564.0,543.0,518.43,1.92,521.21,3.99,533.43,14.41,539.63,17.01,541.92,14.68,0.00384,0.00769,-0.01521,-0.07739,905.0,912.0,940.0,2268.0,2218.0,1805.0,919.0,917.0,911.0,-0.76211,-0.64744,0.98685,-0.16164,180,2014-05-14,266,497.0,-0.04908,train
2013-08-22,bhsi_value,525.0,6.2634,522.0,520.0,519.0,517.0,516.0,522.0,529.0,539.0,561.0,537.0,519.71,2.71,520.93,3.53,532.23,13.54,539.43,17.11,541.86,14.74,0.00573,0.01729,-0.00759,-0.06632,904.0,905.0,933.0,2284.0,2268.0,1846.0,920.0,919.0,910.0,-0.77314,-0.63424,0.98071,-0.19549,180,2014-05-15,266,490.0,-0.06899,train
2013-08-23,bhsi_value,528.0,6.2691,525.0,522.0,520.0,517.0,518.0,521.0,527.0,535.0,561.0,533.0,521.14,3.83,521.0,3.66,531.13,12.45,539.35,17.15,541.76,14.81,0.0057,0.01912,0.0019,-0.06062,903.0,904.0,928.0,2312.0,2284.0,2021.0,925.0,920.0,909.0,-0.78393,-0.62084,0.9734,-0.2291,180,2014-05-16,266,485.0,-0.08495,train
2013-08-27,bhsi_value,531.0,6.27476,528.0,525.0,522.0,519.0,517.0,518.0,526.0,534.0,560.0,529.0,523.14,4.7,521.36,4.32,530.17,11.24,539.38,17.13,541.68,14.84,0.00567,0.02672,0.00946,-0.05317,904.0,903.0,926.0,2335.0,2312.0,2099.0,927.0,925.0,910.0,-0.82477,-0.56548,0.93277,-0.36047,180,2014-05-19,265,483.0,-0.09475,train
2013-08-28,bhsi_value,531.0,6.27476,531.0,528.0,525.0,520.0,517.0,516.0,525.0,534.0,559.0,526.0,525.14,4.64,521.79,4.92,529.23,9.89,539.47,17.08,541.59,14.88,0.0,0.02672,0.01136,-0.05139,901.0,904.0,923.0,2284.0,2335.0,2112.0,929.0,927.0,913.0,-0.83437,-0.5512,0.91982,-0.39235,180,2014-05-20,265,482.0,-0.09682,train
2013-08-29,bhsi_value,530.0,6.27288,531.0,531.0,528.0,522.0,519.0,518.0,522.0,532.0,556.0,521.0,526.71,4.13,522.36,5.35,528.37,8.55,539.62,16.96,541.48,14.93,-0.00189,0.02097,0.01521,-0.04789,904.0,901.0,917.0,2256.0,2284.0,2140.0,934.0,929.0,916.0,-0.84373,-0.53677,0.90578,-0.42375,180,2014-05-21,265,480.0,-0.09909,train
2013-08-30,bhsi_value,531.0,6.27476,530.0,531.0,531.0,525.0,520.0,517.0,521.0,531.0,550.0,521.0,528.29,3.28,523.07,5.78,527.73,7.58,539.78,16.82,541.38,14.97,0.00189,0.02093,0.01901,-0.03516,907.0,904.0,912.0,2243.0,2256.0,2218.0,937.0,934.0,917.0,-0.85284,-0.52218,0.89066,-0.45466,180,2014-05-22,265,480.0,-0.10098,train
2013-09-02,bhsi_value,534.0,6.2804,531.0,530.0,531.0,528.0,522.0,517.0,518.0,530.0,544.0,524.0,530.0,2.62,524.21,6.22,527.4,7.06,539.95,16.71,541.28,14.99,0.00563,0.02273,0.03042,-0.01855,912.0,907.0,905.0,2263.0,2243.0,2268.0,939.0,937.0,919.0,-0.87864,-0.47749,0.83908,-0.54401,180,2014-05-23,263,480.0,-0.10661,train
2013-09-03,bhsi_value,534.0,6.2804,534.0,531.0,530.0,531.0,525.0,519.0,516.0,529.0,541.0,525.0,531.29,1.98,525.5,6.25,527.17,6.71,540.1,16.62,541.17,15.01,0.0,0.017,0.03429,-0.01302,921.0,912.0,904.0,2344.0,2263.0,2284.0,939.0,939.0,920.0,-0.88672,-0.4623,0.81987,-0.57255,180,2014-05-27,266,481.0,-0.10453,train
2013-09-04,bhsi_value,535.0,6.28227,534.0,534.0,531.0,531.0,528.0,520.0,518.0,527.0,539.0,525.0,532.29,1.83,526.71,6.33,527.03,6.51,540.27,16.52,541.06,15.02,0.00187,0.01317,0.03229,-0.00745,933.0,921.0,903.0,2445.0,2344.0,2312.0,939.0,939.0,925.0,-0.89454,-0.44698,0.79969,-0.60041,180,2014-05-28,266,481.0,-0.1064,train
2013-09-05,bhsi_value,534.0,6.2804,535.0,534.0,534.0,530.0,531.0,522.0,517.0,526.0,539.0,525.0,532.71,1.83,527.93,5.97,526.87,6.26,540.42,16.42,540.93,15.03,-0.00187,0.00563,0.03235,-0.00932,961.0,933.0,904.0,2660.0,2445.0,2335.0,943.0,939.0,927.0,-0.9021,-0.43153,0.77856,-0.62756,180,2014-05-29,266,484.0,-0.09831,train
2013-09-06,bhsi_value,537.0,6.286,534.0,535.0,534.0,531.0,531.0,525.0,517.0,525.0,535.0,528.0,533.57,2.19,529.36,5.56,526.93,6.36,540.57,16.34,540.86,15.03,0.0056,0.01124,0.03796,0.00373,1020.0,961.0,901.0,2799.0,2660.0,2284.0,952.0,943.0,929.0,-0.90939,-0.41595,0.75652,-0.65397,180,2014-05-30,266,485.0,-0.10185,train
2013-09-09,bhsi_value,540.0,6.29157,537.0,534.0,535.0,534.0,530.0,528.0,519.0,522.0,534.0,533.0,535.0,2.62,530.86,5.4,527.13,6.66,540.68,16.31,540.8,15.02,0.00557,0.01869,0.03967,0.01117,1105.0,1020.0,904.0,3113.0,2799.0,2256.0,959.0,952.0,934.0,-0.92963,-0.36848,0.68511,-0.72844,180,2014-06-02,266,485.0,-0.10742,train
2013-09-10,bhsi_value,542.0,6.29527,540.0,537.0,534.0,534.0,531.0,531.0,520.0,521.0,534.0,539.0,536.57,3.02,532.43,5.21,527.4,7.08,540.73,16.31,540.76,15.01,0.0037,0.0205,0.04144,0.01487,1186.0,1105.0,907.0,3255.0,3113.0,2243.0,965.0,959.0,937.0,-0.93583,-0.35244,0.65965,-0.75157,180,2014-06-03,266,485.0,-0.11112,train
2013-09-11,bhsi_value,543.0,6.29711,542.0,540.0,537.0,535.0,534.0,531.0,522.0,518.0,532.0,544.0,537.86,3.52,533.93,5.01,527.77,7.57,540.72,16.31,540.72,15.01,0.00184,0.01671,0.03944,0.02047,1241.0,1186.0,912.0,3431.0,3255.0,2263.0,958.0,965.0,939.0,-0.94176,-0.33629,0.63341,-0.77382,180,2014-06-04,266,484.0,-0.11502,train
2013-09-12,bhsi_value,545.0,6.30079,543.0,542.0,540.0,534.0,534.0,530.0,525.0,516.0,531.0,547.0,539.43,3.89,535.36,5.11,528.23,8.17,540.68,16.3,540.71,15.0,0.00368,0.02039,0.03739,0.02602,1278.0,1241.0,921.0,3397.0,3431.0,2344.0,954.0,958.0,939.0,-0.9474,-0.32004,0.60641,-0.79515,180,2014-06-05,266,482.0,-0.12284,train
2013-09-13,bhsi_value,544.0,6.29895,545.0,543.0,542.0,537.0,535.0,531.0,528.0,518.0,530.0,548.0,540.71,3.69,536.5,5.12,528.7,8.64,540.62,16.28,540.67,14.99,-0.00184,0.01668,0.02985,0.02607,1306.0,1278.0,933.0,3446.0,3397.0,2445.0,946.0,954.0,939.0,-0.95277,-0.3037,0.5787,-0.81554,180,2014-06-06,266,481.0,-0.12308,train
2013-09-16,bhsi_value,547.0,6.30445,544.0,545.0,543.0,540.0,534.0,534.0,531.0,517.0,529.0,552.0,542.57,3.06,537.64,5.54,529.3,9.25,540.53,16.23,540.62,14.96,0.0055,0.02405,0.02969,0.03346,1321.0,1306.0,961.0,3480.0,3446.0,2660.0,940.0,946.0,943.0,-0.96717,-0.25414,0.4916,-0.87082,180,2014-06-09,266,478.0,-0.13484,train
2013-09-17,bhsi_value,548.0,6.30628,547.0,544.0,545.0,542.0,537.0,534.0,531.0,517.0,527.0,552.0,544.14,2.59,538.86,5.8,530.0,9.82,540.47,16.19,540.59,14.94,0.00183,0.02028,0.03151,0.03907,1349.0,1321.0,1020.0,3691.0,3480.0,2799.0,936.0,940.0,952.0,-0.9714,-0.23747,0.46135,-0.88722,180,2014-06-10,266,475.0,-0.14296,train
2013-09-18,bhsi_value,549.0,6.3081,548.0,547.0,544.0,543.0,540.0,535.0,530.0,519.0,526.0,552.0,545.43,2.44,540.21,5.8,530.77,10.36,540.42,16.16,540.54,14.91,0.00182,0.01653,0.03522,0.0428,1385.0,1349.0,1105.0,3838.0,3691.0,3113.0,934.0,936.0,959.0,-0.97534,-0.22072,0.43056,-0.90256,180,2014-06-11,266,469.0,-0.1575,train
2013-09-19,bhsi_value,554.0,6.31716,549.0,548.0,547.0,545.0,542.0,534.0,531.0,520.0,525.0,554.0,547.14,3.44,541.86,6.2,531.73,11.11,540.42,16.16,540.53,14.9,0.00907,0.0219,0.0424,0.05377,1415.0,1385.0,1186.0,3924.0,3838.0,3255.0,942.0,934.0,965.0,-0.97899,-0.20391,0.39926,-0.91684,180,2014-06-12,266,465.0,-0.17513,train
2013-09-20,bhsi_value,558.0,6.32436,554.0,549.0,548.0,544.0,543.0,537.0,534.0,522.0,522.0,558.0,549.29,4.65,543.57,7.05,532.93,11.9,540.42,16.16,540.57,14.94,0.00719,0.02725,0.04396,0.06669,1453.0,1415.0,1241.0,4018.0,3924.0,3431.0,951.0,942.0,958.0,-0.98235,-0.18704,0.36748,-0.93003,180,2014-06-13,266,459.0,-0.19531,train
2013-09-23,bhsi_value,561.0,6.32972,558.0,554.0,549.0,547.0,545.0,540.0,534.0,525.0,521.0,564.0,551.57,5.78,545.5,7.82,534.27,12.71,540.37,16.09,540.64,15.02,0.00536,0.02894,0.04933,0.07397,1509.0,1453.0,1278.0,4111.0,4018.0,3397.0,964.0,951.0,954.0,-0.99069,-0.13612,0.26971,-0.96294,180,2014-06-16,266,450.0,-0.22047,train
2013-09-24,bhsi_value,567.0,6.34036,561.0,558.0,554.0,548.0,544.0,542.0,535.0,528.0,518.0,566.0,554.86,6.96,547.79,9.0,535.9,13.63,540.38,16.12,540.8,15.22,0.01064,0.04141,0.05809,0.09038,1602.0,1509.0,1306.0,4253.0,4111.0,3446.0,971.0,964.0,946.0,-0.99289,-0.11906,0.23642,-0.97165,180,2014-06-17,266,446.0,-0.24004,train
2013-09-25,bhsi_value,576.0,6.35611,567.0,561.0,558.0,549.0,547.0,543.0,534.0,531.0,516.0,569.0,559.0,9.29,550.79,10.74,537.9,14.9,540.5,16.35,541.03,15.59,0.01575,0.05166,0.07571,0.11,1745.0,1602.0,1321.0,4329.0,4253.0,3480.0,986.0,971.0,940.0,-0.99479,-0.10196,0.20286,-0.97921,180,2014-06-18,266,443.0,-0.26254,train
2013-09-26,bhsi_value,585.0,6.37161,576.0,567.0,561.0,554.0,548.0,545.0,537.0,531.0,518.0,569.0,564.29,11.73,554.21,13.18,540.13,16.67,540.77,16.93,541.38,16.21,0.0155,0.06534,0.08561,0.12164,1794.0,1745.0,1349.0,4193.0,4329.0,3691.0,1012.0,986.0,936.0,-0.9964,-0.08483,0.16906,-0.98561,180,2014-06-19,266,442.0,-0.2803,train
2013-09-27,bhsi_value,594.0,6.38688,585.0,576.0,567.0,558.0,549.0,544.0,540.0,530.0,517.0,568.0,570.71,13.75,558.07,16.04,542.7,18.71,541.2,17.93,541.84,17.09,0.01527,0.07878,0.09531,0.13884,1800.0,1794.0,1385.0,3967.0,4193.0,3838.0,1046.0,1012.0,934.0,-0.99771,-0.06768,0.13506,-0.99084,180,2014-06-20,266,441.0,-0.29783,train
2013-09-30,bhsi_value,597.0,6.39192,594.0,585.0,576.0,561.0,554.0,547.0,542.0,531.0,517.0,568.0,576.86,14.5,562.0,18.21,545.37,20.48,541.68,19.0,542.36,18.02,0.00504,0.07475,0.09665,0.14387,1795.0,1800.0,1415.0,3853.0,3967.0,3924.0,1069.0,1046.0,942.0,-0.99987,-0.01613,0.03225,-0.99948,180,2014-06-23,266,440.0,-0.30514,train
2013-10-01,bhsi_value,597.0,6.39192,597.0,594.0,585.0,567.0,558.0,548.0,543.0,534.0,519.0,568.0,582.43,13.65,565.86,19.46,547.97,21.87,542.17,20.01,542.92,18.9,0.0,0.06756,0.09481,0.14001,1786.0,1795.0,1453.0,3816.0,3853.0,4018.0,1079.0,1069.0,951.0,-1.0,0.00108,-0.00215,-1.0,180,2014-06-24,266,438.0,-0.3097,train
2013-10-02,bhsi_value,599.0,6.39526,597.0,597.0,594.0,576.0,561.0,549.0,545.0,534.0,520.0,566.0,587.86,11.42,569.71,20.27,550.6,23.07,542.72,21.08,543.52,19.79,0.00334,0.06554,0.09448,0.14143,1813.0,1786.0,1509.0,3810.0,3816.0,4111.0,1087.0,1079.0,964.0,-0.99983,0.01828,-0.03655,-0.99933,180,2014-06-25,266,433.0,-0.32452,train
2013-10-03,bhsi_value,602.0,6.40026,599.0,597.0,597.0,585.0,567.0,554.0,544.0,535.0,522.0,564.0,592.86,8.48,573.86,20.52,553.27,24.2,543.35,22.25,544.18,20.72,0.005,0.0599,0.10131,0.14259,1862.0,1813.0,1602.0,3878.0,3810.0,4253.0,1093.0,1087.0,971.0,-0.99937,0.03547,-0.0709,-0.99748,180,2014-06-26,266,427.0,-0.34347,train
2013-10-04,bhsi_value,609.0,6.41182,602.0,599.0,597.0,594.0,576.0,558.0,547.0,534.0,525.0,561.0,597.57,6.8,578.29,20.93,556.07,25.59,544.15,23.69,544.98,21.79,0.01156,0.05571,0.10737,0.14842,1914.0,1862.0,1745.0,3943.0,3878.0,4329.0,1101.0,1093.0,986.0,-0.99861,0.05266,-0.10517,-0.99445,180,2014-06-27,266,420.0,-0.37156,train
2013-10-07,bhsi_value,618.0,6.42649,609.0,602.0,599.0,597.0,585.0,561.0,548.0,537.0,528.0,561.0,602.29,7.81,583.29,21.46,559.07,27.34,545.1,25.42,545.92,23.06,0.01467,0.05488,0.12021,0.15739,1947.0,1914.0,1794.0,4020.0,3943.0,4193.0,1113.0,1101.0,1012.0,-0.99457,0.1041,-0.20707,-0.97833,180,2014-06-30,266,413.0,-0.40304,train
2013-10-08,bhsi_value,622.0,6.43294,618.0,609.0,602.0,597.0,594.0,567.0,549.0,540.0,531.0,560.0,606.29,9.53,588.5,21.36,562.1,29.05,546.13,27.2,546.96,24.32,0.00645,0.04606,0.12484,0.15818,1989.0,1947.0,1800.0,4085.0,4020.0,3967.0,1127.0,1113.0,1046.0,-0.99263,0.12119,-0.2406,-0.97062,180,2014-07-01,266,409.0,-0.41922,train
2013-10-09,bhsi_value,629.0,6.44413,622.0,618.0,609.0,599.0,597.0,576.0,554.0,542.0,531.0,559.0,610.86,11.46,593.86,21.44,565.37,30.83,547.3,29.16,548.1,25.7,0.01119,0.05221,0.12697,0.16937,2016.0,1989.0,1795.0,3959.0,4085.0,3853.0,1145.0,1127.0,1069.0,-0.9904,0.13825,-0.27385,-0.96177,180,2014-07-02,266,408.0,-0.43286,train
2013-10-10,bhsi_value,630.0,6.44572,629.0,622.0,618.0,602.0,597.0,585.0,558.0,543.0,530.0,556.0,615.57,11.57,599.0,20.85,568.7,32.2,548.53,31.01,549.31,26.93,0.00159,0.0538,0.12136,0.17284,2027.0,2016.0,1786.0,3621.0,3959.0,3816.0,1162.0,1145.0,1079.0,-0.98787,0.15527,-0.30677,-0.95178,180,2014-07-03,266,404.0,-0.4443,train
2013-10-11,bhsi_value,632.0,6.44889,630.0,629.0,622.0,609.0,599.0,594.0,561.0,545.0,531.0,550.0,620.29,10.54,604.07,19.59,572.07,33.34,549.9,32.8,550.54,28.12,0.00317,0.05363,0.11917,0.17413,2024.0,2027.0,1813.0,3527.0,3621.0,3810.0,1175.0,1162.0,1087.0,-0.98506,0.17224,-0.33932,-0.94067,180,2014-07-04,266,403.0,-0.44995,train
2013-10-14,bhsi_value,634.0,6.45205,632.0,630.0,629.0,618.0,602.0,597.0,567.0,544.0,534.0,544.0,624.86,8.32,608.86,18.07,575.4,34.35,551.4,34.51,551.77,29.31,0.00316,0.05179,0.11169,0.17165,2020.0,2024.0,1862.0,3455.0,3527.0,3878.0,1182.0,1175.0,1093.0,-0.97486,0.22282,-0.43444,-0.9007,180,2014-07-07,266,402.0,-0.4556,train
2013-10-15,bhsi_value,637.0,6.45677,634.0,632.0,630.0,622.0,609.0,597.0,576.0,547.0,534.0,541.0,628.86,6.2,613.21,16.94,578.83,35.18,553.0,36.18,553.01,30.5,0.00472,0.04495,0.10066,0.17637,2021.0,2020.0,1914.0,3469.0,3455.0,3943.0,1185.0,1182.0,1101.0,-0.97088,0.23956,-0.46516,-0.88523,180,2014-07-08,266,400.0,-0.46531,train
2013-10-16,bhsi_value,634.0,6.45205,637.0,634.0,632.0,629.0,618.0,599.0,585.0,548.0,535.0,539.0,631.14,4.49,616.71,15.77,582.13,35.55,554.58,37.58,554.22,31.51,-0.00472,0.02556,0.08044,0.16978,2030.0,2021.0,1947.0,3478.0,3469.0,4020.0,1186.0,1185.0,1113.0,-0.96662,0.25622,-0.49534,-0.8687,180,2014-07-09,266,397.0,-0.46811,train
2013-10-17,bhsi_value,632.0,6.44889,634.0,637.0,634.0,630.0,622.0,602.0,594.0,549.0,534.0,539.0,632.57,2.5,619.43,14.87,585.4,35.48,556.13,38.8,555.41,32.39,-0.00316,0.01595,0.06201,0.16849,2059.0,2030.0,1989.0,3451.0,3478.0,4085.0,1199.0,1186.0,1127.0,-0.96207,0.27281,-0.52493,-0.85115,180,2014-07-10,266,393.0,-0.47508,train
2013-10-18,bhsi_value,634.0,6.45205,632.0,634.0,637.0,632.0,629.0,609.0,597.0,554.0,537.0,535.0,633.29,2.05,622.07,13.91,588.63,35.34,557.78,39.96,556.59,33.29,0.00316,0.00792,0.06013,0.16605,2060.0,2059.0,2016.0,3264.0,3451.0,3959.0,1206.0,1199.0,1145.0,-0.95723,0.28932,-0.55389,-0.83259,180,2014-07-11,266,390.0,-0.4859,train
2013-10-21,bhsi_value,635.0,6.45362,634.0,632.0,634.0,634.0,630.0,618.0,597.0,558.0,540.0,534.0,634.0,1.6,624.79,12.38,591.8,35.1,559.47,41.03,557.72,34.19,0.00158,0.00791,0.06171,0.16206,2054.0,2060.0,2027.0,3200.0,3264.0,3621.0,1213.0,1206.0,1162.0,-0.94103,0.33831,-0.63673,-0.77109,180,2014-07-14,266,385.0,-0.50038,train
2013-10-22,bhsi_value,636.0,6.4552,635.0,634.0,632.0,637.0,632.0,622.0,599.0,561.0,542.0,534.0,634.57,1.5,627.43,10.38,594.93,34.71,561.17,42.04,558.8,35.1,0.00157,0.00631,0.05994,0.15993,2038.0,2054.0,2024.0,3110.0,3200.0,3527.0,1221.0,1213.0,1175.0,-0.93507,0.35445,-0.66288,-0.74873,180,2014-07-15,266,380.0,-0.51503,train
2013-10-23,bhsi_value,639.0,6.4599,636.0,635.0,634.0,634.0,634.0,629.0,602.0,567.0,543.0,532.0,635.29,2.12,630.07,8.0,598.13,34.19,562.95,43.03,559.86,36.05,0.00471,0.00786,0.05965,0.1628,2010.0,2038.0,2020.0,2943.0,3110.0,3455.0,1228.0,1221.0,1182.0,-0.92884,0.37048,-0.68824,-0.72549,180,2014-07-16,266,377.0,-0.52766,train
2013-10-24,bhsi_value,644.0,6.4677,639.0,636.0,635.0,632.0,637.0,630.0,609.0,576.0,545.0,531.0,636.29,3.73,632.57,6.32,601.43,33.68,564.83,44.05,560.93,37.09,0.00779,0.01093,0.05588,0.16691,1959.0,2010.0,2021.0,2775.0,2943.0,3469.0,1243.0,1228.0,1185.0,-0.92233,0.38641,-0.71279,-0.70138,180,2014-07-17,266,373.0,-0.54612,train
2013-10-25,bhsi_value,649.0,6.47543,644.0,639.0,636.0,634.0,634.0,632.0,618.0,585.0,544.0,530.0,638.43,5.63,634.79,6.26,604.93,32.98,566.82,45.1,562.06,38.19,0.00773,0.02338,0.04894,0.17648,1904.0,1959.0,2030.0,2681.0,2775.0,3478.0,1252.0,1243.0,1186.0,-0.91555,0.40221,-0.73649,-0.67645,180,2014-07-18,266,372.0,-0.55654,train
2013-10-28,bhsi_value,653.0,6.48158,649.0,644.0,639.0,635.0,632.0,634.0,622.0,594.0,547.0,529.0,641.43,6.86,637.0,6.8,608.47,32.25,568.88,46.15,563.18,39.34,0.00614,0.03269,0.04864,0.17713,1855.0,1904.0,2059.0,2526.0,2681.0,3451.0,1258.0,1252.0,1199.0,-0.89358,0.44891,-0.80227,-0.59697,180,2014-07-21,266,369.0,-0.57078,train
2013-10-29,bhsi_value,656.0,6.48616,653.0,649.0,644.0,636.0,634.0,637.0,629.0,597.0,548.0,527.0,644.57,7.72,638.93,7.99,612.07,31.32,571.03,47.14,564.33,40.51,0.00458,0.03411,0.04203,0.17989,1790.0,1855.0,2060.0,2340.0,2526.0,3264.0,1260.0,1258.0,1206.0,-0.88572,0.46421,-0.82233,-0.56902,180,2014-07-22,266,364.0,-0.58901,train
2013-10-30,bhsi_value,660.0,6.49224,656.0,653.0,649.0,639.0,635.0,634.0,630.0,597.0,549.0,526.0,648.14,8.24,641.07,9.23,615.77,30.18,573.27,48.12,565.53,41.71,0.00608,0.03861,0.04652,0.18414,1716.0,1790.0,2054.0,2164.0,2340.0,3200.0,1266.0,1260.0,1213.0,-0.87761,0.47938,-0.84141,-0.54039,180,2014-07-23,266,361.0,-0.60336,train
2013-10-31,bhsi_value,665.0,6.49979,660.0,656.0,653.0,644.0,636.0,632.0,632.0,599.0,554.0,525.0,652.29,8.38,643.43,10.71,619.47,29.17,575.6,49.11,566.77,42.97,0.00755,0.04459,0.0509,0.18262,1667.0,1716.0,2038.0,2245.0,2164.0,3110.0,1268.0,1266.0,1221.0,-0.86923,0.4944,-0.8595,-0.51113,180,2014-07-24,266,358.0,-0.61925,train
2013-11-01,bhsi_value,669.0,6.50578,665.0,660.0,656.0,649.0,639.0,634.0,634.0,602.0,558.0,522.0,656.57,8.16,645.93,12.2,623.17,28.16,578.05,50.03,568.0,44.27,0.006,0.04588,0.05374,0.18143,1631.0,1667.0,2010.0,2316.0,2245.0,2943.0,1269.0,1268.0,1228.0,-0.8606,0.50928,-0.87658,-0.48126,180,2014-07-25,266,357.0,-0.62805,train
2013-11-04,bhsi_value,673.0,6.51175,669.0,665.0,660.0,653.0,644.0,635.0,637.0,609.0,561.0,521.0,660.71,8.08,648.5,13.74,626.9,27.08,580.58,50.92,569.21,45.62,0.00596,0.04405,0.05498,0.18202,1612.0,1631.0,1959.0,2400.0,2316.0,2775.0,1273.0,1269.0,1243.0,-0.83318,0.553,-0.9215,-0.38839,180,2014-07-28,266,358.0,-0.63121,train
2013-11-05,bhsi_value,678.0,6.51915,673.0,669.0,665.0,656.0,649.0,636.0,634.0,618.0,567.0,518.0,664.86,8.44,651.64,15.04,630.6,26.21,583.25,51.75,570.46,47.02,0.0074,0.04371,0.0671,0.17879,1617.0,1612.0,1904.0,2553.0,2400.0,2681.0,1280.0,1273.0,1252.0,-0.82355,0.56725,-0.93431,-0.35646,180,2014-07-29,266,357.0,-0.64141,train
2013-11-06,bhsi_value,681.0,6.52356,678.0,673.0,669.0,660.0,653.0,639.0,632.0,622.0,576.0,516.0,668.86,8.51,655.14,15.74,634.1,25.69,586.0,52.48,571.7,48.43,0.00442,0.04199,0.07467,0.16745,1614.0,1617.0,1855.0,2554.0,2553.0,2526.0,1285.0,1280.0,1258.0,-0.81367,0.58133,-0.94602,-0.32411,180,2014-07-30,266,356.0,-0.64863,train
2013-11-07,bhsi_value,685.0,6.52942,681.0,678.0,673.0,665.0,656.0,644.0,634.0,629.0,585.0,518.0,673.0,8.3,658.79,16.32,637.43,25.59,588.78,53.23,572.99,49.86,0.00586,0.04326,0.07737,0.15781,1594.0,1614.0,1790.0,2533.0,2554.0,2340.0,1291.0,1285.0,1260.0,-0.80355,0.59524,-0.95661,-0.29138,180,2014-07-31,266,355.0,-0.6573,train
2013-11-08,bhsi_value,690.0,6.53669,685.0,681.0,678.0,669.0,660.0,649.0,635.0,630.0,594.0,517.0,677.29,8.22,662.71,16.74,640.63,25.96,591.67,53.94,574.34,51.34,0.00727,0.04445,0.08307,0.14981,1565.0,1594.0,1716.0,2514.0,2533.0,2164.0,1305.0,1291.0,1266.0,-0.79319,0.60897,-0.96606,-0.2583,180,2014-08-01,266,357.0,-0.65896,train
2013-11-11,bhsi_value,692.0,6.53959,690.0,685.0,681.0,673.0,665.0,653.0,636.0,632.0,597.0,517.0,681.14,7.88,666.71,16.56,643.8,26.24,594.58,54.55,575.72,52.8,0.00289,0.0398,0.08439,0.14767,1542.0,1565.0,1667.0,2506.0,2514.0,2245.0,1315.0,1305.0,1268.0,-0.76072,0.64908,-0.98754,-0.15739,180,2014-08-04,266,356.0,-0.66466,train
2013-11-12,bhsi_value,693.0,6.54103,692.0,690.0,685.0,678.0,669.0,656.0,639.0,634.0,597.0,519.0,684.57,7.03,670.57,15.94,647.0,26.19,597.48,55.08,577.11,54.2,0.00144,0.03525,0.08113,0.14911,1510.0,1542.0,1631.0,2473.0,2506.0,2316.0,1320.0,1315.0,1269.0,-0.74944,0.66207,-0.99237,-0.12333,180,2014-08-05,266,357.0,-0.66329,train
2013-11-13,bhsi_value,696.0,6.54535,693.0,692.0,690.0,681.0,673.0,660.0,644.0,637.0,599.0,520.0,687.86,6.17,674.29,15.36,650.23,26.05,600.42,55.56,578.56,55.6,0.00432,0.0336,0.07765,0.15009,1474.0,1510.0,1612.0,2455.0,2473.0,2400.0,1321.0,1320.0,1273.0,-0.73794,0.67486,-0.99602,-0.08912,180,2014-08-06,266,358.0,-0.66482,train
2013-11-14,bhsi_value,699.0,6.54965,696.0,693.0,692.0,685.0,678.0,665.0,649.0,634.0,602.0,522.0,690.86,5.74,677.86,14.87,653.47,25.88,603.37,56.02,580.06,56.99,0.0043,0.0305,0.07422,0.14939,1438.0,1474.0,1617.0,2397.0,2455.0,2553.0,1325.0,1321.0,1280.0,-0.72622,0.68746,-0.9985,-0.05481,180,2014-08-07,266,360.0,-0.66355,train
2013-11-15,bhsi_value,703.0,6.55536,699.0,696.0,693.0,690.0,681.0,669.0,653.0,632.0,609.0,525.0,694.0,5.5,681.43,14.47,656.6,26.0,606.33,56.5,581.63,58.39,0.00571,0.03179,0.07378,0.14354,1409.0,1438.0,1614.0,2377.0,2397.0,2554.0,1339.0,1325.0,1285.0,-0.71429,0.69985,-0.99979,-0.02043,180,2014-08-08,266,363.0,-0.66095,train
2013-11-18,bhsi_value,705.0,6.5582,703.0,699.0,696.0,692.0,685.0,673.0,656.0,634.0,618.0,528.0,696.86,5.28,684.93,13.81,659.5,26.38,609.28,56.95,583.23,59.76,0.00284,0.02878,0.07204,0.13171,1382.0,1409.0,1594.0,2366.0,2377.0,2533.0,1354.0,1339.0,1291.0,-0.67724,0.73576,-0.99658,0.08269,180,2014-08-11,266,366.0,-0.65556,train
2013-11-19,bhsi_value,708.0,6.56244,705.0,703.0,699.0,693.0,690.0,678.0,660.0,635.0,622.0,531.0,699.43,5.68,688.36,13.13,662.37,26.82,612.23,57.4,584.88,61.12,0.00425,0.02575,0.0702,0.1295,1353.0,1382.0,1565.0,2366.0,2366.0,2514.0,1360.0,1354.0,1305.0,-0.66448,0.7473,-0.99314,0.11692,180,2014-08-12,266,370.0,-0.64894,train
2013-11-20,bhsi_value,715.0,6.57228,708.0,705.0,703.0,696.0,692.0,681.0,665.0,636.0,629.0,531.0,702.71,6.94,691.93,13.1,665.23,27.68,615.3,57.89,586.61,62.55,0.00984,0.0327,0.0725,0.12815,1346.0,1353.0,1542.0,2511.0,2366.0,2506.0,1363.0,1360.0,1315.0,-0.65153,0.75862,-0.98853,0.15102,180,2014-08-13,266,373.0,-0.6507,train
2013-11-21,bhsi_value,721.0,6.58064,715.0,708.0,705.0,699.0,693.0,685.0,669.0,639.0,630.0,530.0,706.71,8.15,695.64,13.44,668.27,28.62,618.48,58.36,588.44,64.03,0.00836,0.03961,0.07486,0.13492,1345.0,1346.0,1510.0,2447.0,2511.0,2473.0,1371.0,1363.0,1320.0,-0.63838,0.76972,-0.98275,0.18493,180,2014-08-14,266,376.0,-0.65105,train
2013-11-22,bhsi_value,728.0,6.5903,721.0,715.0,708.0,703.0,696.0,690.0,673.0,644.0,632.0,531.0,711.29,9.69,699.57,14.26,671.47,29.73,621.77,58.89,590.42,65.54,0.00966,0.04495,0.07856,0.14141,1362.0,1345.0,1474.0,2390.0,2447.0,2455.0,1378.0,1371.0,1321.0,-0.62505,0.78058,-0.97581,0.21863,180,2014-08-15,266,382.0,-0.64488,train
2013-11-25,bhsi_value,732.0,6.59578,728.0,721.0,715.0,705.0,699.0,692.0,678.0,649.0,634.0,534.0,716.0,10.56,703.43,15.17,674.73,30.8,625.07,59.42,592.51,67.01,0.00548,0.04613,0.07663,0.14373,1387.0,1362.0,1438.0,2391.0,2390.0,2397.0,1393.0,1378.0,1325.0,-0.58395,0.81179,-0.94809,0.318,180,2014-08-18,266,387.0,-0.63736,train
2013-11-26,bhsi_value,737.0,6.60259,732.0,728.0,721.0,708.0,703.0,693.0,681.0,653.0,637.0,534.0,720.86,11.26,707.43,16.09,678.07,31.93,628.45,59.92,594.69,68.47,0.00681,0.04723,0.07903,0.14582,1427.0,1387.0,1409.0,2399.0,2391.0,2377.0,1404.0,1393.0,1339.0,-0.5699,0.82171,-0.93659,0.35043,180,2014-08-19,266,394.0,-0.62624,train
2013-11-27,bhsi_value,745.0,6.61338,737.0,732.0,728.0,715.0,705.0,696.0,685.0,656.0,634.0,535.0,726.57,11.89,711.71,17.47,681.77,33.02,631.95,60.49,596.98,70.0,0.0108,0.05519,0.08397,0.16134,1510.0,1427.0,1382.0,2496.0,2399.0,2366.0,1418.0,1404.0,1354.0,-0.55568,0.83139,-0.92398,0.38244,180,2014-08-20,266,399.0,-0.62442,train
2013-11-28,bhsi_value,757.0,6.62936,745.0,737.0,732.0,721.0,708.0,699.0,690.0,660.0,632.0,534.0,733.57,13.24,716.5,19.88,685.93,34.34,635.67,61.2,599.4,71.7,0.01598,0.06692,0.09267,0.18047,1613.0,1510.0,1353.0,2848.0,2496.0,2366.0,1441.0,1418.0,1360.0,-0.5413,0.84083,-0.91028,0.41399,180,2014-08-21,266,406.0,-0.62301,train
2013-11-29,bhsi_value,764.0,6.63857,757.0,745.0,737.0,728.0,715.0,703.0,692.0,665.0,634.0,537.0,740.57,14.47,721.64,22.07,690.27,35.69,639.45,62.0,601.94,73.41,0.0092,0.06629,0.09898,0.18652,1665.0,1613.0,1346.0,3089.0,2848.0,2511.0,1458.0,1441.0,1363.0,-0.52675,0.85002,-0.8955,0.44506,180,2014-08-22,266,413.0,-0.61512,train
2013-12-02,bhsi_value,771.0,6.64769,764.0,757.0,745.0,732.0,721.0,705.0,693.0,669.0,635.0,540.0,747.71,15.36,727.21,23.91,694.8,36.99,643.3,62.87,604.58,75.16,0.00912,0.06705,0.10666,0.19406,1695.0,1665.0,1345.0,3194.0,3089.0,2447.0,1475.0,1458.0,1371.0,-0.48221,0.87606,-0.84488,0.53496,180,2014-08-26,267,420.0,-0.60743,train
2013-12-03,bhsi_value,776.0,6.65415,771.0,764.0,757.0,737.0,728.0,708.0,696.0,673.0,636.0,542.0,754.57,15.74,732.93,25.28,699.47,38.1,647.2,63.72,607.27,76.89,0.00646,0.06385,0.1088,0.19895,1741.0,1695.0,1362.0,3316.0,3194.0,2390.0,1488.0,1475.0,1378.0,-0.46706,0.88422,-0.82598,0.5637,180,2014-08-27,267,427.0,-0.59737,train
2013-12-04,bhsi_value,782.0,6.66185,776.0,771.0,764.0,745.0,732.0,715.0,699.0,678.0,639.0,543.0,761.71,15.21,738.86,26.34,704.23,39.16,651.18,64.54,610.04,78.62,0.0077,0.06607,0.1122,0.20195,1795.0,1741.0,1387.0,3481.0,3316.0,2391.0,1507.0,1488.0,1393.0,-0.45179,0.89213,-0.8061,0.59178,180,2014-08-28,267,437.0,-0.58192,train
2013-12-05,bhsi_value,786.0,6.66696,782.0,776.0,771.0,757.0,737.0,721.0,703.0,681.0,644.0,545.0,768.71,13.39,744.79,26.94,708.97,40.17,655.2,65.3,612.88,80.3,0.0051,0.06437,0.1116,0.19926,1867.0,1795.0,1427.0,3843.0,3481.0,2399.0,1522.0,1507.0,1404.0,-0.43637,0.89977,-0.78527,0.61916,180,2014-08-29,267,442.0,-0.57565,train
2013-12-06,bhsi_value,789.0,6.67077,786.0,782.0,776.0,764.0,745.0,728.0,705.0,685.0,649.0,544.0,775.0,10.88,750.79,26.76,713.63,41.05,659.28,65.88,615.76,81.9,0.00381,0.05738,0.11257,0.19533,1923.0,1867.0,1510.0,3842.0,3843.0,2496.0,1531.0,1522.0,1418.0,-0.42083,0.90714,-0.7635,0.6458,180,2014-09-01,269,450.0,-0.56152,train
2013-12-09,bhsi_value,792.0,6.67456,789.0,786.0,782.0,771.0,757.0,732.0,708.0,690.0,653.0,547.0,780.0,9.4,756.79,25.9,718.27,41.78,663.37,66.39,618.68,83.43,0.0038,0.0452,0.11212,0.19298,1955.0,1923.0,1613.0,3831.0,3842.0,2848.0,1552.0,1531.0,1441.0,-0.37348,0.92764,-0.6929,0.72103,180,2014-09-02,267,456.0,-0.55207,train
2013-12-10,bhsi_value,796.0,6.6796,792.0,789.0,786.0,776.0,764.0,737.0,715.0,692.0,656.0,548.0,784.57,8.21,762.57,24.95,722.93,42.38,667.5,66.79,621.67,84.9,0.00504,0.04103,0.10732,0.19344,1997.0,1955.0,1665.0,4011.0,3831.0,3089.0,1557.0,1552.0,1458.0,-0.35746,0.93393,-0.66769,0.74444,180,2014-09-03,267,462.0,-0.54403,train
2013-12-11,bhsi_value,803.0,6.68835,796.0,792.0,789.0,782.0,771.0,745.0,721.0,693.0,660.0,549.0,789.14,8.29,768.43,24.11,727.7,43.07,671.73,67.2,624.74,86.38,0.00876,0.04067,0.10772,0.19611,2050.0,1997.0,1695.0,4210.0,4011.0,3194.0,1554.0,1557.0,1475.0,-0.34135,0.93994,-0.64169,0.76697,180,2014-09-04,267,466.0,-0.54417,train
2013-12-12,bhsi_value,810.0,6.69703,803.0,796.0,792.0,786.0,776.0,757.0,728.0,696.0,665.0,554.0,794.0,9.09,774.29,23.53,732.53,43.89,676.0,67.71,627.91,87.88,0.00868,0.04288,0.10673,0.19725,2085.0,2050.0,1741.0,4291.0,4210.0,3316.0,1560.0,1554.0,1488.0,-0.32513,0.94567,-0.61493,0.78858,180,2014-09-05,267,469.0,-0.54643,train
2013-12-13,bhsi_value,814.0,6.70196,810.0,803.0,796.0,789.0,782.0,764.0,732.0,699.0,669.0,558.0,798.57,9.91,780.14,22.46,737.37,44.61,680.27,68.2,631.16,89.29,0.00493,0.04011,0.10618,0.19618,2096.0,2085.0,1795.0,4246.0,4291.0,3481.0,1562.0,1560.0,1507.0,-0.30881,0.95112,-0.58744,0.80927,180,2014-09-08,269,472.0,-0.54498,train
2013-12-16,bhsi_value,817.0,6.70564,814.0,810.0,803.0,792.0,786.0,771.0,737.0,703.0,673.0,561.0,803.0,10.23,785.86,20.88,742.17,45.17,684.53,68.62,634.44,90.61,0.00368,0.03868,0.10305,0.19389,2082.0,2096.0,1867.0,4065.0,4246.0,3843.0,1553.0,1562.0,1522.0,-0.25934,0.96579,-0.50093,0.86549,180,2014-09-09,267,472.0,-0.54866,train
2013-12-17,bhsi_value,821.0,6.71052,817.0,814.0,810.0,796.0,789.0,776.0,745.0,705.0,678.0,567.0,807.57,10.1,791.29,19.37,746.93,45.69,688.77,69.07,637.81,91.84,0.00488,0.03976,0.09714,0.19138,2025.0,2082.0,1923.0,3818.0,4065.0,3842.0,1546.0,1553.0,1531.0,-0.24269,0.9701,-0.47086,0.88221,180,2014-09-10,267,474.0,-0.54932,train
2013-12-18,bhsi_value,820.0,6.7093,821.0,817.0,814.0,803.0,792.0,782.0,757.0,708.0,681.0,576.0,811.57,8.57,795.79,18.17,751.57,45.81,692.83,69.49,641.19,92.89,-0.00122,0.03474,0.07994,0.18574,1946.0,2025.0,1955.0,3638.0,3818.0,3831.0,1541.0,1546.0,1552.0,-0.22596,0.97414,-0.44024,0.89788,180,2014-09-11,267,476.0,-0.54389,train
2013-12-19,bhsi_value,818.0,6.70686,820.0,821.0,817.0,810.0,796.0,786.0,764.0,715.0,685.0,585.0,814.71,5.9,799.64,16.68,756.0,45.59,696.72,69.87,644.52,93.78,-0.00244,0.02726,0.06829,0.17744,1883.0,1946.0,1997.0,3596.0,3638.0,4011.0,1517.0,1541.0,1557.0,-0.20917,0.97788,-0.40909,0.91249,180,2014-09-12,267,477.0,-0.53935,train
2013-12-20,bhsi_value,811.0,6.69827,818.0,820.0,821.0,814.0,803.0,789.0,771.0,721.0,690.0,594.0,815.86,3.98,802.5,14.86,760.03,44.92,700.33,70.07,647.79,94.4,-0.00859,0.00991,0.05058,0.16158,1858.0,1883.0,2050.0,3875.0,3596.0,4210.0,1499.0,1517.0,1554.0,-0.19232,0.98133,-0.37746,0.92602,180,2014-09-15,269,479.0,-0.52657,train
2013-12-23,bhsi_value,805.0,6.69084,811.0,818.0,820.0,817.0,810.0,792.0,776.0,728.0,692.0,597.0,815.14,5.22,804.57,12.91,763.8,43.78,703.8,70.02,650.99,94.8,-0.00743,-0.00619,0.03669,0.15126,1835.0,1858.0,2085.0,3996.0,3875.0,4291.0,1482.0,1499.0,1560.0,-0.14144,0.98995,-0.28004,0.95999,180,2014-09-16,267,484.0,-0.50876,train
2013-12-24,bhsi_value,801.0,6.68586,805.0,811.0,818.0,821.0,814.0,796.0,782.0,732.0,693.0,597.0,813.29,7.23,805.93,11.37,767.4,42.23,707.2,69.7,654.12,95.04,-0.00498,-0.0161,0.02401,0.14483,1825.0,1835.0,2096.0,4078.0,3996.0,4246.0,1468.0,1482.0,1562.0,-0.12439,0.99223,-0.24686,0.96905,180,2014-09-17,267,488.0,-0.49555,train
2014-01-02,bhsi_value,773.0,6.65028,801.0,805.0,811.0,820.0,817.0,803.0,786.0,737.0,696.0,599.0,807.0,15.57,805.0,13.33,769.97,40.09,710.1,68.75,656.93,94.77,-0.03558,-0.05536,-0.01668,0.10493,1780.0,1825.0,2082.0,3733.0,4078.0,4065.0,1453.0,1468.0,1553.0,0.0344,0.99941,0.06876,0.99763,180,2014-09-18,259,494.0,-0.44774,train
2014-01-03,bhsi_value,763.0,6.63726,773.0,801.0,805.0,818.0,821.0,810.0,789.0,745.0,699.0,602.0,798.71,20.55,803.14,16.79,772.1,37.9,712.78,67.61,659.61,94.33,-0.01302,-0.07327,-0.03351,0.08761,1750.0,1780.0,2025.0,3531.0,3733.0,3818.0,1330.0,1453.0,1546.0,0.05158,0.99867,0.10303,0.99468,180,2014-09-19,259,498.0,-0.42666,train
2014-01-06,bhsi_value,750.0,6.62007,763.0,773.0,801.0,811.0,820.0,814.0,792.0,757.0,703.0,609.0,788.71,24.43,800.14,21.58,773.67,35.94,715.13,66.41,662.11,93.71,-0.01718,-0.08923,-0.05449,0.06472,1724.0,1750.0,1946.0,3287.0,3531.0,3638.0,1276.0,1330.0,1541.0,0.10303,0.99468,0.20497,0.97877,180,2014-09-22,259,505.0,-0.39551,train
2014-01-07,bhsi_value,744.0,6.61204,750.0,763.0,773.0,805.0,818.0,817.0,796.0,764.0,705.0,618.0,778.14,25.46,796.43,26.0,774.97,34.09,717.23,65.28,664.51,93.0,-0.00803,-0.09482,-0.06756,0.05384,1692.0,1724.0,1883.0,3017.0,3287.0,3596.0,1239.0,1276.0,1517.0,0.12013,0.99276,0.23851,0.97114,180,2014-09-23,259,513.0,-0.37177,train
2014-01-08,bhsi_value,741.0,6.608,744.0,750.0,763.0,801.0,811.0,821.0,803.0,771.0,708.0,622.0,768.14,24.31,792.0,29.54,776.07,32.4,719.22,64.16,666.84,92.26,-0.00404,-0.09027,-0.08035,0.04556,1672.0,1692.0,1858.0,2818.0,3017.0,3875.0,1204.0,1239.0,1499.0,0.13719,0.99055,0.27178,0.96236,180,2014-09-24,259,521.0,-0.35225,train
2014-01-09,bhsi_value,735.0,6.59987,741.0,744.0,750.0,773.0,805.0,820.0,810.0,776.0,715.0,629.0,758.14,21.3,786.64,32.45,776.73,31.32,720.98,63.1,669.11,91.39,-0.00813,-0.09097,-0.09716,0.02759,1645.0,1672.0,1835.0,2500.0,2818.0,3996.0,1191.0,1204.0,1482.0,0.1542,0.98804,0.30472,0.95244,180,2014-09-25,259,525.0,-0.33647,train
2014-01-10,bhsi_value,730.0,6.59304,735.0,741.0,744.0,763.0,801.0,818.0,814.0,782.0,721.0,630.0,748.0,14.2,780.64,34.53,777.03,30.83,722.65,61.99,671.33,90.41,-0.00683,-0.09282,-0.10892,0.01241,1621.0,1645.0,1825.0,2101.0,2500.0,4078.0,1188.0,1191.0,1468.0,0.17118,0.98524,0.3373,0.9414,180,2014-09-26,259,526.0,-0.32774,train
2014-01-13,bhsi_value,726.0,6.58755,730.0,735.0,741.0,750.0,773.0,811.0,817.0,786.0,728.0,632.0,741.29,11.68,774.14,35.62,776.97,30.93,724.22,60.85,673.5,89.35,-0.00549,-0.06273,-0.11809,-0.00275,1598.0,1621.0,1780.0,1857.0,2101.0,3733.0,1190.0,1188.0,1453.0,0.22177,0.9751,0.4325,0.90163,180,2014-09-29,259,528.0,-0.31845,train
2014-01-14,bhsi_value,725.0,6.58617,726.0,730.0,735.0,744.0,763.0,805.0,821.0,789.0,732.0,634.0,735.86,8.81,767.29,35.18,776.73,31.3,725.73,59.71,675.62,88.27,-0.00138,-0.05109,-0.12435,-0.00961,1580.0,1598.0,1750.0,1832.0,1857.0,3531.0,1191.0,1190.0,1330.0,0.23851,0.97114,0.46326,0.88622,180,2014-09-30,259,529.0,-0.31518,train
2014-01-15,bhsi_value,724.0,6.58479,725.0,726.0,730.0,741.0,750.0,801.0,820.0,792.0,737.0,637.0,732.14,7.43,760.43,33.56,776.3,31.93,727.18,58.58,677.73,87.13,-0.00138,-0.03528,-0.12451,-0.0178,1572.0,1580.0,1724.0,1862.0,1832.0,3287.0,1189.0,1191.0,1276.0,0.25518,0.96689,0.49347,0.86976,180,2014-10-01,259,531.0,-0.31003,train
2014-01-16,bhsi_value,722.0,6.58203,724.0,725.0,726.0,735.0,744.0,773.0,818.0,796.0,745.0,634.0,729.0,6.32,753.57,30.79,775.53,32.93,728.65,57.32,679.81,85.92,-0.00277,-0.03002,-0.12484,-0.03136,1570.0,1572.0,1692.0,1929.0,1862.0,3017.0,1182.0,1189.0,1239.0,0.27178,0.96236,0.52309,0.85227,180,2014-10-02,259,531.0,-0.30726,train
2014-01-17,bhsi_value,719.0,6.57786,722.0,724.0,725.0,730.0,741.0,763.0,811.0,803.0,757.0,632.0,725.86,4.88,747.0,27.47,774.27,34.32,730.1,55.94,681.87,84.61,-0.00416,-0.03014,-0.12041,-0.0515,1564.0,1570.0,1672.0,2026.0,1929.0,2818.0,1175.0,1182.0,1204.0,0.28829,0.95754,0.5521,0.83378,180,2014-10-03,259,530.0,-0.30498,train
2014-01-20,bhsi_value,719.0,6.57786,719.0,722.0,724.0,726.0,735.0,750.0,805.0,810.0,764.0,634.0,723.57,3.66,740.86,23.07,772.77,35.69,731.52,54.55,683.89,83.29,0.0,-0.02201,-0.11298,-0.06071,1552.0,1564.0,1645.0,2082.0,2026.0,2500.0,1165.0,1175.0,1191.0,0.3373,0.9414,0.63507,0.77246,180,2014-10-06,259,530.0,-0.30498,train
2014-01-21,bhsi_value,715.0,6.57228,719.0,719.0,722.0,725.0,730.0,744.0,801.0,814.0,771.0,635.0,721.43,3.66,734.71,16.85,770.9,37.17,732.85,53.13,685.83,81.94,-0.00558,-0.02076,-0.11358,-0.07541,1530.0,1552.0,1621.0,1973.0,2082.0,2101.0,1154.0,1165.0,1188.0,0.35344,0.93546,0.66126,0.75015,180,2014-10-07,259,528.0,-0.30319,train
2014-01-22,bhsi_value,715.0,6.57228,715.0,719.0,719.0,724.0,726.0,741.0,773.0,817.0,776.0,636.0,719.86,3.72,730.57,13.78,768.87,38.48,734.17,51.67,687.76,80.56,0.0,-0.01527,-0.078,-0.08187,1496.0,1530.0,1598.0,1880.0,1973.0,1857.0,1141.0,1154.0,1190.0,0.36948,0.92924,0.68668,0.72696,180,2014-10-08,259,523.0,-0.3127,train
2014-01-23,bhsi_value,715.0,6.57228,715.0,715.0,719.0,722.0,725.0,735.0,763.0,821.0,782.0,639.0,718.43,3.37,727.14,10.97,766.63,39.58,735.43,50.24,689.67,79.13,0.0,-0.01389,-0.06498,-0.08957,1468.0,1496.0,1580.0,1775.0,1880.0,1832.0,1130.0,1141.0,1191.0,0.38541,0.92274,0.71128,0.70291,180,2014-10-09,259,520.0,-0.31845,train
2014-01-24,bhsi_value,712.0,6.56808,715.0,715.0,715.0,719.0,724.0,730.0,750.0,820.0,786.0,644.0,716.71,3.15,724.43,9.6,764.17,40.59,736.57,48.91,691.52,77.66,-0.0042,-0.01671,-0.052,-0.09888,1437.0,1468.0,1572.0,1723.0,1775.0,1862.0,1121.0,1130.0,1189.0,0.40123,0.91598,0.73503,0.67803,180,2014-10-10,259,516.0,-0.32197,train
2014-01-27,bhsi_value,708.0,6.56244,712.0,715.0,715.0,719.0,722.0,726.0,744.0,818.0,789.0,649.0,714.71,3.57,721.86,8.8,761.47,41.53,737.55,47.72,693.34,76.08,-0.00563,-0.01958,-0.0496,-0.10832,1413.0,1437.0,1570.0,1673.0,1723.0,1929.0,1112.0,1121.0,1182.0,0.44794,0.89406,0.80098,0.59869,180,2014-10-13,259,513.0,-0.32217,train
2014-01-28,bhsi_value,705.0,6.5582,708.0,712.0,715.0,715.0,719.0,725.0,741.0,811.0,792.0,653.0,712.71,4.43,719.29,8.06,758.57,42.33,738.42,46.63,695.1,74.49,-0.00425,-0.01966,-0.0498,-0.11636,1387.0,1413.0,1564.0,1577.0,1673.0,2026.0,1098.0,1112.0,1175.0,0.46326,0.88622,0.8211,0.57078,180,2014-10-14,259,510.0,-0.32379,train
2014-01-29,bhsi_value,700.0,6.55108,705.0,708.0,712.0,715.0,719.0,724.0,735.0,805.0,796.0,656.0,710.0,5.45,716.79,8.22,755.37,43.0,739.15,45.67,696.79,72.84,-0.00712,-0.02678,-0.04879,-0.12852,1369.0,1387.0,1552.0,1531.0,1577.0,2082.0,1079.0,1098.0,1165.0,0.47843,0.87812,0.84025,0.5422,180,2014-10-15,259,506.0,-0.32454,train
2014-01-30,bhsi_value,691.0,6.53814,700.0,705.0,708.0,715.0,715.0,722.0,730.0,801.0,803.0,660.0,706.57,8.12,714.0,9.74,751.63,43.56,739.67,44.94,698.37,71.14,-0.01294,-0.03414,-0.0549,-0.15021,1347.0,1369.0,1530.0,1527.0,1531.0,1973.0,1056.0,1079.0,1154.0,0.49347,0.86976,0.8584,0.51298,180,2014-10-16,259,503.0,-0.31755,train
2014-01-31,bhsi_value,684.0,6.52796,691.0,700.0,705.0,712.0,715.0,719.0,726.0,773.0,810.0,665.0,702.14,10.44,711.0,11.83,747.43,43.81,739.98,44.48,699.81,69.5,-0.01018,-0.04432,-0.05959,-0.16908,1337.0,1347.0,1496.0,1524.0,1527.0,1880.0,1018.0,1056.0,1141.0,0.50836,0.86115,0.87554,0.48315,180,2014-10-17,259,501.0,-0.31135,train
2014-02-03,bhsi_value,682.0,6.52503,684.0,691.0,700.0,708.0,715.0,719.0,725.0,763.0,814.0,669.0,697.43,11.0,707.93,13.29,743.03,43.53,740.2,44.16,701.19,67.88,-0.00293,-0.04725,-0.06114,-0.17693,1326.0,1337.0,1468.0,1516.0,1524.0,1775.0,996.0,1018.0,1130.0,0.5521,0.83378,0.92066,0.39037,180,2014-10-20,259,498.0,-0.31443,train
2014-02-04,bhsi_value,681.0,6.52356,682.0,684.0,691.0,705.0,712.0,715.0,724.0,750.0,817.0,673.0,693.0,10.47,704.86,14.16,738.5,42.66,740.33,43.97,702.52,66.28,-0.00147,-0.04452,-0.06123,-0.18208,1313.0,1326.0,1437.0,1513.0,1516.0,1723.0,975.0,996.0,1121.0,0.56636,0.82416,0.93354,0.35847,180,2014-10-21,259,498.0,-0.31296,train
2014-02-05,bhsi_value,677.0,6.51767,681.0,682.0,684.0,700.0,708.0,715.0,722.0,744.0,821.0,678.0,688.57,9.72,701.64,14.98,733.7,41.18,740.32,43.99,703.74,64.76,-0.00589,-0.04477,-0.06435,-0.19285,1307.0,1313.0,1413.0,1544.0,1513.0,1673.0,961.0,975.0,1112.0,0.58045,0.81429,0.94532,0.32614,180,2014-10-22,259,496.0,-0.3111,train
2014-02-06,bhsi_value,676.0,6.51619,677.0,681.0,682.0,691.0,705.0,715.0,719.0,741.0,820.0,681.0,684.43,7.84,698.57,15.51,728.9,39.19,740.23,44.11,704.86,63.41,-0.00148,-0.042,-0.06167,-0.19311,1307.0,1307.0,1387.0,1575.0,1544.0,1577.0,948.0,961.0,1098.0,0.59438,0.80419,0.95598,0.29343,180,2014-10-23,259,491.0,-0.31975,train
2014-02-07,bhsi_value,674.0,6.51323,676.0,677.0,681.0,684.0,700.0,712.0,719.0,735.0,818.0,685.0,680.71,5.34,695.36,15.6,724.1,36.72,740.05,44.36,705.84,62.21,-0.00296,-0.03785,-0.06463,-0.19363,1304.0,1307.0,1369.0,1588.0,1575.0,1531.0,937.0,948.0,1079.0,0.60812,0.79384,0.96551,0.26038,180,2014-10-24,259,489.0,-0.32087,train
2014-02-10,bhsi_value,669.0,6.50578,674.0,676.0,677.0,682.0,691.0,708.0,715.0,730.0,811.0,690.0,677.57,4.81,692.07,15.96,719.37,34.29,739.7,44.84,706.68,61.2,-0.00745,-0.03236,-0.0665,-0.19248,1305.0,1304.0,1347.0,1611.0,1588.0,1527.0,929.0,937.0,1056.0,0.64826,0.76142,0.9872,0.15951,180,2014-10-27,259,485.0,-0.32164,train
2014-02-11,bhsi_value,667.0,6.50279,669.0,674.0,676.0,681.0,684.0,705.0,715.0,726.0,805.0,692.0,675.14,5.22,688.64,15.82,714.77,31.65,739.28,45.39,707.46,60.24,-0.00299,-0.02517,-0.06949,-0.18805,1322.0,1305.0,1337.0,1581.0,1611.0,1524.0,929.0,929.0,1018.0,0.66126,0.75015,0.9921,0.12546,180,2014-10-28,259,481.0,-0.32692,train
2014-02-12,bhsi_value,665.0,6.49979,667.0,669.0,674.0,677.0,682.0,700.0,715.0,725.0,801.0,693.0,672.71,5.42,685.07,15.1,710.23,28.56,738.82,46.0,708.21,59.27,-0.003,-0.02524,-0.0725,-0.18607,1324.0,1322.0,1326.0,1548.0,1581.0,1516.0,928.0,929.0,996.0,0.67407,0.73867,0.99583,0.09126,180,2014-10-29,259,476.0,-0.33437,train
2014-02-13,bhsi_value,668.0,6.50429,665.0,667.0,669.0,676.0,681.0,691.0,712.0,724.0,773.0,696.0,670.86,4.39,681.93,13.68,706.73,27.05,738.35,46.57,708.98,58.29,0.0045,-0.01927,-0.06379,-0.14599,1313.0,1324.0,1313.0,1557.0,1548.0,1513.0,938.0,928.0,975.0,0.68668,0.72696,0.99838,0.05695,180,2014-10-30,259,472.0,-0.34731,train
2014-02-14,bhsi_value,671.0,6.50877,668.0,665.0,667.0,674.0,677.0,684.0,708.0,722.0,763.0,699.0,670.0,3.63,679.29,11.83,703.67,25.67,737.88,47.1,709.74,57.32,0.00448,-0.0089,-0.05367,-0.12849,1311.0,1313.0,1307.0,1554.0,1557.0,1544.0,965.0,938.0,961.0,0.69908,0.71504,0.99975,0.02258,180,2014-10-31,259,467.0,-0.36244,train
2014-02-17,bhsi_value,676.0,6.51619,671.0,668.0,665.0,669.0,676.0,682.0,705.0,719.0,750.0,703.0,670.0,3.63,677.21,9.45,701.2,24.64,737.43,47.56,710.49,56.44,0.00742,0.0,-0.042,-0.10388,1308.0,1311.0,1307.0,1625.0,1554.0,1575.0,998.0,965.0,948.0,0.73503,0.67803,0.99675,-0.08055,180,2014-11-03,259,463.0,-0.37847,train
2014-02-18,bhsi_value,677.0,6.51767,676.0,671.0,668.0,667.0,674.0,681.0,700.0,719.0,744.0,705.0,670.43,4.2,675.57,7.04,698.97,23.67,736.97,48.01,711.14,55.7,0.00148,0.00444,-0.03341,-0.09437,1298.0,1308.0,1304.0,1667.0,1625.0,1588.0,1026.0,998.0,937.0,0.74659,0.66529,0.99339,-0.11479,180,2014-11-04,259,458.0,-0.3908,train
2014-02-19,bhsi_value,678.0,6.51915,677.0,676.0,671.0,665.0,669.0,677.0,691.0,715.0,741.0,708.0,671.71,4.89,674.64,5.66,696.87,22.62,736.47,48.46,711.77,55.01,0.00148,0.01336,-0.01899,-0.08885,1282.0,1298.0,1305.0,1690.0,1667.0,1611.0,1049.0,1026.0,929.0,0.75792,0.65235,0.98885,-0.14889,180,2014-11-05,259,457.0,-0.39446,train
2014-02-20,bhsi_value,676.0,6.51619,678.0,677.0,676.0,668.0,667.0,676.0,684.0,715.0,735.0,715.0,673.0,4.66,674.07,5.06,694.9,21.77,735.82,49.01,712.29,54.44,-0.00295,0.0134,-0.01176,-0.08368,1261.0,1282.0,1322.0,1680.0,1690.0,1581.0,1068.0,1049.0,929.0,0.76903,0.63921,0.98315,-0.18282,180,2014-11-06,259,455.0,-0.3959,train
2014-02-21,bhsi_value,677.0,6.51767,676.0,678.0,677.0,671.0,665.0,674.0,682.0,715.0,730.0,721.0,674.71,3.45,673.71,4.65,693.13,20.99,735.08,49.55,712.81,53.87,0.00148,0.01788,-0.00736,-0.07537,1244.0,1261.0,1324.0,1701.0,1680.0,1548.0,1087.0,1068.0,928.0,0.77991,0.62589,0.97628,-0.21653,180,2014-11-07,259,454.0,-0.39957,train
2014-02-24,bhsi_value,679.0,6.52062,677.0,676.0,678.0,676.0,668.0,669.0,681.0,712.0,726.0,728.0,676.29,2.37,673.57,4.45,691.57,20.21,734.27,50.06,713.33,53.31,0.00295,0.01633,-0.00294,-0.06693,1222.0,1244.0,1313.0,1707.0,1701.0,1557.0,1098.0,1087.0,938.0,0.81116,0.58482,0.94877,-0.31596,180,2014-11-10,259,451.0,-0.40915,train
2014-02-25,bhsi_value,679.0,6.52062,679.0,677.0,676.0,677.0,671.0,667.0,677.0,708.0,725.0,732.0,677.43,1.18,673.71,4.59,690.03,19.35,733.38,50.56,713.83,52.77,0.0,0.01185,0.00295,-0.06555,1187.0,1222.0,1311.0,1775.0,1707.0,1554.0,1096.0,1098.0,965.0,0.8211,0.57078,0.93734,-0.34841,180,2014-11-11,259,451.0,-0.40915,train
2014-02-26,bhsi_value,674.0,6.51323,679.0,679.0,677.0,678.0,676.0,665.0,676.0,705.0,724.0,737.0,677.14,1.64,673.57,4.55,688.37,18.48,732.33,51.12,714.24,52.31,-0.00739,-0.00296,-0.00296,-0.07156,1154.0,1187.0,1308.0,1912.0,1775.0,1625.0,1096.0,1096.0,998.0,0.8308,0.55658,0.9248,-0.38045,180,2014-11-12,259,451.0,-0.40176,train
2014-02-27,bhsi_value,673.0,6.51175,674.0,679.0,679.0,676.0,677.0,668.0,674.0,700.0,722.0,745.0,676.57,2.19,673.5,4.55,686.73,17.58,731.13,51.65,714.68,51.81,-0.00148,-0.00593,-0.00148,-0.07028,1123.0,1154.0,1298.0,2049.0,1912.0,1667.0,1097.0,1096.0,1026.0,0.84025,0.5422,0.91117,-0.41203,180,2014-11-13,259,451.0,-0.40028,train
2014-02-28,bhsi_value,669.0,6.50578,673.0,674.0,679.0,677.0,678.0,671.0,669.0,691.0,719.0,757.0,675.29,3.33,673.5,4.55,685.07,16.8,729.67,52.15,715.09,51.29,-0.00596,-0.01336,0.0,-0.07208,1099.0,1123.0,1282.0,2084.0,2049.0,1690.0,1100.0,1097.0,1049.0,0.84945,0.52767,0.89646,-0.44313,180,2014-11-14,259,450.0,-0.39654,train
2014-03-03,bhsi_value,666.0,6.50129,669.0,673.0,674.0,679.0,676.0,676.0,667.0,684.0,719.0,764.0,673.86,4.61,673.43,4.66,683.3,15.9,728.03,52.58,715.44,50.84,-0.00449,-0.0149,-0.0015,-0.07657,1080.0,1099.0,1261.0,2180.0,2084.0,1680.0,1103.0,1100.0,1068.0,0.87554,0.48315,0.84603,-0.53314,180,2014-11-17,259,451.0,-0.38982,train
2014-03-04,bhsi_value,662.0,6.49527,666.0,669.0,673.0,679.0,677.0,677.0,665.0,682.0,715.0,771.0,671.71,5.95,673.21,5.09,681.53,15.21,726.22,52.94,715.74,50.44,-0.00602,-0.02241,-0.00452,-0.07702,1062.0,1080.0,1244.0,2326.0,2180.0,1701.0,1107.0,1103.0,1087.0,0.88372,0.46802,0.82719,-0.56192,180,2014-11-18,259,453.0,-0.37937,train
2014-03-05,bhsi_value,661.0,6.49375,662.0,666.0,669.0,674.0,679.0,678.0,668.0,681.0,715.0,776.0,669.14,6.13,672.71,5.86,679.73,14.31,724.3,53.19,716.02,50.07,-0.00151,-0.02687,-0.01053,-0.07853,1053.0,1062.0,1222.0,2596.0,2326.0,1707.0,1115.0,1107.0,1098.0,0.89164,0.45274,0.80737,-0.59004,180,2014-11-19,259,455.0,-0.37346,train
2014-03-06,bhsi_value,663.0,6.49677,661.0,662.0,666.0,673.0,679.0,676.0,671.0,677.0,715.0,782.0,666.86,4.88,672.14,6.37,678.0,13.02,722.32,53.22,716.29,49.72,0.00302,-0.02385,-0.01199,-0.07551,1056.0,1053.0,1187.0,2830.0,2596.0,1775.0,1116.0,1115.0,1096.0,0.8993,0.43734,0.7866,-0.61747,180,2014-11-20,259,457.0,-0.37209,train
2014-03-07,bhsi_value,663.0,6.49677,663.0,661.0,662.0,669.0,674.0,677.0,676.0,676.0,712.0,786.0,665.29,4.03,671.21,6.68,676.37,11.66,720.27,53.09,716.5,49.45,0.0,-0.01646,-0.01942,-0.0713,1075.0,1056.0,1154.0,2980.0,2830.0,1912.0,1122.0,1116.0,1096.0,0.90669,0.42181,0.76489,-0.64416,180,2014-11-21,259,462.0,-0.36121,train
2014-03-10,bhsi_value,663.0,6.49677,663.0,663.0,661.0,666.0,673.0,679.0,677.0,674.0,708.0,789.0,663.86,2.53,670.21,6.78,674.87,10.31,718.17,52.82,716.66,49.26,0.0,-0.01497,-0.0209,-0.06567,1088.0,1075.0,1123.0,3023.0,2980.0,2049.0,1131.0,1122.0,1097.0,0.92724,0.37447,0.69445,-0.71954,180,2014-11-24,259,469.0,-0.34617,train
2014-03-11,bhsi_value,666.0,6.50129,663.0,663.0,663.0,662.0,669.0,679.0,678.0,669.0,705.0,792.0,663.43,1.76,669.36,6.5,673.57,8.77,716.07,52.35,716.8,49.09,0.00451,-0.00449,-0.01786,-0.05691,1104.0,1088.0,1099.0,3045.0,3023.0,2084.0,1137.0,1131.0,1100.0,0.93354,0.35847,0.66929,-0.743,180,2014-11-25,259,476.0,-0.33587,train
2014-03-12,bhsi_value,668.0,6.50429,666.0,663.0,663.0,661.0,666.0,674.0,676.0,667.0,700.0,796.0,663.71,2.25,668.79,6.24,672.5,7.32,713.93,51.65,716.93,48.94,0.003,0.003,-0.0119,-0.04679,1102.0,1104.0,1080.0,2600.0,3045.0,2180.0,1149.0,1137.0,1103.0,0.93957,0.34236,0.64334,-0.76558,180,2014-11-26,259,482.0,-0.32634,train
2014-03-13,bhsi_value,668.0,6.50429,668.0,666.0,663.0,663.0,662.0,673.0,677.0,665.0,691.0,803.0,664.57,2.56,668.14,5.8,671.73,6.5,711.68,50.65,717.02,48.85,0.0,0.00902,-0.01338,-0.03385,1106.0,1102.0,1062.0,2654.0,2600.0,2326.0,1159.0,1149.0,1107.0,0.94532,0.32614,0.61662,-0.78726,180,2014-11-27,259,487.0,-0.31602,train
2014-03-14,bhsi_value,671.0,6.50877,668.0,668.0,666.0,663.0,661.0,669.0,679.0,668.0,684.0,810.0,666.0,2.93,667.57,5.05,671.3,6.08,709.37,49.26,717.09,48.78,0.00448,0.01502,-0.01185,-0.01919,1113.0,1106.0,1053.0,2677.0,2654.0,2596.0,1173.0,1159.0,1115.0,0.95079,0.30983,0.58918,-0.808,180,2014-11-28,259,491.0,-0.31233,train
2014-03-17,bhsi_value,671.0,6.50877,671.0,668.0,668.0,663.0,663.0,666.0,679.0,671.0,682.0,814.0,667.14,3.09,667.0,4.09,670.93,5.75,706.98,47.58,717.11,48.76,0.0,0.01199,-0.01185,-0.01626,1116.0,1113.0,1056.0,2691.0,2677.0,2830.0,1183.0,1173.0,1116.0,0.96551,0.26038,0.50279,-0.86441,180,2014-12-01,259,492.0,-0.31029,train
2014-03-18,bhsi_value,668.0,6.50429,671.0,671.0,668.0,666.0,663.0,662.0,674.0,676.0,681.0,817.0,667.86,2.59,666.57,3.62,670.5,5.46,704.5,45.62,717.06,48.81,-0.00448,0.00751,-0.00894,-0.01927,1118.0,1116.0,1075.0,2818.0,2691.0,2980.0,1191.0,1183.0,1122.0,0.96984,0.24373,0.47276,-0.88119,180,2014-12-02,259,495.0,-0.29973,train
2014-03-19,bhsi_value,667.0,6.50279,668.0,671.0,671.0,668.0,663.0,661.0,673.0,677.0,677.0,821.0,668.43,1.76,666.14,3.16,670.17,5.35,701.93,43.26,716.93,48.92,-0.0015,0.00602,-0.00896,-0.01488,1120.0,1118.0,1088.0,2982.0,2818.0,3023.0,1198.0,1191.0,1131.0,0.97389,0.22701,0.44217,-0.89693,180,2014-12-03,259,498.0,-0.29219,train
2014-03-20,bhsi_value,671.0,6.50877,667.0,668.0,671.0,668.0,666.0,663.0,669.0,678.0,676.0,820.0,669.14,1.64,666.29,3.33,670.0,5.25,699.45,40.61,716.82,49.02,0.00598,0.00748,0.00299,-0.00742,1120.0,1120.0,1104.0,3129.0,2982.0,3045.0,1200.0,1198.0,1137.0,0.97765,0.21022,0.41105,-0.91161,180,2014-12-04,259,498.0,-0.29817,train
2014-03-21,bhsi_value,674.0,6.51323,671.0,667.0,668.0,671.0,668.0,663.0,666.0,676.0,674.0,818.0,670.0,2.27,666.86,3.87,670.0,5.25,697.05,37.68,716.7,49.11,0.00446,0.00894,0.01194,0.0,1112.0,1120.0,1102.0,3036.0,3129.0,2600.0,1205.0,1200.0,1149.0,0.98112,0.19338,0.37945,-0.92521,180,2014-12-05,259,499.0,-0.30062,train
2014-03-24,bhsi_value,676.0,6.51619,674.0,671.0,667.0,671.0,668.0,663.0,662.0,677.0,669.0,811.0,671.14,2.9,667.86,4.27,670.23,5.35,694.8,34.72,716.54,49.21,0.00296,0.0119,0.02093,0.01041,1107.0,1112.0,1106.0,3055.0,3036.0,2654.0,1209.0,1205.0,1159.0,0.98979,0.14251,0.28211,-0.95938,180,2014-12-08,259,497.0,-0.3076,train
2014-03-25,bhsi_value,676.0,6.51619,676.0,674.0,671.0,668.0,671.0,666.0,661.0,679.0,667.0,805.0,671.86,3.36,668.93,4.3,670.53,5.41,692.65,31.69,716.37,49.33,0.0,0.00742,0.02244,0.0134,1088.0,1107.0,1113.0,2993.0,3055.0,2677.0,1207.0,1209.0,1173.0,0.9921,0.12546,0.24894,-0.96852,180,2014-12-09,259,497.0,-0.3076,train
2014-03-26,bhsi_value,672.0,6.51026,676.0,676.0,674.0,667.0,671.0,668.0,663.0,679.0,665.0,801.0,672.0,3.34,669.57,4.03,670.77,5.32,690.5,28.48,716.13,49.49,-0.00593,0.00149,0.01348,0.01047,1062.0,1088.0,1116.0,2761.0,2993.0,2691.0,1201.0,1207.0,1183.0,0.99411,0.10838,0.21548,-0.97651,180,2014-12-10,259,494.0,-0.30772,train
2014-03-27,bhsi_value,659.0,6.49072,672.0,676.0,676.0,671.0,668.0,668.0,663.0,674.0,668.0,773.0,670.71,5.6,669.29,4.59,670.47,5.71,688.6,26.66,715.72,49.81,-0.01953,-0.01356,-0.00605,-0.01356,1018.0,1062.0,1118.0,2579.0,2761.0,2818.0,1180.0,1201.0,1191.0,0.99583,0.09126,0.18176,-0.98334,180,2014-12-11,259,492.0,-0.29224,train
2014-03-28,bhsi_value,649.0,6.47543,659.0,672.0,676.0,674.0,667.0,671.0,663.0,673.0,671.0,763.0,668.14,9.49,668.29,6.83,669.73,6.88,686.7,25.32,715.17,50.27,-0.01529,-0.02736,-0.02134,-0.03334,978.0,1018.0,1120.0,2557.0,2579.0,2982.0,1139.0,1180.0,1198.0,0.99725,0.07412,0.14783,-0.98901,180,2014-12-12,259,493.0,-0.27492,train
2014-03-31,bhsi_value,642.0,6.46459,649.0,659.0,672.0,676.0,671.0,671.0,666.0,669.0,676.0,750.0,664.0,13.02,666.57,9.63,668.6,8.39,684.9,24.58,714.49,50.84,-0.01084,-0.04418,-0.0367,-0.0516,942.0,978.0,1120.0,2573.0,2557.0,3129.0,1115.0,1139.0,1200.0,0.99975,0.02258,0.04514,-0.99898,180,2014-12-15,259,493.0,-0.26408,train
2014-04-01,bhsi_value,632.0,6.44889,642.0,649.0,659.0,676.0,674.0,668.0,668.0,666.0,677.0,744.0,658.0,16.29,664.0,13.09,667.1,10.51,683.03,24.28,713.68,51.56,-0.0157,-0.06434,-0.0554,-0.06878,897.0,942.0,1112.0,2505.0,2573.0,3036.0,1090.0,1115.0,1205.0,0.99999,0.00538,0.01075,-0.99994,180,2014-12-16,259,495.0,-0.24433,train
2014-04-02,bhsi_value,621.0,6.43133,632.0,642.0,649.0,672.0,676.0,667.0,668.0,662.0,678.0,741.0,650.14,18.79,660.64,17.06,665.2,13.18,681.03,24.36,712.71,52.46,-0.01756,-0.08486,-0.07296,-0.08782,867.0,897.0,1107.0,2418.0,2505.0,3055.0,1068.0,1090.0,1209.0,0.99993,-0.01183,-0.02365,-0.99972,180,2014-12-17,259,496.0,-0.22476,train
2014-04-03,bhsi_value,610.0,6.41346,621.0,632.0,642.0,659.0,676.0,671.0,671.0,661.0,676.0,735.0,640.71,19.97,656.29,21.15,663.0,16.33,678.95,24.99,711.54,53.56,-0.01787,-0.10273,-0.09531,-0.10273,836.0,867.0,1088.0,2343.0,2418.0,2993.0,1047.0,1068.0,1207.0,0.99958,-0.02903,-0.05803,-0.99832,180,2014-12-18,259,496.0,-0.20688,train
2014-04-04,bhsi_value,598.0,6.39359,610.0,621.0,632.0,649.0,672.0,674.0,671.0,663.0,677.0,730.0,630.14,20.19,651.07,25.45,660.37,19.85,676.75,26.18,710.18,54.85,-0.01987,-0.11667,-0.11518,-0.12408,822.0,836.0,1062.0,2306.0,2343.0,2761.0,1025.0,1047.0,1201.0,0.99893,-0.04622,-0.09233,-0.99573,180,2014-12-19,259,497.0,-0.185,train
2014-04-07,bhsi_value,588.0,6.37673,598.0,610.0,621.0,642.0,659.0,676.0,668.0,663.0,679.0,726.0,620.0,20.97,645.36,29.64,657.33,23.4,674.45,27.77,708.62,56.29,-0.01686,-0.114,-0.12756,-0.14389,812.0,822.0,1018.0,2293.0,2306.0,2579.0,1003.0,1025.0,1180.0,0.99522,-0.09768,-0.19443,-0.98092,180,2014-12-22,259,495.0,-0.17217,train
2014-04-08,bhsi_value,580.0,6.36303,588.0,598.0,610.0,632.0,649.0,676.0,667.0,663.0,679.0,725.0,610.14,21.24,639.14,33.34,654.03,26.84,672.03,29.52,706.93,57.82,-0.0137,-0.1124,-0.13976,-0.15759,801.0,812.0,978.0,2029.0,2293.0,2557.0,982.0,1003.0,1139.0,0.99339,-0.11479,-0.22806,-0.97365,180,2014-12-23,259,495.0,-0.15847,train
2014-04-09,bhsi_value,571.0,6.34739,580.0,588.0,598.0,621.0,642.0,672.0,671.0,666.0,674.0,724.0,600.0,20.54,632.0,36.33,650.6,30.42,669.48,31.47,705.09,59.46,-0.01564,-0.1172,-0.16138,-0.16584,794.0,801.0,942.0,1946.0,2029.0,2573.0,965.0,982.0,1115.0,0.99127,-0.13186,-0.26141,-0.96523,180,2014-12-24,259,495.0,-0.14283,train
2014-04-10,bhsi_value,562.0,6.3315,571.0,580.0,588.0,610.0,632.0,659.0,674.0,668.0,673.0,722.0,590.0,19.54,624.0,38.47,646.9,34.01,666.82,33.61,703.06,61.16,-0.01589,-0.11739,-0.18173,-0.18024,787.0,794.0,897.0,1865.0,1946.0,2505.0,949.0,965.0,1090.0,0.98885,-0.14889,-0.29446,-0.95566,180,2015-01-02,267,488.0,-0.14119,train
2014-04-11,bhsi_value,556.0,6.32077,562.0,571.0,580.0,598.0,621.0,649.0,676.0,668.0,669.0,719.0,580.71,17.99,615.43,39.29,643.13,37.44,664.1,35.8,700.82,62.8,-0.01073,-0.11056,-0.19542,-0.18502,782.0,787.0,867.0,1789.0,1865.0,2418.0,936.0,949.0,1068.0,0.98615,-0.16588,-0.32716,-0.94497,180,2015-01-05,269,482.0,-0.14282,train
2014-04-14,bhsi_value,549.0,6.3081,556.0,562.0,571.0,588.0,610.0,642.0,676.0,671.0,666.0,719.0,572.0,16.4,606.36,38.91,639.23,40.8,661.27,38.0,698.43,64.42,-0.01267,-0.10536,-0.20809,-0.19319,778.0,782.0,836.0,1765.0,1789.0,2343.0,927.0,936.0,1047.0,0.97628,-0.21653,-0.42278,-0.90623,180,2015-01-06,267,479.0,-0.1364,train
2014-04-15,bhsi_value,543.0,6.29711,549.0,556.0,562.0,580.0,598.0,632.0,672.0,671.0,662.0,715.0,564.14,15.19,597.14,37.53,635.27,44.04,658.4,40.26,695.9,65.98,-0.01099,-0.09648,-0.21315,-0.19816,777.0,778.0,822.0,1724.0,1765.0,2306.0,921.0,927.0,1025.0,0.97241,-0.23329,-0.4537,-0.89115,180,2015-01-07,267,466.0,-0.15292,train
2014-04-16,bhsi_value,536.0,6.28413,543.0,549.0,556.0,571.0,588.0,621.0,659.0,668.0,661.0,715.0,556.71,14.4,588.36,36.4,631.1,47.21,655.42,42.52,693.23,67.52,-0.01298,-0.09259,-0.20659,-0.20962,792.0,777.0,812.0,1613.0,1724.0,2293.0,916.0,921.0,1003.0,0.96825,-0.24998,-0.48409,-0.87502,180,2015-01-08,267,455.0,-0.16384,train
2014-04-17,bhsi_value,533.0,6.27852,536.0,543.0,549.0,562.0,580.0,610.0,649.0,667.0,663.0,715.0,550.0,12.85,580.07,34.82,626.77,49.97,652.38,44.6,690.47,68.91,-0.00561,-0.08451,-0.19691,-0.21825,812.0,792.0,801.0,1591.0,1613.0,2029.0,909.0,916.0,982.0,0.96381,-0.2666,-0.5139,-0.85785,180,2015-01-09,267,446.0,-0.1782,train
2014-04-22,bhsi_value,528.0,6.2691,533.0,536.0,543.0,556.0,571.0,598.0,642.0,671.0,663.0,712.0,543.86,11.56,571.93,32.65,622.27,52.52,649.32,46.68,687.6,70.23,-0.00943,-0.07829,-0.19549,-0.22768,828.0,812.0,794.0,1616.0,1591.0,1946.0,908.0,909.0,965.0,0.93734,-0.34841,-0.65316,-0.75722,180,2015-01-12,265,441.0,-0.18005,train
2014-04-23,bhsi_value,524.0,6.26149,528.0,533.0,536.0,549.0,562.0,588.0,632.0,674.0,663.0,708.0,538.43,10.65,564.21,30.21,617.63,54.8,646.25,48.72,684.66,71.47,-0.0076,-0.07001,-0.1874,-0.23528,840.0,828.0,787.0,1674.0,1616.0,1865.0,909.0,908.0,949.0,0.93121,-0.36448,-0.67882,-0.7343,180,2015-01-13,265,435.0,-0.18615,train
2014-04-24,bhsi_value,520.0,6.25383,524.0,528.0,533.0,543.0,556.0,580.0,621.0,676.0,666.0,705.0,533.29,9.56,557.0,27.75,612.77,56.74,643.17,50.72,681.63,72.6,-0.00766,-0.06694,-0.1775,-0.24746,852.0,840.0,782.0,1692.0,1674.0,1789.0,911.0,909.0,936.0,0.9248,-0.38045,-0.70368,-0.71052,180,2015-01-14,265,429.0,-0.19237,train
2014-04-25,bhsi_value,517.0,6.24804,520.0,524.0,528.0,536.0,549.0,571.0,610.0,676.0,668.0,700.0,528.71,8.55,550.36,25.29,607.73,58.29,640.12,52.67,678.53,73.6,-0.00579,-0.06006,-0.16542,-0.25625,864.0,852.0,778.0,1696.0,1692.0,1765.0,909.0,911.0,927.0,0.91812,-0.3963,-0.7277,-0.68589,180,2015-01-15,265,425.0,-0.19595,train
2014-04-28,bhsi_value,517.0,6.24804,517.0,520.0,524.0,533.0,543.0,562.0,598.0,672.0,668.0,691.0,525.0,7.05,544.57,22.87,602.7,59.38,637.22,54.55,675.36,74.33,0.0,-0.04907,-0.14555,-0.25625,868.0,864.0,777.0,1668.0,1696.0,1724.0,912.0,909.0,921.0,0.89646,-0.44313,-0.7945,-0.60727,180,2015-01-16,263,418.0,-0.21256,train
2014-04-29,bhsi_value,515.0,6.24417,517.0,517.0,520.0,528.0,536.0,556.0,588.0,659.0,671.0,684.0,522.0,6.14,539.36,20.59,597.5,60.0,634.4,56.39,672.08,74.83,-0.00388,-0.03997,-0.13256,-0.2646,872.0,868.0,792.0,1613.0,1668.0,1613.0,916.0,912.0,916.0,0.8887,-0.45849,-0.81492,-0.57958,180,2015-01-19,265,415.0,-0.21589,train
2014-04-30,bhsi_value,513.0,6.24028,515.0,517.0,517.0,524.0,533.0,549.0,580.0,649.0,671.0,682.0,519.14,4.88,534.57,18.24,592.23,60.25,631.58,58.14,668.73,75.13,-0.00389,-0.03825,-0.12275,-0.26849,871.0,872.0,812.0,1600.0,1613.0,1591.0,922.0,916.0,909.0,0.88068,-0.47371,-0.83437,-0.5512,180,2015-01-20,265,410.0,-0.22412,train
2014-05-01,bhsi_value,514.0,6.24222,513.0,515.0,517.0,520.0,528.0,543.0,571.0,642.0,668.0,681.0,517.14,3.52,530.5,15.86,587.1,60.14,628.8,59.68,665.37,75.2,0.00195,-0.02687,-0.10517,-0.26206,871.0,871.0,828.0,1716.0,1600.0,1616.0,919.0,922.0,908.0,0.8724,-0.48879,-0.85284,-0.52218,180,2015-01-21,265,402.0,-0.24577,train
2014-05-02,bhsi_value,510.0,6.23441,514.0,513.0,515.0,517.0,524.0,536.0,562.0,632.0,667.0,677.0,515.14,3.0,526.79,14.03,581.87,59.79,626.02,61.24,661.91,75.12,-0.00781,-0.02708,-0.09709,-0.26838,865.0,871.0,840.0,1829.0,1716.0,1674.0,915.0,919.0,909.0,0.86387,-0.50372,-0.87029,-0.49253,180,2015-01-22,265,392.0,-0.26315,train
2014-05-06,bhsi_value,510.0,6.23441,510.0,514.0,513.0,517.0,520.0,533.0,556.0,621.0,671.0,676.0,513.71,2.71,523.5,12.05,576.5,58.76,623.25,62.66,658.47,74.9,0.0,-0.01942,-0.08636,-0.27436,866.0,865.0,852.0,1691.0,1829.0,1692.0,915.0,915.0,911.0,0.82719,-0.56192,-0.92963,-0.36848,180,2015-01-23,262,380.0,-0.29424,train
2014-05-07,bhsi_value,509.0,6.23245,510.0,510.0,514.0,515.0,517.0,528.0,549.0,610.0,674.0,674.0,512.57,2.77,520.64,10.27,571.0,57.08,620.5,63.98,655.03,74.59,-0.00196,-0.01559,-0.07565,-0.28078,869.0,866.0,864.0,1681.0,1691.0,1696.0,917.0,915.0,909.0,0.8174,-0.57607,-0.94176,-0.33629,180,2015-01-26,264,373.0,-0.31087,train
2014-05-08,bhsi_value,508.0,6.23048,509.0,510.0,510.0,513.0,517.0,524.0,543.0,598.0,676.0,669.0,511.29,2.49,518.14,8.66,565.4,54.69,617.82,65.25,651.67,74.31,-0.00197,-0.01756,-0.06663,-0.28571,879.0,869.0,868.0,1613.0,1681.0,1668.0,920.0,917.0,912.0,0.80737,-0.59004,-0.95277,-0.3037,180,2015-01-27,264,364.0,-0.33333,train
2014-05-09,bhsi_value,506.0,6.22654,508.0,509.0,510.0,514.0,515.0,520.0,536.0,588.0,676.0,667.0,510.0,2.56,516.0,7.63,559.73,51.66,615.13,66.47,648.34,74.06,-0.00394,-0.01763,-0.0576,-0.28966,898.0,879.0,872.0,1541.0,1613.0,1613.0,918.0,920.0,916.0,0.7971,-0.60385,-0.96265,-0.27074,180,2015-01-28,264,356.0,-0.35161,train
2014-05-12,bhsi_value,504.0,6.22258,506.0,508.0,509.0,510.0,513.0,517.0,533.0,580.0,672.0,665.0,508.71,2.96,513.93,6.6,554.13,48.18,612.45,67.64,645.04,73.8,-0.00396,-0.0177,-0.05595,-0.28768,910.0,898.0,871.0,1483.0,1541.0,1600.0,909.0,918.0,922.0,0.76489,-0.64416,-0.98542,-0.17012,180,2015-01-29,262,348.0,-0.37037,train
2014-05-13,bhsi_value,502.0,6.2186,504.0,506.0,508.0,510.0,514.0,517.0,528.0,571.0,659.0,668.0,507.0,2.88,512.07,6.01,548.9,44.92,609.68,68.7,642.03,74.05,-0.00398,-0.02362,-0.0505,-0.27212,933.0,910.0,871.0,1453.0,1483.0,1716.0,905.0,909.0,919.0,0.7537,-0.65722,-0.99069,-0.13612,180,2015-01-30,262,340.0,-0.38965,train
2014-05-14,bhsi_value,497.0,6.20859,502.0,504.0,506.0,509.0,510.0,515.0,524.0,562.0,649.0,671.0,505.14,4.22,510.14,6.2,543.83,41.81,606.78,69.72,639.08,74.47,-0.01001,-0.02582,-0.0529,-0.26684,969.0,933.0,865.0,1496.0,1453.0,1829.0,904.0,905.0,915.0,0.74228,-0.67009,-0.99479,-0.10196,180,2015-02-02,264,332.0,-0.40346,train
2014-05-15,bhsi_value,490.0,6.19441,497.0,502.0,504.0,508.0,510.0,513.0,520.0,556.0,642.0,676.0,502.29,6.25,508.0,7.47,538.77,38.7,603.68,70.7,636.19,75.15,-0.01418,-0.04001,-0.05942,-0.27018,1016.0,969.0,866.0,1546.0,1496.0,1691.0,904.0,904.0,915.0,0.73064,-0.68276,-0.99771,-0.06768,180,2015-02-03,264,326.0,-0.40751,train
2014-05-16,bhsi_value,485.0,6.18415,490.0,497.0,502.0,506.0,509.0,514.0,517.0,549.0,632.0,677.0,498.86,7.97,505.71,9.09,533.87,35.78,600.48,71.65,633.31,75.92,-0.01026,-0.0483,-0.06389,-0.26474,1041.0,1016.0,869.0,1530.0,1546.0,1681.0,901.0,904.0,917.0,0.71879,-0.69523,-0.99944,-0.03332,180,2015-02-04,264,321.0,-0.41271,train
2014-05-19,bhsi_value,483.0,6.18002,485.0,490.0,497.0,504.0,508.0,510.0,517.0,543.0,621.0,678.0,495.29,8.65,503.29,10.22,529.27,33.05,597.23,72.47,630.44,76.67,-0.00413,-0.05046,-0.06803,-0.25131,1054.0,1041.0,879.0,1494.0,1530.0,1613.0,899.0,901.0,920.0,0.68197,-0.73138,-0.99756,0.06983,180,2015-02-05,262,309.0,-0.44668,train
2014-05-20,bhsi_value,482.0,6.17794,483.0,485.0,490.0,502.0,506.0,510.0,515.0,536.0,610.0,676.0,491.86,8.48,500.93,11.02,525.0,30.51,594.0,73.21,627.63,77.42,-0.00207,-0.04859,-0.06622,-0.23551,1061.0,1054.0,898.0,1431.0,1494.0,1541.0,896.0,899.0,918.0,0.66929,-0.743,-0.99457,0.1041,180,2015-02-06,262,301.0,-0.47083,train
2014-05-21,bhsi_value,480.0,6.17379,482.0,483.0,485.0,497.0,504.0,509.0,513.0,533.0,598.0,677.0,488.43,7.69,498.57,11.7,521.07,28.38,590.72,73.83,624.86,78.18,-0.00416,-0.04879,-0.06649,-0.2198,1056.0,1061.0,910.0,1354.0,1431.0,1483.0,891.0,896.0,909.0,0.65641,-0.7544,-0.9904,0.13825,180,2015-02-09,264,295.0,-0.48681,train
2014-05-22,bhsi_value,480.0,6.17379,480.0,482.0,483.0,490.0,502.0,508.0,514.0,528.0,588.0,679.0,485.29,5.75,496.14,11.77,517.47,26.44,587.4,74.26,622.12,78.89,0.0,-0.04481,-0.06844,-0.20294,1028.0,1056.0,933.0,1302.0,1354.0,1453.0,884.0,891.0,905.0,0.64334,-0.76558,-0.98506,0.17224,180,2015-02-10,264,289.0,-0.50736,train
2014-05-23,bhsi_value,480.0,6.17379,480.0,480.0,482.0,485.0,497.0,506.0,510.0,524.0,580.0,679.0,482.86,3.4,494.0,11.78,514.13,24.59,584.08,74.54,619.4,79.52,0.0,-0.0348,-0.06062,-0.18924,1001.0,1028.0,969.0,1358.0,1302.0,1496.0,872.0,884.0,904.0,0.63007,-0.77654,-0.97855,0.20602,180,2015-02-11,264,281.0,-0.53543,train
2014-05-27,bhsi_value,481.0,6.17587,480.0,480.0,480.0,483.0,490.0,504.0,510.0,520.0,571.0,674.0,481.57,1.76,491.93,11.33,511.13,22.9,580.87,74.75,616.7,80.04,0.00208,-0.01854,-0.05854,-0.17152,971.0,1001.0,1016.0,1457.0,1358.0,1546.0,866.0,872.0,904.0,0.57519,-0.81802,-0.94103,0.33831,180,2015-02-12,261,273.0,-0.5664,train
2014-05-28,bhsi_value,481.0,6.17587,481.0,480.0,480.0,482.0,485.0,502.0,509.0,517.0,562.0,673.0,481.0,1.07,489.93,10.59,508.43,21.48,577.67,74.85,614.02,80.51,0.0,-0.00828,-0.05658,-0.15563,940.0,971.0,1041.0,1405.0,1457.0,1530.0,855.0,866.0,901.0,0.56103,-0.82779,-0.92884,0.37048,180,2015-02-13,261,268.0,-0.58488,train
2014-05-29,bhsi_value,484.0,6.18208,481.0,481.0,480.0,480.0,483.0,497.0,508.0,517.0,556.0,669.0,481.14,1.36,488.21,9.4,506.03,20.0,574.58,74.83,611.41,80.87,0.00622,0.00207,-0.0484,-0.13868,904.0,940.0,1054.0,1379.0,1405.0,1494.0,846.0,855.0,899.0,0.54671,-0.83732,-0.91555,0.40221,180,2015-02-16,263,263.0,-0.60993,train
2014-05-30,bhsi_value,485.0,6.18415,484.0,481.0,481.0,480.0,482.0,490.0,506.0,515.0,549.0,666.0,481.57,1.92,486.71,8.01,503.9,18.67,571.57,74.73,608.81,81.13,0.00206,0.0062,-0.04239,-0.12395,872.0,904.0,1061.0,1395.0,1379.0,1431.0,839.0,846.0,896.0,0.53223,-0.8466,-0.90117,0.43347,180,2015-02-17,263,261.0,-0.61963,train
2014-06-02,bhsi_value,485.0,6.18415,485.0,484.0,481.0,480.0,480.0,485.0,504.0,513.0,543.0,662.0,482.29,2.12,485.36,6.42,501.97,17.49,568.62,74.6,606.26,81.37,0.0,0.01036,-0.03843,-0.11296,846.0,872.0,1056.0,1429.0,1395.0,1354.0,830.0,839.0,891.0,0.48785,-0.87293,-0.85171,0.52401,180,2015-02-18,261,260.0,-0.62347,train
2014-06-03,bhsi_value,485.0,6.18415,485.0,485.0,484.0,481.0,480.0,483.0,502.0,514.0,536.0,661.0,483.0,2.07,484.14,4.47,500.27,16.55,565.68,74.37,603.7,81.52,0.0,0.01036,-0.03445,-0.09999,816.0,846.0,1028.0,1545.0,1429.0,1302.0,829.0,830.0,884.0,0.47276,-0.88119,-0.83318,0.553,180,2015-02-19,261,267.0,-0.5969,train
2014-06-04,bhsi_value,484.0,6.18208,485.0,485.0,485.0,481.0,480.0,482.0,497.0,510.0,533.0,663.0,483.57,1.68,483.21,2.7,498.63,15.63,562.7,73.99,601.13,81.61,-0.00206,0.0083,-0.02651,-0.09644,786.0,816.0,1001.0,1604.0,1545.0,1358.0,829.0,829.0,872.0,0.45753,-0.88919,-0.81367,0.58133,180,2015-02-20,261,270.0,-0.58366,train
2014-06-05,bhsi_value,482.0,6.17794,484.0,485.0,485.0,484.0,481.0,480.0,490.0,510.0,528.0,663.0,483.71,1.48,482.64,1.95,497.1,14.91,559.68,73.53,598.58,81.7,-0.00414,0.00208,-0.01646,-0.09115,758.0,786.0,971.0,1689.0,1604.0,1457.0,821.0,829.0,866.0,0.44217,-0.89693,-0.79319,0.60897,180,2015-02-23,263,266.0,-0.59445,train
2014-06-06,bhsi_value,481.0,6.17587,482.0,484.0,485.0,485.0,481.0,480.0,485.0,509.0,524.0,663.0,483.71,1.48,482.36,1.87,495.67,14.31,556.65,72.96,596.06,81.79,-0.00208,0.0,-0.00828,-0.08562,727.0,758.0,940.0,1793.0,1689.0,1405.0,811.0,821.0,855.0,0.42667,-0.90441,-0.77177,0.6359,180,2015-02-24,263,274.0,-0.56274,train
2014-06-09,bhsi_value,478.0,6.16961,481.0,482.0,484.0,485.0,484.0,480.0,483.0,508.0,520.0,666.0,482.86,2.47,482.0,2.17,494.27,13.91,553.52,72.23,593.53,81.89,-0.00626,-0.01247,-0.01041,-0.08422,713.0,727.0,904.0,1846.0,1793.0,1379.0,802.0,811.0,846.0,0.37945,-0.92521,-0.70215,0.71203,180,2015-02-25,261,289.0,-0.50318,train
2014-06-10,bhsi_value,475.0,6.16331,478.0,481.0,482.0,485.0,485.0,481.0,482.0,506.0,517.0,668.0,481.43,3.5,481.5,2.82,492.87,13.67,550.3,71.35,591.03,82.04,-0.0063,-0.02083,-0.01463,-0.08473,699.0,713.0,872.0,1903.0,1846.0,1395.0,797.0,802.0,839.0,0.36348,-0.9316,-0.67724,0.73576,180,2015-02-26,261,300.0,-0.45953,train
2014-06-11,bhsi_value,469.0,6.1506,475.0,478.0,481.0,484.0,485.0,481.0,480.0,504.0,517.0,668.0,479.14,5.22,480.71,4.28,491.27,13.56,546.98,70.42,588.57,82.33,-0.01271,-0.03355,-0.02318,-0.09744,678.0,699.0,846.0,1864.0,1903.0,1429.0,787.0,797.0,830.0,0.3474,-0.93772,-0.65153,0.75862,180,2015-02-27,261,308.0,-0.4205,train
2014-06-12,bhsi_value,465.0,6.14204,469.0,475.0,478.0,482.0,485.0,484.0,480.0,502.0,515.0,671.0,476.29,6.54,479.64,5.9,489.6,13.61,543.55,69.3,586.13,82.71,-0.00857,-0.04211,-0.03175,-0.10213,635.0,678.0,816.0,1792.0,1864.0,1545.0,774.0,787.0,829.0,0.33122,-0.94355,-0.62505,0.78058,180,2015-03-02,263,318.0,-0.37999,train
2014-06-13,bhsi_value,459.0,6.12905,465.0,469.0,475.0,481.0,484.0,485.0,480.0,497.0,513.0,671.0,472.71,8.01,478.14,7.94,487.8,13.96,540.02,68.11,583.66,83.14,-0.01299,-0.05303,-0.04474,-0.11123,582.0,635.0,786.0,1730.0,1792.0,1604.0,760.0,774.0,829.0,0.31494,-0.94911,-0.59783,0.80162,180,2015-03-03,263,327.0,-0.33909,train
2014-06-16,bhsi_value,450.0,6.10925,459.0,465.0,469.0,478.0,482.0,485.0,481.0,490.0,514.0,668.0,468.14,10.23,475.93,10.68,485.67,14.67,536.38,66.99,581.09,83.66,-0.0198,-0.0687,-0.06662,-0.13298,542.0,582.0,758.0,1695.0,1730.0,1689.0,748.0,760.0,821.0,0.26556,-0.96409,-0.51206,0.85895,180,2015-03-04,261,338.0,-0.2862,train
2014-06-17,bhsi_value,446.0,6.10032,450.0,459.0,465.0,475.0,481.0,485.0,481.0,485.0,510.0,667.0,463.14,11.23,473.43,13.04,483.53,15.6,532.7,65.77,578.52,84.22,-0.00893,-0.07555,-0.07555,-0.13409,514.0,542.0,727.0,1676.0,1695.0,1793.0,740.0,748.0,811.0,0.24894,-0.96852,-0.48221,0.87606,180,2015-03-05,261,348.0,-0.24812,train
2014-06-18,bhsi_value,443.0,6.09357,446.0,450.0,459.0,469.0,478.0,484.0,484.0,483.0,510.0,671.0,458.14,11.29,470.5,14.82,481.3,16.42,528.9,64.24,575.93,84.76,-0.00675,-0.07604,-0.08852,-0.14084,492.0,514.0,713.0,1767.0,1676.0,1846.0,724.0,740.0,802.0,0.23224,-0.97266,-0.45179,0.89213,180,2015-03-06,261,352.0,-0.22994,train
2014-06-19,bhsi_value,442.0,6.09131,443.0,446.0,450.0,465.0,475.0,482.0,485.0,482.0,509.0,674.0,453.43,10.1,467.43,15.91,479.07,17.05,525.03,62.35,573.36,85.27,-0.00226,-0.072,-0.09284,-0.14114,474.0,492.0,699.0,1919.0,1767.0,1903.0,715.0,724.0,797.0,0.21548,-0.97651,-0.42083,0.90714,180,2015-03-09,263,356.0,-0.21638,train
2014-06-20,bhsi_value,441.0,6.08904,442.0,443.0,446.0,459.0,469.0,481.0,485.0,480.0,508.0,676.0,449.43,8.57,464.29,16.46,476.83,17.49,521.12,60.08,570.82,85.77,-0.00227,-0.06156,-0.0951,-0.14144,461.0,474.0,678.0,1950.0,1919.0,1864.0,708.0,715.0,787.0,0.19865,-0.98007,-0.38938,0.92108,180,2015-03-10,263,357.0,-0.21131,train
2014-06-23,bhsi_value,440.0,6.08677,441.0,442.0,443.0,450.0,465.0,478.0,485.0,480.0,506.0,676.0,445.86,6.22,461.07,16.5,474.63,17.84,517.18,57.48,568.3,86.25,-0.00227,-0.05526,-0.09737,-0.13976,452.0,461.0,635.0,1896.0,1950.0,1792.0,704.0,708.0,774.0,0.14783,-0.98901,-0.29241,0.95629,180,2015-03-11,261,361.0,-0.1979,train
2014-06-24,bhsi_value,438.0,6.08222,440.0,441.0,442.0,446.0,459.0,475.0,484.0,480.0,504.0,672.0,442.86,3.72,457.79,16.18,472.43,18.15,513.28,54.72,565.78,86.7,-0.00456,-0.04683,-0.09987,-0.14036,446.0,452.0,582.0,1848.0,1896.0,1730.0,701.0,704.0,760.0,0.13079,-0.99141,-0.25934,0.96579,180,2015-03-12,261,364.0,-0.18507,train
2014-06-25,bhsi_value,433.0,6.07074,438.0,440.0,441.0,443.0,450.0,469.0,482.0,481.0,502.0,659.0,440.43,3.81,454.29,15.86,470.13,18.62,509.52,52.28,563.17,87.12,-0.01148,-0.03851,-0.10721,-0.14786,433.0,446.0,542.0,1799.0,1848.0,1695.0,694.0,701.0,748.0,0.11372,-0.99351,-0.22596,0.97414,180,2015-03-13,261,368.0,-0.16265,train
2014-06-26,bhsi_value,427.0,6.05678,433.0,438.0,440.0,442.0,446.0,465.0,481.0,481.0,497.0,649.0,437.71,5.34,450.43,15.46,467.8,19.47,505.82,50.09,560.46,87.52,-0.01395,-0.04353,-0.11908,-0.15181,423.0,433.0,514.0,1748.0,1799.0,1676.0,687.0,694.0,740.0,0.09661,-0.99532,-0.19232,0.98133,180,2015-03-16,263,370.0,-0.14328,train
2014-06-27,bhsi_value,420.0,6.04025,427.0,433.0,438.0,441.0,443.0,459.0,478.0,484.0,490.0,642.0,434.43,7.65,446.29,15.29,465.47,20.82,502.12,48.05,557.61,87.87,-0.01653,-0.05332,-0.12936,-0.15415,419.0,423.0,492.0,1773.0,1748.0,1767.0,679.0,687.0,724.0,0.07948,-0.99684,-0.15845,0.98737,180,2015-03-17,263,375.0,-0.11333,train
2014-06-30,bhsi_value,413.0,6.02345,420.0,427.0,433.0,440.0,442.0,450.0,475.0,485.0,485.0,632.0,430.29,9.94,441.86,15.31,463.07,22.51,498.47,46.33,554.68,88.25,-0.01681,-0.06786,-0.13987,-0.1607,423.0,419.0,474.0,1871.0,1773.0,1919.0,678.0,679.0,715.0,0.02795,-0.99961,-0.05588,0.99844,180,2015-03-18,261,378.0,-0.08855,train
2014-07-01,bhsi_value,409.0,6.01372,413.0,420.0,427.0,438.0,441.0,446.0,469.0,485.0,483.0,621.0,425.71,11.23,437.57,15.5,460.6,24.18,494.93,44.91,551.69,88.57,-0.00973,-0.07533,-0.13689,-0.1663,446.0,423.0,461.0,2045.0,1871.0,1950.0,675.0,678.0,708.0,0.01075,-0.99994,-0.0215,0.99977,180,2015-03-19,261,383.0,-0.06568,train
2014-07-02,bhsi_value,408.0,6.01127,409.0,413.0,420.0,433.0,440.0,443.0,465.0,485.0,482.0,610.0,421.14,11.0,433.5,15.25,458.13,25.61,491.57,43.72,548.71,88.85,-0.00245,-0.07551,-0.13077,-0.16668,485.0,446.0,452.0,1999.0,2045.0,1896.0,676.0,675.0,704.0,-0.00645,-0.99998,0.0129,0.99992,180,2015-03-20,261,384.0,-0.06062,train
2014-07-03,bhsi_value,404.0,6.00141,408.0,409.0,413.0,427.0,438.0,442.0,459.0,484.0,480.0,598.0,416.29,9.94,429.57,15.26,455.6,27.04,488.33,42.89,545.68,89.08,-0.00985,-0.0808,-0.12764,-0.17237,557.0,485.0,446.0,1935.0,1999.0,1848.0,677.0,676.0,701.0,-0.02365,-0.99972,0.04729,0.99888,180,2015-03-23,263,386.0,-0.04558,train
2014-07-04,bhsi_value,403.0,5.99894,404.0,408.0,409.0,420.0,433.0,441.0,450.0,482.0,480.0,588.0,412.0,8.11,426.21,15.56,453.03,28.23,485.25,42.26,542.61,89.18,-0.00248,-0.0718,-0.11031,-0.17485,640.0,557.0,433.0,1864.0,1935.0,1799.0,680.0,677.0,694.0,-0.04084,-0.99917,0.08162,0.99666,180,2015-03-24,263,388.0,-0.03793,train
2014-07-07,bhsi_value,402.0,5.99645,403.0,404.0,408.0,413.0,427.0,440.0,446.0,481.0,480.0,580.0,408.43,5.92,423.07,15.69,450.43,29.2,482.28,41.75,539.53,89.2,-0.00248,-0.06033,-0.10387,-0.17733,680.0,640.0,423.0,1808.0,1864.0,1748.0,682.0,680.0,687.0,-0.09233,-0.99573,0.18387,0.98295,180,2015-03-25,261,390.0,-0.03031,train
2014-07-08,bhsi_value,400.0,5.99146,402.0,403.0,404.0,409.0,420.0,438.0,443.0,478.0,481.0,571.0,405.57,4.24,420.0,15.7,447.73,29.98,479.43,41.43,536.49,89.24,-0.00499,-0.04879,-0.10211,-0.1844,704.0,680.0,419.0,1755.0,1808.0,1773.0,686.0,682.0,679.0,-0.10945,-0.99399,0.21758,0.97604,180,2015-03-26,261,390.0,-0.02532,train
2014-07-09,bhsi_value,397.0,5.98394,400.0,402.0,403.0,408.0,413.0,433.0,442.0,475.0,481.0,562.0,403.29,3.92,416.79,15.47,444.93,30.66,476.68,41.34,533.42,89.24,-0.00753,-0.03951,-0.10737,-0.19193,710.0,704.0,423.0,1648.0,1755.0,1871.0,687.0,686.0,678.0,-0.12653,-0.99196,0.25102,0.96798,180,2015-03-27,261,390.0,-0.01779,train
2014-07-10,bhsi_value,393.0,5.97381,397.0,400.0,402.0,404.0,409.0,427.0,441.0,469.0,484.0,556.0,401.0,4.54,413.36,15.04,441.9,31.14,473.97,41.39,530.36,89.27,-0.01013,-0.03991,-0.11524,-0.20828,702.0,710.0,446.0,1523.0,1648.0,2045.0,684.0,687.0,675.0,-0.14357,-0.98964,0.28417,0.95877,180,2015-03-30,263,393.0,0.0,train
2014-07-11,bhsi_value,390.0,5.96615,393.0,397.0,400.0,403.0,408.0,420.0,440.0,465.0,485.0,549.0,398.43,4.92,409.79,14.2,438.73,31.43,471.32,41.59,527.29,89.3,-0.00766,-0.04512,-0.12063,-0.218,679.0,702.0,485.0,1465.0,1523.0,1999.0,681.0,684.0,676.0,-0.16057,-0.98702,0.31698,0.94843,180,2015-03-31,263,392.0,0.00512,train
2014-07-14,bhsi_value,385.0,5.95324,390.0,393.0,397.0,402.0,404.0,413.0,438.0,459.0,485.0,543.0,395.71,6.18,406.0,13.2,435.4,31.65,468.68,41.97,524.21,89.37,-0.0129,-0.04817,-0.12898,-0.23091,666.0,679.0,557.0,1422.0,1465.0,1935.0,679.0,681.0,677.0,-0.21128,-0.97743,0.41301,0.91073,180,2015-04-01,261,389.0,0.01034,train
2014-07-15,bhsi_value,380.0,5.94017,385.0,390.0,393.0,400.0,403.0,409.0,433.0,450.0,485.0,536.0,392.43,7.42,402.21,12.5,431.9,31.77,466.08,42.55,521.09,89.45,-0.01307,-0.05877,-0.13057,-0.24398,644.0,666.0,640.0,1377.0,1422.0,1864.0,675.0,679.0,680.0,-0.22806,-0.97365,0.4441,0.89598,180,2015-04-02,261,386.0,0.01567,train
2014-07-16,bhsi_value,377.0,5.93225,380.0,385.0,390.0,397.0,402.0,408.0,427.0,446.0,484.0,533.0,388.86,7.95,398.64,12.04,428.33,31.73,463.48,43.14,517.91,89.43,-0.00793,-0.06421,-0.12454,-0.24984,621.0,644.0,680.0,1289.0,1377.0,1808.0,671.0,675.0,682.0,-0.24477,-0.96958,0.47465,0.88017,180,2015-04-07,265,385.0,0.021,train
2014-07-17,bhsi_value,373.0,5.92158,377.0,380.0,385.0,393.0,400.0,404.0,420.0,443.0,482.0,528.0,385.0,8.16,395.29,12.17,424.7,31.62,460.9,43.83,514.69,89.37,-0.01067,-0.06989,-0.11868,-0.25637,603.0,621.0,704.0,1248.0,1289.0,1755.0,666.0,671.0,686.0,-0.26141,-0.96523,0.50465,0.86333,180,2015-04-08,265,382.0,0.02384,train
2014-07-18,bhsi_value,372.0,5.91889,373.0,377.0,380.0,390.0,397.0,403.0,413.0,442.0,481.0,524.0,381.43,7.58,392.36,12.48,421.07,31.2,458.37,44.5,511.46,89.21,-0.00268,-0.06504,-0.10455,-0.25697,586.0,603.0,710.0,1235.0,1248.0,1648.0,660.0,666.0,687.0,-0.27798,-0.96059,0.53405,0.84546,180,2015-04-09,265,379.0,0.01864,train
2014-07-21,bhsi_value,369.0,5.9108,372.0,373.0,377.0,385.0,393.0,402.0,409.0,441.0,478.0,520.0,378.0,6.97,389.5,12.92,417.43,30.7,455.85,45.21,508.16,88.92,-0.0081,-0.06301,-0.10292,-0.25881,576.0,586.0,702.0,1194.0,1235.0,1523.0,659.0,660.0,684.0,-0.32716,-0.94497,0.61831,0.78593,180,2015-04-10,263,373.0,0.01078,train
2014-07-22,bhsi_value,364.0,5.89715,369.0,372.0,373.0,380.0,390.0,400.0,408.0,440.0,475.0,517.0,374.29,6.5,386.36,13.38,413.73,30.22,453.3,46.0,504.78,88.56,-0.01364,-0.06899,-0.11411,-0.26616,576.0,576.0,679.0,1191.0,1194.0,1465.0,659.0,659.0,681.0,-0.34337,-0.9392,0.64498,0.7642,180,2015-04-13,265,369.0,0.01364,train
2014-07-23,bhsi_value,361.0,5.88888,364.0,369.0,372.0,377.0,385.0,397.0,404.0,438.0,469.0,517.0,370.86,6.27,383.29,13.9,410.13,29.86,450.7,46.73,501.37,88.12,-0.00828,-0.06437,-0.11254,-0.26172,584.0,576.0,666.0,1198.0,1191.0,1422.0,661.0,659.0,679.0,-0.35947,-0.93316,0.67089,0.74156,180,2015-04-14,265,366.0,0.01376,train
2014-07-24,bhsi_value,358.0,5.88053,361.0,364.0,369.0,373.0,380.0,393.0,403.0,433.0,465.0,515.0,367.71,6.41,380.07,14.17,406.57,29.48,448.08,47.44,497.89,87.53,-0.00834,-0.05964,-0.1184,-0.2615,596.0,584.0,644.0,1201.0,1198.0,1377.0,661.0,661.0,675.0,-0.37547,-0.92683,0.696,0.71804,180,2015-04-15,265,362.0,0.01111,train
2014-07-25,bhsi_value,357.0,5.87774,358.0,361.0,364.0,372.0,377.0,390.0,402.0,427.0,459.0,513.0,364.86,6.08,376.86,13.93,403.17,29.11,445.48,48.08,494.4,86.82,-0.0028,-0.05451,-0.11872,-0.25131,606.0,596.0,621.0,1193.0,1201.0,1289.0,666.0,661.0,671.0,-0.39136,-0.92024,0.72029,0.69368,180,2015-04-16,265,360.0,0.00837,train
2014-07-28,bhsi_value,358.0,5.88053,357.0,358.0,361.0,369.0,373.0,385.0,400.0,420.0,450.0,514.0,362.71,5.44,373.86,13.12,400.1,28.86,442.88,48.52,490.96,86.01,0.0028,-0.04105,-0.11093,-0.22871,616.0,606.0,603.0,1187.0,1193.0,1248.0,679.0,666.0,666.0,-0.43831,-0.89883,0.78792,0.61577,180,2015-04-17,263,358.0,0.0,train
2014-07-29,bhsi_value,357.0,5.87774,358.0,357.0,358.0,364.0,372.0,380.0,397.0,413.0,446.0,510.0,360.57,4.17,371.0,12.09,397.13,28.57,440.33,48.95,487.51,85.09,-0.0028,-0.04116,-0.1062,-0.22258,624.0,616.0,586.0,1195.0,1187.0,1235.0,684.0,679.0,660.0,-0.4537,-0.89115,0.80864,0.58831,180,2015-04-20,265,357.0,0.0,train
2014-07-30,bhsi_value,356.0,5.87493,357.0,358.0,357.0,361.0,369.0,377.0,393.0,409.0,443.0,510.0,358.71,2.6,368.36,10.98,394.23,28.18,437.77,49.26,484.01,83.94,-0.00281,-0.03587,-0.09888,-0.21864,625.0,624.0,576.0,1200.0,1195.0,1194.0,688.0,684.0,659.0,-0.46897,-0.88322,0.8284,0.56014,180,2015-04-21,265,355.0,-0.00281,train
2014-07-31,bhsi_value,355.0,5.87212,356.0,357.0,358.0,358.0,364.0,373.0,390.0,408.0,442.0,509.0,357.43,1.76,365.86,9.68,391.33,27.58,435.2,49.5,480.47,82.57,-0.00281,-0.02504,-0.09403,-0.21919,619.0,625.0,576.0,1195.0,1200.0,1191.0,704.0,688.0,659.0,-0.48409,-0.87502,0.84717,0.53132,180,2015-04-22,265,355.0,0.0,train
2014-08-01,bhsi_value,357.0,5.87774,355.0,356.0,357.0,357.0,361.0,372.0,385.0,404.0,441.0,508.0,356.86,0.99,363.86,8.31,388.53,26.65,432.68,49.57,476.92,80.93,0.00562,-0.01114,-0.07551,-0.21131,611.0,619.0,584.0,1176.0,1195.0,1198.0,716.0,704.0,661.0,-0.49907,-0.86656,0.86495,0.50186,180,2015-04-23,265,351.0,-0.01695,train
2014-08-04,bhsi_value,356.0,5.87493,357.0,355.0,356.0,358.0,358.0,369.0,380.0,403.0,440.0,506.0,356.57,0.9,362.14,7.21,385.73,25.48,430.18,49.59,473.37,79.11,-0.00281,-0.0056,-0.06524,-0.21184,610.0,611.0,596.0,1178.0,1176.0,1201.0,728.0,716.0,661.0,-0.54311,-0.83966,0.91205,0.41007,180,2015-04-24,263,348.0,-0.02273,train
2014-08-05,bhsi_value,357.0,5.87774,356.0,357.0,355.0,357.0,357.0,364.0,377.0,402.0,438.0,504.0,356.57,0.9,360.71,6.01,383.03,24.05,427.73,49.52,469.87,77.19,0.00281,0.0,-0.05451,-0.20448,609.0,610.0,606.0,1163.0,1178.0,1193.0,740.0,728.0,666.0,-0.55747,-0.8302,0.92562,0.37846,180,2015-04-27,265,347.0,-0.02841,train
2014-08-06,bhsi_value,358.0,5.88053,357.0,356.0,357.0,356.0,358.0,361.0,373.0,400.0,433.0,502.0,356.57,0.9,359.64,4.97,380.53,22.58,425.33,49.35,466.52,75.43,0.0028,0.0,-0.04105,-0.1902,609.0,609.0,616.0,1153.0,1163.0,1187.0,753.0,740.0,679.0,-0.57167,-0.82049,0.93809,0.34639,180,2015-04-28,265,346.0,-0.03409,train
2014-08-07,bhsi_value,360.0,5.8861,358.0,357.0,356.0,355.0,357.0,358.0,372.0,397.0,427.0,497.0,357.0,1.51,358.79,3.61,378.3,21.14,423.05,49.15,463.31,73.72,0.00557,0.00837,-0.03279,-0.17068,616.0,609.0,624.0,1150.0,1153.0,1195.0,767.0,753.0,684.0,-0.5857,-0.81053,0.94945,0.31392,180,2015-04-29,265,345.0,-0.04256,train
2014-08-08,bhsi_value,363.0,5.8944,360.0,358.0,357.0,357.0,356.0,357.0,369.0,393.0,420.0,490.0,358.0,2.51,358.36,2.58,376.4,19.83,420.93,48.95,460.21,71.99,0.0083,0.01947,-0.01639,-0.14585,624.0,616.0,625.0,1166.0,1150.0,1200.0,785.0,767.0,688.0,-0.59955,-0.80034,0.95969,0.28108,180,2015-04-30,265,343.0,-0.05667,train
2014-08-11,bhsi_value,366.0,5.90263,363.0,360.0,358.0,356.0,355.0,358.0,364.0,390.0,413.0,485.0,359.57,3.42,358.5,2.92,374.83,18.7,418.95,48.73,457.26,70.32,0.00823,0.03052,0.00548,-0.12081,634.0,624.0,619.0,1197.0,1166.0,1195.0,804.0,785.0,704.0,-0.64004,-0.76834,0.98354,0.1807,180,2015-05-01,263,340.0,-0.07369,train
2014-08-12,bhsi_value,370.0,5.9135,366.0,363.0,360.0,357.0,357.0,357.0,361.0,385.0,409.0,483.0,361.43,4.78,359.14,4.14,373.53,17.6,417.07,48.4,454.47,68.73,0.01087,0.03577,0.02463,-0.10021,651.0,634.0,611.0,1350.0,1197.0,1176.0,819.0,804.0,716.0,-0.65316,-0.75722,0.98917,0.14676,180,2015-05-05,266,335.0,-0.09937,train
2014-08-13,bhsi_value,373.0,5.92158,370.0,366.0,363.0,358.0,356.0,356.0,358.0,380.0,408.0,482.0,363.86,5.64,360.21,5.44,372.37,16.39,415.25,47.97,451.83,67.24,0.00808,0.04665,0.04105,-0.08969,674.0,651.0,610.0,1546.0,1350.0,1178.0,829.0,819.0,728.0,-0.66609,-0.74587,0.99363,0.11265,180,2015-05-06,266,332.0,-0.11644,train
2014-08-14,bhsi_value,376.0,5.92959,373.0,370.0,366.0,360.0,357.0,355.0,357.0,377.0,404.0,480.0,366.57,6.23,361.57,6.69,371.43,15.33,413.52,47.48,449.37,65.89,0.00801,0.05185,0.05185,-0.07183,739.0,674.0,609.0,1882.0,1546.0,1163.0,845.0,829.0,740.0,-0.67882,-0.7343,0.99692,0.07841,180,2015-05-07,266,331.0,-0.12747,train
2014-08-15,bhsi_value,382.0,5.94542,376.0,373.0,370.0,363.0,358.0,357.0,358.0,373.0,403.0,480.0,370.0,7.11,363.29,8.41,370.73,14.32,411.88,46.84,447.08,64.6,0.01583,0.06489,0.06489,-0.05352,803.0,739.0,609.0,2151.0,1882.0,1153.0,861.0,845.0,753.0,-0.69135,-0.72252,0.99903,0.04407,180,2015-05-08,266,329.0,-0.14936,train
2014-08-18,bhsi_value,387.0,5.95842,382.0,376.0,373.0,366.0,360.0,356.0,357.0,372.0,402.0,480.0,373.86,7.92,365.43,10.17,370.23,13.45,410.33,46.1,444.93,63.34,0.013,0.07232,0.08069,-0.03803,836.0,803.0,616.0,2254.0,2151.0,1150.0,877.0,861.0,767.0,-0.7277,-0.68589,0.99825,-0.0591,180,2015-05-11,266,328.0,-0.16541,train
2014-08-19,bhsi_value,394.0,5.97635,387.0,382.0,376.0,370.0,363.0,357.0,356.0,369.0,400.0,481.0,378.29,9.18,368.14,12.17,370.03,13.05,408.88,45.21,442.97,62.14,0.01793,0.08195,0.10142,-0.01511,837.0,836.0,624.0,2256.0,2254.0,1166.0,889.0,877.0,785.0,-0.73939,-0.67327,0.99563,-0.0934,180,2015-05-12,266,327.0,-0.18639,train
2014-08-20,bhsi_value,399.0,5.98896,394.0,387.0,382.0,373.0,366.0,358.0,355.0,364.0,397.0,481.0,383.0,10.09,371.29,13.93,370.1,13.19,407.52,44.24,441.16,61.0,0.01261,0.08633,0.11684,0.00503,828.0,837.0,634.0,2380.0,2256.0,1197.0,902.0,889.0,804.0,-0.75086,-0.66046,0.99183,-0.12759,180,2015-05-13,266,326.0,-0.20206,train
2014-08-21,bhsi_value,406.0,6.00635,399.0,394.0,387.0,376.0,370.0,360.0,357.0,361.0,393.0,484.0,388.14,11.26,374.79,15.91,370.53,14.12,406.22,43.1,439.49,59.88,0.01739,0.09285,0.12862,0.03254,818.0,828.0,651.0,2578.0,2380.0,1350.0,912.0,902.0,819.0,-0.76211,-0.64744,0.98685,-0.16164,180,2015-05-14,266,326.0,-0.21946,train
2014-08-22,bhsi_value,413.0,6.02345,406.0,399.0,394.0,382.0,373.0,363.0,356.0,358.0,390.0,485.0,393.86,12.23,378.86,17.77,371.3,15.69,405.02,41.88,437.98,58.81,0.01709,0.10187,0.14852,0.0573,812.0,818.0,674.0,2535.0,2578.0,1546.0,925.0,912.0,829.0,-0.77314,-0.63424,0.98071,-0.19549,180,2015-05-15,266,327.0,-0.23349,train
2014-08-26,bhsi_value,420.0,6.04025,413.0,406.0,399.0,387.0,376.0,366.0,357.0,357.0,385.0,485.0,400.14,12.73,383.36,19.55,372.47,17.82,403.93,40.62,436.61,57.77,0.01681,0.11067,0.16252,0.08701,808.0,812.0,739.0,2430.0,2535.0,1882.0,937.0,925.0,845.0,-0.81492,-0.57958,0.94462,-0.32818,180,2015-05-18,265,326.0,-0.25336,train
2014-08-27,bhsi_value,427.0,6.05678,420.0,413.0,406.0,394.0,382.0,370.0,358.0,358.0,380.0,485.0,406.57,13.3,388.29,21.17,374.03,20.31,402.97,39.35,435.4,56.81,0.01653,0.11136,0.17625,0.11661,811.0,808.0,803.0,2366.0,2430.0,2151.0,944.0,937.0,861.0,-0.82477,-0.56548,0.93277,-0.36047,180,2015-05-19,265,325.0,-0.27296,train
2014-08-28,bhsi_value,437.0,6.07993,427.0,420.0,413.0,399.0,387.0,373.0,360.0,357.0,377.0,484.0,413.71,14.26,393.79,23.03,376.03,23.24,402.18,38.18,434.33,55.86,0.02315,0.12151,0.19383,0.14769,842.0,811.0,836.0,2551.0,2366.0,2254.0,952.0,944.0,877.0,-0.83437,-0.5512,0.91982,-0.39235,180,2015-05-20,265,326.0,-0.29304,train
2014-08-29,bhsi_value,442.0,6.09131,437.0,427.0,420.0,406.0,394.0,376.0,363.0,356.0,373.0,482.0,420.57,14.67,399.43,24.43,378.33,26.07,401.52,37.11,433.38,54.98,0.01138,0.11496,0.19691,0.16973,871.0,842.0,837.0,2627.0,2551.0,2256.0,963.0,952.0,889.0,-0.84373,-0.53677,0.90578,-0.42375,180,2015-05-21,265,327.0,-0.30135,train
2014-09-01,bhsi_value,450.0,6.10925,442.0,437.0,427.0,413.0,399.0,382.0,366.0,355.0,372.0,481.0,427.86,14.81,405.43,25.76,380.93,29.03,401.0,36.2,432.56,54.16,0.01794,0.12029,0.20661,0.19035,888.0,871.0,828.0,2606.0,2627.0,2380.0,970.0,963.0,902.0,-0.87029,-0.49253,0.8573,-0.51482,180,2015-05-22,263,327.0,-0.31929,train
2014-09-02,bhsi_value,456.0,6.12249,450.0,442.0,437.0,420.0,406.0,387.0,370.0,357.0,369.0,478.0,435.0,14.6,411.57,26.81,383.83,31.9,400.63,35.53,431.84,53.43,0.01325,0.11614,0.20899,0.2117,903.0,888.0,818.0,2568.0,2606.0,2578.0,977.0,970.0,912.0,-0.87864,-0.47749,0.83908,-0.54401,180,2015-05-26,266,327.0,-0.33253,train
2014-09-03,bhsi_value,462.0,6.13556,456.0,450.0,442.0,427.0,413.0,394.0,373.0,356.0,364.0,475.0,442.0,14.11,417.93,27.46,387.1,34.6,400.42,35.11,431.23,52.76,0.01307,0.11212,0.21399,0.23841,919.0,903.0,812.0,2489.0,2568.0,2535.0,983.0,977.0,925.0,-0.88672,-0.4623,0.81987,-0.57255,180,2015-05-27,266,327.0,-0.3456,train
2014-09-04,bhsi_value,466.0,6.14419,462.0,456.0,450.0,437.0,420.0,399.0,376.0,357.0,361.0,469.0,448.57,13.0,424.36,27.42,390.6,37.01,400.37,35.02,430.67,52.1,0.00862,0.10393,0.2146,0.25531,927.0,919.0,808.0,2464.0,2489.0,2430.0,988.0,983.0,937.0,-0.89454,-0.44698,0.79969,-0.60041,180,2015-05-28,266,328.0,-0.35117,train
2014-09-05,bhsi_value,469.0,6.1506,466.0,462.0,456.0,442.0,427.0,406.0,382.0,358.0,358.0,465.0,454.57,11.24,430.57,26.97,394.3,39.06,400.43,35.14,430.16,51.5,0.00642,0.09382,0.20518,0.27007,931.0,927.0,811.0,2483.0,2464.0,2366.0,993.0,988.0,944.0,-0.9021,-0.43153,0.77856,-0.62756,180,2015-05-29,266,331.0,-0.34848,train
2014-09-08,bhsi_value,472.0,6.15698,469.0,466.0,462.0,450.0,437.0,413.0,387.0,360.0,357.0,459.0,459.57,10.03,436.64,26.03,398.13,40.81,400.65,35.54,429.7,50.94,0.00638,0.07705,0.19855,0.27924,940.0,931.0,842.0,2519.0,2483.0,2551.0,997.0,993.0,952.0,-0.92316,-0.38442,0.70976,-0.70444,180,2015-06-01,266,332.0,-0.35184,train
2014-09-09,bhsi_value,472.0,6.15698,472.0,469.0,466.0,456.0,442.0,420.0,394.0,363.0,358.0,450.0,463.86,7.75,442.21,24.62,401.93,42.19,401.02,36.16,429.23,50.35,0.0,0.06567,0.18063,0.27645,940.0,940.0,871.0,2596.0,2519.0,2627.0,995.0,997.0,963.0,-0.92963,-0.36848,0.68511,-0.72844,180,2015-06-02,266,332.0,-0.35184,train
2014-09-10,bhsi_value,474.0,6.16121,472.0,472.0,469.0,462.0,450.0,427.0,399.0,366.0,357.0,446.0,467.29,5.97,447.57,22.72,405.83,43.25,401.48,36.91,428.83,49.85,0.00423,0.05196,0.17225,0.28347,916.0,940.0,888.0,2602.0,2596.0,2606.0,1001.0,995.0,970.0,-0.93583,-0.35244,0.65965,-0.75157,180,2015-06-03,266,332.0,-0.35607,train
2014-09-11,bhsi_value,476.0,6.16542,474.0,472.0,472.0,466.0,456.0,437.0,406.0,370.0,356.0,443.0,470.14,4.49,452.57,20.62,409.83,43.99,402.03,37.76,428.46,49.36,0.00421,0.04293,0.15906,0.29049,895.0,916.0,903.0,2570.0,2602.0,2568.0,1003.0,1001.0,977.0,-0.94176,-0.33629,0.63341,-0.77382,180,2015-06-04,266,333.0,-0.35728,train
2014-09-12,bhsi_value,477.0,6.16752,476.0,474.0,472.0,469.0,462.0,442.0,413.0,373.0,355.0,442.0,472.29,3.57,457.14,18.31,413.9,44.38,402.62,38.63,428.1,48.89,0.0021,0.03195,0.14407,0.2954,875.0,895.0,919.0,2546.0,2570.0,2489.0,1000.0,1003.0,983.0,-0.9474,-0.32004,0.60641,-0.79515,180,2015-06-05,266,332.0,-0.36238,train
2014-09-15,bhsi_value,479.0,6.1717,477.0,476.0,474.0,472.0,466.0,450.0,420.0,376.0,357.0,441.0,474.14,3.18,461.36,15.91,417.97,44.56,403.25,39.55,427.78,48.46,0.00418,0.02751,0.13145,0.29396,860.0,875.0,927.0,2523.0,2546.0,2464.0,1006.0,1000.0,988.0,-0.96265,-0.27074,0.52126,-0.8534,180,2015-06-08,266,331.0,-0.36958,train
2014-09-16,bhsi_value,484.0,6.18208,479.0,477.0,476.0,472.0,469.0,456.0,427.0,382.0,356.0,440.0,476.29,3.95,465.43,13.74,422.23,44.55,403.98,40.62,427.53,48.12,0.01038,0.03148,0.1253,0.30715,843.0,860.0,931.0,2442.0,2523.0,2483.0,1016.0,1006.0,993.0,-0.96717,-0.25414,0.4916,-0.87082,180,2015-06-09,266,331.0,-0.37997,train
2014-09-17,bhsi_value,488.0,6.19032,484.0,479.0,477.0,474.0,472.0,462.0,437.0,387.0,357.0,438.0,478.57,5.23,469.07,12.42,426.6,44.37,404.82,41.81,427.36,47.86,0.00823,0.03334,0.11038,0.31258,829.0,843.0,940.0,2342.0,2442.0,2519.0,1028.0,1016.0,997.0,-0.9714,-0.23747,0.46135,-0.88722,180,2015-06-10,266,333.0,-0.38217,train
2014-09-18,bhsi_value,494.0,6.20254,488.0,484.0,479.0,476.0,472.0,466.0,442.0,394.0,358.0,433.0,481.71,6.73,472.79,11.51,431.13,44.07,405.83,43.2,427.27,47.73,0.01222,0.04556,0.11123,0.322,819.0,829.0,940.0,2192.0,2342.0,2596.0,1031.0,1028.0,995.0,-0.97534,-0.22072,0.43056,-0.90256,180,2015-06-11,266,336.0,-0.38542,train
2014-09-19,bhsi_value,498.0,6.2106,494.0,488.0,484.0,477.0,474.0,469.0,450.0,399.0,360.0,427.0,485.14,7.94,476.21,11.36,435.73,43.61,407.02,44.71,427.28,47.75,0.00806,0.04939,0.10135,0.3245,814.0,819.0,916.0,2112.0,2192.0,2602.0,1030.0,1031.0,1001.0,-0.97899,-0.20391,0.39926,-0.91684,180,2015-06-12,266,338.0,-0.38755,train
2014-09-22,bhsi_value,505.0,6.22456,498.0,494.0,488.0,479.0,476.0,472.0,456.0,406.0,363.0,420.0,489.29,9.5,479.71,12.12,440.47,43.16,408.43,46.41,427.44,47.99,0.01396,0.05914,0.10207,0.33016,809.0,814.0,895.0,2118.0,2112.0,2570.0,1029.0,1030.0,1003.0,-0.9882,-0.15314,0.30267,-0.9531,180,2015-06-15,266,341.0,-0.39268,train
2014-09-23,bhsi_value,513.0,6.24028,505.0,498.0,494.0,484.0,477.0,472.0,462.0,413.0,366.0,413.0,494.43,11.07,483.36,13.79,445.37,42.77,410.1,48.3,427.76,48.45,0.01572,0.07276,0.10471,0.33764,800.0,809.0,875.0,2077.0,2118.0,2546.0,1032.0,1029.0,1000.0,-0.99069,-0.13612,0.26971,-0.96294,180,2015-06-16,266,345.0,-0.39673,train
2014-09-24,bhsi_value,521.0,6.25575,513.0,505.0,498.0,488.0,479.0,474.0,466.0,420.0,370.0,409.0,500.43,12.38,487.29,15.95,450.4,42.49,411.97,50.35,428.18,49.09,0.01547,0.08405,0.11156,0.34225,798.0,800.0,860.0,1967.0,2077.0,2523.0,1041.0,1032.0,1006.0,-0.99289,-0.11906,0.23642,-0.97165,180,2015-06-17,266,349.0,-0.40068,train
2014-09-25,bhsi_value,525.0,6.2634,521.0,513.0,505.0,494.0,484.0,476.0,469.0,427.0,373.0,408.0,506.29,12.91,491.29,17.78,455.47,42.02,413.92,52.38,428.66,49.82,0.00765,0.08131,0.1128,0.34182,799.0,798.0,843.0,1837.0,1967.0,2442.0,1045.0,1041.0,1016.0,-0.99479,-0.10196,0.20286,-0.97921,180,2015-06-18,266,351.0,-0.40261,train
2014-09-26,bhsi_value,526.0,6.2653,525.0,521.0,513.0,498.0,488.0,477.0,472.0,437.0,376.0,404.0,511.71,12.04,495.14,19.0,460.47,41.18,415.95,54.29,429.17,50.57,0.0019,0.07499,0.10832,0.33571,807.0,799.0,829.0,1852.0,1837.0,2342.0,1046.0,1045.0,1028.0,-0.9964,-0.08483,0.16906,-0.98561,180,2015-06-19,266,355.0,-0.39318,train
2014-09-29,bhsi_value,528.0,6.2691,526.0,525.0,521.0,505.0,494.0,479.0,472.0,442.0,382.0,403.0,516.57,10.7,499.14,19.59,465.33,40.24,418.03,56.12,429.7,51.35,0.0038,0.06656,0.11212,0.32368,812.0,807.0,819.0,1922.0,1852.0,2192.0,1053.0,1046.0,1031.0,-0.99944,-0.03332,0.06661,-0.99778,180,2015-06-22,266,355.0,-0.39698,train
2014-09-30,bhsi_value,529.0,6.27099,528.0,526.0,525.0,513.0,498.0,484.0,474.0,450.0,387.0,402.0,521.0,8.23,503.07,19.67,470.07,39.08,420.15,57.84,430.24,52.14,0.00189,0.06039,0.10978,0.31256,826.0,812.0,814.0,1915.0,1922.0,2112.0,1054.0,1053.0,1030.0,-0.99987,-0.01613,0.03225,-0.99948,180,2015-06-23,266,358.0,-0.39046,train
2014-10-01,bhsi_value,531.0,6.27476,529.0,528.0,526.0,521.0,505.0,488.0,476.0,456.0,394.0,400.0,524.71,5.62,507.0,19.36,474.63,37.91,422.33,59.49,430.8,52.94,0.00377,0.0502,0.10934,0.29841,854.0,826.0,809.0,1853.0,1915.0,2118.0,1051.0,1054.0,1029.0,-1.0,0.00108,-0.00215,-1.0,180,2015-06-24,266,359.0,-0.39144,train
2014-10-02,bhsi_value,531.0,6.27476,531.0,529.0,528.0,525.0,513.0,494.0,477.0,462.0,399.0,397.0,527.29,3.33,510.86,18.35,479.03,36.51,424.57,60.99,431.36,53.72,0.0,0.03449,0.10725,0.2858,878.0,854.0,800.0,1788.0,1853.0,2077.0,1045.0,1051.0,1032.0,-0.99983,0.01828,-0.03655,-0.99933,180,2015-06-25,266,361.0,-0.38588,train
2014-10-03,bhsi_value,530.0,6.27288,531.0,531.0,529.0,526.0,521.0,498.0,479.0,466.0,406.0,393.0,528.57,2.19,514.5,16.65,483.17,35.0,426.85,62.32,431.87,54.43,-0.00189,0.01713,0.10118,0.26652,887.0,878.0,798.0,1758.0,1788.0,1967.0,1033.0,1045.0,1041.0,-0.99937,0.03547,-0.0709,-0.99748,180,2015-06-26,266,362.0,-0.38123,train
2014-10-06,bhsi_value,530.0,6.27288,530.0,531.0,531.0,528.0,525.0,505.0,484.0,469.0,413.0,390.0,529.29,1.67,517.79,14.73,487.07,33.44,429.18,63.5,432.37,55.12,0.0,0.00948,0.09079,0.24943,889.0,887.0,799.0,1735.0,1758.0,1837.0,1028.0,1033.0,1045.0,-0.99621,0.08698,-0.1733,-0.98487,180,2015-06-29,266,361.0,-0.384,train
2014-10-07,bhsi_value,528.0,6.2691,530.0,530.0,531.0,529.0,526.0,513.0,488.0,472.0,420.0,385.0,529.57,1.18,520.64,12.37,490.67,31.8,431.57,64.48,432.84,55.76,-0.00378,0.0038,0.07878,0.22884,884.0,889.0,807.0,1698.0,1735.0,1852.0,1017.0,1028.0,1046.0,-0.99457,0.1041,-0.20707,-0.97833,180,2015-06-30,266,361.0,-0.38022,train
2014-10-08,bhsi_value,523.0,6.25958,528.0,530.0,530.0,531.0,528.0,521.0,494.0,472.0,427.0,380.0,528.86,2.59,522.71,9.92,493.87,30.02,433.95,65.17,433.27,56.29,-0.00951,-0.00951,0.05705,0.2028,869.0,884.0,812.0,1632.0,1698.0,1922.0,1007.0,1017.0,1053.0,-0.99263,0.12119,-0.2406,-0.97062,180,2015-07-01,266,360.0,-0.37348,train
2014-10-09,bhsi_value,520.0,6.25383,523.0,528.0,530.0,531.0,529.0,525.0,498.0,474.0,437.0,377.0,527.57,4.03,524.29,7.26,496.63,28.43,436.33,65.65,433.67,56.77,-0.00575,-0.01716,0.04323,0.1739,864.0,869.0,826.0,1580.0,1632.0,1915.0,993.0,1007.0,1054.0,-0.9904,0.13825,-0.27385,-0.96177,180,2015-07-02,266,360.0,-0.36772,train
2014-10-10,bhsi_value,516.0,6.24611,520.0,523.0,528.0,530.0,531.0,526.0,505.0,476.0,442.0,373.0,525.43,5.39,525.07,5.52,499.1,26.74,438.72,65.91,434.04,57.21,-0.00772,-0.02866,0.02155,0.1548,865.0,864.0,854.0,1544.0,1580.0,1853.0,980.0,993.0,1051.0,-0.98787,0.15527,-0.30677,-0.95178,180,2015-07-03,266,361.0,-0.35723,train
2014-10-13,bhsi_value,513.0,6.24028,516.0,520.0,523.0,530.0,531.0,528.0,513.0,477.0,450.0,372.0,522.86,6.33,525.07,5.52,501.2,25.24,441.07,66.0,434.4,57.6,-0.00583,-0.03449,0.0,0.13103,868.0,865.0,878.0,1521.0,1544.0,1788.0,970.0,980.0,1045.0,-0.97855,0.20602,-0.4032,-0.91511,180,2015-07-06,266,362.0,-0.34863,train
2014-10-14,bhsi_value,510.0,6.23441,513.0,516.0,520.0,528.0,530.0,529.0,521.0,479.0,456.0,369.0,520.0,6.95,524.29,6.7,503.0,23.83,443.42,65.9,434.76,57.96,-0.00587,-0.03847,-0.02134,0.11192,885.0,868.0,887.0,1485.0,1521.0,1758.0,959.0,970.0,1033.0,-0.97486,0.22282,-0.43444,-0.9007,180,2015-07-07,266,367.0,-0.32905,train
2014-10-15,bhsi_value,506.0,6.22654,510.0,513.0,516.0,523.0,530.0,531.0,525.0,484.0,462.0,364.0,516.57,7.09,522.93,8.18,504.47,22.59,445.78,65.56,435.1,58.29,-0.00787,-0.04634,-0.03686,0.09097,909.0,885.0,889.0,1376.0,1485.0,1735.0,952.0,959.0,1028.0,-0.97088,0.23956,-0.46516,-0.88523,180,2015-07-08,266,373.0,-0.30496,train
2014-10-16,bhsi_value,503.0,6.22059,506.0,510.0,513.0,520.0,528.0,531.0,526.0,488.0,466.0,361.0,513.0,6.72,521.29,9.59,505.7,21.43,448.15,65.01,435.48,58.62,-0.00595,-0.04851,-0.04471,0.0764,940.0,909.0,884.0,1315.0,1376.0,1698.0,944.0,952.0,1017.0,-0.96662,0.25622,-0.49534,-0.8687,180,2015-07-09,266,377.0,-0.28834,train
2014-10-17,bhsi_value,501.0,6.21661,503.0,506.0,510.0,516.0,523.0,530.0,528.0,494.0,469.0,358.0,509.86,6.45,519.36,10.69,506.77,20.35,450.53,64.28,435.88,58.94,-0.00398,-0.04298,-0.05249,0.066,966.0,940.0,869.0,1362.0,1315.0,1632.0,933.0,944.0,1007.0,-0.96207,0.27281,-0.52493,-0.85115,180,2015-07-10,266,384.0,-0.26596,train
2014-10-20,bhsi_value,498.0,6.2106,501.0,503.0,506.0,513.0,520.0,530.0,529.0,498.0,472.0,357.0,506.71,6.09,517.14,11.64,507.63,19.38,452.88,63.39,436.31,59.25,-0.00601,-0.04323,-0.06039,0.05362,995.0,966.0,864.0,1512.0,1362.0,1580.0,923.0,933.0,993.0,-0.94671,0.32208,-0.60983,-0.79253,180,2015-07-13,266,391.0,-0.24189,train
2014-10-21,bhsi_value,498.0,6.2106,498.0,501.0,503.0,510.0,516.0,528.0,531.0,505.0,472.0,358.0,504.14,5.38,514.79,11.93,508.5,18.32,455.22,62.42,436.84,59.59,0.0,-0.03551,-0.06416,0.05362,1032.0,995.0,865.0,2003.0,1512.0,1544.0,916.0,923.0,980.0,-0.94103,0.33831,-0.63673,-0.77109,180,2015-07-14,266,399.0,-0.22164,train
2014-10-22,bhsi_value,496.0,6.20658,498.0,498.0,501.0,506.0,513.0,523.0,531.0,513.0,474.0,357.0,501.71,4.62,512.29,11.94,509.23,17.34,457.53,61.31,437.4,59.9,-0.00402,-0.0337,-0.06819,0.04537,1066.0,1032.0,868.0,2186.0,2003.0,1521.0,911.0,916.0,970.0,-0.93507,0.35445,-0.66288,-0.74873,180,2015-07-15,266,409.0,-0.19286,train
2014-10-23,bhsi_value,491.0,6.19644,496.0,498.0,498.0,503.0,510.0,520.0,530.0,521.0,476.0,356.0,499.0,4.54,509.5,12.03,509.73,16.57,459.78,60.0,437.93,60.16,-0.01013,-0.03797,-0.07643,0.03103,1099.0,1066.0,885.0,2258.0,2186.0,1485.0,907.0,911.0,959.0,-0.92884,0.37048,-0.68824,-0.72549,180,2015-07-16,266,417.0,-0.16336,train
2014-10-24,bhsi_value,489.0,6.19236,491.0,496.0,498.0,501.0,506.0,516.0,530.0,525.0,477.0,355.0,496.57,4.69,506.57,11.67,510.13,15.91,462.02,58.54,438.46,60.4,-0.00408,-0.03417,-0.08051,0.02485,1121.0,1099.0,909.0,2422.0,2258.0,1376.0,906.0,907.0,952.0,-0.92233,0.38641,-0.71279,-0.70138,180,2015-07-17,266,427.0,-0.13558,train
2014-10-27,bhsi_value,485.0,6.18415,489.0,491.0,496.0,498.0,503.0,513.0,528.0,526.0,479.0,357.0,494.0,5.35,503.5,11.27,510.33,15.55,464.15,56.98,438.94,60.6,-0.00821,-0.03644,-0.08495,0.01245,1137.0,1121.0,940.0,2852.0,2422.0,1315.0,900.0,906.0,944.0,-0.90117,0.43347,-0.78126,-0.62421,180,2015-07-20,266,431.0,-0.11804,train
2014-10-28,bhsi_value,481.0,6.17587,485.0,489.0,491.0,498.0,501.0,510.0,523.0,528.0,484.0,356.0,491.14,6.13,500.5,11.27,510.23,15.73,466.23,55.25,439.4,60.76,-0.00828,-0.04074,-0.08371,-0.00622,1172.0,1137.0,966.0,3436.0,2852.0,1362.0,899.0,900.0,933.0,-0.89358,0.44891,-0.80227,-0.59697,180,2015-07-21,266,432.0,-0.10744,train
2014-10-29,bhsi_value,476.0,6.16542,481.0,485.0,489.0,496.0,498.0,506.0,520.0,529.0,488.0,357.0,488.0,7.33,497.36,11.53,509.83,16.43,468.22,53.4,439.82,60.88,-0.01045,-0.04518,-0.08841,-0.0249,1202.0,1172.0,995.0,3560.0,3436.0,1512.0,898.0,899.0,923.0,-0.88572,0.46421,-0.82233,-0.56902,180,2015-07-22,266,433.0,-0.09468,train
2014-10-30,bhsi_value,472.0,6.15698,476.0,481.0,485.0,491.0,498.0,503.0,516.0,531.0,494.0,358.0,484.29,7.89,494.21,12.01,509.1,17.57,470.12,51.43,440.26,60.97,-0.00844,-0.05362,-0.08913,-0.04556,1222.0,1202.0,1032.0,3534.0,3560.0,2003.0,896.0,898.0,916.0,-0.87761,0.47938,-0.84141,-0.54039,180,2015-07-23,266,431.0,-0.09087,train
2014-10-31,bhsi_value,467.0,6.14633,472.0,476.0,481.0,489.0,496.0,501.0,513.0,531.0,498.0,360.0,480.14,8.25,490.93,12.69,508.07,19.04,471.9,49.4,440.7,61.01,-0.01065,-0.06025,-0.09395,-0.06427,1233.0,1222.0,1066.0,3552.0,3534.0,2186.0,891.0,896.0,911.0,-0.86923,0.4944,-0.8595,-0.51113,180,2015-07-24,266,428.0,-0.08721,train
2014-11-03,bhsi_value,463.0,6.13773,467.0,472.0,476.0,485.0,491.0,498.0,510.0,530.0,505.0,363.0,476.14,8.79,487.57,13.4,506.67,20.69,473.57,47.34,441.18,61.02,-0.0086,-0.05872,-0.09668,-0.08683,1241.0,1233.0,1099.0,3640.0,3552.0,2258.0,892.0,891.0,907.0,-0.84257,0.53858,-0.90759,-0.41986,180,2015-07-27,266,427.0,-0.08094,train
2014-11-04,bhsi_value,458.0,6.12687,463.0,467.0,472.0,481.0,489.0,498.0,506.0,530.0,513.0,366.0,471.71,9.0,484.14,14.35,504.83,22.41,475.1,45.27,441.68,60.97,-0.01086,-0.06549,-0.09967,-0.11341,1238.0,1241.0,1121.0,3781.0,3640.0,2422.0,889.0,892.0,906.0,-0.83318,0.553,-0.9215,-0.38839,180,2015-07-28,266,425.0,-0.07478,train
2014-11-05,bhsi_value,457.0,6.12468,458.0,463.0,467.0,476.0,485.0,496.0,503.0,528.0,521.0,370.0,467.71,8.41,480.86,14.91,502.7,23.77,476.55,43.23,442.21,60.89,-0.00219,-0.05947,-0.09591,-0.13107,1224.0,1238.0,1137.0,3702.0,3781.0,2852.0,888.0,889.0,900.0,-0.82355,0.56725,-0.93431,-0.35646,180,2015-07-29,266,423.0,-0.07731,train
2014-11-06,bhsi_value,455.0,6.1203,457.0,458.0,463.0,472.0,481.0,491.0,501.0,523.0,525.0,373.0,464.0,7.41,477.57,15.18,500.37,24.88,477.92,41.19,442.73,60.8,-0.00439,-0.05557,-0.09631,-0.1431,1205.0,1224.0,1172.0,3612.0,3702.0,3436.0,888.0,888.0,899.0,-0.81367,0.58133,-0.94602,-0.32411,180,2015-07-30,266,422.0,-0.07529,train
2014-11-07,bhsi_value,454.0,6.1181,455.0,457.0,458.0,467.0,476.0,489.0,498.0,520.0,526.0,376.0,460.86,6.22,474.43,15.18,497.97,25.75,479.22,39.13,443.29,60.67,-0.0022,-0.04732,-0.0925,-0.1472,1183.0,1205.0,1202.0,3661.0,3612.0,3560.0,886.0,888.0,898.0,-0.80355,0.59524,-0.95661,-0.29138,180,2015-07-31,266,423.0,-0.07073,train
2014-11-10,bhsi_value,451.0,6.11147,454.0,455.0,457.0,463.0,472.0,485.0,498.0,516.0,528.0,382.0,457.86,5.08,471.07,14.79,495.4,26.46,480.37,37.22,443.82,60.52,-0.00663,-0.04551,-0.09913,-0.15763,1168.0,1183.0,1222.0,3613.0,3661.0,3534.0,881.0,886.0,896.0,-0.77177,0.6359,-0.98154,-0.19127,180,2015-08-03,266,424.0,-0.06173,train
2014-11-11,bhsi_value,451.0,6.11147,451.0,454.0,455.0,458.0,467.0,481.0,496.0,513.0,529.0,387.0,455.57,3.92,467.86,13.88,492.8,26.86,481.43,35.4,444.37,60.36,0.0,-0.03486,-0.09511,-0.15952,1150.0,1168.0,1233.0,3419.0,3613.0,3552.0,879.0,881.0,891.0,-0.76072,0.64908,-0.98754,-0.15739,180,2015-08-04,266,425.0,-0.05938,train
2014-11-12,bhsi_value,451.0,6.11147,451.0,451.0,454.0,457.0,463.0,476.0,491.0,510.0,531.0,394.0,453.86,2.75,465.0,12.91,490.13,26.9,482.38,33.77,444.93,60.18,0.0,-0.02626,-0.08498,-0.16329,1133.0,1150.0,1241.0,3229.0,3419.0,3640.0,876.0,879.0,892.0,-0.74944,0.66207,-0.99237,-0.12333,180,2015-08-05,266,427.0,-0.05468,train
2014-11-13,bhsi_value,451.0,6.11147,451.0,451.0,451.0,455.0,458.0,472.0,489.0,506.0,531.0,399.0,452.86,2.29,462.29,11.49,487.47,26.68,483.25,32.25,445.53,59.97,0.0,-0.0154,-0.0809,-0.16329,1112.0,1133.0,1238.0,2972.0,3229.0,3781.0,873.0,876.0,889.0,-0.73794,0.67486,-0.99602,-0.08912,180,2015-08-06,266,432.0,-0.04304,train
2014-11-14,bhsi_value,450.0,6.10925,451.0,451.0,451.0,454.0,457.0,467.0,485.0,503.0,530.0,406.0,451.86,1.73,459.79,9.99,484.8,26.29,483.98,30.96,446.17,59.71,-0.00222,-0.01544,-0.0749,-0.16363,1089.0,1112.0,1224.0,2931.0,2972.0,3702.0,873.0,873.0,888.0,-0.72622,0.68746,-0.9985,-0.05481,180,2015-08-07,266,438.0,-0.02703,train
2014-11-17,bhsi_value,451.0,6.11147,450.0,451.0,451.0,451.0,455.0,463.0,481.0,501.0,530.0,413.0,451.29,1.16,457.64,8.28,482.17,25.58,484.62,29.87,446.84,59.42,0.00222,-0.00883,-0.0644,-0.16141,1069.0,1089.0,1205.0,2971.0,2931.0,3612.0,875.0,873.0,888.0,-0.6898,0.724,-0.99883,0.04836,180,2015-08-10,266,443.0,-0.0179,train
2014-11-18,bhsi_value,453.0,6.11589,451.0,450.0,451.0,451.0,454.0,458.0,476.0,498.0,528.0,420.0,451.14,0.83,456.0,6.58,479.67,24.63,485.17,28.97,447.6,59.06,0.00442,-0.00221,-0.04953,-0.1532,1061.0,1069.0,1183.0,3106.0,2971.0,3661.0,875.0,875.0,886.0,-0.67724,0.73576,-0.99658,0.08269,180,2015-08-11,266,446.0,-0.01557,train
2014-11-19,bhsi_value,455.0,6.1203,453.0,451.0,450.0,451.0,451.0,457.0,472.0,498.0,523.0,427.0,451.71,1.58,454.79,4.86,477.4,23.64,485.63,28.24,448.43,58.63,0.00441,0.00883,-0.03668,-0.13928,1055.0,1061.0,1168.0,3127.0,3106.0,3613.0,881.0,875.0,881.0,-0.66448,0.7473,-0.99314,0.11692,180,2015-08-12,266,447.0,-0.01774,train
2014-11-20,bhsi_value,457.0,6.12468,455.0,453.0,451.0,451.0,451.0,455.0,467.0,496.0,520.0,437.0,452.57,2.38,454.07,3.57,475.3,22.54,485.97,27.78,449.32,58.14,0.00439,0.01322,-0.02165,-0.12915,1053.0,1055.0,1150.0,3130.0,3127.0,3419.0,904.0,881.0,879.0,-0.65153,0.75862,-0.98853,0.15102,180,2015-08-13,266,448.0,-0.01989,train
2014-11-21,bhsi_value,462.0,6.13556,457.0,455.0,453.0,450.0,451.0,454.0,463.0,491.0,516.0,442.0,454.14,3.94,454.0,3.4,473.5,21.34,486.3,27.37,450.31,57.59,0.01088,0.0241,-0.00216,-0.11054,1055.0,1053.0,1133.0,3038.0,3130.0,3229.0,926.0,904.0,876.0,-0.63838,0.76972,-0.98275,0.18493,180,2015-08-14,266,449.0,-0.02854,train
2014-11-24,bhsi_value,469.0,6.1506,462.0,457.0,455.0,451.0,451.0,451.0,458.0,489.0,513.0,450.0,456.71,6.25,454.79,5.09,472.03,20.05,486.62,27.06,451.39,57.02,0.01504,0.03914,0.02373,-0.08967,1059.0,1055.0,1112.0,2975.0,3038.0,2972.0,942.0,926.0,873.0,-0.59783,0.80162,-0.95847,0.2852,180,2015-08-17,266,449.0,-0.04358,train
2014-11-25,bhsi_value,476.0,6.16542,469.0,462.0,457.0,453.0,450.0,451.0,457.0,485.0,510.0,456.0,460.43,8.48,456.14,7.47,470.9,18.79,486.95,26.8,452.58,56.4,0.01482,0.05617,0.04073,-0.06899,1064.0,1059.0,1089.0,2963.0,2975.0,2931.0,956.0,942.0,873.0,-0.58395,0.81179,-0.94809,0.318,180,2015-08-18,266,449.0,-0.05839,train
2014-11-26,bhsi_value,482.0,6.17794,476.0,469.0,462.0,455.0,451.0,451.0,455.0,481.0,506.0,462.0,464.86,10.3,458.07,9.99,470.1,17.76,487.28,26.61,453.89,55.69,0.01253,0.06648,0.05765,-0.04859,1073.0,1064.0,1069.0,2612.0,2963.0,2971.0,970.0,956.0,875.0,-0.5699,0.82171,-0.93659,0.35043,180,2015-08-19,266,453.0,-0.06205,train
2014-11-27,bhsi_value,487.0,6.18826,482.0,476.0,469.0,457.0,453.0,451.0,454.0,476.0,503.0,466.0,469.71,11.51,460.43,12.36,469.57,16.99,487.63,26.47,455.29,54.92,0.01032,0.07237,0.07017,-0.03233,1099.0,1073.0,1061.0,2347.0,2612.0,3106.0,980.0,970.0,875.0,-0.55568,0.83139,-0.92398,0.38244,180,2015-08-20,266,460.0,-0.05704,train
2014-11-28,bhsi_value,491.0,6.19644,487.0,482.0,476.0,462.0,455.0,450.0,451.0,472.0,501.0,469.0,474.86,11.83,463.29,14.32,469.23,16.46,488.0,26.36,456.77,54.06,0.00818,0.07615,0.08498,-0.02016,1120.0,1099.0,1055.0,2151.0,2347.0,3127.0,984.0,980.0,881.0,-0.5413,0.84083,-0.91028,0.41399,180,2015-08-21,266,464.0,-0.05656,train
2014-12-01,bhsi_value,492.0,6.19848,491.0,487.0,482.0,469.0,457.0,451.0,451.0,467.0,498.0,472.0,479.86,10.55,466.21,15.64,469.03,16.14,488.33,26.28,458.27,53.14,0.00203,0.0738,0.08701,-0.01212,1124.0,1120.0,1053.0,2025.0,2151.0,3130.0,986.0,984.0,904.0,-0.4972,0.86763,-0.86278,0.50558,180,2015-08-24,266,469.0,-0.04788,train
2014-12-02,bhsi_value,495.0,6.20456,492.0,491.0,487.0,476.0,462.0,453.0,451.0,463.0,498.0,472.0,484.57,8.73,469.36,16.65,468.93,15.97,488.72,26.21,459.79,52.2,0.00608,0.06899,0.09309,-0.00604,1119.0,1124.0,1055.0,1898.0,2025.0,3038.0,989.0,986.0,926.0,-0.48221,0.87606,-0.84488,0.53496,180,2015-08-25,266,473.0,-0.04546,train
2014-12-03,bhsi_value,498.0,6.2106,495.0,492.0,491.0,482.0,469.0,455.0,451.0,458.0,496.0,474.0,488.71,7.09,472.71,17.34,469.0,16.09,489.12,26.16,461.36,51.2,0.00604,0.06,0.09913,0.00402,1108.0,1119.0,1059.0,1677.0,1898.0,2975.0,987.0,989.0,942.0,-0.46706,0.88422,-0.82598,0.5637,180,2015-08-26,266,477.0,-0.04308,train
2014-12-04,bhsi_value,498.0,6.2106,498.0,495.0,492.0,487.0,476.0,457.0,450.0,457.0,491.0,476.0,491.86,5.44,476.14,17.25,469.23,16.45,489.48,26.13,462.93,50.1,0.0,0.04518,0.10135,0.01416,1097.0,1108.0,1064.0,1452.0,1677.0,2963.0,984.0,987.0,956.0,-0.45179,0.89213,-0.8061,0.59178,180,2015-08-27,266,479.0,-0.0389,train
2014-12-05,bhsi_value,499.0,6.21261,498.0,498.0,495.0,491.0,482.0,462.0,451.0,455.0,489.0,477.0,494.29,4.13,479.57,16.68,469.57,16.94,489.85,26.11,464.53,48.91,0.00201,0.03466,0.10114,0.02024,1088.0,1097.0,1073.0,1282.0,1452.0,2612.0,980.0,984.0,970.0,-0.43637,0.89977,-0.78527,0.61916,180,2015-08-28,266,480.0,-0.03882,train
2014-12-08,bhsi_value,497.0,6.20859,499.0,498.0,498.0,492.0,487.0,469.0,453.0,454.0,485.0,479.0,495.71,2.91,482.71,15.48,469.97,17.44,490.15,26.08,466.09,47.68,-0.00402,0.02033,0.0927,0.02444,1081.0,1088.0,1099.0,1165.0,1282.0,2347.0,971.0,980.0,980.0,-0.38938,0.92108,-0.7173,0.69677,180,2015-09-01,267,480.0,-0.0348,train
2014-12-09,bhsi_value,497.0,6.20859,497.0,499.0,498.0,495.0,491.0,476.0,455.0,451.0,481.0,484.0,496.57,2.19,485.71,13.79,470.5,18.0,490.37,26.09,467.66,46.33,0.0,0.01215,0.08829,0.03272,1066.0,1081.0,1120.0,1075.0,1165.0,2151.0,969.0,971.0,984.0,-0.37348,0.92764,-0.6929,0.72103,180,2015-09-02,267,481.0,-0.03272,train
2014-12-10,bhsi_value,494.0,6.20254,497.0,497.0,499.0,498.0,492.0,482.0,457.0,451.0,476.0,488.0,496.86,1.64,488.36,11.37,471.1,18.47,490.47,26.09,469.18,44.9,-0.00605,0.00406,0.07785,0.03712,1047.0,1066.0,1124.0,979.0,1075.0,2025.0,966.0,969.0,986.0,-0.35746,0.93393,-0.66769,0.74444,180,2015-09-03,267,483.0,-0.02252,train
2014-12-11,bhsi_value,492.0,6.19848,494.0,497.0,497.0,498.0,495.0,487.0,462.0,451.0,472.0,494.0,496.43,2.32,490.5,8.72,471.77,18.85,490.43,26.08,470.67,43.39,-0.00406,-0.00608,0.06291,0.0415,1026.0,1047.0,1119.0,879.0,979.0,1898.0,960.0,966.0,989.0,-0.34135,0.93994,-0.64169,0.76697,180,2015-09-04,267,485.0,-0.01433,train
2014-12-12,bhsi_value,493.0,6.20051,492.0,494.0,497.0,499.0,498.0,491.0,469.0,451.0,467.0,498.0,495.71,2.49,492.21,6.36,472.63,19.2,490.35,26.07,472.14,41.83,0.00203,-0.01009,0.04991,0.05418,1001.0,1026.0,1108.0,763.0,879.0,1677.0,953.0,960.0,987.0,-0.32513,0.94567,-0.61493,0.78858,180,2015-09-07,269,482.0,-0.02257,train
2014-12-15,bhsi_value,493.0,6.20051,493.0,492.0,494.0,497.0,498.0,492.0,476.0,450.0,463.0,505.0,495.0,2.45,493.43,4.5,473.63,19.46,490.15,26.0,473.59,40.25,0.0,-0.01009,0.03509,0.06278,980.0,1001.0,1097.0,659.0,763.0,1452.0,950.0,953.0,984.0,-0.27591,0.96118,-0.53041,0.84774,180,2015-09-08,267,477.0,-0.03299,train
2014-12-16,bhsi_value,495.0,6.20456,493.0,493.0,492.0,497.0,499.0,495.0,482.0,451.0,458.0,513.0,494.43,1.84,494.36,3.2,474.87,19.6,489.85,25.84,475.02,38.66,0.00405,-0.00805,0.02661,0.07769,961.0,980.0,1088.0,617.0,659.0,1282.0,947.0,950.0,980.0,-0.25934,0.96579,-0.50093,0.86549,180,2015-09-09,267,472.0,-0.04758,train
2014-12-17,bhsi_value,496.0,6.20658,495.0,493.0,493.0,494.0,497.0,498.0,487.0,453.0,457.0,521.0,494.29,1.67,495.0,2.48,476.17,19.66,489.43,25.53,476.42,37.08,0.00202,-0.00201,0.01831,0.08189,945.0,961.0,1081.0,571.0,617.0,1165.0,942.0,947.0,971.0,-0.24269,0.9701,-0.47086,0.88221,180,2015-09-10,267,468.0,-0.05811,train
2014-12-18,bhsi_value,496.0,6.20658,496.0,495.0,493.0,492.0,497.0,498.0,491.0,455.0,455.0,525.0,494.14,1.46,495.36,2.22,477.53,19.57,488.95,25.13,477.79,35.48,0.0,-0.00201,0.01013,0.08628,929.0,945.0,1066.0,517.0,571.0,1075.0,932.0,942.0,969.0,-0.22596,0.97414,-0.44024,0.89788,180,2015-09-11,267,460.0,-0.07535,train
2014-12-19,bhsi_value,497.0,6.20859,496.0,496.0,495.0,493.0,494.0,499.0,492.0,457.0,454.0,526.0,494.57,1.76,495.71,2.05,478.97,19.37,488.47,24.68,479.13,33.85,0.00201,0.00605,0.01011,0.09049,907.0,929.0,1047.0,488.0,517.0,979.0,925.0,932.0,966.0,-0.20917,0.97788,-0.40909,0.91249,180,2015-09-14,269,452.0,-0.09491,train
2014-12-22,bhsi_value,495.0,6.20456,497.0,496.0,496.0,493.0,492.0,497.0,495.0,462.0,451.0,528.0,495.0,1.41,495.71,2.05,480.43,18.85,487.92,24.16,480.39,32.28,-0.00403,0.00608,0.0,0.09309,891.0,907.0,1026.0,480.0,488.0,879.0,917.0,925.0,960.0,-0.15845,0.98737,-0.3129,0.94979,180,2015-09-15,267,445.0,-0.10648,train
2014-12-23,bhsi_value,495.0,6.20456,495.0,497.0,496.0,495.0,493.0,497.0,498.0,469.0,451.0,529.0,495.29,1.16,495.5,1.95,481.9,18.21,487.35,23.58,481.59,30.76,0.0,0.00405,-0.00604,0.09309,872.0,891.0,1001.0,472.0,480.0,763.0,906.0,917.0,953.0,-0.14144,0.98995,-0.28004,0.95999,180,2015-09-16,267,439.0,-0.12006,train
2014-12-24,bhsi_value,495.0,6.20456,495.0,495.0,497.0,496.0,493.0,494.0,498.0,476.0,451.0,531.0,495.57,0.73,495.29,1.83,483.37,17.41,486.75,22.91,482.71,29.35,0.0,0.00405,-0.00604,0.09309,856.0,872.0,980.0,474.0,472.0,659.0,897.0,906.0,950.0,-0.12439,0.99223,-0.24686,0.96905,180,2015-09-17,267,431.0,-0.13845,train
2015-01-02,bhsi_value,488.0,6.19032,495.0,495.0,495.0,496.0,495.0,492.0,499.0,482.0,451.0,531.0,494.57,2.77,494.5,2.35,484.6,16.35,486.03,22.18,483.7,27.98,-0.01424,-0.01424,-0.02229,0.07885,827.0,856.0,961.0,456.0,474.0,617.0,887.0,897.0,947.0,0.0344,0.99941,0.06876,0.99763,180,2015-09-18,259,426.0,-0.13588,train
2015-01-05,bhsi_value,482.0,6.17794,488.0,495.0,495.0,497.0,496.0,493.0,497.0,487.0,450.0,530.0,492.57,5.1,493.43,3.89,485.67,15.05,485.23,21.43,484.54,26.74,-0.01237,-0.02863,-0.03065,0.0687,811.0,827.0,945.0,442.0,456.0,571.0,884.0,887.0,942.0,0.08591,0.9963,0.17118,0.98524,180,2015-09-21,259,421.0,-0.13531,train
2015-01-06,bhsi_value,479.0,6.1717,482.0,488.0,495.0,495.0,496.0,493.0,497.0,491.0,451.0,530.0,490.14,6.69,492.14,5.24,486.6,13.68,484.38,20.63,485.28,25.66,-0.00624,-0.03488,-0.03689,0.06023,794.0,811.0,929.0,432.0,442.0,517.0,873.0,884.0,932.0,0.10303,0.99468,0.20497,0.97877,180,2015-09-22,259,417.0,-0.13861,train
2015-01-07,bhsi_value,466.0,6.14419,479.0,482.0,488.0,495.0,497.0,495.0,494.0,492.0,453.0,528.0,485.71,10.08,490.14,8.48,487.03,12.79,483.35,19.96,485.79,24.79,-0.02751,-0.0644,-0.05835,0.02829,780.0,794.0,907.0,397.0,432.0,488.0,861.0,873.0,925.0,0.12013,0.99276,0.23851,0.97114,180,2015-09-23,259,414.0,-0.11832,train
2015-01-08,bhsi_value,455.0,6.1203,466.0,479.0,482.0,495.0,495.0,496.0,492.0,495.0,455.0,523.0,480.0,13.84,487.5,12.37,487.03,12.79,482.22,19.61,486.1,24.22,-0.02389,-0.08426,-0.07818,0.0,776.0,780.0,891.0,335.0,397.0,480.0,843.0,861.0,917.0,0.13719,0.99055,0.27178,0.96236,180,2015-09-24,259,411.0,-0.1017,train
2015-01-09,bhsi_value,446.0,6.10032,455.0,466.0,479.0,488.0,495.0,496.0,493.0,498.0,457.0,520.0,473.0,16.6,484.14,16.2,486.67,13.76,480.98,19.52,486.2,24.04,-0.01998,-0.10424,-0.10019,-0.02436,764.0,776.0,872.0,311.0,335.0,472.0,820.0,843.0,906.0,0.1542,0.98804,0.30472,0.95244,180,2015-09-25,259,408.0,-0.08905,train
2015-01-12,bhsi_value,441.0,6.08904,446.0,455.0,466.0,482.0,495.0,497.0,493.0,498.0,462.0,516.0,465.29,17.12,480.43,19.39,485.97,15.43,479.73,19.64,486.19,24.06,-0.01127,-0.11551,-0.11146,-0.04652,762.0,764.0,856.0,373.0,311.0,474.0,800.0,820.0,897.0,0.20497,0.97877,0.40123,0.91598,180,2015-09-28,259,402.0,-0.09259,train
2015-01-13,bhsi_value,435.0,6.07535,441.0,446.0,455.0,479.0,488.0,495.0,495.0,499.0,469.0,513.0,457.71,17.12,476.14,22.14,484.83,17.72,478.43,19.97,486.02,24.36,-0.0137,-0.11497,-0.12921,-0.07526,766.0,762.0,827.0,537.0,373.0,456.0,778.0,800.0,887.0,0.22177,0.9751,0.4325,0.90163,180,2015-09-29,259,400.0,-0.08388,train
2015-01-14,bhsi_value,429.0,6.06146,435.0,441.0,446.0,466.0,482.0,495.0,496.0,497.0,476.0,510.0,450.14,16.41,471.36,24.45,483.27,20.32,477.08,20.52,485.72,24.89,-0.01389,-0.11649,-0.14512,-0.10396,766.0,766.0,811.0,557.0,537.0,442.0,763.0,778.0,884.0,0.23851,0.97114,0.46326,0.88622,180,2015-09-30,259,398.0,-0.075,train
2015-01-15,bhsi_value,425.0,6.05209,429.0,435.0,441.0,455.0,479.0,495.0,496.0,497.0,482.0,506.0,442.43,13.46,466.29,26.12,481.37,22.85,475.73,21.23,485.31,25.57,-0.00937,-0.11961,-0.15449,-0.12585,766.0,766.0,794.0,585.0,557.0,432.0,752.0,763.0,873.0,0.25518,0.96689,0.49347,0.86976,180,2015-10-01,259,396.0,-0.07067,train
2015-01-16,bhsi_value,418.0,6.03548,425.0,429.0,435.0,446.0,466.0,488.0,497.0,494.0,487.0,503.0,435.57,11.83,460.64,27.37,479.07,25.49,474.32,22.18,484.78,26.45,-0.01661,-0.1087,-0.17311,-0.15278,759.0,766.0,780.0,620.0,585.0,397.0,735.0,752.0,861.0,0.27178,0.96236,0.52309,0.85227,180,2015-10-02,259,392.0,-0.06422,train
2015-01-19,bhsi_value,415.0,6.02828,418.0,425.0,429.0,441.0,455.0,482.0,495.0,492.0,491.0,501.0,429.86,10.67,454.93,27.95,476.53,27.85,472.88,23.16,484.18,27.4,-0.0072,-0.09202,-0.17628,-0.16817,751.0,759.0,776.0,662.0,620.0,335.0,716.0,735.0,843.0,0.32106,0.94706,0.60812,0.79384,180,2015-10-05,259,390.0,-0.06213,train
2015-01-20,bhsi_value,410.0,6.01616,415.0,418.0,425.0,435.0,446.0,479.0,495.0,493.0,492.0,498.0,424.71,10.32,448.86,27.82,473.8,30.12,471.42,24.28,483.49,28.46,-0.01212,-0.08416,-0.1884,-0.18232,741.0,751.0,764.0,752.0,662.0,311.0,699.0,716.0,820.0,0.3373,0.9414,0.63507,0.77246,180,2015-10-06,259,386.0,-0.06032,train
2015-01-21,bhsi_value,402.0,5.99645,410.0,415.0,418.0,429.0,441.0,466.0,495.0,493.0,495.0,498.0,419.14,10.55,442.21,27.1,470.7,32.48,469.82,25.61,482.71,29.69,-0.01971,-0.09259,-0.20811,-0.20811,725.0,741.0,762.0,971.0,752.0,373.0,684.0,699.0,800.0,0.35344,0.93546,0.66126,0.75015,180,2015-10-07,259,384.0,-0.04581,train
2015-01-22,bhsi_value,392.0,5.97126,402.0,410.0,415.0,425.0,435.0,455.0,488.0,495.0,498.0,496.0,413.0,11.95,435.36,26.79,467.17,34.98,468.08,27.24,481.8,31.17,-0.02519,-0.10408,-0.21905,-0.23934,704.0,725.0,766.0,965.0,971.0,537.0,673.0,684.0,778.0,0.36948,0.92924,0.68668,0.72696,180,2015-10-08,259,382.0,-0.02584,train
2015-01-23,bhsi_value,380.0,5.94017,392.0,402.0,410.0,418.0,429.0,446.0,482.0,496.0,498.0,491.0,406.0,14.59,428.07,26.99,463.23,37.82,466.23,29.31,480.73,32.94,-0.03109,-0.12129,-0.23777,-0.27043,685.0,704.0,766.0,887.0,965.0,557.0,659.0,673.0,763.0,0.38541,0.92274,0.71128,0.70291,180,2015-10-09,259,380.0,0.0,train
2015-01-26,bhsi_value,373.0,5.92158,380.0,392.0,402.0,415.0,425.0,441.0,479.0,496.0,499.0,489.0,398.57,16.18,420.5,26.5,459.03,40.51,464.3,31.49,479.58,34.82,-0.01859,-0.13051,-0.25012,-0.29103,669.0,685.0,766.0,857.0,887.0,585.0,650.0,659.0,752.0,0.4325,0.90163,0.77991,0.62589,180,2015-10-12,259,380.0,0.01859,train
2015-01-27,bhsi_value,364.0,5.89715,373.0,380.0,392.0,410.0,418.0,435.0,466.0,497.0,497.0,485.0,390.86,17.86,413.21,27.01,454.6,43.29,462.28,33.89,478.3,36.87,-0.02442,-0.13833,-0.24703,-0.31144,648.0,669.0,759.0,831.0,857.0,620.0,642.0,650.0,735.0,0.44794,0.89406,0.80098,0.59869,180,2015-10-13,259,379.0,0.04038,train
2015-01-28,bhsi_value,356.0,5.87493,364.0,373.0,380.0,402.0,415.0,429.0,455.0,495.0,497.0,481.0,382.43,18.39,406.14,28.08,449.9,46.01,460.2,36.42,476.88,39.03,-0.02222,-0.15335,-0.24537,-0.33366,620.0,648.0,751.0,785.0,831.0,662.0,632.0,642.0,716.0,0.46326,0.88622,0.8211,0.57078,180,2015-10-14,259,379.0,0.06261,train
2015-01-29,bhsi_value,348.0,5.8522,356.0,364.0,373.0,392.0,410.0,425.0,446.0,495.0,494.0,476.0,373.57,17.9,399.14,29.45,445.03,48.72,458.07,39.08,475.32,41.28,-0.02273,-0.16395,-0.24812,-0.35033,550.0,620.0,741.0,725.0,785.0,752.0,618.0,632.0,699.0,0.47843,0.87812,0.84025,0.5422,180,2015-10-15,259,378.0,0.08269,train
2015-01-30,bhsi_value,340.0,5.82895,348.0,356.0,364.0,380.0,402.0,418.0,441.0,495.0,492.0,472.0,364.71,16.96,391.93,30.66,439.97,51.41,455.87,41.85,473.61,43.59,-0.02326,-0.16751,-0.2601,-0.36953,508.0,550.0,725.0,679.0,725.0,971.0,599.0,618.0,684.0,0.49347,0.86976,0.8584,0.51298,180,2015-10-16,259,376.0,0.10064,train
2015-02-02,bhsi_value,332.0,5.80513,340.0,348.0,356.0,373.0,392.0,415.0,435.0,488.0,493.0,467.0,356.14,16.15,384.57,31.78,434.6,53.93,453.62,44.73,471.77,45.97,-0.02381,-0.16613,-0.27021,-0.39537,480.0,508.0,704.0,665.0,679.0,965.0,585.0,599.0,673.0,0.53768,0.84315,0.90669,0.42181,180,2015-10-19,259,371.0,0.11107,train
2015-02-03,bhsi_value,326.0,5.7869,332.0,340.0,348.0,364.0,380.0,410.0,429.0,482.0,493.0,463.0,348.43,15.8,377.21,32.56,429.03,56.19,451.33,47.59,469.78,48.3,-0.01824,-0.15327,-0.27456,-0.41361,454.0,480.0,685.0,663.0,665.0,887.0,567.0,585.0,659.0,0.5521,0.83378,0.92066,0.39037,180,2015-10-20,259,368.0,0.12119,train
2015-02-04,bhsi_value,321.0,5.77144,326.0,332.0,340.0,356.0,373.0,402.0,425.0,479.0,495.0,458.0,341.0,14.69,369.79,32.67,423.23,58.03,449.05,50.42,467.64,50.53,-0.01546,-0.15014,-0.28065,-0.43312,437.0,454.0,669.0,669.0,663.0,857.0,556.0,567.0,650.0,0.56636,0.82416,0.93354,0.35847,180,2015-10-21,259,366.0,0.13119,train
2015-02-05,bhsi_value,309.0,5.73334,321.0,326.0,332.0,348.0,364.0,392.0,418.0,466.0,496.0,457.0,333.14,14.99,362.0,33.24,417.0,59.89,446.58,53.5,465.29,52.88,-0.0381,-0.16381,-0.30214,-0.47323,428.0,437.0,648.0,680.0,669.0,831.0,545.0,556.0,642.0,0.58045,0.81429,0.94532,0.32614,180,2015-10-22,259,365.0,0.16656,train
2015-02-06,bhsi_value,301.0,5.70711,309.0,321.0,326.0,340.0,356.0,380.0,415.0,455.0,496.0,455.0,325.29,15.36,353.86,33.22,410.5,61.52,444.02,56.63,462.8,55.23,-0.02623,-0.16782,-0.32117,-0.49947,430.0,428.0,620.0,689.0,680.0,785.0,538.0,545.0,632.0,0.59438,0.80419,0.95598,0.29343,180,2015-10-23,259,362.0,0.18453,train
2015-02-09,bhsi_value,295.0,5.68698,301.0,309.0,321.0,332.0,348.0,373.0,410.0,446.0,497.0,454.0,317.71,15.36,345.64,32.53,403.77,62.73,441.37,59.74,460.23,57.55,-0.02013,-0.16523,-0.32918,-0.52161,434.0,430.0,550.0,687.0,689.0,725.0,530.0,538.0,618.0,0.63507,0.77246,0.98112,0.19338,180,2015-10-26,259,360.0,0.19913,train
2015-02-10,bhsi_value,289.0,5.66643,295.0,301.0,309.0,326.0,340.0,364.0,402.0,441.0,495.0,451.0,310.43,15.15,337.57,31.55,396.9,63.64,438.67,62.83,457.58,59.83,-0.02055,-0.16252,-0.33003,-0.53813,446.0,434.0,508.0,711.0,687.0,679.0,523.0,530.0,599.0,0.64826,0.76142,0.9872,0.15951,180,2015-10-27,259,356.0,0.2085,train
2015-02-11,bhsi_value,281.0,5.63835,289.0,295.0,301.0,321.0,332.0,356.0,392.0,435.0,495.0,451.0,303.14,15.29,329.64,30.81,389.77,64.23,435.83,65.96,454.82,62.15,-0.02807,-0.16678,-0.33291,-0.5662,469.0,446.0,480.0,700.0,711.0,665.0,516.0,523.0,585.0,0.66126,0.75015,0.9921,0.12546,180,2015-10-28,259,354.0,0.23094,train
2015-02-12,bhsi_value,273.0,5.60947,281.0,289.0,295.0,309.0,326.0,348.0,380.0,429.0,495.0,451.0,295.57,15.22,322.0,30.65,382.37,64.47,432.87,69.14,451.96,64.47,-0.02888,-0.17743,-0.3307,-0.59509,489.0,469.0,454.0,652.0,700.0,663.0,508.0,516.0,567.0,0.67407,0.73867,0.99583,0.09126,180,2015-10-29,259,351.0,0.25131,train
2015-02-13,bhsi_value,268.0,5.59099,273.0,281.0,289.0,301.0,321.0,340.0,373.0,425.0,488.0,451.0,288.0,13.8,314.5,30.09,375.03,64.55,429.82,72.24,449.03,66.74,-0.01848,-0.18045,-0.33059,-0.59933,499.0,489.0,437.0,630.0,652.0,669.0,496.0,508.0,556.0,0.68668,0.72696,0.99838,0.05695,180,2015-10-30,259,349.0,0.26408,train
2015-02-16,bhsi_value,263.0,5.57215,268.0,273.0,281.0,295.0,309.0,332.0,364.0,418.0,482.0,450.0,281.43,13.18,307.29,29.46,367.73,64.42,426.7,75.27,446.07,68.98,-0.01883,-0.16119,-0.325,-0.60579,505.0,499.0,428.0,614.0,630.0,680.0,486.0,496.0,545.0,0.72326,0.69057,0.99893,-0.04622,180,2015-11-02,259,347.0,0.27717,train
2015-02-17,bhsi_value,261.0,5.56452,263.0,268.0,273.0,289.0,301.0,326.0,356.0,415.0,479.0,451.0,275.71,12.08,300.5,28.38,360.47,63.75,423.53,78.12,443.08,71.07,-0.00763,-0.14259,-0.31041,-0.60718,508.0,505.0,430.0,589.0,614.0,689.0,480.0,486.0,538.0,0.73503,0.67803,0.99675,-0.08055,180,2015-11-03,259,339.0,0.26148,train
2015-02-18,bhsi_value,260.0,5.56068,261.0,263.0,268.0,281.0,295.0,321.0,348.0,410.0,466.0,453.0,270.71,10.15,294.21,26.87,353.6,63.11,420.32,80.77,440.1,73.04,-0.00384,-0.12629,-0.29152,-0.5835,514.0,508.0,434.0,564.0,589.0,687.0,480.0,480.0,530.0,0.74659,0.66529,0.99339,-0.11479,180,2015-11-04,259,333.0,0.24746,train
2015-02-19,bhsi_value,267.0,5.58725,260.0,261.0,263.0,273.0,289.0,309.0,340.0,402.0,455.0,455.0,267.57,6.88,289.0,24.45,347.33,62.05,417.18,82.98,437.26,74.72,0.02657,-0.07918,-0.2417,-0.53305,516.0,514.0,446.0,539.0,564.0,711.0,478.0,480.0,523.0,0.75792,0.65235,0.98885,-0.14889,180,2015-11-05,259,328.0,0.20576,train
2015-02-20,bhsi_value,270.0,5.59842,267.0,260.0,261.0,268.0,281.0,301.0,332.0,392.0,446.0,457.0,266.0,4.47,284.57,21.72,341.47,60.75,414.07,84.92,434.48,76.22,0.01117,-0.03993,-0.20671,-0.5019,514.0,516.0,469.0,542.0,539.0,700.0,483.0,478.0,516.0,0.76903,0.63921,0.98315,-0.18282,180,2015-11-06,259,323.0,0.17923,train
2015-02-23,bhsi_value,266.0,5.5835,270.0,267.0,260.0,263.0,273.0,295.0,326.0,380.0,441.0,462.0,265.0,3.46,280.29,18.85,335.63,59.3,410.8,86.76,431.7,77.74,-0.01493,-0.02598,-0.2034,-0.50555,512.0,514.0,489.0,543.0,542.0,652.0,490.0,483.0,508.0,0.80098,0.59869,0.95908,-0.28314,180,2015-11-09,259,319.0,0.18169,train
2015-02-24,bhsi_value,274.0,5.61313,266.0,270.0,267.0,261.0,268.0,289.0,321.0,373.0,435.0,469.0,265.86,4.64,276.93,15.12,330.27,57.32,407.55,88.16,429.04,78.99,0.02963,0.02214,-0.15831,-0.46222,514.0,512.0,499.0,534.0,543.0,630.0,492.0,490.0,496.0,0.81116,0.58482,0.94877,-0.31596,180,2015-11-10,259,316.0,0.14261,train
2015-02-25,bhsi_value,289.0,5.66643,274.0,266.0,270.0,260.0,263.0,281.0,309.0,364.0,429.0,476.0,269.57,9.12,275.5,12.79,325.6,54.73,404.43,88.99,426.59,79.87,0.0533,0.09427,-0.06691,-0.39503,519.0,514.0,505.0,529.0,534.0,614.0,490.0,492.0,486.0,0.8211,0.57078,0.93734,-0.34841,180,2015-11-11,259,311.0,0.07337,train
2015-02-26,bhsi_value,300.0,5.70378,289.0,274.0,266.0,267.0,261.0,273.0,301.0,356.0,425.0,482.0,275.14,13.18,275.43,12.65,321.43,51.68,401.4,89.39,424.3,80.51,0.03736,0.13926,-0.00333,-0.34831,531.0,519.0,508.0,525.0,529.0,589.0,496.0,490.0,480.0,0.8308,0.55658,0.9248,-0.38045,180,2015-11-12,259,307.0,0.02307,train
2015-02-27,bhsi_value,308.0,5.7301,300.0,289.0,274.0,270.0,260.0,268.0,295.0,348.0,418.0,487.0,282.0,15.76,276.36,14.41,317.77,48.5,398.42,89.47,422.13,80.98,0.02632,0.16942,0.04312,-0.30538,540.0,531.0,514.0,521.0,525.0,564.0,506.0,496.0,480.0,0.84025,0.5422,0.91117,-0.41203,180,2015-11-13,259,304.0,-0.01307,train
2015-03-02,bhsi_value,318.0,5.76205,308.0,300.0,289.0,266.0,267.0,263.0,289.0,340.0,415.0,491.0,289.29,18.66,278.43,17.77,314.53,45.02,395.53,89.23,420.1,81.27,0.03195,0.1748,0.09562,-0.26623,551.0,540.0,516.0,516.0,521.0,539.0,515.0,506.0,478.0,0.8671,0.49814,0.86387,-0.50372,180,2015-11-16,259,302.0,-0.05162,train
2015-03-03,bhsi_value,327.0,5.78996,318.0,308.0,300.0,274.0,270.0,261.0,281.0,332.0,410.0,492.0,297.43,20.78,281.71,21.75,311.77,41.48,392.78,88.76,418.2,81.43,0.02791,0.19154,0.15161,-0.2262,564.0,551.0,514.0,490.0,516.0,542.0,528.0,515.0,483.0,0.87554,0.48315,0.84603,-0.53314,180,2015-11-17,259,296.0,-0.0996,train
2015-03-04,bhsi_value,338.0,5.82305,327.0,318.0,308.0,289.0,266.0,260.0,273.0,326.0,402.0,495.0,307.71,20.5,286.36,25.93,309.63,38.31,390.17,88.02,416.42,81.41,0.03309,0.23955,0.21357,-0.17341,576.0,564.0,512.0,478.0,490.0,543.0,541.0,528.0,490.0,0.88372,0.46802,0.82719,-0.56192,180,2015-11-18,259,292.0,-0.14629,train
2015-03-05,bhsi_value,348.0,5.8522,338.0,327.0,318.0,300.0,274.0,267.0,268.0,321.0,392.0,498.0,318.29,19.44,292.07,29.78,308.17,35.89,387.67,87.04,414.78,81.28,0.02916,0.23907,0.26122,-0.11906,583.0,576.0,514.0,464.0,478.0,534.0,550.0,541.0,492.0,0.89164,0.45274,0.80737,-0.59004,180,2015-11-19,259,290.0,-0.18232,train
2015-03-06,bhsi_value,352.0,5.86363,348.0,338.0,327.0,308.0,289.0,270.0,263.0,309.0,380.0,498.0,327.29,18.35,298.43,32.29,307.23,34.34,385.23,85.96,413.23,81.14,0.01143,0.1972,0.29148,-0.07654,587.0,583.0,519.0,470.0,464.0,529.0,560.0,550.0,490.0,0.8993,0.43734,0.7866,-0.61747,180,2015-11-20,259,288.0,-0.20067,train
2015-03-09,bhsi_value,356.0,5.87493,352.0,348.0,338.0,318.0,300.0,266.0,261.0,301.0,373.0,499.0,335.29,16.86,305.21,33.66,306.67,33.38,382.85,84.74,411.76,80.96,0.0113,0.17115,0.31041,-0.04665,590.0,587.0,531.0,468.0,470.0,525.0,566.0,560.0,496.0,0.92066,0.39037,0.71879,-0.69523,180,2015-11-23,259,286.0,-0.21894,train
2015-03-10,bhsi_value,357.0,5.87774,356.0,352.0,348.0,327.0,308.0,274.0,260.0,295.0,364.0,497.0,342.29,14.01,312.14,33.63,306.43,33.0,380.52,83.49,410.33,80.78,0.00281,0.14764,0.31705,-0.01942,591.0,590.0,540.0,457.0,468.0,521.0,573.0,566.0,506.0,0.92724,0.37447,0.69445,-0.71954,180,2015-11-24,259,285.0,-0.22525,train
2015-03-11,bhsi_value,361.0,5.88888,357.0,356.0,352.0,338.0,318.0,289.0,267.0,289.0,356.0,497.0,348.43,11.15,318.86,33.33,306.6,33.26,378.25,82.13,409.0,80.6,0.01114,0.12683,0.30163,0.01395,588.0,591.0,551.0,431.0,457.0,516.0,580.0,573.0,515.0,0.93354,0.35847,0.66929,-0.743,180,2015-11-25,259,285.0,-0.23639,train
2015-03-12,bhsi_value,364.0,5.89715,361.0,357.0,356.0,348.0,327.0,300.0,270.0,281.0,348.0,494.0,353.71,8.08,325.57,32.26,307.13,34.04,376.08,80.75,407.76,80.42,0.00828,0.10719,0.29873,0.04495,586.0,588.0,564.0,394.0,431.0,490.0,589.0,580.0,528.0,0.93957,0.34236,0.64334,-0.76558,180,2015-11-26,259,284.0,-0.24818,train
2015-03-13,bhsi_value,368.0,5.90808,364.0,361.0,357.0,352.0,338.0,308.0,266.0,273.0,340.0,492.0,358.0,6.39,332.86,29.37,308.07,35.29,374.02,79.33,406.6,80.23,0.01093,0.08504,0.32459,0.07914,585.0,586.0,576.0,378.0,394.0,478.0,596.0,589.0,541.0,0.94532,0.32614,0.61662,-0.78726,180,2015-11-27,259,283.0,-0.26264,train
2015-03-16,bhsi_value,370.0,5.9135,368.0,364.0,361.0,356.0,348.0,318.0,274.0,268.0,332.0,493.0,361.14,6.1,339.71,25.82,309.33,36.78,371.97,77.8,405.52,80.07,0.00542,0.0613,0.30037,0.10837,588.0,585.0,583.0,372.0,378.0,464.0,606.0,596.0,550.0,0.96089,0.27695,0.53223,-0.8466,180,2015-11-30,259,285.0,-0.26101,train
2015-03-17,bhsi_value,375.0,5.92693,370.0,368.0,364.0,357.0,352.0,327.0,289.0,263.0,326.0,493.0,364.43,6.48,345.86,23.11,310.97,38.53,370.0,76.19,404.54,79.89,0.01342,0.06329,0.2605,0.14003,595.0,588.0,587.0,366.0,372.0,470.0,611.0,606.0,560.0,0.96551,0.26038,0.50279,-0.86441,180,2015-12-01,259,286.0,-0.27093,train
2015-03-18,bhsi_value,378.0,5.93489,375.0,370.0,368.0,361.0,356.0,338.0,300.0,261.0,321.0,495.0,367.57,6.95,351.43,20.66,312.87,40.34,368.05,74.45,403.66,79.74,0.00797,0.05996,0.23111,0.16345,604.0,595.0,590.0,357.0,366.0,468.0,616.0,611.0,566.0,0.96984,0.24373,0.47276,-0.88119,180,2015-12-02,259,286.0,-0.2789,train
2015-03-19,bhsi_value,383.0,5.94803,378.0,375.0,370.0,364.0,357.0,348.0,308.0,260.0,309.0,496.0,371.29,7.24,356.79,18.29,315.33,42.24,366.17,72.59,402.83,79.57,0.01314,0.0703,0.21794,0.21469,613.0,604.0,591.0,407.0,357.0,457.0,623.0,616.0,573.0,0.97389,0.22701,0.44217,-0.89693,180,2015-12-03,259,286.0,-0.29204,train
2015-03-20,bhsi_value,384.0,5.95064,383.0,378.0,375.0,368.0,361.0,352.0,318.0,267.0,301.0,496.0,374.57,7.05,361.5,16.06,318.1,43.9,364.3,70.64,402.04,79.4,0.00261,0.06176,0.18859,0.24353,617.0,613.0,588.0,423.0,407.0,431.0,627.0,623.0,580.0,0.97765,0.21022,0.41105,-0.91161,180,2015-12-04,259,286.0,-0.29465,train
2015-03-23,bhsi_value,386.0,5.95584,384.0,383.0,378.0,370.0,364.0,356.0,327.0,270.0,295.0,497.0,377.71,6.52,365.71,14.07,321.13,45.32,362.45,68.57,401.29,79.22,0.00519,0.05868,0.16588,0.26886,617.0,617.0,586.0,435.0,423.0,394.0,635.0,627.0,589.0,0.9872,0.15951,0.31494,-0.94911,180,2015-12-07,259,286.0,-0.29985,train
2015-03-24,bhsi_value,388.0,5.96101,386.0,384.0,383.0,375.0,368.0,357.0,338.0,266.0,289.0,495.0,380.57,6.0,369.29,12.88,324.43,46.45,360.67,66.46,400.59,79.06,0.00517,0.05292,0.13796,0.29458,609.0,617.0,585.0,448.0,435.0,378.0,640.0,635.0,596.0,0.98979,0.14251,0.28211,-0.95938,180,2015-12-08,259,286.0,-0.30501,train
2015-03-25,bhsi_value,390.0,5.96615,388.0,386.0,384.0,378.0,370.0,361.0,348.0,274.0,281.0,495.0,383.43,4.95,372.29,12.45,328.07,47.17,358.92,64.24,399.91,78.89,0.00514,0.05264,0.11394,0.32779,602.0,609.0,588.0,455.0,448.0,372.0,645.0,640.0,606.0,0.9921,0.12546,0.24894,-0.96852,180,2015-12-09,259,286.0,-0.31015,train
2015-03-26,bhsi_value,390.0,5.96615,390.0,388.0,386.0,383.0,375.0,364.0,352.0,289.0,273.0,495.0,385.57,3.99,375.0,11.86,331.97,47.29,357.17,61.9,399.23,78.71,0.0,0.03922,0.10252,0.35667,599.0,602.0,595.0,456.0,455.0,366.0,648.0,645.0,611.0,0.99411,0.10838,0.21548,-0.97651,180,2015-12-10,259,285.0,-0.31366,train
2015-03-27,bhsi_value,390.0,5.96615,390.0,390.0,388.0,384.0,378.0,368.0,356.0,300.0,268.0,488.0,387.29,2.76,377.43,11.18,336.03,46.86,355.53,59.68,398.56,78.52,0.0,0.03125,0.09122,0.37516,597.0,599.0,604.0,456.0,456.0,357.0,648.0,648.0,616.0,0.99583,0.09126,0.18176,-0.98334,180,2015-12-11,259,282.0,-0.32424,train
2015-03-30,bhsi_value,393.0,5.97381,390.0,390.0,390.0,386.0,383.0,370.0,357.0,308.0,263.0,482.0,388.71,2.76,380.0,10.3,340.37,45.9,354.05,57.58,397.92,78.33,0.00766,0.02577,0.09607,0.40166,600.0,597.0,613.0,460.0,456.0,407.0,647.0,648.0,623.0,0.99921,0.03977,0.07948,-0.99684,180,2015-12-14,259,279.0,-0.3426,train
2015-03-31,bhsi_value,392.0,5.97126,393.0,390.0,390.0,388.0,384.0,375.0,361.0,318.0,261.0,479.0,389.86,2.17,382.21,9.25,344.73,44.35,352.6,55.48,397.27,78.13,-0.00255,0.02062,0.08238,0.40674,598.0,600.0,617.0,475.0,460.0,423.0,649.0,647.0,627.0,0.99975,0.02258,0.04514,-0.99898,180,2015-12-15,259,276.0,-0.35086,train
2015-04-01,bhsi_value,389.0,5.96358,392.0,393.0,390.0,390.0,386.0,378.0,364.0,327.0,260.0,466.0,390.29,1.58,384.0,7.87,349.03,42.13,351.32,53.7,396.56,77.91,-0.00768,0.00774,0.06643,0.4029,596.0,598.0,617.0,463.0,475.0,435.0,650.0,649.0,635.0,0.99999,0.00538,0.01075,-0.99994,180,2015-12-16,259,275.0,-0.34681,train
2015-04-02,bhsi_value,386.0,5.95584,389.0,392.0,393.0,390.0,388.0,383.0,368.0,338.0,267.0,455.0,390.0,2.07,385.29,6.51,353.0,39.75,350.17,52.19,395.79,77.67,-0.00774,-0.00517,0.04775,0.36859,589.0,596.0,609.0,454.0,463.0,448.0,646.0,650.0,640.0,0.99993,-0.01183,-0.02365,-0.99972,180,2015-12-17,259,274.0,-0.34271,train
2015-04-07,bhsi_value,385.0,5.95324,386.0,389.0,392.0,390.0,390.0,384.0,370.0,348.0,270.0,446.0,389.29,2.71,386.36,4.95,356.83,37.01,349.15,50.89,394.99,77.41,-0.00259,-0.0129,0.03974,0.35482,584.0,589.0,602.0,448.0,454.0,455.0,636.0,646.0,645.0,0.99522,-0.09768,-0.19443,-0.98092,180,2015-12-18,255,273.0,-0.34377,train
2015-04-08,bhsi_value,382.0,5.94542,385.0,386.0,389.0,393.0,390.0,386.0,375.0,352.0,266.0,441.0,388.14,3.68,386.86,4.05,360.7,33.18,348.17,49.66,394.1,77.09,-0.00782,-0.02073,0.01849,0.36192,585.0,584.0,599.0,450.0,448.0,456.0,631.0,636.0,648.0,0.99339,-0.11479,-0.22806,-0.97365,180,2015-12-21,257,273.0,-0.33595,train
2015-04-09,bhsi_value,379.0,5.93754,382.0,385.0,386.0,392.0,390.0,388.0,378.0,356.0,274.0,435.0,386.57,4.75,386.93,3.9,364.2,29.14,347.23,48.53,393.1,76.7,-0.00788,-0.02861,0.00264,0.32441,591.0,585.0,597.0,461.0,450.0,456.0,624.0,631.0,648.0,0.99127,-0.13186,-0.26141,-0.96523,180,2015-12-22,257,271.0,-0.33542,train
2015-04-10,bhsi_value,373.0,5.92158,379.0,382.0,385.0,389.0,393.0,390.0,383.0,357.0,289.0,429.0,383.71,5.9,386.21,5.24,367.0,25.6,346.3,47.48,391.96,76.22,-0.01596,-0.05223,-0.02646,0.25515,600.0,591.0,600.0,466.0,461.0,460.0,617.0,624.0,647.0,0.98885,-0.14889,-0.29446,-0.95566,180,2015-12-23,257,270.0,-0.32316,train
2015-04-13,bhsi_value,369.0,5.9108,373.0,379.0,382.0,386.0,392.0,390.0,384.0,361.0,300.0,425.0,380.43,6.72,385.14,6.86,369.3,22.38,345.37,46.46,390.7,75.65,-0.01078,-0.06047,-0.03985,0.20701,609.0,600.0,598.0,460.0,466.0,475.0,613.0,617.0,649.0,0.97986,-0.1997,-0.39136,-0.92024,180,2015-12-24,255,270.0,-0.31237,train
2015-04-14,bhsi_value,366.0,5.90263,369.0,373.0,379.0,385.0,389.0,390.0,386.0,364.0,308.0,418.0,377.14,7.32,383.71,8.44,371.23,19.29,344.5,45.57,389.36,75.0,-0.00816,-0.06095,-0.0532,0.17253,619.0,609.0,596.0,470.0,460.0,463.0,609.0,613.0,650.0,0.97628,-0.21653,-0.42278,-0.90623,180,2016-01-04,265,267.0,-0.31538,train
2015-04-15,bhsi_value,362.0,5.89164,366.0,369.0,373.0,382.0,386.0,393.0,388.0,368.0,318.0,415.0,373.71,7.96,381.86,10.01,372.7,16.69,343.62,44.7,387.92,74.27,-0.01099,-0.06419,-0.06936,0.12959,626.0,619.0,589.0,494.0,470.0,454.0,608.0,609.0,646.0,0.97241,-0.23329,-0.4537,-0.89115,180,2016-01-05,265,266.0,-0.30815,train
2015-04-16,bhsi_value,360.0,5.8861,362.0,366.0,369.0,379.0,385.0,392.0,390.0,370.0,327.0,410.0,370.14,7.7,379.71,11.18,373.8,14.59,342.78,43.92,386.46,73.5,-0.00554,-0.06714,-0.08004,0.09614,636.0,626.0,584.0,521.0,494.0,448.0,608.0,608.0,636.0,0.96825,-0.24998,-0.48409,-0.87502,180,2016-01-06,265,263.0,-0.31395,train
2015-04-17,bhsi_value,358.0,5.88053,360.0,362.0,366.0,373.0,382.0,389.0,390.0,375.0,338.0,402.0,366.71,6.96,377.43,12.08,374.47,13.35,342.05,43.28,384.93,72.65,-0.00557,-0.06489,-0.08561,0.05749,642.0,636.0,585.0,532.0,521.0,450.0,612.0,608.0,631.0,0.96381,-0.2666,-0.5139,-0.85785,180,2016-01-07,265,259.0,-0.3237,train
2015-04-20,bhsi_value,357.0,5.87774,358.0,360.0,362.0,369.0,379.0,386.0,390.0,378.0,348.0,392.0,363.57,5.53,375.07,12.6,374.77,12.84,341.47,42.84,383.37,71.71,-0.0028,-0.0598,-0.08841,0.02553,646.0,642.0,591.0,537.0,532.0,461.0,619.0,612.0,624.0,0.94877,-0.31596,-0.59955,-0.80034,180,2016-01-08,263,256.0,-0.33256,train
2015-04-21,bhsi_value,355.0,5.87212,357.0,358.0,360.0,366.0,373.0,385.0,393.0,383.0,352.0,380.0,361.0,4.66,372.36,12.54,374.87,12.67,341.05,42.59,381.78,70.73,-0.00562,-0.04946,-0.10169,0.00849,659.0,646.0,600.0,549.0,537.0,466.0,618.0,619.0,617.0,0.9432,-0.33224,-0.62673,-0.77924,180,2016-01-11,265,251.0,-0.34666,train
2015-04-22,bhsi_value,355.0,5.87212,355.0,357.0,358.0,362.0,369.0,382.0,392.0,384.0,356.0,373.0,359.0,3.7,369.71,12.01,374.83,12.72,340.75,42.42,380.18,69.68,0.0,-0.03868,-0.09914,-0.00281,669.0,659.0,609.0,544.0,549.0,460.0,619.0,618.0,613.0,0.93734,-0.34841,-0.65316,-0.75722,180,2016-01-12,265,250.0,-0.35066,train
2015-04-23,bhsi_value,351.0,5.86079,355.0,355.0,357.0,360.0,366.0,379.0,389.0,386.0,357.0,364.0,356.86,3.36,367.0,11.63,374.63,13.04,340.53,42.34,378.56,68.64,-0.01133,-0.04185,-0.10279,-0.01695,680.0,669.0,619.0,543.0,544.0,470.0,620.0,619.0,609.0,0.93121,-0.36448,-0.67882,-0.7343,180,2016-01-13,265,250.0,-0.33933,train
2015-04-24,bhsi_value,348.0,5.8522,351.0,355.0,355.0,358.0,362.0,373.0,386.0,388.0,361.0,356.0,354.86,3.83,364.29,11.31,374.2,13.69,340.4,42.3,376.9,67.55,-0.00858,-0.03944,-0.10363,-0.03668,685.0,680.0,626.0,545.0,543.0,494.0,621.0,620.0,608.0,0.9248,-0.38045,-0.70368,-0.71052,180,2016-01-14,265,247.0,-0.34281,train
2015-04-27,bhsi_value,347.0,5.84932,348.0,351.0,355.0,357.0,360.0,369.0,385.0,390.0,364.0,348.0,353.0,4.04,361.57,10.55,373.63,14.43,340.38,42.3,375.27,66.47,-0.00288,-0.03678,-0.10392,-0.04783,687.0,685.0,636.0,546.0,545.0,521.0,624.0,621.0,608.0,0.90395,-0.42765,-0.77314,-0.63424,180,2016-01-15,263,245.0,-0.34807,train
2015-04-28,bhsi_value,346.0,5.84644,347.0,348.0,351.0,355.0,358.0,366.0,382.0,390.0,368.0,340.0,351.29,4.1,359.0,9.6,372.9,15.24,340.48,42.3,373.64,65.37,-0.00289,-0.03409,-0.09898,-0.06164,685.0,687.0,642.0,551.0,546.0,532.0,626.0,624.0,612.0,0.89646,-0.44313,-0.7945,-0.60727,180,2016-01-18,265,243.0,-0.35338,train
2015-04-29,bhsi_value,345.0,5.84354,346.0,347.0,348.0,355.0,357.0,362.0,379.0,390.0,370.0,332.0,349.57,3.85,356.57,8.47,372.07,16.04,340.7,42.29,372.0,64.2,-0.00289,-0.03419,-0.09399,-0.06996,673.0,685.0,646.0,558.0,551.0,537.0,628.0,626.0,619.0,0.8887,-0.45849,-0.81492,-0.57958,180,2016-01-19,265,240.0,-0.36291,train
2015-04-30,bhsi_value,343.0,5.83773,345.0,346.0,347.0,351.0,355.0,360.0,373.0,393.0,375.0,326.0,347.86,3.72,354.43,7.81,371.0,16.85,340.98,42.25,370.33,62.97,-0.00581,-0.03439,-0.08385,-0.0892,658.0,673.0,659.0,565.0,558.0,549.0,627.0,628.0,618.0,0.88068,-0.47371,-0.83437,-0.5512,180,2016-01-20,265,238.0,-0.36546,train
2015-05-01,bhsi_value,340.0,5.82895,343.0,345.0,346.0,348.0,355.0,358.0,369.0,392.0,378.0,321.0,345.71,3.28,352.36,7.51,369.73,17.68,341.3,42.17,368.61,61.64,-0.00878,-0.04317,-0.08185,-0.10595,647.0,658.0,669.0,574.0,565.0,544.0,625.0,627.0,619.0,0.8724,-0.48879,-0.85284,-0.52218,180,2016-01-21,265,237.0,-0.36089,train
2015-05-05,bhsi_value,335.0,5.81413,340.0,343.0,345.0,347.0,351.0,357.0,366.0,389.0,383.0,309.0,343.43,4.24,350.14,7.73,368.13,18.56,341.73,41.97,366.82,60.24,-0.01482,-0.04666,-0.0885,-0.1339,633.0,647.0,680.0,571.0,574.0,543.0,621.0,625.0,620.0,0.83673,-0.54761,-0.91641,-0.40024,180,2016-01-22,262,233.0,-0.36309,train
2015-05-06,bhsi_value,332.0,5.80513,335.0,340.0,343.0,346.0,348.0,355.0,362.0,386.0,384.0,301.0,341.14,5.33,348.0,8.28,366.4,19.41,342.25,41.65,365.0,58.77,-0.009,-0.04707,-0.08651,-0.14551,618.0,633.0,685.0,574.0,571.0,545.0,618.0,621.0,621.0,0.82719,-0.56192,-0.92963,-0.36848,180,2016-01-25,264,231.0,-0.36272,train
2015-05-07,bhsi_value,331.0,5.80212,332.0,335.0,340.0,345.0,347.0,355.0,360.0,385.0,386.0,295.0,338.86,5.74,345.93,8.64,364.57,20.05,342.85,41.23,363.16,57.18,-0.00302,-0.04721,-0.08399,-0.15372,603.0,618.0,687.0,594.0,574.0,546.0,618.0,618.0,624.0,0.8174,-0.57607,-0.94176,-0.33629,180,2016-01-26,264,229.0,-0.3684,train
2015-05-08,bhsi_value,329.0,5.79606,331.0,332.0,335.0,343.0,346.0,351.0,358.0,382.0,388.0,289.0,336.43,5.8,343.86,8.97,362.6,20.55,343.52,40.67,361.31,55.55,-0.00606,-0.05038,-0.08448,-0.16495,594.0,603.0,685.0,616.0,594.0,551.0,618.0,618.0,626.0,0.80737,-0.59004,-0.95277,-0.3037,180,2016-01-27,264,225.0,-0.37996,train
2015-05-11,bhsi_value,328.0,5.79301,329.0,331.0,332.0,340.0,345.0,348.0,357.0,379.0,390.0,281.0,334.0,5.24,341.79,9.04,360.53,20.8,344.3,39.9,359.46,53.82,-0.00304,-0.05053,-0.08472,-0.17313,586.0,594.0,673.0,660.0,616.0,558.0,618.0,618.0,628.0,0.77586,-0.63091,-0.97899,-0.20391,180,2016-01-28,262,222.0,-0.39034,train
2015-05-12,bhsi_value,327.0,5.78996,328.0,329.0,331.0,335.0,343.0,347.0,355.0,373.0,390.0,273.0,331.71,4.2,339.79,8.99,358.43,20.9,345.2,38.88,357.59,51.96,-0.00305,-0.04777,-0.08216,-0.17619,583.0,586.0,658.0,731.0,660.0,565.0,617.0,618.0,627.0,0.76489,-0.64416,-0.98542,-0.17012,180,2016-01-29,262,219.0,-0.40089,train
2015-05-13,bhsi_value,326.0,5.7869,327.0,328.0,329.0,332.0,340.0,346.0,355.0,369.0,390.0,268.0,329.71,2.91,337.71,8.58,356.3,20.84,346.17,37.65,355.79,50.19,-0.00306,-0.04205,-0.08522,-0.17925,584.0,583.0,647.0,942.0,731.0,574.0,619.0,617.0,625.0,0.7537,-0.65722,-0.99069,-0.13612,180,2016-02-01,264,216.0,-0.41162,train
2015-05-14,bhsi_value,326.0,5.7869,326.0,327.0,328.0,331.0,335.0,345.0,351.0,366.0,393.0,263.0,328.43,2.19,335.93,8.22,354.07,20.37,347.22,36.17,354.06,48.47,0.0,-0.02723,-0.07389,-0.18691,580.0,584.0,633.0,972.0,942.0,571.0,624.0,619.0,621.0,0.74228,-0.67009,-0.99479,-0.10196,180,2016-02-02,264,212.0,-0.43031,train
2015-05-15,bhsi_value,327.0,5.78996,326.0,326.0,327.0,329.0,332.0,343.0,348.0,362.0,392.0,261.0,327.71,1.67,334.43,7.79,351.9,19.66,348.32,34.49,352.37,46.7,0.00306,-0.01517,-0.06224,-0.1813,579.0,580.0,618.0,954.0,972.0,574.0,626.0,624.0,618.0,0.73064,-0.68276,-0.99771,-0.06768,180,2016-02-03,264,203.0,-0.47675,train
2015-05-18,bhsi_value,326.0,5.7869,327.0,326.0,326.0,328.0,331.0,340.0,347.0,360.0,389.0,260.0,327.0,1.07,332.93,7.23,349.8,18.94,349.42,32.66,350.81,45.2,-0.00306,-0.01522,-0.06243,-0.17668,578.0,579.0,603.0,950.0,954.0,594.0,628.0,626.0,618.0,0.69445,-0.71954,-0.99937,0.03547,180,2016-02-04,262,197.0,-0.50369,train
2015-05-19,bhsi_value,325.0,5.78383,326.0,327.0,326.0,327.0,329.0,335.0,346.0,358.0,386.0,267.0,326.43,0.9,331.43,6.5,347.77,18.21,350.38,31.03,349.37,43.9,-0.00307,-0.01223,-0.06261,-0.17201,574.0,578.0,594.0,923.0,950.0,616.0,626.0,628.0,618.0,0.68197,-0.73138,-0.99756,0.06983,180,2016-02-05,262,194.0,-0.51597,train
2015-05-20,bhsi_value,326.0,5.7869,325.0,326.0,327.0,326.0,328.0,332.0,345.0,357.0,385.0,270.0,326.14,0.64,330.07,5.42,345.8,17.24,351.32,29.39,348.03,42.75,0.00307,-0.00612,-0.05665,-0.16635,565.0,574.0,586.0,889.0,923.0,660.0,625.0,626.0,618.0,0.66929,-0.743,-0.99457,0.1041,180,2016-02-08,264,190.0,-0.53987,train
2015-05-21,bhsi_value,327.0,5.78996,326.0,325.0,326.0,326.0,327.0,331.0,343.0,355.0,382.0,266.0,326.14,0.64,328.93,4.1,343.97,16.18,352.33,27.41,346.77,41.66,0.00306,0.0,-0.04777,-0.15546,556.0,565.0,583.0,844.0,889.0,731.0,623.0,625.0,617.0,0.65641,-0.7544,-0.9904,0.13825,180,2016-02-09,264,188.0,-0.55352,train
2015-05-22,bhsi_value,327.0,5.78996,327.0,326.0,325.0,327.0,326.0,329.0,340.0,355.0,379.0,274.0,326.29,0.7,328.0,2.73,342.23,15.09,353.22,25.67,345.57,40.64,0.0,0.00306,-0.03899,-0.14758,549.0,556.0,584.0,816.0,844.0,942.0,624.0,623.0,619.0,0.64334,-0.76558,-0.98506,0.17224,180,2016-02-10,264,186.0,-0.56421,train
2015-05-26,bhsi_value,327.0,5.78996,327.0,327.0,326.0,326.0,326.0,328.0,335.0,351.0,373.0,289.0,326.43,0.73,327.43,1.92,340.7,14.19,353.85,24.52,344.43,39.71,0.0,0.00306,-0.02417,-0.13162,540.0,549.0,580.0,806.0,816.0,972.0,627.0,624.0,624.0,0.58918,-0.808,-0.95211,0.30574,180,2016-02-11,261,184.0,-0.57502,train
2015-05-27,bhsi_value,327.0,5.78996,327.0,327.0,327.0,325.0,327.0,327.0,332.0,348.0,369.0,300.0,326.43,0.73,327.07,1.44,339.3,13.38,354.3,23.77,343.34,38.82,0.0,0.0,-0.01517,-0.12084,530.0,540.0,579.0,823.0,806.0,954.0,631.0,627.0,626.0,0.57519,-0.81802,-0.94103,0.33831,180,2016-02-12,261,183.0,-0.58047,train
2015-05-28,bhsi_value,328.0,5.79301,327.0,327.0,327.0,326.0,326.0,326.0,331.0,347.0,366.0,308.0,326.71,0.88,326.86,0.99,338.03,12.57,354.63,23.25,342.34,38.03,0.00305,0.00612,-0.0091,-0.10962,525.0,530.0,578.0,817.0,823.0,950.0,635.0,631.0,628.0,0.56103,-0.82779,-0.92884,0.37048,180,2016-02-15,263,183.0,-0.58353,train
2015-05-29,bhsi_value,331.0,5.80212,328.0,327.0,327.0,327.0,325.0,326.0,329.0,346.0,362.0,318.0,327.57,1.5,327.0,1.36,337.0,11.8,354.85,22.97,341.41,37.26,0.0091,0.01829,0.00606,-0.08953,524.0,525.0,574.0,810.0,817.0,923.0,642.0,635.0,626.0,0.54671,-0.83732,-0.91555,0.40221,180,2016-02-16,263,184.0,-0.58718,train
2015-06-01,bhsi_value,332.0,5.80513,331.0,328.0,327.0,327.0,326.0,327.0,328.0,345.0,360.0,327.0,328.43,1.99,327.29,1.87,336.07,11.03,354.93,22.87,340.54,36.56,0.00302,0.01824,0.01212,-0.08097,522.0,524.0,565.0,804.0,810.0,889.0,647.0,642.0,625.0,0.50279,-0.86441,-0.86923,0.4944,180,2016-02-17,261,186.0,-0.57939,train
2015-06-02,bhsi_value,332.0,5.80513,332.0,331.0,328.0,327.0,327.0,326.0,327.0,343.0,358.0,338.0,329.14,2.23,327.64,2.22,335.2,10.27,354.83,22.96,339.77,35.98,0.0,0.01517,0.01517,-0.0754,528.0,522.0,556.0,821.0,804.0,844.0,652.0,647.0,623.0,0.48785,-0.87293,-0.85171,0.52401,180,2016-02-18,261,193.0,-0.54244,train
2015-06-03,bhsi_value,332.0,5.80513,332.0,332.0,331.0,327.0,327.0,325.0,326.0,340.0,357.0,348.0,329.86,2.23,328.07,2.43,334.37,9.45,354.57,23.13,339.1,35.56,0.0,0.01517,0.01824,-0.0726,544.0,528.0,549.0,821.0,821.0,816.0,653.0,652.0,624.0,0.47276,-0.88119,-0.83318,0.553,180,2016-02-19,261,198.0,-0.51687,train
2015-06-04,bhsi_value,333.0,5.80814,332.0,332.0,332.0,328.0,327.0,326.0,326.0,335.0,355.0,352.0,330.71,2.12,328.57,2.66,333.63,8.64,354.25,23.29,338.58,35.3,0.00301,0.01818,0.02125,-0.06398,570.0,544.0,540.0,818.0,821.0,806.0,654.0,653.0,627.0,0.45753,-0.88919,-0.81367,0.58133,180,2016-02-22,263,200.0,-0.50983,train
2015-06-05,bhsi_value,332.0,5.80513,333.0,332.0,332.0,331.0,327.0,327.0,327.0,332.0,355.0,356.0,331.43,1.5,328.93,2.76,332.87,7.67,353.85,23.47,338.12,35.12,-0.00301,0.01517,0.01517,-0.06698,596.0,570.0,530.0,865.0,818.0,823.0,654.0,654.0,631.0,0.44217,-0.89693,-0.79319,0.60897,180,2016-02-23,263,203.0,-0.49193,train
2015-06-08,bhsi_value,331.0,5.80212,332.0,333.0,332.0,332.0,328.0,327.0,326.0,331.0,351.0,357.0,331.86,0.64,329.29,2.68,332.2,6.9,353.42,23.64,337.76,35.02,-0.00302,0.0091,0.01522,-0.05867,608.0,596.0,525.0,856.0,865.0,817.0,656.0,654.0,635.0,0.39531,-0.91855,-0.72622,0.68746,180,2016-02-24,261,206.0,-0.47424,train
2015-06-09,bhsi_value,331.0,5.80212,331.0,332.0,333.0,332.0,331.0,327.0,325.0,329.0,348.0,361.0,331.86,0.64,329.71,2.43,331.63,6.24,352.92,23.79,337.48,34.97,0.0,0.0,0.01829,-0.05008,630.0,608.0,524.0,834.0,856.0,810.0,655.0,656.0,642.0,0.37945,-0.92521,-0.70215,0.71203,180,2016-02-25,261,209.0,-0.45978,train
2015-06-10,bhsi_value,333.0,5.80814,331.0,331.0,332.0,332.0,332.0,327.0,326.0,328.0,347.0,364.0,332.0,0.76,330.21,2.34,331.17,5.56,352.4,23.88,337.31,34.96,0.00602,0.00301,0.02125,-0.04118,662.0,630.0,522.0,816.0,834.0,804.0,654.0,655.0,647.0,0.36348,-0.9316,-0.67724,0.73576,180,2016-02-26,261,212.0,-0.45156,train
2015-06-11,bhsi_value,336.0,5.81711,333.0,331.0,331.0,333.0,332.0,328.0,327.0,327.0,346.0,368.0,332.57,1.59,330.86,2.59,330.83,4.93,351.87,23.89,337.27,34.95,0.00897,0.01198,0.02715,-0.02933,696.0,662.0,528.0,810.0,816.0,821.0,661.0,654.0,652.0,0.3474,-0.93772,-0.65153,0.75862,180,2016-02-29,263,214.0,-0.45114,train
2015-06-12,bhsi_value,338.0,5.82305,336.0,333.0,331.0,332.0,332.0,331.0,327.0,326.0,345.0,370.0,333.43,2.44,331.64,2.94,330.6,4.39,351.33,23.83,337.33,34.95,0.00593,0.01791,0.03309,-0.0205,719.0,696.0,544.0,820.0,810.0,821.0,669.0,661.0,653.0,0.33122,-0.94355,-0.62505,0.78058,180,2016-03-01,263,217.0,-0.44315,train
2015-06-15,bhsi_value,341.0,5.83188,338.0,336.0,333.0,331.0,333.0,332.0,327.0,326.0,343.0,375.0,334.57,3.58,332.64,3.52,330.53,4.21,350.77,23.67,337.5,34.93,0.00884,0.02374,0.04192,-0.00585,742.0,719.0,570.0,840.0,820.0,818.0,678.0,669.0,654.0,0.28211,-0.95938,-0.5413,0.84083,180,2016-03-02,261,220.0,-0.43825,train
2015-06-16,bhsi_value,345.0,5.84354,341.0,338.0,336.0,331.0,332.0,332.0,327.0,327.0,340.0,378.0,336.43,4.89,333.93,4.4,330.7,4.66,350.22,23.41,337.77,34.9,0.01166,0.03841,0.05358,0.0146,772.0,742.0,596.0,904.0,840.0,865.0,685.0,678.0,654.0,0.26556,-0.96409,-0.51206,0.85895,180,2016-03-03,261,227.0,-0.41859,train
2015-06-17,bhsi_value,349.0,5.85507,345.0,341.0,338.0,333.0,331.0,332.0,328.0,326.0,335.0,383.0,339.0,5.98,335.43,5.55,331.17,5.66,349.65,23.02,338.21,34.78,0.01153,0.05295,0.06206,0.04094,817.0,772.0,608.0,1045.0,904.0,856.0,695.0,685.0,656.0,0.24894,-0.96852,-0.48221,0.87606,180,2016-03-04,261,232.0,-0.40833,train
2015-06-18,bhsi_value,351.0,5.86079,349.0,345.0,341.0,336.0,331.0,333.0,331.0,325.0,332.0,384.0,341.86,6.24,336.86,6.69,331.8,6.69,349.1,22.58,338.77,34.58,0.00571,0.05867,0.05867,0.05565,847.0,817.0,630.0,1234.0,1045.0,834.0,706.0,695.0,655.0,0.23224,-0.97266,-0.45179,0.89213,180,2016-03-07,263,237.0,-0.39273,train
2015-06-19,bhsi_value,355.0,5.87212,351.0,349.0,345.0,338.0,333.0,332.0,332.0,326.0,331.0,386.0,345.0,6.52,338.5,7.99,332.6,7.87,348.58,22.08,339.43,34.31,0.01133,0.06398,0.06698,0.07,851.0,847.0,662.0,1241.0,1234.0,816.0,715.0,706.0,654.0,0.21548,-0.97651,-0.42083,0.90714,180,2016-03-08,263,240.0,-0.39148,train
2015-06-22,bhsi_value,355.0,5.87212,355.0,351.0,349.0,341.0,336.0,331.0,332.0,327.0,329.0,388.0,347.71,6.16,340.14,8.81,333.47,8.8,348.03,21.49,340.17,33.93,0.0,0.05501,0.06698,0.07606,845.0,851.0,696.0,1248.0,1241.0,810.0,721.0,715.0,661.0,0.16482,-0.98632,-0.32513,0.94567,180,2016-03-09,261,243.0,-0.37906,train
2015-06-23,bhsi_value,358.0,5.88053,355.0,355.0,351.0,345.0,338.0,331.0,332.0,327.0,328.0,390.0,350.57,5.6,342.0,9.6,334.47,9.78,347.5,20.83,341.02,33.39,0.00842,0.05749,0.0754,0.08752,834.0,845.0,719.0,1300.0,1248.0,820.0,722.0,721.0,669.0,0.14783,-0.98901,-0.29241,0.95629,180,2016-03-10,261,246.0,-0.3752,train
2015-06-24,bhsi_value,359.0,5.88332,358.0,355.0,355.0,349.0,341.0,333.0,333.0,327.0,327.0,390.0,353.14,4.67,343.86,10.18,335.53,10.61,346.98,20.15,341.98,32.65,0.00279,0.05144,0.07518,0.09336,829.0,834.0,742.0,1428.0,1300.0,840.0,721.0,722.0,678.0,0.13079,-0.99141,-0.25934,0.96579,180,2016-03-11,261,249.0,-0.36587,train
2015-06-25,bhsi_value,361.0,5.88888,359.0,358.0,355.0,351.0,345.0,336.0,332.0,327.0,326.0,390.0,355.43,3.99,345.93,10.5,336.7,11.4,346.5,19.44,343.01,31.75,0.00556,0.04533,0.08374,0.10198,827.0,829.0,772.0,1432.0,1428.0,904.0,723.0,721.0,685.0,0.11372,-0.99351,-0.22596,0.97414,180,2016-03-14,263,252.0,-0.35945,train
2015-06-26,bhsi_value,362.0,5.89164,361.0,359.0,358.0,355.0,349.0,338.0,331.0,328.0,326.0,393.0,357.29,3.57,348.14,10.38,337.9,12.08,345.98,18.6,344.11,30.66,0.00277,0.03657,0.08953,0.10475,833.0,827.0,817.0,1393.0,1432.0,1045.0,723.0,723.0,695.0,0.09661,-0.99532,-0.19232,0.98133,180,2016-03-15,263,255.0,-0.35038,train
2015-06-29,bhsi_value,361.0,5.88888,362.0,361.0,359.0,355.0,351.0,341.0,331.0,331.0,327.0,392.0,358.71,2.66,350.29,9.7,339.03,12.59,345.47,17.72,345.22,29.41,-0.00277,0.02809,0.08676,0.09892,838.0,833.0,847.0,1346.0,1393.0,1234.0,723.0,723.0,706.0,0.04514,-0.99898,-0.09019,0.99592,180,2016-03-16,261,257.0,-0.3398,train
2015-06-30,bhsi_value,361.0,5.88888,361.0,362.0,361.0,358.0,355.0,345.0,333.0,332.0,326.0,389.0,359.57,2.26,352.29,8.77,340.2,12.94,345.0,16.92,346.34,28.03,0.0,0.01676,0.08074,0.10198,845.0,838.0,851.0,1292.0,1346.0,1241.0,722.0,723.0,715.0,0.02795,-0.99961,-0.05588,0.99844,180,2016-03-17,261,258.0,-0.33592,train
2015-07-01,bhsi_value,360.0,5.8861,361.0,361.0,362.0,359.0,355.0,349.0,336.0,332.0,325.0,386.0,360.29,1.28,354.0,7.7,341.37,13.1,344.57,16.18,347.38,26.78,-0.00277,0.01399,0.06899,0.10228,858.0,845.0,845.0,1251.0,1292.0,1248.0,715.0,722.0,721.0,0.01075,-0.99994,-0.0215,0.99977,180,2016-03-18,261,260.0,-0.32542,train
2015-07-02,bhsi_value,360.0,5.8861,360.0,361.0,361.0,361.0,358.0,351.0,338.0,332.0,326.0,385.0,360.57,0.9,355.57,6.41,342.5,13.19,344.15,15.44,348.38,25.52,0.0,0.00557,0.06306,0.09921,883.0,858.0,834.0,1226.0,1251.0,1300.0,713.0,715.0,722.0,-0.00645,-0.99998,0.0129,0.99992,180,2016-03-21,263,262.0,-0.31776,train
2015-07-03,bhsi_value,361.0,5.88888,360.0,360.0,361.0,362.0,359.0,355.0,341.0,333.0,327.0,382.0,360.86,0.64,357.0,5.1,343.63,13.27,343.8,14.8,349.43,24.01,0.00277,0.00556,0.057,0.09892,908.0,883.0,829.0,1249.0,1226.0,1428.0,712.0,713.0,721.0,-0.02365,-0.99972,0.04729,0.99888,180,2016-03-22,263,264.0,-0.31293,train
2015-07-06,bhsi_value,362.0,5.89164,361.0,360.0,360.0,361.0,361.0,355.0,345.0,332.0,327.0,379.0,361.0,0.76,358.21,4.0,344.8,13.3,343.52,14.28,350.41,22.67,0.00277,0.00277,0.0481,0.10168,927.0,908.0,827.0,1266.0,1249.0,1432.0,716.0,712.0,723.0,-0.07519,-0.99717,0.14995,0.98869,180,2016-03-23,261,266.0,-0.30815,train
2015-07-07,bhsi_value,367.0,5.90536,362.0,361.0,360.0,361.0,362.0,358.0,349.0,331.0,327.0,373.0,361.71,2.25,359.5,3.72,346.13,13.45,343.42,14.09,351.28,21.78,0.01372,0.01372,0.05029,0.1154,945.0,927.0,833.0,1285.0,1266.0,1393.0,723.0,716.0,723.0,-0.09233,-0.99573,0.18387,0.98295,180,2016-03-24,261,268.0,-0.31437,train
2015-07-08,bhsi_value,373.0,5.92158,367.0,362.0,361.0,360.0,361.0,359.0,351.0,331.0,327.0,369.0,363.43,4.5,361.07,4.38,347.67,13.8,343.48,14.22,352.09,21.21,0.01622,0.0327,0.06079,0.13162,973.0,945.0,838.0,1278.0,1285.0,1346.0,742.0,723.0,723.0,-0.10945,-0.99399,0.21758,0.97604,180,2016-03-29,265,270.0,-0.32316,train
2015-07-09,bhsi_value,377.0,5.93225,373.0,367.0,362.0,360.0,361.0,361.0,355.0,333.0,328.0,366.0,365.71,6.36,362.64,5.68,349.3,14.26,343.67,14.57,352.86,20.85,0.01067,0.04337,0.06013,0.13923,1016.0,973.0,845.0,1279.0,1278.0,1292.0,750.0,742.0,722.0,-0.12653,-0.99196,0.25102,0.96798,180,2016-03-30,265,271.0,-0.33013,train
2015-07-10,bhsi_value,384.0,5.95064,377.0,373.0,367.0,361.0,360.0,362.0,355.0,336.0,331.0,362.0,369.14,8.48,364.71,7.51,351.07,15.14,344.03,15.29,353.59,20.77,0.0184,0.06454,0.07852,0.14852,1052.0,1016.0,858.0,1318.0,1279.0,1251.0,759.0,750.0,715.0,-0.14357,-0.98964,0.28417,0.95877,180,2016-03-31,265,272.0,-0.34484,train
2015-07-13,bhsi_value,391.0,5.96871,384.0,377.0,373.0,362.0,360.0,361.0,358.0,338.0,332.0,360.0,373.57,10.42,367.07,9.84,353.03,16.32,344.55,16.31,354.3,20.94,0.01807,0.0826,0.08817,0.16357,1076.0,1052.0,883.0,1389.0,1318.0,1226.0,767.0,759.0,713.0,-0.19443,-0.98092,0.38144,0.92439,180,2016-04-01,263,272.0,-0.36291,train
2015-07-14,bhsi_value,399.0,5.98896,391.0,384.0,377.0,367.0,361.0,361.0,359.0,341.0,332.0,358.0,379.0,12.2,369.93,12.53,355.27,17.81,345.23,17.66,354.98,21.38,0.02025,0.10008,0.10564,0.18383,1096.0,1076.0,908.0,1394.0,1389.0,1249.0,774.0,767.0,712.0,-0.21128,-0.97743,0.41301,0.91073,180,2016-04-04,265,274.0,-0.37583,train
2015-07-15,bhsi_value,409.0,6.01372,399.0,391.0,384.0,373.0,362.0,360.0,361.0,345.0,332.0,357.0,385.71,13.82,373.36,15.76,357.83,19.72,346.1,19.41,355.66,22.11,0.02475,0.12207,0.12484,0.20858,1122.0,1096.0,927.0,1462.0,1394.0,1266.0,784.0,774.0,716.0,-0.22806,-0.97365,0.4441,0.89598,180,2016-04-05,265,275.0,-0.39694,train
2015-07-16,bhsi_value,417.0,6.03309,409.0,399.0,391.0,377.0,367.0,360.0,362.0,349.0,333.0,355.0,392.86,15.16,377.29,18.97,360.63,21.84,347.13,21.4,356.38,23.02,0.01937,0.12772,0.14144,0.22494,1149.0,1122.0,945.0,1611.0,1462.0,1285.0,801.0,784.0,723.0,-0.24477,-0.96958,0.47465,0.88017,180,2016-04-06,265,278.0,-0.40547,train
2015-07-17,bhsi_value,427.0,6.05678,417.0,409.0,399.0,384.0,373.0,361.0,361.0,351.0,332.0,355.0,400.57,16.75,382.0,22.26,363.8,24.22,348.33,23.7,357.17,24.18,0.0237,0.13521,0.16791,0.25165,1162.0,1149.0,973.0,1712.0,1611.0,1278.0,823.0,801.0,742.0,-0.26141,-0.96523,0.50465,0.86333,180,2016-04-07,265,280.0,-0.42199,train
2015-07-20,bhsi_value,431.0,6.06611,427.0,417.0,409.0,391.0,377.0,362.0,361.0,355.0,331.0,351.0,408.29,16.55,387.0,24.7,367.13,26.27,349.67,25.96,357.99,25.39,0.00932,0.13386,0.17723,0.26399,1170.0,1162.0,1016.0,1763.0,1712.0,1279.0,846.0,823.0,750.0,-0.31086,-0.95046,0.59091,0.80674,180,2016-04-08,263,286.0,-0.41012,train
2015-07-21,bhsi_value,432.0,6.06843,431.0,427.0,417.0,399.0,384.0,367.0,360.0,355.0,331.0,348.0,415.14,14.93,392.14,26.01,370.5,27.85,351.07,28.02,358.78,26.55,0.00232,0.11778,0.18232,0.26631,1179.0,1170.0,1052.0,1935.0,1763.0,1318.0,862.0,846.0,759.0,-0.32716,-0.94497,0.61831,0.78593,180,2016-04-11,265,288.0,-0.40547,train
2015-07-22,bhsi_value,433.0,6.07074,432.0,431.0,427.0,409.0,391.0,373.0,360.0,358.0,333.0,347.0,421.14,12.22,397.36,26.36,373.83,29.12,352.5,29.91,359.54,27.66,0.00231,0.10203,0.18463,0.2626,1179.0,1179.0,1076.0,1952.0,1935.0,1389.0,875.0,862.0,767.0,-0.34337,-0.9392,0.64498,0.7642,180,2016-04-12,265,290.0,-0.40086,train
2015-07-23,bhsi_value,431.0,6.06611,433.0,432.0,431.0,417.0,399.0,377.0,361.0,359.0,336.0,346.0,425.71,8.5,402.36,25.61,377.0,29.98,353.92,31.53,360.24,28.64,-0.00463,0.07715,0.17723,0.249,1161.0,1179.0,1096.0,1924.0,1952.0,1394.0,889.0,875.0,774.0,-0.35947,-0.93316,0.67089,0.74156,180,2016-04-13,265,296.0,-0.37575,train
2015-07-24,bhsi_value,428.0,6.05912,431.0,433.0,432.0,427.0,409.0,384.0,362.0,361.0,338.0,345.0,428.43,5.07,407.07,23.76,380.0,30.43,355.3,32.9,360.89,29.5,-0.00698,0.04541,0.16748,0.23608,1137.0,1161.0,1122.0,1896.0,1924.0,1462.0,896.0,889.0,784.0,-0.37547,-0.92683,0.696,0.71804,180,2016-04-14,265,309.0,-0.32578,train
2015-07-27,bhsi_value,427.0,6.05678,428.0,431.0,433.0,431.0,417.0,391.0,367.0,362.0,341.0,343.0,429.86,2.29,411.36,21.44,382.87,30.67,356.7,34.12,361.47,30.27,-0.00234,0.0237,0.15142,0.2249,1115.0,1137.0,1149.0,1935.0,1896.0,1611.0,899.0,896.0,801.0,-0.42278,-0.90623,0.76627,0.64251,180,2016-04-15,263,321.0,-0.28534,train
2015-07-28,bhsi_value,425.0,6.05209,427.0,428.0,431.0,432.0,427.0,399.0,373.0,361.0,345.0,340.0,429.57,2.72,415.07,18.82,385.53,30.74,358.12,35.14,361.99,30.94,-0.00469,-0.00469,0.13051,0.20854,1095.0,1115.0,1162.0,1990.0,1935.0,1712.0,903.0,899.0,823.0,-0.43831,-0.89883,0.78792,0.61577,180,2016-04-18,265,328.0,-0.25908,train
2015-07-29,bhsi_value,423.0,6.04737,425.0,427.0,428.0,433.0,431.0,409.0,377.0,361.0,349.0,335.0,428.43,3.46,418.36,15.63,388.0,30.68,359.58,35.97,362.43,31.52,-0.00472,-0.01874,0.11513,0.1923,1069.0,1095.0,1170.0,2103.0,1990.0,1763.0,903.0,903.0,846.0,-0.4537,-0.89115,0.80864,0.58831,180,2016-04-19,265,334.0,-0.23623,train
2015-07-30,bhsi_value,422.0,6.04501,423.0,425.0,427.0,431.0,432.0,417.0,384.0,360.0,351.0,332.0,427.0,3.74,421.07,12.4,390.37,30.47,361.08,36.66,362.86,32.06,-0.00237,-0.02342,0.09436,0.18422,1044.0,1069.0,1179.0,2116.0,2103.0,1935.0,898.0,903.0,862.0,-0.46897,-0.88322,0.8284,0.56014,180,2016-04-20,265,342.0,-0.21019,train
2015-07-31,bhsi_value,423.0,6.04737,422.0,423.0,425.0,428.0,433.0,427.0,391.0,360.0,355.0,331.0,425.57,3.02,423.36,9.17,392.63,30.28,362.62,37.29,363.27,32.59,0.00237,-0.02337,0.07866,0.17525,1023.0,1044.0,1179.0,2209.0,2116.0,1952.0,892.0,898.0,875.0,-0.48409,-0.87502,0.84717,0.53132,180,2016-04-21,265,348.0,-0.19517,train
2015-08-03,bhsi_value,424.0,6.04973,423.0,422.0,423.0,427.0,431.0,431.0,399.0,361.0,355.0,329.0,424.57,2.06,425.14,6.21,394.93,29.96,364.2,37.84,363.67,33.11,0.00236,-0.01637,0.06077,0.17762,1006.0,1023.0,1161.0,2308.0,2209.0,1924.0,899.0,892.0,889.0,-0.52858,-0.84888,0.89741,0.4412,180,2016-04-22,263,354.0,-0.18044,train
2015-08-04,bhsi_value,425.0,6.05209,424.0,423.0,422.0,425.0,428.0,432.0,409.0,362.0,358.0,328.0,424.14,1.55,426.29,4.32,397.17,29.62,365.82,38.33,364.06,33.61,0.00236,-0.00703,0.03837,0.17156,1001.0,1006.0,1137.0,2512.0,2308.0,1896.0,900.0,899.0,896.0,-0.54311,-0.83966,0.91205,0.41007,180,2016-04-25,265,356.0,-0.17716,train
2015-08-05,bhsi_value,427.0,6.05678,425.0,424.0,423.0,423.0,427.0,433.0,417.0,367.0,359.0,327.0,424.14,1.55,427.0,3.46,399.43,29.21,367.48,38.78,364.47,34.15,0.00469,0.0,0.0237,0.17346,1005.0,1001.0,1115.0,2604.0,2512.0,1935.0,899.0,900.0,899.0,-0.55747,-0.8302,0.92562,0.37846,180,2016-04-26,265,358.0,-0.17625,train
2015-08-06,bhsi_value,432.0,6.06843,427.0,425.0,424.0,422.0,425.0,431.0,427.0,373.0,361.0,326.0,425.14,3.18,427.36,3.7,401.8,28.87,369.25,39.26,364.93,34.78,0.01164,0.01634,0.01164,0.17955,1013.0,1005.0,1095.0,2514.0,2604.0,1990.0,901.0,899.0,903.0,-0.57167,-0.82049,0.93809,0.34639,180,2016-04-27,265,362.0,-0.17678,train
2015-08-07,bhsi_value,438.0,6.08222,432.0,427.0,425.0,423.0,423.0,428.0,431.0,377.0,362.0,326.0,427.29,5.34,427.86,4.53,404.33,28.6,371.12,39.82,365.43,35.49,0.01379,0.03485,0.01611,0.19057,1021.0,1013.0,1069.0,2512.0,2514.0,2103.0,904.0,901.0,903.0,-0.5857,-0.81053,0.94945,0.31392,180,2016-04-28,265,365.0,-0.18232,train
2015-08-10,bhsi_value,443.0,6.09357,438.0,432.0,427.0,424.0,422.0,427.0,432.0,384.0,361.0,327.0,430.29,7.13,428.64,5.92,407.07,28.25,373.05,40.44,366.0,36.31,0.01135,0.04856,0.02514,0.20469,1028.0,1021.0,1044.0,2499.0,2512.0,2116.0,904.0,904.0,898.0,-0.62673,-0.77924,0.97674,0.21443,180,2016-04-29,263,367.0,-0.18821,train
2015-08-11,bhsi_value,446.0,6.10032,443.0,438.0,432.0,425.0,423.0,425.0,433.0,391.0,361.0,326.0,433.57,8.23,429.57,7.37,409.9,27.74,375.05,41.03,366.63,37.19,0.00675,0.05295,0.02958,0.21144,1043.0,1028.0,1023.0,2367.0,2499.0,2209.0,901.0,904.0,892.0,-0.64004,-0.76834,0.98354,0.1807,180,2016-05-03,266,368.0,-0.19224,train
2015-08-12,bhsi_value,447.0,6.10256,446.0,443.0,438.0,427.0,424.0,423.0,431.0,399.0,360.0,325.0,436.86,8.34,430.71,8.64,412.8,26.91,377.08,41.51,367.31,38.08,0.00224,0.05283,0.03645,0.21645,1053.0,1043.0,1006.0,2107.0,2367.0,2308.0,900.0,901.0,899.0,-0.65316,-0.75722,0.98917,0.14676,180,2016-05-04,266,365.0,-0.20266,train
2015-08-13,bhsi_value,448.0,6.10479,447.0,446.0,443.0,432.0,425.0,422.0,428.0,409.0,360.0,326.0,440.14,7.51,432.14,9.66,415.73,25.76,379.12,41.95,368.01,38.97,0.00223,0.0527,0.04567,0.21869,1054.0,1053.0,1001.0,1875.0,2107.0,2512.0,899.0,900.0,900.0,-0.66609,-0.74587,0.99363,0.11265,180,2016-05-05,266,365.0,-0.2049,train
2015-08-14,bhsi_value,449.0,6.10702,448.0,447.0,446.0,438.0,427.0,423.0,427.0,417.0,361.0,327.0,443.29,5.75,433.71,10.46,418.67,24.34,381.15,42.33,368.76,39.86,0.00223,0.05024,0.05024,0.21814,1057.0,1054.0,1005.0,1884.0,1875.0,2604.0,901.0,899.0,899.0,-0.67882,-0.7343,0.99692,0.07841,180,2016-05-06,266,359.0,-0.2237,train
2015-08-17,bhsi_value,449.0,6.10702,449.0,448.0,447.0,443.0,432.0,424.0,425.0,427.0,362.0,327.0,445.71,3.69,435.43,10.85,421.57,22.53,383.18,42.61,369.53,40.73,0.0,0.0386,0.05493,0.21538,1057.0,1057.0,1013.0,1913.0,1884.0,2514.0,905.0,901.0,901.0,-0.7158,-0.69831,0.99969,-0.02473,180,2016-05-09,266,355.0,-0.23491,train
2015-08-18,bhsi_value,449.0,6.10702,449.0,449.0,448.0,446.0,438.0,425.0,423.0,431.0,367.0,327.0,447.29,2.05,437.29,10.79,424.3,20.64,385.22,42.79,370.38,41.57,0.0,0.0248,0.05965,0.20166,1052.0,1057.0,1021.0,1838.0,1913.0,2512.0,908.0,905.0,904.0,-0.7277,-0.68589,0.99825,-0.0591,180,2016-05-10,266,352.0,-0.24339,train
2015-08-19,bhsi_value,453.0,6.11589,449.0,449.0,449.0,447.0,443.0,427.0,422.0,432.0,373.0,327.0,448.71,2.05,439.5,10.6,426.97,18.93,387.32,42.97,371.31,42.46,0.00887,0.02232,0.07089,0.19431,1049.0,1052.0,1028.0,1773.0,1838.0,2499.0,915.0,908.0,904.0,-0.73939,-0.67327,0.99563,-0.0934,180,2016-05-11,266,349.0,-0.26082,train
2015-08-20,bhsi_value,460.0,6.13123,453.0,449.0,449.0,448.0,446.0,432.0,423.0,433.0,377.0,328.0,450.71,4.16,442.14,10.77,429.73,17.43,389.52,43.26,372.36,43.46,0.01533,0.03091,0.08385,0.19898,1052.0,1049.0,1043.0,1679.0,1773.0,2367.0,920.0,915.0,901.0,-0.75086,-0.66046,0.99183,-0.12759,180,2016-05-12,266,347.0,-0.2819,train
2015-08-21,bhsi_value,464.0,6.13988,460.0,453.0,449.0,449.0,447.0,438.0,424.0,431.0,384.0,331.0,453.14,5.89,445.0,10.88,432.4,16.32,391.73,43.61,373.49,44.5,0.00866,0.03733,0.09015,0.18924,1054.0,1052.0,1053.0,1559.0,1679.0,2107.0,924.0,920.0,900.0,-0.76211,-0.64744,0.98685,-0.16164,180,2016-05-13,266,347.0,-0.29056,train
2015-08-24,bhsi_value,469.0,6.1506,464.0,460.0,453.0,449.0,448.0,443.0,425.0,428.0,391.0,332.0,456.14,7.61,448.14,11.01,435.0,15.72,394.02,44.0,374.7,45.58,0.01072,0.04581,0.09851,0.1819,1052.0,1054.0,1054.0,1403.0,1559.0,1875.0,930.0,924.0,899.0,-0.7945,-0.60727,0.96495,-0.26245,180,2016-05-16,266,347.0,-0.30128,train
2015-08-25,bhsi_value,473.0,6.1591,469.0,464.0,460.0,449.0,449.0,446.0,427.0,427.0,399.0,332.0,459.57,8.91,451.43,11.07,437.47,15.68,396.37,44.39,375.98,46.69,0.00849,0.05207,0.10231,0.17013,1047.0,1052.0,1057.0,1248.0,1403.0,1884.0,933.0,930.0,901.0,-0.80483,-0.59351,0.95535,-0.29549,180,2016-05-17,266,345.0,-0.31555,train
2015-08-26,bhsi_value,477.0,6.16752,473.0,469.0,464.0,453.0,449.0,447.0,432.0,425.0,409.0,332.0,463.57,9.53,454.64,11.49,439.73,16.3,398.78,44.77,377.31,47.83,0.00842,0.06049,0.09909,0.1538,1031.0,1047.0,1057.0,1089.0,1248.0,1913.0,934.0,933.0,905.0,-0.81492,-0.57958,0.94462,-0.32818,180,2016-05-18,266,342.0,-0.33271,train
2015-08-27,bhsi_value,479.0,6.1717,477.0,473.0,469.0,460.0,449.0,448.0,438.0,423.0,417.0,333.0,467.86,8.72,457.57,12.08,441.8,17.2,401.22,45.09,378.69,48.94,0.00418,0.06468,0.08948,0.13861,1000.0,1031.0,1052.0,1051.0,1089.0,1838.0,933.0,934.0,908.0,-0.82477,-0.56548,0.93277,-0.36047,180,2016-05-19,266,342.0,-0.33689,train
2015-08-28,bhsi_value,480.0,6.17379,479.0,477.0,473.0,464.0,453.0,449.0,443.0,422.0,427.0,332.0,471.71,7.13,460.21,12.64,443.57,18.27,403.68,45.29,380.08,50.01,0.00209,0.05789,0.08022,0.117,974.0,1000.0,1049.0,1071.0,1051.0,1773.0,931.0,933.0,915.0,-0.83437,-0.5512,0.91982,-0.39235,180,2016-05-20,266,343.0,-0.33606,train
2015-09-01,bhsi_value,480.0,6.17379,480.0,479.0,477.0,469.0,460.0,449.0,446.0,423.0,431.0,331.0,474.57,5.73,462.64,12.94,445.2,19.24,406.17,45.32,381.51,51.0,0.0,0.04256,0.07347,0.10768,949.0,974.0,1052.0,1176.0,1071.0,1679.0,925.0,931.0,920.0,-0.87029,-0.49253,0.8573,-0.51482,180,2016-05-23,265,344.0,-0.33314,train
2015-09-02,bhsi_value,481.0,6.17587,480.0,480.0,479.0,473.0,464.0,449.0,447.0,424.0,432.0,331.0,477.0,4.11,465.07,12.96,446.83,20.11,408.67,45.24,382.99,51.92,0.00208,0.03598,0.07331,0.10744,912.0,949.0,1054.0,1194.0,1176.0,1559.0,912.0,925.0,924.0,-0.87864,-0.47749,0.83908,-0.54401,180,2016-05-24,265,345.0,-0.33232,train
2015-09-03,bhsi_value,483.0,6.18002,481.0,480.0,480.0,477.0,469.0,453.0,448.0,425.0,433.0,333.0,479.0,2.98,467.57,12.8,448.5,20.95,411.17,45.13,384.5,52.83,0.00415,0.02941,0.07522,0.10928,870.0,912.0,1052.0,1195.0,1194.0,1403.0,896.0,912.0,930.0,-0.88672,-0.4623,0.81987,-0.57255,180,2016-05-25,265,346.0,-0.33358,train
2015-09-04,bhsi_value,485.0,6.18415,483.0,481.0,480.0,479.0,473.0,460.0,449.0,427.0,431.0,336.0,480.71,2.43,470.14,12.43,450.3,21.68,413.65,45.03,386.04,53.7,0.00413,0.02505,0.07713,0.11804,837.0,870.0,1047.0,1187.0,1195.0,1248.0,882.0,896.0,933.0,-0.89454,-0.44698,0.79969,-0.60041,180,2016-05-26,265,347.0,-0.33482,train
2015-09-07,bhsi_value,482.0,6.17794,485.0,483.0,481.0,480.0,477.0,464.0,449.0,432.0,428.0,338.0,481.43,1.92,472.5,11.27,452.1,21.99,416.05,44.77,387.57,54.45,-0.0062,0.01043,0.07092,0.11882,812.0,837.0,1031.0,1243.0,1187.0,1089.0,870.0,882.0,934.0,-0.91641,-0.40024,0.73357,-0.67961,180,2016-05-27,263,347.0,-0.32862,train
2015-09-08,bhsi_value,477.0,6.16752,482.0,485.0,483.0,480.0,479.0,469.0,449.0,438.0,427.0,341.0,481.14,2.36,474.5,9.22,453.77,21.92,418.32,44.35,389.06,55.04,-0.01043,-0.00418,0.06049,0.11073,793.0,812.0,1000.0,1286.0,1243.0,1051.0,857.0,870.0,933.0,-0.92316,-0.38442,0.70976,-0.70444,180,2016-05-31,266,351.0,-0.30673,train
2015-09-09,bhsi_value,472.0,6.15698,477.0,482.0,485.0,481.0,480.0,473.0,453.0,443.0,425.0,345.0,480.0,4.0,475.86,7.11,455.33,21.48,420.43,43.83,390.52,55.47,-0.01054,-0.01681,0.04109,0.10489,776.0,793.0,974.0,1256.0,1286.0,1071.0,848.0,857.0,931.0,-0.92963,-0.36848,0.68511,-0.72844,180,2016-06-01,266,355.0,-0.28486,train
2015-09-10,bhsi_value,468.0,6.14847,472.0,477.0,482.0,483.0,480.0,477.0,460.0,446.0,423.0,349.0,478.29,5.8,476.43,6.06,456.83,20.73,422.42,43.24,392.0,55.75,-0.00851,-0.02532,0.01724,0.1011,751.0,776.0,949.0,1202.0,1256.0,1176.0,838.0,848.0,925.0,-0.93583,-0.35244,0.65965,-0.75157,180,2016-06-02,266,354.0,-0.27917,train
2015-09-11,bhsi_value,460.0,6.13123,468.0,472.0,477.0,485.0,481.0,479.0,464.0,447.0,422.0,351.0,475.29,8.45,476.14,6.7,458.1,19.7,424.23,42.49,393.42,55.83,-0.01724,-0.04464,-0.00866,0.08622,735.0,751.0,912.0,1198.0,1202.0,1194.0,824.0,838.0,912.0,-0.94176,-0.33629,0.63341,-0.77382,180,2016-06-03,266,349.0,-0.27615,train
2015-09-14,bhsi_value,452.0,6.11368,460.0,468.0,472.0,482.0,483.0,480.0,469.0,448.0,423.0,355.0,470.86,10.99,474.93,9.02,459.07,18.63,425.85,41.66,394.77,55.77,-0.01754,-0.06633,-0.03692,0.06631,723.0,735.0,870.0,1185.0,1198.0,1195.0,810.0,824.0,896.0,-0.95785,-0.28726,0.55031,-0.83496,180,2016-06-06,266,345.0,-0.27014,train
2015-09-15,bhsi_value,445.0,6.09807,452.0,460.0,468.0,477.0,485.0,480.0,473.0,449.0,424.0,355.0,465.14,12.45,472.93,11.88,459.77,17.67,427.35,40.69,396.06,55.57,-0.01561,-0.08607,-0.06102,0.04834,720.0,723.0,837.0,1196.0,1185.0,1187.0,799.0,810.0,882.0,-0.96265,-0.27074,0.52126,-0.8534,180,2016-06-07,266,344.0,-0.25743,train
2015-09-16,bhsi_value,439.0,6.0845,445.0,452.0,460.0,472.0,482.0,481.0,477.0,449.0,425.0,358.0,459.0,13.2,470.21,14.65,460.23,16.92,428.7,39.7,397.29,55.28,-0.01357,-0.09344,-0.08302,0.03241,716.0,720.0,812.0,1264.0,1196.0,1243.0,789.0,799.0,870.0,-0.96717,-0.25414,0.4916,-0.87082,180,2016-06-08,266,338.0,-0.26145,train
2015-09-17,bhsi_value,431.0,6.06611,439.0,445.0,452.0,468.0,477.0,483.0,479.0,449.0,427.0,359.0,452.43,14.03,466.79,17.53,460.37,16.67,429.9,38.65,398.44,54.88,-0.01839,-0.10141,-0.10559,0.00932,727.0,716.0,793.0,1637.0,1264.0,1286.0,783.0,789.0,857.0,-0.9714,-0.23747,0.46135,-0.88722,180,2016-06-09,266,332.0,-0.26097,train
2015-09-18,bhsi_value,426.0,6.05444,431.0,439.0,445.0,460.0,472.0,485.0,480.0,453.0,432.0,361.0,445.86,14.1,462.93,19.97,460.17,17.04,430.98,37.6,399.56,54.42,-0.01167,-0.10254,-0.11935,-0.01399,753.0,727.0,776.0,1995.0,1637.0,1256.0,772.0,783.0,848.0,-0.97534,-0.22072,0.43056,-0.90256,180,2016-06-10,266,327.0,-0.26448,train
2015-09-21,bhsi_value,421.0,6.04263,426.0,431.0,439.0,452.0,468.0,482.0,480.0,460.0,438.0,362.0,439.14,13.11,458.71,22.04,459.6,18.02,431.97,36.54,400.61,53.9,-0.01181,-0.10584,-0.13115,-0.03959,769.0,753.0,751.0,2096.0,1995.0,1202.0,762.0,772.0,838.0,-0.98542,-0.17012,0.33528,-0.94212,180,2016-06-13,266,322.0,-0.26808,train
2015-09-22,bhsi_value,417.0,6.03309,421.0,426.0,431.0,445.0,460.0,477.0,481.0,464.0,443.0,361.0,433.0,11.92,454.14,23.53,458.73,19.38,432.9,35.41,401.61,53.36,-0.00955,-0.09814,-0.14278,-0.06048,769.0,769.0,735.0,1873.0,2096.0,1198.0,757.0,762.0,824.0,-0.9882,-0.15314,0.30267,-0.9531,180,2016-06-14,266,317.0,-0.27418,train
2015-09-23,bhsi_value,414.0,6.02587,417.0,421.0,426.0,439.0,452.0,472.0,483.0,469.0,446.0,361.0,427.57,10.61,449.21,24.19,457.67,20.87,433.78,34.25,402.59,52.76,-0.00722,-0.08782,-0.15415,-0.07445,761.0,769.0,723.0,1872.0,1873.0,1185.0,749.0,757.0,810.0,-0.99069,-0.13612,0.26971,-0.96294,180,2016-06-15,266,315.0,-0.27329,train
2015-09-24,bhsi_value,411.0,6.01859,414.0,417.0,421.0,431.0,445.0,468.0,485.0,473.0,447.0,360.0,422.71,9.21,443.93,23.87,456.47,22.43,434.63,33.02,403.54,52.12,-0.00727,-0.07948,-0.16556,-0.08397,751.0,761.0,720.0,1911.0,1872.0,1196.0,742.0,749.0,799.0,-0.99289,-0.11906,0.23642,-0.97165,180,2016-06-16,266,314.0,-0.2692,train
2015-09-25,bhsi_value,408.0,6.01127,411.0,414.0,417.0,426.0,439.0,460.0,482.0,477.0,448.0,360.0,418.29,7.63,438.64,23.04,455.13,24.02,435.43,31.76,404.46,51.47,-0.00733,-0.07323,-0.16668,-0.09353,744.0,751.0,716.0,2024.0,1911.0,1264.0,738.0,742.0,789.0,-0.99479,-0.10196,0.20286,-0.97921,180,2016-06-17,266,311.0,-0.27147,train
2015-09-28,bhsi_value,402.0,5.99645,408.0,411.0,414.0,421.0,431.0,452.0,477.0,479.0,449.0,361.0,414.14,7.47,433.29,22.2,453.57,25.83,436.12,30.57,405.29,50.82,-0.01482,-0.06966,-0.17106,-0.11057,738.0,744.0,727.0,2075.0,2024.0,1637.0,733.0,738.0,783.0,-0.99872,-0.05051,0.10089,-0.9949,180,2016-06-20,266,312.0,-0.25345,train
2015-09-29,bhsi_value,400.0,5.99146,402.0,408.0,411.0,417.0,426.0,445.0,472.0,480.0,449.0,362.0,410.43,7.11,428.14,20.94,451.93,27.56,436.75,29.4,406.1,50.14,-0.00499,-0.06297,-0.16551,-0.11556,725.0,738.0,753.0,2031.0,2075.0,1995.0,724.0,733.0,772.0,-0.99944,-0.03332,0.06661,-0.99778,180,2016-06-21,266,315.0,-0.23889,train
2015-09-30,bhsi_value,398.0,5.98645,400.0,402.0,408.0,414.0,421.0,439.0,468.0,480.0,449.0,367.0,407.14,6.77,423.14,19.1,450.23,29.21,437.27,28.42,406.89,49.44,-0.00501,-0.05618,-0.16202,-0.12057,712.0,725.0,769.0,1936.0,2031.0,2096.0,713.0,724.0,762.0,-0.99987,-0.01613,0.03225,-0.99948,180,2016-06-22,266,318.0,-0.2244,train
2015-10-01,bhsi_value,396.0,5.98141,398.0,400.0,402.0,411.0,417.0,431.0,460.0,481.0,453.0,373.0,404.14,6.38,418.57,17.31,448.33,30.78,437.65,27.7,407.66,48.73,-0.00504,-0.05167,-0.14981,-0.13448,704.0,712.0,769.0,1911.0,1936.0,1873.0,703.0,713.0,757.0,-1.0,0.00108,-0.00215,-1.0,180,2016-06-23,266,322.0,-0.20686,train
2015-10-02,bhsi_value,392.0,5.97126,396.0,398.0,400.0,408.0,414.0,426.0,452.0,483.0,460.0,377.0,401.0,6.16,414.29,15.87,446.07,32.31,437.9,27.21,408.37,48.02,-0.01015,-0.0546,-0.14242,-0.15996,701.0,704.0,761.0,1931.0,1911.0,1872.0,695.0,703.0,749.0,-0.99983,0.01828,-0.03655,-0.99933,180,2016-06-24,266,329.0,-0.1752,train
2015-10-05,bhsi_value,390.0,5.96615,392.0,396.0,398.0,402.0,411.0,421.0,445.0,485.0,464.0,384.0,398.0,5.66,410.36,14.53,443.6,33.64,438.0,27.03,409.02,47.36,-0.00512,-0.05245,-0.13193,-0.17374,699.0,701.0,751.0,1901.0,1931.0,1911.0,691.0,695.0,742.0,-0.99756,0.06983,-0.13932,-0.99025,180,2016-06-27,266,331.0,-0.16403,train
2015-10-06,bhsi_value,386.0,5.95584,390.0,392.0,396.0,400.0,408.0,417.0,439.0,482.0,469.0,391.0,394.86,5.33,406.57,13.44,440.83,34.83,437.92,27.18,409.62,46.72,-0.01031,-0.05543,-0.12866,-0.19477,700.0,699.0,744.0,1860.0,1901.0,2024.0,688.0,691.0,738.0,-0.99621,0.08698,-0.1733,-0.98487,180,2016-06-28,266,336.0,-0.13873,train
2015-10-07,bhsi_value,384.0,5.95064,386.0,390.0,392.0,398.0,402.0,414.0,431.0,477.0,473.0,399.0,392.29,5.6,403.21,12.77,437.87,35.74,437.67,27.6,410.2,46.07,-0.00519,-0.04581,-0.11547,-0.20845,709.0,700.0,738.0,1742.0,1860.0,2075.0,681.0,688.0,733.0,-0.99457,0.1041,-0.20707,-0.97833,180,2016-06-29,266,338.0,-0.1276,train
2015-10-08,bhsi_value,382.0,5.94542,384.0,386.0,390.0,396.0,400.0,411.0,426.0,472.0,477.0,409.0,389.71,5.6,400.07,12.17,434.7,36.34,437.22,28.28,410.76,45.42,-0.00522,-0.04604,-0.10902,-0.2221,736.0,709.0,725.0,1598.0,1742.0,2031.0,676.0,681.0,724.0,-0.99263,0.12119,-0.2406,-0.97062,180,2016-06-30,266,342.0,-0.11061,train
2015-10-09,bhsi_value,380.0,5.94017,382.0,384.0,386.0,392.0,398.0,408.0,421.0,468.0,479.0,417.0,387.14,5.33,397.14,11.71,431.4,36.66,436.6,29.1,411.28,44.79,-0.00525,-0.04628,-0.10246,-0.23153,761.0,736.0,712.0,1549.0,1598.0,1936.0,672.0,676.0,713.0,-0.9904,0.13825,-0.27385,-0.96177,180,2016-07-01,266,344.0,-0.09953,train
2015-10-12,bhsi_value,380.0,5.94017,380.0,382.0,384.0,390.0,396.0,402.0,417.0,460.0,480.0,427.0,384.86,4.39,394.5,11.09,428.07,36.64,435.82,29.97,411.81,44.12,0.0,-0.04124,-0.09291,-0.23361,768.0,761.0,704.0,1551.0,1549.0,1911.0,669.0,672.0,703.0,-0.98195,0.18916,-0.37148,-0.92844,180,2016-07-04,266,347.0,-0.09085,train
2015-10-13,bhsi_value,379.0,5.93754,380.0,380.0,382.0,386.0,392.0,400.0,414.0,452.0,480.0,431.0,383.0,3.66,392.0,10.33,424.7,36.35,434.95,30.83,412.34,43.43,-0.00264,-0.03373,-0.08833,-0.23625,770.0,768.0,701.0,1531.0,1551.0,1931.0,666.0,669.0,695.0,-0.97855,0.20602,-0.4032,-0.91511,180,2016-07-05,266,349.0,-0.08246,train
2015-10-14,bhsi_value,379.0,5.93754,379.0,380.0,380.0,384.0,390.0,398.0,411.0,445.0,481.0,432.0,381.43,2.5,389.71,9.37,421.3,35.69,434.07,31.65,412.88,42.71,0.0,-0.02861,-0.08106,-0.23833,761.0,770.0,699.0,1457.0,1531.0,1901.0,664.0,666.0,691.0,-0.97486,0.22282,-0.43444,-0.9007,180,2016-07-06,266,349.0,-0.08246,train
2015-10-15,bhsi_value,378.0,5.93489,379.0,379.0,380.0,382.0,386.0,396.0,408.0,439.0,483.0,433.0,380.29,1.91,387.57,8.31,417.8,34.6,433.15,32.46,413.38,42.03,-0.00264,-0.02094,-0.07637,-0.24512,742.0,761.0,700.0,1368.0,1457.0,1860.0,662.0,664.0,688.0,-0.97088,0.23956,-0.46516,-0.88523,180,2016-07-07,266,352.0,-0.07126,train
2015-10-16,bhsi_value,376.0,5.92959,378.0,379.0,379.0,380.0,384.0,392.0,402.0,431.0,485.0,431.0,379.14,1.73,385.71,7.77,414.17,33.04,432.23,33.27,413.82,41.42,-0.00531,-0.02105,-0.06686,-0.25456,722.0,742.0,709.0,1318.0,1368.0,1742.0,661.0,662.0,681.0,-0.96662,0.25622,-0.49534,-0.8687,180,2016-07-08,266,354.0,-0.06029,train
2015-10-19,bhsi_value,371.0,5.9162,376.0,378.0,379.0,380.0,382.0,390.0,400.0,426.0,482.0,428.0,377.57,2.97,383.64,7.55,410.47,31.41,431.28,34.18,414.19,40.89,-0.01339,-0.02922,-0.07526,-0.26174,710.0,722.0,736.0,1312.0,1318.0,1598.0,658.0,661.0,676.0,-0.95211,0.30574,-0.5822,-0.81304,180,2016-07-11,266,356.0,-0.04127,train
2015-10-20,bhsi_value,368.0,5.90808,371.0,376.0,378.0,379.0,380.0,386.0,398.0,421.0,477.0,427.0,375.86,4.26,381.5,7.42,406.83,29.76,430.3,35.13,414.49,40.45,-0.00812,-0.03209,-0.07837,-0.25943,701.0,710.0,761.0,1399.0,1312.0,1549.0,656.0,658.0,672.0,-0.94671,0.32208,-0.60983,-0.79253,180,2016-07-12,266,358.0,-0.02755,train
2015-10-21,bhsi_value,366.0,5.90263,368.0,371.0,376.0,379.0,380.0,384.0,396.0,417.0,472.0,425.0,373.86,5.05,379.36,7.26,403.3,28.06,429.32,36.07,414.72,40.11,-0.00545,-0.03754,-0.07878,-0.25435,693.0,701.0,768.0,1483.0,1399.0,1551.0,654.0,656.0,669.0,-0.94103,0.33831,-0.63673,-0.77109,180,2016-07-13,266,360.0,-0.01653,train
2015-10-22,bhsi_value,365.0,5.8999,366.0,368.0,371.0,378.0,379.0,382.0,392.0,414.0,468.0,423.0,371.86,5.38,377.43,7.23,399.87,26.17,428.35,37.0,414.9,39.85,-0.00274,-0.03764,-0.07136,-0.24857,685.0,693.0,770.0,1512.0,1483.0,1531.0,652.0,654.0,666.0,-0.93507,0.35445,-0.66288,-0.74873,180,2016-07-14,266,361.0,-0.01102,train
2015-10-23,bhsi_value,362.0,5.89164,365.0,366.0,368.0,376.0,379.0,380.0,390.0,411.0,460.0,422.0,369.43,5.45,375.43,7.35,396.6,24.53,427.35,37.95,415.02,39.67,-0.00825,-0.04589,-0.0745,-0.23958,683.0,685.0,761.0,1461.0,1512.0,1457.0,649.0,652.0,664.0,-0.92884,0.37048,-0.68824,-0.72549,180,2016-07-15,266,363.0,0.00276,train
2015-10-26,bhsi_value,360.0,5.8861,362.0,365.0,366.0,371.0,378.0,380.0,386.0,408.0,452.0,423.0,366.86,5.03,373.57,7.72,393.53,23.12,426.3,38.92,415.08,39.59,-0.00554,-0.04879,-0.06973,-0.22758,681.0,683.0,742.0,1403.0,1461.0,1368.0,648.0,649.0,662.0,-0.90849,0.4179,-0.75932,-0.65071,180,2016-07-18,266,366.0,0.01653,train
2015-10-27,bhsi_value,356.0,5.87493,360.0,362.0,365.0,368.0,376.0,379.0,384.0,402.0,445.0,424.0,364.0,4.69,371.57,8.36,390.57,22.01,425.17,39.94,415.09,39.57,-0.01117,-0.05466,-0.07571,-0.22314,686.0,681.0,722.0,1307.0,1403.0,1318.0,646.0,648.0,661.0,-0.90117,0.43347,-0.78126,-0.62421,180,2016-07-19,266,371.0,0.04127,train
2015-10-28,bhsi_value,354.0,5.8693,356.0,360.0,362.0,366.0,371.0,379.0,382.0,400.0,439.0,425.0,361.57,4.84,369.57,8.95,387.73,21.04,423.98,40.97,415.04,39.64,-0.00563,-0.04691,-0.07612,-0.2152,687.0,686.0,710.0,1275.0,1307.0,1312.0,645.0,646.0,658.0,-0.89358,0.44891,-0.80227,-0.59697,180,2016-07-20,266,376.0,0.06029,train
2015-10-29,bhsi_value,351.0,5.86079,354.0,356.0,360.0,365.0,368.0,378.0,380.0,398.0,431.0,427.0,359.14,5.25,367.5,9.63,385.07,20.45,422.72,42.02,414.96,39.77,-0.00851,-0.0473,-0.07939,-0.20532,682.0,687.0,701.0,1254.0,1275.0,1399.0,643.0,645.0,656.0,-0.88572,0.46421,-0.82233,-0.56902,180,2016-07-21,266,379.0,0.07675,train
2015-10-30,bhsi_value,349.0,5.85507,351.0,354.0,356.0,362.0,366.0,376.0,380.0,396.0,426.0,432.0,356.71,5.44,365.29,10.05,382.5,19.98,421.33,43.04,414.82,39.97,-0.00571,-0.04756,-0.0851,-0.19937,675.0,682.0,693.0,1229.0,1254.0,1483.0,633.0,643.0,654.0,-0.87761,0.47938,-0.84141,-0.54039,180,2016-07-22,266,383.0,0.09296,train
2015-11-02,bhsi_value,347.0,5.84932,349.0,351.0,354.0,360.0,365.0,371.0,379.0,392.0,421.0,438.0,354.14,5.17,363.0,10.31,380.03,19.64,419.82,44.02,414.66,40.22,-0.00575,-0.05057,-0.08821,-0.19331,665.0,675.0,685.0,1184.0,1229.0,1512.0,629.0,633.0,652.0,-0.85171,0.52401,-0.89261,-0.45083,180,2016-07-25,266,386.0,0.10651,train
2015-11-03,bhsi_value,339.0,5.826,347.0,349.0,351.0,356.0,362.0,368.0,379.0,390.0,417.0,443.0,350.86,6.31,360.14,11.0,377.43,19.73,418.08,45.11,414.41,40.61,-0.02332,-0.06564,-0.11154,-0.20709,653.0,665.0,683.0,1099.0,1184.0,1461.0,620.0,629.0,649.0,-0.84257,0.53858,-0.90759,-0.41986,180,2016-07-26,266,390.0,0.14015,train
2015-11-04,bhsi_value,333.0,5.80814,339.0,347.0,349.0,354.0,360.0,366.0,378.0,386.0,414.0,446.0,347.0,7.65,356.93,11.85,374.73,20.08,416.2,46.25,414.1,41.13,-0.01786,-0.07796,-0.12675,-0.21772,636.0,653.0,681.0,1043.0,1099.0,1403.0,609.0,620.0,648.0,-0.83318,0.553,-0.9215,-0.38839,180,2016-07-27,266,392.0,0.16312,train
2015-11-05,bhsi_value,328.0,5.79301,333.0,339.0,347.0,351.0,356.0,365.0,376.0,384.0,411.0,447.0,343.0,9.09,353.5,12.75,371.97,20.61,414.22,47.42,413.74,41.73,-0.01513,-0.08192,-0.13658,-0.22558,618.0,636.0,686.0,1002.0,1043.0,1307.0,596.0,609.0,646.0,-0.82355,0.56725,-0.93431,-0.35646,180,2016-07-28,266,396.0,0.1884,train
2015-11-06,bhsi_value,323.0,5.77765,328.0,333.0,339.0,349.0,354.0,362.0,371.0,382.0,408.0,448.0,338.57,10.14,350.07,13.98,369.13,21.29,412.13,48.62,413.33,42.43,-0.01536,-0.09164,-0.13855,-0.23361,603.0,618.0,687.0,1003.0,1002.0,1275.0,584.0,596.0,645.0,-0.81367,0.58133,-0.94602,-0.32411,180,2016-07-29,266,399.0,0.21131,train
2015-11-09,bhsi_value,319.0,5.76519,323.0,328.0,333.0,347.0,351.0,360.0,368.0,380.0,402.0,449.0,334.0,10.7,346.57,15.14,366.37,22.21,409.97,49.81,412.87,43.23,-0.01246,-0.0956,-0.14289,-0.23126,589.0,603.0,682.0,1021.0,1003.0,1254.0,571.0,584.0,643.0,-0.7826,0.62253,-0.97438,-0.22492,180,2016-08-01,266,401.0,0.22877,train
2015-11-10,bhsi_value,316.0,5.75574,319.0,323.0,328.0,339.0,349.0,356.0,366.0,380.0,400.0,449.0,329.29,10.32,343.0,16.0,363.57,23.07,407.75,50.97,412.36,44.09,-0.00945,-0.09933,-0.14689,-0.23572,575.0,589.0,675.0,1018.0,1021.0,1229.0,562.0,571.0,633.0,-0.77177,0.6359,-0.98154,-0.19127,180,2016-08-02,266,400.0,0.23572,train
2015-11-11,bhsi_value,311.0,5.73979,316.0,319.0,323.0,333.0,347.0,354.0,365.0,379.0,398.0,449.0,324.14,9.11,339.14,16.73,360.67,24.01,405.45,52.16,411.73,45.11,-0.01595,-0.10953,-0.1601,-0.24666,555.0,575.0,665.0,946.0,1018.0,1184.0,554.0,562.0,629.0,-0.76072,0.64908,-0.98754,-0.15739,180,2016-08-03,266,397.0,0.24414,train
2015-11-12,bhsi_value,307.0,5.72685,311.0,316.0,319.0,328.0,339.0,351.0,362.0,379.0,396.0,453.0,319.57,8.52,335.21,17.35,357.7,24.94,403.02,53.28,411.0,46.25,-0.01295,-0.09915,-0.1648,-0.25457,534.0,555.0,653.0,881.0,946.0,1099.0,543.0,554.0,620.0,-0.74944,0.66207,-0.99237,-0.12333,180,2016-08-04,266,395.0,0.25204,train
2015-11-13,bhsi_value,304.0,5.71703,307.0,311.0,316.0,323.0,333.0,349.0,360.0,378.0,392.0,460.0,315.43,8.02,331.21,17.62,354.77,25.89,400.42,54.23,410.19,47.47,-0.00982,-0.09111,-0.16908,-0.25423,514.0,534.0,636.0,809.0,881.0,1043.0,533.0,543.0,609.0,-0.73794,0.67486,-0.99602,-0.08912,180,2016-08-05,266,394.0,0.25932,train
2015-11-16,bhsi_value,302.0,5.71043,304.0,307.0,311.0,319.0,328.0,347.0,356.0,376.0,390.0,464.0,311.71,7.32,327.36,17.69,351.83,26.71,397.72,55.03,409.28,48.73,-0.0066,-0.08259,-0.1645,-0.25572,500.0,514.0,618.0,770.0,809.0,1002.0,523.0,533.0,596.0,-0.70215,0.71203,-0.9999,0.01398,180,2016-08-08,266,392.0,0.26083,train
2015-11-17,bhsi_value,296.0,5.69036,302.0,304.0,307.0,316.0,323.0,339.0,354.0,371.0,386.0,469.0,307.86,7.47,323.21,17.75,348.83,27.74,394.83,55.74,408.22,50.12,-0.02007,-0.08729,-0.17894,-0.26548,487.0,500.0,603.0,733.0,770.0,1003.0,516.0,523.0,584.0,-0.6898,0.724,-0.99883,0.04836,180,2016-08-09,266,389.0,0.27322,train
2015-11-18,bhsi_value,292.0,5.67675,296.0,302.0,304.0,311.0,319.0,333.0,351.0,368.0,384.0,473.0,304.0,7.69,319.0,17.66,345.77,28.75,391.82,56.33,407.03,51.58,-0.01361,-0.08844,-0.18403,-0.27389,477.0,487.0,589.0,671.0,733.0,1021.0,504.0,516.0,571.0,-0.67724,0.73576,-0.99658,0.08269,180,2016-08-10,266,391.0,0.29195,train
2015-11-19,bhsi_value,290.0,5.66988,292.0,296.0,302.0,307.0,316.0,328.0,349.0,366.0,382.0,477.0,300.29,7.26,314.79,17.03,342.7,29.61,388.7,56.7,405.71,53.01,-0.00687,-0.08586,-0.18519,-0.27554,468.0,477.0,575.0,619.0,671.0,1018.0,491.0,504.0,562.0,-0.66448,0.7473,-0.99314,0.11692,180,2016-08-11,266,394.0,0.30647,train
2015-11-20,bhsi_value,288.0,5.66296,290.0,292.0,296.0,304.0,311.0,323.0,347.0,365.0,380.0,479.0,297.0,6.87,310.57,15.79,339.63,30.35,385.52,56.9,404.28,54.41,-0.00692,-0.07683,-0.18636,-0.27721,463.0,468.0,555.0,606.0,619.0,946.0,479.0,491.0,554.0,-0.65153,0.75862,-0.98853,0.15102,180,2016-08-12,266,396.0,0.31845,train
2015-11-23,bhsi_value,286.0,5.65599,288.0,290.0,292.0,302.0,307.0,319.0,339.0,362.0,380.0,480.0,294.0,6.41,306.79,14.84,336.5,30.86,382.28,56.95,402.71,55.75,-0.00697,-0.07086,-0.17001,-0.28418,461.0,463.0,534.0,698.0,606.0,881.0,472.0,479.0,543.0,-0.61153,0.79122,-0.96771,0.25206,180,2016-08-15,266,399.0,0.33297,train
2015-11-24,bhsi_value,285.0,5.65249,286.0,288.0,290.0,296.0,304.0,316.0,333.0,360.0,379.0,480.0,291.29,5.57,303.36,13.91,333.37,31.16,379.03,56.85,401.09,57.01,-0.0035,-0.06454,-0.15565,-0.28505,460.0,461.0,514.0,731.0,698.0,809.0,469.0,472.0,533.0,-0.59783,0.80162,-0.95847,0.2852,180,2016-08-16,266,403.0,0.34645,train
2015-11-25,bhsi_value,285.0,5.65249,285.0,286.0,288.0,292.0,302.0,311.0,328.0,356.0,379.0,481.0,288.86,3.8,300.29,12.83,330.23,31.14,375.77,56.52,399.46,58.2,0.0,-0.05794,-0.14052,-0.28505,463.0,460.0,500.0,807.0,731.0,770.0,467.0,469.0,523.0,-0.58395,0.81179,-0.94809,0.318,180,2016-08-17,266,405.0,0.3514,train
2015-11-26,bhsi_value,284.0,5.64897,285.0,285.0,286.0,290.0,296.0,307.0,323.0,354.0,378.0,483.0,287.14,2.75,297.5,11.79,327.1,30.9,372.45,55.97,397.8,59.33,-0.00351,-0.04139,-0.12868,-0.28592,459.0,463.0,487.0,898.0,807.0,733.0,467.0,467.0,516.0,-0.5699,0.82171,-0.93659,0.35043,180,2016-08-18,266,407.0,0.35984,train
2015-11-27,bhsi_value,283.0,5.64545,284.0,285.0,285.0,288.0,292.0,304.0,319.0,351.0,376.0,485.0,285.86,2.23,294.93,10.69,324.0,30.51,369.08,55.17,396.16,60.43,-0.00353,-0.03131,-0.11974,-0.28414,456.0,459.0,477.0,989.0,898.0,671.0,467.0,467.0,504.0,-0.55568,0.83139,-0.92398,0.38244,180,2016-08-19,266,412.0,0.37558,train
2015-11-30,bhsi_value,285.0,5.65249,283.0,284.0,285.0,286.0,290.0,302.0,316.0,349.0,371.0,482.0,285.14,1.46,292.71,9.21,321.13,29.99,365.8,54.2,394.57,61.44,0.00704,-0.01739,-0.10325,-0.26371,453.0,456.0,468.0,1007.0,989.0,619.0,467.0,467.0,491.0,-0.51206,0.85895,-0.87966,0.4756,180,2016-08-22,266,416.0,0.3782,train
2015-12-01,bhsi_value,286.0,5.65599,285.0,283.0,284.0,285.0,288.0,296.0,311.0,347.0,368.0,477.0,284.86,0.99,290.93,7.81,318.4,29.32,362.62,53.18,393.0,62.38,0.0035,-0.00697,-0.0838,-0.25209,450.0,453.0,463.0,1046.0,1007.0,606.0,469.0,467.0,479.0,-0.4972,0.86763,-0.86278,0.50558,180,2016-08-23,266,420.0,0.38426,train
2015-12-02,bhsi_value,286.0,5.65599,286.0,285.0,283.0,285.0,286.0,292.0,307.0,339.0,366.0,472.0,284.86,0.99,289.43,6.48,315.73,28.5,359.52,52.12,391.46,63.29,0.0,0.0,-0.07086,-0.24664,446.0,450.0,461.0,1001.0,1046.0,698.0,471.0,469.0,472.0,-0.48221,0.87606,-0.84488,0.53496,180,2016-08-24,266,425.0,0.3961,train
2015-12-03,bhsi_value,286.0,5.65599,286.0,286.0,285.0,284.0,285.0,290.0,304.0,333.0,365.0,468.0,285.0,1.07,288.14,5.1,313.1,27.46,356.48,51.01,389.93,64.15,0.0,0.0035,-0.06104,-0.24391,438.0,446.0,460.0,931.0,1001.0,731.0,472.0,471.0,469.0,-0.46706,0.88422,-0.82598,0.5637,180,2016-08-25,266,428.0,0.40313,train
2015-12-04,bhsi_value,286.0,5.65599,286.0,286.0,286.0,283.0,285.0,288.0,302.0,328.0,362.0,460.0,285.14,1.12,287.0,3.36,310.57,26.31,353.58,49.97,388.42,64.97,0.0,0.0035,-0.05444,-0.23565,433.0,438.0,463.0,890.0,931.0,807.0,470.0,472.0,467.0,-0.45179,0.89213,-0.8061,0.59178,180,2016-08-26,266,431.0,0.41012,train
2015-12-07,bhsi_value,286.0,5.65599,286.0,286.0,286.0,285.0,284.0,286.0,296.0,323.0,360.0,452.0,285.43,1.05,286.29,2.25,308.1,25.0,350.82,49.03,386.9,65.75,0.0,0.00702,-0.03437,-0.23011,426.0,433.0,459.0,852.0,890.0,898.0,469.0,470.0,467.0,-0.40516,0.91424,-0.74084,0.67168,180,2016-08-30,267,432.0,0.41243,train
2015-12-08,bhsi_value,286.0,5.65599,286.0,286.0,286.0,286.0,283.0,285.0,292.0,319.0,356.0,445.0,285.86,0.35,285.86,1.6,305.77,23.65,348.17,48.16,385.37,66.47,0.0,0.01054,-0.02076,-0.21894,420.0,426.0,456.0,870.0,852.0,989.0,465.0,469.0,467.0,-0.38938,0.92108,-0.7173,0.69677,180,2016-08-31,267,432.0,0.41243,train
2015-12-09,bhsi_value,286.0,5.65599,286.0,286.0,286.0,286.0,285.0,285.0,290.0,316.0,354.0,439.0,286.0,0.0,285.57,1.12,303.5,22.13,345.62,47.33,383.82,67.14,0.0,0.0035,-0.01389,-0.21331,412.0,420.0,453.0,857.0,870.0,1007.0,461.0,465.0,467.0,-0.37348,0.92764,-0.6929,0.72103,180,2016-09-01,267,433.0,0.41475,train
2015-12-10,bhsi_value,285.0,5.65249,286.0,286.0,286.0,286.0,286.0,284.0,288.0,311.0,351.0,431.0,285.86,0.35,285.36,0.89,301.3,20.52,343.18,46.62,382.24,67.77,-0.0035,-0.0035,-0.01047,-0.2083,408.0,412.0,450.0,824.0,857.0,1046.0,460.0,461.0,469.0,-0.35746,0.93393,-0.66769,0.74444,180,2016-09-02,267,432.0,0.41594,train
2015-12-11,bhsi_value,282.0,5.64191,285.0,286.0,286.0,286.0,286.0,283.0,286.0,307.0,349.0,426.0,285.29,1.39,285.07,1.22,299.07,18.77,340.78,46.0,380.58,68.37,-0.01058,-0.01408,-0.01408,-0.21316,410.0,408.0,446.0,779.0,824.0,1001.0,455.0,460.0,471.0,-0.34135,0.93994,-0.64169,0.76697,180,2016-09-05,269,429.0,0.41955,train
2015-12-14,bhsi_value,279.0,5.63121,282.0,285.0,286.0,286.0,286.0,285.0,285.0,304.0,347.0,421.0,284.29,2.55,284.64,1.99,296.8,16.86,338.42,45.46,378.81,68.92,-0.0107,-0.02478,-0.02128,-0.21811,410.0,410.0,438.0,722.0,779.0,931.0,451.0,455.0,472.0,-0.29241,0.95629,-0.55925,0.829,180,2016-09-06,267,425.0,0.42088,train
2015-12-15,bhsi_value,276.0,5.6204,279.0,282.0,285.0,286.0,286.0,286.0,285.0,302.0,339.0,417.0,282.86,3.72,284.0,2.98,294.7,15.32,336.07,44.98,376.96,69.41,-0.01081,-0.03559,-0.03209,-0.2056,411.0,410.0,433.0,623.0,722.0,890.0,450.0,451.0,470.0,-0.27591,0.96118,-0.53041,0.84774,180,2016-09-07,267,422.0,0.4246,train
2015-12-16,bhsi_value,275.0,5.61677,276.0,279.0,282.0,286.0,286.0,286.0,284.0,296.0,333.0,414.0,281.29,4.33,283.36,3.77,292.77,13.97,333.75,44.48,375.06,69.83,-0.00363,-0.03922,-0.0322,-0.19137,415.0,411.0,426.0,549.0,623.0,852.0,449.0,450.0,469.0,-0.25934,0.96579,-0.50093,0.86549,180,2016-09-08,267,420.0,0.42348,train
2015-12-17,bhsi_value,274.0,5.61313,275.0,276.0,279.0,285.0,286.0,286.0,283.0,292.0,328.0,411.0,279.57,4.5,282.71,4.48,290.97,12.74,331.47,43.97,373.13,70.21,-0.00364,-0.04286,-0.03232,-0.17989,421.0,415.0,420.0,524.0,549.0,870.0,448.0,449.0,465.0,-0.24269,0.9701,-0.47086,0.88221,180,2016-09-09,267,419.0,0.42474,train
2015-12-18,bhsi_value,273.0,5.60947,274.0,275.0,276.0,282.0,286.0,286.0,285.0,290.0,323.0,408.0,277.71,4.13,281.86,5.07,289.3,11.66,329.22,43.45,371.19,70.53,-0.00366,-0.04652,-0.04302,-0.16818,426.0,421.0,412.0,524.0,524.0,857.0,448.0,448.0,461.0,-0.22596,0.97414,-0.44024,0.89788,180,2016-09-12,269,417.0,0.42361,train
2015-12-21,bhsi_value,273.0,5.60947,273.0,274.0,275.0,279.0,285.0,286.0,286.0,288.0,319.0,402.0,276.0,3.12,280.93,5.4,287.77,10.64,327.07,42.99,369.23,70.78,0.0,-0.04302,-0.04652,-0.15572,433.0,426.0,408.0,512.0,524.0,824.0,449.0,448.0,460.0,-0.17541,0.9845,-0.34539,0.93846,180,2016-09-13,267,415.0,0.41881,train
2015-12-22,bhsi_value,271.0,5.60212,273.0,273.0,274.0,276.0,282.0,286.0,286.0,286.0,316.0,400.0,274.43,2.38,279.86,5.77,286.27,9.68,324.92,42.51,367.26,71.01,-0.00735,-0.03979,-0.05387,-0.15362,445.0,433.0,410.0,485.0,512.0,779.0,449.0,449.0,455.0,-0.15845,0.98737,-0.3129,0.94979,180,2016-09-14,267,415.0,0.42616,train
2015-12-23,bhsi_value,270.0,5.59842,271.0,273.0,273.0,275.0,279.0,286.0,286.0,285.0,311.0,398.0,273.14,1.96,278.71,6.02,284.9,8.96,322.78,41.99,365.27,71.2,-0.0037,-0.03279,-0.05757,-0.14137,457.0,445.0,410.0,469.0,485.0,722.0,449.0,449.0,451.0,-0.14144,0.98995,-0.28004,0.95999,180,2016-09-15,267,415.0,0.42986,train
2015-12-24,bhsi_value,270.0,5.59842,270.0,271.0,273.0,274.0,276.0,285.0,286.0,285.0,307.0,396.0,272.29,1.83,277.57,6.04,283.67,8.36,320.68,41.43,363.23,71.28,0.0,-0.02198,-0.05757,-0.12843,462.0,457.0,411.0,470.0,469.0,623.0,450.0,449.0,450.0,-0.12439,0.99223,-0.24686,0.96905,180,2016-09-16,267,415.0,0.42986,train
2016-01-04,bhsi_value,267.0,5.58725,270.0,270.0,271.0,273.0,275.0,282.0,286.0,284.0,304.0,392.0,271.14,2.23,276.21,6.13,282.43,7.99,318.6,40.93,361.09,71.24,-0.01117,-0.02952,-0.06874,-0.12978,464.0,462.0,415.0,472.0,470.0,549.0,450.0,450.0,449.0,0.06876,0.99763,0.13719,0.99055,180,2016-09-19,259,416.0,0.44344,train
2016-01-05,bhsi_value,266.0,5.5835,267.0,270.0,270.0,273.0,274.0,279.0,286.0,283.0,302.0,390.0,270.0,2.51,274.79,6.01,281.23,7.65,316.53,40.4,358.89,71.09,-0.00375,-0.02963,-0.0725,-0.12693,466.0,464.0,421.0,462.0,472.0,524.0,449.0,450.0,448.0,0.08591,0.9963,0.17118,0.98524,180,2016-09-20,259,417.0,0.44959,train
2016-01-06,bhsi_value,263.0,5.57215,266.0,267.0,270.0,271.0,273.0,276.0,286.0,285.0,296.0,386.0,268.57,3.16,273.14,5.87,280.13,7.82,314.48,39.94,356.6,70.82,-0.01134,-0.03732,-0.08384,-0.11821,464.0,466.0,426.0,467.0,462.0,524.0,445.0,449.0,448.0,0.10303,0.99468,0.20497,0.97877,180,2016-09-21,259,418.0,0.46333,train
2016-01-07,bhsi_value,259.0,5.55683,263.0,266.0,267.0,270.0,273.0,275.0,285.0,286.0,292.0,384.0,266.57,4.03,271.29,5.93,279.03,8.38,312.4,39.52,354.22,70.46,-0.01533,-0.05264,-0.09566,-0.11993,450.0,464.0,433.0,399.0,467.0,512.0,442.0,445.0,449.0,0.12013,0.99276,0.23851,0.97114,180,2016-09-22,259,420.0,0.48343,train
2016-01-08,bhsi_value,256.0,5.54518,259.0,263.0,266.0,270.0,271.0,274.0,282.0,286.0,290.0,382.0,264.43,4.98,269.43,6.34,277.9,9.09,310.3,39.11,351.77,69.99,-0.01165,-0.05694,-0.09673,-0.1247,434.0,450.0,445.0,343.0,399.0,485.0,436.0,442.0,449.0,0.13719,0.99055,0.27178,0.96236,180,2016-09-23,259,421.0,0.49746,train
2016-01-11,bhsi_value,251.0,5.52545,256.0,259.0,263.0,267.0,270.0,273.0,279.0,286.0,288.0,380.0,261.71,6.23,267.43,7.35,276.67,10.09,308.15,38.76,349.23,69.46,-0.01972,-0.07297,-0.10576,-0.13751,420.0,434.0,457.0,314.0,343.0,469.0,430.0,436.0,449.0,0.1881,0.98215,0.36948,0.92924,180,2016-09-26,259,422.0,0.51955,train
2016-01-12,bhsi_value,250.0,5.52146,251.0,256.0,259.0,266.0,270.0,273.0,276.0,286.0,286.0,380.0,258.86,6.36,265.57,8.18,275.47,11.01,305.98,38.32,346.68,68.83,-0.00399,-0.07696,-0.09894,-0.13453,411.0,420.0,462.0,266.0,314.0,470.0,422.0,430.0,450.0,0.20497,0.97877,0.40123,0.91598,180,2016-09-27,259,422.0,0.52354,train
2016-01-13,bhsi_value,250.0,5.52146,250.0,251.0,256.0,263.0,267.0,271.0,275.0,286.0,285.0,379.0,256.43,6.02,263.79,8.65,274.3,11.76,303.83,37.77,344.12,68.1,0.0,-0.06579,-0.09531,-0.13103,399.0,411.0,464.0,245.0,266.0,472.0,416.0,422.0,450.0,0.22177,0.9751,0.4325,0.90163,180,2016-09-28,259,422.0,0.52354,train
2016-01-14,bhsi_value,247.0,5.50939,250.0,250.0,251.0,259.0,266.0,270.0,274.0,286.0,285.0,379.0,253.71,5.34,261.86,9.15,273.03,12.56,301.63,37.17,341.52,67.29,-0.01207,-0.07411,-0.10374,-0.1431,388.0,399.0,466.0,225.0,245.0,462.0,412.0,416.0,449.0,0.23851,0.97114,0.46326,0.88622,180,2016-09-29,259,422.0,0.53562,train
2016-01-15,bhsi_value,245.0,5.50126,247.0,250.0,250.0,256.0,263.0,270.0,273.0,286.0,284.0,378.0,251.14,4.52,259.86,9.55,271.73,13.35,299.42,36.51,338.88,66.35,-0.00813,-0.0709,-0.10821,-0.14772,381.0,388.0,464.0,198.0,225.0,467.0,402.0,412.0,445.0,0.25518,0.96689,0.49347,0.86976,180,2016-09-30,259,421.0,0.54137,train
2016-01-18,bhsi_value,243.0,5.49306,245.0,247.0,250.0,251.0,259.0,267.0,273.0,285.0,283.0,376.0,248.86,3.98,257.71,9.72,270.4,14.13,297.2,35.82,336.19,65.27,-0.0082,-0.06377,-0.11641,-0.15239,375.0,381.0,450.0,197.0,198.0,399.0,394.0,402.0,442.0,0.30472,0.95244,0.58045,0.81429,180,2016-10-03,259,419.0,0.54481,train
2016-01-19,bhsi_value,240.0,5.48064,243.0,245.0,247.0,250.0,256.0,266.0,271.0,282.0,285.0,371.0,246.57,3.81,255.5,9.97,268.9,14.87,295.02,35.25,333.5,64.18,-0.01242,-0.06454,-0.12148,-0.17185,369.0,375.0,434.0,185.0,197.0,343.0,388.0,394.0,436.0,0.32106,0.94706,0.60812,0.79384,180,2016-10-04,259,417.0,0.55245,train
2016-01-20,bhsi_value,238.0,5.47227,240.0,243.0,245.0,250.0,251.0,263.0,270.0,279.0,286.0,368.0,244.71,4.33,253.21,10.05,267.3,15.52,292.85,34.69,330.84,63.12,-0.00837,-0.05318,-0.12615,-0.18372,360.0,369.0,420.0,186.0,185.0,314.0,381.0,388.0,430.0,0.3373,0.9414,0.63507,0.77246,180,2016-10-05,259,415.0,0.55601,train
2016-01-21,bhsi_value,237.0,5.46806,238.0,240.0,243.0,247.0,250.0,259.0,270.0,276.0,286.0,366.0,242.86,4.45,250.86,9.7,265.67,16.03,290.7,34.08,328.23,62.08,-0.00421,-0.0534,-0.13036,-0.18793,346.0,360.0,411.0,206.0,186.0,266.0,372.0,381.0,422.0,0.35344,0.93546,0.66126,0.75015,180,2016-10-06,259,413.0,0.55539,train
2016-01-22,bhsi_value,233.0,5.45104,237.0,238.0,240.0,245.0,250.0,256.0,267.0,275.0,286.0,365.0,240.43,4.53,248.43,9.61,263.9,16.6,288.5,33.47,325.62,61.08,-0.01702,-0.07042,-0.13621,-0.20495,334.0,346.0,399.0,229.0,206.0,245.0,366.0,372.0,416.0,0.36948,0.92924,0.68668,0.72696,180,2016-10-07,259,411.0,0.56755,train
2016-01-25,bhsi_value,231.0,5.44242,233.0,237.0,238.0,243.0,247.0,251.0,266.0,274.0,286.0,362.0,238.14,4.67,245.93,9.26,262.07,17.09,286.32,32.87,323.08,60.2,-0.00862,-0.06697,-0.14108,-0.21357,325.0,334.0,388.0,254.0,229.0,225.0,358.0,366.0,412.0,0.41693,0.90894,0.75792,0.65235,180,2016-10-10,259,410.0,0.57374,train
2016-01-26,bhsi_value,229.0,5.43372,231.0,233.0,237.0,240.0,245.0,250.0,263.0,273.0,286.0,360.0,235.86,4.67,243.5,8.92,260.17,17.49,284.13,32.25,320.6,59.42,-0.0087,-0.06754,-0.13843,-0.22227,312.0,325.0,381.0,242.0,254.0,198.0,350.0,358.0,402.0,0.4325,0.90163,0.77991,0.62589,180,2016-10-11,259,409.0,0.57999,train
2016-01-27,bhsi_value,225.0,5.4161,229.0,231.0,233.0,238.0,243.0,250.0,259.0,273.0,286.0,356.0,233.29,4.98,241.07,9.0,258.13,17.91,281.95,31.74,318.16,58.78,-0.01762,-0.07696,-0.14073,-0.23989,303.0,312.0,375.0,235.0,242.0,197.0,338.0,350.0,394.0,0.44794,0.89406,0.80098,0.59869,180,2016-10-12,259,408.0,0.59517,train
2016-01-28,bhsi_value,222.0,5.40268,225.0,229.0,231.0,237.0,240.0,247.0,256.0,271.0,286.0,354.0,230.71,5.47,238.64,9.22,256.0,18.27,279.75,31.24,315.74,58.22,-0.01342,-0.07796,-0.1425,-0.25331,293.0,303.0,369.0,216.0,235.0,185.0,327.0,338.0,388.0,0.46326,0.88622,0.8211,0.57078,180,2016-10-13,259,410.0,0.61348,train
2016-01-29,bhsi_value,219.0,5.38907,222.0,225.0,229.0,233.0,238.0,245.0,251.0,270.0,285.0,351.0,228.0,5.88,236.36,9.82,253.8,18.62,277.55,30.79,313.39,57.79,-0.01361,-0.0832,-0.13638,-0.26342,287.0,293.0,360.0,211.0,216.0,186.0,316.0,327.0,381.0,0.47843,0.87812,0.84025,0.5422,180,2016-10-14,259,411.0,0.62952,train
2016-02-01,bhsi_value,216.0,5.37528,219.0,222.0,225.0,231.0,237.0,243.0,250.0,270.0,282.0,349.0,225.0,5.88,233.93,10.34,251.6,19.05,275.33,30.35,311.06,57.44,-0.01379,-0.09278,-0.14618,-0.26663,282.0,287.0,346.0,217.0,211.0,206.0,304.0,316.0,372.0,0.52309,0.85227,0.89164,0.45274,180,2016-10-17,259,413.0,0.64817,train
2016-02-02,bhsi_value,212.0,5.35659,216.0,219.0,222.0,229.0,233.0,240.0,250.0,267.0,279.0,347.0,222.0,6.37,231.21,10.74,249.37,19.62,273.08,29.95,308.73,57.17,-0.01869,-0.09445,-0.16487,-0.27463,282.0,282.0,334.0,217.0,217.0,229.0,299.0,304.0,366.0,0.53768,0.84315,0.90669,0.42181,180,2016-10-18,259,417.0,0.6765,train
2016-02-03,bhsi_value,203.0,5.31321,212.0,216.0,219.0,225.0,231.0,238.0,247.0,266.0,276.0,339.0,218.0,8.04,228.07,12.03,246.93,20.67,270.82,30.02,306.36,57.07,-0.04338,-0.12921,-0.19618,-0.30719,284.0,282.0,325.0,209.0,217.0,254.0,289.0,299.0,358.0,0.5521,0.83378,0.92066,0.39037,180,2016-10-19,259,421.0,0.72943,train
2016-02-04,bhsi_value,197.0,5.2832,203.0,212.0,216.0,222.0,229.0,237.0,245.0,263.0,275.0,333.0,213.43,9.45,224.64,13.47,244.33,21.85,268.55,30.38,303.94,57.05,-0.03,-0.15052,-0.21805,-0.33357,289.0,284.0,312.0,208.0,209.0,242.0,280.0,289.0,350.0,0.56636,0.82416,0.93354,0.35847,180,2016-10-20,259,424.0,0.76653,train
2016-02-05,bhsi_value,194.0,5.26786,197.0,203.0,212.0,219.0,225.0,233.0,243.0,259.0,274.0,328.0,209.0,10.23,221.14,14.56,241.67,22.92,266.32,30.84,301.53,57.06,-0.01535,-0.14824,-0.2252,-0.34527,295.0,289.0,303.0,212.0,208.0,235.0,271.0,280.0,338.0,0.58045,0.81429,0.94532,0.32614,180,2016-10-21,259,427.0,0.78893,train
2016-02-08,bhsi_value,190.0,5.24702,194.0,197.0,203.0,216.0,222.0,231.0,240.0,256.0,273.0,323.0,204.43,10.54,217.57,15.6,238.9,23.96,264.1,31.46,299.11,57.12,-0.02083,-0.15565,-0.23361,-0.36245,298.0,295.0,293.0,207.0,212.0,216.0,262.0,271.0,327.0,0.62169,0.78327,0.97389,0.22701,180,2016-10-24,259,428.0,0.8121,train
2016-02-09,bhsi_value,188.0,5.23644,190.0,194.0,197.0,212.0,219.0,229.0,238.0,251.0,273.0,319.0,200.0,9.99,214.0,16.22,236.07,24.77,261.92,32.12,296.73,57.24,-0.01058,-0.15263,-0.23583,-0.37303,297.0,298.0,287.0,207.0,207.0,211.0,255.0,262.0,316.0,0.63507,0.77246,0.98112,0.19338,180,2016-10-25,259,430.0,0.82734,train
2016-02-10,bhsi_value,186.0,5.22575,188.0,190.0,194.0,203.0,216.0,225.0,237.0,250.0,271.0,316.0,195.71,8.53,210.36,16.37,233.23,25.46,259.75,32.77,294.36,57.35,-0.0107,-0.14953,-0.24231,-0.37637,301.0,297.0,282.0,208.0,207.0,217.0,250.0,255.0,304.0,0.64826,0.76142,0.9872,0.15951,180,2016-10-26,259,430.0,0.83804,train
2016-02-11,bhsi_value,184.0,5.21494,186.0,188.0,190.0,197.0,212.0,222.0,233.0,250.0,270.0,311.0,191.71,6.2,206.86,16.4,230.37,26.0,257.63,33.49,291.98,57.44,-0.01081,-0.14165,-0.2361,-0.38349,312.0,301.0,282.0,206.0,208.0,217.0,247.0,250.0,299.0,0.66126,0.75015,0.9921,0.12546,180,2016-10-27,259,432.0,0.85349,train
2016-02-12,bhsi_value,183.0,5.20949,184.0,186.0,188.0,194.0,203.0,219.0,231.0,247.0,270.0,307.0,188.86,4.79,203.43,16.0,227.47,26.26,255.57,34.2,289.61,57.49,-0.00545,-0.10372,-0.23293,-0.38894,324.0,312.0,284.0,199.0,206.0,209.0,244.0,247.0,289.0,0.67407,0.73867,0.99583,0.09126,180,2016-10-28,259,433.0,0.86125,train
2016-02-15,bhsi_value,183.0,5.20949,183.0,184.0,186.0,190.0,197.0,216.0,229.0,245.0,267.0,304.0,186.86,3.8,200.14,15.11,224.67,26.38,253.55,34.84,287.29,57.53,0.0,-0.07372,-0.22424,-0.37776,334.0,324.0,289.0,204.0,199.0,208.0,243.0,244.0,280.0,0.71128,0.70291,0.99993,-0.01183,180,2016-10-31,259,435.0,0.86586,train
2016-02-16,bhsi_value,184.0,5.21494,183.0,183.0,184.0,188.0,194.0,212.0,225.0,243.0,266.0,302.0,185.43,2.5,197.21,13.94,221.93,26.2,251.58,35.38,285.0,57.49,0.00545,-0.05292,-0.20116,-0.36856,346.0,334.0,295.0,223.0,204.0,212.0,247.0,243.0,271.0,0.72326,0.69057,0.99893,-0.04622,180,2016-11-01,259,436.0,0.86271,train
2016-02-17,bhsi_value,186.0,5.22575,184.0,183.0,183.0,186.0,190.0,203.0,222.0,240.0,263.0,296.0,184.86,1.73,194.64,12.36,219.37,25.82,249.75,35.88,282.78,57.41,0.01081,-0.02128,-0.17693,-0.34641,357.0,346.0,298.0,223.0,223.0,207.0,252.0,247.0,262.0,0.73503,0.67803,0.99675,-0.08055,180,2016-11-02,259,434.0,0.8473,train
2016-02-18,bhsi_value,193.0,5.26269,186.0,184.0,183.0,184.0,188.0,197.0,219.0,238.0,259.0,292.0,185.57,3.25,192.79,10.35,217.17,25.15,248.1,36.17,280.66,57.16,0.03694,0.02625,-0.12638,-0.29414,358.0,357.0,297.0,220.0,223.0,207.0,259.0,252.0,255.0,0.74659,0.66529,0.99339,-0.11479,180,2016-11-03,259,434.0,0.81035,train
2016-02-19,bhsi_value,198.0,5.28827,193.0,186.0,184.0,183.0,186.0,194.0,216.0,237.0,256.0,290.0,187.29,5.44,191.5,8.3,215.23,24.31,246.57,36.31,278.61,56.79,0.02558,0.06252,-0.08701,-0.25691,355.0,358.0,301.0,207.0,220.0,208.0,270.0,259.0,250.0,0.75792,0.65235,0.98885,-0.14889,180,2016-11-04,259,433.0,0.78247,train
2016-02-22,bhsi_value,200.0,5.29832,198.0,193.0,186.0,183.0,184.0,190.0,212.0,233.0,251.0,288.0,189.57,6.78,190.64,6.59,213.53,23.52,245.1,36.39,276.61,56.35,0.01005,0.08338,-0.05827,-0.22714,350.0,355.0,312.0,197.0,207.0,206.0,286.0,270.0,247.0,0.79056,0.61238,0.96825,-0.24998,180,2016-11-07,259,431.0,0.76779,train
2016-02-23,bhsi_value,203.0,5.31321,200.0,198.0,193.0,184.0,183.0,188.0,203.0,231.0,250.0,286.0,192.43,7.58,190.64,6.59,211.97,22.59,243.72,36.38,274.64,55.79,0.01489,0.10372,0.0,-0.20825,346.0,350.0,324.0,189.0,197.0,199.0,298.0,286.0,244.0,0.80098,0.59869,0.95908,-0.28314,180,2016-11-08,259,431.0,0.7529,train
2016-02-24,bhsi_value,206.0,5.32788,203.0,200.0,198.0,186.0,183.0,186.0,197.0,229.0,250.0,285.0,195.71,7.76,191.29,7.54,210.5,21.47,242.4,36.29,272.72,55.14,0.01467,0.11839,0.04467,-0.19358,346.0,346.0,334.0,186.0,189.0,204.0,310.0,298.0,243.0,0.81116,0.58482,0.94877,-0.31596,180,2016-11-09,259,429.0,0.73358,train
2016-02-25,bhsi_value,209.0,5.34233,206.0,203.0,200.0,193.0,184.0,184.0,194.0,225.0,247.0,285.0,199.29,7.28,192.36,8.81,209.23,20.37,241.13,36.11,270.83,54.38,0.01446,0.1274,0.07448,-0.16705,346.0,346.0,346.0,182.0,186.0,223.0,321.0,310.0,247.0,0.8211,0.57078,0.93734,-0.34841,180,2016-11-10,259,430.0,0.72145,train
2016-02-26,bhsi_value,212.0,5.35659,209.0,206.0,203.0,198.0,186.0,183.0,190.0,222.0,245.0,284.0,203.0,6.09,193.93,10.12,208.13,19.27,239.93,35.86,268.99,53.52,0.01425,0.13084,0.10956,-0.14467,352.0,346.0,357.0,177.0,182.0,223.0,328.0,321.0,252.0,0.8308,0.55658,0.9248,-0.38045,180,2016-11-11,259,428.0,0.70254,train
2016-02-29,bhsi_value,214.0,5.36598,212.0,209.0,206.0,200.0,193.0,183.0,188.0,219.0,243.0,283.0,206.0,5.58,195.79,11.19,207.17,18.2,238.78,35.57,267.19,52.61,0.00939,0.10329,0.12953,-0.12709,354.0,352.0,358.0,174.0,177.0,220.0,333.0,328.0,259.0,0.8584,0.51298,0.88068,-0.47371,180,2016-11-14,259,433.0,0.70476,train
2016-03-01,bhsi_value,217.0,5.3799,214.0,212.0,209.0,203.0,198.0,184.0,186.0,216.0,240.0,285.0,208.71,5.65,198.0,12.07,206.4,17.26,237.65,35.16,265.48,51.7,0.01392,0.09163,0.15415,-0.10074,357.0,354.0,355.0,174.0,174.0,207.0,339.0,333.0,270.0,0.8671,0.49814,0.86387,-0.50372,180,2016-11-15,259,436.0,0.69774,train
2016-03-02,bhsi_value,220.0,5.39363,217.0,214.0,212.0,206.0,200.0,186.0,184.0,212.0,238.0,286.0,211.57,5.58,200.57,12.63,205.8,16.44,236.55,34.66,263.83,50.76,0.01373,0.09531,0.17869,-0.07864,364.0,357.0,350.0,171.0,174.0,197.0,345.0,339.0,286.0,0.87554,0.48315,0.84603,-0.53314,180,2016-11-16,259,443.0,0.69994,train
2016-03-03,bhsi_value,227.0,5.42495,220.0,217.0,214.0,209.0,203.0,193.0,183.0,203.0,237.0,286.0,215.0,6.55,203.71,13.32,205.47,15.9,235.57,34.07,262.29,49.73,0.03132,0.11174,0.21546,-0.04311,374.0,364.0,346.0,166.0,171.0,189.0,350.0,345.0,298.0,0.88372,0.46802,0.82719,-0.56192,180,2016-11-17,259,454.0,0.69315,train
2016-03-04,bhsi_value,232.0,5.44674,227.0,220.0,217.0,212.0,206.0,198.0,183.0,197.0,233.0,286.0,218.71,7.67,207.21,13.85,205.43,15.84,234.67,33.43,260.81,48.62,0.02179,0.11886,0.23725,-0.0043,386.0,374.0,346.0,164.0,166.0,186.0,363.0,350.0,310.0,0.89164,0.45274,0.80737,-0.59004,180,2016-11-18,259,466.0,0.69745,train
2016-03-07,bhsi_value,237.0,5.46806,232.0,227.0,220.0,214.0,209.0,200.0,184.0,194.0,231.0,286.0,222.71,8.78,211.0,14.22,205.63,16.2,233.85,32.76,259.42,47.48,0.02132,0.12573,0.25312,0.02564,397.0,386.0,346.0,161.0,164.0,182.0,371.0,363.0,321.0,0.91381,0.40615,0.74228,-0.67009,180,2016-11-21,259,477.0,0.69946,train
2016-03-08,bhsi_value,240.0,5.48064,237.0,232.0,227.0,217.0,212.0,203.0,186.0,190.0,229.0,286.0,226.71,9.35,214.86,14.24,206.0,16.83,233.08,32.06,258.09,46.31,0.01258,0.12405,0.25489,0.04692,422.0,397.0,352.0,180.0,161.0,177.0,377.0,371.0,328.0,0.92066,0.39037,0.71879,-0.69523,180,2016-11-22,259,485.0,0.70351,train
2016-03-09,bhsi_value,243.0,5.49306,240.0,237.0,232.0,220.0,214.0,206.0,193.0,188.0,225.0,286.0,230.86,9.22,218.43,14.58,206.6,17.79,232.37,31.35,256.83,45.15,0.01242,0.12709,0.23037,0.07696,447.0,422.0,354.0,178.0,180.0,174.0,386.0,377.0,333.0,0.92724,0.37447,0.69445,-0.71954,180,2016-11-23,259,501.0,0.72354,train
2016-03-10,bhsi_value,246.0,5.50533,243.0,240.0,237.0,227.0,217.0,209.0,198.0,186.0,222.0,286.0,235.0,8.55,221.86,15.01,207.4,18.97,231.7,30.61,255.63,43.97,0.01227,0.12543,0.21706,0.10265,466.0,447.0,357.0,178.0,178.0,174.0,399.0,386.0,339.0,0.93354,0.35847,0.66929,-0.743,180,2016-11-24,259,512.0,0.73299,train
2016-03-11,bhsi_value,249.0,5.51745,246.0,243.0,240.0,232.0,220.0,212.0,200.0,184.0,219.0,285.0,239.14,7.2,225.36,15.22,208.4,20.3,231.1,29.91,254.5,42.8,0.01212,0.12383,0.21914,0.12838,477.0,466.0,364.0,176.0,178.0,171.0,412.0,399.0,345.0,0.93957,0.34236,0.64334,-0.76558,180,2016-11-25,259,520.0,0.73638,train
2016-03-14,bhsi_value,252.0,5.52943,249.0,246.0,243.0,237.0,227.0,214.0,203.0,183.0,216.0,282.0,242.71,6.45,228.86,15.31,209.6,21.72,230.6,29.3,253.42,41.61,0.01198,0.10448,0.21622,0.15415,481.0,477.0,374.0,179.0,176.0,166.0,420.0,412.0,350.0,0.95598,0.29343,0.56103,-0.82779,180,2016-11-28,259,527.0,0.73777,train
2016-03-15,bhsi_value,255.0,5.54126,252.0,249.0,246.0,240.0,232.0,217.0,206.0,183.0,212.0,279.0,246.0,6.0,232.36,15.28,211.03,23.2,230.2,28.79,252.4,40.41,0.01183,0.09453,0.21339,0.18468,481.0,481.0,386.0,186.0,179.0,164.0,427.0,420.0,363.0,0.96089,0.27695,0.53223,-0.8466,180,2016-11-29,259,532.0,0.73538,train
2016-03-16,bhsi_value,257.0,5.54908,255.0,252.0,249.0,243.0,237.0,220.0,209.0,184.0,203.0,276.0,248.86,5.79,235.79,15.04,212.83,24.57,229.88,28.39,251.49,39.36,0.00781,0.08102,0.20674,0.23587,474.0,481.0,397.0,172.0,186.0,161.0,432.0,427.0,371.0,0.96551,0.26038,0.50279,-0.86441,180,2016-11-30,259,537.0,0.73692,train
2016-03-17,bhsi_value,258.0,5.55296,257.0,255.0,252.0,246.0,240.0,227.0,212.0,186.0,197.0,275.0,251.43,5.26,239.07,14.5,214.87,25.67,229.6,28.02,250.66,38.41,0.00388,0.07232,0.19637,0.26976,467.0,474.0,422.0,178.0,172.0,180.0,439.0,432.0,377.0,0.96984,0.24373,0.47276,-0.88119,180,2016-12-01,259,541.0,0.74046,train
2016-03-18,bhsi_value,260.0,5.56068,258.0,257.0,255.0,249.0,243.0,232.0,214.0,193.0,194.0,274.0,253.86,4.7,242.36,13.63,217.07,26.6,229.37,27.71,249.9,37.54,0.00772,0.06762,0.19471,0.29282,463.0,467.0,447.0,197.0,178.0,178.0,445.0,439.0,386.0,0.97389,0.22701,0.44217,-0.89693,180,2016-12-02,259,543.0,0.73643,train
2016-03-21,bhsi_value,262.0,5.56834,260.0,258.0,257.0,252.0,246.0,237.0,217.0,198.0,190.0,273.0,256.14,4.19,245.57,12.53,219.47,27.29,229.18,27.45,249.22,36.75,0.00766,0.06301,0.18845,0.32132,459.0,463.0,466.0,197.0,197.0,178.0,449.0,445.0,399.0,0.98431,0.17647,0.3474,-0.93772,180,2016-12-05,259,548.0,0.73793,train
2016-03-22,bhsi_value,264.0,5.57595,262.0,260.0,258.0,255.0,249.0,240.0,220.0,200.0,188.0,273.0,258.29,3.81,248.71,11.17,222.0,27.77,229.03,27.24,248.61,36.04,0.0076,0.0585,0.18232,0.33951,455.0,459.0,477.0,186.0,197.0,176.0,460.0,449.0,412.0,0.9872,0.15951,0.31494,-0.94911,180,2016-12-06,259,552.0,0.7376,train
2016-03-23,bhsi_value,266.0,5.5835,264.0,262.0,260.0,257.0,252.0,243.0,227.0,203.0,186.0,271.0,260.29,3.65,251.5,10.23,224.67,28.03,228.95,27.12,248.06,35.38,0.00755,0.05407,0.15855,0.35775,458.0,455.0,481.0,196.0,186.0,179.0,464.0,460.0,420.0,0.98979,0.14251,0.28211,-0.95938,180,2016-12-07,259,557.0,0.73907,train
2016-03-24,bhsi_value,268.0,5.59099,266.0,264.0,262.0,258.0,255.0,246.0,232.0,206.0,184.0,270.0,262.14,3.8,254.07,9.51,227.47,28.02,228.92,27.07,247.58,34.81,0.00749,0.04972,0.14425,0.37605,466.0,458.0,481.0,203.0,196.0,186.0,468.0,464.0,427.0,0.9921,0.12546,0.24894,-0.96852,180,2016-12-08,259,562.0,0.74051,train
2016-03-29,bhsi_value,270.0,5.59842,268.0,266.0,264.0,260.0,257.0,249.0,237.0,209.0,183.0,270.0,264.0,4.0,256.43,9.06,230.37,27.77,228.92,27.07,247.17,34.32,0.00743,0.04935,0.13036,0.38894,471.0,466.0,474.0,207.0,203.0,172.0,473.0,468.0,432.0,0.99921,0.03977,0.07948,-0.99684,180,2016-12-09,255,567.0,0.74194,train
2016-03-30,bhsi_value,271.0,5.60212,270.0,268.0,266.0,262.0,258.0,252.0,240.0,212.0,183.0,267.0,265.86,3.8,258.64,8.55,233.3,27.25,228.98,27.17,246.8,33.88,0.0037,0.04916,0.12148,0.39263,484.0,471.0,467.0,210.0,207.0,178.0,474.0,473.0,439.0,0.99975,0.02258,0.04514,-0.99898,180,2016-12-12,257,576.0,0.75399,train
2016-03-31,bhsi_value,272.0,5.6058,271.0,270.0,268.0,264.0,260.0,255.0,243.0,214.0,184.0,266.0,267.57,3.46,260.71,8.0,236.23,26.52,229.08,27.31,246.47,33.48,0.00368,0.04512,0.11274,0.39087,501.0,484.0,463.0,270.0,210.0,197.0,475.0,474.0,445.0,0.99999,0.00538,0.01075,-0.99994,180,2016-12-13,257,584.0,0.7641,train
2016-04-01,bhsi_value,272.0,5.6058,272.0,271.0,270.0,266.0,262.0,257.0,246.0,217.0,186.0,263.0,269.0,2.88,262.57,7.37,239.1,25.56,229.23,27.52,246.2,33.18,0.0,0.03746,0.10047,0.38006,535.0,501.0,459.0,345.0,270.0,197.0,476.0,475.0,449.0,0.99993,-0.01183,-0.02365,-0.99972,180,2016-12-14,257,590.0,0.77432,train
2016-04-04,bhsi_value,274.0,5.61313,272.0,272.0,271.0,268.0,264.0,258.0,249.0,220.0,193.0,259.0,270.43,2.5,264.36,6.87,241.8,24.82,229.48,27.86,246.0,32.96,0.00733,0.03718,0.09568,0.35044,563.0,535.0,455.0,424.0,345.0,186.0,476.0,476.0,460.0,0.99799,-0.06339,-0.12653,-0.99196,180,2016-12-15,255,596.0,0.77711,train
2016-04-05,bhsi_value,275.0,5.61677,274.0,272.0,272.0,270.0,266.0,260.0,252.0,227.0,198.0,256.0,271.71,2.19,266.0,6.46,244.37,24.13,229.8,28.26,245.83,32.77,0.00364,0.03327,0.08734,0.3285,596.0,563.0,458.0,466.0,424.0,196.0,479.0,476.0,464.0,0.99675,-0.08055,-0.16057,-0.98702,180,2016-12-16,255,600.0,0.78016,train
2016-04-06,bhsi_value,278.0,5.62762,275.0,274.0,272.0,271.0,268.0,262.0,255.0,232.0,200.0,251.0,273.14,2.53,267.64,6.38,246.97,23.4,230.25,28.81,245.72,32.65,0.01085,0.03663,0.08636,0.3293,619.0,596.0,466.0,477.0,466.0,203.0,479.0,479.0,468.0,0.99522,-0.09768,-0.19443,-0.98092,180,2016-12-19,257,605.0,0.77761,train
2016-04-07,bhsi_value,280.0,5.63479,278.0,275.0,274.0,272.0,270.0,264.0,257.0,237.0,203.0,250.0,274.57,3.11,269.29,6.39,249.53,22.64,230.75,29.4,245.66,32.57,0.00717,0.03637,0.08571,0.32158,627.0,619.0,471.0,562.0,477.0,207.0,482.0,479.0,473.0,0.99339,-0.11479,-0.22806,-0.97365,180,2016-12-20,257,605.0,0.77044,train
2016-04-08,bhsi_value,286.0,5.65599,280.0,278.0,275.0,272.0,271.0,266.0,258.0,240.0,206.0,250.0,276.71,4.68,271.29,6.9,252.2,22.06,231.35,30.14,245.67,32.58,0.0212,0.05387,0.10303,0.32812,643.0,627.0,484.0,656.0,562.0,210.0,485.0,482.0,474.0,0.99127,-0.13186,-0.26141,-0.96523,180,2016-12-21,257,604.0,0.74758,train
2016-04-11,bhsi_value,288.0,5.66296,286.0,280.0,278.0,274.0,272.0,268.0,260.0,243.0,209.0,247.0,279.0,5.63,273.29,7.38,254.83,21.46,232.03,30.94,245.7,32.63,0.00697,0.05716,0.10228,0.32063,654.0,643.0,501.0,733.0,656.0,270.0,488.0,485.0,475.0,0.98315,-0.18282,-0.35947,-0.93316,180,2016-12-22,255,601.0,0.73563,train
2016-04-12,bhsi_value,290.0,5.66988,288.0,286.0,280.0,275.0,272.0,270.0,262.0,246.0,212.0,245.0,281.57,5.95,275.29,7.83,257.43,20.83,232.78,31.78,245.77,32.71,0.00692,0.06408,0.10154,0.31329,666.0,654.0,535.0,744.0,733.0,345.0,492.0,488.0,476.0,0.97986,-0.1997,-0.39136,-0.92024,180,2016-12-23,255,597.0,0.72204,train
2016-04-13,bhsi_value,296.0,5.69036,290.0,288.0,286.0,278.0,274.0,271.0,264.0,249.0,214.0,243.0,284.71,6.86,277.57,8.81,260.17,20.32,233.67,32.78,245.91,32.9,0.02048,0.07723,0.11441,0.32438,678.0,666.0,563.0,744.0,744.0,424.0,498.0,492.0,476.0,0.97628,-0.21653,-0.42278,-0.90623,180,2017-01-03,265,559.0,0.63579,train
2016-04-14,bhsi_value,309.0,5.73334,296.0,290.0,288.0,280.0,275.0,272.0,266.0,252.0,217.0,240.0,289.57,9.71,280.64,11.37,263.23,20.52,234.82,34.16,246.18,33.31,0.04298,0.11657,0.14984,0.35344,700.0,678.0,596.0,831.0,744.0,466.0,506.0,498.0,479.0,0.97241,-0.23329,-0.4537,-0.89115,180,2017-01-04,265,539.0,0.55637,train
2016-04-15,bhsi_value,321.0,5.77144,309.0,296.0,290.0,286.0,278.0,272.0,268.0,255.0,220.0,238.0,295.71,13.36,284.43,14.83,266.6,21.41,236.2,35.9,246.57,33.97,0.0381,0.14382,0.18045,0.37781,727.0,700.0,619.0,949.0,831.0,477.0,514.0,506.0,479.0,0.96825,-0.24998,-0.48409,-0.87502,180,2017-01-05,265,521.0,0.48431,train
2016-04-18,bhsi_value,328.0,5.79301,321.0,309.0,296.0,288.0,280.0,274.0,270.0,257.0,227.0,237.0,302.57,15.66,288.57,17.98,269.97,22.82,237.72,37.77,247.03,34.79,0.02157,0.15822,0.19459,0.36806,740.0,727.0,627.0,1030.0,949.0,562.0,525.0,514.0,482.0,0.95407,-0.29959,-0.57167,-0.82049,180,2017-01-06,263,508.0,0.43747,train
2016-04-19,bhsi_value,334.0,5.81114,328.0,321.0,309.0,290.0,286.0,275.0,271.0,258.0,232.0,233.0,309.43,17.32,293.07,20.7,273.37,24.45,239.4,39.72,247.57,35.74,0.01813,0.15515,0.20902,0.3644,746.0,740.0,643.0,1065.0,1030.0,656.0,529.0,525.0,485.0,0.94877,-0.31596,-0.59955,-0.80034,180,2017-01-09,265,498.0,0.39946,train
2016-04-20,bhsi_value,342.0,5.83481,334.0,328.0,321.0,296.0,288.0,278.0,272.0,260.0,237.0,231.0,317.14,18.07,298.07,23.3,276.87,26.43,241.25,41.82,248.19,36.87,0.02367,0.17185,0.22901,0.36675,747.0,746.0,654.0,1022.0,1065.0,733.0,534.0,529.0,488.0,0.9432,-0.33224,-0.62673,-0.77924,180,2017-01-10,265,489.0,0.35755,train
2016-04-21,bhsi_value,348.0,5.8522,342.0,334.0,328.0,309.0,290.0,280.0,272.0,262.0,240.0,229.0,325.43,16.99,303.5,25.35,280.47,28.44,243.23,43.96,248.88,38.13,0.01739,0.18232,0.2464,0.37156,743.0,747.0,666.0,1004.0,1022.0,744.0,543.0,534.0,492.0,0.93734,-0.34841,-0.65316,-0.75722,180,2017-01-11,265,477.0,0.31531,train
2016-04-22,bhsi_value,354.0,5.8693,348.0,342.0,334.0,321.0,296.0,286.0,274.0,264.0,243.0,225.0,333.71,14.59,309.21,27.02,284.17,30.47,245.38,46.12,249.63,39.51,0.01709,0.17894,0.25617,0.37624,736.0,743.0,678.0,1085.0,1004.0,744.0,551.0,543.0,498.0,0.93121,-0.36448,-0.67882,-0.7343,180,2017-01-12,265,466.0,0.27489,train
2016-04-25,bhsi_value,356.0,5.87493,354.0,348.0,342.0,328.0,309.0,288.0,275.0,266.0,246.0,222.0,340.43,12.3,315.0,27.74,287.83,32.23,247.62,48.13,250.41,40.88,0.00563,0.14159,0.25816,0.3696,727.0,736.0,700.0,1087.0,1085.0,831.0,558.0,551.0,506.0,0.91117,-0.41203,-0.75086,-0.66046,180,2017-01-13,263,459.0,0.25412,train
2016-04-26,bhsi_value,358.0,5.88053,356.0,354.0,348.0,334.0,321.0,290.0,278.0,268.0,249.0,219.0,345.71,10.66,320.71,27.77,291.47,33.75,249.93,50.01,251.22,42.26,0.0056,0.10909,0.25291,0.36308,718.0,727.0,727.0,1135.0,1087.0,949.0,562.0,558.0,514.0,0.90395,-0.42765,-0.77314,-0.63424,180,2017-01-16,265,455.0,0.23976,train
2016-04-27,bhsi_value,362.0,5.89164,358.0,356.0,354.0,342.0,328.0,296.0,280.0,270.0,252.0,216.0,350.57,9.12,326.57,27.2,295.13,35.21,252.37,51.81,252.11,43.71,0.01111,0.09863,0.25685,0.36222,704.0,718.0,740.0,1160.0,1135.0,1030.0,564.0,562.0,525.0,0.89646,-0.44313,-0.7945,-0.60727,180,2017-01-17,265,451.0,0.21982,train
2016-04-28,bhsi_value,365.0,5.8999,362.0,358.0,356.0,348.0,334.0,309.0,286.0,271.0,255.0,212.0,355.0,7.35,332.21,26.39,298.8,36.54,254.92,53.5,253.07,45.21,0.00825,0.08876,0.24391,0.35863,685.0,704.0,746.0,1137.0,1160.0,1065.0,573.0,564.0,529.0,0.8887,-0.45849,-0.81492,-0.57958,180,2017-01-18,265,448.0,0.2049,train
2016-04-29,bhsi_value,367.0,5.90536,365.0,362.0,358.0,354.0,342.0,321.0,288.0,272.0,257.0,203.0,358.57,6.14,337.86,24.72,302.47,37.66,257.65,54.95,254.08,46.7,0.00546,0.07055,0.2424,0.35629,667.0,685.0,747.0,1117.0,1137.0,1022.0,578.0,573.0,534.0,0.88068,-0.47371,-0.83437,-0.5512,180,2017-01-19,265,446.0,0.19496,train
2016-05-03,bhsi_value,368.0,5.90808,367.0,365.0,362.0,356.0,348.0,328.0,290.0,272.0,258.0,197.0,361.43,5.12,343.43,21.94,306.13,38.5,260.5,56.15,255.11,48.16,0.00272,0.05588,0.2382,0.35512,640.0,667.0,743.0,1055.0,1117.0,1004.0,582.0,578.0,543.0,0.84603,-0.53314,-0.9021,-0.43153,180,2017-01-20,262,441.0,0.18096,train
2016-05-04,bhsi_value,365.0,5.8999,368.0,367.0,365.0,358.0,354.0,334.0,296.0,274.0,260.0,194.0,363.0,4.21,348.36,18.16,309.63,38.92,263.35,57.04,256.12,49.48,-0.00819,0.0306,0.20954,0.33922,621.0,640.0,736.0,954.0,1055.0,1085.0,583.0,582.0,551.0,0.83673,-0.54761,-0.91641,-0.40024,180,2017-01-23,264,437.0,0.18004,train
2016-05-05,bhsi_value,365.0,5.8999,365.0,368.0,367.0,362.0,356.0,342.0,309.0,275.0,262.0,190.0,364.29,3.1,352.36,14.93,313.07,39.11,266.27,57.68,257.14,50.75,0.0,0.02497,0.16656,0.33155,607.0,621.0,727.0,915.0,954.0,1087.0,583.0,583.0,558.0,0.82719,-0.56192,-0.92963,-0.36848,180,2017-01-24,264,432.0,0.16853,train
2016-05-06,bhsi_value,359.0,5.88332,365.0,365.0,368.0,365.0,358.0,348.0,321.0,278.0,264.0,188.0,364.43,2.82,355.07,12.18,316.23,38.85,269.12,57.97,258.1,51.84,-0.01657,0.00279,0.11188,0.30737,591.0,607.0,718.0,892.0,915.0,1135.0,582.0,583.0,562.0,0.8174,-0.57607,-0.94176,-0.33629,180,2017-01-25,264,428.0,0.1758,train
2016-05-09,bhsi_value,355.0,5.87212,359.0,365.0,365.0,367.0,362.0,354.0,328.0,280.0,266.0,186.0,363.43,4.34,357.0,9.61,319.2,38.3,271.93,57.97,259.03,52.81,-0.0112,-0.01953,0.0791,0.28862,584.0,591.0,704.0,837.0,892.0,1160.0,578.0,582.0,564.0,0.7866,-0.61747,-0.9714,-0.23747,180,2017-01-26,262,424.0,0.17762,train
2016-05-10,bhsi_value,352.0,5.86363,355.0,359.0,365.0,368.0,365.0,356.0,334.0,286.0,268.0,184.0,361.57,5.8,358.29,7.39,322.0,37.51,274.73,57.71,259.94,53.69,-0.00849,-0.03627,0.05249,0.27264,581.0,584.0,685.0,752.0,837.0,1137.0,575.0,578.0,573.0,0.77586,-0.63091,-0.97899,-0.20391,180,2017-01-27,262,419.0,0.17424,train
2016-05-11,bhsi_value,349.0,5.85507,352.0,355.0,359.0,365.0,367.0,358.0,342.0,288.0,270.0,183.0,359.0,6.74,358.79,6.45,324.63,36.53,277.5,57.22,260.82,54.49,-0.00856,-0.05029,0.02026,0.25665,583.0,581.0,667.0,713.0,752.0,1117.0,567.0,575.0,578.0,0.76489,-0.64416,-0.98542,-0.17012,180,2017-01-30,264,415.0,0.17321,train
2016-05-12,bhsi_value,347.0,5.84932,349.0,352.0,355.0,365.0,368.0,362.0,348.0,290.0,271.0,183.0,356.0,6.74,358.71,6.57,327.17,35.34,280.23,56.56,261.71,55.23,-0.00575,-0.05876,-0.00288,0.24721,589.0,583.0,640.0,724.0,713.0,1055.0,560.0,567.0,582.0,0.7537,-0.65722,-0.99069,-0.13612,180,2017-01-31,264,402.0,0.14713,train
2016-05-13,bhsi_value,347.0,5.84932,347.0,349.0,352.0,359.0,365.0,365.0,354.0,296.0,272.0,184.0,353.43,6.23,358.21,7.15,329.67,33.97,282.95,55.78,262.61,55.95,0.0,-0.05057,-0.01997,0.24352,597.0,589.0,621.0,798.0,724.0,954.0,555.0,560.0,583.0,0.74228,-0.67009,-0.99479,-0.10196,180,2017-02-01,264,395.0,0.12956,train
2016-05-16,bhsi_value,347.0,5.84932,347.0,347.0,349.0,355.0,365.0,367.0,356.0,309.0,272.0,186.0,350.86,4.36,357.57,7.71,332.17,32.36,285.63,54.92,263.54,56.64,0.0,-0.05057,-0.02561,0.24352,598.0,597.0,607.0,854.0,798.0,915.0,553.0,555.0,583.0,0.70673,-0.70749,-1.0,0.00108,180,2017-02-02,262,386.0,0.10651,train
2016-05-17,bhsi_value,345.0,5.84354,347.0,347.0,347.0,352.0,359.0,368.0,358.0,321.0,274.0,193.0,348.86,3.23,356.64,8.35,334.53,30.57,288.17,54.08,264.5,57.28,-0.00578,-0.03978,-0.03699,0.23042,604.0,598.0,591.0,988.0,854.0,892.0,552.0,553.0,582.0,0.69445,-0.71954,-0.99937,0.03547,180,2017-02-03,262,382.0,0.10188,train
2016-05-18,bhsi_value,342.0,5.83481,345.0,347.0,347.0,349.0,355.0,365.0,362.0,328.0,275.0,198.0,347.0,2.88,355.21,9.0,336.77,28.51,290.57,53.22,265.46,57.85,-0.00873,-0.03731,-0.05683,0.21804,611.0,604.0,584.0,954.0,988.0,837.0,552.0,552.0,578.0,0.68197,-0.73138,-0.99756,0.06983,180,2017-02-06,264,377.0,0.09743,train
2016-05-19,bhsi_value,342.0,5.83481,342.0,345.0,347.0,347.0,352.0,365.0,365.0,334.0,278.0,200.0,345.57,2.5,353.57,9.16,338.9,26.35,292.93,52.29,266.47,58.38,0.0,-0.02882,-0.06509,0.20719,617.0,611.0,581.0,906.0,954.0,752.0,553.0,552.0,575.0,0.66929,-0.743,-0.99457,0.1041,180,2017-02-07,264,375.0,0.09212,train
2016-05-20,bhsi_value,343.0,5.83773,342.0,342.0,345.0,347.0,349.0,359.0,367.0,342.0,280.0,203.0,344.71,2.19,351.86,8.72,341.0,23.97,295.27,51.34,267.5,58.9,0.00292,-0.01734,-0.06763,0.20294,614.0,617.0,583.0,870.0,906.0,713.0,558.0,553.0,567.0,0.65641,-0.7544,-0.9904,0.13825,180,2017-02-08,264,378.0,0.09716,train
2016-05-23,bhsi_value,344.0,5.84064,343.0,342.0,342.0,347.0,347.0,355.0,368.0,348.0,286.0,206.0,344.29,1.98,350.14,7.68,342.93,21.69,297.57,50.37,268.54,59.41,0.00291,-0.00868,-0.06744,0.18465,611.0,614.0,589.0,870.0,870.0,724.0,562.0,558.0,560.0,0.61662,-0.78726,-0.97088,0.23956,180,2017-02-09,262,377.0,0.0916,train
2016-05-24,bhsi_value,345.0,5.84354,344.0,343.0,342.0,345.0,347.0,352.0,365.0,354.0,288.0,209.0,344.0,1.69,348.71,6.56,344.83,19.14,299.83,49.38,269.63,59.9,0.0029,-0.00578,-0.05635,0.18058,608.0,611.0,597.0,848.0,870.0,798.0,565.0,562.0,555.0,0.60299,-0.79775,-0.96207,0.27281,180,2017-02-10,262,377.0,0.0887,train
2016-05-25,bhsi_value,346.0,5.84644,345.0,344.0,343.0,342.0,347.0,349.0,365.0,356.0,290.0,212.0,343.86,1.46,347.36,4.78,346.7,16.21,302.07,48.38,270.76,60.37,0.00289,-0.00289,-0.05346,0.17656,596.0,608.0,598.0,799.0,848.0,854.0,568.0,565.0,553.0,0.58918,-0.808,-0.95211,0.30574,180,2017-02-13,264,376.0,0.08315,train
2016-05-26,bhsi_value,347.0,5.84932,346.0,345.0,344.0,342.0,345.0,347.0,359.0,358.0,296.0,214.0,344.14,1.81,346.5,3.52,348.4,13.2,304.28,47.33,271.91,60.82,0.00289,0.00578,-0.034,0.15897,586.0,596.0,604.0,793.0,799.0,988.0,571.0,568.0,552.0,0.57519,-0.81802,-0.94103,0.33831,180,2017-02-14,264,379.0,0.08821,train
2016-05-27,bhsi_value,347.0,5.84932,347.0,346.0,345.0,343.0,342.0,347.0,355.0,362.0,309.0,217.0,344.86,1.81,345.93,2.63,349.67,11.0,306.45,46.25,273.1,61.23,0.0,0.01451,-0.02279,0.11598,582.0,586.0,611.0,830.0,793.0,954.0,575.0,571.0,552.0,0.56103,-0.82779,-0.92884,0.37048,180,2017-02-15,264,382.0,0.0961,train
2016-05-31,bhsi_value,351.0,5.86079,347.0,347.0,346.0,344.0,342.0,347.0,352.0,365.0,321.0,220.0,346.14,2.42,345.86,2.47,350.67,9.62,308.63,45.19,274.36,61.66,0.01146,0.02598,-0.00284,0.08935,574.0,582.0,617.0,854.0,830.0,906.0,579.0,575.0,553.0,0.50279,-0.86441,-0.86923,0.4944,180,2017-02-16,261,387.0,0.09764,train
2016-06-01,bhsi_value,355.0,5.87212,351.0,347.0,347.0,345.0,343.0,345.0,349.0,367.0,328.0,227.0,347.86,3.56,346.29,3.35,351.57,8.68,310.77,44.3,275.67,62.1,0.01133,0.03439,0.01705,0.0791,568.0,574.0,614.0,861.0,854.0,870.0,580.0,579.0,558.0,0.48785,-0.87293,-0.85171,0.52401,180,2017-02-17,261,391.0,0.09659,train
2016-06-02,bhsi_value,354.0,5.8693,355.0,351.0,347.0,346.0,344.0,342.0,347.0,368.0,334.0,232.0,349.29,3.73,346.79,3.89,352.23,8.05,312.8,43.43,277.01,62.47,-0.00282,0.02866,0.01997,0.05816,560.0,568.0,611.0,854.0,861.0,870.0,578.0,580.0,562.0,0.47276,-0.88119,-0.83318,0.553,180,2017-02-20,263,396.0,0.11212,train
2016-06-03,bhsi_value,349.0,5.85507,354.0,355.0,351.0,347.0,345.0,342.0,347.0,365.0,342.0,237.0,349.86,3.31,346.93,3.94,352.47,7.85,314.67,42.53,278.32,62.73,-0.01422,0.01153,0.00575,0.02026,550.0,560.0,608.0,913.0,854.0,848.0,575.0,578.0,565.0,0.45753,-0.88919,-0.81367,0.58133,180,2017-02-21,263,402.0,0.14138,train
2016-06-06,bhsi_value,345.0,5.84354,349.0,354.0,355.0,347.0,346.0,343.0,347.0,365.0,348.0,240.0,349.71,3.49,346.79,3.97,352.37,7.92,316.42,41.57,279.61,62.9,-0.01153,-0.00289,-0.00578,-0.00866,544.0,550.0,596.0,922.0,913.0,799.0,574.0,575.0,568.0,0.41105,-0.91161,-0.74944,0.66207,180,2017-02-22,261,410.0,0.17261,train
2016-06-07,bhsi_value,344.0,5.84064,345.0,349.0,354.0,351.0,347.0,344.0,345.0,359.0,354.0,243.0,349.29,3.95,346.71,4.01,352.03,8.06,318.1,40.6,280.93,62.98,-0.0029,-0.00868,-0.0029,-0.02866,542.0,544.0,586.0,920.0,922.0,793.0,570.0,574.0,571.0,0.39531,-0.91855,-0.72622,0.68746,180,2017-02-23,261,420.0,0.19961,train
2016-06-08,bhsi_value,338.0,5.82305,344.0,345.0,349.0,355.0,347.0,345.0,342.0,355.0,356.0,246.0,348.0,5.61,346.43,4.45,351.43,8.4,319.63,39.57,282.22,62.95,-0.0176,-0.02628,-0.01176,-0.05188,540.0,542.0,582.0,973.0,920.0,830.0,567.0,570.0,575.0,0.37945,-0.92521,-0.70215,0.71203,180,2017-02-24,261,428.0,0.23608,train
2016-06-09,bhsi_value,332.0,5.80513,338.0,344.0,345.0,354.0,351.0,346.0,342.0,352.0,358.0,249.0,345.29,7.7,345.71,5.72,350.57,9.0,321.02,38.51,283.48,62.81,-0.01791,-0.05565,-0.02968,-0.0754,543.0,540.0,574.0,995.0,973.0,854.0,564.0,567.0,579.0,0.36348,-0.9316,-0.67724,0.73576,180,2017-02-27,263,436.0,0.27251,train
2016-06-10,bhsi_value,327.0,5.78996,332.0,338.0,344.0,349.0,355.0,347.0,343.0,349.0,362.0,252.0,341.29,8.81,344.57,7.48,349.4,9.68,322.27,37.46,284.71,62.56,-0.01517,-0.08216,-0.04777,-0.10168,543.0,543.0,568.0,1006.0,995.0,861.0,560.0,564.0,580.0,0.3474,-0.93772,-0.65153,0.75862,180,2017-02-28,263,444.0,0.30586,train
2016-06-13,bhsi_value,322.0,5.77455,327.0,332.0,338.0,345.0,354.0,347.0,344.0,347.0,365.0,255.0,336.71,9.32,343.0,9.48,347.97,10.42,323.38,36.42,285.93,62.2,-0.01541,-0.09475,-0.06609,-0.12535,542.0,543.0,560.0,1014.0,1006.0,854.0,557.0,560.0,578.0,0.29857,-0.95439,-0.5699,0.82171,180,2017-03-01,261,451.0,0.33692,train
2016-06-14,bhsi_value,317.0,5.7589,322.0,327.0,332.0,344.0,349.0,351.0,345.0,347.0,367.0,257.0,332.14,9.99,341.0,11.57,346.3,11.21,324.38,35.39,287.2,61.65,-0.01565,-0.09617,-0.08464,-0.14646,543.0,542.0,550.0,1018.0,1014.0,913.0,554.0,557.0,575.0,0.28211,-0.95938,-0.5413,0.84083,180,2017-03-02,261,457.0,0.36578,train
2016-06-15,bhsi_value,315.0,5.75257,317.0,322.0,327.0,338.0,345.0,355.0,346.0,347.0,368.0,258.0,327.86,9.99,338.79,13.25,344.53,11.81,325.33,34.35,288.51,60.97,-0.00633,-0.09097,-0.09387,-0.15551,545.0,543.0,544.0,1000.0,1018.0,922.0,552.0,554.0,574.0,0.26556,-0.96409,-0.51206,0.85895,180,2017-03-03,261,462.0,0.38299,train
2016-06-16,bhsi_value,314.0,5.74939,315.0,317.0,322.0,332.0,344.0,354.0,347.0,345.0,365.0,260.0,323.57,8.47,336.43,14.46,342.83,12.4,326.23,33.31,289.84,60.2,-0.00318,-0.09125,-0.09993,-0.1505,545.0,545.0,542.0,976.0,1000.0,920.0,552.0,552.0,570.0,0.24894,-0.96852,-0.48221,0.87606,180,2017-03-06,263,468.0,0.39908,train
2016-06-17,bhsi_value,311.0,5.73979,314.0,315.0,317.0,327.0,338.0,349.0,347.0,342.0,365.0,262.0,319.71,7.05,333.86,15.51,341.03,12.96,327.05,32.31,291.19,59.3,-0.0096,-0.08325,-0.10953,-0.1601,546.0,545.0,540.0,927.0,976.0,973.0,554.0,552.0,567.0,0.23224,-0.97266,-0.45179,0.89213,180,2017-03-07,263,477.0,0.42772,train
2016-06-20,bhsi_value,312.0,5.743,311.0,314.0,315.0,322.0,332.0,345.0,351.0,342.0,359.0,264.0,316.86,5.33,331.07,15.68,339.47,13.52,327.85,31.32,292.57,58.32,0.00321,-0.06213,-0.11778,-0.14032,546.0,546.0,543.0,897.0,927.0,995.0,555.0,554.0,564.0,0.18176,-0.98334,-0.35746,0.93393,180,2017-03-08,261,485.0,0.44115,train
2016-06-21,bhsi_value,315.0,5.75257,312.0,311.0,314.0,317.0,327.0,344.0,355.0,343.0,355.0,266.0,315.14,3.36,328.21,14.67,338.13,13.89,328.67,30.32,294.0,57.26,0.00957,-0.03739,-0.11955,-0.11955,548.0,546.0,543.0,873.0,897.0,1006.0,559.0,555.0,560.0,0.16482,-0.98632,-0.32513,0.94567,180,2017-03-09,261,491.0,0.44387,train
2016-06-22,bhsi_value,318.0,5.76205,315.0,312.0,311.0,315.0,322.0,338.0,354.0,344.0,352.0,268.0,314.57,2.32,325.64,12.99,337.0,14.1,329.5,29.31,295.49,56.11,0.00948,-0.0125,-0.10725,-0.10158,556.0,548.0,542.0,878.0,873.0,1014.0,563.0,559.0,557.0,0.14783,-0.98901,-0.29241,0.95629,180,2017-03-10,261,495.0,0.44251,train
2016-06-23,bhsi_value,322.0,5.77455,318.0,315.0,312.0,314.0,317.0,332.0,349.0,345.0,349.0,270.0,315.29,3.45,323.71,11.27,336.1,14.17,330.37,28.29,297.03,54.89,0.0125,0.01565,-0.08052,-0.08052,569.0,556.0,543.0,897.0,878.0,1018.0,570.0,563.0,554.0,0.13079,-0.99141,-0.25934,0.96579,180,2017-03-13,263,499.0,0.43805,train
2016-06-24,bhsi_value,329.0,5.79606,322.0,318.0,315.0,311.0,315.0,327.0,345.0,346.0,347.0,271.0,317.29,5.9,322.57,9.76,335.5,14.07,331.33,27.22,298.66,53.64,0.02151,0.04349,-0.04749,-0.05327,585.0,569.0,545.0,913.0,897.0,1000.0,577.0,570.0,552.0,0.11372,-0.99351,-0.22596,0.97414,180,2017-03-14,263,502.0,0.42254,train
2016-06-27,bhsi_value,331.0,5.80212,329.0,322.0,318.0,312.0,314.0,322.0,344.0,347.0,347.0,272.0,319.71,7.36,321.64,8.16,334.97,13.93,332.32,26.1,300.29,52.35,0.00606,0.05273,-0.03852,-0.04721,601.0,585.0,545.0,919.0,913.0,976.0,583.0,577.0,552.0,0.06232,-0.99806,-0.12439,0.99223,180,2017-03-15,261,505.0,0.42244,train
2016-06-28,bhsi_value,336.0,5.81711,331.0,329.0,322.0,315.0,311.0,317.0,338.0,347.0,347.0,272.0,323.29,8.28,321.5,7.89,334.6,13.75,333.38,24.89,301.96,51.05,0.01499,0.07732,-0.00593,-0.03221,618.0,601.0,546.0,936.0,919.0,927.0,587.0,583.0,554.0,0.04514,-0.99898,-0.09019,0.99592,180,2017-03-16,261,508.0,0.41337,train
2016-06-29,bhsi_value,338.0,5.82305,336.0,331.0,329.0,318.0,312.0,315.0,332.0,351.0,345.0,274.0,327.0,8.21,321.93,8.58,334.37,13.63,334.45,23.67,303.57,49.86,0.00593,0.08004,0.01791,-0.0205,634.0,618.0,546.0,955.0,936.0,897.0,593.0,587.0,555.0,0.02795,-0.99961,-0.05588,0.99844,180,2017-03-17,261,508.0,0.40744,train
2016-06-30,bhsi_value,342.0,5.83481,338.0,336.0,331.0,322.0,315.0,314.0,327.0,355.0,342.0,275.0,330.86,8.01,323.0,9.97,334.37,13.63,335.57,22.38,305.17,48.75,0.01176,0.08224,0.04485,0.0,662.0,634.0,548.0,996.0,955.0,873.0,606.0,593.0,559.0,0.01075,-0.99994,-0.0215,0.99977,180,2017-03-20,263,510.0,0.3996,train
2016-07-01,bhsi_value,344.0,5.84064,342.0,338.0,336.0,329.0,318.0,311.0,322.0,354.0,342.0,278.0,334.57,7.17,324.57,11.33,334.43,13.67,336.67,21.11,306.77,47.62,0.00583,0.07859,0.06609,0.00583,691.0,662.0,556.0,1030.0,996.0,878.0,619.0,606.0,563.0,-0.00645,-0.99998,0.0129,0.99992,180,2017-03-21,263,512.0,0.39768,train
2016-07-04,bhsi_value,347.0,5.84932,344.0,342.0,338.0,331.0,322.0,312.0,317.0,349.0,343.0,280.0,338.14,6.17,326.71,12.48,334.57,13.78,337.78,19.82,308.37,46.51,0.00868,0.07477,0.09042,0.01159,710.0,691.0,569.0,1049.0,1030.0,897.0,627.0,619.0,570.0,-0.05803,-0.99832,0.11586,0.99327,180,2017-03-22,261,516.0,0.39678,train
2016-07-05,bhsi_value,349.0,5.85507,347.0,344.0,342.0,336.0,329.0,315.0,315.0,345.0,344.0,286.0,341.0,5.9,329.14,13.24,334.73,13.92,338.83,18.68,309.96,45.42,0.00575,0.05901,0.1025,0.01443,735.0,710.0,585.0,1034.0,1049.0,913.0,633.0,627.0,577.0,-0.07519,-0.99717,0.14995,0.98869,180,2017-03-23,261,521.0,0.40068,train
2016-07-06,bhsi_value,349.0,5.85507,349.0,347.0,344.0,338.0,331.0,318.0,314.0,344.0,345.0,288.0,343.57,4.81,331.64,13.45,334.87,14.04,339.85,17.51,311.51,44.32,0.0,0.05295,0.10568,0.01153,755.0,735.0,601.0,1019.0,1034.0,919.0,637.0,633.0,583.0,-0.09233,-0.99573,0.18387,0.98295,180,2017-03-24,261,526.0,0.41023,train
2016-07-07,bhsi_value,352.0,5.86363,349.0,349.0,347.0,342.0,336.0,322.0,311.0,338.0,346.0,290.0,345.86,4.45,334.57,13.1,335.07,14.23,340.88,16.33,313.07,43.24,0.00856,0.04652,0.12384,0.01719,779.0,755.0,618.0,1008.0,1019.0,936.0,639.0,637.0,587.0,-0.10945,-0.99399,0.21758,0.97604,180,2017-03-27,263,530.0,0.40925,train
2016-07-08,bhsi_value,354.0,5.8693,352.0,349.0,349.0,344.0,338.0,329.0,312.0,332.0,347.0,296.0,348.14,3.91,337.57,12.37,335.3,14.48,341.85,15.33,314.62,42.15,0.00567,0.04625,0.12629,0.01997,792.0,779.0,634.0,1002.0,1008.0,955.0,644.0,639.0,593.0,-0.12653,-0.99196,0.25102,0.96798,180,2017-03-28,263,535.0,0.41297,train
2016-07-11,bhsi_value,356.0,5.87493,354.0,352.0,349.0,347.0,342.0,331.0,315.0,327.0,347.0,309.0,350.14,3.83,340.5,11.51,335.6,14.81,342.63,14.82,316.17,41.08,0.00563,0.04012,0.12236,0.02561,799.0,792.0,662.0,991.0,1002.0,996.0,647.0,644.0,606.0,-0.17753,-0.98412,0.34942,0.93697,180,2017-03-29,261,538.0,0.41293,train
2016-07-12,bhsi_value,358.0,5.88053,356.0,354.0,352.0,349.0,344.0,336.0,318.0,322.0,351.0,321.0,352.14,3.76,343.36,10.49,335.83,15.1,343.25,14.68,317.7,40.03,0.0056,0.03989,0.11848,0.01975,809.0,799.0,691.0,987.0,991.0,1030.0,651.0,647.0,619.0,-0.19443,-0.98092,0.38144,0.92439,180,2017-03-30,261,539.0,0.40918,train
2016-07-13,bhsi_value,360.0,5.8861,358.0,356.0,354.0,349.0,347.0,338.0,322.0,317.0,355.0,328.0,354.0,3.96,346.07,9.48,336.0,15.34,343.78,14.69,319.18,39.09,0.00557,0.03678,0.11155,0.01399,819.0,809.0,710.0,1010.0,987.0,1049.0,666.0,651.0,627.0,-0.21128,-0.97743,0.41301,0.91073,180,2017-03-31,261,540.0,0.40547,train
2016-07-14,bhsi_value,361.0,5.88888,360.0,358.0,356.0,352.0,349.0,342.0,329.0,315.0,354.0,334.0,355.71,4.03,348.36,8.93,336.23,15.66,344.23,14.8,320.61,38.23,0.00277,0.03381,0.09282,0.01958,842.0,819.0,735.0,1020.0,1010.0,1034.0,679.0,666.0,633.0,-0.22806,-0.97365,0.4441,0.89598,180,2017-04-03,263,541.0,0.40454,train
2016-07-15,bhsi_value,363.0,5.8944,361.0,360.0,358.0,354.0,349.0,344.0,331.0,314.0,349.0,342.0,357.71,3.65,350.64,8.26,336.7,16.23,344.58,14.99,322.01,37.44,0.00552,0.03933,0.09228,0.03933,863.0,842.0,755.0,1023.0,1020.0,1019.0,686.0,679.0,637.0,-0.24477,-0.96958,0.47465,0.88017,180,2017-04-04,263,542.0,0.40086,train
2016-07-18,bhsi_value,366.0,5.90263,363.0,361.0,360.0,356.0,352.0,347.0,336.0,311.0,345.0,348.0,359.71,3.81,352.79,8.07,337.4,17.01,344.88,15.23,323.41,36.69,0.00823,0.039,0.08552,0.05909,874.0,863.0,779.0,1016.0,1023.0,1008.0,693.0,686.0,639.0,-0.29446,-0.95566,0.56281,0.82658,180,2017-04-05,261,543.0,0.39448,train
2016-07-19,bhsi_value,371.0,5.9162,366.0,363.0,361.0,358.0,354.0,349.0,338.0,312.0,344.0,354.0,362.14,4.7,355.14,8.23,338.3,18.02,345.17,15.56,324.83,36.02,0.01357,0.04691,0.09316,0.07556,879.0,874.0,792.0,986.0,1016.0,1002.0,697.0,693.0,644.0,-0.31086,-0.95046,0.59091,0.80674,180,2017-04-06,261,545.0,0.38458,train
2016-07-20,bhsi_value,376.0,5.92959,371.0,366.0,363.0,360.0,356.0,349.0,342.0,315.0,338.0,356.0,365.0,6.0,357.57,8.97,339.57,19.25,345.5,15.99,326.28,35.44,0.01339,0.05466,0.09478,0.10654,872.0,879.0,799.0,937.0,986.0,991.0,700.0,697.0,647.0,-0.32716,-0.94497,0.61831,0.78593,180,2017-04-07,261,547.0,0.37486,train
2016-07-21,bhsi_value,379.0,5.93754,376.0,371.0,366.0,361.0,358.0,352.0,344.0,318.0,332.0,358.0,368.0,6.93,360.07,9.69,341.13,20.44,345.85,16.48,327.72,34.9,0.00795,0.057,0.09689,0.1324,850.0,872.0,809.0,906.0,937.0,987.0,702.0,700.0,651.0,-0.34337,-0.9392,0.64498,0.7642,180,2017-04-10,263,549.0,0.37056,train
2016-07-22,bhsi_value,383.0,5.94803,379.0,376.0,371.0,363.0,360.0,354.0,347.0,322.0,327.0,362.0,371.29,7.76,362.64,10.61,343.0,21.59,346.2,17.04,329.18,34.44,0.0105,0.06193,0.09871,0.15807,827.0,850.0,819.0,895.0,906.0,1010.0,701.0,702.0,666.0,-0.35947,-0.93316,0.67089,0.74156,180,2017-04-11,263,552.0,0.36551,train
2016-07-25,bhsi_value,386.0,5.95584,383.0,379.0,376.0,366.0,361.0,356.0,349.0,329.0,322.0,365.0,374.86,7.95,365.29,11.46,345.13,22.55,346.55,17.63,330.63,34.04,0.0078,0.06696,0.10077,0.18129,806.0,827.0,842.0,877.0,895.0,1020.0,698.0,701.0,679.0,-0.40713,-0.91337,0.74372,0.66849,180,2017-04-12,261,554.0,0.36133,train
2016-07-26,bhsi_value,390.0,5.96615,386.0,383.0,379.0,371.0,363.0,358.0,349.0,331.0,317.0,367.0,378.71,7.81,368.21,12.14,347.57,23.31,346.93,18.3,332.11,33.7,0.01031,0.07174,0.11107,0.20724,784.0,806.0,863.0,841.0,877.0,1023.0,697.0,698.0,686.0,-0.42278,-0.90623,0.76627,0.64251,180,2017-04-13,261,560.0,0.36179,train
2016-07-27,bhsi_value,392.0,5.97126,390.0,386.0,383.0,376.0,366.0,360.0,352.0,336.0,315.0,368.0,382.43,7.03,371.07,12.69,350.13,23.82,347.33,19.01,333.6,33.35,0.00512,0.06863,0.10763,0.21869,752.0,784.0,874.0,803.0,841.0,1016.0,690.0,697.0,693.0,-0.43831,-0.89883,0.78792,0.61577,180,2017-04-18,265,563.0,0.36202,train
2016-07-28,bhsi_value,396.0,5.98141,392.0,390.0,386.0,379.0,371.0,361.0,354.0,338.0,314.0,365.0,386.0,6.65,374.07,13.25,352.87,24.22,347.85,19.88,335.11,33.06,0.01015,0.06521,0.11212,0.23202,719.0,752.0,879.0,780.0,803.0,986.0,684.0,690.0,697.0,-0.4537,-0.89115,0.80864,0.58831,180,2017-04-19,265,568.0,0.36071,train
2016-07-29,bhsi_value,399.0,5.98896,396.0,392.0,390.0,383.0,376.0,363.0,356.0,342.0,311.0,365.0,389.29,6.58,377.14,13.68,355.8,24.3,348.42,20.82,336.63,32.81,0.00755,0.05937,0.11403,0.24917,692.0,719.0,872.0,768.0,780.0,937.0,676.0,684.0,700.0,-0.46897,-0.88322,0.8284,0.56014,180,2017-04-20,265,572.0,0.36018,train
2016-08-01,bhsi_value,401.0,5.99396,399.0,396.0,392.0,386.0,379.0,366.0,358.0,344.0,312.0,359.0,392.43,6.16,380.21,13.86,358.77,24.2,349.12,21.85,338.16,32.58,0.005,0.05643,0.11343,0.25096,673.0,692.0,850.0,757.0,768.0,906.0,671.0,676.0,702.0,-0.5139,-0.85785,0.8817,0.47181,180,2017-04-21,263,575.0,0.36041,train
2016-08-02,bhsi_value,400.0,5.99146,401.0,399.0,396.0,390.0,383.0,371.0,360.0,347.0,315.0,355.0,394.86,5.25,383.07,13.52,361.6,23.89,349.87,22.79,339.64,32.31,-0.0025,0.04343,0.10536,0.23889,658.0,673.0,827.0,757.0,757.0,895.0,667.0,671.0,701.0,-0.52858,-0.84888,0.89741,0.4412,180,2017-04-24,265,577.0,0.36638,train
2016-08-03,bhsi_value,397.0,5.98394,400.0,401.0,399.0,392.0,386.0,376.0,361.0,349.0,318.0,352.0,396.43,3.81,385.64,12.46,364.23,23.28,350.62,23.58,341.08,31.96,-0.00753,0.0281,0.09506,0.22188,648.0,658.0,806.0,758.0,757.0,877.0,663.0,667.0,698.0,-0.54311,-0.83966,0.91205,0.41007,180,2017-04-25,265,577.0,0.37391,train
2016-08-04,bhsi_value,395.0,5.97889,397.0,400.0,401.0,396.0,390.0,379.0,363.0,349.0,322.0,349.0,397.14,2.9,387.93,10.94,366.67,22.54,351.38,24.25,342.47,31.56,-0.00505,0.01274,0.08448,0.20433,641.0,648.0,784.0,759.0,758.0,841.0,660.0,663.0,697.0,-0.55747,-0.8302,0.92562,0.37846,180,2017-04-26,265,576.0,0.37722,train
2016-08-05,bhsi_value,394.0,5.97635,395.0,397.0,400.0,399.0,392.0,383.0,366.0,352.0,329.0,347.0,397.43,2.44,389.93,9.16,368.83,21.93,352.17,24.85,343.83,31.09,-0.00253,0.00509,0.07372,0.18029,640.0,641.0,752.0,770.0,759.0,803.0,654.0,660.0,690.0,-0.57167,-0.82049,0.93809,0.34639,180,2017-04-27,265,569.0,0.36753,train
2016-08-08,bhsi_value,392.0,5.97126,394.0,395.0,397.0,401.0,396.0,386.0,371.0,354.0,331.0,347.0,396.86,3.09,391.43,7.51,370.87,21.15,352.92,25.35,345.17,30.55,-0.00509,-0.01015,0.05506,0.16914,638.0,640.0,719.0,777.0,770.0,780.0,647.0,654.0,684.0,-0.61323,-0.7899,0.96879,0.2479,180,2017-04-28,263,559.0,0.35489,train
2016-08-09,bhsi_value,389.0,5.96358,392.0,394.0,395.0,400.0,399.0,390.0,376.0,356.0,336.0,347.0,395.43,3.96,392.36,6.24,372.63,20.36,353.62,25.76,346.47,29.89,-0.00768,-0.02538,0.03399,0.14647,642.0,638.0,692.0,770.0,777.0,768.0,645.0,647.0,676.0,-0.62673,-0.77924,0.97674,0.21443,180,2017-05-02,266,550.0,0.34634,train
2016-08-10,bhsi_value,391.0,5.96871,389.0,392.0,394.0,397.0,401.0,392.0,379.0,358.0,338.0,345.0,394.0,3.46,393.21,5.06,374.4,19.56,354.38,26.17,347.77,29.25,0.00513,-0.02525,0.03117,0.14566,659.0,642.0,673.0,795.0,770.0,757.0,642.0,645.0,671.0,-0.64004,-0.76834,0.98354,0.1807,180,2017-05-03,266,540.0,0.32286,train
2016-08-11,bhsi_value,394.0,5.97635,391.0,389.0,392.0,395.0,400.0,396.0,383.0,360.0,342.0,342.0,393.14,2.47,394.0,4.19,376.13,18.9,355.25,26.6,349.09,28.61,0.00764,-0.01511,0.02832,0.14154,687.0,659.0,658.0,833.0,795.0,757.0,639.0,642.0,667.0,-0.65316,-0.75722,0.98917,0.14676,180,2017-05-04,266,532.0,0.30029,train
2016-08-12,bhsi_value,396.0,5.98141,394.0,391.0,389.0,394.0,397.0,399.0,386.0,361.0,344.0,342.0,393.0,2.27,394.71,3.57,377.87,18.25,356.15,27.05,350.4,28.02,0.00506,-0.00252,0.02558,0.14077,703.0,687.0,648.0,891.0,833.0,758.0,640.0,639.0,663.0,-0.66609,-0.74587,0.99363,0.11265,180,2017-05-05,266,523.0,0.27817,train
2016-08-15,bhsi_value,399.0,5.98896,396.0,394.0,391.0,392.0,395.0,401.0,390.0,363.0,347.0,343.0,393.57,3.06,395.36,3.48,379.6,17.7,357.08,27.54,351.72,27.47,0.00755,0.01008,0.02281,0.13964,713.0,703.0,641.0,920.0,891.0,759.0,643.0,640.0,660.0,-0.70368,-0.71052,0.99995,0.00968,180,2017-05-08,266,517.0,0.25908,train
2016-08-16,bhsi_value,403.0,5.99894,399.0,396.0,394.0,389.0,394.0,400.0,392.0,366.0,349.0,344.0,394.86,4.52,396.14,3.85,381.4,17.23,358.07,28.1,353.02,27.1,0.00998,0.02259,0.02767,0.14386,721.0,713.0,640.0,926.0,920.0,770.0,646.0,643.0,654.0,-0.7158,-0.69831,0.99969,-0.02473,180,2017-05-09,266,512.0,0.23939,train
2016-08-17,bhsi_value,405.0,6.00389,403.0,399.0,396.0,391.0,392.0,397.0,396.0,371.0,349.0,345.0,396.71,5.52,396.79,4.47,383.27,16.65,359.07,28.68,354.32,26.75,0.00495,0.03263,0.02247,0.14882,726.0,721.0,638.0,885.0,926.0,777.0,652.0,646.0,647.0,-0.7277,-0.68589,0.99825,-0.0591,180,2017-05-10,266,510.0,0.23052,train
2016-08-18,bhsi_value,407.0,6.00881,405.0,403.0,399.0,394.0,389.0,395.0,399.0,376.0,352.0,346.0,399.29,5.52,397.36,5.18,385.1,16.12,360.08,29.28,355.62,26.44,0.00493,0.04523,0.01985,0.14518,727.0,726.0,642.0,852.0,885.0,770.0,666.0,652.0,645.0,-0.73939,-0.67327,0.99563,-0.0934,180,2017-05-11,266,510.0,0.2256,train
2016-08-19,bhsi_value,412.0,6.02102,407.0,405.0,403.0,396.0,391.0,394.0,401.0,379.0,354.0,347.0,402.29,5.9,398.14,6.37,387.03,15.75,361.17,29.97,356.91,26.32,0.01221,0.05232,0.02706,0.15173,727.0,727.0,659.0,843.0,852.0,795.0,677.0,666.0,642.0,-0.75086,-0.66046,0.99183,-0.12759,180,2017-05-12,266,509.0,0.21142,train
2016-08-22,bhsi_value,416.0,6.03069,412.0,407.0,405.0,399.0,394.0,392.0,400.0,383.0,356.0,347.0,405.43,6.48,399.29,7.86,389.03,15.49,362.32,30.72,358.1,26.55,0.00966,0.05433,0.03922,0.15575,721.0,727.0,687.0,848.0,843.0,833.0,686.0,677.0,639.0,-0.78393,-0.62084,0.9734,-0.2291,180,2017-05-15,266,508.0,0.1998,train
2016-08-23,bhsi_value,420.0,6.04025,416.0,412.0,407.0,403.0,396.0,389.0,397.0,386.0,358.0,351.0,408.86,6.92,400.93,9.45,391.1,15.35,363.47,31.55,359.2,27.04,0.00957,0.05884,0.05632,0.15972,714.0,721.0,703.0,861.0,848.0,891.0,694.0,686.0,640.0,-0.7945,-0.60727,0.96495,-0.26245,180,2017-05-16,266,507.0,0.18826,train
2016-08-24,bhsi_value,425.0,6.05209,420.0,416.0,412.0,405.0,399.0,391.0,395.0,390.0,360.0,355.0,412.57,7.58,403.07,11.12,393.27,15.39,364.63,32.5,360.28,27.7,0.01183,0.06313,0.0732,0.16599,706.0,714.0,713.0,910.0,861.0,920.0,702.0,694.0,643.0,-0.80483,-0.59351,0.95535,-0.29549,180,2017-05-17,266,505.0,0.17247,train
2016-08-25,bhsi_value,428.0,6.05912,425.0,420.0,416.0,407.0,403.0,394.0,394.0,392.0,361.0,354.0,416.14,8.1,405.5,12.5,395.5,15.41,365.87,33.46,361.32,28.45,0.00703,0.06019,0.08277,0.17025,700.0,706.0,721.0,974.0,910.0,926.0,712.0,702.0,646.0,-0.81492,-0.57958,0.94462,-0.32818,180,2017-05-18,266,504.0,0.16345,train
2016-08-26,bhsi_value,431.0,6.06611,428.0,425.0,420.0,412.0,405.0,396.0,392.0,396.0,363.0,349.0,419.86,8.1,408.29,13.49,397.77,15.46,367.23,34.4,362.31,29.29,0.00698,0.06222,0.09485,0.17171,687.0,700.0,726.0,1001.0,974.0,885.0,715.0,712.0,652.0,-0.82477,-0.56548,0.93277,-0.36047,180,2017-05-19,266,502.0,0.15249,train
2016-08-30,bhsi_value,432.0,6.06843,431.0,428.0,425.0,416.0,407.0,399.0,389.0,399.0,366.0,345.0,423.43,7.09,411.36,13.64,399.97,15.48,368.68,35.26,363.24,30.15,0.00232,0.05961,0.10485,0.16579,674.0,687.0,727.0,986.0,1001.0,852.0,719.0,715.0,666.0,-0.86169,-0.50743,0.8745,-0.48503,180,2017-05-22,265,496.0,0.13815,train
2016-08-31,bhsi_value,432.0,6.06843,432.0,431.0,428.0,420.0,412.0,403.0,391.0,401.0,371.0,344.0,426.29,5.82,414.29,13.35,402.0,15.55,370.15,36.02,364.11,30.98,0.0,0.0474,0.09972,0.15222,660.0,674.0,727.0,978.0,986.0,843.0,721.0,719.0,677.0,-0.87029,-0.49253,0.8573,-0.51482,180,2017-05-23,265,486.0,0.11778,train
2016-09-01,bhsi_value,433.0,6.07074,432.0,432.0,431.0,425.0,416.0,405.0,394.0,400.0,376.0,338.0,428.71,4.4,417.07,12.89,403.9,15.74,371.73,36.66,364.97,31.8,0.00231,0.04005,0.09439,0.14115,652.0,660.0,721.0,1002.0,978.0,848.0,723.0,721.0,686.0,-0.87864,-0.47749,0.83908,-0.54401,180,2017-05-24,265,478.0,0.09887,train
2016-09-02,bhsi_value,432.0,6.06843,433.0,432.0,432.0,428.0,420.0,407.0,396.0,397.0,379.0,332.0,430.43,2.66,419.64,11.99,405.67,15.82,373.4,37.08,365.79,32.55,-0.00231,0.02817,0.08701,0.13089,644.0,652.0,714.0,1054.0,1002.0,861.0,721.0,723.0,694.0,-0.88672,-0.4623,0.81987,-0.57255,180,2017-05-25,265,473.0,0.09067,train
2016-09-05,bhsi_value,429.0,6.06146,432.0,433.0,432.0,431.0,425.0,412.0,399.0,395.0,383.0,327.0,431.0,1.69,421.79,10.72,407.2,15.78,375.1,37.26,366.53,33.22,-0.00697,0.00937,0.0725,0.11342,640.0,644.0,706.0,1079.0,1054.0,910.0,718.0,721.0,702.0,-0.90939,-0.41595,0.75652,-0.65397,180,2017-05-26,263,469.0,0.08915,train
2016-09-06,bhsi_value,425.0,6.05209,429.0,432.0,433.0,432.0,428.0,416.0,403.0,394.0,386.0,322.0,430.57,2.56,423.36,9.39,408.5,15.58,376.82,37.14,367.2,33.78,-0.00937,-0.00703,0.05315,0.09625,641.0,640.0,700.0,1182.0,1079.0,974.0,714.0,718.0,712.0,-0.91641,-0.40024,0.73357,-0.67961,180,2017-05-30,266,461.0,0.08131,train
2016-09-07,bhsi_value,422.0,6.04501,425.0,429.0,432.0,432.0,431.0,420.0,405.0,392.0,390.0,317.0,429.29,3.92,424.57,7.92,409.57,15.37,378.57,36.75,367.81,34.26,-0.00708,-0.0211,0.04112,0.07886,648.0,641.0,687.0,1371.0,1182.0,1001.0,702.0,714.0,715.0,-0.92316,-0.38442,0.70976,-0.70444,180,2017-05-31,266,455.0,0.07529,train
2016-09-08,bhsi_value,420.0,6.04025,422.0,425.0,429.0,433.0,432.0,425.0,407.0,389.0,392.0,315.0,427.57,4.87,425.5,6.42,410.5,15.13,380.32,36.18,368.39,34.7,-0.00475,-0.02817,0.03144,0.06899,655.0,648.0,674.0,1478.0,1371.0,986.0,694.0,702.0,719.0,-0.92963,-0.36848,0.68511,-0.72844,180,2017-06-01,266,449.0,0.06677,train
2016-09-09,bhsi_value,419.0,6.03787,420.0,422.0,425.0,432.0,432.0,428.0,412.0,391.0,396.0,314.0,425.71,5.28,426.0,5.57,411.27,14.95,382.07,35.46,368.99,35.1,-0.00238,-0.03055,0.01685,0.05646,658.0,655.0,660.0,1566.0,1478.0,978.0,688.0,694.0,721.0,-0.93583,-0.35244,0.65965,-0.75157,180,2017-06-02,266,446.0,0.06245,train
2016-09-12,bhsi_value,417.0,6.03309,419.0,420.0,422.0,429.0,433.0,431.0,416.0,394.0,399.0,311.0,423.43,5.1,426.07,5.44,411.87,14.81,383.83,34.51,369.57,35.45,-0.00478,-0.03765,0.0024,0.04412,659.0,658.0,652.0,1581.0,1566.0,1002.0,681.0,688.0,723.0,-0.95277,-0.3037,0.5787,-0.81554,180,2017-06-05,266,441.0,0.05596,train
2016-09-13,bhsi_value,415.0,6.02828,417.0,419.0,420.0,425.0,432.0,432.0,420.0,396.0,401.0,312.0,421.0,4.44,425.71,5.97,412.33,14.68,385.55,33.44,370.19,35.75,-0.00481,-0.04015,-0.01198,0.03432,656.0,659.0,644.0,1607.0,1581.0,1054.0,671.0,681.0,721.0,-0.95785,-0.28726,0.55031,-0.83496,180,2017-06-06,266,434.0,0.04477,train
2016-09-14,bhsi_value,415.0,6.02828,415.0,417.0,419.0,422.0,429.0,432.0,425.0,399.0,400.0,315.0,419.0,3.42,425.0,6.58,412.83,14.51,387.22,32.35,370.86,36.02,0.0,-0.03318,-0.02381,0.03681,649.0,656.0,640.0,1444.0,1607.0,1079.0,665.0,671.0,718.0,-0.96265,-0.27074,0.52126,-0.8534,180,2017-06-07,266,429.0,0.03318,train
2016-09-15,bhsi_value,415.0,6.02828,415.0,415.0,417.0,420.0,425.0,433.0,428.0,403.0,397.0,318.0,417.57,2.61,424.07,6.99,413.43,14.21,388.83,31.26,371.56,36.26,0.0,-0.02381,-0.03084,0.04434,645.0,649.0,641.0,1487.0,1444.0,1182.0,661.0,665.0,714.0,-0.96717,-0.25414,0.4916,-0.87082,180,2017-06-08,266,425.0,0.02381,train
2016-09-16,bhsi_value,415.0,6.02828,415.0,415.0,415.0,419.0,422.0,432.0,431.0,405.0,395.0,322.0,416.57,1.99,422.93,7.08,414.1,13.79,390.38,30.19,372.29,36.46,0.0,-0.01673,-0.03783,0.04939,646.0,645.0,648.0,1680.0,1487.0,1371.0,660.0,661.0,702.0,-0.9714,-0.23747,0.46135,-0.88722,180,2017-06-09,266,425.0,0.02381,train
2016-09-19,bhsi_value,416.0,6.03069,415.0,415.0,415.0,417.0,420.0,429.0,432.0,407.0,394.0,329.0,416.0,1.41,421.79,6.81,414.83,13.28,391.83,29.29,373.06,36.65,0.00241,-0.00957,-0.03774,0.05433,650.0,646.0,655.0,1853.0,1680.0,1478.0,661.0,660.0,694.0,-0.98235,-0.18704,0.36748,-0.93003,180,2017-06-12,266,424.0,0.01905,train
2016-09-20,bhsi_value,417.0,6.03309,416.0,415.0,415.0,415.0,419.0,425.0,432.0,412.0,392.0,331.0,415.71,0.88,420.71,6.27,415.67,12.58,393.27,28.36,373.83,36.83,0.0024,-0.00478,-0.03534,0.06182,657.0,650.0,658.0,1964.0,1853.0,1566.0,660.0,661.0,688.0,-0.98542,-0.17012,0.33528,-0.94212,180,2017-06-13,266,424.0,0.01665,train
2016-09-21,bhsi_value,418.0,6.03548,417.0,416.0,415.0,415.0,417.0,422.0,433.0,416.0,389.0,336.0,415.86,1.12,419.64,5.29,416.63,11.57,394.63,27.53,374.62,37.0,0.0024,0.0024,-0.03526,0.0719,673.0,657.0,659.0,2118.0,1964.0,1581.0,662.0,660.0,681.0,-0.9882,-0.15314,0.30267,-0.9531,180,2017-06-14,266,427.0,0.0213,train
2016-09-22,bhsi_value,420.0,6.04025,418.0,417.0,416.0,415.0,415.0,420.0,432.0,420.0,391.0,338.0,416.57,1.76,418.79,4.04,417.6,10.56,396.0,26.71,375.46,37.17,0.00477,0.01198,-0.02817,0.07155,700.0,673.0,656.0,2389.0,2118.0,1607.0,688.0,662.0,671.0,-0.99069,-0.13612,0.26971,-0.96294,180,2017-06-15,266,431.0,0.02585,train
2016-09-23,bhsi_value,421.0,6.04263,420.0,418.0,417.0,415.0,415.0,419.0,429.0,425.0,394.0,342.0,417.43,2.19,418.21,2.98,418.5,9.62,397.32,25.95,376.33,37.3,0.00238,0.01435,-0.01882,0.06628,722.0,700.0,649.0,2383.0,2389.0,1444.0,671.0,688.0,665.0,-0.99289,-0.11906,0.23642,-0.97165,180,2017-06-16,266,435.0,0.03271,train
2016-09-26,bhsi_value,422.0,6.04501,421.0,420.0,418.0,416.0,415.0,417.0,425.0,428.0,396.0,344.0,418.43,2.44,418.0,2.56,419.37,8.67,398.62,25.19,377.22,37.43,0.00237,0.01673,-0.00708,0.06359,739.0,722.0,645.0,2325.0,2383.0,1487.0,673.0,671.0,661.0,-0.99771,-0.06768,0.13506,-0.99084,180,2017-06-19,266,437.0,0.03493,train
2016-09-27,bhsi_value,422.0,6.04501,422.0,421.0,420.0,417.0,415.0,415.0,422.0,431.0,399.0,347.0,419.43,2.26,418.0,2.56,420.13,7.81,399.87,24.45,378.1,37.54,0.0,0.01673,0.0,0.05604,750.0,739.0,646.0,2298.0,2325.0,1680.0,674.0,673.0,660.0,-0.99872,-0.05051,0.10089,-0.9949,180,2017-06-20,266,441.0,0.04404,train
2016-09-28,bhsi_value,422.0,6.04501,422.0,422.0,421.0,418.0,416.0,415.0,420.0,432.0,403.0,349.0,420.29,1.91,418.14,2.72,420.77,7.14,401.08,23.69,378.97,37.65,0.0,0.01432,0.00475,0.04607,751.0,750.0,650.0,2196.0,2298.0,1853.0,676.0,674.0,661.0,-0.99944,-0.03332,0.06661,-0.99778,180,2017-06-21,266,445.0,0.05307,train
2016-09-29,bhsi_value,422.0,6.04501,422.0,422.0,422.0,420.0,417.0,415.0,419.0,432.0,405.0,349.0,421.0,1.41,418.36,2.89,421.33,6.51,402.3,22.85,379.82,37.74,0.0,0.01192,0.00713,0.04112,741.0,751.0,657.0,2067.0,2196.0,1964.0,676.0,676.0,660.0,-0.99987,-0.01613,0.03225,-0.99948,180,2017-06-22,266,447.0,0.05755,train
2016-09-30,bhsi_value,421.0,6.04263,422.0,422.0,422.0,421.0,418.0,415.0,417.0,433.0,407.0,352.0,421.43,0.73,418.64,2.94,421.8,5.95,403.45,22.01,380.66,37.81,-0.00237,0.00715,0.00955,0.03382,726.0,741.0,673.0,2008.0,2067.0,2118.0,679.0,676.0,662.0,-1.0,0.00108,-0.00215,-1.0,180,2017-06-23,266,451.0,0.06883,train
2016-10-03,bhsi_value,419.0,6.03787,421.0,422.0,422.0,422.0,420.0,416.0,415.0,432.0,412.0,354.0,421.29,1.03,418.93,2.76,422.03,5.69,404.53,21.13,381.46,37.85,-0.00476,-0.00238,0.00959,0.01685,713.0,726.0,700.0,1971.0,2008.0,2389.0,681.0,679.0,688.0,-0.99861,0.05266,-0.10517,-0.99445,180,2017-06-26,266,454.0,0.08023,train
2016-10-04,bhsi_value,417.0,6.03309,419.0,421.0,422.0,422.0,421.0,417.0,415.0,429.0,416.0,356.0,420.71,1.83,419.07,2.6,422.07,5.66,405.55,20.22,382.23,37.85,-0.00478,-0.00955,0.00481,0.0024,705.0,713.0,722.0,1970.0,1971.0,2383.0,681.0,681.0,671.0,-0.99756,0.06983,-0.13932,-0.99025,180,2017-06-27,266,458.0,0.09378,train
2016-10-05,bhsi_value,415.0,6.02828,417.0,419.0,421.0,422.0,422.0,418.0,415.0,425.0,420.0,358.0,419.71,2.6,419.07,2.6,421.9,5.79,406.5,19.28,382.94,37.86,-0.00481,-0.01673,0.0,-0.01198,699.0,705.0,739.0,2012.0,1970.0,2325.0,680.0,681.0,673.0,-0.99621,0.08698,-0.1733,-0.98487,180,2017-06-28,266,459.0,0.10077,train
2016-10-06,bhsi_value,413.0,6.02345,415.0,417.0,419.0,422.0,422.0,420.0,415.0,422.0,425.0,360.0,418.43,3.29,418.93,2.87,421.5,5.97,407.38,18.32,383.59,37.87,-0.00483,-0.02156,-0.00483,-0.02864,704.0,699.0,750.0,2218.0,2012.0,2298.0,678.0,680.0,674.0,-0.99457,0.1041,-0.20707,-0.97833,180,2017-06-29,266,464.0,0.11644,train
2016-10-07,bhsi_value,411.0,6.01859,413.0,415.0,417.0,421.0,422.0,421.0,416.0,420.0,428.0,361.0,416.86,3.8,418.57,3.46,420.93,6.13,408.22,17.3,384.22,37.85,-0.00485,-0.02641,-0.01209,-0.04053,717.0,704.0,751.0,2245.0,2218.0,2196.0,677.0,678.0,676.0,-0.99263,0.12119,-0.2406,-0.97062,180,2017-06-30,266,467.0,0.12774,train
2016-10-10,bhsi_value,410.0,6.01616,411.0,413.0,415.0,419.0,422.0,422.0,417.0,419.0,431.0,363.0,415.14,3.8,418.07,4.1,420.23,6.14,409.0,16.27,384.9,37.76,-0.00244,-0.02885,-0.01693,-0.04995,729.0,717.0,741.0,2235.0,2245.0,2067.0,677.0,677.0,676.0,-0.98506,0.17224,-0.33932,-0.94067,180,2017-07-03,266,468.0,0.13231,train
2016-10-11,bhsi_value,409.0,6.01372,410.0,411.0,413.0,417.0,421.0,422.0,418.0,417.0,432.0,366.0,413.43,3.46,417.43,4.72,419.47,6.06,409.72,15.27,385.61,37.6,-0.00244,-0.02892,-0.02177,-0.05471,745.0,729.0,726.0,2235.0,2235.0,2008.0,676.0,677.0,679.0,-0.98195,0.18916,-0.37148,-0.92844,180,2017-07-04,266,470.0,0.13902,train
2016-10-12,bhsi_value,408.0,6.01127,409.0,410.0,411.0,415.0,419.0,422.0,420.0,415.0,432.0,371.0,411.86,3.04,416.57,5.23,418.67,5.93,410.33,14.42,386.32,37.42,-0.00245,-0.0266,-0.02899,-0.05716,763.0,745.0,713.0,2154.0,2235.0,1971.0,674.0,676.0,681.0,-0.97855,0.20602,-0.4032,-0.91511,180,2017-07-05,266,470.0,0.14147,train
2016-10-13,bhsi_value,410.0,6.01616,408.0,409.0,410.0,413.0,417.0,422.0,421.0,415.0,433.0,376.0,410.86,2.23,415.79,5.33,417.9,5.5,410.9,13.71,387.12,37.14,0.00489,-0.01693,-0.02648,-0.05458,790.0,763.0,705.0,2018.0,2154.0,1970.0,673.0,674.0,681.0,-0.97486,0.22282,-0.43444,-0.9007,180,2017-07-06,266,470.0,0.13658,train
2016-10-14,bhsi_value,411.0,6.01859,410.0,408.0,409.0,411.0,415.0,421.0,422.0,415.0,432.0,379.0,410.29,1.48,415.0,5.17,417.2,4.98,411.43,13.07,388.0,36.76,0.00244,-0.00969,-0.02641,-0.04983,819.0,790.0,699.0,2018.0,2018.0,2012.0,674.0,673.0,680.0,-0.97088,0.23956,-0.46516,-0.88523,180,2017-07-07,266,471.0,0.13626,train
2016-10-17,bhsi_value,413.0,6.02345,411.0,410.0,408.0,410.0,413.0,419.0,422.0,415.0,429.0,383.0,410.29,1.48,414.36,4.8,416.67,4.52,411.93,12.53,388.96,36.28,0.00485,0.0,-0.02156,-0.03801,838.0,819.0,704.0,2003.0,2018.0,2218.0,676.0,674.0,678.0,-0.95723,0.28932,-0.55389,-0.83259,180,2017-07-10,266,474.0,0.13776,train
2016-10-18,bhsi_value,417.0,6.03309,413.0,411.0,410.0,409.0,411.0,417.0,422.0,416.0,425.0,386.0,411.14,2.8,414.0,4.39,416.4,4.25,412.45,12.08,390.01,35.69,0.00964,0.01449,-0.01192,-0.019,860.0,838.0,717.0,1950.0,2003.0,2245.0,678.0,676.0,677.0,-0.95211,0.30574,-0.5822,-0.81304,180,2017-07-11,266,477.0,0.13443,train
2016-10-19,bhsi_value,421.0,6.04263,417.0,413.0,411.0,408.0,410.0,415.0,422.0,417.0,422.0,390.0,412.71,4.37,413.93,4.27,416.37,4.21,412.97,11.77,391.17,34.99,0.00955,0.02648,-0.00237,-0.00237,885.0,860.0,729.0,1826.0,1950.0,2235.0,682.0,678.0,677.0,-0.94671,0.32208,-0.60983,-0.79253,180,2017-07-12,266,480.0,0.13115,train
2016-10-20,bhsi_value,424.0,6.04973,421.0,417.0,413.0,410.0,409.0,413.0,421.0,418.0,420.0,392.0,414.86,5.54,414.14,4.67,416.5,4.38,413.5,11.53,392.38,34.21,0.0071,0.03602,0.0071,0.00948,905.0,885.0,745.0,1637.0,1826.0,2235.0,691.0,682.0,676.0,-0.94103,0.33831,-0.63673,-0.77109,180,2017-07-13,266,484.0,0.13235,train
2016-10-21,bhsi_value,427.0,6.05678,424.0,421.0,417.0,411.0,408.0,411.0,419.0,420.0,419.0,396.0,417.57,6.14,414.71,5.62,416.77,4.75,414.02,11.43,393.63,33.37,0.00705,0.04552,0.01891,0.01891,915.0,905.0,763.0,1575.0,1637.0,2154.0,700.0,691.0,674.0,-0.93507,0.35445,-0.66288,-0.74873,180,2017-07-14,266,486.0,0.12942,train
2016-10-24,bhsi_value,428.0,6.05912,427.0,424.0,421.0,413.0,410.0,410.0,417.0,421.0,417.0,399.0,420.14,6.2,415.5,6.58,417.13,5.16,414.5,11.4,394.93,32.39,0.00234,0.04297,0.02604,0.02604,923.0,915.0,790.0,1471.0,1575.0,2018.0,705.0,700.0,673.0,-0.91555,0.40221,-0.73649,-0.67645,180,2017-07-17,266,489.0,0.13324,train
2016-10-25,bhsi_value,430.0,6.06379,428.0,427.0,424.0,417.0,411.0,409.0,415.0,422.0,415.0,401.0,422.86,5.74,416.57,7.56,417.63,5.64,414.98,11.43,396.24,31.38,0.00466,0.04519,0.03551,0.03551,925.0,923.0,819.0,1348.0,1471.0,2018.0,710.0,705.0,674.0,-0.90849,0.4179,-0.75932,-0.65071,180,2017-07-18,266,492.0,0.13469,train
2016-10-26,bhsi_value,430.0,6.06379,430.0,428.0,427.0,421.0,413.0,408.0,413.0,422.0,415.0,400.0,425.29,4.53,417.79,8.22,418.13,6.03,415.48,11.42,397.52,30.37,0.0,0.04034,0.04034,0.03551,925.0,925.0,838.0,1275.0,1348.0,2003.0,714.0,710.0,676.0,-0.90117,0.43347,-0.78126,-0.62421,180,2017-07-19,266,495.0,0.14077,train
2016-10-27,bhsi_value,432.0,6.06843,430.0,430.0,428.0,424.0,417.0,410.0,411.0,422.0,415.0,397.0,427.43,3.54,419.29,8.75,418.7,6.49,416.07,11.35,398.79,29.39,0.00464,0.03534,0.04983,0.04015,921.0,925.0,860.0,1248.0,1275.0,1950.0,719.0,714.0,678.0,-0.89358,0.44891,-0.80227,-0.59697,180,2017-07-20,266,497.0,0.14016,train
2016-10-28,bhsi_value,433.0,6.07074,432.0,430.0,430.0,427.0,421.0,411.0,410.0,422.0,415.0,395.0,429.14,2.85,420.93,9.0,419.3,6.94,416.7,11.22,400.02,28.45,0.00231,0.0281,0.05458,0.04246,913.0,921.0,885.0,1417.0,1248.0,1826.0,722.0,719.0,682.0,-0.88572,0.46421,-0.82233,-0.56902,180,2017-07-21,266,499.0,0.14187,train
2016-10-31,bhsi_value,435.0,6.07535,433.0,432.0,430.0,428.0,424.0,413.0,409.0,421.0,416.0,394.0,430.71,2.6,422.79,9.03,419.93,7.46,417.38,11.07,401.2,27.67,0.00461,0.02561,0.06163,0.04466,905.0,913.0,905.0,1534.0,1417.0,1637.0,722.0,722.0,691.0,-0.8606,0.50928,-0.87658,-0.48126,180,2017-07-24,266,500.0,0.13926,train
2016-11-01,bhsi_value,436.0,6.07764,435.0,433.0,432.0,430.0,427.0,417.0,408.0,419.0,417.0,392.0,432.0,2.67,424.79,8.63,420.57,7.97,418.12,10.81,402.37,26.89,0.0023,0.02086,0.06638,0.04456,895.0,905.0,915.0,1443.0,1534.0,1575.0,721.0,722.0,700.0,-0.85171,0.52401,-0.89261,-0.45083,180,2017-07-25,266,500.0,0.13697,train
2016-11-02,bhsi_value,434.0,6.07304,436.0,435.0,433.0,430.0,428.0,421.0,410.0,417.0,418.0,389.0,432.86,2.17,426.5,7.87,421.1,8.31,418.87,10.32,403.46,26.16,-0.0046,0.01392,0.05689,0.03756,885.0,895.0,923.0,1451.0,1443.0,1471.0,718.0,721.0,705.0,-0.84257,0.53858,-0.90759,-0.41986,180,2017-07-26,266,500.0,0.14156,train
2016-11-03,bhsi_value,434.0,6.07304,434.0,436.0,435.0,432.0,430.0,424.0,411.0,415.0,420.0,391.0,433.43,1.84,428.14,6.79,421.57,8.62,419.58,9.84,404.52,25.41,0.0,0.00926,0.05445,0.03279,886.0,885.0,925.0,1544.0,1451.0,1348.0,718.0,718.0,710.0,-0.83318,0.553,-0.9215,-0.38839,180,2017-07-27,266,500.0,0.14156,train
2016-11-04,bhsi_value,433.0,6.07074,434.0,434.0,436.0,433.0,430.0,427.0,413.0,413.0,421.0,394.0,433.86,1.25,429.57,5.42,421.97,8.86,420.23,9.41,405.53,24.7,-0.00231,0.00695,0.04729,0.0281,885.0,886.0,925.0,1593.0,1544.0,1275.0,716.0,718.0,714.0,-0.82355,0.56725,-0.93431,-0.35646,180,2017-07-28,266,498.0,0.13986,train
2016-11-07,bhsi_value,431.0,6.06611,433.0,434.0,434.0,435.0,432.0,428.0,417.0,411.0,422.0,396.0,433.71,1.48,430.57,4.15,422.27,9.01,420.82,8.96,406.5,23.97,-0.00463,-0.00232,0.03302,0.0211,889.0,885.0,921.0,1636.0,1593.0,1248.0,712.0,716.0,719.0,-0.79319,0.60897,-0.96606,-0.2583,180,2017-07-31,266,496.0,0.14047,train
2016-11-08,bhsi_value,431.0,6.06611,431.0,433.0,434.0,436.0,433.0,430.0,421.0,410.0,422.0,399.0,433.43,1.76,431.29,3.19,422.57,9.14,421.35,8.59,407.43,23.26,0.0,-0.00463,0.02348,0.0211,903.0,889.0,913.0,1786.0,1636.0,1417.0,708.0,712.0,722.0,-0.7826,0.62253,-0.97438,-0.22492,180,2017-08-01,266,492.0,0.13237,train
2016-11-09,bhsi_value,429.0,6.06146,431.0,431.0,433.0,434.0,435.0,430.0,424.0,409.0,422.0,403.0,432.57,2.19,431.64,2.58,422.8,9.21,421.78,8.3,408.32,22.53,-0.00465,-0.01389,0.01172,0.01645,927.0,903.0,905.0,1954.0,1786.0,1534.0,703.0,708.0,722.0,-0.77177,0.6359,-0.98154,-0.19127,180,2017-08-02,266,488.0,0.12886,train
2016-11-10,bhsi_value,430.0,6.06379,429.0,431.0,431.0,434.0,436.0,432.0,427.0,408.0,422.0,405.0,431.71,1.83,431.86,2.29,423.07,9.3,422.2,8.08,409.22,21.74,0.00233,-0.01386,0.007,0.01878,956.0,927.0,895.0,2010.0,1954.0,1443.0,703.0,703.0,721.0,-0.76072,0.64908,-0.98754,-0.15739,180,2017-08-03,266,482.0,0.11416,train
2016-11-11,bhsi_value,428.0,6.05912,430.0,429.0,431.0,433.0,434.0,433.0,428.0,410.0,421.0,407.0,430.86,1.96,431.86,2.29,423.3,9.34,422.55,7.86,410.07,20.96,-0.00466,-0.01392,0.0,0.01649,1011.0,956.0,885.0,2303.0,2010.0,1451.0,705.0,703.0,718.0,-0.74944,0.66207,-0.99237,-0.12333,180,2017-08-04,266,478.0,0.11049,train
2016-11-14,bhsi_value,433.0,6.07074,428.0,430.0,429.0,431.0,434.0,435.0,430.0,411.0,419.0,412.0,430.71,1.75,432.07,2.25,423.77,9.46,422.9,7.85,410.94,20.24,0.01161,-0.00231,0.00695,0.03287,1058.0,1011.0,886.0,2338.0,2303.0,1544.0,707.0,705.0,718.0,-0.71429,0.69985,-0.99979,-0.02043,180,2017-08-07,266,475.0,0.09258,train
2016-11-15,bhsi_value,436.0,6.07764,433.0,428.0,430.0,431.0,433.0,436.0,430.0,413.0,417.0,416.0,431.14,2.47,432.5,2.38,424.4,9.62,423.23,7.98,411.83,19.55,0.0069,0.0069,0.01386,0.04456,1162.0,1058.0,885.0,2282.0,2338.0,1593.0,713.0,707.0,716.0,-0.70215,0.71203,-0.9999,0.01398,180,2017-08-08,266,472.0,0.07934,train
2016-11-16,bhsi_value,443.0,6.09357,436.0,433.0,428.0,429.0,431.0,434.0,432.0,417.0,415.0,420.0,432.86,4.82,433.29,3.59,425.33,10.01,423.62,8.35,412.78,18.97,0.01593,0.02746,0.02514,0.06529,1263.0,1162.0,889.0,2441.0,2282.0,1636.0,722.0,713.0,712.0,-0.6898,0.724,-0.99883,0.04836,180,2017-08-09,266,467.0,0.05276,train
2016-11-17,bhsi_value,454.0,6.1181,443.0,436.0,433.0,430.0,431.0,434.0,433.0,421.0,413.0,425.0,436.14,8.71,434.79,6.43,426.7,10.99,424.1,9.22,413.82,18.62,0.02453,0.05199,0.04736,0.09465,1353.0,1263.0,903.0,2731.0,2441.0,1786.0,748.0,722.0,708.0,-0.67724,0.73576,-0.99658,0.08269,180,2017-08-10,266,466.0,0.02609,train
2016-11-18,bhsi_value,466.0,6.14419,454.0,443.0,436.0,428.0,429.0,433.0,435.0,424.0,411.0,428.0,441.43,12.96,437.0,10.3,428.53,12.67,424.73,10.65,414.99,18.57,0.02609,0.08273,0.06884,0.12559,1388.0,1353.0,927.0,2752.0,2731.0,1954.0,809.0,748.0,703.0,-0.66448,0.7473,-0.99314,0.11692,180,2017-08-11,266,466.0,0.0,train
2016-11-21,bhsi_value,477.0,6.16752,466.0,454.0,443.0,433.0,430.0,431.0,436.0,427.0,410.0,431.0,448.14,16.88,439.93,14.55,430.77,14.91,425.5,12.56,416.26,18.86,0.02333,0.10373,0.08987,0.15136,1387.0,1388.0,956.0,2638.0,2752.0,2010.0,835.0,809.0,703.0,-0.62505,0.78058,-0.97581,0.21863,180,2017-08-14,266,465.0,-0.02548,train
2016-11-22,bhsi_value,485.0,6.18415,477.0,466.0,454.0,436.0,428.0,431.0,434.0,428.0,409.0,432.0,456.29,18.84,443.57,18.47,433.3,17.27,426.38,14.67,417.58,19.46,0.01663,0.12503,0.1111,0.17043,1382.0,1387.0,1011.0,2598.0,2638.0,2303.0,852.0,835.0,705.0,-0.61153,0.79122,-0.96771,0.25206,180,2017-08-15,266,464.0,-0.04426,train
2016-11-23,bhsi_value,501.0,6.21661,485.0,477.0,466.0,443.0,433.0,429.0,434.0,430.0,408.0,432.0,466.0,21.65,448.36,23.39,436.4,20.5,427.53,17.5,419.02,20.73,0.03246,0.14587,0.14356,0.20534,1387.0,1382.0,1058.0,2507.0,2598.0,2338.0,874.0,852.0,707.0,-0.59783,0.80162,-0.95847,0.2852,180,2017-08-16,266,464.0,-0.07672,train
2016-11-24,bhsi_value,512.0,6.23832,501.0,485.0,477.0,454.0,436.0,430.0,433.0,430.0,410.0,433.0,476.86,22.9,454.0,28.07,439.8,24.0,428.85,20.57,420.53,22.42,0.02172,0.16068,0.16759,0.22217,1385.0,1387.0,1162.0,2374.0,2507.0,2282.0,897.0,874.0,713.0,-0.58395,0.81179,-0.94809,0.318,180,2017-08-17,266,465.0,-0.09629,train
2016-11-25,bhsi_value,520.0,6.25383,512.0,501.0,485.0,466.0,443.0,428.0,431.0,432.0,411.0,432.0,487.86,22.48,460.36,31.95,443.43,27.37,430.32,23.65,422.1,24.31,0.0155,0.16026,0.18772,0.23524,1389.0,1385.0,1263.0,2263.0,2374.0,2441.0,908.0,897.0,722.0,-0.5699,0.82171,-0.93659,0.35043,180,2017-08-18,266,465.0,-0.11179,train
2016-11-28,bhsi_value,527.0,6.2672,520.0,512.0,501.0,477.0,454.0,433.0,431.0,433.0,413.0,429.0,498.29,21.26,467.21,35.06,447.23,30.61,431.95,26.69,423.7,26.34,0.01337,0.1491,0.20109,0.24375,1400.0,1389.0,1353.0,2260.0,2263.0,2731.0,904.0,908.0,748.0,-0.52675,0.85002,-0.8955,0.44506,180,2017-08-21,266,466.0,-0.12301,train
2016-11-29,bhsi_value,532.0,6.27664,527.0,520.0,512.0,485.0,466.0,436.0,429.0,435.0,417.0,425.0,507.71,19.4,474.57,37.02,451.07,33.63,433.73,29.58,425.32,28.39,0.00944,0.13246,0.21519,0.24356,1424.0,1400.0,1388.0,2304.0,2260.0,2752.0,908.0,904.0,809.0,-0.51206,0.85895,-0.87966,0.4756,180,2017-08-22,266,468.0,-0.12818,train
2016-11-30,bhsi_value,537.0,6.286,532.0,527.0,520.0,501.0,477.0,443.0,430.0,436.0,421.0,422.0,516.29,17.05,482.21,38.06,454.93,36.5,435.65,32.35,426.96,30.46,0.00935,0.11848,0.22221,0.24337,1465.0,1424.0,1387.0,2263.0,2304.0,2638.0,912.0,908.0,835.0,-0.4972,0.86763,-0.86278,0.50558,180,2017-08-23,266,470.0,-0.13327,train
2016-12-01,bhsi_value,541.0,6.29342,537.0,532.0,527.0,512.0,485.0,454.0,428.0,434.0,424.0,420.0,524.29,13.2,490.29,37.69,458.83,39.14,437.67,34.98,428.61,32.5,0.00742,0.10927,0.2343,0.24369,1486.0,1465.0,1382.0,2206.0,2263.0,2598.0,917.0,912.0,852.0,-0.48221,0.87606,-0.84488,0.53496,180,2017-08-24,266,473.0,-0.13432,train
2016-12-02,bhsi_value,543.0,6.29711,541.0,537.0,532.0,520.0,501.0,466.0,433.0,434.0,427.0,419.0,530.29,10.52,498.14,36.37,462.7,41.47,439.73,37.4,430.24,34.45,0.00369,0.0805,0.22637,0.24033,1508.0,1486.0,1387.0,2193.0,2206.0,2507.0,921.0,917.0,874.0,-0.46706,0.88422,-0.82598,0.5637,180,2017-08-25,266,474.0,-0.1359,train
2016-12-05,bhsi_value,548.0,6.30628,543.0,541.0,537.0,527.0,512.0,477.0,436.0,433.0,428.0,417.0,535.43,9.02,506.14,34.07,466.7,43.66,441.92,39.76,431.9,36.43,0.00917,0.06795,0.22863,0.24715,1541.0,1508.0,1385.0,2137.0,2193.0,2374.0,929.0,921.0,897.0,-0.42083,0.90714,-0.7635,0.6458,180,2017-08-29,267,477.0,-0.13876,train
2016-12-06,bhsi_value,552.0,6.31355,548.0,543.0,541.0,532.0,520.0,485.0,443.0,431.0,430.0,415.0,540.0,8.11,513.93,31.07,470.77,45.68,444.2,42.01,433.58,38.4,0.00727,0.05972,0.21998,0.24976,1563.0,1541.0,1389.0,2067.0,2137.0,2263.0,934.0,929.0,908.0,-0.40516,0.91424,-0.74084,0.67168,180,2017-08-30,267,482.0,-0.1356,train
2016-12-07,bhsi_value,557.0,6.32257,552.0,548.0,543.0,537.0,527.0,501.0,454.0,431.0,430.0,415.0,544.29,8.03,521.29,28.06,475.0,47.56,446.57,44.24,435.32,40.35,0.00902,0.05536,0.20447,0.25878,1565.0,1563.0,1400.0,1935.0,2067.0,2260.0,941.0,934.0,904.0,-0.38938,0.92108,-0.7173,0.69677,180,2017-08-31,267,486.0,-0.13636,train
2016-12-08,bhsi_value,562.0,6.3315,557.0,552.0,548.0,541.0,532.0,512.0,466.0,429.0,432.0,415.0,548.57,8.33,528.14,25.3,479.33,49.33,449.02,46.44,437.16,42.27,0.00894,0.05486,0.18732,0.26308,1547.0,1565.0,1424.0,1724.0,1935.0,2304.0,957.0,941.0,908.0,-0.37348,0.92764,-0.6929,0.72103,180,2017-09-01,267,486.0,-0.14529,train
2016-12-09,bhsi_value,567.0,6.34036,562.0,557.0,552.0,543.0,537.0,520.0,477.0,430.0,433.0,415.0,552.86,8.97,534.57,22.8,483.8,50.97,451.55,48.61,439.07,44.16,0.00886,0.05436,0.17284,0.26962,1508.0,1547.0,1465.0,1575.0,1724.0,2263.0,966.0,957.0,912.0,-0.35746,0.93393,-0.66769,0.74444,180,2017-09-04,269,487.0,-0.1521,train
2016-12-12,bhsi_value,576.0,6.35611,567.0,562.0,557.0,548.0,541.0,527.0,485.0,428.0,435.0,416.0,557.86,10.58,541.07,20.61,488.5,52.73,454.22,50.92,441.09,46.18,0.01575,0.06269,0.17196,0.28076,1469.0,1508.0,1486.0,1464.0,1575.0,2206.0,968.0,966.0,917.0,-0.30881,0.95112,-0.58744,0.80927,180,2017-09-05,267,491.0,-0.15966,train
2016-12-13,bhsi_value,584.0,6.3699,576.0,567.0,562.0,552.0,543.0,532.0,501.0,433.0,436.0,417.0,563.71,11.98,547.0,20.16,493.43,54.48,457.0,53.32,443.22,48.25,0.01379,0.07279,0.15329,0.29226,1419.0,1469.0,1508.0,1404.0,1464.0,2193.0,972.0,968.0,921.0,-0.29241,0.95629,-0.55925,0.829,180,2017-09-06,267,494.0,-0.16737,train
2016-12-14,bhsi_value,590.0,6.38012,584.0,576.0,567.0,557.0,548.0,537.0,512.0,436.0,434.0,418.0,569.71,13.08,552.57,20.5,498.63,55.98,459.87,55.72,445.46,50.29,0.01022,0.07385,0.1418,0.30708,1332.0,1419.0,1541.0,1169.0,1404.0,2137.0,975.0,972.0,929.0,-0.27591,0.96118,-0.53041,0.84774,180,2017-09-07,267,499.0,-0.16752,train
2016-12-15,bhsi_value,596.0,6.39024,590.0,584.0,576.0,562.0,552.0,541.0,520.0,443.0,434.0,420.0,576.0,13.62,558.0,21.2,504.03,57.28,462.8,58.12,447.73,52.38,0.01012,0.07669,0.13641,0.3172,1234.0,1332.0,1563.0,1058.0,1169.0,2067.0,968.0,975.0,934.0,-0.25934,0.96579,-0.50093,0.86549,180,2017-09-08,267,504.0,-0.16766,train
2016-12-16,bhsi_value,600.0,6.39693,596.0,590.0,584.0,567.0,557.0,543.0,527.0,454.0,433.0,421.0,582.14,13.36,563.21,21.9,509.6,58.22,465.78,60.45,450.02,54.44,0.00669,0.07436,0.12973,0.32619,1126.0,1234.0,1565.0,1048.0,1058.0,1935.0,960.0,968.0,941.0,-0.24269,0.9701,-0.47086,0.88221,180,2017-09-11,269,509.0,-0.16448,train
2016-12-19,bhsi_value,605.0,6.40523,600.0,596.0,590.0,576.0,562.0,548.0,532.0,466.0,431.0,422.0,588.29,12.54,568.43,22.53,515.4,58.76,468.83,62.73,452.34,56.5,0.0083,0.07373,0.12858,0.33912,1037.0,1126.0,1547.0,1039.0,1048.0,1724.0,953.0,960.0,957.0,-0.19232,0.98133,-0.37746,0.92602,180,2017-09-12,267,513.0,-0.16495,train
2016-12-20,bhsi_value,605.0,6.40523,605.0,600.0,596.0,584.0,567.0,552.0,537.0,477.0,431.0,422.0,593.71,10.15,573.29,22.56,521.2,58.73,471.88,64.8,454.63,58.43,0.0,0.06487,0.11923,0.33912,976.0,1037.0,1508.0,1044.0,1039.0,1575.0,941.0,953.0,966.0,-0.17541,0.9845,-0.34539,0.93846,180,2017-09-13,267,520.0,-0.1514,train
2016-12-21,bhsi_value,604.0,6.40357,605.0,605.0,600.0,590.0,576.0,557.0,541.0,485.0,429.0,422.0,597.71,7.57,577.79,21.95,527.03,57.97,474.92,66.63,456.87,60.23,-0.00165,0.04747,0.11015,0.34212,905.0,976.0,1469.0,1144.0,1044.0,1464.0,926.0,941.0,968.0,-0.15845,0.98737,-0.3129,0.94979,180,2017-09-14,267,529.0,-0.13259,train
2016-12-22,bhsi_value,601.0,6.39859,604.0,605.0,605.0,596.0,584.0,562.0,543.0,501.0,430.0,422.0,600.14,5.11,581.93,20.41,532.73,56.54,477.9,68.18,459.04,61.84,-0.00498,0.02869,0.10149,0.33481,866.0,905.0,1419.0,1219.0,1144.0,1404.0,914.0,926.0,972.0,-0.14144,0.98995,-0.28004,0.95999,180,2017-09-15,267,536.0,-0.11446,train
2016-12-23,bhsi_value,597.0,6.39192,601.0,604.0,605.0,600.0,590.0,567.0,548.0,512.0,428.0,421.0,601.14,3.44,585.43,18.4,538.37,54.19,480.83,69.44,461.16,63.25,-0.00668,0.01179,0.08564,0.33279,852.0,866.0,1332.0,1385.0,1219.0,1169.0,903.0,914.0,975.0,-0.12439,0.99223,-0.24686,0.96905,180,2017-09-18,269,551.0,-0.08018,train
2017-01-03,bhsi_value,559.0,6.32615,597.0,601.0,604.0,605.0,596.0,576.0,552.0,520.0,433.0,419.0,595.86,15.29,585.93,17.56,542.57,50.63,483.17,69.68,462.79,63.86,-0.06577,-0.06409,0.0126,0.25541,811.0,852.0,1234.0,1538.0,1385.0,1058.0,843.0,903.0,968.0,0.05158,0.99867,0.10303,0.99468,180,2017-09-19,259,562.0,0.00535,train
2017-01-04,bhsi_value,539.0,6.28972,559.0,597.0,601.0,605.0,600.0,584.0,557.0,527.0,436.0,417.0,587.14,24.84,584.64,20.1,546.0,46.62,485.2,69.5,464.16,64.16,-0.03643,-0.10721,-0.03285,0.21207,807.0,811.0,1126.0,1674.0,1538.0,1048.0,820.0,843.0,960.0,0.06876,0.99763,0.13719,0.99055,180,2017-09-20,259,576.0,0.06639,train
2017-01-05,bhsi_value,521.0,6.25575,539.0,559.0,597.0,604.0,605.0,590.0,562.0,532.0,443.0,415.0,575.14,32.45,581.71,25.46,548.6,42.83,486.97,69.03,465.28,64.26,-0.03397,-0.14948,-0.07575,0.16218,837.0,807.0,1037.0,1759.0,1674.0,1039.0,795.0,820.0,953.0,0.08591,0.9963,0.17118,0.98524,180,2017-09-21,259,586.0,0.11757,train
2017-01-06,bhsi_value,508.0,6.23048,521.0,539.0,559.0,601.0,605.0,596.0,567.0,537.0,454.0,413.0,561.29,37.11,577.5,31.67,550.4,39.84,488.55,68.41,466.2,64.27,-0.02527,-0.17475,-0.10988,0.11238,892.0,837.0,976.0,1658.0,1759.0,1044.0,783.0,795.0,941.0,0.10303,0.99468,0.20497,0.97877,180,2017-09-22,259,596.0,0.15976,train
2017-01-09,bhsi_value,498.0,6.2106,508.0,521.0,539.0,597.0,604.0,600.0,576.0,541.0,466.0,411.0,546.14,38.2,571.93,37.73,551.47,37.95,490.0,67.67,466.98,64.23,-0.01988,-0.19297,-0.14551,0.06641,927.0,892.0,905.0,1598.0,1658.0,1144.0,772.0,783.0,926.0,0.1542,0.98804,0.30472,0.95244,180,2017-09-25,259,602.0,0.18966,train
2017-01-10,bhsi_value,489.0,6.19236,498.0,508.0,521.0,559.0,601.0,605.0,584.0,543.0,477.0,410.0,530.14,35.22,565.14,43.11,551.87,37.22,491.32,66.86,467.62,64.15,-0.01824,-0.20623,-0.17754,0.02485,973.0,927.0,866.0,1470.0,1598.0,1219.0,766.0,772.0,914.0,0.17118,0.98524,0.3373,0.9414,180,2017-09-26,259,607.0,0.21617,train
2017-01-11,bhsi_value,477.0,6.16752,489.0,498.0,508.0,539.0,597.0,605.0,590.0,548.0,485.0,409.0,513.0,26.67,557.07,48.0,551.6,37.72,492.45,66.03,468.12,64.05,-0.02485,-0.2244,-0.21261,-0.01663,1021.0,973.0,852.0,1326.0,1470.0,1385.0,758.0,766.0,903.0,0.1881,0.98215,0.36948,0.92924,180,2017-09-27,259,613.0,0.25085,train
2017-01-12,bhsi_value,466.0,6.14419,477.0,489.0,498.0,521.0,559.0,604.0,596.0,552.0,501.0,408.0,499.71,23.41,547.79,51.98,550.43,39.76,493.42,65.2,468.5,63.93,-0.02333,-0.18196,-0.24606,-0.07242,1038.0,1021.0,811.0,1294.0,1326.0,1538.0,748.0,758.0,843.0,0.20497,0.97877,0.40123,0.91598,180,2017-09-28,259,616.0,0.27906,train
2017-01-13,bhsi_value,459.0,6.12905,466.0,477.0,489.0,508.0,539.0,601.0,600.0,557.0,512.0,410.0,488.29,20.82,537.71,54.49,548.67,42.51,494.23,64.45,468.79,63.83,-0.01514,-0.16067,-0.26788,-0.10927,1042.0,1038.0,807.0,1383.0,1294.0,1674.0,739.0,748.0,820.0,0.22177,0.9751,0.4325,0.90163,180,2017-09-29,259,616.0,0.2942,train
2017-01-16,bhsi_value,455.0,6.1203,459.0,466.0,477.0,498.0,521.0,597.0,605.0,562.0,520.0,411.0,478.86,18.71,527.0,54.95,546.5,45.47,494.97,63.75,469.04,63.73,-0.00875,-0.13545,-0.28493,-0.13353,1039.0,1042.0,837.0,1468.0,1383.0,1759.0,733.0,739.0,795.0,0.27178,0.96236,0.52309,0.85227,180,2017-10-02,259,614.0,0.2997,train
2017-01-17,bhsi_value,451.0,6.11147,455.0,459.0,466.0,489.0,508.0,559.0,605.0,567.0,527.0,413.0,470.71,16.53,516.0,53.63,543.97,48.5,495.6,63.12,469.29,63.62,-0.00883,-0.11901,-0.29376,-0.15573,1019.0,1039.0,892.0,1509.0,1468.0,1658.0,730.0,733.0,783.0,0.28829,0.95754,0.5521,0.83378,180,2017-10-03,259,612.0,0.30526,train
2017-01-18,bhsi_value,448.0,6.10479,451.0,455.0,459.0,477.0,498.0,539.0,604.0,576.0,532.0,417.0,463.57,13.77,504.86,50.29,541.17,51.45,496.12,62.6,469.54,63.49,-0.00667,-0.10581,-0.29878,-0.17185,998.0,1019.0,927.0,1673.0,1509.0,1598.0,725.0,730.0,772.0,0.30472,0.95244,0.58045,0.81429,180,2017-10-04,259,609.0,0.30703,train
2017-01-19,bhsi_value,446.0,6.10032,448.0,451.0,455.0,466.0,489.0,521.0,601.0,584.0,537.0,421.0,457.43,10.18,493.79,44.65,538.13,54.21,496.53,62.18,469.81,63.34,-0.00447,-0.09204,-0.29828,-0.18568,981.0,998.0,973.0,1665.0,1673.0,1470.0,722.0,725.0,766.0,0.32106,0.94706,0.60812,0.79384,180,2017-10-05,259,607.0,0.30821,train
2017-01-20,bhsi_value,441.0,6.08904,446.0,448.0,451.0,459.0,477.0,508.0,597.0,590.0,541.0,424.0,452.29,7.81,482.64,36.16,534.8,56.94,496.82,61.88,470.04,63.19,-0.01127,-0.07847,-0.30287,-0.20437,970.0,981.0,1021.0,1610.0,1665.0,1326.0,718.0,722.0,758.0,0.3373,0.9414,0.63507,0.77246,180,2017-10-06,259,610.0,0.32441,train
2017-01-23,bhsi_value,437.0,6.07993,441.0,446.0,448.0,455.0,466.0,498.0,559.0,596.0,543.0,427.0,448.14,7.1,473.93,31.05,531.27,59.55,496.98,61.71,470.24,63.06,-0.00911,-0.06425,-0.24622,-0.21718,962.0,970.0,1038.0,1579.0,1610.0,1294.0,714.0,718.0,748.0,0.38541,0.92274,0.71128,0.70291,180,2017-10-09,259,613.0,0.33843,train
2017-01-24,bhsi_value,432.0,6.06843,437.0,441.0,446.0,451.0,459.0,489.0,539.0,600.0,548.0,428.0,444.29,7.48,466.29,27.0,527.4,62.05,497.05,61.64,470.41,62.94,-0.01151,-0.06062,-0.22129,-0.23785,964.0,962.0,1042.0,1466.0,1579.0,1383.0,708.0,714.0,739.0,0.40123,0.91598,0.73503,0.67803,180,2017-10-10,259,618.0,0.35806,train
2017-01-25,bhsi_value,428.0,6.05912,432.0,437.0,441.0,448.0,455.0,477.0,521.0,605.0,552.0,430.0,440.43,7.91,459.64,23.99,523.27,64.36,497.02,61.67,470.56,62.82,-0.0093,-0.06117,-0.19663,-0.25442,972.0,964.0,1039.0,1369.0,1466.0,1468.0,702.0,708.0,733.0,0.41693,0.90894,0.75792,0.65235,180,2017-10-11,259,623.0,0.37542,train
2017-01-26,bhsi_value,424.0,6.04973,428.0,432.0,437.0,446.0,451.0,466.0,508.0,605.0,557.0,430.0,436.57,8.38,453.64,21.52,518.83,66.43,496.92,61.79,470.66,62.74,-0.00939,-0.06173,-0.18075,-0.27283,973.0,972.0,1019.0,1287.0,1369.0,1509.0,696.0,702.0,730.0,0.4325,0.90163,0.77991,0.62589,180,2017-10-12,259,635.0,0.40389,train
2017-01-27,bhsi_value,419.0,6.03787,424.0,428.0,432.0,441.0,448.0,459.0,498.0,604.0,562.0,432.0,432.43,8.86,448.0,19.41,514.07,68.27,496.7,62.04,470.7,62.7,-0.01186,-0.06692,-0.17273,-0.29363,968.0,973.0,998.0,1239.0,1287.0,1673.0,692.0,696.0,725.0,0.44794,0.89406,0.80098,0.59869,180,2017-10-13,259,649.0,0.43756,train
2017-01-30,bhsi_value,415.0,6.02828,419.0,424.0,428.0,437.0,446.0,455.0,489.0,601.0,567.0,433.0,428.0,8.72,442.71,17.5,509.0,69.78,496.4,62.39,470.7,62.7,-0.00959,-0.07204,-0.16408,-0.31208,964.0,968.0,981.0,1205.0,1239.0,1665.0,688.0,692.0,722.0,0.49347,0.86976,0.8584,0.51298,180,2017-10-16,259,656.0,0.45788,train
2017-01-31,bhsi_value,402.0,5.99645,415.0,419.0,424.0,432.0,441.0,451.0,477.0,597.0,576.0,435.0,422.43,10.83,437.36,17.67,503.2,71.18,495.85,63.07,470.54,62.86,-0.03183,-0.09259,-0.17106,-0.35966,951.0,964.0,970.0,1167.0,1205.0,1610.0,679.0,688.0,718.0,0.50836,0.86115,0.87554,0.48315,180,2017-10-17,259,663.0,0.50032,train
2017-02-01,bhsi_value,395.0,5.97889,402.0,415.0,419.0,428.0,437.0,448.0,466.0,559.0,584.0,436.0,416.43,12.59,432.29,18.87,496.9,72.11,495.17,63.93,470.3,63.11,-0.01757,-0.10105,-0.1653,-0.39102,933.0,951.0,962.0,1122.0,1167.0,1579.0,674.0,679.0,714.0,0.52309,0.85227,0.89164,0.45274,180,2017-10-18,259,666.0,0.5224,train
2017-02-02,bhsi_value,386.0,5.95584,395.0,402.0,415.0,424.0,432.0,446.0,459.0,539.0,590.0,434.0,409.86,14.59,427.07,20.76,490.1,72.63,494.37,64.98,469.94,63.49,-0.02305,-0.11259,-0.17321,-0.42429,926.0,933.0,964.0,1064.0,1122.0,1466.0,670.0,674.0,708.0,0.53768,0.84315,0.90669,0.42181,180,2017-10-19,259,673.0,0.55591,train
2017-02-03,bhsi_value,382.0,5.94542,386.0,395.0,402.0,419.0,428.0,441.0,455.0,521.0,596.0,434.0,403.29,15.29,421.86,22.2,482.97,72.38,493.5,66.12,469.52,63.94,-0.01042,-0.1137,-0.17488,-0.44482,922.0,926.0,972.0,981.0,1064.0,1369.0,667.0,670.0,702.0,0.5521,0.83378,0.92066,0.39037,180,2017-10-20,259,679.0,0.5752,train
2017-02-06,bhsi_value,377.0,5.93225,382.0,386.0,395.0,415.0,424.0,437.0,451.0,508.0,600.0,433.0,396.57,15.03,416.57,23.41,475.53,71.43,492.57,67.35,469.03,64.48,-0.01318,-0.11749,-0.17922,-0.46468,922.0,922.0,973.0,911.0,981.0,1287.0,665.0,667.0,696.0,0.59438,0.80419,0.95598,0.29343,180,2017-10-23,259,683.0,0.59425,train
2017-02-07,bhsi_value,375.0,5.92693,377.0,382.0,386.0,402.0,419.0,432.0,448.0,498.0,605.0,431.0,390.29,13.46,411.36,23.95,467.87,69.44,491.63,68.57,468.51,65.05,-0.00532,-0.11094,-0.17787,-0.4783,931.0,922.0,968.0,803.0,911.0,1239.0,663.0,665.0,692.0,0.60812,0.79384,0.96551,0.26038,180,2017-10-24,259,687.0,0.60541,train
2017-02-08,bhsi_value,378.0,5.93489,375.0,377.0,382.0,395.0,415.0,428.0,446.0,489.0,605.0,431.0,385.0,9.35,406.5,23.32,460.3,66.38,490.75,69.68,468.02,65.56,0.00797,-0.09338,-0.16542,-0.47033,934.0,931.0,964.0,725.0,803.0,1205.0,665.0,663.0,688.0,0.62169,0.78327,0.97389,0.22701,180,2017-10-25,259,690.0,0.6018,train
2017-02-09,bhsi_value,377.0,5.93225,378.0,375.0,377.0,386.0,402.0,424.0,441.0,477.0,604.0,429.0,381.43,6.52,401.93,22.37,452.73,62.39,489.88,70.76,467.52,66.08,-0.00265,-0.06421,-0.1568,-0.47133,940.0,934.0,951.0,728.0,725.0,1167.0,668.0,665.0,679.0,0.63507,0.77246,0.98112,0.19338,180,2017-10-26,259,688.0,0.60154,train
2017-02-10,bhsi_value,377.0,5.93225,377.0,378.0,375.0,382.0,395.0,419.0,437.0,466.0,601.0,430.0,378.86,3.52,397.64,20.94,445.27,57.4,489.0,71.82,467.02,66.59,0.0,-0.04664,-0.14769,-0.46635,943.0,940.0,933.0,687.0,728.0,1122.0,672.0,668.0,674.0,0.64826,0.76142,0.9872,0.15951,180,2017-10-27,259,687.0,0.60009,train
2017-02-13,bhsi_value,376.0,5.92959,377.0,377.0,378.0,377.0,386.0,415.0,432.0,459.0,597.0,428.0,377.43,2.06,393.64,19.27,437.9,51.31,488.13,72.86,466.52,67.1,-0.00266,-0.02625,-0.13884,-0.46233,944.0,943.0,926.0,609.0,687.0,1064.0,676.0,672.0,670.0,0.68668,0.72696,0.99838,0.05695,180,2017-10-30,259,685.0,0.59983,train
2017-02-14,bhsi_value,379.0,5.93754,376.0,377.0,377.0,375.0,382.0,402.0,428.0,455.0,559.0,433.0,377.0,1.2,390.14,17.04,431.9,47.16,487.23,73.86,466.08,67.54,0.00795,-0.00788,-0.12159,-0.38861,939.0,944.0,922.0,567.0,609.0,981.0,681.0,676.0,667.0,0.69908,0.71504,0.99975,0.02258,180,2017-10-31,259,679.0,0.58308,train
2017-02-15,bhsi_value,382.0,5.94542,379.0,376.0,377.0,378.0,377.0,395.0,424.0,451.0,539.0,436.0,377.71,2.12,387.14,14.29,426.67,43.56,486.33,74.8,465.69,67.92,0.00788,0.01318,-0.10431,-0.34429,933.0,939.0,922.0,556.0,567.0,911.0,689.0,681.0,665.0,0.71128,0.70291,0.99993,-0.01183,180,2017-11-01,259,673.0,0.56632,train
2017-02-16,bhsi_value,387.0,5.95842,382.0,379.0,376.0,377.0,375.0,386.0,419.0,448.0,521.0,443.0,379.43,3.58,384.86,11.24,422.2,40.41,485.4,75.68,465.38,68.22,0.013,0.0315,-0.07945,-0.29733,923.0,933.0,931.0,620.0,556.0,803.0,707.0,689.0,663.0,0.72326,0.69057,0.99893,-0.04622,180,2017-11-02,259,668.0,0.54586,train
2017-02-17,bhsi_value,391.0,5.96871,387.0,382.0,379.0,377.0,378.0,382.0,415.0,446.0,508.0,454.0,381.29,5.31,383.14,7.83,418.3,37.48,484.35,76.54,465.13,68.44,0.01028,0.03381,-0.05957,-0.26177,917.0,923.0,934.0,739.0,620.0,725.0,729.0,707.0,665.0,0.73503,0.67803,0.99675,-0.08055,180,2017-11-03,259,664.0,0.52957,train
2017-02-20,bhsi_value,396.0,5.98141,391.0,387.0,382.0,376.0,377.0,377.0,402.0,441.0,498.0,466.0,384.0,7.01,382.71,6.89,414.9,34.61,483.18,77.34,464.97,68.59,0.01271,0.04917,-0.01504,-0.22919,909.0,917.0,940.0,791.0,739.0,728.0,747.0,729.0,668.0,0.76903,0.63921,0.98315,-0.18282,180,2017-11-06,259,661.0,0.51234,train
2017-02-21,bhsi_value,402.0,5.99645,396.0,391.0,387.0,379.0,377.0,375.0,395.0,437.0,489.0,477.0,387.57,8.7,383.21,7.94,412.0,31.82,481.93,78.04,464.88,68.67,0.01504,0.06421,0.01757,-0.19591,906.0,909.0,943.0,856.0,791.0,687.0,764.0,747.0,672.0,0.77991,0.62589,0.97628,-0.21653,180,2017-11-07,259,658.0,0.49275,train
2017-02-22,bhsi_value,410.0,6.01616,402.0,396.0,391.0,382.0,376.0,378.0,386.0,432.0,477.0,485.0,392.43,10.24,384.93,10.53,409.77,29.44,480.68,78.58,464.89,68.66,0.01971,0.08657,0.06032,-0.15136,908.0,906.0,944.0,951.0,856.0,609.0,783.0,764.0,676.0,0.79056,0.61238,0.96825,-0.24998,180,2017-11-08,259,654.0,0.46695,train
2017-02-23,bhsi_value,420.0,6.04025,410.0,402.0,396.0,387.0,379.0,377.0,382.0,428.0,466.0,501.0,398.29,12.38,387.64,13.81,408.23,27.61,479.33,78.91,465.02,68.56,0.0241,0.10272,0.09483,-0.10393,927.0,908.0,939.0,1134.0,951.0,567.0,797.0,783.0,681.0,0.80098,0.59869,0.95908,-0.28314,180,2017-11-09,259,648.0,0.43364,train
2017-02-24,bhsi_value,428.0,6.05912,420.0,410.0,402.0,391.0,382.0,377.0,377.0,424.0,459.0,512.0,404.86,14.09,391.29,16.9,407.2,26.24,477.93,79.06,465.22,68.43,0.01887,0.1137,0.12688,-0.06993,947.0,927.0,933.0,1165.0,1134.0,556.0,809.0,797.0,689.0,0.81116,0.58482,0.94877,-0.31596,180,2017-11-10,259,644.0,0.40858,train
2017-02-27,bhsi_value,436.0,6.07764,428.0,420.0,410.0,396.0,387.0,376.0,375.0,419.0,455.0,520.0,411.86,15.57,395.64,19.76,406.57,25.29,476.53,79.05,465.5,68.26,0.01852,0.11922,0.15072,-0.04266,966.0,947.0,923.0,1151.0,1165.0,620.0,817.0,809.0,707.0,0.84025,0.5422,0.91117,-0.41203,180,2017-11-13,259,642.0,0.38695,train
2017-02-28,bhsi_value,444.0,6.09582,436.0,428.0,420.0,402.0,391.0,379.0,378.0,415.0,451.0,527.0,419.43,16.45,400.36,22.65,406.33,24.91,475.15,78.88,465.84,68.07,0.01818,0.12712,0.16093,-0.01564,995.0,966.0,917.0,1021.0,1151.0,739.0,825.0,817.0,729.0,0.84945,0.52767,0.89646,-0.44313,180,2017-11-14,259,640.0,0.36564,train
2017-03-01,bhsi_value,451.0,6.11147,444.0,436.0,428.0,410.0,396.0,382.0,377.0,402.0,448.0,532.0,427.29,16.52,405.64,25.09,406.43,25.08,473.8,78.59,466.22,67.89,0.01564,0.13005,0.17922,0.00667,1041.0,995.0,909.0,994.0,1021.0,791.0,833.0,825.0,747.0,0.8584,0.51298,0.88068,-0.47371,180,2017-11-15,259,637.0,0.3453,train
2017-03-02,bhsi_value,457.0,6.12468,451.0,444.0,436.0,420.0,402.0,387.0,377.0,395.0,446.0,537.0,435.14,15.68,411.36,26.95,406.8,25.73,472.47,78.18,466.62,67.73,0.01322,0.12823,0.19244,0.02436,1084.0,1041.0,906.0,1097.0,994.0,856.0,840.0,833.0,764.0,0.8671,0.49814,0.86387,-0.50372,180,2017-11-16,259,634.0,0.32737,train
2017-03-03,bhsi_value,462.0,6.13556,457.0,451.0,444.0,428.0,410.0,391.0,376.0,386.0,441.0,541.0,442.57,14.26,417.5,27.98,407.5,26.91,471.15,77.68,467.04,67.58,0.01088,0.11941,0.20598,0.04652,1118.0,1084.0,908.0,1227.0,1097.0,951.0,846.0,840.0,783.0,0.87554,0.48315,0.84603,-0.53314,180,2017-11-17,259,630.0,0.31015,train
2017-03-06,bhsi_value,468.0,6.14847,462.0,457.0,451.0,436.0,420.0,396.0,379.0,382.0,437.0,543.0,449.43,13.26,423.86,28.61,408.53,28.56,469.9,77.12,467.5,67.45,0.0129,0.10821,0.21093,0.06854,1154.0,1118.0,927.0,1345.0,1227.0,1134.0,852.0,846.0,797.0,0.8993,0.43734,0.7866,-0.61747,180,2017-11-20,259,628.0,0.29407,train
2017-03-07,bhsi_value,477.0,6.16752,468.0,462.0,457.0,444.0,428.0,402.0,382.0,377.0,432.0,548.0,456.43,13.04,430.64,29.14,410.03,30.85,468.72,76.45,468.04,67.32,0.01905,0.10839,0.2221,0.09909,1194.0,1154.0,947.0,1556.0,1345.0,1165.0,861.0,852.0,809.0,0.90669,0.42181,0.76489,-0.64416,180,2017-11-21,259,625.0,0.27024,train
2017-03-08,bhsi_value,485.0,6.18415,477.0,468.0,462.0,451.0,436.0,410.0,387.0,375.0,428.0,552.0,463.43,13.34,437.64,29.58,411.93,33.53,467.6,75.71,468.66,67.23,0.01663,0.10651,0.22572,0.12503,1220.0,1194.0,966.0,1578.0,1556.0,1151.0,868.0,861.0,817.0,0.91381,0.40615,0.74228,-0.67009,180,2017-11-22,259,624.0,0.252,train
2017-03-09,bhsi_value,491.0,6.19644,485.0,477.0,468.0,457.0,444.0,420.0,391.0,378.0,424.0,557.0,470.14,13.69,444.79,29.53,414.17,36.37,466.5,74.88,469.33,67.14,0.0123,0.10062,0.22774,0.14671,1220.0,1220.0,995.0,1678.0,1578.0,1021.0,872.0,868.0,825.0,0.92066,0.39037,0.71879,-0.69523,180,2017-11-23,259,622.0,0.2365,train
2017-03-10,bhsi_value,495.0,6.20456,491.0,485.0,477.0,462.0,451.0,428.0,396.0,377.0,419.0,562.0,476.43,13.56,451.86,28.85,416.7,39.16,465.38,73.94,470.03,67.08,0.00811,0.09309,0.22314,0.16669,1211.0,1220.0,1041.0,1789.0,1678.0,994.0,874.0,872.0,833.0,0.92724,0.37447,0.69445,-0.71954,180,2017-11-24,259,620.0,0.22516,train
2017-03-13,bhsi_value,499.0,6.21261,495.0,491.0,485.0,468.0,457.0,436.0,402.0,377.0,415.0,567.0,482.43,12.92,458.79,27.66,419.5,41.85,464.25,72.89,470.77,67.03,0.00805,0.08792,0.21615,0.18433,1207.0,1211.0,1084.0,1843.0,1789.0,1097.0,875.0,874.0,840.0,0.94532,0.32614,0.61662,-0.78726,180,2017-11-27,259,619.0,0.2155,train
2017-03-14,bhsi_value,502.0,6.2186,499.0,495.0,491.0,477.0,462.0,444.0,410.0,376.0,402.0,576.0,488.14,11.37,465.36,26.18,422.83,44.24,463.02,71.6,471.51,67.0,0.00599,0.08304,0.20244,0.22215,1185.0,1207.0,1118.0,1929.0,1843.0,1227.0,877.0,875.0,846.0,0.95079,0.30983,0.58918,-0.808,180,2017-11-28,259,620.0,0.21112,train
2017-03-15,bhsi_value,505.0,6.22456,502.0,499.0,495.0,485.0,468.0,451.0,420.0,379.0,395.0,584.0,493.43,9.16,471.43,24.78,426.5,46.29,461.7,70.07,472.28,66.98,0.00596,0.07609,0.1843,0.24567,1150.0,1185.0,1154.0,2136.0,1929.0,1345.0,877.0,877.0,852.0,0.95598,0.29343,0.56103,-0.82779,180,2017-11-29,259,622.0,0.20838,train
2017-03-16,bhsi_value,508.0,6.23048,505.0,502.0,499.0,491.0,477.0,457.0,428.0,382.0,386.0,590.0,497.86,7.49,477.14,23.28,430.57,47.89,460.33,68.34,473.1,66.96,0.00592,0.06296,0.17136,0.27464,1129.0,1150.0,1194.0,2265.0,2136.0,1556.0,877.0,877.0,861.0,0.96089,0.27695,0.53223,-0.8466,180,2017-11-30,259,623.0,0.20407,train
2017-03-17,bhsi_value,508.0,6.23048,508.0,505.0,502.0,495.0,485.0,462.0,436.0,387.0,382.0,596.0,501.14,6.03,482.29,21.51,434.77,48.95,458.87,66.32,473.92,66.93,0.0,0.04633,0.15284,0.28506,1108.0,1129.0,1220.0,2413.0,2265.0,1578.0,879.0,877.0,868.0,0.96551,0.26038,0.50279,-0.86441,180,2017-12-01,259,626.0,0.20887,train
2017-03-20,bhsi_value,510.0,6.23441,508.0,508.0,505.0,499.0,491.0,468.0,444.0,391.0,377.0,600.0,503.86,5.05,487.0,19.77,439.2,49.54,457.37,64.1,474.78,66.89,0.00393,0.03797,0.13859,0.30217,1103.0,1108.0,1220.0,2466.0,2413.0,1678.0,884.0,879.0,872.0,0.97765,0.21022,0.41105,-0.91161,180,2017-12-04,259,626.0,0.20494,train
2017-03-21,bhsi_value,512.0,6.23832,510.0,508.0,508.0,502.0,495.0,477.0,451.0,396.0,375.0,605.0,506.29,4.23,491.36,17.99,443.77,49.73,455.82,61.58,475.68,66.84,0.00391,0.03377,0.12686,0.3114,1101.0,1103.0,1211.0,2441.0,2466.0,1789.0,886.0,884.0,874.0,0.98112,0.19338,0.37945,-0.92521,180,2017-12-05,259,628.0,0.20422,train
2017-03-22,bhsi_value,516.0,6.24611,512.0,510.0,508.0,505.0,499.0,485.0,457.0,402.0,378.0,605.0,508.71,4.23,495.57,16.28,448.37,49.81,454.33,58.99,476.62,66.81,0.00778,0.0335,0.12142,0.31121,1119.0,1101.0,1207.0,2378.0,2441.0,1843.0,888.0,886.0,875.0,0.98431,0.17647,0.3474,-0.93772,180,2017-12-06,259,629.0,0.19802,train
2017-03-23,bhsi_value,521.0,6.25575,516.0,512.0,510.0,508.0,502.0,491.0,462.0,410.0,377.0,604.0,511.43,5.07,499.79,14.6,453.17,49.64,452.95,56.38,477.64,66.77,0.00964,0.03715,0.12019,0.3235,1170.0,1119.0,1185.0,2345.0,2378.0,1929.0,892.0,888.0,877.0,0.9872,0.15951,0.31494,-0.94911,180,2017-12-07,259,630.0,0.18997,train
2017-03-24,bhsi_value,526.0,6.2653,521.0,516.0,512.0,508.0,505.0,495.0,468.0,420.0,377.0,601.0,514.43,6.41,503.93,13.14,458.13,49.23,451.7,53.86,478.71,66.77,0.00955,0.04074,0.11683,0.33306,1218.0,1170.0,1150.0,2482.0,2345.0,2136.0,896.0,892.0,877.0,0.98979,0.14251,0.28211,-0.95938,180,2017-12-08,259,631.0,0.182,train
2017-03-27,bhsi_value,530.0,6.27288,526.0,521.0,516.0,510.0,508.0,499.0,477.0,428.0,376.0,597.0,517.57,7.74,507.71,12.46,463.27,48.42,450.58,51.47,479.84,66.77,0.00758,0.0424,0.10536,0.34329,1253.0,1218.0,1129.0,2620.0,2482.0,2265.0,895.0,896.0,877.0,0.99583,0.09126,0.18176,-0.98334,180,2017-12-11,259,632.0,0.17601,train
2017-03-28,bhsi_value,535.0,6.28227,530.0,526.0,521.0,512.0,508.0,502.0,485.0,436.0,379.0,559.0,521.43,8.68,511.29,12.6,468.47,47.45,450.18,50.72,480.98,66.83,0.00939,0.05179,0.09812,0.34473,1306.0,1253.0,1108.0,2765.0,2620.0,2413.0,893.0,895.0,879.0,0.99725,0.07412,0.14783,-0.98901,180,2017-12-12,259,633.0,0.1682,train
2017-03-29,bhsi_value,538.0,6.28786,535.0,530.0,526.0,516.0,510.0,505.0,491.0,444.0,382.0,539.0,525.43,8.94,514.64,13.0,473.67,46.23,450.17,50.69,482.11,66.92,0.00559,0.05345,0.09141,0.34244,1346.0,1306.0,1103.0,2755.0,2765.0,2466.0,885.0,893.0,884.0,0.99838,0.05695,0.11372,-0.99351,180,2017-12-13,259,633.0,0.16261,train
2017-03-30,bhsi_value,539.0,6.28972,538.0,535.0,530.0,521.0,512.0,508.0,495.0,451.0,387.0,521.0,529.29,8.1,517.79,13.19,478.73,44.76,450.47,51.16,483.18,67.05,0.00186,0.05139,0.08516,0.33129,1366.0,1346.0,1101.0,2690.0,2755.0,2441.0,882.0,885.0,886.0,0.99921,0.03977,0.07948,-0.99684,180,2017-12-14,259,635.0,0.16391,train
2017-03-31,bhsi_value,540.0,6.29157,539.0,538.0,535.0,526.0,516.0,508.0,499.0,457.0,391.0,508.0,532.71,6.71,520.71,13.25,483.7,42.98,451.0,51.92,484.13,67.24,0.00185,0.04546,0.07896,0.32286,1374.0,1366.0,1119.0,2597.0,2690.0,2378.0,881.0,882.0,888.0,0.99975,0.02258,0.04514,-0.99898,180,2017-12-15,259,636.0,0.16363,train
2017-04-03,bhsi_value,541.0,6.29342,540.0,539.0,538.0,530.0,521.0,510.0,502.0,462.0,396.0,498.0,535.57,5.21,523.5,13.12,488.53,40.95,451.72,52.85,484.97,67.48,0.00185,0.03767,0.07482,0.31201,1379.0,1374.0,1170.0,2518.0,2597.0,2345.0,882.0,881.0,892.0,0.99958,-0.02903,-0.05803,-0.99832,180,2017-12-18,259,637.0,0.16335,train
2017-04-04,bhsi_value,542.0,6.29527,541.0,540.0,539.0,535.0,526.0,512.0,505.0,468.0,402.0,489.0,537.86,3.83,526.14,12.85,493.2,38.74,452.6,53.9,485.69,67.74,0.00185,0.02996,0.07071,0.29881,1377.0,1379.0,1218.0,2382.0,2518.0,2482.0,881.0,882.0,896.0,0.99893,-0.04622,-0.09233,-0.99573,180,2017-12-19,259,636.0,0.15993,train
2017-04-05,bhsi_value,543.0,6.29711,542.0,541.0,540.0,538.0,530.0,516.0,508.0,477.0,410.0,477.0,539.71,2.49,528.64,12.48,497.63,36.51,453.7,55.04,486.33,68.0,0.00184,0.02423,0.06663,0.28095,1371.0,1377.0,1253.0,2229.0,2382.0,2620.0,880.0,881.0,895.0,0.99799,-0.06339,-0.12653,-0.99196,180,2017-12-20,259,632.0,0.15178,train
2017-04-06,bhsi_value,545.0,6.30079,543.0,542.0,541.0,539.0,535.0,521.0,508.0,485.0,420.0,466.0,541.14,2.23,531.29,11.72,501.8,34.49,455.02,56.25,486.82,68.26,0.00368,0.01852,0.0703,0.26053,1387.0,1371.0,1306.0,2184.0,2229.0,2765.0,882.0,880.0,893.0,0.99675,-0.08055,-0.16057,-0.98702,180,2017-12-21,259,627.0,0.14016,train
2017-04-07,bhsi_value,547.0,6.30445,545.0,543.0,542.0,540.0,538.0,526.0,510.0,491.0,428.0,459.0,542.43,2.61,533.93,10.75,505.77,32.56,456.48,57.47,487.21,68.5,0.00366,0.01659,0.07004,0.24533,1427.0,1387.0,1346.0,2173.0,2184.0,2755.0,886.0,882.0,885.0,0.99522,-0.09768,-0.19443,-0.98092,180,2017-12-22,259,625.0,0.1333,train
2017-04-10,bhsi_value,549.0,6.3081,547.0,545.0,543.0,541.0,539.0,530.0,512.0,495.0,436.0,455.0,543.86,3.04,536.57,9.51,509.53,30.76,458.05,58.68,487.53,68.73,0.00365,0.01838,0.06977,0.23046,1466.0,1427.0,1366.0,2165.0,2173.0,2690.0,888.0,886.0,882.0,0.98885,-0.14889,-0.29446,-0.95566,180,2018-01-02,267,612.0,0.10863,train
2017-04-11,bhsi_value,552.0,6.31355,549.0,547.0,545.0,542.0,540.0,535.0,516.0,499.0,444.0,451.0,545.57,3.7,539.14,8.41,513.13,29.16,459.73,59.89,487.81,68.93,0.00545,0.02198,0.06744,0.21772,1533.0,1466.0,1374.0,2227.0,2165.0,2597.0,891.0,888.0,881.0,0.98615,-0.16588,-0.32716,-0.94497,180,2018-01-03,267,607.0,0.09498,train
2017-04-12,bhsi_value,554.0,6.31716,552.0,549.0,547.0,543.0,541.0,538.0,521.0,502.0,451.0,448.0,547.43,4.17,541.5,7.58,516.57,27.66,461.5,61.07,488.06,69.13,0.00362,0.02375,0.06141,0.2057,1583.0,1533.0,1379.0,2252.0,2227.0,2518.0,893.0,891.0,882.0,0.98315,-0.18282,-0.35947,-0.93316,180,2018-01-04,267,604.0,0.08641,train
2017-04-13,bhsi_value,560.0,6.32794,554.0,552.0,549.0,545.0,542.0,539.0,526.0,505.0,457.0,446.0,550.0,5.4,543.93,7.67,520.0,26.42,463.4,62.32,488.31,69.35,0.01077,0.03267,0.06264,0.20325,1611.0,1583.0,1377.0,2249.0,2252.0,2382.0,899.0,893.0,881.0,0.97986,-0.1997,-0.39136,-0.92024,180,2018-01-05,267,600.0,0.06899,train
2017-04-18,bhsi_value,563.0,6.33328,560.0,554.0,552.0,547.0,543.0,540.0,530.0,508.0,462.0,441.0,552.86,6.17,546.29,8.08,523.37,25.22,465.43,63.53,488.56,69.58,0.00534,0.03617,0.0604,0.19771,1621.0,1611.0,1371.0,2220.0,2249.0,2229.0,898.0,899.0,880.0,0.95908,-0.28314,-0.54311,-0.83966,180,2018-01-08,265,594.0,0.0536,train
2017-04-19,bhsi_value,568.0,6.34212,563.0,560.0,554.0,549.0,545.0,541.0,535.0,508.0,468.0,437.0,556.14,7.16,548.64,9.19,526.7,24.28,467.62,64.76,488.83,69.84,0.00884,0.04134,0.05985,0.19365,1612.0,1621.0,1387.0,2130.0,2220.0,2184.0,900.0,898.0,882.0,0.95407,-0.29959,-0.57167,-0.82049,180,2018-01-09,265,592.0,0.04139,train
2017-04-20,bhsi_value,572.0,6.34914,568.0,563.0,560.0,552.0,547.0,542.0,538.0,510.0,477.0,432.0,559.71,7.91,551.07,10.46,529.87,23.78,469.95,65.94,489.1,70.11,0.00702,0.04469,0.06128,0.18162,1553.0,1612.0,1427.0,1991.0,2130.0,2173.0,899.0,900.0,886.0,0.94877,-0.31596,-0.59955,-0.80034,180,2018-01-10,265,589.0,0.02929,train
2017-04-21,bhsi_value,575.0,6.35437,572.0,568.0,563.0,554.0,549.0,543.0,539.0,512.0,485.0,428.0,563.43,8.1,553.64,11.54,532.87,23.6,472.4,67.06,489.36,70.38,0.00523,0.04627,0.06465,0.17022,1494.0,1553.0,1466.0,1830.0,1991.0,2165.0,895.0,899.0,888.0,0.9432,-0.33224,-0.62673,-0.77924,180,2018-01-11,265,587.0,0.02065,train
2017-04-24,bhsi_value,577.0,6.35784,575.0,572.0,568.0,560.0,552.0,545.0,540.0,516.0,491.0,424.0,567.0,7.78,556.29,12.33,535.73,23.57,474.95,68.07,489.58,70.63,0.00347,0.04429,0.06627,0.1614,1429.0,1494.0,1533.0,1780.0,1830.0,2227.0,892.0,895.0,891.0,0.9248,-0.38045,-0.70368,-0.71052,180,2018-01-12,263,587.0,0.01718,train
2017-04-25,bhsi_value,577.0,6.35784,577.0,575.0,572.0,563.0,554.0,547.0,541.0,521.0,495.0,419.0,570.29,6.32,558.86,12.62,538.47,23.44,477.58,68.91,489.74,70.82,0.0,0.04068,0.06442,0.15328,1371.0,1429.0,1583.0,1767.0,1780.0,2252.0,887.0,892.0,893.0,0.91812,-0.3963,-0.7277,-0.68589,180,2018-01-15,265,585.0,0.01377,train
2017-04-26,bhsi_value,576.0,6.35611,577.0,577.0,575.0,568.0,560.0,549.0,542.0,526.0,499.0,415.0,572.57,4.92,561.29,12.41,541.03,23.19,480.27,69.55,489.84,70.93,-0.00173,0.02817,0.06084,0.1435,1320.0,1371.0,1611.0,1790.0,1767.0,2249.0,881.0,887.0,899.0,0.91117,-0.41203,-0.75086,-0.66046,180,2018-01-16,265,583.0,0.01208,train
2017-04-27,bhsi_value,569.0,6.34388,576.0,577.0,577.0,572.0,563.0,552.0,543.0,530.0,502.0,402.0,573.43,3.5,563.14,11.44,543.27,22.54,483.05,69.7,489.77,70.84,-0.01223,0.0106,0.04677,0.12528,1260.0,1320.0,1621.0,1798.0,1790.0,2220.0,870.0,881.0,898.0,0.90395,-0.42765,-0.77314,-0.63424,180,2018-01-17,265,581.0,0.02087,train
2017-04-28,bhsi_value,559.0,6.32615,569.0,576.0,577.0,575.0,568.0,554.0,545.0,535.0,505.0,395.0,572.14,6.01,564.14,10.38,545.07,21.55,485.78,69.41,489.49,70.52,-0.01773,-0.01597,0.02536,0.10159,1187.0,1260.0,1612.0,1779.0,1798.0,2130.0,861.0,870.0,900.0,0.89646,-0.44313,-0.7945,-0.60727,180,2018-01-18,265,580.0,0.03688,train
2017-05-02,bhsi_value,550.0,6.30992,559.0,569.0,576.0,577.0,572.0,560.0,547.0,538.0,508.0,386.0,569.0,9.81,564.36,10.05,546.47,20.43,488.52,68.65,489.04,70.01,-0.01623,-0.03922,0.00547,0.07944,1140.0,1187.0,1553.0,1668.0,1779.0,1991.0,849.0,861.0,899.0,0.86387,-0.50372,-0.87029,-0.49253,180,2018-01-19,262,584.0,0.05998,train
2017-05-03,bhsi_value,540.0,6.29157,550.0,559.0,569.0,577.0,575.0,563.0,549.0,539.0,508.0,382.0,564.0,13.65,563.71,11.23,547.53,19.19,491.15,67.54,488.42,69.3,-0.01835,-0.0628,-0.01653,0.06109,1096.0,1140.0,1494.0,1542.0,1668.0,1830.0,835.0,849.0,895.0,0.85507,-0.51851,-0.88672,-0.4623,180,2018-01-22,264,585.0,0.08004,train
2017-05-04,bhsi_value,532.0,6.27664,540.0,550.0,559.0,576.0,577.0,568.0,552.0,540.0,510.0,377.0,557.57,16.34,562.29,13.64,548.27,18.14,493.73,66.07,487.67,68.44,-0.01493,-0.0812,-0.0369,0.04223,1048.0,1096.0,1429.0,1458.0,1542.0,1780.0,822.0,835.0,892.0,0.84603,-0.53314,-0.9021,-0.43153,180,2018-01-23,264,586.0,0.09668,train
2017-05-05,bhsi_value,523.0,6.25958,532.0,540.0,550.0,569.0,577.0,572.0,554.0,541.0,512.0,375.0,549.86,18.01,560.07,16.93,548.63,17.5,496.2,64.33,486.76,67.41,-0.01706,-0.09826,-0.05758,0.02126,1023.0,1048.0,1371.0,1480.0,1458.0,1767.0,811.0,822.0,887.0,0.83673,-0.54761,-0.91641,-0.40024,180,2018-01-24,264,584.0,0.11032,train
2017-05-08,bhsi_value,517.0,6.24804,523.0,532.0,540.0,559.0,576.0,575.0,560.0,542.0,516.0,378.0,541.43,17.61,557.0,20.24,548.67,17.44,498.52,62.51,485.78,66.32,-0.01154,-0.10806,-0.07989,0.00194,1009.0,1023.0,1320.0,1571.0,1480.0,1790.0,799.0,811.0,881.0,0.80737,-0.59004,-0.95277,-0.3037,180,2018-01-25,262,581.0,0.11671,train
2017-05-09,bhsi_value,512.0,6.23832,517.0,523.0,532.0,550.0,569.0,577.0,563.0,543.0,521.0,377.0,533.29,16.09,553.36,23.2,548.37,17.98,500.77,60.49,484.76,65.19,-0.00972,-0.10556,-0.09496,-0.01743,1007.0,1009.0,1260.0,1635.0,1571.0,1798.0,794.0,799.0,870.0,0.7971,-0.60385,-0.96265,-0.27074,180,2018-01-26,262,577.0,0.11952,train
2017-05-10,bhsi_value,510.0,6.23441,512.0,517.0,523.0,540.0,559.0,577.0,568.0,545.0,526.0,377.0,526.29,13.88,549.21,25.3,547.83,18.85,502.98,58.32,483.74,64.08,-0.00391,-0.09174,-0.10771,-0.03089,1011.0,1007.0,1187.0,1645.0,1635.0,1779.0,790.0,794.0,861.0,0.7866,-0.61747,-0.9714,-0.23747,180,2018-01-29,264,573.0,0.11647,train
2017-05-11,bhsi_value,510.0,6.23441,510.0,512.0,517.0,532.0,550.0,576.0,572.0,547.0,530.0,376.0,520.57,10.85,544.79,26.33,547.17,19.8,505.22,55.93,482.78,63.01,0.0,-0.07551,-0.11473,-0.03847,1006.0,1011.0,1140.0,1695.0,1645.0,1668.0,787.0,790.0,849.0,0.77586,-0.63091,-0.97899,-0.20391,180,2018-01-30,264,566.0,0.10418,train
2017-05-12,bhsi_value,509.0,6.23245,510.0,510.0,512.0,523.0,540.0,569.0,575.0,549.0,535.0,379.0,516.14,7.95,540.07,26.41,546.3,20.86,507.38,53.46,482.22,62.55,-0.00196,-0.05912,-0.12192,-0.04982,992.0,1006.0,1096.0,1725.0,1695.0,1542.0,784.0,787.0,835.0,0.76489,-0.64416,-0.98542,-0.17012,180,2018-01-31,264,558.0,0.09191,train
2017-05-15,bhsi_value,508.0,6.23048,509.0,510.0,510.0,517.0,532.0,559.0,577.0,552.0,538.0,382.0,512.71,5.01,535.14,25.48,545.3,21.92,509.48,50.91,481.88,62.32,-0.00197,-0.04616,-0.12736,-0.05738,978.0,992.0,1048.0,1661.0,1725.0,1458.0,782.0,784.0,822.0,0.73064,-0.68276,-0.99771,-0.06768,180,2018-02-01,262,552.0,0.08307,train
2017-05-16,bhsi_value,507.0,6.22851,508.0,509.0,510.0,512.0,523.0,550.0,577.0,554.0,539.0,387.0,510.43,3.06,530.14,23.57,544.23,22.96,511.48,48.35,481.72,62.24,-0.00197,-0.03107,-0.12933,-0.0612,956.0,978.0,1023.0,1632.0,1661.0,1480.0,778.0,782.0,811.0,0.71879,-0.69523,-0.99944,-0.03332,180,2018-02-02,262,547.0,0.07594,train
2017-05-17,bhsi_value,505.0,6.22456,507.0,508.0,509.0,510.0,517.0,540.0,576.0,560.0,540.0,391.0,508.71,2.12,525.07,20.61,543.07,24.01,513.38,45.75,481.69,62.23,-0.00395,-0.02348,-0.13155,-0.06701,925.0,956.0,1009.0,1590.0,1632.0,1571.0,771.0,778.0,799.0,0.70673,-0.70749,-1.0,0.00108,180,2018-02-05,264,543.0,0.07255,train
2017-05-18,bhsi_value,504.0,6.22258,505.0,507.0,508.0,510.0,512.0,532.0,569.0,563.0,541.0,396.0,507.57,2.19,520.43,17.24,541.83,25.01,515.18,43.14,481.76,62.25,-0.00198,-0.01575,-0.1213,-0.07084,894.0,925.0,1007.0,1638.0,1590.0,1635.0,764.0,771.0,794.0,0.69445,-0.71954,-0.99937,0.03547,180,2018-02-06,264,538.0,0.06528,train
2017-05-19,bhsi_value,502.0,6.2186,504.0,505.0,507.0,509.0,510.0,523.0,559.0,568.0,542.0,402.0,506.43,2.66,516.36,14.09,540.5,26.01,516.85,40.59,481.9,62.28,-0.00398,-0.01581,-0.10755,-0.07667,870.0,894.0,1011.0,1668.0,1638.0,1645.0,759.0,764.0,790.0,0.68197,-0.73138,-0.99756,0.06983,180,2018-02-07,264,532.0,0.05804,train
2017-05-22,bhsi_value,496.0,6.20658,502.0,504.0,505.0,508.0,510.0,517.0,550.0,572.0,543.0,410.0,504.43,4.1,512.5,11.51,538.93,27.2,518.28,38.25,482.11,62.3,-0.01202,-0.02783,-0.10334,-0.09053,854.0,870.0,1006.0,1704.0,1668.0,1695.0,753.0,759.0,787.0,0.64334,-0.76558,-0.98506,0.17224,180,2018-02-08,262,529.0,0.06441,train
2017-05-23,bhsi_value,486.0,6.18621,496.0,502.0,504.0,507.0,509.0,512.0,540.0,575.0,545.0,420.0,501.14,7.18,508.64,10.66,536.97,28.78,519.38,36.3,482.33,62.28,-0.02037,-0.04624,-0.10536,-0.11458,850.0,854.0,992.0,1706.0,1704.0,1725.0,746.0,753.0,784.0,0.63007,-0.77654,-0.97855,0.20602,180,2018-02-09,262,526.0,0.07909,train
2017-05-24,bhsi_value,478.0,6.16961,486.0,496.0,502.0,505.0,508.0,510.0,532.0,577.0,547.0,428.0,496.86,10.15,504.79,11.26,534.67,30.59,520.22,34.74,482.54,62.23,-0.0166,-0.06087,-0.10703,-0.13484,849.0,850.0,978.0,1654.0,1706.0,1661.0,737.0,746.0,782.0,0.61662,-0.78726,-0.97088,0.23956,180,2018-02-12,264,520.0,0.08422,train
2017-05-25,bhsi_value,473.0,6.1591,478.0,486.0,496.0,504.0,507.0,510.0,523.0,577.0,549.0,436.0,492.0,12.08,501.21,12.75,532.13,32.39,520.83,33.54,482.74,62.17,-0.01052,-0.06942,-0.10049,-0.149,848.0,849.0,956.0,1595.0,1654.0,1632.0,728.0,737.0,778.0,0.60299,-0.79775,-0.96207,0.27281,180,2018-02-13,264,518.0,0.09088,train
2017-05-26,bhsi_value,469.0,6.1506,473.0,478.0,486.0,502.0,505.0,509.0,517.0,576.0,552.0,444.0,486.86,13.08,497.79,14.39,529.37,34.07,521.25,32.73,482.94,62.09,-0.00849,-0.07396,-0.09744,-0.16295,845.0,848.0,925.0,1591.0,1595.0,1590.0,721.0,728.0,771.0,0.58918,-0.808,-0.95211,0.30574,180,2018-02-14,264,516.0,0.0955,train
2017-05-30,bhsi_value,461.0,6.1334,469.0,473.0,478.0,496.0,504.0,508.0,512.0,569.0,554.0,451.0,480.71,13.67,494.14,16.62,526.27,35.88,521.42,32.4,483.09,62.03,-0.0172,-0.08918,-0.10493,-0.18377,842.0,845.0,894.0,1564.0,1591.0,1638.0,712.0,721.0,764.0,0.53223,-0.8466,-0.90117,0.43347,180,2018-02-15,261,515.0,0.11077,train
2017-05-31,bhsi_value,455.0,6.1203,461.0,469.0,473.0,486.0,502.0,507.0,510.0,559.0,560.0,457.0,474.0,13.09,490.21,18.77,522.77,37.5,521.38,32.47,483.19,61.98,-0.0131,-0.0983,-0.11411,-0.20764,829.0,842.0,870.0,1511.0,1564.0,1668.0,698.0,712.0,759.0,0.51759,-0.85563,-0.88572,0.46421,180,2018-02-16,261,515.0,0.12387,train
2017-06-01,bhsi_value,449.0,6.10702,455.0,461.0,469.0,478.0,496.0,505.0,510.0,550.0,563.0,462.0,467.29,12.1,485.86,20.65,518.97,38.98,521.17,32.9,483.28,61.92,-0.01327,-0.09955,-0.12739,-0.22626,810.0,829.0,854.0,1430.0,1511.0,1704.0,685.0,698.0,753.0,0.50279,-0.86441,-0.86923,0.4944,180,2018-02-19,263,517.0,0.14102,train
2017-06-02,bhsi_value,446.0,6.10032,449.0,455.0,461.0,473.0,486.0,504.0,509.0,540.0,568.0,468.0,461.57,11.34,481.36,21.94,514.9,40.0,520.8,33.61,483.38,61.85,-0.0067,-0.08589,-0.13213,-0.2418,792.0,810.0,850.0,1374.0,1430.0,1706.0,674.0,685.0,746.0,0.48785,-0.87293,-0.85171,0.52401,180,2018-02-20,263,519.0,0.15158,train
2017-06-05,bhsi_value,441.0,6.08904,446.0,449.0,455.0,469.0,478.0,502.0,508.0,532.0,572.0,477.0,456.29,11.07,476.57,22.9,510.53,40.67,520.2,34.69,483.48,61.78,-0.01127,-0.08057,-0.14144,-0.26009,789.0,792.0,849.0,1353.0,1374.0,1654.0,666.0,674.0,737.0,0.44217,-0.89693,-0.79319,0.60897,180,2018-02-21,261,522.0,0.16862,train
2017-06-06,bhsi_value,434.0,6.07304,441.0,446.0,449.0,461.0,473.0,496.0,507.0,523.0,575.0,485.0,450.71,11.07,471.36,23.67,505.83,41.1,519.35,36.13,483.54,61.72,-0.016,-0.08605,-0.15547,-0.28133,783.0,789.0,848.0,1366.0,1353.0,1595.0,658.0,666.0,728.0,0.42667,-0.90441,-0.77177,0.6359,180,2018-02-22,261,529.0,0.19794,train
2017-06-07,bhsi_value,429.0,6.06146,434.0,441.0,446.0,455.0,469.0,486.0,505.0,517.0,577.0,491.0,445.0,10.46,465.93,24.05,500.9,41.14,518.32,37.78,483.6,61.67,-0.01159,-0.08915,-0.1631,-0.29639,783.0,783.0,845.0,1379.0,1366.0,1591.0,652.0,658.0,721.0,0.41105,-0.91161,-0.74944,0.66207,180,2018-02-23,261,534.0,0.21894,train
2017-06-08,bhsi_value,425.0,6.05209,429.0,434.0,441.0,449.0,461.0,478.0,504.0,512.0,577.0,495.0,439.86,10.18,460.29,23.72,495.83,40.81,517.15,39.52,483.67,61.6,-0.00937,-0.08131,-0.17049,-0.30575,793.0,783.0,842.0,1381.0,1379.0,1564.0,649.0,652.0,712.0,0.39531,-0.91855,-0.72622,0.68746,180,2018-02-26,263,538.0,0.23577,train
2017-06-09,bhsi_value,425.0,6.05209,425.0,429.0,434.0,446.0,455.0,473.0,502.0,510.0,576.0,499.0,435.57,9.16,454.79,22.29,490.8,39.92,515.92,41.19,483.78,61.49,0.0,-0.06821,-0.16651,-0.30402,813.0,793.0,829.0,1438.0,1381.0,1511.0,654.0,649.0,698.0,0.37945,-0.92521,-0.70215,0.71203,180,2018-02-27,263,545.0,0.2487,train
2017-06-12,bhsi_value,424.0,6.04973,425.0,425.0,429.0,441.0,449.0,469.0,496.0,510.0,569.0,502.0,432.0,8.04,449.64,20.42,485.97,38.92,514.62,42.81,484.02,61.2,-0.00236,-0.05729,-0.15684,-0.29415,833.0,813.0,810.0,1481.0,1438.0,1430.0,658.0,654.0,685.0,0.33122,-0.94355,-0.62505,0.78058,180,2018-02-28,261,557.0,0.27283,train
2017-06-13,bhsi_value,424.0,6.04973,424.0,425.0,425.0,434.0,446.0,461.0,486.0,509.0,559.0,505.0,428.86,5.99,445.21,18.7,481.47,38.01,513.27,44.34,484.34,60.81,0.0,-0.05059,-0.13648,-0.27642,865.0,833.0,792.0,1442.0,1481.0,1374.0,665.0,658.0,674.0,0.31494,-0.94911,-0.59783,0.80162,180,2018-03-01,261,579.0,0.31157,train
2017-06-14,bhsi_value,427.0,6.05678,424.0,424.0,425.0,429.0,441.0,455.0,478.0,508.0,550.0,508.0,426.86,3.36,441.57,16.83,477.37,37.02,511.92,45.69,484.8,60.22,0.00705,-0.03226,-0.11283,-0.25313,903.0,865.0,789.0,1362.0,1442.0,1353.0,679.0,665.0,666.0,0.29857,-0.95439,-0.5699,0.82171,180,2018-03-02,261,586.0,0.31654,train
2017-06-15,bhsi_value,431.0,6.06611,427.0,424.0,424.0,425.0,434.0,449.0,473.0,507.0,540.0,508.0,426.43,2.5,438.57,14.55,473.73,36.03,510.63,46.85,485.34,59.51,0.00932,-0.00694,-0.09299,-0.22546,938.0,903.0,783.0,1277.0,1362.0,1366.0,690.0,679.0,658.0,0.28211,-0.95938,-0.5413,0.84083,180,2018-03-05,263,590.0,0.31401,train
2017-06-16,bhsi_value,435.0,6.07535,431.0,427.0,424.0,425.0,429.0,446.0,469.0,505.0,532.0,510.0,427.29,3.88,436.14,11.86,470.5,34.99,509.38,47.84,485.99,58.64,0.00924,0.01389,-0.07526,-0.2013,964.0,938.0,783.0,1213.0,1277.0,1379.0,701.0,690.0,652.0,0.26556,-0.96409,-0.51206,0.85895,180,2018-03-06,263,595.0,0.31322,train
2017-06-19,bhsi_value,437.0,6.07993,435.0,431.0,427.0,424.0,425.0,441.0,461.0,504.0,523.0,512.0,429.0,4.99,434.43,9.68,467.63,34.09,508.13,48.73,486.68,57.69,0.00459,0.02784,-0.05346,-0.17965,984.0,964.0,793.0,1169.0,1213.0,1381.0,708.0,701.0,649.0,0.21548,-0.97651,-0.42083,0.90714,180,2018-03-07,261,599.0,0.31533,train
2017-06-20,bhsi_value,441.0,6.08904,437.0,435.0,431.0,424.0,425.0,434.0,455.0,502.0,517.0,516.0,431.29,6.16,433.43,8.1,465.1,33.13,506.88,49.47,487.38,56.74,0.00911,0.03696,-0.03125,-0.159,1017.0,984.0,813.0,1110.0,1169.0,1438.0,717.0,708.0,654.0,0.19865,-0.98007,-0.38938,0.92108,180,2018-03-08,261,607.0,0.31948,train
2017-06-21,bhsi_value,445.0,6.09807,441.0,437.0,435.0,427.0,424.0,429.0,449.0,496.0,512.0,521.0,434.29,6.94,433.14,7.6,462.87,32.14,505.62,50.06,488.13,55.71,0.00903,0.04834,-0.00895,-0.14025,1070.0,1017.0,833.0,1020.0,1110.0,1481.0,724.0,717.0,658.0,0.18176,-0.98334,-0.35746,0.93393,180,2018-03-09,261,611.0,0.31702,train
2017-06-22,bhsi_value,447.0,6.10256,445.0,441.0,437.0,431.0,424.0,425.0,446.0,486.0,510.0,526.0,437.57,6.74,433.21,7.72,460.77,31.03,504.3,50.54,488.91,54.63,0.00448,0.05283,0.00224,-0.13185,1109.0,1070.0,865.0,993.0,1020.0,1442.0,734.0,724.0,665.0,0.16482,-0.98632,-0.32513,0.94567,180,2018-03-12,263,615.0,0.31906,train
2017-06-23,bhsi_value,451.0,6.11147,447.0,445.0,441.0,435.0,427.0,425.0,441.0,478.0,510.0,530.0,441.0,6.59,433.93,8.8,458.8,29.69,502.98,50.88,489.74,53.46,0.00891,0.05468,0.02242,-0.12294,1138.0,1109.0,903.0,987.0,993.0,1362.0,744.0,734.0,679.0,0.14783,-0.98901,-0.29241,0.95629,180,2018-03-13,263,617.0,0.3134,train
2017-06-26,bhsi_value,454.0,6.1181,451.0,447.0,445.0,437.0,431.0,424.0,434.0,473.0,509.0,535.0,444.29,6.52,435.36,10.2,456.97,28.19,501.63,51.09,490.58,52.3,0.00663,0.05199,0.04505,-0.11435,1145.0,1138.0,938.0,1005.0,987.0,1277.0,750.0,744.0,690.0,0.09661,-0.99532,-0.19232,0.98133,180,2018-03-14,261,622.0,0.31484,train
2017-06-27,bhsi_value,458.0,6.12687,454.0,451.0,447.0,441.0,435.0,424.0,429.0,469.0,508.0,538.0,447.57,6.8,437.43,11.56,455.3,26.56,500.3,51.17,491.42,51.14,0.00877,0.05152,0.06541,-0.10361,1151.0,1145.0,964.0,1066.0,1005.0,1213.0,757.0,750.0,701.0,0.07948,-0.99684,-0.15845,0.98737,180,2018-03-15,261,626.0,0.31248,train
2017-06-28,bhsi_value,459.0,6.12905,458.0,454.0,451.0,445.0,437.0,427.0,425.0,461.0,507.0,539.0,450.71,6.25,439.86,12.24,453.7,24.78,498.97,51.18,492.22,50.05,0.00218,0.04912,0.07696,-0.09946,1150.0,1151.0,984.0,1170.0,1066.0,1169.0,761.0,757.0,708.0,0.06232,-0.99806,-0.12439,0.99223,180,2018-03-16,261,627.0,0.3119,train
2017-06-29,bhsi_value,464.0,6.13988,459.0,458.0,454.0,447.0,441.0,431.0,425.0,455.0,505.0,540.0,454.0,6.32,442.64,12.96,452.33,22.98,497.7,51.09,493.03,48.98,0.01083,0.05084,0.0878,-0.08467,1119.0,1150.0,1017.0,1146.0,1170.0,1110.0,758.0,761.0,717.0,0.04514,-0.99898,-0.09019,0.99592,180,2018-03-19,263,629.0,0.30425,train
2017-06-30,bhsi_value,467.0,6.14633,464.0,459.0,458.0,451.0,445.0,435.0,424.0,449.0,504.0,541.0,457.14,6.53,445.71,13.27,451.1,21.09,496.47,50.92,493.82,47.98,0.00644,0.04825,0.0966,-0.07625,1091.0,1119.0,1070.0,1086.0,1146.0,1020.0,754.0,758.0,724.0,0.02795,-0.99961,-0.05588,0.99844,180,2018-03-20,263,630.0,0.29939,train
2017-07-03,bhsi_value,468.0,6.14847,467.0,464.0,459.0,454.0,447.0,437.0,424.0,446.0,502.0,542.0,460.14,5.99,448.86,12.96,449.97,19.15,495.23,50.7,494.56,47.06,0.00214,0.04591,0.09873,-0.07013,1068.0,1091.0,1109.0,1032.0,1086.0,993.0,751.0,754.0,734.0,-0.02365,-0.99972,0.04729,0.99888,180,2018-03-21,261,634.0,0.30358,train
2017-07-04,bhsi_value,470.0,6.15273,468.0,467.0,464.0,458.0,451.0,441.0,427.0,441.0,496.0,543.0,462.86,5.51,451.93,12.5,449.1,17.57,494.02,50.42,495.22,46.28,0.00426,0.04127,0.09595,-0.05384,1062.0,1068.0,1138.0,997.0,1032.0,987.0,747.0,751.0,744.0,-0.04084,-0.99917,0.08162,0.99666,180,2018-03-22,261,639.0,0.30717,train
2017-07-05,bhsi_value,470.0,6.15273,470.0,468.0,467.0,459.0,454.0,445.0,431.0,434.0,486.0,545.0,465.14,4.61,454.71,11.86,448.57,16.66,492.77,50.07,495.78,45.67,0.0,0.03464,0.08662,-0.03348,1060.0,1062.0,1145.0,901.0,997.0,1005.0,742.0,747.0,750.0,-0.05803,-0.99832,0.11586,0.99327,180,2018-03-23,261,641.0,0.3103,train
2017-07-06,bhsi_value,470.0,6.15273,470.0,470.0,468.0,464.0,458.0,447.0,435.0,429.0,478.0,547.0,466.86,3.8,457.21,11.1,448.3,16.24,491.48,49.64,496.24,45.19,0.0,0.02586,0.07739,-0.01688,1063.0,1060.0,1151.0,818.0,901.0,1066.0,735.0,742.0,757.0,-0.07519,-0.99717,0.14995,0.98869,180,2018-03-26,263,645.0,0.31652,train
2017-07-07,bhsi_value,471.0,6.15486,470.0,470.0,470.0,467.0,459.0,451.0,437.0,425.0,473.0,549.0,468.57,2.26,459.64,10.09,448.23,16.15,490.18,49.14,496.63,44.81,0.00213,0.02581,0.07492,-0.00424,1062.0,1063.0,1150.0,753.0,818.0,1170.0,732.0,735.0,761.0,-0.09233,-0.99573,0.18387,0.98295,180,2018-03-27,263,648.0,0.31903,train
2017-07-10,bhsi_value,474.0,6.16121,471.0,470.0,470.0,468.0,464.0,454.0,441.0,425.0,469.0,552.0,470.0,2.07,462.0,9.28,448.4,16.38,488.88,48.51,496.97,44.53,0.00635,0.02132,0.07216,0.0106,1061.0,1062.0,1119.0,730.0,753.0,1146.0,729.0,732.0,758.0,-0.14357,-0.98964,0.28417,0.95877,180,2018-03-28,261,650.0,0.31577,train
2017-07-11,bhsi_value,477.0,6.16752,474.0,471.0,470.0,470.0,467.0,458.0,445.0,424.0,461.0,554.0,471.43,2.82,464.29,8.74,448.93,17.03,487.6,47.79,497.26,44.32,0.00631,0.02119,0.06944,0.03412,1069.0,1061.0,1091.0,755.0,730.0,1086.0,733.0,729.0,754.0,-0.16057,-0.98702,0.31698,0.94843,180,2018-03-29,261,652.0,0.31253,train
2017-07-12,bhsi_value,480.0,6.17379,477.0,474.0,471.0,470.0,468.0,459.0,447.0,424.0,455.0,560.0,473.14,3.72,466.64,8.19,449.77,17.9,486.27,46.86,497.51,44.15,0.00627,0.02532,0.07123,0.05349,1098.0,1069.0,1068.0,846.0,755.0,1032.0,744.0,733.0,751.0,-0.17753,-0.98412,0.34942,0.93697,180,2018-04-03,265,650.0,0.30319,train
2017-07-13,bhsi_value,484.0,6.18208,480.0,477.0,474.0,470.0,470.0,464.0,451.0,427.0,449.0,563.0,475.14,5.03,469.0,8.1,450.93,18.92,484.95,45.78,497.76,44.01,0.0083,0.02935,0.07062,0.07506,1141.0,1098.0,1062.0,928.0,846.0,997.0,758.0,744.0,747.0,-0.19443,-0.98092,0.38144,0.92439,180,2018-04-04,265,648.0,0.29181,train
2017-07-14,bhsi_value,486.0,6.18621,484.0,480.0,477.0,471.0,470.0,467.0,454.0,431.0,446.0,568.0,477.43,5.75,471.29,8.06,452.27,19.91,483.58,44.49,497.96,43.92,0.00412,0.03348,0.06811,0.08589,1173.0,1141.0,1060.0,933.0,928.0,901.0,769.0,758.0,742.0,-0.21128,-0.97743,0.41301,0.91073,180,2018-04-05,265,644.0,0.28149,train
2017-07-17,bhsi_value,489.0,6.19236,486.0,484.0,480.0,474.0,470.0,468.0,458.0,435.0,441.0,572.0,480.14,6.08,473.5,8.36,453.87,20.85,482.2,42.98,498.09,43.87,0.00615,0.03963,0.06549,0.10332,1202.0,1173.0,1063.0,933.0,933.0,818.0,776.0,769.0,735.0,-0.26141,-0.96523,0.50465,0.86333,180,2018-04-06,263,643.0,0.27378,train
2017-07-18,bhsi_value,492.0,6.19848,489.0,486.0,484.0,477.0,471.0,470.0,459.0,437.0,434.0,575.0,483.14,6.01,475.86,8.58,455.8,21.59,480.82,41.27,498.17,43.86,0.00612,0.04362,0.06943,0.12543,1226.0,1202.0,1062.0,984.0,933.0,753.0,786.0,776.0,732.0,-0.27798,-0.96059,0.53405,0.84546,180,2018-04-09,265,638.0,0.25986,train
2017-07-19,bhsi_value,495.0,6.20456,492.0,489.0,486.0,480.0,474.0,470.0,464.0,441.0,429.0,577.0,486.14,5.94,478.07,9.22,458.0,22.11,479.45,39.38,498.21,43.85,0.00608,0.04335,0.06467,0.1431,1252.0,1226.0,1061.0,1028.0,984.0,730.0,798.0,786.0,729.0,-0.29446,-0.95566,0.56281,0.82658,180,2018-04-10,265,636.0,0.25064,train
2017-07-20,bhsi_value,497.0,6.20859,495.0,492.0,489.0,484.0,477.0,470.0,467.0,445.0,425.0,577.0,489.0,5.66,480.21,9.86,460.4,22.3,478.12,37.36,498.23,43.85,0.00403,0.04107,0.06226,0.1565,1260.0,1252.0,1069.0,1093.0,1028.0,755.0,807.0,798.0,733.0,-0.31086,-0.95046,0.59091,0.80674,180,2018-04-11,265,634.0,0.24346,train
2017-07-21,bhsi_value,499.0,6.21261,497.0,495.0,492.0,486.0,480.0,471.0,468.0,447.0,425.0,576.0,491.71,5.23,482.43,10.34,462.87,22.34,476.83,35.23,498.23,43.85,0.00402,0.03882,0.06414,0.16052,1258.0,1260.0,1098.0,1154.0,1093.0,846.0,812.0,807.0,744.0,-0.32716,-0.94497,0.61831,0.78593,180,2018-04-12,265,630.0,0.23311,train
2017-07-24,bhsi_value,500.0,6.21461,499.0,497.0,495.0,489.0,484.0,474.0,470.0,451.0,424.0,569.0,494.0,4.84,484.57,10.64,465.4,22.1,475.68,33.28,498.21,43.85,0.002,0.03252,0.06188,0.16487,1248.0,1258.0,1141.0,1171.0,1154.0,928.0,814.0,812.0,758.0,-0.37547,-0.92683,0.696,0.71804,180,2018-04-13,263,628.0,0.22793,train
2017-07-25,bhsi_value,500.0,6.21461,500.0,499.0,497.0,492.0,486.0,477.0,470.0,454.0,424.0,559.0,496.0,3.93,486.71,10.51,467.93,21.56,474.7,31.63,498.16,43.84,0.0,0.0284,0.06188,0.16487,1225.0,1248.0,1173.0,1221.0,1171.0,933.0,813.0,814.0,769.0,-0.39136,-0.92024,0.72029,0.69368,180,2018-04-16,265,626.0,0.22474,train
2017-07-26,bhsi_value,500.0,6.21461,500.0,500.0,499.0,495.0,489.0,480.0,470.0,458.0,427.0,550.0,497.57,2.87,488.86,9.93,470.37,20.91,473.87,30.27,498.07,43.83,0.0,0.02225,0.06188,0.15782,1192.0,1225.0,1202.0,1206.0,1221.0,933.0,807.0,813.0,776.0,-0.40713,-0.91337,0.74372,0.66849,180,2018-04-17,265,626.0,0.22474,train
2017-07-27,bhsi_value,500.0,6.21461,500.0,500.0,500.0,497.0,492.0,484.0,471.0,459.0,431.0,540.0,498.71,1.83,490.93,8.96,472.67,20.24,473.2,29.23,497.98,43.82,0.0,0.01613,0.05975,0.1485,1146.0,1192.0,1226.0,1138.0,1206.0,984.0,798.0,807.0,786.0,-0.42278,-0.90623,0.76627,0.64251,180,2018-04-18,265,626.0,0.22474,train
2017-07-28,bhsi_value,498.0,6.2106,500.0,500.0,500.0,499.0,495.0,486.0,474.0,464.0,435.0,532.0,499.14,1.12,492.64,7.78,474.77,19.47,472.63,28.4,497.84,43.8,-0.00401,0.00604,0.04939,0.13525,1109.0,1146.0,1252.0,1139.0,1138.0,1028.0,789.0,798.0,798.0,-0.43831,-0.89883,0.78792,0.61577,180,2018-04-19,265,623.0,0.22395,train
2017-07-31,bhsi_value,496.0,6.20658,498.0,500.0,500.0,500.0,497.0,489.0,477.0,467.0,437.0,523.0,499.0,1.41,494.0,6.48,476.73,18.51,472.18,27.8,497.67,43.77,-0.00402,-0.00201,0.03906,0.12664,1095.0,1109.0,1260.0,1225.0,1139.0,1093.0,783.0,789.0,807.0,-0.48409,-0.87502,0.84717,0.53132,180,2018-04-20,263,621.0,0.22476,train
2017-08-01,bhsi_value,492.0,6.19848,496.0,498.0,500.0,500.0,499.0,492.0,480.0,468.0,441.0,517.0,498.0,2.83,494.86,5.25,478.43,17.47,471.77,27.31,497.4,43.74,-0.0081,-0.01413,0.02469,0.10943,1098.0,1095.0,1258.0,1331.0,1225.0,1154.0,779.0,783.0,812.0,-0.49907,-0.86656,0.86495,0.50186,180,2018-04-23,265,621.0,0.23285,val
2017-08-02,bhsi_value,488.0,6.19032,492.0,496.0,498.0,500.0,500.0,495.0,484.0,470.0,445.0,512.0,496.29,4.33,495.14,4.73,479.87,16.4,471.37,26.89,497.03,43.67,-0.00816,-0.02429,0.00823,0.09224,1118.0,1098.0,1248.0,1475.0,1331.0,1171.0,772.0,779.0,814.0,-0.5139,-0.85785,0.8817,0.47181,180,2018-04-24,265,617.0,0.23455,val
2017-08-03,bhsi_value,482.0,6.17794,488.0,492.0,496.0,500.0,500.0,497.0,486.0,470.0,447.0,510.0,493.71,6.27,494.86,5.36,481.03,15.22,470.9,26.46,496.54,43.59,-0.01237,-0.03666,-0.00826,0.07539,1143.0,1118.0,1225.0,1602.0,1475.0,1221.0,767.0,772.0,813.0,-0.52858,-0.84888,0.89741,0.4412,180,2018-04-25,265,614.0,0.24205,val
2017-08-04,bhsi_value,478.0,6.16961,482.0,488.0,492.0,498.0,500.0,499.0,489.0,470.0,451.0,510.0,490.57,7.69,494.07,6.78,481.93,14.18,470.37,25.98,495.97,43.49,-0.00833,-0.045,-0.02275,0.05814,1153.0,1143.0,1192.0,1637.0,1602.0,1206.0,764.0,767.0,807.0,-0.54311,-0.83966,0.91205,0.41007,180,2018-04-26,265,610.0,0.24385,val
2017-08-07,bhsi_value,475.0,6.16331,478.0,482.0,488.0,496.0,500.0,500.0,492.0,471.0,454.0,509.0,487.0,8.26,492.86,8.37,482.63,13.27,469.8,25.5,495.3,43.35,-0.0063,-0.05129,-0.03516,0.04522,1158.0,1153.0,1146.0,1655.0,1637.0,1138.0,762.0,764.0,798.0,-0.5857,-0.81053,0.94945,0.31392,180,2018-04-27,263,605.0,0.24191,val
2017-08-08,bhsi_value,472.0,6.15698,475.0,478.0,482.0,492.0,498.0,500.0,495.0,474.0,458.0,508.0,483.29,8.33,491.21,9.91,483.1,12.63,469.2,25.01,494.57,43.18,-0.00634,-0.05362,-0.04758,0.03011,1170.0,1158.0,1109.0,1659.0,1655.0,1139.0,759.0,762.0,789.0,-0.59955,-0.80034,0.95969,0.28108,180,2018-04-30,265,603.0,0.24494,val
2017-08-09,bhsi_value,467.0,6.14633,472.0,475.0,478.0,488.0,496.0,500.0,497.0,477.0,459.0,507.0,479.14,8.18,489.07,11.54,483.37,12.19,468.53,24.52,493.77,43.01,-0.01065,-0.06025,-0.06226,0.01728,1192.0,1170.0,1095.0,1702.0,1659.0,1225.0,756.0,759.0,783.0,-0.61323,-0.7899,0.96879,0.2479,180,2018-05-01,265,601.0,0.25227,val
2017-08-10,bhsi_value,466.0,6.14419,467.0,472.0,475.0,482.0,492.0,500.0,499.0,480.0,464.0,505.0,475.43,7.37,486.71,12.59,483.43,12.09,467.88,24.06,492.94,42.83,-0.00214,-0.05429,-0.06842,0.0043,1228.0,1192.0,1098.0,1837.0,1702.0,1331.0,756.0,756.0,779.0,-0.62673,-0.77924,0.97674,0.21443,180,2018-05-02,265,597.0,0.24773,val
2017-08-11,bhsi_value,466.0,6.14419,466.0,467.0,472.0,478.0,488.0,498.0,500.0,484.0,467.0,504.0,472.29,5.87,484.29,13.06,483.4,12.14,467.25,23.6,492.11,42.61,0.0,-0.04613,-0.07042,-0.00214,1256.0,1228.0,1118.0,2013.0,1837.0,1475.0,759.0,756.0,772.0,-0.64004,-0.76834,0.98354,0.1807,180,2018-05-03,265,591.0,0.23763,val
2017-08-14,bhsi_value,465.0,6.14204,466.0,466.0,467.0,475.0,482.0,496.0,500.0,486.0,468.0,502.0,469.86,4.76,481.79,13.16,483.3,12.28,466.63,23.16,491.26,42.38,-0.00215,-0.03591,-0.07257,-0.00643,1272.0,1256.0,1143.0,2093.0,2013.0,1602.0,760.0,759.0,767.0,-0.67882,-0.7343,0.99692,0.07841,180,2018-05-04,263,589.0,0.23639,val
2017-08-15,bhsi_value,464.0,6.13988,465.0,466.0,466.0,472.0,478.0,492.0,500.0,489.0,470.0,496.0,467.86,3.76,479.21,12.87,483.1,12.54,466.1,22.85,490.38,42.11,-0.00215,-0.02973,-0.07472,-0.01285,1289.0,1272.0,1153.0,2155.0,2093.0,1637.0,765.0,760.0,764.0,-0.69135,-0.72252,0.99903,0.04407,180,2018-05-08,266,585.0,0.23173,val
2017-08-16,bhsi_value,464.0,6.13988,464.0,465.0,466.0,467.0,475.0,488.0,500.0,492.0,470.0,486.0,466.29,2.55,476.64,12.03,482.9,12.79,465.73,22.7,489.48,41.8,0.0,-0.02343,-0.07472,-0.01285,1310.0,1289.0,1158.0,2324.0,2155.0,1655.0,776.0,765.0,762.0,-0.70368,-0.71052,0.99995,0.00968,180,2018-05-09,266,585.0,0.23173,val
2017-08-17,bhsi_value,465.0,6.14204,464.0,464.0,465.0,466.0,472.0,482.0,498.0,495.0,470.0,478.0,465.29,1.03,474.29,10.78,482.73,12.99,465.52,22.64,488.57,41.43,0.00215,-0.01494,-0.06856,-0.0107,1336.0,1310.0,1170.0,2542.0,2324.0,1659.0,791.0,776.0,759.0,-0.7158,-0.69831,0.99969,-0.02473,180,2018-05-10,266,584.0,0.22786,val
2017-08-18,bhsi_value,465.0,6.14204,465.0,464.0,464.0,466.0,467.0,478.0,496.0,497.0,471.0,473.0,465.0,0.76,472.07,9.15,482.53,13.21,465.38,22.62,487.63,41.0,0.0,-0.00429,-0.06454,-0.01282,1345.0,1336.0,1192.0,2574.0,2542.0,1702.0,806.0,791.0,756.0,-0.7277,-0.68589,0.99825,-0.0591,180,2018-05-11,266,584.0,0.22786,val
2017-08-21,bhsi_value,466.0,6.14419,465.0,465.0,464.0,465.0,466.0,475.0,492.0,499.0,474.0,469.0,465.0,0.76,470.21,7.39,482.27,13.46,465.33,22.62,486.68,40.49,0.00215,0.0,-0.05429,-0.01702,1349.0,1345.0,1228.0,2584.0,2574.0,1837.0,817.0,806.0,756.0,-0.76211,-0.64744,0.98685,-0.16164,180,2018-05-14,266,585.0,0.22743,val
2017-08-22,bhsi_value,468.0,6.14847,466.0,465.0,465.0,464.0,466.0,472.0,488.0,500.0,477.0,461.0,465.29,1.28,468.79,5.51,481.97,13.67,465.45,22.61,485.72,39.9,0.00428,0.00428,-0.04185,-0.01905,1345.0,1349.0,1256.0,2489.0,2584.0,2013.0,824.0,817.0,759.0,-0.77314,-0.63424,0.98071,-0.19549,180,2018-05-15,266,586.0,0.22485,val
2017-08-23,bhsi_value,470.0,6.15273,468.0,466.0,465.0,464.0,465.0,467.0,482.0,500.0,480.0,455.0,466.0,2.07,467.93,4.15,481.63,13.84,465.7,22.58,484.72,39.14,0.00426,0.0107,-0.02521,-0.02105,1311.0,1345.0,1272.0,2382.0,2489.0,2093.0,833.0,824.0,760.0,-0.78393,-0.62084,0.9734,-0.2291,180,2018-05-16,266,587.0,0.22229,val
2017-08-24,bhsi_value,473.0,6.1591,470.0,468.0,466.0,465.0,464.0,466.0,478.0,500.0,484.0,449.0,467.29,3.01,467.57,3.42,481.27,13.92,466.1,22.49,483.72,38.27,0.00636,0.01921,-0.01052,-0.02299,1259.0,1311.0,1289.0,2333.0,2382.0,2155.0,840.0,833.0,765.0,-0.7945,-0.60727,0.96495,-0.26245,180,2018-05-17,266,589.0,0.21933,val
2017-08-25,bhsi_value,474.0,6.16121,473.0,470.0,468.0,465.0,464.0,466.0,475.0,500.0,486.0,446.0,468.71,3.45,467.5,3.27,480.87,13.95,466.57,22.36,482.68,37.23,0.00211,0.02132,-0.00211,-0.025,1235.0,1259.0,1310.0,2406.0,2333.0,2324.0,845.0,840.0,776.0,-0.80483,-0.59351,0.95535,-0.29549,180,2018-05-18,266,590.0,0.21892,val
2017-08-29,bhsi_value,477.0,6.16752,474.0,473.0,470.0,466.0,465.0,465.0,472.0,498.0,489.0,441.0,470.43,4.1,467.86,3.94,480.47,13.88,467.17,22.15,481.62,36.01,0.00631,0.02548,0.01054,-0.02485,1215.0,1235.0,1336.0,2381.0,2406.0,2542.0,848.0,845.0,791.0,-0.84373,-0.53677,0.90578,-0.42375,180,2018-05-21,265,591.0,0.2143,val
2017-08-30,bhsi_value,482.0,6.17794,477.0,474.0,473.0,468.0,465.0,464.0,467.0,496.0,492.0,434.0,472.86,5.08,468.93,5.35,480.13,13.72,467.97,21.8,480.59,34.62,0.01043,0.03591,0.03161,-0.02053,1195.0,1215.0,1345.0,2282.0,2381.0,2574.0,851.0,848.0,806.0,-0.85284,-0.52218,0.89066,-0.45466,180,2018-05-22,265,590.0,0.20218,val
2017-08-31,bhsi_value,486.0,6.18621,482.0,477.0,474.0,470.0,466.0,464.0,466.0,492.0,495.0,429.0,475.71,5.97,470.36,6.84,479.83,13.49,468.92,21.32,479.58,33.08,0.00826,0.04202,0.04202,-0.01835,1189.0,1195.0,1349.0,2293.0,2282.0,2584.0,853.0,851.0,817.0,-0.86169,-0.50743,0.8745,-0.48503,180,2018-05-23,265,591.0,0.19561,val
2017-09-01,bhsi_value,486.0,6.18621,486.0,482.0,477.0,473.0,468.0,465.0,466.0,488.0,497.0,425.0,478.29,5.97,471.79,7.8,479.47,13.16,469.93,20.64,478.57,31.44,0.0,0.03774,0.04202,-0.02238,1198.0,1189.0,1345.0,2264.0,2293.0,2489.0,856.0,853.0,824.0,-0.87029,-0.49253,0.8573,-0.51482,180,2018-05-24,265,590.0,0.19391,val
2017-09-04,bhsi_value,487.0,6.18826,486.0,486.0,482.0,474.0,470.0,465.0,465.0,482.0,499.0,425.0,480.71,5.55,473.36,8.47,479.07,12.74,470.97,19.91,477.58,29.71,0.00206,0.03553,0.04623,-0.02434,1227.0,1198.0,1311.0,2243.0,2264.0,2382.0,860.0,856.0,833.0,-0.89454,-0.44698,0.79969,-0.60041,180,2018-05-25,263,587.0,0.18676,val
2017-09-05,bhsi_value,491.0,6.19644,487.0,486.0,486.0,477.0,473.0,466.0,464.0,478.0,500.0,424.0,483.29,5.55,475.29,9.16,478.77,12.34,472.08,19.1,476.71,28.13,0.00818,0.03735,0.05656,-0.01816,1275.0,1227.0,1259.0,2313.0,2243.0,2333.0,863.0,860.0,840.0,-0.9021,-0.43153,0.77856,-0.62756,180,2018-05-29,266,586.0,0.17688,val
2017-09-06,bhsi_value,494.0,6.20254,491.0,487.0,486.0,482.0,474.0,468.0,464.0,475.0,500.0,424.0,486.14,5.17,477.43,9.76,478.57,12.04,473.25,18.25,475.99,26.81,0.00609,0.04133,0.06265,-0.01207,1314.0,1275.0,1235.0,2438.0,2313.0,2406.0,868.0,863.0,845.0,-0.90939,-0.41595,0.75652,-0.65397,180,2018-05-30,266,584.0,0.16737,val
2017-09-07,bhsi_value,499.0,6.21261,494.0,491.0,487.0,486.0,477.0,470.0,465.0,472.0,500.0,427.0,489.29,5.34,479.86,10.56,478.53,11.98,474.45,17.52,475.42,25.76,0.01007,0.04509,0.07057,-0.002,1351.0,1314.0,1215.0,2614.0,2438.0,2381.0,875.0,868.0,848.0,-0.91641,-0.40024,0.73357,-0.67961,180,2018-05-31,266,583.0,0.15558,val
2017-09-08,bhsi_value,504.0,6.22258,499.0,494.0,491.0,486.0,482.0,473.0,465.0,467.0,500.0,431.0,492.43,6.48,482.64,11.39,478.67,12.24,475.67,16.99,475.02,25.02,0.00997,0.04463,0.08054,0.00797,1375.0,1351.0,1195.0,2767.0,2614.0,2282.0,888.0,875.0,851.0,-0.92316,-0.38442,0.70976,-0.70444,180,2018-06-01,266,583.0,0.14561,val
2017-09-11,bhsi_value,509.0,6.23245,504.0,499.0,494.0,487.0,486.0,474.0,466.0,466.0,498.0,435.0,495.71,8.03,485.71,12.25,479.03,12.96,476.9,16.68,474.77,24.55,0.00987,0.04624,0.08826,0.02185,1394.0,1375.0,1189.0,2813.0,2767.0,2293.0,898.0,888.0,853.0,-0.94176,-0.33629,0.63341,-0.77382,180,2018-06-04,266,583.0,0.13574,val
2017-09-12,bhsi_value,513.0,6.24028,509.0,504.0,499.0,491.0,486.0,477.0,468.0,466.0,496.0,437.0,499.57,8.88,488.93,13.06,479.6,14.01,478.17,16.48,474.66,24.35,0.00783,0.05407,0.09181,0.0337,1429.0,1394.0,1198.0,2724.0,2813.0,2264.0,908.0,898.0,856.0,-0.9474,-0.32004,0.60641,-0.79515,180,2018-06-05,266,584.0,0.12963,val
2017-09-13,bhsi_value,520.0,6.25383,513.0,509.0,504.0,494.0,487.0,482.0,470.0,465.0,492.0,441.0,504.29,9.68,492.5,14.18,480.53,15.65,479.48,16.61,474.69,24.41,0.01355,0.06556,0.1011,0.05535,1464.0,1429.0,1227.0,2628.0,2724.0,2243.0,923.0,908.0,860.0,-0.95277,-0.3037,0.5787,-0.81554,180,2018-06-06,266,583.0,0.11436,val
2017-09-14,bhsi_value,529.0,6.27099,520.0,513.0,509.0,499.0,491.0,486.0,473.0,464.0,488.0,445.0,509.71,11.23,496.5,15.91,481.9,17.87,480.88,17.18,474.88,24.76,0.01716,0.07454,0.11189,0.08067,1499.0,1464.0,1275.0,2642.0,2628.0,2313.0,950.0,923.0,863.0,-0.95785,-0.28726,0.55031,-0.83496,180,2018-06-07,266,583.0,0.0972,val
2017-09-15,bhsi_value,536.0,6.28413,529.0,520.0,513.0,504.0,494.0,486.0,474.0,464.0,482.0,447.0,515.71,12.39,500.93,17.57,483.7,20.34,482.37,18.01,475.17,25.32,0.01315,0.0816,0.12293,0.10619,1521.0,1499.0,1314.0,2685.0,2642.0,2438.0,977.0,950.0,868.0,-0.96265,-0.27074,0.52126,-0.8534,180,2018-06-08,266,584.0,0.08577,val
2017-09-18,bhsi_value,551.0,6.31173,536.0,529.0,520.0,509.0,499.0,487.0,477.0,465.0,478.0,451.0,523.14,15.38,506.21,20.47,486.13,23.61,484.03,19.59,475.62,26.29,0.0276,0.09913,0.14422,0.14212,1529.0,1521.0,1351.0,2681.0,2685.0,2614.0,997.0,977.0,875.0,-0.97534,-0.22072,0.43056,-0.90256,180,2018-06-11,266,586.0,0.06158,val
2017-09-19,bhsi_value,562.0,6.3315,551.0,536.0,529.0,513.0,504.0,491.0,482.0,465.0,475.0,454.0,531.43,18.2,511.93,23.81,489.03,27.15,485.83,21.61,476.21,27.59,0.01977,0.10893,0.15356,0.16819,1536.0,1529.0,1375.0,2723.0,2681.0,2767.0,1017.0,997.0,888.0,-0.97899,-0.20391,0.39926,-0.91684,180,2018-06-12,266,588.0,0.04523,val
2017-09-20,bhsi_value,576.0,6.35611,562.0,551.0,536.0,520.0,509.0,494.0,486.0,466.0,472.0,458.0,541.0,21.25,518.36,27.76,492.5,31.1,487.8,24.2,476.97,29.33,0.02461,0.12366,0.1699,0.19913,1531.0,1536.0,1394.0,2861.0,2723.0,2813.0,1033.0,1017.0,898.0,-0.98235,-0.18704,0.36748,-0.93003,180,2018-06-13,266,591.0,0.02571,val
2017-09-21,bhsi_value,586.0,6.37332,576.0,562.0,551.0,529.0,513.0,499.0,486.0,468.0,467.0,459.0,551.43,22.8,525.5,31.17,496.47,34.95,489.92,26.98,477.84,31.33,0.01721,0.13304,0.18711,0.22699,1514.0,1531.0,1429.0,2948.0,2861.0,2724.0,1050.0,1033.0,908.0,-0.98542,-0.17012,0.33528,-0.94212,180,2018-06-14,266,592.0,0.01019,val
2017-09-22,bhsi_value,596.0,6.39024,586.0,576.0,562.0,536.0,520.0,504.0,487.0,470.0,466.0,464.0,562.29,23.34,533.29,34.06,500.8,38.75,492.12,29.99,478.86,33.58,0.01692,0.13641,0.20198,0.24606,1493.0,1514.0,1464.0,3147.0,2948.0,2628.0,1061.0,1050.0,923.0,-0.9882,-0.15314,0.30267,-0.9531,180,2018-06-15,266,593.0,-0.00505,val
2017-09-25,bhsi_value,602.0,6.40026,596.0,586.0,576.0,551.0,529.0,509.0,491.0,473.0,466.0,467.0,572.71,22.43,541.21,36.15,505.33,42.22,494.37,32.94,479.94,35.88,0.01002,0.12927,0.20381,0.25607,1474.0,1493.0,1499.0,3173.0,3147.0,2642.0,1068.0,1061.0,950.0,-0.99479,-0.10196,0.20286,-0.97921,180,2018-06-18,266,595.0,-0.0117,val
2017-09-26,bhsi_value,607.0,6.40853,602.0,596.0,586.0,562.0,536.0,513.0,494.0,474.0,465.0,468.0,582.86,19.38,549.29,37.3,510.07,45.28,496.68,35.77,481.11,38.21,0.00827,0.12439,0.20599,0.26649,1446.0,1474.0,1521.0,3101.0,3173.0,2685.0,1065.0,1068.0,977.0,-0.9964,-0.08483,0.16906,-0.98561,180,2018-06-19,266,594.0,-0.02165,val
2017-09-27,bhsi_value,613.0,6.41836,607.0,602.0,596.0,576.0,551.0,520.0,499.0,477.0,464.0,470.0,591.71,16.79,557.43,37.88,515.03,48.04,499.07,38.57,482.41,40.61,0.00984,0.10663,0.20576,0.27848,1406.0,1446.0,1529.0,2942.0,3101.0,2681.0,1054.0,1065.0,997.0,-0.99771,-0.06768,0.13506,-0.99084,180,2018-06-20,266,593.0,-0.03317,val
2017-09-28,bhsi_value,616.0,6.42325,613.0,607.0,602.0,586.0,562.0,529.0,504.0,482.0,464.0,470.0,599.43,13.44,565.43,37.57,520.1,50.35,501.5,41.18,483.86,42.96,0.00488,0.09175,0.20067,0.28336,1352.0,1406.0,1536.0,2824.0,2942.0,2723.0,1041.0,1054.0,1017.0,-0.99872,-0.05051,0.10089,-0.9949,180,2018-06-21,266,592.0,-0.03974,val
2017-09-29,bhsi_value,616.0,6.42325,616.0,613.0,607.0,596.0,576.0,536.0,509.0,486.0,465.0,470.0,605.14,10.43,573.07,36.18,525.13,52.11,503.93,43.49,485.39,45.13,0.0,0.06714,0.1908,0.28121,1308.0,1352.0,1531.0,2738.0,2824.0,2861.0,1021.0,1041.0,1033.0,-0.99944,-0.03332,0.06661,-0.99778,180,2018-06-22,266,593.0,-0.03805,val
2017-10-02,bhsi_value,614.0,6.41999,616.0,616.0,613.0,602.0,586.0,551.0,513.0,486.0,465.0,471.0,609.14,7.18,580.29,33.44,530.1,53.23,506.32,45.49,486.96,47.08,-0.00325,0.04668,0.17972,0.27796,1268.0,1308.0,1514.0,2671.0,2738.0,2948.0,1006.0,1021.0,1050.0,-0.99983,0.01828,-0.03655,-0.99933,180,2018-06-25,266,592.0,-0.03649,val
2017-10-03,bhsi_value,612.0,6.41673,614.0,616.0,616.0,607.0,596.0,562.0,520.0,487.0,466.0,474.0,611.43,4.78,586.86,29.79,534.97,53.82,508.62,47.26,488.54,48.83,-0.00326,0.02649,0.1629,0.27255,1247.0,1268.0,1493.0,2618.0,2671.0,3147.0,984.0,1006.0,1061.0,-0.99937,0.03547,-0.0709,-0.99748,180,2018-06-26,266,589.0,-0.03831,val
2017-10-04,bhsi_value,609.0,6.41182,612.0,614.0,616.0,613.0,602.0,576.0,529.0,491.0,468.0,477.0,612.43,3.16,592.57,25.51,539.67,53.92,510.82,48.78,490.19,50.34,-0.00491,0.01156,0.14083,0.26335,1276.0,1247.0,1474.0,2667.0,2618.0,3173.0,968.0,984.0,1068.0,-0.99861,0.05266,-0.10517,-0.99445,180,2018-06-27,266,585.0,-0.04021,val
2017-10-05,bhsi_value,607.0,6.40853,609.0,612.0,614.0,616.0,607.0,586.0,536.0,494.0,470.0,480.0,612.43,3.16,597.64,20.28,544.23,53.63,512.93,50.13,491.88,51.66,-0.00329,0.0,0.12439,0.2558,1345.0,1276.0,1446.0,2888.0,2667.0,3101.0,965.0,968.0,1065.0,-0.99756,0.06983,-0.13932,-0.99025,180,2018-06-28,266,583.0,-0.04034,val
2017-10-06,bhsi_value,610.0,6.41346,607.0,609.0,612.0,616.0,613.0,596.0,551.0,499.0,473.0,484.0,612.0,3.25,601.86,15.78,548.8,53.2,515.03,51.5,493.67,52.92,0.00493,-0.00491,0.10172,0.25436,1406.0,1345.0,1406.0,2929.0,2888.0,2942.0,971.0,965.0,1054.0,-0.99621,0.08698,-0.1733,-0.98487,180,2018-06-29,266,581.0,-0.04871,val
2017-10-09,bhsi_value,613.0,6.41836,610.0,607.0,609.0,614.0,616.0,602.0,562.0,504.0,474.0,486.0,611.57,2.87,605.5,11.46,553.43,52.53,517.15,52.85,495.52,54.13,0.00491,-0.00488,0.08686,0.25716,1438.0,1406.0,1352.0,2906.0,2929.0,2824.0,978.0,971.0,1041.0,-0.9904,0.13825,-0.27385,-0.96177,180,2018-07-02,266,575.0,-0.06399,val
2017-10-10,bhsi_value,618.0,6.42649,613.0,610.0,607.0,612.0,616.0,607.0,576.0,509.0,477.0,489.0,611.86,3.36,608.5,8.44,558.13,51.79,519.3,54.27,497.49,55.32,0.00812,0.00324,0.07038,0.25897,1465.0,1438.0,1308.0,2894.0,2906.0,2738.0,996.0,978.0,1021.0,-0.98787,0.15527,-0.30677,-0.95178,180,2018-07-03,266,571.0,-0.0791,val
2017-10-11,bhsi_value,623.0,6.43455,618.0,613.0,610.0,609.0,614.0,613.0,586.0,513.0,482.0,492.0,613.14,5.17,611.14,6.57,562.83,51.06,521.48,55.74,499.59,56.44,0.00806,0.01455,0.06123,0.2566,1504.0,1465.0,1268.0,2882.0,2894.0,2671.0,1020.0,996.0,1006.0,-0.98506,0.17224,-0.33932,-0.94067,180,2018-07-04,266,569.0,-0.09067,val
2017-10-12,bhsi_value,635.0,6.45362,623.0,618.0,613.0,607.0,612.0,616.0,596.0,520.0,486.0,495.0,616.43,9.16,613.93,7.72,567.8,50.58,523.82,57.49,501.88,57.7,0.01908,0.03689,0.06338,0.26742,1556.0,1504.0,1247.0,2859.0,2882.0,2618.0,1050.0,1020.0,984.0,-0.98195,0.18916,-0.37148,-0.92844,180,2018-07-05,266,565.0,-0.1168,val
2017-10-13,bhsi_value,649.0,6.47543,635.0,623.0,618.0,610.0,609.0,616.0,602.0,529.0,486.0,497.0,622.14,13.96,617.29,11.23,573.23,50.26,526.35,59.56,504.37,59.14,0.02181,0.06361,0.07518,0.28922,1606.0,1556.0,1276.0,2871.0,2859.0,2667.0,1069.0,1050.0,968.0,-0.97855,0.20602,-0.4032,-0.91511,180,2018-07-06,266,563.0,-0.14215,val
2017-10-16,bhsi_value,656.0,6.48616,649.0,635.0,623.0,613.0,607.0,614.0,607.0,536.0,487.0,499.0,629.14,16.64,620.79,14.61,578.87,49.75,528.97,61.71,506.93,60.63,0.01073,0.07763,0.07763,0.2979,1637.0,1606.0,1345.0,2980.0,2871.0,2888.0,1082.0,1069.0,965.0,-0.96662,0.25622,-0.49534,-0.8687,180,2018-07-09,266,562.0,-0.15466,val
2017-10-17,bhsi_value,663.0,6.49677,656.0,649.0,635.0,618.0,610.0,612.0,613.0,551.0,491.0,500.0,636.71,18.2,624.36,17.99,584.6,49.2,531.68,63.93,509.59,62.16,0.01061,0.08332,0.07841,0.30033,1651.0,1637.0,1406.0,3079.0,2980.0,2929.0,1094.0,1082.0,971.0,-0.96207,0.27281,-0.52493,-0.85115,180,2018-07-10,266,560.0,-0.16884,val
2017-10-18,bhsi_value,666.0,6.50129,663.0,656.0,649.0,623.0,613.0,609.0,616.0,562.0,494.0,500.0,644.29,17.77,627.93,20.73,590.33,48.32,534.45,66.05,512.28,63.61,0.00451,0.08292,0.07804,0.29875,1646.0,1651.0,1438.0,3134.0,3079.0,2906.0,1105.0,1094.0,978.0,-0.95723,0.28932,-0.55389,-0.83259,180,2018-07-11,266,558.0,-0.17693,val
2017-10-19,bhsi_value,673.0,6.51175,666.0,663.0,656.0,635.0,618.0,607.0,616.0,576.0,499.0,500.0,652.14,16.53,632.0,23.41,596.13,47.44,537.33,68.23,515.01,65.16,0.01046,0.08526,0.0885,0.29914,1648.0,1646.0,1465.0,3186.0,3134.0,2894.0,1116.0,1105.0,996.0,-0.95211,0.30574,-0.5822,-0.81304,180,2018-07-12,266,558.0,-0.18739,val
2017-10-20,bhsi_value,679.0,6.52062,673.0,666.0,663.0,649.0,623.0,610.0,614.0,586.0,504.0,500.0,660.14,13.82,636.64,25.71,601.97,46.51,540.32,70.41,517.77,66.77,0.00888,0.08607,0.10063,0.29804,1643.0,1648.0,1504.0,3145.0,3186.0,2882.0,1126.0,1116.0,1020.0,-0.94671,0.32208,-0.60983,-0.79253,180,2018-07-13,266,559.0,-0.19447,val
2017-10-23,bhsi_value,683.0,6.52649,679.0,673.0,666.0,656.0,635.0,613.0,612.0,596.0,509.0,498.0,667.0,11.33,641.71,27.3,607.77,45.39,543.4,72.51,520.52,68.39,0.00587,0.07287,0.10976,0.29405,1642.0,1643.0,1556.0,3187.0,3145.0,2859.0,1128.0,1126.0,1050.0,-0.92884,0.37048,-0.68824,-0.72549,180,2018-07-16,266,559.0,-0.20035,val
2017-10-24,bhsi_value,687.0,6.53233,683.0,679.0,673.0,663.0,649.0,618.0,609.0,602.0,513.0,496.0,672.43,10.47,647.29,28.01,613.57,44.0,546.58,74.52,523.3,70.0,0.00584,0.0569,0.12052,0.29206,1626.0,1642.0,1606.0,3202.0,3187.0,2871.0,1130.0,1128.0,1069.0,-0.92233,0.38641,-0.71279,-0.70138,180,2018-07-17,266,561.0,-0.20261,val
2017-10-25,bhsi_value,690.0,6.53669,687.0,683.0,679.0,666.0,656.0,623.0,607.0,607.0,520.0,492.0,677.29,9.57,653.21,27.64,619.23,42.51,549.88,76.39,526.07,71.6,0.00436,0.05053,0.12816,0.28286,1592.0,1626.0,1637.0,3202.0,3202.0,2980.0,1129.0,1130.0,1082.0,-0.91555,0.40221,-0.73649,-0.67645,180,2018-07-18,266,561.0,-0.20697,val
2017-10-26,bhsi_value,688.0,6.53379,690.0,687.0,683.0,673.0,663.0,635.0,610.0,613.0,529.0,488.0,680.86,8.13,658.79,26.19,624.53,40.81,553.22,77.96,528.77,73.06,-0.0029,0.03701,0.12033,0.2628,1553.0,1592.0,1651.0,3182.0,3202.0,3079.0,1117.0,1129.0,1094.0,-0.90849,0.4179,-0.75932,-0.65071,180,2018-07-19,266,561.0,-0.20407,val
2017-10-27,bhsi_value,687.0,6.53233,688.0,690.0,687.0,679.0,666.0,649.0,613.0,616.0,536.0,482.0,683.86,5.57,664.07,23.77,629.57,38.84,556.63,79.25,531.43,74.39,-0.00145,0.03104,0.11397,0.2482,1517.0,1553.0,1646.0,3220.0,3182.0,3134.0,1100.0,1117.0,1105.0,-0.90117,0.43347,-0.78126,-0.62421,180,2018-07-20,266,560.0,-0.2044,val
2017-10-30,bhsi_value,685.0,6.52942,687.0,688.0,690.0,683.0,673.0,656.0,618.0,616.0,551.0,478.0,685.57,3.37,668.86,20.54,634.03,37.22,560.08,80.25,534.03,75.62,-0.00292,0.01767,0.10293,0.21768,1498.0,1517.0,1648.0,3217.0,3220.0,3186.0,1081.0,1100.0,1116.0,-0.87761,0.47938,-0.84141,-0.54039,180,2018-07-23,266,560.0,-0.20148,val
2017-10-31,bhsi_value,679.0,6.52062,685.0,687.0,688.0,687.0,679.0,663.0,623.0,614.0,562.0,475.0,685.57,3.37,672.86,16.21,637.93,35.56,563.48,80.89,536.53,76.64,-0.0088,0.0,0.08607,0.18912,1492.0,1498.0,1643.0,3219.0,3217.0,3145.0,1060.0,1081.0,1126.0,-0.86923,0.4944,-0.8595,-0.51113,180,2018-07-24,266,559.0,-0.19447,val
2017-11-01,bhsi_value,673.0,6.51175,679.0,685.0,687.0,690.0,683.0,666.0,635.0,612.0,576.0,472.0,684.14,5.57,675.57,12.37,641.17,34.17,566.83,81.2,538.92,77.5,-0.00888,-0.01475,0.05812,0.15564,1503.0,1492.0,1642.0,3137.0,3219.0,3187.0,1043.0,1060.0,1128.0,-0.8606,0.50928,-0.87658,-0.48126,180,2018-07-25,266,556.0,-0.19098,val
2017-11-02,bhsi_value,668.0,6.50429,673.0,679.0,685.0,688.0,687.0,673.0,649.0,609.0,586.0,467.0,681.43,7.72,676.93,10.24,643.9,32.9,570.18,81.15,541.24,78.2,-0.00746,-0.02805,0.02886,0.13097,1539.0,1503.0,1626.0,3059.0,3137.0,3202.0,1027.0,1043.0,1130.0,-0.85171,0.52401,-0.89261,-0.45083,180,2018-07-26,266,554.0,-0.18712,val
2017-11-03,bhsi_value,664.0,6.49828,668.0,673.0,679.0,687.0,690.0,679.0,656.0,607.0,596.0,466.0,677.71,8.88,677.5,9.23,646.17,31.85,573.48,80.88,543.47,78.81,-0.00601,-0.03841,0.01212,0.10804,1562.0,1539.0,1592.0,3036.0,3059.0,3202.0,1014.0,1027.0,1129.0,-0.84257,0.53858,-0.90759,-0.41986,180,2018-07-27,266,553.0,-0.18292,val
2017-11-06,bhsi_value,661.0,6.49375,664.0,668.0,673.0,685.0,688.0,683.0,663.0,610.0,602.0,466.0,673.86,9.42,677.36,9.47,648.13,30.87,576.73,80.41,545.62,79.34,-0.00453,-0.04003,-0.00302,0.0935,1567.0,1562.0,1553.0,3044.0,3036.0,3182.0,1001.0,1014.0,1117.0,-0.81367,0.58133,-0.94602,-0.32411,180,2018-07-30,266,551.0,-0.18202,val
2017-11-07,bhsi_value,658.0,6.4892,661.0,664.0,668.0,679.0,687.0,687.0,666.0,613.0,607.0,465.0,669.71,9.1,676.79,10.34,649.83,29.94,579.95,79.73,547.73,79.78,-0.00455,-0.04313,-0.01208,0.08068,1558.0,1567.0,1517.0,3101.0,3044.0,3220.0,988.0,1001.0,1100.0,-0.80355,0.59524,-0.95661,-0.29138,180,2018-07-31,266,549.0,-0.18111,val
2017-11-08,bhsi_value,654.0,6.48311,658.0,661.0,664.0,673.0,685.0,690.0,673.0,618.0,613.0,464.0,665.29,8.07,675.43,11.88,651.2,29.16,583.12,78.83,549.78,80.11,-0.0061,-0.04631,-0.02864,0.06474,1515.0,1558.0,1498.0,3259.0,3101.0,3217.0,961.0,988.0,1081.0,-0.79319,0.60897,-0.96606,-0.2583,180,2018-08-01,266,547.0,-0.17866,val
2017-11-09,bhsi_value,648.0,6.47389,654.0,658.0,661.0,668.0,679.0,688.0,679.0,623.0,616.0,464.0,660.86,7.83,673.21,13.75,652.27,28.43,586.18,77.71,551.76,80.32,-0.00922,-0.04673,-0.04673,0.05064,1468.0,1515.0,1492.0,3349.0,3259.0,3219.0,936.0,961.0,1060.0,-0.7826,0.62253,-0.97438,-0.22492,180,2018-08-02,266,544.0,-0.17494,val
2017-11-10,bhsi_value,644.0,6.4677,648.0,654.0,658.0,664.0,673.0,687.0,683.0,635.0,616.0,465.0,656.71,7.98,670.43,15.34,653.2,27.67,589.17,76.42,553.69,80.42,-0.00619,-0.04405,-0.0588,0.04445,1418.0,1468.0,1503.0,3360.0,3349.0,3137.0,912.0,936.0,1043.0,-0.77177,0.6359,-0.98154,-0.19127,180,2018-08-03,266,543.0,-0.17059,val
2017-11-13,bhsi_value,642.0,6.46459,644.0,648.0,654.0,661.0,668.0,685.0,687.0,649.0,614.0,465.0,653.0,7.91,667.21,16.22,654.13,26.79,592.12,74.98,555.59,80.46,-0.00311,-0.0397,-0.06775,0.04459,1387.0,1418.0,1539.0,3351.0,3360.0,3059.0,888.0,912.0,1027.0,-0.73794,0.67486,-0.99602,-0.08912,180,2018-08-06,266,542.0,-0.16932,val
2017-11-14,bhsi_value,640.0,6.46147,642.0,644.0,648.0,658.0,664.0,679.0,690.0,656.0,612.0,466.0,649.57,7.59,663.64,16.32,655.07,25.77,595.02,73.39,557.43,80.48,-0.00312,-0.03681,-0.07522,0.04474,1346.0,1387.0,1562.0,3209.0,3351.0,3036.0,872.0,888.0,1014.0,-0.72622,0.68746,-0.9985,-0.05481,180,2018-08-07,266,541.0,-0.16805,val
2017-11-15,bhsi_value,637.0,6.45677,640.0,642.0,644.0,654.0,661.0,673.0,688.0,663.0,609.0,468.0,646.14,7.06,660.0,16.16,656.0,24.57,597.83,71.69,559.21,80.45,-0.0047,-0.03698,-0.07702,0.04495,1320.0,1346.0,1567.0,3108.0,3209.0,3044.0,858.0,872.0,1001.0,-0.71429,0.69985,-0.99979,-0.02043,180,2018-08-08,266,541.0,-0.16335,val
2017-11-16,bhsi_value,634.0,6.45205,637.0,640.0,642.0,648.0,658.0,668.0,687.0,666.0,607.0,470.0,642.71,6.25,656.21,15.59,656.9,23.21,600.57,69.86,560.92,80.38,-0.00472,-0.03716,-0.08029,0.04352,1298.0,1320.0,1558.0,3084.0,3108.0,3101.0,849.0,858.0,988.0,-0.70215,0.71203,-0.9999,0.01398,180,2018-08-09,266,543.0,-0.15494,val
2017-11-17,bhsi_value,630.0,6.44572,634.0,637.0,640.0,644.0,654.0,664.0,685.0,673.0,610.0,473.0,639.29,5.67,652.29,14.75,657.57,22.12,603.18,67.95,562.54,80.29,-0.00633,-0.03739,-0.0837,0.03226,1285.0,1298.0,1515.0,3153.0,3084.0,3259.0,845.0,849.0,961.0,-0.6898,0.724,-0.99883,0.04836,180,2018-08-10,266,542.0,-0.15045,val
2017-11-20,bhsi_value,628.0,6.44254,630.0,634.0,637.0,642.0,648.0,661.0,679.0,679.0,613.0,474.0,636.43,5.6,648.64,13.98,658.07,21.26,605.75,65.9,564.12,80.16,-0.00318,-0.03135,-0.07808,0.02418,1280.0,1285.0,1468.0,3214.0,3153.0,3349.0,850.0,845.0,936.0,-0.65153,0.75862,-0.98853,0.15102,180,2018-08-13,266,543.0,-0.14543,val
2017-11-21,bhsi_value,625.0,6.43775,628.0,630.0,634.0,640.0,644.0,658.0,673.0,683.0,618.0,477.0,633.71,5.87,645.21,13.47,658.3,20.85,608.22,63.77,565.63,80.01,-0.00479,-0.02995,-0.07399,0.01126,1275.0,1280.0,1418.0,3255.0,3214.0,3360.0,856.0,850.0,912.0,-0.63838,0.76972,-0.98275,0.18493,180,2018-08-14,266,543.0,-0.14064,val
2017-11-22,bhsi_value,624.0,6.43615,625.0,628.0,630.0,637.0,642.0,654.0,668.0,687.0,623.0,482.0,631.14,5.62,642.07,12.9,658.33,20.8,610.58,61.64,567.1,79.86,-0.0016,-0.02844,-0.06814,0.0016,1281.0,1275.0,1387.0,3298.0,3255.0,3351.0,875.0,856.0,888.0,-0.62505,0.78058,-0.97581,0.21863,180,2018-08-15,266,543.0,-0.13904,val
2017-11-23,bhsi_value,622.0,6.43294,624.0,625.0,628.0,634.0,640.0,648.0,664.0,690.0,635.0,486.0,628.57,5.07,639.07,12.33,657.9,21.4,612.85,59.48,568.51,79.69,-0.00321,-0.02853,-0.06534,-0.02068,1284.0,1281.0,1346.0,3420.0,3298.0,3209.0,899.0,875.0,872.0,-0.61153,0.79122,-0.96771,0.25206,180,2018-08-16,266,544.0,-0.13399,val
2017-11-24,bhsi_value,620.0,6.42972,622.0,624.0,625.0,630.0,637.0,644.0,661.0,688.0,649.0,486.0,626.14,4.49,636.14,11.62,656.93,22.42,615.08,57.15,569.88,79.51,-0.00322,-0.02705,-0.06403,-0.04571,1295.0,1284.0,1320.0,3453.0,3420.0,3108.0,914.0,899.0,858.0,-0.59783,0.80162,-0.95847,0.2852,180,2018-08-17,266,545.0,-0.12893,val
2017-11-27,bhsi_value,619.0,6.42811,620.0,622.0,624.0,628.0,634.0,642.0,658.0,687.0,656.0,487.0,624.0,3.74,633.36,10.68,655.7,23.43,617.28,54.66,571.21,79.32,-0.00161,-0.02394,-0.0611,-0.05806,1299.0,1295.0,1298.0,3540.0,3453.0,3084.0,923.0,914.0,849.0,-0.55568,0.83139,-0.92398,0.38244,180,2018-08-20,266,543.0,-0.131,val
2017-11-28,bhsi_value,620.0,6.42972,619.0,620.0,622.0,625.0,630.0,640.0,654.0,685.0,663.0,491.0,622.57,3.02,630.93,9.51,654.27,24.24,619.43,52.13,572.54,79.12,0.00161,-0.016,-0.05339,-0.06706,1320.0,1299.0,1285.0,3659.0,3540.0,3153.0,929.0,923.0,845.0,-0.5413,0.84083,-0.91028,0.41399,180,2018-08-21,266,543.0,-0.13261,val
2017-11-29,bhsi_value,622.0,6.43294,620.0,619.0,620.0,624.0,628.0,637.0,648.0,679.0,666.0,494.0,621.71,2.05,629.07,8.48,652.8,24.81,621.57,49.5,573.9,78.91,0.00322,-0.0096,-0.04095,-0.06835,1368.0,1320.0,1280.0,3740.0,3659.0,3214.0,936.0,929.0,850.0,-0.52675,0.85002,-0.8955,0.44506,180,2018-08-22,266,548.0,-0.12666,val
2017-11-30,bhsi_value,623.0,6.43455,622.0,620.0,619.0,622.0,625.0,634.0,644.0,673.0,673.0,499.0,621.43,1.68,627.57,7.51,651.13,25.07,623.63,46.86,575.27,78.68,0.00161,-0.00321,-0.03315,-0.0772,1433.0,1368.0,1275.0,3848.0,3740.0,3255.0,941.0,936.0,856.0,-0.51206,0.85895,-0.87966,0.4756,180,2018-08-23,266,547.0,-0.1301,val
2017-12-01,bhsi_value,626.0,6.43935,623.0,622.0,620.0,620.0,624.0,630.0,642.0,668.0,679.0,504.0,621.71,2.19,626.43,6.36,649.37,24.92,625.67,44.2,576.67,78.45,0.0048,0.0032,-0.02524,-0.08127,1494.0,1433.0,1281.0,4025.0,3848.0,3298.0,944.0,941.0,875.0,-0.4972,0.86763,-0.86278,0.50558,180,2018-08-24,266,551.0,-0.12762,val
2017-12-04,bhsi_value,626.0,6.43935,626.0,623.0,622.0,619.0,622.0,628.0,640.0,664.0,683.0,509.0,622.29,2.66,625.43,5.12,647.47,24.45,627.62,41.51,578.09,78.17,0.0,0.00641,-0.02212,-0.08714,1559.0,1494.0,1284.0,4129.0,4025.0,3420.0,944.0,944.0,899.0,-0.45179,0.89213,-0.8061,0.59178,180,2018-08-28,267,554.0,-0.12219,val
2017-12-05,bhsi_value,628.0,6.44254,626.0,626.0,623.0,620.0,620.0,625.0,637.0,661.0,687.0,513.0,623.43,3.11,624.79,4.09,645.5,23.54,629.53,38.73,579.56,77.85,0.00319,0.01282,-0.01423,-0.08979,1571.0,1559.0,1295.0,4115.0,4129.0,3453.0,944.0,944.0,914.0,-0.43637,0.89977,-0.78527,0.61916,180,2018-08-29,267,556.0,-0.12177,val
2017-12-06,bhsi_value,629.0,6.44413,628.0,626.0,626.0,622.0,619.0,624.0,634.0,658.0,690.0,520.0,624.86,3.04,624.43,3.44,643.47,22.21,631.35,36.01,581.08,77.47,0.00159,0.01603,-0.00792,-0.09256,1563.0,1571.0,1299.0,4126.0,4115.0,3540.0,945.0,944.0,923.0,-0.42083,0.90714,-0.7635,0.6458,180,2018-08-30,267,559.0,-0.11798,val
2017-12-07,bhsi_value,630.0,6.44572,629.0,628.0,626.0,623.0,620.0,622.0,630.0,654.0,688.0,529.0,626.29,2.76,624.43,3.44,641.53,20.72,633.03,33.46,582.66,77.0,0.00159,0.016,0.0,-0.08807,1564.0,1563.0,1320.0,4147.0,4126.0,3659.0,944.0,945.0,929.0,-0.40516,0.91424,-0.74084,0.67168,180,2018-08-31,267,562.0,-0.11422,val
2017-12-08,bhsi_value,631.0,6.44731,630.0,629.0,628.0,626.0,622.0,620.0,628.0,648.0,687.0,536.0,627.57,2.56,624.64,3.73,639.67,18.99,634.62,30.99,584.31,76.42,0.00159,0.01437,0.00477,-0.08503,1588.0,1564.0,1368.0,4193.0,4147.0,3740.0,943.0,944.0,936.0,-0.38938,0.92108,-0.7173,0.69677,180,2018-09-03,269,563.0,-0.11403,val
2017-12-11,bhsi_value,632.0,6.44889,631.0,630.0,629.0,626.0,623.0,619.0,625.0,644.0,685.0,551.0,628.86,2.17,625.14,4.19,637.9,17.06,635.97,29.02,586.02,75.74,0.00158,0.01434,0.01114,-0.08053,1624.0,1588.0,1433.0,4272.0,4193.0,3848.0,939.0,943.0,941.0,-0.34135,0.93994,-0.64169,0.76697,180,2018-09-04,267,564.0,-0.11384,val
2017-12-12,bhsi_value,633.0,6.45047,632.0,631.0,630.0,628.0,626.0,620.0,624.0,642.0,679.0,562.0,629.86,2.23,625.79,4.63,636.37,15.27,637.15,27.38,587.78,74.97,0.00158,0.01112,0.01432,-0.07015,1672.0,1624.0,1494.0,4293.0,4272.0,4025.0,942.0,939.0,944.0,-0.32513,0.94567,-0.61493,0.78858,180,2018-09-05,267,565.0,-0.11364,val
2017-12-13,bhsi_value,633.0,6.45047,633.0,632.0,631.0,629.0,626.0,622.0,622.0,640.0,673.0,576.0,630.86,1.81,626.57,4.85,635.03,13.68,638.1,26.2,589.57,74.1,0.0,0.01112,0.01753,-0.06127,1718.0,1672.0,1559.0,4211.0,4293.0,4129.0,943.0,942.0,944.0,-0.30881,0.95112,-0.58744,0.80927,180,2018-09-06,267,565.0,-0.11364,val
2017-12-14,bhsi_value,635.0,6.45362,633.0,633.0,632.0,630.0,628.0,623.0,620.0,637.0,668.0,586.0,631.86,1.88,627.64,4.94,633.93,12.23,638.92,25.32,591.43,73.1,0.00315,0.01108,0.02391,-0.05066,1714.0,1718.0,1571.0,3936.0,4211.0,4115.0,944.0,943.0,944.0,-0.29241,0.95629,-0.55925,0.829,180,2018-09-07,267,568.0,-0.1115,val
2017-12-15,bhsi_value,636.0,6.4552,635.0,633.0,633.0,631.0,629.0,626.0,619.0,634.0,664.0,596.0,632.86,1.96,628.86,4.75,633.0,10.9,639.58,24.7,593.32,72.02,0.00157,0.01107,0.02709,-0.04308,1677.0,1714.0,1563.0,3777.0,3936.0,4126.0,942.0,944.0,945.0,-0.27591,0.96118,-0.53041,0.84774,180,2018-09-10,269,569.0,-0.11132,val
2017-12-18,bhsi_value,637.0,6.45677,636.0,635.0,633.0,632.0,630.0,626.0,620.0,630.0,661.0,602.0,633.86,2.03,630.07,4.5,632.2,9.62,640.17,24.21,595.22,70.89,0.00157,0.01105,0.02705,-0.03698,1643.0,1677.0,1564.0,3656.0,3777.0,4147.0,943.0,942.0,944.0,-0.22596,0.97414,-0.44024,0.89788,180,2018-09-11,267,572.0,-0.10763,val
2017-12-19,bhsi_value,636.0,6.4552,637.0,636.0,635.0,633.0,631.0,628.0,622.0,628.0,658.0,607.0,634.57,1.76,631.07,4.13,631.47,8.39,640.65,23.83,597.12,69.65,-0.00157,0.00789,0.02226,-0.03401,1593.0,1643.0,1588.0,3510.0,3656.0,4193.0,938.0,943.0,943.0,-0.20917,0.97788,-0.40909,0.91249,180,2018-09-12,267,576.0,-0.09909,val
2017-12-20,bhsi_value,632.0,6.44889,636.0,637.0,636.0,633.0,632.0,629.0,623.0,625.0,654.0,613.0,634.57,1.76,631.71,3.47,630.73,7.27,640.97,23.58,598.99,68.3,-0.00631,0.0,0.01434,-0.03422,1546.0,1593.0,1624.0,3216.0,3510.0,4272.0,933.0,938.0,939.0,-0.19232,0.98133,-0.37746,0.92602,180,2018-09-13,267,581.0,-0.08414,val
2017-12-21,bhsi_value,627.0,6.44095,632.0,636.0,637.0,635.0,633.0,630.0,626.0,624.0,648.0,616.0,633.71,3.19,631.79,3.36,630.03,6.55,641.15,23.43,600.8,66.84,-0.00794,-0.00952,0.0016,-0.03294,1445.0,1546.0,1672.0,3115.0,3216.0,4293.0,925.0,933.0,942.0,-0.17541,0.9845,-0.34539,0.93846,180,2018-09-14,267,588.0,-0.06422,val
2017-12-22,bhsi_value,625.0,6.43775,627.0,632.0,636.0,636.0,633.0,631.0,626.0,622.0,644.0,616.0,632.57,4.44,631.71,3.49,629.4,6.07,641.3,23.3,602.58,65.31,-0.00319,-0.01272,-0.0016,-0.02995,1395.0,1445.0,1718.0,2830.0,3115.0,4211.0,914.0,925.0,943.0,-0.15845,0.98737,-0.3129,0.94979,180,2018-09-17,269,596.0,-0.04751,val
2018-01-02,bhsi_value,612.0,6.41673,625.0,627.0,632.0,637.0,635.0,632.0,628.0,620.0,642.0,614.0,629.29,8.28,630.57,6.14,628.4,6.37,641.27,23.34,604.21,63.67,-0.02102,-0.03689,-0.02581,-0.04786,1340.0,1395.0,1714.0,2281.0,2830.0,3936.0,901.0,914.0,944.0,0.0344,0.99941,0.06876,0.99763,180,2018-09-18,259,600.0,-0.0198,val
2018-01-03,bhsi_value,607.0,6.40853,612.0,625.0,627.0,636.0,636.0,633.0,629.0,619.0,640.0,612.0,625.14,10.76,629.0,8.64,627.3,7.09,641.18,23.45,605.78,61.96,-0.0082,-0.04667,-0.0356,-0.05294,1332.0,1340.0,1677.0,2426.0,2281.0,3777.0,894.0,901.0,942.0,0.05158,0.99867,0.10303,0.99468,180,2018-09-19,259,604.0,-0.00495,val
2018-01-04,bhsi_value,604.0,6.40357,607.0,612.0,625.0,632.0,637.0,633.0,630.0,620.0,637.0,609.0,620.43,11.72,627.14,10.76,626.2,8.0,641.1,23.58,607.29,60.22,-0.00495,-0.0532,-0.04215,-0.0532,1365.0,1332.0,1643.0,2715.0,2426.0,3656.0,884.0,894.0,943.0,0.06876,0.99763,0.13719,0.99055,180,2018-09-20,259,612.0,0.01316,val
2018-01-05,bhsi_value,600.0,6.39693,604.0,607.0,612.0,627.0,636.0,635.0,631.0,622.0,634.0,607.0,615.29,11.66,624.93,12.75,625.07,9.14,640.98,23.76,608.73,58.44,-0.00664,-0.05827,-0.05038,-0.05512,1400.0,1365.0,1593.0,2791.0,2715.0,3510.0,884.0,884.0,938.0,0.08591,0.9963,0.17118,0.98524,180,2018-09-21,259,617.0,0.02794,val
2018-01-08,bhsi_value,594.0,6.38688,600.0,604.0,607.0,625.0,632.0,636.0,632.0,623.0,630.0,610.0,609.86,11.46,622.21,14.83,623.87,10.65,640.72,24.19,610.08,56.67,-0.01005,-0.06201,-0.06201,-0.05884,1424.0,1400.0,1546.0,2826.0,2791.0,3216.0,886.0,884.0,933.0,0.13719,0.99055,0.27178,0.96236,180,2018-09-24,259,622.0,0.04606,val
2018-01-09,bhsi_value,592.0,6.38351,594.0,600.0,604.0,612.0,627.0,637.0,633.0,626.0,628.0,613.0,604.86,10.48,619.29,16.38,622.67,12.05,640.37,24.74,611.39,54.84,-0.00337,-0.05744,-0.06696,-0.05903,1428.0,1424.0,1445.0,2820.0,2826.0,3115.0,889.0,886.0,925.0,0.1542,0.98804,0.30472,0.95244,180,2018-09-25,259,622.0,0.04943,val
2018-01-10,bhsi_value,589.0,6.37843,592.0,594.0,600.0,607.0,625.0,636.0,633.0,626.0,625.0,618.0,599.71,7.83,616.14,17.62,621.47,13.47,639.88,25.44,612.63,53.01,-0.00508,-0.05933,-0.07204,-0.05933,1404.0,1428.0,1395.0,2677.0,2820.0,2830.0,898.0,889.0,914.0,0.17118,0.98524,0.3373,0.9414,180,2018-09-26,259,626.0,0.06092,val
2018-01-11,bhsi_value,587.0,6.37502,589.0,592.0,594.0,604.0,612.0,632.0,635.0,628.0,624.0,623.0,596.14,7.08,612.71,18.27,620.23,14.81,639.28,26.25,613.8,51.25,-0.0034,-0.04171,-0.0786,-0.06113,1371.0,1404.0,1340.0,2384.0,2677.0,2281.0,902.0,898.0,901.0,0.1881,0.98215,0.36948,0.92924,180,2018-09-27,259,627.0,0.06592,val
2018-01-12,bhsi_value,587.0,6.37502,587.0,589.0,592.0,600.0,607.0,627.0,636.0,629.0,622.0,635.0,593.29,6.09,609.21,18.17,619.07,15.96,638.48,27.08,614.92,49.52,0.0,-0.0335,-0.08017,-0.05792,1348.0,1371.0,1332.0,2296.0,2384.0,2426.0,907.0,902.0,894.0,0.20497,0.97877,0.40123,0.91598,180,2018-09-28,259,629.0,0.06911,val
2018-01-15,bhsi_value,585.0,6.37161,587.0,587.0,589.0,594.0,604.0,625.0,637.0,630.0,620.0,649.0,590.57,4.81,605.5,17.41,617.9,17.09,637.42,27.89,616.02,47.71,-0.00341,-0.03196,-0.08516,-0.05811,1340.0,1348.0,1365.0,2231.0,2296.0,2715.0,908.0,907.0,884.0,0.25518,0.96689,0.49347,0.86976,180,2018-10-01,259,630.0,0.07411,val
2018-01-16,bhsi_value,583.0,6.36819,585.0,587.0,587.0,592.0,600.0,612.0,636.0,631.0,619.0,656.0,588.14,3.56,601.71,16.08,616.7,18.2,636.2,28.64,617.09,45.85,-0.00342,-0.02874,-0.08701,-0.05992,1329.0,1340.0,1400.0,2010.0,2231.0,2791.0,910.0,908.0,884.0,0.27178,0.96236,0.52309,0.85227,180,2018-10-02,259,631.0,0.07912,val
2018-01-17,bhsi_value,581.0,6.36475,583.0,585.0,587.0,589.0,594.0,607.0,632.0,632.0,620.0,663.0,586.29,3.41,598.07,14.5,615.4,19.27,634.83,29.28,618.09,44.03,-0.00344,-0.02213,-0.08414,-0.06497,1317.0,1329.0,1424.0,1743.0,2010.0,2826.0,910.0,910.0,886.0,0.28829,0.95754,0.5521,0.83378,180,2018-10-03,259,633.0,0.08572,val
2018-01-18,bhsi_value,580.0,6.36303,581.0,583.0,585.0,587.0,592.0,604.0,627.0,633.0,622.0,666.0,584.57,3.11,594.71,12.75,614.0,20.25,633.4,29.82,619.04,42.23,-0.00172,-0.02048,-0.07792,-0.06991,1311.0,1317.0,1428.0,1611.0,1743.0,2820.0,910.0,910.0,889.0,0.30472,0.95244,0.58045,0.81429,180,2018-10-04,259,634.0,0.08902,val
2018-01-19,bhsi_value,584.0,6.3699,580.0,581.0,583.0,587.0,589.0,600.0,625.0,633.0,623.0,673.0,583.86,2.53,591.79,9.84,612.7,20.87,631.92,30.02,619.99,40.44,0.00687,-0.00853,-0.06785,-0.06465,1333.0,1311.0,1404.0,1493.0,1611.0,2677.0,911.0,910.0,898.0,0.32106,0.94706,0.60812,0.79384,180,2018-10-05,259,637.0,0.08687,val
2018-01-22,bhsi_value,585.0,6.37161,584.0,580.0,581.0,585.0,587.0,594.0,612.0,635.0,626.0,679.0,583.57,2.26,589.86,8.19,611.33,21.29,630.35,29.98,620.89,38.72,0.00171,-0.00341,-0.04512,-0.06774,1362.0,1333.0,1371.0,1445.0,1493.0,2384.0,913.0,911.0,902.0,0.36948,0.92924,0.68668,0.72696,180,2018-10-08,259,639.0,0.08829,val
2018-01-23,bhsi_value,586.0,6.37332,585.0,584.0,580.0,583.0,587.0,592.0,607.0,636.0,626.0,683.0,583.43,2.06,588.36,6.7,610.0,21.58,628.73,29.71,621.74,37.05,0.00171,-0.00171,-0.03521,-0.06603,1404.0,1362.0,1348.0,1525.0,1445.0,2296.0,911.0,913.0,907.0,0.38541,0.92274,0.71128,0.70291,180,2018-10-09,259,643.0,0.09282,val
2018-01-24,bhsi_value,584.0,6.3699,586.0,585.0,584.0,581.0,585.0,589.0,604.0,637.0,628.0,687.0,583.29,1.98,586.93,5.17,608.53,21.8,627.02,29.27,622.53,35.45,-0.00342,-0.00171,-0.03367,-0.07264,1456.0,1404.0,1340.0,1676.0,1525.0,2231.0,908.0,911.0,908.0,0.40123,0.91598,0.73503,0.67803,180,2018-10-10,259,647.0,0.10245,val
2018-01-25,bhsi_value,581.0,6.36475,584.0,586.0,585.0,580.0,583.0,587.0,600.0,636.0,629.0,690.0,583.0,2.14,585.57,3.9,606.93,22.0,625.2,28.68,623.21,34.04,-0.00515,-0.00344,-0.03218,-0.07938,1481.0,1456.0,1329.0,1752.0,1676.0,2010.0,904.0,908.0,910.0,0.41693,0.90894,0.75792,0.65235,180,2018-10-11,259,652.0,0.11529,val
2018-01-26,bhsi_value,577.0,6.35784,581.0,584.0,586.0,584.0,581.0,587.0,594.0,632.0,630.0,688.0,582.43,2.97,584.36,3.73,605.17,22.21,623.35,28.14,623.74,32.91,-0.00691,-0.00691,-0.02904,-0.08788,1492.0,1481.0,1317.0,1772.0,1752.0,1743.0,900.0,904.0,910.0,0.4325,0.90163,0.77991,0.62589,180,2018-10-12,259,657.0,0.12984,val
2018-01-29,bhsi_value,573.0,6.35089,577.0,581.0,584.0,585.0,580.0,585.0,592.0,627.0,631.0,687.0,581.43,4.44,583.0,4.14,603.23,22.4,621.45,27.62,624.16,32.03,-0.00696,-0.01214,-0.03262,-0.09642,1485.0,1492.0,1311.0,1784.0,1772.0,1611.0,895.0,900.0,910.0,0.47843,0.87812,0.84025,0.5422,180,2018-10-15,259,661.0,0.14287,val
2018-01-30,bhsi_value,566.0,6.33859,573.0,577.0,581.0,586.0,584.0,583.0,589.0,625.0,632.0,685.0,578.86,6.79,581.36,5.7,601.03,22.7,619.47,27.26,624.32,31.69,-0.01229,-0.03131,-0.03983,-0.1103,1450.0,1485.0,1333.0,1748.0,1784.0,1493.0,889.0,895.0,911.0,0.49347,0.86976,0.8584,0.51298,180,2018-10-16,259,663.0,0.15818,val
2018-01-31,bhsi_value,558.0,6.32436,566.0,573.0,577.0,584.0,585.0,581.0,587.0,612.0,633.0,679.0,575.0,9.38,579.29,8.06,598.53,23.17,617.45,27.26,624.28,31.78,-0.01424,-0.04725,-0.05067,-0.12611,1411.0,1450.0,1362.0,1613.0,1748.0,1445.0,884.0,889.0,913.0,0.50836,0.86115,0.87554,0.48315,180,2018-10-17,259,665.0,0.17543,val
2018-02-01,bhsi_value,552.0,6.31355,558.0,566.0,573.0,581.0,586.0,580.0,587.0,607.0,633.0,673.0,570.14,11.08,576.79,10.37,595.83,23.71,615.43,27.55,624.01,32.28,-0.01081,-0.05977,-0.06148,-0.13692,1378.0,1411.0,1404.0,1528.0,1613.0,1525.0,877.0,884.0,911.0,0.52309,0.85227,0.89164,0.45274,180,2018-10-18,259,668.0,0.19074,val
2018-02-02,bhsi_value,547.0,6.30445,552.0,558.0,566.0,577.0,584.0,584.0,585.0,604.0,635.0,668.0,564.86,11.99,574.07,12.6,592.9,24.12,613.42,28.05,623.58,33.04,-0.0091,-0.06545,-0.06716,-0.14918,1359.0,1378.0,1456.0,1470.0,1528.0,1676.0,872.0,877.0,908.0,0.53768,0.84315,0.90669,0.42181,180,2018-10-19,259,670.0,0.20283,val
2018-02-05,bhsi_value,543.0,6.29711,547.0,552.0,558.0,573.0,581.0,585.0,583.0,600.0,636.0,664.0,559.43,12.06,571.21,14.62,589.8,24.36,611.4,28.68,622.99,33.99,-0.00734,-0.06764,-0.07108,-0.15809,1339.0,1359.0,1481.0,1433.0,1470.0,1752.0,865.0,872.0,904.0,0.58045,0.81429,0.94532,0.32614,180,2018-10-22,259,671.0,0.21166,val
2018-02-06,bhsi_value,538.0,6.28786,543.0,547.0,552.0,566.0,577.0,586.0,581.0,594.0,637.0,661.0,553.86,11.65,568.14,16.63,586.5,24.45,609.35,29.45,622.28,35.07,-0.00925,-0.06998,-0.07689,-0.16891,1316.0,1339.0,1492.0,1519.0,1433.0,1772.0,857.0,865.0,900.0,0.59438,0.80419,0.95598,0.29343,180,2018-10-23,259,673.0,0.22389,val
2018-02-07,bhsi_value,532.0,6.27664,538.0,543.0,547.0,558.0,573.0,584.0,580.0,592.0,636.0,658.0,548.0,10.84,564.71,18.65,583.03,24.55,607.25,30.38,621.44,36.29,-0.01122,-0.07424,-0.08638,-0.17856,1293.0,1316.0,1485.0,1578.0,1519.0,1784.0,844.0,857.0,895.0,0.60812,0.79384,0.96551,0.26038,180,2018-10-24,259,675.0,0.23807,val
2018-02-08,bhsi_value,529.0,6.27099,532.0,538.0,543.0,552.0,566.0,581.0,584.0,589.0,632.0,654.0,542.71,9.74,560.79,19.93,579.6,24.67,605.17,31.37,620.51,37.56,-0.00566,-0.06761,-0.09891,-0.1779,1263.0,1293.0,1450.0,1662.0,1578.0,1748.0,833.0,844.0,889.0,0.62169,0.78327,0.97389,0.22701,180,2018-10-25,259,676.0,0.2452,val
2018-02-09,bhsi_value,526.0,6.2653,529.0,532.0,538.0,547.0,558.0,577.0,585.0,587.0,627.0,648.0,538.14,8.97,556.57,20.59,576.23,24.86,603.13,32.47,619.51,38.84,-0.00569,-0.05906,-0.10631,-0.17565,1250.0,1263.0,1411.0,1790.0,1662.0,1613.0,825.0,833.0,884.0,0.63507,0.77246,0.98112,0.19338,180,2018-10-26,259,675.0,0.24941,val
2018-02-12,bhsi_value,520.0,6.25383,526.0,529.0,532.0,543.0,552.0,573.0,586.0,587.0,625.0,644.0,533.57,8.89,551.86,20.86,572.73,25.14,601.07,33.72,618.44,40.22,-0.01147,-0.05972,-0.11949,-0.18392,1237.0,1250.0,1378.0,1824.0,1790.0,1528.0,819.0,825.0,877.0,0.67407,0.73867,0.99583,0.09126,180,2018-10-29,259,675.0,0.26088,val
2018-02-13,bhsi_value,518.0,6.24998,520.0,526.0,529.0,538.0,547.0,566.0,584.0,585.0,612.0,642.0,529.43,8.42,547.14,20.52,569.6,25.9,599.0,34.93,617.38,41.57,-0.00385,-0.05447,-0.11993,-0.16676,1228.0,1237.0,1359.0,1793.0,1824.0,1470.0,817.0,819.0,872.0,0.68668,0.72696,0.99838,0.05695,180,2018-10-30,259,675.0,0.26474,val
2018-02-14,bhsi_value,516.0,6.24611,518.0,520.0,526.0,532.0,543.0,558.0,581.0,583.0,607.0,640.0,525.57,7.44,542.5,19.67,566.57,26.66,596.93,36.09,616.31,42.9,-0.00387,-0.051,-0.11864,-0.16242,1231.0,1228.0,1339.0,1721.0,1793.0,1433.0,823.0,817.0,865.0,0.69908,0.71504,0.99975,0.02258,180,2018-10-31,259,671.0,0.26266,val
2018-02-15,bhsi_value,515.0,6.24417,516.0,518.0,520.0,529.0,538.0,552.0,577.0,581.0,604.0,637.0,522.29,6.2,538.07,18.34,563.6,27.27,594.9,37.2,615.27,44.19,-0.00194,-0.04369,-0.11368,-0.15941,1251.0,1231.0,1316.0,1663.0,1721.0,1519.0,832.0,823.0,857.0,0.71128,0.70291,0.99993,-0.01183,180,2018-11-01,259,668.0,0.26012,val
2018-02-16,bhsi_value,515.0,6.24417,515.0,516.0,518.0,526.0,532.0,547.0,573.0,580.0,600.0,634.0,519.86,5.17,533.93,16.43,560.77,27.75,592.92,38.22,614.24,45.42,0.0,-0.03248,-0.10672,-0.15276,1273.0,1251.0,1293.0,1608.0,1663.0,1578.0,837.0,832.0,844.0,0.72326,0.69057,0.99893,-0.04622,180,2018-11-02,259,666.0,0.25712,val
2018-02-19,bhsi_value,517.0,6.24804,515.0,515.0,516.0,520.0,529.0,543.0,566.0,584.0,594.0,630.0,518.14,3.6,530.43,14.31,558.2,28.12,591.03,39.12,613.21,46.55,0.00388,-0.02295,-0.09055,-0.13884,1294.0,1273.0,1263.0,1597.0,1608.0,1662.0,840.0,837.0,833.0,0.75792,0.65235,0.98885,-0.14889,180,2018-11-05,259,665.0,0.25174,val
2018-02-20,bhsi_value,519.0,6.2519,517.0,515.0,515.0,518.0,526.0,538.0,558.0,585.0,592.0,628.0,517.14,1.81,527.64,12.33,555.77,28.25,589.22,39.88,612.17,47.59,0.00386,-0.0134,-0.07246,-0.1316,1333.0,1294.0,1250.0,1678.0,1597.0,1790.0,847.0,840.0,825.0,0.76903,0.63921,0.98315,-0.18282,180,2018-11-06,259,663.0,0.24487,val
2018-02-21,bhsi_value,522.0,6.25767,519.0,517.0,515.0,516.0,520.0,532.0,552.0,586.0,589.0,625.0,517.43,2.32,525.5,10.36,553.53,28.18,587.5,40.52,611.1,48.51,0.00576,0.00384,-0.05588,-0.12076,1388.0,1333.0,1237.0,1717.0,1678.0,1824.0,856.0,847.0,819.0,0.77991,0.62589,0.97628,-0.21653,180,2018-11-07,259,660.0,0.23457,val
2018-02-22,bhsi_value,529.0,6.27099,522.0,519.0,517.0,515.0,518.0,529.0,547.0,584.0,587.0,624.0,519.0,4.69,524.21,8.58,551.6,27.8,585.92,40.91,610.06,49.25,0.01332,0.02101,-0.03346,-0.10404,1438.0,1388.0,1228.0,1725.0,1717.0,1793.0,871.0,856.0,817.0,0.79056,0.61238,0.96825,-0.24998,180,2018-11-08,259,658.0,0.21822,val
2018-02-23,bhsi_value,534.0,6.2804,529.0,522.0,519.0,515.0,516.0,526.0,543.0,581.0,587.0,622.0,521.57,6.8,523.57,7.4,549.83,27.17,584.45,41.17,608.93,49.81,0.00941,0.03429,-0.01671,-0.09463,1481.0,1438.0,1231.0,1722.0,1725.0,1721.0,892.0,871.0,823.0,0.80098,0.59869,0.95908,-0.28314,180,2018-11-09,259,656.0,0.20576,val
2018-02-26,bhsi_value,538.0,6.28786,534.0,529.0,522.0,517.0,515.0,520.0,538.0,577.0,585.0,620.0,524.86,8.24,523.57,7.4,548.27,26.45,583.08,41.33,607.7,50.18,0.00746,0.04369,0.0,-0.08375,1504.0,1481.0,1251.0,1680.0,1722.0,1663.0,919.0,892.0,832.0,0.8308,0.55658,0.9248,-0.38045,180,2018-11-12,259,654.0,0.19525,val
2018-02-27,bhsi_value,545.0,6.30079,538.0,534.0,529.0,519.0,515.0,518.0,532.0,573.0,583.0,619.0,529.14,9.67,524.5,9.04,547.0,25.65,581.85,41.34,606.47,50.34,0.01293,0.05662,0.02414,-0.0674,1513.0,1504.0,1273.0,1595.0,1680.0,1608.0,948.0,919.0,837.0,0.84025,0.5422,0.91117,-0.41203,180,2018-11-13,259,653.0,0.18079,val
2018-02-28,bhsi_value,557.0,6.32257,545.0,538.0,534.0,522.0,517.0,516.0,529.0,566.0,581.0,620.0,534.86,12.28,526.5,12.32,546.2,24.94,580.8,41.16,605.29,50.25,0.02178,0.07452,0.05158,-0.04219,1513.0,1513.0,1294.0,1560.0,1595.0,1597.0,973.0,948.0,840.0,0.84945,0.52767,0.89646,-0.44313,180,2018-11-14,259,652.0,0.15748,val
2018-03-01,bhsi_value,579.0,6.3613,557.0,545.0,538.0,529.0,519.0,515.0,526.0,558.0,580.0,622.0,543.43,17.88,530.29,18.28,546.17,24.9,580.08,40.81,604.32,49.9,0.03874,0.1094,0.096,-0.00173,1505.0,1513.0,1333.0,1568.0,1560.0,1678.0,992.0,973.0,847.0,0.8584,0.51298,0.88068,-0.47371,180,2018-11-15,259,649.0,0.11413,val
2018-03-02,bhsi_value,586.0,6.37332,579.0,557.0,545.0,534.0,522.0,515.0,520.0,552.0,584.0,623.0,552.57,20.72,535.0,22.94,546.23,25.0,579.47,40.43,603.36,49.4,0.01202,0.11565,0.11949,0.00342,1500.0,1505.0,1388.0,1592.0,1568.0,1717.0,1004.0,992.0,856.0,0.8671,0.49814,0.86387,-0.50372,180,2018-11-16,259,646.0,0.09748,val
2018-03-05,bhsi_value,590.0,6.38012,586.0,579.0,557.0,538.0,529.0,517.0,518.0,547.0,585.0,626.0,561.29,21.78,540.14,26.37,546.4,25.28,578.87,40.0,602.37,48.77,0.0068,0.10913,0.13015,0.00851,1502.0,1500.0,1438.0,1597.0,1592.0,1725.0,1006.0,1004.0,871.0,0.89164,0.45274,0.80737,-0.59004,180,2018-11-19,259,645.0,0.08913,val
2018-03-06,bhsi_value,595.0,6.38856,590.0,586.0,579.0,545.0,534.0,519.0,516.0,543.0,586.0,626.0,570.0,21.31,545.79,28.92,546.7,25.79,578.35,39.59,601.39,48.02,0.00844,0.10817,0.14245,0.01524,1528.0,1502.0,1481.0,1587.0,1597.0,1722.0,1013.0,1006.0,892.0,0.8993,0.43734,0.7866,-0.61747,180,2018-11-20,259,644.0,0.07914,val
2018-03-07,bhsi_value,599.0,6.39526,595.0,590.0,586.0,557.0,538.0,522.0,515.0,538.0,584.0,628.0,578.71,18.77,551.79,30.58,547.2,26.64,577.87,39.15,600.41,47.15,0.0067,0.1074,0.15109,0.02536,1553.0,1528.0,1504.0,1495.0,1587.0,1680.0,1020.0,1013.0,919.0,0.90669,0.42181,0.76489,-0.64416,180,2018-11-21,259,642.0,0.06933,val
2018-03-08,bhsi_value,607.0,6.40853,599.0,595.0,590.0,579.0,545.0,529.0,515.0,532.0,581.0,629.0,587.57,15.02,558.36,31.83,548.07,28.11,577.5,38.77,599.49,46.19,0.01327,0.10774,0.16436,0.04378,1590.0,1553.0,1513.0,1489.0,1495.0,1595.0,1026.0,1020.0,948.0,0.91381,0.40615,0.74228,-0.67009,180,2018-11-22,259,638.0,0.04981,val
2018-03-09,bhsi_value,611.0,6.4151,607.0,599.0,595.0,586.0,557.0,534.0,517.0,529.0,577.0,630.0,595.29,10.54,565.07,32.31,549.2,29.88,577.18,38.42,598.63,45.25,0.00657,0.09253,0.16705,0.05725,1615.0,1590.0,1513.0,1479.0,1489.0,1560.0,1032.0,1026.0,973.0,0.92066,0.39037,0.71879,-0.69523,180,2018-11-23,259,635.0,0.03853,val
2018-03-12,bhsi_value,615.0,6.42162,611.0,607.0,599.0,590.0,579.0,538.0,519.0,526.0,573.0,631.0,600.43,10.11,571.93,31.99,550.6,31.88,576.92,38.1,597.83,44.31,0.00653,0.06032,0.16972,0.07074,1624.0,1615.0,1505.0,1425.0,1479.0,1568.0,1040.0,1032.0,992.0,0.93957,0.34236,0.64334,-0.76558,180,2018-11-26,259,633.0,0.02885,val
2018-03-13,bhsi_value,617.0,6.42487,615.0,611.0,607.0,595.0,586.0,545.0,522.0,520.0,566.0,632.0,604.86,9.6,578.71,30.73,552.3,33.95,576.67,37.79,597.08,43.38,0.00325,0.05155,0.1672,0.08627,1623.0,1624.0,1500.0,1362.0,1425.0,1592.0,1049.0,1040.0,1004.0,0.94532,0.32614,0.61662,-0.78726,180,2018-11-27,259,631.0,0.02244,val
2018-03-14,bhsi_value,622.0,6.43294,617.0,615.0,611.0,599.0,590.0,557.0,529.0,518.0,558.0,633.0,609.43,9.04,585.36,29.28,554.43,36.18,576.48,37.54,596.44,42.59,0.00807,0.05282,0.16195,0.10858,1623.0,1623.0,1502.0,1312.0,1362.0,1597.0,1061.0,1049.0,1006.0,0.95079,0.30983,0.58918,-0.808,180,2018-11-28,259,629.0,0.01119,val
2018-03-15,bhsi_value,626.0,6.43935,622.0,617.0,615.0,607.0,595.0,579.0,534.0,516.0,552.0,633.0,613.86,8.46,591.93,27.27,556.9,38.38,576.37,37.37,595.92,41.93,0.00641,0.05079,0.15895,0.1258,1619.0,1623.0,1528.0,1238.0,1312.0,1587.0,1077.0,1061.0,1013.0,0.95598,0.29343,0.56103,-0.82779,180,2018-11-29,259,628.0,0.00319,val
2018-03-16,bhsi_value,627.0,6.44095,626.0,622.0,617.0,611.0,599.0,586.0,538.0,515.0,547.0,635.0,617.86,6.98,598.29,24.16,559.57,40.33,576.23,37.18,595.47,41.37,0.0016,0.04568,0.15309,0.1365,1618.0,1619.0,1553.0,1203.0,1238.0,1495.0,1091.0,1077.0,1020.0,0.96089,0.27695,0.53223,-0.8466,180,2018-11-30,259,626.0,-0.0016,val
2018-03-19,bhsi_value,629.0,6.44413,627.0,626.0,622.0,615.0,607.0,590.0,545.0,515.0,543.0,636.0,621.0,6.3,604.29,20.3,562.43,42.07,576.12,37.0,595.08,40.88,0.00318,0.0356,0.14335,0.14702,1621.0,1618.0,1590.0,1171.0,1203.0,1489.0,1099.0,1091.0,1026.0,0.97389,0.22701,0.44217,-0.89693,180,2018-12-03,259,626.0,-0.00478,val
2018-03-20,bhsi_value,630.0,6.44572,629.0,627.0,626.0,617.0,611.0,595.0,557.0,517.0,538.0,637.0,623.71,5.44,609.5,16.5,565.5,43.51,576.0,36.82,594.73,40.45,0.00159,0.03062,0.12315,0.15786,1615.0,1621.0,1615.0,1112.0,1171.0,1479.0,1109.0,1099.0,1032.0,0.97765,0.21022,0.41105,-0.91161,180,2018-12-04,259,625.0,-0.00797,val
2018-03-21,bhsi_value,634.0,6.45205,630.0,629.0,627.0,622.0,615.0,599.0,579.0,519.0,532.0,636.0,626.43,5.15,613.43,15.28,568.9,44.73,575.97,36.76,594.47,40.11,0.00633,0.03043,0.09075,0.17541,1606.0,1615.0,1624.0,1109.0,1112.0,1425.0,1117.0,1109.0,1040.0,0.98112,0.19338,0.37945,-0.92521,180,2018-12-05,259,625.0,-0.0143,val
2018-03-22,bhsi_value,639.0,6.4599,634.0,630.0,629.0,626.0,617.0,607.0,586.0,522.0,529.0,632.0,629.57,5.15,617.21,14.56,572.57,45.8,576.08,36.95,594.3,39.9,0.00786,0.03504,0.08658,0.18892,1593.0,1606.0,1623.0,1129.0,1109.0,1362.0,1122.0,1117.0,1049.0,0.98431,0.17647,0.3474,-0.93772,180,2018-12-06,259,625.0,-0.02215,val
2018-03-23,bhsi_value,641.0,6.46303,639.0,634.0,630.0,627.0,622.0,611.0,590.0,529.0,526.0,627.0,632.29,5.44,620.86,13.65,576.4,46.55,576.32,37.32,594.22,39.8,0.00313,0.03009,0.08291,0.19773,1587.0,1593.0,1623.0,1157.0,1129.0,1312.0,1121.0,1122.0,1061.0,0.9872,0.15951,0.31494,-0.94911,180,2018-12-07,259,625.0,-0.02528,val
2018-03-26,bhsi_value,645.0,6.46925,641.0,639.0,634.0,629.0,626.0,615.0,595.0,534.0,520.0,625.0,635.0,6.3,624.43,12.94,580.57,46.91,576.65,37.83,594.23,39.81,0.00622,0.0299,0.08069,0.21542,1575.0,1587.0,1619.0,1197.0,1157.0,1238.0,1116.0,1121.0,1077.0,0.99411,0.10838,0.21548,-0.97651,180,2018-12-10,259,624.0,-0.0331,val
2018-03-27,bhsi_value,648.0,6.47389,645.0,641.0,639.0,630.0,627.0,617.0,599.0,538.0,518.0,612.0,638.0,6.76,627.93,12.19,584.9,46.93,577.25,38.67,594.3,39.9,0.00464,0.03294,0.07863,0.22392,1552.0,1575.0,1618.0,1191.0,1197.0,1203.0,1106.0,1116.0,1091.0,0.99583,0.09126,0.18176,-0.98334,180,2018-12-11,259,623.0,-0.03934,val
2018-03-28,bhsi_value,650.0,6.47697,648.0,645.0,641.0,634.0,629.0,622.0,607.0,545.0,516.0,607.0,641.0,6.76,631.0,11.95,589.37,46.54,577.97,39.6,594.41,40.04,0.00308,0.03284,0.06844,0.23087,1520.0,1552.0,1621.0,1065.0,1191.0,1171.0,1093.0,1106.0,1099.0,0.99725,0.07412,0.14783,-0.98901,180,2018-12-12,259,622.0,-0.04403,val
2018-03-29,bhsi_value,652.0,6.48004,650.0,648.0,645.0,639.0,630.0,626.0,611.0,557.0,515.0,604.0,644.14,5.99,633.93,11.71,593.93,45.73,578.77,40.59,594.58,40.24,0.00307,0.03432,0.06495,0.23588,1495.0,1520.0,1615.0,1010.0,1065.0,1112.0,1080.0,1093.0,1109.0,0.99838,0.05695,0.11372,-0.99351,180,2018-12-13,259,621.0,-0.04871,val
2018-04-03,bhsi_value,650.0,6.47697,652.0,650.0,648.0,641.0,634.0,627.0,615.0,579.0,515.0,600.0,646.43,4.56,636.43,11.12,598.43,44.36,579.6,41.52,594.76,40.45,-0.00307,0.02492,0.05535,0.23281,1455.0,1495.0,1606.0,924.0,1010.0,1109.0,1067.0,1080.0,1117.0,0.99958,-0.02903,-0.05803,-0.99832,180,2018-12-14,255,617.0,-0.0521,val
2018-04-04,bhsi_value,648.0,6.47389,650.0,652.0,650.0,645.0,639.0,629.0,617.0,586.0,517.0,594.0,647.71,3.41,638.64,10.07,602.8,42.54,580.5,42.4,594.96,40.67,-0.00308,0.01399,0.04902,0.22585,1397.0,1455.0,1593.0,841.0,924.0,1129.0,1056.0,1067.0,1122.0,0.99893,-0.04622,-0.09233,-0.99573,180,2018-12-17,257,614.0,-0.0539,val
2018-04-05,bhsi_value,644.0,6.4677,648.0,650.0,652.0,648.0,641.0,630.0,622.0,590.0,519.0,592.0,648.14,2.64,640.21,9.01,606.97,40.19,581.37,43.15,595.13,40.85,-0.00619,0.00467,0.03476,0.21579,1343.0,1397.0,1587.0,809.0,841.0,1157.0,1042.0,1056.0,1121.0,0.99799,-0.06339,-0.12653,-0.99196,180,2018-12-18,257,611.0,-0.0526,val
2018-04-06,bhsi_value,643.0,6.46614,644.0,648.0,650.0,650.0,645.0,634.0,626.0,595.0,522.0,589.0,647.86,3.04,641.43,8.11,611.0,37.44,582.27,43.86,595.33,41.04,-0.00155,-0.00311,0.02679,0.20848,1317.0,1343.0,1575.0,824.0,809.0,1197.0,1032.0,1042.0,1116.0,0.99675,-0.08055,-0.16057,-0.98702,180,2018-12-19,257,607.0,-0.05762,val
2018-04-09,bhsi_value,638.0,6.45834,643.0,644.0,648.0,652.0,648.0,639.0,627.0,599.0,529.0,587.0,646.43,4.59,642.21,7.15,614.63,34.47,583.12,44.43,595.49,41.17,-0.00781,-0.01555,0.01739,0.18735,1315.0,1317.0,1552.0,854.0,824.0,1191.0,1024.0,1032.0,1106.0,0.99127,-0.13186,-0.26141,-0.96523,180,2018-12-20,255,602.0,-0.05808,val
2018-04-10,bhsi_value,636.0,6.4552,638.0,643.0,644.0,650.0,650.0,641.0,629.0,607.0,534.0,587.0,644.43,5.55,642.71,6.42,618.03,31.23,583.93,44.94,595.64,41.3,-0.00314,-0.02177,0.01107,0.1748,1319.0,1315.0,1520.0,930.0,854.0,1065.0,1016.0,1024.0,1093.0,0.98885,-0.14889,-0.29446,-0.95566,180,2018-12-21,255,597.0,-0.06328,val
2018-04-11,bhsi_value,634.0,6.45205,636.0,638.0,643.0,648.0,652.0,645.0,630.0,611.0,538.0,585.0,641.86,5.62,643.0,5.92,621.23,27.57,584.75,45.4,595.8,41.42,-0.00315,-0.028,0.00633,0.16419,1325.0,1319.0,1495.0,940.0,930.0,1010.0,1014.0,1016.0,1080.0,0.98615,-0.16588,-0.32716,-0.94497,180,2018-12-24,257,596.0,-0.06181,val
2018-04-12,bhsi_value,630.0,6.44572,634.0,636.0,638.0,644.0,650.0,648.0,634.0,615.0,545.0,583.0,639.0,5.83,642.71,6.42,624.07,23.68,585.53,45.76,595.92,41.5,-0.00633,-0.03125,-0.00633,0.14493,1335.0,1325.0,1455.0,982.0,940.0,924.0,1014.0,1014.0,1067.0,0.98315,-0.18282,-0.35947,-0.93316,180,2019-01-02,265,588.0,-0.06899,val
2018-04-13,bhsi_value,628.0,6.44254,630.0,634.0,636.0,643.0,648.0,650.0,639.0,617.0,557.0,581.0,636.14,5.62,641.93,7.42,626.43,20.15,586.32,46.08,596.01,41.56,-0.00318,-0.03135,-0.01736,0.11997,1351.0,1335.0,1397.0,1038.0,982.0,841.0,1013.0,1014.0,1056.0,0.97986,-0.1997,-0.39136,-0.92024,180,2019-01-03,265,578.0,-0.08297,val
2018-04-16,bhsi_value,626.0,6.43935,628.0,630.0,634.0,638.0,644.0,652.0,641.0,622.0,579.0,580.0,633.57,5.55,640.86,8.48,628.0,18.12,587.08,46.35,596.06,41.59,-0.00319,-0.02835,-0.02368,0.07805,1359.0,1351.0,1343.0,1061.0,1038.0,809.0,1016.0,1013.0,1042.0,0.96825,-0.24998,-0.48409,-0.87502,180,2019-01-04,263,571.0,-0.09196,val
2018-04-17,bhsi_value,626.0,6.43935,626.0,628.0,630.0,636.0,643.0,650.0,645.0,626.0,586.0,584.0,631.14,4.52,639.5,9.2,629.33,16.37,587.78,46.61,596.09,41.61,0.0,-0.02679,-0.0299,0.06603,1353.0,1359.0,1317.0,1152.0,1061.0,824.0,1018.0,1016.0,1032.0,0.96381,-0.2666,-0.5139,-0.85785,180,2019-01-07,265,563.0,-0.10607,val
2018-04-18,bhsi_value,626.0,6.43935,626.0,626.0,628.0,634.0,638.0,648.0,648.0,627.0,590.0,585.0,629.43,3.81,637.93,9.49,630.53,14.67,588.47,46.87,596.09,41.61,0.0,-0.01899,-0.03454,0.05923,1329.0,1353.0,1315.0,1402.0,1152.0,854.0,1022.0,1018.0,1024.0,0.95908,-0.28314,-0.54311,-0.83966,180,2019-01-08,265,556.0,-0.11858,val
2018-04-19,bhsi_value,623.0,6.43455,626.0,626.0,626.0,630.0,636.0,644.0,650.0,629.0,595.0,586.0,627.57,3.29,636.0,9.58,631.47,13.2,589.08,47.08,596.06,41.59,-0.0048,-0.02065,-0.04243,0.04599,1306.0,1329.0,1319.0,1668.0,1402.0,930.0,1022.0,1022.0,1016.0,0.95407,-0.29959,-0.57167,-0.82049,180,2019-01-09,265,546.0,-0.13193,val
2018-04-20,bhsi_value,621.0,6.43133,623.0,626.0,626.0,628.0,634.0,643.0,652.0,630.0,599.0,584.0,625.71,2.76,633.79,9.21,632.2,11.93,589.7,47.25,595.98,41.54,-0.00322,-0.02072,-0.04871,0.03607,1289.0,1306.0,1325.0,1915.0,1668.0,940.0,1025.0,1022.0,1014.0,0.94877,-0.31596,-0.59955,-0.80034,180,2019-01-10,265,536.0,-0.1472,val
2018-04-23,bhsi_value,621.0,6.43133,621.0,623.0,626.0,626.0,630.0,638.0,650.0,634.0,607.0,581.0,624.43,2.56,631.71,8.56,632.67,11.18,590.37,47.4,595.89,41.48,0.0,-0.01439,-0.04564,0.0228,1281.0,1289.0,1335.0,2009.0,1915.0,982.0,1027.0,1025.0,1014.0,0.93121,-0.36448,-0.67882,-0.7343,180,2019-01-11,263,524.0,-0.16984,val
2018-04-24,bhsi_value,617.0,6.42487,621.0,621.0,623.0,626.0,628.0,636.0,648.0,639.0,611.0,577.0,622.86,3.18,629.5,8.06,632.87,10.84,591.03,47.49,595.74,41.38,-0.00646,-0.01767,-0.04902,0.00977,1269.0,1281.0,1351.0,2130.0,2009.0,1038.0,1030.0,1027.0,1013.0,0.9248,-0.38045,-0.70368,-0.71052,180,2019-01-14,265,511.0,-0.1885,val
2018-04-25,bhsi_value,614.0,6.41999,617.0,621.0,621.0,626.0,626.0,634.0,644.0,641.0,615.0,573.0,621.14,4.12,627.36,7.91,632.83,10.9,591.72,47.52,595.56,41.26,-0.00487,-0.01936,-0.0477,-0.00163,1264.0,1269.0,1359.0,2314.0,2130.0,1061.0,1037.0,1030.0,1016.0,0.91812,-0.3963,-0.7277,-0.68589,180,2019-01-15,265,499.0,-0.20739,val
2018-04-26,bhsi_value,610.0,6.41346,614.0,617.0,621.0,623.0,626.0,630.0,643.0,645.0,617.0,566.0,618.86,5.11,625.0,7.81,632.6,11.3,592.45,47.46,595.31,41.1,-0.00654,-0.02589,-0.05269,-0.01141,1272.0,1264.0,1353.0,2306.0,2314.0,1152.0,1040.0,1037.0,1018.0,0.91117,-0.41203,-0.75086,-0.66046,180,2019-01-16,265,483.0,-0.23344,val
2018-04-27,bhsi_value,605.0,6.40523,610.0,614.0,617.0,621.0,626.0,628.0,638.0,648.0,622.0,558.0,615.86,6.1,622.64,8.48,632.03,12.21,593.23,47.27,595.0,40.92,-0.00823,-0.03412,-0.05311,-0.02771,1275.0,1272.0,1329.0,2251.0,2306.0,1402.0,1042.0,1040.0,1022.0,0.90395,-0.42765,-0.77314,-0.63424,180,2019-01-17,265,466.0,-0.26104,val
2018-04-30,bhsi_value,603.0,6.40192,605.0,610.0,614.0,621.0,623.0,626.0,636.0,650.0,626.0,552.0,613.0,6.74,620.29,9.01,631.27,13.24,594.08,46.98,594.67,40.73,-0.00331,-0.03263,-0.05328,-0.03743,1276.0,1275.0,1306.0,2173.0,2251.0,1668.0,1045.0,1042.0,1022.0,0.88068,-0.47371,-0.83437,-0.5512,180,2019-01-18,263,451.0,-0.29045,val
2018-05-01,bhsi_value,601.0,6.39859,603.0,605.0,610.0,617.0,621.0,626.0,634.0,652.0,627.0,547.0,610.14,6.98,617.93,9.42,630.4,14.3,594.98,46.58,594.29,40.52,-0.00332,-0.03274,-0.05345,-0.04235,1271.0,1276.0,1289.0,2136.0,2173.0,1915.0,1043.0,1045.0,1025.0,0.8724,-0.48879,-0.85284,-0.52218,180,2019-01-21,265,442.0,-0.30729,val
2018-05-02,bhsi_value,597.0,6.39192,601.0,603.0,605.0,614.0,621.0,626.0,630.0,650.0,629.0,543.0,606.71,6.69,615.57,10.2,629.33,15.51,595.88,46.09,593.86,40.28,-0.00668,-0.03941,-0.0538,-0.05221,1271.0,1271.0,1281.0,2197.0,2136.0,2009.0,1043.0,1043.0,1027.0,0.86387,-0.50372,-0.87029,-0.49253,180,2019-01-22,265,432.0,-0.32349,val
2018-05-03,bhsi_value,591.0,6.38182,597.0,601.0,603.0,610.0,617.0,623.0,628.0,648.0,630.0,538.0,603.0,7.15,612.93,11.37,628.03,16.96,596.77,45.48,593.34,40.02,-0.0101,-0.04305,-0.06072,-0.0639,1266.0,1271.0,1269.0,2308.0,2197.0,2130.0,1047.0,1043.0,1030.0,0.85507,-0.51851,-0.88672,-0.4623,180,2019-01-23,265,423.0,-0.33444,val
2018-05-04,bhsi_value,589.0,6.37843,591.0,597.0,601.0,605.0,614.0,621.0,626.0,644.0,634.0,532.0,599.43,7.01,610.29,12.28,626.53,18.31,597.72,44.7,592.82,39.76,-0.00339,-0.04157,-0.06092,-0.07362,1265.0,1266.0,1264.0,2337.0,2308.0,2314.0,1050.0,1047.0,1037.0,0.84603,-0.53314,-0.9021,-0.43153,180,2019-01-24,265,409.0,-0.36471,val
2018-05-08,bhsi_value,585.0,6.37161,589.0,591.0,597.0,603.0,610.0,621.0,626.0,643.0,639.0,529.0,595.86,7.08,607.36,13.05,624.73,19.6,598.65,43.83,592.3,39.55,-0.00681,-0.04185,-0.06774,-0.08829,1257.0,1265.0,1272.0,2482.0,2337.0,2306.0,1051.0,1050.0,1040.0,0.80737,-0.59004,-0.95277,-0.3037,180,2019-01-25,262,395.0,-0.39273,val
2018-05-09,bhsi_value,585.0,6.37161,585.0,589.0,591.0,601.0,605.0,617.0,626.0,638.0,641.0,526.0,593.0,6.85,604.43,13.14,622.87,20.6,599.63,42.84,591.83,39.39,0.0,-0.03362,-0.06774,-0.09142,1253.0,1257.0,1275.0,2616.0,2482.0,2251.0,1048.0,1051.0,1042.0,0.7971,-0.60385,-0.96265,-0.27074,180,2019-01-28,264,384.0,-0.42097,val
2018-05-10,bhsi_value,584.0,6.3699,585.0,585.0,589.0,597.0,603.0,614.0,623.0,636.0,645.0,520.0,590.29,6.06,601.64,13.04,620.83,21.32,600.7,41.63,591.38,39.24,-0.00171,-0.03202,-0.06465,-0.09935,1246.0,1253.0,1276.0,2565.0,2616.0,2173.0,1052.0,1048.0,1045.0,0.7866,-0.61747,-0.9714,-0.23747,180,2019-01-29,264,368.0,-0.46182,val
2018-05-11,bhsi_value,584.0,6.3699,584.0,585.0,585.0,591.0,601.0,610.0,621.0,634.0,648.0,518.0,587.86,4.49,599.0,12.59,618.7,21.69,601.8,40.28,591.07,39.18,0.0,-0.02869,-0.06143,-0.10399,1245.0,1246.0,1271.0,2630.0,2565.0,2136.0,1053.0,1052.0,1043.0,0.77586,-0.63091,-0.97899,-0.20391,180,2019-01-30,264,347.0,-0.52058,val
2018-05-14,bhsi_value,585.0,6.37161,584.0,584.0,585.0,589.0,597.0,605.0,621.0,630.0,650.0,516.0,586.14,2.53,596.43,11.46,616.53,21.7,602.95,38.77,590.82,39.15,0.00171,-0.02031,-0.05972,-0.10536,1240.0,1245.0,1271.0,2635.0,2630.0,2197.0,1055.0,1053.0,1043.0,0.74228,-0.67009,-0.99479,-0.10196,180,2019-01-31,262,328.0,-0.5786,val
2018-05-15,bhsi_value,586.0,6.37332,585.0,584.0,584.0,585.0,591.0,603.0,617.0,628.0,652.0,515.0,585.43,1.59,594.21,10.2,614.33,21.34,604.13,37.11,590.62,39.13,0.00171,-0.0085,-0.05155,-0.10672,1237.0,1240.0,1266.0,2602.0,2635.0,2308.0,1053.0,1055.0,1047.0,0.73064,-0.68276,-0.99771,-0.06768,180,2019-02-01,262,311.0,-0.63353,val
2018-05-16,bhsi_value,587.0,6.37502,586.0,585.0,584.0,585.0,589.0,601.0,614.0,626.0,650.0,515.0,585.14,0.99,592.29,8.72,612.23,20.82,605.33,35.33,590.48,39.12,0.00171,-0.0034,-0.04497,-0.10195,1237.0,1237.0,1265.0,2407.0,2602.0,2337.0,1056.0,1053.0,1050.0,0.71879,-0.69523,-0.99944,-0.03332,180,2019-02-04,264,301.0,-0.66791,val
2018-05-17,bhsi_value,589.0,6.37843,587.0,586.0,585.0,584.0,585.0,597.0,610.0,626.0,648.0,517.0,585.71,1.67,590.79,7.22,610.27,20.12,606.53,33.49,590.42,39.12,0.0034,0.00681,-0.03503,-0.09546,1239.0,1237.0,1257.0,2106.0,2407.0,2482.0,1064.0,1056.0,1051.0,0.70673,-0.70749,-1.0,0.00108,180,2019-02-05,264,294.0,-0.69485,val
2018-05-18,bhsi_value,590.0,6.38012,589.0,587.0,586.0,584.0,585.0,591.0,605.0,626.0,644.0,519.0,586.43,2.19,589.71,6.05,608.47,19.43,607.72,31.57,590.4,39.12,0.0017,0.00851,-0.02511,-0.08758,1241.0,1239.0,1253.0,2053.0,2106.0,2616.0,1069.0,1064.0,1048.0,0.69445,-0.71954,-0.99937,0.03547,180,2019-02-06,264,294.0,-0.69654,val
2018-05-21,bhsi_value,591.0,6.38182,590.0,589.0,587.0,585.0,584.0,589.0,603.0,623.0,643.0,522.0,587.43,2.44,588.86,4.84,606.73,18.57,608.87,29.63,590.42,39.12,0.00169,0.01192,-0.0201,-0.08433,1243.0,1241.0,1246.0,1957.0,2053.0,2565.0,1071.0,1069.0,1052.0,0.65641,-0.7544,-0.9904,0.13825,180,2019-02-07,262,290.0,-0.71194,val
2018-05-22,bhsi_value,590.0,6.38012,591.0,590.0,589.0,586.0,584.0,585.0,601.0,621.0,638.0,529.0,588.29,2.12,588.07,3.51,605.13,17.86,609.88,27.86,590.46,39.12,-0.00169,0.01022,-0.01847,-0.07822,1239.0,1243.0,1245.0,1854.0,1957.0,2630.0,1074.0,1071.0,1053.0,0.64334,-0.76558,-0.98506,0.17224,180,2019-02-08,262,290.0,-0.71024,val
2018-05-23,bhsi_value,591.0,6.38182,590.0,591.0,590.0,587.0,585.0,585.0,597.0,621.0,636.0,534.0,589.14,1.81,587.64,2.66,603.63,17.08,610.83,26.18,590.5,39.11,0.00169,0.0102,-0.0101,-0.07338,1222.0,1239.0,1240.0,1759.0,1854.0,2635.0,1074.0,1074.0,1055.0,0.63007,-0.77654,-0.97855,0.20602,180,2019-02-11,264,292.0,-0.70506,val
2018-05-24,bhsi_value,590.0,6.38012,591.0,590.0,591.0,589.0,586.0,584.0,591.0,617.0,634.0,538.0,589.71,1.28,587.57,2.58,602.17,16.28,611.7,24.56,590.56,39.11,-0.00169,0.0068,-0.00169,-0.07193,1202.0,1222.0,1237.0,1551.0,1759.0,2602.0,1074.0,1074.0,1053.0,0.61662,-0.78726,-0.97088,0.23956,180,2019-02-12,264,296.0,-0.68976,val
2018-05-25,bhsi_value,587.0,6.37502,590.0,591.0,590.0,590.0,587.0,584.0,589.0,614.0,630.0,545.0,589.71,1.28,587.43,2.56,600.73,15.64,612.4,23.21,590.6,39.1,-0.0051,0.0,-0.0034,-0.07069,1187.0,1202.0,1237.0,1395.0,1551.0,2407.0,1071.0,1074.0,1056.0,0.60299,-0.79775,-0.96207,0.27281,180,2019-02-13,264,302.0,-0.6646,val
2018-05-29,bhsi_value,586.0,6.37332,587.0,590.0,591.0,591.0,589.0,585.0,585.0,610.0,628.0,557.0,589.29,1.83,587.5,2.5,599.33,15.01,612.88,22.34,590.66,39.09,-0.00171,-0.00511,0.00171,-0.06922,1163.0,1187.0,1239.0,1324.0,1395.0,2106.0,1068.0,1071.0,1064.0,0.54671,-0.83732,-0.91555,0.40221,180,2019-02-14,261,311.0,-0.63353,val
2018-05-30,bhsi_value,584.0,6.3699,586.0,587.0,590.0,590.0,590.0,586.0,585.0,605.0,626.0,579.0,588.43,2.56,587.43,2.58,597.93,14.4,612.97,22.22,590.7,39.08,-0.00342,-0.01022,-0.00171,-0.06945,1149.0,1163.0,1241.0,1276.0,1324.0,2053.0,1064.0,1068.0,1069.0,0.53223,-0.8466,-0.90117,0.43347,180,2019-02-15,261,315.0,-0.61733,val
2018-05-31,bhsi_value,583.0,6.36819,584.0,586.0,587.0,591.0,591.0,587.0,584.0,603.0,626.0,586.0,587.29,2.91,587.36,2.69,596.5,13.66,612.92,22.29,590.69,39.09,-0.00171,-0.01363,-0.00171,-0.07116,1160.0,1149.0,1243.0,1401.0,1276.0,1957.0,1063.0,1064.0,1071.0,0.51759,-0.85563,-0.88572,0.46421,180,2019-02-18,263,322.0,-0.59364,val
2018-06-01,bhsi_value,583.0,6.36819,583.0,584.0,586.0,590.0,590.0,589.0,584.0,601.0,626.0,590.0,586.29,3.01,587.29,2.79,595.07,12.71,612.8,22.43,590.67,39.09,0.0,-0.01194,-0.00171,-0.07116,1192.0,1160.0,1239.0,1602.0,1401.0,1854.0,1061.0,1063.0,1074.0,0.50279,-0.86441,-0.86923,0.4944,180,2019-02-19,263,335.0,-0.55406,val
2018-06-04,bhsi_value,583.0,6.36819,583.0,583.0,584.0,587.0,591.0,590.0,585.0,597.0,623.0,595.0,585.14,2.47,587.14,2.95,593.73,11.77,612.6,22.64,590.63,39.09,0.0,-0.01363,-0.00342,-0.06636,1217.0,1192.0,1222.0,1712.0,1602.0,1759.0,1061.0,1061.0,1074.0,0.45753,-0.88919,-0.81367,0.58133,180,2019-02-20,261,345.0,-0.52464,val
2018-06-05,bhsi_value,584.0,6.3699,583.0,583.0,583.0,586.0,590.0,591.0,586.0,591.0,621.0,599.0,584.29,1.48,587.0,3.05,592.5,10.74,612.35,22.87,590.63,39.09,0.00171,-0.01022,-0.00342,-0.06143,1250.0,1217.0,1202.0,1835.0,1712.0,1551.0,1065.0,1061.0,1074.0,0.44217,-0.89693,-0.79319,0.60897,180,2019-02-21,261,353.0,-0.50343,val
2018-06-06,bhsi_value,583.0,6.36819,584.0,583.0,583.0,584.0,587.0,590.0,587.0,589.0,621.0,607.0,583.71,1.03,586.71,3.22,591.23,9.48,611.95,23.16,590.66,39.09,-0.00171,-0.00684,-0.00684,-0.06314,1290.0,1250.0,1187.0,2088.0,1835.0,1395.0,1065.0,1065.0,1071.0,0.42667,-0.90441,-0.77177,0.6359,180,2019-02-22,261,359.0,-0.48486,val
2018-06-07,bhsi_value,583.0,6.36819,583.0,584.0,583.0,583.0,586.0,591.0,589.0,585.0,617.0,611.0,583.29,0.45,586.29,3.28,590.1,8.28,611.48,23.46,590.72,39.07,0.0,-0.00513,-0.01024,-0.05668,1344.0,1290.0,1163.0,2220.0,2088.0,1324.0,1072.0,1065.0,1068.0,0.41105,-0.91161,-0.74944,0.66207,180,2019-02-25,263,366.0,-0.46555,val
2018-06-08,bhsi_value,584.0,6.3699,583.0,583.0,584.0,583.0,584.0,590.0,590.0,585.0,614.0,615.0,583.29,0.45,585.86,3.16,589.1,7.06,610.97,23.72,590.84,39.03,0.00171,0.0,-0.01022,-0.05009,1418.0,1344.0,1149.0,2151.0,2220.0,1276.0,1075.0,1072.0,1064.0,0.39531,-0.91855,-0.72622,0.68746,180,2019-02-26,263,372.0,-0.45101,val
2018-06-11,bhsi_value,586.0,6.37332,584.0,583.0,583.0,583.0,583.0,587.0,591.0,584.0,610.0,617.0,583.71,1.03,585.5,2.82,588.3,5.91,610.45,23.92,591.07,38.95,0.00342,0.00513,-0.0085,-0.04014,1451.0,1418.0,1160.0,2091.0,2151.0,1401.0,1078.0,1075.0,1063.0,0.3474,-0.93772,-0.65153,0.75862,180,2019-02-27,261,382.0,-0.4279,val
2018-06-12,bhsi_value,588.0,6.37673,586.0,584.0,583.0,584.0,583.0,586.0,590.0,584.0,605.0,622.0,584.43,1.76,585.36,2.64,587.73,5.03,609.88,24.04,591.4,38.79,0.00341,0.00854,-0.0034,-0.0285,1474.0,1451.0,1192.0,2068.0,2091.0,1602.0,1084.0,1078.0,1061.0,0.33122,-0.94355,-0.62505,0.78058,180,2019-02-28,261,388.0,-0.41572,val
2018-06-13,bhsi_value,591.0,6.38182,588.0,586.0,584.0,583.0,583.0,584.0,591.0,585.0,603.0,626.0,585.57,2.77,585.36,2.64,587.33,4.21,609.3,24.06,591.83,38.57,0.00509,0.01363,0.0,-0.0201,1488.0,1474.0,1217.0,2091.0,2068.0,1712.0,1088.0,1084.0,1061.0,0.31494,-0.94911,-0.59783,0.80162,180,2019-03-01,261,393.0,-0.40801,val
2018-06-14,bhsi_value,592.0,6.38351,591.0,588.0,586.0,583.0,584.0,583.0,590.0,586.0,601.0,627.0,586.71,3.45,585.5,2.92,587.03,3.49,608.72,24.05,592.33,38.27,0.00169,0.01361,0.00338,-0.01509,1498.0,1488.0,1250.0,2184.0,2091.0,1835.0,1089.0,1088.0,1065.0,0.29857,-0.95439,-0.5699,0.82171,180,2019-03-04,263,397.0,-0.39957,val
2018-06-15,bhsi_value,593.0,6.38519,592.0,591.0,588.0,584.0,583.0,583.0,587.0,587.0,597.0,629.0,588.14,3.68,585.93,3.49,586.9,3.17,608.12,23.99,592.89,37.91,0.00169,0.01701,0.01017,-0.00672,1495.0,1498.0,1290.0,2223.0,2184.0,2088.0,1091.0,1089.0,1065.0,0.28211,-0.95938,-0.5413,0.84083,180,2019-03-05,263,407.0,-0.37638,val
2018-06-18,bhsi_value,595.0,6.38856,593.0,592.0,591.0,586.0,583.0,583.0,586.0,589.0,591.0,630.0,589.86,3.68,586.57,4.2,587.03,3.41,607.53,23.87,593.52,37.46,0.00337,0.02037,0.01524,0.00675,1482.0,1495.0,1344.0,2228.0,2223.0,2220.0,1092.0,1091.0,1072.0,0.23224,-0.97266,-0.45179,0.89213,180,2019-03-06,261,413.0,-0.36511,val
2018-06-19,bhsi_value,594.0,6.38688,595.0,593.0,592.0,588.0,584.0,584.0,584.0,590.0,589.0,634.0,591.29,3.01,587.29,4.54,587.2,3.62,606.87,23.68,594.21,36.89,-0.00168,0.01698,0.01698,0.00845,1458.0,1482.0,1418.0,2187.0,2228.0,2151.0,1093.0,1092.0,1075.0,0.21548,-0.97651,-0.42083,0.90714,180,2019-03-07,261,418.0,-0.3514,val
2018-06-20,bhsi_value,593.0,6.38519,594.0,595.0,593.0,591.0,586.0,583.0,583.0,591.0,585.0,639.0,592.29,2.12,588.0,4.6,587.47,3.74,606.1,23.37,594.92,36.24,-0.00168,0.01187,0.01701,0.01358,1419.0,1458.0,1451.0,2090.0,2187.0,2091.0,1094.0,1093.0,1078.0,0.19865,-0.98007,-0.38938,0.92108,180,2019-03-08,261,421.0,-0.34256,val
2018-06-21,bhsi_value,592.0,6.38351,593.0,594.0,595.0,592.0,588.0,583.0,583.0,590.0,585.0,641.0,592.86,1.25,588.64,4.48,587.7,3.8,605.28,22.99,595.66,35.5,-0.00169,0.00678,0.01532,0.01189,1382.0,1419.0,1474.0,2038.0,2090.0,2068.0,1094.0,1094.0,1084.0,0.18176,-0.98334,-0.35746,0.93393,180,2019-03-11,263,424.0,-0.33377,val
2018-06-22,bhsi_value,593.0,6.38519,592.0,593.0,594.0,593.0,591.0,584.0,583.0,591.0,584.0,645.0,593.14,0.99,589.36,4.32,588.0,3.85,604.42,22.45,596.47,34.58,0.00169,0.00338,0.01701,0.01529,1355.0,1382.0,1488.0,2011.0,2038.0,2091.0,1092.0,1094.0,1088.0,0.16482,-0.98632,-0.32513,0.94567,180,2019-03-12,263,429.0,-0.32374,val
2018-06-25,bhsi_value,592.0,6.38351,593.0,592.0,593.0,595.0,592.0,586.0,584.0,590.0,584.0,648.0,593.14,0.99,589.93,4.1,588.27,3.84,603.48,21.77,597.29,33.57,-0.00169,0.0,0.01361,0.01361,1339.0,1355.0,1498.0,2001.0,2011.0,2184.0,1085.0,1092.0,1089.0,0.11372,-0.99351,-0.22596,0.97414,180,2019-03-13,261,430.0,-0.31972,val
2018-06-26,bhsi_value,589.0,6.37843,592.0,593.0,592.0,594.0,593.0,588.0,583.0,587.0,585.0,650.0,592.57,1.76,590.36,3.64,588.4,3.79,602.47,20.99,598.1,32.46,-0.00508,-0.00677,0.01024,0.00681,1321.0,1339.0,1495.0,1986.0,2001.0,2223.0,1078.0,1085.0,1091.0,0.09661,-0.99532,-0.19232,0.98133,180,2019-03-14,261,434.0,-0.30538,val
2018-06-27,bhsi_value,585.0,6.37161,589.0,592.0,593.0,593.0,595.0,591.0,583.0,586.0,586.0,652.0,591.14,2.9,590.5,3.38,588.37,3.82,601.35,20.09,598.88,31.28,-0.00681,-0.01695,0.00342,-0.00171,1324.0,1321.0,1482.0,1942.0,1986.0,2228.0,1067.0,1078.0,1092.0,0.07948,-0.99684,-0.15845,0.98737,180,2019-03-15,261,437.0,-0.29168,val
2018-06-28,bhsi_value,583.0,6.36819,585.0,589.0,592.0,592.0,594.0,592.0,584.0,584.0,587.0,650.0,589.57,3.77,590.43,3.52,588.23,3.93,600.23,19.19,599.63,30.04,-0.00342,-0.01869,-0.00171,-0.00684,1331.0,1324.0,1458.0,2025.0,1942.0,2187.0,1055.0,1067.0,1093.0,0.06232,-0.99806,-0.12439,0.99223,180,2019-03-18,263,440.0,-0.28141,val
2018-06-29,bhsi_value,581.0,6.36475,583.0,585.0,589.0,593.0,593.0,593.0,586.0,583.0,589.0,648.0,587.86,4.49,590.07,4.15,587.97,4.14,599.12,18.31,600.34,28.81,-0.00344,-0.02044,-0.00857,-0.01368,1336.0,1331.0,1419.0,2170.0,2025.0,2090.0,1042.0,1055.0,1094.0,0.04514,-0.99898,-0.09019,0.99592,180,2019-03-19,263,443.0,-0.27118,val
2018-07-02,bhsi_value,575.0,6.35437,581.0,583.0,585.0,592.0,592.0,595.0,588.0,583.0,590.0,644.0,585.43,5.95,589.14,5.68,587.47,4.72,597.97,17.61,600.97,27.62,-0.01038,-0.02914,-0.02236,-0.02575,1338.0,1336.0,1382.0,2304.0,2170.0,2038.0,1034.0,1042.0,1094.0,-0.00645,-0.99998,0.0129,0.99992,180,2019-03-20,261,446.0,-0.25405,val
2018-07-03,bhsi_value,571.0,6.34739,575.0,581.0,583.0,589.0,593.0,594.0,591.0,583.0,591.0,643.0,582.29,6.86,587.71,7.31,586.8,5.52,596.77,16.94,601.51,26.52,-0.00698,-0.03781,-0.03443,-0.03443,1336.0,1338.0,1355.0,2478.0,2304.0,2011.0,1025.0,1034.0,1092.0,-0.02365,-0.99972,0.04729,0.99888,180,2019-03-21,261,449.0,-0.24037,val
2018-07-04,bhsi_value,569.0,6.34388,571.0,575.0,581.0,585.0,592.0,593.0,592.0,584.0,590.0,638.0,579.0,6.93,586.07,8.63,586.1,6.34,595.62,16.44,601.96,25.62,-0.00351,-0.03963,-0.03963,-0.03624,1334.0,1336.0,1339.0,2743.0,2478.0,2001.0,1017.0,1025.0,1085.0,-0.04084,-0.99917,0.08162,0.99666,180,2019-03-22,261,455.0,-0.22358,val
2018-07-05,bhsi_value,565.0,6.33683,569.0,571.0,575.0,583.0,589.0,592.0,593.0,583.0,591.0,636.0,575.57,7.07,584.07,9.94,585.23,7.32,594.43,16.04,602.3,24.91,-0.00705,-0.0416,-0.04837,-0.04499,1339.0,1334.0,1321.0,3013.0,2743.0,1986.0,1005.0,1017.0,1078.0,-0.05803,-0.99832,0.11586,0.99327,180,2019-03-25,263,458.0,-0.20996,val
2018-07-06,bhsi_value,563.0,6.33328,565.0,569.0,571.0,581.0,585.0,593.0,595.0,583.0,590.0,634.0,572.43,7.07,581.79,10.8,584.33,8.27,593.25,15.69,602.58,24.32,-0.00355,-0.03833,-0.05528,-0.04684,1347.0,1339.0,1324.0,3086.0,3013.0,1942.0,999.0,1005.0,1067.0,-0.07519,-0.99717,0.14995,0.98869,180,2019-03-26,263,463.0,-0.19555,val
2018-07-09,bhsi_value,562.0,6.3315,563.0,565.0,569.0,575.0,583.0,592.0,594.0,584.0,587.0,630.0,569.43,6.37,579.5,11.35,583.5,9.17,592.12,15.45,602.77,23.94,-0.00178,-0.03669,-0.05538,-0.04352,1367.0,1347.0,1331.0,3016.0,3086.0,2025.0,997.0,999.0,1055.0,-0.12653,-0.99196,0.25102,0.96798,180,2019-03-27,261,466.0,-0.18732,val
2018-07-10,bhsi_value,560.0,6.32794,562.0,563.0,565.0,571.0,581.0,589.0,593.0,586.0,586.0,628.0,566.43,5.01,577.14,11.72,582.63,10.08,590.98,15.27,602.8,23.87,-0.00357,-0.03681,-0.05726,-0.04538,1431.0,1367.0,1336.0,2792.0,3016.0,2170.0,994.0,997.0,1042.0,-0.14357,-0.98964,0.28417,0.95877,180,2019-03-28,261,467.0,-0.18161,val
2018-07-11,bhsi_value,558.0,6.32436,560.0,562.0,563.0,569.0,575.0,585.0,592.0,588.0,584.0,626.0,564.0,4.34,574.71,11.91,581.77,11.0,589.85,15.15,602.57,24.21,-0.00358,-0.03001,-0.05915,-0.04554,1498.0,1431.0,1338.0,2793.0,2792.0,2304.0,992.0,994.0,1034.0,-0.16057,-0.98702,0.31698,0.94843,180,2019-03-29,261,464.0,-0.18447,val
2018-07-12,bhsi_value,558.0,6.32436,558.0,560.0,562.0,565.0,571.0,583.0,593.0,591.0,583.0,626.0,562.14,3.68,572.21,11.48,580.93,11.79,588.72,14.95,602.26,24.59,0.0,-0.02303,-0.06084,-0.04383,1517.0,1498.0,1336.0,3041.0,2793.0,2478.0,994.0,992.0,1025.0,-0.17753,-0.98412,0.34942,0.93697,180,2019-04-01,263,461.0,-0.19096,val
2018-07-13,bhsi_value,559.0,6.32615,558.0,558.0,560.0,563.0,569.0,581.0,592.0,592.0,583.0,626.0,560.71,2.49,569.86,10.52,580.13,12.42,587.6,14.62,601.91,24.98,0.00179,-0.01773,-0.05736,-0.04204,1527.0,1517.0,1334.0,3156.0,3041.0,2743.0,995.0,994.0,1017.0,-0.19443,-0.98092,0.38144,0.92439,180,2019-04-02,263,455.0,-0.20585,val
2018-07-16,bhsi_value,559.0,6.32615,559.0,558.0,558.0,562.0,565.0,575.0,589.0,593.0,583.0,623.0,559.86,1.81,567.71,9.4,579.33,12.97,586.53,14.33,601.51,25.37,0.0,-0.01068,-0.05228,-0.04204,1529.0,1527.0,1339.0,3238.0,3156.0,3013.0,998.0,995.0,1005.0,-0.24477,-0.96958,0.47465,0.88017,180,2019-04-03,261,448.0,-0.22136,val
2018-07-17,bhsi_value,561.0,6.32972,559.0,559.0,558.0,560.0,563.0,571.0,585.0,595.0,584.0,621.0,559.57,1.4,566.0,8.2,578.57,13.35,585.53,13.98,601.09,25.72,0.00357,-0.00356,-0.04189,-0.04018,1530.0,1529.0,1347.0,3335.0,3238.0,3086.0,1003.0,998.0,999.0,-0.26141,-0.96523,0.50465,0.86333,180,2019-04-04,261,437.0,-0.24979,val
2018-07-18,bhsi_value,561.0,6.32972,561.0,559.0,559.0,558.0,562.0,569.0,583.0,594.0,583.0,621.0,559.43,1.18,564.43,6.78,577.83,13.68,584.53,13.54,600.58,26.05,0.0,-0.00178,-0.03847,-0.03847,1529.0,1530.0,1367.0,3230.0,3335.0,3016.0,1008.0,1003.0,997.0,-0.27798,-0.96059,0.53405,0.84546,180,2019-04-05,261,432.0,-0.2613,val
2018-07-19,bhsi_value,561.0,6.32972,561.0,561.0,559.0,558.0,560.0,565.0,581.0,593.0,583.0,617.0,559.57,1.29,563.0,5.01,577.1,13.97,583.6,13.2,600.02,26.36,0.0,0.00178,-0.03503,-0.03847,1538.0,1529.0,1431.0,3130.0,3230.0,2792.0,1016.0,1008.0,994.0,-0.29446,-0.95566,0.56281,0.82658,180,2019-04-08,263,425.0,-0.27763,val
2018-07-20,bhsi_value,560.0,6.32794,561.0,561.0,561.0,559.0,558.0,563.0,575.0,592.0,584.0,614.0,559.86,1.12,561.93,3.79,576.3,14.24,582.7,12.93,599.41,26.64,-0.00178,0.00358,-0.02643,-0.04196,1557.0,1538.0,1498.0,3205.0,3130.0,2793.0,1023.0,1016.0,992.0,-0.31086,-0.95046,0.59091,0.80674,180,2019-04-09,263,419.0,-0.29007,val
2018-07-23,bhsi_value,560.0,6.32794,560.0,561.0,561.0,559.0,558.0,562.0,571.0,593.0,586.0,610.0,560.14,0.83,561.14,2.85,575.43,14.41,581.87,12.76,598.78,26.89,0.0,0.00358,-0.01945,-0.04538,1566.0,1557.0,1517.0,3304.0,3205.0,3041.0,1028.0,1023.0,994.0,-0.35947,-0.93316,0.67089,0.74156,180,2019-04-10,261,411.0,-0.30934,val
2018-07-24,bhsi_value,559.0,6.32615,560.0,560.0,561.0,561.0,559.0,560.0,569.0,592.0,588.0,605.0,560.14,0.83,560.43,1.88,574.47,14.51,581.1,12.73,598.08,27.09,-0.00179,0.0,-0.01773,-0.05058,1581.0,1566.0,1527.0,3461.0,3304.0,3156.0,1030.0,1028.0,995.0,-0.37547,-0.92683,0.696,0.71804,180,2019-04-11,261,406.0,-0.3198,val
2018-07-25,bhsi_value,556.0,6.32077,559.0,560.0,560.0,561.0,559.0,558.0,565.0,589.0,591.0,603.0,559.71,1.67,559.79,1.74,573.3,14.54,580.32,12.8,597.3,27.29,-0.00538,-0.00538,-0.01606,-0.06105,1588.0,1581.0,1529.0,3462.0,3461.0,3238.0,1033.0,1030.0,998.0,-0.39136,-0.92024,0.72029,0.69368,180,2019-04-12,261,403.0,-0.32183,val
2018-07-26,bhsi_value,554.0,6.31716,556.0,559.0,560.0,561.0,561.0,558.0,563.0,585.0,592.0,601.0,558.71,2.49,559.14,2.07,572.03,14.51,579.53,12.95,596.49,27.48,-0.0036,-0.01256,-0.01611,-0.06634,1583.0,1588.0,1530.0,3303.0,3462.0,3335.0,1034.0,1033.0,1003.0,-0.40713,-0.91337,0.74372,0.66849,180,2019-04-15,263,399.0,-0.3282,val
2018-07-27,bhsi_value,553.0,6.31536,554.0,556.0,559.0,560.0,561.0,559.0,562.0,583.0,593.0,597.0,557.57,2.97,558.5,2.44,570.7,14.36,578.8,13.18,595.64,27.63,-0.00181,-0.01436,-0.01614,-0.06984,1588.0,1583.0,1529.0,3197.0,3303.0,3230.0,1035.0,1034.0,1008.0,-0.42278,-0.90623,0.76627,0.64251,180,2019-04-16,263,397.0,-0.33142,val
2018-07-30,bhsi_value,551.0,6.31173,553.0,554.0,556.0,560.0,561.0,559.0,560.0,581.0,595.0,591.0,556.14,3.36,557.86,3.07,569.23,14.05,578.13,13.55,594.77,27.78,-0.00362,-0.01799,-0.0162,-0.07683,1587.0,1588.0,1538.0,3280.0,3197.0,3130.0,1035.0,1035.0,1016.0,-0.46897,-0.88322,0.8284,0.56014,180,2019-04-17,261,394.0,-0.33538,val
2018-07-31,bhsi_value,549.0,6.3081,551.0,553.0,554.0,559.0,560.0,561.0,558.0,575.0,594.0,589.0,554.57,3.74,557.21,3.82,567.73,13.72,577.47,13.98,593.82,27.87,-0.00364,-0.01984,-0.01626,-0.07878,1570.0,1587.0,1557.0,3471.0,3280.0,3205.0,1035.0,1035.0,1023.0,-0.48409,-0.87502,0.84717,0.53132,180,2019-04-18,261,390.0,-0.34195,val
2018-08-01,bhsi_value,547.0,6.30445,549.0,551.0,553.0,556.0,560.0,561.0,558.0,571.0,593.0,585.0,552.71,3.81,556.43,4.62,566.2,13.38,576.83,14.48,592.8,27.89,-0.00365,-0.02349,-0.01991,-0.08075,1539.0,1570.0,1566.0,3515.0,3471.0,3304.0,1036.0,1035.0,1028.0,-0.49907,-0.86656,0.86495,0.50186,180,2019-04-23,265,391.0,-0.33574,test
2018-08-02,bhsi_value,544.0,6.29895,547.0,549.0,551.0,554.0,559.0,561.0,559.0,569.0,592.0,585.0,550.57,3.89,555.36,5.55,564.6,13.07,576.15,15.03,591.72,27.88,-0.0055,-0.0272,-0.0272,-0.08456,1491.0,1539.0,1581.0,3534.0,3515.0,3461.0,1032.0,1036.0,1030.0,-0.5139,-0.85785,0.8817,0.47181,180,2019-04-24,265,392.0,-0.32769,test
2018-08-03,bhsi_value,543.0,6.29711,544.0,547.0,549.0,553.0,556.0,560.0,559.0,565.0,593.0,584.0,548.71,3.95,554.21,6.28,562.93,12.51,575.47,15.58,590.59,27.76,-0.00184,-0.02366,-0.02904,-0.08809,1447.0,1491.0,1588.0,3632.0,3534.0,3462.0,1030.0,1032.0,1033.0,-0.52858,-0.84888,0.89741,0.4412,180,2019-04-25,265,391.0,-0.3284,test
2018-08-06,bhsi_value,542.0,6.29527,543.0,544.0,547.0,551.0,554.0,560.0,561.0,563.0,592.0,584.0,547.0,3.89,552.86,6.71,561.27,11.84,574.77,16.12,589.41,27.55,-0.00184,-0.0219,-0.03445,-0.08824,1420.0,1447.0,1583.0,3654.0,3632.0,3303.0,1030.0,1030.0,1034.0,-0.57167,-0.82049,0.93809,0.34639,180,2019-04-26,263,389.0,-0.33169,test
2018-08-07,bhsi_value,541.0,6.29342,542.0,543.0,544.0,549.0,553.0,559.0,561.0,562.0,589.0,585.0,545.29,3.49,551.43,6.95,559.67,11.21,574.03,16.63,588.2,27.25,-0.00185,-0.02194,-0.0363,-0.08501,1386.0,1420.0,1588.0,3550.0,3654.0,3197.0,1032.0,1030.0,1035.0,-0.5857,-0.81053,0.94945,0.31392,180,2019-04-29,265,386.0,-0.33758,test
2018-08-08,bhsi_value,541.0,6.29342,541.0,542.0,543.0,547.0,551.0,556.0,561.0,560.0,585.0,586.0,543.86,2.85,550.0,6.89,558.2,10.67,573.28,17.08,586.97,26.85,0.0,-0.01832,-0.0363,-0.07819,1365.0,1386.0,1587.0,3483.0,3550.0,3280.0,1035.0,1032.0,1035.0,-0.59955,-0.80034,0.95969,0.28108,180,2019-04-30,265,384.0,-0.34278,test
2018-08-09,bhsi_value,543.0,6.29711,541.0,541.0,542.0,544.0,549.0,554.0,560.0,558.0,583.0,587.0,543.0,1.93,548.79,6.5,556.87,9.96,572.55,17.42,585.78,26.39,0.00369,-0.01099,-0.03083,-0.07108,1349.0,1365.0,1570.0,3472.0,3483.0,3471.0,1036.0,1035.0,1035.0,-0.61323,-0.7899,0.96879,0.2479,180,2019-05-01,265,386.0,-0.34127,test
2018-08-10,bhsi_value,542.0,6.29527,543.0,541.0,541.0,543.0,547.0,553.0,560.0,558.0,581.0,589.0,542.29,1.03,547.5,5.91,555.57,9.25,571.77,17.71,584.6,25.95,-0.00184,-0.00918,-0.03267,-0.06948,1339.0,1349.0,1539.0,3480.0,3472.0,3515.0,1039.0,1036.0,1036.0,-0.62673,-0.77924,0.97674,0.21443,180,2019-05-02,265,384.0,-0.34462,test
2018-08-13,bhsi_value,543.0,6.29711,542.0,543.0,541.0,542.0,544.0,551.0,559.0,559.0,575.0,590.0,542.14,0.83,546.36,5.07,554.5,8.78,570.98,17.93,583.48,25.54,0.00184,-0.00184,-0.02904,-0.05726,1339.0,1339.0,1491.0,3536.0,3480.0,3534.0,1040.0,1039.0,1032.0,-0.66609,-0.74587,0.99363,0.11265,180,2019-05-03,263,382.0,-0.35169,test
2018-08-14,bhsi_value,543.0,6.29711,543.0,542.0,543.0,541.0,543.0,549.0,556.0,559.0,571.0,591.0,542.14,0.83,545.43,4.35,553.57,8.46,570.18,18.09,582.37,25.1,0.0,0.0,-0.02366,-0.05028,1362.0,1339.0,1447.0,3587.0,3536.0,3632.0,1042.0,1040.0,1030.0,-0.67882,-0.7343,0.99692,0.07841,180,2019-05-07,266,382.0,-0.35169,test
2018-08-15,bhsi_value,543.0,6.29711,543.0,543.0,542.0,541.0,542.0,547.0,554.0,561.0,569.0,590.0,542.29,0.88,544.64,3.68,552.7,8.16,569.4,18.23,581.31,24.73,0.0,0.00184,-0.02006,-0.04677,1403.0,1362.0,1420.0,3560.0,3587.0,3654.0,1045.0,1042.0,1030.0,-0.69135,-0.72252,0.99903,0.04407,180,2019-05-08,266,382.0,-0.35169,test
2018-08-16,bhsi_value,544.0,6.29895,543.0,543.0,543.0,543.0,541.0,544.0,553.0,561.0,565.0,591.0,542.71,0.88,544.0,2.85,552.0,7.97,568.62,18.29,580.29,24.35,0.00184,0.00553,-0.01641,-0.03788,1447.0,1403.0,1386.0,3476.0,3560.0,3550.0,1050.0,1045.0,1032.0,-0.70368,-0.71052,0.99995,0.00968,180,2019-05-09,266,382.0,-0.35353,test
2018-08-17,bhsi_value,545.0,6.30079,544.0,543.0,543.0,542.0,541.0,543.0,551.0,561.0,563.0,590.0,543.29,0.88,543.57,2.13,551.4,7.8,567.87,18.32,579.3,23.95,0.00184,0.00737,-0.01095,-0.03249,1485.0,1447.0,1365.0,3454.0,3476.0,3483.0,1056.0,1050.0,1035.0,-0.7158,-0.69831,0.99969,-0.02473,180,2019-05-10,266,382.0,-0.35537,test
2018-08-20,bhsi_value,543.0,6.29711,545.0,544.0,543.0,543.0,543.0,542.0,549.0,560.0,562.0,587.0,543.29,0.88,543.14,1.51,550.77,7.68,567.13,18.42,578.33,23.64,-0.00368,0.0,-0.01099,-0.03439,1506.0,1485.0,1349.0,3424.0,3454.0,3472.0,1062.0,1056.0,1036.0,-0.75086,-0.66046,0.99183,-0.12759,180,2019-05-13,266,382.0,-0.35169,test
2018-08-21,bhsi_value,543.0,6.29711,543.0,545.0,544.0,543.0,542.0,541.0,547.0,560.0,560.0,586.0,543.43,0.73,542.86,1.06,550.2,7.6,566.42,18.51,577.39,23.33,0.0,0.00184,-0.00734,-0.03083,1530.0,1506.0,1339.0,3426.0,3424.0,3480.0,1069.0,1062.0,1039.0,-0.76211,-0.64744,0.98685,-0.16164,180,2019-05-14,266,381.0,-0.35431,test
2018-08-22,bhsi_value,548.0,6.30628,543.0,543.0,545.0,543.0,543.0,541.0,544.0,559.0,558.0,584.0,544.14,1.73,543.14,1.68,549.87,7.47,565.82,18.52,576.52,22.95,0.00917,0.00917,0.00733,-0.01808,1560.0,1530.0,1339.0,3371.0,3426.0,3536.0,1078.0,1069.0,1040.0,-0.77314,-0.63424,0.98071,-0.19549,180,2019-05-15,266,381.0,-0.36348,test
2018-08-23,bhsi_value,547.0,6.30445,548.0,543.0,543.0,544.0,543.0,543.0,543.0,556.0,558.0,583.0,544.71,1.91,543.43,1.95,549.5,7.33,565.22,18.53,575.64,22.55,-0.00183,0.00734,0.00734,-0.01991,1607.0,1560.0,1362.0,3232.0,3371.0,3587.0,1087.0,1078.0,1042.0,-0.78393,-0.62084,0.9734,-0.2291,180,2019-05-16,266,383.0,-0.35641,test
2018-08-24,bhsi_value,551.0,6.31173,547.0,548.0,543.0,545.0,543.0,542.0,542.0,554.0,559.0,583.0,545.86,2.75,544.07,2.71,549.23,7.13,564.68,18.47,574.81,22.06,0.00729,0.01463,0.01647,-0.01441,1630.0,1607.0,1403.0,3164.0,3232.0,3560.0,1095.0,1087.0,1045.0,-0.7945,-0.60727,0.96495,-0.26245,180,2019-05-17,266,385.0,-0.35849,test
2018-08-28,bhsi_value,554.0,6.31716,551.0,547.0,548.0,543.0,544.0,543.0,541.0,553.0,559.0,583.0,547.29,3.81,545.0,3.59,549.07,6.95,564.2,18.37,574.04,21.56,0.00543,0.01822,0.02375,-0.00898,1643.0,1630.0,1447.0,3088.0,3164.0,3476.0,1110.0,1095.0,1050.0,-0.83437,-0.5512,0.91982,-0.39235,180,2019-05-20,265,386.0,-0.36133,test
2018-08-29,bhsi_value,556.0,6.32077,554.0,551.0,547.0,543.0,545.0,543.0,541.0,551.0,561.0,584.0,548.86,4.7,546.07,4.38,548.9,6.72,563.73,18.21,573.32,21.06,0.0036,0.01998,0.02735,-0.00895,1639.0,1643.0,1485.0,2994.0,3088.0,3454.0,1121.0,1110.0,1056.0,-0.84373,-0.53677,0.90578,-0.42375,180,2019-05-21,265,388.0,-0.35976,test
2018-08-30,bhsi_value,559.0,6.32615,556.0,554.0,551.0,548.0,543.0,543.0,543.0,549.0,561.0,583.0,551.14,5.17,547.21,5.4,548.83,6.61,563.33,18.05,572.63,20.5,0.00538,0.02904,0.02904,-0.00357,1608.0,1639.0,1506.0,2826.0,2994.0,3424.0,1128.0,1121.0,1062.0,-0.85284,-0.52218,0.89066,-0.45466,180,2019-05-22,265,389.0,-0.36257,test
2018-08-31,bhsi_value,562.0,6.3315,559.0,556.0,554.0,547.0,543.0,544.0,542.0,547.0,561.0,583.0,553.86,5.17,548.64,6.39,548.87,6.67,562.98,17.87,572.02,19.98,0.00535,0.03439,0.03624,0.00178,1571.0,1608.0,1530.0,2732.0,2826.0,3426.0,1132.0,1128.0,1069.0,-0.86169,-0.50743,0.8745,-0.48503,180,2019-05-23,265,391.0,-0.36279,test
2018-09-03,bhsi_value,563.0,6.33328,562.0,559.0,556.0,551.0,548.0,545.0,543.0,544.0,560.0,584.0,556.0,5.4,550.07,7.16,548.97,6.86,562.63,17.65,571.46,19.5,0.00178,0.027,0.03617,0.00534,1540.0,1571.0,1560.0,2672.0,2732.0,3371.0,1133.0,1132.0,1078.0,-0.88672,-0.4623,0.81987,-0.57255,180,2019-05-24,263,393.0,-0.35947,test
2018-09-04,bhsi_value,564.0,6.33505,563.0,562.0,559.0,554.0,547.0,543.0,543.0,543.0,560.0,586.0,558.43,4.56,551.57,7.7,549.1,7.11,562.27,17.39,570.94,19.08,0.00177,0.03061,0.03794,0.00712,1517.0,1540.0,1607.0,2535.0,2672.0,3232.0,1135.0,1133.0,1087.0,-0.89454,-0.44698,0.79969,-0.60041,180,2019-05-28,266,394.0,-0.3587,test
2018-09-05,bhsi_value,565.0,6.33683,564.0,563.0,562.0,556.0,551.0,543.0,543.0,542.0,559.0,588.0,560.43,3.89,553.14,8.03,549.3,7.46,561.88,17.07,570.5,18.74,0.00177,0.02509,0.03972,0.01068,1504.0,1517.0,1630.0,2410.0,2535.0,3164.0,1135.0,1135.0,1095.0,-0.9021,-0.43153,0.77856,-0.62756,180,2019-05-29,266,395.0,-0.35794,test
2018-09-06,bhsi_value,565.0,6.33683,565.0,564.0,563.0,559.0,554.0,548.0,544.0,541.0,556.0,591.0,562.0,3.12,554.64,8.14,549.6,7.89,561.45,16.65,570.08,18.43,0.0,0.01966,0.03788,0.01606,1516.0,1504.0,1643.0,2424.0,2410.0,3088.0,1135.0,1135.0,1110.0,-0.90939,-0.41595,0.75652,-0.65397,180,2019-05-30,266,397.0,-0.35289,test
2018-09-07,bhsi_value,568.0,6.34212,565.0,565.0,564.0,562.0,556.0,547.0,545.0,541.0,554.0,592.0,563.71,2.6,556.29,8.34,550.07,8.52,561.05,16.2,569.71,18.14,0.0053,0.02135,0.04134,0.02496,1528.0,1516.0,1639.0,2411.0,2424.0,2994.0,1134.0,1135.0,1121.0,-0.91641,-0.40024,0.73357,-0.67961,180,2019-05-31,266,398.0,-0.35567,test
2018-09-10,bhsi_value,569.0,6.34388,568.0,565.0,565.0,563.0,559.0,551.0,543.0,543.0,553.0,593.0,565.14,2.36,558.14,8.07,550.6,9.17,560.65,15.69,569.4,17.9,0.00176,0.01773,0.04677,0.02852,1544.0,1528.0,1608.0,2363.0,2411.0,2826.0,1136.0,1134.0,1128.0,-0.93583,-0.35244,0.65965,-0.75157,180,2019-06-03,266,401.0,-0.34992,test
2018-09-11,bhsi_value,572.0,6.34914,569.0,568.0,565.0,564.0,562.0,554.0,543.0,542.0,551.0,595.0,566.57,2.97,560.21,7.63,551.3,9.94,560.27,15.12,569.19,17.76,0.00526,0.01764,0.05203,0.0374,1556.0,1544.0,1571.0,2191.0,2363.0,2732.0,1135.0,1136.0,1132.0,-0.94176,-0.33629,0.63341,-0.77382,180,2019-06-04,266,403.0,-0.3502,test
2018-09-12,bhsi_value,576.0,6.35611,572.0,569.0,568.0,565.0,563.0,556.0,548.0,543.0,549.0,594.0,568.43,4.03,562.21,7.83,552.2,10.87,559.97,14.61,569.04,17.65,0.00697,0.02283,0.04983,0.04801,1550.0,1556.0,1540.0,2074.0,2191.0,2672.0,1134.0,1135.0,1133.0,-0.9474,-0.32004,0.60641,-0.79515,180,2019-06-05,266,405.0,-0.35222,test
2018-09-13,bhsi_value,581.0,6.36475,576.0,572.0,569.0,565.0,564.0,559.0,547.0,543.0,547.0,593.0,570.86,5.49,564.64,8.01,553.33,11.98,559.77,14.24,569.0,17.62,0.00864,0.0297,0.0603,0.0603,1534.0,1550.0,1517.0,1980.0,2074.0,2535.0,1132.0,1134.0,1135.0,-0.95277,-0.3037,0.5787,-0.81554,180,2019-06-06,266,408.0,-0.35348,test
2018-09-14,bhsi_value,588.0,6.37673,581.0,576.0,572.0,568.0,565.0,562.0,551.0,543.0,544.0,592.0,574.14,7.51,567.29,9.1,554.8,13.37,559.7,14.1,569.03,17.65,0.01198,0.0399,0.06499,0.07778,1523.0,1534.0,1504.0,1900.0,1980.0,2410.0,1134.0,1132.0,1135.0,-0.95785,-0.28726,0.55031,-0.83496,180,2019-06-07,266,412.0,-0.3557,test
2018-09-17,bhsi_value,596.0,6.39024,588.0,581.0,576.0,569.0,565.0,563.0,554.0,544.0,543.0,593.0,578.57,9.65,570.29,10.96,556.57,15.08,559.75,14.22,569.17,17.81,0.01351,0.05341,0.07308,0.09313,1518.0,1523.0,1516.0,1853.0,1900.0,2424.0,1138.0,1134.0,1135.0,-0.9714,-0.23747,0.46135,-0.88722,180,2019-06-10,266,411.0,-0.37165,test
2018-09-18,bhsi_value,600.0,6.39693,596.0,588.0,581.0,572.0,568.0,564.0,556.0,545.0,542.0,592.0,583.14,11.04,573.43,12.6,558.5,16.72,559.88,14.55,569.34,18.03,0.00669,0.05481,0.07616,0.10166,1525.0,1518.0,1528.0,1826.0,1853.0,2411.0,1151.0,1138.0,1134.0,-0.97534,-0.22072,0.43056,-0.90256,180,2019-06-11,266,414.0,-0.37106,test
2018-09-19,bhsi_value,604.0,6.40357,600.0,596.0,588.0,576.0,569.0,565.0,559.0,543.0,541.0,589.0,588.14,11.42,576.64,14.15,560.6,18.27,560.13,15.17,569.56,18.32,0.00664,0.05969,0.07742,0.11015,1530.0,1525.0,1544.0,1850.0,1826.0,2363.0,1159.0,1151.0,1136.0,-0.97899,-0.20391,0.39926,-0.91684,180,2019-06-12,266,416.0,-0.37289,test
2018-09-20,bhsi_value,612.0,6.41673,604.0,600.0,596.0,581.0,572.0,565.0,562.0,543.0,541.0,585.0,593.86,11.91,580.21,16.17,562.97,20.09,560.58,16.26,569.84,18.78,0.01316,0.06759,0.08523,0.12331,1557.0,1530.0,1556.0,1838.0,1850.0,2191.0,1169.0,1159.0,1135.0,-0.98235,-0.18704,0.36748,-0.93003,180,2019-06-13,266,419.0,-0.37886,test
2018-09-21,bhsi_value,617.0,6.42487,612.0,604.0,600.0,588.0,576.0,568.0,563.0,548.0,543.0,583.0,599.71,11.77,584.07,17.95,565.43,21.94,561.15,17.57,570.18,19.34,0.00814,0.06876,0.09159,0.12776,1586.0,1557.0,1550.0,1840.0,1838.0,2074.0,1175.0,1169.0,1134.0,-0.98542,-0.17012,0.33528,-0.94212,180,2019-06-14,266,420.0,-0.38461,test
2018-09-24,bhsi_value,622.0,6.43294,617.0,612.0,604.0,596.0,581.0,569.0,564.0,547.0,542.0,581.0,605.57,11.18,588.21,19.46,568.1,23.72,561.83,19.06,570.54,19.99,0.00807,0.06819,0.09789,0.13767,1609.0,1586.0,1534.0,1864.0,1840.0,1980.0,1185.0,1175.0,1132.0,-0.99289,-0.11906,0.23642,-0.97165,180,2019-06-17,266,422.0,-0.38793,test
2018-09-25,bhsi_value,622.0,6.43294,622.0,617.0,612.0,600.0,588.0,572.0,565.0,551.0,543.0,575.0,610.43,9.8,592.29,20.13,570.73,25.13,562.62,20.5,570.9,20.61,0.0,0.05621,0.09611,0.13583,1639.0,1609.0,1523.0,1868.0,1864.0,1900.0,1190.0,1185.0,1134.0,-0.99479,-0.10196,0.20286,-0.97921,180,2019-06-18,266,428.0,-0.37382,test
2018-09-26,bhsi_value,626.0,6.43935,622.0,622.0,617.0,604.0,596.0,576.0,565.0,554.0,543.0,571.0,614.71,9.08,596.64,20.36,573.5,26.46,563.53,22.03,571.29,21.31,0.00641,0.04911,0.10252,0.14224,1677.0,1639.0,1518.0,1910.0,1868.0,1853.0,1194.0,1190.0,1138.0,-0.9964,-0.08483,0.16906,-0.98561,180,2019-06-19,266,432.0,-0.37092,test
2018-09-27,bhsi_value,627.0,6.44095,626.0,622.0,622.0,612.0,600.0,581.0,568.0,556.0,543.0,569.0,618.57,7.63,600.86,20.1,576.3,27.51,564.5,23.47,571.7,22.01,0.0016,0.04402,0.09883,0.14384,1689.0,1677.0,1525.0,1949.0,1910.0,1826.0,1195.0,1194.0,1151.0,-0.99771,-0.06768,0.13506,-0.99084,180,2019-06-20,266,437.0,-0.36101,test
2018-09-28,bhsi_value,629.0,6.44413,627.0,626.0,622.0,617.0,604.0,588.0,569.0,559.0,544.0,565.0,622.14,5.54,605.14,19.22,579.13,28.4,565.57,24.88,572.12,22.73,0.00318,0.04056,0.10025,0.14518,1695.0,1689.0,1530.0,2000.0,1949.0,1850.0,1194.0,1195.0,1159.0,-0.99872,-0.05051,0.10089,-0.9949,180,2019-06-21,266,440.0,-0.35736,test
2018-10-01,bhsi_value,630.0,6.44572,629.0,627.0,626.0,622.0,612.0,596.0,572.0,562.0,545.0,563.0,624.71,4.27,609.29,17.83,581.97,29.08,566.68,26.21,572.57,23.45,0.00159,0.02899,0.09658,0.14493,1692.0,1695.0,1557.0,2061.0,2000.0,1838.0,1193.0,1194.0,1169.0,-1.0,0.00108,-0.00215,-1.0,180,2019-06-24,266,442.0,-0.35441,test
2018-10-02,bhsi_value,631.0,6.44731,630.0,629.0,627.0,622.0,617.0,600.0,576.0,563.0,543.0,562.0,626.71,3.37,613.21,16.04,584.9,29.44,567.83,27.46,573.06,24.19,0.00159,0.02244,0.0912,0.1502,1678.0,1692.0,1586.0,2148.0,2061.0,1840.0,1189.0,1193.0,1175.0,-0.99983,0.01828,-0.03655,-0.99933,180,2019-06-25,266,442.0,-0.356,test
2018-10-03,bhsi_value,633.0,6.45047,631.0,630.0,629.0,626.0,622.0,604.0,581.0,564.0,543.0,560.0,628.29,3.37,616.93,14.04,587.9,29.6,569.05,28.68,573.58,24.96,0.00316,0.01753,0.08572,0.15336,1679.0,1678.0,1609.0,2199.0,2148.0,1864.0,1190.0,1189.0,1185.0,-0.99937,0.03547,-0.0709,-0.99748,180,2019-06-26,266,442.0,-0.35916,test
2018-10-04,bhsi_value,634.0,6.45205,633.0,631.0,630.0,627.0,622.0,612.0,588.0,565.0,548.0,558.0,630.0,2.73,620.21,12.14,590.77,29.77,570.32,29.82,574.13,25.73,0.00158,0.01911,0.07532,0.14577,1706.0,1679.0,1639.0,2148.0,2199.0,1868.0,1192.0,1190.0,1190.0,-0.99861,0.05266,-0.10517,-0.99445,180,2019-06-27,266,443.0,-0.35848,test
2018-10-05,bhsi_value,637.0,6.45677,634.0,633.0,631.0,629.0,626.0,617.0,596.0,565.0,547.0,558.0,631.57,3.11,623.14,10.82,593.77,29.74,571.63,30.97,574.73,26.55,0.00472,0.01742,0.06653,0.15232,1727.0,1706.0,1677.0,2081.0,2148.0,1910.0,1197.0,1192.0,1194.0,-0.99756,0.06983,-0.13932,-0.99025,180,2019-06-28,266,442.0,-0.36546,test
2018-10-08,bhsi_value,639.0,6.4599,637.0,634.0,633.0,630.0,627.0,622.0,600.0,568.0,551.0,559.0,633.29,3.41,625.93,9.44,596.7,29.72,572.97,32.1,575.36,27.38,0.00313,0.01896,0.06297,0.14817,1749.0,1727.0,1689.0,2042.0,2081.0,1949.0,1201.0,1197.0,1195.0,-0.99263,0.12119,-0.2406,-0.97062,180,2019-07-01,266,441.0,-0.37086,test
2018-10-09,bhsi_value,643.0,6.46614,639.0,637.0,634.0,631.0,629.0,622.0,604.0,569.0,554.0,559.0,635.29,4.3,628.71,8.23,599.67,29.75,574.37,33.27,576.02,28.27,0.00624,0.02201,0.06257,0.14898,1747.0,1749.0,1695.0,1961.0,2042.0,2000.0,1203.0,1201.0,1194.0,-0.9904,0.13825,-0.27385,-0.96177,180,2019-07-02,266,439.0,-0.38165,test
2018-10-10,bhsi_value,647.0,6.47235,643.0,639.0,637.0,633.0,630.0,626.0,612.0,572.0,556.0,561.0,637.71,5.31,631.21,8.09,602.7,29.78,575.8,34.49,576.72,29.23,0.0062,0.02663,0.05561,0.15158,1749.0,1747.0,1692.0,1949.0,1961.0,2061.0,1205.0,1203.0,1193.0,-0.98787,0.15527,-0.30677,-0.95178,180,2019-07-03,266,440.0,-0.38557,test
2018-10-11,bhsi_value,652.0,6.48004,647.0,643.0,639.0,634.0,631.0,627.0,617.0,576.0,559.0,561.0,640.71,6.47,633.71,8.7,605.8,29.91,577.32,35.78,577.49,30.27,0.0077,0.03274,0.05518,0.1539,1763.0,1749.0,1678.0,2005.0,1949.0,2148.0,1207.0,1205.0,1189.0,-0.98506,0.17224,-0.33932,-0.94067,180,2019-07-04,266,443.0,-0.38647,test
2018-10-12,bhsi_value,657.0,6.48768,652.0,647.0,643.0,637.0,633.0,629.0,622.0,581.0,562.0,561.0,644.14,7.72,636.21,9.92,608.97,30.13,578.92,37.14,578.31,31.39,0.00764,0.03721,0.05474,0.15618,1775.0,1763.0,1679.0,2169.0,2005.0,2199.0,1204.0,1207.0,1190.0,-0.98195,0.18916,-0.37148,-0.92844,180,2019-07-05,266,448.0,-0.38289,test
2018-10-15,bhsi_value,661.0,6.49375,657.0,652.0,647.0,639.0,634.0,630.0,622.0,588.0,563.0,560.0,648.0,8.4,639.0,10.95,612.23,30.28,580.6,38.51,579.17,32.56,0.00607,0.0417,0.06081,0.16047,1779.0,1775.0,1706.0,2189.0,2169.0,2148.0,1200.0,1204.0,1192.0,-0.97088,0.23956,-0.46516,-0.88523,180,2019-07-08,266,454.0,-0.37566,test
2018-10-16,bhsi_value,663.0,6.49677,661.0,657.0,652.0,643.0,637.0,631.0,626.0,596.0,564.0,560.0,651.71,8.46,641.64,11.92,615.53,30.24,582.32,39.82,580.02,33.72,0.00302,0.04001,0.05742,0.16172,1793.0,1779.0,1727.0,2164.0,2189.0,2081.0,1196.0,1200.0,1197.0,-0.96662,0.25622,-0.49534,-0.8687,180,2019-07-09,266,458.0,-0.36991,test
2018-10-17,bhsi_value,665.0,6.49979,663.0,661.0,657.0,647.0,639.0,633.0,627.0,600.0,565.0,559.0,655.43,7.74,644.36,12.58,618.87,30.0,584.08,41.08,580.88,34.87,0.00301,0.03988,0.05884,0.16296,1796.0,1793.0,1749.0,2106.0,2164.0,2042.0,1192.0,1196.0,1201.0,-0.96207,0.27281,-0.52493,-0.85115,180,2019-07-10,266,463.0,-0.36206,test
2018-10-18,bhsi_value,668.0,6.50429,665.0,663.0,661.0,652.0,643.0,634.0,629.0,604.0,565.0,556.0,659.0,6.91,647.14,13.18,622.3,29.53,585.95,42.29,581.73,36.03,0.0045,0.03814,0.06016,0.16746,1789.0,1796.0,1747.0,2176.0,2106.0,1961.0,1181.0,1192.0,1203.0,-0.95723,0.28932,-0.55389,-0.83259,180,2019-07-11,266,468.0,-0.35582,test
2018-10-19,bhsi_value,670.0,6.50728,668.0,665.0,663.0,657.0,647.0,637.0,630.0,612.0,568.0,554.0,662.29,5.8,650.0,13.49,625.7,28.95,587.88,43.42,582.6,37.19,0.00299,0.03493,0.06156,0.16516,1775.0,1789.0,1749.0,2230.0,2176.0,1949.0,1170.0,1181.0,1205.0,-0.95211,0.30574,-0.5822,-0.81304,180,2019-07-12,266,472.0,-0.3503,test
2018-10-22,bhsi_value,671.0,6.50877,670.0,668.0,665.0,661.0,652.0,639.0,631.0,617.0,569.0,553.0,665.0,4.69,652.86,13.39,629.1,28.06,589.85,44.46,583.47,38.31,0.00149,0.02872,0.06146,0.16489,1756.0,1775.0,1763.0,2296.0,2230.0,2005.0,1163.0,1170.0,1207.0,-0.93507,0.35445,-0.66288,-0.74873,180,2019-07-15,266,472.0,-0.35179,test
2018-10-23,bhsi_value,673.0,6.51175,671.0,670.0,668.0,663.0,657.0,643.0,633.0,622.0,572.0,551.0,667.29,4.1,655.71,13.12,632.47,27.05,591.88,45.41,584.33,39.43,0.00298,0.02406,0.06127,0.16261,1715.0,1756.0,1775.0,2363.0,2296.0,2169.0,1156.0,1163.0,1204.0,-0.92884,0.37048,-0.68824,-0.72549,180,2019-07-16,266,477.0,-0.34423,test
2018-10-24,bhsi_value,675.0,6.51471,673.0,671.0,670.0,665.0,661.0,647.0,634.0,622.0,576.0,549.0,669.29,3.95,658.64,12.5,635.77,25.98,593.98,46.29,585.23,40.55,0.00297,0.02096,0.06266,0.15861,1669.0,1715.0,1779.0,2388.0,2363.0,2189.0,1144.0,1156.0,1200.0,-0.92233,0.38641,-0.71279,-0.70138,180,2019-07-17,266,481.0,-0.33885,test
2018-10-25,bhsi_value,676.0,6.51619,675.0,673.0,671.0,668.0,663.0,652.0,637.0,626.0,581.0,547.0,671.14,3.6,661.43,11.69,638.93,24.88,596.13,47.04,586.16,41.64,0.00148,0.01942,0.05942,0.15144,1622.0,1669.0,1793.0,2353.0,2388.0,2164.0,1132.0,1144.0,1196.0,-0.91555,0.40221,-0.73649,-0.67645,180,2019-07-18,266,486.0,-0.32998,test
2018-10-26,bhsi_value,675.0,6.51471,676.0,675.0,673.0,670.0,665.0,657.0,639.0,627.0,588.0,544.0,672.57,2.77,664.0,10.36,641.83,23.82,598.32,47.61,587.08,42.67,-0.00148,0.01493,0.05481,0.13799,1583.0,1622.0,1796.0,2526.0,2353.0,2106.0,1117.0,1132.0,1192.0,-0.90849,0.4179,-0.75932,-0.65071,180,2019-07-19,266,492.0,-0.31623,test
2018-10-29,bhsi_value,675.0,6.51471,675.0,676.0,675.0,671.0,668.0,661.0,643.0,629.0,596.0,543.0,673.57,2.13,666.29,8.9,644.47,22.96,600.52,48.05,587.99,43.65,0.0,0.01042,0.04857,0.12447,1556.0,1583.0,1789.0,2607.0,2526.0,2176.0,1106.0,1117.0,1181.0,-0.88572,0.46421,-0.82233,-0.56902,180,2019-07-22,266,497.0,-0.30612,test
2018-10-30,bhsi_value,675.0,6.51471,675.0,675.0,676.0,673.0,670.0,663.0,647.0,630.0,600.0,542.0,674.29,1.58,668.29,7.35,646.97,22.04,602.73,48.37,588.91,44.59,0.0,0.00743,0.04237,0.11778,1530.0,1556.0,1775.0,2630.0,2607.0,2230.0,1087.0,1106.0,1170.0,-0.87761,0.47938,-0.84141,-0.54039,180,2019-07-23,266,503.0,-0.29412,test
2018-10-31,bhsi_value,671.0,6.50877,675.0,675.0,675.0,675.0,671.0,665.0,652.0,631.0,604.0,541.0,674.29,1.58,669.64,5.81,649.2,20.95,604.9,48.46,589.82,45.41,-0.00594,0.0,0.02872,0.10519,1524.0,1530.0,1756.0,2596.0,2630.0,2296.0,1073.0,1087.0,1163.0,-0.86923,0.4944,-0.8595,-0.51113,180,2019-07-24,266,506.0,-0.28223,test
2018-11-01,bhsi_value,668.0,6.50429,671.0,675.0,675.0,676.0,673.0,668.0,657.0,633.0,612.0,541.0,673.57,2.72,670.43,4.69,651.07,20.02,607.02,48.4,590.74,46.14,-0.00448,-0.00746,0.0166,0.08756,1526.0,1524.0,1715.0,2530.0,2596.0,2363.0,1061.0,1073.0,1156.0,-0.8606,0.50928,-0.87658,-0.48126,180,2019-07-25,266,512.0,-0.26596,test
2018-11-02,bhsi_value,666.0,6.50129,668.0,671.0,675.0,675.0,675.0,670.0,661.0,634.0,617.0,543.0,672.29,3.69,670.79,4.11,652.7,19.16,609.07,48.25,591.67,46.8,-0.003,-0.01342,0.00754,0.07642,1530.0,1526.0,1669.0,2502.0,2530.0,2388.0,1051.0,1061.0,1144.0,-0.85171,0.52401,-0.89261,-0.45083,180,2019-07-26,266,515.0,-0.25712,test
2018-11-05,bhsi_value,665.0,6.49979,666.0,668.0,671.0,675.0,676.0,671.0,663.0,637.0,622.0,542.0,670.71,4.1,670.93,3.86,654.13,18.4,611.12,47.97,592.6,47.42,-0.0015,-0.01641,0.00301,0.06685,1531.0,1530.0,1622.0,2397.0,2502.0,2353.0,1041.0,1051.0,1132.0,-0.82355,0.56725,-0.93431,-0.35646,180,2019-07-29,266,516.0,-0.25368,test
2018-11-06,bhsi_value,663.0,6.49677,665.0,666.0,668.0,675.0,675.0,673.0,665.0,639.0,622.0,543.0,669.0,4.44,670.79,4.11,655.5,17.46,613.12,47.59,593.58,47.95,-0.00301,-0.01794,-0.00301,0.06383,1528.0,1531.0,1583.0,2296.0,2397.0,2526.0,1033.0,1041.0,1117.0,-0.81367,0.58133,-0.94602,-0.32411,180,2019-07-30,266,516.0,-0.25067,test
2018-11-07,bhsi_value,660.0,6.49224,663.0,665.0,666.0,671.0,675.0,675.0,668.0,643.0,626.0,543.0,666.86,4.64,670.21,4.93,656.63,16.59,615.07,47.07,594.57,48.39,-0.00454,-0.02247,-0.01205,0.05289,1511.0,1528.0,1556.0,1968.0,2296.0,2607.0,1021.0,1033.0,1106.0,-0.80355,0.59524,-0.95661,-0.29138,180,2019-07-31,266,516.0,-0.24613,test
