origin_date,target_index,current_known_level,log_level,lag_1,lag_2,lag_3,lag_5,lag_7,lag_10,lag_14,lag_21,lag_30,lag_60,rolling_mean_7,rolling_std_7,rolling_mean_14,rolling_std_14,rolling_mean_30,rolling_std_30,rolling_mean_60,rolling_std_60,rolling_mean_90,rolling_std_90,log_return_1,log_return_7,log_return_14,log_return_30,bpi_lag_0,bpi_lag_1,bpi_lag_7,bci_lag_0,bci_lag_1,bci_lag_7,bhsi_lag_0,bhsi_lag_1,bhsi_lag_7,fourier_sin_1,fourier_cos_1,fourier_sin_2,fourier_cos_2,horizon_sessions,target_date,calendar_days_elapsed,target_value,target_log_return,split_set
2012-12-06,bsi_value,771.0,6.64769,772.0,766.0,760.0,742.0,724.0,695.0,655.0,662.0,716.0,821.0,756.29,14.11,725.71,35.2,696.43,39.79,749.35,66.64,794.28,91.47,-0.0013,0.0629,0.16305,0.07401,940.0,949.0,1023.0,1897.0,2000.0,2275.0,446.0,446.0,438.0,-0.40516,0.91424,-0.74084,0.67168,28,2013-01-23,48,721.0,-0.06705,train
2012-12-07,bsi_value,768.0,6.64379,771.0,772.0,766.0,751.0,732.0,706.0,664.0,654.0,712.0,825.0,761.43,10.39,733.14,32.24,698.3,41.74,748.4,65.96,791.34,87.96,-0.0039,0.04801,0.14551,0.07571,936.0,940.0,1009.0,1832.0,1897.0,2275.0,447.0,446.0,442.0,-0.38938,0.92108,-0.7173,0.69677,28,2013-01-24,48,713.0,-0.07431,train
2012-12-10,bsi_value,765.0,6.63988,768.0,771.0,772.0,760.0,742.0,716.0,674.0,647.0,706.0,828.0,764.71,6.71,739.64,28.63,700.27,43.42,747.35,65.18,788.48,84.5,-0.00391,0.03053,0.12665,0.08026,928.0,936.0,994.0,1762.0,1832.0,2241.0,447.0,447.0,446.0,-0.34135,0.93994,-0.64169,0.76697,28,2013-01-25,46,712.0,-0.0718,train
2012-12-11,bsi_value,760.0,6.63332,765.0,768.0,771.0,766.0,751.0,724.0,687.0,644.0,699.0,834.0,766.0,4.44,744.86,24.99,702.3,44.72,746.12,64.22,785.7,81.22,-0.00656,0.01191,0.10098,0.08367,914.0,928.0,980.0,1652.0,1762.0,2199.0,447.0,447.0,448.0,-0.32513,0.94567,-0.61493,0.78858,28,2013-01-28,48,711.0,-0.06665,train
2012-12-12,bsi_value,751.0,6.62141,760.0,765.0,768.0,772.0,760.0,732.0,695.0,649.0,693.0,839.0,764.71,6.71,748.86,20.82,704.23,45.52,744.65,63.08,782.99,78.21,-0.01191,-0.01191,0.07749,0.08038,894.0,914.0,973.0,1446.0,1652.0,2166.0,444.0,447.0,448.0,-0.30881,0.95112,-0.58744,0.80927,28,2013-01-29,48,710.0,-0.05614,train
2012-12-13,bsi_value,751.0,6.62141,751.0,760.0,765.0,771.0,766.0,742.0,706.0,652.0,689.0,843.0,762.57,8.19,752.07,17.1,706.3,46.19,743.12,61.77,780.42,75.37,0.0,-0.01978,0.06179,0.08616,871.0,894.0,962.0,1407.0,1446.0,2095.0,443.0,444.0,447.0,-0.29241,0.95629,-0.55925,0.829,28,2013-01-30,48,695.0,-0.07749,train
2012-12-14,bsi_value,748.0,6.6174,751.0,751.0,760.0,768.0,772.0,751.0,716.0,653.0,678.0,845.0,759.14,8.54,754.36,13.98,708.63,46.46,741.5,60.34,778.0,72.83,-0.004,-0.03158,0.04372,0.09826,839.0,871.0,949.0,1440.0,1407.0,2000.0,443.0,443.0,446.0,-0.27591,0.96118,-0.53041,0.84774,28,2013-01-31,48,688.0,-0.08361,train
2012-12-17,bsi_value,746.0,6.61473,748.0,751.0,751.0,765.0,771.0,760.0,724.0,655.0,671.0,850.0,755.57,8.05,755.93,11.49,711.13,46.39,739.77,58.67,775.78,70.69,-0.00268,-0.03296,0.02993,0.10596,815.0,839.0,940.0,1403.0,1440.0,1897.0,444.0,443.0,446.0,-0.22596,0.97414,-0.44024,0.89788,28,2013-02-01,46,684.0,-0.08677,train
2012-12-18,bsi_value,745.0,6.61338,746.0,748.0,751.0,760.0,768.0,766.0,732.0,664.0,669.0,847.0,752.29,6.92,756.86,9.94,713.67,46.09,738.07,56.99,773.99,69.4,-0.00134,-0.03041,0.0176,0.1076,793.0,815.0,936.0,1315.0,1403.0,1832.0,444.0,444.0,447.0,-0.20917,0.97788,-0.40909,0.91249,28,2013-02-04,48,682.0,-0.08835,train
2012-12-19,bsi_value,742.0,6.60935,745.0,746.0,748.0,751.0,765.0,772.0,742.0,674.0,662.0,847.0,749.0,5.4,756.86,9.94,716.33,45.34,736.32,55.2,772.39,68.45,-0.00403,-0.03053,0.0,0.11408,765.0,793.0,928.0,1233.0,1315.0,1762.0,444.0,444.0,447.0,-0.19232,0.98133,-0.37746,0.92602,28,2013-02-05,48,681.0,-0.08579,train
2012-12-20,bsi_value,738.0,6.60394,742.0,745.0,746.0,751.0,760.0,771.0,751.0,687.0,654.0,847.0,745.86,4.39,755.93,11.0,719.13,43.97,734.5,53.29,770.84,67.63,-0.00541,-0.02937,-0.01746,0.12084,734.0,765.0,914.0,1226.0,1233.0,1652.0,445.0,444.0,447.0,-0.17541,0.9845,-0.34539,0.93846,28,2013-02-06,48,677.0,-0.08627,train
2012-12-21,bsi_value,738.0,6.60394,738.0,742.0,745.0,748.0,751.0,768.0,760.0,695.0,647.0,844.0,744.0,4.57,754.36,11.84,722.17,41.99,732.73,51.35,769.43,66.98,0.0,-0.01746,-0.02937,0.1316,710.0,734.0,894.0,1228.0,1226.0,1446.0,446.0,445.0,444.0,-0.15845,0.98737,-0.3129,0.94979,28,2013-02-07,48,674.0,-0.09071,train
2012-12-24,bsi_value,735.0,6.59987,738.0,738.0,742.0,746.0,751.0,765.0,766.0,706.0,644.0,836.0,741.71,4.49,752.14,12.35,725.2,39.44,731.05,49.57,768.09,66.44,-0.00407,-0.02154,-0.04131,0.13217,699.0,710.0,871.0,1235.0,1228.0,1407.0,447.0,446.0,443.0,-0.10731,0.99423,-0.21338,0.97697,28,2013-02-08,46,671.0,-0.0911,train
2013-01-02,bsi_value,732.0,6.59578,735.0,738.0,738.0,745.0,748.0,760.0,772.0,716.0,649.0,830.0,739.43,4.78,749.29,12.04,727.97,36.82,729.42,47.86,766.81,66.01,-0.00409,-0.02162,-0.0532,0.12035,685.0,699.0,839.0,1237.0,1235.0,1440.0,446.0,447.0,443.0,0.0344,0.99941,0.06876,0.99763,28,2013-02-11,40,669.0,-0.09,train
2013-01-03,bsi_value,737.0,6.60259,732.0,735.0,738.0,742.0,746.0,751.0,771.0,724.0,652.0,825.0,738.14,3.98,746.86,10.78,730.8,34.03,727.95,46.23,765.66,65.61,0.00681,-0.01214,-0.0451,0.12254,675.0,685.0,815.0,1254.0,1237.0,1403.0,447.0,446.0,444.0,0.05158,0.99867,0.10303,0.99468,28,2013-02-12,40,666.0,-0.1013,train
2013-01-04,bsi_value,739.0,6.6053,737.0,732.0,735.0,738.0,745.0,751.0,768.0,732.0,653.0,818.0,737.29,2.91,744.79,9.19,733.67,30.83,726.63,44.75,764.56,65.22,0.00271,-0.00809,-0.03849,0.12372,670.0,675.0,793.0,1285.0,1254.0,1315.0,446.0,447.0,444.0,0.06876,0.99763,0.13719,0.99055,28,2013-02-13,40,668.0,-0.10101,train
2013-01-07,bsi_value,739.0,6.6053,739.0,737.0,732.0,738.0,742.0,748.0,765.0,742.0,655.0,810.0,736.86,2.36,742.93,7.36,736.47,27.15,725.45,43.45,763.51,64.87,0.0,-0.00405,-0.03458,0.12066,670.0,670.0,765.0,1319.0,1285.0,1233.0,443.0,446.0,444.0,0.12013,0.99276,0.23851,0.97114,28,2013-02-14,38,664.0,-0.10702,train
2013-01-08,bsi_value,739.0,6.6053,739.0,739.0,737.0,735.0,738.0,746.0,760.0,751.0,664.0,802.0,737.0,2.45,741.43,5.68,738.97,23.58,724.4,42.33,762.47,64.49,0.0,0.00135,-0.02802,0.10702,682.0,670.0,734.0,1386.0,1319.0,1226.0,442.0,443.0,445.0,0.13719,0.99055,0.27178,0.96236,28,2013-02-15,38,667.0,-0.10251,train
2013-01-09,bsi_value,740.0,6.60665,739.0,739.0,739.0,732.0,738.0,745.0,751.0,760.0,674.0,795.0,737.29,2.66,740.64,5.02,741.17,20.27,723.48,41.38,761.3,63.94,0.00135,0.00271,-0.01476,0.09342,717.0,682.0,710.0,1384.0,1386.0,1228.0,443.0,442.0,446.0,0.1542,0.98804,0.30472,0.95244,28,2013-02-18,40,672.0,-0.09639,train
2013-01-10,bsi_value,741.0,6.608,740.0,739.0,739.0,737.0,735.0,742.0,751.0,766.0,687.0,791.0,738.14,2.75,739.93,4.13,742.97,17.6,722.65,40.51,760.06,63.23,0.00135,0.00813,-0.01341,0.07567,754.0,717.0,699.0,1367.0,1384.0,1235.0,443.0,443.0,447.0,0.17118,0.98524,0.3373,0.9414,28,2013-02-19,40,679.0,-0.08738,train
2013-01-11,bsi_value,743.0,6.6107,741.0,740.0,739.0,739.0,732.0,738.0,748.0,772.0,695.0,789.0,739.71,1.75,739.57,3.6,744.57,15.18,721.88,39.67,758.79,62.41,0.0027,0.01492,-0.00671,0.06678,772.0,754.0,685.0,1367.0,1367.0,1237.0,448.0,443.0,446.0,0.1881,0.98215,0.36948,0.92924,28,2013-02-20,40,687.0,-0.07836,train
2013-01-14,bsi_value,745.0,6.61338,743.0,741.0,740.0,739.0,737.0,738.0,746.0,771.0,706.0,787.0,740.86,2.17,739.5,3.48,745.87,13.38,721.18,38.88,757.53,61.53,0.00269,0.0108,-0.00134,0.05377,774.0,772.0,675.0,1370.0,1367.0,1254.0,451.0,448.0,447.0,0.23851,0.97114,0.46326,0.88622,28,2013-02-21,38,695.0,-0.06947,train
2013-01-15,bsi_value,743.0,6.6107,745.0,743.0,741.0,739.0,739.0,735.0,745.0,768.0,716.0,783.0,741.43,2.13,739.36,3.29,746.77,12.2,720.52,38.15,756.29,60.67,-0.00269,0.0054,-0.00269,0.03702,768.0,774.0,670.0,1365.0,1370.0,1285.0,454.0,451.0,446.0,0.25518,0.96689,0.49347,0.86976,28,2013-02-22,38,705.0,-0.0525,train
2013-01-16,bsi_value,740.0,6.60665,743.0,745.0,743.0,740.0,739.0,732.0,742.0,765.0,724.0,776.0,741.57,1.99,739.21,3.21,747.3,11.52,719.92,37.55,754.99,59.75,-0.00405,0.00135,-0.0027,0.02186,754.0,768.0,670.0,1431.0,1365.0,1319.0,457.0,454.0,443.0,0.27178,0.96236,0.52309,0.85227,28,2013-02-25,40,717.0,-0.03157,train
2013-01-17,bsi_value,738.0,6.60394,740.0,743.0,745.0,741.0,739.0,737.0,738.0,760.0,732.0,768.0,741.43,2.19,739.21,3.21,747.5,11.31,719.42,37.1,753.72,58.88,-0.00271,-0.00135,0.0,0.00816,743.0,754.0,682.0,1573.0,1431.0,1386.0,464.0,457.0,442.0,0.28829,0.95754,0.5521,0.83378,28,2013-02-26,40,724.0,-0.01915,train
2013-01-18,bsi_value,735.0,6.59987,738.0,740.0,743.0,743.0,740.0,739.0,738.0,751.0,742.0,754.0,740.71,3.15,739.0,3.38,747.27,11.49,719.1,36.89,752.46,58.04,-0.00407,-0.00678,-0.00407,-0.00948,740.0,743.0,717.0,1605.0,1573.0,1384.0,470.0,464.0,443.0,0.30472,0.95244,0.58045,0.81429,28,2013-02-27,40,734.0,-0.00136,train
2013-01-21,bsi_value,730.0,6.59304,735.0,738.0,740.0,745.0,741.0,739.0,735.0,751.0,751.0,746.0,739.14,4.88,738.64,3.99,746.57,11.87,718.83,36.75,751.18,57.25,-0.00683,-0.01496,-0.00683,-0.02836,736.0,740.0,754.0,1604.0,1605.0,1367.0,474.0,470.0,443.0,0.35344,0.93546,0.66126,0.75015,28,2013-02-28,38,745.0,0.02034,train
2013-01-22,bsi_value,728.0,6.5903,730.0,735.0,738.0,743.0,743.0,739.0,732.0,748.0,760.0,740.0,737.0,5.9,738.36,4.56,745.5,12.05,718.63,36.67,749.97,56.57,-0.00274,-0.02039,-0.00548,-0.04302,729.0,736.0,772.0,1577.0,1604.0,1367.0,477.0,474.0,448.0,0.36948,0.92924,0.68668,0.72696,28,2013-03-01,38,764.0,0.04827,train
2013-01-23,bsi_value,721.0,6.58064,728.0,730.0,735.0,740.0,745.0,740.0,737.0,746.0,766.0,732.0,733.57,7.11,737.21,6.39,744.0,12.21,718.45,36.63,748.73,55.97,-0.00966,-0.03275,-0.02195,-0.06054,727.0,729.0,774.0,1564.0,1577.0,1370.0,478.0,477.0,451.0,0.38541,0.92274,0.71128,0.70291,28,2013-03-04,40,781.0,0.07994,train
2013-01-24,bsi_value,713.0,6.56948,721.0,728.0,730.0,738.0,743.0,741.0,739.0,745.0,772.0,721.0,729.29,8.94,735.36,8.89,742.03,12.29,718.32,36.63,747.47,55.47,-0.01116,-0.04121,-0.03582,-0.0795,723.0,727.0,768.0,1541.0,1564.0,1365.0,478.0,478.0,454.0,0.40123,0.91598,0.73503,0.67803,28,2013-03-05,40,801.0,0.11638,train
2013-01-25,bsi_value,712.0,6.56808,713.0,721.0,728.0,735.0,740.0,743.0,739.0,742.0,771.0,716.0,725.29,9.5,733.43,10.65,740.07,12.22,718.25,36.64,746.26,55.04,-0.0014,-0.03857,-0.03722,-0.07961,718.0,723.0,754.0,1520.0,1541.0,1431.0,475.0,478.0,457.0,0.41693,0.90894,0.75792,0.65235,28,2013-03-06,40,818.0,0.13878,train
2013-01-28,bsi_value,711.0,6.56667,712.0,713.0,721.0,730.0,738.0,745.0,739.0,738.0,768.0,712.0,721.43,9.02,731.43,11.96,738.17,12.16,718.23,36.64,744.99,54.53,-0.00141,-0.03727,-0.03863,-0.07712,713.0,718.0,743.0,1507.0,1520.0,1573.0,472.0,475.0,464.0,0.46326,0.88622,0.8211,0.57078,28,2013-03-07,38,837.0,0.16315,train
2013-01-29,bsi_value,710.0,6.56526,711.0,712.0,713.0,728.0,735.0,743.0,740.0,738.0,765.0,706.0,717.86,7.81,729.29,12.89,736.33,12.12,718.3,36.62,743.68,53.93,-0.00141,-0.03461,-0.04139,-0.07461,703.0,713.0,740.0,1491.0,1507.0,1605.0,467.0,472.0,470.0,0.47843,0.87812,0.84025,0.5422,28,2013-03-08,38,852.0,0.18232,train
2013-01-30,bsi_value,695.0,6.54391,710.0,711.0,712.0,721.0,730.0,740.0,741.0,735.0,760.0,699.0,712.86,9.46,726.0,15.15,734.17,13.44,718.23,36.66,742.13,53.31,-0.02135,-0.04913,-0.06409,-0.08941,690.0,703.0,736.0,1477.0,1491.0,1604.0,461.0,467.0,474.0,0.49347,0.86976,0.8584,0.51298,28,2013-03-11,40,864.0,0.21766,train
2013-01-31,bsi_value,688.0,6.53379,695.0,710.0,711.0,713.0,728.0,738.0,743.0,732.0,751.0,693.0,707.14,10.6,722.07,17.22,732.07,15.42,718.15,36.72,740.46,52.6,-0.01012,-0.05651,-0.07691,-0.08762,677.0,690.0,729.0,1468.0,1477.0,1577.0,455.0,461.0,477.0,0.50836,0.86115,0.87554,0.48315,28,2013-03-12,40,876.0,0.24158,train
2013-02-01,bsi_value,684.0,6.52796,688.0,695.0,710.0,712.0,721.0,735.0,745.0,737.0,751.0,689.0,701.86,11.56,717.71,18.53,729.83,17.26,718.07,36.8,738.69,51.79,-0.00583,-0.05268,-0.08543,-0.09345,664.0,677.0,727.0,1454.0,1468.0,1564.0,449.0,455.0,478.0,0.52309,0.85227,0.89164,0.45274,28,2013-03-13,40,889.0,0.26214,train
2013-02-04,bsi_value,682.0,6.52503,684.0,688.0,695.0,711.0,713.0,730.0,743.0,739.0,748.0,678.0,697.43,12.35,713.36,19.23,727.63,18.93,718.13,36.73,736.88,50.89,-0.00293,-0.04445,-0.08567,-0.09237,653.0,664.0,723.0,1461.0,1454.0,1541.0,444.0,449.0,478.0,0.56636,0.82416,0.93354,0.35847,28,2013-03-14,38,903.0,0.28069,train
2013-02-05,bsi_value,681.0,6.52356,682.0,684.0,688.0,710.0,712.0,728.0,740.0,739.0,746.0,671.0,693.0,11.88,709.14,19.4,725.47,20.37,718.3,36.53,735.0,49.78,-0.00147,-0.04452,-0.08309,-0.09116,651.0,653.0,718.0,1466.0,1461.0,1520.0,438.0,444.0,475.0,0.58045,0.81429,0.94532,0.32614,28,2013-03-15,38,913.0,0.29317,train
2013-02-06,bsi_value,677.0,6.51767,681.0,682.0,684.0,695.0,711.0,721.0,738.0,739.0,745.0,669.0,688.14,10.38,704.79,19.28,723.2,21.8,718.43,36.37,733.11,48.71,-0.00589,-0.049,-0.08627,-0.09571,657.0,651.0,713.0,1484.0,1466.0,1507.0,431.0,438.0,472.0,0.59438,0.80419,0.95598,0.29343,28,2013-03-18,40,925.0,0.31212,train
2013-02-07,bsi_value,674.0,6.51323,677.0,681.0,682.0,688.0,710.0,713.0,735.0,740.0,742.0,662.0,683.0,6.46,700.43,18.84,720.93,23.22,718.63,36.09,731.19,47.58,-0.00444,-0.05203,-0.08664,-0.09612,695.0,657.0,703.0,1481.0,1484.0,1491.0,425.0,431.0,467.0,0.60812,0.79384,0.96551,0.26038,28,2013-03-19,40,937.0,0.32945,train
2013-02-08,bsi_value,671.0,6.50877,674.0,677.0,681.0,684.0,695.0,712.0,730.0,741.0,738.0,654.0,679.57,5.47,696.21,18.35,718.7,24.65,718.92,35.65,729.23,46.38,-0.00446,-0.03514,-0.08428,-0.09517,723.0,695.0,690.0,1461.0,1481.0,1477.0,421.0,425.0,461.0,0.62169,0.78327,0.97389,0.22701,28,2013-03-20,40,950.0,0.34769,train
2013-02-11,bsi_value,669.0,6.50578,671.0,674.0,677.0,682.0,688.0,711.0,728.0,743.0,738.0,647.0,676.86,5.33,692.0,17.31,716.4,25.92,719.28,35.01,727.29,45.18,-0.00299,-0.028,-0.08452,-0.09816,737.0,723.0,677.0,1453.0,1461.0,1468.0,418.0,421.0,455.0,0.66126,0.75015,0.9921,0.12546,28,2013-03-21,38,959.0,0.36011,train
2013-02-12,bsi_value,666.0,6.50129,669.0,671.0,674.0,681.0,684.0,710.0,721.0,745.0,735.0,644.0,674.29,5.6,688.07,16.51,714.1,27.2,719.65,34.33,725.4,44.14,-0.00449,-0.02667,-0.07935,-0.09858,749.0,737.0,664.0,1448.0,1453.0,1454.0,417.0,418.0,449.0,0.67407,0.73867,0.99583,0.09126,28,2013-03-22,38,968.0,0.37394,train
2013-02-13,bsi_value,668.0,6.50429,666.0,669.0,671.0,677.0,682.0,695.0,713.0,743.0,732.0,649.0,672.29,4.95,684.86,15.7,711.97,28.2,719.97,33.76,723.6,43.13,0.003,-0.02074,-0.06519,-0.09149,782.0,749.0,653.0,1448.0,1448.0,1461.0,414.0,417.0,444.0,0.68668,0.72696,0.99838,0.05695,28,2013-03-25,40,978.0,0.38122,train
2013-02-14,bsi_value,664.0,6.49828,668.0,666.0,669.0,674.0,681.0,688.0,712.0,740.0,737.0,652.0,669.86,4.19,681.43,14.6,709.53,29.08,720.17,33.39,721.81,42.22,-0.00601,-0.02528,-0.0698,-0.10431,808.0,782.0,651.0,1429.0,1448.0,1466.0,412.0,414.0,438.0,0.69908,0.71504,0.99975,0.02258,28,2013-03-26,40,981.0,0.39029,train
2013-02-15,bsi_value,667.0,6.50279,664.0,668.0,666.0,671.0,677.0,684.0,711.0,738.0,739.0,653.0,668.43,3.06,678.29,12.48,707.13,29.51,720.4,32.97,720.13,41.35,0.00451,-0.01488,-0.06388,-0.10251,832.0,808.0,657.0,1434.0,1429.0,1484.0,412.0,412.0,431.0,0.71128,0.70291,0.99993,-0.01183,28,2013-03-27,40,977.0,0.3817,train
2013-02-18,bsi_value,672.0,6.51026,667.0,664.0,668.0,669.0,674.0,682.0,710.0,735.0,739.0,655.0,668.14,2.59,675.57,8.91,704.9,29.55,720.68,32.47,718.6,40.54,0.00747,-0.00297,-0.05501,-0.09504,845.0,832.0,695.0,1408.0,1434.0,1481.0,411.0,412.0,425.0,0.74659,0.66529,0.99339,-0.11479,28,2013-03-28,38,965.0,0.36187,train
2013-02-19,bsi_value,679.0,6.52062,672.0,667.0,664.0,666.0,671.0,681.0,695.0,730.0,739.0,664.0,669.29,4.59,674.43,7.21,702.9,29.2,720.93,32.09,717.23,39.77,0.01036,0.01185,-0.02329,-0.08468,859.0,845.0,723.0,1377.0,1408.0,1461.0,411.0,411.0,421.0,0.75792,0.65235,0.98885,-0.14889,28,2013-04-02,42,944.0,0.32951,train
2013-02-20,bsi_value,687.0,6.53233,679.0,672.0,667.0,668.0,669.0,677.0,688.0,728.0,740.0,674.0,671.86,7.7,674.36,7.08,701.13,28.5,721.15,31.81,716.03,39.03,0.01171,0.02655,-0.00145,-0.07432,875.0,859.0,737.0,1355.0,1377.0,1453.0,410.0,411.0,418.0,0.76903,0.63921,0.98315,-0.18282,28,2013-04-03,42,933.0,0.30607,train
2013-02-21,bsi_value,695.0,6.54391,687.0,679.0,672.0,664.0,666.0,674.0,684.0,721.0,741.0,687.0,676.0,10.66,675.14,8.56,699.6,27.54,721.28,31.69,714.97,38.27,0.01158,0.04262,0.01595,-0.06409,892.0,875.0,749.0,1344.0,1355.0,1448.0,411.0,410.0,417.0,0.77991,0.62589,0.97628,-0.21653,28,2013-04-04,42,924.0,0.2848,train
2013-02-22,bsi_value,705.0,6.5582,695.0,687.0,679.0,667.0,668.0,671.0,682.0,713.0,743.0,695.0,681.29,14.03,676.79,11.44,698.33,26.36,721.45,31.58,714.03,37.47,0.01429,0.05391,0.03317,-0.0525,909.0,892.0,782.0,1335.0,1344.0,1448.0,412.0,411.0,414.0,0.79056,0.61238,0.96825,-0.24998,28,2013-04-05,42,915.0,0.26073,train
2013-02-25,bsi_value,717.0,6.57508,705.0,695.0,687.0,672.0,664.0,669.0,681.0,712.0,745.0,706.0,688.86,16.7,679.36,15.44,697.4,25.16,721.63,31.52,713.26,36.67,0.01688,0.07679,0.05151,-0.03831,922.0,909.0,808.0,1323.0,1335.0,1429.0,414.0,412.0,412.0,0.8211,0.57078,0.93734,-0.34841,28,2013-04-08,42,912.0,0.24056,train
2013-02-26,bsi_value,724.0,6.58479,717.0,705.0,695.0,679.0,667.0,666.0,677.0,711.0,743.0,716.0,697.0,17.91,682.71,19.21,696.77,24.22,721.77,31.51,712.6,35.93,0.00972,0.082,0.06712,-0.0259,939.0,922.0,832.0,1291.0,1323.0,1434.0,419.0,414.0,412.0,0.8308,0.55658,0.9248,-0.38045,28,2013-04-09,42,907.0,0.22535,train
2013-02-27,bsi_value,734.0,6.59851,724.0,717.0,705.0,687.0,672.0,668.0,674.0,710.0,740.0,724.0,705.86,18.67,687.0,23.09,696.57,23.89,721.93,31.55,712.13,35.37,0.01372,0.08825,0.08528,-0.00814,961.0,939.0,845.0,1264.0,1291.0,1408.0,426.0,419.0,411.0,0.84025,0.5422,0.91117,-0.41203,28,2013-04-10,42,902.0,0.20611,train
2013-02-28,bsi_value,745.0,6.61338,734.0,724.0,717.0,695.0,679.0,664.0,671.0,695.0,738.0,732.0,715.29,19.38,692.29,26.97,696.8,24.32,722.15,31.66,711.88,35.05,0.01488,0.09276,0.10462,0.00944,990.0,961.0,859.0,1249.0,1264.0,1377.0,436.0,426.0,411.0,0.84945,0.52767,0.89646,-0.44313,28,2013-04-11,42,900.0,0.18901,train
2013-03-01,bsi_value,764.0,6.63857,745.0,734.0,724.0,705.0,687.0,667.0,669.0,688.0,735.0,742.0,726.29,21.89,699.07,31.78,697.77,26.32,722.52,32.01,711.99,35.2,0.02518,0.10623,0.13278,0.0387,1036.0,990.0,875.0,1243.0,1249.0,1355.0,447.0,436.0,410.0,0.8584,0.51298,0.88068,-0.47371,28,2013-04-12,42,901.0,0.16494,train
2013-03-04,bsi_value,781.0,6.66058,764.0,745.0,734.0,717.0,695.0,672.0,666.0,684.0,730.0,751.0,738.57,24.82,707.29,36.66,699.47,29.77,723.02,32.68,712.38,35.76,0.02201,0.11666,0.15929,0.06753,1058.0,1036.0,892.0,1239.0,1243.0,1344.0,454.0,447.0,411.0,0.88372,0.46802,0.82719,-0.56192,28,2013-04-15,42,902.0,0.14404,train
2013-03-05,bsi_value,801.0,6.68586,781.0,764.0,745.0,724.0,705.0,679.0,668.0,682.0,728.0,760.0,752.29,28.7,716.79,42.08,701.9,34.59,723.7,33.86,713.06,36.84,0.02529,0.12766,0.18157,0.09556,1080.0,1058.0,909.0,1246.0,1239.0,1335.0,466.0,454.0,412.0,0.89164,0.45274,0.80737,-0.59004,28,2013-04-16,42,902.0,0.11875,train
2013-03-06,bsi_value,818.0,6.70686,801.0,781.0,764.0,734.0,717.0,687.0,664.0,681.0,721.0,766.0,766.71,32.48,727.79,46.72,705.13,40.29,724.57,35.55,714.01,38.4,0.021,0.13179,0.20858,0.12622,1090.0,1080.0,922.0,1251.0,1246.0,1323.0,472.0,466.0,414.0,0.8993,0.43734,0.7866,-0.61747,28,2013-04-17,42,900.0,0.09553,train
2013-03-07,bsi_value,837.0,6.72982,818.0,801.0,781.0,745.0,724.0,695.0,667.0,677.0,713.0,772.0,782.86,35.2,739.93,51.21,709.27,46.73,725.65,37.89,715.3,40.5,0.02296,0.14503,0.22703,0.16034,1112.0,1090.0,939.0,1260.0,1251.0,1291.0,478.0,472.0,419.0,0.90669,0.42181,0.76489,-0.64416,28,2013-04-18,42,899.0,0.07146,train
2013-03-08,bsi_value,852.0,6.74759,837.0,818.0,801.0,764.0,734.0,705.0,672.0,674.0,712.0,771.0,799.71,36.01,752.79,55.0,713.93,53.3,727.0,40.81,716.81,42.96,0.01776,0.14908,0.23733,0.17951,1124.0,1112.0,961.0,1262.0,1260.0,1264.0,483.0,478.0,426.0,0.91381,0.40615,0.74228,-0.67009,28,2013-04-19,42,898.0,0.05258,train
2013-03-11,bsi_value,864.0,6.76157,852.0,837.0,818.0,781.0,745.0,717.0,679.0,671.0,711.0,768.0,816.71,34.22,766.0,57.84,719.03,59.71,728.6,44.14,718.5,45.65,0.01399,0.14819,0.24095,0.1949,1128.0,1124.0,990.0,1260.0,1262.0,1249.0,485.0,483.0,436.0,0.93354,0.35847,0.66929,-0.743,28,2013-04-22,42,902.0,0.04304,train
2013-03-12,bsi_value,876.0,6.77537,864.0,852.0,837.0,801.0,764.0,724.0,687.0,669.0,710.0,765.0,832.71,31.94,779.5,59.84,724.57,65.98,730.45,47.8,720.39,48.52,0.01379,0.1368,0.24303,0.2101,1131.0,1128.0,1036.0,1314.0,1260.0,1243.0,486.0,485.0,447.0,0.93957,0.34236,0.64334,-0.76558,28,2013-04-23,42,902.0,0.02925,train
2013-03-13,bsi_value,889.0,6.7901,876.0,864.0,852.0,818.0,781.0,734.0,695.0,666.0,695.0,760.0,848.14,29.2,793.36,61.12,731.03,72.0,732.6,51.81,722.5,51.58,0.01473,0.12952,0.24619,0.24619,1138.0,1131.0,1058.0,1314.0,1314.0,1239.0,490.0,486.0,454.0,0.94532,0.32614,0.61662,-0.78726,28,2013-04-24,42,903.0,0.01563,train
2013-03-14,bsi_value,903.0,6.80572,889.0,876.0,864.0,837.0,801.0,745.0,705.0,668.0,688.0,751.0,862.71,27.43,807.5,61.94,738.2,77.82,735.13,56.18,724.83,54.84,0.01563,0.11986,0.24752,0.27193,1147.0,1138.0,1080.0,1302.0,1314.0,1246.0,494.0,490.0,466.0,0.95079,0.30983,0.58918,-0.808,28,2013-04-25,42,905.0,0.00221,train
2013-03-15,bsi_value,913.0,6.81674,903.0,889.0,876.0,852.0,818.0,764.0,717.0,664.0,684.0,751.0,876.29,25.38,821.5,62.05,745.83,83.18,737.83,60.6,727.32,58.14,0.01101,0.10987,0.24166,0.28878,1162.0,1147.0,1090.0,1299.0,1302.0,1251.0,506.0,494.0,472.0,0.95598,0.29343,0.56103,-0.82779,28,2013-04-26,42,904.0,-0.00991,train
2013-03-18,bsi_value,925.0,6.82979,913.0,903.0,889.0,864.0,837.0,781.0,724.0,667.0,682.0,748.0,888.86,24.58,835.86,61.08,753.93,88.24,740.78,65.16,730.07,61.48,0.01306,0.09997,0.245,0.30476,1172.0,1162.0,1112.0,1295.0,1299.0,1260.0,513.0,506.0,478.0,0.96984,0.24373,0.47276,-0.88119,28,2013-04-29,42,900.0,-0.0274,train
2013-03-19,bsi_value,937.0,6.84268,925.0,913.0,903.0,876.0,852.0,801.0,734.0,672.0,681.0,746.0,901.0,24.37,850.36,59.25,762.47,93.03,743.97,69.83,733.02,64.87,0.01289,0.0951,0.24417,0.31912,1184.0,1172.0,1124.0,1290.0,1295.0,1262.0,522.0,513.0,483.0,0.97389,0.22701,0.44217,-0.89693,28,2013-04-30,42,895.0,-0.04586,train
2013-03-20,bsi_value,950.0,6.85646,937.0,925.0,913.0,889.0,864.0,818.0,745.0,679.0,677.0,745.0,913.29,24.3,865.0,56.68,771.57,97.47,747.38,74.65,736.14,68.38,0.01378,0.09489,0.24308,0.33879,1190.0,1184.0,1128.0,1294.0,1290.0,1260.0,532.0,522.0,485.0,0.97765,0.21022,0.41105,-0.91161,28,2013-05-01,42,888.0,-0.06749,train
2013-03-21,bsi_value,959.0,6.86589,950.0,937.0,925.0,903.0,876.0,837.0,764.0,687.0,674.0,742.0,925.14,23.45,878.93,54.04,781.07,101.31,751.0,79.41,739.44,71.8,0.00943,0.09052,0.22732,0.35266,1202.0,1190.0,1131.0,1290.0,1294.0,1314.0,539.0,532.0,486.0,0.98112,0.19338,0.37945,-0.92521,28,2013-05-02,42,884.0,-0.08143,train
2013-03-22,bsi_value,968.0,6.87523,959.0,950.0,937.0,913.0,889.0,852.0,781.0,695.0,671.0,738.0,936.43,22.32,892.29,51.22,790.97,104.53,754.83,84.1,742.93,75.12,0.00934,0.08513,0.21466,0.36646,1208.0,1202.0,1138.0,1284.0,1290.0,1314.0,542.0,539.0,490.0,0.98431,0.17647,0.3474,-0.93772,28,2013-05-03,42,880.0,-0.09531,train
2013-03-25,bsi_value,978.0,6.88551,968.0,959.0,950.0,925.0,903.0,864.0,801.0,705.0,669.0,738.0,947.14,21.7,904.93,48.92,801.27,107.19,758.83,88.78,746.61,78.36,0.01028,0.07979,0.19965,0.37973,1210.0,1208.0,1147.0,1284.0,1284.0,1302.0,543.0,542.0,494.0,0.9921,0.12546,0.24894,-0.96852,28,2013-05-07,43,876.0,-0.11014,train
2013-03-26,bsi_value,981.0,6.88857,978.0,968.0,959.0,937.0,913.0,876.0,818.0,717.0,666.0,735.0,956.86,19.33,916.57,46.17,811.77,108.84,762.93,93.16,750.36,81.37,0.00306,0.07184,0.18171,0.38728,1204.0,1210.0,1162.0,1275.0,1284.0,1299.0,545.0,543.0,506.0,0.99411,0.10838,0.21548,-0.97651,28,2013-05-08,43,874.0,-0.11549,train
2013-03-27,bsi_value,977.0,6.88449,981.0,978.0,968.0,950.0,925.0,889.0,837.0,724.0,668.0,732.0,964.29,15.21,926.57,42.9,822.07,109.37,767.02,97.0,754.0,84.05,-0.00409,0.05469,0.15466,0.3802,1191.0,1204.0,1172.0,1258.0,1275.0,1295.0,547.0,545.0,513.0,0.99583,0.09126,0.18176,-0.98334,28,2013-05-09,43,872.0,-0.1137,train
2013-03-28,bsi_value,965.0,6.87213,977.0,981.0,978.0,959.0,937.0,903.0,852.0,734.0,664.0,737.0,968.29,10.44,934.64,38.51,832.1,108.21,770.82,100.17,757.48,86.2,-0.01236,0.02944,0.12454,0.37385,1176.0,1191.0,1184.0,1249.0,1258.0,1290.0,547.0,547.0,522.0,0.99725,0.07412,0.14783,-0.98901,28,2013-05-10,43,869.0,-0.10478,train
2013-04-02,bsi_value,944.0,6.85013,965.0,977.0,981.0,968.0,950.0,913.0,864.0,745.0,667.0,739.0,967.43,12.03,940.36,33.17,841.33,105.51,774.23,102.49,760.71,87.67,-0.022,-0.00634,0.08855,0.34734,1155.0,1176.0,1190.0,1229.0,1249.0,1294.0,543.0,547.0,532.0,0.99993,-0.01183,-0.02365,-0.99972,28,2013-05-13,41,866.0,-0.08624,train
2013-04-03,bsi_value,933.0,6.83841,944.0,965.0,977.0,978.0,959.0,925.0,876.0,764.0,672.0,739.0,963.71,17.04,944.43,28.14,850.03,101.89,777.47,104.37,763.8,88.78,-0.01172,-0.02749,0.06304,0.32815,1129.0,1155.0,1202.0,1209.0,1229.0,1290.0,537.0,543.0,539.0,0.99958,-0.02903,-0.05803,-0.99832,28,2013-05-14,41,861.0,-0.08031,train
2013-04-04,bsi_value,924.0,6.82871,933.0,944.0,965.0,981.0,968.0,937.0,889.0,781.0,679.0,739.0,957.43,21.76,946.93,24.41,858.2,97.58,780.55,105.91,766.69,89.71,-0.00969,-0.04652,0.03861,0.30809,1106.0,1129.0,1208.0,1209.0,1209.0,1284.0,529.0,537.0,542.0,0.99893,-0.04622,-0.09233,-0.99573,28,2013-05-15,41,857.0,-0.07527,train
2013-04-05,bsi_value,915.0,6.81892,924.0,933.0,944.0,977.0,978.0,950.0,903.0,801.0,687.0,740.0,948.43,24.27,947.79,23.03,865.8,92.71,783.47,107.16,769.37,90.5,-0.00979,-0.06659,0.0132,0.28659,1094.0,1106.0,1210.0,1215.0,1209.0,1284.0,525.0,529.0,543.0,0.99799,-0.06339,-0.12653,-0.99196,28,2013-05-16,41,854.0,-0.06899,train
2013-04-08,bsi_value,912.0,6.81564,915.0,924.0,933.0,965.0,981.0,959.0,913.0,818.0,695.0,741.0,938.57,23.02,947.71,23.14,873.03,87.42,786.32,108.26,771.87,91.29,-0.00328,-0.07293,-0.0011,0.27173,1084.0,1094.0,1204.0,1223.0,1215.0,1275.0,523.0,525.0,545.0,0.99339,-0.11479,-0.22806,-0.97365,28,2013-05-17,39,853.0,-0.06688,train
2013-04-09,bsi_value,907.0,6.81014,912.0,915.0,924.0,944.0,977.0,968.0,925.0,837.0,705.0,743.0,928.57,19.01,946.43,24.8,879.77,81.81,789.05,109.2,774.22,92.01,-0.0055,-0.07434,-0.01965,0.25194,1077.0,1084.0,1191.0,1236.0,1223.0,1258.0,518.0,523.0,547.0,0.99127,-0.13186,-0.26141,-0.96523,28,2013-05-20,41,851.0,-0.06373,train
2013-04-10,bsi_value,902.0,6.80461,907.0,912.0,915.0,933.0,965.0,978.0,937.0,852.0,717.0,745.0,919.57,13.84,943.93,27.27,885.93,76.09,791.67,109.99,776.4,92.69,-0.00553,-0.06751,-0.03807,0.22954,1080.0,1077.0,1176.0,1250.0,1236.0,1249.0,518.0,518.0,547.0,0.98885,-0.14889,-0.29446,-0.95566,28,2013-05-21,41,852.0,-0.05703,train
2013-04-11,bsi_value,900.0,6.80239,902.0,907.0,912.0,924.0,944.0,981.0,950.0,864.0,724.0,743.0,913.29,11.03,940.36,29.43,891.8,69.91,794.28,110.66,778.44,93.36,-0.00222,-0.04773,-0.05407,0.2176,1095.0,1080.0,1155.0,1257.0,1250.0,1229.0,521.0,518.0,543.0,0.98615,-0.16588,-0.32716,-0.94497,28,2013-05-22,41,851.0,-0.05598,train
2013-04-12,bsi_value,901.0,6.80351,900.0,902.0,907.0,915.0,933.0,977.0,959.0,876.0,734.0,740.0,908.71,8.17,936.21,30.57,897.37,63.47,796.97,111.27,780.41,94.05,0.00111,-0.0349,-0.06239,0.205,1112.0,1095.0,1129.0,1265.0,1257.0,1209.0,526.0,521.0,537.0,0.98315,-0.18282,-0.35947,-0.93316,28,2013-05-23,41,853.0,-0.05475,train
2013-04-15,bsi_value,902.0,6.80461,901.0,900.0,902.0,912.0,924.0,965.0,968.0,889.0,745.0,738.0,905.57,5.47,931.5,30.4,902.6,56.82,799.7,111.8,782.3,94.76,0.00111,-0.0241,-0.07062,0.19123,1125.0,1112.0,1106.0,1257.0,1265.0,1209.0,528.0,526.0,529.0,0.97241,-0.23329,-0.4537,-0.89115,28,2013-05-24,39,855.0,-0.05351,train
2013-04-16,bsi_value,902.0,6.80461,902.0,901.0,900.0,907.0,915.0,944.0,978.0,903.0,764.0,735.0,903.71,3.95,926.07,28.32,907.2,50.66,802.48,112.23,784.08,95.49,0.0,-0.01431,-0.0809,0.16605,1143.0,1125.0,1094.0,1251.0,1257.0,1215.0,531.0,528.0,525.0,0.96825,-0.24998,-0.48409,-0.87502,28,2013-05-28,42,857.0,-0.05118,train
2013-04-17,bsi_value,900.0,6.80239,902.0,902.0,901.0,902.0,912.0,933.0,981.0,913.0,781.0,730.0,902.0,2.2,920.29,24.53,911.17,44.97,805.32,112.51,785.73,96.19,-0.00222,-0.01325,-0.08618,0.14182,1167.0,1143.0,1084.0,1245.0,1251.0,1223.0,537.0,531.0,523.0,0.96381,-0.2666,-0.5139,-0.85785,28,2013-05-29,42,858.0,-0.04779,train
2013-04-18,bsi_value,899.0,6.80128,900.0,902.0,902.0,900.0,907.0,924.0,977.0,925.0,801.0,728.0,900.86,1.12,914.71,19.32,914.43,40.15,808.17,112.68,787.28,96.88,-0.00111,-0.00886,-0.0832,0.11542,1180.0,1167.0,1077.0,1238.0,1245.0,1236.0,538.0,537.0,518.0,0.95908,-0.28314,-0.54311,-0.83966,28,2013-05-30,42,859.0,-0.04551,train
2013-04-19,bsi_value,898.0,6.80017,899.0,900.0,902.0,901.0,902.0,915.0,965.0,937.0,818.0,721.0,900.29,1.39,909.93,13.78,917.1,36.1,811.12,112.68,788.74,97.54,-0.00111,-0.00444,-0.07196,0.09331,1196.0,1180.0,1080.0,1234.0,1238.0,1250.0,539.0,538.0,518.0,0.95407,-0.29959,-0.57167,-0.82049,28,2013-05-31,42,865.0,-0.03744,train
2013-04-22,bsi_value,902.0,6.80461,898.0,899.0,900.0,902.0,900.0,912.0,944.0,950.0,837.0,713.0,900.57,1.5,906.93,10.12,919.27,33.05,814.27,112.53,790.19,98.24,0.00444,0.00222,-0.04551,0.07479,1202.0,1196.0,1095.0,1230.0,1234.0,1257.0,540.0,539.0,521.0,0.93734,-0.34841,-0.65316,-0.75722,28,2013-06-03,42,871.0,-0.03497,train
2013-04-23,bsi_value,902.0,6.80461,902.0,898.0,899.0,902.0,901.0,907.0,933.0,959.0,852.0,712.0,900.71,1.58,904.71,7.12,920.93,30.8,817.43,112.28,791.64,98.92,0.0,0.00111,-0.03379,0.05703,1193.0,1202.0,1112.0,1220.0,1230.0,1265.0,540.0,540.0,526.0,0.93121,-0.36448,-0.67882,-0.7343,28,2013-06-04,42,873.0,-0.03268,train
2013-04-24,bsi_value,903.0,6.80572,902.0,902.0,898.0,900.0,902.0,902.0,924.0,968.0,864.0,711.0,900.86,1.73,903.21,4.69,922.23,29.15,820.63,111.94,793.14,99.57,0.00111,0.00111,-0.02299,0.04415,1165.0,1193.0,1125.0,1214.0,1220.0,1257.0,543.0,540.0,528.0,0.9248,-0.38045,-0.70368,-0.71052,28,2013-06-05,42,877.0,-0.02922,train
2013-04-25,bsi_value,905.0,6.80793,903.0,902.0,902.0,899.0,902.0,900.0,915.0,978.0,876.0,710.0,901.29,2.25,902.5,3.44,923.2,28.06,823.88,111.51,794.7,100.21,0.00221,0.00332,-0.01099,0.03257,1121.0,1165.0,1143.0,1220.0,1214.0,1251.0,544.0,543.0,531.0,0.91812,-0.3963,-0.7277,-0.68589,28,2013-06-06,42,880.0,-0.02801,train
2013-04-26,bsi_value,904.0,6.80683,905.0,903.0,902.0,898.0,900.0,901.0,912.0,981.0,889.0,695.0,901.86,2.36,901.93,2.28,923.7,27.58,827.37,110.69,796.3,100.79,-0.00111,0.00443,-0.00881,0.01673,1082.0,1121.0,1167.0,1246.0,1220.0,1245.0,545.0,544.0,537.0,0.91117,-0.41203,-0.75086,-0.66046,28,2013-06-07,42,885.0,-0.02124,train
2013-04-29,bsi_value,900.0,6.80239,904.0,905.0,903.0,902.0,899.0,902.0,907.0,977.0,903.0,688.0,902.0,2.2,901.43,1.84,923.6,27.66,830.9,109.56,797.96,101.25,-0.00443,0.00111,-0.00775,-0.00333,1058.0,1082.0,1180.0,1260.0,1246.0,1238.0,545.0,545.0,538.0,0.8887,-0.45849,-0.81492,-0.57958,28,2013-06-10,42,889.0,-0.0123,train
2013-04-30,bsi_value,895.0,6.79682,900.0,904.0,905.0,902.0,898.0,902.0,902.0,965.0,913.0,684.0,901.57,3.06,900.93,2.46,923.0,28.08,834.42,108.17,799.56,101.64,-0.00557,-0.00335,-0.00779,-0.01991,1028.0,1058.0,1196.0,1273.0,1260.0,1234.0,544.0,545.0,539.0,0.88068,-0.47371,-0.83437,-0.5512,28,2013-06-11,42,890.0,-0.0056,train
2013-05-01,bsi_value,888.0,6.78897,895.0,900.0,904.0,903.0,902.0,900.0,900.0,944.0,925.0,682.0,899.57,5.63,900.07,4.15,921.77,28.77,837.85,106.53,801.11,101.91,-0.00785,-0.01564,-0.01342,-0.04082,1018.0,1028.0,1202.0,1279.0,1273.0,1230.0,545.0,544.0,540.0,0.8724,-0.48879,-0.85284,-0.52218,28,2013-06-12,42,892.0,0.00449,train
2013-05-02,bsi_value,884.0,6.78446,888.0,895.0,900.0,905.0,902.0,899.0,901.0,933.0,937.0,681.0,897.0,7.67,898.86,5.84,920.0,29.4,841.23,104.71,802.64,102.1,-0.00451,-0.02016,-0.01905,-0.05823,1010.0,1018.0,1193.0,1322.0,1279.0,1220.0,546.0,545.0,540.0,0.86387,-0.50372,-0.87029,-0.49253,28,2013-06-13,42,895.0,0.01237,train
2013-05-03,bsi_value,880.0,6.77992,884.0,888.0,895.0,904.0,903.0,898.0,902.0,924.0,950.0,677.0,893.71,9.18,897.29,7.51,917.67,29.7,844.62,102.6,804.14,102.24,-0.00454,-0.0258,-0.02469,-0.07654,1006.0,1010.0,1165.0,1344.0,1322.0,1214.0,546.0,546.0,543.0,0.85507,-0.51851,-0.88672,-0.4623,28,2013-06-14,42,895.0,0.0169,train
2013-05-07,bsi_value,876.0,6.77537,880.0,884.0,888.0,900.0,905.0,902.0,902.0,915.0,959.0,674.0,889.57,9.68,895.43,9.15,914.9,29.59,847.98,100.24,805.63,102.3,-0.00456,-0.03257,-0.02925,-0.09052,999.0,1006.0,1121.0,1393.0,1344.0,1220.0,546.0,546.0,544.0,0.8174,-0.57607,-0.94176,-0.33629,28,2013-06-17,41,900.0,0.02703,train
2013-05-08,bsi_value,874.0,6.77308,876.0,880.0,884.0,895.0,904.0,902.0,900.0,912.0,968.0,671.0,885.29,8.96,893.57,10.56,911.77,28.76,851.37,97.6,807.14,102.29,-0.00229,-0.03375,-0.02931,-0.10215,995.0,999.0,1082.0,1408.0,1393.0,1246.0,548.0,546.0,545.0,0.80737,-0.59004,-0.95277,-0.3037,28,2013-06-18,41,900.0,0.02931,train
2013-05-09,bsi_value,872.0,6.77079,874.0,876.0,880.0,888.0,900.0,903.0,899.0,907.0,978.0,669.0,881.29,7.65,891.64,11.79,908.23,26.86,854.75,94.69,808.63,102.25,-0.00229,-0.03161,-0.03049,-0.11472,995.0,995.0,1058.0,1398.0,1408.0,1260.0,551.0,548.0,545.0,0.7971,-0.60385,-0.96265,-0.27074,28,2013-06-19,41,903.0,0.03493,train
2013-05-10,bsi_value,869.0,6.76734,872.0,874.0,876.0,884.0,895.0,905.0,898.0,902.0,981.0,666.0,877.57,6.28,889.57,12.98,904.5,24.13,858.13,91.46,810.12,102.14,-0.00345,-0.02948,-0.03283,-0.12123,994.0,995.0,1028.0,1382.0,1398.0,1273.0,551.0,551.0,544.0,0.7866,-0.61747,-0.9714,-0.23747,28,2013-06-20,41,909.0,0.045,train
2013-05-13,bsi_value,866.0,6.76388,869.0,872.0,874.0,880.0,888.0,904.0,902.0,900.0,977.0,668.0,874.43,5.75,887.0,13.8,900.8,21.04,861.43,88.05,811.61,101.97,-0.00346,-0.02509,-0.04073,-0.1206,993.0,994.0,1018.0,1370.0,1382.0,1279.0,553.0,551.0,545.0,0.7537,-0.65722,-0.99069,-0.13612,28,2013-06-21,39,916.0,0.05613,train
2013-05-14,bsi_value,861.0,6.75809,866.0,869.0,872.0,876.0,884.0,900.0,902.0,901.0,965.0,664.0,871.14,5.91,884.07,14.63,897.33,18.6,864.72,84.21,812.99,101.79,-0.00579,-0.02636,-0.04652,-0.11403,988.0,993.0,1010.0,1360.0,1370.0,1322.0,555.0,553.0,546.0,0.74228,-0.67009,-0.99479,-0.10196,28,2013-06-24,41,923.0,0.06953,train
2013-05-15,bsi_value,857.0,6.75344,861.0,866.0,869.0,874.0,880.0,895.0,903.0,902.0,944.0,667.0,867.86,6.45,880.79,15.17,894.43,17.87,867.88,80.19,814.3,101.59,-0.00466,-0.02648,-0.05228,-0.09669,974.0,988.0,1006.0,1338.0,1360.0,1344.0,555.0,555.0,546.0,0.73064,-0.68276,-0.99771,-0.06768,28,2013-06-25,41,930.0,0.08175,train
2013-05-16,bsi_value,854.0,6.74993,857.0,861.0,866.0,872.0,876.0,888.0,905.0,902.0,933.0,672.0,864.71,7.05,877.14,15.04,891.8,17.81,870.92,76.06,815.58,101.36,-0.00351,-0.02543,-0.058,-0.08847,951.0,974.0,999.0,1334.0,1338.0,1393.0,554.0,555.0,546.0,0.71879,-0.69523,-0.99944,-0.03332,28,2013-06-26,41,937.0,0.09275,train
2013-05-17,bsi_value,853.0,6.74876,854.0,857.0,861.0,869.0,874.0,884.0,904.0,900.0,924.0,679.0,861.71,6.92,873.5,14.25,889.43,18.09,873.82,71.89,816.84,101.1,-0.00117,-0.02432,-0.05807,-0.07995,930.0,951.0,995.0,1326.0,1334.0,1408.0,553.0,554.0,548.0,0.70673,-0.70749,-1.0,0.00108,28,2013-06-27,41,944.0,0.10137,train
2013-05-20,bsi_value,851.0,6.74641,853.0,854.0,857.0,866.0,872.0,880.0,900.0,899.0,915.0,687.0,858.71,6.34,870.0,13.29,887.3,18.71,876.55,67.74,818.08,100.83,-0.00235,-0.02438,-0.05598,-0.07251,917.0,930.0,995.0,1317.0,1326.0,1398.0,555.0,553.0,551.0,0.66929,-0.743,-0.99457,0.1041,28,2013-06-28,39,950.0,0.11005,train
2013-05-21,bsi_value,852.0,6.74759,851.0,853.0,854.0,861.0,869.0,876.0,895.0,898.0,912.0,695.0,856.29,5.06,866.93,12.07,885.3,19.17,879.17,63.58,819.31,100.56,0.00117,-0.01976,-0.04924,-0.06805,899.0,917.0,994.0,1321.0,1317.0,1382.0,554.0,555.0,551.0,0.65641,-0.7544,-0.9904,0.13825,28,2013-07-01,41,954.0,0.11308,train
2013-05-22,bsi_value,851.0,6.74641,852.0,851.0,853.0,857.0,866.0,874.0,888.0,902.0,907.0,705.0,854.14,3.4,864.29,11.19,883.43,19.68,881.6,59.53,820.51,100.29,-0.00117,-0.01747,-0.04256,-0.06373,880.0,899.0,993.0,1333.0,1321.0,1370.0,552.0,554.0,553.0,0.64334,-0.76558,-0.98506,0.17224,28,2013-07-02,41,954.0,0.11425,train
2013-05-23,bsi_value,853.0,6.74876,851.0,852.0,851.0,854.0,861.0,872.0,884.0,902.0,902.0,717.0,853.0,1.93,862.07,10.08,881.8,20.1,883.87,55.68,821.71,100.02,0.00235,-0.00933,-0.0357,-0.05585,863.0,880.0,988.0,1339.0,1333.0,1360.0,551.0,552.0,555.0,0.63007,-0.77654,-0.97855,0.20602,28,2013-07-03,41,952.0,0.10981,train
2013-05-24,bsi_value,855.0,6.7511,853.0,851.0,852.0,853.0,857.0,869.0,880.0,903.0,900.0,724.0,852.71,1.39,860.29,8.89,880.3,20.37,886.05,51.81,822.96,99.73,0.00234,-0.00234,-0.02882,-0.05129,854.0,863.0,974.0,1350.0,1339.0,1338.0,546.0,551.0,555.0,0.61662,-0.78726,-0.97088,0.23956,28,2013-07-04,41,943.0,0.09796,train
2013-05-28,bsi_value,857.0,6.75344,855.0,853.0,851.0,851.0,854.0,866.0,876.0,905.0,901.0,734.0,853.14,2.03,858.93,7.77,878.83,20.41,888.1,48.05,824.26,99.41,0.00234,0.00351,-0.02193,-0.05007,838.0,854.0,951.0,1346.0,1350.0,1334.0,545.0,546.0,554.0,0.56103,-0.82779,-0.92884,0.37048,28,2013-07-05,38,932.0,0.08389,train
2013-05-29,bsi_value,858.0,6.7546,857.0,855.0,853.0,852.0,853.0,861.0,874.0,904.0,902.0,745.0,853.86,2.64,857.79,6.55,877.37,20.27,889.98,44.48,825.59,99.04,0.00117,0.00584,-0.01848,-0.05001,821.0,838.0,930.0,1348.0,1346.0,1326.0,543.0,545.0,553.0,0.54671,-0.83732,-0.91555,0.40221,28,2013-07-08,40,924.0,0.07411,train
2013-05-30,bsi_value,859.0,6.75577,858.0,857.0,855.0,851.0,851.0,857.0,872.0,900.0,902.0,764.0,855.0,2.88,856.86,5.26,875.93,19.99,891.57,41.57,826.97,98.64,0.00116,0.00936,-0.01502,-0.04885,806.0,821.0,917.0,1339.0,1348.0,1317.0,537.0,543.0,555.0,0.53223,-0.8466,-0.90117,0.43347,28,2013-07-09,40,920.0,0.0686,train
2013-05-31,bsi_value,865.0,6.76273,859.0,858.0,857.0,853.0,852.0,854.0,869.0,895.0,900.0,781.0,856.86,4.22,856.57,4.67,874.77,19.57,892.97,39.16,828.47,98.18,0.00696,0.01514,-0.00461,-0.03967,795.0,806.0,899.0,1336.0,1339.0,1321.0,533.0,537.0,554.0,0.51759,-0.85563,-0.88572,0.46421,28,2013-07-10,40,911.0,0.05181,train
2013-06-03,bsi_value,871.0,6.76964,865.0,859.0,858.0,855.0,851.0,853.0,866.0,888.0,899.0,801.0,859.71,5.77,856.93,5.5,873.83,19.06,894.13,37.41,830.06,97.69,0.00691,0.02323,0.00576,-0.03164,786.0,795.0,880.0,1333.0,1336.0,1333.0,529.0,533.0,552.0,0.47276,-0.88119,-0.83318,0.553,28,2013-07-11,38,904.0,0.03719,train
2013-06-04,bsi_value,873.0,6.77194,871.0,865.0,859.0,857.0,853.0,851.0,861.0,884.0,898.0,818.0,862.57,6.63,857.79,6.84,873.0,18.52,895.05,36.19,831.74,97.1,0.00229,0.02318,0.01384,-0.02823,776.0,786.0,863.0,1338.0,1333.0,1339.0,526.0,529.0,551.0,0.45753,-0.88919,-0.81367,0.58133,28,2013-07-12,38,901.0,0.03157,train
2013-06-05,bsi_value,877.0,6.77651,873.0,871.0,865.0,858.0,855.0,852.0,857.0,880.0,902.0,837.0,865.71,7.46,859.21,8.43,872.17,17.74,895.72,35.47,833.57,96.4,0.00457,0.02541,0.02307,-0.02811,768.0,776.0,854.0,1335.0,1338.0,1350.0,521.0,526.0,546.0,0.44217,-0.89693,-0.79319,0.60897,28,2013-07-15,40,897.0,0.02255,train
2013-06-06,bsi_value,880.0,6.77992,877.0,873.0,871.0,859.0,857.0,851.0,854.0,876.0,902.0,852.0,869.0,7.95,861.07,9.82,871.43,16.93,896.18,35.08,835.43,95.65,0.00341,0.02648,0.02999,-0.02469,764.0,768.0,838.0,1344.0,1335.0,1346.0,521.0,521.0,545.0,0.42667,-0.90441,-0.77177,0.6359,28,2013-07-16,40,894.0,0.01578,train
2013-06-07,bsi_value,885.0,6.78559,880.0,877.0,873.0,865.0,858.0,853.0,853.0,874.0,903.0,864.0,872.86,8.22,863.36,11.29,870.83,16.1,896.53,34.86,837.37,94.87,0.00567,0.03098,0.03683,-0.02013,764.0,764.0,821.0,1352.0,1344.0,1348.0,524.0,521.0,543.0,0.41105,-0.91161,-0.74944,0.66207,28,2013-07-17,40,895.0,0.01124,train
2013-06-10,bsi_value,889.0,6.7901,885.0,880.0,877.0,871.0,859.0,855.0,851.0,872.0,905.0,876.0,877.14,7.68,866.07,12.5,870.3,15.2,896.75,34.77,839.36,94.05,0.00451,0.03433,0.04369,-0.01784,766.0,764.0,806.0,1359.0,1352.0,1339.0,525.0,524.0,537.0,0.36348,-0.9316,-0.67724,0.73576,28,2013-07-18,38,894.0,0.00561,train
2013-06-11,bsi_value,890.0,6.79122,889.0,885.0,880.0,873.0,865.0,857.0,852.0,869.0,904.0,889.0,880.71,6.98,868.79,13.25,869.83,14.35,896.77,34.77,841.52,92.94,0.00112,0.02849,0.04363,-0.01561,777.0,766.0,795.0,1379.0,1359.0,1336.0,525.0,525.0,533.0,0.3474,-0.93772,-0.65153,0.75862,28,2013-07-19,38,897.0,0.00783,train
2013-06-12,bsi_value,892.0,6.79347,890.0,889.0,885.0,877.0,871.0,858.0,851.0,866.0,900.0,903.0,883.71,6.67,871.71,13.52,869.57,13.85,896.58,34.76,843.79,91.64,0.00224,0.02382,0.04705,-0.00893,808.0,777.0,786.0,1427.0,1379.0,1333.0,525.0,525.0,529.0,0.33122,-0.94355,-0.62505,0.78058,28,2013-07-22,40,898.0,0.0067,train
2013-06-13,bsi_value,895.0,6.79682,892.0,890.0,889.0,880.0,873.0,859.0,853.0,861.0,895.0,913.0,886.86,6.03,874.71,13.7,869.57,13.85,896.28,34.7,846.13,90.21,0.00336,0.02489,0.04806,0.0,833.0,808.0,776.0,1484.0,1427.0,1338.0,528.0,525.0,526.0,0.31494,-0.94911,-0.59783,0.80162,28,2013-07-23,40,902.0,0.00779,train
2013-06-14,bsi_value,895.0,6.79682,895.0,892.0,890.0,885.0,877.0,865.0,855.0,857.0,888.0,925.0,889.43,5.04,877.57,13.46,869.8,14.21,895.78,34.49,848.5,88.66,0.0,0.02032,0.04572,0.00785,859.0,833.0,768.0,1537.0,1484.0,1335.0,533.0,528.0,521.0,0.29857,-0.95439,-0.5699,0.82171,28,2013-07-24,40,907.0,0.01332,train
2013-06-17,bsi_value,900.0,6.80239,895.0,895.0,892.0,889.0,880.0,871.0,857.0,854.0,884.0,937.0,892.29,4.53,880.64,13.32,870.33,15.01,895.17,34.08,850.93,87.02,0.00557,0.02247,0.04896,0.01794,878.0,859.0,764.0,1588.0,1537.0,1344.0,539.0,533.0,521.0,0.24894,-0.96852,-0.48221,0.87606,28,2013-07-25,38,914.0,0.01544,train
2013-06-18,bsi_value,900.0,6.80239,900.0,895.0,895.0,890.0,885.0,873.0,858.0,853.0,880.0,950.0,894.43,4.1,883.64,12.59,871.0,15.85,894.33,33.33,853.41,85.19,0.0,0.01681,0.04779,0.02247,892.0,878.0,764.0,1674.0,1588.0,1352.0,544.0,539.0,524.0,0.23224,-0.97266,-0.45179,0.89213,28,2013-07-26,38,917.0,0.01871,train
2013-06-19,bsi_value,903.0,6.80572,900.0,900.0,895.0,892.0,889.0,877.0,859.0,851.0,876.0,959.0,896.43,4.37,886.79,11.49,871.9,16.84,893.4,32.28,855.96,83.19,0.00333,0.01563,0.04995,0.03036,909.0,892.0,766.0,1757.0,1674.0,1359.0,547.0,544.0,525.0,0.21548,-0.97651,-0.42083,0.90714,28,2013-07-29,40,917.0,0.01538,train
2013-06-20,bsi_value,909.0,6.81235,903.0,900.0,900.0,895.0,890.0,880.0,865.0,852.0,874.0,968.0,899.14,5.33,889.93,11.11,873.07,18.11,892.42,30.86,858.6,81.02,0.00662,0.02112,0.04962,0.03926,920.0,909.0,777.0,1792.0,1757.0,1379.0,548.0,547.0,525.0,0.19865,-0.98007,-0.38938,0.92108,28,2013-07-30,40,919.0,0.01094,train
2013-06-21,bsi_value,916.0,6.82002,909.0,903.0,900.0,895.0,892.0,885.0,871.0,851.0,872.0,978.0,902.57,7.07,893.14,11.67,874.53,19.68,891.38,28.95,861.34,78.7,0.00767,0.02655,0.05037,0.04923,927.0,920.0,808.0,1822.0,1792.0,1427.0,552.0,548.0,525.0,0.18176,-0.98334,-0.35746,0.93393,28,2013-07-31,40,916.0,0.0,train
2013-06-24,bsi_value,923.0,6.82763,916.0,909.0,903.0,900.0,895.0,889.0,873.0,853.0,869.0,981.0,906.57,9.24,896.71,12.57,876.33,21.48,890.42,26.83,864.2,76.18,0.00761,0.03081,0.05569,0.06029,937.0,927.0,833.0,1912.0,1822.0,1484.0,552.0,552.0,528.0,0.13079,-0.99141,-0.25934,0.96579,28,2013-08-01,38,912.0,-0.01199,train
2013-06-25,bsi_value,930.0,6.83518,923.0,916.0,909.0,900.0,895.0,890.0,877.0,855.0,866.0,977.0,911.57,10.94,900.5,13.97,878.47,23.44,889.63,24.91,867.11,73.59,0.00756,0.03836,0.05868,0.0713,959.0,937.0,859.0,1959.0,1912.0,1537.0,552.0,552.0,533.0,0.11372,-0.99351,-0.22596,0.97414,28,2013-08-02,38,909.0,-0.02284,train
2013-06-26,bsi_value,937.0,6.84268,930.0,923.0,916.0,903.0,900.0,892.0,880.0,857.0,861.0,965.0,916.86,12.84,904.57,15.61,881.0,25.43,889.17,23.73,870.14,70.73,0.0075,0.04029,0.06276,0.08459,976.0,959.0,878.0,2061.0,1959.0,1588.0,554.0,552.0,539.0,0.09661,-0.99532,-0.19232,0.98133,28,2013-08-05,40,908.0,-0.03144,train
2013-06-27,bsi_value,944.0,6.85013,937.0,930.0,923.0,909.0,900.0,895.0,885.0,858.0,857.0,944.0,923.14,13.79,908.79,17.6,883.9,27.41,889.17,23.73,873.22,67.79,0.00744,0.04773,0.06454,0.09669,994.0,976.0,892.0,2120.0,2061.0,1674.0,558.0,554.0,544.0,0.07948,-0.99684,-0.15845,0.98737,28,2013-08-06,40,908.0,-0.03888,train
2013-06-28,bsi_value,950.0,6.85646,944.0,937.0,930.0,916.0,903.0,895.0,889.0,859.0,854.0,933.0,929.86,13.79,913.14,19.6,887.1,29.28,889.45,24.35,876.31,64.82,0.00634,0.05074,0.06636,0.10653,1007.0,994.0,909.0,2165.0,2120.0,1757.0,564.0,558.0,547.0,0.06232,-0.99806,-0.12439,0.99223,28,2013-08-07,40,907.0,-0.04632,train
2013-07-01,bsi_value,954.0,6.86066,950.0,944.0,937.0,923.0,909.0,900.0,890.0,865.0,853.0,924.0,936.29,13.04,917.71,21.07,890.47,30.92,889.95,25.34,879.37,61.86,0.0042,0.04832,0.06944,0.1119,1014.0,1007.0,920.0,2176.0,2165.0,1792.0,566.0,564.0,548.0,0.01075,-0.99994,-0.0215,0.99977,28,2013-08-08,38,911.0,-0.04612,train
2013-07-02,bsi_value,954.0,6.86066,954.0,950.0,944.0,930.0,916.0,900.0,892.0,871.0,851.0,915.0,941.71,11.25,922.14,21.71,893.9,32.05,890.6,26.45,882.33,58.89,0.0,0.04065,0.0672,0.11425,1016.0,1014.0,927.0,2134.0,2176.0,1822.0,569.0,566.0,552.0,-0.00645,-0.99998,0.0129,0.99992,28,2013-08-09,38,913.0,-0.04393,train
2013-07-03,bsi_value,952.0,6.85857,954.0,954.0,950.0,937.0,923.0,903.0,895.0,873.0,852.0,912.0,945.86,8.63,926.21,21.58,897.23,32.71,891.27,27.46,885.19,55.89,-0.0021,0.03094,0.06174,0.11098,1017.0,1016.0,937.0,2020.0,2134.0,1912.0,569.0,569.0,552.0,-0.02365,-0.99972,0.04729,0.99888,28,2013-08-12,40,911.0,-0.04402,train
2013-07-04,bsi_value,943.0,6.84907,952.0,954.0,954.0,944.0,930.0,909.0,895.0,877.0,851.0,907.0,947.71,6.02,929.64,20.11,900.3,32.54,891.87,28.18,887.83,52.85,-0.0095,0.01388,0.05224,0.10265,1012.0,1017.0,959.0,1936.0,2020.0,1959.0,568.0,569.0,552.0,-0.04084,-0.99917,0.08162,0.99666,28,2013-08-13,40,910.0,-0.03562,train
2013-07-05,bsi_value,932.0,6.83733,943.0,952.0,954.0,950.0,937.0,916.0,900.0,880.0,853.0,902.0,947.0,7.39,931.93,18.36,902.93,31.8,892.37,28.62,890.22,49.85,-0.01173,-0.00535,0.03494,0.08857,1008.0,1012.0,976.0,1929.0,1936.0,2061.0,568.0,568.0,554.0,-0.05803,-0.99832,0.11586,0.99327,28,2013-08-14,40,909.0,-0.02499,train
2013-07-08,bsi_value,924.0,6.82871,932.0,943.0,952.0,954.0,944.0,923.0,900.0,885.0,855.0,900.0,944.14,10.99,933.64,16.3,905.23,30.73,892.77,28.89,892.44,46.75,-0.00862,-0.02141,0.02632,0.07761,1002.0,1008.0,994.0,1977.0,1929.0,2120.0,568.0,568.0,558.0,-0.10945,-0.99399,0.21758,0.97604,28,2013-08-15,38,910.0,-0.01527,train
2013-07-09,bsi_value,920.0,6.82437,924.0,932.0,943.0,954.0,950.0,930.0,903.0,889.0,857.0,901.0,939.86,13.44,934.86,14.51,907.33,29.48,893.08,29.09,894.51,43.71,-0.00434,-0.03209,0.01865,0.07094,1006.0,1002.0,1007.0,2012.0,1977.0,2165.0,566.0,568.0,564.0,-0.12653,-0.99196,0.25102,0.96798,28,2013-08-16,38,913.0,-0.00764,train
2013-07-10,bsi_value,911.0,6.81454,920.0,924.0,932.0,952.0,954.0,937.0,909.0,890.0,858.0,902.0,933.71,15.28,935.0,14.26,909.1,28.03,893.23,29.15,896.36,40.77,-0.00983,-0.04612,0.0022,0.05994,1024.0,1006.0,1014.0,2037.0,2012.0,2176.0,564.0,566.0,566.0,-0.14357,-0.98964,0.28417,0.95877,28,2013-08-19,40,916.0,0.00547,train
2013-07-11,bsi_value,904.0,6.80683,911.0,920.0,924.0,943.0,954.0,944.0,916.0,892.0,859.0,902.0,926.57,15.8,934.14,15.67,910.6,26.47,893.27,29.16,897.91,38.29,-0.00771,-0.05383,-0.01319,0.05106,1062.0,1024.0,1016.0,2047.0,2037.0,2134.0,561.0,564.0,569.0,-0.16057,-0.98702,0.31698,0.94843,28,2013-08-20,40,917.0,0.01428,train
2013-07-12,bsi_value,901.0,6.80351,904.0,911.0,920.0,932.0,952.0,950.0,923.0,895.0,865.0,900.0,919.29,14.06,932.57,17.68,911.8,25.16,893.28,29.17,899.24,36.23,-0.00332,-0.05506,-0.02412,0.04078,1097.0,1062.0,1017.0,2058.0,2047.0,2020.0,561.0,561.0,569.0,-0.17753,-0.98412,0.34942,0.93697,28,2013-08-21,40,919.0,0.01978,train
2013-07-15,bsi_value,897.0,6.79906,901.0,904.0,911.0,924.0,943.0,954.0,930.0,895.0,871.0,899.0,912.71,12.04,930.21,19.92,912.67,24.16,893.25,29.16,900.31,34.7,-0.00445,-0.05001,-0.03613,0.02941,1118.0,1097.0,1012.0,2052.0,2058.0,1936.0,560.0,561.0,568.0,-0.22806,-0.97365,0.4441,0.89598,28,2013-08-22,38,920.0,0.02532,train
2013-07-16,bsi_value,894.0,6.79571,897.0,901.0,904.0,920.0,932.0,954.0,937.0,900.0,873.0,898.0,907.29,10.61,927.14,21.86,913.37,23.29,893.18,29.16,901.16,33.59,-0.00335,-0.04163,-0.04698,0.02377,1136.0,1118.0,1008.0,2044.0,2052.0,1929.0,559.0,560.0,568.0,-0.24477,-0.96958,0.47465,0.88017,28,2013-08-23,38,925.0,0.03409,train
2013-07-17,bsi_value,895.0,6.79682,894.0,897.0,901.0,911.0,924.0,952.0,944.0,900.0,877.0,902.0,903.14,8.77,923.64,22.78,913.97,22.57,893.07,29.14,901.8,32.9,0.00112,-0.03189,-0.0533,0.02032,1153.0,1136.0,1002.0,2034.0,2044.0,1977.0,556.0,559.0,568.0,-0.26141,-0.96523,0.50465,0.86333,28,2013-08-27,41,927.0,0.03513,train
2013-07-18,bsi_value,894.0,6.79571,895.0,894.0,897.0,904.0,920.0,943.0,950.0,903.0,880.0,902.0,899.43,5.88,919.64,22.72,914.43,22.0,892.93,29.11,902.27,32.49,-0.00112,-0.02867,-0.06076,0.01578,1165.0,1153.0,1006.0,2006.0,2034.0,2012.0,550.0,556.0,566.0,-0.27798,-0.96059,0.53405,0.84546,28,2013-08-28,41,929.0,0.0384,train
2013-07-19,bsi_value,897.0,6.79906,894.0,895.0,894.0,901.0,911.0,932.0,954.0,909.0,885.0,903.0,897.43,3.5,915.57,21.26,914.83,21.57,892.83,29.09,902.63,32.24,0.00335,-0.01549,-0.06161,0.01347,1172.0,1165.0,1024.0,1987.0,2006.0,2037.0,544.0,550.0,564.0,-0.29446,-0.95566,0.56281,0.82658,28,2013-08-29,41,934.0,0.04042,train
2013-07-22,bsi_value,898.0,6.80017,897.0,894.0,895.0,897.0,904.0,924.0,954.0,916.0,889.0,905.0,896.57,2.32,911.57,18.78,915.13,21.26,892.72,29.05,902.88,32.12,0.00111,-0.00666,-0.06049,0.01007,1170.0,1172.0,1062.0,1978.0,1987.0,2047.0,541.0,544.0,561.0,-0.34337,-0.9392,0.64498,0.7642,28,2013-08-30,39,937.0,0.04251,train
2013-07-23,bsi_value,902.0,6.80461,898.0,897.0,894.0,894.0,901.0,920.0,952.0,923.0,890.0,904.0,896.71,2.6,908.0,15.15,915.53,20.9,892.68,29.04,903.02,32.09,0.00444,0.00111,-0.05395,0.01339,1159.0,1170.0,1097.0,1956.0,1978.0,2058.0,539.0,541.0,561.0,-0.35947,-0.93316,0.67089,0.74156,28,2013-09-02,41,939.0,0.0402,train
2013-07-24,bsi_value,907.0,6.81014,902.0,898.0,897.0,895.0,897.0,911.0,943.0,930.0,892.0,900.0,898.14,4.45,905.43,11.64,916.03,20.5,892.8,29.08,903.07,32.09,0.00553,0.01109,-0.03892,0.01668,1145.0,1159.0,1118.0,1936.0,1956.0,2052.0,539.0,539.0,560.0,-0.37547,-0.92683,0.696,0.71804,28,2013-09-03,41,939.0,0.03467,train
2013-07-25,bsi_value,914.0,6.81783,907.0,902.0,898.0,894.0,894.0,904.0,932.0,937.0,895.0,895.0,901.0,6.72,904.14,9.42,916.67,20.14,893.12,29.21,903.08,32.09,0.00769,0.02212,-0.0195,0.02101,1123.0,1145.0,1136.0,1890.0,1936.0,2044.0,535.0,539.0,559.0,-0.39136,-0.92024,0.72029,0.69368,28,2013-09-04,41,939.0,0.02698,train
2013-07-26,bsi_value,917.0,6.82111,914.0,907.0,902.0,897.0,895.0,901.0,924.0,944.0,895.0,888.0,904.14,8.17,903.64,8.49,917.4,19.73,893.6,29.36,902.99,32.04,0.00328,0.02428,-0.0076,0.02428,1104.0,1123.0,1153.0,1873.0,1890.0,2034.0,534.0,535.0,556.0,-0.40713,-0.91337,0.74372,0.66849,28,2013-09-05,41,943.0,0.02796,train
2013-07-29,bsi_value,917.0,6.82111,917.0,914.0,907.0,898.0,894.0,897.0,920.0,950.0,900.0,884.0,907.43,8.05,903.43,8.1,917.97,19.46,894.15,29.48,902.77,31.88,0.0,0.0254,-0.00327,0.01871,1090.0,1104.0,1165.0,1864.0,1873.0,2006.0,534.0,534.0,550.0,-0.4537,-0.89115,0.80864,0.58831,28,2013-09-06,39,952.0,0.03746,train
2013-07-30,bsi_value,919.0,6.82329,917.0,917.0,914.0,902.0,897.0,894.0,911.0,954.0,900.0,880.0,910.57,7.65,904.0,8.86,918.6,19.18,894.8,29.6,902.42,31.53,0.00218,0.02423,0.00874,0.02089,1075.0,1090.0,1172.0,1856.0,1864.0,1987.0,532.0,534.0,544.0,-0.46897,-0.88322,0.8284,0.56014,28,2013-09-09,41,959.0,0.0426,train
2013-07-31,bsi_value,916.0,6.82002,919.0,917.0,917.0,907.0,898.0,895.0,904.0,954.0,903.0,876.0,913.14,5.79,904.86,9.39,919.03,18.96,895.47,29.62,901.94,30.99,-0.00327,0.01985,0.01319,0.01429,1057.0,1075.0,1170.0,1881.0,1856.0,1978.0,531.0,532.0,541.0,-0.48409,-0.87502,0.84717,0.53132,28,2013-09-10,41,965.0,0.05211,train
2013-08-01,bsi_value,912.0,6.81564,916.0,919.0,917.0,914.0,902.0,894.0,901.0,952.0,909.0,874.0,914.57,3.74,905.64,9.49,919.13,18.92,896.1,29.56,901.32,30.21,-0.00438,0.01103,0.01213,0.00329,1041.0,1057.0,1159.0,1935.0,1881.0,1956.0,530.0,531.0,539.0,-0.49907,-0.86656,0.86495,0.50186,28,2013-09-11,41,958.0,0.04921,train
2013-08-02,bsi_value,909.0,6.81235,912.0,916.0,919.0,917.0,907.0,897.0,897.0,943.0,916.0,872.0,914.86,3.18,906.5,9.21,918.9,19.0,896.72,29.43,900.56,29.11,-0.00329,0.0022,0.01329,-0.00767,1021.0,1041.0,1145.0,1950.0,1935.0,1936.0,529.0,530.0,539.0,-0.5139,-0.85785,0.8817,0.47181,28,2013-09-12,41,954.0,0.04832,train
2013-08-05,bsi_value,908.0,6.81124,909.0,912.0,916.0,917.0,914.0,898.0,894.0,932.0,923.0,869.0,914.0,4.0,907.5,8.53,918.4,19.08,897.37,29.24,899.74,27.85,-0.0011,-0.00659,0.01554,-0.01638,1009.0,1021.0,1123.0,1939.0,1950.0,1890.0,527.0,529.0,535.0,-0.55747,-0.8302,0.92562,0.37846,28,2013-09-13,39,946.0,0.041,train
2013-08-06,bsi_value,908.0,6.81124,908.0,909.0,912.0,919.0,917.0,902.0,895.0,924.0,930.0,866.0,912.71,4.27,908.43,7.8,917.67,19.04,898.07,28.98,898.98,26.63,0.0,-0.00986,0.01442,-0.02394,992.0,1009.0,1104.0,1907.0,1939.0,1873.0,526.0,527.0,534.0,-0.57167,-0.82049,0.93809,0.34639,28,2013-09-16,41,940.0,0.03464,train
2013-08-07,bsi_value,907.0,6.81014,908.0,908.0,909.0,916.0,917.0,907.0,894.0,920.0,937.0,861.0,911.29,4.27,909.36,6.73,916.67,18.79,898.83,28.6,898.33,25.71,-0.0011,-0.01097,0.01444,-0.03254,977.0,992.0,1090.0,1853.0,1907.0,1864.0,525.0,526.0,534.0,-0.5857,-0.81053,0.94945,0.31392,28,2013-09-17,41,936.0,0.03147,train
2013-08-08,bsi_value,911.0,6.81454,907.0,908.0,908.0,912.0,919.0,914.0,897.0,911.0,944.0,857.0,910.14,2.9,910.36,5.79,915.57,18.11,899.73,28.12,897.97,25.29,0.0044,-0.00874,0.01549,-0.03558,962.0,977.0,1075.0,1829.0,1853.0,1856.0,522.0,525.0,532.0,-0.59955,-0.80034,0.95969,0.28108,28,2013-09-18,41,934.0,0.02493,train
2013-08-09,bsi_value,913.0,6.81674,911.0,907.0,908.0,909.0,916.0,917.0,898.0,904.0,950.0,854.0,909.71,2.12,911.43,4.69,914.33,16.95,900.72,27.52,897.74,25.07,0.00219,-0.00328,0.01657,-0.03973,948.0,962.0,1057.0,1813.0,1829.0,1881.0,521.0,522.0,531.0,-0.61323,-0.7899,0.96879,0.2479,28,2013-09-19,41,942.0,0.03127,train
2013-08-12,bsi_value,911.0,6.81454,913.0,911.0,907.0,908.0,912.0,917.0,902.0,901.0,954.0,853.0,909.57,1.99,912.07,3.9,912.9,15.27,901.68,26.84,897.6,24.95,-0.00219,-0.0011,0.00993,-0.04612,940.0,948.0,1041.0,1805.0,1813.0,1935.0,518.0,521.0,530.0,-0.65316,-0.75722,0.98917,0.14676,28,2013-09-20,39,951.0,0.04297,train
2013-08-13,bsi_value,910.0,6.81344,911.0,913.0,911.0,908.0,909.0,919.0,907.0,897.0,954.0,851.0,909.71,1.98,912.29,3.69,911.43,13.22,902.67,26.04,897.54,24.92,-0.0011,0.0011,0.0033,-0.04722,933.0,940.0,1021.0,1846.0,1805.0,1950.0,516.0,518.0,529.0,-0.66609,-0.74587,0.99363,0.11265,28,2013-09-23,41,964.0,0.05765,train
2013-08-14,bsi_value,909.0,6.81235,910.0,911.0,913.0,907.0,908.0,916.0,914.0,894.0,952.0,852.0,909.86,1.88,911.93,3.75,910.0,10.87,903.62,25.2,897.51,24.9,-0.0011,0.0011,-0.00549,-0.04622,928.0,933.0,1009.0,2021.0,1846.0,1939.0,518.0,516.0,527.0,-0.67882,-0.7343,0.99692,0.07841,28,2013-09-24,41,971.0,0.06598,train
2013-08-15,bsi_value,910.0,6.81344,909.0,910.0,911.0,911.0,908.0,912.0,917.0,895.0,943.0,851.0,910.14,1.73,911.43,3.5,908.9,8.98,904.6,24.26,897.54,24.92,0.0011,0.0022,-0.00766,-0.03562,926.0,928.0,992.0,2099.0,2021.0,1907.0,517.0,518.0,526.0,-0.69135,-0.72252,0.99903,0.04407,28,2013-09-25,41,986.0,0.08021,train
2013-08-16,bsi_value,913.0,6.81674,910.0,909.0,910.0,913.0,907.0,909.0,917.0,894.0,932.0,853.0,911.0,1.41,911.14,3.18,908.27,7.94,905.6,23.33,897.67,24.97,0.00329,0.00659,-0.00437,-0.0206,923.0,926.0,977.0,2112.0,2099.0,1853.0,517.0,517.0,525.0,-0.70368,-0.71052,0.99995,0.00968,28,2013-09-26,41,1012.0,0.10295,train
2013-08-19,bsi_value,916.0,6.82002,913.0,910.0,909.0,911.0,911.0,908.0,919.0,897.0,924.0,855.0,911.71,2.25,910.93,2.71,908.0,7.53,906.62,22.41,897.84,25.04,0.00328,0.00547,-0.00327,-0.0087,917.0,923.0,962.0,2140.0,2112.0,1829.0,519.0,517.0,522.0,-0.73939,-0.67327,0.99563,-0.0934,28,2013-09-27,39,1046.0,0.13271,train
2013-08-20,bsi_value,917.0,6.82111,916.0,913.0,910.0,910.0,913.0,908.0,916.0,898.0,920.0,857.0,912.29,2.91,911.0,2.85,907.9,7.39,907.62,21.5,898.02,25.12,0.00109,0.00437,0.00109,-0.00327,912.0,917.0,948.0,2218.0,2140.0,1813.0,520.0,519.0,521.0,-0.75086,-0.66046,0.99183,-0.12759,28,2013-09-30,41,1069.0,0.15337,train
2013-08-21,bsi_value,919.0,6.82329,917.0,916.0,913.0,909.0,911.0,907.0,912.0,902.0,911.0,858.0,913.43,3.66,911.5,3.52,908.17,7.63,908.63,20.55,898.21,25.21,0.00218,0.00874,0.00765,0.00874,905.0,912.0,940.0,2268.0,2218.0,1805.0,522.0,520.0,518.0,-0.76211,-0.64744,0.98685,-0.16164,28,2013-10-01,41,1079.0,0.1605,train
2013-08-22,bsi_value,920.0,6.82437,919.0,917.0,916.0,910.0,910.0,911.0,909.0,907.0,904.0,859.0,914.86,3.98,912.29,4.06,908.7,7.88,909.65,19.55,898.41,25.31,0.00109,0.01093,0.01203,0.01754,904.0,905.0,933.0,2284.0,2268.0,1846.0,525.0,522.0,516.0,-0.77314,-0.63424,0.98071,-0.19549,28,2013-10-02,41,1087.0,0.1668,train
2013-08-23,bsi_value,925.0,6.82979,920.0,919.0,917.0,913.0,909.0,913.0,908.0,914.0,901.0,865.0,917.14,4.52,913.5,5.02,909.5,8.27,910.65,18.76,898.69,25.46,0.00542,0.01745,0.01855,0.02629,903.0,904.0,928.0,2312.0,2284.0,2021.0,528.0,525.0,518.0,-0.78393,-0.62084,0.9734,-0.2291,28,2013-10-03,41,1093.0,0.16689,train
2013-08-27,bsi_value,927.0,6.83195,925.0,920.0,919.0,916.0,910.0,911.0,908.0,917.0,897.0,871.0,919.57,4.59,914.86,5.85,910.5,8.5,911.58,18.15,899.0,25.64,0.00216,0.01851,0.02071,0.0329,904.0,903.0,926.0,2335.0,2312.0,2099.0,531.0,528.0,517.0,-0.82477,-0.56548,0.93277,-0.36047,28,2013-10-04,38,1101.0,0.17202,train
2013-08-28,bsi_value,929.0,6.83411,927.0,925.0,920.0,917.0,913.0,910.0,907.0,917.0,894.0,873.0,921.86,4.73,916.43,6.46,911.67,8.56,912.52,17.57,899.34,25.83,0.00216,0.01737,0.02397,0.0384,901.0,904.0,923.0,2284.0,2335.0,2112.0,531.0,531.0,517.0,-0.83437,-0.5512,0.91982,-0.39235,28,2013-10-07,40,1113.0,0.18071,train
2013-08-29,bsi_value,934.0,6.83948,929.0,927.0,925.0,919.0,916.0,909.0,911.0,919.0,895.0,877.0,924.43,5.65,918.07,7.68,912.97,8.89,913.47,17.16,899.7,26.08,0.00537,0.01946,0.02493,0.04265,904.0,901.0,917.0,2256.0,2284.0,2140.0,530.0,531.0,519.0,-0.84373,-0.53677,0.90578,-0.42375,28,2013-10-08,40,1127.0,0.18784,train
2013-08-30,bsi_value,937.0,6.84268,934.0,929.0,927.0,920.0,917.0,910.0,913.0,916.0,894.0,880.0,927.29,6.2,919.79,8.93,914.4,9.17,914.42,16.85,900.09,26.37,0.00321,0.02158,0.02595,0.04698,907.0,904.0,912.0,2243.0,2256.0,2218.0,531.0,530.0,520.0,-0.85284,-0.52218,0.89066,-0.45466,28,2013-10-09,40,1145.0,0.20048,train
2013-09-02,bsi_value,939.0,6.84482,937.0,934.0,929.0,925.0,919.0,913.0,911.0,912.0,897.0,885.0,930.14,6.33,921.79,9.83,915.8,9.61,915.32,16.7,900.49,26.68,0.00213,0.02153,0.03027,0.04576,912.0,907.0,905.0,2263.0,2243.0,2268.0,534.0,531.0,522.0,-0.87864,-0.47749,0.83908,-0.54401,28,2013-10-10,38,1162.0,0.21308,train
2013-09-03,bsi_value,939.0,6.84482,939.0,937.0,934.0,927.0,920.0,916.0,910.0,909.0,898.0,889.0,932.86,5.41,923.86,10.18,917.17,9.89,916.15,16.61,900.87,26.98,0.0,0.02044,0.03137,0.04465,921.0,912.0,904.0,2344.0,2263.0,2284.0,534.0,534.0,525.0,-0.88672,-0.4623,0.81987,-0.57255,28,2013-10-11,38,1175.0,0.22421,train
2013-09-04,bsi_value,939.0,6.84482,939.0,939.0,937.0,929.0,925.0,917.0,909.0,908.0,902.0,890.0,934.86,4.67,926.0,9.98,918.4,10.22,916.97,16.51,901.26,27.28,0.0,0.01502,0.03247,0.0402,933.0,921.0,903.0,2445.0,2344.0,2312.0,535.0,534.0,528.0,-0.89454,-0.44698,0.79969,-0.60041,28,2013-10-14,40,1182.0,0.23015,train
2013-09-05,bsi_value,943.0,6.84907,939.0,939.0,939.0,934.0,927.0,919.0,910.0,908.0,907.0,892.0,937.14,4.16,928.36,9.82,919.6,10.9,917.82,16.52,901.73,27.63,0.00425,0.01711,0.03562,0.03892,961.0,933.0,904.0,2660.0,2445.0,2335.0,534.0,535.0,531.0,-0.9021,-0.43153,0.77856,-0.62756,28,2013-10-15,40,1185.0,0.22843,train
2013-09-06,bsi_value,952.0,6.85857,943.0,939.0,939.0,937.0,929.0,920.0,913.0,907.0,914.0,895.0,940.43,5.34,931.14,10.57,920.87,12.3,918.77,16.82,902.37,28.11,0.0095,0.02446,0.04183,0.04073,1020.0,961.0,901.0,2799.0,2660.0,2284.0,537.0,534.0,531.0,-0.90939,-0.41595,0.75652,-0.65397,28,2013-10-16,40,1186.0,0.21978,train
2013-09-09,bsi_value,959.0,6.86589,952.0,943.0,939.0,939.0,934.0,925.0,916.0,911.0,917.0,895.0,944.0,7.69,934.21,11.89,922.27,14.05,919.83,17.3,903.16,28.69,0.00733,0.02641,0.04587,0.04478,1105.0,1020.0,904.0,3113.0,2799.0,2256.0,540.0,537.0,530.0,-0.92963,-0.36848,0.68511,-0.72844,28,2013-10-17,38,1199.0,0.22335,train
2013-09-10,bsi_value,965.0,6.87213,959.0,952.0,943.0,939.0,937.0,927.0,917.0,913.0,917.0,900.0,948.0,9.96,937.64,13.27,923.87,15.96,920.92,18.04,904.06,29.34,0.00624,0.02944,0.05102,0.05102,1186.0,1105.0,907.0,3255.0,3113.0,2243.0,542.0,540.0,531.0,-0.93583,-0.35244,0.65965,-0.75157,28,2013-10-18,38,1206.0,0.22294,train
2013-09-11,bsi_value,958.0,6.86485,965.0,959.0,952.0,939.0,939.0,929.0,919.0,911.0,919.0,900.0,950.71,9.72,940.43,13.16,925.17,17.06,921.88,18.44,904.92,29.76,-0.00728,0.02003,0.04156,0.04156,1241.0,1186.0,912.0,3431.0,3255.0,2263.0,543.0,542.0,534.0,-0.94176,-0.33629,0.63341,-0.77382,28,2013-10-21,40,1213.0,0.236,train
2013-09-12,bsi_value,954.0,6.86066,958.0,965.0,959.0,943.0,939.0,934.0,920.0,910.0,916.0,903.0,952.86,8.48,942.86,12.27,926.43,17.73,922.73,18.73,905.79,30.04,-0.00418,0.01585,0.03629,0.04065,1278.0,1241.0,921.0,3397.0,3431.0,2344.0,545.0,543.0,534.0,-0.9474,-0.32004,0.60641,-0.79515,28,2013-10-22,40,1221.0,0.24676,train
2013-09-13,bsi_value,946.0,6.85224,954.0,958.0,965.0,952.0,939.0,937.0,925.0,909.0,912.0,909.0,953.86,7.08,944.36,11.24,927.57,17.86,923.35,18.87,906.59,30.14,-0.00842,0.00743,0.02245,0.0366,1306.0,1278.0,933.0,3446.0,3397.0,2445.0,544.0,545.0,535.0,-0.95277,-0.3037,0.5787,-0.81554,28,2013-10-23,40,1228.0,0.2609,train
2013-09-16,bsi_value,940.0,6.84588,946.0,954.0,958.0,959.0,943.0,939.0,927.0,910.0,909.0,916.0,953.43,7.78,945.29,10.26,928.6,17.65,923.75,18.97,907.34,30.12,-0.00636,-0.00319,0.01393,0.03353,1321.0,1306.0,961.0,3480.0,3446.0,2660.0,547.0,544.0,534.0,-0.96717,-0.25414,0.4916,-0.87082,28,2013-10-24,38,1243.0,0.2794,train
2013-09-17,bsi_value,936.0,6.84162,940.0,946.0,954.0,965.0,952.0,939.0,929.0,913.0,908.0,923.0,951.14,9.92,945.79,9.6,929.53,17.27,923.97,19.03,908.09,29.99,-0.00426,-0.01695,0.00751,0.03037,1349.0,1321.0,1020.0,3691.0,3480.0,2799.0,548.0,547.0,537.0,-0.9714,-0.23747,0.46135,-0.88722,28,2013-10-25,38,1252.0,0.29088,train
2013-09-18,bsi_value,934.0,6.83948,936.0,940.0,946.0,958.0,959.0,939.0,934.0,916.0,908.0,930.0,947.57,10.9,945.79,9.6,930.4,16.81,924.03,19.06,908.84,29.78,-0.00214,-0.02641,0.0,0.02823,1385.0,1349.0,1105.0,3838.0,3691.0,3113.0,549.0,548.0,540.0,-0.97534,-0.22072,0.43056,-0.90256,28,2013-10-28,40,1258.0,0.2978,train
2013-09-19,bsi_value,942.0,6.84801,934.0,936.0,940.0,954.0,965.0,943.0,937.0,917.0,907.0,937.0,944.29,8.31,946.14,9.36,931.57,16.36,924.12,19.13,909.74,29.54,0.00853,-0.02412,0.00532,0.03786,1415.0,1385.0,1186.0,3924.0,3838.0,3255.0,554.0,549.0,542.0,-0.97899,-0.20391,0.39926,-0.91684,28,2013-10-29,40,1260.0,0.29086,train
2013-09-20,bsi_value,951.0,6.85751,942.0,934.0,936.0,946.0,958.0,952.0,939.0,919.0,911.0,944.0,943.29,6.9,947.0,9.21,932.9,16.26,924.23,19.27,910.79,29.32,0.00951,-0.00733,0.0127,0.04297,1453.0,1415.0,1241.0,4018.0,3924.0,3431.0,558.0,554.0,543.0,-0.98235,-0.18704,0.36748,-0.93003,28,2013-10-30,40,1266.0,0.2861,train
2013-09-23,bsi_value,964.0,6.87109,951.0,942.0,934.0,940.0,954.0,959.0,939.0,920.0,913.0,950.0,944.71,9.51,948.79,9.89,934.6,16.75,924.47,19.66,912.01,29.22,0.01358,0.01043,0.02628,0.05436,1509.0,1453.0,1278.0,4111.0,4018.0,3397.0,561.0,558.0,545.0,-0.99069,-0.13612,0.26971,-0.96294,28,2013-10-31,38,1268.0,0.2741,train
2013-09-24,bsi_value,971.0,6.87833,964.0,951.0,942.0,936.0,946.0,965.0,939.0,925.0,911.0,954.0,948.29,13.27,951.07,11.0,936.6,17.38,924.75,20.2,913.32,29.19,0.00724,0.02608,0.03351,0.06378,1602.0,1509.0,1306.0,4253.0,4111.0,3446.0,567.0,561.0,544.0,-0.99289,-0.11906,0.23642,-0.97165,28,2013-11-01,38,1269.0,0.26766,train
2013-09-25,bsi_value,986.0,6.89366,971.0,964.0,951.0,934.0,940.0,958.0,943.0,927.0,910.0,954.0,954.86,18.07,954.14,13.93,939.13,18.8,925.28,21.35,914.82,29.41,0.01533,0.04778,0.04459,0.08021,1745.0,1602.0,1321.0,4329.0,4253.0,3480.0,576.0,567.0,547.0,-0.99479,-0.10196,0.20286,-0.97921,28,2013-11-04,40,1273.0,0.25548,train
2013-09-26,bsi_value,1012.0,6.91968,986.0,971.0,964.0,942.0,936.0,954.0,952.0,929.0,909.0,952.0,965.71,24.98,958.43,20.36,942.57,22.1,926.28,23.84,916.6,30.38,0.02603,0.07807,0.06112,0.10734,1794.0,1745.0,1349.0,4193.0,4329.0,3691.0,585.0,576.0,548.0,-0.9964,-0.08483,0.16906,-0.98561,28,2013-11-05,40,1280.0,0.23493,train
2013-09-27,bsi_value,1046.0,6.95273,1012.0,986.0,971.0,951.0,934.0,946.0,959.0,934.0,910.0,943.0,981.71,33.84,964.64,30.39,947.1,28.09,928.0,28.28,918.77,32.51,0.03304,0.11325,0.08684,0.13928,1800.0,1794.0,1385.0,3967.0,4193.0,3838.0,594.0,585.0,549.0,-0.99771,-0.06768,0.13506,-0.99084,28,2013-11-06,40,1285.0,0.20579,train
2013-09-30,bsi_value,1069.0,6.97448,1046.0,1012.0,986.0,964.0,942.0,940.0,965.0,937.0,913.0,932.0,999.86,40.98,972.07,40.57,952.3,34.91,930.28,33.55,921.17,35.41,0.02175,0.12647,0.10235,0.15774,1795.0,1800.0,1415.0,3853.0,3967.0,3924.0,597.0,594.0,554.0,-0.99987,-0.01613,0.03225,-0.99948,28,2013-11-07,38,1291.0,0.18869,train
2013-10-01,bsi_value,1079.0,6.98379,1069.0,1046.0,1012.0,971.0,951.0,936.0,958.0,939.0,916.0,924.0,1018.14,43.57,980.71,48.72,957.73,40.99,932.87,38.56,923.66,38.41,0.00931,0.12628,0.11894,0.16377,1786.0,1795.0,1453.0,3816.0,3853.0,4018.0,597.0,597.0,558.0,-1.0,0.00108,-0.00215,-1.0,28,2013-11-08,38,1305.0,0.19017,train
2013-10-02,bsi_value,1087.0,6.99118,1079.0,1069.0,1046.0,986.0,964.0,934.0,954.0,939.0,917.0,920.0,1035.71,42.99,990.21,55.13,963.4,46.37,935.65,43.27,926.21,41.43,0.00739,0.12009,0.13051,0.17007,1813.0,1786.0,1509.0,3810.0,3816.0,4111.0,599.0,597.0,561.0,-0.99983,0.01828,-0.03655,-0.99933,28,2013-11-11,40,1315.0,0.19042,train
2013-10-03,bsi_value,1093.0,6.99668,1087.0,1079.0,1069.0,1012.0,971.0,942.0,946.0,939.0,919.0,911.0,1053.14,37.62,1000.71,59.54,969.2,51.09,938.68,47.6,928.82,44.35,0.0055,0.11836,0.14444,0.1734,1862.0,1813.0,1602.0,3878.0,3810.0,4253.0,602.0,599.0,567.0,-0.99937,0.03547,-0.0709,-0.99748,28,2013-11-12,40,1320.0,0.18871,train
2013-10-04,bsi_value,1101.0,7.00397,1093.0,1087.0,1079.0,1046.0,986.0,951.0,940.0,943.0,920.0,904.0,1069.57,28.78,1012.21,62.19,975.23,55.43,941.97,51.71,931.51,47.27,0.00729,0.11032,0.15809,0.1796,1914.0,1862.0,1745.0,3943.0,3878.0,4329.0,609.0,602.0,576.0,-0.99861,0.05266,-0.10517,-0.99445,28,2013-11-13,40,1321.0,0.18217,train
2013-10-07,bsi_value,1113.0,7.01481,1101.0,1093.0,1087.0,1069.0,1012.0,964.0,936.0,952.0,925.0,901.0,1084.0,20.4,1024.86,63.39,981.5,59.85,945.5,55.87,934.27,50.44,0.01084,0.09513,0.1732,0.18502,1947.0,1914.0,1794.0,4020.0,3943.0,4193.0,618.0,609.0,585.0,-0.99457,0.1041,-0.20707,-0.97833,28,2013-11-14,38,1325.0,0.17435,train
2013-10-08,bsi_value,1127.0,7.02731,1113.0,1101.0,1093.0,1079.0,1046.0,971.0,934.0,959.0,927.0,897.0,1095.57,18.45,1038.64,63.12,988.17,64.37,949.33,60.13,937.11,53.89,0.0125,0.07459,0.18784,0.19536,1989.0,1947.0,1800.0,4085.0,4020.0,3967.0,622.0,618.0,594.0,-0.99263,0.12119,-0.2406,-0.97062,28,2013-11-15,38,1339.0,0.17236,train
2013-10-09,bsi_value,1145.0,7.04316,1127.0,1113.0,1101.0,1087.0,1069.0,986.0,942.0,965.0,929.0,894.0,1106.43,21.69,1053.14,62.56,995.37,69.25,953.52,64.7,940.13,57.7,0.01585,0.06868,0.19515,0.20905,2016.0,1989.0,1795.0,3959.0,4085.0,3853.0,629.0,622.0,597.0,-0.9904,0.13825,-0.27385,-0.96177,28,2013-11-18,40,1354.0,0.16766,train
2013-10-10,bsi_value,1162.0,7.0579,1145.0,1127.0,1113.0,1093.0,1079.0,1012.0,951.0,958.0,934.0,895.0,1118.29,25.76,1068.21,61.55,1002.97,74.41,957.97,69.52,943.3,61.82,0.01474,0.07411,0.20038,0.21842,2027.0,2016.0,1786.0,3621.0,3959.0,3816.0,630.0,629.0,597.0,-0.98787,0.15527,-0.30677,-0.95178,28,2013-11-19,40,1360.0,0.15734,train
2013-10-11,bsi_value,1175.0,7.06902,1162.0,1145.0,1127.0,1101.0,1087.0,1046.0,964.0,954.0,937.0,894.0,1130.86,28.73,1083.29,60.0,1010.9,79.47,962.65,74.35,946.58,66.06,0.01113,0.07785,0.19793,0.22634,2024.0,2027.0,1813.0,3527.0,3621.0,3810.0,632.0,630.0,599.0,-0.98506,0.17224,-0.33932,-0.94067,28,2013-11-20,40,1363.0,0.14842,train
2013-10-14,bsi_value,1182.0,7.07496,1175.0,1162.0,1145.0,1113.0,1093.0,1069.0,971.0,946.0,939.0,897.0,1143.57,28.85,1098.36,56.29,1019.0,83.99,967.4,78.97,949.88,70.19,0.00594,0.07828,0.19664,0.23015,2020.0,2024.0,1862.0,3455.0,3527.0,3878.0,634.0,632.0,602.0,-0.97486,0.22282,-0.43444,-0.9007,28,2013-11-21,38,1371.0,0.14833,train
2013-10-15,bsi_value,1185.0,7.0775,1182.0,1175.0,1162.0,1127.0,1101.0,1079.0,986.0,940.0,939.0,898.0,1155.57,25.98,1112.57,51.0,1027.2,87.7,972.18,83.2,953.17,74.08,0.00253,0.07352,0.18384,0.23268,2021.0,2020.0,1914.0,3469.0,3455.0,3943.0,637.0,634.0,609.0,-0.97088,0.23956,-0.46516,-0.88523,28,2013-11-22,38,1378.0,0.15089,train
2013-10-16,bsi_value,1186.0,7.07834,1185.0,1182.0,1175.0,1145.0,1113.0,1087.0,1012.0,936.0,939.0,902.0,1166.0,20.96,1125.0,45.92,1035.43,90.58,976.92,87.06,956.46,77.69,0.00084,0.06353,0.15866,0.23353,2030.0,2021.0,1947.0,3478.0,3469.0,4020.0,634.0,637.0,618.0,-0.96662,0.25622,-0.49534,-0.8687,28,2013-11-25,40,1393.0,0.16087,train
2013-10-17,bsi_value,1199.0,7.08924,1186.0,1185.0,1182.0,1162.0,1127.0,1093.0,1046.0,934.0,943.0,907.0,1176.29,16.49,1135.93,43.99,1043.97,93.48,981.78,91.08,959.87,81.43,0.0109,0.06193,0.13651,0.24018,2059.0,2030.0,1989.0,3451.0,3478.0,4085.0,632.0,634.0,622.0,-0.96207,0.27281,-0.52493,-0.85115,28,2013-11-26,40,1404.0,0.15784,train
2013-10-18,bsi_value,1206.0,7.09506,1199.0,1186.0,1185.0,1175.0,1145.0,1101.0,1069.0,942.0,952.0,914.0,1185.0,13.5,1145.71,43.24,1052.43,96.23,986.65,95.05,963.32,85.12,0.00582,0.0519,0.12059,0.2365,2060.0,2059.0,2016.0,3264.0,3451.0,3959.0,634.0,632.0,629.0,-0.95723,0.28932,-0.55389,-0.83259,28,2013-11-27,40,1418.0,0.16194,train
2013-10-21,bsi_value,1213.0,7.10085,1206.0,1199.0,1186.0,1182.0,1162.0,1113.0,1079.0,951.0,959.0,917.0,1192.29,12.87,1155.29,42.23,1060.9,98.78,991.58,98.91,966.86,88.74,0.00579,0.04295,0.11706,0.23496,2054.0,2060.0,2027.0,3200.0,3264.0,3621.0,635.0,634.0,630.0,-0.94103,0.33831,-0.63673,-0.77109,28,2013-11-28,38,1441.0,0.17224,train
2013-10-22,bsi_value,1221.0,7.10743,1213.0,1206.0,1199.0,1185.0,1175.0,1127.0,1087.0,964.0,965.0,917.0,1198.86,14.06,1164.86,40.83,1069.43,101.16,996.65,102.67,970.42,92.36,0.00657,0.0384,0.11625,0.2353,2038.0,2054.0,2024.0,3110.0,3200.0,3527.0,636.0,635.0,632.0,-0.93507,0.35445,-0.66288,-0.74873,28,2013-11-29,38,1458.0,0.1774,train
2013-10-23,bsi_value,1228.0,7.11314,1221.0,1213.0,1206.0,1186.0,1182.0,1145.0,1093.0,971.0,958.0,919.0,1205.43,15.33,1174.5,38.61,1078.43,102.84,1001.8,106.33,974.07,95.91,0.00572,0.03818,0.11646,0.24829,2010.0,2038.0,2020.0,2943.0,3110.0,3455.0,639.0,636.0,634.0,-0.92884,0.37048,-0.68824,-0.72549,28,2013-12-02,40,1475.0,0.18327,train
2013-10-24,bsi_value,1243.0,7.12528,1228.0,1221.0,1213.0,1199.0,1185.0,1162.0,1101.0,986.0,954.0,916.0,1213.71,17.56,1184.64,36.56,1088.07,104.26,1007.25,110.11,977.84,99.66,0.01214,0.04779,0.12131,0.26462,1959.0,2010.0,2021.0,2775.0,2943.0,3469.0,644.0,639.0,637.0,-0.92233,0.38641,-0.71279,-0.70138,28,2013-12-03,40,1488.0,0.17991,train
2013-10-25,bsi_value,1252.0,7.1325,1243.0,1228.0,1221.0,1206.0,1186.0,1175.0,1113.0,1012.0,946.0,912.0,1223.14,17.87,1194.57,34.58,1098.27,104.83,1012.92,113.75,981.66,103.44,0.00721,0.05416,0.11768,0.28025,1904.0,1959.0,2030.0,2681.0,2775.0,3478.0,649.0,644.0,634.0,-0.91555,0.40221,-0.73649,-0.67645,28,2013-12-04,40,1507.0,0.18538,train
2013-10-28,bsi_value,1258.0,7.13728,1252.0,1243.0,1228.0,1213.0,1199.0,1182.0,1127.0,1046.0,940.0,909.0,1231.57,18.4,1203.93,32.7,1108.87,104.36,1018.73,117.16,985.46,107.17,0.00478,0.04804,0.10996,0.2914,1855.0,1904.0,2059.0,2526.0,2681.0,3451.0,653.0,649.0,632.0,-0.89358,0.44891,-0.80227,-0.59697,28,2013-12-05,38,1522.0,0.1905,train
2013-10-29,bsi_value,1260.0,7.13887,1258.0,1252.0,1243.0,1221.0,1206.0,1185.0,1145.0,1069.0,936.0,908.0,1239.29,17.35,1212.14,31.28,1119.67,102.67,1024.6,120.24,989.2,110.75,0.00159,0.0438,0.09571,0.29725,1790.0,1855.0,2060.0,2340.0,2526.0,3264.0,656.0,653.0,634.0,-0.88572,0.46421,-0.82233,-0.56902,28,2013-12-06,38,1531.0,0.19481,train
2013-10-30,bsi_value,1266.0,7.14362,1260.0,1258.0,1252.0,1228.0,1213.0,1186.0,1162.0,1079.0,934.0,908.0,1246.86,15.72,1219.57,30.84,1130.73,99.91,1030.57,123.15,992.93,114.3,0.00475,0.04277,0.08572,0.30414,1716.0,1790.0,2054.0,2164.0,2340.0,3200.0,660.0,656.0,635.0,-0.87761,0.47938,-0.84141,-0.54039,28,2013-12-09,40,1552.0,0.20368,train
2013-10-31,bsi_value,1268.0,7.1452,1266.0,1260.0,1258.0,1243.0,1221.0,1199.0,1175.0,1087.0,942.0,907.0,1253.57,13.05,1226.21,30.53,1141.6,96.46,1036.58,125.76,996.61,117.71,0.00158,0.03777,0.07617,0.29719,1667.0,1716.0,2038.0,2245.0,2164.0,3110.0,665.0,660.0,636.0,-0.86923,0.4944,-0.8595,-0.51113,28,2013-12-10,40,1557.0,0.20532,train
2013-11-01,bsi_value,1269.0,7.14598,1268.0,1266.0,1260.0,1252.0,1228.0,1206.0,1182.0,1093.0,951.0,911.0,1259.43,8.75,1232.43,29.75,1152.2,92.32,1042.55,128.13,1000.22,120.98,0.00079,0.03284,0.07102,0.28847,1631.0,1667.0,2010.0,2316.0,2245.0,2943.0,669.0,665.0,639.0,-0.8606,0.50928,-0.87658,-0.48126,28,2013-12-11,40,1554.0,0.2026,train
2013-11-04,bsi_value,1273.0,7.14913,1269.0,1268.0,1266.0,1258.0,1243.0,1213.0,1185.0,1101.0,964.0,913.0,1263.71,6.78,1238.71,28.32,1162.5,87.88,1048.55,130.33,1003.81,124.19,0.00315,0.02385,0.07163,0.27804,1612.0,1631.0,1959.0,2400.0,2316.0,2775.0,673.0,669.0,644.0,-0.83318,0.553,-0.9215,-0.38839,28,2013-12-12,38,1560.0,0.20331,train
2013-11-05,bsi_value,1280.0,7.15462,1273.0,1269.0,1268.0,1260.0,1252.0,1221.0,1186.0,1113.0,971.0,911.0,1267.71,6.94,1245.43,26.08,1172.8,82.79,1054.7,132.39,1007.43,127.4,0.00548,0.02212,0.07627,0.27629,1617.0,1612.0,1904.0,2553.0,2400.0,2681.0,678.0,673.0,649.0,-0.82355,0.56725,-0.93431,-0.35646,28,2013-12-13,38,1562.0,0.19911,train
2013-11-06,bsi_value,1285.0,7.15851,1280.0,1273.0,1269.0,1266.0,1258.0,1228.0,1199.0,1127.0,986.0,910.0,1271.57,7.91,1251.57,24.51,1182.77,77.54,1060.95,134.25,1011.11,130.54,0.0039,0.02124,0.06927,0.26486,1614.0,1617.0,1855.0,2554.0,2553.0,2526.0,681.0,678.0,653.0,-0.81367,0.58133,-0.94602,-0.32411,28,2013-12-16,40,1553.0,0.18943,train
2013-11-07,bsi_value,1291.0,7.16317,1285.0,1280.0,1273.0,1268.0,1260.0,1243.0,1206.0,1145.0,1012.0,909.0,1276.0,8.82,1257.64,22.94,1192.07,73.1,1067.32,135.94,1014.88,133.63,0.00466,0.02431,0.06811,0.24349,1594.0,1614.0,1790.0,2533.0,2554.0,2340.0,685.0,681.0,656.0,-0.80355,0.59524,-0.95661,-0.29138,28,2013-12-17,40,1546.0,0.18025,train
2013-11-08,bsi_value,1305.0,7.17396,1291.0,1285.0,1280.0,1269.0,1266.0,1252.0,1213.0,1162.0,1046.0,910.0,1281.57,12.35,1264.21,22.38,1200.7,70.59,1073.9,137.71,1018.9,136.82,0.01079,0.03034,0.07311,0.22123,1565.0,1594.0,1716.0,2514.0,2533.0,2164.0,690.0,685.0,660.0,-0.79319,0.60897,-0.96606,-0.2583,28,2013-12-18,40,1541.0,0.16623,train
2013-11-11,bsi_value,1315.0,7.18159,1305.0,1291.0,1285.0,1273.0,1268.0,1258.0,1221.0,1175.0,1069.0,913.0,1288.29,15.52,1270.93,22.51,1208.9,69.09,1080.6,139.49,1023.16,139.97,0.00763,0.0364,0.07417,0.20711,1542.0,1565.0,1667.0,2506.0,2514.0,2245.0,692.0,690.0,665.0,-0.76072,0.64908,-0.98754,-0.15739,28,2013-12-19,38,1517.0,0.1429,train
2013-11-12,bsi_value,1320.0,7.18539,1315.0,1305.0,1291.0,1280.0,1269.0,1260.0,1228.0,1182.0,1079.0,916.0,1295.57,16.68,1277.5,22.45,1216.93,67.51,1087.33,141.12,1027.56,142.98,0.0038,0.0394,0.07224,0.2016,1510.0,1542.0,1631.0,2473.0,2506.0,2316.0,693.0,692.0,669.0,-0.74944,0.66207,-0.99237,-0.12333,28,2013-12-20,38,1499.0,0.12717,train
2013-11-13,bsi_value,1321.0,7.18614,1320.0,1315.0,1305.0,1285.0,1273.0,1266.0,1243.0,1185.0,1087.0,917.0,1302.43,15.84,1283.07,22.87,1224.73,65.54,1094.07,142.46,1032.01,145.78,0.00076,0.03701,0.06086,0.19497,1474.0,1510.0,1612.0,2455.0,2473.0,2400.0,696.0,693.0,673.0,-0.73794,0.67486,-0.99602,-0.08912,28,2013-12-23,40,1482.0,0.115,train
2013-11-14,bsi_value,1325.0,7.18917,1321.0,1320.0,1315.0,1291.0,1280.0,1268.0,1252.0,1186.0,1093.0,919.0,1308.86,14.51,1288.29,23.51,1232.47,63.18,1100.83,143.63,1036.61,148.39,0.00302,0.03455,0.05667,0.19249,1438.0,1474.0,1617.0,2397.0,2455.0,2553.0,699.0,696.0,678.0,-0.72622,0.68746,-0.9985,-0.05481,28,2013-12-24,40,1468.0,0.10249,train
2013-11-15,bsi_value,1339.0,7.19968,1325.0,1321.0,1320.0,1305.0,1285.0,1269.0,1258.0,1199.0,1101.0,920.0,1316.57,14.12,1294.07,25.24,1240.4,61.08,1107.82,144.84,1041.44,151.06,0.01051,0.04116,0.0624,0.1957,1409.0,1438.0,1614.0,2377.0,2397.0,2554.0,703.0,699.0,681.0,-0.71429,0.69985,-0.99979,-0.02043,28,2014-01-02,48,1453.0,0.08171,train
2013-11-18,bsi_value,1354.0,7.21082,1339.0,1325.0,1321.0,1315.0,1291.0,1273.0,1260.0,1206.0,1113.0,925.0,1325.57,15.0,1300.79,27.67,1248.43,59.63,1114.97,146.23,1046.48,153.81,0.01114,0.04765,0.07195,0.196,1382.0,1409.0,1594.0,2366.0,2377.0,2533.0,705.0,703.0,685.0,-0.67724,0.73576,-0.99658,0.08269,28,2014-01-03,46,1330.0,-0.01788,train
2013-11-19,bsi_value,1360.0,7.21524,1354.0,1339.0,1325.0,1320.0,1305.0,1280.0,1266.0,1213.0,1127.0,927.0,1333.43,16.5,1307.5,29.74,1256.2,58.47,1122.18,147.45,1051.62,156.45,0.00442,0.04128,0.07162,0.18793,1353.0,1382.0,1565.0,2366.0,2366.0,2514.0,708.0,705.0,690.0,-0.66448,0.7473,-0.99314,0.11692,28,2014-01-06,48,1276.0,-0.06375,train
2013-11-20,bsi_value,1363.0,7.21744,1360.0,1354.0,1339.0,1321.0,1315.0,1285.0,1268.0,1221.0,1145.0,929.0,1340.29,17.37,1314.29,30.78,1263.47,57.74,1129.42,148.44,1056.83,158.9,0.0022,0.03585,0.07225,0.17428,1346.0,1353.0,1542.0,2511.0,2366.0,2506.0,715.0,708.0,692.0,-0.65153,0.75862,-0.98853,0.15102,28,2014-01-07,48,1239.0,-0.09538,train
2013-11-21,bsi_value,1371.0,7.2233,1363.0,1360.0,1354.0,1325.0,1320.0,1291.0,1269.0,1228.0,1162.0,934.0,1347.57,18.01,1321.57,31.26,1270.43,57.69,1136.7,149.39,1062.12,161.33,0.00585,0.03791,0.07731,0.1654,1345.0,1346.0,1510.0,2447.0,2511.0,2473.0,721.0,715.0,693.0,-0.63838,0.76972,-0.98275,0.18493,28,2014-01-08,48,1204.0,-0.12989,train
2013-11-22,bsi_value,1378.0,7.22839,1371.0,1363.0,1360.0,1339.0,1321.0,1305.0,1273.0,1243.0,1175.0,937.0,1355.71,17.02,1329.07,31.31,1277.2,58.0,1144.05,150.23,1067.5,163.69,0.00509,0.04224,0.07926,0.15937,1362.0,1345.0,1474.0,2390.0,2447.0,2455.0,728.0,721.0,696.0,-0.62505,0.78058,-0.97581,0.21863,28,2014-01-09,48,1191.0,-0.14584,train
2013-11-25,bsi_value,1393.0,7.23921,1378.0,1371.0,1363.0,1354.0,1325.0,1315.0,1280.0,1252.0,1182.0,939.0,1365.43,16.1,1337.14,32.17,1284.23,58.82,1151.62,151.14,1073.01,166.19,0.01083,0.05005,0.0846,0.16425,1387.0,1362.0,1438.0,2391.0,2390.0,2397.0,732.0,728.0,699.0,-0.58395,0.81179,-0.94809,0.318,28,2014-01-10,46,1188.0,-0.15919,train
2013-11-26,bsi_value,1404.0,7.24708,1393.0,1378.0,1371.0,1360.0,1339.0,1320.0,1285.0,1258.0,1185.0,939.0,1374.71,16.9,1345.64,32.98,1291.53,59.63,1159.37,151.96,1078.63,168.71,0.00787,0.0474,0.08857,0.16958,1427.0,1387.0,1409.0,2399.0,2391.0,2377.0,737.0,732.0,703.0,-0.5699,0.82171,-0.93659,0.35043,28,2014-01-13,48,1190.0,-0.16537,train
2013-11-27,bsi_value,1418.0,7.257,1404.0,1393.0,1378.0,1363.0,1354.0,1321.0,1291.0,1260.0,1186.0,939.0,1383.86,20.21,1354.71,34.15,1299.27,60.48,1167.35,152.75,1084.37,171.36,0.00992,0.04618,0.09383,0.17866,1510.0,1427.0,1382.0,2496.0,2399.0,2366.0,745.0,737.0,705.0,-0.55568,0.83139,-0.92398,0.38244,28,2014-01-14,48,1191.0,-0.17445,train
2013-11-28,bsi_value,1441.0,7.27309,1418.0,1404.0,1393.0,1371.0,1360.0,1325.0,1305.0,1266.0,1199.0,943.0,1395.43,25.68,1364.43,37.78,1307.33,62.67,1175.65,153.86,1090.3,174.33,0.01609,0.05785,0.09913,0.18385,1613.0,1510.0,1353.0,2848.0,2496.0,2366.0,757.0,745.0,708.0,-0.5413,0.84083,-0.91028,0.41399,28,2014-01-15,48,1189.0,-0.19222,train
2013-11-29,bsi_value,1458.0,7.28482,1441.0,1418.0,1404.0,1378.0,1363.0,1339.0,1315.0,1268.0,1206.0,952.0,1409.0,29.74,1374.64,42.11,1315.73,65.36,1184.08,155.24,1096.34,177.52,0.01173,0.06738,0.10323,0.18976,1665.0,1613.0,1346.0,3089.0,2848.0,2511.0,764.0,757.0,715.0,-0.52675,0.85002,-0.8955,0.44506,28,2014-01-16,48,1182.0,-0.20986,train
2013-12-02,bsi_value,1475.0,7.29641,1458.0,1441.0,1418.0,1393.0,1371.0,1354.0,1320.0,1269.0,1213.0,959.0,1423.86,32.86,1385.71,46.44,1324.47,68.48,1192.68,156.81,1102.54,180.86,0.01159,0.07312,0.11103,0.19556,1695.0,1665.0,1345.0,3194.0,3089.0,2447.0,771.0,764.0,721.0,-0.48221,0.87606,-0.84488,0.53496,28,2014-01-17,46,1175.0,-0.22739,train
2013-12-03,bsi_value,1488.0,7.30519,1475.0,1458.0,1441.0,1404.0,1378.0,1360.0,1321.0,1273.0,1221.0,965.0,1439.57,33.47,1397.64,49.63,1333.37,71.72,1201.4,158.44,1108.89,184.22,0.00877,0.0768,0.11904,0.19776,1741.0,1695.0,1362.0,3316.0,3194.0,2390.0,776.0,771.0,728.0,-0.46706,0.88422,-0.82598,0.5637,28,2014-01-20,48,1165.0,-0.24471,train
2013-12-04,bsi_value,1507.0,7.31788,1488.0,1475.0,1458.0,1418.0,1393.0,1363.0,1325.0,1280.0,1228.0,958.0,1455.86,34.56,1410.64,52.64,1342.67,75.45,1210.55,159.97,1115.42,187.76,0.01269,0.07866,0.12871,0.20473,1795.0,1741.0,1387.0,3481.0,3316.0,2391.0,782.0,776.0,732.0,-0.45179,0.89213,-0.8061,0.59178,28,2014-01-21,48,1154.0,-0.26689,train
2013-12-05,bsi_value,1522.0,7.32778,1507.0,1488.0,1475.0,1441.0,1404.0,1371.0,1339.0,1285.0,1243.0,954.0,1472.71,33.93,1423.71,55.85,1351.97,79.67,1220.02,161.3,1122.16,191.32,0.0099,0.0807,0.1281,0.2025,1867.0,1795.0,1427.0,3843.0,3481.0,2399.0,786.0,782.0,737.0,-0.43637,0.89977,-0.78527,0.61916,28,2014-01-22,48,1141.0,-0.28812,train
2013-12-06,bsi_value,1531.0,7.33368,1522.0,1507.0,1488.0,1458.0,1418.0,1378.0,1354.0,1291.0,1252.0,946.0,1488.86,30.8,1436.36,58.61,1361.27,83.64,1229.77,162.13,1129.03,194.74,0.0059,0.07667,0.12286,0.20118,1923.0,1867.0,1510.0,3842.0,3843.0,2496.0,789.0,786.0,745.0,-0.42083,0.90714,-0.7635,0.6458,28,2014-01-23,48,1130.0,-0.3037,train
2013-12-09,bsi_value,1552.0,7.3473,1531.0,1522.0,1507.0,1475.0,1441.0,1393.0,1360.0,1305.0,1258.0,940.0,1504.71,30.65,1450.07,61.53,1371.07,88.07,1239.97,162.82,1136.18,198.3,0.01362,0.07421,0.13206,0.21002,1955.0,1923.0,1613.0,3831.0,3842.0,2848.0,792.0,789.0,757.0,-0.37348,0.92764,-0.6929,0.72103,28,2014-01-24,46,1121.0,-0.32532,train
2013-12-10,bsi_value,1557.0,7.35052,1552.0,1531.0,1522.0,1488.0,1458.0,1404.0,1363.0,1315.0,1260.0,936.0,1518.86,28.6,1463.93,62.2,1380.97,91.65,1250.32,162.91,1143.39,201.64,0.00322,0.0657,0.13307,0.21165,1997.0,1955.0,1665.0,4011.0,3831.0,3089.0,796.0,792.0,764.0,-0.35746,0.93393,-0.66769,0.74444,28,2014-01-27,48,1112.0,-0.3366,train
2013-12-11,bsi_value,1554.0,7.34859,1557.0,1552.0,1531.0,1507.0,1475.0,1418.0,1371.0,1320.0,1266.0,934.0,1530.14,24.34,1477.0,60.5,1390.57,94.16,1260.65,162.18,1150.57,204.61,-0.00193,0.05217,0.12529,0.20497,2050.0,1997.0,1695.0,4210.0,4011.0,3194.0,803.0,796.0,771.0,-0.34135,0.93994,-0.64169,0.76697,28,2014-01-28,48,1098.0,-0.34734,train
2013-12-12,bsi_value,1560.0,7.35244,1554.0,1557.0,1552.0,1522.0,1488.0,1441.0,1378.0,1321.0,1268.0,942.0,1540.43,18.98,1490.0,57.3,1400.3,96.06,1270.95,161.24,1157.82,207.4,0.00385,0.04725,0.12405,0.20724,2085.0,2050.0,1741.0,4291.0,4210.0,3316.0,810.0,803.0,776.0,-0.32513,0.94567,-0.61493,0.78858,28,2014-01-29,48,1079.0,-0.36865,train
2013-12-13,bsi_value,1562.0,7.35372,1560.0,1554.0,1557.0,1531.0,1507.0,1458.0,1393.0,1325.0,1269.0,951.0,1548.29,14.33,1502.07,53.25,1410.07,97.1,1281.13,160.0,1165.06,210.01,0.00128,0.03585,0.11451,0.20774,2096.0,2085.0,1795.0,4246.0,4291.0,3481.0,814.0,810.0,782.0,-0.30881,0.95112,-0.58744,0.80927,28,2014-01-30,48,1056.0,-0.39148,train
2013-12-16,bsi_value,1553.0,7.34794,1562.0,1560.0,1554.0,1552.0,1522.0,1475.0,1404.0,1339.0,1273.0,964.0,1552.71,9.5,1512.71,47.13,1419.4,96.93,1290.95,158.3,1172.17,212.18,-0.00578,0.02016,0.10086,0.19881,2082.0,2096.0,1867.0,4065.0,4246.0,3843.0,817.0,814.0,786.0,-0.25934,0.96579,-0.50093,0.86549,28,2014-01-31,46,1018.0,-0.42235,train
2013-12-17,bsi_value,1546.0,7.34343,1553.0,1562.0,1560.0,1557.0,1531.0,1488.0,1418.0,1354.0,1280.0,971.0,1554.86,4.97,1521.86,39.69,1428.27,95.94,1300.53,156.03,1179.22,213.92,-0.00452,0.00975,0.08642,0.18881,2025.0,2082.0,1923.0,3818.0,4065.0,3842.0,821.0,817.0,789.0,-0.24269,0.9701,-0.47086,0.88221,28,2014-02-03,48,996.0,-0.43968,train
2013-12-18,bsi_value,1541.0,7.34019,1546.0,1553.0,1562.0,1554.0,1552.0,1507.0,1441.0,1360.0,1285.0,986.0,1553.29,6.96,1529.0,32.92,1436.8,94.18,1309.78,153.54,1186.23,215.32,-0.00324,-0.00711,0.06709,0.18167,1946.0,2025.0,1955.0,3638.0,3818.0,3831.0,820.0,821.0,792.0,-0.22596,0.97414,-0.44024,0.89788,28,2014-02-04,48,975.0,-0.45775,train
2013-12-19,bsi_value,1517.0,7.32449,1541.0,1546.0,1553.0,1560.0,1557.0,1522.0,1458.0,1363.0,1291.0,1012.0,1547.57,14.21,1533.21,26.76,1444.33,91.21,1318.2,150.8,1192.99,216.05,-0.0157,-0.02603,0.03967,0.16132,1883.0,1946.0,1997.0,3596.0,3638.0,4011.0,818.0,820.0,796.0,-0.20917,0.97788,-0.40909,0.91249,28,2014-02-05,48,961.0,-0.45652,train
2013-12-20,bsi_value,1499.0,7.31255,1517.0,1541.0,1546.0,1562.0,1554.0,1531.0,1475.0,1371.0,1305.0,1046.0,1539.71,21.71,1534.93,23.55,1450.8,87.92,1325.75,148.3,1199.53,216.3,-0.01194,-0.03603,0.01614,0.1386,1858.0,1883.0,2050.0,3875.0,3596.0,4210.0,811.0,818.0,803.0,-0.19232,0.98133,-0.37746,0.92602,28,2014-02-06,48,948.0,-0.4582,train
2013-12-23,bsi_value,1482.0,7.30115,1499.0,1517.0,1541.0,1553.0,1560.0,1552.0,1488.0,1378.0,1315.0,1069.0,1528.57,27.64,1534.5,24.44,1456.37,84.36,1332.63,145.79,1205.86,216.15,-0.01141,-0.05129,-0.00404,0.11956,1835.0,1858.0,2085.0,3996.0,3875.0,4291.0,805.0,811.0,810.0,-0.14144,0.98995,-0.28004,0.95999,28,2014-02-07,46,937.0,-0.45846,train
2013-12-24,bsi_value,1468.0,7.29166,1482.0,1499.0,1517.0,1546.0,1562.0,1557.0,1507.0,1393.0,1320.0,1079.0,1515.14,30.8,1531.71,29.18,1461.3,80.48,1339.12,142.99,1211.99,215.67,-0.00949,-0.06207,-0.02622,0.10627,1825.0,1835.0,2096.0,4078.0,3996.0,4246.0,801.0,805.0,814.0,-0.12439,0.99223,-0.24686,0.96905,28,2014-02-10,48,929.0,-0.45755,train
2014-01-02,bsi_value,1453.0,7.28139,1468.0,1482.0,1499.0,1541.0,1553.0,1554.0,1522.0,1404.0,1321.0,1087.0,1500.86,33.03,1526.79,35.54,1465.7,76.18,1345.22,139.88,1217.94,214.84,-0.01027,-0.06656,-0.04639,0.09524,1780.0,1825.0,2082.0,3733.0,4078.0,4065.0,773.0,801.0,817.0,0.0344,0.99941,0.06876,0.99763,28,2014-02-11,40,929.0,-0.44728,train
2014-01-03,bsi_value,1330.0,7.19293,1453.0,1468.0,1482.0,1517.0,1546.0,1560.0,1531.0,1418.0,1325.0,1093.0,1470.0,63.39,1512.43,61.82,1465.87,75.88,1349.17,135.99,1222.51,212.8,-0.08845,-0.15049,-0.14074,0.00377,1750.0,1780.0,2025.0,3531.0,3733.0,3818.0,763.0,773.0,821.0,0.05158,0.99867,0.10303,0.99468,28,2014-02-12,40,928.0,-0.3599,train
2014-01-06,bsi_value,1276.0,7.15149,1330.0,1453.0,1468.0,1499.0,1541.0,1562.0,1552.0,1441.0,1339.0,1101.0,1432.14,85.1,1492.71,85.52,1463.77,80.12,1352.08,132.47,1226.47,210.43,-0.04145,-0.1887,-0.19581,-0.04819,1724.0,1750.0,1946.0,3287.0,3531.0,3638.0,750.0,763.0,820.0,0.10303,0.99468,0.20497,0.97877,28,2014-02-13,38,938.0,-0.30774,train
2014-01-07,bsi_value,1239.0,7.12206,1276.0,1330.0,1453.0,1482.0,1517.0,1553.0,1557.0,1458.0,1354.0,1113.0,1392.43,99.82,1470.0,105.36,1459.93,87.67,1354.18,129.63,1229.96,207.99,-0.02943,-0.20243,-0.22846,-0.08876,1692.0,1724.0,1883.0,3017.0,3287.0,3596.0,744.0,750.0,818.0,0.12013,0.99276,0.23851,0.97114,28,2014-02-14,38,965.0,-0.24993,train
2014-01-08,bsi_value,1204.0,7.0934,1239.0,1276.0,1330.0,1468.0,1499.0,1546.0,1554.0,1475.0,1360.0,1127.0,1350.29,107.88,1445.0,122.58,1454.73,97.52,1355.47,127.74,1233.03,205.52,-0.02866,-0.21915,-0.25518,-0.12184,1672.0,1692.0,1858.0,2818.0,3017.0,3875.0,741.0,744.0,811.0,0.13719,0.99055,0.27178,0.96236,28,2014-02-17,40,998.0,-0.18765,train
2014-01-09,bsi_value,1191.0,7.08255,1204.0,1239.0,1276.0,1453.0,1482.0,1541.0,1560.0,1488.0,1363.0,1145.0,1308.71,105.15,1418.64,134.14,1449.0,107.31,1356.23,126.61,1235.94,203.04,-0.01086,-0.2186,-0.26989,-0.13489,1645.0,1672.0,1835.0,2500.0,2818.0,3996.0,735.0,741.0,805.0,0.1542,0.98804,0.30472,0.95244,28,2014-02-18,40,1026.0,-0.14913,train
2014-01-10,bsi_value,1188.0,7.08003,1191.0,1204.0,1239.0,1330.0,1468.0,1517.0,1562.0,1507.0,1371.0,1162.0,1268.71,88.96,1391.93,140.05,1442.9,116.39,1356.67,125.99,1238.77,200.57,-0.00252,-0.21163,-0.2737,-0.14327,1621.0,1645.0,1825.0,2101.0,2500.0,4078.0,730.0,735.0,801.0,0.17118,0.98524,0.3373,0.9414,28,2014-02-19,40,1049.0,-0.12443,train
2014-01-13,bsi_value,1190.0,7.08171,1188.0,1191.0,1204.0,1276.0,1453.0,1499.0,1553.0,1522.0,1378.0,1175.0,1231.14,50.35,1366.0,141.42,1436.63,124.49,1356.92,125.64,1241.58,198.08,0.00168,-0.19968,-0.26624,-0.14668,1598.0,1621.0,1780.0,1857.0,2101.0,3733.0,726.0,730.0,773.0,0.22177,0.9751,0.4325,0.90163,28,2014-02-20,38,1068.0,-0.10817,train
2014-01-14,bsi_value,1191.0,7.08255,1190.0,1188.0,1191.0,1239.0,1330.0,1482.0,1546.0,1531.0,1393.0,1182.0,1211.29,31.23,1340.64,138.67,1429.9,131.91,1357.07,125.44,1244.38,195.55,0.00084,-0.11039,-0.26088,-0.15667,1580.0,1598.0,1750.0,1832.0,1857.0,3531.0,725.0,726.0,763.0,0.23851,0.97114,0.46326,0.88622,28,2014-02-21,38,1087.0,-0.09137,train
2014-01-15,bsi_value,1189.0,7.08087,1191.0,1190.0,1188.0,1204.0,1276.0,1468.0,1541.0,1552.0,1404.0,1185.0,1198.86,17.13,1315.5,131.81,1422.73,138.78,1357.13,125.35,1247.16,192.95,-0.00168,-0.07062,-0.25932,-0.16621,1572.0,1580.0,1724.0,1862.0,1832.0,3287.0,724.0,725.0,750.0,0.25518,0.96689,0.49347,0.86976,28,2014-02-24,40,1098.0,-0.07962,train
2014-01-16,bsi_value,1182.0,7.07496,1189.0,1191.0,1190.0,1191.0,1239.0,1453.0,1517.0,1557.0,1418.0,1186.0,1190.71,6.13,1291.57,123.18,1414.87,145.36,1357.07,125.44,1249.86,190.3,-0.0059,-0.0471,-0.24953,-0.18204,1570.0,1572.0,1692.0,1929.0,1862.0,3017.0,722.0,724.0,744.0,0.27178,0.96236,0.52309,0.85227,28,2014-02-25,40,1096.0,-0.07554,train
2014-01-17,bsi_value,1175.0,7.06902,1182.0,1189.0,1191.0,1188.0,1204.0,1330.0,1499.0,1554.0,1441.0,1199.0,1186.57,5.53,1268.43,111.96,1406.0,151.48,1356.67,125.98,1252.43,187.68,-0.00594,-0.02438,-0.24353,-0.20407,1564.0,1570.0,1672.0,2026.0,1929.0,2818.0,719.0,722.0,741.0,0.28829,0.95754,0.5521,0.83378,28,2014-02-26,40,1096.0,-0.0696,train
2014-01-20,bsi_value,1165.0,7.06048,1175.0,1182.0,1189.0,1190.0,1191.0,1276.0,1482.0,1560.0,1458.0,1206.0,1182.86,8.97,1245.79,97.61,1396.23,157.15,1355.98,126.9,1254.8,185.2,-0.00855,-0.02207,-0.24067,-0.22434,1552.0,1564.0,1645.0,2082.0,2026.0,2500.0,719.0,719.0,735.0,0.3373,0.9414,0.63507,0.77246,28,2014-02-27,38,1097.0,-0.06014,train
2014-01-21,bsi_value,1154.0,7.05099,1165.0,1175.0,1182.0,1191.0,1188.0,1239.0,1468.0,1562.0,1475.0,1213.0,1178.0,13.11,1223.36,78.1,1385.53,162.27,1355.0,128.23,1256.97,182.85,-0.00949,-0.02904,-0.24067,-0.24542,1530.0,1552.0,1621.0,1973.0,2082.0,2101.0,715.0,719.0,730.0,0.35344,0.93546,0.66126,0.75015,28,2014-02-28,38,1100.0,-0.04792,train
2014-01-22,bsi_value,1141.0,7.03966,1154.0,1165.0,1175.0,1189.0,1190.0,1204.0,1453.0,1553.0,1488.0,1221.0,1171.0,17.26,1201.07,48.18,1373.97,166.86,1353.67,130.02,1258.92,180.65,-0.01133,-0.04205,-0.24173,-0.26553,1496.0,1530.0,1598.0,1880.0,1973.0,1857.0,715.0,715.0,726.0,0.36948,0.92924,0.68668,0.72696,28,2014-03-03,40,1103.0,-0.03387,train
2014-01-23,bsi_value,1130.0,7.02997,1141.0,1154.0,1165.0,1182.0,1191.0,1191.0,1330.0,1546.0,1507.0,1228.0,1162.29,20.13,1186.79,35.92,1361.4,170.52,1352.03,132.18,1260.83,178.35,-0.00969,-0.05258,-0.16296,-0.2879,1468.0,1496.0,1580.0,1775.0,1880.0,1832.0,715.0,715.0,725.0,0.38541,0.92274,0.71128,0.70291,28,2014-03-04,40,1107.0,-0.02056,train
2014-01-24,bsi_value,1121.0,7.02198,1130.0,1141.0,1154.0,1175.0,1189.0,1188.0,1276.0,1541.0,1522.0,1243.0,1152.57,21.27,1175.71,30.14,1348.03,173.11,1350.0,134.76,1262.69,176.0,-0.008,-0.05889,-0.12951,-0.3058,1437.0,1468.0,1572.0,1723.0,1775.0,1862.0,712.0,715.0,724.0,0.40123,0.91598,0.73503,0.67803,28,2014-03-05,40,1115.0,-0.00537,train
2014-01-27,bsi_value,1112.0,7.01392,1121.0,1130.0,1141.0,1165.0,1182.0,1190.0,1239.0,1517.0,1531.0,1252.0,1142.57,21.53,1166.64,28.81,1334.07,174.68,1347.67,137.62,1264.53,173.53,-0.00806,-0.06105,-0.10814,-0.31976,1413.0,1437.0,1570.0,1673.0,1723.0,1929.0,708.0,712.0,722.0,0.44794,0.89406,0.80098,0.59869,28,2014-03-06,38,1116.0,0.00359,train
2014-01-28,bsi_value,1098.0,7.00125,1112.0,1121.0,1130.0,1154.0,1175.0,1191.0,1204.0,1499.0,1552.0,1258.0,1131.57,21.82,1159.07,31.77,1318.93,174.81,1345.0,140.84,1266.29,171.01,-0.01267,-0.06778,-0.09216,-0.34605,1387.0,1413.0,1564.0,1577.0,1673.0,2026.0,705.0,708.0,719.0,0.46326,0.88622,0.8211,0.57078,28,2014-03-07,38,1122.0,0.02162,train
2014-01-29,bsi_value,1079.0,6.98379,1098.0,1112.0,1121.0,1141.0,1165.0,1189.0,1191.0,1482.0,1557.0,1260.0,1119.29,23.67,1151.07,36.48,1303.0,174.16,1341.98,144.52,1267.88,168.59,-0.01746,-0.07669,-0.09876,-0.36673,1369.0,1387.0,1552.0,1531.0,1577.0,2082.0,700.0,705.0,719.0,0.47843,0.87812,0.84025,0.5422,28,2014-03-10,40,1131.0,0.04707,train
2014-01-30,bsi_value,1056.0,6.96224,1079.0,1098.0,1112.0,1130.0,1154.0,1182.0,1188.0,1468.0,1554.0,1266.0,1105.29,27.65,1141.64,42.31,1286.4,173.18,1338.48,148.8,1269.23,166.37,-0.02155,-0.08875,-0.11778,-0.38634,1347.0,1369.0,1530.0,1527.0,1531.0,1973.0,691.0,700.0,715.0,0.49347,0.86976,0.8584,0.51298,28,2014-03-11,40,1137.0,0.07391,train
2014-01-31,bsi_value,1018.0,6.9256,1056.0,1079.0,1098.0,1121.0,1141.0,1175.0,1190.0,1453.0,1560.0,1268.0,1087.71,36.9,1129.36,50.64,1268.33,171.96,1334.32,154.12,1270.08,164.89,-0.03665,-0.11407,-0.15611,-0.42685,1337.0,1347.0,1496.0,1524.0,1527.0,1880.0,684.0,691.0,715.0,0.50836,0.86115,0.87554,0.48315,28,2014-03-12,40,1149.0,0.12105,train
2014-02-03,bsi_value,996.0,6.90375,1018.0,1056.0,1079.0,1112.0,1130.0,1165.0,1191.0,1330.0,1562.0,1269.0,1068.57,44.06,1115.43,58.04,1249.47,169.74,1329.77,159.9,1270.58,163.99,-0.02185,-0.12623,-0.1788,-0.44998,1326.0,1337.0,1468.0,1516.0,1524.0,1775.0,682.0,684.0,715.0,0.5521,0.83378,0.92066,0.39037,28,2014-03-13,38,1159.0,0.15157,train
2014-02-04,bsi_value,975.0,6.88244,996.0,1018.0,1056.0,1098.0,1121.0,1154.0,1189.0,1276.0,1553.0,1273.0,1047.71,48.63,1100.14,64.48,1230.2,166.98,1324.8,166.1,1270.7,163.77,-0.02131,-0.13954,-0.19843,-0.46551,1313.0,1326.0,1437.0,1513.0,1516.0,1723.0,681.0,682.0,712.0,0.56636,0.82416,0.93354,0.35847,28,2014-03-14,38,1173.0,0.18488,train
2014-02-05,bsi_value,961.0,6.86797,975.0,996.0,1018.0,1079.0,1112.0,1141.0,1182.0,1239.0,1546.0,1280.0,1026.14,48.82,1084.36,69.37,1210.7,163.07,1319.48,172.43,1270.59,163.97,-0.01446,-0.14594,-0.20699,-0.47545,1307.0,1313.0,1413.0,1544.0,1513.0,1673.0,677.0,681.0,708.0,0.58045,0.81429,0.94532,0.32614,28,2014-03-17,40,1183.0,0.20783,train
2014-02-06,bsi_value,948.0,6.85435,961.0,975.0,996.0,1056.0,1098.0,1130.0,1175.0,1204.0,1541.0,1285.0,1004.71,45.37,1068.14,72.74,1190.93,157.69,1313.87,178.83,1270.17,164.75,-0.01362,-0.14689,-0.21467,-0.48583,1307.0,1307.0,1387.0,1575.0,1544.0,1577.0,676.0,677.0,705.0,0.59438,0.80419,0.95598,0.29343,28,2014-03-18,40,1191.0,0.22819,train
2014-02-07,bsi_value,937.0,6.84268,948.0,961.0,975.0,1018.0,1079.0,1121.0,1165.0,1191.0,1517.0,1291.0,984.43,38.91,1051.86,74.73,1171.6,151.98,1307.97,185.21,1269.33,166.24,-0.01167,-0.14111,-0.21779,-0.48181,1304.0,1307.0,1369.0,1588.0,1575.0,1531.0,674.0,676.0,700.0,0.60812,0.79384,0.96551,0.26038,28,2014-03-19,40,1198.0,0.24573,train
2014-02-10,bsi_value,929.0,6.83411,937.0,948.0,961.0,996.0,1056.0,1112.0,1154.0,1188.0,1499.0,1305.0,966.29,29.87,1035.79,75.22,1152.6,145.34,1301.7,191.46,1268.03,168.42,-0.00857,-0.12813,-0.21688,-0.47844,1305.0,1304.0,1347.0,1611.0,1588.0,1527.0,669.0,674.0,691.0,0.64826,0.76142,0.9872,0.15951,28,2014-03-20,38,1200.0,0.25597,train
2014-02-11,bsi_value,929.0,6.83411,929.0,937.0,948.0,975.0,1018.0,1098.0,1141.0,1190.0,1482.0,1315.0,953.57,23.38,1020.64,73.84,1134.17,137.24,1295.27,197.3,1266.48,170.88,0.0,-0.09149,-0.20555,-0.46704,1322.0,1305.0,1337.0,1581.0,1611.0,1524.0,667.0,669.0,684.0,0.66126,0.75015,0.9921,0.12546,28,2014-03-21,38,1205.0,0.26013,train
2014-02-12,bsi_value,928.0,6.83303,929.0,929.0,937.0,961.0,996.0,1079.0,1130.0,1191.0,1468.0,1320.0,943.86,16.99,1006.21,70.74,1116.17,127.33,1288.73,202.79,1264.8,173.44,-0.00108,-0.07072,-0.19694,-0.45862,1324.0,1322.0,1326.0,1548.0,1581.0,1516.0,665.0,667.0,682.0,0.67407,0.73867,0.99583,0.09126,28,2014-03-24,40,1209.0,0.26452,train
2014-02-13,bsi_value,938.0,6.84375,928.0,929.0,929.0,948.0,975.0,1056.0,1121.0,1189.0,1453.0,1321.0,938.57,11.27,993.14,64.99,1099.0,114.86,1282.35,207.64,1263.14,175.82,0.01072,-0.03869,-0.17823,-0.43764,1313.0,1324.0,1313.0,1557.0,1548.0,1513.0,668.0,665.0,681.0,0.68668,0.72696,0.99838,0.05695,28,2014-03-25,40,1207.0,0.25214,train
2014-02-14,bsi_value,965.0,6.87213,938.0,928.0,929.0,937.0,961.0,1018.0,1112.0,1182.0,1330.0,1325.0,939.14,12.44,982.64,56.22,1086.83,108.93,1276.35,211.49,1261.72,177.7,0.02838,0.00415,-0.14179,-0.32081,1311.0,1313.0,1307.0,1554.0,1557.0,1544.0,671.0,668.0,677.0,0.69908,0.71504,0.99975,0.02258,28,2014-03-26,40,1201.0,0.21878,train
2014-02-17,bsi_value,998.0,6.90575,965.0,938.0,928.0,929.0,948.0,996.0,1098.0,1175.0,1276.0,1339.0,946.29,24.24,975.5,46.65,1077.57,104.16,1270.67,214.29,1260.58,179.06,0.03363,0.0514,-0.09549,-0.24573,1308.0,1311.0,1307.0,1625.0,1554.0,1575.0,676.0,671.0,676.0,0.73503,0.67803,0.99675,-0.08055,28,2014-03-27,38,1180.0,0.16752,train
2014-02-18,bsi_value,1026.0,6.93342,998.0,965.0,938.0,929.0,937.0,975.0,1079.0,1165.0,1239.0,1354.0,959.0,36.35,971.71,39.74,1070.47,100.1,1265.2,216.27,1259.61,180.08,0.02767,0.09074,-0.05037,-0.18864,1298.0,1308.0,1304.0,1667.0,1625.0,1588.0,677.0,676.0,674.0,0.74659,0.66529,0.99339,-0.11479,28,2014-03-28,38,1139.0,0.10448,train
2014-02-19,bsi_value,1049.0,6.95559,1026.0,998.0,965.0,928.0,929.0,961.0,1056.0,1154.0,1204.0,1360.0,976.14,45.34,971.21,38.71,1065.3,97.03,1260.02,217.66,1258.74,180.91,0.02217,0.12148,-0.00665,-0.13781,1282.0,1298.0,1305.0,1690.0,1667.0,1611.0,678.0,677.0,669.0,0.75792,0.65235,0.98885,-0.14889,28,2014-03-31,40,1115.0,0.06102,train
2014-02-20,bsi_value,1068.0,6.97354,1049.0,1026.0,998.0,938.0,929.0,948.0,1018.0,1141.0,1191.0,1363.0,996.0,50.49,974.79,44.7,1061.2,94.18,1255.1,218.61,1257.89,181.62,0.01795,0.13943,0.04795,-0.10901,1261.0,1282.0,1322.0,1680.0,1690.0,1581.0,676.0,678.0,667.0,0.76903,0.63921,0.98315,-0.18282,28,2014-04-01,40,1090.0,0.02039,train
2014-02-21,bsi_value,1087.0,6.99118,1068.0,1049.0,1026.0,965.0,928.0,937.0,996.0,1130.0,1188.0,1371.0,1018.71,50.56,981.29,53.13,1057.83,91.35,1250.37,219.12,1257.06,182.23,0.01763,0.15815,0.08743,-0.08885,1244.0,1261.0,1324.0,1701.0,1680.0,1548.0,677.0,676.0,665.0,0.77991,0.62589,0.97628,-0.21653,28,2014-04-02,40,1068.0,-0.01763,train
2014-02-24,bsi_value,1098.0,7.00125,1087.0,1068.0,1049.0,998.0,938.0,929.0,975.0,1121.0,1190.0,1378.0,1041.57,44.73,990.07,60.96,1054.77,88.36,1245.7,219.34,1256.2,182.8,0.01007,0.1575,0.11881,-0.08046,1222.0,1244.0,1313.0,1707.0,1701.0,1557.0,679.0,677.0,668.0,0.81116,0.58482,0.94877,-0.31596,28,2014-04-03,38,1047.0,-0.04756,train
2014-02-25,bsi_value,1096.0,6.99942,1098.0,1087.0,1068.0,1026.0,965.0,929.0,961.0,1112.0,1191.0,1393.0,1060.29,35.16,999.71,66.06,1051.6,85.06,1240.75,219.31,1255.24,183.4,-0.00182,0.12729,0.13145,-0.08313,1187.0,1222.0,1311.0,1775.0,1707.0,1554.0,679.0,679.0,671.0,0.8211,0.57078,0.93734,-0.34841,28,2014-04-04,38,1025.0,-0.06697,train
2014-02-26,bsi_value,1096.0,6.99942,1096.0,1098.0,1087.0,1049.0,998.0,928.0,948.0,1098.0,1189.0,1404.0,1074.29,25.85,1010.29,68.73,1048.5,81.62,1235.62,219.03,1254.26,184.02,0.0,0.09367,0.14507,-0.08145,1154.0,1187.0,1308.0,1912.0,1775.0,1625.0,674.0,679.0,676.0,0.8308,0.55658,0.9248,-0.38045,28,2014-04-07,40,1003.0,-0.08867,train
2014-02-27,bsi_value,1097.0,7.00033,1096.0,1096.0,1098.0,1068.0,1026.0,938.0,937.0,1079.0,1182.0,1418.0,1084.43,17.49,1021.71,68.9,1045.67,78.35,1230.27,218.43,1253.27,184.62,0.00091,0.06691,0.15765,-0.07463,1123.0,1154.0,1298.0,2049.0,1912.0,1667.0,673.0,674.0,677.0,0.84025,0.5422,0.91117,-0.41203,28,2014-04-08,40,982.0,-0.11074,train
2014-02-28,bsi_value,1100.0,7.00307,1097.0,1096.0,1096.0,1087.0,1049.0,965.0,929.0,1056.0,1175.0,1441.0,1091.71,10.4,1033.93,66.49,1043.17,75.32,1224.58,217.31,1252.17,185.24,0.00273,0.04747,0.16896,-0.06596,1099.0,1123.0,1282.0,2084.0,2049.0,1690.0,669.0,673.0,678.0,0.84945,0.52767,0.89646,-0.44313,28,2014-04-09,40,965.0,-0.13094,train
2014-03-03,bsi_value,1103.0,7.00579,1100.0,1097.0,1096.0,1098.0,1068.0,998.0,929.0,1018.0,1165.0,1458.0,1096.71,4.59,1046.36,61.81,1041.1,72.76,1218.67,215.7,1251.02,185.83,0.00272,0.03225,0.17168,-0.05469,1080.0,1099.0,1261.0,2180.0,2084.0,1680.0,666.0,669.0,676.0,0.87554,0.48315,0.84603,-0.53314,28,2014-04-10,38,949.0,-0.15038,train
2014-03-04,bsi_value,1107.0,7.00941,1103.0,1100.0,1097.0,1096.0,1087.0,1026.0,928.0,996.0,1154.0,1475.0,1099.57,3.81,1059.14,54.03,1039.53,70.79,1212.53,213.54,1249.84,186.41,0.00362,0.01823,0.17638,-0.04158,1062.0,1080.0,1244.0,2326.0,2180.0,1701.0,662.0,666.0,677.0,0.88372,0.46802,0.82719,-0.56192,28,2014-04-11,38,936.0,-0.16779,train
2014-03-05,bsi_value,1115.0,7.01661,1107.0,1103.0,1100.0,1096.0,1098.0,1049.0,938.0,975.0,1141.0,1488.0,1102.0,6.5,1071.79,43.98,1038.67,69.69,1206.32,210.85,1248.67,186.92,0.0072,0.01536,0.17286,-0.02305,1053.0,1062.0,1222.0,2596.0,2326.0,1707.0,661.0,662.0,679.0,0.89164,0.45274,0.80737,-0.59004,28,2014-04-14,40,927.0,-0.18466,train
2014-03-06,bsi_value,1116.0,7.01751,1115.0,1107.0,1103.0,1097.0,1096.0,1068.0,965.0,961.0,1130.0,1507.0,1104.86,7.55,1082.57,33.81,1038.2,69.12,1199.8,207.47,1247.42,187.43,0.0009,0.01808,0.14538,-0.01247,1056.0,1053.0,1187.0,2830.0,2596.0,1775.0,663.0,661.0,679.0,0.8993,0.43734,0.7866,-0.61747,28,2014-04-15,40,921.0,-0.19205,train
2014-03-07,bsi_value,1122.0,7.02287,1116.0,1115.0,1107.0,1100.0,1096.0,1087.0,998.0,948.0,1121.0,1522.0,1108.57,8.6,1091.43,25.79,1038.23,69.16,1193.13,203.39,1246.08,187.89,0.00536,0.02345,0.11711,0.00089,1075.0,1056.0,1154.0,2980.0,2830.0,1912.0,663.0,663.0,674.0,0.90669,0.42181,0.76489,-0.64416,28,2014-04-16,40,916.0,-0.20285,train
2014-03-10,bsi_value,1131.0,7.03086,1122.0,1116.0,1115.0,1103.0,1097.0,1098.0,1026.0,937.0,1112.0,1531.0,1113.43,10.15,1098.93,20.37,1038.87,69.92,1186.47,198.71,1244.73,188.27,0.00799,0.03052,0.09743,0.01694,1088.0,1075.0,1123.0,3023.0,2980.0,2049.0,663.0,663.0,673.0,0.92724,0.37447,0.69445,-0.71954,28,2014-04-17,38,909.0,-0.21851,train
2014-03-11,bsi_value,1137.0,7.03615,1131.0,1122.0,1116.0,1107.0,1100.0,1096.0,1049.0,929.0,1098.0,1552.0,1118.71,11.35,1105.21,17.34,1040.17,71.35,1179.55,193.01,1243.39,188.6,0.00529,0.03308,0.08056,0.0349,1104.0,1088.0,1099.0,3045.0,3023.0,2084.0,666.0,663.0,669.0,0.93354,0.35847,0.66929,-0.743,28,2014-04-22,42,908.0,-0.2249,train
2014-03-12,bsi_value,1149.0,7.04665,1137.0,1131.0,1122.0,1115.0,1103.0,1096.0,1068.0,929.0,1079.0,1557.0,1125.29,13.47,1111.0,17.47,1042.5,73.69,1172.75,186.67,1242.16,188.85,0.0105,0.04086,0.0731,0.06286,1102.0,1104.0,1080.0,2600.0,3045.0,2180.0,668.0,666.0,666.0,0.93957,0.34236,0.64334,-0.76558,28,2014-04-23,42,909.0,-0.2343,train
2014-03-13,bsi_value,1159.0,7.05531,1149.0,1137.0,1131.0,1116.0,1107.0,1097.0,1087.0,928.0,1056.0,1554.0,1132.71,15.52,1116.14,20.06,1045.93,76.58,1166.17,179.96,1240.97,189.04,0.00867,0.0459,0.06414,0.09307,1106.0,1102.0,1062.0,2654.0,2600.0,2326.0,668.0,668.0,662.0,0.94532,0.32614,0.61662,-0.78726,28,2014-04-24,42,911.0,-0.24077,train
2014-03-14,bsi_value,1173.0,7.06732,1159.0,1149.0,1137.0,1122.0,1115.0,1100.0,1098.0,938.0,1018.0,1560.0,1141.0,18.95,1121.5,24.1,1051.1,79.69,1159.72,172.51,1239.91,189.15,0.01201,0.05071,0.06607,0.14172,1113.0,1106.0,1053.0,2677.0,2654.0,2596.0,671.0,668.0,661.0,0.95079,0.30983,0.58918,-0.808,28,2014-04-25,42,909.0,-0.25497,train
2014-03-17,bsi_value,1183.0,7.07581,1173.0,1159.0,1149.0,1131.0,1116.0,1103.0,1096.0,965.0,996.0,1562.0,1150.57,20.74,1127.71,27.68,1057.33,82.4,1153.4,164.41,1238.96,189.22,0.00849,0.0583,0.07639,0.17206,1116.0,1113.0,1056.0,2691.0,2677.0,2830.0,671.0,671.0,663.0,0.96551,0.26038,0.50279,-0.86441,28,2014-04-28,42,912.0,-0.26017,train
2014-03-18,bsi_value,1191.0,7.08255,1183.0,1173.0,1159.0,1137.0,1122.0,1107.0,1096.0,998.0,975.0,1553.0,1160.43,21.21,1134.5,30.57,1064.53,84.31,1147.37,156.06,1238.04,189.25,0.00674,0.05968,0.08313,0.20011,1118.0,1116.0,1075.0,2818.0,2691.0,2980.0,668.0,671.0,663.0,0.96984,0.24373,0.47276,-0.88119,28,2014-04-29,42,916.0,-0.26253,train
2014-03-19,bsi_value,1198.0,7.08841,1191.0,1183.0,1173.0,1149.0,1131.0,1115.0,1097.0,1026.0,961.0,1546.0,1170.0,20.89,1141.71,32.71,1072.43,85.34,1141.57,147.37,1237.13,189.24,0.00586,0.05755,0.08807,0.22043,1120.0,1118.0,1088.0,2982.0,2818.0,3023.0,667.0,668.0,663.0,0.97389,0.22701,0.44217,-0.89693,28,2014-04-30,42,922.0,-0.26186,train
2014-03-20,bsi_value,1200.0,7.09008,1198.0,1191.0,1183.0,1159.0,1137.0,1116.0,1100.0,1049.0,948.0,1541.0,1179.0,18.12,1148.86,33.72,1080.83,85.08,1135.88,138.14,1236.19,189.21,0.00167,0.05393,0.08701,0.23572,1120.0,1120.0,1104.0,3129.0,2982.0,3045.0,671.0,667.0,666.0,0.97765,0.21022,0.41105,-0.91161,28,2014-05-01,42,919.0,-0.26679,train
2014-03-21,bsi_value,1205.0,7.09423,1200.0,1198.0,1191.0,1173.0,1149.0,1122.0,1103.0,1068.0,937.0,1517.0,1187.0,15.24,1156.14,34.04,1089.77,83.56,1130.68,129.28,1235.23,189.15,0.00416,0.04759,0.08845,0.25155,1112.0,1120.0,1102.0,3036.0,3129.0,2600.0,674.0,671.0,668.0,0.98112,0.19338,0.37945,-0.92521,28,2014-05-02,42,915.0,-0.27531,train
2014-03-24,bsi_value,1209.0,7.09755,1205.0,1200.0,1198.0,1183.0,1159.0,1131.0,1107.0,1087.0,929.0,1499.0,1194.14,11.76,1163.43,33.66,1099.1,80.67,1125.85,120.55,1234.17,189.02,0.00331,0.04224,0.08814,0.26344,1107.0,1112.0,1106.0,3055.0,3036.0,2654.0,676.0,674.0,668.0,0.98979,0.14251,0.28211,-0.95938,28,2014-05-06,43,915.0,-0.27862,train
2014-03-25,bsi_value,1207.0,7.09589,1209.0,1205.0,1200.0,1191.0,1173.0,1137.0,1115.0,1098.0,929.0,1482.0,1199.0,8.64,1170.0,32.52,1108.37,76.46,1121.27,111.83,1232.97,188.85,-0.00166,0.02857,0.07928,0.26178,1088.0,1107.0,1113.0,2993.0,3055.0,2677.0,676.0,676.0,671.0,0.9921,0.12546,0.24894,-0.96852,28,2014-05-07,43,917.0,-0.27479,train
2014-03-26,bsi_value,1201.0,7.09091,1207.0,1209.0,1205.0,1198.0,1183.0,1149.0,1116.0,1096.0,928.0,1468.0,1201.57,5.65,1176.07,29.69,1117.47,70.46,1116.82,102.9,1231.64,188.65,-0.00498,0.0151,0.0734,0.25788,1062.0,1088.0,1116.0,2761.0,2993.0,2691.0,672.0,676.0,671.0,0.99411,0.10838,0.21548,-0.97651,28,2014-05-08,43,920.0,-0.26654,train
2014-03-27,bsi_value,1180.0,7.07327,1201.0,1207.0,1209.0,1200.0,1191.0,1159.0,1122.0,1096.0,938.0,1453.0,1200.0,8.94,1180.21,25.62,1125.53,62.9,1112.27,93.55,1230.08,188.49,-0.01764,-0.00928,0.0504,0.22952,1018.0,1062.0,1118.0,2579.0,2761.0,2818.0,659.0,672.0,668.0,0.99583,0.09126,0.18176,-0.98334,28,2014-05-09,43,918.0,-0.25107,train
2014-03-28,bsi_value,1139.0,7.03791,1180.0,1201.0,1207.0,1205.0,1198.0,1173.0,1131.0,1097.0,965.0,1330.0,1191.57,23.24,1180.79,24.59,1131.33,55.4,1109.08,89.23,1228.01,188.46,-0.03536,-0.0505,0.00705,0.16578,978.0,1018.0,1120.0,2557.0,2579.0,2982.0,649.0,659.0,667.0,0.99725,0.07412,0.14783,-0.98901,28,2014-05-12,45,909.0,-0.22556,train
2014-03-31,bsi_value,1115.0,7.01661,1139.0,1180.0,1201.0,1209.0,1200.0,1183.0,1137.0,1100.0,998.0,1276.0,1179.43,34.93,1179.21,27.82,1135.23,49.7,1106.4,86.55,1225.52,188.45,-0.0213,-0.07347,-0.01954,0.11086,942.0,978.0,1120.0,2573.0,2557.0,3129.0,642.0,649.0,671.0,0.99975,0.02258,0.04514,-0.99898,28,2014-05-13,43,905.0,-0.20867,train
2014-04-01,bsi_value,1090.0,6.99393,1115.0,1139.0,1180.0,1207.0,1205.0,1191.0,1149.0,1103.0,1026.0,1239.0,1163.0,44.71,1175.0,35.49,1137.37,46.22,1103.92,84.83,1222.59,188.48,-0.02268,-0.1003,-0.05271,0.06051,897.0,942.0,1112.0,2505.0,2573.0,3036.0,632.0,642.0,674.0,0.99999,0.00538,0.01075,-0.99994,28,2014-05-14,43,904.0,-0.1871,train
2014-04-02,bsi_value,1068.0,6.97354,1090.0,1115.0,1139.0,1201.0,1209.0,1198.0,1159.0,1107.0,1049.0,1204.0,1142.86,50.8,1168.5,44.91,1138.0,45.12,1101.65,83.94,1219.34,188.6,-0.02039,-0.12401,-0.08177,0.01795,867.0,897.0,1107.0,2418.0,2505.0,3055.0,621.0,632.0,676.0,0.99993,-0.01183,-0.02365,-0.99972,28,2014-05-15,43,904.0,-0.16671,train
2014-04-03,bsi_value,1047.0,6.95368,1068.0,1090.0,1115.0,1180.0,1207.0,1200.0,1173.0,1115.0,1068.0,1191.0,1120.0,52.75,1159.5,54.67,1137.3,46.35,1099.25,83.41,1215.83,188.84,-0.01986,-0.14221,-0.11364,-0.01986,836.0,867.0,1088.0,2343.0,2418.0,2993.0,610.0,621.0,676.0,0.99958,-0.02903,-0.05803,-0.99832,28,2014-05-16,43,901.0,-0.15018,train
2014-04-04,bsi_value,1025.0,6.93245,1047.0,1068.0,1090.0,1139.0,1201.0,1205.0,1183.0,1116.0,1087.0,1188.0,1094.86,50.03,1148.21,64.14,1135.23,49.8,1096.53,83.13,1211.99,189.16,-0.02124,-0.15846,-0.14336,-0.05873,822.0,836.0,1062.0,2306.0,2343.0,2761.0,598.0,610.0,672.0,0.99893,-0.04622,-0.09233,-0.99573,28,2014-05-19,45,899.0,-0.13116,train
2014-04-07,bsi_value,1003.0,6.91075,1025.0,1047.0,1068.0,1115.0,1180.0,1209.0,1191.0,1122.0,1098.0,1190.0,1069.57,45.09,1134.79,72.87,1132.07,54.83,1093.42,83.07,1207.82,189.59,-0.0217,-0.16252,-0.1718,-0.09049,812.0,822.0,1018.0,2293.0,2306.0,2579.0,588.0,598.0,659.0,0.99522,-0.09768,-0.19443,-0.98092,28,2014-05-20,43,896.0,-0.11281,train
2014-04-08,bsi_value,982.0,6.88959,1003.0,1025.0,1047.0,1090.0,1139.0,1207.0,1198.0,1131.0,1096.0,1191.0,1047.14,44.01,1119.36,80.33,1128.27,60.82,1089.93,83.29,1203.26,190.02,-0.02116,-0.14831,-0.19882,-0.10983,801.0,812.0,978.0,2029.0,2293.0,2557.0,580.0,588.0,649.0,0.99339,-0.11479,-0.22806,-0.97365,28,2014-05-21,43,891.0,-0.09725,train
2014-04-09,bsi_value,965.0,6.87213,982.0,1003.0,1025.0,1068.0,1115.0,1201.0,1200.0,1137.0,1096.0,1189.0,1025.71,42.24,1102.57,86.08,1123.9,67.34,1086.2,83.78,1198.38,190.44,-0.01746,-0.14448,-0.21795,-0.12729,794.0,801.0,942.0,1946.0,2029.0,2573.0,571.0,580.0,642.0,0.99127,-0.13186,-0.26141,-0.96523,28,2014-05-22,43,884.0,-0.08767,train
2014-04-10,bsi_value,949.0,6.85541,965.0,982.0,1003.0,1047.0,1090.0,1180.0,1205.0,1149.0,1097.0,1182.0,1005.57,40.36,1084.29,89.5,1118.97,74.2,1082.32,84.65,1193.17,190.78,-0.01672,-0.13852,-0.23883,-0.14493,787.0,794.0,897.0,1865.0,1946.0,2505.0,562.0,571.0,632.0,0.98885,-0.14889,-0.29446,-0.95566,28,2014-05-23,43,872.0,-0.08462,train
2014-04-11,bsi_value,936.0,6.84162,949.0,965.0,982.0,1025.0,1068.0,1139.0,1209.0,1159.0,1100.0,1175.0,986.71,37.52,1064.79,89.94,1113.5,81.11,1078.33,85.81,1187.56,190.83,-0.01379,-0.13193,-0.25593,-0.16145,782.0,787.0,867.0,1789.0,1865.0,2418.0,556.0,562.0,621.0,0.98615,-0.16588,-0.32716,-0.94497,28,2014-05-27,46,866.0,-0.07773,train
2014-04-14,bsi_value,927.0,6.83195,936.0,949.0,965.0,1003.0,1047.0,1115.0,1207.0,1173.0,1103.0,1165.0,969.57,33.23,1044.79,87.18,1107.63,87.75,1074.37,87.2,1181.66,190.59,-0.00966,-0.12173,-0.26394,-0.17384,778.0,782.0,836.0,1765.0,1789.0,2343.0,549.0,556.0,610.0,0.97628,-0.21653,-0.42278,-0.90623,28,2014-05-28,44,855.0,-0.08085,train
2014-04-15,bsi_value,921.0,6.82546,927.0,936.0,949.0,982.0,1025.0,1090.0,1201.0,1183.0,1107.0,1154.0,954.71,27.95,1024.79,80.94,1101.43,93.93,1070.48,88.74,1175.5,189.96,-0.00649,-0.10699,-0.26545,-0.18395,777.0,778.0,822.0,1724.0,1765.0,2306.0,543.0,549.0,598.0,0.97241,-0.23329,-0.4537,-0.89115,28,2014-05-29,44,846.0,-0.08494,train
2014-04-16,bsi_value,916.0,6.82002,921.0,927.0,936.0,965.0,1003.0,1068.0,1180.0,1191.0,1115.0,1141.0,942.29,22.54,1005.93,72.94,1094.8,99.6,1066.73,90.42,1169.14,188.96,-0.00544,-0.09073,-0.25325,-0.19659,792.0,777.0,812.0,1613.0,1724.0,2293.0,536.0,543.0,588.0,0.96825,-0.24998,-0.48409,-0.87502,28,2014-05-30,44,839.0,-0.08781,train
2014-04-17,bsi_value,909.0,6.81235,916.0,921.0,927.0,949.0,982.0,1047.0,1139.0,1198.0,1116.0,1130.0,931.86,18.22,989.5,66.76,1087.9,104.92,1063.05,92.25,1162.5,187.47,-0.00767,-0.07725,-0.22556,-0.20516,812.0,792.0,801.0,1591.0,1613.0,2029.0,533.0,536.0,580.0,0.96381,-0.2666,-0.5139,-0.85785,28,2014-06-02,46,830.0,-0.09092,train
2014-04-22,bsi_value,908.0,6.81124,909.0,916.0,921.0,936.0,965.0,1025.0,1115.0,1200.0,1122.0,1121.0,923.71,13.79,974.71,59.9,1080.77,109.53,1059.5,94.03,1155.68,185.43,-0.0011,-0.06088,-0.20537,-0.21162,828.0,812.0,794.0,1616.0,1591.0,1946.0,528.0,533.0,571.0,0.93734,-0.34841,-0.65316,-0.75722,28,2014-06-03,42,829.0,-0.09102,train
2014-04-23,bsi_value,909.0,6.81235,908.0,909.0,916.0,927.0,949.0,1003.0,1090.0,1205.0,1131.0,1112.0,918.0,9.86,961.79,52.73,1073.37,113.32,1056.12,95.72,1148.77,182.89,0.0011,-0.04306,-0.18159,-0.21851,840.0,828.0,787.0,1674.0,1616.0,1865.0,524.0,528.0,562.0,0.93121,-0.36448,-0.67882,-0.7343,28,2014-06-04,42,829.0,-0.09212,train
2014-04-24,bsi_value,911.0,6.81454,909.0,908.0,909.0,921.0,936.0,982.0,1068.0,1209.0,1137.0,1098.0,914.43,6.72,950.57,45.09,1065.83,116.31,1053.0,97.34,1141.64,179.49,0.0022,-0.02707,-0.159,-0.22161,852.0,840.0,782.0,1692.0,1674.0,1789.0,520.0,524.0,556.0,0.9248,-0.38045,-0.70368,-0.71052,28,2014-06-05,42,821.0,-0.10402,train
2014-04-25,bsi_value,909.0,6.81235,911.0,909.0,908.0,916.0,927.0,965.0,1047.0,1207.0,1149.0,1079.0,911.86,4.49,940.71,37.35,1057.83,118.55,1050.17,99.0,1134.44,175.64,-0.0022,-0.01961,-0.14134,-0.2343,864.0,852.0,778.0,1696.0,1692.0,1765.0,517.0,520.0,549.0,0.91812,-0.3963,-0.7277,-0.68589,28,2014-06-06,42,811.0,-0.11408,train
2014-04-28,bsi_value,912.0,6.81564,909.0,911.0,909.0,909.0,921.0,949.0,1025.0,1201.0,1159.0,1056.0,910.57,2.56,932.64,29.68,1049.6,119.81,1047.77,100.56,1127.31,171.45,0.00329,-0.00982,-0.11681,-0.23967,868.0,864.0,777.0,1668.0,1696.0,1724.0,517.0,517.0,543.0,0.89646,-0.44313,-0.7945,-0.60727,28,2014-06-09,42,802.0,-0.12853,train
2014-04-29,bsi_value,916.0,6.82002,912.0,909.0,911.0,908.0,916.0,936.0,1003.0,1180.0,1173.0,1018.0,910.57,2.56,926.43,22.55,1041.03,119.87,1046.07,101.9,1120.16,166.61,0.00438,0.0,-0.09073,-0.2473,872.0,868.0,792.0,1613.0,1668.0,1613.0,515.0,517.0,536.0,0.8887,-0.45849,-0.81492,-0.57958,28,2014-06-10,42,797.0,-0.13916,train
2014-04-30,bsi_value,922.0,6.82655,916.0,912.0,909.0,909.0,909.0,927.0,982.0,1139.0,1183.0,996.0,912.43,4.62,922.14,16.47,1032.33,118.71,1044.83,102.95,1113.04,161.17,0.00653,0.0142,-0.06305,-0.24926,871.0,872.0,812.0,1600.0,1613.0,1591.0,513.0,515.0,533.0,0.88068,-0.47371,-0.83437,-0.5512,28,2014-06-11,42,787.0,-0.15832,train
2014-05-01,bsi_value,919.0,6.82329,922.0,916.0,912.0,911.0,908.0,921.0,965.0,1115.0,1191.0,975.0,914.0,4.72,918.86,11.39,1023.27,116.62,1043.9,103.82,1106.0,155.54,-0.00326,0.01204,-0.04884,-0.25926,871.0,871.0,828.0,1716.0,1600.0,1616.0,514.0,513.0,528.0,0.8724,-0.48879,-0.85284,-0.52218,28,2014-06-12,42,774.0,-0.17171,train
2014-05-02,bsi_value,915.0,6.81892,919.0,922.0,916.0,909.0,909.0,916.0,949.0,1090.0,1198.0,961.0,914.86,4.26,916.43,7.75,1013.83,113.5,1043.13,104.6,1098.99,149.66,-0.00436,0.00658,-0.03648,-0.26948,865.0,871.0,840.0,1829.0,1716.0,1674.0,510.0,514.0,524.0,0.86387,-0.50372,-0.87029,-0.49253,28,2014-06-13,42,760.0,-0.18561,train
2014-05-06,bsi_value,915.0,6.81892,915.0,919.0,922.0,912.0,911.0,909.0,936.0,1068.0,1200.0,948.0,915.43,3.96,914.93,5.54,1004.33,109.38,1042.58,105.18,1092.03,143.37,0.0,0.00438,-0.02269,-0.27115,866.0,865.0,852.0,1691.0,1829.0,1692.0,510.0,510.0,520.0,0.82719,-0.56192,-0.92963,-0.36848,28,2014-06-16,41,748.0,-0.20152,train
2014-05-07,bsi_value,917.0,6.82111,915.0,915.0,919.0,916.0,909.0,908.0,927.0,1047.0,1205.0,937.0,916.57,2.97,914.21,4.47,994.73,103.84,1042.25,105.55,1085.37,137.27,0.00218,0.00876,-0.01085,-0.27313,869.0,866.0,864.0,1681.0,1691.0,1696.0,509.0,510.0,517.0,0.8174,-0.57607,-0.94176,-0.33629,28,2014-06-17,41,740.0,-0.21446,train
2014-05-08,bsi_value,920.0,6.82437,917.0,915.0,915.0,922.0,912.0,909.0,921.0,1025.0,1209.0,929.0,917.71,2.49,914.14,4.37,985.1,96.68,1042.1,105.72,1078.93,131.17,0.00327,0.00873,-0.00109,-0.27318,879.0,869.0,868.0,1613.0,1681.0,1668.0,508.0,509.0,517.0,0.80737,-0.59004,-0.95277,-0.3037,28,2014-06-18,41,724.0,-0.23958,train
2014-05-09,bsi_value,918.0,6.8222,920.0,917.0,915.0,919.0,916.0,911.0,916.0,1003.0,1207.0,929.0,918.0,2.39,914.29,4.46,975.47,88.1,1041.92,105.92,1072.67,125.1,-0.00218,0.00218,0.00218,-0.2737,898.0,879.0,872.0,1541.0,1613.0,1613.0,506.0,508.0,515.0,0.7971,-0.60385,-0.96265,-0.27074,28,2014-06-19,41,715.0,-0.24991,train
2014-05-12,bsi_value,909.0,6.81235,918.0,920.0,917.0,915.0,922.0,909.0,909.0,982.0,1201.0,928.0,916.14,3.4,914.29,4.46,965.73,78.23,1041.6,106.29,1066.46,119.04,-0.00985,-0.0142,0.0,-0.27856,910.0,898.0,871.0,1483.0,1541.0,1600.0,504.0,506.0,513.0,0.76489,-0.64416,-0.98542,-0.17012,28,2014-06-20,39,708.0,-0.2499,train
2014-05-13,bsi_value,905.0,6.80793,909.0,918.0,920.0,915.0,919.0,912.0,908.0,965.0,1180.0,938.0,914.14,4.91,914.07,4.82,956.57,68.03,1041.05,106.91,1060.37,112.98,-0.00441,-0.01535,-0.00331,-0.26533,933.0,910.0,871.0,1453.0,1483.0,1716.0,502.0,504.0,514.0,0.7537,-0.65722,-0.99069,-0.13612,28,2014-06-23,41,704.0,-0.25116,train
2014-05-14,bsi_value,904.0,6.80683,905.0,909.0,918.0,917.0,915.0,916.0,909.0,949.0,1139.0,965.0,912.57,6.02,913.71,5.34,948.73,59.57,1040.03,107.91,1055.63,110.48,-0.00111,-0.01209,-0.00552,-0.23108,969.0,933.0,865.0,1496.0,1453.0,1829.0,497.0,502.0,510.0,0.74228,-0.67009,-0.99479,-0.10196,28,2014-06-24,41,701.0,-0.25432,train
2014-05-15,bsi_value,904.0,6.80683,904.0,905.0,909.0,920.0,915.0,922.0,911.0,936.0,1115.0,998.0,911.0,6.59,913.21,5.87,941.7,51.43,1038.47,109.19,1051.5,109.11,0.0,-0.01209,-0.00771,-0.20978,1016.0,969.0,866.0,1546.0,1496.0,1691.0,490.0,497.0,510.0,0.73064,-0.68276,-0.99771,-0.06768,28,2014-06-25,41,694.0,-0.26436,train
2014-05-16,bsi_value,901.0,6.80351,904.0,904.0,905.0,918.0,917.0,919.0,909.0,927.0,1090.0,1026.0,908.71,6.88,912.64,6.6,935.4,43.9,1036.38,110.59,1047.74,108.4,-0.00332,-0.0176,-0.00884,-0.19043,1041.0,1016.0,869.0,1530.0,1546.0,1681.0,485.0,490.0,509.0,0.71879,-0.69523,-0.99944,-0.03332,28,2014-06-26,41,687.0,-0.27117,train
2014-05-19,bsi_value,899.0,6.80128,901.0,904.0,904.0,909.0,920.0,915.0,912.0,921.0,1068.0,1049.0,905.71,5.8,911.71,7.48,929.77,36.79,1033.88,111.96,1044.36,108.23,-0.00222,-0.02309,-0.01436,-0.17226,1054.0,1041.0,879.0,1494.0,1530.0,1613.0,483.0,485.0,508.0,0.68197,-0.73138,-0.99756,0.06983,28,2014-06-27,39,679.0,-0.28066,train
2014-05-20,bsi_value,896.0,6.79794,899.0,901.0,904.0,905.0,918.0,915.0,916.0,916.0,1047.0,1068.0,902.57,3.96,910.29,8.38,924.73,30.14,1031.02,113.24,1041.08,108.21,-0.00334,-0.02426,-0.02208,-0.15574,1061.0,1054.0,898.0,1431.0,1494.0,1541.0,482.0,483.0,506.0,0.66929,-0.743,-0.99457,0.1041,28,2014-06-30,41,678.0,-0.27879,train
2014-05-21,bsi_value,891.0,6.79234,896.0,899.0,901.0,904.0,909.0,917.0,922.0,909.0,1025.0,1087.0,900.0,4.72,908.07,9.06,920.27,24.31,1027.75,114.4,1037.78,108.21,-0.0056,-0.02,-0.0342,-0.1401,1056.0,1061.0,910.0,1354.0,1431.0,1483.0,480.0,482.0,504.0,0.65641,-0.7544,-0.9904,0.13825,28,2014-07-01,41,675.0,-0.27763,train
2014-05-22,bsi_value,884.0,6.78446,891.0,896.0,899.0,904.0,905.0,920.0,919.0,908.0,1003.0,1098.0,897.0,6.8,905.57,10.42,916.3,19.77,1024.18,115.49,1034.38,108.18,-0.00789,-0.02348,-0.03883,-0.12629,1028.0,1056.0,933.0,1302.0,1354.0,1453.0,480.0,480.0,502.0,0.64334,-0.76558,-0.98506,0.17224,28,2014-07-02,41,676.0,-0.26826,train
2014-05-23,bsi_value,872.0,6.77079,884.0,891.0,896.0,901.0,904.0,918.0,915.0,909.0,982.0,1096.0,892.43,10.38,902.5,13.17,912.63,17.29,1020.45,116.72,1030.83,108.21,-0.01367,-0.03604,-0.04813,-0.1188,1001.0,1028.0,969.0,1358.0,1302.0,1496.0,480.0,480.0,497.0,0.63007,-0.77654,-0.97855,0.20602,28,2014-07-03,41,677.0,-0.25312,train
2014-05-27,bsi_value,866.0,6.76388,872.0,884.0,891.0,899.0,904.0,909.0,915.0,911.0,965.0,1096.0,887.0,12.6,899.0,15.66,909.33,16.41,1016.62,117.95,1027.24,108.26,-0.0069,-0.04294,-0.05504,-0.10824,971.0,1001.0,1016.0,1457.0,1358.0,1546.0,481.0,480.0,490.0,0.57519,-0.81802,-0.94103,0.33831,28,2014-07-04,38,680.0,-0.24179,train
2014-05-28,bsi_value,855.0,6.7511,866.0,872.0,884.0,896.0,901.0,905.0,917.0,909.0,949.0,1097.0,880.43,15.3,894.57,18.46,906.2,17.48,1012.58,119.26,1023.61,108.5,-0.01278,-0.0524,-0.07001,-0.10431,940.0,971.0,1041.0,1405.0,1457.0,1530.0,481.0,481.0,485.0,0.56103,-0.82779,-0.92884,0.37048,28,2014-07-07,40,682.0,-0.22607,train
2014-05-29,bsi_value,846.0,6.74052,855.0,866.0,872.0,891.0,899.0,904.0,920.0,912.0,936.0,1100.0,872.86,17.22,889.29,20.86,903.2,19.69,1008.35,120.58,1019.96,108.88,-0.01058,-0.06076,-0.08385,-0.1011,904.0,940.0,1054.0,1379.0,1405.0,1494.0,484.0,481.0,483.0,0.54671,-0.83732,-0.91555,0.40221,28,2014-07-08,40,686.0,-0.20964,train
2014-05-30,bsi_value,839.0,6.73221,846.0,855.0,866.0,884.0,896.0,904.0,918.0,916.0,927.0,1103.0,864.71,17.82,883.64,22.91,900.27,22.31,1003.95,121.86,1016.33,109.41,-0.00831,-0.06573,-0.08999,-0.09974,872.0,904.0,1061.0,1395.0,1379.0,1431.0,485.0,484.0,482.0,0.53223,-0.8466,-0.90117,0.43347,28,2014-07-09,40,687.0,-0.19988,train
2014-06-02,bsi_value,830.0,6.72143,839.0,846.0,855.0,872.0,891.0,901.0,909.0,922.0,921.0,1107.0,856.0,17.75,878.0,25.55,897.23,25.27,999.33,123.11,1012.73,110.15,-0.01079,-0.07092,-0.09092,-0.10403,846.0,872.0,1056.0,1429.0,1395.0,1354.0,485.0,485.0,480.0,0.48785,-0.87293,-0.85171,0.52401,28,2014-07-10,38,684.0,-0.19347,train
2014-06-03,bsi_value,829.0,6.72022,830.0,839.0,846.0,866.0,884.0,899.0,905.0,919.0,916.0,1115.0,848.14,15.67,872.57,27.25,894.33,27.81,994.57,124.07,1009.27,110.97,-0.00121,-0.06424,-0.08771,-0.0998,816.0,846.0,1028.0,1545.0,1429.0,1302.0,485.0,485.0,480.0,0.47276,-0.88119,-0.83318,0.553,28,2014-07-11,38,681.0,-0.19666,train
2014-06-04,bsi_value,829.0,6.72022,829.0,830.0,839.0,855.0,872.0,896.0,904.0,915.0,909.0,1116.0,842.0,13.37,867.21,27.91,891.67,30.03,989.78,124.83,1005.92,111.81,0.0,-0.05057,-0.08661,-0.09212,786.0,816.0,1001.0,1604.0,1545.0,1358.0,484.0,485.0,480.0,0.45753,-0.88919,-0.81367,0.58133,28,2014-07-14,40,679.0,-0.1996,train
2014-06-05,bsi_value,821.0,6.71052,829.0,829.0,830.0,846.0,866.0,891.0,904.0,915.0,908.0,1122.0,835.57,10.87,861.29,28.28,888.77,32.42,984.77,125.46,1002.59,112.8,-0.0097,-0.05336,-0.09631,-0.10072,758.0,786.0,971.0,1689.0,1604.0,1457.0,482.0,484.0,481.0,0.44217,-0.89693,-0.79319,0.60897,28,2014-07-15,40,675.0,-0.19581,train
2014-06-06,bsi_value,811.0,6.69827,821.0,829.0,829.0,839.0,855.0,884.0,901.0,917.0,909.0,1131.0,829.29,10.54,854.86,28.75,885.5,35.04,979.43,125.93,999.24,113.96,-0.01226,-0.05283,-0.10524,-0.11408,727.0,758.0,940.0,1793.0,1689.0,1405.0,481.0,482.0,481.0,0.42667,-0.90441,-0.77177,0.6359,28,2014-07-16,40,671.0,-0.1895,train
2014-06-09,bsi_value,802.0,6.68711,811.0,821.0,829.0,830.0,846.0,872.0,899.0,920.0,911.0,1137.0,823.0,11.75,847.93,28.96,881.87,37.76,973.85,126.25,995.96,115.32,-0.01116,-0.05341,-0.11417,-0.12743,713.0,727.0,904.0,1846.0,1793.0,1379.0,478.0,481.0,484.0,0.37945,-0.92521,-0.70215,0.71203,28,2014-07-17,38,666.0,-0.18582,train
2014-06-10,bsi_value,797.0,6.68085,802.0,811.0,821.0,829.0,839.0,866.0,896.0,918.0,909.0,1149.0,817.0,12.73,840.86,28.44,878.13,40.34,967.98,126.15,992.82,116.85,-0.00625,-0.05136,-0.11709,-0.13149,699.0,713.0,872.0,1903.0,1846.0,1395.0,475.0,478.0,485.0,0.36348,-0.9316,-0.67724,0.73576,28,2014-07-18,38,660.0,-0.18861,train
2014-06-11,bsi_value,787.0,6.66823,797.0,802.0,811.0,829.0,830.0,855.0,891.0,909.0,912.0,1159.0,810.86,15.12,833.43,27.95,873.97,42.99,961.78,125.75,989.83,118.62,-0.01263,-0.0532,-0.12412,-0.14741,678.0,699.0,846.0,1864.0,1903.0,1429.0,469.0,475.0,485.0,0.3474,-0.93772,-0.65153,0.75862,28,2014-07-21,40,659.0,-0.1775,train
2014-06-12,bsi_value,774.0,6.65157,787.0,797.0,802.0,821.0,829.0,846.0,884.0,905.0,916.0,1173.0,803.0,17.72,825.57,28.09,869.23,45.83,955.13,124.95,987.12,120.71,-0.01666,-0.06865,-0.13289,-0.16844,635.0,678.0,816.0,1792.0,1864.0,1545.0,465.0,469.0,485.0,0.33122,-0.94355,-0.62505,0.78058,28,2014-07-22,40,659.0,-0.16085,train
2014-06-13,bsi_value,760.0,6.63332,774.0,787.0,797.0,811.0,829.0,839.0,872.0,904.0,922.0,1183.0,793.14,19.61,817.57,29.64,863.83,48.74,948.08,123.82,984.5,123.03,-0.01825,-0.0869,-0.13747,-0.19323,582.0,635.0,786.0,1730.0,1792.0,1604.0,459.0,465.0,484.0,0.31494,-0.94911,-0.59783,0.80162,28,2014-07-23,40,661.0,-0.13956,train
2014-06-16,bsi_value,748.0,6.6174,760.0,774.0,787.0,802.0,821.0,830.0,866.0,904.0,919.0,1191.0,782.71,21.35,809.14,31.39,858.13,51.86,940.7,122.32,981.98,125.5,-0.01592,-0.09312,-0.14648,-0.20588,542.0,582.0,758.0,1695.0,1730.0,1689.0,450.0,459.0,482.0,0.26556,-0.96409,-0.51206,0.85895,28,2014-07-24,38,661.0,-0.12365,train
2014-06-17,bsi_value,740.0,6.60665,748.0,760.0,774.0,797.0,811.0,829.0,855.0,901.0,915.0,1198.0,772.57,22.35,800.93,33.31,852.3,54.89,933.07,120.3,979.52,128.03,-0.01075,-0.09162,-0.14445,-0.21227,514.0,542.0,727.0,1676.0,1695.0,1793.0,446.0,450.0,481.0,0.24894,-0.96852,-0.48221,0.87606,28,2014-07-25,38,666.0,-0.10536,train
2014-06-18,bsi_value,724.0,6.58479,740.0,748.0,760.0,787.0,802.0,829.0,846.0,899.0,915.0,1200.0,761.43,24.26,792.21,36.21,845.93,58.22,925.13,118.11,977.03,130.76,-0.02186,-0.10232,-0.15573,-0.23413,492.0,514.0,713.0,1767.0,1676.0,1846.0,443.0,446.0,478.0,0.23224,-0.97266,-0.45179,0.89213,28,2014-07-28,40,679.0,-0.06417,train
2014-06-19,bsi_value,715.0,6.57228,724.0,740.0,748.0,774.0,797.0,821.0,839.0,896.0,917.0,1205.0,749.71,24.05,783.36,38.76,839.2,61.22,916.97,115.38,974.57,133.56,-0.01251,-0.10857,-0.15993,-0.24882,474.0,492.0,699.0,1919.0,1767.0,1903.0,442.0,443.0,475.0,0.21548,-0.97651,-0.42083,0.90714,28,2014-07-29,40,684.0,-0.04432,train
2014-06-20,bsi_value,708.0,6.56244,715.0,724.0,740.0,760.0,787.0,811.0,830.0,891.0,920.0,1209.0,738.43,22.39,774.64,40.94,832.13,63.67,908.62,112.03,972.11,136.38,-0.00984,-0.10578,-0.15898,-0.26193,461.0,474.0,678.0,1950.0,1919.0,1864.0,441.0,442.0,469.0,0.19865,-0.98007,-0.38938,0.92108,28,2014-07-30,40,688.0,-0.02866,train
2014-06-23,bsi_value,704.0,6.55678,708.0,715.0,724.0,748.0,774.0,802.0,829.0,884.0,918.0,1207.0,728.43,19.74,765.71,41.74,825.0,65.61,900.23,108.14,969.61,139.18,-0.00567,-0.09479,-0.16344,-0.26542,452.0,461.0,635.0,1896.0,1950.0,1792.0,440.0,441.0,465.0,0.14783,-0.98901,-0.29241,0.95629,28,2014-07-31,38,704.0,0.0,train
2014-06-24,bsi_value,701.0,6.55251,704.0,708.0,715.0,740.0,760.0,797.0,829.0,872.0,909.0,1201.0,720.0,16.84,756.57,40.88,818.07,67.33,891.9,103.82,967.09,141.94,-0.00427,-0.08081,-0.16771,-0.25984,446.0,452.0,582.0,1848.0,1896.0,1730.0,438.0,440.0,459.0,0.13079,-0.99141,-0.25934,0.96579,28,2014-08-01,38,716.0,0.02117,train
2014-06-25,bsi_value,694.0,6.54247,701.0,704.0,708.0,724.0,748.0,787.0,821.0,866.0,905.0,1180.0,712.29,14.45,747.5,39.65,811.03,68.89,883.8,99.91,964.38,144.77,-0.01004,-0.07493,-0.16805,-0.26546,433.0,446.0,542.0,1799.0,1848.0,1695.0,433.0,438.0,450.0,0.11372,-0.99351,-0.22596,0.97414,28,2014-08-04,40,728.0,0.04783,train
2014-06-26,bsi_value,687.0,6.53233,694.0,701.0,704.0,715.0,740.0,774.0,811.0,855.0,904.0,1139.0,704.71,11.54,738.64,38.31,803.8,70.13,876.27,97.39,961.29,147.66,-0.01014,-0.07432,-0.16593,-0.2745,423.0,433.0,514.0,1748.0,1799.0,1676.0,427.0,433.0,446.0,0.09661,-0.99532,-0.19232,0.98133,28,2014-08-05,40,740.0,0.07432,train
2014-06-27,bsi_value,679.0,6.52062,687.0,694.0,701.0,708.0,724.0,760.0,802.0,846.0,904.0,1115.0,698.29,11.54,729.86,36.84,796.3,71.04,869.0,95.55,957.74,150.54,-0.01171,-0.06417,-0.16649,-0.28621,419.0,423.0,492.0,1773.0,1748.0,1767.0,420.0,427.0,443.0,0.07948,-0.99684,-0.15845,0.98737,28,2014-08-06,40,753.0,0.10344,train
2014-06-30,bsi_value,678.0,6.51915,679.0,687.0,694.0,704.0,715.0,748.0,797.0,839.0,901.0,1090.0,693.0,11.14,721.36,33.99,788.87,71.36,862.13,94.22,953.88,153.18,-0.00147,-0.05314,-0.16171,-0.28436,423.0,419.0,474.0,1871.0,1773.0,1919.0,413.0,420.0,442.0,0.02795,-0.99961,-0.05588,0.99844,28,2014-08-07,38,767.0,0.12334,train
2014-07-01,bsi_value,675.0,6.51471,678.0,679.0,687.0,701.0,708.0,740.0,787.0,830.0,899.0,1068.0,688.29,10.77,713.36,30.61,781.4,71.16,855.58,93.34,949.72,155.6,-0.00443,-0.04773,-0.15352,-0.28657,446.0,423.0,461.0,2045.0,1871.0,1950.0,409.0,413.0,441.0,0.01075,-0.99994,-0.0215,0.99977,28,2014-08-08,38,785.0,0.15097,train
2014-07-02,bsi_value,676.0,6.51619,675.0,678.0,679.0,694.0,704.0,724.0,774.0,829.0,896.0,1047.0,684.29,9.28,706.36,26.93,774.07,70.3,849.4,92.74,945.37,157.7,0.00148,-0.04059,-0.13538,-0.28175,485.0,446.0,452.0,1999.0,2045.0,1896.0,408.0,409.0,440.0,-0.00645,-0.99998,0.0129,0.99992,28,2014-08-11,40,804.0,0.17341,train
2014-07-03,bsi_value,677.0,6.51767,676.0,675.0,678.0,687.0,701.0,715.0,760.0,829.0,891.0,1025.0,680.86,6.49,700.43,23.37,766.93,68.92,843.6,92.46,940.81,159.45,0.00148,-0.03484,-0.11565,-0.27467,557.0,485.0,446.0,1935.0,1999.0,1848.0,404.0,408.0,438.0,-0.02365,-0.99972,0.04729,0.99888,28,2014-08-12,40,819.0,0.19041,train
2014-07-04,bsi_value,680.0,6.52209,677.0,676.0,675.0,679.0,694.0,708.0,748.0,821.0,884.0,1003.0,678.86,3.68,695.57,19.76,760.13,67.07,838.22,92.42,936.17,160.89,0.00442,-0.02038,-0.09531,-0.26236,640.0,557.0,433.0,1864.0,1935.0,1799.0,403.0,404.0,433.0,-0.04084,-0.99917,0.08162,0.99666,28,2014-08-13,40,829.0,0.19813,train
2014-07-07,bsi_value,682.0,6.52503,680.0,677.0,676.0,678.0,687.0,704.0,740.0,811.0,872.0,982.0,678.14,2.23,691.43,15.67,753.8,65.16,833.22,92.62,931.57,162.17,0.00294,-0.0073,-0.08162,-0.24576,680.0,640.0,423.0,1808.0,1864.0,1748.0,402.0,403.0,427.0,-0.09233,-0.99573,0.18387,0.98295,28,2014-08-14,38,845.0,0.21431,train
2014-07-08,bsi_value,686.0,6.53088,682.0,680.0,677.0,675.0,679.0,701.0,724.0,802.0,866.0,965.0,679.14,3.56,688.71,12.83,747.8,62.79,828.57,92.89,927.01,163.24,0.00585,0.01026,-0.05391,-0.23301,704.0,680.0,419.0,1755.0,1808.0,1773.0,400.0,402.0,420.0,-0.10945,-0.99399,0.21758,0.97604,28,2014-08-15,38,861.0,0.22722,train
2014-07-09,bsi_value,687.0,6.53233,686.0,682.0,680.0,676.0,678.0,694.0,715.0,797.0,855.0,949.0,680.43,4.44,686.71,10.55,742.2,60.43,824.2,93.29,922.46,164.15,0.00146,0.01319,-0.03995,-0.21877,710.0,704.0,423.0,1648.0,1755.0,1871.0,397.0,400.0,413.0,-0.12653,-0.99196,0.25102,0.96798,28,2014-08-18,40,877.0,0.24417,train
2014-07-10,bsi_value,684.0,6.52796,687.0,686.0,682.0,677.0,675.0,687.0,708.0,787.0,846.0,936.0,681.71,3.95,685.0,8.75,736.8,58.11,820.0,93.83,917.83,164.94,-0.00438,0.01325,-0.03449,-0.21256,702.0,710.0,446.0,1523.0,1648.0,2045.0,393.0,397.0,409.0,-0.14357,-0.98964,0.28417,0.95877,28,2014-08-19,40,889.0,0.26214,train
2014-07-11,bsi_value,681.0,6.52356,684.0,687.0,686.0,680.0,676.0,679.0,704.0,774.0,839.0,927.0,682.43,3.25,683.36,7.02,731.53,55.71,815.9,94.44,913.14,165.61,-0.0044,0.00737,-0.03322,-0.20865,679.0,702.0,485.0,1465.0,1523.0,1999.0,390.0,393.0,408.0,-0.16057,-0.98702,0.31698,0.94843,28,2014-08-20,40,902.0,0.28105,train
2014-07-14,bsi_value,679.0,6.52062,681.0,684.0,687.0,682.0,677.0,678.0,701.0,760.0,830.0,921.0,682.71,2.81,681.79,5.09,726.5,53.36,811.87,95.03,908.39,166.12,-0.00294,0.00295,-0.03189,-0.2008,666.0,679.0,557.0,1422.0,1465.0,1935.0,385.0,390.0,404.0,-0.21128,-0.97743,0.41301,0.91073,28,2014-08-21,38,912.0,0.29502,train
2014-07-15,bsi_value,675.0,6.51471,679.0,681.0,684.0,686.0,680.0,675.0,694.0,748.0,829.0,916.0,682.0,3.85,680.43,4.08,721.37,50.59,807.85,95.63,903.5,166.44,-0.00591,-0.00738,-0.02776,-0.20551,644.0,666.0,640.0,1377.0,1422.0,1864.0,380.0,385.0,403.0,-0.22806,-0.97365,0.4441,0.89598,28,2014-08-22,38,925.0,0.31508,train
2014-07-16,bsi_value,671.0,6.50877,675.0,679.0,681.0,687.0,682.0,676.0,687.0,740.0,829.0,909.0,680.43,5.45,679.29,4.32,716.1,47.22,803.88,96.29,898.56,166.66,-0.00594,-0.01626,-0.02357,-0.21145,621.0,644.0,680.0,1289.0,1377.0,1808.0,377.0,380.0,402.0,-0.24477,-0.96958,0.47465,0.88017,28,2014-08-26,41,937.0,0.33391,train
2014-07-17,bsi_value,666.0,6.50129,671.0,675.0,679.0,684.0,686.0,677.0,679.0,724.0,821.0,908.0,677.57,6.84,678.36,5.51,710.93,43.82,799.85,96.91,893.49,166.72,-0.00748,-0.02959,-0.01933,-0.20923,603.0,621.0,704.0,1248.0,1289.0,1755.0,373.0,377.0,400.0,-0.26141,-0.96523,0.50465,0.86333,28,2014-08-27,41,944.0,0.34884,train
2014-07-18,bsi_value,660.0,6.49224,666.0,671.0,675.0,681.0,687.0,680.0,678.0,715.0,811.0,909.0,673.71,7.96,677.07,7.27,705.9,40.59,795.7,97.48,888.26,166.58,-0.00905,-0.04009,-0.02691,-0.20603,586.0,603.0,710.0,1235.0,1248.0,1648.0,372.0,373.0,397.0,-0.27798,-0.96059,0.53405,0.84546,28,2014-08-28,41,952.0,0.36633,train
2014-07-21,bsi_value,659.0,6.49072,660.0,666.0,671.0,679.0,684.0,682.0,675.0,708.0,802.0,911.0,670.14,8.15,675.93,8.63,701.13,37.29,791.5,97.85,882.94,166.18,-0.00152,-0.03723,-0.02399,-0.19639,576.0,586.0,702.0,1194.0,1235.0,1523.0,369.0,372.0,393.0,-0.32716,-0.94497,0.61831,0.78593,28,2014-08-29,39,963.0,0.37933,train
2014-07-22,bsi_value,659.0,6.49072,659.0,660.0,666.0,675.0,681.0,686.0,676.0,704.0,797.0,909.0,667.0,7.58,674.71,9.67,696.53,33.5,787.33,98.08,877.5,165.4,0.0,-0.03284,-0.02547,-0.19013,576.0,576.0,679.0,1191.0,1194.0,1465.0,364.0,369.0,390.0,-0.34337,-0.9392,0.64498,0.7642,28,2014-09-01,41,970.0,0.38657,train
2014-07-23,bsi_value,661.0,6.49375,659.0,659.0,660.0,671.0,679.0,687.0,677.0,701.0,787.0,912.0,664.43,5.95,673.57,10.26,692.33,29.56,783.15,98.02,871.97,164.22,0.00303,-0.02687,-0.02392,-0.17447,584.0,576.0,666.0,1198.0,1191.0,1422.0,361.0,364.0,385.0,-0.35947,-0.93316,0.67089,0.74156,28,2014-09-02,41,977.0,0.39073,train
2014-07-24,bsi_value,661.0,6.49375,661.0,659.0,659.0,666.0,675.0,684.0,680.0,694.0,774.0,916.0,662.43,4.14,672.21,10.57,688.57,25.88,778.9,97.7,866.28,162.55,0.0,-0.02096,-0.02834,-0.15782,596.0,584.0,644.0,1201.0,1198.0,1377.0,358.0,361.0,380.0,-0.37547,-0.92683,0.696,0.71804,28,2014-09-03,41,983.0,0.39686,train
2014-07-25,bsi_value,666.0,6.50129,661.0,661.0,659.0,660.0,671.0,681.0,682.0,687.0,760.0,922.0,661.71,2.81,671.07,10.31,685.43,22.52,774.63,96.94,860.53,160.38,0.00754,-0.00748,-0.02374,-0.13203,606.0,596.0,621.0,1193.0,1201.0,1289.0,357.0,358.0,377.0,-0.39136,-0.92024,0.72029,0.69368,28,2014-09-04,41,988.0,0.39439,train
2014-07-28,bsi_value,679.0,6.52062,666.0,661.0,661.0,659.0,666.0,679.0,686.0,679.0,748.0,919.0,663.57,6.67,670.57,9.73,683.13,19.3,770.63,95.85,854.84,157.61,0.01933,0.01933,-0.01026,-0.09678,616.0,606.0,603.0,1187.0,1193.0,1248.0,358.0,357.0,373.0,-0.43831,-0.89883,0.78792,0.61577,28,2014-09-05,39,993.0,0.38011,train
2014-07-29,bsi_value,684.0,6.52796,679.0,666.0,661.0,659.0,660.0,675.0,687.0,678.0,740.0,915.0,667.0,9.52,670.36,9.39,681.27,16.17,766.78,94.6,849.13,154.35,0.00734,0.03572,-0.00438,-0.07869,624.0,616.0,586.0,1195.0,1187.0,1235.0,357.0,358.0,372.0,-0.4537,-0.89115,0.80864,0.58831,28,2014-09-08,41,997.0,0.37679,train
2014-07-30,bsi_value,688.0,6.53379,684.0,679.0,666.0,661.0,659.0,671.0,684.0,675.0,724.0,915.0,671.14,11.28,670.64,9.85,680.07,14.16,763.0,93.13,843.44,150.71,0.00583,0.04307,0.00583,-0.051,625.0,624.0,576.0,1200.0,1195.0,1194.0,356.0,357.0,369.0,-0.46897,-0.88322,0.8284,0.56014,28,2014-09-09,41,995.0,0.36895,train
2014-07-31,bsi_value,704.0,6.55678,688.0,684.0,679.0,661.0,659.0,666.0,681.0,676.0,715.0,917.0,677.57,14.8,672.29,12.89,679.7,13.37,759.45,91.23,837.88,146.44,0.02299,0.06605,0.03322,-0.0155,619.0,625.0,576.0,1195.0,1200.0,1191.0,355.0,356.0,364.0,-0.48409,-0.87502,0.84717,0.53132,28,2014-09-10,41,1001.0,0.35198,train
2014-08-01,bsi_value,716.0,6.57368,704.0,688.0,684.0,666.0,661.0,660.0,679.0,677.0,708.0,920.0,685.43,18.14,674.93,17.1,679.97,14.0,756.05,88.96,832.4,141.6,0.0169,0.07993,0.05306,0.01124,611.0,619.0,584.0,1176.0,1195.0,1198.0,357.0,355.0,361.0,-0.49907,-0.86656,0.86495,0.50186,28,2014-09-11,41,1003.0,0.33707,train
2014-08-04,bsi_value,728.0,6.5903,716.0,704.0,688.0,679.0,661.0,659.0,675.0,680.0,704.0,918.0,695.0,20.28,678.71,21.89,680.77,15.91,752.88,86.48,827.08,136.32,0.01662,0.09655,0.07559,0.03352,610.0,611.0,596.0,1178.0,1176.0,1201.0,356.0,357.0,358.0,-0.54311,-0.83966,0.91205,0.41007,28,2014-09-12,39,1000.0,0.31745,train
2014-08-05,bsi_value,740.0,6.60665,728.0,716.0,704.0,684.0,666.0,659.0,671.0,682.0,701.0,909.0,705.57,21.65,683.64,26.82,682.07,18.83,750.07,84.07,821.96,130.72,0.01635,0.10536,0.09788,0.05414,609.0,610.0,606.0,1163.0,1178.0,1193.0,357.0,356.0,357.0,-0.55747,-0.8302,0.92562,0.37846,28,2014-09-15,41,1006.0,0.30709,train
2014-08-06,bsi_value,753.0,6.62407,740.0,728.0,716.0,688.0,679.0,661.0,666.0,686.0,694.0,905.0,716.14,24.03,689.86,31.65,684.03,22.66,747.53,81.62,817.21,125.27,0.01742,0.10344,0.12278,0.08159,609.0,609.0,616.0,1153.0,1163.0,1187.0,358.0,357.0,358.0,-0.57167,-0.82049,0.93809,0.34639,28,2014-09-16,41,1016.0,0.29956,train
2014-08-07,bsi_value,767.0,6.64249,753.0,740.0,728.0,704.0,684.0,661.0,660.0,687.0,687.0,904.0,728.0,25.66,697.5,36.12,686.7,27.12,745.25,79.09,813.08,120.64,0.01842,0.11453,0.15025,0.11015,616.0,609.0,624.0,1150.0,1153.0,1195.0,360.0,358.0,357.0,-0.5857,-0.81053,0.94945,0.31392,28,2014-09-17,41,1028.0,0.29288,train
2014-08-08,bsi_value,785.0,6.66568,767.0,753.0,740.0,716.0,688.0,666.0,659.0,684.0,679.0,904.0,741.86,26.5,706.5,40.8,690.23,32.3,743.27,76.53,809.41,116.35,0.0232,0.13189,0.17496,0.14506,624.0,616.0,625.0,1166.0,1150.0,1200.0,363.0,360.0,356.0,-0.59955,-0.80034,0.95969,0.28108,28,2014-09-18,41,1031.0,0.2726,train
2014-08-11,bsi_value,804.0,6.6896,785.0,767.0,753.0,728.0,704.0,679.0,659.0,681.0,678.0,901.0,756.14,29.07,716.86,45.56,694.43,38.11,741.65,74.17,806.23,112.48,0.02392,0.13282,0.19888,0.17045,634.0,624.0,619.0,1197.0,1166.0,1195.0,366.0,363.0,355.0,-0.64004,-0.76834,0.98354,0.1807,28,2014-09-19,39,1030.0,0.24771,train
2014-08-12,bsi_value,819.0,6.70808,804.0,785.0,767.0,740.0,716.0,684.0,661.0,679.0,675.0,899.0,770.86,31.03,728.14,49.7,699.23,43.97,740.32,72.02,803.47,109.02,0.01848,0.1344,0.21433,0.19337,651.0,634.0,611.0,1350.0,1197.0,1176.0,370.0,366.0,357.0,-0.65316,-0.75722,0.98917,0.14676,28,2014-09-22,41,1029.0,0.22826,train
2014-08-13,bsi_value,829.0,6.72022,819.0,804.0,785.0,753.0,728.0,688.0,661.0,675.0,676.0,896.0,785.29,31.23,740.14,52.26,704.33,49.51,739.2,70.09,801.04,105.96,0.01214,0.12992,0.22647,0.20403,674.0,651.0,610.0,1546.0,1350.0,1178.0,373.0,370.0,356.0,-0.66609,-0.74587,0.99363,0.11265,28,2014-09-23,41,1032.0,0.21903,train
2014-08-14,bsi_value,845.0,6.73934,829.0,819.0,804.0,767.0,740.0,704.0,666.0,671.0,677.0,891.0,800.29,31.09,752.93,54.41,709.93,55.27,738.43,68.66,799.04,103.38,0.01912,0.13269,0.23805,0.22167,739.0,674.0,609.0,1882.0,1546.0,1163.0,376.0,373.0,357.0,-0.67882,-0.7343,0.99692,0.07841,28,2014-09-24,41,1041.0,0.2086,train
2014-08-15,bsi_value,861.0,6.75809,845.0,829.0,819.0,785.0,753.0,716.0,679.0,666.0,680.0,884.0,815.71,30.59,765.93,56.88,715.97,61.23,738.05,67.91,797.47,101.32,0.01876,0.13403,0.23747,0.236,803.0,739.0,609.0,2151.0,1882.0,1153.0,382.0,376.0,358.0,-0.69135,-0.72252,0.99903,0.04407,28,2014-09-25,41,1045.0,0.19368,train
2014-08-18,bsi_value,877.0,6.77651,861.0,845.0,829.0,804.0,767.0,728.0,684.0,660.0,682.0,872.0,831.43,29.77,779.71,58.71,722.47,67.32,738.13,68.08,796.3,99.78,0.01841,0.13402,0.24855,0.25148,836.0,803.0,616.0,2254.0,2151.0,1150.0,387.0,382.0,360.0,-0.7277,-0.68589,0.99825,-0.0591,28,2014-09-26,39,1046.0,0.17622,train
2014-08-19,bsi_value,889.0,6.7901,877.0,861.0,845.0,819.0,785.0,740.0,688.0,659.0,686.0,866.0,846.29,28.83,794.07,59.1,729.23,73.26,738.52,68.86,795.46,98.66,0.01359,0.12441,0.25631,0.25922,837.0,836.0,624.0,2256.0,2254.0,1166.0,394.0,387.0,363.0,-0.73939,-0.67327,0.99563,-0.0934,28,2014-09-29,41,1053.0,0.1693,train
2014-08-20,bsi_value,902.0,6.80461,889.0,877.0,861.0,829.0,804.0,753.0,704.0,659.0,687.0,855.0,860.29,28.69,808.21,59.54,736.4,79.06,739.3,70.43,794.93,97.97,0.01452,0.11502,0.24784,0.27228,828.0,837.0,634.0,2380.0,2256.0,1197.0,399.0,394.0,366.0,-0.75086,-0.66046,0.99183,-0.12759,28,2014-09-30,41,1054.0,0.15573,train
2014-08-21,bsi_value,912.0,6.81564,902.0,889.0,877.0,845.0,819.0,767.0,716.0,661.0,684.0,846.0,873.57,28.02,822.21,59.26,744.0,84.44,740.4,72.57,794.67,97.62,0.01103,0.10756,0.24196,0.28768,818.0,828.0,651.0,2578.0,2380.0,1350.0,406.0,399.0,370.0,-0.76211,-0.64744,0.98685,-0.16164,28,2014-10-01,41,1051.0,0.14186,train
2014-08-22,bsi_value,925.0,6.82979,912.0,902.0,889.0,861.0,829.0,785.0,728.0,661.0,681.0,839.0,887.29,26.29,836.29,58.6,752.13,89.57,741.83,75.3,794.64,97.59,0.01415,0.10957,0.23949,0.30623,812.0,818.0,674.0,2535.0,2578.0,1546.0,413.0,406.0,373.0,-0.77314,-0.63424,0.98071,-0.19549,28,2014-10-02,41,1045.0,0.12198,train
2014-08-26,bsi_value,937.0,6.84268,925.0,912.0,902.0,877.0,845.0,804.0,740.0,666.0,679.0,830.0,900.43,24.82,850.36,57.43,760.73,94.39,743.62,78.56,794.82,97.83,0.01289,0.10335,0.23603,0.32206,808.0,812.0,739.0,2430.0,2535.0,1882.0,420.0,413.0,376.0,-0.81492,-0.57958,0.94462,-0.32818,28,2014-10-03,38,1033.0,0.09754,train
2014-08-27,bsi_value,944.0,6.85013,937.0,925.0,912.0,889.0,861.0,819.0,753.0,679.0,675.0,829.0,912.29,22.9,864.0,55.33,769.7,98.51,745.53,81.95,795.13,98.26,0.00744,0.09203,0.22606,0.33541,811.0,808.0,803.0,2366.0,2430.0,2151.0,427.0,420.0,382.0,-0.82477,-0.56548,0.93277,-0.36047,28,2014-10-06,40,1028.0,0.08524,train
2014-08-28,bsi_value,952.0,6.85857,944.0,937.0,925.0,902.0,877.0,829.0,767.0,684.0,671.0,829.0,923.0,21.38,877.21,52.61,779.07,101.98,747.58,85.48,795.61,98.92,0.00844,0.08206,0.21608,0.3498,842.0,811.0,836.0,2551.0,2366.0,2254.0,437.0,427.0,387.0,-0.83437,-0.5512,0.91982,-0.39235,28,2014-10-07,40,1017.0,0.06605,train
2014-08-29,bsi_value,963.0,6.87005,952.0,944.0,937.0,912.0,889.0,845.0,785.0,688.0,666.0,821.0,933.57,20.22,889.93,50.25,788.97,104.9,749.95,89.35,796.22,99.78,0.01149,0.07996,0.20437,0.36876,871.0,842.0,837.0,2627.0,2551.0,2256.0,442.0,437.0,394.0,-0.84373,-0.53677,0.90578,-0.42375,28,2014-10-08,40,1007.0,0.04468,train
2014-09-01,bsi_value,970.0,6.8773,963.0,952.0,944.0,925.0,902.0,861.0,804.0,704.0,660.0,811.0,943.29,19.02,901.79,48.11,799.3,106.93,752.6,93.39,796.9,100.74,0.00724,0.07268,0.1877,0.38506,888.0,871.0,828.0,2606.0,2627.0,2380.0,450.0,442.0,399.0,-0.87029,-0.49253,0.8573,-0.51482,28,2014-10-09,38,993.0,0.02343,train
2014-09-02,bsi_value,977.0,6.88449,970.0,963.0,952.0,937.0,912.0,877.0,819.0,716.0,659.0,802.0,952.57,17.26,913.07,45.85,809.9,108.25,755.52,97.53,797.63,101.8,0.00719,0.06885,0.1764,0.39376,903.0,888.0,818.0,2568.0,2606.0,2578.0,456.0,450.0,406.0,-0.87864,-0.47749,0.83908,-0.54401,28,2014-10-10,38,980.0,0.00307,train
2014-09-03,bsi_value,983.0,6.89061,977.0,970.0,963.0,944.0,925.0,889.0,829.0,728.0,659.0,797.0,960.86,15.91,924.07,42.72,820.7,108.82,758.62,101.67,798.46,102.99,0.00612,0.06082,0.17039,0.39989,919.0,903.0,812.0,2489.0,2568.0,2535.0,462.0,456.0,413.0,-0.88672,-0.4623,0.81987,-0.57255,28,2014-10-13,40,970.0,-0.01331,train
2014-09-04,bsi_value,988.0,6.89568,983.0,977.0,970.0,952.0,937.0,902.0,845.0,740.0,661.0,787.0,968.14,14.96,934.29,39.58,831.6,108.65,761.97,105.78,799.3,104.22,0.00507,0.053,0.15635,0.40193,927.0,919.0,808.0,2464.0,2489.0,2430.0,466.0,462.0,420.0,-0.89454,-0.44698,0.79969,-0.60041,28,2014-10-14,40,959.0,-0.02979,train
2014-09-05,bsi_value,993.0,6.90073,988.0,983.0,977.0,963.0,944.0,912.0,861.0,753.0,661.0,774.0,975.14,13.41,943.71,36.6,842.67,107.62,765.62,109.83,800.16,105.49,0.00505,0.0506,0.14264,0.40698,931.0,927.0,811.0,2483.0,2464.0,2366.0,469.0,466.0,427.0,-0.9021,-0.43153,0.77856,-0.62756,28,2014-10-15,40,952.0,-0.04217,train
2014-09-08,bsi_value,997.0,6.90475,993.0,988.0,983.0,970.0,952.0,925.0,877.0,767.0,666.0,760.0,981.57,11.41,952.29,33.93,853.7,105.89,769.57,113.75,800.99,106.74,0.00402,0.04619,0.12824,0.40346,940.0,931.0,842.0,2519.0,2483.0,2551.0,472.0,469.0,437.0,-0.92316,-0.38442,0.70976,-0.70444,28,2014-10-16,38,944.0,-0.05462,train
2014-09-09,bsi_value,995.0,6.90274,997.0,993.0,988.0,977.0,963.0,937.0,889.0,785.0,679.0,748.0,986.14,9.26,959.86,30.63,864.23,103.68,773.68,117.31,801.83,107.96,-0.00201,0.03269,0.11265,0.38212,940.0,940.0,871.0,2596.0,2519.0,2627.0,472.0,472.0,442.0,-0.92963,-0.36848,0.68511,-0.72844,28,2014-10-17,38,933.0,-0.06434,train
2014-09-10,bsi_value,1001.0,6.90875,995.0,997.0,993.0,983.0,970.0,944.0,902.0,804.0,684.0,740.0,990.57,7.78,966.93,27.75,874.8,100.89,778.03,120.76,802.79,109.33,0.00601,0.03146,0.10414,0.3808,916.0,940.0,888.0,2602.0,2596.0,2606.0,474.0,472.0,450.0,-0.93583,-0.35244,0.65965,-0.75157,28,2014-10-20,40,923.0,-0.08113,train
2014-09-11,bsi_value,1003.0,6.91075,1001.0,995.0,997.0,988.0,977.0,952.0,912.0,819.0,688.0,724.0,994.29,6.52,973.43,24.6,885.3,97.23,782.68,123.92,803.77,110.71,0.002,0.02626,0.09511,0.37696,895.0,916.0,903.0,2570.0,2602.0,2568.0,476.0,474.0,456.0,-0.94176,-0.33629,0.63341,-0.77382,28,2014-10-21,40,916.0,-0.09073,train
2014-09-12,bsi_value,1000.0,6.90776,1003.0,1001.0,995.0,993.0,983.0,963.0,925.0,829.0,704.0,715.0,996.71,4.8,978.79,21.43,895.17,93.27,787.43,126.67,804.69,111.99,-0.003,0.01715,0.07796,0.35098,875.0,895.0,919.0,2546.0,2570.0,2489.0,477.0,476.0,462.0,-0.9474,-0.32004,0.60641,-0.79515,28,2014-10-22,40,911.0,-0.09321,train
2014-09-15,bsi_value,1006.0,6.91374,1000.0,1003.0,1001.0,997.0,988.0,970.0,937.0,845.0,716.0,708.0,999.29,4.23,983.71,19.06,904.83,89.14,792.4,129.27,805.64,113.33,0.00598,0.01805,0.07105,0.34006,860.0,875.0,927.0,2523.0,2546.0,2464.0,479.0,477.0,466.0,-0.96265,-0.27074,0.52126,-0.8534,28,2014-10-23,38,907.0,-0.10359,train
2014-09-16,bsi_value,1016.0,6.92363,1006.0,1000.0,1003.0,995.0,993.0,977.0,944.0,861.0,728.0,704.0,1002.57,6.43,988.86,17.28,914.43,84.99,797.6,131.86,806.73,114.86,0.00989,0.0229,0.0735,0.33333,843.0,860.0,931.0,2442.0,2523.0,2483.0,484.0,479.0,469.0,-0.96717,-0.25414,0.4916,-0.87082,28,2014-10-24,38,906.0,-0.11459,train
2014-09-17,bsi_value,1028.0,6.93537,1016.0,1006.0,1000.0,1001.0,997.0,983.0,952.0,877.0,740.0,701.0,1007.0,10.47,994.29,16.78,924.03,80.91,803.05,134.49,808.06,116.7,0.01174,0.03062,0.07681,0.32872,829.0,843.0,940.0,2342.0,2442.0,2519.0,488.0,484.0,472.0,-0.9714,-0.23747,0.46135,-0.88722,28,2014-10-27,40,900.0,-0.13298,train
2014-09-18,bsi_value,1031.0,6.93828,1028.0,1016.0,1006.0,1003.0,995.0,988.0,963.0,889.0,753.0,694.0,1012.14,12.04,999.14,16.86,933.3,76.6,808.67,136.83,809.46,118.6,0.00291,0.03554,0.06823,0.31422,819.0,829.0,940.0,2192.0,2342.0,2596.0,494.0,488.0,472.0,-0.97534,-0.22072,0.43056,-0.90256,28,2014-10-28,40,899.0,-0.137,train
2014-09-19,bsi_value,1030.0,6.93731,1031.0,1028.0,1016.0,1000.0,1001.0,993.0,970.0,902.0,767.0,687.0,1016.29,12.48,1003.43,16.53,942.07,71.97,814.38,138.78,810.86,120.44,-0.00097,0.02856,0.06002,0.29483,814.0,819.0,916.0,2112.0,2192.0,2602.0,498.0,494.0,474.0,-0.97899,-0.20391,0.39926,-0.91684,28,2014-10-29,40,898.0,-0.13714,train
2014-09-22,bsi_value,1029.0,6.93634,1030.0,1031.0,1028.0,1006.0,1003.0,997.0,977.0,912.0,785.0,679.0,1020.0,11.82,1007.14,16.01,950.2,67.4,820.22,140.32,812.24,122.21,-0.00097,0.02559,0.05186,0.27066,809.0,814.0,895.0,2118.0,2112.0,2570.0,505.0,498.0,476.0,-0.9882,-0.15314,0.30267,-0.9531,28,2014-10-30,38,896.0,-0.1384,train
2014-09-23,bsi_value,1032.0,6.93925,1029.0,1030.0,1031.0,1016.0,1000.0,995.0,983.0,925.0,804.0,678.0,1024.57,9.07,1010.64,15.71,957.8,63.21,826.12,141.65,813.7,124.02,0.00291,0.0315,0.04864,0.24965,800.0,809.0,875.0,2077.0,2118.0,2546.0,513.0,505.0,477.0,-0.99069,-0.13612,0.26971,-0.96294,28,2014-10-31,38,891.0,-0.14691,train
2014-09-24,bsi_value,1041.0,6.94794,1032.0,1029.0,1030.0,1028.0,1006.0,1001.0,988.0,937.0,819.0,675.0,1029.57,6.82,1014.43,16.17,965.2,59.41,832.22,142.89,815.28,125.99,0.00868,0.0342,0.05225,0.23985,798.0,800.0,860.0,1967.0,2077.0,2523.0,521.0,513.0,479.0,-0.99289,-0.11906,0.23642,-0.97165,28,2014-11-03,40,892.0,-0.15447,train
2014-09-25,bsi_value,1045.0,6.95177,1041.0,1032.0,1029.0,1031.0,1016.0,1003.0,993.0,944.0,829.0,676.0,1033.71,6.09,1018.14,16.78,972.4,55.42,838.37,143.97,816.93,128.0,0.00384,0.02814,0.05104,0.23155,799.0,798.0,843.0,1837.0,1967.0,2442.0,525.0,521.0,484.0,-0.99479,-0.10196,0.20286,-0.97921,28,2014-11-04,40,889.0,-0.16167,train
2014-09-26,bsi_value,1046.0,6.95273,1045.0,1041.0,1032.0,1030.0,1028.0,1000.0,997.0,952.0,845.0,677.0,1036.29,6.88,1021.64,17.12,979.1,51.64,844.52,144.82,818.66,130.01,0.00096,0.01736,0.04798,0.21339,807.0,799.0,829.0,1852.0,1837.0,2342.0,526.0,525.0,488.0,-0.9964,-0.08483,0.16906,-0.98561,28,2014-11-05,40,888.0,-0.16376,train
2014-09-29,bsi_value,1053.0,6.9594,1046.0,1045.0,1041.0,1029.0,1031.0,1006.0,995.0,963.0,861.0,680.0,1039.43,8.57,1025.79,17.18,985.5,48.4,850.73,145.63,820.53,132.14,0.00667,0.02111,0.05666,0.2013,812.0,807.0,819.0,1922.0,1852.0,2192.0,528.0,526.0,494.0,-0.99944,-0.03332,0.06661,-0.99778,28,2014-11-06,38,888.0,-0.17043,train
2014-09-30,bsi_value,1054.0,6.96035,1053.0,1046.0,1045.0,1032.0,1030.0,1016.0,1001.0,970.0,877.0,682.0,1042.86,8.9,1029.57,17.15,991.4,45.52,856.93,146.23,822.56,134.29,0.00095,0.02303,0.05159,0.18384,826.0,812.0,814.0,1915.0,1922.0,2112.0,529.0,528.0,498.0,-0.99987,-0.01613,0.03225,-0.99948,28,2014-11-07,38,886.0,-0.17363,train
2014-10-01,bsi_value,1051.0,6.9575,1054.0,1053.0,1046.0,1041.0,1029.0,1028.0,1003.0,977.0,889.0,686.0,1046.0,7.17,1033.0,16.27,996.8,42.56,863.02,146.59,824.61,136.34,-0.00285,0.02115,0.04675,0.1674,854.0,826.0,809.0,1853.0,1915.0,2118.0,531.0,529.0,505.0,-1.0,0.00108,-0.00215,-1.0,28,2014-11-10,40,881.0,-0.17644,train
2014-10-02,bsi_value,1045.0,6.95177,1051.0,1054.0,1053.0,1045.0,1032.0,1031.0,1000.0,983.0,902.0,687.0,1047.86,4.49,1036.21,13.67,1001.57,39.58,868.98,146.59,826.72,138.25,-0.00573,0.01252,0.04402,0.14716,878.0,854.0,800.0,1788.0,1853.0,2077.0,531.0,531.0,513.0,-0.99983,0.01828,-0.03655,-0.99933,28,2014-11-11,40,879.0,-0.17299,train
2014-10-03,bsi_value,1033.0,6.94022,1045.0,1051.0,1054.0,1046.0,1041.0,1030.0,1006.0,988.0,912.0,684.0,1046.71,6.61,1038.14,10.89,1005.6,36.28,874.8,146.05,828.8,139.92,-0.01155,-0.00771,0.02649,0.12458,887.0,878.0,798.0,1758.0,1788.0,1967.0,530.0,531.0,521.0,-0.99937,0.03547,-0.0709,-0.99748,28,2014-11-12,40,876.0,-0.16486,train
2014-10-06,bsi_value,1028.0,6.93537,1033.0,1045.0,1051.0,1053.0,1045.0,1029.0,1016.0,993.0,925.0,681.0,1044.29,9.35,1039.0,9.49,1009.03,33.23,880.58,145.13,830.9,141.47,-0.00485,-0.0164,0.01174,0.10558,889.0,887.0,799.0,1735.0,1758.0,1837.0,530.0,530.0,525.0,-0.99621,0.08698,-0.1733,-0.98487,28,2014-11-13,38,873.0,-0.16343,train
2014-10-07,bsi_value,1017.0,6.92461,1028.0,1033.0,1045.0,1054.0,1046.0,1032.0,1028.0,997.0,937.0,679.0,1040.14,13.27,1038.21,10.74,1011.7,30.44,886.22,143.75,832.98,142.81,-0.01076,-0.02812,-0.01076,0.08193,884.0,889.0,807.0,1698.0,1735.0,1852.0,528.0,530.0,526.0,-0.99457,0.1041,-0.20707,-0.97833,28,2014-11-14,38,873.0,-0.15268,train
2014-10-08,bsi_value,1007.0,6.91473,1017.0,1028.0,1033.0,1051.0,1053.0,1041.0,1031.0,995.0,944.0,675.0,1033.57,16.32,1036.5,13.36,1013.8,27.75,891.75,141.89,834.96,143.97,-0.00988,-0.04467,-0.02355,0.0646,869.0,884.0,812.0,1632.0,1698.0,1922.0,523.0,528.0,528.0,-0.99263,0.12119,-0.2406,-0.97062,28,2014-11-17,40,875.0,-0.14051,train
2014-10-09,bsi_value,993.0,6.90073,1007.0,1017.0,1028.0,1045.0,1054.0,1045.0,1030.0,1001.0,952.0,671.0,1024.86,19.13,1033.86,17.42,1015.17,25.6,897.12,139.51,836.78,144.92,-0.014,-0.05962,-0.03658,0.04217,864.0,869.0,826.0,1580.0,1632.0,1915.0,520.0,523.0,529.0,-0.9904,0.13825,-0.27385,-0.96177,28,2014-11-18,40,875.0,-0.12651,train
2014-10-10,bsi_value,980.0,6.88755,993.0,1007.0,1017.0,1033.0,1051.0,1046.0,1029.0,1003.0,963.0,666.0,1014.71,21.28,1030.36,22.29,1015.73,24.61,902.35,136.6,838.54,145.68,-0.01318,-0.06994,-0.04879,0.0175,865.0,864.0,854.0,1544.0,1580.0,1853.0,516.0,520.0,531.0,-0.98787,0.15527,-0.30677,-0.95178,28,2014-11-19,40,881.0,-0.10649,train
2014-10-13,bsi_value,970.0,6.8773,980.0,993.0,1007.0,1028.0,1045.0,1053.0,1032.0,1000.0,970.0,660.0,1004.0,22.19,1025.93,27.15,1015.73,24.61,907.52,133.16,840.31,146.3,-0.01026,-0.07448,-0.06196,0.0,868.0,865.0,878.0,1521.0,1544.0,1788.0,513.0,516.0,531.0,-0.97855,0.20602,-0.4032,-0.91511,28,2014-11-20,38,904.0,-0.07047,train
2014-10-14,bsi_value,959.0,6.86589,970.0,980.0,993.0,1017.0,1033.0,1054.0,1041.0,1006.0,977.0,659.0,993.43,23.45,1020.07,31.73,1015.13,25.74,912.52,129.31,842.06,146.77,-0.0114,-0.07433,-0.08205,-0.0186,885.0,868.0,887.0,1485.0,1521.0,1758.0,510.0,513.0,530.0,-0.97486,0.22282,-0.43444,-0.9007,28,2014-11-21,38,926.0,-0.03502,train
2014-10-15,bsi_value,952.0,6.85857,959.0,970.0,980.0,1007.0,1028.0,1051.0,1045.0,1016.0,983.0,659.0,982.57,22.51,1013.43,35.34,1014.1,27.56,917.4,125.11,843.78,147.14,-0.00733,-0.07681,-0.09321,-0.03204,909.0,885.0,889.0,1376.0,1485.0,1735.0,506.0,510.0,530.0,-0.97088,0.23956,-0.46516,-0.88523,28,2014-11-24,40,942.0,-0.01056,train
2014-10-16,bsi_value,944.0,6.85013,952.0,959.0,970.0,993.0,1017.0,1045.0,1046.0,1028.0,988.0,661.0,972.14,21.0,1006.14,38.27,1012.63,29.98,922.12,120.6,845.52,147.38,-0.00844,-0.07449,-0.1026,-0.04556,940.0,909.0,884.0,1315.0,1376.0,1698.0,503.0,506.0,528.0,-0.96662,0.25622,-0.49534,-0.8687,28,2014-11-25,40,956.0,0.01263,train
2014-10-17,bsi_value,933.0,6.83841,944.0,952.0,959.0,980.0,1007.0,1033.0,1053.0,1031.0,993.0,661.0,961.57,19.35,997.57,40.2,1010.63,33.06,926.65,115.72,847.29,147.47,-0.01172,-0.07633,-0.12099,-0.06233,966.0,940.0,869.0,1362.0,1315.0,1632.0,501.0,503.0,523.0,-0.96207,0.27281,-0.52493,-0.85115,28,2014-11-26,40,970.0,0.03889,train
2014-10-20,bsi_value,923.0,6.82763,933.0,944.0,952.0,970.0,993.0,1028.0,1054.0,1030.0,997.0,666.0,951.57,18.6,988.21,41.21,1008.17,36.56,930.93,110.63,849.1,147.39,-0.01078,-0.0731,-0.13272,-0.07712,995.0,966.0,864.0,1512.0,1362.0,1580.0,498.0,501.0,520.0,-0.94671,0.32208,-0.60983,-0.79253,28,2014-11-27,38,980.0,0.05992,train
2014-10-21,bsi_value,916.0,6.82002,923.0,933.0,944.0,959.0,980.0,1017.0,1051.0,1029.0,995.0,679.0,942.43,18.1,978.57,41.19,1005.53,40.09,934.88,105.69,850.97,147.16,-0.00761,-0.06754,-0.13748,-0.08273,1032.0,995.0,865.0,2003.0,1512.0,1544.0,498.0,498.0,516.0,-0.94103,0.33831,-0.63673,-0.77109,28,2014-11-28,38,984.0,0.07161,train
2014-10-22,bsi_value,911.0,6.81454,916.0,923.0,933.0,952.0,970.0,1007.0,1045.0,1032.0,1001.0,684.0,934.0,17.0,969.0,40.2,1002.53,43.54,938.67,100.58,852.87,146.82,-0.00547,-0.06275,-0.13723,-0.09421,1066.0,1032.0,868.0,2186.0,2003.0,1521.0,496.0,498.0,513.0,-0.93507,0.35445,-0.66288,-0.74873,28,2014-12-01,40,986.0,0.07911,train
2014-10-23,bsi_value,907.0,6.81014,911.0,916.0,923.0,944.0,959.0,993.0,1033.0,1041.0,1003.0,688.0,926.57,15.77,960.0,38.95,999.33,46.79,942.32,95.25,854.9,146.28,-0.0044,-0.05575,-0.13008,-0.10061,1099.0,1066.0,885.0,2258.0,2186.0,1485.0,491.0,496.0,510.0,-0.92884,0.37048,-0.68824,-0.72549,28,2014-12-02,40,989.0,0.08655,train
2014-10-24,bsi_value,906.0,6.80904,907.0,911.0,916.0,933.0,952.0,980.0,1028.0,1045.0,1000.0,704.0,920.0,13.18,951.29,36.32,996.2,49.7,945.68,90.2,857.02,145.62,-0.0011,-0.04953,-0.12633,-0.09872,1121.0,1099.0,909.0,2422.0,2258.0,1376.0,489.0,491.0,506.0,-0.92233,0.38641,-0.71279,-0.70138,28,2014-12-03,40,987.0,0.08563,train
2014-10-27,bsi_value,900.0,6.80239,906.0,907.0,911.0,923.0,944.0,970.0,1017.0,1046.0,1006.0,716.0,913.71,10.44,942.93,33.59,992.67,52.56,948.75,85.34,859.16,144.83,-0.00664,-0.04773,-0.12222,-0.11134,1137.0,1121.0,940.0,2852.0,2422.0,1315.0,485.0,489.0,503.0,-0.90117,0.43347,-0.78126,-0.62421,28,2014-12-04,38,984.0,0.08923,train
2014-10-28,bsi_value,899.0,6.80128,900.0,906.0,907.0,916.0,933.0,959.0,1007.0,1053.0,1016.0,728.0,908.86,7.95,935.21,30.23,988.77,54.97,951.6,80.65,861.32,143.95,-0.00111,-0.03712,-0.11345,-0.12235,1172.0,1137.0,966.0,3436.0,2852.0,1362.0,481.0,485.0,501.0,-0.89358,0.44891,-0.80227,-0.59697,28,2014-12-05,38,980.0,0.08627,train
2014-10-29,bsi_value,898.0,6.80017,899.0,900.0,906.0,911.0,923.0,952.0,993.0,1054.0,1028.0,740.0,905.29,6.23,928.43,26.98,984.43,56.8,954.23,76.15,863.51,142.99,-0.00111,-0.02746,-0.10056,-0.1352,1202.0,1172.0,995.0,3560.0,3436.0,1512.0,476.0,481.0,498.0,-0.88572,0.46421,-0.82233,-0.56902,28,2014-12-08,40,971.0,0.07816,train
2014-10-30,bsi_value,896.0,6.79794,898.0,899.0,900.0,907.0,916.0,944.0,980.0,1051.0,1031.0,753.0,902.43,5.15,922.43,24.02,979.93,58.26,956.62,71.93,865.76,141.89,-0.00223,-0.02208,-0.08961,-0.14034,1222.0,1202.0,1032.0,3534.0,3560.0,2003.0,472.0,476.0,498.0,-0.87761,0.47938,-0.84141,-0.54039,28,2014-12-09,40,969.0,0.07832,train
2014-10-31,bsi_value,891.0,6.79234,896.0,898.0,899.0,906.0,911.0,933.0,970.0,1045.0,1030.0,767.0,899.57,5.15,916.79,21.31,975.3,59.61,958.68,68.14,868.02,140.64,-0.0056,-0.0222,-0.08495,-0.14497,1233.0,1222.0,1066.0,3552.0,3534.0,2186.0,467.0,472.0,496.0,-0.86923,0.4944,-0.8595,-0.51113,28,2014-12-10,40,966.0,0.08082,train
2014-11-03,bsi_value,892.0,6.79347,891.0,896.0,898.0,900.0,907.0,923.0,959.0,1033.0,1029.0,785.0,897.43,4.72,912.0,18.65,970.73,60.56,960.47,64.89,870.39,139.22,0.00112,-0.01668,-0.07242,-0.14288,1241.0,1233.0,1099.0,3640.0,3552.0,2258.0,463.0,467.0,491.0,-0.84257,0.53858,-0.90759,-0.41986,28,2014-12-11,38,960.0,0.07347,train
2014-11-04,bsi_value,889.0,6.7901,892.0,891.0,896.0,899.0,906.0,916.0,952.0,1028.0,1032.0,804.0,895.0,4.0,907.5,15.85,965.97,61.18,961.88,62.34,872.73,137.73,-0.00337,-0.01894,-0.06847,-0.14916,1238.0,1241.0,1121.0,3781.0,3640.0,2422.0,458.0,463.0,489.0,-0.83318,0.553,-0.9215,-0.38839,28,2014-12-12,38,953.0,0.06952,train
2014-11-05,bsi_value,888.0,6.78897,889.0,892.0,891.0,898.0,900.0,911.0,944.0,1017.0,1041.0,819.0,893.29,4.06,903.5,12.93,960.87,61.09,963.03,60.29,875.1,136.13,-0.00113,-0.01342,-0.06115,-0.15897,1224.0,1238.0,1137.0,3702.0,3781.0,2852.0,457.0,458.0,485.0,-0.82355,0.56725,-0.93431,-0.35646,28,2014-12-15,40,950.0,0.06749,train
2014-11-06,bsi_value,888.0,6.78897,888.0,889.0,892.0,896.0,899.0,907.0,933.0,1007.0,1045.0,829.0,891.71,3.65,900.29,10.57,955.63,60.37,964.02,58.56,877.46,134.49,0.0,-0.01231,-0.04943,-0.1628,1205.0,1224.0,1172.0,3612.0,3702.0,3436.0,455.0,457.0,481.0,-0.81367,0.58133,-0.94602,-0.32411,28,2014-12-16,40,947.0,0.06433,train
2014-11-07,bsi_value,886.0,6.78672,888.0,888.0,889.0,891.0,898.0,906.0,923.0,993.0,1046.0,845.0,890.0,3.07,897.64,9.08,950.3,59.21,964.7,57.39,879.78,132.81,-0.00225,-0.01345,-0.04091,-0.16601,1183.0,1205.0,1202.0,3661.0,3612.0,3560.0,454.0,455.0,476.0,-0.80355,0.59524,-0.95661,-0.29138,28,2014-12-17,40,942.0,0.06129,train
2014-11-10,bsi_value,881.0,6.78106,886.0,888.0,888.0,892.0,896.0,900.0,916.0,980.0,1053.0,861.0,887.86,3.36,895.14,8.48,944.57,57.29,965.03,56.84,882.01,131.11,-0.00566,-0.01688,-0.03896,-0.17834,1168.0,1183.0,1222.0,3613.0,3661.0,3534.0,451.0,454.0,472.0,-0.77177,0.6359,-0.98154,-0.19127,28,2014-12-18,38,932.0,0.05628,train
2014-11-11,bsi_value,879.0,6.77878,881.0,886.0,888.0,889.0,891.0,899.0,911.0,970.0,1054.0,877.0,886.14,4.26,892.86,8.21,938.73,54.7,965.07,56.79,884.2,129.38,-0.00227,-0.01356,-0.03576,-0.18156,1150.0,1168.0,1233.0,3419.0,3613.0,3552.0,451.0,451.0,467.0,-0.76072,0.64908,-0.98754,-0.15739,28,2014-12-19,38,925.0,0.05101,train
2014-11-12,bsi_value,876.0,6.77537,879.0,881.0,886.0,888.0,892.0,898.0,907.0,959.0,1051.0,889.0,883.86,4.76,890.64,8.28,932.9,51.66,964.85,57.11,886.31,127.67,-0.00342,-0.0181,-0.03478,-0.18213,1133.0,1150.0,1241.0,3229.0,3419.0,3640.0,451.0,451.0,463.0,-0.74944,0.66207,-0.99237,-0.12333,28,2014-12-22,40,917.0,0.04574,train
2014-11-13,bsi_value,873.0,6.77194,876.0,879.0,881.0,888.0,889.0,896.0,906.0,952.0,1045.0,902.0,881.57,5.53,888.29,8.27,927.17,48.34,964.37,57.75,888.38,125.92,-0.00343,-0.01816,-0.0371,-0.17984,1112.0,1133.0,1238.0,2972.0,3229.0,3781.0,451.0,451.0,458.0,-0.73794,0.67486,-0.99602,-0.08912,28,2014-12-23,40,906.0,0.0371,train
2014-11-14,bsi_value,873.0,6.77194,873.0,876.0,879.0,886.0,888.0,891.0,900.0,944.0,1033.0,912.0,879.43,5.53,886.36,8.46,921.83,45.08,963.72,58.55,890.48,124.06,0.0,-0.01704,-0.03046,-0.16829,1089.0,1112.0,1224.0,2931.0,2972.0,3702.0,450.0,451.0,457.0,-0.72622,0.68746,-0.9985,-0.05481,28,2014-12-24,40,897.0,0.02712,train
2014-11-17,bsi_value,875.0,6.77422,873.0,873.0,876.0,881.0,888.0,892.0,899.0,933.0,1028.0,925.0,877.57,4.4,884.64,8.15,916.73,41.28,962.88,59.45,892.63,122.07,0.00229,-0.01475,-0.02706,-0.16115,1069.0,1089.0,1205.0,2971.0,2931.0,3612.0,451.0,450.0,455.0,-0.6898,0.724,-0.99883,0.04836,28,2015-01-02,46,887.0,0.01362,train
2014-11-18,bsi_value,875.0,6.77422,875.0,873.0,873.0,879.0,886.0,889.0,898.0,923.0,1017.0,937.0,876.0,2.78,883.0,7.59,912.0,37.48,961.85,60.42,894.81,119.97,0.0,-0.01249,-0.02595,-0.15039,1061.0,1069.0,1183.0,3106.0,2971.0,3661.0,453.0,451.0,454.0,-0.67724,0.73576,-0.99658,0.08269,28,2015-01-05,48,884.0,0.01023,train
2014-11-19,bsi_value,881.0,6.78106,875.0,875.0,873.0,876.0,881.0,888.0,896.0,916.0,1007.0,944.0,876.0,2.78,881.93,6.68,907.8,33.44,960.8,61.26,897.1,117.7,0.00683,0.0,-0.01688,-0.13367,1055.0,1061.0,1168.0,3127.0,3106.0,3613.0,455.0,453.0,451.0,-0.66448,0.7473,-0.99314,0.11692,28,2015-01-06,48,873.0,-0.00912,train
2014-11-20,bsi_value,904.0,6.80683,881.0,875.0,875.0,873.0,879.0,888.0,891.0,911.0,993.0,952.0,879.57,10.28,882.86,8.53,904.83,29.46,960.0,61.68,899.69,115.23,0.02577,0.02804,0.01448,-0.0939,1053.0,1055.0,1150.0,3130.0,3127.0,3419.0,457.0,455.0,451.0,-0.65153,0.75862,-0.98853,0.15102,28,2015-01-07,48,861.0,-0.04873,train
2014-11-21,bsi_value,926.0,6.83087,904.0,881.0,875.0,873.0,876.0,886.0,892.0,907.0,980.0,963.0,886.71,18.99,885.29,13.92,903.03,26.29,959.38,61.84,902.58,112.56,0.02404,0.05551,0.03741,-0.05668,1055.0,1053.0,1133.0,3038.0,3130.0,3229.0,462.0,457.0,451.0,-0.63838,0.76972,-0.98275,0.18493,28,2015-01-08,48,843.0,-0.09391,train
2014-11-24,bsi_value,942.0,6.84801,926.0,904.0,881.0,875.0,873.0,881.0,889.0,906.0,970.0,970.0,896.57,25.95,889.07,20.2,902.1,24.32,958.92,61.86,905.71,109.65,0.01713,0.07607,0.05791,-0.02929,1059.0,1055.0,1112.0,2975.0,3038.0,2972.0,469.0,462.0,451.0,-0.59783,0.80162,-0.95847,0.2852,28,2015-01-09,46,820.0,-0.1387,train
2014-11-25,bsi_value,956.0,6.86276,942.0,926.0,904.0,875.0,873.0,879.0,888.0,900.0,959.0,977.0,908.43,30.95,893.93,26.54,902.0,24.09,958.57,61.82,909.01,106.61,0.01475,0.09082,0.07379,-0.00313,1064.0,1059.0,1089.0,2963.0,2975.0,2931.0,476.0,469.0,450.0,-0.58395,0.81179,-0.94809,0.318,28,2015-01-12,48,800.0,-0.17815,train
2014-11-26,bsi_value,970.0,6.8773,956.0,942.0,926.0,881.0,875.0,876.0,888.0,899.0,952.0,983.0,922.0,34.0,899.79,32.88,902.6,25.51,958.35,61.75,912.47,103.44,0.01454,0.10307,0.08832,0.01873,1073.0,1064.0,1069.0,2612.0,2963.0,2971.0,482.0,476.0,451.0,-0.5699,0.82171,-0.93659,0.35043,28,2015-01-13,48,778.0,-0.22057,train
2014-11-27,bsi_value,980.0,6.88755,970.0,956.0,942.0,904.0,875.0,873.0,886.0,898.0,944.0,988.0,937.0,33.1,906.5,38.5,903.8,28.14,958.22,61.7,916.01,100.18,0.01026,0.11333,0.10084,0.03743,1099.0,1073.0,1061.0,2347.0,2612.0,3106.0,487.0,482.0,453.0,-0.55568,0.83139,-0.92398,0.38244,28,2015-01-14,48,763.0,-0.25029,train
2014-11-28,bsi_value,984.0,6.89163,980.0,970.0,956.0,926.0,881.0,873.0,881.0,896.0,933.0,993.0,951.71,27.33,913.86,42.55,905.5,31.22,958.07,61.62,919.6,96.7,0.00407,0.11057,0.11057,0.05322,1120.0,1099.0,1055.0,2151.0,2347.0,3127.0,491.0,487.0,455.0,-0.5413,0.84083,-0.91028,0.41399,28,2015-01-15,48,752.0,-0.26889,train
2014-12-01,bsi_value,986.0,6.89366,984.0,980.0,970.0,942.0,904.0,875.0,879.0,891.0,923.0,997.0,963.43,21.27,921.5,45.13,907.6,34.3,957.88,61.52,923.16,93.13,0.00203,0.08683,0.11487,0.06603,1124.0,1120.0,1053.0,2025.0,2151.0,3130.0,492.0,491.0,457.0,-0.4972,0.86763,-0.86278,0.50558,28,2015-01-16,46,735.0,-0.29379,train
2014-12-02,bsi_value,989.0,6.89669,986.0,984.0,980.0,956.0,926.0,875.0,876.0,892.0,916.0,995.0,972.43,16.26,929.57,46.36,910.03,37.27,957.78,61.47,926.6,89.71,0.00304,0.06582,0.12133,0.07668,1119.0,1124.0,1055.0,1898.0,2025.0,3038.0,495.0,492.0,462.0,-0.48221,0.87606,-0.84488,0.53496,28,2015-01-19,48,716.0,-0.32301,train
2014-12-03,bsi_value,987.0,6.89467,989.0,986.0,984.0,970.0,942.0,881.0,873.0,889.0,911.0,1001.0,978.86,11.01,937.71,45.72,912.57,39.75,957.55,61.33,929.97,86.15,-0.00202,0.04666,0.12273,0.08013,1108.0,1119.0,1059.0,1677.0,1898.0,2975.0,498.0,495.0,469.0,-0.46706,0.88422,-0.82598,0.5637,28,2015-01-20,48,699.0,-0.34502,train
2014-12-04,bsi_value,984.0,6.89163,987.0,989.0,986.0,980.0,956.0,904.0,873.0,888.0,907.0,1003.0,982.86,5.87,945.64,43.37,915.13,41.74,957.23,61.14,933.26,82.42,-0.00304,0.02887,0.11969,0.08148,1097.0,1108.0,1064.0,1452.0,1677.0,2963.0,498.0,498.0,476.0,-0.45179,0.89213,-0.8061,0.59178,28,2015-01-21,48,684.0,-0.36367,train
2014-12-05,bsi_value,980.0,6.88755,984.0,987.0,989.0,984.0,970.0,926.0,875.0,888.0,906.0,1000.0,984.29,3.15,953.14,39.4,917.6,43.29,956.9,60.96,936.32,78.89,-0.00407,0.01026,0.11333,0.07851,1088.0,1097.0,1073.0,1282.0,1452.0,2612.0,499.0,498.0,482.0,-0.43637,0.89977,-0.78527,0.61916,28,2015-01-22,48,673.0,-0.37581,train
2014-12-08,bsi_value,971.0,6.87833,980.0,984.0,987.0,986.0,980.0,942.0,875.0,886.0,900.0,1006.0,983.0,5.55,960.0,33.05,919.97,44.19,956.32,60.66,939.16,75.43,-0.00923,-0.00923,0.1041,0.07593,1081.0,1088.0,1099.0,1165.0,1282.0,2347.0,497.0,499.0,487.0,-0.38938,0.92108,-0.7173,0.69677,28,2015-01-23,46,659.0,-0.3876,train
2014-12-09,bsi_value,969.0,6.87626,971.0,980.0,984.0,989.0,984.0,956.0,881.0,881.0,899.0,1016.0,980.86,7.36,966.29,24.75,922.3,44.87,955.53,60.18,941.83,72.09,-0.00206,-0.01536,0.09521,0.07498,1066.0,1081.0,1120.0,1075.0,1165.0,2151.0,497.0,497.0,491.0,-0.37348,0.92764,-0.6929,0.72103,28,2015-01-26,48,650.0,-0.39929,train
2014-12-10,bsi_value,966.0,6.87316,969.0,971.0,980.0,987.0,986.0,970.0,904.0,879.0,898.0,1028.0,978.0,8.59,970.71,17.78,924.57,45.3,954.5,59.46,944.34,68.89,-0.0031,-0.02049,0.06633,0.07299,1047.0,1066.0,1124.0,979.0,1075.0,2025.0,494.0,497.0,492.0,-0.35746,0.93393,-0.66769,0.74444,28,2015-01-27,48,642.0,-0.40858,train
2014-12-11,bsi_value,960.0,6.86693,966.0,969.0,971.0,984.0,989.0,980.0,926.0,876.0,896.0,1031.0,973.86,9.25,973.14,13.25,926.7,45.41,953.32,58.62,946.64,65.85,-0.00623,-0.02976,0.03606,0.06899,1026.0,1047.0,1119.0,879.0,979.0,1898.0,492.0,494.0,495.0,-0.34135,0.93994,-0.64169,0.76697,28,2015-01-28,48,632.0,-0.41804,train
2014-12-12,bsi_value,953.0,6.85961,960.0,966.0,969.0,980.0,987.0,984.0,942.0,873.0,891.0,1030.0,969.0,9.97,973.93,11.6,928.77,45.15,952.03,57.77,948.71,63.03,-0.00732,-0.03506,0.01161,0.06727,1001.0,1026.0,1108.0,763.0,879.0,1677.0,493.0,492.0,498.0,-0.32513,0.94567,-0.61493,0.78858,28,2015-01-29,48,618.0,-0.43313,train
2014-12-15,bsi_value,950.0,6.85646,953.0,960.0,966.0,971.0,984.0,986.0,956.0,873.0,892.0,1029.0,964.14,9.76,973.5,12.34,930.7,44.77,950.72,56.89,950.54,60.6,-0.00315,-0.03516,-0.0063,0.063,980.0,1001.0,1097.0,659.0,763.0,1452.0,493.0,493.0,498.0,-0.27591,0.96118,-0.53041,0.84774,28,2015-01-30,46,599.0,-0.4612,train
2014-12-16,bsi_value,947.0,6.8533,950.0,953.0,960.0,969.0,980.0,989.0,970.0,875.0,889.0,1032.0,959.43,8.89,971.86,14.11,932.63,44.18,949.3,55.9,952.13,58.58,-0.00316,-0.03425,-0.024,0.0632,961.0,980.0,1088.0,617.0,659.0,1282.0,495.0,493.0,499.0,-0.25934,0.96579,-0.50093,0.86549,28,2015-02-02,48,585.0,-0.48169,train
2014-12-17,bsi_value,942.0,6.84801,947.0,950.0,953.0,966.0,971.0,987.0,980.0,875.0,888.0,1041.0,955.29,9.28,969.14,15.83,934.43,43.42,947.65,54.62,953.5,56.86,-0.00529,-0.03032,-0.03955,0.05903,945.0,961.0,1081.0,571.0,617.0,1165.0,496.0,495.0,497.0,-0.24269,0.9701,-0.47086,0.88221,28,2015-02-03,48,567.0,-0.50765,train
2014-12-18,bsi_value,932.0,6.83733,942.0,947.0,950.0,960.0,969.0,984.0,984.0,881.0,888.0,1045.0,950.0,10.43,965.43,17.88,935.9,42.56,945.77,53.15,954.64,55.36,-0.01067,-0.03893,-0.05429,0.04836,929.0,945.0,1066.0,517.0,571.0,1075.0,496.0,496.0,497.0,-0.22596,0.97414,-0.44024,0.89788,28,2015-02-04,48,556.0,-0.51656,train
2014-12-19,bsi_value,925.0,6.82979,932.0,942.0,947.0,953.0,966.0,980.0,986.0,904.0,886.0,1046.0,944.14,11.28,961.07,19.67,937.2,41.6,943.75,51.59,955.53,54.23,-0.00754,-0.04337,-0.06386,0.04308,907.0,929.0,1047.0,488.0,517.0,979.0,497.0,496.0,494.0,-0.20917,0.97788,-0.40909,0.91249,28,2015-02-05,48,545.0,-0.52901,train
2014-12-22,bsi_value,917.0,6.82111,925.0,932.0,942.0,950.0,960.0,971.0,989.0,926.0,881.0,1053.0,938.0,12.6,955.93,21.06,938.4,40.46,941.48,49.69,956.16,53.45,-0.00869,-0.04583,-0.07559,0.04005,891.0,907.0,1026.0,480.0,488.0,879.0,495.0,497.0,492.0,-0.15845,0.98737,-0.3129,0.94979,28,2015-02-06,46,538.0,-0.53325,train
2014-12-23,bsi_value,906.0,6.80904,917.0,925.0,932.0,947.0,953.0,969.0,987.0,942.0,879.0,1054.0,931.29,15.1,950.14,22.79,939.3,39.42,939.02,47.67,956.48,53.06,-0.01207,-0.05058,-0.08563,0.03025,872.0,891.0,1001.0,472.0,480.0,763.0,495.0,495.0,493.0,-0.14144,0.98995,-0.28004,0.95999,28,2015-02-09,48,530.0,-0.53616,train
2014-12-24,bsi_value,897.0,6.79906,906.0,917.0,925.0,942.0,950.0,966.0,984.0,956.0,876.0,1051.0,923.71,16.98,943.93,24.5,940.0,38.46,936.45,45.68,956.57,52.96,-0.00998,-0.05741,-0.09257,0.02369,856.0,872.0,980.0,474.0,472.0,659.0,495.0,495.0,493.0,-0.12439,0.99223,-0.24686,0.96905,28,2015-02-10,48,523.0,-0.53947,train
2015-01-02,bsi_value,887.0,6.78784,897.0,906.0,917.0,932.0,947.0,960.0,980.0,970.0,873.0,1045.0,915.14,18.17,937.29,26.36,940.47,37.73,933.82,43.86,956.4,53.15,-0.01121,-0.06545,-0.09971,0.01591,827.0,856.0,961.0,456.0,474.0,617.0,488.0,495.0,495.0,0.0344,0.99941,0.06876,0.99763,28,2015-02-11,40,516.0,-0.54174,train
2015-01-05,bsi_value,884.0,6.78446,887.0,897.0,906.0,925.0,942.0,953.0,971.0,980.0,873.0,1033.0,906.86,17.23,931.07,27.89,940.83,37.12,931.33,42.37,956.09,53.49,-0.00339,-0.06355,-0.09387,0.01252,811.0,827.0,945.0,442.0,456.0,571.0,482.0,488.0,496.0,0.08591,0.9963,0.17118,0.98524,28,2015-02-12,38,508.0,-0.55398,train
2015-01-06,bsi_value,873.0,6.77194,884.0,887.0,897.0,917.0,932.0,950.0,969.0,984.0,875.0,1028.0,898.43,17.3,924.21,29.48,940.77,37.24,928.75,41.11,955.51,54.1,-0.01252,-0.0654,-0.10433,-0.00229,794.0,811.0,929.0,432.0,442.0,517.0,479.0,482.0,496.0,0.10303,0.99468,0.20497,0.97877,28,2015-02-13,38,496.0,-0.56536,train
2015-01-07,bsi_value,861.0,6.75809,873.0,884.0,887.0,906.0,925.0,947.0,966.0,986.0,875.0,1017.0,889.29,17.75,916.71,31.2,940.3,38.13,926.15,40.37,954.67,54.97,-0.01384,-0.0717,-0.11507,-0.01613,780.0,794.0,907.0,397.0,432.0,488.0,466.0,479.0,497.0,0.12013,0.99276,0.23851,0.97114,28,2015-02-16,40,486.0,-0.57189,train
2015-01-08,bsi_value,843.0,6.73697,861.0,873.0,884.0,897.0,917.0,942.0,960.0,989.0,881.0,1007.0,878.71,19.99,908.36,34.03,939.03,40.63,923.42,40.35,953.54,56.19,-0.02113,-0.08414,-0.12997,-0.04409,776.0,780.0,891.0,335.0,397.0,480.0,455.0,466.0,495.0,0.13719,0.99055,0.27178,0.96236,28,2015-02-17,40,480.0,-0.56318,train
2015-01-09,bsi_value,820.0,6.7093,843.0,861.0,873.0,887.0,906.0,932.0,953.0,987.0,904.0,993.0,866.43,25.2,898.86,38.51,936.23,45.55,920.53,41.44,952.08,57.91,-0.02766,-0.09973,-0.15031,-0.09753,764.0,776.0,872.0,311.0,335.0,472.0,446.0,455.0,495.0,0.1542,0.98804,0.30472,0.95244,28,2015-02-18,40,480.0,-0.53552,train
2015-01-12,bsi_value,800.0,6.68461,820.0,843.0,861.0,884.0,897.0,925.0,950.0,984.0,926.0,980.0,852.57,30.65,888.14,43.35,932.03,51.69,917.53,43.5,950.27,60.05,-0.02469,-0.11444,-0.17185,-0.14626,762.0,764.0,856.0,373.0,311.0,474.0,441.0,446.0,495.0,0.20497,0.97877,0.40123,0.91598,28,2015-02-19,38,478.0,-0.515,train
2015-01-13,bsi_value,778.0,6.65673,800.0,820.0,843.0,873.0,887.0,917.0,947.0,980.0,942.0,970.0,837.0,36.36,876.07,48.51,926.57,58.56,914.33,46.48,948.13,62.66,-0.02789,-0.13112,-0.19657,-0.19128,766.0,762.0,827.0,537.0,373.0,456.0,435.0,441.0,488.0,0.22177,0.9751,0.4325,0.90163,28,2015-02-20,38,483.0,-0.47671,train
2015-01-14,bsi_value,763.0,6.63726,778.0,800.0,820.0,861.0,884.0,906.0,942.0,971.0,956.0,959.0,819.71,38.6,863.29,52.84,920.13,65.2,911.07,49.98,945.76,65.52,-0.01947,-0.1472,-0.21075,-0.2255,766.0,766.0,811.0,557.0,537.0,442.0,429.0,435.0,482.0,0.23851,0.97114,0.46326,0.88622,28,2015-02-23,40,490.0,-0.44285,train
2015-01-15,bsi_value,752.0,6.62274,763.0,778.0,800.0,843.0,873.0,897.0,932.0,969.0,970.0,952.0,802.43,37.96,850.43,56.34,912.87,71.12,907.73,53.67,943.19,68.47,-0.01452,-0.1492,-0.2146,-0.25456,766.0,766.0,794.0,585.0,557.0,432.0,425.0,429.0,479.0,0.25518,0.96689,0.49347,0.86976,28,2015-02-24,40,492.0,-0.42426,train
2015-01-16,bsi_value,735.0,6.59987,752.0,763.0,778.0,820.0,861.0,887.0,925.0,966.0,980.0,944.0,784.43,35.72,836.86,59.53,904.7,76.78,904.25,57.83,940.38,71.69,-0.02287,-0.15822,-0.22992,-0.28768,759.0,766.0,780.0,620.0,585.0,397.0,418.0,425.0,466.0,0.27178,0.96236,0.52309,0.85227,28,2015-02-25,40,490.0,-0.40547,train
2015-01-19,bsi_value,716.0,6.57368,735.0,752.0,763.0,800.0,843.0,884.0,917.0,960.0,984.0,933.0,766.29,33.55,822.5,62.63,895.77,82.42,900.63,62.51,937.3,75.22,-0.02619,-0.16329,-0.24743,-0.31795,751.0,759.0,776.0,662.0,620.0,335.0,415.0,418.0,455.0,0.32106,0.94706,0.60812,0.79384,28,2015-02-26,38,496.0,-0.3671,train
2015-01-20,bsi_value,699.0,6.54965,716.0,735.0,752.0,778.0,820.0,873.0,906.0,953.0,986.0,923.0,749.0,32.58,807.71,65.54,886.2,87.87,896.9,67.55,933.99,78.99,-0.02403,-0.15965,-0.25939,-0.34401,741.0,751.0,764.0,752.0,662.0,311.0,410.0,415.0,446.0,0.3373,0.9414,0.63507,0.77246,28,2015-02-27,38,506.0,-0.32311,train
2015-01-21,bsi_value,684.0,6.52796,699.0,716.0,735.0,763.0,800.0,861.0,897.0,950.0,989.0,916.0,732.43,31.92,792.5,67.73,876.03,92.89,893.03,72.78,930.53,82.95,-0.02169,-0.15665,-0.2711,-0.36874,725.0,741.0,762.0,971.0,752.0,373.0,402.0,410.0,441.0,0.35344,0.93546,0.66126,0.75015,28,2015-03-02,40,515.0,-0.28379,train
2015-01-22,bsi_value,673.0,6.51175,684.0,699.0,716.0,752.0,778.0,843.0,887.0,947.0,987.0,911.0,717.43,31.65,777.21,68.82,865.57,97.38,889.07,77.99,926.89,86.88,-0.01621,-0.14498,-0.2761,-0.38292,704.0,725.0,766.0,965.0,971.0,537.0,392.0,402.0,435.0,0.36948,0.92924,0.68668,0.72696,28,2015-03-03,40,528.0,-0.24265,train
2015-01-23,bsi_value,659.0,6.49072,673.0,684.0,699.0,735.0,763.0,820.0,884.0,942.0,984.0,907.0,702.57,31.18,761.14,68.28,854.73,101.58,884.93,83.32,923.07,90.92,-0.02102,-0.14653,-0.29373,-0.4009,685.0,704.0,766.0,887.0,965.0,557.0,380.0,392.0,429.0,0.38541,0.92274,0.71128,0.70291,28,2015-03-04,40,541.0,-0.1973,train
2015-01-26,bsi_value,650.0,6.47697,659.0,673.0,684.0,716.0,752.0,800.0,873.0,932.0,980.0,906.0,688.0,28.39,745.21,66.31,843.73,105.23,880.67,88.53,919.18,94.94,-0.01375,-0.14576,-0.29496,-0.41058,669.0,685.0,766.0,857.0,887.0,585.0,373.0,380.0,425.0,0.4325,0.90163,0.77991,0.62589,28,2015-03-05,38,550.0,-0.16705,train
2015-01-27,bsi_value,642.0,6.46459,650.0,659.0,673.0,699.0,735.0,778.0,861.0,925.0,971.0,900.0,674.71,24.82,729.57,62.89,832.77,108.48,876.37,93.6,915.13,98.83,-0.01238,-0.13528,-0.29351,-0.41374,648.0,669.0,759.0,831.0,857.0,620.0,364.0,373.0,418.0,0.44794,0.89406,0.80098,0.59869,28,2015-03-06,38,560.0,-0.13665,train
2015-01-28,bsi_value,632.0,6.44889,642.0,650.0,659.0,684.0,716.0,763.0,843.0,917.0,969.0,899.0,662.71,22.11,714.5,59.07,821.53,111.21,871.92,98.63,910.87,102.6,-0.0157,-0.12479,-0.28808,-0.42738,620.0,648.0,751.0,785.0,831.0,662.0,356.0,364.0,415.0,0.46326,0.88622,0.8211,0.57078,28,2015-03-09,40,566.0,-0.1103,train
2015-01-29,bsi_value,618.0,6.42649,632.0,642.0,650.0,673.0,699.0,752.0,820.0,906.0,966.0,898.0,651.14,21.28,700.07,56.14,809.93,113.66,867.25,103.78,906.31,106.34,-0.0224,-0.12316,-0.28282,-0.44668,550.0,620.0,741.0,725.0,785.0,752.0,348.0,356.0,410.0,0.47843,0.87812,0.84025,0.5422,28,2015-03-10,40,573.0,-0.0756,train
2015-01-30,bsi_value,599.0,6.39526,618.0,632.0,642.0,659.0,684.0,735.0,800.0,897.0,960.0,896.0,639.0,23.23,685.71,54.42,797.9,116.21,862.3,109.23,901.51,110.28,-0.03123,-0.1327,-0.28935,-0.47167,508.0,550.0,725.0,679.0,725.0,971.0,340.0,348.0,402.0,0.49347,0.86976,0.8584,0.51298,28,2015-03-11,40,580.0,-0.03223,train
2015-02-02,bsi_value,585.0,6.37161,599.0,618.0,632.0,650.0,673.0,716.0,778.0,887.0,953.0,891.0,626.43,25.16,671.93,53.74,785.63,118.59,857.2,114.77,896.57,114.31,-0.02365,-0.14013,-0.28511,-0.488,480.0,508.0,704.0,665.0,679.0,965.0,332.0,340.0,392.0,0.53768,0.84315,0.90669,0.42181,28,2015-03-12,38,589.0,0.00681,train
2015-02-03,bsi_value,567.0,6.34036,585.0,599.0,618.0,642.0,659.0,699.0,763.0,884.0,950.0,892.0,613.29,28.51,657.93,53.72,772.87,120.81,851.78,120.53,891.43,118.54,-0.03125,-0.15036,-0.2969,-0.5161,454.0,480.0,685.0,663.0,665.0,887.0,326.0,332.0,380.0,0.5521,0.83378,0.92066,0.39037,28,2015-03-13,38,596.0,0.04988,train
2015-02-04,bsi_value,556.0,6.32077,567.0,585.0,599.0,632.0,650.0,684.0,752.0,873.0,947.0,889.0,599.86,30.15,643.93,52.91,759.83,122.4,846.23,126.22,886.14,122.7,-0.01959,-0.1562,-0.30197,-0.53253,437.0,454.0,669.0,669.0,663.0,857.0,321.0,326.0,373.0,0.56636,0.82416,0.93354,0.35847,28,2015-03-16,40,606.0,0.08611,train
2015-02-05,bsi_value,545.0,6.30079,556.0,567.0,585.0,618.0,642.0,673.0,735.0,861.0,942.0,888.0,586.0,29.89,630.36,52.17,746.6,123.44,840.52,131.84,880.63,126.69,-0.01998,-0.1638,-0.29908,-0.54722,428.0,437.0,648.0,680.0,669.0,831.0,309.0,321.0,364.0,0.58045,0.81429,0.94532,0.32614,28,2015-03-17,40,611.0,0.11431,train
2015-02-06,bsi_value,538.0,6.28786,545.0,556.0,567.0,599.0,632.0,659.0,716.0,843.0,932.0,888.0,572.57,27.2,617.64,51.44,733.47,123.98,834.68,137.24,875.0,130.47,-0.01293,-0.16103,-0.28582,-0.54947,430.0,428.0,620.0,689.0,680.0,785.0,301.0,309.0,356.0,0.59438,0.80419,0.95598,0.29343,28,2015-03-18,40,616.0,0.13539,train
2015-02-09,bsi_value,530.0,6.27288,538.0,545.0,556.0,585.0,618.0,650.0,699.0,820.0,925.0,886.0,560.0,23.36,605.57,50.75,720.3,123.91,828.75,142.49,869.27,134.12,-0.01498,-0.15361,-0.27677,-0.55692,434.0,430.0,550.0,687.0,689.0,725.0,295.0,301.0,348.0,0.63507,0.77246,0.98112,0.19338,28,2015-03-19,38,623.0,0.16167,train
2015-02-10,bsi_value,523.0,6.25958,530.0,538.0,545.0,567.0,599.0,642.0,684.0,800.0,917.0,881.0,549.14,20.15,594.07,49.91,707.17,123.25,822.78,147.58,863.38,137.51,-0.0133,-0.13568,-0.26838,-0.56153,446.0,434.0,508.0,711.0,687.0,679.0,289.0,295.0,340.0,0.64826,0.76142,0.9872,0.15951,28,2015-03-20,38,627.0,0.18137,train
2015-02-11,bsi_value,516.0,6.24611,523.0,530.0,538.0,556.0,585.0,632.0,673.0,778.0,906.0,879.0,539.29,16.8,582.86,48.54,694.17,122.15,816.73,152.51,857.4,140.75,-0.01347,-0.12551,-0.26564,-0.56293,469.0,446.0,480.0,700.0,711.0,665.0,281.0,289.0,332.0,0.66126,0.75015,0.9921,0.12546,28,2015-03-23,40,635.0,0.20752,train
2015-02-12,bsi_value,508.0,6.23048,516.0,523.0,530.0,545.0,567.0,618.0,659.0,763.0,897.0,876.0,530.86,15.53,572.07,47.18,681.2,120.57,810.6,157.33,851.37,143.93,-0.01563,-0.10988,-0.26024,-0.56857,489.0,469.0,454.0,652.0,700.0,663.0,273.0,281.0,326.0,0.67407,0.73867,0.99583,0.09126,28,2015-03-24,40,640.0,0.23099,train
2015-02-13,bsi_value,496.0,6.20658,508.0,516.0,523.0,538.0,556.0,599.0,650.0,752.0,887.0,873.0,522.29,15.84,561.07,45.65,668.17,118.74,804.32,162.17,845.27,147.19,-0.02391,-0.11419,-0.2704,-0.58127,499.0,489.0,437.0,630.0,652.0,669.0,268.0,273.0,321.0,0.68668,0.72696,0.99838,0.05695,28,2015-03-25,40,645.0,0.26267,train
2015-02-16,bsi_value,486.0,6.18621,496.0,508.0,516.0,530.0,545.0,585.0,642.0,735.0,884.0,873.0,513.86,17.16,549.93,43.53,654.9,116.09,797.87,166.93,839.19,150.57,-0.02037,-0.11458,-0.27838,-0.59825,505.0,499.0,428.0,614.0,630.0,680.0,263.0,268.0,309.0,0.72326,0.69057,0.99893,-0.04622,28,2015-03-26,38,648.0,0.28768,train
2015-02-17,bsi_value,480.0,6.17379,486.0,496.0,508.0,523.0,538.0,567.0,632.0,716.0,873.0,875.0,505.57,17.5,539.07,40.56,641.8,112.86,791.28,171.49,833.1,153.85,-0.01242,-0.11407,-0.2751,-0.59815,508.0,505.0,430.0,589.0,614.0,689.0,261.0,263.0,301.0,0.73503,0.67803,0.99675,-0.08055,28,2015-03-27,38,648.0,0.3001,train
2015-02-18,bsi_value,480.0,6.17379,480.0,486.0,496.0,516.0,530.0,556.0,618.0,699.0,861.0,875.0,498.43,16.23,529.21,36.77,629.1,108.85,784.7,175.68,827.13,156.99,0.0,-0.09909,-0.2527,-0.58431,514.0,508.0,434.0,564.0,589.0,687.0,260.0,261.0,295.0,0.74659,0.66529,0.99339,-0.11479,28,2015-03-30,40,647.0,0.29856,train
2015-02-19,bsi_value,478.0,6.16961,480.0,480.0,486.0,508.0,523.0,545.0,599.0,684.0,843.0,881.0,492.0,13.98,520.57,33.42,616.93,104.58,777.98,179.53,821.26,160.01,-0.00418,-0.08997,-0.22565,-0.56736,516.0,514.0,446.0,539.0,564.0,711.0,267.0,260.0,289.0,0.75792,0.65235,0.98885,-0.14889,28,2015-03-31,40,649.0,0.30582,train
2015-02-20,bsi_value,483.0,6.18002,478.0,480.0,480.0,496.0,516.0,538.0,585.0,673.0,820.0,904.0,487.29,10.12,513.29,29.47,605.7,100.17,770.97,182.67,815.59,162.84,0.01041,-0.06609,-0.1916,-0.52929,514.0,516.0,469.0,542.0,539.0,700.0,270.0,267.0,281.0,0.76903,0.63921,0.98315,-0.18282,28,2015-04-01,40,650.0,0.29696,train
2015-02-23,bsi_value,490.0,6.19441,483.0,478.0,480.0,486.0,508.0,530.0,567.0,659.0,800.0,926.0,484.71,5.97,507.79,25.9,595.37,95.47,763.7,185.01,810.14,165.42,0.01439,-0.03608,-0.14595,-0.49021,512.0,514.0,489.0,543.0,542.0,652.0,266.0,270.0,273.0,0.80098,0.59869,0.95908,-0.28314,28,2015-04-02,38,646.0,0.27639,train
2015-02-24,bsi_value,492.0,6.19848,490.0,483.0,478.0,480.0,496.0,523.0,556.0,650.0,778.0,942.0,484.14,4.97,503.21,22.4,585.83,90.93,756.2,186.74,804.83,167.86,0.00407,-0.0081,-0.12229,-0.45825,514.0,512.0,499.0,534.0,543.0,630.0,274.0,266.0,268.0,0.81116,0.58482,0.94877,-0.31596,28,2015-04-07,42,636.0,0.25672,train
2015-02-25,bsi_value,490.0,6.19441,492.0,490.0,483.0,480.0,486.0,516.0,545.0,642.0,763.0,956.0,484.71,5.36,499.29,19.34,576.73,86.28,748.43,187.96,799.62,170.25,-0.00407,0.0082,-0.10638,-0.44285,519.0,514.0,505.0,529.0,534.0,614.0,289.0,274.0,263.0,0.8211,0.57078,0.93734,-0.34841,28,2015-04-08,42,631.0,0.2529,train
2015-02-26,bsi_value,496.0,6.20658,490.0,492.0,490.0,478.0,480.0,508.0,538.0,632.0,752.0,970.0,487.0,6.21,496.29,16.08,568.2,81.03,740.53,188.44,794.56,172.42,0.01217,0.03279,-0.08128,-0.41616,531.0,519.0,508.0,525.0,529.0,589.0,300.0,289.0,261.0,0.8308,0.55658,0.9248,-0.38045,28,2015-04-09,42,624.0,0.22957,train
2015-02-27,bsi_value,506.0,6.22654,496.0,490.0,492.0,483.0,480.0,496.0,530.0,618.0,735.0,980.0,490.71,8.33,494.57,13.46,560.57,75.55,732.63,188.17,789.69,174.3,0.01996,0.05275,-0.04634,-0.37333,540.0,531.0,514.0,521.0,525.0,564.0,308.0,300.0,260.0,0.84025,0.5422,0.91117,-0.41203,28,2015-04-10,42,617.0,0.19833,train
2015-03-02,bsi_value,515.0,6.24417,506.0,496.0,490.0,490.0,478.0,486.0,523.0,599.0,716.0,984.0,496.0,10.13,494.0,12.37,553.87,70.2,724.82,187.31,785.04,175.98,0.01763,0.07456,-0.01541,-0.32951,551.0,540.0,516.0,516.0,521.0,539.0,318.0,308.0,267.0,0.8671,0.49814,0.86387,-0.50372,28,2015-04-13,42,613.0,0.1742,train
2015-03-03,bsi_value,528.0,6.2691,515.0,506.0,496.0,492.0,483.0,480.0,516.0,585.0,699.0,986.0,502.43,13.54,494.86,14.15,548.17,64.92,717.18,185.83,780.66,177.41,0.02493,0.08908,0.02299,-0.28055,564.0,551.0,514.0,490.0,516.0,542.0,327.0,318.0,270.0,0.87554,0.48315,0.84603,-0.53314,28,2015-04-14,42,609.0,0.14272,train
2015-03-04,bsi_value,541.0,6.29342,528.0,515.0,506.0,490.0,490.0,480.0,508.0,567.0,684.0,989.0,509.71,17.91,497.21,18.29,543.4,59.83,709.72,183.75,776.49,178.58,0.02432,0.09901,0.06294,-0.23454,576.0,564.0,512.0,478.0,490.0,543.0,338.0,327.0,266.0,0.88372,0.46802,0.82719,-0.56192,28,2015-04-15,42,608.0,0.11676,train
2015-03-05,bsi_value,550.0,6.30992,541.0,528.0,515.0,496.0,492.0,478.0,496.0,556.0,673.0,987.0,518.0,20.96,501.07,22.77,539.3,54.81,702.43,181.26,772.48,179.56,0.0165,0.11144,0.10334,-0.20183,583.0,576.0,514.0,464.0,478.0,534.0,348.0,338.0,274.0,0.89164,0.45274,0.80737,-0.59004,28,2015-04-16,42,608.0,0.10026,train
2015-03-06,bsi_value,560.0,6.32794,550.0,541.0,528.0,506.0,490.0,483.0,486.0,545.0,659.0,984.0,528.0,21.89,506.36,26.88,536.0,50.3,695.37,178.39,768.62,180.36,0.01802,0.13353,0.14173,-0.16279,587.0,583.0,519.0,470.0,464.0,529.0,352.0,348.0,289.0,0.8993,0.43734,0.7866,-0.61747,28,2015-04-17,42,612.0,0.0888,train
2015-03-09,bsi_value,566.0,6.33859,560.0,550.0,541.0,515.0,496.0,490.0,480.0,538.0,650.0,980.0,538.0,20.96,512.5,29.82,533.2,46.03,688.47,175.22,764.84,181.0,0.01066,0.13202,0.16481,-0.13838,590.0,587.0,531.0,468.0,470.0,525.0,356.0,352.0,300.0,0.92066,0.39037,0.71879,-0.69523,28,2015-04-20,42,619.0,0.08951,train
2015-03-10,bsi_value,573.0,6.35089,566.0,560.0,550.0,528.0,506.0,492.0,480.0,530.0,642.0,971.0,547.57,19.4,519.14,32.11,530.9,42.09,681.83,171.9,761.21,181.53,0.01229,0.12435,0.1771,-0.1137,591.0,590.0,540.0,457.0,468.0,521.0,357.0,356.0,308.0,0.92724,0.37447,0.69445,-0.71954,28,2015-04-21,42,618.0,0.0756,train
2015-03-11,bsi_value,580.0,6.36303,573.0,566.0,560.0,541.0,515.0,490.0,478.0,523.0,632.0,969.0,556.86,16.99,526.43,33.49,529.17,38.84,675.35,168.25,757.67,181.92,0.01214,0.11886,0.19342,-0.08586,588.0,591.0,551.0,431.0,457.0,516.0,361.0,357.0,318.0,0.93354,0.35847,0.66929,-0.743,28,2015-04-22,42,619.0,0.06508,train
2015-03-12,bsi_value,589.0,6.37843,580.0,573.0,566.0,550.0,528.0,496.0,483.0,516.0,618.0,966.0,565.57,15.54,534.0,34.77,528.2,36.93,669.07,164.27,754.23,182.15,0.0154,0.10933,0.19841,-0.04806,586.0,588.0,564.0,394.0,431.0,490.0,364.0,361.0,327.0,0.93957,0.34236,0.64334,-0.76558,28,2015-04-23,42,620.0,0.05129,train
2015-03-13,bsi_value,596.0,6.39024,589.0,580.0,573.0,560.0,541.0,506.0,490.0,508.0,599.0,960.0,573.43,15.02,541.57,35.89,528.1,36.74,663.0,160.08,750.9,182.27,0.01181,0.09682,0.19584,-0.00502,585.0,586.0,576.0,378.0,394.0,478.0,368.0,364.0,338.0,0.94532,0.32614,0.61662,-0.78726,28,2015-04-24,42,621.0,0.04109,train
2015-03-16,bsi_value,606.0,6.40688,596.0,589.0,580.0,566.0,550.0,515.0,492.0,496.0,585.0,953.0,581.43,15.32,549.71,36.64,528.8,38.0,657.22,155.71,747.73,182.29,0.01664,0.09696,0.2084,0.03527,588.0,585.0,583.0,372.0,378.0,464.0,370.0,368.0,348.0,0.96089,0.27695,0.53223,-0.8466,28,2015-04-27,42,624.0,0.02927,train
2015-03-17,bsi_value,611.0,6.4151,606.0,596.0,589.0,573.0,560.0,528.0,490.0,486.0,567.0,950.0,588.71,15.53,558.36,35.8,530.27,40.23,651.57,151.06,744.61,182.2,0.00822,0.08716,0.22069,0.07474,595.0,588.0,587.0,366.0,372.0,470.0,375.0,370.0,352.0,0.96551,0.26038,0.50279,-0.86441,28,2015-04-28,42,626.0,0.02425,train
2015-03-18,bsi_value,616.0,6.42325,611.0,606.0,596.0,580.0,566.0,541.0,496.0,480.0,556.0,947.0,595.86,14.92,566.93,34.17,532.27,42.86,646.05,146.14,741.58,182.04,0.00815,0.08465,0.21667,0.10248,604.0,595.0,590.0,357.0,366.0,468.0,378.0,375.0,356.0,0.96984,0.24373,0.47276,-0.88119,28,2015-04-29,42,628.0,0.01929,train
2015-03-19,bsi_value,623.0,6.43455,616.0,611.0,606.0,589.0,573.0,550.0,506.0,480.0,545.0,942.0,603.0,14.22,575.29,32.52,534.87,45.82,640.73,140.98,738.63,181.79,0.0113,0.08366,0.20801,0.13376,613.0,604.0,591.0,407.0,357.0,457.0,383.0,378.0,357.0,0.97389,0.22701,0.44217,-0.89693,28,2015-04-30,42,627.0,0.0064,train
2015-03-20,bsi_value,627.0,6.44095,623.0,616.0,611.0,596.0,580.0,560.0,515.0,478.0,538.0,932.0,609.71,12.8,583.29,30.41,537.83,48.71,635.65,135.79,735.73,181.47,0.0064,0.07792,0.19678,0.15309,617.0,613.0,588.0,423.0,407.0,431.0,384.0,383.0,361.0,0.97765,0.21022,0.41105,-0.91161,28,2015-05-01,42,625.0,-0.00319,train
2015-03-23,bsi_value,635.0,6.45362,627.0,623.0,616.0,606.0,589.0,566.0,528.0,483.0,530.0,925.0,616.29,12.28,590.93,28.97,541.33,51.71,630.82,130.47,732.94,181.06,0.01268,0.0752,0.18453,0.18075,617.0,617.0,586.0,435.0,423.0,394.0,386.0,384.0,364.0,0.9872,0.15951,0.31494,-0.94911,28,2015-05-05,43,621.0,-0.02229,train
2015-03-24,bsi_value,640.0,6.46147,635.0,627.0,623.0,611.0,596.0,573.0,541.0,490.0,523.0,917.0,622.57,11.52,598.0,27.98,545.23,54.51,626.2,125.05,730.27,180.64,0.00784,0.07123,0.16805,0.20189,609.0,617.0,585.0,448.0,435.0,378.0,388.0,386.0,368.0,0.98979,0.14251,0.28211,-0.95938,28,2015-05-06,43,618.0,-0.03498,train
2015-03-25,bsi_value,645.0,6.46925,640.0,635.0,627.0,616.0,606.0,580.0,550.0,492.0,516.0,906.0,628.14,11.59,604.79,27.02,549.53,57.06,621.85,119.66,727.67,180.16,0.00778,0.06237,0.15933,0.22314,602.0,609.0,588.0,455.0,448.0,372.0,390.0,388.0,370.0,0.9921,0.12546,0.24894,-0.96852,28,2015-05-07,43,618.0,-0.04276,train
2015-03-26,bsi_value,648.0,6.47389,645.0,640.0,635.0,623.0,611.0,589.0,560.0,490.0,508.0,897.0,633.43,10.99,611.07,26.09,554.2,59.16,617.7,114.24,725.13,179.66,0.00464,0.05879,0.14595,0.24341,599.0,602.0,595.0,456.0,455.0,366.0,390.0,390.0,375.0,0.99411,0.10838,0.21548,-0.97651,28,2015-05-08,43,618.0,-0.0474,train
2015-03-27,bsi_value,648.0,6.47389,648.0,645.0,640.0,627.0,616.0,596.0,566.0,496.0,496.0,887.0,638.0,9.32,616.93,24.47,559.27,60.46,613.72,108.82,722.63,179.15,0.0,0.05064,0.1353,0.26731,597.0,599.0,604.0,456.0,456.0,357.0,390.0,390.0,378.0,0.99583,0.09126,0.18176,-0.98334,28,2015-05-11,45,618.0,-0.0474,train
2015-03-30,bsi_value,647.0,6.47235,648.0,648.0,645.0,635.0,623.0,606.0,573.0,506.0,486.0,884.0,641.43,7.38,622.21,22.31,564.63,60.86,609.77,103.09,720.12,178.61,-0.00154,0.0378,0.12146,0.28614,600.0,597.0,613.0,460.0,456.0,407.0,393.0,390.0,383.0,0.99921,0.03977,0.07948,-0.99684,28,2015-05-12,43,617.0,-0.04748,train
2015-03-31,bsi_value,649.0,6.47543,647.0,648.0,648.0,640.0,627.0,611.0,580.0,515.0,480.0,873.0,644.57,4.81,627.14,19.93,570.27,60.59,606.03,97.38,717.61,178.0,0.00309,0.03449,0.1124,0.30165,598.0,600.0,617.0,475.0,460.0,423.0,392.0,393.0,384.0,0.99975,0.02258,0.04514,-0.99898,28,2015-05-13,43,619.0,-0.04733,train
2015-04-01,bsi_value,650.0,6.47697,649.0,647.0,648.0,645.0,635.0,616.0,589.0,528.0,480.0,861.0,646.71,3.1,631.5,17.65,575.93,59.82,602.52,91.76,715.11,177.35,0.00154,0.02335,0.09855,0.30319,596.0,598.0,617.0,463.0,475.0,435.0,389.0,392.0,386.0,0.99999,0.00538,0.01075,-0.99994,28,2015-05-14,43,624.0,-0.04082,train
2015-04-02,bsi_value,646.0,6.4708,650.0,649.0,647.0,648.0,640.0,623.0,596.0,541.0,478.0,843.0,647.57,1.59,635.07,14.96,581.53,58.24,599.23,86.47,712.5,176.62,-0.00617,0.00933,0.08056,0.30119,589.0,596.0,609.0,454.0,463.0,448.0,386.0,389.0,388.0,0.99993,-0.01183,-0.02365,-0.99972,28,2015-05-15,43,626.0,-0.03145,train
2015-04-07,bsi_value,636.0,6.4552,646.0,650.0,649.0,648.0,645.0,627.0,606.0,550.0,483.0,820.0,646.29,4.37,637.21,12.61,586.63,56.04,596.17,81.72,709.52,175.62,-0.0156,-0.01405,0.04832,0.27518,584.0,589.0,602.0,448.0,454.0,455.0,385.0,386.0,390.0,0.99522,-0.09768,-0.19443,-0.98092,28,2015-05-18,41,628.0,-0.01266,train
2015-04-08,bsi_value,631.0,6.44731,636.0,646.0,650.0,647.0,648.0,635.0,611.0,560.0,490.0,800.0,643.86,6.79,638.64,10.52,591.33,53.6,593.35,77.44,706.24,174.3,-0.00789,-0.02658,0.03221,0.2529,585.0,584.0,599.0,450.0,448.0,456.0,382.0,385.0,390.0,0.99339,-0.11479,-0.22806,-0.97365,28,2015-05-19,41,626.0,-0.00796,train
2015-04-09,bsi_value,624.0,6.43615,631.0,636.0,646.0,649.0,648.0,640.0,616.0,566.0,492.0,778.0,640.43,9.39,639.21,9.44,595.73,50.6,590.78,73.75,702.71,172.7,-0.01116,-0.03774,0.0129,0.23767,591.0,585.0,597.0,461.0,450.0,456.0,379.0,382.0,390.0,0.99127,-0.13186,-0.26141,-0.96523,28,2015-05-20,41,625.0,0.0016,train
2015-04-10,bsi_value,617.0,6.42487,624.0,631.0,636.0,650.0,647.0,645.0,623.0,573.0,490.0,763.0,636.14,11.92,638.79,10.26,599.97,46.74,588.35,70.35,698.94,170.82,-0.01128,-0.04748,-0.00968,0.23046,600.0,591.0,600.0,466.0,461.0,460.0,373.0,379.0,393.0,0.98885,-0.14889,-0.29446,-0.95566,28,2015-05-21,41,623.0,0.00968,train
2015-04-13,bsi_value,613.0,6.41836,617.0,624.0,631.0,646.0,649.0,648.0,627.0,580.0,496.0,752.0,631.0,12.98,637.79,11.91,603.87,42.6,586.03,67.14,694.98,168.61,-0.0065,-0.05707,-0.02258,0.21179,609.0,600.0,598.0,460.0,466.0,475.0,369.0,373.0,392.0,0.97986,-0.1997,-0.39136,-0.92024,28,2015-05-22,39,624.0,0.01779,train
2015-04-14,bsi_value,609.0,6.41182,613.0,617.0,624.0,636.0,650.0,648.0,635.0,589.0,506.0,735.0,625.14,12.32,635.93,14.04,607.3,38.53,583.93,64.36,690.86,166.11,-0.00655,-0.06515,-0.04181,0.18528,619.0,609.0,596.0,470.0,460.0,463.0,366.0,369.0,389.0,0.97628,-0.21653,-0.42278,-0.90623,28,2015-05-26,42,627.0,0.02913,train
2015-04-15,bsi_value,608.0,6.41017,609.0,613.0,617.0,631.0,646.0,647.0,640.0,596.0,515.0,716.0,619.71,10.11,633.64,15.7,610.4,34.51,582.13,62.12,686.68,163.39,-0.00164,-0.06062,-0.05129,0.16601,626.0,619.0,589.0,494.0,470.0,454.0,362.0,366.0,386.0,0.97241,-0.23329,-0.4537,-0.89115,28,2015-05-27,42,631.0,0.03713,train
2015-04-16,bsi_value,608.0,6.41017,608.0,609.0,613.0,624.0,636.0,649.0,645.0,606.0,528.0,699.0,615.71,8.24,631.0,16.65,613.07,30.95,580.62,60.33,682.48,160.47,0.0,-0.04502,-0.05908,0.14108,636.0,626.0,584.0,521.0,494.0,448.0,360.0,362.0,385.0,0.96825,-0.24998,-0.48409,-0.87502,28,2015-05-28,42,635.0,0.04345,train
2015-04-17,bsi_value,612.0,6.41673,608.0,608.0,609.0,617.0,631.0,650.0,648.0,611.0,541.0,684.0,613.0,5.4,628.43,16.6,615.43,27.91,579.42,58.96,678.29,157.31,0.00656,-0.03057,-0.05716,0.12331,642.0,636.0,585.0,532.0,521.0,450.0,358.0,360.0,382.0,0.96381,-0.2666,-0.5139,-0.85785,28,2015-05-29,42,642.0,0.04786,train
2015-04-20,bsi_value,619.0,6.42811,612.0,608.0,608.0,613.0,624.0,646.0,648.0,616.0,550.0,673.0,612.29,4.06,626.36,15.82,617.73,25.13,578.52,57.93,674.2,153.98,0.01137,-0.00805,-0.04579,0.11819,646.0,642.0,591.0,537.0,532.0,461.0,357.0,358.0,379.0,0.94877,-0.31596,-0.59955,-0.80034,28,2015-06-01,42,647.0,0.04424,train
2015-04-21,bsi_value,618.0,6.42649,619.0,612.0,608.0,609.0,617.0,636.0,647.0,623.0,560.0,659.0,612.43,4.24,624.29,14.85,619.67,22.73,577.83,57.21,670.13,150.53,-0.00162,0.00162,-0.04586,0.09855,659.0,646.0,600.0,549.0,537.0,466.0,355.0,357.0,373.0,0.9432,-0.33224,-0.62673,-0.77924,28,2015-06-02,42,652.0,0.05356,train
2015-04-22,bsi_value,619.0,6.42811,618.0,619.0,612.0,608.0,613.0,631.0,649.0,627.0,566.0,650.0,613.29,4.83,622.14,13.21,621.43,20.44,577.32,56.7,666.12,146.99,0.00162,0.00974,-0.04733,0.08951,669.0,659.0,609.0,544.0,549.0,460.0,355.0,355.0,369.0,0.93734,-0.34841,-0.65316,-0.75722,28,2015-06-03,42,653.0,0.05347,train
2015-04-23,bsi_value,620.0,6.42972,619.0,618.0,619.0,608.0,609.0,624.0,650.0,635.0,573.0,642.0,614.86,4.97,620.0,10.71,623.0,18.36,576.95,56.35,662.22,143.47,0.00161,0.0179,-0.04725,0.07883,680.0,669.0,619.0,543.0,544.0,470.0,351.0,355.0,366.0,0.93121,-0.36448,-0.67882,-0.7343,28,2015-06-04,42,654.0,0.05339,train
2015-04-24,bsi_value,621.0,6.43133,620.0,619.0,618.0,612.0,608.0,617.0,646.0,640.0,580.0,632.0,616.71,4.46,618.21,7.96,624.37,16.54,576.77,56.18,658.36,139.79,0.00161,0.02116,-0.03947,0.0683,685.0,680.0,626.0,545.0,543.0,494.0,348.0,351.0,362.0,0.9248,-0.38045,-0.70368,-0.71052,28,2015-06-05,42,654.0,0.05178,train
2015-04-27,bsi_value,624.0,6.43615,621.0,620.0,619.0,619.0,608.0,613.0,636.0,645.0,589.0,618.0,619.0,3.38,617.36,6.51,625.53,15.19,576.87,56.26,654.56,135.97,0.00482,0.02598,-0.01905,0.05772,687.0,685.0,636.0,546.0,545.0,521.0,347.0,348.0,360.0,0.90395,-0.42765,-0.77314,-0.63424,28,2015-06-08,42,656.0,0.05001,train
2015-04-28,bsi_value,626.0,6.43935,624.0,621.0,620.0,618.0,612.0,609.0,631.0,648.0,596.0,599.0,621.0,2.73,617.0,5.86,626.53,14.16,577.32,56.55,650.84,132.08,0.0032,0.02262,-0.00796,0.04911,685.0,687.0,642.0,551.0,546.0,532.0,346.0,347.0,358.0,0.89646,-0.44313,-0.7945,-0.60727,28,2015-06-09,42,655.0,0.04528,train
2015-04-29,bsi_value,628.0,6.44254,626.0,624.0,621.0,619.0,619.0,608.0,624.0,648.0,606.0,585.0,622.29,3.49,617.29,6.27,627.27,13.64,578.03,56.91,647.23,128.16,0.00319,0.01443,0.00639,0.03566,673.0,685.0,646.0,558.0,551.0,537.0,345.0,346.0,357.0,0.8887,-0.45849,-0.81492,-0.57958,28,2015-06-10,42,654.0,0.04057,train
2015-04-30,bsi_value,627.0,6.44095,628.0,626.0,624.0,620.0,618.0,608.0,617.0,647.0,611.0,567.0,623.57,3.33,618.0,6.75,627.8,13.3,579.03,57.23,643.64,124.09,-0.00159,0.01446,0.01608,0.02585,658.0,673.0,659.0,565.0,558.0,549.0,343.0,345.0,355.0,0.88068,-0.47371,-0.83437,-0.5512,28,2015-06-11,42,661.0,0.05281,train
2015-05-01,bsi_value,625.0,6.43775,627.0,628.0,626.0,621.0,619.0,612.0,613.0,649.0,616.0,556.0,624.43,2.77,618.86,6.82,628.1,13.13,580.18,57.45,640.07,119.86,-0.00319,0.00965,0.01939,0.0145,647.0,658.0,669.0,574.0,565.0,544.0,340.0,343.0,355.0,0.8724,-0.48879,-0.85284,-0.52218,28,2015-06-12,42,669.0,0.06803,train
2015-05-05,bsi_value,621.0,6.43133,625.0,627.0,628.0,624.0,620.0,619.0,609.0,650.0,623.0,545.0,624.57,2.56,619.71,6.26,628.03,13.16,581.45,57.5,636.5,115.52,-0.00642,0.00161,0.01951,-0.00322,633.0,647.0,680.0,571.0,574.0,543.0,335.0,340.0,351.0,0.83673,-0.54761,-0.91641,-0.40024,28,2015-06-15,41,678.0,0.08782,train
2015-05-06,bsi_value,618.0,6.42649,621.0,625.0,627.0,626.0,621.0,618.0,608.0,646.0,627.0,538.0,624.14,3.27,620.43,5.39,627.73,13.29,582.78,57.4,633.01,111.2,-0.00484,-0.00484,0.01631,-0.01446,618.0,633.0,685.0,574.0,571.0,545.0,332.0,335.0,348.0,0.82719,-0.56192,-0.92963,-0.36848,28,2015-06-16,41,685.0,0.10293,train
2015-05-07,bsi_value,618.0,6.42649,618.0,621.0,625.0,628.0,624.0,619.0,608.0,636.0,635.0,530.0,623.29,3.92,621.14,4.24,627.17,13.33,584.25,57.16,629.6,106.82,0.0,-0.00966,0.01631,-0.02714,603.0,618.0,687.0,594.0,574.0,546.0,331.0,332.0,347.0,0.8174,-0.57607,-0.94176,-0.33629,28,2015-06-17,41,695.0,0.11742,train
2015-05-08,bsi_value,618.0,6.42649,618.0,618.0,621.0,627.0,626.0,620.0,612.0,631.0,640.0,523.0,622.14,4.12,621.57,3.54,626.43,13.21,585.83,56.76,626.28,102.38,0.0,-0.01286,0.00976,-0.03498,594.0,603.0,685.0,616.0,594.0,551.0,329.0,331.0,346.0,0.80737,-0.59004,-0.95277,-0.3037,28,2015-06-18,41,706.0,0.13313,train
2015-05-11,bsi_value,618.0,6.42649,618.0,618.0,618.0,625.0,628.0,621.0,619.0,624.0,645.0,516.0,620.71,3.53,621.5,3.6,625.53,12.82,587.53,56.16,623.08,98.0,0.0,-0.01605,-0.00162,-0.04276,586.0,594.0,673.0,660.0,616.0,558.0,328.0,329.0,345.0,0.77586,-0.63091,-0.97899,-0.20391,28,2015-06-19,39,715.0,0.14579,train
2015-05-12,bsi_value,617.0,6.42487,618.0,618.0,618.0,621.0,627.0,624.0,618.0,617.0,648.0,508.0,619.29,2.6,621.43,3.68,624.5,12.21,589.35,55.32,619.97,93.6,-0.00162,-0.01608,-0.00162,-0.04902,583.0,586.0,658.0,731.0,660.0,565.0,327.0,328.0,343.0,0.76489,-0.64416,-0.98542,-0.17012,28,2015-06-22,41,721.0,0.15577,train
2015-05-13,bsi_value,619.0,6.42811,617.0,618.0,618.0,618.0,625.0,626.0,619.0,613.0,648.0,496.0,618.43,1.18,621.43,3.68,623.53,11.43,591.4,54.09,616.99,89.22,0.00324,-0.00965,0.0,-0.04579,584.0,583.0,647.0,942.0,731.0,574.0,326.0,327.0,340.0,0.7537,-0.65722,-0.99069,-0.13612,28,2015-06-23,41,722.0,0.15392,train
2015-05-14,bsi_value,624.0,6.43615,619.0,617.0,618.0,618.0,621.0,628.0,620.0,609.0,647.0,486.0,618.86,2.17,621.71,3.71,622.77,10.57,593.7,52.47,614.1,84.61,0.00805,0.00482,0.00643,-0.0362,580.0,584.0,633.0,972.0,942.0,571.0,326.0,326.0,335.0,0.74228,-0.67009,-0.99479,-0.10196,28,2015-06-24,41,721.0,0.14449,train
2015-05-15,bsi_value,626.0,6.43935,624.0,619.0,617.0,618.0,618.0,627.0,621.0,608.0,649.0,480.0,620.0,3.25,622.07,3.86,622.0,9.41,596.13,50.48,611.36,80.05,0.0032,0.01286,0.00802,-0.03608,579.0,580.0,618.0,954.0,972.0,574.0,327.0,326.0,332.0,0.73064,-0.68276,-0.99771,-0.06768,28,2015-06-25,41,723.0,0.14406,train
2015-05-18,bsi_value,628.0,6.44254,626.0,624.0,619.0,618.0,618.0,625.0,624.0,608.0,650.0,480.0,621.43,4.14,622.36,4.13,621.27,7.94,598.6,48.32,608.77,75.58,0.00319,0.01605,0.00639,-0.03443,578.0,579.0,603.0,950.0,954.0,594.0,326.0,327.0,331.0,0.69445,-0.71954,-0.99937,0.03547,28,2015-06-26,39,723.0,0.14087,train
2015-05-19,bsi_value,626.0,6.43935,628.0,626.0,624.0,617.0,618.0,621.0,626.0,612.0,646.0,478.0,622.57,4.14,622.36,4.13,620.6,6.56,601.07,45.81,606.36,71.42,-0.00319,0.01286,0.0,-0.03145,574.0,578.0,594.0,923.0,950.0,616.0,325.0,326.0,329.0,0.68197,-0.73138,-0.99756,0.06983,28,2015-06-29,41,723.0,0.14406,train
2015-05-20,bsi_value,625.0,6.43775,626.0,628.0,626.0,619.0,618.0,618.0,628.0,619.0,636.0,483.0,623.57,3.74,622.14,3.91,620.23,5.96,603.43,43.25,604.19,67.77,-0.0016,0.01126,-0.00479,-0.01745,565.0,574.0,586.0,889.0,923.0,660.0,326.0,325.0,328.0,0.66929,-0.743,-0.99457,0.1041,28,2015-06-30,41,722.0,0.14427,train
2015-05-21,bsi_value,623.0,6.43455,625.0,626.0,628.0,624.0,617.0,618.0,627.0,618.0,631.0,490.0,624.43,2.66,621.86,3.68,619.97,5.65,605.65,40.71,602.22,64.55,-0.00321,0.00968,-0.0064,-0.01276,556.0,565.0,583.0,844.0,889.0,731.0,327.0,326.0,327.0,0.65641,-0.7544,-0.9904,0.13825,28,2015-07-01,41,715.0,0.13774,train
2015-05-22,bsi_value,624.0,6.43615,623.0,625.0,626.0,626.0,619.0,618.0,625.0,619.0,624.0,492.0,625.14,1.55,621.79,3.63,619.97,5.65,607.85,37.99,600.51,61.85,0.0016,0.00805,-0.0016,0.0,549.0,556.0,584.0,816.0,844.0,942.0,327.0,327.0,326.0,0.64334,-0.76558,-0.98506,0.17224,28,2015-07-02,41,713.0,0.13333,train
2015-05-26,bsi_value,627.0,6.44095,624.0,623.0,625.0,628.0,624.0,618.0,621.0,620.0,617.0,490.0,625.57,1.59,622.21,3.86,620.3,5.76,610.13,34.82,599.0,59.48,0.0048,0.0048,0.00962,0.01608,540.0,549.0,580.0,806.0,816.0,972.0,327.0,327.0,326.0,0.58918,-0.808,-0.95211,0.30574,28,2015-07-03,38,712.0,0.12713,train
2015-05-27,bsi_value,631.0,6.44731,627.0,624.0,623.0,626.0,626.0,617.0,618.0,621.0,613.0,496.0,626.29,2.49,623.14,4.27,620.9,5.9,612.38,31.58,597.66,57.33,0.00636,0.00796,0.02082,0.02894,530.0,540.0,579.0,823.0,806.0,954.0,327.0,327.0,327.0,0.57519,-0.81802,-0.94103,0.33831,28,2015-07-06,40,716.0,0.12637,train
2015-05-28,bsi_value,635.0,6.45362,631.0,627.0,624.0,625.0,628.0,619.0,618.0,624.0,609.0,506.0,627.29,3.95,624.36,4.99,621.77,6.0,614.53,28.51,596.54,55.6,0.00632,0.01108,0.02714,0.04181,525.0,530.0,578.0,817.0,823.0,950.0,328.0,327.0,326.0,0.56103,-0.82779,-0.92884,0.37048,28,2015-07-07,40,723.0,0.12978,train
2015-05-29,bsi_value,642.0,6.46459,635.0,631.0,627.0,623.0,626.0,624.0,618.0,626.0,608.0,515.0,629.57,6.41,626.07,6.43,622.9,6.48,616.65,25.61,595.72,54.36,0.01096,0.02524,0.0381,0.05441,524.0,525.0,574.0,810.0,817.0,923.0,331.0,328.0,325.0,0.54671,-0.83732,-0.91555,0.40221,28,2015-07-08,40,742.0,0.14476,train
2015-06-01,bsi_value,647.0,6.47235,642.0,635.0,631.0,624.0,625.0,626.0,618.0,628.0,608.0,528.0,632.71,8.46,628.14,7.98,624.2,7.23,618.63,23.15,595.14,53.53,0.00776,0.03459,0.04586,0.06217,522.0,524.0,565.0,804.0,810.0,889.0,332.0,331.0,326.0,0.50279,-0.86441,-0.86923,0.4944,28,2015-07-09,38,750.0,0.14773,train
2015-06-02,bsi_value,652.0,6.48004,647.0,642.0,635.0,627.0,623.0,628.0,617.0,627.0,612.0,541.0,636.86,9.7,630.64,9.45,625.53,8.44,620.48,21.23,594.79,53.05,0.0077,0.0455,0.05518,0.06331,528.0,522.0,556.0,821.0,804.0,844.0,332.0,332.0,327.0,0.48785,-0.87293,-0.85171,0.52401,28,2015-07-10,38,759.0,0.15196,train
2015-06-03,bsi_value,653.0,6.48158,652.0,647.0,642.0,631.0,624.0,626.0,619.0,625.0,619.0,550.0,641.0,9.52,633.07,10.46,626.67,9.68,622.2,19.56,594.57,52.76,0.00153,0.04543,0.05347,0.05347,544.0,528.0,549.0,821.0,821.0,816.0,332.0,332.0,327.0,0.47276,-0.88119,-0.83318,0.553,28,2015-07-13,40,767.0,0.16091,train
2015-06-04,bsi_value,654.0,6.48311,653.0,652.0,647.0,635.0,627.0,625.0,624.0,621.0,618.0,560.0,644.86,8.48,635.21,11.41,627.87,10.71,623.77,18.24,594.51,52.69,0.00153,0.04216,0.04696,0.05662,570.0,544.0,540.0,818.0,821.0,806.0,333.0,332.0,327.0,0.45753,-0.88919,-0.81367,0.58133,28,2015-07-14,40,774.0,0.16846,train
2015-06-05,bsi_value,654.0,6.48311,654.0,653.0,652.0,642.0,631.0,623.0,626.0,618.0,619.0,566.0,648.14,6.75,637.21,12.05,629.03,11.55,625.23,17.03,594.56,52.74,0.0,0.0358,0.04376,0.055,596.0,570.0,530.0,865.0,818.0,823.0,332.0,333.0,327.0,0.44217,-0.89693,-0.79319,0.60897,28,2015-07-15,40,784.0,0.1813,train
2015-06-08,bsi_value,656.0,6.48616,654.0,654.0,653.0,647.0,635.0,624.0,628.0,618.0,620.0,573.0,651.14,4.55,639.21,12.67,630.23,12.39,626.62,16.07,594.71,52.9,0.00305,0.03254,0.04362,0.05644,608.0,596.0,525.0,856.0,865.0,817.0,331.0,332.0,328.0,0.39531,-0.91855,-0.72622,0.68746,28,2015-07-16,38,801.0,0.1997,train
2015-06-09,bsi_value,655.0,6.48464,656.0,654.0,654.0,652.0,642.0,627.0,626.0,618.0,621.0,580.0,653.0,2.73,641.29,12.71,631.37,13.03,627.87,15.3,594.97,53.14,-0.00153,0.02005,0.04528,0.0533,630.0,608.0,524.0,834.0,856.0,810.0,331.0,331.0,331.0,0.37945,-0.92521,-0.70215,0.71203,28,2015-07-17,38,823.0,0.22832,train
2015-06-10,bsi_value,654.0,6.48311,655.0,656.0,654.0,653.0,647.0,631.0,625.0,618.0,624.0,589.0,654.0,1.2,643.36,12.24,632.37,13.57,628.95,14.8,595.37,53.44,-0.00153,0.01076,0.04536,0.04696,662.0,630.0,522.0,816.0,834.0,804.0,333.0,331.0,332.0,0.36348,-0.9316,-0.67724,0.73576,28,2015-07-20,40,846.0,0.25741,train
2015-06-11,bsi_value,661.0,6.49375,654.0,655.0,656.0,654.0,652.0,635.0,623.0,617.0,626.0,596.0,655.29,2.49,646.07,11.62,633.53,14.45,630.03,14.73,596.06,53.88,0.01065,0.01371,0.05921,0.0544,696.0,662.0,528.0,810.0,816.0,821.0,336.0,333.0,332.0,0.3474,-0.93772,-0.65153,0.75862,28,2015-07-21,40,862.0,0.2655,train
2015-06-12,bsi_value,669.0,6.50578,661.0,654.0,655.0,654.0,653.0,642.0,624.0,619.0,628.0,606.0,657.57,5.21,649.29,11.29,634.9,15.74,631.08,15.22,596.99,54.41,0.01203,0.02421,0.06963,0.06324,719.0,696.0,544.0,820.0,810.0,821.0,338.0,336.0,332.0,0.33122,-0.94355,-0.62505,0.78058,28,2015-07-22,40,875.0,0.26844,train
2015-06-15,bsi_value,678.0,6.51915,669.0,661.0,654.0,656.0,654.0,647.0,627.0,624.0,627.0,611.0,661.0,8.55,652.93,11.73,636.6,17.46,632.2,16.13,598.22,54.97,0.01336,0.03604,0.0782,0.0782,742.0,719.0,570.0,840.0,820.0,818.0,341.0,338.0,333.0,0.28211,-0.95938,-0.5413,0.84083,28,2015-07-23,38,889.0,0.27095,train
2015-06-16,bsi_value,685.0,6.52942,678.0,669.0,661.0,655.0,654.0,652.0,631.0,626.0,625.0,616.0,665.43,11.35,656.79,12.72,638.6,19.35,633.35,17.35,599.66,55.53,0.01027,0.04631,0.08211,0.09167,772.0,742.0,596.0,904.0,840.0,865.0,345.0,341.0,332.0,0.26556,-0.96409,-0.51206,0.85895,28,2015-07-24,38,896.0,0.26852,train
2015-06-17,bsi_value,695.0,6.54391,685.0,678.0,669.0,654.0,656.0,653.0,635.0,628.0,621.0,623.0,671.0,14.49,661.07,14.63,641.07,21.54,634.55,19.0,601.32,56.11,0.01449,0.05775,0.09029,0.11258,817.0,772.0,608.0,1045.0,904.0,856.0,349.0,345.0,331.0,0.24894,-0.96852,-0.48221,0.87606,28,2015-07-27,40,899.0,0.25737,train
2015-06-18,bsi_value,706.0,6.55962,695.0,685.0,678.0,661.0,655.0,654.0,642.0,626.0,618.0,627.0,678.29,17.19,665.64,17.64,644.0,24.05,635.87,21.06,603.19,56.77,0.0157,0.07498,0.09503,0.13313,847.0,817.0,630.0,1234.0,1045.0,834.0,351.0,349.0,331.0,0.23224,-0.97266,-0.45179,0.89213,28,2015-07-28,40,903.0,0.24611,train
2015-06-19,bsi_value,715.0,6.57228,706.0,695.0,685.0,669.0,654.0,654.0,647.0,625.0,618.0,635.0,687.0,18.1,670.5,20.9,647.23,26.71,637.2,23.37,605.24,57.42,0.01267,0.08918,0.09994,0.14579,851.0,847.0,662.0,1241.0,1234.0,816.0,355.0,351.0,333.0,0.21548,-0.97651,-0.42083,0.90714,28,2015-07-29,40,903.0,0.23344,train
2015-06-22,bsi_value,721.0,6.58064,715.0,706.0,695.0,678.0,661.0,656.0,652.0,623.0,618.0,640.0,695.57,17.97,675.43,23.88,650.67,29.23,638.55,25.71,607.44,58.02,0.00836,0.08689,0.10059,0.15415,845.0,851.0,696.0,1248.0,1241.0,810.0,355.0,355.0,336.0,0.16482,-0.98632,-0.32513,0.94567,28,2015-07-30,38,898.0,0.21953,train
2015-06-23,bsi_value,722.0,6.58203,721.0,715.0,706.0,685.0,669.0,655.0,653.0,624.0,618.0,645.0,703.14,16.26,680.36,25.79,654.13,31.25,639.83,27.84,609.73,58.43,0.00139,0.07624,0.10045,0.15554,834.0,845.0,719.0,1300.0,1248.0,820.0,358.0,355.0,338.0,0.14783,-0.98901,-0.29241,0.95629,28,2015-07-31,38,892.0,0.21144,train
2015-06-24,bsi_value,721.0,6.58064,722.0,721.0,715.0,695.0,678.0,654.0,654.0,627.0,617.0,648.0,709.29,13.49,685.14,26.65,657.6,32.67,641.05,29.7,612.1,58.58,-0.00139,0.06149,0.09753,0.15577,829.0,834.0,742.0,1428.0,1300.0,840.0,359.0,358.0,341.0,0.13079,-0.99141,-0.25934,0.96579,28,2015-08-03,40,899.0,0.22064,train
2015-06-25,bsi_value,723.0,6.58341,721.0,722.0,721.0,706.0,685.0,661.0,654.0,631.0,619.0,648.0,714.71,9.75,690.07,26.82,661.07,33.89,642.3,31.49,614.62,58.41,0.00277,0.05399,0.1003,0.1553,827.0,829.0,772.0,1432.0,1428.0,904.0,361.0,359.0,345.0,0.11372,-0.99351,-0.22596,0.97414,28,2015-08-04,40,900.0,0.21899,train
2015-06-26,bsi_value,723.0,6.58341,723.0,721.0,722.0,715.0,695.0,669.0,656.0,635.0,624.0,647.0,718.71,5.77,694.86,26.28,664.37,34.92,643.57,33.14,617.26,57.89,0.0,0.0395,0.09725,0.14726,833.0,827.0,817.0,1393.0,1432.0,1045.0,362.0,361.0,349.0,0.09661,-0.99532,-0.19232,0.98133,28,2015-08-05,40,899.0,0.21787,train
2015-06-29,bsi_value,723.0,6.58341,723.0,723.0,721.0,721.0,706.0,678.0,655.0,642.0,626.0,649.0,721.14,2.64,699.71,24.71,667.6,35.7,644.8,34.66,619.96,57.09,0.0,0.02379,0.09877,0.14406,838.0,833.0,847.0,1346.0,1393.0,1234.0,361.0,362.0,351.0,0.04514,-0.99898,-0.09019,0.99592,28,2015-08-06,38,901.0,0.2201,train
2015-06-30,bsi_value,722.0,6.58203,723.0,723.0,723.0,722.0,715.0,685.0,654.0,647.0,628.0,650.0,722.14,0.83,704.57,21.75,670.73,36.21,646.0,36.04,622.64,56.12,-0.00138,0.00974,0.09892,0.13948,845.0,838.0,851.0,1292.0,1346.0,1241.0,361.0,361.0,355.0,0.02795,-0.99961,-0.05588,0.99844,28,2015-08-07,38,904.0,0.2248,train
2015-07-01,bsi_value,715.0,6.57228,722.0,723.0,723.0,721.0,721.0,695.0,661.0,652.0,626.0,646.0,721.29,2.66,708.43,18.17,673.7,36.07,647.15,37.11,625.28,54.82,-0.00974,-0.00836,0.07853,0.13293,858.0,845.0,845.0,1251.0,1292.0,1248.0,360.0,361.0,355.0,0.01075,-0.99994,-0.0215,0.99977,28,2015-08-10,40,904.0,0.23455,train
2015-07-02,bsi_value,713.0,6.56948,715.0,722.0,723.0,723.0,722.0,706.0,669.0,653.0,625.0,636.0,720.0,3.89,711.57,14.52,676.63,35.56,648.43,38.02,627.83,53.47,-0.0028,-0.01254,0.0637,0.13173,883.0,858.0,834.0,1226.0,1251.0,1300.0,360.0,360.0,358.0,-0.00645,-0.99998,0.0129,0.99992,28,2015-08-11,40,901.0,0.23402,train
2015-07-03,bsi_value,712.0,6.56808,713.0,715.0,722.0,723.0,721.0,715.0,678.0,654.0,623.0,631.0,718.71,4.74,714.0,11.15,679.6,34.67,649.78,38.81,630.3,52.16,-0.0014,-0.01256,0.04893,0.13353,908.0,883.0,829.0,1249.0,1226.0,1428.0,361.0,360.0,359.0,-0.02365,-0.99972,0.04729,0.99888,28,2015-08-12,40,900.0,0.23432,train
2015-07-06,bsi_value,716.0,6.57368,712.0,713.0,715.0,723.0,723.0,721.0,685.0,654.0,624.0,624.0,717.71,4.46,716.21,7.73,682.67,33.67,651.32,39.57,632.79,50.83,0.0056,-0.00973,0.04426,0.13753,927.0,908.0,827.0,1266.0,1249.0,1432.0,362.0,361.0,361.0,-0.07519,-0.99717,0.14995,0.98869,28,2015-08-13,38,899.0,0.2276,train
2015-07-07,bsi_value,723.0,6.58341,716.0,712.0,713.0,722.0,723.0,722.0,695.0,656.0,627.0,617.0,717.71,4.46,718.21,5.18,685.87,32.77,653.08,40.35,635.38,49.4,0.00973,0.0,0.0395,0.14246,945.0,927.0,833.0,1285.0,1266.0,1393.0,367.0,362.0,362.0,-0.09233,-0.99573,0.18387,0.98295,28,2015-08-14,38,901.0,0.2201,train
2015-07-08,bsi_value,742.0,6.60935,723.0,716.0,712.0,715.0,723.0,721.0,706.0,655.0,631.0,613.0,720.43,9.63,720.79,7.07,689.57,32.64,655.23,41.58,638.11,48.41,0.02594,0.02594,0.04973,0.16204,973.0,945.0,838.0,1278.0,1285.0,1346.0,373.0,367.0,361.0,-0.10945,-0.99399,0.21758,0.97604,28,2015-08-17,40,905.0,0.19859,train
2015-07-09,bsi_value,750.0,6.62007,742.0,723.0,716.0,713.0,722.0,723.0,715.0,654.0,635.0,609.0,724.43,14.19,723.29,10.12,693.4,32.76,657.58,42.86,640.82,47.77,0.01072,0.03805,0.04779,0.16645,1016.0,973.0,845.0,1279.0,1278.0,1292.0,377.0,373.0,361.0,-0.12653,-0.99196,0.25102,0.96798,28,2015-08-18,40,908.0,0.19117,train
2015-07-10,bsi_value,759.0,6.632,750.0,742.0,723.0,712.0,715.0,723.0,721.0,661.0,642.0,608.0,730.71,17.89,726.0,13.63,697.3,33.36,660.1,44.29,643.53,47.47,0.01193,0.05972,0.05136,0.16741,1052.0,1016.0,858.0,1318.0,1279.0,1251.0,384.0,377.0,360.0,-0.14357,-0.98964,0.28417,0.95877,28,2015-08-19,40,915.0,0.18692,train
2015-07-13,bsi_value,767.0,6.64249,759.0,750.0,742.0,716.0,713.0,723.0,722.0,669.0,647.0,608.0,738.43,20.09,729.21,17.16,701.3,34.27,662.75,45.82,646.19,47.62,0.01049,0.07301,0.06046,0.17014,1076.0,1052.0,883.0,1389.0,1318.0,1226.0,391.0,384.0,360.0,-0.19443,-0.98092,0.38144,0.92439,28,2015-08-20,38,920.0,0.18189,train
2015-07-14,bsi_value,774.0,6.65157,767.0,759.0,750.0,723.0,712.0,722.0,721.0,678.0,652.0,612.0,747.29,20.15,733.0,20.46,705.37,35.4,665.45,47.49,648.78,48.16,0.00909,0.08349,0.07093,0.17153,1096.0,1076.0,908.0,1394.0,1389.0,1249.0,399.0,391.0,361.0,-0.21128,-0.97743,0.41301,0.91073,28,2015-08-21,38,924.0,0.17714,train
2015-07-15,bsi_value,784.0,6.66441,774.0,767.0,759.0,742.0,716.0,715.0,723.0,685.0,653.0,619.0,757.0,19.09,737.36,24.04,709.73,36.73,668.2,49.46,651.38,49.07,0.01284,0.09073,0.081,0.18283,1122.0,1096.0,927.0,1462.0,1394.0,1266.0,409.0,399.0,362.0,-0.22806,-0.97365,0.4441,0.89598,28,2015-08-24,40,930.0,0.17078,train
2015-07-16,bsi_value,801.0,6.68586,784.0,774.0,767.0,750.0,723.0,713.0,723.0,695.0,654.0,618.0,768.14,18.76,742.93,28.66,714.63,38.72,671.25,51.86,654.06,50.56,0.02145,0.10245,0.10245,0.20275,1149.0,1122.0,945.0,1611.0,1462.0,1285.0,417.0,409.0,367.0,-0.24477,-0.96958,0.47465,0.88017,28,2015-08-25,40,933.0,0.15254,train
2015-07-17,bsi_value,823.0,6.71296,801.0,784.0,774.0,759.0,742.0,712.0,723.0,706.0,654.0,619.0,779.71,23.46,750.07,34.64,720.27,41.67,674.65,54.92,656.91,52.72,0.0271,0.10361,0.12955,0.22985,1162.0,1149.0,973.0,1712.0,1611.0,1278.0,427.0,417.0,373.0,-0.26141,-0.96523,0.50465,0.86333,28,2015-08-26,40,934.0,0.12652,train
2015-07-20,bsi_value,846.0,6.74052,823.0,801.0,784.0,767.0,750.0,716.0,722.0,715.0,656.0,620.0,793.43,29.39,758.93,41.51,726.6,45.67,678.42,58.66,659.94,55.58,0.02756,0.12045,0.15849,0.25436,1170.0,1162.0,1016.0,1763.0,1712.0,1279.0,431.0,427.0,377.0,-0.31086,-0.95046,0.59091,0.80674,28,2015-08-27,38,933.0,0.09789,train
2015-07-21,bsi_value,862.0,6.75926,846.0,823.0,801.0,774.0,759.0,723.0,715.0,721.0,655.0,621.0,808.14,33.91,769.43,47.26,733.5,49.78,682.43,62.7,663.08,58.84,0.01874,0.12725,0.18697,0.27462,1179.0,1170.0,1052.0,1935.0,1763.0,1318.0,432.0,431.0,384.0,-0.32716,-0.94497,0.61831,0.78593,28,2015-08-28,38,931.0,0.077,train
2015-07-22,bsi_value,875.0,6.77422,862.0,846.0,823.0,784.0,767.0,742.0,713.0,722.0,654.0,624.0,823.57,36.17,781.0,51.66,740.87,53.67,686.62,66.9,666.26,62.37,0.01497,0.13174,0.20474,0.29112,1179.0,1179.0,1076.0,1952.0,1935.0,1389.0,433.0,432.0,391.0,-0.34337,-0.9392,0.64498,0.7642,28,2015-09-01,41,925.0,0.05557,train
2015-07-23,bsi_value,889.0,6.7901,875.0,862.0,846.0,801.0,774.0,750.0,712.0,721.0,661.0,626.0,840.0,36.04,793.64,54.79,748.47,57.81,691.0,71.26,669.51,66.15,0.01587,0.13853,0.22202,0.29634,1161.0,1179.0,1096.0,1924.0,1952.0,1394.0,431.0,433.0,399.0,-0.35947,-0.93316,0.67089,0.74156,28,2015-09-02,41,912.0,0.02554,train
2015-07-24,bsi_value,896.0,6.79794,889.0,875.0,862.0,823.0,784.0,759.0,716.0,723.0,669.0,628.0,856.0,32.29,806.5,56.16,756.03,61.64,695.47,75.44,672.73,69.93,0.00784,0.13353,0.22426,0.29216,1137.0,1161.0,1122.0,1896.0,1924.0,1462.0,428.0,431.0,409.0,-0.37547,-0.92683,0.696,0.71804,28,2015-09-03,41,896.0,0.0,train
2015-07-27,bsi_value,899.0,6.80128,896.0,889.0,875.0,846.0,801.0,767.0,723.0,723.0,678.0,627.0,870.0,26.05,819.07,55.76,763.4,64.99,700.0,79.27,675.93,73.53,0.00334,0.11542,0.21787,0.28214,1115.0,1137.0,1149.0,1935.0,1896.0,1611.0,427.0,428.0,417.0,-0.42278,-0.90623,0.76627,0.64251,28,2015-09-04,39,882.0,-0.01909,train
2015-07-28,bsi_value,903.0,6.80572,899.0,896.0,889.0,862.0,823.0,774.0,742.0,723.0,685.0,625.0,881.43,19.7,830.57,55.28,770.67,67.94,704.63,82.8,679.12,77.0,0.00444,0.09277,0.19637,0.2763,1095.0,1115.0,1162.0,1990.0,1935.0,1712.0,425.0,427.0,427.0,-0.43831,-0.89883,0.78792,0.61577,28,2015-09-07,41,870.0,-0.03723,train
2015-07-29,bsi_value,903.0,6.80572,903.0,899.0,896.0,875.0,846.0,784.0,750.0,722.0,695.0,621.0,889.57,14.46,841.5,53.36,777.6,70.43,709.33,85.86,682.23,80.26,0.0,0.0652,0.18565,0.26181,1069.0,1095.0,1170.0,2103.0,1990.0,1763.0,423.0,425.0,431.0,-0.4537,-0.89115,0.80864,0.58831,28,2015-09-08,41,857.0,-0.05228,train
2015-07-30,bsi_value,898.0,6.80017,903.0,903.0,899.0,889.0,862.0,801.0,759.0,715.0,706.0,618.0,894.71,9.18,851.43,49.91,784.0,72.33,714.0,88.35,685.24,83.16,-0.00555,0.04091,0.16817,0.24055,1044.0,1069.0,1179.0,2116.0,2103.0,1935.0,422.0,423.0,432.0,-0.46897,-0.88322,0.8284,0.56014,28,2015-09-09,41,848.0,-0.05729,train
2015-07-31,bsi_value,892.0,6.79347,898.0,903.0,903.0,896.0,875.0,823.0,767.0,713.0,715.0,618.0,897.14,4.88,860.36,44.94,789.9,73.67,718.57,90.32,688.1,85.76,-0.0067,0.01924,0.15098,0.22118,1023.0,1044.0,1179.0,2209.0,2116.0,1952.0,423.0,422.0,433.0,-0.48409,-0.87502,0.84717,0.53132,28,2015-09-10,41,838.0,-0.06245,train
2015-08-03,bsi_value,899.0,6.80128,892.0,898.0,903.0,899.0,889.0,846.0,774.0,712.0,721.0,618.0,898.57,3.58,869.29,38.9,795.83,75.03,723.25,92.25,690.98,88.4,0.00782,0.01119,0.14971,0.22064,1006.0,1023.0,1161.0,2308.0,2209.0,1924.0,424.0,423.0,431.0,-0.52858,-0.84888,0.89741,0.4412,28,2015-09-11,39,824.0,-0.08711,train
2015-08-04,bsi_value,900.0,6.80239,899.0,892.0,898.0,903.0,896.0,862.0,784.0,716.0,722.0,618.0,899.14,3.44,877.57,31.51,801.77,75.99,727.95,93.94,693.81,90.93,0.00111,0.00445,0.13799,0.22037,1001.0,1006.0,1137.0,2512.0,2308.0,1896.0,425.0,424.0,428.0,-0.54311,-0.83966,0.91205,0.41007,28,2015-09-14,41,810.0,-0.10536,train
2015-08-05,bsi_value,899.0,6.80128,900.0,899.0,892.0,903.0,899.0,875.0,801.0,723.0,721.0,617.0,899.14,3.44,884.57,23.62,807.7,76.4,732.65,95.31,696.6,93.3,-0.00111,0.0,0.11542,0.22064,1005.0,1001.0,1115.0,2604.0,2512.0,1935.0,427.0,425.0,427.0,-0.55747,-0.8302,0.92562,0.37846,28,2015-09-15,41,799.0,-0.11792,train
2015-08-06,bsi_value,901.0,6.80351,899.0,900.0,899.0,898.0,903.0,889.0,823.0,742.0,723.0,619.0,898.86,3.18,890.14,16.59,813.63,76.51,737.35,96.54,699.41,95.58,0.00222,-0.00222,0.09055,0.2201,1013.0,1005.0,1095.0,2514.0,2604.0,1990.0,432.0,427.0,425.0,-0.57167,-0.82049,0.93809,0.34639,28,2015-09-16,41,789.0,-0.13274,train
2015-08-07,bsi_value,904.0,6.80683,901.0,899.0,900.0,892.0,903.0,896.0,846.0,750.0,723.0,624.0,899.0,3.38,894.29,11.51,819.67,76.26,742.02,97.71,702.27,97.79,0.00332,0.00111,0.06631,0.22342,1021.0,1013.0,1069.0,2512.0,2514.0,2103.0,438.0,432.0,423.0,-0.5857,-0.81053,0.94945,0.31392,28,2015-09-17,41,783.0,-0.1437,train
2015-08-10,bsi_value,904.0,6.80683,904.0,901.0,899.0,899.0,898.0,899.0,862.0,759.0,723.0,626.0,899.86,3.76,897.29,7.47,825.7,75.53,746.65,98.68,705.1,99.87,0.0,0.00666,0.04757,0.22342,1028.0,1021.0,1044.0,2499.0,2512.0,2116.0,443.0,438.0,422.0,-0.62673,-0.77924,0.97674,0.21443,28,2015-09-18,39,772.0,-0.15784,train
2015-08-11,bsi_value,901.0,6.80351,904.0,904.0,901.0,900.0,892.0,903.0,875.0,767.0,722.0,628.0,901.14,1.96,899.14,4.22,831.67,74.16,751.2,99.4,707.89,101.78,-0.00332,0.01004,0.02928,0.22148,1043.0,1028.0,1023.0,2367.0,2499.0,2209.0,446.0,443.0,423.0,-0.64004,-0.76834,0.98354,0.1807,28,2015-09-21,41,762.0,-0.16756,train
2015-08-12,bsi_value,900.0,6.80239,901.0,904.0,904.0,899.0,899.0,903.0,889.0,774.0,715.0,626.0,901.29,1.83,899.93,3.15,837.83,71.86,755.77,99.84,710.71,103.53,-0.00111,0.00111,0.0123,0.23011,1053.0,1043.0,1006.0,2107.0,2367.0,2308.0,447.0,446.0,424.0,-0.65316,-0.75722,0.98917,0.14676,28,2015-09-22,41,757.0,-0.17303,train
2015-08-13,bsi_value,899.0,6.80128,900.0,901.0,904.0,901.0,900.0,898.0,896.0,784.0,713.0,625.0,901.14,1.96,900.14,2.97,844.03,68.78,760.33,100.02,713.63,105.08,-0.00111,-0.00111,0.00334,0.2318,1054.0,1053.0,1001.0,1875.0,2107.0,2512.0,448.0,447.0,425.0,-0.66609,-0.74587,0.99363,0.11265,28,2015-09-23,41,749.0,-0.18254,train
2015-08-14,bsi_value,901.0,6.80351,899.0,900.0,901.0,904.0,899.0,892.0,899.0,801.0,712.0,623.0,901.43,1.76,900.29,2.96,850.33,64.94,764.97,99.99,716.63,106.53,0.00222,0.00222,0.00222,0.23543,1057.0,1054.0,1005.0,1884.0,1875.0,2604.0,449.0,448.0,427.0,-0.67882,-0.7343,0.99692,0.07841,28,2015-09-24,41,742.0,-0.19416,train
2015-08-17,bsi_value,905.0,6.80793,901.0,899.0,900.0,904.0,901.0,899.0,903.0,823.0,716.0,624.0,902.0,2.14,900.43,3.13,856.63,60.63,769.65,99.85,719.76,107.87,0.00443,0.00443,0.00221,0.23425,1057.0,1057.0,1013.0,1913.0,1884.0,2514.0,449.0,449.0,432.0,-0.7158,-0.69831,0.99969,-0.02473,28,2015-09-25,39,738.0,-0.20399,train
2015-08-18,bsi_value,908.0,6.81124,905.0,901.0,899.0,901.0,904.0,900.0,903.0,846.0,723.0,627.0,902.57,2.97,900.79,3.65,862.8,55.95,774.33,99.64,722.99,109.1,0.00331,0.00442,0.00552,0.22784,1052.0,1057.0,1021.0,1838.0,1913.0,2512.0,449.0,449.0,438.0,-0.7277,-0.68589,0.99825,-0.0591,28,2015-09-28,41,733.0,-0.2141,train
2015-08-19,bsi_value,915.0,6.81892,908.0,905.0,901.0,900.0,904.0,899.0,898.0,862.0,742.0,631.0,904.14,5.3,902.0,5.07,868.57,51.98,779.07,99.47,726.34,110.3,0.00768,0.01209,0.01875,0.20957,1049.0,1052.0,1028.0,1773.0,1838.0,2499.0,453.0,449.0,443.0,-0.73939,-0.67327,0.99563,-0.0934,28,2015-09-29,41,724.0,-0.23413,train
2015-08-20,bsi_value,920.0,6.82437,915.0,908.0,905.0,899.0,901.0,901.0,892.0,875.0,750.0,635.0,906.86,7.43,904.0,6.14,874.23,47.85,783.82,99.28,729.8,111.44,0.00545,0.02087,0.03091,0.2043,1052.0,1049.0,1043.0,1679.0,1773.0,2367.0,460.0,453.0,446.0,-0.75086,-0.66046,0.99183,-0.12759,28,2015-09-30,41,713.0,-0.25489,train
2015-08-21,bsi_value,924.0,6.82871,920.0,915.0,908.0,901.0,900.0,904.0,899.0,889.0,759.0,642.0,910.29,8.88,905.79,7.83,879.73,43.58,788.52,99.13,733.31,112.52,0.00434,0.02632,0.02743,0.19671,1054.0,1052.0,1053.0,1559.0,1679.0,2107.0,464.0,460.0,447.0,-0.76211,-0.64744,0.98685,-0.16164,28,2015-10-01,41,703.0,-0.27336,train
2015-08-24,bsi_value,930.0,6.83518,924.0,920.0,915.0,905.0,899.0,904.0,900.0,896.0,767.0,647.0,914.71,9.82,907.93,9.81,885.17,39.11,793.23,99.02,736.89,113.59,0.00647,0.0339,0.03279,0.1927,1052.0,1054.0,1054.0,1403.0,1559.0,1875.0,469.0,464.0,448.0,-0.7945,-0.60727,0.96495,-0.26245,28,2015-10-02,39,695.0,-0.29127,train
2015-08-25,bsi_value,933.0,6.83841,930.0,924.0,920.0,908.0,901.0,901.0,899.0,899.0,774.0,652.0,919.29,9.82,910.36,11.38,890.47,34.15,797.92,98.87,740.46,114.65,0.00322,0.0349,0.03712,0.18683,1047.0,1052.0,1057.0,1248.0,1403.0,1884.0,473.0,469.0,449.0,-0.80483,-0.59351,0.95535,-0.29549,28,2015-10-05,41,691.0,-0.30027,train
2015-08-26,bsi_value,934.0,6.83948,933.0,930.0,924.0,915.0,905.0,900.0,901.0,903.0,784.0,653.0,923.43,9.01,912.71,12.56,895.47,28.75,802.6,98.55,743.96,115.69,0.00107,0.03154,0.03597,0.17507,1031.0,1047.0,1057.0,1089.0,1248.0,1913.0,477.0,473.0,449.0,-0.81492,-0.57958,0.94462,-0.32818,28,2015-10-06,41,688.0,-0.30569,train
2015-08-27,bsi_value,933.0,6.83841,934.0,933.0,930.0,920.0,908.0,899.0,904.0,903.0,801.0,654.0,927.0,6.89,914.79,13.32,899.87,23.59,807.25,98.01,747.46,116.59,-0.00107,0.02716,0.03158,0.15254,1000.0,1031.0,1052.0,1051.0,1089.0,1838.0,479.0,477.0,449.0,-0.82477,-0.56548,0.93277,-0.36047,28,2015-10-07,41,681.0,-0.31484,train
2015-08-28,bsi_value,931.0,6.83626,933.0,934.0,933.0,924.0,915.0,901.0,904.0,898.0,823.0,654.0,929.29,4.89,916.71,13.57,903.47,19.47,811.87,97.2,750.92,117.35,-0.00215,0.01734,0.02943,0.1233,974.0,1000.0,1049.0,1071.0,1051.0,1773.0,480.0,479.0,453.0,-0.83437,-0.5512,0.91982,-0.39235,28,2015-10-08,41,676.0,-0.32007,train
2015-09-01,bsi_value,925.0,6.82979,931.0,933.0,934.0,930.0,920.0,905.0,901.0,892.0,846.0,656.0,930.0,3.7,918.43,12.98,906.1,16.66,816.35,96.11,754.31,117.93,-0.00647,0.00542,0.02629,0.08927,949.0,974.0,1052.0,1176.0,1071.0,1679.0,480.0,480.0,460.0,-0.87029,-0.49253,0.8573,-0.51482,28,2015-10-09,38,672.0,-0.31954,train
2015-09-02,bsi_value,912.0,6.81564,925.0,931.0,933.0,933.0,924.0,908.0,900.0,899.0,862.0,655.0,928.29,7.21,919.29,12.1,907.77,14.53,820.63,94.53,757.54,118.22,-0.01415,-0.01307,0.01325,0.05638,912.0,949.0,1054.0,1194.0,1176.0,1559.0,481.0,480.0,464.0,-0.87864,-0.47749,0.83908,-0.54401,28,2015-10-12,40,669.0,-0.30986,train
2015-09-03,bsi_value,896.0,6.79794,912.0,925.0,931.0,934.0,930.0,915.0,899.0,900.0,875.0,654.0,923.43,13.3,919.07,12.48,908.47,13.39,824.67,92.48,760.57,118.24,-0.0177,-0.03724,-0.00334,0.02372,870.0,912.0,1052.0,1195.0,1194.0,1403.0,483.0,481.0,469.0,-0.88672,-0.4623,0.81987,-0.57255,28,2015-10-13,40,666.0,-0.29665,train
2015-09-04,bsi_value,882.0,6.78219,896.0,912.0,925.0,933.0,933.0,920.0,901.0,899.0,889.0,661.0,916.14,18.86,917.71,15.12,908.23,13.79,828.35,90.26,763.41,118.05,-0.01575,-0.05621,-0.02131,-0.00791,837.0,870.0,1047.0,1187.0,1195.0,1248.0,485.0,483.0,473.0,-0.89454,-0.44698,0.79969,-0.60041,28,2015-10-14,40,664.0,-0.28391,train
2015-09-07,bsi_value,870.0,6.76849,882.0,896.0,912.0,931.0,934.0,924.0,905.0,901.0,896.0,669.0,907.0,23.04,915.21,19.32,907.37,15.27,831.7,87.99,766.1,117.69,-0.0137,-0.07098,-0.03944,-0.02945,812.0,837.0,1031.0,1243.0,1187.0,1089.0,482.0,485.0,477.0,-0.91641,-0.40024,0.73357,-0.67961,28,2015-10-15,38,662.0,-0.27323,train
2015-09-08,bsi_value,857.0,6.75344,870.0,882.0,896.0,925.0,933.0,930.0,908.0,904.0,899.0,678.0,896.14,25.95,911.57,24.46,905.97,17.7,834.68,85.73,768.66,117.14,-0.01506,-0.08497,-0.05781,-0.04785,793.0,812.0,1000.0,1286.0,1243.0,1051.0,477.0,482.0,479.0,-0.92316,-0.38442,0.70976,-0.70444,28,2015-10-16,38,661.0,-0.25968,train
2015-09-09,bsi_value,848.0,6.74288,857.0,870.0,882.0,912.0,931.0,933.0,915.0,904.0,903.0,685.0,884.29,26.28,906.79,29.38,904.13,20.53,837.4,83.5,771.13,116.43,-0.01056,-0.09338,-0.07604,-0.06284,776.0,793.0,974.0,1256.0,1286.0,1071.0,472.0,477.0,480.0,-0.92963,-0.36848,0.68511,-0.72844,28,2015-10-19,40,658.0,-0.25368,train
2015-09-10,bsi_value,838.0,6.73102,848.0,857.0,870.0,896.0,925.0,934.0,920.0,901.0,903.0,695.0,871.86,24.6,900.93,33.98,901.97,23.72,839.78,81.41,773.54,115.54,-0.01186,-0.09878,-0.09336,-0.0747,751.0,776.0,949.0,1202.0,1256.0,1176.0,468.0,472.0,480.0,-0.93583,-0.35244,0.65965,-0.75157,28,2015-10-20,40,656.0,-0.24486,train
2015-09-11,bsi_value,824.0,6.71417,838.0,848.0,857.0,882.0,912.0,933.0,924.0,900.0,898.0,706.0,859.29,23.33,893.79,38.58,899.5,27.54,841.75,79.56,775.83,114.47,-0.01685,-0.10147,-0.11454,-0.086,735.0,751.0,912.0,1198.0,1202.0,1194.0,460.0,468.0,481.0,-0.94176,-0.33629,0.63341,-0.77382,28,2015-10-21,40,654.0,-0.23106,train
2015-09-14,bsi_value,810.0,6.69703,824.0,838.0,848.0,870.0,896.0,931.0,930.0,899.0,892.0,715.0,847.0,23.4,885.21,42.69,896.77,31.88,843.33,77.95,777.97,113.29,-0.01714,-0.10091,-0.13815,-0.09643,723.0,735.0,870.0,1185.0,1198.0,1195.0,452.0,460.0,483.0,-0.95785,-0.28726,0.55031,-0.83496,28,2015-10-22,38,652.0,-0.21699,train
2015-09-15,bsi_value,799.0,6.68336,810.0,824.0,838.0,857.0,882.0,925.0,933.0,901.0,899.0,721.0,835.14,23.69,875.64,45.81,893.43,36.38,844.63,76.54,779.98,112.03,-0.01367,-0.09883,-0.15504,-0.11792,720.0,723.0,837.0,1196.0,1185.0,1187.0,445.0,452.0,485.0,-0.96265,-0.27074,0.52126,-0.8534,28,2015-10-23,38,649.0,-0.20793,train
2015-09-16,bsi_value,789.0,6.67077,799.0,810.0,824.0,848.0,870.0,912.0,934.0,905.0,900.0,722.0,823.57,23.62,865.29,47.8,889.73,40.89,845.75,75.22,781.88,110.71,-0.01259,-0.09773,-0.16871,-0.13163,716.0,720.0,812.0,1264.0,1196.0,1243.0,439.0,445.0,482.0,-0.96717,-0.25414,0.4916,-0.87082,28,2015-10-26,40,648.0,-0.19688,train
2015-09-17,bsi_value,783.0,6.66313,789.0,799.0,810.0,838.0,857.0,896.0,933.0,908.0,899.0,721.0,813.0,22.84,854.57,48.23,885.87,45.1,846.78,73.91,783.72,109.32,-0.00763,-0.09031,-0.17527,-0.13815,727.0,716.0,793.0,1637.0,1264.0,1286.0,431.0,439.0,477.0,-0.9714,-0.23747,0.46135,-0.88722,28,2015-10-27,40,646.0,-0.19233,train
2015-09-18,bsi_value,772.0,6.64898,783.0,789.0,799.0,824.0,848.0,882.0,931.0,915.0,901.0,723.0,802.14,21.66,843.21,47.61,881.57,49.4,847.6,72.8,785.42,107.93,-0.01415,-0.0939,-0.18727,-0.15452,753.0,727.0,776.0,1995.0,1637.0,1256.0,426.0,431.0,472.0,-0.97534,-0.22072,0.43056,-0.90256,28,2015-10-28,40,645.0,-0.17973,train
2015-09-21,bsi_value,762.0,6.63595,772.0,783.0,789.0,810.0,838.0,870.0,925.0,920.0,904.0,723.0,791.29,19.94,831.57,46.09,876.83,53.64,848.25,71.86,786.96,106.6,-0.01304,-0.09507,-0.19385,-0.17088,769.0,753.0,751.0,2096.0,1995.0,1202.0,421.0,426.0,468.0,-0.98542,-0.17012,0.33528,-0.94212,28,2015-10-29,38,643.0,-0.1698,train
2015-09-22,bsi_value,757.0,6.62936,762.0,772.0,783.0,799.0,824.0,857.0,912.0,924.0,904.0,723.0,781.71,17.92,820.5,44.01,871.93,57.51,848.82,71.0,788.41,105.27,-0.00658,-0.08481,-0.18628,-0.17747,769.0,769.0,735.0,1873.0,2096.0,1198.0,417.0,421.0,460.0,-0.9882,-0.15314,0.30267,-0.9531,28,2015-10-30,38,633.0,-0.17889,train
2015-09-23,bsi_value,749.0,6.61874,757.0,762.0,772.0,789.0,810.0,848.0,896.0,930.0,901.0,722.0,773.0,16.84,810.0,42.25,866.87,61.3,849.27,70.27,789.76,103.98,-0.01062,-0.0783,-0.1792,-0.18477,761.0,769.0,723.0,1872.0,1873.0,1185.0,414.0,417.0,452.0,-0.99069,-0.13612,0.26971,-0.96294,28,2015-11-02,40,629.0,-0.17461,train
2015-09-24,bsi_value,742.0,6.60935,749.0,757.0,762.0,783.0,799.0,838.0,882.0,933.0,900.0,715.0,764.86,16.07,800.0,40.56,861.6,64.91,849.72,69.49,791.04,102.65,-0.00939,-0.07401,-0.17284,-0.19305,751.0,761.0,720.0,1911.0,1872.0,1196.0,411.0,414.0,445.0,-0.99289,-0.11906,0.23642,-0.97165,28,2015-11-03,40,620.0,-0.17963,train
2015-09-25,bsi_value,738.0,6.60394,742.0,749.0,757.0,772.0,789.0,824.0,870.0,934.0,899.0,713.0,757.57,14.99,790.57,38.48,856.23,68.17,850.13,68.74,792.3,101.3,-0.00541,-0.06682,-0.16455,-0.19734,744.0,751.0,716.0,2024.0,1911.0,1264.0,408.0,411.0,439.0,-0.99479,-0.10196,0.20286,-0.97921,28,2015-11-04,40,609.0,-0.19213,train
2015-09-28,bsi_value,733.0,6.59715,738.0,742.0,749.0,762.0,783.0,810.0,857.0,933.0,901.0,712.0,750.43,12.95,781.71,36.38,850.63,71.1,850.48,68.09,793.52,99.9,-0.0068,-0.06599,-0.15629,-0.20636,738.0,744.0,727.0,2075.0,2024.0,1637.0,402.0,408.0,431.0,-0.99872,-0.05051,0.10089,-0.9949,28,2015-11-05,38,596.0,-0.20691,train
2015-09-29,bsi_value,724.0,6.58479,733.0,738.0,742.0,757.0,772.0,799.0,848.0,931.0,905.0,716.0,743.57,12.41,772.86,34.19,844.6,73.85,850.62,67.83,794.63,98.56,-0.01235,-0.06419,-0.15809,-0.22314,725.0,738.0,753.0,2031.0,2075.0,1995.0,400.0,402.0,426.0,-0.99944,-0.03332,0.06661,-0.99778,28,2015-11-06,38,584.0,-0.21489,train
2015-09-30,bsi_value,713.0,6.56948,724.0,733.0,738.0,749.0,762.0,789.0,838.0,925.0,908.0,723.0,736.57,13.78,763.93,32.28,838.1,76.52,850.45,68.16,795.59,97.34,-0.01531,-0.06647,-0.16154,-0.24176,712.0,725.0,769.0,1936.0,2031.0,2096.0,398.0,400.0,421.0,-0.99987,-0.01613,0.03225,-0.99948,28,2015-11-09,40,571.0,-0.22209,train
2015-10-01,bsi_value,703.0,6.55536,713.0,724.0,733.0,742.0,757.0,783.0,824.0,912.0,915.0,742.0,728.86,15.23,755.29,31.22,831.03,78.85,849.8,69.36,796.39,96.27,-0.01412,-0.07401,-0.15881,-0.26357,704.0,712.0,769.0,1911.0,1936.0,1873.0,396.0,398.0,417.0,-1.0,0.00108,-0.00215,-1.0,28,2015-11-10,40,562.0,-0.22386,train
2015-10-02,bsi_value,695.0,6.54391,703.0,713.0,724.0,738.0,749.0,772.0,810.0,896.0,920.0,750.0,721.14,16.68,747.07,30.87,823.53,80.71,848.88,71.02,797.06,95.35,-0.01145,-0.07483,-0.15312,-0.28046,701.0,704.0,761.0,1931.0,1911.0,1872.0,392.0,396.0,414.0,-0.99983,0.01828,-0.03655,-0.99933,28,2015-11-11,40,554.0,-0.22675,train
2015-10-05,bsi_value,691.0,6.53814,695.0,703.0,713.0,733.0,742.0,762.0,799.0,882.0,924.0,759.0,713.86,17.11,739.36,30.42,815.77,81.87,847.75,72.96,797.6,94.6,-0.00577,-0.07121,-0.14522,-0.29057,699.0,701.0,751.0,1901.0,1931.0,1911.0,390.0,392.0,411.0,-0.99756,0.06983,-0.13932,-0.99025,28,2015-11-12,38,543.0,-0.24103,train
2015-10-06,bsi_value,688.0,6.53379,691.0,695.0,703.0,724.0,738.0,757.0,789.0,870.0,930.0,767.0,706.71,15.93,732.14,29.77,807.7,82.14,846.43,75.09,798.06,93.98,-0.00435,-0.07015,-0.13698,-0.3014,700.0,699.0,744.0,1860.0,1901.0,2024.0,386.0,390.0,408.0,-0.99621,0.08698,-0.1733,-0.98487,28,2015-11-13,38,533.0,-0.25527,train
2015-10-07,bsi_value,681.0,6.52356,688.0,691.0,695.0,713.0,733.0,749.0,783.0,857.0,933.0,774.0,699.29,13.95,724.86,28.9,799.3,81.78,844.88,77.49,798.38,93.52,-0.01023,-0.07358,-0.13957,-0.31484,709.0,700.0,738.0,1742.0,1860.0,2075.0,384.0,386.0,402.0,-0.99457,0.1041,-0.20707,-0.97833,28,2015-11-16,40,523.0,-0.26398,train
2015-10-08,bsi_value,676.0,6.51619,681.0,688.0,691.0,703.0,724.0,742.0,772.0,848.0,934.0,784.0,692.43,11.73,718.0,28.28,790.7,80.72,843.08,80.09,798.63,93.16,-0.00737,-0.0686,-0.13279,-0.32328,736.0,709.0,725.0,1598.0,1742.0,2031.0,382.0,384.0,400.0,-0.99263,0.12119,-0.2406,-0.97062,28,2015-11-17,40,516.0,-0.27009,train
2015-10-09,bsi_value,672.0,6.51026,676.0,681.0,688.0,695.0,713.0,738.0,762.0,838.0,933.0,801.0,686.57,10.13,711.57,27.77,782.0,78.96,840.93,82.88,798.83,92.86,-0.00593,-0.05922,-0.12569,-0.32815,761.0,736.0,712.0,1549.0,1598.0,1936.0,380.0,382.0,398.0,-0.9904,0.13825,-0.27385,-0.96177,28,2015-11-18,40,504.0,-0.28768,train
2015-10-12,bsi_value,669.0,6.50578,672.0,676.0,681.0,691.0,703.0,733.0,757.0,824.0,931.0,823.0,681.71,9.19,705.29,26.72,773.27,76.44,838.37,85.73,799.0,92.62,-0.00447,-0.04957,-0.12358,-0.33048,768.0,761.0,704.0,1551.0,1549.0,1911.0,380.0,380.0,396.0,-0.98195,0.18916,-0.37148,-0.92844,28,2015-11-19,38,491.0,-0.30934,train
2015-10-13,bsi_value,666.0,6.50129,669.0,672.0,676.0,688.0,695.0,724.0,749.0,810.0,925.0,846.0,677.57,8.8,699.36,25.54,764.63,73.39,835.37,88.51,799.11,92.45,-0.00449,-0.04262,-0.11745,-0.3285,770.0,768.0,701.0,1531.0,1551.0,1931.0,379.0,380.0,392.0,-0.97855,0.20602,-0.4032,-0.91511,28,2015-11-20,38,479.0,-0.32959,train
2015-10-14,bsi_value,664.0,6.49828,666.0,669.0,672.0,681.0,691.0,713.0,742.0,799.0,912.0,862.0,673.71,7.94,693.79,24.1,756.37,70.22,832.07,91.11,799.21,92.3,-0.00301,-0.03986,-0.11107,-0.31736,761.0,770.0,699.0,1457.0,1531.0,1901.0,379.0,379.0,390.0,-0.97486,0.22282,-0.43444,-0.9007,28,2015-11-23,40,472.0,-0.3413,train
2015-10-15,bsi_value,662.0,6.49527,664.0,666.0,669.0,676.0,688.0,703.0,738.0,789.0,896.0,875.0,670.0,6.3,688.36,22.0,748.57,67.21,828.52,93.49,799.3,92.16,-0.00302,-0.03852,-0.10868,-0.30267,742.0,761.0,700.0,1368.0,1457.0,1860.0,378.0,379.0,386.0,-0.97088,0.23956,-0.46516,-0.88523,28,2015-11-24,40,469.0,-0.34466,train
2015-10-16,bsi_value,661.0,6.49375,662.0,664.0,666.0,672.0,681.0,695.0,733.0,783.0,882.0,889.0,667.14,5.08,683.21,19.2,741.2,64.22,824.72,95.56,799.3,92.16,-0.00151,-0.02981,-0.10339,-0.28844,722.0,742.0,709.0,1318.0,1368.0,1742.0,376.0,378.0,384.0,-0.96662,0.25622,-0.49534,-0.8687,28,2015-11-25,40,467.0,-0.34742,train
2015-10-19,bsi_value,658.0,6.4892,661.0,662.0,664.0,669.0,676.0,691.0,724.0,772.0,870.0,896.0,664.57,4.47,678.5,16.52,734.13,61.26,820.75,97.44,799.18,92.34,-0.00455,-0.02699,-0.09559,-0.27929,710.0,722.0,736.0,1312.0,1318.0,1598.0,371.0,376.0,382.0,-0.95211,0.30574,-0.5822,-0.81304,28,2015-11-26,38,467.0,-0.34288,train
2015-10-20,bsi_value,656.0,6.48616,658.0,661.0,662.0,666.0,672.0,688.0,713.0,762.0,857.0,899.0,662.29,4.16,674.43,14.4,727.43,58.38,816.7,99.14,798.93,92.69,-0.00304,-0.0241,-0.08332,-0.26728,701.0,710.0,761.0,1399.0,1312.0,1549.0,368.0,371.0,380.0,-0.94671,0.32208,-0.60983,-0.79253,28,2015-11-27,38,467.0,-0.33983,train
2015-10-21,bsi_value,654.0,6.48311,656.0,658.0,661.0,664.0,669.0,681.0,703.0,757.0,848.0,903.0,660.14,4.02,670.93,12.91,720.97,55.33,812.55,100.64,798.59,93.17,-0.00305,-0.02268,-0.07225,-0.25977,693.0,701.0,768.0,1483.0,1399.0,1551.0,366.0,368.0,380.0,-0.94103,0.33831,-0.63673,-0.77109,28,2015-11-30,40,467.0,-0.33678,train
2015-10-22,bsi_value,652.0,6.48004,654.0,656.0,658.0,662.0,666.0,676.0,695.0,749.0,838.0,903.0,658.14,4.09,667.86,11.89,714.77,52.2,808.37,102.0,798.11,93.81,-0.00306,-0.02125,-0.06387,-0.25097,685.0,693.0,770.0,1512.0,1483.0,1531.0,365.0,366.0,379.0,-0.93507,0.35445,-0.66288,-0.74873,28,2015-12-01,40,469.0,-0.32944,train
2015-10-23,bsi_value,649.0,6.47543,652.0,654.0,656.0,661.0,664.0,672.0,691.0,742.0,824.0,898.0,656.0,4.38,664.86,10.93,708.93,49.37,804.22,103.33,797.48,94.62,-0.00461,-0.02285,-0.06271,-0.23874,683.0,685.0,761.0,1461.0,1512.0,1457.0,362.0,365.0,379.0,-0.92884,0.37048,-0.68824,-0.72549,28,2015-12-02,40,471.0,-0.32057,train
2015-10-26,bsi_value,648.0,6.47389,649.0,652.0,654.0,658.0,662.0,669.0,688.0,738.0,810.0,892.0,654.0,4.38,662.0,9.67,703.53,46.81,800.15,104.59,796.73,95.52,-0.00154,-0.02137,-0.0599,-0.22314,681.0,683.0,742.0,1403.0,1461.0,1368.0,360.0,362.0,378.0,-0.90849,0.4179,-0.75932,-0.65071,28,2015-12-03,38,472.0,-0.31691,train
2015-10-27,bsi_value,646.0,6.4708,648.0,649.0,652.0,656.0,661.0,666.0,681.0,733.0,799.0,899.0,651.86,4.09,659.5,8.93,698.43,44.41,795.93,105.61,795.9,96.5,-0.00309,-0.02295,-0.05276,-0.21256,686.0,681.0,722.0,1307.0,1403.0,1318.0,356.0,360.0,376.0,-0.90117,0.43347,-0.78126,-0.62421,28,2015-12-04,38,470.0,-0.31807,train
2015-10-28,bsi_value,645.0,6.46925,646.0,648.0,649.0,654.0,658.0,664.0,676.0,724.0,789.0,900.0,650.0,3.82,657.29,8.39,693.63,42.08,791.68,106.47,795.04,97.49,-0.00155,-0.01995,-0.04694,-0.20152,687.0,686.0,710.0,1275.0,1307.0,1312.0,354.0,356.0,371.0,-0.89358,0.44891,-0.80227,-0.59697,28,2015-12-07,40,469.0,-0.31865,train
2015-10-29,bsi_value,643.0,6.46614,645.0,646.0,648.0,652.0,656.0,662.0,672.0,713.0,783.0,899.0,648.14,3.6,655.21,8.07,688.97,39.6,787.42,107.21,794.18,98.49,-0.00311,-0.02002,-0.04411,-0.19699,682.0,687.0,701.0,1254.0,1275.0,1399.0,351.0,354.0,368.0,-0.88572,0.46421,-0.82233,-0.56902,28,2015-12-08,40,465.0,-0.32411,train
2015-10-30,bsi_value,633.0,6.45047,643.0,645.0,646.0,649.0,654.0,661.0,669.0,703.0,772.0,901.0,645.14,5.64,652.64,8.96,684.33,37.7,782.95,107.96,793.18,99.65,-0.01567,-0.03264,-0.05531,-0.19851,675.0,682.0,693.0,1229.0,1254.0,1483.0,349.0,351.0,366.0,-0.87761,0.47938,-0.84141,-0.54039,28,2015-12-09,40,461.0,-0.31707,train
2015-11-02,bsi_value,629.0,6.44413,633.0,643.0,645.0,648.0,652.0,658.0,666.0,695.0,762.0,904.0,641.86,7.18,650.0,10.02,679.9,36.09,778.37,108.56,792.13,100.87,-0.00634,-0.03591,-0.05716,-0.19182,665.0,675.0,685.0,1184.0,1229.0,1512.0,347.0,349.0,365.0,-0.85171,0.52401,-0.89261,-0.45083,28,2015-12-10,38,460.0,-0.3129,train
2015-11-03,bsi_value,620.0,6.42972,629.0,633.0,643.0,646.0,649.0,656.0,664.0,691.0,757.0,904.0,637.71,9.76,646.86,11.87,675.33,34.69,773.63,109.17,790.99,102.22,-0.01441,-0.04571,-0.06856,-0.19964,653.0,665.0,683.0,1099.0,1184.0,1461.0,339.0,347.0,362.0,-0.84257,0.53858,-0.90759,-0.41986,28,2015-12-11,38,455.0,-0.30942,train
2015-11-04,bsi_value,609.0,6.41182,620.0,629.0,633.0,645.0,648.0,654.0,662.0,688.0,749.0,901.0,632.14,12.92,643.07,14.58,670.67,33.87,768.77,109.89,789.73,103.74,-0.0179,-0.06207,-0.08345,-0.20692,636.0,653.0,681.0,1043.0,1099.0,1403.0,333.0,339.0,360.0,-0.83318,0.553,-0.9215,-0.38839,28,2015-12-14,40,451.0,-0.30035,train
2015-11-05,bsi_value,596.0,6.39024,609.0,620.0,629.0,643.0,646.0,652.0,661.0,681.0,742.0,900.0,625.0,16.59,638.43,18.06,665.8,33.76,763.7,110.73,788.41,105.43,-0.02158,-0.08056,-0.10351,-0.21911,618.0,636.0,686.0,1002.0,1043.0,1307.0,328.0,333.0,356.0,-0.82355,0.56725,-0.93431,-0.35646,28,2015-12-15,40,450.0,-0.28099,train
2015-11-06,bsi_value,584.0,6.3699,596.0,609.0,620.0,633.0,645.0,649.0,658.0,676.0,738.0,899.0,616.29,19.55,633.14,21.97,660.67,34.1,758.45,111.65,786.98,107.31,-0.02034,-0.09935,-0.1193,-0.23404,603.0,618.0,687.0,1003.0,1002.0,1275.0,323.0,328.0,354.0,-0.81367,0.58133,-0.94602,-0.32411,28,2015-12-16,40,449.0,-0.26288,train
2015-11-09,bsi_value,571.0,6.34739,584.0,596.0,609.0,629.0,643.0,648.0,656.0,672.0,733.0,901.0,606.0,21.62,627.07,26.16,655.27,35.03,752.95,112.62,785.41,109.4,-0.02251,-0.11876,-0.13877,-0.24976,589.0,603.0,682.0,1021.0,1003.0,1254.0,319.0,323.0,351.0,-0.7826,0.62253,-0.97438,-0.22492,28,2015-12-17,38,448.0,-0.2426,train
2015-11-10,bsi_value,562.0,6.3315,571.0,584.0,596.0,620.0,633.0,646.0,654.0,669.0,724.0,905.0,595.86,23.17,620.5,29.86,649.87,36.47,747.23,113.46,783.7,111.65,-0.01589,-0.11897,-0.15161,-0.25329,575.0,589.0,675.0,1018.0,1021.0,1229.0,316.0,319.0,349.0,-0.77177,0.6359,-0.98154,-0.19127,28,2015-12-18,38,448.0,-0.22671,train
2015-11-11,bsi_value,554.0,6.31716,562.0,571.0,584.0,609.0,629.0,645.0,652.0,666.0,713.0,908.0,585.14,22.71,613.5,32.98,644.57,38.41,741.33,114.15,781.82,114.05,-0.01434,-0.12697,-0.16288,-0.25232,555.0,575.0,665.0,946.0,1018.0,1184.0,311.0,316.0,347.0,-0.76072,0.64908,-0.98754,-0.15739,28,2015-12-21,40,449.0,-0.21014,train
2015-11-12,bsi_value,543.0,6.29711,554.0,562.0,571.0,596.0,620.0,643.0,649.0,664.0,703.0,915.0,574.14,21.79,605.93,35.99,639.23,40.96,735.13,114.65,779.61,116.7,-0.02006,-0.13261,-0.17832,-0.25825,534.0,555.0,653.0,881.0,946.0,1099.0,307.0,311.0,339.0,-0.74944,0.66207,-0.99237,-0.12333,28,2015-12-22,40,449.0,-0.19009,train
2015-11-13,bsi_value,533.0,6.27852,543.0,554.0,562.0,584.0,609.0,633.0,648.0,662.0,695.0,920.0,563.29,20.62,597.71,38.49,633.83,43.83,728.68,114.95,777.2,119.5,-0.01859,-0.1333,-0.19537,-0.26539,514.0,534.0,636.0,809.0,881.0,1043.0,304.0,307.0,333.0,-0.73794,0.67486,-0.99602,-0.08912,28,2015-12-23,40,449.0,-0.1715,train
2015-11-16,bsi_value,523.0,6.25958,533.0,543.0,554.0,571.0,596.0,629.0,646.0,661.0,691.0,924.0,552.86,19.88,588.93,40.45,628.23,46.8,722.0,115.06,774.58,122.42,-0.01894,-0.13066,-0.21122,-0.27856,500.0,514.0,618.0,770.0,809.0,1002.0,302.0,304.0,328.0,-0.70215,0.71203,-0.9999,0.01398,28,2015-12-24,38,450.0,-0.15033,train
2015-11-17,bsi_value,516.0,6.24611,523.0,533.0,543.0,562.0,584.0,620.0,645.0,658.0,688.0,930.0,543.14,18.88,579.71,41.31,622.5,49.58,715.1,114.79,771.79,125.39,-0.01347,-0.12379,-0.22314,-0.28768,487.0,500.0,603.0,733.0,770.0,1003.0,296.0,302.0,323.0,-0.6898,0.724,-0.99883,0.04836,28,2016-01-04,48,450.0,-0.13686,train
2015-11-18,bsi_value,504.0,6.22258,516.0,523.0,533.0,554.0,571.0,609.0,643.0,656.0,681.0,933.0,533.57,19.31,569.79,41.61,616.6,52.7,707.95,114.35,768.79,128.49,-0.02353,-0.12481,-0.24357,-0.30099,477.0,487.0,589.0,671.0,733.0,1021.0,292.0,296.0,319.0,-0.67724,0.73576,-0.99658,0.08269,28,2016-01-05,48,449.0,-0.11555,train
2015-11-19,bsi_value,491.0,6.19644,504.0,516.0,523.0,543.0,562.0,596.0,633.0,654.0,676.0,934.0,523.43,20.33,559.64,42.27,610.43,56.1,700.57,113.82,765.53,131.73,-0.02613,-0.13506,-0.25403,-0.31975,468.0,477.0,575.0,619.0,671.0,1018.0,290.0,292.0,316.0,-0.66448,0.7473,-0.99314,0.11692,28,2016-01-06,48,445.0,-0.09837,train
2015-11-20,bsi_value,479.0,6.1717,491.0,504.0,516.0,533.0,554.0,584.0,629.0,652.0,672.0,933.0,512.71,21.14,548.93,42.34,604.0,59.63,693.0,113.21,761.96,135.05,-0.02474,-0.14546,-0.27243,-0.33856,463.0,468.0,555.0,606.0,619.0,946.0,288.0,290.0,311.0,-0.65153,0.75862,-0.98853,0.15102,28,2016-01-07,48,442.0,-0.08039,train
2015-11-23,bsi_value,472.0,6.15698,479.0,491.0,504.0,523.0,543.0,571.0,620.0,649.0,669.0,931.0,502.57,21.21,538.36,41.75,597.43,62.87,685.35,112.37,758.06,138.26,-0.01472,-0.14013,-0.27274,-0.34881,461.0,463.0,534.0,698.0,606.0,881.0,286.0,288.0,307.0,-0.61153,0.79122,-0.96771,0.25206,28,2016-01-08,46,436.0,-0.07934,train
2015-11-24,bsi_value,469.0,6.1506,472.0,479.0,491.0,516.0,533.0,562.0,609.0,648.0,666.0,925.0,493.43,19.88,528.36,40.37,590.87,65.59,677.75,111.32,753.87,141.21,-0.00638,-0.12792,-0.26122,-0.35069,460.0,461.0,514.0,731.0,698.0,809.0,285.0,286.0,304.0,-0.59783,0.80162,-0.95847,0.2852,28,2016-01-11,48,430.0,-0.08682,train
2015-11-25,bsi_value,467.0,6.14633,469.0,472.0,479.0,504.0,523.0,554.0,596.0,646.0,664.0,912.0,485.43,17.49,519.14,38.57,584.3,67.77,670.33,110.29,749.48,143.9,-0.00427,-0.11325,-0.24391,-0.35195,463.0,460.0,500.0,807.0,731.0,770.0,285.0,285.0,302.0,-0.58395,0.81179,-0.94809,0.318,28,2016-01-12,48,422.0,-0.10132,train
2015-11-26,bsi_value,467.0,6.14633,467.0,469.0,472.0,491.0,516.0,543.0,584.0,645.0,662.0,896.0,478.43,13.11,510.79,36.21,577.8,69.33,663.18,109.33,744.94,146.28,0.0,-0.09978,-0.22357,-0.34894,459.0,463.0,487.0,898.0,807.0,733.0,284.0,285.0,296.0,-0.5699,0.82171,-0.93659,0.35043,28,2016-01-13,48,416.0,-0.11564,train
2015-11-27,bsi_value,467.0,6.14633,467.0,467.0,469.0,479.0,504.0,533.0,571.0,643.0,661.0,882.0,473.14,8.32,503.36,33.67,571.33,70.31,656.27,108.39,740.26,148.34,0.0,-0.07625,-0.20106,-0.34742,456.0,459.0,477.0,989.0,898.0,671.0,283.0,284.0,292.0,-0.55568,0.83139,-0.92398,0.38244,28,2016-01-14,48,412.0,-0.12531,train
2015-11-30,bsi_value,467.0,6.14633,467.0,467.0,467.0,472.0,491.0,523.0,562.0,633.0,658.0,870.0,469.71,4.16,496.57,30.61,564.97,70.82,649.55,107.42,735.49,150.14,0.0,-0.05011,-0.18517,-0.34288,453.0,456.0,468.0,1007.0,989.0,619.0,285.0,283.0,290.0,-0.51206,0.85895,-0.87966,0.4756,28,2016-01-15,46,402.0,-0.14988,train
2015-12-01,bsi_value,469.0,6.1506,467.0,467.0,467.0,469.0,479.0,516.0,554.0,629.0,656.0,857.0,468.29,1.75,490.5,26.81,558.73,70.77,643.08,106.41,730.71,151.69,0.00427,-0.0211,-0.16656,-0.33556,450.0,453.0,463.0,1046.0,1007.0,606.0,286.0,285.0,288.0,-0.4972,0.86763,-0.86278,0.50558,28,2016-01-18,48,394.0,-0.17425,train
2015-12-02,bsi_value,471.0,6.15486,469.0,467.0,467.0,467.0,472.0,504.0,543.0,620.0,654.0,848.0,468.14,1.46,485.36,22.86,552.63,70.18,636.8,105.25,725.91,152.99,0.00426,-0.00212,-0.14225,-0.32825,446.0,450.0,461.0,1001.0,1046.0,698.0,286.0,286.0,286.0,-0.48221,0.87606,-0.84488,0.53496,28,2016-01-19,48,388.0,-0.19385,train
2015-12-03,bsi_value,472.0,6.15698,471.0,469.0,467.0,467.0,469.0,491.0,533.0,609.0,652.0,838.0,468.57,1.99,481.0,18.81,546.63,69.11,630.7,104.01,721.12,154.12,0.00212,0.00638,-0.12154,-0.32307,438.0,446.0,460.0,931.0,1001.0,731.0,286.0,286.0,285.0,-0.46706,0.88422,-0.82598,0.5637,28,2016-01-20,48,381.0,-0.21418,train
2015-12-04,bsi_value,470.0,6.15273,472.0,471.0,469.0,467.0,467.0,479.0,523.0,596.0,649.0,824.0,469.0,1.93,477.21,14.91,540.67,67.73,624.8,102.91,716.37,155.18,-0.00425,0.0064,-0.10685,-0.3227,433.0,438.0,463.0,890.0,931.0,807.0,286.0,286.0,285.0,-0.45179,0.89213,-0.8061,0.59178,28,2016-01-21,48,372.0,-0.23384,train
2015-12-07,bsi_value,469.0,6.1506,470.0,472.0,471.0,467.0,467.0,472.0,516.0,584.0,648.0,810.0,469.29,1.75,473.86,10.41,534.7,65.87,619.12,101.94,711.67,156.2,-0.00213,0.00427,-0.0955,-0.32329,426.0,433.0,459.0,852.0,890.0,898.0,286.0,286.0,284.0,-0.40516,0.91424,-0.74084,0.67168,28,2016-01-22,46,366.0,-0.24797,train
2015-12-08,bsi_value,465.0,6.14204,469.0,470.0,472.0,469.0,467.0,469.0,504.0,571.0,646.0,799.0,469.0,2.2,471.07,6.43,528.67,63.65,613.55,101.08,706.84,157.04,-0.00857,-0.00429,-0.08054,-0.32876,420.0,426.0,456.0,870.0,852.0,989.0,286.0,286.0,283.0,-0.38938,0.92108,-0.7173,0.69677,28,2016-01-25,48,358.0,-0.2615,train
2015-12-09,bsi_value,461.0,6.1334,465.0,469.0,470.0,471.0,467.0,467.0,491.0,562.0,645.0,789.0,468.14,3.56,468.93,3.95,522.53,60.95,608.08,100.31,701.97,157.78,-0.00864,-0.01293,-0.06305,-0.33585,412.0,420.0,453.0,857.0,870.0,1007.0,286.0,286.0,285.0,-0.37348,0.92764,-0.6929,0.72103,28,2016-01-26,48,350.0,-0.27546,train
2015-12-10,bsi_value,460.0,6.13123,461.0,465.0,469.0,472.0,469.0,467.0,479.0,554.0,643.0,783.0,466.86,4.52,467.57,3.5,516.43,57.66,602.7,99.44,697.09,158.39,-0.00217,-0.01938,-0.04047,-0.33492,408.0,412.0,450.0,824.0,857.0,1046.0,285.0,286.0,286.0,-0.35746,0.93393,-0.66769,0.74444,28,2016-01-27,48,338.0,-0.30818,train
2015-12-11,bsi_value,455.0,6.1203,460.0,461.0,465.0,470.0,471.0,467.0,472.0,543.0,633.0,772.0,464.57,5.73,466.36,4.55,510.5,54.43,597.42,98.72,692.13,158.91,-0.01093,-0.03456,-0.03668,-0.33017,410.0,408.0,446.0,779.0,824.0,1001.0,282.0,285.0,286.0,-0.34135,0.93994,-0.64169,0.76697,28,2016-01-28,48,327.0,-0.33034,train
2015-12-14,bsi_value,451.0,6.11147,455.0,460.0,461.0,469.0,472.0,467.0,469.0,533.0,629.0,762.0,461.57,6.5,465.07,5.95,504.57,50.76,592.23,98.11,687.1,159.3,-0.00883,-0.04551,-0.03914,-0.33266,410.0,410.0,438.0,722.0,779.0,931.0,279.0,282.0,286.0,-0.29241,0.95629,-0.55925,0.829,28,2016-01-29,46,316.0,-0.35573,train
2015-12-15,bsi_value,450.0,6.10925,451.0,455.0,460.0,465.0,470.0,469.0,467.0,523.0,620.0,757.0,458.71,6.56,463.86,7.06,498.9,46.9,587.12,97.38,682.06,159.54,-0.00222,-0.04349,-0.03708,-0.32047,411.0,410.0,433.0,623.0,722.0,890.0,276.0,279.0,286.0,-0.27591,0.96118,-0.53041,0.84774,28,2016-02-01,48,304.0,-0.39222,train
2015-12-16,bsi_value,449.0,6.10702,450.0,451.0,455.0,461.0,469.0,471.0,467.0,516.0,609.0,749.0,455.86,5.77,462.57,7.95,493.57,43.02,582.12,96.64,677.03,159.68,-0.00222,-0.04358,-0.03931,-0.3048,415.0,411.0,426.0,549.0,623.0,852.0,275.0,276.0,286.0,-0.25934,0.96579,-0.50093,0.86549,28,2016-02-02,48,299.0,-0.40658,train
2015-12-17,bsi_value,448.0,6.10479,449.0,450.0,451.0,460.0,465.0,472.0,467.0,504.0,596.0,742.0,453.43,4.92,461.21,8.67,488.63,39.31,577.22,95.86,672.01,159.7,-0.00223,-0.03724,-0.04154,-0.28545,421.0,415.0,420.0,524.0,549.0,870.0,274.0,275.0,286.0,-0.24269,0.9701,-0.47086,0.88221,28,2016-02-03,48,289.0,-0.43837,train
2015-12-18,bsi_value,448.0,6.10479,448.0,449.0,450.0,455.0,461.0,470.0,467.0,491.0,584.0,738.0,451.57,4.1,459.86,9.13,484.1,35.73,572.38,94.94,667.0,159.57,0.0,-0.0286,-0.04154,-0.26511,426.0,421.0,412.0,524.0,524.0,857.0,273.0,274.0,286.0,-0.22596,0.97414,-0.44024,0.89788,28,2016-02-04,48,280.0,-0.47,train
2015-12-21,bsi_value,449.0,6.10702,448.0,448.0,449.0,451.0,460.0,469.0,469.0,479.0,571.0,733.0,450.0,2.27,458.43,9.16,480.03,32.4,567.65,93.89,661.98,159.24,0.00223,-0.0242,-0.04358,-0.24037,433.0,426.0,408.0,512.0,524.0,824.0,273.0,273.0,285.0,-0.17541,0.9845,-0.34539,0.93846,28,2016-02-05,46,271.0,-0.5049,train
2015-12-22,bsi_value,449.0,6.10702,449.0,448.0,448.0,450.0,455.0,465.0,471.0,472.0,562.0,724.0,449.14,0.99,456.86,8.74,476.27,29.05,563.07,92.85,656.91,158.68,0.0,-0.01327,-0.04784,-0.22448,445.0,433.0,410.0,485.0,512.0,779.0,271.0,273.0,282.0,-0.15845,0.98737,-0.3129,0.94979,28,2016-02-08,48,262.0,-0.53868,train
2015-12-23,bsi_value,449.0,6.10702,449.0,449.0,448.0,449.0,451.0,461.0,472.0,469.0,554.0,713.0,448.86,0.64,455.21,7.86,472.77,25.59,558.67,91.89,651.81,157.9,0.0,-0.00444,-0.04996,-0.21014,457.0,445.0,410.0,469.0,485.0,722.0,270.0,271.0,279.0,-0.14144,0.98995,-0.28004,0.95999,28,2016-02-09,48,255.0,-0.56576,train
2015-12-24,bsi_value,450.0,6.10925,449.0,449.0,449.0,448.0,450.0,460.0,470.0,467.0,543.0,703.0,448.86,0.64,453.79,6.78,469.67,22.32,554.45,90.97,646.64,156.81,0.00222,0.0,-0.04349,-0.18786,462.0,457.0,411.0,470.0,469.0,623.0,270.0,270.0,276.0,-0.12439,0.99223,-0.24686,0.96905,28,2016-02-10,48,250.0,-0.58779,train
2016-01-04,bsi_value,450.0,6.10925,450.0,449.0,449.0,448.0,449.0,455.0,469.0,467.0,533.0,695.0,449.0,0.76,452.43,5.35,466.9,19.22,550.37,90.07,641.42,155.44,0.0,0.00222,-0.04136,-0.16927,464.0,462.0,415.0,472.0,470.0,549.0,267.0,270.0,275.0,0.06876,0.99763,0.13719,0.99055,28,2016-02-11,38,247.0,-0.59986,train
2016-01-05,bsi_value,449.0,6.10702,450.0,450.0,449.0,449.0,448.0,451.0,465.0,467.0,523.0,691.0,449.14,0.64,451.29,4.11,464.43,16.41,546.33,89.09,636.14,153.81,-0.00222,0.00223,-0.03501,-0.15256,466.0,464.0,421.0,462.0,472.0,524.0,266.0,267.0,274.0,0.08591,0.9963,0.17118,0.98524,28,2016-02-12,38,244.0,-0.60985,train
2016-01-06,bsi_value,445.0,6.09807,449.0,450.0,450.0,449.0,448.0,450.0,461.0,467.0,516.0,688.0,448.71,1.58,450.14,3.42,462.07,13.7,542.28,88.08,630.76,151.9,-0.00895,-0.00672,-0.03532,-0.14803,464.0,466.0,426.0,467.0,462.0,524.0,263.0,266.0,273.0,0.10303,0.99468,0.20497,0.97877,28,2016-02-15,40,243.0,-0.60501,train
2016-01-07,bsi_value,442.0,6.09131,445.0,449.0,450.0,449.0,449.0,449.0,460.0,469.0,504.0,681.0,447.71,2.81,448.86,2.8,460.0,11.75,538.3,87.11,625.3,149.75,-0.00676,-0.01571,-0.03992,-0.13127,450.0,464.0,433.0,399.0,467.0,512.0,259.0,263.0,273.0,0.12013,0.99276,0.23851,0.97114,28,2016-02-16,40,247.0,-0.58192,train
2016-01-08,bsi_value,436.0,6.07764,442.0,445.0,449.0,450.0,449.0,448.0,455.0,471.0,491.0,676.0,445.86,4.88,447.5,3.89,458.17,11.04,534.3,86.2,619.77,147.43,-0.01367,-0.02938,-0.04266,-0.1188,434.0,450.0,445.0,343.0,399.0,485.0,256.0,259.0,271.0,0.13719,0.99055,0.27178,0.96236,28,2016-02-17,40,252.0,-0.54821,train
2016-01-11,bsi_value,430.0,6.06379,436.0,442.0,445.0,450.0,449.0,448.0,451.0,472.0,479.0,672.0,443.14,7.14,446.0,5.82,456.53,11.46,530.27,85.32,614.18,144.96,-0.01386,-0.04324,-0.04768,-0.10792,420.0,434.0,457.0,314.0,343.0,469.0,251.0,256.0,270.0,0.1881,0.98215,0.36948,0.92924,28,2016-02-18,38,259.0,-0.50696,train
2016-01-12,bsi_value,422.0,6.04501,430.0,436.0,442.0,449.0,450.0,449.0,450.0,470.0,472.0,669.0,439.14,9.6,444.0,8.36,454.87,12.66,526.15,84.48,608.52,142.4,-0.01878,-0.06424,-0.06424,-0.11197,411.0,420.0,462.0,266.0,314.0,470.0,250.0,251.0,270.0,0.20497,0.97877,0.40123,0.91598,28,2016-02-19,38,270.0,-0.44658,train
2016-01-13,bsi_value,416.0,6.03069,422.0,430.0,436.0,445.0,450.0,449.0,449.0,469.0,469.0,666.0,434.29,11.32,441.64,10.89,453.1,14.17,521.98,83.64,602.87,139.8,-0.01432,-0.07856,-0.07634,-0.11992,399.0,411.0,464.0,245.0,266.0,472.0,250.0,250.0,267.0,0.22177,0.9751,0.4325,0.90163,28,2016-02-22,40,286.0,-0.37469,train
2016-01-14,bsi_value,412.0,6.02102,416.0,422.0,430.0,442.0,449.0,449.0,448.0,465.0,467.0,664.0,429.0,11.84,439.07,13.11,451.27,15.73,517.78,82.73,597.31,137.32,-0.00966,-0.086,-0.08377,-0.12531,388.0,399.0,466.0,225.0,245.0,462.0,247.0,250.0,266.0,0.23851,0.97114,0.46326,0.88622,28,2016-02-23,40,298.0,-0.32393,train
2016-01-15,bsi_value,402.0,5.99645,412.0,416.0,422.0,436.0,445.0,450.0,448.0,461.0,467.0,662.0,422.86,13.04,435.79,15.92,449.1,17.76,513.45,81.87,591.82,135.12,-0.02457,-0.10162,-0.10834,-0.14988,381.0,388.0,464.0,198.0,225.0,467.0,245.0,247.0,263.0,0.25518,0.96689,0.49347,0.86976,28,2016-02-24,40,310.0,-0.25988,train
2016-01-18,bsi_value,394.0,5.97635,402.0,412.0,416.0,430.0,442.0,450.0,449.0,460.0,467.0,661.0,416.0,13.77,431.86,18.72,446.67,20.0,509.0,80.98,586.4,133.15,-0.0201,-0.11496,-0.13067,-0.16998,375.0,381.0,450.0,197.0,198.0,399.0,243.0,245.0,259.0,0.30472,0.95244,0.58045,0.81429,28,2016-02-25,38,321.0,-0.20491,train
2016-01-19,bsi_value,388.0,5.96101,394.0,402.0,412.0,422.0,436.0,449.0,449.0,455.0,467.0,658.0,409.14,14.06,427.5,21.16,444.03,22.22,504.5,80.07,581.04,131.31,-0.01535,-0.11664,-0.14602,-0.18532,369.0,375.0,434.0,185.0,197.0,343.0,240.0,243.0,256.0,0.32106,0.94706,0.60812,0.79384,28,2016-02-26,38,328.0,-0.16799,train
2016-01-20,bsi_value,381.0,5.9428,388.0,394.0,402.0,416.0,430.0,445.0,449.0,451.0,469.0,656.0,402.14,14.13,422.64,23.36,441.1,24.43,499.92,79.13,575.76,129.67,-0.01821,-0.12099,-0.16422,-0.2078,360.0,369.0,420.0,186.0,185.0,314.0,238.0,240.0,251.0,0.3373,0.9414,0.63507,0.77246,28,2016-02-29,40,333.0,-0.13466,train
2016-01-21,bsi_value,372.0,5.91889,381.0,388.0,394.0,412.0,422.0,442.0,450.0,450.0,471.0,654.0,395.0,14.9,417.07,25.38,437.8,26.75,495.22,78.21,570.47,128.15,-0.02391,-0.12611,-0.19035,-0.23596,346.0,360.0,411.0,206.0,186.0,266.0,237.0,238.0,250.0,0.35344,0.93546,0.66126,0.75015,28,2016-03-01,40,339.0,-0.09289,train
2016-01-22,bsi_value,366.0,5.90263,372.0,381.0,388.0,402.0,416.0,436.0,450.0,449.0,472.0,652.0,387.86,15.1,411.07,26.78,434.27,28.91,490.45,77.22,565.22,126.75,-0.01626,-0.12805,-0.20661,-0.25435,334.0,346.0,399.0,229.0,206.0,245.0,233.0,237.0,250.0,0.36948,0.92924,0.68668,0.72696,28,2016-03-02,40,345.0,-0.05909,train
2016-01-25,bsi_value,358.0,5.88053,366.0,372.0,381.0,394.0,412.0,430.0,449.0,448.0,470.0,649.0,380.14,14.58,404.57,27.81,430.53,31.2,485.6,76.24,560.04,125.58,-0.0221,-0.14049,-0.22649,-0.2722,325.0,334.0,388.0,254.0,229.0,225.0,231.0,233.0,247.0,0.41693,0.90894,0.75792,0.65235,28,2016-03-03,38,350.0,-0.0226,train
2016-01-26,bsi_value,350.0,5.85793,358.0,366.0,372.0,388.0,402.0,422.0,445.0,448.0,469.0,648.0,372.71,14.8,397.79,28.69,426.57,33.53,480.63,75.2,554.93,124.66,-0.0226,-0.13852,-0.24014,-0.29267,312.0,325.0,381.0,242.0,254.0,198.0,229.0,231.0,245.0,0.4325,0.90163,0.77991,0.62589,28,2016-03-04,38,363.0,0.03647,train
2016-01-27,bsi_value,338.0,5.82305,350.0,358.0,366.0,381.0,394.0,416.0,442.0,449.0,465.0,646.0,364.71,16.2,390.36,29.73,422.33,36.31,475.5,74.24,549.81,124.0,-0.03489,-0.15331,-0.26826,-0.31899,303.0,312.0,375.0,235.0,242.0,197.0,225.0,229.0,243.0,0.44794,0.89406,0.80098,0.59869,28,2016-03-07,40,371.0,0.09316,train
2016-01-28,bsi_value,327.0,5.78996,338.0,350.0,358.0,372.0,388.0,412.0,436.0,449.0,461.0,645.0,356.0,17.67,382.57,31.0,417.87,39.39,470.2,73.3,544.68,123.55,-0.03309,-0.17105,-0.28768,-0.34344,293.0,303.0,369.0,216.0,235.0,185.0,222.0,225.0,240.0,0.46326,0.88622,0.8211,0.57078,28,2016-03-08,40,377.0,0.14229,train
2016-01-29,bsi_value,316.0,5.75574,327.0,338.0,350.0,366.0,381.0,402.0,430.0,449.0,460.0,643.0,346.71,19.11,374.43,32.41,413.07,42.61,464.75,72.4,539.49,123.24,-0.03422,-0.18706,-0.30804,-0.37548,287.0,293.0,360.0,211.0,216.0,186.0,219.0,222.0,238.0,0.47843,0.87812,0.84025,0.5422,28,2016-03-09,40,386.0,0.2001,train
2016-02-01,bsi_value,304.0,5.71703,316.0,327.0,338.0,358.0,372.0,394.0,422.0,450.0,455.0,633.0,337.0,20.98,366.0,34.24,408.03,46.13,459.27,71.9,534.29,123.2,-0.03871,-0.20187,-0.32798,-0.40327,282.0,287.0,346.0,217.0,211.0,206.0,216.0,219.0,237.0,0.52309,0.85227,0.89164,0.45274,28,2016-03-10,38,399.0,0.27193,train
2016-02-02,bsi_value,299.0,5.70044,304.0,316.0,327.0,350.0,366.0,388.0,416.0,450.0,451.0,629.0,327.43,20.85,357.64,35.28,402.97,49.37,453.77,71.33,529.14,123.25,-0.01658,-0.20219,-0.33024,-0.41102,282.0,282.0,334.0,217.0,217.0,229.0,212.0,216.0,233.0,0.53768,0.84315,0.90669,0.42181,28,2016-03-11,38,412.0,0.32058,train
2016-02-03,bsi_value,289.0,5.66643,299.0,304.0,316.0,338.0,358.0,381.0,412.0,449.0,450.0,620.0,317.57,20.37,348.86,35.95,397.6,52.61,448.25,71.06,523.94,123.4,-0.03402,-0.21411,-0.3546,-0.44282,284.0,282.0,325.0,209.0,217.0,254.0,203.0,212.0,231.0,0.5521,0.83378,0.92066,0.39037,28,2016-03-14,40,420.0,0.37383,train
2016-02-04,bsi_value,280.0,5.63479,289.0,299.0,304.0,327.0,350.0,372.0,402.0,445.0,449.0,609.0,307.57,19.14,340.14,36.79,391.97,55.76,442.77,71.14,518.73,123.68,-0.03164,-0.22314,-0.36166,-0.47223,289.0,284.0,312.0,208.0,209.0,242.0,197.0,203.0,229.0,0.56636,0.82416,0.93354,0.35847,28,2016-03-15,40,427.0,0.42199,train
2016-02-05,bsi_value,271.0,5.60212,280.0,289.0,299.0,316.0,338.0,366.0,394.0,442.0,448.0,596.0,298.0,18.27,331.36,37.56,386.07,58.8,437.35,71.63,513.5,124.09,-0.03267,-0.22093,-0.37423,-0.50267,295.0,289.0,303.0,212.0,208.0,235.0,194.0,197.0,225.0,0.58045,0.81429,0.94532,0.32614,28,2016-03-16,40,432.0,0.46631,train
2016-02-08,bsi_value,262.0,5.56834,271.0,280.0,289.0,304.0,327.0,358.0,388.0,436.0,448.0,584.0,288.71,17.68,322.36,38.0,379.87,61.67,431.98,72.5,508.21,124.55,-0.03377,-0.22162,-0.39266,-0.53645,298.0,295.0,293.0,207.0,212.0,216.0,190.0,194.0,222.0,0.62169,0.78327,0.97389,0.22701,28,2016-03-17,38,439.0,0.51615,train
2016-02-09,bsi_value,255.0,5.54126,262.0,271.0,280.0,299.0,316.0,350.0,381.0,430.0,449.0,571.0,280.0,17.1,313.36,37.97,373.4,64.21,426.72,73.68,502.9,125.04,-0.02708,-0.21448,-0.40154,-0.56576,297.0,298.0,287.0,207.0,207.0,211.0,188.0,190.0,219.0,0.63507,0.77246,0.98112,0.19338,28,2016-03-18,38,445.0,0.55681,train
2016-02-10,bsi_value,250.0,5.52146,255.0,262.0,271.0,289.0,304.0,338.0,372.0,422.0,449.0,562.0,272.29,16.71,304.64,37.51,366.77,66.3,421.52,74.95,497.63,125.6,-0.0198,-0.19557,-0.39743,-0.58556,301.0,297.0,282.0,208.0,207.0,217.0,186.0,188.0,216.0,0.64826,0.76142,0.9872,0.15951,28,2016-03-21,40,449.0,0.58556,train
2016-02-11,bsi_value,247.0,5.50939,250.0,255.0,262.0,280.0,299.0,327.0,366.0,416.0,449.0,554.0,264.86,14.61,296.14,36.1,360.03,67.84,416.4,76.2,492.46,126.22,-0.01207,-0.19106,-0.39324,-0.59763,312.0,301.0,282.0,206.0,208.0,217.0,184.0,186.0,212.0,0.66126,0.75015,0.9921,0.12546,28,2016-03-22,40,460.0,0.62184,train
2016-02-12,bsi_value,244.0,5.49717,247.0,250.0,255.0,271.0,289.0,316.0,358.0,412.0,450.0,543.0,258.43,12.29,288.0,34.02,353.17,68.81,411.42,77.52,487.36,126.88,-0.01222,-0.16926,-0.38336,-0.61208,324.0,312.0,284.0,199.0,206.0,209.0,183.0,184.0,203.0,0.67407,0.73867,0.99583,0.09126,28,2016-03-23,40,464.0,0.64272,train
2016-02-15,bsi_value,243.0,5.49306,244.0,247.0,250.0,262.0,280.0,304.0,350.0,402.0,450.0,533.0,253.14,9.52,280.36,31.13,346.27,69.13,406.58,78.82,482.33,127.51,-0.00411,-0.14173,-0.36487,-0.61619,334.0,324.0,289.0,204.0,199.0,208.0,183.0,183.0,197.0,0.71128,0.70291,0.99993,-0.01183,28,2016-03-24,38,468.0,0.65541,train
2016-02-16,bsi_value,247.0,5.50939,243.0,244.0,247.0,255.0,271.0,299.0,338.0,394.0,449.0,523.0,249.71,6.23,273.86,27.73,339.53,68.63,401.98,79.94,477.4,127.93,0.01633,-0.09273,-0.31366,-0.59763,346.0,334.0,295.0,223.0,204.0,212.0,184.0,183.0,194.0,0.72326,0.69057,0.99893,-0.04622,28,2016-03-29,42,473.0,0.64971,train
2016-02-17,bsi_value,252.0,5.52943,247.0,243.0,244.0,250.0,262.0,289.0,327.0,388.0,445.0,516.0,248.29,3.99,268.5,23.93,333.1,67.48,397.58,80.8,472.56,128.11,0.02004,-0.03892,-0.26053,-0.56865,357.0,346.0,298.0,223.0,223.0,207.0,186.0,184.0,190.0,0.73503,0.67803,0.99675,-0.08055,28,2016-03-30,42,474.0,0.63178,train
2016-02-18,bsi_value,259.0,5.55683,252.0,247.0,243.0,247.0,255.0,280.0,316.0,381.0,442.0,504.0,248.86,5.05,264.43,20.04,327.0,65.61,393.5,81.51,467.87,128.12,0.0274,0.01556,-0.19891,-0.53448,358.0,357.0,297.0,220.0,223.0,207.0,193.0,186.0,188.0,0.74659,0.66529,0.99339,-0.11479,28,2016-03-31,42,475.0,0.60649,train
2016-02-19,bsi_value,270.0,5.59842,259.0,252.0,247.0,244.0,250.0,271.0,304.0,372.0,436.0,491.0,251.71,9.0,262.0,16.91,321.47,63.13,389.82,82.01,463.36,127.86,0.04159,0.07696,-0.11861,-0.47922,355.0,358.0,301.0,207.0,220.0,208.0,198.0,193.0,186.0,0.75792,0.65235,0.98885,-0.14889,28,2016-04-01,42,476.0,0.567,train
2016-02-22,bsi_value,286.0,5.65599,270.0,259.0,252.0,243.0,247.0,262.0,299.0,366.0,430.0,479.0,257.29,14.66,261.07,15.12,316.67,60.1,386.6,82.23,459.07,127.26,0.05757,0.1466,-0.04445,-0.40779,350.0,355.0,312.0,197.0,207.0,206.0,200.0,198.0,184.0,0.79056,0.61238,0.96825,-0.24998,28,2016-04-04,42,476.0,0.50943,train
2016-02-23,bsi_value,298.0,5.69709,286.0,270.0,259.0,247.0,244.0,255.0,289.0,358.0,422.0,472.0,265.0,19.15,261.71,16.42,312.53,56.89,383.7,82.24,454.94,126.4,0.0411,0.19993,0.03067,-0.34791,346.0,350.0,324.0,189.0,197.0,199.0,203.0,200.0,183.0,0.80098,0.59869,0.95908,-0.28314,28,2016-04-05,42,479.0,0.47461,train
2016-02-24,bsi_value,310.0,5.73657,298.0,286.0,270.0,252.0,243.0,250.0,280.0,350.0,416.0,469.0,274.57,22.26,263.86,20.19,309.0,53.55,381.05,82.01,450.99,125.3,0.03948,0.24351,0.10178,-0.29411,346.0,346.0,334.0,186.0,189.0,204.0,206.0,203.0,183.0,0.81116,0.58482,0.94877,-0.31596,28,2016-04-06,42,479.0,0.43513,train
2016-02-25,bsi_value,321.0,5.77144,310.0,298.0,286.0,259.0,247.0,247.0,271.0,338.0,412.0,467.0,285.14,24.14,267.43,24.99,305.97,50.1,378.62,81.59,447.18,123.97,0.03487,0.26205,0.16932,-0.24958,346.0,346.0,346.0,182.0,186.0,223.0,209.0,206.0,184.0,0.8211,0.57078,0.93734,-0.34841,28,2016-04-07,42,482.0,0.4065,train
2016-02-26,bsi_value,328.0,5.79301,321.0,310.0,298.0,270.0,252.0,244.0,262.0,327.0,402.0,467.0,296.0,23.89,272.14,29.37,303.5,47.03,376.3,81.02,443.47,122.48,0.02157,0.26358,0.22467,-0.20344,352.0,346.0,357.0,177.0,182.0,223.0,212.0,209.0,186.0,0.8308,0.55658,0.9248,-0.38045,28,2016-04-08,42,485.0,0.39114,train
2016-02-29,bsi_value,333.0,5.80814,328.0,321.0,310.0,286.0,259.0,243.0,255.0,316.0,394.0,467.0,306.57,21.42,277.71,32.79,301.47,44.32,374.07,80.33,439.82,120.82,0.01513,0.25131,0.26688,-0.16821,354.0,352.0,358.0,174.0,177.0,220.0,214.0,212.0,193.0,0.8584,0.51298,0.88068,-0.47371,28,2016-04-11,42,488.0,0.38217,train
2016-03-01,bsi_value,339.0,5.826,333.0,328.0,321.0,298.0,270.0,247.0,250.0,304.0,388.0,467.0,316.43,17.91,284.07,35.33,299.83,41.94,371.93,79.53,436.28,119.03,0.01786,0.22758,0.30454,-0.13501,357.0,354.0,355.0,174.0,174.0,207.0,217.0,214.0,198.0,0.8671,0.49814,0.86387,-0.50372,28,2016-04-12,42,492.0,0.37248,train
2016-03-02,bsi_value,345.0,5.84354,339.0,333.0,328.0,310.0,286.0,252.0,247.0,299.0,381.0,469.0,324.86,15.3,291.07,36.96,298.63,40.07,369.87,78.58,432.82,117.1,0.01754,0.18755,0.33416,-0.09925,364.0,357.0,350.0,171.0,174.0,197.0,220.0,217.0,200.0,0.87554,0.48315,0.84603,-0.53314,28,2016-04-13,42,498.0,0.36706,train
2016-03-03,bsi_value,350.0,5.85793,345.0,339.0,333.0,321.0,298.0,259.0,244.0,289.0,372.0,471.0,332.29,12.89,298.64,37.39,297.9,38.91,367.85,77.51,429.44,115.04,0.01439,0.16084,0.36076,-0.06096,374.0,364.0,346.0,166.0,171.0,189.0,227.0,220.0,203.0,0.88372,0.46802,0.82719,-0.56192,28,2016-04-14,42,506.0,0.3686,train
2016-03-04,bsi_value,363.0,5.8944,350.0,345.0,339.0,328.0,310.0,270.0,243.0,280.0,366.0,472.0,339.86,13.14,307.21,37.41,297.8,38.74,366.03,76.31,426.23,112.8,0.03647,0.15783,0.40134,-0.00823,386.0,374.0,346.0,164.0,166.0,186.0,232.0,227.0,206.0,0.89164,0.45274,0.80737,-0.59004,28,2016-04-15,42,514.0,0.34782,train
2016-03-07,bsi_value,371.0,5.9162,363.0,350.0,345.0,333.0,321.0,286.0,247.0,271.0,358.0,470.0,347.0,14.47,316.07,36.78,298.23,39.47,364.38,75.11,423.14,110.43,0.0218,0.14476,0.40681,0.03567,397.0,386.0,346.0,161.0,164.0,182.0,237.0,232.0,209.0,0.91381,0.40615,0.74228,-0.67009,28,2016-04-18,42,525.0,0.3472,train
2016-03-08,bsi_value,377.0,5.93225,371.0,363.0,350.0,339.0,328.0,298.0,252.0,262.0,350.0,469.0,354.0,15.41,325.0,35.28,299.13,40.92,362.85,73.89,420.13,107.93,0.01604,0.13923,0.40282,0.07431,422.0,397.0,352.0,180.0,161.0,177.0,240.0,237.0,212.0,0.92066,0.39037,0.71879,-0.69523,28,2016-04-19,42,529.0,0.33874,train
2016-03-09,bsi_value,386.0,5.95584,377.0,371.0,363.0,345.0,333.0,310.0,259.0,255.0,338.0,465.0,361.57,16.23,334.07,33.43,300.73,43.28,361.53,72.75,417.24,105.29,0.02359,0.14769,0.39901,0.13279,447.0,422.0,354.0,178.0,180.0,174.0,243.0,240.0,214.0,0.92724,0.37447,0.69445,-0.71954,28,2016-04-20,42,534.0,0.32456,train
2016-03-10,bsi_value,399.0,5.98896,386.0,377.0,371.0,350.0,339.0,321.0,270.0,250.0,327.0,461.0,370.14,17.81,343.29,32.25,303.13,46.55,360.5,71.76,414.51,102.5,0.03312,0.16296,0.39054,0.199,466.0,447.0,357.0,178.0,178.0,174.0,246.0,243.0,217.0,0.93354,0.35847,0.66929,-0.743,28,2016-04-21,42,543.0,0.30815,train
2016-03-11,bsi_value,412.0,6.02102,399.0,386.0,377.0,363.0,345.0,328.0,286.0,247.0,316.0,460.0,379.71,19.64,352.29,32.59,306.33,50.46,359.7,70.91,411.94,99.6,0.03206,0.17748,0.36503,0.26528,477.0,466.0,364.0,176.0,178.0,171.0,249.0,246.0,220.0,0.93957,0.34236,0.64334,-0.76558,28,2016-04-22,42,551.0,0.29071,train
2016-03-14,bsi_value,420.0,6.04025,412.0,399.0,386.0,371.0,350.0,333.0,298.0,244.0,304.0,455.0,389.71,19.78,361.0,33.22,310.2,54.42,359.12,70.27,409.58,96.81,0.01923,0.18232,0.34316,0.32323,481.0,477.0,374.0,179.0,176.0,166.0,252.0,249.0,227.0,0.95598,0.29343,0.56103,-0.82779,28,2016-04-25,42,558.0,0.2841,train
2016-03-15,bsi_value,427.0,6.05678,420.0,412.0,399.0,377.0,363.0,339.0,310.0,243.0,299.0,451.0,398.86,20.11,369.36,34.04,314.47,58.26,358.72,69.81,407.33,94.0,0.01653,0.16238,0.32021,0.35634,481.0,481.0,386.0,186.0,179.0,164.0,255.0,252.0,232.0,0.96089,0.27695,0.53223,-0.8466,28,2016-04-26,42,562.0,0.27472,train
2016-03-16,bsi_value,432.0,6.06843,427.0,420.0,412.0,386.0,371.0,345.0,321.0,247.0,289.0,450.0,407.57,19.35,377.29,34.77,319.23,61.72,358.42,69.45,405.24,91.3,0.01164,0.15222,0.29698,0.402,474.0,481.0,397.0,172.0,186.0,161.0,257.0,255.0,237.0,0.96551,0.26038,0.50279,-0.86441,28,2016-04-27,42,564.0,0.26663,train
2016-03-17,bsi_value,439.0,6.0845,432.0,427.0,420.0,399.0,377.0,350.0,328.0,252.0,280.0,449.0,416.43,17.43,385.21,35.28,324.53,64.87,358.25,69.25,403.36,88.79,0.01607,0.15225,0.29149,0.44971,467.0,474.0,422.0,178.0,172.0,180.0,258.0,257.0,240.0,0.96984,0.24373,0.47276,-0.88119,28,2016-04-28,42,573.0,0.26639,train
2016-03-18,bsi_value,445.0,6.09807,439.0,432.0,427.0,412.0,386.0,363.0,333.0,259.0,271.0,448.0,424.86,14.73,393.21,35.23,330.33,67.55,358.2,69.19,401.68,86.53,0.01357,0.14224,0.28993,0.49596,463.0,467.0,447.0,197.0,178.0,178.0,260.0,258.0,243.0,0.97389,0.22701,0.44217,-0.89693,28,2016-04-29,42,578.0,0.2615,train
2016-03-21,bsi_value,449.0,6.10702,445.0,439.0,432.0,420.0,399.0,371.0,339.0,270.0,262.0,448.0,432.0,12.4,401.07,34.53,336.57,69.56,358.22,69.21,400.18,84.5,0.00895,0.11806,0.28102,0.53868,459.0,463.0,466.0,197.0,197.0,178.0,262.0,260.0,246.0,0.98431,0.17647,0.3474,-0.93772,28,2016-05-03,43,582.0,0.25945,train
2016-03-22,bsi_value,460.0,6.13123,449.0,445.0,439.0,427.0,412.0,377.0,345.0,286.0,255.0,449.0,438.86,12.71,409.29,33.88,343.4,71.26,358.4,69.46,398.94,82.79,0.0242,0.1102,0.28768,0.58996,455.0,459.0,477.0,186.0,197.0,176.0,264.0,262.0,249.0,0.9872,0.15951,0.31494,-0.94911,28,2016-05-04,43,583.0,0.23696,train
2016-03-23,bsi_value,464.0,6.13988,460.0,449.0,445.0,432.0,420.0,386.0,350.0,298.0,250.0,449.0,445.14,12.71,417.43,32.32,350.53,72.25,358.65,69.81,397.86,81.27,0.00866,0.09963,0.28195,0.61842,458.0,455.0,481.0,196.0,186.0,179.0,266.0,264.0,252.0,0.98979,0.14251,0.28211,-0.95938,28,2016-05-05,43,583.0,0.2283,train
2016-03-24,bsi_value,468.0,6.14847,464.0,460.0,449.0,439.0,427.0,399.0,363.0,310.0,247.0,449.0,451.0,12.44,424.93,30.97,357.9,72.59,358.97,70.26,396.9,79.92,0.00858,0.09168,0.25407,0.63908,466.0,458.0,481.0,203.0,196.0,186.0,268.0,266.0,255.0,0.9921,0.12546,0.24894,-0.96852,28,2016-05-06,43,582.0,0.218,train
2016-03-29,bsi_value,473.0,6.1591,468.0,464.0,460.0,445.0,432.0,412.0,371.0,321.0,244.0,450.0,456.86,11.75,432.21,29.39,365.53,72.25,359.35,70.82,396.12,78.83,0.01063,0.09067,0.24289,0.66193,471.0,466.0,474.0,207.0,203.0,172.0,270.0,268.0,257.0,0.99921,0.03977,0.07948,-0.99684,28,2016-05-09,41,578.0,0.20048,train
2016-03-30,bsi_value,474.0,6.16121,473.0,468.0,464.0,449.0,439.0,420.0,377.0,328.0,243.0,450.0,461.86,10.47,439.14,26.88,373.23,71.08,359.75,71.4,395.47,77.93,0.00211,0.07671,0.22896,0.66815,484.0,471.0,467.0,210.0,207.0,178.0,271.0,270.0,258.0,0.99975,0.02258,0.04514,-0.99898,28,2016-05-10,41,575.0,0.19316,train
2016-03-31,bsi_value,475.0,6.16331,474.0,473.0,468.0,460.0,445.0,427.0,386.0,333.0,247.0,449.0,466.14,8.68,445.5,23.92,380.83,69.34,360.18,72.01,394.93,77.21,0.00211,0.06524,0.20748,0.65393,501.0,484.0,463.0,270.0,210.0,197.0,272.0,271.0,260.0,0.99999,0.00538,0.01075,-0.99994,28,2016-05-11,41,567.0,0.17704,train
2016-04-01,bsi_value,476.0,6.16542,475.0,474.0,473.0,464.0,449.0,432.0,399.0,339.0,252.0,445.0,470.0,5.68,451.0,21.31,388.3,67.09,360.7,72.73,394.49,76.63,0.0021,0.05839,0.17646,0.63599,535.0,501.0,459.0,345.0,270.0,197.0,272.0,272.0,262.0,0.99993,-0.01183,-0.02365,-0.99972,28,2016-05-12,41,560.0,0.16252,train
2016-04-04,bsi_value,476.0,6.16542,476.0,475.0,474.0,468.0,460.0,439.0,412.0,345.0,259.0,442.0,472.29,4.23,455.57,19.21,395.53,64.41,361.27,73.49,394.18,76.24,0.0,0.03419,0.14439,0.60859,563.0,535.0,455.0,424.0,345.0,186.0,274.0,272.0,264.0,0.99799,-0.06339,-0.12653,-0.99196,28,2016-05-13,39,555.0,0.15355,train
2016-04-05,bsi_value,479.0,6.1717,476.0,476.0,475.0,473.0,464.0,445.0,420.0,350.0,270.0,436.0,474.43,3.16,459.79,17.33,402.5,61.7,361.98,74.42,394.04,76.08,0.00628,0.03182,0.13145,0.57328,596.0,563.0,458.0,466.0,424.0,196.0,275.0,274.0,266.0,0.99675,-0.08055,-0.16057,-0.98702,28,2016-05-16,41,553.0,0.14366,train
2016-04-06,bsi_value,479.0,6.1717,479.0,476.0,476.0,474.0,468.0,449.0,427.0,363.0,286.0,430.0,476.0,2.14,463.5,15.36,408.93,59.23,362.8,75.42,394.04,76.08,0.0,0.02323,0.11492,0.51571,619.0,596.0,466.0,477.0,466.0,203.0,278.0,275.0,268.0,0.99522,-0.09768,-0.19443,-0.98092,28,2016-05-17,41,552.0,0.14185,train
2016-04-07,bsi_value,482.0,6.17794,479.0,479.0,476.0,475.0,473.0,460.0,432.0,371.0,298.0,422.0,477.29,2.6,467.07,13.3,415.07,56.9,363.8,76.59,394.16,76.2,0.00624,0.01885,0.10952,0.48085,627.0,619.0,471.0,562.0,477.0,207.0,280.0,278.0,270.0,0.99339,-0.11479,-0.22806,-0.97365,28,2016-05-18,41,552.0,0.1356,train
2016-04-08,bsi_value,485.0,6.18415,482.0,479.0,479.0,476.0,474.0,464.0,439.0,377.0,310.0,416.0,478.86,3.36,470.36,11.52,420.9,54.76,364.95,77.87,394.33,76.39,0.0062,0.02294,0.09965,0.44758,643.0,627.0,484.0,656.0,562.0,210.0,286.0,280.0,271.0,0.99127,-0.13186,-0.26141,-0.96523,28,2016-05-19,41,553.0,0.13121,train
2016-04-11,bsi_value,488.0,6.19032,485.0,482.0,479.0,476.0,475.0,468.0,445.0,386.0,321.0,412.0,480.71,4.2,473.43,9.98,426.47,52.78,366.22,79.23,394.57,76.65,0.00617,0.027,0.09224,0.41887,654.0,643.0,501.0,733.0,656.0,270.0,288.0,286.0,272.0,0.98315,-0.18282,-0.35947,-0.93316,28,2016-05-20,39,558.0,0.13404,train
2016-04-12,bsi_value,492.0,6.19848,488.0,485.0,482.0,479.0,476.0,473.0,449.0,399.0,328.0,402.0,483.0,5.24,476.5,8.49,431.93,50.75,367.72,80.73,394.84,76.95,0.00816,0.03306,0.09146,0.40547,666.0,654.0,535.0,744.0,733.0,345.0,290.0,288.0,272.0,0.97986,-0.1997,-0.39136,-0.92024,28,2016-05-23,41,562.0,0.13302,train
2016-04-13,bsi_value,498.0,6.2106,492.0,488.0,485.0,479.0,476.0,474.0,460.0,412.0,333.0,394.0,486.14,6.53,479.21,8.85,437.43,48.63,369.45,82.38,395.19,77.35,0.01212,0.04518,0.07937,0.40246,678.0,666.0,563.0,744.0,744.0,424.0,296.0,290.0,274.0,0.97628,-0.21653,-0.42278,-0.90623,28,2016-05-24,41,565.0,0.12623,train
2016-04-14,bsi_value,506.0,6.22654,498.0,492.0,488.0,482.0,479.0,475.0,464.0,420.0,339.0,388.0,490.0,8.77,482.21,10.2,443.0,46.55,371.42,84.19,395.62,77.85,0.01594,0.05484,0.08665,0.40054,700.0,678.0,596.0,831.0,744.0,466.0,309.0,296.0,275.0,0.97241,-0.23329,-0.4537,-0.89115,28,2016-05-25,41,568.0,0.11558,train
2016-04-15,bsi_value,514.0,6.24222,506.0,498.0,492.0,485.0,479.0,476.0,468.0,427.0,345.0,381.0,495.0,10.81,485.5,12.29,448.63,44.53,373.63,86.14,396.12,78.47,0.01569,0.07052,0.09375,0.39868,727.0,700.0,619.0,949.0,831.0,477.0,321.0,309.0,278.0,0.96825,-0.24998,-0.48409,-0.87502,28,2016-05-26,41,571.0,0.10517,train
2016-04-18,bsi_value,525.0,6.2634,514.0,506.0,498.0,488.0,482.0,476.0,473.0,432.0,350.0,372.0,501.14,13.55,489.21,15.41,454.47,42.65,376.18,88.29,396.72,79.24,0.02117,0.08545,0.1043,0.40547,740.0,727.0,627.0,1030.0,949.0,562.0,328.0,321.0,280.0,0.95407,-0.29959,-0.57167,-0.82049,28,2016-05-27,39,575.0,0.09097,train
2016-04-19,bsi_value,529.0,6.27099,525.0,514.0,506.0,492.0,485.0,479.0,474.0,439.0,363.0,366.0,507.43,14.75,493.14,17.85,460.0,41.17,378.9,90.42,397.36,80.06,0.00759,0.08684,0.10978,0.37659,746.0,740.0,643.0,1065.0,1030.0,656.0,334.0,328.0,286.0,0.94877,-0.31596,-0.59955,-0.80034,28,2016-05-31,42,579.0,0.09031,train
2016-04-20,bsi_value,534.0,6.2804,529.0,525.0,514.0,498.0,488.0,479.0,475.0,445.0,371.0,358.0,514.0,14.88,497.36,19.91,465.43,39.8,381.83,92.52,398.07,80.98,0.00941,0.09008,0.11708,0.36419,747.0,746.0,654.0,1022.0,1065.0,733.0,342.0,334.0,288.0,0.9432,-0.33224,-0.62673,-0.77924,28,2016-06-01,42,580.0,0.08263,train
2016-04-21,bsi_value,543.0,6.29711,534.0,529.0,525.0,506.0,492.0,482.0,476.0,449.0,377.0,350.0,521.29,14.81,502.14,22.13,470.97,38.64,385.05,94.69,398.89,82.07,0.01671,0.09863,0.13169,0.36486,743.0,747.0,666.0,1004.0,1022.0,744.0,348.0,342.0,290.0,0.93734,-0.34841,-0.65316,-0.75722,28,2016-06-02,42,578.0,0.06246,train
2016-04-22,bsi_value,551.0,6.31173,543.0,534.0,529.0,514.0,498.0,485.0,476.0,460.0,386.0,338.0,528.86,14.52,507.5,24.14,476.47,37.89,388.6,96.83,399.84,83.32,0.01463,0.10113,0.14632,0.3559,736.0,743.0,678.0,1085.0,1004.0,744.0,354.0,348.0,296.0,0.93121,-0.36448,-0.67882,-0.7343,28,2016-06-03,42,575.0,0.04264,train
2016-04-25,bsi_value,558.0,6.32436,551.0,543.0,534.0,525.0,506.0,488.0,479.0,464.0,399.0,327.0,536.29,14.22,513.14,25.98,481.77,37.81,392.45,98.87,400.92,84.72,0.01262,0.09782,0.15266,0.3354,727.0,736.0,700.0,1087.0,1085.0,831.0,356.0,354.0,309.0,0.91117,-0.41203,-0.75086,-0.66046,28,2016-06-06,42,574.0,0.02827,train
2016-04-26,bsi_value,562.0,6.3315,558.0,551.0,543.0,529.0,514.0,492.0,479.0,468.0,412.0,316.0,543.14,13.37,519.07,26.97,486.77,38.17,396.55,100.7,402.06,86.17,0.00714,0.08928,0.1598,0.31048,718.0,727.0,727.0,1135.0,1087.0,949.0,358.0,356.0,321.0,0.90395,-0.42765,-0.77314,-0.63424,28,2016-06-07,42,570.0,0.01413,train
2016-04-27,bsi_value,564.0,6.33505,562.0,558.0,551.0,534.0,525.0,498.0,482.0,473.0,420.0,304.0,548.71,12.76,524.93,27.18,491.57,38.52,400.88,102.21,403.27,87.66,0.00355,0.07166,0.15711,0.2948,704.0,718.0,740.0,1160.0,1135.0,1030.0,362.0,358.0,328.0,0.89646,-0.44313,-0.7945,-0.60727,28,2016-06-08,42,567.0,0.00531,train
2016-04-28,bsi_value,573.0,6.35089,564.0,562.0,558.0,543.0,529.0,506.0,485.0,474.0,427.0,299.0,555.0,12.33,531.21,27.4,496.43,39.27,405.45,103.66,404.62,89.32,0.01583,0.0799,0.16674,0.2941,685.0,704.0,746.0,1137.0,1160.0,1065.0,365.0,362.0,334.0,0.8887,-0.45849,-0.81492,-0.57958,28,2016-06-09,42,564.0,-0.01583,train
2016-04-29,bsi_value,578.0,6.35957,573.0,564.0,562.0,551.0,534.0,514.0,488.0,475.0,432.0,289.0,561.29,11.18,537.64,27.06,501.3,40.03,410.27,104.85,406.04,91.03,0.00869,0.07918,0.16926,0.29115,667.0,685.0,747.0,1117.0,1137.0,1022.0,367.0,365.0,342.0,0.88068,-0.47371,-0.83437,-0.5512,28,2016-06-10,42,560.0,-0.03164,train
2016-05-03,bsi_value,582.0,6.36647,578.0,573.0,564.0,558.0,543.0,525.0,492.0,476.0,439.0,280.0,566.86,10.37,544.07,26.13,506.07,40.83,415.3,105.72,407.52,92.78,0.0069,0.06936,0.16799,0.28197,640.0,667.0,743.0,1055.0,1117.0,1004.0,368.0,367.0,348.0,0.84603,-0.53314,-0.9021,-0.43153,28,2016-06-13,41,557.0,-0.04391,train
2016-05-04,bsi_value,583.0,6.36819,582.0,578.0,573.0,562.0,551.0,529.0,498.0,476.0,445.0,271.0,571.43,9.38,550.14,24.54,510.67,41.46,420.5,106.17,409.02,94.5,0.00172,0.05645,0.15759,0.27011,621.0,640.0,736.0,954.0,1055.0,1085.0,365.0,368.0,354.0,0.83673,-0.54761,-0.91641,-0.40024,28,2016-06-14,41,554.0,-0.05102,train
2016-05-05,bsi_value,583.0,6.36819,583.0,582.0,578.0,564.0,558.0,534.0,506.0,479.0,449.0,262.0,575.0,8.28,555.64,22.59,515.13,41.79,425.85,106.13,410.52,96.16,0.0,0.04383,0.14165,0.26116,607.0,621.0,727.0,915.0,954.0,1087.0,365.0,365.0,356.0,0.82719,-0.56192,-0.92963,-0.36848,28,2016-06-15,41,552.0,-0.05464,train
2016-05-06,bsi_value,582.0,6.36647,583.0,583.0,582.0,573.0,562.0,543.0,514.0,479.0,460.0,255.0,577.86,6.58,560.5,20.3,519.2,42.16,431.3,105.61,412.0,97.75,-0.00172,0.03497,0.12425,0.23524,591.0,607.0,718.0,892.0,915.0,1135.0,359.0,365.0,358.0,0.8174,-0.57607,-0.94176,-0.33629,28,2016-06-16,41,552.0,-0.05292,train
2016-05-09,bsi_value,578.0,6.35957,582.0,583.0,583.0,578.0,564.0,551.0,525.0,482.0,464.0,250.0,579.86,3.44,564.29,18.16,523.0,42.15,436.77,104.57,413.43,99.22,-0.0069,0.02452,0.09618,0.21969,584.0,591.0,704.0,837.0,892.0,1160.0,355.0,359.0,362.0,0.7866,-0.61747,-0.9714,-0.23747,28,2016-06-17,39,554.0,-0.04241,train
2016-05-10,bsi_value,575.0,6.35437,578.0,582.0,583.0,582.0,573.0,558.0,529.0,485.0,468.0,247.0,580.14,2.9,567.57,15.44,526.57,41.88,442.23,103.07,414.83,100.59,-0.0052,0.00348,0.08338,0.2059,581.0,584.0,685.0,752.0,837.0,1137.0,352.0,355.0,365.0,0.77586,-0.63091,-0.97899,-0.20391,28,2016-06-20,41,555.0,-0.0354,train
2016-05-11,bsi_value,567.0,6.34036,575.0,578.0,582.0,583.0,578.0,562.0,534.0,488.0,473.0,244.0,578.57,5.47,569.93,12.34,529.7,41.26,447.62,100.99,416.13,101.78,-0.01401,-0.01921,0.05996,0.18126,583.0,581.0,667.0,713.0,752.0,1117.0,349.0,352.0,367.0,0.76489,-0.64416,-0.98542,-0.17012,28,2016-06-21,41,559.0,-0.01421,train
2016-05-12,bsi_value,560.0,6.32794,567.0,575.0,578.0,583.0,582.0,564.0,543.0,492.0,474.0,243.0,575.43,8.23,571.14,10.29,532.57,40.27,452.9,98.41,417.36,102.84,-0.01242,-0.03853,0.03083,0.16673,589.0,583.0,640.0,724.0,713.0,1055.0,347.0,349.0,368.0,0.7537,-0.65722,-0.99069,-0.13612,28,2016-06-22,41,563.0,0.00534,train
2016-05-13,bsi_value,555.0,6.31897,560.0,567.0,575.0,582.0,583.0,573.0,551.0,498.0,475.0,247.0,571.43,10.15,571.43,9.77,535.23,39.0,458.03,95.52,418.53,103.8,-0.00897,-0.04922,0.00723,0.15565,597.0,589.0,621.0,798.0,724.0,954.0,347.0,347.0,365.0,0.74228,-0.67009,-0.99479,-0.10196,28,2016-06-23,41,570.0,0.02667,train
2016-05-16,bsi_value,553.0,6.31536,555.0,560.0,567.0,578.0,583.0,578.0,558.0,506.0,476.0,252.0,567.14,10.68,571.07,10.33,537.8,37.52,463.05,92.42,419.73,104.72,-0.00361,-0.05283,-0.009,0.14994,598.0,597.0,607.0,854.0,798.0,915.0,347.0,347.0,365.0,0.70673,-0.70749,-1.0,0.00108,28,2016-06-24,39,577.0,0.04248,train
2016-05-17,bsi_value,552.0,6.31355,553.0,555.0,560.0,575.0,582.0,582.0,562.0,514.0,476.0,259.0,562.86,9.85,570.36,11.24,540.33,35.79,467.93,89.2,420.96,105.61,-0.00181,-0.05292,-0.01795,0.14813,604.0,598.0,591.0,988.0,854.0,892.0,345.0,347.0,359.0,0.69445,-0.71954,-0.99937,0.03547,28,2016-06-27,41,583.0,0.05464,train
2016-05-18,bsi_value,552.0,6.31355,552.0,553.0,555.0,567.0,578.0,583.0,564.0,525.0,479.0,270.0,559.14,8.2,569.5,12.12,542.77,33.97,472.63,86.02,422.24,106.49,0.0,-0.04603,-0.02151,0.14185,611.0,604.0,584.0,954.0,988.0,837.0,342.0,345.0,355.0,0.68197,-0.73138,-0.99756,0.06983,28,2016-06-28,41,587.0,0.06148,train
2016-05-19,bsi_value,553.0,6.31536,552.0,552.0,553.0,560.0,575.0,583.0,573.0,529.0,479.0,286.0,556.0,5.18,568.07,12.78,545.23,31.87,477.08,83.1,423.61,107.36,0.00181,-0.03901,-0.03553,0.14366,617.0,611.0,581.0,906.0,954.0,752.0,342.0,342.0,352.0,0.66929,-0.743,-0.99457,0.1041,28,2016-06-29,41,593.0,0.06984,train
2016-05-20,bsi_value,558.0,6.32436,553.0,552.0,552.0,555.0,567.0,582.0,578.0,534.0,482.0,298.0,554.71,2.91,566.64,12.71,547.77,29.69,481.42,80.39,425.12,108.28,0.009,-0.016,-0.03521,0.14641,614.0,617.0,583.0,870.0,906.0,713.0,343.0,342.0,349.0,0.65641,-0.7544,-0.9904,0.13825,28,2016-06-30,41,606.0,0.08252,train
2016-05-23,bsi_value,562.0,6.3315,558.0,553.0,552.0,553.0,560.0,578.0,582.0,543.0,485.0,310.0,555.0,3.46,565.21,12.01,550.33,27.39,485.62,77.86,426.74,109.22,0.00714,0.00357,-0.03497,0.14735,611.0,614.0,589.0,870.0,870.0,724.0,344.0,343.0,347.0,0.61662,-0.78726,-0.97088,0.23956,28,2016-07-01,39,619.0,0.0966,train
2016-05-24,bsi_value,565.0,6.33683,562.0,558.0,553.0,552.0,555.0,575.0,583.0,551.0,488.0,321.0,556.43,4.92,563.93,10.95,552.9,24.93,489.68,75.5,428.44,110.17,0.00532,0.01786,-0.03136,0.14651,608.0,611.0,597.0,848.0,870.0,798.0,345.0,344.0,347.0,0.60299,-0.79775,-0.96207,0.27281,28,2016-07-04,41,627.0,0.10412,train
2016-05-25,bsi_value,568.0,6.34212,565.0,562.0,558.0,552.0,553.0,567.0,583.0,558.0,492.0,328.0,558.57,6.09,562.86,9.69,555.43,22.34,493.68,73.15,430.29,111.09,0.0053,0.02676,-0.02607,0.14364,596.0,608.0,598.0,799.0,848.0,854.0,346.0,345.0,347.0,0.58918,-0.808,-0.95211,0.30574,28,2016-07-05,41,633.0,0.10835,train
2016-05-26,bsi_value,571.0,6.34739,568.0,565.0,562.0,553.0,552.0,560.0,582.0,562.0,498.0,333.0,561.29,6.76,562.07,8.48,557.87,19.78,497.65,70.74,432.26,112.0,0.00527,0.03384,-0.01908,0.13679,586.0,596.0,604.0,793.0,799.0,988.0,347.0,346.0,345.0,0.57519,-0.81802,-0.94103,0.33831,28,2016-07-06,41,637.0,0.10938,train
2016-05-27,bsi_value,575.0,6.35437,571.0,568.0,565.0,558.0,552.0,555.0,578.0,564.0,506.0,339.0,564.57,7.03,561.86,8.11,560.17,17.49,501.58,68.33,434.33,112.89,0.00698,0.04082,-0.0052,0.12783,582.0,586.0,611.0,830.0,793.0,954.0,347.0,347.0,342.0,0.56103,-0.82779,-0.92884,0.37048,28,2016-07-07,41,639.0,0.10553,train
2016-05-31,bsi_value,579.0,6.3613,575.0,571.0,568.0,562.0,553.0,553.0,575.0,573.0,514.0,345.0,568.29,6.8,562.14,8.62,562.33,15.56,505.48,65.91,436.53,113.75,0.00693,0.04594,0.00693,0.11908,574.0,582.0,617.0,854.0,830.0,906.0,351.0,347.0,342.0,0.50279,-0.86441,-0.86923,0.4944,28,2016-07-08,38,644.0,0.1064,train
2016-06-01,bsi_value,580.0,6.36303,579.0,575.0,571.0,565.0,558.0,552.0,567.0,578.0,525.0,350.0,571.43,6.39,563.07,9.72,564.17,14.24,509.32,63.4,438.84,114.53,0.00173,0.03867,0.02267,0.09963,568.0,574.0,614.0,861.0,854.0,870.0,355.0,351.0,343.0,0.48785,-0.87293,-0.85171,0.52401,28,2016-07-11,40,647.0,0.10932,train
2016-06-02,bsi_value,578.0,6.35957,580.0,579.0,575.0,568.0,562.0,552.0,560.0,582.0,529.0,363.0,573.71,5.39,564.36,10.4,565.8,12.85,512.9,61.06,441.2,115.19,-0.00345,0.02807,0.03164,0.08859,560.0,568.0,611.0,854.0,861.0,870.0,354.0,355.0,344.0,0.47276,-0.88119,-0.83318,0.553,28,2016-07-12,40,651.0,0.11894,train
2016-06-03,bsi_value,575.0,6.35437,578.0,580.0,579.0,571.0,565.0,553.0,555.0,583.0,534.0,371.0,575.14,4.05,565.79,10.39,567.17,11.51,516.3,58.7,443.61,115.69,-0.0052,0.01754,0.0354,0.07397,550.0,560.0,608.0,913.0,854.0,848.0,349.0,354.0,345.0,0.45753,-0.88919,-0.81367,0.58133,28,2016-07-13,40,666.0,0.14692,train
2016-06-06,bsi_value,574.0,6.35263,575.0,578.0,580.0,575.0,568.0,558.0,553.0,583.0,543.0,377.0,576.0,2.93,567.29,9.94,568.2,10.65,519.58,56.28,446.1,116.06,-0.00174,0.01051,0.03727,0.05552,544.0,550.0,596.0,922.0,913.0,799.0,345.0,349.0,346.0,0.41105,-0.91161,-0.74944,0.66207,28,2016-07-14,38,679.0,0.16799,train
2016-06-07,bsi_value,570.0,6.34564,574.0,575.0,578.0,579.0,571.0,562.0,552.0,582.0,551.0,386.0,575.86,3.18,568.57,9.0,568.83,10.17,522.65,53.88,448.68,116.2,-0.00699,-0.00175,0.03209,0.0339,542.0,544.0,586.0,920.0,922.0,793.0,344.0,345.0,347.0,0.39531,-0.91855,-0.72622,0.68746,28,2016-07-15,38,686.0,0.18524,train
2016-06-08,bsi_value,567.0,6.34036,570.0,574.0,575.0,580.0,575.0,565.0,552.0,578.0,558.0,399.0,574.71,4.46,569.64,7.77,569.13,9.97,525.45,51.7,451.34,116.13,-0.00528,-0.01401,0.02681,0.016,540.0,542.0,582.0,973.0,920.0,830.0,338.0,344.0,347.0,0.37945,-0.92521,-0.70215,0.71203,28,2016-07-18,40,693.0,0.20067,train
2016-06-09,bsi_value,564.0,6.33505,567.0,570.0,574.0,578.0,579.0,568.0,553.0,575.0,562.0,412.0,572.57,5.39,570.43,6.5,569.2,9.93,527.98,49.76,454.1,115.83,-0.00531,-0.02625,0.0197,0.00355,543.0,540.0,574.0,995.0,973.0,854.0,332.0,338.0,351.0,0.36348,-0.9316,-0.67724,0.73576,28,2016-07-19,40,697.0,0.21173,train
2016-06-10,bsi_value,560.0,6.32794,564.0,567.0,570.0,575.0,580.0,571.0,558.0,567.0,564.0,420.0,569.71,5.97,570.57,6.24,569.07,10.03,530.32,47.89,456.94,115.25,-0.00712,-0.03509,0.00358,-0.00712,543.0,543.0,568.0,1006.0,995.0,861.0,327.0,332.0,355.0,0.3474,-0.93772,-0.65153,0.75862,28,2016-07-20,40,700.0,0.22314,train
2016-06-13,bsi_value,557.0,6.32257,560.0,564.0,567.0,574.0,578.0,575.0,562.0,560.0,573.0,427.0,566.71,6.32,570.21,6.84,568.53,10.23,532.48,46.08,459.81,114.5,-0.00537,-0.03701,-0.00894,-0.02832,542.0,543.0,560.0,1014.0,1006.0,854.0,322.0,327.0,354.0,0.29857,-0.95439,-0.5699,0.82171,28,2016-07-21,38,702.0,0.23137,train
2016-06-14,bsi_value,554.0,6.31716,557.0,560.0,564.0,570.0,575.0,579.0,565.0,555.0,578.0,432.0,563.71,6.65,569.43,7.93,567.73,10.39,534.52,44.25,462.76,113.47,-0.0054,-0.03721,-0.01966,-0.04241,543.0,542.0,550.0,1018.0,1014.0,913.0,317.0,322.0,349.0,0.28211,-0.95938,-0.5413,0.84083,28,2016-07-22,38,701.0,0.23534,train
2016-06-15,bsi_value,552.0,6.31355,554.0,557.0,560.0,567.0,574.0,580.0,568.0,553.0,582.0,439.0,560.57,6.23,568.29,9.12,566.73,10.41,536.4,42.52,465.78,112.17,-0.00362,-0.03908,-0.02857,-0.05292,545.0,543.0,544.0,1000.0,1018.0,922.0,315.0,317.0,345.0,0.26556,-0.96409,-0.51206,0.85895,28,2016-07-25,40,698.0,0.23467,train
2016-06-16,bsi_value,552.0,6.31355,552.0,554.0,557.0,564.0,570.0,578.0,571.0,552.0,583.0,445.0,558.0,5.48,566.93,9.99,565.7,10.29,538.18,40.86,468.9,110.61,0.0,-0.03209,-0.03384,-0.05464,545.0,545.0,542.0,976.0,1000.0,920.0,314.0,315.0,344.0,0.24894,-0.96852,-0.48221,0.87606,28,2016-07-26,40,697.0,0.23324,train
2016-06-17,bsi_value,554.0,6.31716,552.0,552.0,554.0,560.0,567.0,575.0,575.0,552.0,583.0,449.0,556.14,4.16,565.43,10.24,564.73,9.97,539.93,39.22,472.14,108.76,0.00362,-0.02319,-0.03721,-0.05102,546.0,545.0,540.0,927.0,976.0,973.0,311.0,314.0,338.0,0.23224,-0.97266,-0.45179,0.89213,28,2016-07-27,40,690.0,0.21953,train
2016-06-20,bsi_value,555.0,6.31897,554.0,552.0,552.0,557.0,564.0,574.0,579.0,553.0,582.0,460.0,554.86,2.64,563.71,9.82,563.83,9.58,541.52,37.85,475.48,106.63,0.0018,-0.01609,-0.04233,-0.0475,546.0,546.0,543.0,897.0,927.0,995.0,312.0,311.0,332.0,0.18176,-0.98334,-0.35746,0.93393,28,2016-07-28,38,684.0,0.20899,train
2016-06-21,bsi_value,559.0,6.32615,555.0,554.0,552.0,554.0,560.0,570.0,580.0,558.0,578.0,464.0,554.71,2.37,562.21,8.77,563.2,9.25,543.1,36.54,478.91,104.26,0.00718,-0.00179,-0.03688,-0.03342,548.0,546.0,543.0,873.0,897.0,1006.0,315.0,312.0,327.0,0.16482,-0.98632,-0.32513,0.94567,28,2016-07-29,38,676.0,0.19004,train
2016-06-22,bsi_value,563.0,6.33328,559.0,555.0,554.0,552.0,557.0,567.0,578.0,562.0,575.0,468.0,555.57,3.74,561.14,7.61,562.8,8.99,544.68,35.29,482.42,101.68,0.00713,0.01071,-0.02629,-0.02109,556.0,548.0,542.0,878.0,873.0,1014.0,318.0,315.0,322.0,0.14783,-0.98901,-0.29241,0.95629,28,2016-08-01,40,671.0,0.17549,train
2016-06-23,bsi_value,570.0,6.34564,563.0,559.0,555.0,552.0,554.0,564.0,575.0,565.0,567.0,473.0,557.86,6.17,560.79,7.05,562.9,9.05,546.3,34.17,486.04,98.89,0.01236,0.02847,-0.00873,0.00528,569.0,556.0,543.0,897.0,878.0,1018.0,322.0,318.0,317.0,0.13079,-0.99141,-0.25934,0.96579,28,2016-08-02,40,667.0,0.15715,train
2016-06-24,bsi_value,577.0,6.35784,570.0,563.0,559.0,554.0,552.0,560.0,574.0,568.0,560.0,474.0,561.43,8.53,561.0,7.48,563.47,9.38,548.02,33.07,489.76,95.93,0.01221,0.04429,0.00521,0.02991,585.0,569.0,545.0,913.0,897.0,1000.0,329.0,322.0,315.0,0.11372,-0.99351,-0.22596,0.97414,28,2016-08-03,40,663.0,0.13893,train
2016-06-27,bsi_value,583.0,6.36819,577.0,570.0,563.0,555.0,552.0,557.0,570.0,571.0,555.0,475.0,565.86,10.34,561.93,9.16,564.4,9.87,549.82,31.96,493.49,92.9,0.01034,0.05464,0.02255,0.04922,601.0,585.0,545.0,919.0,913.0,976.0,331.0,329.0,314.0,0.06232,-0.99806,-0.12439,0.99223,28,2016-08-04,38,660.0,0.12405,train
2016-06-28,bsi_value,587.0,6.37502,583.0,577.0,570.0,559.0,554.0,554.0,567.0,575.0,553.0,476.0,570.57,11.34,563.36,11.18,565.53,10.43,551.67,30.83,497.21,89.81,0.00684,0.05786,0.03467,0.05967,618.0,601.0,546.0,936.0,919.0,927.0,336.0,331.0,311.0,0.04514,-0.99898,-0.09019,0.99592,28,2016-08-05,38,654.0,0.10808,train
2016-06-29,bsi_value,593.0,6.38519,587.0,583.0,577.0,563.0,555.0,552.0,564.0,579.0,552.0,476.0,576.0,11.67,565.43,13.54,566.9,11.22,553.62,29.66,500.92,86.73,0.01017,0.06623,0.05014,0.07165,634.0,618.0,546.0,955.0,936.0,897.0,338.0,336.0,312.0,0.02795,-0.99961,-0.05588,0.99844,28,2016-08-08,40,647.0,0.08715,train
2016-06-30,bsi_value,606.0,6.40688,593.0,587.0,583.0,570.0,559.0,552.0,560.0,580.0,552.0,479.0,582.71,13.36,568.71,16.97,568.7,12.89,555.73,28.78,504.66,83.9,0.02169,0.08073,0.07894,0.09333,662.0,634.0,548.0,996.0,955.0,873.0,342.0,338.0,315.0,0.01075,-0.99994,-0.0215,0.99977,28,2016-08-09,40,645.0,0.06237,train
2016-07-01,bsi_value,619.0,6.42811,606.0,593.0,587.0,577.0,563.0,554.0,557.0,578.0,553.0,479.0,590.71,15.72,573.14,20.96,570.9,15.41,558.07,28.13,508.36,81.48,0.02123,0.09483,0.10554,0.11275,691.0,662.0,556.0,1030.0,996.0,878.0,344.0,342.0,318.0,-0.00645,-0.99998,0.0129,0.99992,28,2016-08-10,40,642.0,0.03648,train
2016-07-04,bsi_value,627.0,6.44095,619.0,606.0,593.0,583.0,570.0,555.0,554.0,575.0,558.0,482.0,598.86,17.54,578.36,24.35,573.2,18.21,560.48,27.72,512.01,79.31,0.01284,0.09531,0.12378,0.11659,710.0,691.0,569.0,1049.0,1030.0,897.0,347.0,344.0,322.0,-0.05803,-0.99832,0.11586,0.99327,28,2016-08-11,38,639.0,0.01896,train
2016-07-05,bsi_value,633.0,6.45047,627.0,619.0,606.0,587.0,577.0,559.0,552.0,574.0,562.0,485.0,606.86,18.49,584.14,26.89,575.57,21.0,562.95,27.48,515.6,77.38,0.00952,0.09263,0.13692,0.11897,735.0,710.0,585.0,1034.0,1049.0,913.0,349.0,347.0,329.0,-0.07519,-0.99717,0.14995,0.98869,28,2016-08-12,38,640.0,0.011,train
2016-07-06,bsi_value,637.0,6.45677,633.0,627.0,619.0,593.0,583.0,563.0,552.0,570.0,565.0,488.0,614.57,18.19,590.21,28.5,577.97,23.61,565.43,27.32,519.11,75.62,0.0063,0.08858,0.14322,0.11994,755.0,735.0,601.0,1019.0,1034.0,919.0,349.0,349.0,331.0,-0.09233,-0.99573,0.18387,0.98295,28,2016-08-15,40,643.0,0.00938,train
2016-07-07,bsi_value,639.0,6.4599,637.0,633.0,627.0,606.0,587.0,570.0,554.0,567.0,568.0,492.0,622.0,15.88,596.29,29.18,580.33,25.93,567.88,27.22,522.57,73.89,0.00313,0.08488,0.14274,0.11778,779.0,755.0,618.0,1008.0,1019.0,936.0,352.0,349.0,336.0,-0.10945,-0.99399,0.21758,0.97604,28,2016-08-16,40,646.0,0.0109,train
2016-07-08,bsi_value,644.0,6.4677,639.0,637.0,633.0,619.0,593.0,577.0,555.0,564.0,571.0,498.0,629.29,12.17,602.64,29.19,582.77,28.27,570.32,27.39,526.02,72.2,0.00779,0.0825,0.14873,0.12031,792.0,779.0,634.0,1002.0,1008.0,955.0,354.0,352.0,338.0,-0.12653,-0.99196,0.25102,0.96798,28,2016-08-17,40,652.0,0.01235,train
2016-07-11,bsi_value,647.0,6.47235,644.0,639.0,637.0,627.0,606.0,583.0,559.0,560.0,575.0,506.0,635.14,9.01,608.93,28.58,585.17,30.47,572.67,27.81,529.44,70.53,0.00465,0.06547,0.1462,0.11798,799.0,792.0,662.0,991.0,1002.0,996.0,356.0,354.0,342.0,-0.17753,-0.98412,0.34942,0.93697,28,2016-08-18,38,666.0,0.02894,train
2016-07-12,bsi_value,651.0,6.47851,647.0,644.0,639.0,633.0,619.0,587.0,563.0,557.0,579.0,514.0,639.71,7.69,615.21,27.45,587.57,32.65,574.95,28.52,532.84,68.91,0.00616,0.0504,0.14523,0.11721,809.0,799.0,691.0,987.0,991.0,1030.0,358.0,356.0,344.0,-0.19443,-0.98092,0.38144,0.92439,28,2016-08-19,38,677.0,0.03916,train
2016-07-13,bsi_value,666.0,6.50129,651.0,647.0,644.0,637.0,627.0,593.0,570.0,554.0,580.0,525.0,645.29,10.18,622.07,27.29,590.43,35.51,577.3,30.07,536.36,67.54,0.02278,0.06034,0.15565,0.13826,819.0,809.0,710.0,1010.0,987.0,1049.0,360.0,358.0,347.0,-0.21128,-0.97743,0.41301,0.91073,28,2016-08-22,40,686.0,0.02959,train
2016-07-14,bsi_value,679.0,6.52062,666.0,651.0,647.0,639.0,633.0,606.0,577.0,552.0,578.0,529.0,651.86,14.19,629.36,27.89,593.8,38.81,579.8,32.12,539.87,66.65,0.01933,0.07015,0.16278,0.16105,842.0,819.0,735.0,1020.0,1010.0,1034.0,361.0,360.0,349.0,-0.22806,-0.97365,0.4441,0.89598,28,2016-08-23,40,694.0,0.02185,train
2016-07-15,bsi_value,686.0,6.53088,679.0,666.0,651.0,644.0,637.0,619.0,583.0,552.0,575.0,534.0,658.86,16.95,636.71,28.27,597.5,42.0,582.33,34.33,543.37,65.96,0.01026,0.07411,0.16269,0.17651,863.0,842.0,755.0,1023.0,1020.0,1019.0,363.0,361.0,349.0,-0.24477,-0.96958,0.47465,0.88017,28,2016-08-24,40,702.0,0.02306,train
2016-07-18,bsi_value,693.0,6.54103,686.0,679.0,666.0,647.0,639.0,627.0,587.0,554.0,574.0,543.0,666.57,18.38,644.29,28.14,601.47,45.1,584.83,36.75,546.88,65.42,0.01015,0.08113,0.16601,0.1884,874.0,863.0,779.0,1016.0,1023.0,1008.0,366.0,363.0,352.0,-0.29446,-0.95566,0.56281,0.82658,28,2016-08-25,38,712.0,0.02705,train
2016-07-19,bsi_value,697.0,6.54679,693.0,686.0,679.0,651.0,644.0,633.0,593.0,555.0,570.0,551.0,674.14,18.44,651.71,27.34,605.7,47.82,587.27,39.18,550.33,65.04,0.00576,0.07909,0.16159,0.20115,879.0,874.0,792.0,986.0,1016.0,1002.0,371.0,366.0,354.0,-0.31086,-0.95046,0.59091,0.80674,28,2016-08-26,38,715.0,0.0255,train
2016-07-20,bsi_value,700.0,6.55108,697.0,693.0,686.0,666.0,647.0,637.0,606.0,559.0,567.0,558.0,681.71,16.52,658.43,26.82,610.13,50.14,589.63,41.56,553.68,64.91,0.00429,0.07873,0.1442,0.21072,872.0,879.0,799.0,937.0,986.0,991.0,376.0,371.0,356.0,-0.32716,-0.94497,0.61831,0.78593,28,2016-08-30,41,719.0,0.02678,train
2016-07-21,bsi_value,702.0,6.55393,700.0,697.0,693.0,679.0,651.0,639.0,619.0,563.0,564.0,562.0,689.0,12.0,664.36,26.62,614.73,51.99,591.97,43.81,556.9,65.0,0.00285,0.07542,0.12583,0.21888,850.0,872.0,809.0,906.0,937.0,987.0,379.0,376.0,358.0,-0.34337,-0.9392,0.64498,0.7642,28,2016-08-31,41,721.0,0.02671,train
2016-07-22,bsi_value,701.0,6.55251,702.0,700.0,697.0,686.0,666.0,644.0,627.0,570.0,560.0,564.0,694.0,8.0,669.64,26.02,619.43,53.19,594.25,45.82,560.02,65.09,-0.00143,0.05122,0.11156,0.22457,827.0,850.0,819.0,895.0,906.0,1010.0,383.0,379.0,360.0,-0.35947,-0.93316,0.67089,0.74156,28,2016-09-01,41,723.0,0.0309,train
2016-07-25,bsi_value,698.0,6.54822,701.0,702.0,700.0,693.0,679.0,647.0,633.0,577.0,557.0,573.0,696.71,5.17,674.29,24.84,624.13,53.69,596.33,47.61,563.03,65.14,-0.00429,0.0276,0.09775,0.22565,806.0,827.0,842.0,877.0,895.0,1020.0,386.0,383.0,361.0,-0.40713,-0.91337,0.74372,0.66849,28,2016-09-02,39,721.0,0.03242,train
2016-07-26,bsi_value,697.0,6.54679,698.0,701.0,702.0,697.0,686.0,651.0,637.0,583.0,554.0,578.0,698.29,2.81,678.57,23.16,628.9,53.6,598.32,49.25,565.98,65.14,-0.00143,0.01591,0.09002,0.22962,784.0,806.0,863.0,841.0,877.0,1023.0,390.0,386.0,363.0,-0.42278,-0.90623,0.76627,0.64251,28,2016-09-05,41,718.0,0.02968,train
2016-07-27,bsi_value,690.0,6.53669,697.0,698.0,701.0,700.0,693.0,666.0,639.0,587.0,552.0,582.0,697.86,3.68,682.21,20.5,633.5,52.72,600.12,50.58,568.77,65.01,-0.01009,-0.00434,0.07679,0.22314,752.0,784.0,874.0,803.0,841.0,1016.0,392.0,390.0,366.0,-0.43831,-0.89883,0.78792,0.61577,28,2016-09-06,41,714.0,0.03419,train
2016-07-28,bsi_value,684.0,6.52796,690.0,697.0,698.0,702.0,697.0,679.0,644.0,593.0,552.0,583.0,696.0,6.12,685.07,17.56,637.9,51.22,601.8,51.65,571.42,64.79,-0.00873,-0.01883,0.06026,0.21441,719.0,752.0,879.0,780.0,803.0,986.0,396.0,392.0,371.0,-0.4537,-0.89115,0.80864,0.58831,28,2016-09-07,41,702.0,0.02598,train
2016-07-29,bsi_value,676.0,6.51619,684.0,690.0,697.0,701.0,700.0,686.0,647.0,606.0,554.0,583.0,692.57,8.97,687.14,14.36,641.97,49.2,603.35,52.45,573.94,64.39,-0.01176,-0.03489,0.04385,0.19903,692.0,719.0,872.0,768.0,780.0,937.0,399.0,396.0,376.0,-0.46897,-0.88322,0.8284,0.56014,28,2016-09-08,41,694.0,0.02628,train
2016-08-01,bsi_value,671.0,6.50877,676.0,684.0,690.0,698.0,702.0,693.0,651.0,619.0,555.0,582.0,688.14,10.71,688.57,11.38,645.83,46.71,604.83,53.08,576.29,64.04,-0.00742,-0.04516,0.03026,0.1898,673.0,692.0,850.0,757.0,768.0,906.0,401.0,399.0,379.0,-0.5139,-0.85785,0.8817,0.47181,28,2016-09-09,39,688.0,0.02502,train
2016-08-02,bsi_value,667.0,6.50279,671.0,676.0,684.0,697.0,701.0,697.0,666.0,627.0,559.0,578.0,683.29,11.46,688.64,11.24,649.43,43.96,606.32,53.55,578.54,63.62,-0.00598,-0.04972,0.0015,0.17664,658.0,673.0,827.0,757.0,757.0,895.0,400.0,401.0,383.0,-0.52858,-0.84888,0.89741,0.4412,28,2016-09-12,41,681.0,0.02077,train
2016-08-03,bsi_value,663.0,6.49677,667.0,671.0,676.0,690.0,698.0,700.0,679.0,633.0,563.0,575.0,678.29,11.58,687.5,12.86,652.77,40.97,607.78,53.88,580.71,63.13,-0.00602,-0.05144,-0.02385,0.1635,648.0,658.0,806.0,758.0,757.0,877.0,397.0,400.0,386.0,-0.54311,-0.83966,0.91205,0.41007,28,2016-09-13,41,671.0,0.01199,train
2016-08-04,bsi_value,660.0,6.49224,663.0,667.0,671.0,684.0,697.0,702.0,686.0,637.0,570.0,567.0,673.0,10.2,685.64,14.69,655.77,37.99,609.33,54.02,582.79,62.63,-0.00454,-0.05455,-0.03864,0.1466,641.0,648.0,784.0,759.0,758.0,841.0,395.0,397.0,390.0,-0.55747,-0.8302,0.92562,0.37846,28,2016-09-14,41,665.0,0.00755,train
2016-08-05,bsi_value,654.0,6.48311,660.0,663.0,667.0,676.0,690.0,701.0,693.0,639.0,577.0,560.0,667.86,9.37,682.86,16.6,658.33,35.07,610.9,53.93,584.79,61.99,-0.00913,-0.05358,-0.05792,0.12527,640.0,641.0,752.0,770.0,759.0,803.0,394.0,395.0,392.0,-0.57167,-0.82049,0.93809,0.34639,28,2016-09-15,41,661.0,0.01065,train
2016-08-08,bsi_value,647.0,6.47235,654.0,660.0,663.0,671.0,684.0,698.0,697.0,644.0,583.0,555.0,662.57,9.21,679.29,18.45,660.47,32.25,612.43,53.63,586.7,61.23,-0.01076,-0.05561,-0.07444,0.10416,638.0,640.0,719.0,777.0,770.0,780.0,392.0,394.0,396.0,-0.61323,-0.7899,0.96879,0.2479,28,2016-09-16,39,660.0,0.01989,train
2016-08-09,bsi_value,645.0,6.46925,647.0,654.0,660.0,667.0,676.0,697.0,700.0,647.0,587.0,553.0,658.14,9.14,675.36,19.45,662.4,29.4,613.97,53.22,588.58,60.39,-0.0031,-0.04694,-0.08183,0.09423,642.0,638.0,692.0,770.0,777.0,768.0,389.0,392.0,399.0,-0.62673,-0.77924,0.97674,0.21443,28,2016-09-19,41,661.0,0.0245,train
2016-08-10,bsi_value,642.0,6.46459,645.0,647.0,654.0,663.0,671.0,690.0,702.0,651.0,593.0,552.0,654.0,8.94,671.07,19.72,664.03,26.74,615.47,52.72,590.42,59.45,-0.00466,-0.04418,-0.08935,0.07939,659.0,642.0,673.0,795.0,770.0,757.0,391.0,389.0,401.0,-0.64004,-0.76834,0.98354,0.1807,28,2016-09-20,41,660.0,0.02765,train
2016-08-11,bsi_value,639.0,6.4599,642.0,645.0,647.0,660.0,667.0,684.0,701.0,666.0,606.0,552.0,650.0,8.49,666.64,19.46,665.13,24.95,616.92,52.15,592.2,58.48,-0.00468,-0.04289,-0.0926,0.05302,687.0,659.0,658.0,833.0,795.0,757.0,394.0,391.0,400.0,-0.65316,-0.75722,0.98917,0.14676,28,2016-09-21,41,662.0,0.03536,train
2016-08-12,bsi_value,640.0,6.46147,639.0,642.0,645.0,654.0,663.0,676.0,698.0,679.0,619.0,553.0,646.71,7.17,662.5,18.49,665.83,23.92,618.37,51.56,593.99,57.44,0.00156,-0.03531,-0.08675,0.03336,703.0,687.0,648.0,891.0,833.0,758.0,396.0,394.0,397.0,-0.66609,-0.74587,0.99363,0.11265,28,2016-09-22,41,688.0,0.07232,train
2016-08-15,bsi_value,643.0,6.46614,640.0,639.0,642.0,647.0,660.0,671.0,697.0,686.0,627.0,558.0,644.29,4.71,658.64,16.41,666.37,23.22,619.78,51.04,595.78,56.42,0.00468,-0.0261,-0.08064,0.0252,713.0,703.0,641.0,920.0,891.0,759.0,399.0,396.0,395.0,-0.70368,-0.71052,0.99995,0.00968,28,2016-09-23,39,671.0,0.04262,train
2016-08-16,bsi_value,646.0,6.4708,643.0,640.0,639.0,645.0,654.0,667.0,690.0,693.0,633.0,562.0,643.14,2.8,655.5,14.16,666.8,22.71,621.18,50.59,597.57,55.42,0.00465,-0.01231,-0.06589,0.02033,721.0,713.0,640.0,926.0,920.0,770.0,403.0,399.0,394.0,-0.7158,-0.69831,0.99969,-0.02473,28,2016-09-26,41,673.0,0.04095,train
2016-08-17,bsi_value,652.0,6.48004,646.0,643.0,640.0,642.0,647.0,663.0,684.0,697.0,637.0,565.0,643.86,4.05,653.21,11.75,667.3,22.21,622.63,50.2,599.39,54.48,0.00925,0.0077,-0.04791,0.02327,726.0,721.0,638.0,885.0,926.0,777.0,405.0,403.0,392.0,-0.7277,-0.68589,0.99825,-0.0591,28,2016-09-27,41,674.0,0.03319,train
2016-08-18,bsi_value,666.0,6.50129,652.0,646.0,643.0,639.0,645.0,660.0,676.0,700.0,639.0,568.0,646.86,8.79,652.5,10.59,668.2,21.58,624.27,49.99,601.32,53.72,0.02125,0.03204,-0.0149,0.04139,727.0,726.0,642.0,852.0,885.0,770.0,407.0,405.0,389.0,-0.73939,-0.67327,0.99563,-0.0934,28,2016-09-28,41,676.0,0.0149,train
2016-08-19,bsi_value,677.0,6.51767,666.0,652.0,646.0,640.0,642.0,654.0,671.0,702.0,644.0,571.0,651.86,13.37,652.93,11.42,669.3,21.15,626.03,49.95,603.31,53.16,0.01638,0.05308,0.0089,0.04997,727.0,727.0,659.0,843.0,852.0,795.0,412.0,407.0,391.0,-0.75086,-0.66046,0.99183,-0.12759,28,2016-09-29,41,676.0,-0.00148,train
2016-08-22,bsi_value,686.0,6.53088,677.0,666.0,652.0,643.0,639.0,647.0,667.0,701.0,647.0,575.0,658.57,16.63,654.29,13.88,670.6,20.94,627.88,50.08,605.31,52.85,0.01321,0.07097,0.02809,0.05853,721.0,727.0,687.0,848.0,843.0,833.0,416.0,412.0,394.0,-0.78393,-0.62084,0.9734,-0.2291,28,2016-09-30,39,679.0,-0.01026,train
2016-08-23,bsi_value,694.0,6.54247,686.0,677.0,666.0,646.0,640.0,645.0,663.0,698.0,651.0,579.0,666.29,18.63,656.5,17.17,672.03,21.02,629.8,50.38,607.31,52.76,0.01159,0.081,0.0457,0.06396,714.0,721.0,703.0,861.0,848.0,891.0,420.0,416.0,396.0,-0.7945,-0.60727,0.96495,-0.26245,28,2016-10-03,41,681.0,-0.01891,train
2016-08-24,bsi_value,702.0,6.55393,694.0,686.0,677.0,652.0,643.0,642.0,660.0,697.0,666.0,580.0,674.71,19.51,659.5,20.81,673.23,21.66,631.83,50.78,609.28,52.96,0.01146,0.08779,0.06169,0.05264,706.0,714.0,713.0,910.0,861.0,920.0,425.0,420.0,399.0,-0.80483,-0.59351,0.95535,-0.29549,28,2016-10-04,41,681.0,-0.03037,train
2016-08-25,bsi_value,712.0,6.56808,702.0,694.0,686.0,666.0,646.0,639.0,654.0,690.0,679.0,578.0,684.14,19.31,663.64,24.71,674.33,22.74,634.07,51.31,611.31,53.35,0.01414,0.09728,0.08497,0.04746,700.0,706.0,721.0,974.0,910.0,926.0,428.0,425.0,403.0,-0.81492,-0.57958,0.94462,-0.32818,28,2016-10-05,41,680.0,-0.04599,train
2016-08-26,bsi_value,715.0,6.57228,712.0,702.0,694.0,677.0,652.0,640.0,647.0,684.0,686.0,575.0,693.14,16.74,668.5,27.49,675.3,23.8,636.4,51.75,613.32,53.8,0.0042,0.09224,0.09994,0.0414,687.0,700.0,726.0,1001.0,974.0,885.0,431.0,428.0,405.0,-0.82477,-0.56548,0.93277,-0.36047,28,2016-10-06,41,678.0,-0.05314,train
2016-08-30,bsi_value,719.0,6.57786,715.0,712.0,702.0,686.0,666.0,643.0,645.0,676.0,693.0,574.0,700.71,14.6,673.79,29.5,676.17,24.88,638.82,52.17,615.28,54.41,0.00558,0.07657,0.10861,0.03683,674.0,687.0,727.0,986.0,1001.0,852.0,432.0,431.0,407.0,-0.86169,-0.50743,0.8745,-0.48503,28,2016-10-07,38,677.0,-0.06019,train
2016-08-31,bsi_value,721.0,6.58064,719.0,715.0,712.0,694.0,677.0,646.0,642.0,671.0,697.0,570.0,707.0,12.33,679.43,30.42,676.97,25.9,641.33,52.43,617.17,55.09,0.00278,0.06297,0.11605,0.03385,660.0,674.0,727.0,978.0,986.0,843.0,432.0,432.0,412.0,-0.87029,-0.49253,0.8573,-0.51482,28,2016-10-10,40,677.0,-0.06297,train
2016-09-01,bsi_value,723.0,6.58341,721.0,719.0,715.0,702.0,686.0,652.0,639.0,667.0,700.0,567.0,712.29,9.88,685.43,30.14,677.73,26.89,643.93,52.55,619.0,55.83,0.00277,0.05253,0.1235,0.03233,652.0,660.0,721.0,1002.0,978.0,848.0,433.0,432.0,416.0,-0.87864,-0.47749,0.83908,-0.54401,28,2016-10-11,40,676.0,-0.06722,train
2016-09-02,bsi_value,721.0,6.58064,723.0,721.0,719.0,712.0,694.0,666.0,640.0,663.0,702.0,564.0,716.14,6.77,691.21,28.6,678.37,27.67,646.55,52.41,620.77,56.51,-0.00277,0.03817,0.11917,0.02671,644.0,652.0,714.0,1054.0,1002.0,861.0,432.0,433.0,420.0,-0.88672,-0.4623,0.81987,-0.57255,28,2016-10-12,40,674.0,-0.06741,train
2016-09-05,bsi_value,718.0,6.57647,721.0,723.0,721.0,715.0,702.0,677.0,643.0,660.0,701.0,560.0,718.43,3.54,696.57,25.97,678.93,28.3,649.18,51.96,622.48,57.1,-0.00417,0.02254,0.11032,0.02396,640.0,644.0,706.0,1079.0,1054.0,910.0,429.0,432.0,425.0,-0.90939,-0.41595,0.75652,-0.65397,28,2016-10-13,38,673.0,-0.06472,train
2016-09-06,bsi_value,714.0,6.57088,718.0,721.0,723.0,719.0,712.0,686.0,646.0,654.0,698.0,557.0,718.71,3.06,701.43,22.13,679.47,28.8,651.8,51.2,624.04,57.65,-0.00559,0.00281,0.10008,0.02266,641.0,640.0,700.0,1182.0,1079.0,974.0,425.0,429.0,428.0,-0.91641,-0.40024,0.73357,-0.67961,28,2016-10-14,38,674.0,-0.05765,train
2016-09-07,bsi_value,702.0,6.55393,714.0,718.0,721.0,721.0,715.0,694.0,652.0,647.0,697.0,554.0,716.86,6.62,705.0,17.39,679.63,28.91,654.27,49.98,625.42,58.01,-0.01695,-0.01835,0.07389,0.00715,648.0,641.0,687.0,1371.0,1182.0,1001.0,422.0,425.0,431.0,-0.92316,-0.38442,0.70976,-0.70444,28,2016-10-17,40,676.0,-0.03774,train
2016-09-08,bsi_value,694.0,6.54247,702.0,714.0,718.0,723.0,719.0,702.0,666.0,645.0,690.0,552.0,713.29,10.25,707.0,14.09,679.77,28.97,656.63,48.42,626.67,58.27,-0.01146,-0.03539,0.04118,0.00578,655.0,648.0,674.0,1478.0,1371.0,986.0,420.0,422.0,432.0,-0.92963,-0.36848,0.68511,-0.72844,28,2016-10-18,40,678.0,-0.02332,train
2016-09-09,bsi_value,688.0,6.53379,694.0,702.0,714.0,721.0,721.0,712.0,677.0,642.0,684.0,552.0,708.57,12.87,707.79,12.63,679.9,29.0,658.9,46.62,627.83,58.43,-0.00868,-0.04685,0.01612,0.00583,658.0,655.0,660.0,1566.0,1478.0,978.0,419.0,420.0,432.0,-0.93583,-0.35244,0.65965,-0.75157,28,2016-10-19,40,682.0,-0.00876,train
2016-09-12,bsi_value,681.0,6.52356,688.0,694.0,702.0,718.0,723.0,715.0,686.0,639.0,676.0,554.0,702.57,14.44,707.43,13.29,680.07,28.99,661.02,44.65,628.92,58.5,-0.01023,-0.05985,-0.00732,0.00737,659.0,658.0,652.0,1581.0,1566.0,1002.0,417.0,419.0,433.0,-0.95277,-0.3037,0.5787,-0.81554,28,2016-10-20,38,691.0,0.01458,train
2016-09-13,bsi_value,671.0,6.50877,681.0,688.0,694.0,714.0,721.0,719.0,694.0,640.0,671.0,555.0,695.43,15.86,705.79,16.0,680.07,28.99,662.95,42.47,629.91,58.45,-0.01479,-0.07187,-0.0337,0.0,656.0,659.0,644.0,1607.0,1581.0,1054.0,415.0,417.0,432.0,-0.95785,-0.28726,0.55031,-0.83496,28,2016-10-21,38,700.0,0.04231,train
2016-09-14,bsi_value,665.0,6.49979,671.0,681.0,688.0,702.0,718.0,721.0,702.0,643.0,667.0,559.0,687.86,15.92,703.14,19.15,680.0,29.02,664.72,40.26,630.88,58.3,-0.00898,-0.07668,-0.05415,-0.003,649.0,656.0,640.0,1444.0,1607.0,1079.0,415.0,415.0,429.0,-0.96265,-0.27074,0.52126,-0.8534,28,2016-10-24,40,705.0,0.05841,train
2016-09-15,bsi_value,661.0,6.49375,665.0,671.0,681.0,694.0,714.0,723.0,712.0,646.0,663.0,563.0,680.29,14.2,699.5,21.79,679.93,29.06,666.35,38.03,631.83,58.08,-0.00603,-0.07713,-0.07432,-0.00302,645.0,649.0,641.0,1487.0,1444.0,1182.0,415.0,415.0,425.0,-0.96717,-0.25414,0.4916,-0.87082,28,2016-10-25,40,710.0,0.07151,train
2016-09-16,bsi_value,660.0,6.49224,661.0,665.0,671.0,688.0,702.0,721.0,715.0,652.0,660.0,570.0,674.29,12.53,695.57,23.53,679.93,29.06,667.85,35.91,632.87,57.75,-0.00151,-0.06169,-0.08004,0.0,646.0,645.0,648.0,1680.0,1487.0,1371.0,415.0,415.0,422.0,-0.9714,-0.23747,0.46135,-0.88722,28,2016-10-26,40,714.0,0.07864,train
2016-09-19,bsi_value,661.0,6.49375,660.0,661.0,665.0,681.0,694.0,718.0,719.0,666.0,654.0,577.0,669.57,10.22,691.43,24.14,680.17,28.88,669.25,33.93,633.99,57.3,0.00151,-0.04872,-0.08411,0.01065,650.0,646.0,655.0,1853.0,1680.0,1478.0,416.0,415.0,420.0,-0.98235,-0.18704,0.36748,-0.93003,28,2016-10-27,38,719.0,0.08411,train
2016-09-20,bsi_value,660.0,6.49224,661.0,660.0,661.0,671.0,688.0,714.0,721.0,677.0,647.0,583.0,665.57,7.29,687.07,23.91,680.6,28.47,670.53,32.04,635.16,56.75,-0.00151,-0.04155,-0.0884,0.01989,657.0,650.0,658.0,1964.0,1853.0,1566.0,417.0,416.0,419.0,-0.98542,-0.17012,0.33528,-0.94212,28,2016-10-28,38,722.0,0.08979,train
2016-09-21,bsi_value,662.0,6.49527,660.0,661.0,660.0,665.0,681.0,702.0,723.0,686.0,645.0,587.0,662.86,3.68,682.71,22.48,681.17,27.92,671.78,30.17,636.37,56.14,0.00303,-0.0283,-0.08814,0.02602,673.0,657.0,659.0,2118.0,1964.0,1581.0,418.0,417.0,417.0,-0.9882,-0.15314,0.30267,-0.9531,28,2016-10-31,40,722.0,0.08676,train
2016-09-22,bsi_value,688.0,6.53379,662.0,660.0,661.0,661.0,671.0,694.0,721.0,694.0,642.0,593.0,665.29,9.41,680.36,19.93,682.7,26.98,673.37,28.44,637.88,55.68,0.03852,0.02502,-0.04685,0.0692,700.0,673.0,656.0,2389.0,2118.0,1607.0,420.0,418.0,415.0,-0.99069,-0.13612,0.26971,-0.96294,28,2016-11-01,40,721.0,0.04685,train
2016-09-23,bsi_value,671.0,6.50877,688.0,662.0,660.0,660.0,665.0,688.0,718.0,702.0,639.0,606.0,666.14,9.61,677.0,17.05,683.77,25.84,674.45,27.05,639.2,55.03,-0.02502,0.00898,-0.0677,0.04886,722.0,700.0,649.0,2383.0,2389.0,1444.0,421.0,420.0,415.0,-0.99289,-0.11906,0.23642,-0.97165,28,2016-11-02,40,718.0,0.0677,train
2016-09-26,bsi_value,673.0,6.51175,671.0,688.0,662.0,661.0,661.0,681.0,714.0,712.0,640.0,619.0,667.86,9.61,674.07,13.62,684.87,24.62,675.35,26.07,640.53,54.38,0.00298,0.01799,-0.05914,0.05028,739.0,722.0,645.0,2325.0,2383.0,1487.0,422.0,421.0,415.0,-0.99771,-0.06768,0.13506,-0.99084,28,2016-11-03,38,718.0,0.06472,train
2016-09-27,bsi_value,674.0,6.51323,673.0,671.0,688.0,660.0,660.0,671.0,702.0,715.0,643.0,627.0,669.86,9.22,672.07,11.22,685.9,23.47,676.13,25.31,641.82,53.78,0.00148,0.02099,-0.0407,0.04709,750.0,739.0,646.0,2298.0,2325.0,1680.0,422.0,422.0,415.0,-0.99872,-0.05051,0.10089,-0.9949,28,2016-11-04,38,716.0,0.06045,train
2016-09-28,bsi_value,676.0,6.51619,674.0,673.0,671.0,662.0,661.0,665.0,694.0,719.0,646.0,633.0,672.0,8.64,670.79,9.54,686.9,22.36,676.85,24.67,643.09,53.22,0.00296,0.02244,-0.02628,0.04539,751.0,750.0,650.0,2196.0,2298.0,1853.0,422.0,422.0,416.0,-0.99944,-0.03332,0.06661,-0.99778,28,2016-11-07,40,712.0,0.05188,train
2016-09-29,bsi_value,676.0,6.51619,676.0,674.0,673.0,688.0,660.0,661.0,688.0,721.0,652.0,637.0,674.29,7.15,669.93,8.43,687.7,21.51,677.5,24.12,644.32,52.68,0.0,0.02395,-0.0176,0.03615,741.0,751.0,657.0,2067.0,2196.0,1964.0,422.0,422.0,417.0,-0.99987,-0.01613,0.03225,-0.99948,28,2016-11-08,40,708.0,0.04625,train
2016-09-30,bsi_value,679.0,6.52062,676.0,676.0,674.0,671.0,662.0,660.0,681.0,723.0,666.0,639.0,676.71,5.17,669.79,8.26,688.13,21.2,678.17,23.6,645.56,52.18,0.00443,0.02536,-0.00294,0.01933,726.0,741.0,673.0,2008.0,2067.0,2118.0,421.0,422.0,418.0,-1.0,0.00108,-0.00215,-1.0,28,2016-11-09,40,703.0,0.03474,train
2016-10-03,bsi_value,681.0,6.52356,679.0,676.0,676.0,673.0,688.0,661.0,671.0,721.0,677.0,644.0,675.71,3.19,670.5,8.75,688.27,21.14,678.78,23.18,646.78,51.7,0.00294,-0.01023,0.01479,0.00589,713.0,726.0,700.0,1971.0,2008.0,2389.0,419.0,421.0,420.0,-0.99861,0.05266,-0.10517,-0.99445,28,2016-11-10,38,703.0,0.03179,train
2016-10-04,bsi_value,681.0,6.52356,681.0,679.0,676.0,674.0,671.0,660.0,665.0,718.0,686.0,647.0,677.14,3.0,671.64,9.0,688.1,21.18,679.35,22.8,647.96,51.26,0.0,0.01479,0.02378,-0.00732,705.0,713.0,722.0,1970.0,1971.0,2383.0,417.0,419.0,421.0,-0.99756,0.06983,-0.13932,-0.99025,28,2016-11-11,38,705.0,0.03464,train
2016-10-05,bsi_value,680.0,6.52209,681.0,681.0,679.0,676.0,673.0,662.0,661.0,714.0,694.0,651.0,678.14,2.59,673.0,8.72,687.63,21.2,679.83,22.5,649.08,50.84,-0.00147,0.01035,0.02834,-0.02038,699.0,705.0,739.0,2012.0,1970.0,2325.0,415.0,417.0,422.0,-0.99621,0.08698,-0.1733,-0.98487,28,2016-11-14,40,707.0,0.03894,train
2016-10-06,bsi_value,678.0,6.51915,680.0,681.0,681.0,676.0,674.0,688.0,660.0,702.0,702.0,666.0,678.71,1.98,674.29,8.0,686.83,21.09,680.03,22.43,650.17,50.4,-0.00295,0.00592,0.02691,-0.03479,704.0,699.0,750.0,2218.0,2012.0,2298.0,413.0,415.0,422.0,-0.99457,0.1041,-0.20707,-0.97833,28,2016-11-15,40,713.0,0.05033,train
2016-10-07,bsi_value,677.0,6.51767,678.0,680.0,681.0,679.0,676.0,671.0,661.0,694.0,712.0,679.0,678.86,1.81,675.43,7.12,685.67,20.63,680.0,22.44,651.27,49.89,-0.00148,0.00148,0.02392,-0.05041,717.0,704.0,751.0,2245.0,2218.0,2196.0,411.0,413.0,422.0,-0.99263,0.12119,-0.2406,-0.97062,28,2016-11-16,40,722.0,0.06435,train
2016-10-10,bsi_value,677.0,6.51767,677.0,678.0,680.0,681.0,676.0,673.0,660.0,688.0,715.0,686.0,679.0,1.6,676.64,5.69,684.4,19.95,679.85,22.43,652.4,49.3,0.0,0.00148,0.02543,-0.05461,729.0,717.0,741.0,2235.0,2245.0,2067.0,410.0,411.0,422.0,-0.98506,0.17224,-0.33932,-0.94067,28,2016-11-17,38,748.0,0.09973,train
2016-10-11,bsi_value,676.0,6.51619,677.0,677.0,678.0,681.0,679.0,674.0,662.0,681.0,719.0,693.0,678.57,1.92,677.64,4.01,682.97,18.93,679.57,22.37,653.53,48.65,-0.00148,-0.00443,0.02093,-0.06167,745.0,729.0,726.0,2235.0,2235.0,2008.0,409.0,410.0,421.0,-0.98195,0.18916,-0.37148,-0.92844,28,2016-11-18,38,809.0,0.17961,train
2016-10-12,bsi_value,674.0,6.51323,676.0,677.0,677.0,680.0,681.0,676.0,688.0,671.0,721.0,697.0,677.57,2.19,676.64,2.89,681.4,17.61,679.18,22.26,654.69,47.88,-0.00296,-0.01033,-0.02056,-0.06741,763.0,745.0,713.0,2154.0,2235.0,1971.0,408.0,409.0,419.0,-0.97855,0.20602,-0.4032,-0.91511,28,2016-11-21,40,835.0,0.2142,train
2016-10-13,bsi_value,673.0,6.51175,674.0,676.0,677.0,678.0,681.0,676.0,671.0,665.0,723.0,700.0,676.43,2.19,676.79,2.65,679.73,15.88,678.73,22.11,655.87,47.01,-0.00148,-0.01182,0.00298,-0.07166,790.0,763.0,705.0,2018.0,2154.0,1970.0,410.0,408.0,417.0,-0.97486,0.22282,-0.43444,-0.9007,28,2016-11-22,40,852.0,0.23584,train
2016-10-14,bsi_value,674.0,6.51323,673.0,674.0,676.0,677.0,680.0,679.0,673.0,661.0,721.0,702.0,675.57,1.76,676.86,2.56,678.17,13.93,678.27,21.91,657.09,46.02,0.00148,-0.00886,0.00148,-0.06741,819.0,790.0,699.0,2018.0,2018.0,2012.0,411.0,410.0,415.0,-0.97088,0.23956,-0.46516,-0.88523,28,2016-11-23,40,874.0,0.25985,train
2016-10-17,bsi_value,676.0,6.51619,674.0,673.0,674.0,677.0,678.0,681.0,674.0,660.0,718.0,701.0,675.29,1.48,677.0,2.45,676.77,11.8,677.85,21.71,658.38,44.89,0.00296,-0.00295,0.00296,-0.06028,838.0,819.0,704.0,2003.0,2018.0,2218.0,413.0,411.0,413.0,-0.95723,0.28932,-0.55389,-0.83259,28,2016-11-24,38,897.0,0.28286,train
2016-10-18,bsi_value,678.0,6.51915,676.0,674.0,673.0,676.0,677.0,681.0,676.0,661.0,714.0,698.0,675.43,1.68,677.14,2.45,675.57,9.58,677.52,21.55,659.72,43.63,0.00295,0.00148,0.00295,-0.05174,860.0,838.0,717.0,1950.0,2003.0,2245.0,417.0,413.0,411.0,-0.95211,0.30574,-0.5822,-0.81304,28,2016-11-25,38,908.0,0.2921,train
2016-10-19,bsi_value,682.0,6.52503,678.0,676.0,674.0,674.0,677.0,680.0,676.0,660.0,702.0,697.0,676.14,2.85,677.57,2.72,674.9,8.33,677.27,21.41,661.14,42.23,0.00588,0.00736,0.00884,-0.0289,885.0,860.0,729.0,1826.0,1950.0,2235.0,421.0,417.0,410.0,-0.94671,0.32208,-0.60983,-0.79253,28,2016-11-28,40,904.0,0.2818,train
2016-10-20,bsi_value,691.0,6.53814,682.0,678.0,676.0,673.0,676.0,678.0,679.0,662.0,694.0,690.0,678.29,5.92,678.43,4.4,674.8,8.11,677.28,21.42,662.69,40.72,0.01311,0.02195,0.01752,-0.00433,905.0,885.0,745.0,1637.0,1826.0,2235.0,424.0,421.0,409.0,-0.94103,0.33831,-0.63673,-0.77109,28,2016-11-29,40,908.0,0.2731,train
2016-10-21,bsi_value,700.0,6.55108,691.0,682.0,678.0,674.0,674.0,677.0,681.0,688.0,688.0,684.0,682.0,9.27,679.79,7.09,675.2,9.0,677.55,21.6,664.33,39.18,0.01294,0.03785,0.02752,0.01729,915.0,905.0,763.0,1575.0,1637.0,2154.0,427.0,424.0,408.0,-0.93507,0.35445,-0.66288,-0.74873,28,2016-11-30,40,912.0,0.26456,train
2016-10-24,bsi_value,705.0,6.5582,700.0,691.0,682.0,676.0,673.0,677.0,681.0,671.0,681.0,676.0,686.57,11.36,681.5,9.63,676.0,10.43,678.03,21.88,666.01,37.62,0.00712,0.04645,0.03464,0.03464,923.0,915.0,790.0,1471.0,1575.0,2018.0,428.0,427.0,410.0,-0.91555,0.40221,-0.73649,-0.67645,28,2016-12-01,38,917.0,0.26291,train
2016-10-25,bsi_value,710.0,6.56526,705.0,700.0,691.0,678.0,674.0,676.0,680.0,673.0,671.0,671.0,691.71,12.59,683.64,12.08,677.3,12.04,678.68,22.24,667.73,36.01,0.00707,0.05203,0.04317,0.0565,925.0,923.0,819.0,1348.0,1471.0,2018.0,430.0,428.0,411.0,-0.90849,0.4179,-0.75932,-0.65071,28,2016-12-02,38,921.0,0.2602,train
2016-10-26,bsi_value,714.0,6.57088,710.0,705.0,700.0,682.0,676.0,674.0,678.0,674.0,665.0,667.0,697.14,12.83,686.21,14.24,678.93,13.49,679.47,22.64,669.46,34.44,0.00562,0.05469,0.05174,0.0711,925.0,925.0,838.0,1275.0,1348.0,2003.0,430.0,430.0,413.0,-0.90117,0.43347,-0.78126,-0.62421,28,2016-12-05,40,929.0,0.26323,train
2016-10-27,bsi_value,719.0,6.57786,714.0,710.0,705.0,691.0,678.0,673.0,677.0,676.0,661.0,663.0,703.0,12.09,689.21,16.27,680.87,14.87,680.4,23.09,671.19,32.93,0.00698,0.05871,0.06019,0.08411,921.0,925.0,860.0,1248.0,1275.0,1950.0,432.0,430.0,417.0,-0.89358,0.44891,-0.80227,-0.59697,28,2016-12-06,40,934.0,0.26162,train
2016-10-28,bsi_value,722.0,6.58203,719.0,714.0,710.0,700.0,682.0,674.0,677.0,676.0,660.0,660.0,708.71,10.11,692.43,17.9,682.93,16.09,681.43,23.54,672.88,31.57,0.00416,0.057,0.06435,0.08979,913.0,921.0,885.0,1417.0,1248.0,1826.0,433.0,432.0,421.0,-0.88572,0.46421,-0.82233,-0.56902,28,2016-12-07,40,941.0,0.26492,train
2016-10-31,bsi_value,722.0,6.58203,722.0,719.0,714.0,705.0,691.0,676.0,676.0,679.0,661.0,654.0,713.14,7.94,695.71,18.78,684.97,17.01,682.57,23.82,674.49,30.31,0.0,0.04389,0.06583,0.08827,905.0,913.0,905.0,1534.0,1417.0,1637.0,435.0,433.0,424.0,-0.8606,0.50928,-0.87658,-0.48126,28,2016-12-08,38,957.0,0.28178,train
2016-11-01,bsi_value,721.0,6.58064,722.0,722.0,719.0,710.0,700.0,678.0,674.0,681.0,660.0,647.0,716.14,6.17,699.07,18.8,687.0,17.54,683.8,23.86,676.02,29.11,-0.00139,0.02956,0.06741,0.0884,895.0,905.0,915.0,1443.0,1534.0,1575.0,436.0,435.0,427.0,-0.85171,0.52401,-0.89261,-0.45083,28,2016-12-09,38,966.0,0.29252,train
2016-11-02,bsi_value,718.0,6.57647,721.0,722.0,722.0,714.0,705.0,682.0,673.0,681.0,662.0,645.0,718.0,4.17,702.29,17.89,688.87,17.76,685.02,23.72,677.48,27.87,-0.00417,0.01827,0.06472,0.0812,885.0,895.0,923.0,1451.0,1443.0,1471.0,434.0,436.0,428.0,-0.84257,0.53858,-0.90759,-0.41986,28,2016-12-12,40,968.0,0.29876,train
2016-11-03,bsi_value,718.0,6.57647,718.0,721.0,722.0,719.0,710.0,691.0,674.0,680.0,688.0,642.0,719.14,2.64,705.43,16.46,689.87,18.51,686.28,23.41,678.87,26.72,0.0,0.0112,0.06324,0.04268,886.0,885.0,925.0,1544.0,1451.0,1348.0,434.0,434.0,430.0,-0.83318,0.553,-0.9215,-0.38839,28,2016-12-13,40,972.0,0.30289,train
2016-11-04,bsi_value,716.0,6.57368,718.0,718.0,721.0,722.0,714.0,700.0,676.0,678.0,671.0,639.0,719.43,2.13,708.29,14.45,691.37,18.75,687.57,22.89,680.09,25.86,-0.00279,0.0028,0.05749,0.06491,885.0,886.0,925.0,1593.0,1544.0,1275.0,433.0,434.0,430.0,-0.82355,0.56725,-0.93431,-0.35646,28,2016-12-14,40,975.0,0.30876,train
2016-11-07,bsi_value,712.0,6.56808,716.0,718.0,718.0,722.0,719.0,705.0,678.0,677.0,673.0,640.0,718.43,3.37,710.71,11.76,692.67,18.78,688.77,22.24,681.12,25.25,-0.0056,-0.00978,0.04893,0.05633,889.0,885.0,921.0,1636.0,1593.0,1248.0,431.0,433.0,432.0,-0.79319,0.60897,-0.96606,-0.2583,28,2016-12-15,38,968.0,0.30715,train
2016-11-08,bsi_value,708.0,6.56244,712.0,716.0,718.0,721.0,722.0,710.0,682.0,677.0,674.0,643.0,716.43,4.59,712.57,8.75,693.8,18.64,689.85,21.56,682.02,24.74,-0.00563,-0.01958,0.03741,0.04921,903.0,889.0,913.0,1786.0,1636.0,1417.0,431.0,431.0,433.0,-0.7826,0.62253,-0.97438,-0.22492,28,2016-12-16,38,960.0,0.30449,train
2016-11-09,bsi_value,703.0,6.55536,708.0,712.0,716.0,718.0,722.0,714.0,691.0,676.0,676.0,646.0,713.71,5.92,713.43,7.01,694.7,18.41,690.8,20.85,682.8,24.28,-0.00709,-0.02667,0.01722,0.03916,927.0,903.0,905.0,1954.0,1786.0,1534.0,429.0,431.0,435.0,-0.77177,0.6359,-0.98154,-0.19127,28,2016-12-19,40,953.0,0.30426,train
2016-11-10,bsi_value,703.0,6.55536,703.0,708.0,712.0,718.0,721.0,719.0,700.0,674.0,676.0,652.0,711.14,6.1,713.64,6.63,695.6,18.14,691.65,20.28,683.53,23.88,0.0,-0.02528,0.00428,0.03916,956.0,927.0,895.0,2010.0,1954.0,1443.0,430.0,429.0,436.0,-0.76072,0.64908,-0.98754,-0.15739,28,2016-12-20,40,941.0,0.29159,train
2016-11-11,bsi_value,705.0,6.5582,703.0,703.0,708.0,716.0,718.0,722.0,705.0,673.0,679.0,666.0,709.29,5.7,713.64,6.63,696.47,17.94,692.3,20.08,684.27,23.51,0.00284,-0.01827,0.0,0.03758,1011.0,956.0,885.0,2303.0,2010.0,1451.0,428.0,430.0,434.0,-0.74944,0.66207,-0.99237,-0.12333,28,2016-12-21,40,926.0,0.27268,train
2016-11-14,bsi_value,707.0,6.56103,705.0,703.0,703.0,712.0,718.0,722.0,710.0,674.0,681.0,677.0,707.71,4.46,713.43,6.79,697.33,17.8,692.8,20.06,684.97,23.24,0.00283,-0.01544,-0.00423,0.03747,1058.0,1011.0,886.0,2338.0,2303.0,1544.0,433.0,428.0,434.0,-0.71429,0.69985,-0.99979,-0.02043,28,2016-12-22,38,914.0,0.2568,train
2016-11-15,bsi_value,713.0,6.56948,707.0,705.0,703.0,708.0,716.0,721.0,714.0,676.0,681.0,686.0,707.29,3.73,713.36,6.79,698.4,17.75,693.25,20.21,685.7,23.07,0.00845,-0.0042,-0.0014,0.04592,1162.0,1058.0,885.0,2282.0,2338.0,1593.0,436.0,433.0,433.0,-0.70215,0.71203,-0.9999,0.01398,28,2016-12-23,38,903.0,0.23624,train
2016-11-16,bsi_value,722.0,6.58203,713.0,707.0,705.0,703.0,712.0,718.0,719.0,678.0,680.0,694.0,708.71,6.3,713.57,7.01,699.8,17.9,693.72,20.54,686.49,23.09,0.01254,0.01395,0.00416,0.05993,1263.0,1162.0,889.0,2441.0,2282.0,1636.0,443.0,436.0,431.0,-0.6898,0.724,-0.99883,0.04836,28,2017-01-03,48,843.0,0.15494,train
2016-11-17,bsi_value,748.0,6.6174,722.0,713.0,707.0,703.0,708.0,718.0,722.0,682.0,678.0,702.0,714.43,15.08,715.43,11.19,702.13,19.4,694.48,21.66,687.4,23.87,0.03538,0.05496,0.03538,0.09826,1353.0,1263.0,903.0,2731.0,2441.0,1786.0,454.0,443.0,431.0,-0.67724,0.73576,-0.99658,0.08269,28,2017-01-04,48,820.0,0.0919,train
2016-11-18,bsi_value,809.0,6.6958,748.0,722.0,713.0,705.0,703.0,716.0,722.0,691.0,677.0,712.0,729.57,35.46,721.64,26.63,706.53,26.77,696.1,26.08,688.84,27.04,0.0784,0.14044,0.11377,0.17813,1388.0,1353.0,927.0,2752.0,2731.0,1954.0,466.0,454.0,429.0,-0.66448,0.7473,-0.99314,0.11692,28,2017-01-05,48,795.0,-0.01746,train
2016-11-21,bsi_value,835.0,6.72743,809.0,748.0,722.0,707.0,703.0,712.0,721.0,700.0,677.0,715.0,748.43,48.87,729.79,39.5,711.8,34.79,698.1,31.49,690.5,31.07,0.03163,0.17207,0.14679,0.20976,1387.0,1388.0,956.0,2638.0,2752.0,2010.0,477.0,466.0,430.0,-0.62505,0.78058,-0.97581,0.21863,28,2017-01-06,46,783.0,-0.0643,train
2016-11-22,bsi_value,852.0,6.74759,835.0,809.0,748.0,713.0,705.0,708.0,718.0,705.0,676.0,719.0,769.43,56.66,739.36,50.26,717.67,42.29,700.32,37.07,692.27,35.39,0.02015,0.18939,0.17112,0.23139,1382.0,1387.0,1011.0,2598.0,2638.0,2303.0,485.0,477.0,428.0,-0.61153,0.79122,-0.96771,0.25206,28,2017-01-09,48,772.0,-0.0986,train
2016-11-23,bsi_value,874.0,6.77308,852.0,835.0,809.0,722.0,707.0,703.0,718.0,710.0,674.0,721.0,793.29,60.39,750.5,60.53,724.33,49.95,702.87,43.17,694.23,40.19,0.02549,0.21205,0.19661,0.25985,1387.0,1382.0,1058.0,2507.0,2598.0,2338.0,501.0,485.0,433.0,-0.59783,0.80162,-0.95847,0.2852,28,2017-01-10,48,766.0,-0.1319,train
2016-11-24,bsi_value,897.0,6.79906,874.0,852.0,835.0,748.0,713.0,703.0,716.0,714.0,673.0,723.0,819.57,59.76,763.43,70.32,731.8,57.84,705.77,49.76,696.42,45.46,0.02598,0.22957,0.22538,0.28731,1385.0,1387.0,1162.0,2374.0,2507.0,2282.0,512.0,501.0,436.0,-0.58395,0.81179,-0.94809,0.318,28,2017-01-11,48,758.0,-0.16837,train
2016-11-25,bsi_value,908.0,6.81124,897.0,874.0,852.0,809.0,722.0,705.0,712.0,719.0,674.0,721.0,846.14,51.21,777.43,77.8,739.6,64.87,708.88,56.07,698.71,50.58,0.01219,0.22922,0.24317,0.29801,1389.0,1385.0,1263.0,2263.0,2374.0,2441.0,520.0,512.0,443.0,-0.5699,0.82171,-0.93659,0.35043,28,2017-01-12,48,748.0,-0.19384,train
2016-11-28,bsi_value,904.0,6.80683,908.0,897.0,874.0,835.0,748.0,707.0,708.0,722.0,676.0,718.0,868.43,35.05,791.43,81.59,747.2,70.11,711.98,61.38,700.97,54.97,-0.00442,0.18943,0.24439,0.29064,1400.0,1389.0,1353.0,2260.0,2263.0,2731.0,527.0,520.0,454.0,-0.52675,0.85002,-0.8955,0.44506,28,2017-01-13,46,739.0,-0.20153,train
2016-11-29,bsi_value,908.0,6.81124,904.0,908.0,897.0,852.0,809.0,713.0,703.0,722.0,678.0,714.0,882.57,27.34,806.07,82.79,754.87,74.56,715.22,66.32,703.3,59.1,0.00442,0.11545,0.25589,0.2921,1424.0,1400.0,1388.0,2304.0,2260.0,2752.0,532.0,527.0,466.0,-0.51206,0.85895,-0.87966,0.4756,28,2017-01-16,48,733.0,-0.2141,train
2016-11-30,bsi_value,912.0,6.81564,908.0,904.0,908.0,874.0,835.0,722.0,703.0,721.0,682.0,702.0,893.57,20.66,821.0,81.7,762.53,78.4,718.72,70.91,705.69,63.01,0.0044,0.08821,0.26028,0.29061,1465.0,1424.0,1387.0,2263.0,2304.0,2638.0,537.0,532.0,477.0,-0.4972,0.86763,-0.86278,0.50558,28,2017-01-17,48,730.0,-0.2226,train
2016-12-01,bsi_value,917.0,6.82111,912.0,908.0,904.0,897.0,852.0,748.0,705.0,718.0,691.0,694.0,902.86,13.12,836.14,78.37,770.07,81.94,722.43,75.23,708.21,66.76,0.00547,0.07352,0.26291,0.28297,1486.0,1465.0,1382.0,2206.0,2263.0,2598.0,541.0,537.0,485.0,-0.48221,0.87606,-0.84488,0.53496,28,2017-01-18,48,725.0,-0.23494,train
2016-12-02,bsi_value,921.0,6.82546,917.0,912.0,908.0,908.0,874.0,809.0,707.0,718.0,700.0,688.0,909.57,7.42,851.43,72.33,777.43,85.18,726.32,79.26,710.84,70.33,0.00435,0.05238,0.26443,0.27438,1508.0,1486.0,1387.0,2193.0,2206.0,2507.0,543.0,541.0,501.0,-0.46706,0.88422,-0.82598,0.5637,28,2017-01-19,48,722.0,-0.24343,train
2016-12-05,bsi_value,929.0,6.83411,921.0,917.0,912.0,904.0,897.0,835.0,713.0,716.0,705.0,681.0,914.14,8.1,866.86,63.68,784.9,88.27,730.45,83.16,713.66,73.85,0.00865,0.03505,0.26463,0.27591,1541.0,1508.0,1385.0,2137.0,2193.0,2374.0,548.0,543.0,512.0,-0.42083,0.90714,-0.7635,0.6458,28,2017-01-20,46,718.0,-0.25764,train
2016-12-06,bsi_value,934.0,6.83948,929.0,921.0,917.0,908.0,908.0,852.0,722.0,712.0,710.0,671.0,917.86,10.13,882.0,51.46,792.37,91.05,734.83,86.76,716.58,77.23,0.00537,0.02823,0.25745,0.27421,1563.0,1541.0,1389.0,2067.0,2137.0,2263.0,552.0,548.0,520.0,-0.40516,0.91424,-0.74084,0.67168,28,2017-01-23,48,714.0,-0.26859,train
2016-12-07,bsi_value,941.0,6.84694,934.0,929.0,921.0,912.0,904.0,874.0,748.0,708.0,714.0,665.0,923.14,11.13,895.79,37.74,799.93,93.62,739.43,90.18,719.62,80.55,0.00747,0.04011,0.22954,0.27606,1565.0,1563.0,1400.0,1935.0,2067.0,2260.0,557.0,552.0,527.0,-0.38938,0.92108,-0.7173,0.69677,28,2017-01-24,48,708.0,-0.2845,train
2016-12-08,bsi_value,957.0,6.8638,941.0,934.0,929.0,917.0,908.0,897.0,809.0,703.0,719.0,661.0,930.14,14.35,906.36,32.29,807.87,96.46,744.37,93.78,722.89,84.07,0.01686,0.05256,0.168,0.28594,1547.0,1565.0,1424.0,1724.0,1935.0,2304.0,562.0,557.0,532.0,-0.37348,0.92764,-0.6929,0.72103,28,2017-01-25,48,702.0,-0.30987,train
2016-12-09,bsi_value,966.0,6.87316,957.0,941.0,934.0,921.0,912.0,908.0,835.0,703.0,722.0,660.0,937.86,16.82,915.71,29.07,816.0,99.13,749.47,97.31,726.29,87.57,0.00936,0.05752,0.14573,0.29114,1508.0,1547.0,1465.0,1575.0,1724.0,2263.0,567.0,562.0,537.0,-0.35746,0.93393,-0.66769,0.74444,28,2017-01-26,48,696.0,-0.32781,train
2016-12-12,bsi_value,968.0,6.87523,966.0,957.0,941.0,929.0,917.0,904.0,852.0,705.0,722.0,661.0,945.14,17.25,924.0,26.11,824.2,101.17,754.58,100.54,729.78,90.82,0.00207,0.05412,0.12765,0.29321,1469.0,1508.0,1486.0,1464.0,1575.0,2206.0,576.0,567.0,541.0,-0.30881,0.95112,-0.58744,0.80927,28,2017-01-27,46,692.0,-0.33565,train
2016-12-13,bsi_value,972.0,6.87936,968.0,966.0,957.0,934.0,921.0,908.0,874.0,707.0,721.0,660.0,952.43,16.26,931.0,24.88,832.57,102.66,759.78,103.54,733.39,93.86,0.00412,0.0539,0.10628,0.29872,1419.0,1469.0,1508.0,1404.0,1464.0,2193.0,584.0,576.0,543.0,-0.29241,0.95629,-0.55925,0.829,28,2017-01-30,48,688.0,-0.34557,train
2016-12-14,bsi_value,975.0,6.88244,972.0,968.0,966.0,941.0,929.0,912.0,897.0,713.0,718.0,662.0,959.0,14.68,936.57,25.37,841.13,103.46,765.0,106.33,737.06,96.74,0.00308,0.04833,0.08338,0.30597,1332.0,1419.0,1541.0,1169.0,1404.0,2137.0,590.0,584.0,548.0,-0.27591,0.96118,-0.53041,0.84774,28,2017-01-31,48,679.0,-0.36182,train
2016-12-15,bsi_value,968.0,6.87523,975.0,972.0,968.0,957.0,934.0,917.0,908.0,722.0,718.0,688.0,963.86,10.68,940.86,25.25,849.47,103.27,769.67,108.96,740.68,99.19,-0.00721,0.03576,0.06399,0.29876,1234.0,1332.0,1563.0,1058.0,1169.0,2067.0,596.0,590.0,552.0,-0.25934,0.96579,-0.50093,0.86549,28,2017-02-01,48,674.0,-0.362,train
2016-12-16,bsi_value,960.0,6.86693,968.0,975.0,972.0,966.0,941.0,921.0,904.0,748.0,716.0,671.0,966.57,5.85,944.86,23.46,857.6,102.04,774.48,110.86,744.24,101.22,-0.0083,0.01999,0.0601,0.29325,1126.0,1234.0,1565.0,1048.0,1058.0,1935.0,600.0,596.0,557.0,-0.24269,0.9701,-0.47086,0.88221,28,2017-02-02,48,670.0,-0.35966,train
2016-12-19,bsi_value,953.0,6.85961,960.0,968.0,975.0,968.0,957.0,929.0,908.0,809.0,712.0,673.0,966.0,6.87,948.07,21.16,865.63,99.72,779.15,112.37,747.72,102.94,-0.00732,-0.00419,0.04837,0.29154,1037.0,1126.0,1547.0,1039.0,1048.0,1724.0,605.0,600.0,562.0,-0.19232,0.98133,-0.37746,0.92602,28,2017-02-03,46,667.0,-0.35682,train
2016-12-20,bsi_value,941.0,6.84694,953.0,960.0,968.0,972.0,966.0,934.0,912.0,835.0,708.0,674.0,962.43,11.12,950.14,18.82,873.4,96.15,783.6,113.4,751.03,104.3,-0.01267,-0.02622,0.0313,0.2845,976.0,1037.0,1508.0,1044.0,1039.0,1575.0,605.0,605.0,567.0,-0.17541,0.9845,-0.34539,0.93846,28,2017-02-06,48,665.0,-0.34716,train
2016-12-21,bsi_value,926.0,6.83087,941.0,953.0,960.0,975.0,968.0,941.0,917.0,852.0,703.0,676.0,956.43,16.52,950.79,17.81,880.83,91.18,787.77,113.97,754.14,105.29,-0.01607,-0.04436,0.00977,0.27552,905.0,976.0,1469.0,1144.0,1044.0,1464.0,604.0,605.0,576.0,-0.15845,0.98737,-0.3129,0.94979,28,2017-02-07,48,663.0,-0.3341,train
2016-12-22,bsi_value,914.0,6.81783,926.0,941.0,953.0,968.0,972.0,957.0,921.0,874.0,703.0,676.0,948.14,20.66,950.29,18.71,887.87,85.13,791.73,114.15,757.06,106.05,-0.01304,-0.06153,-0.00763,0.26247,866.0,905.0,1419.0,1219.0,1144.0,1404.0,601.0,604.0,584.0,-0.14144,0.98995,-0.28004,0.95999,28,2017-02-08,48,665.0,-0.31804,train
2016-12-23,bsi_value,903.0,6.80572,914.0,926.0,941.0,960.0,975.0,966.0,929.0,897.0,705.0,679.0,937.86,22.56,948.43,21.77,894.47,78.08,795.47,114.06,759.69,106.69,-0.01211,-0.07671,-0.02839,0.24752,852.0,866.0,1332.0,1385.0,1219.0,1169.0,597.0,601.0,590.0,-0.12439,0.99223,-0.24686,0.96905,28,2017-02-09,48,668.0,-0.30143,train
2017-01-03,bsi_value,843.0,6.73697,903.0,914.0,926.0,953.0,968.0,968.0,934.0,908.0,707.0,681.0,920.0,36.68,941.93,34.8,899.0,70.66,798.17,113.24,761.53,106.68,-0.06876,-0.13827,-0.10251,0.17594,811.0,852.0,1234.0,1538.0,1385.0,1058.0,559.0,597.0,596.0,0.05158,0.99867,0.10303,0.99468,28,2017-02-10,38,672.0,-0.22671,train
2017-01-04,bsi_value,820.0,6.7093,843.0,903.0,914.0,941.0,960.0,972.0,941.0,904.0,713.0,681.0,900.0,46.32,933.29,46.88,902.57,63.53,800.48,112.23,763.02,106.55,-0.02766,-0.15763,-0.13764,0.13982,807.0,811.0,1126.0,1674.0,1538.0,1048.0,539.0,559.0,600.0,0.06876,0.99763,0.13719,0.99055,28,2017-02-13,40,676.0,-0.19311,train
2017-01-05,bsi_value,795.0,6.67834,820.0,843.0,903.0,926.0,953.0,975.0,957.0,908.0,722.0,680.0,877.43,53.01,921.71,58.22,905.0,57.69,802.4,111.14,764.14,106.35,-0.03096,-0.18127,-0.18546,0.09632,837.0,807.0,1037.0,1759.0,1674.0,1039.0,521.0,539.0,605.0,0.08591,0.9963,0.17118,0.98524,28,2017-02-14,40,681.0,-0.15478,train
2017-01-06,bsi_value,783.0,6.66313,795.0,820.0,843.0,914.0,941.0,968.0,966.0,912.0,748.0,678.0,854.86,54.74,908.64,66.73,906.17,54.79,804.15,109.98,765.04,106.17,-0.01521,-0.18381,-0.21003,0.04573,892.0,837.0,976.0,1658.0,1759.0,1044.0,508.0,521.0,605.0,0.10303,0.99468,0.20497,0.97877,28,2017-02-15,40,689.0,-0.12789,train
2017-01-09,bsi_value,772.0,6.64898,783.0,795.0,820.0,903.0,926.0,960.0,968.0,917.0,809.0,677.0,832.86,52.64,894.64,73.07,904.93,57.32,805.73,108.82,765.71,106.02,-0.01415,-0.18189,-0.22625,-0.04681,927.0,892.0,905.0,1598.0,1658.0,1144.0,498.0,508.0,604.0,0.1542,0.98804,0.30472,0.95244,28,2017-02-16,38,707.0,-0.08795,train
2017-01-10,bsi_value,766.0,6.64118,772.0,783.0,795.0,843.0,914.0,953.0,972.0,921.0,835.0,677.0,811.71,44.96,879.93,76.66,902.63,61.32,807.22,107.66,766.28,105.88,-0.0078,-0.17665,-0.23817,-0.08625,973.0,927.0,866.0,1470.0,1598.0,1219.0,489.0,498.0,601.0,0.17118,0.98524,0.3373,0.9414,28,2017-02-17,38,729.0,-0.04951,train
2017-01-11,bsi_value,758.0,6.63068,766.0,772.0,783.0,820.0,903.0,941.0,975.0,929.0,852.0,676.0,791.0,28.54,864.43,77.8,899.5,66.05,808.58,106.49,766.71,105.77,-0.0105,-0.17504,-0.25175,-0.1169,1021.0,973.0,852.0,1326.0,1470.0,1385.0,477.0,489.0,597.0,0.1881,0.98215,0.36948,0.92924,28,2017-02-20,40,747.0,-0.01462,train
2017-01-12,bsi_value,748.0,6.6174,758.0,766.0,772.0,795.0,843.0,926.0,968.0,934.0,874.0,674.0,777.43,22.54,848.71,77.51,895.3,71.33,809.82,105.35,767.01,105.68,-0.01328,-0.11956,-0.25783,-0.15568,1038.0,1021.0,811.0,1294.0,1326.0,1538.0,466.0,477.0,559.0,0.20497,0.97877,0.40123,0.91598,28,2017-02-21,40,764.0,0.02116,train
2017-01-13,bsi_value,739.0,6.6053,748.0,758.0,766.0,783.0,820.0,914.0,960.0,941.0,897.0,673.0,765.86,18.06,832.93,75.73,890.03,76.65,810.92,104.26,767.19,105.61,-0.01211,-0.10401,-0.26164,-0.19376,1042.0,1038.0,807.0,1383.0,1294.0,1674.0,459.0,466.0,539.0,0.22177,0.9751,0.4325,0.90163,28,2017-02-22,40,783.0,0.05783,train
2017-01-16,bsi_value,733.0,6.59715,739.0,748.0,758.0,772.0,795.0,903.0,953.0,957.0,908.0,674.0,757.0,16.75,817.21,71.91,884.2,81.56,811.9,103.23,767.32,105.56,-0.00815,-0.0812,-0.26247,-0.2141,1039.0,1042.0,837.0,1468.0,1383.0,1759.0,455.0,459.0,521.0,0.27178,0.96236,0.52309,0.85227,28,2017-02-23,38,797.0,0.08371,train
2017-01-17,bsi_value,730.0,6.59304,733.0,739.0,748.0,766.0,783.0,843.0,941.0,966.0,904.0,676.0,749.43,15.19,802.14,66.28,878.4,86.01,812.8,102.28,767.46,105.51,-0.0041,-0.07009,-0.2539,-0.21378,1019.0,1039.0,892.0,1509.0,1468.0,1658.0,451.0,455.0,508.0,0.28829,0.95754,0.5521,0.83378,28,2017-02-24,38,809.0,0.10275,train
2017-01-18,bsi_value,725.0,6.58617,730.0,733.0,739.0,758.0,772.0,820.0,926.0,968.0,908.0,678.0,742.71,14.08,787.79,59.29,872.3,90.09,813.58,101.42,767.58,105.45,-0.00687,-0.06281,-0.2447,-0.22507,998.0,1019.0,927.0,1673.0,1509.0,1598.0,448.0,451.0,498.0,0.30472,0.95244,0.58045,0.81429,28,2017-02-27,40,817.0,0.11947,train
2017-01-19,bsi_value,722.0,6.58203,725.0,730.0,733.0,748.0,766.0,795.0,914.0,972.0,912.0,682.0,736.43,11.94,774.07,49.99,865.97,93.68,814.25,100.68,767.8,105.34,-0.00415,-0.05916,-0.23581,-0.23361,981.0,998.0,973.0,1665.0,1673.0,1470.0,446.0,448.0,489.0,0.32106,0.94706,0.60812,0.79384,28,2017-02-28,40,825.0,0.13336,train
2017-01-20,bsi_value,718.0,6.57647,722.0,725.0,730.0,739.0,758.0,783.0,903.0,975.0,917.0,691.0,730.71,9.59,760.86,36.9,859.33,96.83,814.7,100.19,768.07,105.18,-0.00556,-0.05421,-0.22925,-0.24464,970.0,981.0,1021.0,1610.0,1665.0,1326.0,441.0,446.0,477.0,0.3373,0.9414,0.63507,0.77246,28,2017-03-01,40,833.0,0.14856,train
2017-01-23,bsi_value,714.0,6.57088,718.0,722.0,725.0,733.0,748.0,772.0,843.0,968.0,921.0,700.0,725.86,8.1,751.64,30.85,852.43,99.52,814.93,99.93,768.36,104.99,-0.00559,-0.04652,-0.16608,-0.25458,962.0,970.0,1038.0,1579.0,1610.0,1294.0,437.0,441.0,466.0,0.38541,0.92274,0.71128,0.70291,28,2017-03-02,38,840.0,0.16252,train
2017-01-24,bsi_value,708.0,6.56244,714.0,718.0,722.0,730.0,739.0,766.0,820.0,960.0,929.0,705.0,721.43,8.17,743.64,26.27,845.07,101.74,814.98,99.88,768.66,104.78,-0.00844,-0.04285,-0.14686,-0.27166,964.0,962.0,1042.0,1466.0,1579.0,1383.0,432.0,437.0,459.0,0.40123,0.91598,0.73503,0.67803,28,2017-03-03,38,846.0,0.17808,train
2017-01-25,bsi_value,702.0,6.55393,708.0,714.0,718.0,725.0,733.0,758.0,795.0,953.0,934.0,710.0,717.0,9.06,737.0,24.11,837.33,103.49,814.85,100.02,769.0,104.51,-0.00851,-0.04321,-0.12441,-0.28554,972.0,964.0,1039.0,1369.0,1466.0,1468.0,428.0,432.0,455.0,0.41693,0.90894,0.75792,0.65235,28,2017-03-06,40,852.0,0.19365,train
2017-01-26,bsi_value,696.0,6.54535,702.0,708.0,714.0,722.0,730.0,748.0,783.0,941.0,941.0,714.0,712.14,9.86,730.79,22.62,829.17,104.64,814.55,100.35,769.34,104.22,-0.00858,-0.04769,-0.11778,-0.30159,973.0,972.0,1019.0,1287.0,1369.0,1509.0,424.0,428.0,451.0,0.4325,0.90163,0.77991,0.62589,28,2017-03-07,40,861.0,0.21274,train
2017-01-27,bsi_value,692.0,6.53959,696.0,702.0,708.0,718.0,725.0,739.0,772.0,926.0,957.0,719.0,707.43,10.46,725.07,21.57,820.33,104.66,814.1,100.84,769.69,103.91,-0.00576,-0.04659,-0.1094,-0.32422,968.0,973.0,998.0,1239.0,1287.0,1673.0,419.0,424.0,448.0,0.44794,0.89406,0.80098,0.59869,28,2017-03-08,40,868.0,0.22661,train
2017-01-30,bsi_value,688.0,6.53379,692.0,696.0,702.0,714.0,722.0,733.0,766.0,914.0,966.0,722.0,702.57,10.46,719.5,20.31,811.07,103.66,813.53,101.45,770.0,103.62,-0.0058,-0.04824,-0.10739,-0.33937,964.0,968.0,981.0,1205.0,1239.0,1665.0,415.0,419.0,446.0,0.49347,0.86976,0.8584,0.51298,28,2017-03-09,38,872.0,0.237,train
2017-01-31,bsi_value,679.0,6.52062,688.0,692.0,696.0,708.0,718.0,730.0,758.0,903.0,968.0,722.0,697.0,11.12,713.86,19.8,801.43,102.04,812.82,102.24,770.2,103.43,-0.01317,-0.05585,-0.11006,-0.35461,951.0,964.0,970.0,1167.0,1205.0,1610.0,402.0,415.0,441.0,0.50836,0.86115,0.87554,0.48315,28,2017-03-10,38,874.0,0.25246,train
2017-02-01,bsi_value,674.0,6.51323,679.0,688.0,692.0,702.0,714.0,725.0,748.0,843.0,972.0,721.0,691.29,11.2,708.57,19.86,791.5,99.43,812.03,103.12,770.36,103.28,-0.00739,-0.05765,-0.10417,-0.36613,933.0,951.0,962.0,1122.0,1167.0,1579.0,395.0,402.0,437.0,0.52309,0.85227,0.89164,0.45274,28,2017-03-13,40,875.0,0.26099,train
2017-02-02,bsi_value,670.0,6.50728,674.0,679.0,688.0,696.0,708.0,722.0,739.0,820.0,975.0,718.0,685.86,10.99,703.64,20.25,781.33,95.67,811.23,104.03,770.44,103.19,-0.00595,-0.05517,-0.09802,-0.37516,926.0,933.0,964.0,1064.0,1122.0,1466.0,386.0,395.0,432.0,0.53768,0.84315,0.90669,0.42181,28,2017-03-14,40,877.0,0.26923,train
2017-02-03,bsi_value,667.0,6.50279,670.0,674.0,679.0,692.0,702.0,718.0,733.0,795.0,968.0,718.0,680.86,10.45,698.93,20.55,771.3,91.24,810.38,104.99,770.21,103.39,-0.00449,-0.05114,-0.09436,-0.37244,922.0,926.0,972.0,981.0,1064.0,1369.0,382.0,386.0,428.0,0.5521,0.83378,0.92066,0.39037,28,2017-03-15,40,877.0,0.27372,train
2017-02-06,bsi_value,665.0,6.49979,667.0,670.0,674.0,688.0,696.0,714.0,730.0,783.0,960.0,716.0,676.43,9.63,694.29,20.34,761.47,86.13,809.53,105.95,770.14,103.46,-0.003,-0.04556,-0.09326,-0.36715,922.0,922.0,973.0,911.0,981.0,1287.0,377.0,382.0,424.0,0.59438,0.80419,0.95598,0.29343,28,2017-03-16,38,877.0,0.27672,train
2017-02-07,bsi_value,663.0,6.49677,665.0,667.0,670.0,679.0,692.0,708.0,725.0,772.0,953.0,712.0,672.29,8.17,689.86,19.92,751.8,80.16,808.72,106.89,770.03,103.57,-0.00301,-0.04281,-0.0894,-0.36284,931.0,922.0,968.0,803.0,911.0,1239.0,375.0,377.0,419.0,0.60812,0.79384,0.96551,0.26038,28,2017-03-17,38,879.0,0.28201,train
2017-02-08,bsi_value,665.0,6.49979,663.0,665.0,667.0,674.0,688.0,702.0,722.0,766.0,941.0,708.0,669.0,5.32,685.79,18.72,742.6,73.48,808.0,107.7,769.93,103.67,0.00301,-0.034,-0.08224,-0.34716,934.0,931.0,964.0,725.0,803.0,1205.0,378.0,375.0,415.0,0.62169,0.78327,0.97389,0.22701,28,2017-03-20,40,884.0,0.28467,train
2017-02-09,bsi_value,668.0,6.50429,665.0,663.0,665.0,670.0,679.0,696.0,718.0,758.0,926.0,703.0,667.43,3.42,682.21,16.92,734.0,66.25,807.42,108.36,769.84,103.75,0.0045,-0.01633,-0.07218,-0.32659,940.0,934.0,951.0,728.0,725.0,1167.0,377.0,378.0,402.0,0.63507,0.77246,0.98112,0.19338,28,2017-03-21,40,886.0,0.28243,train
2017-02-10,bsi_value,672.0,6.51026,668.0,665.0,663.0,667.0,674.0,692.0,714.0,748.0,914.0,703.0,667.14,2.9,679.21,14.58,725.93,58.07,806.9,108.93,769.8,103.79,0.00597,-0.00297,-0.06062,-0.30757,943.0,940.0,933.0,687.0,728.0,1122.0,377.0,377.0,395.0,0.64826,0.76142,0.9872,0.15951,28,2017-03-22,40,888.0,0.27871,train
2017-02-13,bsi_value,676.0,6.51619,672.0,668.0,665.0,665.0,670.0,688.0,708.0,739.0,903.0,705.0,668.0,4.21,676.93,12.2,718.37,48.51,806.42,109.44,769.77,103.82,0.00593,0.00892,-0.04625,-0.28953,944.0,943.0,926.0,609.0,687.0,1064.0,376.0,377.0,386.0,0.68668,0.72696,0.99838,0.05695,28,2017-03-23,38,892.0,0.27727,train
2017-02-14,bsi_value,681.0,6.52356,676.0,672.0,668.0,663.0,667.0,679.0,702.0,733.0,843.0,707.0,670.0,6.14,675.43,10.15,712.97,43.04,805.98,109.89,769.77,103.82,0.00737,0.02077,-0.03037,-0.2134,939.0,944.0,922.0,567.0,609.0,981.0,379.0,376.0,382.0,0.69908,0.71504,0.99975,0.02258,28,2017-03-24,38,896.0,0.27438,train
2017-02-15,bsi_value,689.0,6.53524,681.0,676.0,672.0,665.0,665.0,674.0,696.0,730.0,820.0,713.0,673.43,8.6,674.93,9.25,708.6,38.35,805.58,110.27,769.86,103.75,0.01168,0.03545,-0.01011,-0.17406,933.0,939.0,922.0,556.0,567.0,911.0,382.0,379.0,377.0,0.71128,0.70291,0.99993,-0.01183,28,2017-03-27,40,895.0,0.26158,train
2017-02-16,bsi_value,707.0,6.56103,689.0,681.0,676.0,668.0,663.0,670.0,692.0,725.0,795.0,722.0,679.71,13.41,676.0,11.71,705.67,34.84,805.33,110.47,770.16,103.53,0.02579,0.06426,0.02144,-0.11731,923.0,933.0,931.0,620.0,556.0,803.0,387.0,382.0,375.0,0.72326,0.69057,0.99893,-0.04622,28,2017-03-28,40,893.0,0.23356,train
2017-02-17,bsi_value,729.0,6.59167,707.0,689.0,681.0,672.0,665.0,667.0,688.0,722.0,783.0,748.0,688.86,20.31,678.93,17.86,703.87,32.08,805.02,110.66,770.72,103.16,0.03064,0.09189,0.05788,-0.07146,917.0,923.0,934.0,739.0,620.0,725.0,391.0,387.0,378.0,0.73503,0.67803,0.99675,-0.08055,28,2017-03-29,40,885.0,0.19391,train
2017-02-20,bsi_value,747.0,6.61607,729.0,707.0,689.0,676.0,668.0,665.0,679.0,718.0,772.0,809.0,700.14,26.57,683.79,25.03,703.03,30.59,803.98,110.91,771.5,102.71,0.02439,0.11178,0.09544,-0.03292,909.0,917.0,940.0,791.0,739.0,728.0,396.0,391.0,377.0,0.76903,0.63921,0.98315,-0.18282,28,2017-03-30,38,882.0,0.16613,train
2017-02-21,bsi_value,764.0,6.63857,747.0,729.0,707.0,681.0,672.0,663.0,674.0,714.0,766.0,835.0,713.29,31.66,690.21,32.21,702.97,30.45,802.8,110.95,772.47,102.23,0.0225,0.12831,0.12534,-0.00261,906.0,909.0,943.0,856.0,791.0,687.0,402.0,396.0,377.0,0.77991,0.62589,0.97628,-0.21653,28,2017-03-31,38,881.0,0.14249,train
2017-02-22,bsi_value,783.0,6.66313,764.0,747.0,729.0,689.0,676.0,665.0,670.0,708.0,758.0,852.0,728.57,35.56,698.29,39.48,703.8,32.24,801.65,110.79,773.66,101.72,0.02456,0.14694,0.15585,0.03245,908.0,906.0,944.0,951.0,856.0,609.0,410.0,402.0,376.0,0.79056,0.61238,0.96825,-0.24998,28,2017-04-03,40,882.0,0.11906,train
2017-02-23,bsi_value,797.0,6.68085,783.0,764.0,747.0,707.0,681.0,668.0,667.0,702.0,748.0,874.0,745.14,36.55,707.57,45.81,705.43,35.51,800.37,110.39,775.02,101.2,0.01772,0.15729,0.17806,0.06345,927.0,908.0,939.0,1134.0,951.0,567.0,420.0,410.0,379.0,0.80098,0.59869,0.95908,-0.28314,28,2017-04-04,40,881.0,0.1002,train
2017-02-24,bsi_value,809.0,6.6958,797.0,783.0,764.0,729.0,689.0,672.0,665.0,696.0,739.0,897.0,762.29,34.26,717.86,50.97,707.77,39.69,798.9,109.68,776.53,100.68,0.01494,0.16056,0.19601,0.0905,947.0,927.0,933.0,1165.0,1134.0,556.0,428.0,420.0,382.0,0.81116,0.58482,0.94877,-0.31596,28,2017-04-05,40,880.0,0.08412,train
2017-02-27,bsi_value,817.0,6.70564,809.0,797.0,783.0,747.0,707.0,676.0,663.0,692.0,733.0,908.0,778.0,30.3,728.86,54.44,710.57,44.09,797.38,108.79,778.12,100.17,0.00984,0.14461,0.20886,0.10849,966.0,947.0,923.0,1151.0,1165.0,620.0,436.0,428.0,387.0,0.84025,0.5422,0.91117,-0.41203,28,2017-04-06,38,882.0,0.07655,train
2017-02-28,bsi_value,825.0,6.71538,817.0,809.0,797.0,764.0,729.0,681.0,665.0,688.0,730.0,904.0,791.71,26.5,740.29,56.59,713.73,48.56,796.07,107.97,779.78,99.7,0.00974,0.12371,0.2156,0.12234,995.0,966.0,917.0,1021.0,1151.0,739.0,444.0,436.0,391.0,0.84945,0.52767,0.89646,-0.44313,28,2017-04-07,38,886.0,0.07133,train
2017-03-01,bsi_value,833.0,6.72503,825.0,817.0,809.0,783.0,747.0,689.0,668.0,679.0,725.0,908.0,804.0,22.57,752.07,57.48,717.33,53.06,794.82,107.09,781.5,99.27,0.00965,0.10897,0.22075,0.13886,1041.0,995.0,909.0,994.0,1021.0,791.0,451.0,444.0,396.0,0.8584,0.51298,0.88068,-0.47371,28,2017-04-10,40,888.0,0.06394,train
2017-03-02,bsi_value,840.0,6.7334,833.0,825.0,817.0,797.0,764.0,707.0,672.0,674.0,722.0,912.0,814.86,18.66,764.07,57.05,721.27,57.45,793.62,106.17,783.26,98.89,0.00837,0.09483,0.22314,0.15138,1084.0,1041.0,906.0,1097.0,994.0,856.0,457.0,451.0,402.0,0.8671,0.49814,0.86387,-0.50372,28,2017-04-11,40,891.0,0.05894,train
2017-03-03,bsi_value,846.0,6.74052,840.0,833.0,825.0,809.0,783.0,729.0,676.0,670.0,718.0,917.0,823.86,16.15,776.21,55.07,725.53,61.65,792.43,105.18,784.98,98.62,0.00712,0.07739,0.22433,0.16405,1118.0,1084.0,908.0,1227.0,1097.0,951.0,462.0,457.0,410.0,0.87554,0.48315,0.84603,-0.53314,28,2017-04-12,40,893.0,0.05407,train
2017-03-06,bsi_value,852.0,6.74759,846.0,840.0,833.0,817.0,797.0,747.0,681.0,667.0,714.0,921.0,831.71,14.46,788.43,51.44,730.13,65.64,791.28,104.14,786.67,98.45,0.00707,0.06673,0.22402,0.1767,1154.0,1118.0,927.0,1345.0,1227.0,1134.0,468.0,462.0,420.0,0.8993,0.43734,0.7866,-0.61747,28,2017-04-13,38,899.0,0.0537,train
2017-03-07,bsi_value,861.0,6.75809,852.0,846.0,840.0,825.0,809.0,764.0,689.0,665.0,708.0,929.0,839.14,14.24,800.71,46.53,735.23,69.55,790.15,103.0,788.4,98.37,0.01051,0.0623,0.22285,0.19565,1194.0,1154.0,947.0,1556.0,1345.0,1165.0,477.0,468.0,428.0,0.90669,0.42181,0.76489,-0.64416,28,2017-04-18,42,898.0,0.04208,train
2017-03-08,bsi_value,868.0,6.76619,861.0,852.0,846.0,833.0,817.0,783.0,707.0,663.0,702.0,934.0,846.43,14.09,812.21,41.58,740.77,73.19,789.05,101.8,790.16,98.36,0.0081,0.06055,0.20516,0.21226,1220.0,1194.0,966.0,1578.0,1556.0,1151.0,485.0,477.0,436.0,0.91381,0.40615,0.74228,-0.67009,28,2017-04-19,42,900.0,0.0362,train
2017-03-09,bsi_value,872.0,6.77079,868.0,861.0,852.0,840.0,825.0,797.0,729.0,665.0,696.0,941.0,853.14,13.46,822.43,37.22,746.63,76.35,787.9,100.46,791.91,98.4,0.0046,0.05541,0.17912,0.22544,1220.0,1220.0,995.0,1678.0,1578.0,1021.0,491.0,485.0,444.0,0.92066,0.39037,0.71879,-0.69523,28,2017-04-20,42,899.0,0.03049,train
2017-03-10,bsi_value,874.0,6.77308,872.0,868.0,861.0,846.0,833.0,809.0,747.0,668.0,692.0,957.0,859.0,12.29,831.5,32.96,752.7,78.96,786.52,98.68,793.63,98.46,0.00229,0.04805,0.15702,0.23349,1211.0,1220.0,1041.0,1789.0,1678.0,994.0,495.0,491.0,451.0,0.92724,0.37447,0.69445,-0.71954,28,2017-04-21,42,895.0,0.02374,train
2017-03-13,bsi_value,875.0,6.77422,874.0,872.0,868.0,852.0,840.0,817.0,764.0,672.0,688.0,966.0,864.0,10.54,839.43,28.87,758.93,80.96,785.0,96.59,795.33,98.53,0.00114,0.04082,0.13566,0.24044,1207.0,1211.0,1084.0,1843.0,1789.0,1097.0,499.0,495.0,457.0,0.94532,0.32614,0.61662,-0.78726,28,2017-04-24,42,892.0,0.01924,train
2017-03-14,bsi_value,877.0,6.77651,875.0,874.0,872.0,861.0,846.0,825.0,783.0,676.0,679.0,968.0,868.43,8.33,846.14,25.72,765.53,82.23,783.48,94.39,797.06,98.59,0.00228,0.03599,0.11337,0.25589,1185.0,1207.0,1118.0,1929.0,1843.0,1227.0,502.0,499.0,462.0,0.95079,0.30983,0.58918,-0.808,28,2017-04-25,42,887.0,0.01134,train
2017-03-15,bsi_value,877.0,6.77651,877.0,875.0,874.0,868.0,852.0,833.0,797.0,681.0,674.0,972.0,872.0,5.35,851.86,22.9,772.3,82.77,781.9,91.98,798.79,98.61,0.0,0.02892,0.09565,0.26328,1150.0,1185.0,1154.0,2136.0,1929.0,1345.0,505.0,502.0,468.0,0.95598,0.29343,0.56103,-0.82779,28,2017-04-26,42,881.0,0.00455,train
2017-03-16,bsi_value,877.0,6.77651,877.0,877.0,875.0,872.0,861.0,840.0,809.0,689.0,670.0,975.0,874.29,3.1,856.71,20.37,779.2,82.59,780.27,89.37,800.56,98.57,0.0,0.01841,0.08071,0.26923,1129.0,1150.0,1194.0,2265.0,2136.0,1556.0,508.0,505.0,477.0,0.96089,0.27695,0.53223,-0.8466,28,2017-04-27,42,870.0,-0.00801,train
2017-03-17,bsi_value,879.0,6.77878,877.0,877.0,877.0,874.0,868.0,846.0,817.0,707.0,667.0,968.0,875.86,2.17,861.14,17.84,786.27,81.75,778.78,86.95,802.34,98.52,0.00228,0.01259,0.07315,0.27599,1108.0,1129.0,1220.0,2413.0,2265.0,1578.0,508.0,508.0,485.0,0.96551,0.26038,0.50279,-0.86441,28,2017-04-28,42,861.0,-0.02069,train
2017-03-20,bsi_value,884.0,6.78446,879.0,877.0,877.0,875.0,872.0,852.0,825.0,729.0,665.0,960.0,877.57,3.02,865.36,15.63,793.57,80.36,777.52,84.83,804.21,98.45,0.00567,0.01367,0.06907,0.28467,1103.0,1108.0,1220.0,2466.0,2413.0,1678.0,510.0,508.0,491.0,0.97765,0.21022,0.41105,-0.91161,28,2017-05-02,43,849.0,-0.0404,train
2017-03-21,bsi_value,886.0,6.78672,884.0,879.0,877.0,877.0,874.0,861.0,833.0,747.0,663.0,953.0,879.29,3.81,869.14,13.63,801.0,78.22,776.4,82.93,806.14,98.33,0.00226,0.01364,0.06168,0.28994,1101.0,1103.0,1211.0,2441.0,2466.0,1789.0,512.0,510.0,495.0,0.98112,0.19338,0.37945,-0.92521,28,2017-05-03,43,835.0,-0.05929,train
2017-03-22,bsi_value,888.0,6.78897,886.0,884.0,879.0,877.0,875.0,868.0,840.0,764.0,665.0,941.0,881.14,4.39,872.57,11.78,808.43,75.49,775.52,81.44,808.14,98.15,0.00225,0.01475,0.05557,0.28918,1119.0,1101.0,1207.0,2378.0,2441.0,1843.0,516.0,512.0,499.0,0.98431,0.17647,0.3474,-0.93772,28,2017-05-04,43,822.0,-0.07723,train
2017-03-23,bsi_value,892.0,6.79347,888.0,886.0,884.0,877.0,877.0,872.0,846.0,783.0,668.0,926.0,883.29,5.39,875.86,10.22,815.9,72.24,774.95,80.5,810.24,97.9,0.00449,0.01696,0.05295,0.28918,1170.0,1119.0,1185.0,2345.0,2378.0,1929.0,521.0,516.0,502.0,0.9872,0.15951,0.31494,-0.94911,28,2017-05-05,43,811.0,-0.0952,train
2017-03-24,bsi_value,896.0,6.79794,892.0,888.0,886.0,879.0,877.0,874.0,852.0,797.0,672.0,914.0,886.0,6.26,879.0,9.1,823.37,68.46,774.65,80.02,812.39,97.64,0.00447,0.02143,0.05035,0.28768,1218.0,1170.0,1150.0,2482.0,2345.0,2136.0,526.0,521.0,505.0,0.98979,0.14251,0.28211,-0.95938,28,2017-05-08,45,799.0,-0.11458,train
2017-03-27,bsi_value,895.0,6.79682,896.0,892.0,888.0,884.0,877.0,875.0,861.0,809.0,676.0,903.0,888.57,5.7,881.43,8.49,830.67,63.88,774.52,79.81,814.5,97.35,-0.00112,0.02032,0.03873,0.28063,1253.0,1218.0,1129.0,2620.0,2482.0,2265.0,530.0,526.0,508.0,0.99583,0.09126,0.18176,-0.98334,28,2017-05-09,43,794.0,-0.11974,train
2017-03-28,bsi_value,893.0,6.79459,895.0,896.0,892.0,886.0,879.0,877.0,868.0,817.0,681.0,843.0,890.57,4.27,883.21,8.1,837.73,58.43,775.35,80.78,816.57,97.02,-0.00224,0.0158,0.02839,0.27102,1306.0,1253.0,1108.0,2765.0,2620.0,2413.0,535.0,530.0,508.0,0.99725,0.07412,0.14783,-0.98901,28,2017-05-10,43,790.0,-0.12255,train
2017-03-29,bsi_value,885.0,6.78559,893.0,895.0,896.0,888.0,884.0,877.0,872.0,825.0,689.0,820.0,890.71,4.06,884.14,7.48,844.27,52.04,776.43,81.8,818.48,96.65,-0.009,0.00113,0.0148,0.25035,1346.0,1306.0,1103.0,2755.0,2765.0,2466.0,538.0,535.0,510.0,0.99838,0.05695,0.11372,-0.99351,28,2017-05-11,43,787.0,-0.11736,train
2017-03-30,bsi_value,882.0,6.78219,885.0,893.0,895.0,892.0,886.0,877.0,874.0,833.0,707.0,795.0,890.14,4.88,884.71,6.97,850.1,45.75,777.88,82.88,820.26,96.33,-0.0034,-0.00452,0.00911,0.22116,1366.0,1346.0,1101.0,2690.0,2755.0,2441.0,539.0,538.0,512.0,0.99921,0.03977,0.07948,-0.99684,28,2017-05-12,43,784.0,-0.11778,train
2017-03-31,bsi_value,881.0,6.78106,882.0,885.0,893.0,896.0,888.0,879.0,875.0,840.0,729.0,783.0,889.14,5.84,885.14,6.53,855.17,40.13,779.52,83.92,821.73,96.23,-0.00113,-0.00791,0.00683,0.18938,1374.0,1366.0,1119.0,2597.0,2690.0,2378.0,540.0,539.0,516.0,0.99975,0.02258,0.04514,-0.99898,28,2017-05-15,45,782.0,-0.1192,train
2017-04-03,bsi_value,882.0,6.78219,881.0,882.0,885.0,895.0,892.0,884.0,877.0,846.0,747.0,772.0,887.71,6.18,885.5,6.21,859.67,34.99,781.35,84.93,822.54,96.43,0.00113,-0.01127,0.00569,0.16613,1379.0,1374.0,1170.0,2518.0,2597.0,2345.0,541.0,540.0,521.0,0.99958,-0.02903,-0.05803,-0.99832,28,2017-05-16,43,778.0,-0.12547,train
2017-04-04,bsi_value,881.0,6.78106,882.0,881.0,882.0,893.0,896.0,886.0,877.0,852.0,764.0,766.0,885.57,5.5,885.79,5.89,863.57,30.32,783.27,85.86,823.06,96.61,-0.00113,-0.01688,0.00455,0.14249,1377.0,1379.0,1218.0,2382.0,2518.0,2482.0,542.0,541.0,526.0,0.99893,-0.04622,-0.09233,-0.99573,28,2017-05-17,43,771.0,-0.13337,train
2017-04-05,bsi_value,880.0,6.77992,881.0,882.0,881.0,885.0,895.0,888.0,877.0,861.0,783.0,758.0,883.43,4.17,886.0,5.62,866.8,26.49,785.3,86.68,823.37,96.75,-0.00114,-0.0169,0.00341,0.11679,1371.0,1377.0,1253.0,2229.0,2382.0,2620.0,543.0,542.0,530.0,0.99799,-0.06339,-0.12653,-0.99196,28,2017-05-18,43,764.0,-0.14135,train
2017-04-06,bsi_value,882.0,6.78219,880.0,881.0,882.0,882.0,893.0,892.0,879.0,868.0,797.0,748.0,881.86,1.46,886.21,5.4,869.63,23.21,787.53,87.41,823.46,96.8,0.00227,-0.01239,0.00341,0.10134,1387.0,1371.0,1306.0,2184.0,2229.0,2765.0,545.0,543.0,535.0,0.99675,-0.08055,-0.16057,-0.98702,28,2017-05-19,43,759.0,-0.15019,train
2017-04-07,bsi_value,886.0,6.78672,882.0,880.0,881.0,881.0,885.0,896.0,884.0,872.0,809.0,739.0,882.0,1.77,886.36,5.37,872.2,20.46,789.98,88.07,823.33,96.72,0.00452,0.00113,0.00226,0.09092,1427.0,1387.0,1346.0,2173.0,2184.0,2755.0,547.0,545.0,538.0,0.99522,-0.09768,-0.19443,-0.98092,28,2017-05-22,45,753.0,-0.16265,train
2017-04-10,bsi_value,888.0,6.78897,886.0,882.0,880.0,882.0,882.0,895.0,886.0,874.0,817.0,733.0,882.86,2.75,886.5,5.38,874.57,17.88,792.57,88.63,823.11,96.54,0.00225,0.00678,0.00225,0.08333,1466.0,1427.0,1366.0,2165.0,2173.0,2690.0,549.0,547.0,539.0,0.98885,-0.14889,-0.29446,-0.95566,28,2017-05-23,43,746.0,-0.17425,train
2017-04-11,bsi_value,891.0,6.79234,888.0,886.0,882.0,881.0,881.0,893.0,888.0,875.0,825.0,730.0,884.29,3.81,886.71,5.5,876.77,15.56,795.25,89.14,822.97,96.43,0.00337,0.01129,0.00337,0.07696,1533.0,1466.0,1374.0,2227.0,2165.0,2597.0,552.0,549.0,540.0,0.98615,-0.16588,-0.32716,-0.94497,28,2017-05-24,43,737.0,-0.18976,train
2017-04-12,bsi_value,893.0,6.79459,891.0,888.0,886.0,880.0,882.0,885.0,892.0,877.0,833.0,725.0,885.86,4.7,886.79,5.57,878.77,13.53,798.05,89.52,822.8,96.3,0.00224,0.01239,0.00112,0.06955,1583.0,1533.0,1379.0,2252.0,2227.0,2518.0,554.0,552.0,541.0,0.98315,-0.18282,-0.35947,-0.93316,28,2017-05-25,43,728.0,-0.20429,train
2017-04-13,bsi_value,899.0,6.80128,893.0,891.0,888.0,882.0,881.0,882.0,896.0,877.0,840.0,722.0,888.43,6.07,887.0,5.96,880.73,11.95,801.0,89.88,822.66,96.17,0.0067,0.02023,0.00334,0.06788,1611.0,1583.0,1377.0,2249.0,2252.0,2382.0,560.0,554.0,542.0,0.97986,-0.1997,-0.39136,-0.92024,28,2017-05-26,43,721.0,-0.22064,train
2017-04-18,bsi_value,898.0,6.80017,899.0,893.0,891.0,886.0,880.0,881.0,895.0,877.0,846.0,718.0,891.0,5.76,887.21,6.29,882.47,10.46,804.0,90.07,822.44,95.99,-0.00111,0.02025,0.00335,0.05965,1621.0,1611.0,1371.0,2220.0,2249.0,2229.0,563.0,560.0,543.0,0.95908,-0.28314,-0.54311,-0.83966,28,2017-05-30,42,712.0,-0.23209,train
2017-04-19,bsi_value,900.0,6.80239,898.0,899.0,893.0,888.0,882.0,882.0,893.0,879.0,852.0,714.0,893.57,5.15,887.71,6.97,884.07,9.28,807.1,90.12,822.21,95.77,0.00222,0.0202,0.00781,0.05481,1612.0,1621.0,1387.0,2130.0,2220.0,2184.0,568.0,563.0,545.0,0.95407,-0.29959,-0.57167,-0.82049,28,2017-05-31,42,698.0,-0.25418,train
2017-04-20,bsi_value,899.0,6.80128,900.0,898.0,899.0,891.0,886.0,881.0,885.0,884.0,861.0,708.0,895.43,4.37,888.71,7.5,885.33,8.62,810.28,89.93,821.88,95.45,-0.00111,0.01457,0.0157,0.04319,1553.0,1612.0,1427.0,1991.0,2130.0,2173.0,572.0,568.0,547.0,0.94877,-0.31596,-0.59955,-0.80034,28,2017-06-01,42,685.0,-0.27186,train
2017-04-21,bsi_value,895.0,6.79682,899.0,900.0,898.0,893.0,888.0,880.0,882.0,886.0,868.0,702.0,896.43,3.2,889.64,7.41,886.23,8.16,813.5,89.45,821.44,95.03,-0.00446,0.00785,0.01463,0.03063,1494.0,1553.0,1466.0,1830.0,1991.0,2165.0,575.0,572.0,549.0,0.9432,-0.33224,-0.62673,-0.77924,28,2017-06-02,42,674.0,-0.28359,train
2017-04-24,bsi_value,892.0,6.79347,895.0,899.0,900.0,899.0,891.0,882.0,881.0,888.0,872.0,696.0,896.57,2.97,890.43,7.03,886.9,7.78,816.77,88.68,820.9,94.48,-0.00336,0.00112,0.01241,0.02268,1429.0,1494.0,1533.0,1780.0,1830.0,2227.0,577.0,575.0,552.0,0.9248,-0.38045,-0.70368,-0.71052,28,2017-06-05,42,666.0,-0.29218,train
2017-04-25,bsi_value,887.0,6.78784,892.0,895.0,899.0,898.0,893.0,886.0,882.0,892.0,874.0,692.0,895.71,4.4,890.79,6.71,887.33,7.4,820.02,87.61,820.12,93.64,-0.00562,-0.00674,0.00565,0.01476,1371.0,1429.0,1583.0,1767.0,1780.0,2252.0,577.0,577.0,554.0,0.91812,-0.3963,-0.7277,-0.68589,28,2017-06-06,42,658.0,-0.29864,train
2017-04-26,bsi_value,881.0,6.78106,887.0,892.0,895.0,900.0,899.0,888.0,881.0,896.0,875.0,688.0,893.14,6.49,890.79,6.71,887.53,7.14,823.23,86.24,819.18,92.59,-0.00679,-0.02023,0.0,0.00683,1320.0,1371.0,1611.0,1790.0,1767.0,2249.0,576.0,577.0,560.0,0.91117,-0.41203,-0.75086,-0.66046,28,2017-06-07,42,652.0,-0.30101,train
2017-04-27,bsi_value,870.0,6.76849,881.0,887.0,892.0,899.0,898.0,891.0,880.0,895.0,877.0,679.0,889.14,9.96,890.07,8.19,887.3,7.58,826.42,84.36,818.09,91.4,-0.01256,-0.03168,-0.01143,-0.00801,1260.0,1320.0,1621.0,1798.0,1790.0,2220.0,569.0,576.0,563.0,0.90395,-0.42765,-0.77314,-0.63424,28,2017-06-08,42,649.0,-0.29306,train
2017-04-28,bsi_value,861.0,6.75809,870.0,881.0,887.0,895.0,900.0,893.0,882.0,893.0,877.0,674.0,883.57,12.83,888.57,10.98,886.77,8.76,829.53,82.1,816.86,90.05,-0.0104,-0.0443,-0.0241,-0.01841,1187.0,1260.0,1612.0,1779.0,1798.0,2130.0,559.0,569.0,568.0,0.89646,-0.44313,-0.7945,-0.60727,28,2017-06-09,42,654.0,-0.27499,train
2017-05-02,bsi_value,849.0,6.74406,861.0,870.0,881.0,892.0,899.0,899.0,886.0,885.0,877.0,670.0,876.43,15.82,885.93,15.0,885.83,10.96,832.52,79.45,815.46,88.55,-0.01404,-0.05722,-0.04266,-0.03245,1140.0,1187.0,1553.0,1668.0,1779.0,1991.0,550.0,559.0,572.0,0.86387,-0.50372,-0.87029,-0.49253,28,2017-06-12,41,658.0,-0.25485,train
2017-05-03,bsi_value,835.0,6.72743,849.0,861.0,870.0,887.0,895.0,898.0,888.0,882.0,879.0,667.0,867.86,19.31,882.14,19.89,884.37,14.23,835.32,76.48,813.98,87.09,-0.01663,-0.06939,-0.06154,-0.05135,1096.0,1140.0,1494.0,1542.0,1668.0,1830.0,540.0,550.0,575.0,0.85507,-0.51851,-0.88672,-0.4623,28,2017-06-13,41,665.0,-0.22764,train
2017-05-04,bsi_value,822.0,6.71174,835.0,849.0,861.0,881.0,892.0,900.0,891.0,881.0,884.0,665.0,857.86,22.13,877.21,24.98,882.3,18.11,837.93,73.22,812.44,85.71,-0.01569,-0.08173,-0.0806,-0.07272,1048.0,1096.0,1429.0,1458.0,1542.0,1780.0,532.0,540.0,577.0,0.84603,-0.53314,-0.9021,-0.43153,28,2017-06-14,41,679.0,-0.19112,train
2017-05-05,bsi_value,811.0,6.69827,822.0,835.0,849.0,870.0,887.0,899.0,893.0,882.0,886.0,663.0,847.0,23.75,871.36,29.75,879.8,22.15,840.4,69.69,810.87,84.41,-0.01347,-0.08958,-0.09632,-0.08845,1023.0,1048.0,1371.0,1480.0,1458.0,1767.0,523.0,532.0,577.0,0.83673,-0.54761,-0.91641,-0.40024,28,2017-06-15,41,690.0,-0.16158,train
2017-05-08,bsi_value,799.0,6.68336,811.0,822.0,835.0,861.0,881.0,895.0,899.0,881.0,888.0,665.0,835.29,24.31,864.21,33.96,876.83,26.41,842.63,66.09,809.29,83.28,-0.01491,-0.0977,-0.11792,-0.10561,1009.0,1023.0,1320.0,1571.0,1480.0,1790.0,517.0,523.0,576.0,0.80737,-0.59004,-0.95277,-0.3037,28,2017-06-16,39,701.0,-0.13085,train
2017-05-09,bsi_value,794.0,6.67708,799.0,811.0,822.0,849.0,870.0,892.0,898.0,880.0,892.0,668.0,824.43,23.34,856.79,37.0,873.57,30.13,844.73,62.41,807.82,82.37,-0.00628,-0.09141,-0.12309,-0.11638,1007.0,1009.0,1260.0,1635.0,1571.0,1798.0,512.0,517.0,569.0,0.7971,-0.60385,-0.96265,-0.27074,28,2017-06-19,41,708.0,-0.11464,train
2017-05-10,bsi_value,790.0,6.67203,794.0,799.0,811.0,835.0,861.0,887.0,900.0,882.0,896.0,672.0,814.29,20.49,848.93,38.63,870.03,33.34,846.7,58.68,806.44,81.61,-0.00505,-0.08606,-0.13036,-0.12591,1011.0,1007.0,1187.0,1645.0,1635.0,1779.0,510.0,512.0,559.0,0.7866,-0.61747,-0.9714,-0.23747,28,2017-06-20,41,717.0,-0.09696,train
2017-05-11,bsi_value,787.0,6.66823,790.0,794.0,799.0,822.0,849.0,881.0,899.0,886.0,895.0,676.0,805.43,16.6,840.93,39.03,866.43,36.16,848.55,54.9,805.16,80.99,-0.0038,-0.07583,-0.13305,-0.1286,1006.0,1011.0,1140.0,1695.0,1645.0,1668.0,510.0,510.0,550.0,0.77586,-0.63091,-0.97899,-0.20391,28,2017-06-21,41,724.0,-0.08344,train
2017-05-12,bsi_value,784.0,6.66441,787.0,790.0,794.0,811.0,835.0,870.0,895.0,888.0,893.0,681.0,798.14,12.78,833.0,38.51,862.8,38.69,850.27,51.11,804.5,80.92,-0.00382,-0.06302,-0.13241,-0.13018,992.0,1006.0,1096.0,1725.0,1695.0,1542.0,509.0,510.0,540.0,0.76489,-0.64416,-0.98542,-0.17012,28,2017-06-22,41,734.0,-0.0659,train
2017-05-15,bsi_value,782.0,6.66185,784.0,787.0,790.0,799.0,822.0,861.0,892.0,891.0,885.0,689.0,792.43,9.3,825.14,36.86,859.37,41.07,851.82,47.48,804.08,80.94,-0.00255,-0.04989,-0.13161,-0.12373,978.0,992.0,1048.0,1661.0,1725.0,1458.0,508.0,509.0,532.0,0.73064,-0.68276,-0.99771,-0.06768,28,2017-06-23,39,744.0,-0.04981,train
2017-05-16,bsi_value,778.0,6.65673,782.0,784.0,787.0,794.0,811.0,849.0,887.0,893.0,882.0,707.0,787.71,6.69,817.36,34.4,855.9,43.34,853.0,44.66,803.89,80.98,-0.00513,-0.04154,-0.13112,-0.12547,956.0,978.0,1023.0,1632.0,1661.0,1480.0,507.0,508.0,523.0,0.71879,-0.69523,-0.99944,-0.03332,28,2017-06-26,41,750.0,-0.03665,train
2017-05-17,bsi_value,771.0,6.64769,778.0,782.0,784.0,790.0,799.0,835.0,881.0,899.0,881.0,729.0,783.71,7.11,809.5,31.4,852.23,45.65,853.7,43.01,803.76,81.02,-0.00904,-0.03567,-0.13337,-0.13337,925.0,956.0,1009.0,1590.0,1632.0,1571.0,505.0,507.0,517.0,0.70673,-0.70749,-1.0,0.00108,28,2017-06-27,41,757.0,-0.01833,train
2017-05-18,bsi_value,764.0,6.63857,771.0,778.0,782.0,787.0,794.0,822.0,870.0,898.0,882.0,747.0,779.43,8.52,801.93,28.54,848.3,47.94,853.98,42.35,803.67,81.06,-0.00912,-0.03852,-0.12993,-0.14362,894.0,925.0,1007.0,1638.0,1590.0,1635.0,504.0,505.0,512.0,0.69445,-0.71954,-0.99937,0.03547,28,2017-06-28,41,761.0,-0.00393,train
2017-05-19,bsi_value,759.0,6.632,764.0,771.0,778.0,784.0,790.0,811.0,861.0,900.0,881.0,764.0,775.0,9.83,794.64,25.38,844.23,50.12,853.9,42.53,803.59,81.1,-0.00657,-0.04003,-0.12609,-0.14906,870.0,894.0,1011.0,1668.0,1638.0,1645.0,502.0,504.0,510.0,0.68197,-0.73138,-0.99756,0.06983,28,2017-06-29,41,758.0,-0.00132,train
2017-05-22,bsi_value,753.0,6.62407,759.0,764.0,771.0,782.0,787.0,799.0,849.0,899.0,880.0,783.0,770.14,11.03,787.79,22.58,840.0,52.24,853.4,43.53,803.53,81.14,-0.00794,-0.04416,-0.11999,-0.15586,854.0,870.0,1006.0,1704.0,1668.0,1695.0,496.0,502.0,510.0,0.64334,-0.76558,-0.98506,0.17224,28,2017-06-30,39,754.0,0.00133,train
2017-05-23,bsi_value,746.0,6.61473,753.0,759.0,764.0,778.0,784.0,794.0,835.0,895.0,882.0,797.0,764.71,12.16,781.43,20.86,835.47,54.26,852.55,45.09,803.51,81.15,-0.00934,-0.04968,-0.11271,-0.16747,850.0,854.0,992.0,1706.0,1704.0,1725.0,486.0,496.0,509.0,0.63007,-0.77654,-0.97855,0.20602,28,2017-07-03,41,751.0,0.00668,train
2017-05-24,bsi_value,737.0,6.60259,746.0,753.0,759.0,771.0,782.0,790.0,822.0,892.0,886.0,809.0,758.29,13.18,775.36,20.53,830.5,56.19,851.35,47.15,803.49,81.17,-0.01214,-0.05927,-0.10915,-0.18413,849.0,850.0,978.0,1654.0,1706.0,1661.0,478.0,486.0,508.0,0.61662,-0.78726,-0.97088,0.23956,28,2017-07-04,41,747.0,0.01348,train
2017-05-25,bsi_value,728.0,6.5903,737.0,746.0,753.0,764.0,778.0,787.0,811.0,887.0,888.0,817.0,751.14,14.08,769.43,21.35,825.17,58.04,849.87,49.54,803.43,81.22,-0.01229,-0.06643,-0.10797,-0.19867,848.0,849.0,956.0,1595.0,1654.0,1632.0,473.0,478.0,507.0,0.60299,-0.79775,-0.96207,0.27281,28,2017-07-05,41,742.0,0.01905,train
2017-05-26,bsi_value,721.0,6.58064,728.0,737.0,746.0,759.0,771.0,784.0,799.0,881.0,891.0,825.0,744.0,14.85,763.86,23.02,819.5,59.62,848.13,52.13,803.33,81.31,-0.00966,-0.06705,-0.10272,-0.21171,845.0,848.0,925.0,1591.0,1595.0,1590.0,469.0,473.0,505.0,0.58918,-0.808,-0.95211,0.30574,28,2017-07-06,41,735.0,0.01923,train
2017-05-30,bsi_value,712.0,6.56808,721.0,728.0,737.0,753.0,764.0,782.0,794.0,870.0,893.0,833.0,736.57,15.95,758.0,24.95,813.47,61.02,846.12,54.95,803.19,81.47,-0.01256,-0.07049,-0.10901,-0.22651,842.0,845.0,894.0,1564.0,1591.0,1638.0,461.0,469.0,504.0,0.53223,-0.8466,-0.90117,0.43347,28,2017-07-07,38,732.0,0.0277,train
2017-05-31,bsi_value,698.0,6.54822,712.0,721.0,728.0,746.0,759.0,778.0,790.0,861.0,899.0,840.0,727.86,17.87,751.43,27.63,806.77,62.28,843.75,58.12,802.92,81.77,-0.01986,-0.08378,-0.12381,-0.25306,829.0,842.0,870.0,1511.0,1564.0,1668.0,455.0,461.0,502.0,0.51759,-0.85563,-0.88572,0.46421,28,2017-07-10,40,729.0,0.04345,train
2017-06-01,bsi_value,685.0,6.52942,698.0,712.0,721.0,737.0,753.0,771.0,787.0,849.0,898.0,846.0,718.14,19.92,744.14,30.58,799.67,63.6,841.07,61.57,802.56,82.22,-0.0188,-0.09465,-0.13881,-0.27075,810.0,829.0,854.0,1430.0,1511.0,1704.0,449.0,455.0,496.0,0.50279,-0.86441,-0.86923,0.4944,28,2017-07-11,40,733.0,0.06773,train
2017-06-02,bsi_value,674.0,6.51323,685.0,698.0,712.0,728.0,746.0,764.0,784.0,835.0,900.0,852.0,707.86,21.42,736.29,33.34,792.13,64.65,838.1,65.16,802.11,82.81,-0.01619,-0.1015,-0.15118,-0.28916,792.0,810.0,850.0,1374.0,1430.0,1706.0,446.0,449.0,486.0,0.48785,-0.87293,-0.85171,0.52401,28,2017-07-12,40,744.0,0.09881,train
2017-06-05,bsi_value,666.0,6.50129,674.0,685.0,698.0,721.0,737.0,759.0,782.0,822.0,899.0,861.0,697.71,22.02,728.0,35.3,784.37,65.33,834.85,68.7,801.64,83.45,-0.01194,-0.1013,-0.16057,-0.29999,789.0,792.0,849.0,1353.0,1374.0,1654.0,441.0,446.0,478.0,0.44217,-0.89693,-0.79319,0.60897,28,2017-07-13,38,758.0,0.12939,train
2017-06-06,bsi_value,658.0,6.4892,666.0,674.0,685.0,712.0,728.0,753.0,778.0,811.0,895.0,868.0,687.71,21.89,719.43,36.67,776.47,65.8,831.35,72.18,801.16,84.16,-0.01208,-0.1011,-0.16752,-0.30762,783.0,789.0,848.0,1366.0,1353.0,1595.0,434.0,441.0,473.0,0.42667,-0.90441,-0.77177,0.6359,28,2017-07-14,38,769.0,0.15589,train
2017-06-07,bsi_value,652.0,6.48004,658.0,666.0,674.0,698.0,721.0,746.0,771.0,799.0,892.0,872.0,677.86,20.15,710.93,37.51,768.47,65.86,827.68,75.54,800.67,84.89,-0.00916,-0.10059,-0.16764,-0.31342,783.0,783.0,845.0,1379.0,1366.0,1591.0,429.0,434.0,469.0,0.41105,-0.91161,-0.74944,0.66207,28,2017-07-17,40,776.0,0.17411,train
2017-06-08,bsi_value,649.0,6.47543,652.0,658.0,666.0,685.0,712.0,737.0,764.0,794.0,887.0,874.0,668.86,16.65,702.71,37.58,760.53,65.44,823.93,78.66,800.19,85.62,-0.00461,-0.09265,-0.16314,-0.31241,793.0,783.0,842.0,1381.0,1379.0,1564.0,425.0,429.0,461.0,0.39531,-0.91855,-0.72622,0.68746,28,2017-07-18,40,786.0,0.19152,train
2017-06-09,bsi_value,654.0,6.48311,649.0,652.0,658.0,674.0,698.0,728.0,759.0,790.0,881.0,875.0,662.57,12.16,695.21,36.04,752.97,64.18,820.25,81.32,799.81,86.19,0.00767,-0.06511,-0.14889,-0.29795,813.0,793.0,829.0,1438.0,1381.0,1511.0,425.0,425.0,455.0,0.37945,-0.92521,-0.70215,0.71203,28,2017-07-19,40,798.0,0.199,train
2017-06-12,bsi_value,658.0,6.4892,654.0,649.0,652.0,666.0,685.0,721.0,753.0,787.0,870.0,877.0,658.71,8.01,688.43,33.37,745.9,62.56,816.6,83.57,799.58,86.54,0.0061,-0.04021,-0.13486,-0.27929,833.0,813.0,810.0,1481.0,1438.0,1430.0,424.0,425.0,449.0,0.33122,-0.94355,-0.62505,0.78058,28,2017-07-20,38,807.0,0.20412,train
2017-06-13,bsi_value,665.0,6.49979,658.0,654.0,649.0,658.0,674.0,712.0,746.0,784.0,861.0,877.0,657.43,5.9,682.64,29.71,739.37,60.39,813.07,85.4,799.48,86.69,0.01058,-0.01344,-0.11494,-0.25831,865.0,833.0,792.0,1442.0,1481.0,1374.0,424.0,424.0,446.0,0.31494,-0.94911,-0.59783,0.80162,28,2017-07-21,38,812.0,0.19971,train
2017-06-14,bsi_value,679.0,6.52062,665.0,658.0,654.0,652.0,666.0,698.0,737.0,782.0,849.0,877.0,659.29,9.35,678.5,25.6,733.7,57.76,809.77,86.69,799.58,86.55,0.02083,0.01933,-0.08197,-0.22344,903.0,865.0,789.0,1362.0,1442.0,1353.0,427.0,424.0,441.0,0.29857,-0.95439,-0.5699,0.82171,28,2017-07-24,40,814.0,0.18134,train
2017-06-15,bsi_value,690.0,6.53669,679.0,665.0,658.0,649.0,658.0,685.0,728.0,778.0,835.0,879.0,663.86,14.18,675.79,21.96,728.87,55.09,806.62,87.54,799.83,86.19,0.01607,0.04749,-0.05361,-0.19074,938.0,903.0,783.0,1277.0,1362.0,1366.0,431.0,427.0,434.0,0.28211,-0.95938,-0.5413,0.84083,28,2017-07-25,40,813.0,0.16404,train
2017-06-16,bsi_value,701.0,6.55251,690.0,679.0,665.0,654.0,652.0,674.0,721.0,771.0,822.0,884.0,670.86,18.14,674.36,19.48,724.83,52.49,803.57,87.98,800.23,85.64,0.01582,0.07246,-0.02813,-0.15923,964.0,938.0,783.0,1213.0,1277.0,1379.0,435.0,431.0,429.0,0.26556,-0.96409,-0.51206,0.85895,28,2017-07-26,40,807.0,0.14082,train
2017-06-19,bsi_value,708.0,6.56244,701.0,690.0,679.0,658.0,649.0,666.0,712.0,764.0,811.0,886.0,679.29,19.67,674.07,18.95,721.4,50.05,800.6,88.15,800.73,84.97,0.00994,0.08701,-0.00563,-0.13582,984.0,964.0,793.0,1169.0,1213.0,1381.0,437.0,435.0,425.0,0.21548,-0.97651,-0.42083,0.90714,28,2017-07-27,38,798.0,0.11966,train
2017-06-20,bsi_value,717.0,6.57508,708.0,701.0,690.0,665.0,654.0,658.0,698.0,759.0,799.0,888.0,688.29,20.44,675.43,21.17,718.67,47.93,797.75,88.04,801.31,84.22,0.01263,0.09197,0.02686,-0.10829,1017.0,984.0,813.0,1110.0,1169.0,1438.0,441.0,437.0,425.0,0.19865,-0.98007,-0.38938,0.92108,28,2017-07-28,38,789.0,0.09569,train
2017-06-21,bsi_value,724.0,6.58479,717.0,708.0,701.0,679.0,658.0,652.0,685.0,753.0,794.0,892.0,697.71,19.49,678.21,24.54,716.33,45.87,794.95,87.67,801.93,83.44,0.00972,0.09559,0.05537,-0.09229,1070.0,1017.0,833.0,1020.0,1110.0,1481.0,445.0,441.0,424.0,0.18176,-0.98334,-0.35746,0.93393,28,2017-07-31,40,783.0,0.07834,train
2017-06-22,bsi_value,734.0,6.59851,724.0,717.0,708.0,690.0,665.0,649.0,674.0,746.0,790.0,896.0,707.57,17.83,682.5,28.37,714.47,43.93,792.25,87.01,802.62,82.61,0.01372,0.09872,0.08528,-0.07352,1109.0,1070.0,865.0,993.0,1020.0,1442.0,447.0,445.0,424.0,0.16482,-0.98632,-0.32513,0.94567,28,2017-08-01,40,779.0,0.0595,train
2017-06-23,bsi_value,744.0,6.61204,734.0,724.0,717.0,701.0,679.0,654.0,666.0,737.0,787.0,895.0,716.86,17.46,688.07,32.01,713.03,42.21,789.73,86.18,803.38,81.76,0.01353,0.09142,0.11075,-0.05619,1138.0,1109.0,903.0,987.0,993.0,1362.0,451.0,447.0,427.0,0.14783,-0.98901,-0.29241,0.95629,28,2017-08-02,40,772.0,0.03694,train
2017-06-26,bsi_value,750.0,6.62007,744.0,734.0,724.0,708.0,690.0,658.0,658.0,728.0,784.0,893.0,725.43,16.88,694.64,34.51,711.9,40.72,787.35,85.27,804.14,80.92,0.00803,0.08338,0.13087,-0.04434,1145.0,1138.0,938.0,1005.0,987.0,1277.0,454.0,451.0,431.0,0.09661,-0.99532,-0.19232,0.98133,28,2017-08-03,38,767.0,0.02241,train
2017-06-27,bsi_value,757.0,6.62936,750.0,744.0,734.0,717.0,701.0,665.0,652.0,721.0,782.0,885.0,733.43,16.68,702.14,35.81,711.07,39.51,785.22,84.39,804.9,80.16,0.00929,0.07686,0.14932,-0.03249,1151.0,1145.0,964.0,1066.0,1005.0,1213.0,458.0,454.0,435.0,0.07948,-0.99684,-0.15845,0.98737,28,2017-08-04,38,764.0,0.0092,train
2017-06-28,bsi_value,761.0,6.63463,757.0,750.0,744.0,724.0,708.0,679.0,649.0,712.0,778.0,882.0,741.0,15.4,710.14,35.55,710.5,38.66,783.2,83.5,805.5,79.63,0.00527,0.07219,0.1592,-0.02209,1150.0,1151.0,984.0,1170.0,1066.0,1169.0,459.0,458.0,437.0,0.06232,-0.99806,-0.12439,0.99223,28,2017-08-07,40,762.0,0.00131,train
2017-06-29,bsi_value,758.0,6.63068,761.0,757.0,750.0,734.0,717.0,690.0,654.0,698.0,771.0,881.0,746.86,12.72,717.57,33.87,710.07,38.05,781.15,82.58,805.82,79.37,-0.00395,0.05561,0.14758,-0.017,1119.0,1150.0,1017.0,1146.0,1170.0,1110.0,464.0,459.0,441.0,0.04514,-0.99898,-0.09019,0.99592,28,2017-08-08,40,759.0,0.00132,train
2017-06-30,bsi_value,754.0,6.62539,758.0,761.0,757.0,744.0,724.0,701.0,658.0,685.0,764.0,882.0,751.14,8.72,724.43,30.69,709.73,37.62,779.02,81.59,805.9,79.32,-0.00529,0.0406,0.13619,-0.01318,1091.0,1119.0,1070.0,1086.0,1146.0,1020.0,467.0,464.0,445.0,0.02795,-0.99961,-0.05588,0.99844,28,2017-08-09,40,756.0,0.00265,train
2017-07-03,bsi_value,751.0,6.62141,754.0,758.0,761.0,750.0,734.0,708.0,665.0,674.0,759.0,881.0,753.57,5.31,730.57,26.5,709.47,37.29,776.85,80.57,805.76,79.41,-0.00399,0.0229,0.12162,-0.0106,1068.0,1091.0,1109.0,1032.0,1086.0,993.0,468.0,467.0,447.0,-0.02365,-0.99972,0.04729,0.99888,28,2017-08-10,38,756.0,0.00664,train
2017-07-04,bsi_value,747.0,6.61607,751.0,754.0,758.0,757.0,744.0,717.0,679.0,666.0,753.0,880.0,754.0,4.6,735.43,22.53,709.27,37.07,774.63,79.53,805.36,79.61,-0.00534,0.00402,0.09544,-0.008,1062.0,1068.0,1138.0,997.0,1032.0,987.0,470.0,468.0,451.0,-0.04084,-0.99917,0.08162,0.99666,28,2017-08-11,38,759.0,0.01594,train
2017-07-05,bsi_value,742.0,6.60935,747.0,751.0,754.0,761.0,750.0,724.0,690.0,658.0,746.0,882.0,752.86,6.17,739.14,18.7,709.13,36.95,772.3,78.39,804.74,79.88,-0.00672,-0.01072,0.07266,-0.00538,1060.0,1062.0,1145.0,901.0,997.0,1005.0,470.0,470.0,454.0,-0.05803,-0.99832,0.11586,0.99327,28,2017-08-14,40,760.0,0.02397,train
2017-07-06,bsi_value,735.0,6.59987,742.0,747.0,751.0,758.0,757.0,734.0,701.0,652.0,737.0,886.0,749.71,8.45,741.57,15.53,709.07,36.9,769.78,77.11,803.92,80.22,-0.00948,-0.02949,0.04736,-0.00272,1063.0,1060.0,1151.0,818.0,901.0,1066.0,470.0,470.0,458.0,-0.07519,-0.99717,0.14995,0.98869,28,2017-08-15,40,765.0,0.04001,train
2017-07-07,bsi_value,732.0,6.59578,735.0,742.0,747.0,754.0,761.0,744.0,708.0,649.0,728.0,888.0,745.57,8.99,743.29,12.81,709.2,36.98,767.18,75.7,802.98,80.56,-0.00409,-0.03885,0.03334,0.00548,1062.0,1063.0,1150.0,753.0,818.0,1170.0,471.0,470.0,459.0,-0.09233,-0.99573,0.18387,0.98295,28,2017-08-16,40,776.0,0.05837,train
2017-07-10,bsi_value,729.0,6.59167,732.0,735.0,742.0,751.0,758.0,750.0,717.0,654.0,721.0,891.0,741.43,8.99,744.14,11.34,709.47,37.09,764.48,74.11,801.91,80.89,-0.00411,-0.03901,0.0166,0.01103,1061.0,1062.0,1119.0,730.0,753.0,1146.0,474.0,471.0,464.0,-0.14357,-0.98964,0.28417,0.95877,28,2017-08-17,38,791.0,0.08162,train
2017-07-11,bsi_value,733.0,6.59715,729.0,732.0,735.0,747.0,754.0,757.0,724.0,658.0,712.0,893.0,738.43,7.71,744.79,10.4,710.17,37.33,761.82,72.29,800.8,81.14,0.00547,-0.02825,0.01235,0.02907,1069.0,1061.0,1091.0,755.0,730.0,1086.0,477.0,474.0,467.0,-0.16057,-0.98702,0.31698,0.94843,28,2017-08-18,38,806.0,0.09494,train
2017-07-12,bsi_value,744.0,6.61204,733.0,729.0,732.0,742.0,751.0,761.0,734.0,665.0,698.0,899.0,737.43,6.34,745.5,9.97,711.7,37.74,759.23,70.08,799.73,81.25,0.0149,-0.00936,0.01353,0.06382,1098.0,1069.0,1068.0,846.0,755.0,1032.0,480.0,477.0,468.0,-0.17753,-0.98412,0.34942,0.93697,28,2017-08-21,40,817.0,0.0936,train
2017-07-13,bsi_value,758.0,6.63068,744.0,733.0,729.0,735.0,747.0,758.0,744.0,679.0,685.0,898.0,739.0,9.23,746.5,10.46,714.13,38.29,756.9,67.71,798.76,81.22,0.01864,0.01462,0.01864,0.10126,1141.0,1098.0,1062.0,928.0,846.0,997.0,484.0,480.0,470.0,-0.19443,-0.98092,0.38144,0.92439,28,2017-08-22,40,824.0,0.08349,train
2017-07-14,bsi_value,769.0,6.64509,758.0,744.0,733.0,732.0,742.0,754.0,750.0,690.0,674.0,900.0,742.86,14.06,747.86,11.95,717.3,38.76,754.72,65.12,797.83,81.08,0.01441,0.03574,0.02502,0.13186,1173.0,1141.0,1060.0,933.0,928.0,901.0,486.0,484.0,470.0,-0.21128,-0.97743,0.41301,0.91073,28,2017-08-23,40,833.0,0.07994,train
2017-07-17,bsi_value,776.0,6.65415,769.0,758.0,744.0,729.0,735.0,751.0,757.0,701.0,666.0,899.0,748.71,17.65,749.21,13.84,720.97,38.94,752.67,62.43,796.89,80.83,0.00906,0.05428,0.02479,0.15286,1202.0,1173.0,1063.0,933.0,933.0,818.0,489.0,486.0,470.0,-0.26141,-0.96523,0.50465,0.86333,28,2017-08-24,38,840.0,0.07925,train
2017-07-18,bsi_value,786.0,6.66696,776.0,769.0,758.0,733.0,732.0,747.0,761.0,708.0,658.0,895.0,756.43,20.26,751.0,16.59,725.23,38.82,750.85,59.79,795.98,80.49,0.0128,0.07118,0.03232,0.17775,1226.0,1202.0,1062.0,984.0,933.0,753.0,492.0,489.0,471.0,-0.27798,-0.96059,0.53405,0.84546,28,2017-08-25,38,845.0,0.07238,train
2017-07-19,bsi_value,798.0,6.68211,786.0,776.0,769.0,744.0,729.0,742.0,758.0,717.0,652.0,892.0,766.29,21.28,753.86,20.52,730.1,38.48,749.28,57.25,795.16,80.08,0.01515,0.09043,0.05143,0.20206,1252.0,1226.0,1061.0,1028.0,984.0,730.0,495.0,492.0,474.0,-0.29446,-0.95566,0.56281,0.82658,28,2017-08-29,41,848.0,0.06077,train
2017-07-20,bsi_value,807.0,6.69332,798.0,786.0,776.0,758.0,733.0,735.0,754.0,724.0,649.0,887.0,776.86,20.48,757.64,24.67,735.37,37.83,747.95,54.91,794.41,79.66,0.01122,0.09618,0.06793,0.21789,1260.0,1252.0,1069.0,1093.0,1028.0,755.0,497.0,495.0,477.0,-0.31086,-0.95046,0.59091,0.80674,28,2017-08-30,41,851.0,0.05309,train
2017-07-21,bsi_value,812.0,6.6995,807.0,798.0,786.0,769.0,744.0,732.0,751.0,734.0,654.0,881.0,786.57,18.64,762.0,28.24,740.63,37.13,746.8,52.79,793.71,79.22,0.00618,0.08746,0.07809,0.21639,1258.0,1260.0,1098.0,1154.0,1093.0,846.0,499.0,497.0,480.0,-0.32716,-0.94497,0.61831,0.78593,28,2017-08-31,41,853.0,0.04926,train
2017-07-24,bsi_value,814.0,6.70196,812.0,807.0,798.0,776.0,758.0,729.0,747.0,744.0,658.0,870.0,794.57,16.56,766.79,30.85,745.83,36.1,745.87,51.07,793.01,78.76,0.00246,0.07128,0.0859,0.21276,1248.0,1258.0,1141.0,1171.0,1154.0,928.0,500.0,499.0,484.0,-0.37547,-0.92683,0.696,0.71804,28,2017-09-01,39,856.0,0.05031,train
2017-07-25,bsi_value,813.0,6.70073,814.0,812.0,807.0,786.0,769.0,733.0,742.0,750.0,665.0,861.0,800.86,13.78,771.86,32.17,750.77,34.81,745.07,49.62,792.3,78.29,-0.00123,0.05564,0.09138,0.20094,1225.0,1248.0,1173.0,1221.0,1171.0,933.0,500.0,500.0,486.0,-0.39136,-0.92024,0.72029,0.69368,28,2017-09-04,41,860.0,0.0562,train
2017-07-26,bsi_value,807.0,6.69332,813.0,814.0,812.0,798.0,776.0,744.0,735.0,757.0,679.0,849.0,805.29,9.35,777.0,31.61,755.03,33.57,744.37,48.43,791.52,77.79,-0.00741,0.03917,0.09345,0.1727,1192.0,1225.0,1202.0,1206.0,1221.0,933.0,500.0,500.0,489.0,-0.40713,-0.91337,0.74372,0.66849,28,2017-09-05,41,863.0,0.06709,train
2017-07-27,bsi_value,798.0,6.68211,807.0,813.0,814.0,807.0,786.0,758.0,732.0,761.0,690.0,835.0,807.0,6.23,781.71,29.39,758.63,32.16,743.75,47.5,790.62,77.24,-0.01122,0.01515,0.08633,0.14542,1146.0,1192.0,1226.0,1138.0,1206.0,984.0,500.0,500.0,492.0,-0.42278,-0.90623,0.76627,0.64251,28,2017-09-06,41,868.0,0.08408,train
2017-07-28,bsi_value,789.0,6.67077,798.0,807.0,813.0,812.0,798.0,769.0,729.0,758.0,701.0,822.0,805.71,8.48,786.0,25.51,761.57,30.76,743.2,46.77,789.57,76.6,-0.01134,-0.01134,0.07909,0.11826,1109.0,1146.0,1252.0,1139.0,1138.0,1028.0,498.0,500.0,495.0,-0.43831,-0.89883,0.78792,0.61577,28,2017-09-07,41,875.0,0.10346,train
2017-07-31,bsi_value,783.0,6.66313,789.0,798.0,807.0,814.0,807.0,776.0,733.0,754.0,708.0,811.0,802.29,11.56,789.57,20.93,764.07,29.32,742.73,46.23,788.42,75.92,-0.00763,-0.03019,0.06599,0.10069,1095.0,1109.0,1260.0,1225.0,1139.0,1093.0,496.0,498.0,497.0,-0.48409,-0.87502,0.84717,0.53132,28,2017-09-08,39,888.0,0.12584,train
2017-08-01,bsi_value,779.0,6.65801,783.0,789.0,798.0,813.0,812.0,786.0,744.0,751.0,717.0,799.0,797.57,13.24,792.07,17.08,766.13,28.08,742.4,45.9,787.21,75.19,-0.00512,-0.04149,0.04597,0.08294,1098.0,1095.0,1258.0,1331.0,1225.0,1154.0,492.0,496.0,499.0,-0.49907,-0.86656,0.86495,0.50186,28,2017-09-11,41,898.0,0.14216,val
2017-08-02,bsi_value,772.0,6.64898,779.0,783.0,789.0,807.0,814.0,798.0,758.0,747.0,724.0,794.0,791.57,13.94,793.07,15.38,767.73,26.98,742.03,45.57,785.88,74.37,-0.00903,-0.05298,0.0183,0.06419,1118.0,1098.0,1248.0,1475.0,1331.0,1171.0,488.0,492.0,500.0,-0.5139,-0.85785,0.8817,0.47181,28,2017-09-12,41,908.0,0.16226,val
2017-08-03,bsi_value,767.0,6.64249,772.0,779.0,783.0,798.0,813.0,807.0,769.0,742.0,734.0,790.0,785.0,13.1,792.93,15.61,768.83,26.25,741.65,45.26,784.44,73.48,-0.0065,-0.05824,-0.0026,0.04398,1143.0,1118.0,1225.0,1602.0,1475.0,1221.0,482.0,488.0,500.0,-0.52858,-0.84888,0.89741,0.4412,28,2017-09-13,41,923.0,0.18514,val
2017-08-04,bsi_value,764.0,6.63857,767.0,772.0,779.0,789.0,807.0,812.0,776.0,735.0,744.0,787.0,778.86,11.31,792.07,16.8,769.5,25.86,741.27,44.97,782.99,72.56,-0.00392,-0.05476,-0.01558,0.02653,1153.0,1143.0,1192.0,1637.0,1602.0,1206.0,478.0,482.0,500.0,-0.54311,-0.83966,0.91205,0.41007,28,2017-09-14,41,950.0,0.21789,val
2017-08-07,bsi_value,762.0,6.63595,764.0,767.0,772.0,783.0,798.0,814.0,786.0,732.0,750.0,784.0,773.71,9.47,790.36,18.47,769.9,25.65,740.9,44.71,781.53,71.65,-0.00262,-0.04616,-0.03101,0.01587,1158.0,1153.0,1146.0,1655.0,1637.0,1138.0,475.0,478.0,500.0,-0.5857,-0.81053,0.94945,0.31392,28,2017-09-15,39,977.0,0.24854,val
2017-08-08,bsi_value,759.0,6.632,762.0,764.0,767.0,779.0,789.0,813.0,798.0,729.0,757.0,782.0,769.43,8.3,787.57,19.99,769.97,25.62,740.52,44.45,780.13,70.84,-0.00394,-0.03876,-0.05011,0.00264,1170.0,1158.0,1109.0,1659.0,1655.0,1139.0,472.0,475.0,498.0,-0.59955,-0.80034,0.95969,0.28108,28,2017-09-18,41,997.0,0.27275,val
2017-08-09,bsi_value,756.0,6.62804,759.0,762.0,764.0,772.0,783.0,807.0,807.0,733.0,761.0,778.0,765.57,7.31,783.93,20.75,769.8,25.69,740.15,44.23,778.73,70.06,-0.00396,-0.03509,-0.06528,-0.00659,1192.0,1170.0,1095.0,1702.0,1659.0,1225.0,467.0,472.0,496.0,-0.61323,-0.7899,0.96879,0.2479,28,2017-09-19,41,1017.0,0.29657,val
2017-08-10,bsi_value,756.0,6.62804,756.0,759.0,762.0,767.0,779.0,798.0,812.0,744.0,758.0,771.0,762.29,5.47,779.93,20.35,769.73,25.72,739.9,44.1,777.34,69.25,0.0,-0.02997,-0.07146,-0.00264,1228.0,1192.0,1098.0,1837.0,1702.0,1331.0,466.0,467.0,492.0,-0.62673,-0.77924,0.97674,0.21443,28,2017-09-20,41,1033.0,0.31218,val
2017-08-11,bsi_value,759.0,6.632,756.0,756.0,759.0,764.0,772.0,789.0,814.0,758.0,754.0,764.0,760.43,3.81,776.0,18.62,769.9,25.64,739.82,44.06,775.98,68.38,0.00396,-0.01698,-0.06996,0.00661,1256.0,1228.0,1118.0,2013.0,1837.0,1475.0,466.0,466.0,488.0,-0.64004,-0.76834,0.98354,0.1807,28,2017-09-21,41,1050.0,0.32454,val
2017-08-14,bsi_value,760.0,6.63332,759.0,756.0,756.0,762.0,767.0,783.0,813.0,769.0,751.0,759.0,759.43,2.72,772.21,15.91,770.2,25.47,739.83,44.07,774.63,67.48,0.00132,-0.00917,-0.06741,0.01191,1272.0,1256.0,1143.0,2093.0,2013.0,1602.0,465.0,466.0,482.0,-0.67882,-0.7343,0.99692,0.07841,28,2017-09-22,39,1061.0,0.33365,val
2017-08-15,bsi_value,765.0,6.63988,760.0,759.0,756.0,759.0,764.0,779.0,807.0,776.0,747.0,753.0,759.57,2.97,769.21,12.7,770.8,25.12,740.03,44.15,773.36,66.56,0.00656,0.00131,-0.05345,0.02381,1289.0,1272.0,1153.0,2155.0,2093.0,1637.0,464.0,465.0,478.0,-0.69135,-0.72252,0.99903,0.04407,28,2017-09-25,41,1068.0,0.33367,val
2017-08-16,bsi_value,776.0,6.65415,765.0,760.0,759.0,756.0,762.0,772.0,798.0,786.0,742.0,746.0,761.57,6.52,767.64,10.15,771.93,24.56,740.53,44.39,772.18,65.56,0.01428,0.01821,-0.02796,0.0448,1310.0,1289.0,1158.0,2324.0,2155.0,1655.0,464.0,464.0,475.0,-0.70368,-0.71052,0.99995,0.00968,28,2017-09-26,41,1065.0,0.31658,val
2017-08-17,bsi_value,791.0,6.6733,776.0,765.0,760.0,756.0,759.0,767.0,789.0,798.0,735.0,737.0,766.14,12.02,767.79,10.46,773.8,23.8,741.43,44.85,771.12,64.47,0.01915,0.0413,0.00253,0.07343,1336.0,1310.0,1170.0,2542.0,2324.0,1659.0,465.0,464.0,472.0,-0.7158,-0.69831,0.99969,-0.02473,28,2017-09-27,41,1054.0,0.28705,val
2017-08-18,bsi_value,806.0,6.69208,791.0,776.0,765.0,759.0,756.0,764.0,783.0,807.0,732.0,728.0,773.29,17.48,769.43,13.94,776.27,23.16,742.73,45.57,770.21,63.38,0.01879,0.06404,0.02895,0.0963,1345.0,1336.0,1192.0,2574.0,2542.0,1702.0,465.0,465.0,467.0,-0.7277,-0.68589,0.99825,-0.0591,28,2017-09-28,41,1041.0,0.25585,val
2017-08-21,bsi_value,817.0,6.70564,806.0,791.0,776.0,760.0,756.0,762.0,779.0,812.0,729.0,721.0,782.0,21.45,772.14,18.5,779.2,22.56,744.33,46.45,769.39,62.28,0.01356,0.0776,0.04763,0.11397,1349.0,1345.0,1228.0,2584.0,2574.0,1837.0,466.0,465.0,466.0,-0.76211,-0.64744,0.98685,-0.16164,28,2017-09-29,39,1021.0,0.2229,val
2017-08-22,bsi_value,824.0,6.71417,817.0,806.0,791.0,765.0,759.0,759.0,772.0,814.0,733.0,712.0,791.29,23.46,775.86,22.81,782.23,22.26,746.2,47.36,768.62,61.17,0.00853,0.08217,0.06519,0.11702,1345.0,1349.0,1256.0,2489.0,2584.0,2013.0,468.0,466.0,466.0,-0.77314,-0.63424,0.98071,-0.19549,28,2017-10-02,41,1006.0,0.19957,val
2017-08-23,bsi_value,833.0,6.72503,824.0,817.0,806.0,776.0,760.0,756.0,767.0,813.0,744.0,698.0,801.71,23.46,780.57,26.94,785.2,22.88,748.45,48.21,767.89,59.99,0.01086,0.09172,0.08255,0.11299,1311.0,1345.0,1272.0,2382.0,2489.0,2093.0,470.0,468.0,465.0,-0.78393,-0.62084,0.9734,-0.2291,28,2017-10-03,41,984.0,0.16659,val
2017-08-24,bsi_value,840.0,6.7334,833.0,824.0,817.0,791.0,765.0,756.0,764.0,807.0,758.0,685.0,812.43,21.27,786.0,30.48,787.93,24.32,751.03,48.89,767.24,58.89,0.00837,0.09353,0.09483,0.10272,1259.0,1311.0,1289.0,2333.0,2382.0,2155.0,473.0,470.0,464.0,-0.7945,-0.60727,0.96495,-0.26245,28,2017-10-04,41,968.0,0.14183,val
2017-08-25,bsi_value,845.0,6.73934,840.0,833.0,824.0,806.0,776.0,759.0,762.0,798.0,769.0,674.0,822.29,17.81,791.93,33.19,790.47,26.11,753.88,49.3,766.63,57.78,0.00593,0.08518,0.10339,0.09425,1235.0,1259.0,1310.0,2406.0,2333.0,2324.0,474.0,473.0,464.0,-0.80483,-0.59351,0.95535,-0.29549,28,2017-10-05,41,965.0,0.13279,val
2017-08-29,bsi_value,848.0,6.74288,845.0,840.0,833.0,817.0,791.0,760.0,759.0,789.0,776.0,666.0,830.43,14.33,798.29,34.76,792.87,27.92,756.92,49.4,766.07,56.72,0.00354,0.06958,0.11088,0.08873,1215.0,1235.0,1336.0,2381.0,2406.0,2542.0,477.0,474.0,465.0,-0.84373,-0.53677,0.90578,-0.42375,28,2017-10-06,38,971.0,0.13545,val
2017-08-30,bsi_value,851.0,6.74641,848.0,845.0,840.0,824.0,806.0,765.0,756.0,783.0,786.0,658.0,836.86,11.8,805.07,35.11,795.03,29.76,760.13,49.14,765.58,55.79,0.00353,0.05433,0.11837,0.07946,1195.0,1215.0,1345.0,2282.0,2381.0,2574.0,482.0,477.0,465.0,-0.85284,-0.52218,0.89066,-0.45466,28,2017-10-09,40,978.0,0.1391,val
2017-08-31,bsi_value,853.0,6.74876,851.0,848.0,845.0,833.0,817.0,776.0,756.0,779.0,798.0,652.0,842.0,9.68,812.0,34.31,796.87,31.53,763.48,48.5,765.14,54.95,0.00235,0.04312,0.12072,0.06665,1189.0,1195.0,1349.0,2293.0,2282.0,2584.0,486.0,482.0,466.0,-0.86169,-0.50743,0.8745,-0.48503,28,2017-10-10,40,996.0,0.15499,val
2017-09-01,bsi_value,856.0,6.75227,853.0,851.0,848.0,840.0,824.0,791.0,759.0,772.0,807.0,649.0,846.57,7.38,818.93,32.66,798.5,33.24,766.93,47.58,764.8,54.28,0.00351,0.0381,0.12027,0.05895,1198.0,1189.0,1345.0,2264.0,2293.0,2489.0,486.0,486.0,468.0,-0.87029,-0.49253,0.8573,-0.51482,28,2017-10-11,40,1020.0,0.17529,val
2017-09-04,bsi_value,860.0,6.75693,856.0,853.0,851.0,845.0,833.0,806.0,760.0,767.0,812.0,654.0,850.43,6.25,826.07,29.8,800.1,34.96,770.37,46.74,764.57,53.82,0.00466,0.0319,0.12361,0.05743,1227.0,1198.0,1311.0,2243.0,2264.0,2382.0,487.0,486.0,470.0,-0.89454,-0.44698,0.79969,-0.60041,28,2017-10-12,38,1050.0,0.19961,val
2017-09-05,bsi_value,863.0,6.76041,860.0,856.0,853.0,848.0,840.0,817.0,765.0,764.0,814.0,658.0,853.71,5.95,833.07,25.88,801.73,36.67,773.78,45.88,764.49,53.67,0.00348,0.02701,0.12054,0.05845,1275.0,1227.0,1259.0,2313.0,2243.0,2333.0,491.0,487.0,473.0,-0.9021,-0.43153,0.77856,-0.62756,28,2017-10-13,38,1069.0,0.21406,val
2017-09-06,bsi_value,868.0,6.76619,863.0,860.0,856.0,851.0,845.0,824.0,776.0,762.0,813.0,665.0,857.0,6.55,839.64,21.94,803.57,38.52,777.17,45.22,764.57,53.82,0.00578,0.02686,0.11204,0.06546,1314.0,1275.0,1235.0,2438.0,2313.0,2406.0,494.0,491.0,474.0,-0.90939,-0.41595,0.75652,-0.65397,28,2017-10-16,40,1082.0,0.22037,val
2017-09-07,bsi_value,875.0,6.77422,868.0,863.0,860.0,853.0,848.0,833.0,791.0,759.0,807.0,679.0,860.86,7.92,845.64,19.12,805.83,40.6,780.43,45.09,764.86,54.34,0.00803,0.03134,0.10093,0.0809,1351.0,1314.0,1215.0,2614.0,2438.0,2381.0,499.0,494.0,477.0,-0.91641,-0.40024,0.73357,-0.67961,28,2017-10-17,40,1094.0,0.22337,val
2017-09-08,bsi_value,888.0,6.78897,875.0,868.0,863.0,856.0,851.0,840.0,806.0,756.0,798.0,690.0,866.14,11.23,851.5,18.63,808.83,43.15,783.73,45.59,765.44,55.37,0.01475,0.04256,0.09689,0.10686,1375.0,1351.0,1195.0,2767.0,2614.0,2282.0,504.0,499.0,482.0,-0.92316,-0.38442,0.70976,-0.70444,28,2017-10-18,40,1105.0,0.21863,val
2017-09-11,bsi_value,898.0,6.80017,888.0,875.0,868.0,860.0,853.0,845.0,817.0,756.0,789.0,701.0,872.57,14.32,857.29,19.57,812.47,45.84,787.02,46.6,766.29,56.79,0.0112,0.05141,0.09453,0.1294,1394.0,1375.0,1189.0,2813.0,2767.0,2293.0,509.0,504.0,486.0,-0.94176,-0.33629,0.63341,-0.77382,28,2017-10-19,38,1116.0,0.21734,val
2017-09-12,bsi_value,908.0,6.81124,898.0,888.0,875.0,863.0,856.0,848.0,824.0,759.0,783.0,708.0,880.0,17.03,863.29,21.25,816.63,48.57,790.35,47.96,767.37,58.52,0.01107,0.05897,0.09707,0.14811,1429.0,1394.0,1198.0,2724.0,2813.0,2264.0,513.0,509.0,486.0,-0.9474,-0.32004,0.60641,-0.79515,28,2017-10-20,38,1126.0,0.21518,val
2017-09-13,bsi_value,923.0,6.82763,908.0,898.0,888.0,868.0,860.0,851.0,833.0,760.0,779.0,717.0,889.0,20.4,869.71,24.48,821.43,51.63,793.78,49.92,768.74,60.67,0.01638,0.0707,0.1026,0.16962,1464.0,1429.0,1227.0,2628.0,2724.0,2243.0,520.0,513.0,487.0,-0.95277,-0.3037,0.5787,-0.81554,28,2017-10-23,40,1128.0,0.20057,val
2017-09-14,bsi_value,950.0,6.85646,923.0,908.0,898.0,875.0,863.0,853.0,840.0,765.0,772.0,724.0,901.43,26.39,877.57,30.58,827.37,55.68,797.55,52.94,770.48,63.53,0.02883,0.09605,0.12306,0.20748,1499.0,1464.0,1275.0,2642.0,2628.0,2313.0,529.0,520.0,491.0,-0.95785,-0.28726,0.55031,-0.83496,28,2017-10-24,40,1130.0,0.17351,val
2017-09-15,bsi_value,977.0,6.88449,950.0,923.0,908.0,888.0,868.0,856.0,845.0,776.0,767.0,734.0,917.0,33.32,887.0,38.43,834.37,60.63,801.6,57.06,772.56,67.09,0.02802,0.11829,0.14515,0.242,1521.0,1499.0,1314.0,2685.0,2642.0,2438.0,536.0,529.0,494.0,-0.96265,-0.27074,0.52126,-0.8534,28,2017-10-25,40,1129.0,0.1446,val
2017-09-18,bsi_value,997.0,6.90475,977.0,950.0,923.0,898.0,875.0,860.0,848.0,791.0,764.0,744.0,934.43,38.33,897.64,46.03,842.13,65.82,805.82,61.8,774.89,71.09,0.02026,0.13053,0.16187,0.26618,1529.0,1521.0,1351.0,2681.0,2685.0,2614.0,551.0,536.0,499.0,-0.97534,-0.22072,0.43056,-0.90256,28,2017-10-26,38,1117.0,0.11365,val
2017-09-19,bsi_value,1017.0,6.92461,997.0,977.0,950.0,908.0,888.0,863.0,851.0,806.0,762.0,750.0,952.86,42.37,909.5,53.3,850.63,71.17,810.27,67.01,777.48,75.48,0.01986,0.13564,0.1782,0.28867,1536.0,1529.0,1375.0,2723.0,2681.0,2767.0,562.0,551.0,504.0,-0.97899,-0.20391,0.39926,-0.91684,28,2017-10-27,38,1100.0,0.07845,val
2017-09-20,bsi_value,1033.0,6.94022,1017.0,997.0,977.0,923.0,898.0,868.0,853.0,817.0,759.0,757.0,972.14,43.71,922.36,59.47,859.77,76.23,814.87,72.45,780.27,80.09,0.01561,0.14005,0.19146,0.30822,1531.0,1536.0,1394.0,2861.0,2723.0,2813.0,576.0,562.0,509.0,-0.98235,-0.18704,0.36748,-0.93003,28,2017-10-30,40,1081.0,0.04542,val
2017-09-21,bsi_value,1050.0,6.95655,1033.0,1017.0,997.0,950.0,908.0,875.0,856.0,824.0,756.0,761.0,992.43,42.16,936.21,64.76,869.57,81.0,819.68,78.1,783.29,84.93,0.01632,0.1453,0.20428,0.3285,1514.0,1531.0,1429.0,2948.0,2861.0,2724.0,586.0,576.0,513.0,-0.98542,-0.17012,0.33528,-0.94212,28,2017-10-31,40,1060.0,0.00948,val
2017-09-22,bsi_value,1061.0,6.96697,1050.0,1033.0,1017.0,977.0,923.0,888.0,860.0,833.0,756.0,758.0,1012.14,37.04,950.57,68.45,879.73,85.15,824.73,83.55,786.51,89.77,0.01042,0.13934,0.21003,0.33893,1493.0,1514.0,1464.0,3147.0,2948.0,2628.0,596.0,586.0,520.0,-0.9882,-0.15314,0.30267,-0.9531,28,2017-11-01,40,1043.0,-0.01711,val
2017-09-25,bsi_value,1068.0,6.97354,1061.0,1050.0,1033.0,997.0,950.0,898.0,863.0,840.0,759.0,754.0,1029.0,31.34,965.21,70.06,890.03,88.54,829.97,88.64,789.89,94.45,0.00658,0.11708,0.21313,0.34154,1474.0,1493.0,1499.0,3173.0,3147.0,2642.0,602.0,596.0,529.0,-0.99479,-0.10196,0.20286,-0.97921,28,2017-11-02,38,1027.0,-0.03915,val
2017-09-26,bsi_value,1065.0,6.97073,1068.0,1061.0,1050.0,1017.0,977.0,908.0,868.0,845.0,760.0,751.0,1041.57,24.96,979.29,68.89,900.2,90.52,835.2,92.98,793.29,98.69,-0.00281,0.08624,0.20454,0.33741,1446.0,1474.0,1521.0,3101.0,3173.0,2685.0,607.0,602.0,536.0,-0.9964,-0.08483,0.16906,-0.98561,28,2017-11-03,38,1014.0,-0.04907,val
2017-09-27,bsi_value,1054.0,6.96035,1065.0,1068.0,1061.0,1033.0,997.0,923.0,875.0,848.0,765.0,747.0,1049.71,17.17,992.07,64.84,909.83,90.99,840.32,96.37,796.63,102.31,-0.01038,0.0556,0.18612,0.32047,1406.0,1446.0,1529.0,2942.0,3101.0,2681.0,613.0,607.0,551.0,-0.99771,-0.06768,0.13506,-0.99084,28,2017-11-06,40,1001.0,-0.05159,val
2017-09-28,bsi_value,1041.0,6.94794,1054.0,1065.0,1068.0,1050.0,1017.0,950.0,888.0,851.0,776.0,742.0,1053.14,11.87,1003.0,59.01,918.67,90.43,845.3,98.86,799.91,105.31,-0.01241,0.02332,0.15897,0.29378,1352.0,1406.0,1536.0,2824.0,2942.0,2723.0,616.0,613.0,562.0,-0.99872,-0.05051,0.10089,-0.9949,28,2017-11-07,40,988.0,-0.05225,val
2017-09-29,bsi_value,1021.0,6.92854,1041.0,1054.0,1065.0,1061.0,1033.0,977.0,898.0,853.0,791.0,735.0,1051.43,15.09,1011.79,51.39,926.33,89.02,850.07,100.31,803.07,107.61,-0.0194,-0.01168,0.12837,0.25524,1308.0,1352.0,1531.0,2738.0,2824.0,2861.0,616.0,616.0,576.0,-0.99944,-0.03332,0.06661,-0.99778,28,2017-11-08,40,961.0,-0.06056,val
2017-10-02,bsi_value,1006.0,6.91374,1021.0,1041.0,1054.0,1068.0,1050.0,997.0,908.0,856.0,806.0,732.0,1045.14,21.97,1018.79,42.72,933.0,87.23,854.63,101.07,806.16,109.39,-0.0148,-0.04281,0.10249,0.22165,1268.0,1308.0,1514.0,2671.0,2738.0,2948.0,614.0,616.0,586.0,-0.99983,0.01828,-0.03655,-0.99933,28,2017-11-09,38,936.0,-0.07212,val
2017-10-03,bsi_value,984.0,6.89163,1006.0,1021.0,1041.0,1065.0,1061.0,1017.0,923.0,860.0,817.0,729.0,1034.14,29.32,1023.14,35.17,938.57,84.95,858.88,101.05,809.08,110.58,-0.02211,-0.07534,0.064,0.18599,1247.0,1268.0,1493.0,2618.0,2671.0,3147.0,612.0,614.0,596.0,-0.99937,0.03547,-0.0709,-0.99748,28,2017-11-10,38,912.0,-0.07599,val
2017-10-04,bsi_value,968.0,6.87523,984.0,1006.0,1021.0,1054.0,1068.0,1033.0,950.0,863.0,824.0,733.0,1019.86,33.42,1024.43,32.72,943.37,82.37,862.8,100.65,811.92,111.34,-0.01639,-0.09831,0.01877,0.16106,1276.0,1247.0,1474.0,2667.0,2618.0,3173.0,609.0,612.0,602.0,-0.99861,0.05266,-0.10517,-0.99445,28,2017-11-13,40,888.0,-0.08626,val
2017-10-05,bsi_value,965.0,6.87213,968.0,984.0,1006.0,1041.0,1065.0,1050.0,977.0,868.0,833.0,744.0,1005.57,32.43,1023.57,34.08,947.77,79.84,866.48,100.28,814.89,111.82,-0.0031,-0.0986,-0.01236,0.14709,1345.0,1276.0,1446.0,2888.0,2667.0,3101.0,607.0,609.0,607.0,-0.99756,0.06983,-0.13932,-0.99025,28,2017-11-14,40,872.0,-0.10134,val
2017-10-06,bsi_value,971.0,6.87833,965.0,968.0,984.0,1021.0,1054.0,1061.0,997.0,875.0,840.0,758.0,993.71,27.33,1021.71,36.12,952.13,77.37,870.03,100.15,818.07,112.14,0.0062,-0.08202,-0.02642,0.14492,1406.0,1345.0,1406.0,2929.0,2888.0,2942.0,610.0,607.0,613.0,-0.99621,0.08698,-0.1733,-0.98487,28,2017-11-15,40,858.0,-0.12372,val
2017-10-09,bsi_value,978.0,6.88551,971.0,965.0,968.0,1006.0,1041.0,1068.0,1017.0,888.0,845.0,769.0,984.71,19.54,1018.93,37.84,956.57,74.88,873.52,100.21,821.44,112.33,0.00718,-0.06243,-0.0391,0.14617,1438.0,1406.0,1352.0,2906.0,2929.0,2824.0,613.0,610.0,616.0,-0.9904,0.13825,-0.27385,-0.96177,28,2017-11-16,38,849.0,-0.14145,val
2017-10-10,bsi_value,996.0,6.90375,978.0,971.0,965.0,984.0,1021.0,1065.0,1033.0,898.0,848.0,776.0,981.14,14.11,1016.29,38.06,961.5,72.4,877.18,100.6,825.11,112.58,0.01824,-0.02479,-0.03648,0.16087,1465.0,1438.0,1308.0,2894.0,2906.0,2738.0,618.0,613.0,616.0,-0.98787,0.15527,-0.30677,-0.95178,28,2017-11-17,38,845.0,-0.16441,val
2017-10-11,bsi_value,1020.0,6.92756,996.0,978.0,971.0,968.0,1006.0,1054.0,1050.0,908.0,851.0,786.0,983.14,17.96,1014.14,36.93,967.13,70.12,881.08,101.52,829.13,113.01,0.02381,0.01382,-0.02899,0.18115,1504.0,1465.0,1268.0,2882.0,2894.0,2671.0,623.0,618.0,614.0,-0.98506,0.17224,-0.33932,-0.94067,28,2017-11-20,40,850.0,-0.18232,val
2017-10-12,bsi_value,1050.0,6.95655,1020.0,996.0,978.0,965.0,984.0,1041.0,1061.0,923.0,853.0,798.0,992.57,29.53,1013.36,36.03,973.7,68.33,885.28,103.19,833.56,113.77,0.02899,0.06492,-0.01042,0.20779,1556.0,1504.0,1247.0,2859.0,2882.0,2618.0,635.0,623.0,612.0,-0.98195,0.18916,-0.37148,-0.92844,28,2017-11-21,40,856.0,-0.20428,val
2017-10-13,bsi_value,1069.0,6.97448,1050.0,1020.0,996.0,971.0,968.0,1021.0,1068.0,950.0,856.0,807.0,1007.0,37.58,1013.43,36.14,980.8,66.77,889.65,105.31,838.22,114.72,0.01793,0.09925,0.00094,0.22221,1606.0,1556.0,1276.0,2871.0,2859.0,2667.0,649.0,635.0,609.0,-0.97855,0.20602,-0.4032,-0.91511,28,2017-11-22,40,875.0,-0.20026,val
2017-10-16,bsi_value,1082.0,6.98657,1069.0,1050.0,1020.0,978.0,965.0,1006.0,1065.0,977.0,860.0,812.0,1023.71,41.04,1014.64,38.08,988.2,65.26,894.15,107.64,842.98,115.85,0.01209,0.11444,0.01584,0.22963,1637.0,1606.0,1345.0,2980.0,2871.0,2888.0,656.0,649.0,607.0,-0.96662,0.25622,-0.49534,-0.8687,28,2017-11-23,38,899.0,-0.18528,val
2017-10-17,bsi_value,1094.0,6.9976,1082.0,1069.0,1050.0,996.0,971.0,984.0,1054.0,997.0,863.0,814.0,1041.29,41.04,1017.5,42.2,995.9,63.64,898.82,110.1,847.82,117.12,0.01103,0.11927,0.03725,0.23718,1651.0,1637.0,1406.0,3079.0,2980.0,2929.0,663.0,656.0,610.0,-0.96207,0.27281,-0.52493,-0.85115,28,2017-11-24,38,914.0,-0.17977,val
2017-10-18,bsi_value,1105.0,7.0076,1094.0,1082.0,1069.0,1020.0,978.0,968.0,1041.0,1017.0,868.0,813.0,1059.43,36.92,1022.07,47.62,1003.8,61.96,903.68,112.63,852.71,118.56,0.01,0.12209,0.05966,0.24141,1646.0,1651.0,1438.0,3134.0,3079.0,2906.0,666.0,663.0,613.0,-0.95723,0.28932,-0.55389,-0.83259,28,2017-11-27,40,923.0,-0.17997,val
2017-10-19,bsi_value,1116.0,7.01751,1105.0,1094.0,1082.0,1050.0,996.0,965.0,1021.0,1033.0,875.0,807.0,1076.57,30.84,1028.86,53.4,1011.83,60.35,908.83,115.13,857.57,120.28,0.00991,0.11376,0.08897,0.24328,1648.0,1646.0,1465.0,3186.0,3134.0,2894.0,673.0,666.0,618.0,-0.95211,0.30574,-0.5822,-0.81304,28,2017-11-28,40,929.0,-0.1834,val
2017-10-20,bsi_value,1126.0,7.02643,1116.0,1105.0,1094.0,1069.0,1020.0,971.0,1006.0,1050.0,888.0,798.0,1091.71,24.78,1037.43,58.44,1019.77,59.18,914.3,117.5,862.41,122.2,0.00892,0.09887,0.11269,0.23746,1643.0,1648.0,1504.0,3145.0,3186.0,2882.0,679.0,673.0,623.0,-0.94671,0.32208,-0.60983,-0.79253,28,2017-11-29,40,936.0,-0.18481,val
2017-10-23,bsi_value,1128.0,7.0282,1126.0,1116.0,1105.0,1082.0,1050.0,978.0,984.0,1061.0,898.0,789.0,1102.86,20.72,1047.71,60.76,1027.43,57.79,919.95,119.47,867.16,124.12,0.00177,0.07166,0.13658,0.22803,1642.0,1643.0,1556.0,3187.0,3145.0,2859.0,683.0,679.0,635.0,-0.92884,0.37048,-0.68824,-0.72549,28,2017-11-30,38,941.0,-0.18126,val
2017-10-24,bsi_value,1130.0,7.02997,1128.0,1126.0,1116.0,1094.0,1069.0,996.0,968.0,1068.0,908.0,783.0,1111.57,17.17,1059.29,59.89,1034.83,56.21,925.73,121.09,871.84,125.97,0.00177,0.05549,0.15474,0.21873,1626.0,1642.0,1606.0,3202.0,3187.0,2871.0,687.0,683.0,649.0,-0.92233,0.38641,-0.71279,-0.70138,28,2017-12-01,38,944.0,-0.17985,val
2017-10-25,bsi_value,1129.0,7.02909,1130.0,1128.0,1126.0,1105.0,1082.0,1020.0,965.0,1065.0,923.0,779.0,1118.29,12.97,1071.0,56.23,1041.7,54.69,931.57,122.3,876.42,127.74,-0.00089,0.04252,0.15696,0.20146,1592.0,1626.0,1637.0,3202.0,3202.0,2980.0,690.0,687.0,656.0,-0.91555,0.40221,-0.73649,-0.67645,28,2017-12-04,40,944.0,-0.17896,val
2017-10-26,bsi_value,1117.0,7.0184,1129.0,1130.0,1128.0,1116.0,1094.0,1050.0,971.0,1054.0,950.0,772.0,1121.57,8.57,1081.43,49.9,1047.27,53.56,937.32,122.77,880.79,129.16,-0.01069,0.02081,0.14008,0.16194,1553.0,1592.0,1651.0,3182.0,3202.0,3079.0,688.0,690.0,663.0,-0.90849,0.4179,-0.75932,-0.65071,28,2017-12-05,40,944.0,-0.16828,val
2017-10-27,bsi_value,1100.0,7.00307,1117.0,1129.0,1130.0,1126.0,1105.0,1069.0,978.0,1041.0,977.0,767.0,1120.86,10.01,1090.14,40.92,1051.37,52.73,942.87,122.48,884.86,130.23,-0.01534,-0.00454,0.11756,0.11858,1517.0,1553.0,1646.0,3220.0,3182.0,3134.0,687.0,688.0,666.0,-0.90117,0.43347,-0.78126,-0.62421,28,2017-12-06,40,945.0,-0.15188,val
2017-10-30,bsi_value,1081.0,6.98564,1100.0,1117.0,1129.0,1128.0,1116.0,1082.0,996.0,1021.0,997.0,764.0,1115.86,17.28,1096.21,31.79,1054.17,51.99,948.15,121.48,888.6,130.97,-0.01742,-0.03186,0.08189,0.08089,1498.0,1517.0,1648.0,3217.0,3220.0,3186.0,685.0,687.0,673.0,-0.87761,0.47938,-0.84141,-0.54039,28,2017-12-07,38,944.0,-0.13552,val
2017-10-31,bsi_value,1060.0,6.96602,1081.0,1100.0,1117.0,1130.0,1126.0,1094.0,1020.0,1006.0,1017.0,762.0,1106.43,25.31,1099.07,26.11,1055.6,51.54,953.12,119.85,892.04,131.36,-0.01962,-0.0604,0.03847,0.04141,1492.0,1498.0,1643.0,3219.0,3217.0,3145.0,679.0,685.0,679.0,-0.86923,0.4944,-0.8595,-0.51113,28,2017-12-08,38,943.0,-0.11696,val
2017-11-01,bsi_value,1043.0,6.94986,1060.0,1081.0,1100.0,1129.0,1128.0,1105.0,1050.0,984.0,1033.0,759.0,1094.29,31.65,1098.57,27.09,1055.93,51.42,957.85,117.68,895.22,131.51,-0.01617,-0.07834,-0.00669,0.00963,1503.0,1492.0,1642.0,3137.0,3219.0,3187.0,673.0,679.0,683.0,-0.8606,0.50928,-0.87658,-0.48126,28,2017-12-11,40,939.0,-0.10504,val
2017-11-02,bsi_value,1027.0,6.9344,1043.0,1060.0,1081.0,1117.0,1130.0,1116.0,1069.0,968.0,1050.0,756.0,1079.57,35.35,1095.57,32.07,1055.17,51.68,962.37,115.01,898.18,131.45,-0.01546,-0.09558,-0.04008,-0.02215,1539.0,1503.0,1626.0,3059.0,3137.0,3202.0,668.0,673.0,687.0,-0.85171,0.52401,-0.89261,-0.45083,28,2017-12-12,40,942.0,-0.08639,val
2017-11-03,bsi_value,1014.0,6.92166,1027.0,1043.0,1060.0,1100.0,1129.0,1126.0,1082.0,965.0,1061.0,756.0,1063.14,35.28,1090.71,38.3,1053.6,52.19,966.67,112.0,901.02,131.16,-0.01274,-0.10743,-0.06491,-0.04531,1562.0,1539.0,1592.0,3036.0,3059.0,3202.0,664.0,668.0,690.0,-0.84257,0.53858,-0.90759,-0.41986,28,2017-12-13,40,943.0,-0.07259,val
2017-11-06,bsi_value,1001.0,6.90875,1014.0,1027.0,1043.0,1081.0,1117.0,1128.0,1094.0,971.0,1068.0,759.0,1046.57,33.28,1084.07,44.69,1051.37,52.95,970.7,108.76,903.77,130.63,-0.0129,-0.10965,-0.08884,-0.06479,1567.0,1562.0,1553.0,3044.0,3036.0,3182.0,661.0,664.0,688.0,-0.81367,0.58133,-0.94602,-0.32411,28,2017-12-14,38,944.0,-0.05863,val
2017-11-07,bsi_value,988.0,6.89568,1001.0,1014.0,1027.0,1060.0,1100.0,1130.0,1105.0,978.0,1065.0,760.0,1030.57,30.56,1075.71,50.55,1048.8,54.08,974.5,105.26,906.4,129.91,-0.01307,-0.10738,-0.11192,-0.07505,1558.0,1567.0,1517.0,3101.0,3044.0,3220.0,658.0,661.0,687.0,-0.80355,0.59524,-0.95661,-0.29138,28,2017-12-15,38,942.0,-0.04768,val
2017-11-08,bsi_value,961.0,6.86797,988.0,1001.0,1014.0,1043.0,1081.0,1129.0,1116.0,996.0,1054.0,765.0,1013.43,31.12,1064.64,57.06,1045.7,56.32,977.77,101.69,908.78,128.93,-0.02771,-0.11767,-0.14953,-0.09237,1515.0,1558.0,1498.0,3259.0,3101.0,3217.0,654.0,658.0,685.0,-0.79319,0.60897,-0.96606,-0.2583,28,2017-12-18,40,943.0,-0.01891,val
2017-11-09,bsi_value,936.0,6.84162,961.0,988.0,1001.0,1027.0,1060.0,1117.0,1126.0,1020.0,1041.0,776.0,995.71,34.66,1051.07,63.13,1042.2,59.66,980.43,98.41,910.93,127.74,-0.02636,-0.12441,-0.18481,-0.10632,1468.0,1515.0,1492.0,3349.0,3259.0,3219.0,648.0,654.0,679.0,-0.7826,0.62253,-0.97438,-0.22492,28,2017-12-19,40,938.0,0.00213,val
2017-11-10,bsi_value,912.0,6.81564,936.0,961.0,988.0,1014.0,1043.0,1100.0,1128.0,1050.0,1021.0,791.0,977.0,39.15,1035.64,68.6,1038.57,64.0,982.45,95.71,912.9,126.37,-0.02598,-0.13422,-0.21256,-0.1129,1418.0,1468.0,1503.0,3360.0,3349.0,3137.0,644.0,648.0,673.0,-0.77177,0.6359,-0.98154,-0.19127,28,2017-12-20,40,933.0,0.02277,val
2017-11-13,bsi_value,888.0,6.78897,912.0,936.0,961.0,1001.0,1027.0,1081.0,1130.0,1069.0,1006.0,806.0,957.14,43.73,1018.36,73.0,1034.63,69.29,983.82,93.74,914.63,124.94,-0.02667,-0.14543,-0.241,-0.12477,1387.0,1418.0,1539.0,3351.0,3360.0,3059.0,642.0,644.0,668.0,-0.73794,0.67486,-0.99602,-0.08912,28,2017-12-21,38,925.0,0.04082,val
2017-11-14,bsi_value,872.0,6.77079,888.0,912.0,936.0,988.0,1014.0,1060.0,1129.0,1082.0,984.0,817.0,936.86,45.55,1000.0,75.15,1030.9,74.72,984.73,92.37,916.22,123.47,-0.01818,-0.15087,-0.2583,-0.12084,1346.0,1387.0,1562.0,3209.0,3351.0,3036.0,640.0,642.0,664.0,-0.72622,0.68746,-0.9985,-0.05481,28,2017-12-22,38,914.0,0.04704,val
2017-11-15,bsi_value,858.0,6.7546,872.0,888.0,912.0,961.0,1001.0,1043.0,1117.0,1094.0,968.0,824.0,916.43,44.25,981.5,75.94,1027.23,80.22,985.3,91.48,917.61,122.1,-0.01619,-0.15415,-0.2638,-0.12063,1320.0,1346.0,1567.0,3108.0,3209.0,3044.0,637.0,640.0,661.0,-0.71429,0.69985,-0.99979,-0.02043,28,2018-01-02,48,901.0,0.0489,val
2017-11-16,bsi_value,849.0,6.74406,858.0,872.0,888.0,936.0,988.0,1027.0,1100.0,1105.0,965.0,833.0,896.57,38.49,963.57,75.48,1023.37,85.73,985.57,91.06,918.78,120.93,-0.01054,-0.15162,-0.25901,-0.12807,1298.0,1320.0,1558.0,3084.0,3108.0,3101.0,634.0,637.0,658.0,-0.70215,0.71203,-0.9999,0.01398,28,2018-01-03,48,894.0,0.05165,val
2017-11-17,bsi_value,845.0,6.73934,849.0,858.0,872.0,912.0,961.0,1014.0,1081.0,1116.0,971.0,840.0,880.0,31.53,946.71,73.7,1019.17,91.11,985.65,90.92,919.74,119.98,-0.00472,-0.12864,-0.24631,-0.13899,1285.0,1298.0,1515.0,3153.0,3084.0,3259.0,630.0,634.0,654.0,-0.6898,0.724,-0.99883,0.04836,28,2018-01-04,48,884.0,0.04512,val
2017-11-20,bsi_value,850.0,6.74524,845.0,849.0,858.0,888.0,936.0,1001.0,1060.0,1126.0,978.0,845.0,867.71,22.88,931.71,70.42,1014.9,95.81,985.73,90.8,920.64,119.15,0.0059,-0.09638,-0.22079,-0.14027,1280.0,1285.0,1468.0,3214.0,3153.0,3349.0,628.0,630.0,648.0,-0.65153,0.75862,-0.98853,0.15102,28,2018-01-05,46,884.0,0.03922,val
2017-11-21,bsi_value,856.0,6.75227,850.0,845.0,849.0,872.0,912.0,988.0,1043.0,1128.0,996.0,848.0,859.71,14.11,918.36,65.61,1010.23,99.94,985.87,90.6,921.53,118.36,0.00703,-0.06337,-0.19759,-0.15148,1275.0,1280.0,1418.0,3255.0,3214.0,3360.0,625.0,628.0,644.0,-0.63838,0.76972,-0.98275,0.18493,28,2018-01-08,48,886.0,0.03445,val
2017-11-22,bsi_value,875.0,6.77422,856.0,850.0,845.0,858.0,888.0,961.0,1027.0,1130.0,1020.0,851.0,857.86,10.71,907.5,58.98,1005.4,102.82,986.27,90.06,922.52,117.6,0.02195,-0.01475,-0.16017,-0.15333,1281.0,1275.0,1387.0,3298.0,3255.0,3351.0,624.0,625.0,642.0,-0.62505,0.78058,-0.97581,0.21863,28,2018-01-09,48,889.0,0.01587,val
2017-11-23,bsi_value,899.0,6.80128,875.0,856.0,850.0,849.0,872.0,936.0,1014.0,1129.0,1050.0,853.0,861.71,17.69,899.29,51.05,1000.37,104.2,987.03,89.11,923.64,116.88,0.02706,0.03049,-0.12038,-0.15526,1284.0,1281.0,1346.0,3420.0,3298.0,3209.0,622.0,624.0,640.0,-0.61153,0.79122,-0.96771,0.25206,28,2018-01-10,48,898.0,-0.00111,val
2017-11-24,bsi_value,914.0,6.81783,899.0,875.0,856.0,845.0,858.0,912.0,1001.0,1117.0,1069.0,856.0,869.71,25.25,893.07,42.94,995.2,104.51,988.0,87.99,924.83,116.23,0.01655,0.06323,-0.09092,-0.15665,1295.0,1284.0,1320.0,3453.0,3420.0,3108.0,620.0,622.0,637.0,-0.59783,0.80162,-0.95847,0.2852,28,2018-01-11,48,902.0,-0.01322,val
2017-11-27,bsi_value,923.0,6.82763,914.0,899.0,875.0,850.0,849.0,888.0,988.0,1100.0,1082.0,860.0,880.29,29.5,888.43,35.25,989.9,104.0,989.05,86.82,926.07,115.61,0.0098,0.08357,-0.06805,-0.15894,1299.0,1295.0,1298.0,3540.0,3453.0,3084.0,619.0,620.0,634.0,-0.55568,0.83139,-0.92398,0.38244,28,2018-01-12,46,907.0,-0.01749,val
2017-11-28,bsi_value,929.0,6.83411,923.0,914.0,899.0,856.0,845.0,872.0,961.0,1081.0,1094.0,863.0,892.29,29.79,886.14,31.28,984.4,102.71,990.15,85.63,927.34,115.0,0.00648,0.09477,-0.03387,-0.16349,1320.0,1299.0,1285.0,3659.0,3540.0,3153.0,620.0,619.0,630.0,-0.5413,0.84083,-0.91028,0.41399,28,2018-01-15,48,908.0,-0.02286,val
2017-11-29,bsi_value,936.0,6.84162,929.0,923.0,914.0,875.0,850.0,858.0,936.0,1060.0,1105.0,868.0,904.57,27.46,886.14,31.28,978.77,100.55,991.28,84.45,928.71,114.37,0.00751,0.09638,0.0,-0.16599,1368.0,1320.0,1280.0,3740.0,3659.0,3214.0,622.0,620.0,628.0,-0.52675,0.85002,-0.8955,0.44506,28,2018-01-16,48,910.0,-0.02817,val
2017-11-30,bsi_value,941.0,6.84694,936.0,929.0,923.0,899.0,856.0,849.0,912.0,1043.0,1116.0,875.0,916.71,21.43,888.21,33.78,972.93,97.45,992.38,83.35,930.2,113.64,0.00533,0.09467,0.0313,-0.17056,1433.0,1368.0,1275.0,3848.0,3740.0,3255.0,623.0,622.0,625.0,-0.51206,0.85895,-0.87966,0.4756,28,2018-01-17,48,910.0,-0.0335,val
2017-12-01,bsi_value,944.0,6.85013,941.0,936.0,929.0,914.0,875.0,845.0,888.0,1027.0,1126.0,888.0,926.57,14.82,892.21,36.71,966.87,93.31,993.32,82.48,931.82,112.78,0.00318,0.0759,0.06115,-0.1763,1494.0,1433.0,1281.0,4025.0,3848.0,3298.0,626.0,623.0,624.0,-0.4972,0.86763,-0.86278,0.50558,28,2018-01-18,48,910.0,-0.03668,val
2017-12-04,bsi_value,944.0,6.85013,944.0,941.0,936.0,923.0,899.0,850.0,872.0,1014.0,1128.0,898.0,933.0,10.64,897.36,38.52,960.73,88.43,994.08,81.81,933.54,111.77,0.0,0.04884,0.07934,-0.17808,1559.0,1494.0,1284.0,4129.0,4025.0,3420.0,626.0,626.0,622.0,-0.45179,0.89213,-0.8061,0.59178,28,2018-01-19,46,911.0,-0.03558,val
2017-12-05,bsi_value,944.0,6.85013,944.0,944.0,941.0,929.0,914.0,856.0,858.0,1001.0,1130.0,908.0,937.29,7.78,903.5,38.61,954.53,82.68,994.68,81.3,935.33,110.62,0.0,0.0323,0.09552,-0.17985,1571.0,1559.0,1295.0,4115.0,4129.0,3453.0,628.0,626.0,620.0,-0.43637,0.89977,-0.78527,0.61916,28,2018-01-22,48,913.0,-0.03339,val
2017-12-06,bsi_value,945.0,6.85118,944.0,944.0,944.0,936.0,923.0,875.0,849.0,988.0,1129.0,923.0,940.43,5.47,910.36,36.8,948.4,76.07,995.05,81.03,937.18,109.38,0.00106,0.02356,0.10713,-0.1779,1563.0,1571.0,1299.0,4126.0,4115.0,3540.0,629.0,628.0,619.0,-0.42083,0.90714,-0.7635,0.6458,28,2018-01-23,48,911.0,-0.03664,val
2017-12-07,bsi_value,944.0,6.85013,945.0,944.0,944.0,941.0,929.0,899.0,845.0,961.0,1117.0,950.0,942.57,2.92,917.43,32.86,942.63,69.33,994.95,81.09,939.09,107.97,-0.00106,0.01602,0.11079,-0.16828,1564.0,1563.0,1320.0,4147.0,4126.0,3659.0,630.0,629.0,620.0,-0.40516,0.91424,-0.74084,0.67168,28,2018-01-24,48,908.0,-0.03888,val
2017-12-08,bsi_value,943.0,6.84907,944.0,945.0,944.0,944.0,936.0,914.0,850.0,936.0,1100.0,977.0,943.57,1.18,924.07,27.53,937.4,62.88,994.38,81.33,941.04,106.42,-0.00106,0.00745,0.10383,-0.154,1588.0,1564.0,1368.0,4193.0,4147.0,3740.0,631.0,630.0,622.0,-0.38938,0.92108,-0.7173,0.69677,28,2018-01-25,48,904.0,-0.04224,val
2017-12-11,bsi_value,939.0,6.84482,943.0,944.0,945.0,944.0,941.0,923.0,856.0,912.0,1081.0,997.0,943.29,1.83,930.0,20.19,932.67,56.96,993.42,81.64,942.99,104.75,-0.00425,-0.00213,0.09255,-0.14083,1624.0,1588.0,1433.0,4272.0,4193.0,3848.0,632.0,631.0,623.0,-0.34135,0.93994,-0.64169,0.76697,28,2018-01-26,46,900.0,-0.04242,val
2017-12-12,bsi_value,942.0,6.84801,939.0,943.0,944.0,944.0,944.0,929.0,875.0,888.0,1060.0,1017.0,943.0,1.85,934.79,13.38,928.73,51.88,992.17,81.84,944.99,102.98,0.00319,-0.00212,0.07378,-0.11802,1672.0,1624.0,1494.0,4293.0,4272.0,4025.0,633.0,632.0,626.0,-0.32513,0.94567,-0.61493,0.78858,28,2018-01-29,48,895.0,-0.05118,val
2017-12-13,bsi_value,943.0,6.84907,942.0,939.0,943.0,945.0,944.0,936.0,899.0,872.0,1043.0,1033.0,942.86,1.81,937.93,9.08,925.4,47.45,990.67,81.9,947.03,101.08,0.00106,-0.00106,0.04778,-0.10079,1718.0,1672.0,1559.0,4211.0,4293.0,4129.0,633.0,633.0,626.0,-0.30881,0.95112,-0.58744,0.80927,28,2018-01-30,48,889.0,-0.05897,val
2017-12-14,bsi_value,944.0,6.85013,943.0,942.0,939.0,944.0,944.0,941.0,914.0,858.0,1027.0,1050.0,942.86,1.81,940.07,6.3,922.63,43.72,988.9,81.75,949.12,99.03,0.00106,0.0,0.0323,-0.08427,1714.0,1718.0,1571.0,3936.0,4211.0,4115.0,635.0,633.0,628.0,-0.29241,0.95629,-0.55925,0.829,28,2018-01-31,48,884.0,-0.06567,val
2017-12-15,bsi_value,942.0,6.84801,944.0,943.0,942.0,943.0,945.0,944.0,923.0,849.0,1014.0,1061.0,942.43,1.59,941.43,4.15,920.23,40.5,986.92,81.42,951.19,96.89,-0.00212,-0.00318,0.02038,-0.07365,1677.0,1714.0,1563.0,3777.0,3936.0,4126.0,636.0,635.0,629.0,-0.27591,0.96118,-0.53041,0.84774,28,2018-02-01,48,877.0,-0.0715,val
2017-12-18,bsi_value,943.0,6.84907,942.0,944.0,943.0,939.0,944.0,944.0,929.0,845.0,1001.0,1068.0,942.29,1.48,942.43,2.32,918.3,37.9,984.83,80.91,953.23,94.74,0.00106,-0.00106,0.01496,-0.05969,1643.0,1677.0,1564.0,3656.0,3777.0,4147.0,637.0,636.0,630.0,-0.22596,0.97414,-0.44024,0.89788,28,2018-02-02,46,872.0,-0.07828,val
2017-12-19,bsi_value,938.0,6.84375,943.0,942.0,944.0,942.0,943.0,944.0,936.0,850.0,988.0,1065.0,941.57,2.06,942.57,1.95,916.63,35.84,982.72,80.45,955.21,92.51,-0.00532,-0.00532,0.00213,-0.05193,1593.0,1643.0,1588.0,3510.0,3656.0,4193.0,636.0,637.0,631.0,-0.20917,0.97788,-0.40909,0.91249,28,2018-02-05,48,865.0,-0.08102,val
2017-12-20,bsi_value,933.0,6.83841,938.0,943.0,942.0,943.0,939.0,945.0,941.0,856.0,961.0,1054.0,940.71,3.61,942.0,3.14,915.7,35.02,980.7,80.15,957.08,90.32,-0.00534,-0.00641,-0.00854,-0.02957,1546.0,1593.0,1624.0,3216.0,3510.0,4272.0,632.0,636.0,632.0,-0.19232,0.98133,-0.37746,0.92602,28,2018-02-06,48,857.0,-0.08497,val
2017-12-21,bsi_value,925.0,6.82979,933.0,938.0,943.0,944.0,942.0,944.0,944.0,875.0,936.0,1041.0,938.29,6.5,940.64,5.33,915.33,34.87,978.77,80.07,958.73,88.33,-0.00861,-0.01821,-0.02033,-0.01182,1445.0,1546.0,1672.0,3115.0,3216.0,4293.0,627.0,632.0,633.0,-0.17541,0.9845,-0.34539,0.93846,28,2018-02-07,48,844.0,-0.09164,val
2017-12-22,bsi_value,914.0,6.81783,925.0,933.0,938.0,942.0,943.0,943.0,944.0,899.0,912.0,1021.0,934.14,10.3,938.5,8.58,915.4,34.86,976.98,80.3,960.1,86.66,-0.01196,-0.03124,-0.0323,0.00219,1395.0,1445.0,1718.0,2830.0,3115.0,4211.0,625.0,627.0,633.0,-0.15845,0.98737,-0.3129,0.94979,28,2018-02-08,48,833.0,-0.0928,val
2018-01-02,bsi_value,901.0,6.80351,914.0,925.0,933.0,943.0,944.0,939.0,944.0,914.0,888.0,1006.0,928.0,14.54,935.43,12.75,915.83,34.6,975.23,80.79,961.16,85.35,-0.01433,-0.04662,-0.04662,0.01453,1340.0,1395.0,1714.0,2281.0,2830.0,3936.0,612.0,625.0,635.0,0.0344,0.99941,0.06876,0.99763,28,2018-02-09,38,825.0,-0.08812,val
2018-01-03,bsi_value,894.0,6.79571,901.0,914.0,925.0,938.0,942.0,942.0,945.0,923.0,872.0,984.0,921.14,17.37,931.79,16.29,916.57,33.89,973.73,81.45,962.01,84.28,-0.0078,-0.0523,-0.05548,0.02492,1332.0,1340.0,1677.0,2426.0,2281.0,3777.0,607.0,612.0,636.0,0.05158,0.99867,0.10303,0.99468,28,2018-02-12,40,819.0,-0.08762,val
2018-01-04,bsi_value,884.0,6.78446,894.0,901.0,914.0,933.0,943.0,943.0,944.0,929.0,858.0,968.0,912.71,18.96,927.5,19.98,917.43,32.69,972.33,82.25,962.68,83.42,-0.01125,-0.06461,-0.06567,0.02985,1365.0,1332.0,1643.0,2715.0,2426.0,3656.0,604.0,607.0,637.0,0.06876,0.99763,0.13719,0.99055,28,2018-02-13,40,817.0,-0.07882,val
2018-01-05,bsi_value,884.0,6.78446,884.0,894.0,901.0,925.0,938.0,944.0,943.0,936.0,849.0,965.0,905.0,18.06,923.29,22.35,918.6,30.8,970.98,83.02,963.24,82.71,0.0,-0.05929,-0.06461,0.0404,1400.0,1365.0,1593.0,2791.0,2715.0,3510.0,600.0,604.0,636.0,0.08591,0.9963,0.17118,0.98524,28,2018-02-14,40,823.0,-0.0715,val
2018-01-08,bsi_value,886.0,6.78672,884.0,884.0,894.0,914.0,933.0,942.0,939.0,941.0,845.0,971.0,898.29,14.86,919.5,23.81,919.97,28.31,969.57,83.73,963.76,82.08,0.00226,-0.05169,-0.0581,0.04738,1424.0,1400.0,1546.0,2826.0,2791.0,3216.0,594.0,600.0,632.0,0.13719,0.99055,0.27178,0.96236,28,2018-02-15,38,832.0,-0.06288,val
2018-01-09,bsi_value,889.0,6.7901,886.0,884.0,884.0,901.0,925.0,943.0,942.0,944.0,850.0,978.0,893.14,10.23,915.71,24.14,921.27,25.86,968.08,84.36,964.24,81.5,0.00338,-0.0397,-0.05791,0.04486,1428.0,1424.0,1445.0,2820.0,2826.0,3115.0,592.0,594.0,627.0,0.1542,0.98804,0.30472,0.95244,28,2018-02-16,38,837.0,-0.06027,val
2018-01-10,bsi_value,898.0,6.80017,889.0,886.0,884.0,894.0,914.0,938.0,943.0,944.0,856.0,996.0,890.86,6.38,912.5,23.28,922.67,23.3,966.45,84.75,964.8,80.88,0.01007,-0.01766,-0.0489,0.0479,1404.0,1428.0,1395.0,2677.0,2820.0,2830.0,589.0,592.0,625.0,0.17118,0.98524,0.3373,0.9414,28,2018-02-19,40,840.0,-0.06677,val
2018-01-11,bsi_value,902.0,6.80461,898.0,889.0,886.0,884.0,901.0,933.0,944.0,944.0,875.0,1020.0,891.0,6.61,909.5,21.68,923.57,21.92,964.48,84.85,965.37,80.25,0.00444,0.00111,-0.04551,0.03039,1371.0,1404.0,1340.0,2384.0,2677.0,2281.0,587.0,589.0,612.0,0.1881,0.98215,0.36948,0.92924,28,2018-02-20,40,847.0,-0.06291,val
2018-01-12,bsi_value,907.0,6.81014,902.0,898.0,889.0,884.0,894.0,925.0,942.0,945.0,899.0,1050.0,892.86,8.69,907.0,19.71,923.83,21.66,962.1,84.42,965.97,79.61,0.00553,0.01444,-0.03786,0.00886,1348.0,1371.0,1332.0,2296.0,2384.0,2426.0,587.0,587.0,607.0,0.20497,0.97877,0.40123,0.91598,28,2018-02-21,40,856.0,-0.05787,val
2018-01-15,bsi_value,908.0,6.81124,907.0,902.0,898.0,886.0,884.0,914.0,943.0,944.0,914.0,1069.0,896.29,9.24,904.5,17.02,923.63,21.78,959.42,83.54,966.54,79.0,0.0011,0.02679,-0.03782,-0.00659,1340.0,1348.0,1365.0,2231.0,2296.0,2715.0,585.0,587.0,604.0,0.25518,0.96689,0.49347,0.86976,28,2018-02-22,38,871.0,-0.0416,val
2018-01-16,bsi_value,910.0,6.81344,908.0,907.0,902.0,889.0,884.0,901.0,938.0,943.0,923.0,1082.0,900.0,8.77,902.5,14.42,923.2,21.92,956.55,82.22,967.1,78.42,0.0022,0.02899,-0.03031,-0.01418,1329.0,1340.0,1400.0,2010.0,2231.0,2791.0,583.0,585.0,600.0,0.27178,0.96236,0.52309,0.85227,28,2018-02-23,38,892.0,-0.01998,val
2018-01-17,bsi_value,910.0,6.81344,910.0,908.0,907.0,898.0,886.0,894.0,933.0,939.0,929.0,1094.0,903.43,7.17,900.86,11.95,922.57,22.02,953.48,80.45,967.62,77.88,0.0,0.02673,-0.02496,-0.02066,1317.0,1329.0,1424.0,1743.0,2010.0,2826.0,581.0,583.0,594.0,0.28829,0.95754,0.5521,0.83378,28,2018-02-26,40,919.0,0.00984,val
2018-01-18,bsi_value,910.0,6.81344,910.0,910.0,908.0,902.0,889.0,884.0,925.0,942.0,936.0,1105.0,906.43,4.34,899.79,10.29,921.7,21.98,950.23,78.17,968.09,77.4,0.0,0.02335,-0.01635,-0.02817,1311.0,1317.0,1428.0,1611.0,1743.0,2820.0,580.0,581.0,592.0,0.30472,0.95244,0.58045,0.81429,28,2018-02-27,40,948.0,0.04091,val
2018-01-19,bsi_value,911.0,6.81454,910.0,910.0,910.0,907.0,898.0,884.0,914.0,943.0,941.0,1116.0,908.29,2.86,899.57,10.02,920.7,21.76,946.82,75.28,968.49,77.01,0.0011,0.01437,-0.00329,-0.0324,1333.0,1311.0,1404.0,1493.0,1611.0,2677.0,584.0,580.0,589.0,0.32106,0.94706,0.60812,0.79384,28,2018-02-28,40,973.0,0.06584,val
2018-01-22,bsi_value,913.0,6.81674,911.0,910.0,910.0,908.0,902.0,886.0,901.0,944.0,944.0,1126.0,909.86,1.81,900.43,10.6,919.67,21.36,943.27,71.68,968.77,76.77,0.00219,0.01212,0.01323,-0.03339,1362.0,1333.0,1371.0,1445.0,1493.0,2384.0,585.0,584.0,587.0,0.36948,0.92924,0.68668,0.72696,28,2018-03-01,38,992.0,0.08299,val
2018-01-23,bsi_value,911.0,6.81454,913.0,911.0,910.0,910.0,907.0,889.0,894.0,942.0,944.0,1128.0,910.43,1.4,901.64,10.77,918.57,20.93,939.65,67.63,968.91,76.65,-0.00219,0.0044,0.01884,-0.03558,1404.0,1362.0,1348.0,1525.0,1445.0,2296.0,586.0,585.0,587.0,0.38541,0.92274,0.71128,0.70291,28,2018-03-02,38,1004.0,0.0972,val
2018-01-24,bsi_value,908.0,6.81124,911.0,913.0,911.0,910.0,908.0,898.0,884.0,943.0,944.0,1130.0,910.43,1.4,903.36,9.68,917.37,20.46,935.95,63.03,968.91,76.65,-0.0033,0.0,0.02679,-0.03888,1456.0,1404.0,1340.0,1676.0,1525.0,2231.0,584.0,586.0,585.0,0.40123,0.91598,0.73503,0.67803,28,2018-03-05,40,1006.0,0.10249,val
2018-01-25,bsi_value,904.0,6.80683,908.0,911.0,913.0,910.0,910.0,902.0,884.0,938.0,945.0,1129.0,909.57,2.66,904.79,8.05,916.0,19.93,932.2,57.92,968.7,76.8,-0.00442,-0.00662,0.02237,-0.04436,1481.0,1456.0,1329.0,1752.0,1676.0,2010.0,581.0,584.0,583.0,0.41693,0.90894,0.75792,0.65235,28,2018-03-06,40,1013.0,0.11384,val
2018-01-26,bsi_value,900.0,6.80239,904.0,908.0,911.0,911.0,910.0,907.0,886.0,933.0,944.0,1117.0,908.14,4.26,905.79,6.35,914.53,19.43,928.58,52.82,968.14,77.11,-0.00443,-0.01105,0.01568,-0.04773,1492.0,1481.0,1317.0,1772.0,1752.0,1743.0,577.0,581.0,581.0,0.4325,0.90163,0.77991,0.62589,28,2018-03-07,40,1020.0,0.12516,val
2018-01-29,bsi_value,895.0,6.79682,900.0,904.0,908.0,913.0,910.0,908.0,889.0,925.0,943.0,1100.0,906.0,6.14,906.21,5.32,912.93,18.99,925.17,48.03,967.23,77.49,-0.00557,-0.01662,0.00673,-0.05224,1485.0,1492.0,1311.0,1784.0,1772.0,1611.0,573.0,577.0,580.0,0.47843,0.87812,0.84025,0.5422,28,2018-03-08,38,1026.0,0.1366,val
2018-01-30,bsi_value,889.0,6.7901,895.0,900.0,904.0,911.0,911.0,910.0,898.0,914.0,939.0,1081.0,902.86,8.1,905.57,6.65,911.27,18.83,921.97,43.75,966.03,77.85,-0.00673,-0.02445,-0.01007,-0.05472,1450.0,1485.0,1333.0,1748.0,1784.0,1493.0,566.0,573.0,584.0,0.49347,0.86976,0.8584,0.51298,28,2018-03-09,38,1032.0,0.14916,val
2018-01-31,bsi_value,884.0,6.78446,889.0,895.0,900.0,908.0,913.0,910.0,902.0,901.0,942.0,1060.0,898.71,9.19,904.29,8.66,909.33,18.55,919.03,40.15,964.56,78.13,-0.00564,-0.03228,-0.02016,-0.06355,1411.0,1450.0,1362.0,1613.0,1748.0,1445.0,558.0,566.0,585.0,0.50836,0.86115,0.87554,0.48315,28,2018-03-12,40,1040.0,0.16252,val
2018-02-01,bsi_value,877.0,6.77651,884.0,889.0,895.0,904.0,911.0,910.0,907.0,894.0,943.0,1043.0,893.86,10.33,902.14,11.09,907.13,18.34,916.27,37.11,962.82,78.32,-0.00795,-0.03804,-0.03364,-0.07256,1378.0,1411.0,1404.0,1528.0,1613.0,1525.0,552.0,558.0,586.0,0.52309,0.85227,0.89164,0.45274,28,2018-03-13,40,1049.0,0.17909,val
2018-02-02,bsi_value,872.0,6.77079,877.0,884.0,889.0,900.0,908.0,911.0,908.0,884.0,944.0,1027.0,888.71,10.95,899.57,13.37,904.73,18.06,913.68,34.63,960.84,78.34,-0.00572,-0.04045,-0.04045,-0.07934,1359.0,1378.0,1456.0,1470.0,1528.0,1676.0,547.0,552.0,584.0,0.53768,0.84315,0.90669,0.42181,28,2018-03-14,40,1061.0,0.19618,val
2018-02-05,bsi_value,865.0,6.76273,872.0,877.0,884.0,895.0,904.0,913.0,910.0,884.0,942.0,1014.0,883.14,11.65,896.36,15.69,902.17,18.06,911.2,32.63,958.67,78.25,-0.00806,-0.0441,-0.05072,-0.08528,1339.0,1359.0,1481.0,1433.0,1470.0,1752.0,543.0,547.0,581.0,0.58045,0.81429,0.94532,0.32614,28,2018-03-15,38,1077.0,0.21921,val
2018-02-06,bsi_value,857.0,6.75344,865.0,872.0,877.0,889.0,900.0,911.0,910.0,886.0,943.0,1001.0,877.0,12.46,892.57,18.14,899.3,18.17,908.8,31.2,956.32,78.1,-0.00929,-0.04896,-0.06001,-0.09563,1316.0,1339.0,1492.0,1519.0,1433.0,1772.0,538.0,543.0,577.0,0.59438,0.80419,0.95598,0.29343,28,2018-03-16,38,1091.0,0.24141,val
2018-02-07,bsi_value,844.0,6.73815,857.0,865.0,872.0,884.0,895.0,908.0,910.0,889.0,938.0,988.0,869.71,14.54,887.86,21.3,896.17,19.3,906.4,30.55,953.87,78.12,-0.01529,-0.05867,-0.07529,-0.1056,1293.0,1316.0,1485.0,1578.0,1519.0,1784.0,532.0,538.0,573.0,0.60812,0.79384,0.96551,0.26038,28,2018-03-19,40,1099.0,0.264,val
2018-02-08,bsi_value,833.0,6.72503,844.0,857.0,865.0,877.0,889.0,904.0,911.0,898.0,933.0,961.0,861.71,16.93,882.29,24.48,892.83,21.19,904.27,31.12,951.41,78.41,-0.01312,-0.06506,-0.08951,-0.11337,1263.0,1293.0,1450.0,1662.0,1578.0,1748.0,529.0,532.0,566.0,0.62169,0.78327,0.97389,0.22701,28,2018-03-20,40,1109.0,0.28618,val
2018-02-09,bsi_value,825.0,6.71538,833.0,844.0,857.0,872.0,884.0,900.0,913.0,902.0,925.0,936.0,853.29,18.37,876.0,26.96,889.5,23.6,902.42,32.45,949.01,78.93,-0.00965,-0.06907,-0.10135,-0.11441,1250.0,1263.0,1411.0,1790.0,1662.0,1613.0,526.0,529.0,558.0,0.63507,0.77246,0.98112,0.19338,28,2018-03-21,40,1117.0,0.30302,val
2018-02-12,bsi_value,819.0,6.70808,825.0,833.0,844.0,865.0,877.0,895.0,911.0,907.0,914.0,912.0,845.0,18.88,869.43,28.78,886.33,26.32,900.87,34.13,946.77,79.72,-0.0073,-0.06842,-0.10646,-0.10975,1237.0,1250.0,1378.0,1824.0,1790.0,1528.0,520.0,526.0,552.0,0.67407,0.73867,0.99583,0.09126,28,2018-03-22,38,1122.0,0.31478,val
2018-02-13,bsi_value,817.0,6.70564,819.0,825.0,833.0,857.0,872.0,889.0,908.0,908.0,901.0,888.0,837.14,17.39,862.93,29.6,883.53,28.94,899.68,35.75,944.67,80.62,-0.00244,-0.06515,-0.10561,-0.09787,1228.0,1237.0,1359.0,1793.0,1824.0,1470.0,518.0,520.0,547.0,0.68668,0.72696,0.99838,0.05695,28,2018-03-23,38,1121.0,0.31634,val
2018-02-14,bsi_value,823.0,6.71296,817.0,819.0,825.0,844.0,865.0,884.0,904.0,910.0,894.0,872.0,831.14,13.57,857.14,28.91,881.17,30.83,898.87,36.92,942.88,81.51,0.00732,-0.04977,-0.09387,-0.08275,1231.0,1228.0,1339.0,1721.0,1793.0,1433.0,516.0,518.0,543.0,0.69908,0.71504,0.99975,0.02258,28,2018-03-26,40,1116.0,0.30455,val
2018-02-15,bsi_value,832.0,6.72383,823.0,817.0,819.0,833.0,857.0,877.0,900.0,910.0,884.0,858.0,827.57,8.72,852.29,26.95,879.43,32.06,898.43,37.54,941.37,82.29,0.01088,-0.02961,-0.07856,-0.06062,1251.0,1231.0,1316.0,1663.0,1721.0,1519.0,515.0,516.0,538.0,0.71128,0.70291,0.99993,-0.01183,28,2018-03-27,40,1106.0,0.28467,val
2018-02-16,bsi_value,837.0,6.72982,832.0,823.0,817.0,825.0,844.0,872.0,895.0,910.0,884.0,849.0,826.57,7.01,848.14,24.4,877.87,32.94,898.23,37.83,939.94,82.97,0.00599,-0.00833,-0.067,-0.05463,1273.0,1251.0,1293.0,1608.0,1663.0,1578.0,515.0,515.0,532.0,0.72326,0.69057,0.99893,-0.04622,28,2018-03-28,40,1093.0,0.26686,val
2018-02-19,bsi_value,840.0,6.7334,837.0,832.0,823.0,819.0,833.0,865.0,889.0,911.0,886.0,845.0,827.57,8.24,844.64,21.65,876.33,33.59,898.15,37.96,938.49,83.56,0.00358,0.00837,-0.0567,-0.05332,1294.0,1273.0,1263.0,1597.0,1608.0,1662.0,517.0,515.0,529.0,0.75792,0.65235,0.98885,-0.14889,28,2018-03-29,38,1080.0,0.25131,val
2018-02-20,bsi_value,847.0,6.7417,840.0,837.0,832.0,817.0,825.0,857.0,884.0,913.0,889.0,850.0,830.71,10.54,842.0,18.75,874.93,33.9,898.1,38.02,937.03,84.0,0.0083,0.02632,-0.04276,-0.0484,1333.0,1294.0,1250.0,1678.0,1597.0,1790.0,519.0,517.0,526.0,0.76903,0.63921,0.98315,-0.18282,28,2018-04-03,42,1067.0,0.23091,val
2018-02-21,bsi_value,856.0,6.75227,847.0,840.0,837.0,823.0,819.0,844.0,877.0,911.0,898.0,856.0,836.0,12.44,840.5,16.61,873.53,33.79,898.1,38.02,935.48,84.19,0.01057,0.04419,-0.02424,-0.0479,1388.0,1333.0,1237.0,1717.0,1678.0,1824.0,522.0,519.0,520.0,0.77991,0.62589,0.97628,-0.21653,28,2018-04-04,42,1056.0,0.20997,val
2018-02-22,bsi_value,871.0,6.76964,856.0,847.0,840.0,832.0,817.0,833.0,872.0,908.0,902.0,875.0,843.71,14.79,840.43,16.47,872.5,33.37,898.03,38.07,933.82,83.97,0.01737,0.064,-0.00115,-0.03497,1438.0,1388.0,1228.0,1725.0,1717.0,1793.0,529.0,522.0,518.0,0.79056,0.61238,0.96825,-0.24998,28,2018-04-05,42,1042.0,0.17926,val
2018-02-23,bsi_value,892.0,6.79347,871.0,856.0,847.0,837.0,823.0,825.0,865.0,904.0,907.0,899.0,853.57,19.83,842.36,20.36,872.0,32.96,897.92,38.07,932.07,83.17,0.02382,0.08051,0.03074,-0.01668,1481.0,1438.0,1231.0,1722.0,1725.0,1721.0,534.0,529.0,516.0,0.80098,0.59869,0.95908,-0.28314,28,2018-04-06,42,1032.0,0.14579,val
2018-02-26,bsi_value,919.0,6.82329,892.0,871.0,856.0,840.0,832.0,819.0,857.0,900.0,908.0,914.0,866.0,28.0,846.79,28.27,872.37,33.42,898.0,38.11,930.4,81.91,0.02982,0.09945,0.06985,0.01204,1504.0,1481.0,1251.0,1680.0,1722.0,1663.0,538.0,534.0,515.0,0.8308,0.55658,0.9248,-0.38045,28,2018-04-09,42,1024.0,0.10819,val
2018-02-27,bsi_value,948.0,6.85435,919.0,892.0,871.0,847.0,837.0,817.0,844.0,895.0,910.0,923.0,881.86,37.05,854.21,38.41,873.63,35.48,898.42,38.52,928.91,80.34,0.03107,0.12453,0.1162,0.04091,1513.0,1504.0,1273.0,1595.0,1680.0,1608.0,545.0,538.0,515.0,0.84025,0.5422,0.91117,-0.41203,28,2018-04-10,42,1016.0,0.06927,val
2018-02-28,bsi_value,973.0,6.88038,948.0,919.0,892.0,856.0,840.0,823.0,833.0,889.0,910.0,929.0,900.86,44.14,864.21,48.49,875.73,39.23,899.15,39.5,927.57,78.56,0.02603,0.14698,0.15535,0.06694,1513.0,1513.0,1294.0,1560.0,1595.0,1597.0,557.0,545.0,517.0,0.84945,0.52767,0.89646,-0.44313,28,2018-04-11,42,1014.0,0.04127,val
2018-03-01,bsi_value,992.0,6.89972,973.0,948.0,919.0,871.0,847.0,832.0,825.0,884.0,910.0,936.0,921.57,47.87,876.14,57.14,878.47,44.08,900.08,40.99,926.31,76.59,0.01934,0.15802,0.18434,0.08628,1505.0,1513.0,1333.0,1568.0,1560.0,1678.0,579.0,557.0,519.0,0.8584,0.51298,0.88068,-0.47371,28,2018-04-12,42,1014.0,0.02194,val
2018-03-02,bsi_value,1004.0,6.91175,992.0,973.0,948.0,892.0,856.0,837.0,819.0,877.0,911.0,941.0,942.71,46.92,889.36,63.44,881.57,49.23,901.13,42.8,925.07,74.38,0.01202,0.15948,0.20366,0.0972,1500.0,1505.0,1388.0,1592.0,1568.0,1717.0,586.0,579.0,522.0,0.8671,0.49814,0.86387,-0.50372,28,2018-04-13,42,1013.0,0.00892,val
2018-03-05,bsi_value,1006.0,6.91374,1004.0,992.0,973.0,919.0,871.0,840.0,817.0,872.0,913.0,944.0,962.0,40.82,902.86,66.64,884.67,53.83,902.17,44.53,923.73,71.79,0.00199,0.1441,0.2081,0.097,1502.0,1500.0,1438.0,1597.0,1592.0,1725.0,590.0,586.0,529.0,0.89164,0.45274,0.80737,-0.59004,28,2018-04-16,42,1016.0,0.00989,val
2018-03-06,bsi_value,1013.0,6.92067,1006.0,1004.0,992.0,948.0,892.0,847.0,823.0,865.0,911.0,944.0,979.29,32.24,916.43,68.32,888.07,58.41,903.32,46.45,922.46,69.12,0.00693,0.12721,0.20772,0.10613,1528.0,1502.0,1481.0,1587.0,1597.0,1722.0,595.0,590.0,534.0,0.8993,0.43734,0.7866,-0.61747,28,2018-04-17,42,1018.0,0.00492,val
2018-03-07,bsi_value,1020.0,6.92756,1013.0,1006.0,1004.0,973.0,919.0,856.0,832.0,857.0,908.0,944.0,993.71,23.43,929.86,68.88,891.8,62.97,904.58,48.53,921.23,66.36,0.00689,0.10427,0.20373,0.11631,1553.0,1528.0,1504.0,1495.0,1587.0,1680.0,599.0,595.0,538.0,0.90669,0.42181,0.76489,-0.64416,28,2018-04-18,42,1022.0,0.00196,val
2018-03-08,bsi_value,1026.0,6.93342,1020.0,1013.0,1006.0,992.0,948.0,871.0,837.0,844.0,904.0,945.0,1004.86,16.58,943.36,67.87,895.87,67.41,905.93,50.71,920.09,63.59,0.00587,0.07907,0.2036,0.12659,1590.0,1553.0,1513.0,1489.0,1495.0,1595.0,607.0,599.0,545.0,0.91381,0.40615,0.74228,-0.67009,28,2018-04-19,42,1022.0,-0.00391,val
2018-03-09,bsi_value,1032.0,6.93925,1026.0,1020.0,1013.0,1004.0,973.0,892.0,840.0,833.0,900.0,944.0,1013.29,12.81,957.07,64.93,900.27,71.7,907.4,53.01,919.14,61.25,0.00583,0.05887,0.20585,0.13686,1615.0,1590.0,1513.0,1479.0,1489.0,1560.0,611.0,607.0,557.0,0.92066,0.39037,0.71879,-0.69523,28,2018-04-20,42,1025.0,-0.00681,val
2018-03-12,bsi_value,1040.0,6.94698,1032.0,1026.0,1020.0,1006.0,992.0,919.0,847.0,825.0,895.0,943.0,1020.14,12.43,970.86,60.43,905.1,75.95,909.02,55.49,918.48,59.58,0.00772,0.04725,0.20528,0.15015,1624.0,1615.0,1505.0,1425.0,1479.0,1568.0,615.0,611.0,579.0,0.93957,0.34236,0.64334,-0.76558,28,2018-04-23,42,1027.0,-0.01258,val
2018-03-13,bsi_value,1049.0,6.95559,1040.0,1032.0,1026.0,1013.0,1004.0,948.0,856.0,819.0,889.0,939.0,1026.57,13.96,984.64,54.37,910.43,80.13,910.85,58.21,918.12,58.7,0.00862,0.04385,0.20332,0.1655,1623.0,1624.0,1500.0,1362.0,1425.0,1592.0,617.0,615.0,586.0,0.94532,0.32614,0.61662,-0.78726,28,2018-04-24,42,1030.0,-0.01828,val
2018-03-14,bsi_value,1061.0,6.96697,1049.0,1040.0,1032.0,1020.0,1006.0,973.0,871.0,817.0,884.0,942.0,1034.43,15.56,998.21,47.6,916.33,84.37,912.83,61.18,918.13,58.73,0.01137,0.05323,0.19733,0.18251,1623.0,1623.0,1502.0,1312.0,1362.0,1597.0,622.0,617.0,590.0,0.95079,0.30983,0.58918,-0.808,28,2018-04-25,42,1037.0,-0.02288,val
2018-03-15,bsi_value,1077.0,6.98193,1061.0,1049.0,1040.0,1026.0,1013.0,992.0,892.0,823.0,877.0,943.0,1043.57,18.75,1011.43,41.58,923.0,88.79,915.07,64.6,918.51,59.63,0.01497,0.06126,0.18847,0.20543,1619.0,1623.0,1528.0,1238.0,1312.0,1587.0,626.0,622.0,595.0,0.95598,0.29343,0.56103,-0.82779,28,2018-04-26,42,1040.0,-0.03496,val
2018-03-16,bsi_value,1091.0,6.99485,1077.0,1061.0,1049.0,1032.0,1020.0,1004.0,919.0,832.0,872.0,944.0,1053.71,22.15,1023.71,37.68,930.3,93.19,917.52,68.33,919.22,61.28,0.01292,0.06729,0.17156,0.22406,1618.0,1619.0,1553.0,1203.0,1238.0,1495.0,627.0,626.0,599.0,0.96089,0.27695,0.53223,-0.8466,28,2018-04-27,42,1042.0,-0.04595,val
2018-03-19,bsi_value,1099.0,7.00216,1091.0,1077.0,1061.0,1040.0,1026.0,1006.0,948.0,837.0,865.0,942.0,1064.14,23.78,1034.5,36.04,938.1,97.11,920.13,72.11,920.17,63.35,0.00731,0.06873,0.1478,0.23943,1621.0,1618.0,1590.0,1171.0,1203.0,1489.0,629.0,627.0,607.0,0.97389,0.22701,0.44217,-0.89693,28,2018-04-30,42,1045.0,-0.05038,val
2018-03-20,bsi_value,1109.0,7.01121,1099.0,1091.0,1077.0,1049.0,1032.0,1013.0,973.0,840.0,857.0,943.0,1075.14,24.17,1044.21,36.48,946.5,100.56,922.9,76.02,921.37,65.85,0.00906,0.07196,0.13083,0.25778,1615.0,1621.0,1615.0,1112.0,1171.0,1479.0,630.0,629.0,611.0,0.97765,0.21022,0.41105,-0.91161,28,2018-05-01,42,1043.0,-0.06136,val
2018-03-21,bsi_value,1117.0,7.0184,1109.0,1099.0,1091.0,1061.0,1040.0,1020.0,992.0,847.0,844.0,938.0,1086.14,23.17,1053.14,37.88,955.6,103.2,925.88,79.96,922.8,68.63,0.00719,0.07143,0.11868,0.28025,1606.0,1615.0,1624.0,1109.0,1112.0,1425.0,634.0,630.0,615.0,0.98112,0.19338,0.37945,-0.92521,28,2018-05-02,42,1043.0,-0.06855,val
2018-03-22,bsi_value,1122.0,7.02287,1117.0,1109.0,1099.0,1077.0,1049.0,1026.0,1004.0,856.0,833.0,933.0,1096.57,20.37,1061.57,39.11,965.23,104.78,929.03,83.81,924.59,71.63,0.00447,0.06728,0.11112,0.29783,1593.0,1606.0,1623.0,1129.0,1109.0,1362.0,639.0,634.0,617.0,0.98431,0.17647,0.3474,-0.93772,28,2018-05-03,42,1047.0,-0.06918,val
2018-03-23,bsi_value,1121.0,7.02198,1122.0,1117.0,1109.0,1091.0,1061.0,1032.0,1006.0,871.0,825.0,925.0,1105.14,15.68,1069.79,38.65,975.1,105.04,932.3,87.34,926.64,74.53,-0.00089,0.05501,0.10824,0.30659,1587.0,1593.0,1623.0,1157.0,1129.0,1312.0,641.0,639.0,622.0,0.9872,0.15951,0.31494,-0.94911,28,2018-05-04,42,1050.0,-0.06543,val
2018-03-26,bsi_value,1116.0,7.01751,1121.0,1122.0,1117.0,1099.0,1077.0,1040.0,1013.0,892.0,819.0,914.0,1110.71,10.89,1077.14,36.91,985.0,103.85,935.67,90.4,928.91,77.1,-0.00447,0.03557,0.09683,0.30942,1575.0,1587.0,1619.0,1197.0,1157.0,1238.0,645.0,641.0,626.0,0.99411,0.10838,0.21548,-0.97651,28,2018-05-08,43,1051.0,-0.06001,val
2018-03-27,bsi_value,1106.0,7.00851,1116.0,1121.0,1122.0,1109.0,1091.0,1049.0,1020.0,919.0,817.0,901.0,1112.86,7.85,1083.29,33.92,994.63,101.19,939.08,92.87,931.33,79.18,-0.009,0.01366,0.08095,0.30287,1552.0,1575.0,1618.0,1191.0,1197.0,1203.0,648.0,645.0,627.0,0.99583,0.09126,0.18176,-0.98334,28,2018-05-09,43,1048.0,-0.05387,val
2018-03-28,bsi_value,1093.0,6.99668,1106.0,1116.0,1121.0,1117.0,1099.0,1061.0,1026.0,948.0,823.0,894.0,1112.0,9.47,1088.07,30.0,1003.63,97.47,942.4,94.74,933.79,80.71,-0.01182,-0.00547,0.06326,0.28373,1520.0,1552.0,1621.0,1065.0,1191.0,1171.0,650.0,648.0,629.0,0.99725,0.07412,0.14783,-0.98901,28,2018-05-10,43,1052.0,-0.03823,val
2018-03-29,bsi_value,1080.0,6.98472,1093.0,1106.0,1116.0,1122.0,1109.0,1077.0,1032.0,973.0,832.0,884.0,1107.86,14.75,1091.5,25.85,1011.9,92.97,945.67,96.04,936.26,81.74,-0.01197,-0.0265,0.04546,0.26088,1495.0,1520.0,1615.0,1010.0,1065.0,1112.0,652.0,650.0,630.0,0.99838,0.05695,0.11372,-0.99351,28,2018-05-11,43,1053.0,-0.02532,val
2018-04-03,bsi_value,1067.0,6.97261,1080.0,1093.0,1106.0,1121.0,1117.0,1091.0,1040.0,992.0,837.0,884.0,1100.71,19.83,1093.43,22.76,1019.57,87.56,948.72,96.93,938.68,82.35,-0.01211,-0.0458,0.02563,0.24278,1455.0,1495.0,1606.0,924.0,1010.0,1109.0,650.0,652.0,634.0,0.99958,-0.02903,-0.05803,-0.99832,28,2018-05-14,41,1055.0,-0.01131,val
2018-04-04,bsi_value,1056.0,6.96224,1067.0,1080.0,1093.0,1116.0,1122.0,1099.0,1049.0,1004.0,840.0,886.0,1091.29,22.91,1093.93,21.84,1026.77,81.14,951.55,97.54,941.02,82.65,-0.01036,-0.06062,0.00665,0.22884,1397.0,1455.0,1593.0,841.0,924.0,1129.0,648.0,650.0,639.0,0.99893,-0.04622,-0.09233,-0.99573,28,2018-05-15,41,1053.0,-0.00284,val
2018-04-05,bsi_value,1042.0,6.9489,1056.0,1067.0,1080.0,1106.0,1121.0,1109.0,1061.0,1006.0,847.0,889.0,1080.0,24.87,1092.57,24.29,1033.27,73.98,954.1,97.87,943.16,82.75,-0.01335,-0.07308,-0.01807,0.2072,1343.0,1397.0,1587.0,809.0,841.0,1157.0,644.0,648.0,641.0,0.99799,-0.06339,-0.12653,-0.99196,28,2018-05-16,41,1056.0,0.01335,val
2018-04-06,bsi_value,1032.0,6.93925,1042.0,1056.0,1067.0,1093.0,1116.0,1117.0,1077.0,1013.0,856.0,898.0,1068.0,24.87,1089.36,28.72,1039.13,66.26,956.33,98.09,945.11,82.75,-0.00964,-0.07825,-0.04268,0.18698,1317.0,1343.0,1575.0,824.0,809.0,1197.0,643.0,644.0,645.0,0.99675,-0.08055,-0.16057,-0.98702,28,2018-05-17,41,1064.0,0.03054,val
2018-04-09,bsi_value,1024.0,6.93147,1032.0,1042.0,1056.0,1080.0,1106.0,1122.0,1091.0,1020.0,871.0,902.0,1056.29,23.49,1084.57,33.27,1044.23,58.57,958.37,98.21,946.77,82.82,-0.00778,-0.07703,-0.06338,0.16183,1315.0,1317.0,1552.0,854.0,824.0,1191.0,638.0,643.0,648.0,0.99127,-0.13186,-0.26141,-0.96523,28,2018-05-18,39,1069.0,0.04301,val
2018-04-10,bsi_value,1016.0,6.92363,1024.0,1032.0,1042.0,1067.0,1093.0,1121.0,1099.0,1026.0,892.0,907.0,1045.29,21.68,1078.64,37.32,1048.37,51.64,960.18,98.25,948.07,82.98,-0.00784,-0.07305,-0.07853,0.13016,1319.0,1315.0,1520.0,930.0,854.0,1065.0,636.0,638.0,650.0,0.98885,-0.14889,-0.29446,-0.95566,28,2018-05-21,41,1071.0,0.05272,val
2018-04-11,bsi_value,1014.0,6.92166,1016.0,1024.0,1032.0,1056.0,1080.0,1116.0,1109.0,1032.0,919.0,908.0,1035.86,18.67,1071.86,39.74,1051.53,46.24,961.95,98.25,949.18,83.18,-0.00197,-0.06306,-0.08956,0.09837,1325.0,1319.0,1495.0,940.0,930.0,1010.0,634.0,636.0,652.0,0.98615,-0.16588,-0.32716,-0.94497,28,2018-05-22,41,1074.0,0.05749,val
2018-04-12,bsi_value,1014.0,6.92166,1014.0,1016.0,1024.0,1042.0,1067.0,1106.0,1117.0,1040.0,948.0,910.0,1028.29,14.87,1064.5,40.23,1053.73,42.7,963.68,98.23,950.19,83.41,0.0,-0.05095,-0.09674,0.0673,1335.0,1325.0,1455.0,982.0,940.0,924.0,630.0,634.0,650.0,0.98315,-0.18282,-0.35947,-0.93316,28,2018-05-23,41,1074.0,0.05749,val
2018-04-13,bsi_value,1013.0,6.92067,1014.0,1014.0,1016.0,1032.0,1056.0,1093.0,1122.0,1049.0,973.0,910.0,1022.14,10.34,1056.71,38.87,1055.07,40.74,965.4,98.18,951.12,83.64,-0.00099,-0.04157,-0.1022,0.04029,1351.0,1335.0,1397.0,1038.0,982.0,841.0,628.0,630.0,648.0,0.97986,-0.1997,-0.39136,-0.92024,28,2018-05-24,41,1074.0,0.05847,val
2018-04-16,bsi_value,1016.0,6.92363,1013.0,1014.0,1014.0,1024.0,1042.0,1080.0,1121.0,1061.0,992.0,910.0,1018.43,6.5,1049.21,35.75,1055.87,39.72,967.17,98.12,952.01,83.9,0.00296,-0.02527,-0.09835,0.02391,1359.0,1351.0,1343.0,1061.0,1038.0,809.0,626.0,628.0,644.0,0.96825,-0.24998,-0.48409,-0.87502,28,2018-05-25,39,1071.0,0.05272,val
2018-04-17,bsi_value,1018.0,6.9256,1016.0,1013.0,1014.0,1016.0,1032.0,1067.0,1116.0,1077.0,1004.0,911.0,1016.43,3.46,1042.21,31.31,1056.33,39.18,968.95,98.06,952.87,84.17,0.00197,-0.01366,-0.09191,0.01385,1353.0,1359.0,1317.0,1152.0,1061.0,824.0,626.0,626.0,643.0,0.96381,-0.2666,-0.5139,-0.85785,28,2018-05-29,42,1068.0,0.04795,val
2018-04-18,bsi_value,1022.0,6.92952,1018.0,1016.0,1013.0,1014.0,1024.0,1056.0,1106.0,1091.0,1006.0,913.0,1016.14,2.85,1036.21,26.13,1056.87,38.6,970.77,98.01,953.73,84.48,0.00392,-0.00196,-0.07899,0.01578,1329.0,1353.0,1315.0,1402.0,1152.0,854.0,626.0,626.0,638.0,0.95908,-0.28314,-0.54311,-0.83966,28,2018-05-30,42,1064.0,0.04027,val
2018-04-19,bsi_value,1022.0,6.92952,1022.0,1018.0,1016.0,1014.0,1016.0,1042.0,1093.0,1099.0,1013.0,911.0,1017.0,3.51,1031.14,21.0,1057.17,38.29,972.62,97.92,954.6,84.78,0.0,0.00589,-0.06716,0.00885,1306.0,1329.0,1319.0,1668.0,1402.0,930.0,623.0,626.0,636.0,0.95407,-0.29959,-0.57167,-0.82049,28,2018-05-31,42,1063.0,0.03933,val
2018-04-20,bsi_value,1025.0,6.93245,1022.0,1022.0,1018.0,1013.0,1014.0,1032.0,1080.0,1109.0,1020.0,908.0,1018.57,4.2,1027.21,16.06,1057.33,38.14,974.57,97.77,955.5,85.09,0.00293,0.01079,-0.05227,0.00489,1289.0,1306.0,1325.0,1915.0,1668.0,940.0,621.0,623.0,634.0,0.94877,-0.31596,-0.59955,-0.80034,28,2018-06-01,42,1061.0,0.03452,val
2018-04-23,bsi_value,1027.0,6.9344,1025.0,1022.0,1022.0,1016.0,1014.0,1024.0,1067.0,1117.0,1026.0,904.0,1020.43,4.62,1024.36,11.69,1057.37,38.11,976.62,97.56,956.41,85.41,0.00195,0.01274,-0.03821,0.00097,1281.0,1289.0,1335.0,2009.0,1915.0,982.0,621.0,621.0,630.0,0.93121,-0.36448,-0.67882,-0.7343,28,2018-06-04,42,1061.0,0.03257,val
2018-04-24,bsi_value,1030.0,6.93731,1027.0,1025.0,1022.0,1018.0,1013.0,1016.0,1056.0,1122.0,1032.0,900.0,1022.86,4.55,1022.5,8.0,1057.3,38.16,978.78,97.28,957.37,85.74,0.00292,0.01664,-0.02493,-0.00194,1269.0,1281.0,1351.0,2130.0,2009.0,1038.0,617.0,621.0,628.0,0.9248,-0.38045,-0.70368,-0.71052,28,2018-06-05,42,1065.0,0.03342,val
2018-04-25,bsi_value,1037.0,6.94409,1030.0,1027.0,1025.0,1022.0,1016.0,1014.0,1042.0,1121.0,1040.0,895.0,1025.86,5.79,1022.14,7.19,1057.2,38.21,981.15,96.94,958.41,86.14,0.00677,0.02046,-0.00481,-0.00289,1264.0,1269.0,1359.0,2314.0,2130.0,1061.0,614.0,617.0,626.0,0.91812,-0.3963,-0.7277,-0.68589,28,2018-06-06,42,1065.0,0.02664,val
2018-04-26,bsi_value,1040.0,6.94698,1037.0,1030.0,1027.0,1022.0,1018.0,1014.0,1032.0,1116.0,1049.0,889.0,1029.0,6.59,1022.71,8.2,1056.9,38.3,983.67,96.47,959.53,86.53,0.00289,0.02138,0.00772,-0.00862,1272.0,1264.0,1353.0,2306.0,2314.0,1152.0,610.0,614.0,626.0,0.91117,-0.41203,-0.75086,-0.66046,28,2018-06-07,42,1072.0,0.03031,val
2018-04-27,bsi_value,1042.0,6.9489,1040.0,1037.0,1030.0,1025.0,1022.0,1013.0,1024.0,1106.0,1061.0,884.0,1031.86,7.24,1024.0,9.59,1056.27,38.39,986.3,95.87,960.64,86.94,0.00192,0.01938,0.01743,-0.01807,1275.0,1272.0,1329.0,2251.0,2306.0,1402.0,605.0,610.0,626.0,0.90395,-0.42765,-0.77314,-0.63424,28,2018-06-08,42,1075.0,0.03118,val
2018-04-30,bsi_value,1045.0,6.95177,1042.0,1040.0,1037.0,1027.0,1022.0,1016.0,1016.0,1093.0,1077.0,877.0,1035.14,7.24,1026.07,10.71,1055.2,38.24,989.1,95.09,961.78,87.37,0.00287,0.02226,0.02814,-0.03016,1276.0,1275.0,1306.0,2173.0,2251.0,1668.0,603.0,605.0,623.0,0.88068,-0.47371,-0.83437,-0.5512,28,2018-06-11,42,1078.0,0.03109,val
2018-05-01,bsi_value,1043.0,6.94986,1045.0,1042.0,1040.0,1030.0,1025.0,1018.0,1014.0,1080.0,1091.0,872.0,1037.71,6.32,1028.14,10.97,1053.6,37.71,991.95,94.09,962.88,87.76,-0.00192,0.01741,0.0282,-0.04499,1271.0,1276.0,1289.0,2136.0,2173.0,1915.0,601.0,603.0,621.0,0.8724,-0.48879,-0.85284,-0.52218,28,2018-06-12,42,1084.0,0.03856,val
2018-05-02,bsi_value,1043.0,6.94986,1043.0,1045.0,1042.0,1037.0,1027.0,1022.0,1014.0,1067.0,1099.0,865.0,1040.0,4.72,1030.21,10.84,1051.73,36.79,994.92,92.84,964.0,88.13,0.0,0.01546,0.0282,-0.0523,1271.0,1271.0,1281.0,2197.0,2136.0,2009.0,597.0,601.0,621.0,0.86387,-0.50372,-0.87029,-0.49253,28,2018-06-13,42,1088.0,0.04224,val
2018-05-03,bsi_value,1047.0,6.95368,1043.0,1043.0,1045.0,1040.0,1030.0,1022.0,1013.0,1056.0,1109.0,857.0,1042.43,3.02,1032.64,10.52,1049.67,35.23,998.08,91.31,965.16,88.53,0.00383,0.01637,0.03301,-0.05753,1266.0,1271.0,1269.0,2308.0,2197.0,2130.0,591.0,597.0,617.0,0.85507,-0.51851,-0.88672,-0.4623,28,2018-06-14,42,1089.0,0.03933,val
2018-05-04,bsi_value,1050.0,6.95655,1047.0,1043.0,1043.0,1042.0,1037.0,1025.0,1016.0,1042.0,1117.0,844.0,1044.29,3.1,1035.07,10.32,1047.43,32.93,1001.52,89.3,966.4,88.92,0.00286,0.01246,0.03292,-0.06186,1265.0,1266.0,1264.0,2337.0,2308.0,2314.0,589.0,591.0,614.0,0.84603,-0.53314,-0.9021,-0.43153,28,2018-06-15,42,1091.0,0.0383,val
2018-05-08,bsi_value,1051.0,6.9575,1050.0,1047.0,1043.0,1045.0,1040.0,1027.0,1018.0,1032.0,1122.0,833.0,1045.86,3.31,1037.43,9.91,1045.07,29.9,1005.15,86.77,967.71,89.29,0.00095,0.01052,0.0319,-0.06537,1257.0,1265.0,1272.0,2482.0,2337.0,2306.0,585.0,589.0,610.0,0.80737,-0.59004,-0.95277,-0.3037,28,2018-06-18,41,1092.0,0.03827,val
2018-05-09,bsi_value,1048.0,6.95464,1051.0,1050.0,1047.0,1043.0,1042.0,1030.0,1022.0,1024.0,1121.0,825.0,1046.71,2.96,1039.29,9.26,1042.63,26.39,1008.87,83.7,969.08,89.57,-0.00286,0.00574,0.02512,-0.06734,1253.0,1257.0,1275.0,2616.0,2482.0,2251.0,585.0,585.0,605.0,0.7971,-0.60385,-0.96265,-0.27074,28,2018-06-19,41,1093.0,0.04204,val
2018-05-10,bsi_value,1052.0,6.95845,1048.0,1051.0,1050.0,1043.0,1045.0,1037.0,1022.0,1016.0,1116.0,819.0,1047.71,3.37,1041.43,8.45,1040.5,22.7,1012.75,80.13,970.61,89.79,0.00381,0.00668,0.02893,-0.05906,1246.0,1253.0,1276.0,2565.0,2616.0,2173.0,584.0,585.0,603.0,0.7866,-0.61747,-0.9714,-0.23747,28,2018-06-20,41,1094.0,0.03915,val
2018-05-11,bsi_value,1053.0,6.9594,1052.0,1048.0,1051.0,1047.0,1043.0,1040.0,1025.0,1014.0,1106.0,817.0,1049.14,3.18,1043.43,7.59,1038.73,19.35,1016.68,76.12,972.3,89.9,0.00095,0.00954,0.02695,-0.04911,1245.0,1246.0,1271.0,2630.0,2565.0,2136.0,584.0,584.0,601.0,0.77586,-0.63091,-0.97899,-0.20391,28,2018-06-21,41,1094.0,0.0382,val
2018-05-14,bsi_value,1055.0,6.9613,1053.0,1052.0,1048.0,1050.0,1043.0,1042.0,1027.0,1014.0,1093.0,823.0,1050.86,2.59,1045.43,6.63,1037.47,16.84,1020.55,71.96,974.09,89.92,0.0019,0.01144,0.0269,-0.03539,1240.0,1245.0,1271.0,2635.0,2630.0,2197.0,585.0,584.0,597.0,0.74228,-0.67009,-0.99479,-0.10196,28,2018-06-22,39,1092.0,0.03447,val
2018-05-15,bsi_value,1053.0,6.9594,1055.0,1053.0,1052.0,1051.0,1047.0,1045.0,1030.0,1013.0,1080.0,832.0,1051.71,2.12,1047.07,5.32,1036.57,15.18,1024.23,67.74,975.97,89.79,-0.0019,0.00571,0.02208,-0.02532,1237.0,1240.0,1266.0,2602.0,2635.0,2308.0,586.0,585.0,591.0,0.73064,-0.68276,-0.99771,-0.06768,28,2018-06-25,41,1085.0,0.02994,val
2018-05-16,bsi_value,1056.0,6.96224,1053.0,1055.0,1053.0,1048.0,1050.0,1043.0,1037.0,1016.0,1067.0,837.0,1052.57,2.44,1048.43,5.0,1036.2,14.56,1027.88,63.31,977.88,89.64,0.00284,0.0057,0.01816,-0.01036,1237.0,1237.0,1265.0,2407.0,2602.0,2337.0,587.0,586.0,589.0,0.71879,-0.69523,-0.99944,-0.03332,28,2018-06-26,41,1078.0,0.02062,val
2018-05-17,bsi_value,1064.0,6.96979,1056.0,1053.0,1055.0,1052.0,1051.0,1043.0,1040.0,1018.0,1056.0,840.0,1054.43,4.56,1050.14,5.85,1036.47,14.99,1031.62,58.55,979.86,89.55,0.00755,0.01229,0.02281,0.00755,1239.0,1237.0,1257.0,2106.0,2407.0,2482.0,589.0,587.0,585.0,0.70673,-0.70749,-1.0,0.00108,28,2018-06-27,41,1067.0,0.00282,val
2018-05-18,bsi_value,1069.0,6.97448,1064.0,1056.0,1053.0,1053.0,1048.0,1047.0,1042.0,1022.0,1042.0,847.0,1057.43,6.02,1052.07,7.16,1037.37,16.06,1035.32,53.57,981.86,89.51,0.00469,0.01984,0.02558,0.02558,1241.0,1239.0,1253.0,2053.0,2106.0,2616.0,590.0,589.0,585.0,0.69445,-0.71954,-0.99937,0.03547,28,2018-06-28,41,1055.0,-0.01318,val
2018-05-21,bsi_value,1071.0,6.97635,1069.0,1064.0,1056.0,1055.0,1052.0,1050.0,1045.0,1022.0,1032.0,856.0,1060.14,7.14,1053.93,8.35,1038.67,17.12,1038.9,48.39,983.78,89.55,0.00187,0.0179,0.02458,0.03709,1243.0,1241.0,1246.0,1957.0,2053.0,2565.0,591.0,590.0,584.0,0.65641,-0.7544,-0.9904,0.13825,28,2018-06-29,39,1042.0,-0.02745,val
2018-05-22,bsi_value,1074.0,6.97915,1071.0,1069.0,1064.0,1053.0,1053.0,1051.0,1043.0,1025.0,1024.0,871.0,1063.14,7.88,1056.14,9.23,1040.33,18.02,1042.28,43.37,985.69,89.62,0.0028,0.01975,0.02929,0.04767,1239.0,1243.0,1245.0,1854.0,1957.0,2630.0,590.0,591.0,584.0,0.64334,-0.76558,-0.98506,0.17224,28,2018-07-02,41,1034.0,-0.03796,val
2018-05-23,bsi_value,1074.0,6.97915,1074.0,1071.0,1069.0,1056.0,1055.0,1048.0,1043.0,1027.0,1016.0,892.0,1065.86,7.88,1058.36,9.52,1042.27,18.41,1045.32,38.89,987.54,89.7,0.0,0.01785,0.02929,0.05552,1222.0,1239.0,1240.0,1759.0,1854.0,2635.0,591.0,590.0,585.0,0.63007,-0.77654,-0.97855,0.20602,28,2018-07-03,41,1025.0,-0.0467,val
2018-05-24,bsi_value,1074.0,6.97915,1074.0,1074.0,1071.0,1064.0,1053.0,1052.0,1047.0,1030.0,1014.0,919.0,1068.86,6.24,1060.29,9.76,1044.27,18.49,1047.9,35.4,989.39,89.75,0.0,0.01975,0.02546,0.05749,1202.0,1222.0,1237.0,1551.0,1759.0,2602.0,590.0,591.0,586.0,0.61662,-0.78726,-0.97088,0.23956,28,2018-07-04,41,1017.0,-0.05453,val
2018-05-25,bsi_value,1071.0,6.97635,1074.0,1074.0,1074.0,1069.0,1056.0,1053.0,1050.0,1037.0,1014.0,948.0,1071.0,3.38,1061.79,9.67,1046.17,18.21,1049.95,33.04,991.18,89.75,-0.0028,0.0141,0.0198,0.05469,1187.0,1202.0,1237.0,1395.0,1551.0,2407.0,587.0,590.0,587.0,0.60299,-0.79775,-0.96207,0.27281,28,2018-07-05,41,1005.0,-0.06361,val
2018-05-29,bsi_value,1068.0,6.97354,1071.0,1074.0,1074.0,1071.0,1064.0,1055.0,1051.0,1040.0,1013.0,973.0,1071.57,2.32,1063.0,9.3,1048.0,17.54,1051.53,31.56,992.93,89.69,-0.00281,0.00375,0.01605,0.05287,1163.0,1187.0,1239.0,1324.0,1395.0,2106.0,586.0,587.0,589.0,0.54671,-0.83732,-0.91555,0.40221,28,2018-07-06,38,999.0,-0.06679,val
2018-05-30,bsi_value,1064.0,6.96979,1068.0,1071.0,1074.0,1074.0,1069.0,1053.0,1048.0,1042.0,1016.0,992.0,1070.86,3.48,1064.14,8.32,1049.6,16.71,1052.73,30.63,994.64,89.56,-0.00375,-0.00469,0.01515,0.04616,1149.0,1163.0,1241.0,1276.0,1324.0,2053.0,584.0,586.0,590.0,0.53223,-0.8466,-0.90117,0.43347,28,2018-07-09,40,997.0,-0.06504,val
2018-05-31,bsi_value,1063.0,6.96885,1064.0,1068.0,1071.0,1074.0,1071.0,1056.0,1052.0,1045.0,1018.0,1004.0,1069.71,4.43,1064.93,7.63,1051.1,15.81,1053.72,29.99,996.33,89.4,-0.00094,-0.0075,0.0104,0.04326,1160.0,1149.0,1243.0,1401.0,1276.0,1957.0,583.0,584.0,591.0,0.51759,-0.85563,-0.88572,0.46421,28,2018-07-10,40,994.0,-0.06711,val
2018-06-01,bsi_value,1061.0,6.96697,1063.0,1064.0,1068.0,1074.0,1074.0,1064.0,1053.0,1043.0,1022.0,1006.0,1067.86,4.94,1065.5,6.99,1052.4,14.94,1054.63,29.35,997.98,89.22,-0.00188,-0.01218,0.00757,0.03745,1192.0,1160.0,1239.0,1602.0,1401.0,1854.0,583.0,583.0,590.0,0.50279,-0.86441,-0.86923,0.4944,28,2018-07-11,40,992.0,-0.06724,val
2018-06-04,bsi_value,1061.0,6.96697,1061.0,1063.0,1064.0,1071.0,1074.0,1069.0,1055.0,1043.0,1022.0,1013.0,1066.0,4.72,1065.93,6.5,1053.7,13.9,1055.43,28.86,999.64,88.98,0.0,-0.01218,0.00567,0.03745,1217.0,1192.0,1222.0,1712.0,1602.0,1759.0,583.0,583.0,591.0,0.45753,-0.88919,-0.81367,0.58133,28,2018-07-12,38,994.0,-0.06523,val
2018-06-05,bsi_value,1065.0,6.97073,1061.0,1061.0,1063.0,1068.0,1074.0,1071.0,1053.0,1047.0,1025.0,1020.0,1064.71,3.41,1066.79,5.44,1055.03,12.97,1056.18,28.51,1001.39,88.7,0.00376,-0.00842,0.01133,0.03828,1250.0,1217.0,1202.0,1835.0,1712.0,1551.0,584.0,583.0,590.0,0.44217,-0.89693,-0.79319,0.60897,28,2018-07-13,38,995.0,-0.06799,val
2018-06-06,bsi_value,1065.0,6.97073,1065.0,1061.0,1061.0,1064.0,1071.0,1074.0,1056.0,1050.0,1027.0,1026.0,1063.86,2.29,1067.43,4.59,1056.3,11.99,1056.83,28.25,1003.18,88.34,0.0,-0.00562,0.00849,0.03633,1290.0,1250.0,1187.0,2088.0,1835.0,1395.0,583.0,584.0,587.0,0.42667,-0.90441,-0.77177,0.6359,28,2018-07-16,40,998.0,-0.06498,val
2018-06-07,bsi_value,1072.0,6.97728,1065.0,1065.0,1061.0,1063.0,1068.0,1074.0,1064.0,1051.0,1030.0,1032.0,1064.43,3.46,1068.0,4.63,1057.7,11.26,1057.5,28.13,1005.09,87.95,0.00655,0.00374,0.00749,0.03997,1344.0,1290.0,1163.0,2220.0,2088.0,1324.0,583.0,583.0,586.0,0.41105,-0.91161,-0.74944,0.66207,28,2018-07-17,40,1003.0,-0.06653,val
2018-06-08,bsi_value,1075.0,6.98008,1072.0,1065.0,1065.0,1061.0,1064.0,1074.0,1069.0,1048.0,1037.0,1040.0,1066.0,5.04,1068.43,4.97,1058.97,11.0,1058.08,28.13,1007.09,87.47,0.00279,0.01029,0.0056,0.03599,1418.0,1344.0,1149.0,2151.0,2220.0,1276.0,584.0,583.0,584.0,0.39531,-0.91855,-0.72622,0.68746,28,2018-07-18,40,1008.0,-0.06435,val
2018-06-11,bsi_value,1078.0,6.98286,1075.0,1072.0,1065.0,1061.0,1063.0,1071.0,1071.0,1052.0,1040.0,1049.0,1068.14,6.33,1068.93,5.52,1060.23,10.93,1058.57,28.22,1009.19,86.88,0.00279,0.01401,0.00651,0.03589,1451.0,1418.0,1160.0,2091.0,2151.0,1401.0,586.0,584.0,583.0,0.3474,-0.93772,-0.65153,0.75862,28,2018-07-19,38,1016.0,-0.05923,val
2018-06-12,bsi_value,1084.0,6.98841,1078.0,1075.0,1072.0,1065.0,1061.0,1068.0,1074.0,1053.0,1042.0,1061.0,1071.43,7.61,1069.64,6.66,1061.63,11.19,1058.95,28.4,1011.41,86.2,0.00555,0.02145,0.00927,0.03952,1474.0,1451.0,1192.0,2068.0,2091.0,1602.0,588.0,586.0,583.0,0.33122,-0.94355,-0.62505,0.78058,28,2018-07-20,38,1023.0,-0.05792,val
2018-06-13,bsi_value,1088.0,6.9921,1084.0,1078.0,1075.0,1065.0,1061.0,1064.0,1074.0,1055.0,1045.0,1077.0,1075.29,8.17,1070.64,8.13,1063.07,11.71,1059.13,28.55,1013.76,85.38,0.00368,0.02513,0.01295,0.04032,1488.0,1474.0,1217.0,2091.0,2068.0,1712.0,591.0,588.0,583.0,0.31494,-0.94911,-0.59783,0.80162,28,2018-07-23,40,1028.0,-0.05673,val
2018-06-14,bsi_value,1089.0,6.99302,1088.0,1084.0,1078.0,1072.0,1065.0,1063.0,1074.0,1053.0,1043.0,1091.0,1078.71,8.17,1071.71,9.39,1064.6,11.99,1059.1,28.52,1016.17,84.4,0.00092,0.02229,0.01387,0.04316,1498.0,1488.0,1250.0,2184.0,2091.0,1835.0,592.0,591.0,584.0,0.29857,-0.95439,-0.5699,0.82171,28,2018-07-24,40,1030.0,-0.0557,val
2018-06-15,bsi_value,1091.0,6.99485,1089.0,1088.0,1084.0,1075.0,1065.0,1061.0,1071.0,1056.0,1043.0,1099.0,1082.43,6.9,1073.14,10.62,1066.2,12.2,1058.97,28.35,1018.68,83.22,0.00183,0.02412,0.0185,0.04499,1495.0,1498.0,1290.0,2223.0,2184.0,2088.0,593.0,592.0,583.0,0.28211,-0.95938,-0.5413,0.84083,28,2018-07-25,40,1033.0,-0.05463,val
2018-06-18,bsi_value,1092.0,6.99577,1091.0,1089.0,1088.0,1078.0,1072.0,1061.0,1068.0,1064.0,1047.0,1109.0,1085.29,6.09,1074.86,11.54,1067.7,12.51,1058.68,27.93,1021.29,81.78,0.00092,0.01848,0.02222,0.04208,1482.0,1495.0,1344.0,2228.0,2223.0,2220.0,595.0,593.0,583.0,0.23224,-0.97266,-0.45179,0.89213,28,2018-07-26,38,1034.0,-0.05458,val
2018-06-19,bsi_value,1093.0,6.99668,1092.0,1091.0,1089.0,1084.0,1075.0,1065.0,1064.0,1069.0,1050.0,1117.0,1087.86,4.88,1076.93,12.0,1069.13,12.86,1058.28,27.25,1024.06,79.93,0.00092,0.01661,0.02689,0.04014,1458.0,1482.0,1418.0,2187.0,2228.0,2151.0,594.0,595.0,584.0,0.21548,-0.97651,-0.42083,0.90714,28,2018-07-27,38,1035.0,-0.05452,val
2018-06-20,bsi_value,1094.0,6.9976,1093.0,1092.0,1091.0,1088.0,1078.0,1065.0,1063.0,1071.0,1051.0,1122.0,1090.14,3.18,1079.14,12.09,1070.57,13.15,1057.82,26.38,1026.96,77.64,0.00091,0.01473,0.02875,0.0401,1419.0,1458.0,1451.0,2090.0,2187.0,2091.0,593.0,594.0,586.0,0.19865,-0.98007,-0.38938,0.92108,28,2018-07-30,40,1035.0,-0.05544,val
2018-06-21,bsi_value,1094.0,6.9976,1094.0,1093.0,1092.0,1089.0,1084.0,1072.0,1061.0,1074.0,1048.0,1121.0,1091.57,2.19,1081.5,11.52,1072.1,13.11,1057.37,25.52,1029.94,74.94,0.0,0.00918,0.03063,0.04296,1382.0,1419.0,1474.0,2038.0,2090.0,2068.0,592.0,593.0,588.0,0.18176,-0.98334,-0.35746,0.93393,28,2018-07-31,40,1035.0,-0.05544,val
2018-06-22,bsi_value,1092.0,6.99577,1094.0,1094.0,1093.0,1091.0,1088.0,1075.0,1061.0,1074.0,1052.0,1116.0,1092.14,1.64,1083.71,10.28,1073.43,13.04,1056.97,24.77,1032.98,71.8,-0.00183,0.00367,0.0288,0.03732,1355.0,1382.0,1488.0,2011.0,2038.0,2091.0,593.0,592.0,591.0,0.16482,-0.98632,-0.32513,0.94567,28,2018-08-01,40,1036.0,-0.05264,val
2018-06-25,bsi_value,1085.0,6.98934,1092.0,1094.0,1094.0,1092.0,1089.0,1078.0,1065.0,1074.0,1053.0,1106.0,1091.57,2.87,1085.14,8.88,1074.5,12.62,1056.62,24.22,1035.96,68.25,-0.00643,-0.00368,0.01861,0.02994,1339.0,1355.0,1498.0,2001.0,2011.0,2184.0,592.0,593.0,592.0,0.11372,-0.99351,-0.22596,0.97414,28,2018-08-02,38,1032.0,-0.05008,val
2018-06-26,bsi_value,1078.0,6.98286,1085.0,1092.0,1094.0,1093.0,1091.0,1084.0,1065.0,1071.0,1055.0,1093.0,1089.71,5.57,1086.07,7.26,1075.27,12.1,1056.37,23.92,1038.79,64.54,-0.00647,-0.01199,0.01213,0.02157,1321.0,1339.0,1495.0,1986.0,2001.0,2223.0,589.0,592.0,593.0,0.09661,-0.99532,-0.19232,0.98133,28,2018-08-03,38,1030.0,-0.04555,val
2018-06-27,bsi_value,1067.0,6.97261,1078.0,1085.0,1092.0,1094.0,1092.0,1088.0,1072.0,1068.0,1053.0,1080.0,1086.14,9.55,1085.71,8.02,1075.73,11.49,1056.15,23.76,1041.4,60.77,-0.01026,-0.02316,-0.00468,0.01321,1324.0,1321.0,1482.0,1942.0,1986.0,2228.0,585.0,589.0,595.0,0.07948,-0.99684,-0.15845,0.98737,28,2018-08-06,40,1030.0,-0.03529,val
2018-06-28,bsi_value,1055.0,6.9613,1067.0,1078.0,1085.0,1094.0,1093.0,1089.0,1075.0,1064.0,1056.0,1067.0,1080.71,13.92,1084.29,11.02,1075.7,11.55,1055.95,23.72,1043.82,56.79,-0.01131,-0.03539,-0.01878,-0.00095,1331.0,1324.0,1458.0,2025.0,1942.0,2187.0,583.0,585.0,594.0,0.06232,-0.99806,-0.12439,0.99223,28,2018-08-07,40,1032.0,-0.02204,val
2018-06-29,bsi_value,1042.0,6.9489,1055.0,1067.0,1078.0,1092.0,1094.0,1091.0,1078.0,1063.0,1064.0,1056.0,1073.29,18.09,1081.71,15.48,1074.97,12.89,1055.72,23.79,1046.07,52.52,-0.0124,-0.0487,-0.03397,-0.02089,1336.0,1331.0,1419.0,2170.0,2025.0,2090.0,581.0,583.0,593.0,0.04514,-0.99898,-0.09019,0.99592,28,2018-08-08,40,1035.0,-0.00674,val
2018-07-02,bsi_value,1034.0,6.94119,1042.0,1055.0,1067.0,1085.0,1094.0,1092.0,1084.0,1061.0,1069.0,1042.0,1064.71,20.32,1078.14,19.73,1073.8,14.82,1055.58,23.89,1048.14,48.12,-0.00771,-0.05641,-0.04722,-0.03329,1338.0,1336.0,1382.0,2304.0,2170.0,2038.0,575.0,581.0,592.0,-0.00645,-0.99998,0.0129,0.99992,28,2018-08-09,38,1036.0,0.00193,val
2018-07-03,bsi_value,1025.0,6.93245,1034.0,1042.0,1055.0,1078.0,1092.0,1093.0,1088.0,1061.0,1071.0,1032.0,1055.14,20.99,1073.64,23.74,1072.27,17.21,1055.47,24.02,1050.02,43.67,-0.00874,-0.06332,-0.05965,-0.0439,1336.0,1338.0,1355.0,2478.0,2304.0,2011.0,571.0,575.0,593.0,-0.02365,-0.99972,0.04729,0.99888,28,2018-08-10,38,1039.0,0.01357,val
2018-07-04,bsi_value,1017.0,6.92461,1025.0,1034.0,1042.0,1067.0,1085.0,1094.0,1089.0,1065.0,1074.0,1024.0,1045.43,20.65,1068.5,27.38,1070.37,19.86,1055.35,24.19,1051.64,39.51,-0.00784,-0.06472,-0.0684,-0.05453,1334.0,1336.0,1339.0,2743.0,2478.0,2001.0,569.0,571.0,592.0,-0.04084,-0.99917,0.08162,0.99666,28,2018-08-13,40,1040.0,0.02236,val
2018-07-05,bsi_value,1005.0,6.91274,1017.0,1025.0,1034.0,1055.0,1078.0,1094.0,1091.0,1065.0,1074.0,1016.0,1035.0,19.99,1062.36,31.05,1068.07,23.04,1055.17,24.52,1052.9,36.06,-0.01187,-0.07012,-0.08211,-0.0664,1339.0,1334.0,1321.0,3013.0,2743.0,1986.0,565.0,569.0,589.0,-0.05803,-0.99832,0.11586,0.99327,28,2018-08-14,40,1042.0,0.03615,val
2018-07-06,bsi_value,999.0,6.90675,1005.0,1017.0,1025.0,1042.0,1067.0,1092.0,1092.0,1072.0,1074.0,1014.0,1025.29,18.55,1055.71,33.82,1065.57,26.13,1054.92,25.01,1053.79,33.65,-0.00599,-0.06585,-0.08901,-0.07239,1347.0,1339.0,1324.0,3086.0,3013.0,1942.0,563.0,565.0,585.0,-0.07519,-0.99717,0.14995,0.98869,28,2018-08-15,40,1045.0,0.04502,val
2018-07-09,bsi_value,997.0,6.90475,999.0,1005.0,1017.0,1034.0,1055.0,1085.0,1093.0,1075.0,1071.0,1014.0,1017.0,16.24,1048.86,35.26,1063.1,28.85,1054.63,25.57,1054.33,32.31,-0.002,-0.05655,-0.09193,-0.0716,1367.0,1347.0,1331.0,3016.0,3086.0,2025.0,562.0,563.0,583.0,-0.12653,-0.99196,0.25102,0.96798,28,2018-08-16,38,1050.0,0.05179,val
2018-07-10,bsi_value,994.0,6.90174,997.0,999.0,1005.0,1025.0,1042.0,1078.0,1094.0,1078.0,1068.0,1013.0,1010.14,14.25,1041.71,35.52,1060.63,31.38,1054.32,26.19,1054.57,31.79,-0.00301,-0.04716,-0.09586,-0.07181,1431.0,1367.0,1336.0,2792.0,3016.0,2170.0,560.0,562.0,581.0,-0.14357,-0.98964,0.28417,0.95877,28,2018-08-17,38,1056.0,0.06051,val
2018-07-11,bsi_value,992.0,6.89972,994.0,997.0,999.0,1017.0,1034.0,1067.0,1094.0,1084.0,1064.0,1016.0,1004.14,11.52,1034.43,34.5,1058.23,33.7,1053.92,26.95,1054.57,31.79,-0.00201,-0.04147,-0.09787,-0.07007,1498.0,1431.0,1338.0,2793.0,2792.0,2304.0,558.0,560.0,575.0,-0.16057,-0.98702,0.31698,0.94843,28,2018-08-20,40,1062.0,0.06819,val
2018-07-12,bsi_value,994.0,6.90174,992.0,994.0,997.0,1005.0,1025.0,1055.0,1092.0,1088.0,1063.0,1018.0,999.71,8.1,1027.43,31.95,1055.93,35.59,1053.52,27.64,1054.46,31.98,0.00201,-0.03071,-0.09403,-0.06711,1517.0,1498.0,1336.0,3041.0,2793.0,2478.0,558.0,558.0,571.0,-0.17753,-0.98412,0.34942,0.93697,28,2018-08-21,40,1069.0,0.07274,val
2018-07-13,bsi_value,995.0,6.90274,994.0,992.0,994.0,999.0,1017.0,1042.0,1085.0,1089.0,1061.0,1022.0,996.57,4.03,1021.0,28.6,1053.73,37.22,1053.07,28.36,1054.33,32.19,0.00101,-0.02187,-0.08659,-0.06422,1527.0,1517.0,1334.0,3156.0,3041.0,2743.0,559.0,558.0,569.0,-0.19443,-0.98092,0.38144,0.92439,28,2018-08-22,40,1078.0,0.08012,val
2018-07-16,bsi_value,998.0,6.90575,995.0,994.0,992.0,997.0,1005.0,1034.0,1078.0,1091.0,1061.0,1022.0,995.57,2.32,1015.29,24.31,1051.63,38.5,1052.67,28.96,1054.17,32.44,0.00301,-0.00699,-0.07711,-0.06121,1529.0,1527.0,1339.0,3238.0,3156.0,3013.0,559.0,559.0,565.0,-0.24477,-0.96958,0.47465,0.88017,28,2018-08-23,38,1087.0,0.08542,val
2018-07-17,bsi_value,1003.0,6.91075,998.0,995.0,994.0,994.0,999.0,1025.0,1067.0,1092.0,1065.0,1025.0,996.14,3.36,1010.71,19.75,1049.57,39.38,1052.3,29.45,1053.98,32.69,0.005,0.004,-0.06186,-0.05998,1530.0,1529.0,1347.0,3335.0,3238.0,3086.0,561.0,559.0,563.0,-0.26141,-0.96523,0.50465,0.86333,28,2018-08-24,38,1095.0,0.08776,val
2018-07-18,bsi_value,1008.0,6.91572,1003.0,998.0,995.0,992.0,997.0,1017.0,1055.0,1093.0,1065.0,1027.0,997.71,5.36,1007.36,15.47,1047.67,39.96,1051.98,29.82,1053.78,32.91,0.00497,0.01097,-0.04557,-0.05501,1529.0,1530.0,1367.0,3230.0,3335.0,3016.0,561.0,561.0,562.0,-0.27798,-0.96059,0.53405,0.84546,28,2018-08-28,41,1110.0,0.09639,val
2018-07-19,bsi_value,1016.0,6.92363,1008.0,1003.0,998.0,994.0,994.0,1005.0,1042.0,1094.0,1072.0,1030.0,1000.86,8.04,1005.5,12.47,1045.8,40.09,1051.75,30.04,1053.6,33.07,0.00791,0.02189,-0.02527,-0.05365,1538.0,1529.0,1431.0,3130.0,3230.0,2792.0,561.0,561.0,560.0,-0.29446,-0.95566,0.56281,0.82658,28,2018-08-29,41,1121.0,0.09835,val
2018-07-20,bsi_value,1023.0,6.93049,1016.0,1008.0,1003.0,995.0,992.0,999.0,1034.0,1094.0,1075.0,1037.0,1005.29,10.19,1004.71,10.89,1044.07,39.91,1051.52,30.21,1053.41,33.2,0.00687,0.03077,-0.0107,-0.04958,1557.0,1538.0,1498.0,3205.0,3130.0,2793.0,560.0,561.0,558.0,-0.31086,-0.95046,0.59091,0.80674,28,2018-08-30,41,1128.0,0.09771,val
2018-07-23,bsi_value,1028.0,6.93537,1023.0,1016.0,1008.0,998.0,994.0,997.0,1025.0,1092.0,1078.0,1040.0,1010.14,11.65,1004.93,11.31,1042.4,39.5,1051.32,30.32,1053.18,33.3,0.00488,0.03363,0.00292,-0.04749,1566.0,1557.0,1517.0,3304.0,3205.0,3041.0,560.0,560.0,558.0,-0.35947,-0.93316,0.67089,0.74156,28,2018-08-31,39,1132.0,0.09637,val
2018-07-24,bsi_value,1030.0,6.93731,1028.0,1023.0,1016.0,1003.0,995.0,994.0,1017.0,1085.0,1084.0,1042.0,1015.14,11.59,1005.86,12.71,1040.6,38.79,1051.12,30.42,1052.83,33.38,0.00194,0.03457,0.0127,-0.0511,1581.0,1566.0,1527.0,3461.0,3304.0,3156.0,559.0,560.0,559.0,-0.37547,-0.92683,0.696,0.71804,28,2018-09-03,41,1133.0,0.09531,val
2018-07-25,bsi_value,1033.0,6.94022,1030.0,1028.0,1023.0,1008.0,998.0,992.0,1005.0,1078.0,1088.0,1045.0,1020.14,10.63,1007.86,14.5,1038.77,37.79,1050.92,30.5,1052.34,33.34,0.00291,0.03447,0.02748,-0.05187,1588.0,1581.0,1529.0,3462.0,3461.0,3238.0,556.0,559.0,559.0,-0.39136,-0.92024,0.72029,0.69368,28,2018-09-04,41,1135.0,0.09417,val
2018-07-26,bsi_value,1034.0,6.94119,1033.0,1030.0,1028.0,1016.0,1003.0,994.0,999.0,1067.0,1089.0,1043.0,1024.57,8.88,1010.36,15.72,1036.93,36.63,1050.77,30.56,1051.71,33.14,0.00097,0.03044,0.03444,-0.05183,1583.0,1588.0,1530.0,3303.0,3462.0,3335.0,554.0,556.0,561.0,-0.40713,-0.91337,0.74372,0.66849,28,2018-09-05,41,1135.0,0.0932,val
2018-07-27,bsi_value,1035.0,6.94216,1034.0,1033.0,1030.0,1023.0,1008.0,995.0,997.0,1055.0,1091.0,1043.0,1028.43,6.34,1013.07,16.44,1035.07,35.23,1050.63,30.61,1051.0,32.81,0.00097,0.02643,0.03741,-0.05269,1588.0,1583.0,1529.0,3197.0,3303.0,3230.0,553.0,554.0,561.0,-0.42278,-0.90623,0.76627,0.64251,28,2018-09-06,41,1135.0,0.09223,val
2018-07-30,bsi_value,1035.0,6.94216,1035.0,1034.0,1033.0,1028.0,1016.0,998.0,994.0,1042.0,1092.0,1047.0,1031.14,4.12,1016.0,16.44,1033.17,33.6,1050.43,30.68,1050.18,32.27,0.0,0.01853,0.04042,-0.05361,1587.0,1588.0,1538.0,3280.0,3197.0,3130.0,551.0,553.0,561.0,-0.46897,-0.88322,0.8284,0.56014,28,2018-09-07,39,1134.0,0.09135,val
2018-07-31,bsi_value,1035.0,6.94216,1035.0,1035.0,1034.0,1030.0,1023.0,1003.0,992.0,1034.0,1093.0,1050.0,1032.86,2.59,1019.07,15.66,1031.23,31.72,1050.18,30.74,1049.27,31.52,0.0,0.01166,0.04243,-0.05452,1570.0,1587.0,1557.0,3471.0,3280.0,3205.0,549.0,551.0,560.0,-0.48409,-0.87502,0.84717,0.53132,28,2018-09-10,41,1136.0,0.09311,val
2018-08-01,bsi_value,1036.0,6.94312,1035.0,1035.0,1035.0,1033.0,1028.0,1008.0,994.0,1025.0,1094.0,1051.0,1034.0,1.85,1022.07,14.56,1029.3,29.53,1049.93,30.79,1048.31,30.59,0.00097,0.00775,0.04139,-0.05447,1539.0,1570.0,1566.0,3515.0,3471.0,3304.0,547.0,549.0,560.0,-0.49907,-0.86656,0.86495,0.50186,28,2018-09-11,41,1135.0,0.09127,test
2018-08-02,bsi_value,1032.0,6.93925,1036.0,1035.0,1035.0,1034.0,1030.0,1016.0,995.0,1017.0,1094.0,1048.0,1034.29,1.28,1024.71,12.63,1027.23,26.99,1049.67,30.88,1047.32,29.64,-0.00387,0.00194,0.03651,-0.05834,1491.0,1539.0,1581.0,3534.0,3515.0,3461.0,544.0,547.0,559.0,-0.5139,-0.85785,0.8817,0.47181,28,2018-09-12,41,1134.0,0.09425,test
2018-08-03,bsi_value,1030.0,6.93731,1032.0,1036.0,1035.0,1035.0,1033.0,1023.0,998.0,1005.0,1092.0,1052.0,1033.86,1.96,1027.0,10.27,1025.17,24.18,1049.3,30.98,1046.37,28.79,-0.00194,-0.00291,0.03156,-0.05845,1447.0,1491.0,1588.0,3632.0,3534.0,3462.0,543.0,544.0,556.0,-0.52858,-0.84888,0.89741,0.4412,28,2018-09-13,41,1132.0,0.09443,test
2018-08-06,bsi_value,1030.0,6.93731,1030.0,1032.0,1036.0,1035.0,1034.0,1028.0,1003.0,999.0,1085.0,1053.0,1033.29,2.37,1028.93,7.82,1023.33,21.51,1048.92,31.07,1045.52,28.13,0.0,-0.00388,0.02656,-0.05202,1420.0,1447.0,1583.0,3654.0,3632.0,3303.0,542.0,543.0,554.0,-0.57167,-0.82049,0.93809,0.34639,28,2018-09-14,39,1134.0,0.09619,test
2018-08-07,bsi_value,1032.0,6.93925,1030.0,1030.0,1032.0,1035.0,1035.0,1030.0,1008.0,997.0,1078.0,1055.0,1032.86,2.29,1030.64,5.26,1021.8,19.06,1048.53,31.14,1044.84,27.71,0.00194,-0.0029,0.02353,-0.04361,1386.0,1420.0,1588.0,3550.0,3654.0,3197.0,541.0,542.0,553.0,-0.5857,-0.81053,0.94945,0.31392,28,2018-09-17,41,1138.0,0.09777,test
2018-08-08,bsi_value,1035.0,6.94216,1032.0,1030.0,1030.0,1036.0,1035.0,1033.0,1016.0,994.0,1067.0,1053.0,1032.86,2.29,1032.0,3.44,1020.73,17.31,1048.23,31.18,1044.34,27.48,0.0029,0.0,0.01853,-0.03045,1365.0,1386.0,1587.0,3483.0,3550.0,3280.0,541.0,541.0,551.0,-0.59955,-0.80034,0.95969,0.28108,28,2018-09-18,41,1151.0,0.10623,test
2018-08-09,bsi_value,1036.0,6.94312,1035.0,1032.0,1030.0,1032.0,1035.0,1034.0,1023.0,992.0,1055.0,1056.0,1033.0,2.45,1032.93,2.52,1020.1,16.37,1047.9,31.2,1044.0,27.39,0.00097,0.00097,0.01263,-0.01817,1349.0,1365.0,1570.0,3472.0,3483.0,3471.0,543.0,541.0,549.0,-0.61323,-0.7899,0.96879,0.2479,28,2018-09-19,41,1159.0,0.11219,test
2018-08-10,bsi_value,1039.0,6.94601,1036.0,1035.0,1032.0,1030.0,1036.0,1035.0,1028.0,994.0,1042.0,1064.0,1033.43,3.11,1033.71,2.58,1020.0,16.25,1047.48,31.15,1043.81,27.36,0.00289,0.00289,0.01064,-0.00288,1339.0,1349.0,1539.0,3480.0,3472.0,3515.0,542.0,543.0,547.0,-0.62673,-0.77924,0.97674,0.21443,28,2018-09-20,41,1169.0,0.11789,test
2018-08-13,bsi_value,1040.0,6.94698,1039.0,1036.0,1035.0,1030.0,1032.0,1035.0,1030.0,995.0,1034.0,1069.0,1034.57,3.77,1034.43,2.82,1020.2,16.45,1047.0,31.04,1043.79,27.37,0.00096,0.00772,0.00966,0.00579,1339.0,1339.0,1491.0,3536.0,3480.0,3534.0,543.0,542.0,544.0,-0.66609,-0.74587,0.99363,0.11265,28,2018-09-21,39,1175.0,0.12205,test
2018-08-14,bsi_value,1042.0,6.9489,1040.0,1039.0,1036.0,1032.0,1030.0,1035.0,1033.0,998.0,1025.0,1071.0,1036.29,4.03,1035.07,3.39,1020.77,16.9,1046.52,30.89,1043.9,27.34,0.00192,0.01158,0.00867,0.01645,1362.0,1339.0,1447.0,3587.0,3536.0,3632.0,543.0,543.0,543.0,-0.67882,-0.7343,0.99692,0.07841,28,2018-09-24,41,1185.0,0.1286,test
2018-08-15,bsi_value,1045.0,6.95177,1042.0,1040.0,1039.0,1035.0,1030.0,1036.0,1034.0,1003.0,1017.0,1074.0,1038.43,4.1,1035.86,4.22,1021.7,17.43,1046.03,30.68,1044.13,27.26,0.00287,0.01446,0.01058,0.02716,1403.0,1362.0,1420.0,3560.0,3587.0,3654.0,543.0,543.0,542.0,-0.69135,-0.72252,0.99903,0.04407,28,2018-09-25,41,1190.0,0.12994,test
2018-08-16,bsi_value,1050.0,6.95655,1045.0,1042.0,1040.0,1036.0,1032.0,1032.0,1035.0,1008.0,1005.0,1074.0,1041.0,4.84,1036.93,5.56,1023.2,17.86,1045.63,30.47,1044.51,27.1,0.00477,0.01729,0.01439,0.0438,1447.0,1403.0,1386.0,3476.0,3560.0,3550.0,544.0,543.0,541.0,-0.70368,-0.71052,0.99995,0.00968,28,2018-09-26,41,1194.0,0.12852,test
2018-08-17,bsi_value,1056.0,6.96224,1050.0,1045.0,1042.0,1039.0,1035.0,1030.0,1035.0,1016.0,999.0,1074.0,1044.0,6.44,1038.43,7.37,1025.1,18.21,1045.33,30.27,1044.98,26.93,0.0057,0.02009,0.02009,0.05549,1485.0,1447.0,1365.0,3454.0,3476.0,3483.0,545.0,544.0,541.0,-0.7158,-0.69831,0.99969,-0.02473,28,2018-09-27,41,1195.0,0.12366,test
2018-08-20,bsi_value,1062.0,6.96791,1056.0,1050.0,1045.0,1040.0,1036.0,1030.0,1035.0,1023.0,997.0,1071.0,1047.71,8.05,1040.36,9.46,1027.27,18.6,1045.18,30.17,1045.51,26.79,0.00567,0.02479,0.02575,0.06316,1506.0,1485.0,1349.0,3424.0,3454.0,3472.0,543.0,545.0,543.0,-0.75086,-0.66046,0.99183,-0.12759,28,2018-09-28,39,1194.0,0.11716,test
2018-08-21,bsi_value,1069.0,6.97448,1062.0,1056.0,1050.0,1042.0,1039.0,1032.0,1036.0,1028.0,994.0,1068.0,1052.0,10.01,1042.71,11.88,1029.77,19.0,1045.2,30.18,1046.13,26.67,0.00657,0.02846,0.03136,0.07274,1530.0,1506.0,1339.0,3426.0,3424.0,3480.0,543.0,543.0,542.0,-0.76211,-0.64744,0.98685,-0.16164,28,2018-10-01,41,1193.0,0.10975,test
2018-08-22,bsi_value,1078.0,6.98286,1069.0,1062.0,1056.0,1045.0,1040.0,1035.0,1032.0,1030.0,992.0,1064.0,1057.43,12.12,1046.0,14.53,1032.63,19.56,1045.43,30.38,1046.82,26.69,0.00838,0.03589,0.04361,0.08314,1560.0,1530.0,1339.0,3371.0,3426.0,3536.0,548.0,543.0,543.0,-0.77314,-0.63424,0.98071,-0.19549,28,2018-10-02,41,1189.0,0.09801,test
2018-08-23,bsi_value,1087.0,6.99118,1078.0,1069.0,1062.0,1050.0,1042.0,1036.0,1030.0,1033.0,994.0,1063.0,1063.86,14.01,1050.07,17.21,1035.73,20.54,1045.83,30.76,1047.59,26.84,0.00831,0.04228,0.05386,0.08944,1607.0,1560.0,1362.0,3232.0,3371.0,3587.0,547.0,548.0,543.0,-0.78393,-0.62084,0.9734,-0.2291,28,2018-10-03,41,1190.0,0.09053,test
2018-08-24,bsi_value,1095.0,6.99851,1087.0,1078.0,1069.0,1056.0,1045.0,1039.0,1030.0,1034.0,995.0,1061.0,1071.0,15.27,1054.71,19.75,1039.07,21.74,1046.4,31.34,1048.4,27.16,0.00733,0.04674,0.0612,0.09577,1630.0,1607.0,1403.0,3164.0,3232.0,3560.0,551.0,547.0,543.0,-0.7945,-0.60727,0.96495,-0.26245,28,2018-10-04,41,1192.0,0.08488,test
2018-08-28,bsi_value,1110.0,7.01212,1095.0,1087.0,1078.0,1062.0,1050.0,1040.0,1032.0,1035.0,998.0,1061.0,1079.57,17.72,1060.29,23.25,1042.8,23.88,1047.22,32.34,1049.38,27.76,0.01361,0.05557,0.07286,0.10636,1643.0,1630.0,1447.0,3088.0,3164.0,3476.0,554.0,551.0,544.0,-0.83437,-0.5512,0.91982,-0.39235,28,2018-10-05,38,1197.0,0.07546,test
2018-08-29,bsi_value,1121.0,7.02198,1110.0,1095.0,1087.0,1069.0,1056.0,1042.0,1035.0,1035.0,1003.0,1065.0,1088.86,19.84,1066.43,26.84,1046.73,26.56,1048.15,33.62,1050.44,28.64,0.00986,0.05973,0.07982,0.11123,1639.0,1643.0,1485.0,2994.0,3088.0,3454.0,556.0,554.0,545.0,-0.84373,-0.53677,0.90578,-0.42375,28,2018-10-08,40,1201.0,0.06893,test
2018-08-30,bsi_value,1128.0,7.0282,1121.0,1110.0,1095.0,1078.0,1062.0,1045.0,1036.0,1035.0,1008.0,1065.0,1098.29,20.51,1073.0,29.7,1050.73,29.32,1049.2,35.08,1051.57,29.66,0.00623,0.06029,0.08508,0.11248,1608.0,1639.0,1506.0,2826.0,2994.0,3424.0,559.0,556.0,543.0,-0.85284,-0.52218,0.89066,-0.45466,28,2018-10-09,40,1203.0,0.06437,test
2018-08-31,bsi_value,1132.0,7.03174,1128.0,1121.0,1110.0,1087.0,1069.0,1050.0,1039.0,1036.0,1016.0,1072.0,1107.29,19.48,1079.64,31.69,1054.6,32.01,1050.2,36.54,1052.7,30.74,0.00354,0.05726,0.08573,0.10811,1571.0,1608.0,1530.0,2732.0,2826.0,3426.0,562.0,559.0,543.0,-0.86169,-0.50743,0.8745,-0.48503,28,2018-10-10,40,1205.0,0.06249,test
2018-09-03,bsi_value,1133.0,7.03262,1132.0,1128.0,1121.0,1095.0,1078.0,1056.0,1040.0,1032.0,1023.0,1075.0,1115.14,17.02,1086.29,32.42,1058.27,34.39,1051.17,37.93,1053.77,31.82,0.00088,0.04976,0.08565,0.10213,1540.0,1571.0,1560.0,2672.0,2732.0,3371.0,563.0,562.0,548.0,-0.88672,-0.4623,0.81987,-0.57255,28,2018-10-11,38,1207.0,0.06327,test
2018-09-04,bsi_value,1135.0,7.03439,1133.0,1132.0,1128.0,1110.0,1087.0,1062.0,1042.0,1030.0,1028.0,1078.0,1122.0,13.63,1092.93,32.19,1061.83,36.55,1052.12,39.28,1054.82,32.91,0.00176,0.04321,0.08549,0.09902,1517.0,1540.0,1607.0,2535.0,2672.0,3232.0,564.0,563.0,547.0,-0.89454,-0.44698,0.79969,-0.60041,28,2018-10-12,38,1204.0,0.05902,test
2018-09-05,bsi_value,1135.0,7.03439,1135.0,1133.0,1132.0,1121.0,1095.0,1069.0,1045.0,1030.0,1030.0,1084.0,1127.71,8.55,1099.36,30.94,1065.33,38.32,1052.97,40.49,1055.86,33.93,0.0,0.03588,0.08262,0.09707,1504.0,1517.0,1630.0,2410.0,2535.0,3164.0,565.0,564.0,551.0,-0.9021,-0.43153,0.77856,-0.62756,28,2018-10-15,40,1200.0,0.05569,test
2018-09-06,bsi_value,1135.0,7.03439,1135.0,1135.0,1133.0,1128.0,1110.0,1078.0,1050.0,1032.0,1033.0,1088.0,1131.29,4.8,1105.43,28.93,1068.73,39.8,1053.75,41.6,1056.86,34.91,0.0,0.02227,0.07784,0.09417,1516.0,1504.0,1643.0,2424.0,2410.0,3088.0,565.0,565.0,554.0,-0.90939,-0.41595,0.75652,-0.65397,28,2018-10-16,40,1196.0,0.05235,test
2018-09-07,bsi_value,1134.0,7.03351,1135.0,1135.0,1135.0,1132.0,1121.0,1087.0,1056.0,1035.0,1034.0,1089.0,1133.14,2.36,1111.0,26.27,1072.07,40.92,1054.5,42.62,1057.87,35.8,-0.00088,0.01153,0.07126,0.09232,1528.0,1516.0,1639.0,2411.0,2424.0,2994.0,568.0,565.0,556.0,-0.91641,-0.40024,0.73357,-0.67961,28,2018-10-17,40,1192.0,0.04988,test
2018-09-10,bsi_value,1136.0,7.03527,1134.0,1135.0,1135.0,1133.0,1128.0,1095.0,1062.0,1036.0,1035.0,1091.0,1134.29,1.28,1116.29,23.13,1075.43,41.87,1055.25,43.64,1058.9,36.69,0.00176,0.00707,0.06736,0.09311,1544.0,1528.0,1608.0,2363.0,2411.0,2826.0,569.0,568.0,559.0,-0.93583,-0.35244,0.65965,-0.75157,28,2018-10-18,38,1181.0,0.03885,test
2018-09-11,bsi_value,1135.0,7.03439,1136.0,1134.0,1135.0,1135.0,1132.0,1110.0,1069.0,1039.0,1035.0,1092.0,1134.71,0.88,1121.0,19.45,1078.77,42.5,1055.97,44.58,1059.88,37.52,-0.00088,0.00265,0.05991,0.09223,1556.0,1544.0,1571.0,2191.0,2363.0,2732.0,572.0,569.0,562.0,-0.94176,-0.33629,0.63341,-0.77382,28,2018-10-19,38,1170.0,0.03037,test
2018-09-12,bsi_value,1134.0,7.03351,1135.0,1136.0,1134.0,1135.0,1133.0,1121.0,1078.0,1040.0,1035.0,1093.0,1134.86,0.64,1125.0,15.56,1082.07,42.81,1056.65,45.45,1060.81,38.3,-0.00088,0.00088,0.05064,0.09135,1550.0,1556.0,1540.0,2074.0,2191.0,2672.0,576.0,572.0,563.0,-0.9474,-0.32004,0.60641,-0.79515,28,2018-10-22,40,1163.0,0.02525,test
2018-09-13,bsi_value,1132.0,7.03174,1134.0,1135.0,1136.0,1135.0,1135.0,1128.0,1087.0,1042.0,1036.0,1094.0,1134.43,1.18,1128.21,11.5,1085.27,42.84,1057.28,46.22,1061.71,39.0,-0.00177,-0.00265,0.04056,0.08862,1534.0,1550.0,1517.0,1980.0,2074.0,2535.0,581.0,576.0,564.0,-0.95277,-0.3037,0.5787,-0.81554,28,2018-10-23,40,1156.0,0.02098,test
2018-09-14,bsi_value,1134.0,7.03351,1132.0,1134.0,1135.0,1134.0,1135.0,1132.0,1095.0,1045.0,1032.0,1094.0,1134.29,1.16,1131.0,6.93,1088.67,42.52,1057.95,47.03,1062.67,39.7,0.00177,-0.00088,0.035,0.09425,1523.0,1534.0,1504.0,1900.0,1980.0,2410.0,588.0,581.0,565.0,-0.95785,-0.28726,0.55031,-0.83496,28,2018-10-24,40,1144.0,0.00878,test
2018-09-17,bsi_value,1138.0,7.03703,1134.0,1132.0,1134.0,1136.0,1135.0,1133.0,1110.0,1050.0,1030.0,1092.0,1134.71,1.75,1133.0,4.0,1092.27,41.97,1058.72,47.95,1063.62,40.46,0.00352,0.00264,0.02491,0.09971,1518.0,1523.0,1516.0,1853.0,1900.0,2424.0,596.0,588.0,565.0,-0.9714,-0.23747,0.46135,-0.88722,28,2018-10-25,38,1132.0,-0.00529,test
2018-09-18,bsi_value,1151.0,7.04839,1138.0,1134.0,1132.0,1135.0,1134.0,1135.0,1121.0,1056.0,1030.0,1085.0,1137.14,5.91,1135.14,4.93,1096.3,41.61,1059.82,49.27,1064.71,41.47,0.01136,0.01488,0.02641,0.11107,1525.0,1518.0,1528.0,1826.0,1853.0,2411.0,600.0,596.0,568.0,-0.97534,-0.22072,0.43056,-0.90256,28,2018-10-26,38,1117.0,-0.02998,test
2018-09-19,bsi_value,1159.0,7.05531,1151.0,1138.0,1134.0,1134.0,1136.0,1135.0,1128.0,1062.0,1032.0,1078.0,1140.43,9.6,1137.36,7.51,1100.53,41.31,1061.17,50.84,1065.87,42.62,0.00693,0.02004,0.02711,0.11606,1530.0,1525.0,1544.0,1850.0,1826.0,2363.0,604.0,600.0,569.0,-0.97899,-0.20391,0.39926,-0.91684,28,2018-10-29,40,1106.0,-0.04681,test
2018-09-20,bsi_value,1169.0,7.0639,1159.0,1151.0,1138.0,1132.0,1135.0,1135.0,1132.0,1069.0,1035.0,1067.0,1145.29,13.46,1140.0,10.9,1105.0,41.23,1062.87,52.68,1067.16,43.94,0.00859,0.02952,0.03216,0.12175,1557.0,1530.0,1556.0,1838.0,1850.0,2191.0,612.0,604.0,572.0,-0.98235,-0.18704,0.36748,-0.93003,28,2018-10-30,40,1087.0,-0.07273,test
2018-09-21,bsi_value,1175.0,7.06902,1169.0,1159.0,1151.0,1134.0,1134.0,1134.0,1133.0,1078.0,1036.0,1055.0,1151.14,15.96,1143.0,13.92,1109.63,41.02,1064.87,54.58,1068.48,45.35,0.00512,0.03552,0.0364,0.1259,1586.0,1557.0,1550.0,1840.0,1838.0,2074.0,617.0,612.0,576.0,-0.98542,-0.17012,0.33528,-0.94212,28,2018-10-31,40,1073.0,-0.09081,test
2018-09-24,bsi_value,1185.0,7.0775,1175.0,1169.0,1159.0,1138.0,1132.0,1136.0,1135.0,1087.0,1039.0,1042.0,1158.71,17.57,1146.57,17.39,1114.5,41.01,1067.25,56.62,1069.82,46.96,0.00847,0.04576,0.04311,0.13148,1609.0,1586.0,1534.0,1864.0,1840.0,1980.0,622.0,617.0,581.0,-0.99289,-0.11906,0.23642,-0.97165,28,2018-11-01,38,1061.0,-0.11053,test
2018-09-25,bsi_value,1190.0,7.08171,1185.0,1175.0,1169.0,1151.0,1134.0,1135.0,1135.0,1095.0,1040.0,1034.0,1166.71,17.24,1150.5,20.3,1119.5,40.77,1069.85,58.58,1071.17,48.62,0.00421,0.0482,0.04732,0.13473,1639.0,1609.0,1523.0,1868.0,1864.0,1900.0,622.0,622.0,588.0,-0.99479,-0.10196,0.20286,-0.97921,28,2018-11-02,38,1051.0,-0.12421,test
2018-09-26,bsi_value,1194.0,7.08506,1190.0,1185.0,1175.0,1159.0,1138.0,1134.0,1135.0,1110.0,1042.0,1025.0,1174.71,14.9,1154.71,22.64,1124.57,40.26,1072.67,60.39,1072.53,50.3,0.00336,0.04804,0.05068,0.13617,1677.0,1639.0,1518.0,1910.0,1868.0,1853.0,626.0,622.0,596.0,-0.9964,-0.08483,0.16906,-0.98561,28,2018-11-05,40,1041.0,-0.13713,test
2018-09-27,bsi_value,1195.0,7.0859,1194.0,1190.0,1185.0,1169.0,1151.0,1132.0,1134.0,1121.0,1045.0,1017.0,1181.0,12.68,1159.07,24.06,1129.57,39.38,1075.63,61.93,1073.88,51.91,0.00084,0.03752,0.05239,0.13413,1689.0,1677.0,1525.0,1949.0,1910.0,1826.0,627.0,626.0,600.0,-0.99771,-0.06768,0.13506,-0.99084,28,2018-11-06,40,1033.0,-0.14568,test
2018-09-28,bsi_value,1194.0,7.08506,1195.0,1194.0,1190.0,1175.0,1159.0,1134.0,1136.0,1128.0,1050.0,1005.0,1186.0,9.53,1163.21,24.71,1134.37,38.14,1078.78,63.06,1075.21,53.42,-0.00084,0.02975,0.0498,0.12852,1695.0,1689.0,1530.0,2000.0,1949.0,1850.0,629.0,627.0,604.0,-0.99872,-0.05051,0.10089,-0.9949,28,2018-11-07,40,1021.0,-0.15653,test
2018-10-01,bsi_value,1193.0,7.08423,1194.0,1195.0,1194.0,1185.0,1169.0,1138.0,1135.0,1132.0,1056.0,999.0,1189.43,6.69,1167.36,24.5,1138.93,36.66,1082.02,63.85,1076.53,54.83,-0.00084,0.02032,0.04984,0.12198,1692.0,1695.0,1557.0,2061.0,2000.0,1838.0,630.0,629.0,612.0,-1.0,0.00108,-0.00215,-1.0,28,2018-11-08,38,1013.0,-0.16355,test
2018-10-02,bsi_value,1189.0,7.08087,1193.0,1194.0,1195.0,1190.0,1175.0,1151.0,1134.0,1133.0,1062.0,997.0,1191.43,3.33,1171.29,23.21,1143.17,34.82,1085.22,64.32,1077.84,56.07,-0.00336,0.01184,0.04736,0.11296,1678.0,1692.0,1586.0,2148.0,2061.0,1840.0,631.0,630.0,617.0,-0.99983,0.01828,-0.03655,-0.99933,28,2018-11-09,38,1003.0,-0.17012,test
2018-10-03,bsi_value,1190.0,7.08171,1189.0,1193.0,1194.0,1194.0,1185.0,1159.0,1132.0,1135.0,1069.0,994.0,1192.14,2.23,1175.43,20.89,1147.2,32.95,1088.48,64.58,1079.2,57.28,0.00084,0.00421,0.04997,0.10723,1679.0,1678.0,1609.0,2199.0,2148.0,1864.0,633.0,631.0,622.0,-0.99937,0.03547,-0.0709,-0.99748,28,2018-11-12,40,994.0,-0.17997,test
2018-10-04,bsi_value,1192.0,7.08339,1190.0,1189.0,1193.0,1195.0,1190.0,1169.0,1134.0,1135.0,1078.0,992.0,1192.43,2.06,1179.57,17.78,1151.0,31.28,1091.82,64.68,1080.62,58.46,0.00168,0.00168,0.04988,0.10053,1706.0,1679.0,1639.0,2148.0,2199.0,1868.0,634.0,633.0,622.0,-0.99861,0.05266,-0.10517,-0.99445,28,2018-11-13,40,986.0,-0.18973,test
2018-10-05,bsi_value,1197.0,7.08757,1192.0,1190.0,1189.0,1194.0,1194.0,1175.0,1138.0,1135.0,1087.0,994.0,1192.86,2.59,1183.79,14.02,1154.67,29.99,1095.2,64.78,1082.11,59.69,0.00419,0.00251,0.05055,0.0964,1727.0,1706.0,1677.0,2081.0,2148.0,1910.0,637.0,634.0,626.0,-0.99756,0.06983,-0.13932,-0.99025,28,2018-11-14,40,982.0,-0.19798,test
2018-10-08,bsi_value,1201.0,7.09091,1197.0,1192.0,1190.0,1193.0,1195.0,1185.0,1151.0,1134.0,1095.0,995.0,1193.71,3.84,1187.36,11.32,1158.2,28.98,1098.63,64.84,1083.67,60.93,0.00334,0.00501,0.04252,0.0924,1749.0,1727.0,1689.0,2042.0,2081.0,1949.0,639.0,637.0,627.0,-0.99263,0.12119,-0.2406,-0.97062,28,2018-11-15,38,970.0,-0.21361,test
2018-10-09,bsi_value,1203.0,7.09257,1201.0,1197.0,1192.0,1189.0,1194.0,1190.0,1159.0,1136.0,1110.0,998.0,1195.0,5.04,1190.5,8.85,1161.3,28.63,1102.05,64.85,1085.24,62.15,0.00166,0.00751,0.03726,0.08046,1747.0,1749.0,1695.0,1961.0,2042.0,2000.0,643.0,639.0,629.0,-0.9904,0.13825,-0.27385,-0.96177,28,2018-11-16,38,969.0,-0.21631,test
2018-10-10,bsi_value,1205.0,7.09423,1203.0,1201.0,1197.0,1190.0,1193.0,1194.0,1169.0,1135.0,1121.0,1003.0,1196.71,6.02,1193.07,7.33,1164.1,28.65,1105.42,64.86,1086.8,63.36,0.00166,0.01001,0.03033,0.07226,1749.0,1747.0,1692.0,1949.0,1961.0,2061.0,647.0,643.0,630.0,-0.98787,0.15527,-0.30677,-0.95178,28,2018-11-19,40,964.0,-0.22314,test
2018-10-11,bsi_value,1207.0,7.09589,1205.0,1203.0,1201.0,1192.0,1189.0,1195.0,1175.0,1134.0,1128.0,1008.0,1199.29,6.02,1195.36,6.25,1166.73,28.85,1108.73,64.88,1088.38,64.56,0.00166,0.01503,0.02687,0.06769,1763.0,1749.0,1678.0,2005.0,1949.0,2148.0,652.0,647.0,631.0,-0.98506,0.17224,-0.33932,-0.94067,28,2018-11-20,40,963.0,-0.22584,test
2018-10-12,bsi_value,1204.0,7.0934,1207.0,1205.0,1203.0,1197.0,1190.0,1194.0,1185.0,1132.0,1132.0,1016.0,1201.29,4.8,1196.71,5.91,1169.13,28.85,1111.87,64.87,1089.84,65.66,-0.00249,0.0117,0.01591,0.06166,1775.0,1763.0,1679.0,2169.0,2005.0,2199.0,657.0,652.0,633.0,-0.98195,0.18916,-0.37148,-0.92844,28,2018-11-21,40,959.0,-0.22751,test
2018-10-15,bsi_value,1200.0,7.09008,1204.0,1207.0,1205.0,1201.0,1192.0,1193.0,1190.0,1134.0,1133.0,1023.0,1202.43,3.11,1197.43,5.65,1171.37,28.56,1114.82,64.79,1091.23,66.64,-0.00333,0.00669,0.00837,0.05745,1779.0,1775.0,1706.0,2189.0,2169.0,2148.0,661.0,657.0,634.0,-0.97088,0.23956,-0.46516,-0.88523,28,2018-11-22,38,956.0,-0.22732,test
2018-10-16,bsi_value,1196.0,7.08674,1200.0,1204.0,1207.0,1203.0,1197.0,1189.0,1194.0,1138.0,1135.0,1028.0,1202.29,3.37,1197.57,5.59,1173.4,28.06,1117.62,64.6,1092.54,67.53,-0.00334,-0.00084,0.00167,0.05235,1793.0,1779.0,1727.0,2164.0,2189.0,2081.0,663.0,661.0,637.0,-0.96662,0.25622,-0.49534,-0.8687,28,2018-11-23,38,952.0,-0.22817,test
2018-10-17,bsi_value,1192.0,7.08339,1196.0,1200.0,1204.0,1205.0,1201.0,1190.0,1195.0,1151.0,1135.0,1030.0,1201.0,4.96,1197.36,5.74,1175.3,27.32,1120.32,64.27,1093.74,68.32,-0.00335,-0.00752,-0.00251,0.049,1796.0,1793.0,1749.0,2106.0,2164.0,2042.0,665.0,663.0,639.0,-0.96207,0.27281,-0.52493,-0.85115,28,2018-11-26,40,947.0,-0.23009,test
2018-10-18,bsi_value,1181.0,7.07412,1192.0,1196.0,1200.0,1207.0,1203.0,1192.0,1194.0,1159.0,1135.0,1033.0,1197.86,8.44,1196.43,7.1,1176.83,26.29,1122.78,63.71,1094.78,68.92,-0.00927,-0.01846,-0.01095,0.03973,1789.0,1796.0,1747.0,2176.0,2106.0,1961.0,668.0,665.0,643.0,-0.95723,0.28932,-0.55389,-0.83259,28,2018-11-27,40,943.0,-0.22505,test
2018-10-19,bsi_value,1170.0,7.06476,1181.0,1192.0,1196.0,1204.0,1205.0,1197.0,1193.0,1169.0,1134.0,1034.0,1192.86,12.24,1194.79,9.84,1178.03,25.1,1125.05,62.92,1095.68,69.37,-0.00936,-0.02948,-0.01947,0.03125,1775.0,1789.0,1749.0,2230.0,2176.0,1949.0,670.0,668.0,647.0,-0.95211,0.30574,-0.5822,-0.81304,28,2018-11-28,40,942.0,-0.21675,test
2018-10-22,bsi_value,1163.0,7.05876,1170.0,1181.0,1192.0,1200.0,1207.0,1201.0,1189.0,1175.0,1136.0,1035.0,1186.57,14.46,1192.93,12.77,1178.93,24.04,1127.18,62.0,1096.48,69.73,-0.006,-0.03714,-0.02211,0.02349,1756.0,1775.0,1763.0,2296.0,2230.0,2005.0,671.0,670.0,652.0,-0.93507,0.35445,-0.66288,-0.74873,28,2018-11-29,38,945.0,-0.20757,test
2018-10-23,bsi_value,1156.0,7.05272,1163.0,1170.0,1181.0,1196.0,1204.0,1203.0,1190.0,1185.0,1135.0,1035.0,1179.71,15.88,1190.5,15.94,1179.63,23.03,1129.2,60.92,1097.19,70.0,-0.00604,-0.04068,-0.02899,0.01833,1715.0,1756.0,1775.0,2363.0,2296.0,2169.0,673.0,671.0,657.0,-0.92884,0.37048,-0.68824,-0.72549,28,2018-11-30,38,944.0,-0.20259,test
2018-10-24,bsi_value,1144.0,7.04229,1156.0,1163.0,1170.0,1192.0,1200.0,1205.0,1192.0,1190.0,1134.0,1035.0,1171.71,17.65,1187.07,19.91,1179.97,22.43,1131.02,59.7,1097.76,70.17,-0.01043,-0.04779,-0.0411,0.00878,1669.0,1715.0,1779.0,2388.0,2363.0,2189.0,675.0,673.0,661.0,-0.92233,0.38641,-0.71279,-0.70138,28,2018-12-03,40,945.0,-0.1911,test
2018-10-25,bsi_value,1132.0,7.03174,1144.0,1156.0,1163.0,1181.0,1196.0,1207.0,1197.0,1194.0,1132.0,1036.0,1162.57,19.21,1182.43,24.18,1179.97,22.43,1132.62,58.41,1098.18,70.26,-0.01054,-0.055,-0.05583,0.0,1622.0,1669.0,1793.0,2353.0,2388.0,2164.0,676.0,675.0,663.0,-0.91555,0.40221,-0.73649,-0.67645,28,2018-12-04,40,949.0,-0.17633,test
2018-10-26,bsi_value,1117.0,7.0184,1132.0,1144.0,1156.0,1170.0,1192.0,1204.0,1201.0,1195.0,1134.0,1032.0,1151.86,20.67,1176.43,28.8,1179.4,23.76,1134.03,56.96,1098.43,70.29,-0.01334,-0.06499,-0.07251,-0.0151,1583.0,1622.0,1796.0,2526.0,2353.0,2106.0,675.0,676.0,665.0,-0.90849,0.4179,-0.75932,-0.65071,28,2018-12-05,40,950.0,-0.16194,test
2018-10-29,bsi_value,1106.0,7.00851,1117.0,1132.0,1144.0,1163.0,1181.0,1200.0,1203.0,1194.0,1138.0,1030.0,1141.14,22.17,1169.5,32.95,1178.33,26.19,1135.3,55.46,1098.59,70.29,-0.0099,-0.06561,-0.08407,-0.02852,1556.0,1583.0,1789.0,2607.0,2526.0,2176.0,675.0,675.0,668.0,-0.88572,0.46421,-0.82233,-0.56902,28,2018-12-06,38,951.0,-0.15099,test
2018-10-30,bsi_value,1087.0,6.99118,1106.0,1117.0,1132.0,1156.0,1170.0,1196.0,1205.0,1193.0,1151.0,1030.0,1129.29,25.51,1161.07,37.56,1176.2,30.57,1136.25,54.12,1098.61,70.29,-0.01733,-0.07358,-0.10306,-0.05721,1530.0,1556.0,1775.0,2630.0,2607.0,2230.0,675.0,675.0,670.0,-0.87761,0.47938,-0.84141,-0.54039,28,2018-12-07,38,953.0,-0.13156,test
2018-10-31,bsi_value,1073.0,6.97821,1087.0,1106.0,1117.0,1144.0,1163.0,1192.0,1207.0,1189.0,1159.0,1032.0,1116.43,27.85,1151.5,41.5,1173.33,35.66,1136.93,53.05,1098.56,70.3,-0.01296,-0.08054,-0.11768,-0.0771,1524.0,1530.0,1756.0,2596.0,2630.0,2296.0,671.0,675.0,671.0,-0.86923,0.4944,-0.8595,-0.51113,28,2018-12-10,40,955.0,-0.1165,test
2018-11-01,bsi_value,1061.0,6.96697,1073.0,1087.0,1106.0,1132.0,1156.0,1181.0,1204.0,1190.0,1169.0,1035.0,1102.86,28.4,1141.29,44.79,1169.73,40.97,1137.37,52.31,1098.49,70.34,-0.01125,-0.08575,-0.12644,-0.09694,1526.0,1524.0,1715.0,2530.0,2596.0,2363.0,668.0,671.0,673.0,-0.8606,0.50928,-0.87658,-0.48126,28,2018-12-11,40,958.0,-0.10212,test
2018-11-02,bsi_value,1051.0,6.9575,1061.0,1073.0,1087.0,1117.0,1144.0,1170.0,1200.0,1192.0,1175.0,1036.0,1089.57,27.79,1130.64,47.21,1165.6,46.16,1137.62,51.86,1098.44,70.37,-0.00947,-0.08479,-0.13258,-0.11153,1530.0,1526.0,1669.0,2502.0,2530.0,2388.0,666.0,668.0,675.0,-0.85171,0.52401,-0.89261,-0.45083,28,2018-12-12,40,963.0,-0.08744,test
2018-11-05,bsi_value,1041.0,6.94794,1051.0,1061.0,1073.0,1106.0,1132.0,1163.0,1196.0,1197.0,1185.0,1039.0,1076.57,26.14,1119.57,48.74,1160.8,51.11,1137.65,51.8,1098.43,70.38,-0.00956,-0.0838,-0.1388,-0.12956,1531.0,1530.0,1622.0,2397.0,2502.0,2353.0,665.0,666.0,676.0,-0.82355,0.56725,-0.93431,-0.35646,28,2018-12-13,38,968.0,-0.0727,test
2018-11-06,bsi_value,1033.0,6.94022,1041.0,1051.0,1061.0,1087.0,1117.0,1156.0,1192.0,1201.0,1190.0,1040.0,1064.57,24.02,1108.21,49.06,1155.57,55.69,1137.53,52.03,1098.42,70.39,-0.00771,-0.07818,-0.14317,-0.14149,1528.0,1531.0,1583.0,2296.0,2397.0,2526.0,663.0,665.0,675.0,-0.81367,0.58133,-0.94602,-0.32411,28,2018-12-14,38,974.0,-0.05881,test
2018-11-07,bsi_value,1021.0,6.92854,1033.0,1041.0,1051.0,1073.0,1106.0,1144.0,1181.0,1203.0,1194.0,1042.0,1052.43,21.35,1096.79,49.41,1149.8,60.18,1137.18,52.73,1098.38,70.43,-0.01168,-0.07997,-0.14558,-0.15653,1511.0,1528.0,1556.0,1968.0,2296.0,2607.0,660.0,663.0,675.0,-0.80355,0.59524,-0.95661,-0.29138,28,2018-12-17,40,978.0,-0.04303,test
2018-11-08,bsi_value,1013.0,6.92067,1021.0,1033.0,1041.0,1061.0,1087.0,1132.0,1170.0,1205.0,1195.0,1045.0,1041.86,19.88,1085.57,49.34,1143.73,64.35,1136.65,53.81,1098.33,70.49,-0.00787,-0.07051,-0.14409,-0.16523,1496.0,1511.0,1530.0,1747.0,1968.0,2630.0,658.0,660.0,675.0,-0.79319,0.60897,-0.96606,-0.2583,28,2018-12-18,40,977.0,-0.03618,test
2018-11-09,bsi_value,1003.0,6.91075,1013.0,1021.0,1033.0,1051.0,1073.0,1117.0,1163.0,1207.0,1194.0,1050.0,1031.86,19.3,1074.14,48.6,1137.37,68.38,1135.87,55.39,1098.31,70.52,-0.00992,-0.06746,-0.14801,-0.17431,1495.0,1496.0,1524.0,1461.0,1747.0,2596.0,656.0,658.0,671.0,-0.7826,0.62253,-0.97438,-0.22492,28,2018-12-19,40,979.0,-0.02422,test
2018-11-12,bsi_value,994.0,6.90174,1003.0,1013.0,1021.0,1041.0,1061.0,1106.0,1156.0,1204.0,1193.0,1056.0,1022.29,19.08,1062.57,46.99,1130.73,72.21,1134.83,57.41,1098.26,70.6,-0.00901,-0.06523,-0.15098,-0.18249,1496.0,1495.0,1526.0,1398.0,1461.0,2530.0,654.0,656.0,668.0,-0.74944,0.66207,-0.99237,-0.12333,28,2018-12-20,38,979.0,-0.01521,test
2018-11-13,bsi_value,986.0,6.89366,994.0,1003.0,1013.0,1033.0,1051.0,1087.0,1144.0,1200.0,1189.0,1062.0,1013.0,18.66,1051.29,45.01,1123.97,75.85,1133.57,59.79,1098.13,70.78,-0.00808,-0.06384,-0.14863,-0.18721,1498.0,1496.0,1530.0,1153.0,1398.0,2502.0,653.0,654.0,666.0,-0.73794,0.67486,-0.99602,-0.08912,28,2018-12-21,38,977.0,-0.00917,test
2018-11-14,bsi_value,982.0,6.88959,986.0,994.0,1003.0,1021.0,1041.0,1073.0,1132.0,1196.0,1190.0,1069.0,1004.57,17.39,1040.57,42.3,1117.03,78.94,1132.12,62.34,1098.0,70.99,-0.00407,-0.05835,-0.14215,-0.19212,1484.0,1498.0,1531.0,940.0,1153.0,2397.0,652.0,653.0,665.0,-0.72622,0.68746,-0.9985,-0.05481,28,2018-12-24,40,975.0,-0.00715,test
2018-11-15,bsi_value,970.0,6.8773,982.0,986.0,994.0,1013.0,1033.0,1061.0,1117.0,1192.0,1192.0,1078.0,995.57,16.64,1030.07,40.21,1109.63,81.92,1130.32,65.36,1097.76,71.39,-0.0123,-0.06293,-0.14111,-0.20609,1466.0,1484.0,1528.0,1007.0,940.0,2296.0,649.0,652.0,663.0,-0.71429,0.69985,-0.99979,-0.02043,28,2019-01-02,48,967.0,-0.0031,test
2018-11-16,bsi_value,969.0,6.87626,970.0,982.0,986.0,1003.0,1021.0,1051.0,1106.0,1181.0,1197.0,1087.0,988.14,15.17,1020.29,37.1,1102.03,84.01,1128.35,68.34,1097.48,71.84,-0.00103,-0.05227,-0.13224,-0.21131,1453.0,1466.0,1511.0,1057.0,1007.0,1968.0,646.0,649.0,660.0,-0.70215,0.71203,-0.9999,0.01398,28,2019-01-03,48,958.0,-0.01142,test
2018-11-19,bsi_value,964.0,6.87109,969.0,970.0,982.0,994.0,1013.0,1041.0,1087.0,1170.0,1201.0,1095.0,981.14,13.27,1011.5,34.75,1094.13,85.46,1126.17,71.4,1097.13,72.4,-0.00517,-0.04958,-0.12009,-0.21982,1437.0,1453.0,1496.0,1050.0,1057.0,1747.0,645.0,646.0,658.0,-0.66448,0.7473,-0.99314,0.11692,28,2019-01-04,46,946.0,-0.01885,test
2018-11-20,bsi_value,963.0,6.87005,964.0,969.0,970.0,986.0,1003.0,1033.0,1073.0,1163.0,1203.0,1110.0,975.43,11.06,1003.64,32.3,1086.13,86.13,1123.72,74.37,1096.74,73.02,-0.00104,-0.0407,-0.10816,-0.22252,1416.0,1437.0,1495.0,1002.0,1050.0,1461.0,644.0,645.0,656.0,-0.65153,0.75862,-0.98853,0.15102,28,2019-01-07,48,933.0,-0.03165,test
2018-11-21,bsi_value,959.0,6.86589,963.0,964.0,969.0,982.0,994.0,1021.0,1061.0,1156.0,1205.0,1121.0,970.43,9.3,996.36,29.96,1077.93,86.13,1121.02,77.3,1096.26,73.79,-0.00416,-0.03585,-0.10108,-0.22834,1393.0,1416.0,1496.0,1056.0,1002.0,1398.0,642.0,644.0,654.0,-0.63838,0.76972,-0.98275,0.18493,28,2019-01-08,48,918.0,-0.04369,test
2018-11-22,bsi_value,956.0,6.86276,959.0,963.0,964.0,970.0,986.0,1013.0,1051.0,1144.0,1207.0,1128.0,966.14,7.95,989.57,27.47,1069.57,85.38,1118.15,80.13,1095.68,74.68,-0.00313,-0.0309,-0.09474,-0.23314,1378.0,1393.0,1498.0,1089.0,1056.0,1153.0,638.0,642.0,653.0,-0.62505,0.78058,-0.97581,0.21863,28,2019-01-09,48,893.0,-0.06817,test
2018-11-23,bsi_value,952.0,6.85857,956.0,959.0,963.0,969.0,982.0,1003.0,1041.0,1132.0,1204.0,1132.0,961.86,6.13,983.21,25.02,1061.17,84.12,1115.15,82.88,1094.97,75.73,-0.00419,-0.03103,-0.08937,-0.23484,1376.0,1378.0,1484.0,1358.0,1089.0,940.0,635.0,638.0,652.0,-0.61153,0.79122,-0.96771,0.25206,28,2019-01-10,48,870.0,-0.09007,test
2018-11-26,bsi_value,947.0,6.8533,952.0,956.0,959.0,964.0,970.0,994.0,1033.0,1117.0,1200.0,1133.0,958.57,6.99,977.07,22.47,1052.73,82.45,1112.05,85.59,1094.12,76.94,-0.00527,-0.024,-0.08692,-0.23678,1389.0,1376.0,1466.0,1789.0,1358.0,1007.0,633.0,635.0,649.0,-0.5699,0.82171,-0.93659,0.35043,28,2019-01-11,46,842.0,-0.11752,test
2018-11-27,bsi_value,943.0,6.84907,947.0,952.0,956.0,963.0,969.0,986.0,1021.0,1106.0,1196.0,1135.0,954.86,7.36,971.5,20.47,1044.3,80.27,1108.85,88.22,1093.18,78.26,-0.00423,-0.0272,-0.07947,-0.23767,1416.0,1389.0,1453.0,2170.0,1789.0,1057.0,631.0,633.0,646.0,-0.55568,0.83139,-0.92398,0.38244,28,2019-01-14,48,814.0,-0.14711,test
2018-11-28,bsi_value,942.0,6.84801,943.0,947.0,952.0,959.0,964.0,982.0,1013.0,1087.0,1192.0,1135.0,951.71,7.48,966.43,18.24,1035.97,77.43,1105.63,90.69,1092.2,79.58,-0.00106,-0.02309,-0.07267,-0.23538,1444.0,1416.0,1437.0,2121.0,2170.0,1050.0,629.0,631.0,645.0,-0.5413,0.84083,-0.91028,0.41399,28,2019-01-15,48,785.0,-0.18232,test
2018-11-29,bsi_value,945.0,6.85118,942.0,943.0,947.0,956.0,963.0,970.0,1003.0,1073.0,1181.0,1135.0,949.14,6.13,962.29,15.89,1028.1,74.22,1102.47,92.9,1091.22,80.83,0.00318,-0.01887,-0.05957,-0.22293,1455.0,1444.0,1416.0,1950.0,2121.0,1002.0,628.0,629.0,644.0,-0.52675,0.85002,-0.8955,0.44506,28,2019-01-16,48,755.0,-0.22447,test
2018-11-30,bsi_value,944.0,6.85013,945.0,942.0,943.0,952.0,959.0,969.0,994.0,1061.0,1170.0,1134.0,947.0,4.78,958.71,13.85,1020.57,70.83,1099.3,94.99,1090.22,82.08,-0.00106,-0.01576,-0.05161,-0.21463,1463.0,1455.0,1393.0,1755.0,1950.0,1056.0,626.0,628.0,642.0,-0.51206,0.85895,-0.87966,0.4756,28,2019-01-17,48,729.0,-0.25845,test
2018-12-03,bsi_value,945.0,6.85118,944.0,945.0,942.0,947.0,956.0,964.0,986.0,1051.0,1163.0,1136.0,945.43,3.06,955.79,11.98,1013.3,66.92,1096.12,96.88,1089.22,83.29,0.00106,-0.01157,-0.04247,-0.20757,1469.0,1463.0,1378.0,1638.0,1755.0,1089.0,626.0,626.0,638.0,-0.46706,0.88422,-0.82598,0.5637,28,2019-01-18,46,701.0,-0.29868,test
2018-12-04,bsi_value,949.0,6.85541,945.0,944.0,945.0,943.0,952.0,963.0,982.0,1041.0,1156.0,1135.0,945.0,2.2,953.43,9.6,1006.4,62.36,1093.02,98.55,1088.27,84.39,0.00422,-0.00316,-0.03418,-0.19731,1474.0,1469.0,1376.0,1739.0,1638.0,1358.0,625.0,626.0,635.0,-0.45179,0.89213,-0.8061,0.59178,28,2019-01-21,48,680.0,-0.33332,test
2018-12-05,bsi_value,950.0,6.85646,949.0,945.0,944.0,942.0,947.0,959.0,970.0,1033.0,1144.0,1134.0,945.43,2.77,952.0,8.45,999.93,57.64,1089.95,100.08,1087.32,85.45,0.00105,0.00316,-0.02083,-0.18582,1472.0,1474.0,1389.0,1925.0,1739.0,1789.0,625.0,625.0,633.0,-0.43637,0.89977,-0.78527,0.61916,28,2019-01-22,48,660.0,-0.36422,test
2018-12-06,bsi_value,951.0,6.85751,950.0,949.0,945.0,945.0,943.0,956.0,969.0,1021.0,1132.0,1132.0,946.57,3.16,950.71,7.01,993.9,52.77,1086.93,101.48,1086.38,86.48,0.00105,0.00845,-0.01875,-0.17423,1473.0,1472.0,1416.0,2080.0,1925.0,2170.0,625.0,625.0,631.0,-0.42083,0.90714,-0.7635,0.6458,28,2019-01-23,48,638.0,-0.39918,test
2018-12-07,bsi_value,953.0,6.85961,951.0,950.0,949.0,944.0,942.0,952.0,964.0,1013.0,1117.0,1134.0,948.14,3.23,949.93,6.03,988.43,48.01,1083.92,102.72,1085.5,87.42,0.0021,0.01161,-0.01148,-0.15879,1469.0,1473.0,1444.0,2197.0,2080.0,2121.0,625.0,625.0,629.0,-0.40516,0.91424,-0.74084,0.67168,28,2019-01-24,48,607.0,-0.45109,test
2018-12-10,bsi_value,955.0,6.86171,953.0,951.0,950.0,945.0,945.0,947.0,963.0,1003.0,1106.0,1138.0,949.57,3.7,949.36,5.07,983.4,43.08,1080.87,103.78,1084.67,88.3,0.0021,0.01053,-0.00834,-0.14679,1464.0,1469.0,1455.0,2244.0,2197.0,1950.0,624.0,625.0,628.0,-0.35746,0.93393,-0.66769,0.74444,28,2019-01-25,46,576.0,-0.5056,test
2018-12-11,bsi_value,958.0,6.86485,955.0,953.0,951.0,949.0,944.0,943.0,959.0,994.0,1087.0,1151.0,951.57,3.92,949.29,4.93,979.1,38.75,1077.65,104.55,1083.87,89.11,0.00314,0.01472,-0.00104,-0.12633,1454.0,1464.0,1463.0,2183.0,2244.0,1755.0,623.0,624.0,626.0,-0.34135,0.93994,-0.64169,0.76697,28,2019-01-28,48,552.0,-0.5513,test
2018-12-12,bsi_value,963.0,6.87005,958.0,955.0,953.0,950.0,945.0,942.0,956.0,986.0,1073.0,1159.0,954.14,4.61,949.79,5.86,975.43,34.68,1074.38,105.02,1083.1,89.85,0.00521,0.01887,0.0073,-0.10816,1445.0,1454.0,1469.0,2153.0,2183.0,1638.0,622.0,623.0,626.0,-0.32513,0.94567,-0.61493,0.78858,28,2019-01-29,48,526.0,-0.60475,test
2018-12-13,bsi_value,968.0,6.87523,963.0,958.0,955.0,951.0,949.0,945.0,952.0,982.0,1061.0,1169.0,956.86,6.13,950.93,7.51,972.33,30.84,1071.03,105.15,1082.36,90.52,0.00518,0.01982,0.01667,-0.09174,1459.0,1445.0,1474.0,2180.0,2153.0,1739.0,621.0,622.0,625.0,-0.30881,0.95112,-0.58744,0.80927,28,2019-01-30,48,498.0,-0.66463,test
2018-12-14,bsi_value,974.0,6.88141,968.0,963.0,958.0,953.0,950.0,944.0,947.0,970.0,1051.0,1175.0,960.29,7.81,952.86,9.46,969.77,27.17,1067.68,104.99,1081.67,91.1,0.00618,0.02495,0.02811,-0.07609,1478.0,1459.0,1472.0,2383.0,2180.0,1925.0,617.0,621.0,625.0,-0.29241,0.95629,-0.55925,0.829,28,2019-01-31,48,472.0,-0.72443,test
2018-12-17,bsi_value,978.0,6.88551,974.0,968.0,963.0,955.0,951.0,945.0,943.0,969.0,1041.0,1185.0,964.14,8.87,955.36,11.02,967.67,23.81,1064.23,104.47,1080.99,91.64,0.0041,0.028,0.03644,-0.06243,1490.0,1478.0,1473.0,2433.0,2383.0,2080.0,614.0,617.0,625.0,-0.24269,0.9701,-0.47086,0.88221,28,2019-02-01,46,450.0,-0.77626,test
2018-12-18,bsi_value,977.0,6.88449,978.0,974.0,968.0,958.0,953.0,949.0,942.0,964.0,1033.0,1190.0,967.57,8.53,957.86,11.66,965.8,20.59,1060.68,103.76,1080.29,92.19,-0.00102,0.02487,0.03648,-0.05574,1494.0,1490.0,1469.0,2393.0,2433.0,2197.0,611.0,614.0,625.0,-0.22596,0.97414,-0.44024,0.89788,28,2019-02-04,48,438.0,-0.80227,test
2018-12-19,bsi_value,979.0,6.88653,977.0,978.0,974.0,963.0,955.0,950.0,945.0,963.0,1021.0,1194.0,971.0,7.56,960.29,12.26,964.4,18.07,1057.1,102.8,1079.59,92.72,0.00204,0.02482,0.03535,-0.04201,1492.0,1494.0,1464.0,2264.0,2393.0,2244.0,607.0,611.0,624.0,-0.20917,0.97788,-0.40909,0.91249,28,2019-02-05,48,423.0,-0.83916,test
2018-12-20,bsi_value,979.0,6.88653,979.0,977.0,978.0,968.0,958.0,951.0,944.0,959.0,1013.0,1195.0,974.0,5.76,962.79,12.25,963.27,15.92,1053.5,101.68,1078.86,93.25,0.0,0.02168,0.03641,-0.03414,1473.0,1492.0,1454.0,2071.0,2264.0,2183.0,602.0,607.0,623.0,-0.19232,0.98133,-0.37746,0.92602,28,2019-02-06,48,415.0,-0.85825,test
2018-12-21,bsi_value,977.0,6.88449,979.0,979.0,977.0,974.0,963.0,953.0,945.0,956.0,1003.0,1194.0,976.0,3.63,965.07,11.69,962.4,14.37,1049.88,100.47,1078.04,93.81,-0.00204,0.01443,0.0333,-0.02626,1437.0,1473.0,1445.0,1913.0,2071.0,2153.0,597.0,602.0,622.0,-0.17541,0.9845,-0.34539,0.93846,28,2019-02-07,48,414.0,-0.85862,test
2018-12-24,bsi_value,975.0,6.88244,977.0,979.0,979.0,978.0,968.0,955.0,949.0,952.0,994.0,1193.0,977.0,1.77,966.93,11.04,961.77,13.34,1046.25,99.16,1077.14,94.41,-0.00205,0.00721,0.02703,-0.0193,1421.0,1437.0,1459.0,1905.0,1913.0,2180.0,596.0,597.0,621.0,-0.12439,0.99223,-0.24686,0.96905,28,2019-02-08,46,415.0,-0.85416,test
2019-01-02,bsi_value,967.0,6.8742,975.0,977.0,979.0,977.0,974.0,958.0,950.0,947.0,986.0,1189.0,976.0,3.89,968.14,9.99,961.13,12.61,1042.55,97.9,1076.09,95.1,-0.00824,-0.00721,0.01774,-0.01946,1391.0,1421.0,1478.0,1987.0,1905.0,2383.0,588.0,596.0,617.0,0.0344,0.99941,0.06876,0.99763,28,2019-02-11,40,429.0,-0.81274,test
2019-01-03,bsi_value,958.0,6.86485,967.0,975.0,977.0,979.0,978.0,963.0,951.0,943.0,982.0,1190.0,973.14,7.26,968.64,9.27,960.33,12.0,1038.68,96.58,1074.86,95.9,-0.00935,-0.02066,0.00733,-0.02474,1365.0,1391.0,1490.0,1963.0,1987.0,2433.0,578.0,588.0,614.0,0.05158,0.99867,0.10303,0.99468,28,2019-02-12,40,454.0,-0.74675,test
2019-01-04,bsi_value,946.0,6.85224,958.0,967.0,975.0,979.0,977.0,968.0,953.0,942.0,970.0,1192.0,968.71,11.67,968.14,10.24,959.53,12.13,1034.58,95.19,1073.39,96.84,-0.01261,-0.03224,-0.00737,-0.02505,1331.0,1365.0,1494.0,2003.0,1963.0,2393.0,571.0,578.0,611.0,0.06876,0.99763,0.13719,0.99055,28,2019-02-13,40,478.0,-0.68263,test
2019-01-07,bsi_value,933.0,6.83841,946.0,958.0,967.0,977.0,979.0,974.0,955.0,945.0,969.0,1197.0,962.14,16.13,966.57,13.35,958.33,12.89,1030.18,93.67,1071.68,97.94,-0.01384,-0.04813,-0.02331,-0.03786,1300.0,1331.0,1492.0,2016.0,2003.0,2264.0,563.0,571.0,607.0,0.12013,0.99276,0.23851,0.97114,28,2019-02-14,38,526.0,-0.5731,test
2019-01-08,bsi_value,918.0,6.8222,933.0,946.0,958.0,975.0,979.0,978.0,958.0,944.0,964.0,1201.0,953.43,20.54,963.71,18.26,956.8,14.73,1025.47,92.06,1069.71,99.22,-0.01621,-0.06433,-0.04265,-0.04889,1257.0,1300.0,1473.0,2117.0,2016.0,2071.0,556.0,563.0,602.0,0.13719,0.99055,0.27178,0.96236,28,2019-02-15,38,560.0,-0.49426,test
2019-01-09,bsi_value,893.0,6.79459,918.0,933.0,946.0,967.0,977.0,977.0,963.0,945.0,963.0,1203.0,941.43,26.84,958.71,25.8,954.47,18.6,1020.3,90.64,1067.3,100.84,-0.02761,-0.0899,-0.07547,-0.07547,1218.0,1257.0,1437.0,2078.0,2117.0,1913.0,546.0,556.0,597.0,0.1542,0.98804,0.30472,0.95244,28,2019-02-18,40,594.0,-0.40771,test
2019-01-10,bsi_value,870.0,6.76849,893.0,918.0,933.0,958.0,975.0,979.0,968.0,949.0,959.0,1205.0,926.43,32.61,951.71,34.24,951.5,23.96,1014.72,89.4,1064.51,102.77,-0.02609,-0.11394,-0.10674,-0.0974,1170.0,1218.0,1421.0,1987.0,2078.0,1905.0,536.0,546.0,596.0,0.17118,0.98524,0.3373,0.9414,28,2019-02-19,40,625.0,-0.33074,test
2019-01-11,bsi_value,842.0,6.73578,870.0,893.0,918.0,946.0,967.0,979.0,974.0,950.0,956.0,1207.0,908.57,39.08,942.29,43.68,947.7,30.97,1008.63,88.53,1061.33,105.15,-0.03271,-0.13842,-0.14563,-0.12698,1137.0,1170.0,1391.0,1966.0,1987.0,1987.0,524.0,536.0,588.0,0.1881,0.98215,0.36948,0.92924,28,2019-02-20,40,649.0,-0.26035,test
2019-01-14,bsi_value,814.0,6.70196,842.0,870.0,893.0,933.0,958.0,977.0,978.0,951.0,952.0,1204.0,888.0,45.09,930.57,53.43,943.1,39.15,1002.13,88.26,1057.8,108.02,-0.03382,-0.16289,-0.18355,-0.1566,1118.0,1137.0,1365.0,1952.0,1966.0,1963.0,511.0,524.0,578.0,0.23851,0.97114,0.46326,0.88622,28,2019-02-21,38,686.0,-0.17108,test
2019-01-15,bsi_value,785.0,6.66568,814.0,842.0,870.0,918.0,946.0,975.0,977.0,953.0,947.0,1200.0,865.0,50.39,916.86,63.46,937.7,48.34,995.22,88.74,1053.93,111.43,-0.03628,-0.18656,-0.2188,-0.18762,1104.0,1118.0,1331.0,1831.0,1952.0,2003.0,499.0,511.0,571.0,0.25518,0.96689,0.49347,0.86976,28,2019-02-22,38,707.0,-0.10465,test
2019-01-16,bsi_value,755.0,6.62672,785.0,814.0,842.0,893.0,933.0,967.0,979.0,955.0,943.0,1196.0,839.57,54.41,900.86,73.25,931.43,58.39,987.87,90.06,1049.71,115.41,-0.03897,-0.21169,-0.25981,-0.22235,1079.0,1104.0,1300.0,1748.0,1831.0,2016.0,483.0,499.0,563.0,0.27178,0.96236,0.52309,0.85227,28,2019-02-25,40,721.0,-0.04608,test
2019-01-17,bsi_value,729.0,6.59167,755.0,785.0,814.0,870.0,918.0,958.0,979.0,958.0,942.0,1192.0,812.57,55.67,883.0,81.98,924.33,68.71,980.15,92.05,1045.2,119.84,-0.03504,-0.23052,-0.29486,-0.25633,1045.0,1079.0,1257.0,1868.0,1748.0,2117.0,466.0,483.0,556.0,0.28829,0.95754,0.5521,0.83378,28,2019-02-26,40,729.0,0.0,test
2019-01-18,bsi_value,701.0,6.55251,729.0,755.0,785.0,842.0,893.0,946.0,977.0,963.0,945.0,1181.0,785.14,56.58,863.29,89.82,916.2,79.39,972.15,95.06,1040.38,124.76,-0.03917,-0.24208,-0.33198,-0.29868,1018.0,1045.0,1218.0,2037.0,1868.0,2078.0,451.0,466.0,546.0,0.30472,0.95244,0.58045,0.81429,28,2019-02-27,40,738.0,0.05144,test
2019-01-21,bsi_value,680.0,6.52209,701.0,729.0,755.0,814.0,870.0,933.0,975.0,968.0,944.0,1170.0,758.0,54.91,842.21,95.56,907.4,89.77,963.98,98.69,1035.33,129.94,-0.03042,-0.2464,-0.36034,-0.32803,991.0,1018.0,1170.0,2024.0,2037.0,1987.0,442.0,451.0,536.0,0.35344,0.93546,0.66126,0.75015,28,2019-02-28,38,749.0,0.09665,test
2019-01-22,bsi_value,660.0,6.49224,680.0,701.0,729.0,785.0,842.0,918.0,967.0,974.0,945.0,1163.0,732.0,51.99,820.29,99.55,897.9,99.81,955.6,102.71,1030.04,135.31,-0.02985,-0.24354,-0.38196,-0.35895,950.0,991.0,1137.0,1892.0,2024.0,1966.0,432.0,442.0,524.0,0.36948,0.92924,0.68668,0.72696,28,2019-03-01,38,759.0,0.13976,test
2019-01-23,bsi_value,638.0,6.45834,660.0,680.0,701.0,755.0,814.0,893.0,958.0,978.0,949.0,1156.0,706.86,48.71,797.43,102.01,887.53,109.63,946.97,107.18,1024.52,140.94,-0.0339,-0.24362,-0.40651,-0.39707,893.0,950.0,1118.0,1775.0,1892.0,1952.0,423.0,432.0,511.0,0.38541,0.92274,0.71128,0.70291,28,2019-03-04,40,767.0,0.18415,test
2019-01-24,bsi_value,607.0,6.40853,638.0,660.0,680.0,729.0,785.0,870.0,946.0,977.0,950.0,1144.0,681.43,47.73,773.21,104.08,876.1,119.92,938.02,112.63,1018.67,147.08,-0.04981,-0.25715,-0.44371,-0.44793,828.0,893.0,1104.0,1726.0,1775.0,1831.0,409.0,423.0,499.0,0.40123,0.91598,0.73503,0.67803,28,2019-03-05,40,776.0,0.24562,test
2019-01-25,bsi_value,576.0,6.35611,607.0,638.0,660.0,701.0,755.0,842.0,933.0,979.0,951.0,1132.0,655.86,49.38,747.71,105.53,863.6,130.54,928.75,118.98,1012.49,153.72,-0.05242,-0.27061,-0.4823,-0.50141,748.0,828.0,1079.0,1730.0,1726.0,1748.0,395.0,409.0,483.0,0.41693,0.90894,0.75792,0.65235,28,2019-03-06,40,783.0,0.30703,test
2019-01-28,bsi_value,552.0,6.31355,576.0,607.0,638.0,680.0,729.0,814.0,918.0,979.0,953.0,1117.0,630.57,50.75,721.57,105.44,850.23,140.83,919.33,125.87,1006.02,160.56,-0.04256,-0.27813,-0.50865,-0.54607,687.0,748.0,1045.0,1631.0,1730.0,1868.0,384.0,395.0,466.0,0.46326,0.88622,0.8211,0.57078,28,2019-03-07,38,790.0,0.35848,test
2019-01-29,bsi_value,526.0,6.2653,552.0,576.0,607.0,660.0,701.0,785.0,893.0,977.0,955.0,1106.0,605.57,52.96,695.36,105.19,835.93,150.88,909.67,133.22,999.22,167.63,-0.04825,-0.28721,-0.52929,-0.59641,644.0,687.0,1018.0,1508.0,1631.0,2037.0,368.0,384.0,451.0,0.47843,0.87812,0.84025,0.5422,28,2019-03-08,38,790.0,0.40673,test
2019-01-30,bsi_value,498.0,6.2106,526.0,552.0,576.0,638.0,680.0,755.0,870.0,975.0,958.0,1087.0,579.57,54.68,668.79,104.7,820.6,160.75,899.85,141.25,991.97,174.88,-0.0547,-0.31149,-0.55789,-0.65425,612.0,644.0,991.0,1295.0,1508.0,2024.0,347.0,368.0,442.0,0.49347,0.86976,0.8584,0.51298,28,2019-03-11,40,790.0,0.46143,test
2019-01-31,bsi_value,472.0,6.15698,498.0,526.0,552.0,607.0,660.0,729.0,842.0,967.0,963.0,1073.0,552.71,54.75,642.36,104.34,804.23,170.14,889.83,149.68,984.33,182.26,-0.05362,-0.33526,-0.5788,-0.71307,574.0,612.0,950.0,1116.0,1295.0,1892.0,328.0,347.0,432.0,0.50836,0.86115,0.87554,0.48315,28,2019-03-12,40,789.0,0.51379,test
2019-02-01,bsi_value,450.0,6.10925,472.0,498.0,526.0,576.0,638.0,701.0,814.0,958.0,968.0,1061.0,525.86,52.39,616.36,103.68,786.97,178.71,879.65,158.22,976.34,189.6,-0.04773,-0.34909,-0.59271,-0.76598,560.0,574.0,893.0,1014.0,1116.0,1775.0,311.0,328.0,423.0,0.52309,0.85227,0.89164,0.45274,28,2019-03-13,40,789.0,0.56152,test
2019-02-04,bsi_value,438.0,6.08222,450.0,472.0,498.0,552.0,607.0,680.0,785.0,946.0,974.0,1051.0,501.71,48.21,591.57,101.86,769.1,185.77,869.43,166.41,968.16,196.63,-0.02703,-0.32631,-0.58346,-0.79919,552.0,560.0,828.0,984.0,1014.0,1726.0,301.0,311.0,409.0,0.56636,0.82416,0.93354,0.35847,28,2019-03-14,38,786.0,0.58474,test
2019-02-05,bsi_value,423.0,6.04737,438.0,450.0,472.0,526.0,576.0,660.0,755.0,933.0,978.0,1041.0,479.86,44.08,567.86,99.67,750.6,191.59,859.13,174.4,959.69,203.4,-0.03485,-0.30874,-0.57935,-0.83814,553.0,552.0,748.0,972.0,984.0,1730.0,294.0,301.0,395.0,0.58045,0.81429,0.94532,0.32614,28,2019-03-15,38,786.0,0.61958,test
2019-02-06,bsi_value,415.0,6.02828,423.0,438.0,450.0,498.0,552.0,638.0,729.0,918.0,977.0,1033.0,460.29,37.65,545.43,96.16,731.87,195.97,848.83,181.92,951.08,209.77,-0.01909,-0.28527,-0.5634,-0.85621,553.0,553.0,687.0,929.0,972.0,1631.0,294.0,294.0,384.0,0.59438,0.80419,0.95598,0.29343,28,2019-03-18,40,787.0,0.63995,test
2019-02-07,bsi_value,414.0,6.02587,415.0,423.0,438.0,472.0,526.0,607.0,701.0,893.0,979.0,1021.0,444.29,29.16,524.93,91.27,713.03,198.45,838.72,188.81,942.41,215.59,-0.00241,-0.23944,-0.52664,-0.86067,561.0,553.0,644.0,846.0,929.0,1508.0,290.0,294.0,368.0,0.60812,0.79384,0.96551,0.26038,28,2019-03-19,40,789.0,0.6449,test
2019-02-08,bsi_value,415.0,6.02828,414.0,415.0,423.0,450.0,498.0,576.0,680.0,870.0,979.0,1013.0,432.43,20.5,506.0,84.37,694.23,199.07,828.75,195.03,933.74,220.87,0.00241,-0.18232,-0.49381,-0.85825,574.0,561.0,612.0,792.0,846.0,1295.0,290.0,290.0,347.0,0.62169,0.78327,0.97389,0.22701,28,2019-03-20,40,796.0,0.65132,test
2019-02-11,bsi_value,429.0,6.06146,415.0,414.0,415.0,438.0,472.0,552.0,660.0,842.0,977.0,1003.0,426.29,12.67,489.5,74.67,675.97,197.42,819.18,200.26,925.24,225.37,0.03318,-0.09552,-0.43078,-0.82303,586.0,574.0,574.0,736.0,792.0,1116.0,292.0,290.0,328.0,0.66126,0.75015,0.9921,0.12546,28,2019-03-21,38,813.0,0.63927,test
2019-02-12,bsi_value,454.0,6.1181,429.0,415.0,414.0,423.0,450.0,526.0,638.0,814.0,975.0,994.0,426.86,13.77,476.36,62.59,658.6,193.23,810.18,204.29,917.03,228.9,0.05664,0.00885,-0.34024,-0.76434,600.0,586.0,560.0,711.0,736.0,1014.0,296.0,292.0,311.0,0.67407,0.73867,0.99583,0.09126,28,2019-03-22,38,826.0,0.5985,test
2019-02-13,bsi_value,478.0,6.16961,454.0,429.0,415.0,415.0,438.0,498.0,607.0,785.0,967.0,986.0,432.57,22.65,467.14,51.12,642.3,187.05,801.72,207.33,909.13,231.63,0.05151,0.08739,-0.23892,-0.70459,611.0,600.0,552.0,707.0,711.0,984.0,302.0,296.0,301.0,0.68668,0.72696,0.99838,0.05695,28,2019-03-25,40,830.0,0.55181,test
2019-02-14,bsi_value,526.0,6.2653,478.0,454.0,429.0,414.0,423.0,472.0,576.0,755.0,958.0,982.0,447.29,39.12,463.57,44.74,627.9,178.63,794.12,208.94,901.76,233.14,0.09569,0.21793,-0.09081,-0.59955,619.0,611.0,553.0,729.0,707.0,972.0,311.0,302.0,294.0,0.69908,0.71504,0.99975,0.02258,28,2019-03-26,40,833.0,0.45973,test
2019-02-15,bsi_value,560.0,6.32794,526.0,478.0,454.0,415.0,415.0,450.0,552.0,729.0,946.0,970.0,468.0,52.6,464.14,45.9,615.03,168.89,787.28,209.77,894.73,233.81,0.06264,0.29966,0.01439,-0.52431,624.0,619.0,553.0,727.0,729.0,929.0,315.0,311.0,294.0,0.71128,0.70291,0.99993,-0.01183,28,2019-03-27,40,831.0,0.39469,test
2019-02-18,bsi_value,594.0,6.38688,560.0,526.0,478.0,429.0,414.0,438.0,526.0,701.0,933.0,969.0,493.71,62.91,469.0,54.91,603.73,158.24,781.03,209.85,888.03,233.69,0.05894,0.36101,0.12158,-0.45153,628.0,624.0,561.0,713.0,727.0,846.0,322.0,315.0,290.0,0.74659,0.66529,0.99339,-0.11479,28,2019-03-28,38,823.0,0.32608,test
2019-02-19,bsi_value,625.0,6.43775,594.0,560.0,526.0,454.0,415.0,423.0,498.0,680.0,918.0,964.0,523.71,68.08,478.07,67.9,593.97,147.2,775.38,209.41,881.63,232.91,0.05087,0.40947,0.22715,-0.38445,639.0,628.0,574.0,650.0,713.0,792.0,335.0,322.0,290.0,0.75792,0.65235,0.98885,-0.14889,28,2019-03-29,38,813.0,0.26298,test
2019-02-20,bsi_value,649.0,6.47543,625.0,594.0,560.0,478.0,429.0,415.0,472.0,660.0,893.0,963.0,555.14,67.88,490.71,80.84,585.83,136.83,770.15,208.58,875.48,231.66,0.03768,0.41398,0.31845,-0.31915,649.0,639.0,586.0,578.0,650.0,736.0,345.0,335.0,292.0,0.76903,0.63921,0.98315,-0.18282,28,2019-04-01,40,807.0,0.21789,test
2019-02-21,bsi_value,686.0,6.53088,649.0,625.0,594.0,526.0,454.0,414.0,450.0,638.0,870.0,959.0,588.29,67.04,507.57,94.11,579.7,127.78,765.6,207.39,869.71,229.84,0.05544,0.41278,0.42163,-0.23762,657.0,649.0,600.0,570.0,578.0,711.0,353.0,345.0,296.0,0.77991,0.62589,0.97628,-0.21653,28,2019-04-02,40,795.0,0.14746,test
2019-02-22,bsi_value,707.0,6.56103,686.0,649.0,625.0,560.0,478.0,415.0,438.0,607.0,842.0,956.0,621.0,60.82,526.79,104.8,575.2,120.64,761.45,206.02,864.16,227.65,0.03015,0.39142,0.47881,-0.17475,666.0,657.0,611.0,545.0,570.0,707.0,359.0,353.0,302.0,0.79056,0.61238,0.96825,-0.24998,28,2019-04-03,40,775.0,0.09183,test
2019-02-25,bsi_value,721.0,6.58064,707.0,686.0,649.0,594.0,526.0,429.0,423.0,576.0,814.0,952.0,648.86,55.34,548.07,111.6,572.1,115.55,757.6,204.58,858.79,225.25,0.01961,0.31534,0.53327,-0.12132,685.0,666.0,619.0,520.0,545.0,729.0,366.0,359.0,311.0,0.8211,0.57078,0.93734,-0.34841,28,2019-04-04,38,757.0,0.04872,test
2019-02-26,bsi_value,729.0,6.59167,721.0,707.0,686.0,625.0,560.0,454.0,415.0,552.0,785.0,947.0,673.0,47.64,570.5,114.13,570.23,112.51,753.97,203.11,853.56,222.72,0.01103,0.26374,0.5634,-0.07401,713.0,685.0,624.0,522.0,520.0,727.0,372.0,366.0,315.0,0.8308,0.55658,0.9248,-0.38045,28,2019-04-05,38,742.0,0.01768,test
2019-02-27,bsi_value,738.0,6.60394,729.0,721.0,707.0,649.0,594.0,478.0,414.0,526.0,755.0,943.0,693.57,39.47,593.64,112.89,569.67,111.62,750.55,201.62,848.47,220.06,0.01227,0.21706,0.57808,-0.02277,752.0,713.0,628.0,500.0,522.0,713.0,382.0,372.0,322.0,0.84025,0.5422,0.91117,-0.41203,28,2019-04-08,40,733.0,-0.0068,test
2019-02-28,bsi_value,749.0,6.61874,738.0,729.0,721.0,686.0,625.0,526.0,415.0,498.0,729.0,942.0,711.29,31.81,617.5,107.79,570.33,112.62,747.33,200.08,843.54,217.25,0.0148,0.18099,0.59046,0.02707,813.0,752.0,639.0,459.0,500.0,650.0,388.0,382.0,335.0,0.84945,0.52767,0.89646,-0.44313,28,2019-04-09,40,726.0,-0.03119,test
2019-03-01,bsi_value,759.0,6.632,749.0,738.0,729.0,707.0,649.0,560.0,429.0,472.0,701.0,945.0,727.0,23.15,641.07,99.78,572.27,115.31,744.23,198.43,838.86,214.46,0.01326,0.15657,0.57054,0.07949,863.0,813.0,649.0,383.0,459.0,578.0,393.0,388.0,345.0,0.8584,0.51298,0.88068,-0.47371,28,2019-04-10,40,718.0,-0.05553,test
2019-03-04,bsi_value,767.0,6.64249,759.0,749.0,738.0,721.0,686.0,594.0,454.0,450.0,680.0,944.0,738.57,19.75,663.43,89.94,575.17,119.02,741.28,196.74,834.38,211.68,0.01049,0.11161,0.52439,0.12039,900.0,863.0,657.0,355.0,383.0,570.0,397.0,393.0,353.0,0.88372,0.46802,0.82719,-0.56192,28,2019-04-11,38,715.0,-0.0702,test
2019-03-05,bsi_value,776.0,6.65415,767.0,759.0,749.0,729.0,707.0,625.0,478.0,438.0,660.0,945.0,748.43,18.73,684.71,78.0,579.03,123.51,738.47,195.01,830.08,208.88,0.01167,0.09312,0.48454,0.16191,924.0,900.0,666.0,299.0,355.0,545.0,407.0,397.0,359.0,0.89164,0.45274,0.80737,-0.59004,28,2019-04-12,38,711.0,-0.08748,test
2019-03-06,bsi_value,783.0,6.66313,776.0,767.0,759.0,738.0,721.0,649.0,526.0,423.0,638.0,949.0,757.29,18.32,703.07,68.11,583.87,128.46,735.7,193.17,825.93,206.05,0.00898,0.08249,0.39783,0.20479,938.0,924.0,685.0,270.0,299.0,520.0,413.0,407.0,366.0,0.8993,0.43734,0.7866,-0.61747,28,2019-04-15,40,714.0,-0.09225,test
2019-03-07,bsi_value,790.0,6.67203,783.0,776.0,767.0,749.0,729.0,686.0,560.0,415.0,607.0,950.0,766.0,17.27,719.5,58.7,589.97,133.66,733.03,191.29,822.0,203.3,0.0089,0.08036,0.3441,0.2635,926.0,938.0,713.0,236.0,270.0,522.0,418.0,413.0,372.0,0.90669,0.42181,0.76489,-0.64416,28,2019-04-16,40,718.0,-0.09556,test
2019-03-08,bsi_value,790.0,6.67203,790.0,783.0,776.0,759.0,738.0,707.0,594.0,414.0,576.0,951.0,773.43,14.61,733.5,49.8,597.1,138.35,730.35,189.33,818.2,200.65,0.0,0.06809,0.28515,0.31593,894.0,926.0,752.0,235.0,236.0,500.0,421.0,418.0,382.0,0.91381,0.40615,0.74228,-0.67009,28,2019-04-17,40,726.0,-0.08448,test
2019-03-11,bsi_value,790.0,6.67203,790.0,790.0,783.0,767.0,749.0,721.0,625.0,415.0,552.0,953.0,779.29,11.54,745.29,41.57,605.03,142.3,727.63,187.28,814.57,198.15,0.0,0.05329,0.23428,0.35848,866.0,894.0,813.0,250.0,235.0,459.0,424.0,421.0,388.0,0.93354,0.35847,0.66929,-0.743,28,2019-04-18,38,732.0,-0.07625,test
2019-03-12,bsi_value,789.0,6.67077,790.0,790.0,790.0,776.0,759.0,729.0,649.0,429.0,526.0,955.0,783.57,8.33,755.29,33.21,613.8,145.24,724.87,185.11,811.04,195.74,-0.00127,0.03876,0.19533,0.40547,839.0,866.0,863.0,278.0,250.0,383.0,429.0,424.0,393.0,0.93957,0.34236,0.64334,-0.76558,28,2019-04-23,42,751.0,-0.04936,test
2019-03-13,bsi_value,789.0,6.67077,789.0,790.0,790.0,783.0,767.0,738.0,686.0,454.0,498.0,958.0,786.71,4.95,762.64,28.05,623.5,146.89,722.05,182.81,807.73,193.56,0.0,0.02828,0.13989,0.46017,823.0,839.0,900.0,327.0,278.0,355.0,430.0,429.0,397.0,0.94532,0.32614,0.61662,-0.78726,28,2019-04-24,42,773.0,-0.02049,test
2019-03-14,bsi_value,786.0,6.66696,789.0,789.0,790.0,790.0,776.0,749.0,707.0,478.0,472.0,963.0,788.14,2.47,768.29,23.93,633.97,146.9,719.1,180.31,804.54,191.51,-0.00381,0.0128,0.10593,0.50998,841.0,823.0,924.0,403.0,327.0,299.0,434.0,430.0,407.0,0.95079,0.30983,0.58918,-0.808,28,2019-04-25,42,781.0,-0.00638,test
2019-03-15,bsi_value,786.0,6.66696,786.0,789.0,789.0,790.0,783.0,759.0,721.0,526.0,450.0,968.0,788.57,1.68,772.93,20.35,645.17,145.25,716.07,177.61,801.49,189.58,0.0,0.00382,0.08632,0.55771,883.0,841.0,938.0,520.0,403.0,270.0,437.0,434.0,413.0,0.95598,0.29343,0.56103,-0.82779,28,2019-04-26,42,780.0,-0.00766,test
2019-03-18,bsi_value,787.0,6.66823,786.0,786.0,789.0,790.0,790.0,767.0,729.0,560.0,438.0,974.0,788.14,1.64,777.07,16.52,656.8,142.14,712.95,174.67,798.56,187.73,0.00127,-0.0038,0.07655,0.58601,905.0,883.0,926.0,476.0,520.0,236.0,440.0,437.0,418.0,0.96984,0.24373,0.47276,-0.88119,28,2019-04-29,42,777.0,-0.01279,test
2019-03-19,bsi_value,789.0,6.67077,787.0,786.0,786.0,789.0,790.0,776.0,738.0,594.0,423.0,978.0,788.0,1.51,780.71,12.69,669.0,137.16,709.8,171.54,795.76,185.96,0.00254,-0.00127,0.06682,0.62339,922.0,905.0,894.0,421.0,476.0,235.0,443.0,440.0,421.0,0.97389,0.22701,0.44217,-0.89693,28,2019-04-30,42,768.0,-0.02698,test
2019-03-20,bsi_value,796.0,6.6796,789.0,787.0,786.0,789.0,790.0,783.0,749.0,625.0,415.0,977.0,788.86,3.18,784.07,9.72,681.7,130.54,706.78,168.38,793.12,184.26,0.00883,0.00757,0.06086,0.65132,962.0,922.0,866.0,399.0,421.0,250.0,446.0,443.0,424.0,0.97765,0.21022,0.41105,-0.91161,28,2019-05-01,42,763.0,-0.04234,test
2019-03-21,bsi_value,813.0,6.70073,796.0,789.0,787.0,786.0,789.0,790.0,759.0,649.0,414.0,979.0,792.29,9.04,787.93,9.72,695.0,122.67,704.02,165.22,790.81,182.68,0.02113,0.02996,0.06873,0.67487,1009.0,962.0,839.0,288.0,399.0,278.0,449.0,446.0,429.0,0.98112,0.19338,0.37945,-0.92521,28,2019-05-02,42,755.0,-0.07401,test
2019-03-22,bsi_value,826.0,6.71659,813.0,796.0,789.0,786.0,789.0,790.0,767.0,686.0,415.0,979.0,797.57,14.65,792.14,12.21,708.7,113.23,701.47,162.1,788.73,181.2,0.01586,0.04583,0.07411,0.68832,1027.0,1009.0,823.0,251.0,288.0,327.0,455.0,449.0,430.0,0.98431,0.17647,0.3474,-0.93772,28,2019-05-03,42,752.0,-0.09386,test
2019-03-25,bsi_value,830.0,6.72143,826.0,813.0,796.0,787.0,786.0,790.0,776.0,707.0,429.0,977.0,803.86,17.5,796.0,14.76,722.07,102.59,699.02,159.0,786.81,179.83,0.00483,0.05447,0.06727,0.65997,1036.0,1027.0,841.0,230.0,251.0,403.0,458.0,455.0,434.0,0.9921,0.12546,0.24894,-0.96852,28,2019-05-07,43,761.0,-0.08679,test
2019-03-26,bsi_value,833.0,6.72503,830.0,826.0,813.0,789.0,786.0,789.0,783.0,721.0,454.0,975.0,810.57,18.35,799.57,17.05,734.7,91.54,696.65,155.9,785.02,178.56,0.00361,0.05808,0.0619,0.60694,1053.0,1036.0,883.0,190.0,230.0,520.0,463.0,458.0,437.0,0.99411,0.10838,0.21548,-0.97651,28,2019-05-08,43,770.0,-0.07864,test
2019-03-27,bsi_value,831.0,6.72263,833.0,830.0,826.0,796.0,787.0,789.0,790.0,729.0,478.0,967.0,816.86,16.66,802.5,18.61,746.47,79.71,694.38,152.91,783.3,177.35,-0.0024,0.0544,0.0506,0.55302,1056.0,1053.0,905.0,178.0,190.0,476.0,466.0,463.0,440.0,0.99583,0.09126,0.18176,-0.98334,28,2019-05-09,43,776.0,-0.06848,test
2019-03-28,bsi_value,823.0,6.71296,831.0,833.0,830.0,813.0,789.0,786.0,790.0,738.0,526.0,958.0,821.71,12.19,804.86,18.96,756.37,69.5,692.13,149.98,781.53,176.15,-0.00967,0.04219,0.04092,0.44765,1087.0,1056.0,922.0,167.0,178.0,421.0,467.0,466.0,443.0,0.99725,0.07412,0.14783,-0.98901,28,2019-05-10,43,779.0,-0.05495,test
2019-03-29,bsi_value,813.0,6.70073,823.0,831.0,833.0,826.0,796.0,786.0,790.0,749.0,560.0,946.0,824.14,7.68,806.5,18.6,764.8,59.84,689.92,147.17,779.79,175.05,-0.01223,0.02113,0.0287,0.37279,1102.0,1087.0,962.0,150.0,167.0,399.0,464.0,467.0,446.0,0.99838,0.05695,0.11372,-0.99351,28,2019-05-13,45,782.0,-0.03888,test
2019-04-01,bsi_value,807.0,6.69332,813.0,823.0,831.0,830.0,813.0,787.0,789.0,759.0,594.0,933.0,823.29,9.08,807.79,17.95,771.9,51.16,687.82,144.57,777.99,173.93,-0.00741,-0.00741,0.02256,0.30644,1110.0,1102.0,1009.0,122.0,150.0,288.0,461.0,464.0,449.0,0.99999,0.00538,0.01075,-0.99994,28,2019-05-14,43,783.0,-0.03019,test
2019-04-02,bsi_value,795.0,6.67834,807.0,813.0,823.0,833.0,826.0,789.0,789.0,767.0,625.0,918.0,818.86,13.27,808.21,17.57,777.57,43.4,685.77,142.14,776.11,172.82,-0.01498,-0.03825,0.00758,0.24059,1120.0,1110.0,1027.0,92.0,122.0,251.0,455.0,461.0,455.0,0.99993,-0.01183,-0.02365,-0.99972,28,2019-05-15,43,784.0,-0.01393,test
2019-04-03,bsi_value,775.0,6.65286,795.0,807.0,813.0,831.0,830.0,796.0,786.0,776.0,649.0,893.0,811.0,19.27,807.43,18.75,781.77,36.27,683.8,140.06,774.02,171.68,-0.02548,-0.06856,-0.01409,0.17743,1127.0,1120.0,1036.0,104.0,92.0,230.0,448.0,455.0,458.0,0.99958,-0.02903,-0.05803,-0.99832,28,2019-05-16,43,783.0,0.01027,test
2019-04-04,bsi_value,757.0,6.62936,775.0,795.0,807.0,823.0,833.0,813.0,786.0,783.0,686.0,870.0,800.14,24.51,805.36,22.27,784.13,32.01,681.92,138.29,771.78,170.56,-0.0235,-0.09567,-0.03759,0.09849,1124.0,1127.0,1053.0,210.0,104.0,190.0,437.0,448.0,463.0,0.99893,-0.04622,-0.09233,-0.99573,28,2019-05-17,43,780.0,0.02993,test
2019-04-05,bsi_value,742.0,6.60935,757.0,775.0,795.0,813.0,831.0,826.0,787.0,790.0,707.0,842.0,787.43,28.04,802.14,27.36,785.3,29.73,680.25,136.95,769.4,169.46,-0.02001,-0.11328,-0.05888,0.04832,1114.0,1124.0,1056.0,276.0,210.0,178.0,432.0,437.0,466.0,0.99799,-0.06339,-0.12653,-0.99196,28,2019-05-20,45,778.0,0.04738,test
2019-04-08,bsi_value,733.0,6.59715,742.0,757.0,775.0,807.0,823.0,830.0,789.0,790.0,721.0,814.0,774.57,29.38,798.14,32.58,785.7,28.94,678.9,136.02,766.97,168.39,-0.0122,-0.11581,-0.07362,0.01651,1101.0,1114.0,1087.0,312.0,276.0,167.0,425.0,432.0,467.0,0.99339,-0.11479,-0.22806,-0.97365,28,2019-05-21,43,777.0,0.05829,test
2019-04-09,bsi_value,726.0,6.58755,733.0,742.0,757.0,795.0,813.0,833.0,796.0,790.0,729.0,785.0,762.14,28.9,793.14,37.52,785.6,29.14,677.92,135.46,764.51,167.36,-0.0096,-0.11318,-0.09205,-0.00412,1085.0,1101.0,1102.0,375.0,312.0,150.0,419.0,425.0,464.0,0.99127,-0.13186,-0.26141,-0.96523,28,2019-05-22,43,778.0,0.06918,test
2019-04-10,bsi_value,718.0,6.57647,726.0,733.0,742.0,775.0,807.0,831.0,813.0,789.0,738.0,755.0,749.43,25.77,786.36,41.68,784.93,30.42,677.3,135.19,762.01,166.35,-0.01108,-0.11685,-0.12426,-0.02747,1074.0,1085.0,1110.0,428.0,375.0,122.0,411.0,419.0,461.0,0.98885,-0.14889,-0.29446,-0.95566,28,2019-05-23,43,779.0,0.08154,test
2019-04-11,bsi_value,715.0,6.57228,718.0,726.0,733.0,757.0,795.0,823.0,826.0,789.0,749.0,729.0,738.0,20.16,778.43,43.88,783.8,32.31,677.07,135.11,759.49,165.32,-0.00419,-0.10606,-0.14431,-0.04646,1071.0,1074.0,1120.0,423.0,428.0,92.0,406.0,411.0,455.0,0.98615,-0.16588,-0.32716,-0.94497,28,2019-05-24,43,778.0,0.08444,test
2019-04-12,bsi_value,711.0,6.56667,715.0,718.0,726.0,742.0,775.0,813.0,830.0,786.0,759.0,701.0,728.86,15.21,769.93,44.59,782.2,34.61,677.23,135.15,756.89,164.22,-0.00561,-0.08619,-0.15475,-0.06533,1073.0,1071.0,1127.0,418.0,423.0,104.0,403.0,406.0,448.0,0.98315,-0.18282,-0.35947,-0.93316,28,2019-05-28,46,771.0,0.08102,test
2019-04-15,bsi_value,714.0,6.57088,711.0,715.0,718.0,733.0,757.0,807.0,833.0,786.0,767.0,680.0,722.71,10.58,761.43,43.07,780.43,36.63,677.8,135.23,754.33,163.07,0.00421,-0.05848,-0.15415,-0.0716,1092.0,1073.0,1124.0,445.0,418.0,210.0,399.0,403.0,437.0,0.97241,-0.23329,-0.4537,-0.89115,28,2019-05-29,44,763.0,0.06638,test
2019-04-16,bsi_value,718.0,6.57647,714.0,711.0,715.0,726.0,742.0,795.0,831.0,787.0,776.0,660.0,719.29,7.09,753.36,39.74,778.5,38.31,678.77,135.31,751.81,161.86,0.00559,-0.03288,-0.14616,-0.07768,1119.0,1092.0,1114.0,459.0,445.0,276.0,397.0,399.0,432.0,0.96825,-0.24998,-0.48409,-0.87502,28,2019-05-30,44,756.0,0.05157,test
2019-04-17,bsi_value,726.0,6.58755,718.0,714.0,711.0,718.0,733.0,775.0,823.0,789.0,783.0,638.0,718.29,5.36,746.43,35.19,776.6,39.43,680.23,135.33,749.33,160.52,0.01108,-0.0096,-0.12541,-0.07558,1147.0,1119.0,1101.0,463.0,459.0,312.0,394.0,397.0,425.0,0.96381,-0.2666,-0.5139,-0.85785,28,2019-05-31,44,752.0,0.03519,test
2019-04-18,bsi_value,732.0,6.59578,726.0,718.0,714.0,715.0,726.0,757.0,813.0,796.0,790.0,607.0,719.14,6.81,740.64,30.05,774.67,40.14,682.32,135.15,746.91,159.11,0.00823,0.00823,-0.10495,-0.07625,1162.0,1147.0,1085.0,490.0,463.0,375.0,390.0,394.0,419.0,0.95908,-0.28314,-0.54311,-0.83966,28,2019-06-03,46,748.0,0.02162,test
2019-04-23,bsi_value,751.0,6.62141,732.0,726.0,718.0,711.0,718.0,742.0,807.0,813.0,790.0,576.0,723.86,13.0,736.64,24.08,773.37,40.26,685.23,134.72,744.69,157.64,0.02563,0.04494,-0.07192,-0.05063,1171.0,1162.0,1074.0,572.0,490.0,428.0,391.0,390.0,411.0,0.93121,-0.36448,-0.67882,-0.7343,28,2019-06-04,42,739.0,-0.01611,test
2019-04-24,bsi_value,773.0,6.65028,751.0,732.0,726.0,714.0,715.0,733.0,795.0,826.0,790.0,552.0,732.14,20.84,735.07,20.71,772.8,40.14,688.92,134.04,742.69,156.11,0.02887,0.078,-0.02806,-0.02175,1177.0,1171.0,1071.0,648.0,572.0,423.0,392.0,391.0,406.0,0.9248,-0.38045,-0.70368,-0.71052,28,2019-06-05,42,731.0,-0.05587,test
2019-04-25,bsi_value,781.0,6.66058,773.0,751.0,732.0,718.0,711.0,726.0,775.0,830.0,789.0,526.0,742.14,24.72,735.5,21.57,772.53,40.06,693.17,132.85,740.76,154.54,0.0103,0.0939,0.00771,-0.01019,1182.0,1177.0,1073.0,691.0,648.0,418.0,391.0,392.0,403.0,0.91812,-0.3963,-0.7277,-0.68589,28,2019-06-06,42,726.0,-0.07303,test
2019-04-26,bsi_value,780.0,6.65929,781.0,773.0,751.0,726.0,714.0,718.0,757.0,833.0,789.0,498.0,751.57,24.78,737.14,23.9,772.23,39.97,697.87,130.83,738.78,152.88,-0.00128,0.08841,0.02993,-0.01147,1186.0,1182.0,1092.0,783.0,691.0,445.0,389.0,391.0,399.0,0.91117,-0.41203,-0.75086,-0.66046,28,2019-06-07,42,719.0,-0.08143,test
2019-04-29,bsi_value,777.0,6.65544,780.0,781.0,773.0,732.0,718.0,715.0,742.0,831.0,786.0,472.0,760.0,21.78,739.64,26.01,771.93,39.9,702.95,127.85,736.71,151.08,-0.00385,0.07897,0.04609,-0.01152,1189.0,1186.0,1119.0,884.0,783.0,459.0,386.0,389.0,397.0,0.8887,-0.45849,-0.81492,-0.57958,28,2019-06-10,42,717.0,-0.08036,test
2019-04-30,bsi_value,768.0,6.64379,777.0,780.0,781.0,751.0,726.0,711.0,733.0,823.0,786.0,450.0,766.0,16.8,742.14,26.92,771.33,39.81,708.25,123.78,734.49,149.12,-0.01165,0.05624,0.04664,-0.02317,1188.0,1189.0,1147.0,1276.0,884.0,463.0,384.0,386.0,394.0,0.88068,-0.47371,-0.83437,-0.5512,28,2019-06-11,42,714.0,-0.07291,test
2019-05-01,bsi_value,763.0,6.63726,768.0,777.0,780.0,773.0,732.0,714.0,726.0,813.0,787.0,438.0,770.43,9.94,744.79,27.02,770.53,39.73,713.67,118.85,732.14,146.98,-0.00653,0.04148,0.04971,-0.03097,1187.0,1188.0,1162.0,1389.0,1276.0,490.0,386.0,384.0,390.0,0.8724,-0.48879,-0.85284,-0.52218,28,2019-06-12,42,712.0,-0.06918,test
2019-05-02,bsi_value,755.0,6.62672,763.0,768.0,777.0,781.0,751.0,718.0,718.0,807.0,789.0,423.0,771.0,8.86,747.43,26.07,769.4,39.68,719.2,112.76,729.67,144.68,-0.01054,0.00531,0.05025,-0.04405,1189.0,1187.0,1171.0,1420.0,1389.0,572.0,384.0,386.0,391.0,0.86387,-0.50372,-0.87029,-0.49253,28,2019-06-13,42,710.0,-0.06145,test
2019-05-03,bsi_value,752.0,6.62274,755.0,763.0,768.0,780.0,773.0,726.0,715.0,795.0,796.0,415.0,768.0,10.98,750.07,24.47,767.93,39.48,724.82,105.63,727.17,142.31,-0.00398,-0.02754,0.05045,-0.05686,1190.0,1189.0,1177.0,1290.0,1420.0,648.0,382.0,384.0,392.0,0.85507,-0.51851,-0.88672,-0.4623,28,2019-06-14,42,716.0,-0.04906,test
2019-05-07,bsi_value,761.0,6.63463,752.0,755.0,763.0,777.0,781.0,732.0,711.0,775.0,813.0,414.0,765.14,9.76,753.64,22.03,766.2,38.59,730.6,97.66,724.74,139.83,0.0119,-0.02594,0.06796,-0.0661,1189.0,1190.0,1182.0,1119.0,1290.0,691.0,382.0,382.0,391.0,0.8174,-0.57607,-0.94176,-0.33629,28,2019-06-17,41,720.0,-0.05538,test
2019-05-08,bsi_value,770.0,6.64639,761.0,752.0,755.0,768.0,780.0,751.0,714.0,757.0,826.0,415.0,763.71,8.07,757.64,19.4,764.33,36.98,736.52,88.7,722.42,137.3,0.01176,-0.0129,0.07551,-0.0702,1188.0,1189.0,1186.0,1159.0,1119.0,783.0,382.0,382.0,389.0,0.80737,-0.59004,-0.95277,-0.3037,28,2019-06-18,41,728.0,-0.05609,test
2019-05-09,bsi_value,776.0,6.65415,770.0,761.0,752.0,763.0,777.0,773.0,718.0,742.0,830.0,429.0,763.57,7.84,761.79,16.46,762.53,35.0,742.3,79.27,720.19,134.76,0.00776,-0.00129,0.07768,-0.06727,1193.0,1188.0,1189.0,1270.0,1159.0,884.0,382.0,382.0,386.0,0.7971,-0.60385,-0.96265,-0.27074,28,2019-06-19,41,736.0,-0.05292,test
2019-05-10,bsi_value,779.0,6.65801,776.0,770.0,761.0,755.0,768.0,781.0,726.0,733.0,833.0,454.0,765.14,9.49,765.57,13.65,760.73,32.63,747.72,69.94,718.01,132.18,0.00386,0.01422,0.07046,-0.06702,1198.0,1193.0,1188.0,1371.0,1270.0,1276.0,382.0,382.0,384.0,0.7866,-0.61747,-0.9714,-0.23747,28,2019-06-20,41,743.0,-0.04732,test
2019-05-13,bsi_value,782.0,6.66185,779.0,776.0,770.0,752.0,763.0,780.0,732.0,726.0,831.0,478.0,767.86,11.08,769.14,10.6,759.1,30.21,752.78,60.61,715.96,129.71,0.00384,0.0246,0.06607,-0.06078,1211.0,1198.0,1187.0,1405.0,1371.0,1389.0,382.0,382.0,386.0,0.7537,-0.65722,-0.99069,-0.13612,28,2019-06-21,39,751.0,-0.04045,test
2019-05-14,bsi_value,783.0,6.66313,782.0,779.0,776.0,761.0,755.0,777.0,751.0,718.0,823.0,526.0,771.86,10.76,771.43,9.87,757.77,28.18,757.07,53.04,714.01,127.35,0.00128,0.03641,0.04173,-0.04982,1229.0,1211.0,1189.0,1462.0,1405.0,1420.0,381.0,382.0,384.0,0.74228,-0.67009,-0.99479,-0.10196,28,2019-06-24,41,756.0,-0.03509,test
2019-05-15,bsi_value,784.0,6.66441,783.0,782.0,779.0,770.0,752.0,768.0,773.0,715.0,813.0,560.0,776.43,7.72,772.21,10.39,756.8,26.73,760.8,46.52,712.21,125.19,0.00128,0.04167,0.01413,-0.03632,1243.0,1229.0,1190.0,1417.0,1462.0,1290.0,381.0,381.0,382.0,0.73064,-0.68276,-0.99771,-0.06768,28,2019-06-25,41,765.0,-0.02453,test
2019-05-16,bsi_value,783.0,6.66313,784.0,783.0,782.0,776.0,761.0,763.0,781.0,711.0,807.0,594.0,779.57,4.69,772.36,10.52,756.0,25.54,763.95,41.21,710.54,123.22,-0.00128,0.0285,0.00256,-0.03019,1252.0,1243.0,1189.0,1428.0,1417.0,1119.0,383.0,381.0,382.0,0.71879,-0.69523,-0.99944,-0.03332,28,2019-06-26,41,774.0,-0.01156,test
2019-05-17,bsi_value,780.0,6.65929,783.0,784.0,783.0,779.0,770.0,755.0,780.0,714.0,795.0,625.0,781.0,2.62,772.36,10.52,755.5,24.92,766.53,37.07,709.01,121.48,-0.00384,0.0129,0.0,-0.01905,1255.0,1252.0,1188.0,1463.0,1428.0,1159.0,385.0,383.0,382.0,0.70673,-0.70749,-1.0,0.00108,28,2019-06-27,41,783.0,0.00384,test
2019-05-20,bsi_value,778.0,6.65673,780.0,783.0,784.0,782.0,776.0,752.0,777.0,718.0,775.0,649.0,781.29,2.12,772.43,10.55,755.6,25.0,768.68,33.78,707.73,120.13,-0.00257,0.00257,0.00129,0.00386,1256.0,1255.0,1193.0,1470.0,1463.0,1270.0,386.0,385.0,382.0,0.66929,-0.743,-0.99457,0.1041,28,2019-06-28,39,787.0,0.0115,test
2019-05-21,bsi_value,777.0,6.65544,778.0,780.0,783.0,783.0,779.0,761.0,768.0,726.0,757.0,686.0,781.0,2.51,773.07,10.54,756.27,25.29,770.2,32.04,706.7,119.13,-0.00129,-0.00257,0.01165,0.02608,1258.0,1256.0,1198.0,1501.0,1470.0,1371.0,388.0,386.0,382.0,0.65641,-0.7544,-0.9904,0.13825,28,2019-07-01,41,792.0,0.01912,test
2019-05-22,bsi_value,778.0,6.65673,777.0,778.0,780.0,784.0,782.0,770.0,763.0,732.0,742.0,707.0,780.43,2.66,774.14,10.22,757.47,25.44,771.38,30.97,705.99,118.51,0.00129,-0.00513,0.01947,0.04738,1268.0,1258.0,1211.0,1537.0,1501.0,1405.0,389.0,388.0,382.0,0.64334,-0.76558,-0.98506,0.17224,28,2019-07-02,41,796.0,0.02287,test
2019-05-23,bsi_value,779.0,6.65801,778.0,777.0,778.0,783.0,783.0,776.0,755.0,751.0,733.0,721.0,779.86,2.47,775.86,8.77,759.0,25.31,772.35,30.28,705.6,118.21,0.00128,-0.00512,0.03129,0.06087,1287.0,1268.0,1229.0,1558.0,1537.0,1462.0,391.0,389.0,381.0,0.63007,-0.77654,-0.97855,0.20602,28,2019-07-03,41,803.0,0.03034,test
2019-05-24,bsi_value,778.0,6.65673,779.0,778.0,777.0,780.0,784.0,779.0,752.0,773.0,726.0,729.0,779.0,1.85,777.71,5.76,760.73,24.76,773.17,29.76,705.52,118.16,-0.00128,-0.00768,0.03399,0.06918,1304.0,1287.0,1243.0,1545.0,1558.0,1417.0,393.0,391.0,381.0,0.61662,-0.78726,-0.97088,0.23956,28,2019-07-04,41,814.0,0.04523,test
2019-05-28,bsi_value,771.0,6.64769,778.0,779.0,778.0,778.0,783.0,782.0,761.0,781.0,718.0,738.0,777.29,2.71,778.43,3.99,762.5,23.51,773.72,29.41,705.7,118.24,-0.00904,-0.01544,0.01306,0.07122,1322.0,1304.0,1252.0,1585.0,1545.0,1428.0,394.0,393.0,383.0,0.56103,-0.82779,-0.92884,0.37048,28,2019-07-05,38,820.0,0.06162,test
2019-05-29,bsi_value,763.0,6.63726,771.0,778.0,779.0,777.0,780.0,783.0,770.0,780.0,715.0,749.0,774.86,5.44,777.93,5.26,764.1,21.79,773.95,29.27,706.08,118.37,-0.01043,-0.02204,-0.00913,0.06498,1337.0,1322.0,1255.0,1659.0,1585.0,1463.0,395.0,394.0,385.0,0.54671,-0.83732,-0.91555,0.40221,28,2019-07-08,40,829.0,0.08296,test
2019-05-30,bsi_value,756.0,6.62804,763.0,771.0,778.0,778.0,778.0,784.0,776.0,777.0,711.0,759.0,771.71,8.31,776.5,7.73,765.6,19.52,773.9,29.29,706.69,118.49,-0.00922,-0.02869,-0.02611,0.06137,1340.0,1337.0,1256.0,1623.0,1659.0,1470.0,397.0,395.0,386.0,0.53223,-0.8466,-0.90117,0.43347,28,2019-07-09,40,835.0,0.09939,test
2019-05-31,bsi_value,752.0,6.62274,756.0,763.0,771.0,779.0,777.0,783.0,779.0,768.0,714.0,767.0,768.14,10.38,774.57,9.92,766.87,17.22,773.65,29.42,707.49,118.55,-0.00531,-0.0327,-0.03527,0.05185,1335.0,1340.0,1258.0,1620.0,1623.0,1501.0,398.0,397.0,388.0,0.51759,-0.85563,-0.88572,0.46421,28,2019-07-10,40,845.0,0.1166,test
2019-06-03,bsi_value,748.0,6.6174,752.0,756.0,763.0,778.0,778.0,780.0,782.0,763.0,718.0,776.0,763.86,11.56,772.14,11.79,767.87,15.1,773.18,29.6,708.47,118.51,-0.00533,-0.03932,-0.04445,0.04093,1325.0,1335.0,1268.0,1650.0,1620.0,1537.0,401.0,398.0,389.0,0.47276,-0.88119,-0.83318,0.553,28,2019-07-11,38,860.0,0.13953,test
2019-06-04,bsi_value,739.0,6.6053,748.0,752.0,756.0,771.0,779.0,778.0,783.0,755.0,726.0,783.0,758.14,12.51,769.0,14.11,768.3,14.04,772.45,29.89,709.59,118.32,-0.01211,-0.05271,-0.05783,0.01775,1304.0,1325.0,1287.0,1739.0,1650.0,1558.0,403.0,401.0,391.0,0.45753,-0.88919,-0.81367,0.58133,28,2019-07-12,38,879.0,0.17349,test
2019-06-05,bsi_value,731.0,6.59441,739.0,748.0,752.0,763.0,778.0,777.0,784.0,752.0,732.0,790.0,751.43,12.66,765.21,16.49,768.27,14.13,771.47,30.26,710.97,117.84,-0.01088,-0.06231,-0.07,-0.00137,1285.0,1304.0,1304.0,1806.0,1739.0,1545.0,405.0,403.0,393.0,0.44217,-0.89693,-0.79319,0.60897,28,2019-07-15,40,888.0,0.19456,test
2019-06-06,bsi_value,726.0,6.58755,731.0,739.0,748.0,756.0,771.0,778.0,783.0,761.0,751.0,790.0,745.0,12.51,761.14,18.51,767.43,15.76,770.4,30.71,712.63,116.97,-0.00686,-0.06014,-0.07558,-0.03386,1246.0,1285.0,1322.0,1826.0,1806.0,1585.0,408.0,405.0,394.0,0.42667,-0.90441,-0.77177,0.6359,28,2019-07-16,40,905.0,0.22038,test
2019-06-07,bsi_value,719.0,6.57786,726.0,731.0,739.0,752.0,763.0,779.0,780.0,770.0,773.0,790.0,738.71,12.94,756.79,20.62,765.63,17.95,769.22,31.3,714.49,115.73,-0.00969,-0.0594,-0.08143,-0.07242,1213.0,1246.0,1337.0,1862.0,1826.0,1659.0,412.0,408.0,395.0,0.41105,-0.91161,-0.74944,0.66207,28,2019-07-17,40,928.0,0.25517,test
2019-06-10,bsi_value,717.0,6.57508,719.0,726.0,731.0,748.0,756.0,778.0,778.0,776.0,781.0,789.0,733.14,12.69,752.43,22.07,763.5,19.72,768.02,31.89,716.61,113.99,-0.00279,-0.05297,-0.08165,-0.0855,1187.0,1213.0,1340.0,1848.0,1862.0,1623.0,411.0,412.0,397.0,0.36348,-0.9316,-0.67724,0.73576,28,2019-07-18,38,953.0,0.28454,test
2019-06-11,bsi_value,714.0,6.57088,717.0,719.0,726.0,739.0,752.0,771.0,777.0,779.0,780.0,789.0,727.71,11.54,747.93,23.0,761.3,21.37,766.77,32.51,719.01,111.61,-0.00419,-0.05185,-0.08456,-0.08841,1166.0,1187.0,1335.0,1798.0,1848.0,1620.0,414.0,411.0,398.0,0.3474,-0.93772,-0.65153,0.75862,28,2019-07-19,38,982.0,0.31871,test
2019-06-12,bsi_value,712.0,6.56808,714.0,717.0,719.0,731.0,748.0,763.0,778.0,782.0,777.0,786.0,722.57,9.12,743.21,23.12,759.13,22.91,765.53,33.15,721.68,108.5,-0.00281,-0.04933,-0.08865,-0.08736,1149.0,1166.0,1325.0,1746.0,1798.0,1650.0,416.0,414.0,401.0,0.33122,-0.94355,-0.62505,0.78058,28,2019-07-22,40,1002.0,0.34168,test
2019-06-13,bsi_value,710.0,6.56526,712.0,714.0,717.0,726.0,739.0,756.0,779.0,783.0,768.0,786.0,718.43,7.07,738.29,22.3,757.2,24.47,764.27,33.79,724.57,104.62,-0.00281,-0.04003,-0.09275,-0.07852,1137.0,1149.0,1304.0,1718.0,1746.0,1739.0,419.0,416.0,403.0,0.31494,-0.94911,-0.59783,0.80162,28,2019-07-23,40,1017.0,0.35935,test
2019-06-14,bsi_value,716.0,6.57368,710.0,712.0,714.0,719.0,731.0,752.0,778.0,784.0,763.0,787.0,716.29,4.86,733.86,20.02,755.63,25.53,763.08,34.22,727.66,100.12,0.00842,-0.02073,-0.08305,-0.06358,1131.0,1137.0,1285.0,1800.0,1718.0,1806.0,420.0,419.0,405.0,0.29857,-0.95439,-0.5699,0.82171,28,2019-07-24,40,1019.0,0.3529,test
2019-06-17,bsi_value,720.0,6.57925,716.0,710.0,712.0,717.0,726.0,748.0,771.0,783.0,755.0,789.0,715.43,3.37,730.21,17.4,754.47,26.32,761.93,34.48,730.96,94.78,0.00557,-0.0083,-0.06844,-0.04747,1125.0,1131.0,1246.0,1826.0,1800.0,1826.0,422.0,420.0,408.0,0.24894,-0.96852,-0.48221,0.87606,28,2019-07-25,38,1012.0,0.34043,test
2019-06-18,bsi_value,728.0,6.5903,720.0,716.0,710.0,714.0,719.0,739.0,763.0,780.0,752.0,796.0,716.71,5.52,727.71,14.83,753.67,26.74,760.8,34.46,734.43,88.67,0.01105,0.01244,-0.04696,-0.03244,1117.0,1125.0,1213.0,1956.0,1826.0,1862.0,428.0,422.0,412.0,0.23224,-0.97266,-0.45179,0.89213,28,2019-07-26,38,1005.0,0.32244,test
2019-06-19,bsi_value,736.0,6.60123,728.0,720.0,716.0,712.0,717.0,731.0,756.0,778.0,761.0,813.0,719.43,8.73,726.29,12.87,752.83,26.89,759.52,33.93,738.01,81.91,0.01093,0.02615,-0.02681,-0.0334,1110.0,1117.0,1187.0,2051.0,1956.0,1848.0,432.0,428.0,411.0,0.21548,-0.97651,-0.42083,0.90714,28,2019-07-29,40,996.0,0.30252,test
2019-06-20,bsi_value,743.0,6.6107,736.0,728.0,720.0,710.0,714.0,726.0,752.0,777.0,770.0,826.0,723.57,11.59,725.64,11.74,751.93,26.75,758.13,32.86,741.66,74.41,0.00947,0.03981,-0.01204,-0.03569,1101.0,1110.0,1166.0,2080.0,2051.0,1798.0,437.0,432.0,414.0,0.19865,-0.98007,-0.38938,0.92108,28,2019-07-30,40,988.0,0.28499,test
2019-06-21,bsi_value,751.0,6.62141,743.0,736.0,728.0,716.0,712.0,719.0,748.0,778.0,776.0,830.0,729.14,13.84,725.86,12.17,751.1,26.38,756.82,31.51,745.23,66.62,0.01071,0.05333,0.004,-0.03275,1096.0,1101.0,1149.0,2278.0,2080.0,1746.0,440.0,437.0,416.0,0.18176,-0.98334,-0.35746,0.93393,28,2019-07-31,40,982.0,0.26819,test
